city_folder,source_pdf,source_page,raw_text_line,procedure_name,nabh_rate,non_nabh_rate,cghs_rate,rate_type,remarks,extraction_confidence,needs_manual_review
Chennai,17062025144439_CGHS Rates 2024 Chennai_.pdf,1,|| CGHS CHENNAI RATE LIST 2014 - updated on 5th February2024 | sd,CGHS CHENNAI RATE LIST 2014 - updated on 5th February2024 | sd,,,,,,0.35,True
Chennai,17062025144439_CGHS Rates 2024 Chennai_.pdf,1,"Consultation OPD 350, 1350 [Rate revised w.e.f. 12.04.2023","Consultation OPD 350, 1350 [Rate revised w.e.f. 12.04.2023",,,,,,0.35,True
Chennai,17062025144439_CGHS Rates 2024 Chennai_.pdf,1,|Consultation- for Inpatients 350 1350 [Rate revised w.e.f. 12.04.2023,Consultation- for Inpatients 350 1350 [Rate revised w.e.f. 12.04.2023,,,,,,0.35,True
Chennai,17062025144439_CGHS Rates 2024 Chennai_.pdf,1,13 |Dressings of wounds 255 1300 |Rate revisedw.e.f. 01.02.2024 | & lapplicableinall CGHS cities [x [Satori of wounds wt Tocal anasheia fos,Dressings of wounds 255 1300 |Rate revisedw.e.f. 01.02.2024 | & lapplicableinall CGHS cities [x [Satori of wounds wt Tocal anasheia fos,,,,,,0.35,True
Chennai,17062025144439_CGHS Rates 2024 Chennai_.pdf,1,5 |Aspiration Plural Effusion - Diagnostic 595 700 [Rate revised w.e-f. 01.02.2024 \& lapplicable in all CGHS cities,Aspiration Plural Effusion - Diagnostic 595 700 [Rate revised w.e-f. 01.02.2024 \& lapplicable in all CGHS cities,,,,,,0.35,True
Chennai,17062025144439_CGHS Rates 2024 Chennai_.pdf,1,[Aspiration Plural Effusion - Therapeutic 595 700 [Rate revised w.e.f. 01.02.2024 |S lapplicable in all CGHS cities,Aspiration Plural Effusion - Therapeutic 595 700 [Rate revised w.e.f. 01.02.2024 |S lapplicable in all CGHS cities,,,,,,0.35,True
Chennai,17062025144439_CGHS Rates 2024 Chennai_.pdf,1,"7 595, 700 [Rate revised w.e.f. 01.02.2024 |S lapplicable in all CGHS cities","7 595, 700 [Rate revised w.e.f. 01.02.2024 |S lapplicable in all CGHS cities",,,,,,0.35,True
Chennai,17062025144439_CGHS Rates 2024 Chennai_.pdf,1,1750 [Rate revised wef. 01.02.2024 |S lapplicable in all CGHS cities [> [Pericardial Aspiration a fo fonts Aspiration a A [ii [Biopsy skin a a,1750 [Rate revised wef. 01.02.2024 |S lapplicable in all CGHS cities [> [Pericardial Aspiration a fo fonts Aspiration a A [ii [Biopsy skin a a,,,,,,0.35,True
Chennai,17062025144439_CGHS Rates 2024 Chennai_.pdf,1,12 170 1200 [Rate revised w.e.f. 01.02.2024 |S applicable in all CGHS cities,12 170 1200 [Rate revised w.e.f. 01.02.2024 |S applicable in all CGHS cities,,,,,,0.35,True
Chennai,17062025144439_CGHS Rates 2024 Chennai_.pdf,1,13 | Venesection 595 700 [Rate revised w.e-f. 01.02.2024 \& lapplicable in all CGHS cities,Venesection 595 700 [Rate revised w.e-f. 01.02.2024 \& lapplicable in all CGHS cities,,,,,,0.35,True
Chennai,17062025144439_CGHS Rates 2024 Chennai_.pdf,1,15100 16000 [Rate revised w.e.f. 01.02.2024 |S lapplicable in all CGHS cities [Fz |stemal puncture a a,15100 16000 [Rate revised w.e.f. 01.02.2024 |S lapplicable in all CGHS cities [Fz |stemal puncture a a,,,,,,0.35,True
Chennai,17062025144439_CGHS Rates 2024 Chennai_.pdf,2,S95 700 [Rate revised w.e.f. 01.02.2024,S95 700 [Rate revised w.e.f. 01.02.2024,,,,,,0.35,True
Chennai,17062025144439_CGHS Rates 2024 Chennai_.pdf,2,"17 [Injection for Varicose Veins 595, 700 [Rate revised w.e.f. 01.02.2024","17 [Injection for Varicose Veins 595, 700 [Rate revised w.e.f. 01.02.2024",,,,,,0.35,True
Chennai,17062025144439_CGHS Rates 2024 Chennai_.pdf,2,595 700 [Rate revised w.e-f. 01.02.2024,595 700 [Rate revised w.e-f. 01.02.2024,,,,,,0.35,True
Chennai,17062025144439_CGHS Rates 2024 Chennai_.pdf,2,1955 12300 [Rate revised w.e.f. 01.02.2024,1955 12300 [Rate revised w.e.f. 01.02.2024,,,,,,0.35,True
Chennai,17062025144439_CGHS Rates 2024 Chennai_.pdf,2,120 1955 12300 [Rate revised w.e.f. 01.02.2024,120 1955 12300 [Rate revised w.e.f. 01.02.2024,,,,,,0.35,True
Chennai,17062025144439_CGHS Rates 2024 Chennai_.pdf,2,[a2 —[Petoneal Days iis is,a2 —[Petoneal Days iis is,,,,,,0.35,True
Chennai,17062025144439_CGHS Rates 2024 Chennai_.pdf,2,[25 [Excision oF Motiscum contagiaum 30s,25 [Excision oF Motiscum contagiaum 30s,,,,,,0.35,True
Chennai,17062025144439_CGHS Rates 2024 Chennai_.pdf,2,[2s [Excision of VeneealWats ig ipe,2s [Excision of VeneealWats ig ipe,,,,,,0.35,True
Chennai,17062025144439_CGHS Rates 2024 Chennai_.pdf,2,[28 [DD ijeoton KeoniGataresona njeaion) i? iP,28 [DD ijeoton KeoniGataresona njeaion) i? iP,,,,,,0.35,True
Chennai,17062025144439_CGHS Rates 2024 Chennai_.pdf,2,> [chemical Cute) fr00 Jug,> [chemical Cute) fr00 Jug,,,,,,0.35,True
Chennai,17062025144439_CGHS Rates 2024 Chennai_.pdf,2,[50 —[Subconjunctivalsubtenon'simjectons mone yes (6) SDP,50 —[Subconjunctivalsubtenon'simjectons mone yes (6) SDP,,,,,,0.35,True
Chennai,17062025144439_CGHS Rates 2024 Chennai_.pdf,2,[s1_[Subconjunctvalaubtenon's injectons moth eyes SEs,s1_[Subconjunctvalaubtenon's injectons moth eyes SEs,,,,,,0.35,True
Chennai,17062025144439_CGHS Rates 2024 Chennai_.pdf,2,[52 [Pengiom Surgery SSO ose,52 [Pengiom Surgery SSO ose,,,,,,0.35,True
Chennai,17062025144439_CGHS Rates 2024 Chennai_.pdf,2,53 — [conjunctival Petomy—————z?3_ Jo?,53 — [conjunctival Petomy—————z?3_ Jo?,,,,,,0.35,True
Chennai,17062025144439_CGHS Rates 2024 Chennai_.pdf,2,[55 [Removal ofcomealorignbody romps,55 [Removal ofcomealorignbody romps,,,,,,0.35,True
Chennai,17062025144439_CGHS Rates 2024 Chennai_.pdf,2,[sé [Cauterzation oF ucersubconjmciaT jeaion mensaje 469),sé [Cauterzation oF ucersubconjmciaT jeaion mensaje 469),,,,,,0.35,True
Chennai,17062025144439_CGHS Rates 2024 Chennai_.pdf,2,[57 _[Caulerzation oF uceroubconjuncival injestion i botheyes 138s) P$,57 _[Caulerzation oF uceroubconjuncival injestion i botheyes 138s) P$,,,,,,0.35,True
Chennai,17062025144439_CGHS Rates 2024 Chennai_.pdf,2,[is [Comeat erating —Penetatingetoplnty [5750 oon —],is [Comeat erating —Penetatingetoplnty [5750 oon —,,,,,,0.35,True
Chennai,17062025144439_CGHS Rates 2024 Chennai_.pdf,2,[9 [Comeat grafting —Camellrkeratoplaty [5000 |s1s0___ [|,9 [Comeat grafting —Camellrkeratoplaty [5000 |s1s0___,,,,,,0.35,True
Chennai,17062025144439_CGHS Rates 2024 Chennai_.pdf,2,[so [cyanoacrylate Arn give application for creal peation [690 [9a [1],so [cyanoacrylate Arn give application for creal peation [690 [9a [1,,,,,,0.35,True
Chennai,17062025144439_CGHS Rates 2024 Chennai_.pdf,2,[st [Bandage contact ses for comeal perforation —————————~(a6_———so—— sf),st [Bandage contact ses for comeal perforation —————————~(a6_———so—— sf),,,,,,0.35,True
Chennai,17062025144439_CGHS Rates 2024 Chennai_.pdf,2,[s2_[Sclera grating or conjunctival flap for comeal perorion [2070 ase,s2_[Sclera grating or conjunctival flap for comeal perorion [2070 ase,,,,,,0.35,True
Chennai,17062025144439_CGHS Rates 2024 Chennai_.pdf,2,[63 [Rertoconus conection with therapete contact eses_— 1200 iss [|,63 [Rertoconus conection with therapete contact eses_— 1200 iss,,,,,,0.35,True
Chennai,17062025144439_CGHS Rates 2024 Chennai_.pdf,2,[s5 [EDTA forbandshapedertopathy «(86S iPS,s5 [EDTA forbandshapedertopathy «(86S iPS,,,,,,0.35,True
Chennai,17062025144439_CGHS Rates 2024 Chennai_.pdf,2,[s7_—_[Re-suturing Primary suturing) of coreat wound futs0_is23_—P@,s7_—_[Re-suturing Primary suturing) of coreat wound futs0_is23_—P@,,,,,,0.35,True
Chennai,17062025144439_CGHS Rates 2024 Chennai_.pdf,2,ls] [ais ]ss66__ [J,ls] [ais ]ss66__ [J,,,,,,0.35,True
Chennai,17062025144439_CGHS Rates 2024 Chennai_.pdf,2,| fais 3866,fais,,,3866,,,0.5,True
Chennai,17062025144439_CGHS Rates 2024 Chennai_.pdf,3,[st [DALK- Deep anterior lametlarkeraoplsty ——————————=(17250 sas,st [DALK- Deep anterior lametlarkeraoplsty ——————————=(17250 sas,,,,,,0.35,True
Chennai,17062025144439_CGHS Rates 2024 Chennai_.pdf,3,[52 [RertoprosthesisstageTandT—_____ussto_is205__fP$,52 [RertoprosthesisstageTandT—_____ussto_is205__fP$,,,,,,0.35,True
Chennai,17062025144439_CGHS Rates 2024 Chennai_.pdf,3,[Ef _[ALTR- Avomated Tamer ierapeutickemtoplaty ———————(N6500____‘[rooTS__—P,Ef _[ALTR- Avomated Tamer ierapeutickemtoplaty ———————(N6500____‘[rooTS__—P,,,,,,0.35,True
Chennai,17062025144439_CGHS Rates 2024 Chennai_.pdf,3,[5s —[rabing and Syringing of lacrimal ss- inane eye Jor» ],5s —[rabing and Syringing of lacrimal ss- inane eye Jor»,,,,,,0.35,True
Chennai,17062025144439_CGHS Rates 2024 Chennai_.pdf,3,[56 [Probing and Syringing of lacrimal ss-inbotheye 38s),56 [Probing and Syringing of lacrimal ss-inbotheye 38s),,,,,,0.35,True
Chennai,17062025144439_CGHS Rates 2024 Chennai_.pdf,3,[5 _[Decryoeystorhnoxtomy—conunstval withimplant ———————=(SD00_———*osep Pi,5 _[Decryoeystorhnoxtomy—conunstval withimplant ———————=(SD00_———*osep Pi,,,,,,0.35,True
Chennai,17062025144439_CGHS Rates 2024 Chennai_.pdf,3,[oz —[Puncta plugs fordeyes 30 iso,oz —[Puncta plugs fordeyes 30 iso,,,,,,0.35,True
Chennai,17062025144439_CGHS Rates 2024 Chennai_.pdf,3,[6s [Ontopiecheskeup- with mappa’ st,6s [Ontopiecheskeup- with mappa’ st,,,,,,0.35,True
Chennai,17062025144439_CGHS Rates 2024 Chennai_.pdf,3,[66_[cees caring orHieee charming 0s),66_[cees caring orHieee charming 0s),,,,,,0.35,True
Chennai,17062025144439_CGHS Rates 2024 Chennai_.pdf,3,[ar —[onhoptic exersines 50. Jo,ar —[onhoptic exersines 50. Jo,,,,,,0.35,True
Chennai,17062025144439_CGHS Rates 2024 Chennai_.pdf,3,[os [Peopicexersies 50s,os [Peopicexersies 50s,,,,,,0.35,True
Chennai,17062025144439_CGHS Rates 2024 Chennai_.pdf,3,[2 [Utwesound Asean i,2 [Utwesound Asean i,,,,,,0.35,True
Chennai,17062025144439_CGHS Rates 2024 Chennai_.pdf,3,[is —[Uivasound B-Sean ps0 aos,is —[Uivasound B-Sean ps0 aos,,,,,,0.35,True
Chennai,17062025144439_CGHS Rates 2024 Chennai_.pdf,3,[r4_[Fundun Photo Test i200 esos,r4_[Fundun Photo Test i200 esos,,,,,,0.35,True
Chennai,17062025144439_CGHS Rates 2024 Chennai_.pdf,3,"[rs ndocyanin green angiography |ya0—ose___[-""-__--","rs ndocyanin green angiography |ya0—ose___[-""-__--",,,,,,0.35,True
Chennai,17062025144439_CGHS Rates 2024 Chennai_.pdf,3,[76 [comest endothe el count withapesularmicrocapy [ates [|,76 [comest endothe el count withapesularmicrocapy [ates,,,,,,0.35,True
Chennai,17062025144439_CGHS Rates 2024 Chennai_.pdf,3,[77 _[Comesltoposrephy Sidi |,77 _[Comesltoposrephy Sidi,,,,,,0.35,True
Chennai,17062025144439_CGHS Rates 2024 Chennai_.pdf,3,[rs [comeat pachymetry 80 pe,rs [comeat pachymetry 80 pe,,,,,,0.35,True
Chennai,17062025144439_CGHS Rates 2024 Chennai_.pdf,3,[st [Potential cuitymety 0s,st [Potential cuitymety 0s,,,,,,0.35,True
Chennai,17062025144439_CGHS Rates 2024 Chennai_.pdf,3,[s2_—[tasermtertromeny ip,s2_—[tasermtertromeny ip,,,,,,0.35,True
Chennai,17062025144439_CGHS Rates 2024 Chennai_.pdf,3,[ss [OcT-Optal coherence tomogapiy 193 ero. [J,ss [OcT-Optal coherence tomogapiy 193 ero. [J,,,,,,0.35,True
Chennai,17062025144439_CGHS Rates 2024 Chennai_.pdf,3,[s4__[HRT- eidetbergs retinal tomogram itso firs fp),s4__[HRT- eidetbergs retinal tomogram itso firs fp),,,,,,0.35,True
Chennai,17062025144439_CGHS Rates 2024 Chennai_.pdf,3,[s5__|GDeNere Site ayeranalyeer io |,s5__|GDeNere Site ayeranalyeer io,,,,,,0.35,True
Chennai,17062025144439_CGHS Rates 2024 Chennai_.pdf,3,[s7__[Non Contactonometny (NOT) S08,s7__[Non Contactonometny (NOT) S08,,,,,,0.35,True
Chennai,17062025144439_CGHS Rates 2024 Chennai_.pdf,3,[a8 [TOP measurement with schite 0 ps,a8 [TOP measurement with schite 0 ps,,,,,,0.35,True
Chennai,17062025144439_CGHS Rates 2024 Chennai_.pdf,3,[59 [IOP measurement with applaton tnometyp (50s iP,59 [IOP measurement with applaton tnometyp (50s iP,,,,,,0.35,True
Chennai,17062025144439_CGHS Rates 2024 Chennai_.pdf,3,[50 [Te mior examination forreina sor],50 [Te mior examination forreina sor,,,,,,0.35,True
Chennai,17062025144439_CGHS Rates 2024 Chennai_.pdf,3,[51 0D ke examinaion iS,51 0D ke examinaion iS,,,,,,0.35,True
Chennai,17062025144439_CGHS Rates 2024 Chennai_.pdf,3,[52 [Gomoscopy 58,52 [Gomoscopy,,,58,,,0.5,True
Chennai,17062025144439_CGHS Rates 2024 Chennai_.pdf,3,[53 —[Chalazion incision and curate a one ye x00 Jao,53 —[Chalazion incision and curate a one ye x00 Jao,,,,,,0.35,True
Chennai,17062025144439_CGHS Rates 2024 Chennai_.pdf,3,[54__[Chalezion incision and curetegein ath ees iT,54__[Chalezion incision and curetegein ath ees iT,,,,,,0.35,True
Chennai,17062025144439_CGHS Rates 2024 Chennai_.pdf,3,[55 [tosis surgery with fisaneiaservatprosadure—————————(as00 peas,55 [tosis surgery with fisaneiaservatprosadure—————————(as00 peas,,,,,,0.35,True
Chennai,17062025144439_CGHS Rates 2024 Chennai_.pdf,3,[56 tosis sree witb LPS resection one id [5500 Josa5_[,56 tosis sree witb LPS resection one id [5500 Josa5_,,,,,,0.35,True
Chennai,17062025144439_CGHS Rates 2024 Chennai_.pdf,3,[57 [tons sree with Sing surgery ened sonore [$ |,57 [tons sree with Sing surgery ened sonore [$,,,,,,0.35,True
Chennai,17062025144439_CGHS Rates 2024 Chennai_.pdf,3,[59 [Betropionsurgery-both gsi srs,59 [Betropionsurgery-both gsi srs,,,,,,0.35,True
Chennai,17062025144439_CGHS Rates 2024 Chennai_.pdf,3,[100__[Epicenus conection ives |,100__[Epicenus conection ives,,,,,,0.35,True
Chennai,17062025144439_CGHS Rates 2024 Chennai_.pdf,3,[io2[Enropion surgery-one id isis Pi,io2[Enropion surgery-one id isis Pi,,,,,,0.35,True
Chennai,17062025144439_CGHS Rates 2024 Chennai_.pdf,3,[03 —Enropion surgery both ide ]2000 300 [-__,03 —Enropion surgery both ide ]2000 300 [-__,,,,,,0.35,True
Chennai,17062025144439_CGHS Rates 2024 Chennai_.pdf,4,[209 [cheek rotation fap fri unors Jean [ra [,209 [cheek rotation fap fri unors Jean [ra,,,,,,0.35,True
Chennai,17062025144439_CGHS Rates 2024 Chennai_.pdf,4,[ri2—[Enuclestin wih oral implants and ariel ponies [3000 aso [|,ri2—[Enuclestin wih oral implants and ariel ponies [3000 aso,,,,,,0.35,True
Chennai,17062025144439_CGHS Rates 2024 Chennai_.pdf,4,[ni [Evsceration wih oral implants and acl prowieas [5695 osa [SY,ni [Evsceration wih oral implants and acl prowieas [5695 osa [SY,,,,,,0.35,True
Chennai,17062025144439_CGHS Rates 2024 Chennai_.pdf,4,[rt6 [owl decompression 150d,rt6 [owl decompression 150d,,,,,,0.35,True
Chennai,17062025144439_CGHS Rates 2024 Chennai_.pdf,4,fin? [exenteration —— 5050 Jon,fin? [exenteration —— 5050 Jon,,,,,,0.35,True
Chennai,17062025144439_CGHS Rates 2024 Chennai_.pdf,4,[20 [Retial ser procedures 800 ives,20 [Retial ser procedures 800 ives,,,,,,0.35,True
Chennai,17062025144439_CGHS Rates 2024 Chennai_.pdf,4,[22 [Retinal detachment surgery (RDS) wih ste backing 19800 sev [],22 [Retinal detachment surgery (RDS) wih ste backing 19800 sev,,,,,,0.35,True
Chennai,17062025144439_CGHS Rates 2024 Chennai_.pdf,4,[is |Siisone oi removal aso r220 [J,is |Siisone oi removal aso r220 [J,,,,,,0.35,True
Chennai,17062025144439_CGHS Rates 2024 Chennai_.pdf,4,[i2s_[Antenorseinal apogee isso,i2s_[Antenorseinal apogee isso,,,,,,0.35,True
Chennai,17062025144439_CGHS Rates 2024 Chennai_.pdf,4,[i26[Squnt conection or one eye i000 —drs0 Pi,i26[Squnt conection or one eye i000 —drs0 Pi,,,,,,0.35,True
Chennai,17062025144439_CGHS Rates 2024 Chennai_.pdf,4,[227 [Squnt conection for both yes r500 as,227 [Squnt conection for both yes r500 as,,,,,,0.35,True
Chennai,17062025144439_CGHS Rates 2024 Chennai_.pdf,4,[2s [Trbeeuietomy 900s,2s [Trbeeuietomy 900s,,,,,,0.35,True
Chennai,17062025144439_CGHS Rates 2024 Chennai_.pdf,4,[30 [Tabeculctomy with Tabecuotomy Jos ron [,30 [Tabeculctomy with Tabecuotomy Jos ron,,,,,,0.35,True
Chennai,17062025144439_CGHS Rates 2024 Chennai_.pdf,4,[ist[Trephinawon i300 ts,ist[Trephinawon i300 ts,,,,,,0.35,True
Chennai,17062025144439_CGHS Rates 2024 Chennai_.pdf,4,[iss [VAG laser indoomy 5088,iss [VAG laser indoomy,,,5088,,,0.5,True
Chennai,17062025144439_CGHS Rates 2024 Chennai_.pdf,4,[ik6_ [VAG Taser capulotomy 9 is,ik6_ [VAG Taser capulotomy 9 is,,,,,,0.35,True
Chennai,17062025144439_CGHS Rates 2024 Chennai_.pdf,4,[57 [AL T-Argon inser tabeculopany 95 frig,57 [AL T-Argon inser tabeculopany 95 frig,,,,,,0.35,True
Chennai,17062025144439_CGHS Rates 2024 Chennai_.pdf,4,[13s_[PDT-Photodymie therapy iS ie,13s_[PDT-Photodymie therapy iS ie,,,,,,0.35,True
Chennai,17062025144439_CGHS Rates 2024 Chennai_.pdf,4,[i [ rT Transpl thermal Werpy 5000 sas [-—_,i [ rT Transpl thermal Werpy 5000 sas [-—_,,,,,,0.35,True
Chennai,17062025144439_CGHS Rates 2024 Chennai_.pdf,4,[rsi_[areon ioe laser for etna detatchment +035 ————riso—— | i,rsi_[areon ioe laser for etna detatchment +035 ————riso—— | i,,,,,,0.35,True
Chennai,17062025144439_CGHS Rates 2024 Chennai_.pdf,4,[2 nals application for Kersocoms 5750s [J,2 nals application for Kersocoms 5750s [J,,,,,,0.35,True
Chennai,17062025144439_CGHS Rates 2024 Chennai_.pdf,4,[183 [BOG elestooeulogam 900 iss,183 [BOG elestooeulogam 900 iss,,,,,,0.35,True
Chennai,17062025144439_CGHS Rates 2024 Chennai_.pdf,4,[r#4[ERO-Erecwo-reinogram oe ois,r#4[ERO-Erecwo-reinogram oe ois,,,,,,0.35,True
Chennai,17062025144439_CGHS Rates 2024 Chennai_.pdf,4,[iss [WEP viswally evoked potential ———]ra0 ne [J,iss [WEP viswally evoked potential ———]ra0 ne [J,,,,,,0.35,True
Chennai,17062025144439_CGHS Rates 2024 Chennai_.pdf,4,fis6[vivectomy-parsplnng “sso,fis6[vivectomy-parsplnng “sso,,,,,,0.35,True
Chennai,17062025144439_CGHS Rates 2024 Chennai_.pdf,4,fis2[Dacryoeystogapiy a0 ai,fis2[Dacryoeystogapiy a0 ai,,,,,,0.35,True
Chennai,17062025144439_CGHS Rates 2024 Chennai_.pdf,4,[3 [owl angiographical adie; iso fires,3 [owl angiographical adie; iso fires,,,,,,0.35,True
Chennai,17062025144439_CGHS Rates 2024 Chennai_.pdf,4,[i [Bxracepsular cataract exastion (GOCE) wihTOE [3450966 |,i [Bxracepsular cataract exastion (GOCE) wihTOE [3450966,,,,,,0.35,True
Chennai,17062025144439_CGHS Rates 2024 Chennai_.pdf,4,"[i5-—|Small incision Cataract Surgery (SIGS) with OL, 5000 |7s0—___[-—___]","i5-—|Small incision Cataract Surgery (SIGS) with OL, 5000 |7s0—___[-—___",,,,,,0.35,True
Chennai,17062025144439_CGHS Rates 2024 Chennai_.pdf,4,[156 [Phaco with dab TOT. (aicone and acnicYPNIMA TOE iors ise [|,156 [Phaco with dab TOT. (aicone and acnicYPNIMA TOE iors ise,,,,,,0.35,True
Chennai,17062025144439_CGHS Rates 2024 Chennai_.pdf,4,[157 [Par planatemsectomy witvwitotTOL itor),157 [Par planatemsectomy witvwitotTOL itor),,,,,,0.35,True
Chennai,17062025144439_CGHS Rates 2024 Chennai_.pdf,5,[isi [ndodiatyis epi or paplnyeconsision —————_[s000__ [150 [$i,isi [ndodiatyis epi or paplnyeconsision —————_[s000__ [150 [$i,,,,,,0.35,True
Chennai,17062025144439_CGHS Rates 2024 Chennai_.pdf,5,[igs Abscess inion and Damage i700 iss,igs Abscess inion and Damage i700 iss,,,,,,0.35,True
Chennai,17062025144439_CGHS Rates 2024 Chennai_.pdf,5,fist —[owbtal Abscess cision and Drainage 3000 sas [-—_],fist —[owbtal Abscess cision and Drainage 3000 sas [-—_,,,,,,0.35,True
Chennai,17062025144439_CGHS Rates 2024 Chennai_.pdf,5,fies] ps0 pes,fies] ps0 pes,,,,,,0.35,True
Chennai,17062025144439_CGHS Rates 2024 Chennai_.pdf,5,[167 [Sele gra for scleral melting or perforation —————=«iaso “isa SY,167 [Sele gra for scleral melting or perforation —————=«iaso “isa SY,,,,,,0.35,True
Chennai,17062025144439_CGHS Rates 2024 Chennai_.pdf,5,[iss [Amnioticmenbrne grating ————~idt00 ines i,iss [Amnioticmenbrne grating ————~idt00 ines i,,,,,,0.35,True
Chennai,17062025144439_CGHS Rates 2024 Chennai_.pdf,5,[70 fnroculr foreign bay removal ftp is,70 fnroculr foreign bay removal ftp is,,,,,,0.35,True
Chennai,17062025144439_CGHS Rates 2024 Chennai_.pdf,5,[173[Botwlinum injection for blepharospasm orsquet_—————=«2500_———isrs— PS,173[Botwlinum injection for blepharospasm orsquet_—————=«2500_———isrs— PS,,,,,,0.35,True
Chennai,17062025144439_CGHS Rates 2024 Chennai_.pdf,5,[ira tap Operation per quadrant iS00 sia,ira tap Operation per quadrant iS00 sia,,,,,,0.35,True
Chennai,17062025144439_CGHS Rates 2024 Chennai_.pdf,5,[175 [Gingvectomy per quadrant pa pes,175 [Gingvectomy per quadrant pa pes,,,,,,0.35,True
Chennai,17062025144439_CGHS Rates 2024 Chennai_.pdf,5,lr76 [Reduction & immobilization of facture Manila Under CA [p00 oss],lr76 [Reduction & immobilization of facture Manila Under CA [p00 oss,,,,,,0.35,True
Chennai,17062025144439_CGHS Rates 2024 Chennai_.pdf,5,[i77 [Reduction & immobilization of facture Mandible UnderLA [3500025 [|,i77 [Reduction & immobilization of facture Mandible UnderLA [3500025,,,,,,0.35,True
Chennai,17062025144439_CGHS Rates 2024 Chennai_.pdf,5,[78 [Splints CicommandibtarwinegundeeLA (sts? |,78 [Splints CicommandibtarwinegundeeLA (sts?,,,,,,0.35,True
Chennai,17062025144439_CGHS Rates 2024 Chennai_.pdf,5,[17> [spits Creummandibular wiring vader GA p90 Juss |,17> [spits Creummandibular wiring vader GA p90 Juss,,,,,,0.35,True
Chennai,17062025144439_CGHS Rates 2024 Chennai_.pdf,5,[10 [Internal wie Fxation plate ation of Mala wnderLa [5000 [aso [| +,10 [Internal wie Fxation plate ation of Mala wnderLa [5000 [aso [| +,,,,,,0.35,True
Chennai,17062025144439_CGHS Rates 2024 Chennai_.pdf,5,[ii [intemal wie fation plate ation of Maxilla under GA [4000 Ja600—[,ii [intemal wie fation plate ation of Maxilla under GA [4000 Ja600—,,,,,,0.35,True
Chennai,17062025144439_CGHS Rates 2024 Chennai_.pdf,5,[82 Internal wie fation plate ation of Mandible der LA [3500_ aoa [|],82 Internal wie fation plate ation of Mandible der LA [3500_ aoa,,,,,,0.35,True
Chennai,17062025144439_CGHS Rates 2024 Chennai_.pdf,5,[85 [Internal wie fixation plate nation of Mandible under GA [3625 __fas99—— P|,85 [Internal wie fixation plate nation of Mandible under GA [3625 __fas99—— P,,,,,,0.35,True
Chennai,17062025144439_CGHS Rates 2024 Chennai_.pdf,5,iss —[esacton pertoothunder LA 0p,iss —[esacton pertoothunder LA 0p,,,,,,0.35,True
Chennai,17062025144439_CGHS Rates 2024 Chennai_.pdf,5,[iss [Complicated Exracton per ToothundaEA 10g Js |$,iss [Complicated Exracton per ToothundaEA 10g Js |$,,,,,,0.35,True
Chennai,17062025144439_CGHS Rates 2024 Chennai_.pdf,5,[is6[Bwrction of impacted woth under ‘iis ip,is6[Bwrction of impacted woth under ‘iis ip,,,,,,0.35,True
Chennai,17062025144439_CGHS Rates 2024 Chennai_.pdf,5,lexcision/ marsupialisation upto 4 cms under LA,lexcision/ marsupialisation upto 4 cms under LA,,,,,,0.35,True
Chennai,17062025144439_CGHS Rates 2024 Chennai_.pdf,5,(Cyst & tumour of Maxilla / mandible by enucleation / excision / 467,(Cyst & tumour of Maxilla / mandible by enucleation / excision /,,,467,,,0.5,True
Chennai,17062025144439_CGHS Rates 2024 Chennai_.pdf,5,|Cyst & tumour of Maxilla/mandible by 1000 1150,Cyst & tumour of Maxilla/mandible by,1150,1000,,,,0.72,False
Chennai,17062025144439_CGHS Rates 2024 Chennai_.pdf,5,than 4 cms,than 4 cms,,,,,,0.35,True
Chennai,17062025144439_CGHS Rates 2024 Chennai_.pdf,5,[92 [Biopsy faraoraSoR sue ia 0,92 [Biopsy faraoraSoR sue ia,,,0,,,0.5,True
Chennai,17062025144439_CGHS Rates 2024 Chennai_.pdf,5,[193 _[Biopsyfaaora-Bone iii,193 _[Biopsyfaaora-Bone iii,,,,,,0.35,True
Chennai,17062025144439_CGHS Rates 2024 Chennai_.pdf,5,"fi94—[rem-mandibulecomy wi gral auo0 asso [-""__","fi94—[rem-mandibulecomy wi gral auo0 asso [-""__",,,,,,0.35,True
Chennai,17062025144439_CGHS Rates 2024 Chennai_.pdf,5,[95 [Hemi:mandibulestomy without gal! Jpn000_iso [|_|,95 [Hemi:mandibulestomy without gal! Jpn000_iso [|_,,,,,,0.35,True
Chennai,17062025144439_CGHS Rates 2024 Chennai_.pdf,5,196 [segmental -mandibulctomy wit ral ]»400. p10. —[/-,196 [segmental -mandibulctomy wit ral ]»400. p10. —[/-,,,,,,0.35,True
Chennai,17062025144439_CGHS Rates 2024 Chennai_.pdf,5,[97 [Seementalmandibulestomy witout ga 990 Jus |$,97 [Seementalmandibulestomy witout ga 990 Jus |$,,,,,,0.35,True
Chennai,17062025144439_CGHS Rates 2024 Chennai_.pdf,5,[9s [Maxetomy. Tot with prs i500 srs,9s [Maxetomy. Tot with prs i500 srs,,,,,,0.35,True
Chennai,17062025144439_CGHS Rates 2024 Chennai_.pdf,5,[9 [Maxetomy- Toa without gains anes,9 [Maxetomy- Toa without gains anes,,,,,,0.35,True
Chennai,17062025144439_CGHS Rates 2024 Chennai_.pdf,5,[200 [axitetomy- para with prs 5000 |aso__ |,200 [axitetomy- para with prs 5000 |aso__,,,,,,0.35,True
Chennai,17062025144439_CGHS Rates 2024 Chennai_.pdf,5,[201 [Maxilectomy- paral witout at ps0 pss | —————*d,201 [Maxilectomy- paral witout at ps0 pss | —————*d,,,,,,0.35,True
Chennai,17062025144439_CGHS Rates 2024 Chennai_.pdf,5,[203 _[Preproniete surgery Alealopaty S00,203 _[Preproniete surgery Alealopaty S00,,,,,,0.35,True
Chennai,17062025144439_CGHS Rates 2024 Chennai_.pdf,5,[nbs —fre-pronieticsurgsry= ridge augmentation 120080 [J,nbs —fre-pronieticsurgsry= ridge augmentation 120080 [J,,,,,,0.35,True
Chennai,17062025144439_CGHS Rates 2024 Chennai_.pdf,6,[205 Root canal Treatment RCT) Anterior eipertoady (SOG id,205 Root canal Treatment RCT) Anterior eipertoady (SOG id,,,,,,0.35,True
Chennai,17062025144439_CGHS Rates 2024 Chennai_.pdf,6,206 [Root canal Treatment€RCT) Posterior teeth (per toot) [700 os__[,206 [Root canal Treatment€RCT) Posterior teeth (per toot) [700 os__,,,,,,0.35,True
Chennai,17062025144439_CGHS Rates 2024 Chennai_.pdf,6,tor [apicoesomy-Singleroot (500s,tor [apicoesomy-Singleroot (500s,,,,,,0.35,True
Chennai,17062025144439_CGHS Rates 2024 Chennai_.pdf,6,28 [apicoetomy-sfulipe ots Jose fs. J,28 [apicoetomy-sfulipe ots Jose fs. J,,,,,,0.35,True
Chennai,17062025144439_CGHS Rates 2024 Chennai_.pdf,6,F209 [Metal Crown-pernit———— i500 dts,F209 [Metal Crown-pernit———— i500 dts,,,,,,0.35,True
Chennai,17062025144439_CGHS Rates 2024 Chennai_.pdf,6,[710 [Nea Grown with Aayhe fangperunt————————T00 id,710 [Nea Grown with Aayhe fangperunt————————T00 id,,,,,,0.35,True
Chennai,17062025144439_CGHS Rates 2024 Chennai_.pdf,6,for [complete singe denuresmeal sed i350 iss [-,for [complete singe denuresmeal sed i350 iss [-,,,,,,0.35,True
Chennai,17062025144439_CGHS Rates 2024 Chennai_.pdf,6,[212 [Complete denure- ari based perarsh—___ 950 fies],212 [Complete denure- ari based perarsh—___ 950 fies,,,,,,0.35,True
Chennai,17062025144439_CGHS Rates 2024 Chennai_.pdf,6,[23 [Removable partial denture Metal basedupio teem [700 Jos),23 [Removable partial denture Metal basedupio teem [700 Jos),,,,,,0.35,True
Chennai,17062025144439_CGHS Rates 2024 Chennai_.pdf,6,fad [Removable paral denture Metal basedmore Gan 3 teh [900 ios,fad [Removable paral denture Metal basedmore Gan 3 teh [900 ios,,,,,,0.35,True
Chennai,17062025144439_CGHS Rates 2024 Chennai_.pdf,6,[215 [Removable partial denture Acrylic tased-uproSteety ———[s00_____[srs_— |,215 [Removable partial denture Acrylic tased-uproSteety ———[s00_____[srs_—,,,,,,0.35,True
Chennai,17062025144439_CGHS Rates 2024 Chennai_.pdf,6,[517 [amalgam retoraionpartoeih 0D,517 [amalgam retoraionpartoeih 0D,,,,,,0.35,True
Chennai,17062025144439_CGHS Rates 2024 Chennai_.pdf,6,[2 [Composte Restoration per ootiantenar tooth )s0 pss,2 [Composte Restoration per ootiantenar tooth )s0 pss,,,,,,0.35,True
Chennai,17062025144439_CGHS Rates 2024 Chennai_.pdf,6,[219 [Giassonomerfiling-pertoth i200 iso,219 [Giassonomerfiling-pertoth i200 iso,,,,,,0.35,True
Chennai,17062025144439_CGHS Rates 2024 Chennai_.pdf,6,[220 Scaling & polishing i300 as,220 Scaling & polishing i300 as,,,,,,0.35,True
Chennai,17062025144439_CGHS Rates 2024 Chennai_.pdf,6,[221 [Removable Onhodontcsapinnce-per Arch Jos Jias_ [|],221 [Removable Onhodontcsapinnce-per Arch Jos Jias_,,,,,,0.35,True
Chennai,17062025144439_CGHS Rates 2024 Chennai_.pdf,6,fiz2[ined Onhodonticeperarch sine,fiz2[ined Onhodonticeperarch sine,,,,,,0.35,True
Chennai,17062025144439_CGHS Rates 2024 Chennai_.pdf,6,23 [space maintainers Fed 500. rs |},23 [space maintainers Fed 500. rs |},,,,,,0.35,True
Chennai,17062025144439_CGHS Rates 2024 Chennai_.pdf,6,[2ts_[Hebit breaking apphancesemorabie——————[s00___ po.,2ts_[Hebit breaking apphancesemorabie——————[s00___ po.,,,,,,0.35,True
Chennai,17062025144439_CGHS Rates 2024 Chennai_.pdf,6,[225 [sbit breaking appliances Fixed iso ras,225 [sbit breaking appliances Fixed iso ras,,,,,,0.35,True
Chennai,17062025144439_CGHS Rates 2024 Chennai_.pdf,6,faze [Expensionpiate i000 tg,faze [Expensionpiate i000 tg,,,,,,0.35,True
Chennai,17062025144439_CGHS Rates 2024 Chennai_.pdf,6,f227_[Feeding appliance orcleRpaae ————__fisoo_ mas [>,f227_[Feeding appliance orcleRpaae ————__fisoo_ mas [>,,,,,,0.35,True
Chennai,17062025144439_CGHS Rates 2024 Chennai_.pdf,6,228 |Maxillo-facial prosthesis (sal/auricular/orbital/facial lost [3500 14025 a,Maxillo-facial prosthesis (sal/auricular/orbital/facial lost [3500 14025 a,,,,,,0.35,True
Chennai,17062025144439_CGHS Rates 2024 Chennai_.pdf,6,[235_[Fonctinalonhodonte apps ———————iS00 is,235_[Fonctinalonhodonte apps ———————iS00 is,,,,,,0.35,True
Chennai,17062025144439_CGHS Rates 2024 Chennai_.pdf,6,[230 [obturator Manica) iso ———ires [31 [occival night guaran) to. on. [/-] [_ [TREATMENT PROCEDUREENT || fas? pure Tone audiogam fur ps J],230 [obturator Manica) iso ———ires [31 [occival night guaran) to. on. [/-] [_ [TREATMENT PROCEDUREENT || fas? pure Tone audiogam fur ps J,,,,,,0.35,True
Chennai,17062025144439_CGHS Rates 2024 Chennai_.pdf,6,[233 impedence with stepedealefiee 230 pes [34 [Sort Tacrement SenitetyTndex ISD Tone Desay 5————is2 [2s [Mltpl hearing assesment testtoAdule (duns),233 impedence with stepedealefiee 230 pes [34 [Sort Tacrement SenitetyTndex ISD Tone Desay 5————is2 [2s [Mltpl hearing assesment testtoAdule (duns),,,,,,0.35,True
Chennai,17062025144439_CGHS Rates 2024 Chennai_.pdf,6,[236 [SpeechDiseriminatonSeore 90a fis? [SpecchAssesament st,236 [SpeechDiseriminatonSeore 90a fis? [SpecchAssesament st,,,,,,0.35,True
Chennai,17062025144439_CGHS Rates 2024 Chennai_.pdf,6,238 [Speech therapy per session of 30-40 minutes 340 Revised rate w.e.f. 01.05.2023 |S [55 [ Coit Caloe Teak or Wesibalarfnotow,238 [Speech therapy per session of 30-40 minutes 340 Revised rate w.e.f. 01.05.2023 |S [55 [ Coit Caloe Teak or Wesibalarfnotow,,,,,,0.35,True
Chennai,17062025144439_CGHS Rates 2024 Chennai_.pdf,6,[220_[Removal offoreign ody romNose Sip fi [Removal of foreign body From Ear ps0 pos___[-__] AS 3 [otyp removal und CAs Jor [J fast [Potyp removal under GA isos,220_[Removal offoreign ody romNose Sip fi [Removal of foreign body From Ear ps0 pos___[-__] AS 3 [otyp removal und CAs Jor [J fast [Potyp removal under GA isos,,,,,,0.35,True
Chennai,17062025144439_CGHS Rates 2024 Chennai_.pdf,6,[285_[Pentnslarataces DramapeundaEA———_isoafisop——— [> fase [oiringoplnty 00 vss,285_[Pentnslarataces DramapeundaEA———_isoafisop——— [> fase [oiringoplnty 00 vss,,,,,,0.35,True
Chennai,17062025144439_CGHS Rates 2024 Chennai_.pdf,6,fas7_|[sepedectomy 200 fits,fas7_|[sepedectomy 200 fits,,,,,,0.35,True
Chennai,17062025144439_CGHS Rates 2024 Chennai_.pdf,6,fas [siringotomy with Grommet mserion 4600290. —_[-___} feso[Tympanotomy ns ig fss0_[Tympsnopiasty is t00 fis asi [Matoiectomy———____~piass0 fries,fas [siringotomy with Grommet mserion 4600290. —_[-___} feso[Tympanotomy ns ig fss0_[Tympsnopiasty is t00 fis asi [Matoiectomy———____~piass0 fries,,,,,,0.35,True
Chennai,17062025144439_CGHS Rates 2024 Chennai_.pdf,6,fis2[Otoplasty 5000 firs,fis2[Otoplasty 5000 firs,,,,,,0.35,True
Chennai,17062025144439_CGHS Rates 2024 Chennai_.pdf,6,[253__[tabyrntesomy i800 Yast,253__[tabyrntesomy i800 Yast,,,,,,0.35,True
Chennai,17062025144439_CGHS Rates 2024 Chennai_.pdf,7,lass [racial Nerve Decompression ]r7a50 ses [J],lass [racial Nerve Decompression ]r7a50 ses [J,,,,,,0.35,True
Chennai,17062025144439_CGHS Rates 2024 Chennai_.pdf,7,fas7 [submucous Reson Joss sro [J,fas7 [submucous Reson Joss sro [J,,,,,,0.35,True
Chennai,17062025144439_CGHS Rates 2024 Chennai_.pdf,7,[259[Rhinopany-Non-cosmeie ssn,259[Rhinopany-Non-cosmeie ssn,,,,,,0.35,True
Chennai,17062025144439_CGHS Rates 2024 Chennai_.pdf,7,[aso [ractre Reduction of Nesal one i880.,aso [ractre Reduction of Nesal one i880.,,,,,,0.35,True
Chennai,17062025144439_CGHS Rates 2024 Chennai_.pdf,7,Faso [Turbinectomy 5950 Jot,Faso [Turbinectomy 5950 Jot,,,,,,0.35,True
Chennai,17062025144439_CGHS Rates 2024 Chennai_.pdf,7,[263 [Endoscopi Dacryoqworinowomy (DOR) fir7og__ sass,263 [Endoscopi Dacryoqworinowomy (DOR) fir7og__ sass,,,,,,0.35,True
Chennai,17062025144439_CGHS Rates 2024 Chennai_.pdf,7,Fass [antumPuneture 95093,Fass [antumPuneture,,,95093,,,0.5,True
Chennai,17062025144439_CGHS Rates 2024 Chennai_.pdf,7,[267 [eateat Rhinotomy———ft000 ts,267 [eateat Rhinotomy———ft000 ts,,,,,,0.35,True
Chennai,17062025144439_CGHS Rates 2024 Chennai_.pdf,7,[2 [Craniosacit resection 250005,2 [Craniosacit resection,,,250005,,,0.5,True
Chennai,17062025144439_CGHS Rates 2024 Chennai_.pdf,7,f2ri[Bndoscopi Hypophyseciomy ————————isto paras,f2ri[Bndoscopi Hypophyseciomy ————————isto paras,,,,,,0.35,True
Chennai,17062025144439_CGHS Rates 2024 Chennai_.pdf,7,F272 [Endoscopic Opis Nerve Deconpremion ios isto,F272 [Endoscopic Opis Nerve Deconpremion ios isto,,,,,,0.35,True
Chennai,17062025144439_CGHS Rates 2024 Chennai_.pdf,7,[273 [Decompresion of Ome ——ist isos,273 [Decompresion of Ome ——ist isos,,,,,,0.35,True
Chennai,17062025144439_CGHS Rates 2024 Chennai_.pdf,7,Fars [ronsiectomy 000 J o050,Fars [ronsiectomy 000 J o050,,,,,,0.35,True
Chennai,17062025144439_CGHS Rates 2024 Chennai_.pdf,7,[276 [Uvulopaltopasiy “5000 res,276 [Uvulopaltopasiy “5000 res,,,,,,0.35,True
Chennai,17062025144439_CGHS Rates 2024 Chennai_.pdf,7,[715 [Pokpremowatear 88,715 [Pokpremowatear,,,88,,,0.5,True
Chennai,17062025144439_CGHS Rates 2024 Chennai_.pdf,7,[280 [Potyp removal NosetSepi pomp) [asso iP,280 [Potyp removal NosetSepi pomp) [asso iP,,,,,,0.35,True
Chennai,17062025144439_CGHS Rates 2024 Chennai_.pdf,7,281 _|Mastoidectomy plus Ossiculoplasty including TORP (Total Ossicular [2415 2777,281 _|Mastoidectomy plus Ossiculoplasty including TORP (Total Ossicular [2415,,,2777,,,0.5,True
Chennai,17062025144439_CGHS Rates 2024 Chennai_.pdf,7,fis3 [Diagnostic endoscopy uaderGa—_poraasax_ [|,fis3 [Diagnostic endoscopy uaderGa—_poraasax_,,,,,,0.35,True
Chennai,17062025144439_CGHS Rates 2024 Chennai_.pdf,7,[2s4_[Youn’ operation for Atophie nis ——___Joso0_frass_fP@ i,2s4_[Youn’ operation for Atophie nis ——___Joso0_frass_fP@ i,,,,,,0.35,True
Chennai,17062025144439_CGHS Rates 2024 Chennai_.pdf,7,fs Vidian neurectomy for vasomotor Rhy ]10350Jusgo___,fs Vidian neurectomy for vasomotor Rhy ]10350Jusgo___,,,,,,0.35,True
Chennai,17062025144439_CGHS Rates 2024 Chennai_.pdf,7,f2s7 [Nese Packing postenor 08g,f2s7 [Nese Packing postenor 08g,,,,,,0.35,True
Chennai,17062025144439_CGHS Rates 2024 Chennai_.pdf,7,Fass [RanulaEecinon 8s,Fass [RanulaEecinon 8s,,,,,,0.35,True
Chennai,17062025144439_CGHS Rates 2024 Chennai_.pdf,7,fis9_[Tongue Tie exsison sires,fis9_[Tongue Tie exsison sires,,,,,,0.35,True
Chennai,17062025144439_CGHS Rates 2024 Chennai_.pdf,7,[50 [Sub Mandibular Duct ketomy 6 09,50 [Sub Mandibular Duct ketomy,09,6,,,,0.72,False
Chennai,17062025144439_CGHS Rates 2024 Chennai_.pdf,7,[252 [Palatopharyngopiny snes 390. [J,252 [Palatopharyngopiny snes 390. [J,,,,,,0.35,True
Chennai,17062025144439_CGHS Rates 2024 Chennai_.pdf,7,f53_[Phanngopiasty iris ir,f53_[Phanngopiasty iris ir,,,,,,0.35,True
Chennai,17062025144439_CGHS Rates 2024 Chennai_.pdf,7,f94_[syfoidestomy i200 ose,f94_[syfoidestomy i200 ose,,,,,,0.35,True
Chennai,17062025144439_CGHS Rates 2024 Chennai_.pdf,7,[295 [Direct lagmgossopy including Biopsy underGA——___|as00._|sr7s_ |_|,295 [Direct lagmgossopy including Biopsy underGA——___|as00._|sr7s_ |_,,,,,,0.35,True
Chennai,17062025144439_CGHS Rates 2024 Chennai_.pdf,7,[257 _[Bronshossopy with eign body FB)removal (asses |i,257 _[Bronshossopy with eign body FB)removal (asses |i,,,,,,0.35,True
Chennai,17062025144439_CGHS Rates 2024 Chennai_.pdf,7,f59Io : a a,f59Io : a a,,,,,,0.35,True
Chennai,17062025144439_CGHS Rates 2024 Chennai_.pdf,7,[S00 [BarEoteRepeionesnde iSO di CS,S00 [BarEoteRepeionesnde iSO di CS,,,,,,0.35,True
Chennai,17062025144439_CGHS Rates 2024 Chennai_.pdf,8,[03 arial Amputation of Pana as00 rs [J,03 arial Amputation of Pana as00 rs [J,,,,,,0.35,True
Chennai,17062025144439_CGHS Rates 2024 Chennai_.pdf,8,[ios [Total Amputation ofPinna———_____|eo00_ [so],ios [Total Amputation ofPinna———_____|eo00_ [so,,,,,,0.35,True
Chennai,17062025144439_CGHS Rates 2024 Chennai_.pdf,8,[05 [Total Amputation & Exeiion of Extemal Anitary Meat [i500 [imap,05 [Total Amputation & Exeiion of Extemal Anitary Meat [i500 [imap,,,,,,0.35,True
Chennai,17062025144439_CGHS Rates 2024 Chennai_.pdf,8,[07 [Excision of Cystic ygroma Eine ‘ovo ris iP,07 [Excision of Cystic ygroma Eine ‘ovo ris iP,,,,,,0.35,True
Chennai,17062025144439_CGHS Rates 2024 Chennai_.pdf,8,ios [Excision ofBrancial jst Ji905,ios [Excision ofBrancial jst Ji905,,,,,,0.35,True
Chennai,17062025144439_CGHS Rates 2024 Chennai_.pdf,8,[02 [Excision of rancia Sus iosso_ isos,02 [Excision of rancia Sus iosso_ isos,,,,,,0.35,True
Chennai,17062025144439_CGHS Rates 2024 Chennai_.pdf,8,[511 [Excision of Carotid Body-Tunours ———iusis sss [-,511 [Excision of Carotid Body-Tunours ———iusis sss [-,,,,,,0.35,True
Chennai,17062025144439_CGHS Rates 2024 Chennai_.pdf,8,[512 [Operation orCenead Rib —*s00 fins,512 [Operation orCenead Rib —*s00 fins,,,,,,0.35,True
Chennai,17062025144439_CGHS Rates 2024 Chennai_.pdf,8,[15 [Block Dissection of Conical ymph Nodes ——————————(as000 aso,15 [Block Dissection of Conical ymph Nodes ——————————(as000 aso,,,,,,0.35,True
Chennai,17062025144439_CGHS Rates 2024 Chennai_.pdf,8,[sid [Phanngestomy & Reconsucton —————————*#iso0o ras,sid [Phanngestomy & Reconsucton —————————*#iso0o ras,,,,,,0.35,True
Chennai,17062025144439_CGHS Rates 2024 Chennai_.pdf,8,[515_[Operation or Carcinoma Lip. WedgeExcinon [6050 pase [|@,515_[Operation or Carcinoma Lip. WedgeExcinon [6050 pase [|@,,,,,,0.35,True
Chennai,17062025144439_CGHS Rates 2024 Chennai_.pdf,8,[516 [Operation for Carcinoma Lip Vermilioestomy [5158 asa [],516 [Operation for Carcinoma Lip Vermilioestomy [5158 asa,,,,,,0.35,True
Chennai,17062025144439_CGHS Rates 2024 Chennai_.pdf,8,[57 Eniandsr Operation Extender Map ia patio wgey oFlps) [TS,57 Eniandsr Operation Extender Map ia patio wgey oFlps) [TS,,,,,,0.35,True
Chennai,17062025144439_CGHS Rates 2024 Chennai_.pdf,8,[519 [Abbe Operation (bela in plastic surgery oflips) __——_Jos00_[uavo__ [|_|,519 [Abbe Operation (bela in plastic surgery oflips) __——_Jos00_[uavo__ [|_,,,,,,0.35,True
Chennai,17062025144439_CGHS Rates 2024 Chennai_.pdf,8,fs20 [cheek Advancement TSize Pi,fs20 [cheek Advancement TSize Pi,,,,,,0.35,True
Chennai,17062025144439_CGHS Rates 2024 Chennai_.pdf,8,[321 [Excision of ie Maxila isa frzais——[,321 [Excision of ie Maxila isa frzais——,,,,,,0.35,True
Chennai,17062025144439_CGHS Rates 2024 Chennai_.pdf,8,[322_[Bxcnion ofmandible-segmenial =i ies Pi,322_[Bxcnion ofmandible-segmenial =i ies Pi,,,,,,0.35,True
Chennai,17062025144439_CGHS Rates 2024 Chennai_.pdf,8,[223 _[Manditwiesomy SS —ic00 paso | i,223 _[Manditwiesomy SS —ic00 paso | i,,,,,,0.35,True
Chennai,17062025144439_CGHS Rates 2024 Chennai_.pdf,8,[324 [Paral Giossectomy 520 ose,324 [Paral Giossectomy 520 ose,,,,,,0.35,True
Chennai,17062025144439_CGHS Rates 2024 Chennai_.pdf,8,[325__[Remiglowectomy “i700 Yos0—,325__[Remiglowectomy “i700 Yos0—,,,,,,0.35,True
Chennai,17062025144439_CGHS Rates 2024 Chennai_.pdf,8,[526 [Total Giosectomy in,526 [Total Giosectomy in,,,,,,0.35,True
Chennai,17062025144439_CGHS Rates 2024 Chennai_.pdf,8,[538 [Paroidetomy -Soperical iT 8,538 [Paroidetomy -Soperical iT,,,8,,,0.5,True
Chennai,17062025144439_CGHS Rates 2024 Chennai_.pdf,8,[529__[Paotidesomy-Towl —————————“s000 frase,529__[Paotidesomy-Towl —————————“s000 frase,,,,,,0.35,True
Chennai,17062025144439_CGHS Rates 2024 Chennai_.pdf,8,[530 [Paroidestomy “Radial sss frras_—[,530 [Paroidestomy “Radial sss frras_—,,,,,,0.35,True
Chennai,17062025144439_CGHS Rates 2024 Chennai_.pdf,8,[3s1_[Repair ofParoid Dust fuss isaas sf,3s1_[Repair ofParoid Dust fuss isaas sf,,,,,,0.35,True
Chennai,17062025144439_CGHS Rates 2024 Chennai_.pdf,8,[332_[Removal of Submandibalar Salary eld ——————__—_[s605__ pois |) i,332_[Removal of Submandibalar Salary eld ——————__—_[s605__ pois |) i,,,,,,0.35,True
Chennai,17062025144439_CGHS Rates 2024 Chennai_.pdf,8,[4 [Paral ThyridectomyCobectomy) isis,4 [Paral ThyridectomyCobectomy) isis,,,,,,0.35,True
Chennai,17062025144439_CGHS Rates 2024 Chennai_.pdf,8,35 [Subtotal Thyrodestomy 053s,35 [Subtotal Thyrodestomy 053s,,,,,,0.35,True
Chennai,17062025144439_CGHS Rates 2024 Chennai_.pdf,8,[536 [Total Thyridectomy #9000 ass,536 [Total Thyridectomy #9000 ass,,,,,,0.35,True
Chennai,17062025144439_CGHS Rates 2024 Chennai_.pdf,8,[537 [Resection Enictewion oF ox Adenoma —————__10se0_ rarer [|,537 [Resection Enictewion oF ox Adenoma —————__10se0_ rarer,,,,,,0.35,True
Chennai,17062025144439_CGHS Rates 2024 Chennai_.pdf,8,[8 [ Total Thyroidecomy and Blok Dissection 26x50 poats[-],8 [ Total Thyroidecomy and Blok Dissection 26x50 poats[-,,,,,,0.35,True
Chennai,17062025144439_CGHS Rates 2024 Chennai_.pdf,8,[9—[Eecnion of Lingual Thyond =i iat PS,9—[Eecnion of Lingual Thyond =i iat PS,,,,,,0.35,True
Chennai,17062025144439_CGHS Rates 2024 Chennai_.pdf,8,A 5,A,,,5,,,0.5,True
Chennai,17062025144439_CGHS Rates 2024 Chennai_.pdf,8,a2 [tarmgestomy iS egg,a2 [tarmgestomy iS egg,,,,,,0.35,True
Chennai,17062025144439_CGHS Rates 2024 Chennai_.pdf,8,F583 [Largo Pharyigetomy 50000500 [-—_,F583 [Largo Pharyigetomy 50000500 [-—_,,,,,,0.35,True
Chennai,17062025144439_CGHS Rates 2024 Chennai_.pdf,8,[585 [Gemopiasty “220005800.,585 [Gemopiasty “220005800.,,,,,,0.35,True
Chennai,17062025144439_CGHS Rates 2024 Chennai_.pdf,8,F586 [Direct caryngoncopy including pay under GA airs esx |),F586 [Direct caryngoncopy including pay under GA airs esx |),,,,,,0.35,True
Chennai,17062025144439_CGHS Rates 2024 Chennai_.pdf,8,[588 [Fiteoptic examination ofan FOU) wdewEA——————*iisss ‘ree Pi,588 [Fiteoptic examination ofan FOU) wdewEA——————*iisss ‘ree Pi,,,,,,0.35,True
Chennai,17062025144439_CGHS Rates 2024 Chennai_.pdf,8,[9 [Mierolanngeal Sumery 035005,9 [Mierolanngeal Sumery,,,035005,,,0.5,True
Chennai,17062025144439_CGHS Rates 2024 Chennai_.pdf,8,B50 [tanmgotisue sins,B50 [tanmgotisue sins,,,,,,0.35,True
Chennai,17062025144439_CGHS Rates 2024 Chennai_.pdf,8,[351[Trachesl Stenosis Exelon is7=0 pra [- J,351[Trachesl Stenosis Exelon is7=0 pra [- J,,,,,,0.35,True
Chennai,17062025144439_CGHS Rates 2024 Chennai_.pdf,9,[352 _[Excisional Biopsies 5750 lens,352 _[Excisional Biopsies 5750 lens,,,,,,0.35,True
Chennai,17062025144439_CGHS Rates 2024 Chennai_.pdf,9,[53 [Benign Tumour Excision 9500 10925,53 [Benign Tumour Excision,10925,9500,,,,0.72,False
Chennai,17062025144439_CGHS Rates 2024 Chennai_.pdf,9,Temporal Bone subtotal resection [20700 [23805 [ti(wssCisz,Temporal Bone subtotal resection [20700 [23805 [ti(wssCisz,,,,,,0.35,True
Chennai,17062025144439_CGHS Rates 2024 Chennai_.pdf,9,[Modified Radical Neck Dissection [25300 [29095 |,Modified Radical Neck Dissection [25300 [29095,,,,,,0.35,True
Chennai,17062025144439_CGHS Rates 2024 Chennai_.pdf,9,26000 [29900 po,26000 [29900 po,,,,,,0.35,True
Chennai,17062025144439_CGHS Rates 2024 Chennai_.pdf,9,fis? [Total Larymesstmy 9102 a,fis? [Total Larymesstmy 9102 a,,,,,,0.35,True
Chennai,17062025144439_CGHS Rates 2024 Chennai_.pdf,9,[ist Pep ResonstractiveSorny 0000 fssoo0 fd,ist Pep ResonstractiveSorny 0000 fssoo0 fd,,,,,,0.35,True
Chennai,17062025144439_CGHS Rates 2024 Chennai_.pdf,9,[359 [Parapharyngeal Tumour Excision 59330 fsa30 [Sid,359 [Parapharyngeal Tumour Excision 59330 fsa30 [Sid,,,,,,0.35,True
Chennai,17062025144439_CGHS Rates 2024 Chennai_.pdf,9,21250 pass [|,21250 pass,,,,,,0.35,True
Chennai,17062025144439_CGHS Rates 2024 Chennai_.pdf,9,[5000 [5750 [+d,5000 [5750 [+d,,,,,,0.35,True
Chennai,17062025144439_CGHS Rates 2024 Chennai_.pdf,9,[362 [Drainage of abcess 500 a,362 [Drainage of abcess 500 a,,,,,,0.35,True
Chennai,17062025144439_CGHS Rates 2024 Chennai_.pdf,9,[563 Excision of mps om a,563 Excision of mps om a,,,,,,0.35,True
Chennai,17062025144439_CGHS Rates 2024 Chennai_.pdf,9,[6s [Local matectomsy-aimple 12650 asa,6s [Local matectomsy-aimple 12650 asa,,,,,,0.35,True
Chennai,17062025144439_CGHS Rates 2024 Chennai_.pdf,9,[Radical mastectomy-formal or modified. [28750 33063 |,Radical mastectomy-formal or modified. [28750 33063,,,,,,0.35,True
Chennai,17062025144439_CGHS Rates 2024 Chennai_.pdf,9,[iss [Excision of mammary Sula 5000 a,iss [Excision of mammary Sula 5000 a,,,,,,0.35,True
Chennai,17062025144439_CGHS Rates 2024 Chennai_.pdf,9,[367 _|Segmental resection of breast 16100 18515 |,367 _|Segmental resection of breast 16100 18515,,,,,,0.35,True
Chennai,17062025144439_CGHS Rates 2024 Chennai_.pdf,9,25000 ps7s0 [SSS,25000 ps7s0 [SSS,,,,,,0.35,True
Chennai,17062025144439_CGHS Rates 2024 Chennai_.pdf,9,5000 S750 [|,5000 S750,,,,,,0.35,True
Chennai,17062025144439_CGHS Rates 2024 Chennai_.pdf,9,371 [Suturing of small wounds 1060 1250 fRaterevisedw.e f 01.02.2024 &,371 [Suturing of small wounds 1060 1250 fRaterevisedw.e f 01.02.2024 &,,,,,,0.35,True
Chennai,17062025144439_CGHS Rates 2024 Chennai_.pdf,9,372 |Secondary suture of wounds 3400 /4000 [Raterevisedw.e.f 01.02.2024 & applicable in all CGHScities,Secondary suture of wounds 3400 /4000 [Raterevisedw.e.f 01.02.2024 & applicable in all CGHScities,,,,,,0.35,True
Chennai,17062025144439_CGHS Rates 2024 Chennai_.pdf,9,373 [Debridement of wounds 275 1500 [Raterevisedw.ef 01.02.2024 & applicable in all CGHScities,373 [Debridement of wounds 275 1500 [Raterevisedw.ef 01.02.2024 & applicable in all CGHScities,,,,,,0.35,True
Chennai,17062025144439_CGHS Rates 2024 Chennai_.pdf,9,374 i275 1500 [Raterevisedw.ef 01.02.2024 & applicable in all CGHScities SS SS |,374 i275 1500 [Raterevisedw.ef 01.02.2024 & applicable in all CGHScities SS SS,,,,,,0.35,True
Chennai,17062025144439_CGHS Rates 2024 Chennai_.pdf,9,375 2635 3100 fRaterevised w.e f 01.02.2024 J& applicable in all CGHScities,375 2635 3100 fRaterevised w.e f 01.02.2024 J& applicable in all CGHScities,,,,,,0.35,True
Chennai,17062025144439_CGHS Rates 2024 Chennai_.pdf,9,376 e715 7900 [Raterevised w.ef. 01.02.2024 l& applicable in all CGHScities,376 e715 7900 [Raterevised w.ef. 01.02.2024 l& applicable in all CGHScities,,,,,,0.35,True
Chennai,17062025144439_CGHS Rates 2024 Chennai_.pdf,9,377 2550 3000 [Raterevised w.ef. 01.02.2024 le applicable in all CGHScities,377 2550 3000 [Raterevised w.ef. 01.02.2024 le applicable in all CGHScities,,,,,,0.35,True
Chennai,17062025144439_CGHS Rates 2024 Chennai_.pdf,10,F372 [Excision Biopsy of Superical ume aes ss [J,F372 [Excision Biopsy of Superical ume aes ss [J,,,,,,0.35,True
Chennai,17062025144439_CGHS Rates 2024 Chennai_.pdf,10,381 2975 3500 |Raterevised w.e.f. 01.02.2024,381 2975 3500 |Raterevised w.e.f. 01.02.2024,,,,,,0.35,True
Chennai,17062025144439_CGHS Rates 2024 Chennai_.pdf,10,[83_[Marow Biopsy Open) 1060 fit,83_[Marow Biopsy Open) 1060 fit,,,,,,0.35,True
Chennai,17062025144439_CGHS Rates 2024 Chennai_.pdf,10,[86 [Excision of Sebaceous Gate nis [ins [J,86 [Excision of Sebaceous Gate nis [ins [J,,,,,,0.35,True
Chennai,17062025144439_CGHS Rates 2024 Chennai_.pdf,10,[387 [Excision of Spericial oma iiss iad,387 [Excision of Spericial oma iiss iad,,,,,,0.35,True
Chennai,17062025144439_CGHS Rates 2024 Chennai_.pdf,10,[iss_[Excnion of Supericial Newotibma————————————*i280———isee Pi,iss_[Excnion of Supericial Newotibma————————————*i280———isee Pi,,,,,,0.35,True
Chennai,17062025144439_CGHS Rates 2024 Chennai_.pdf,10,[389_[Exewion of Demoid Cys i isso |,389_[Exewion of Demoid Cys i isso,,,,,,0.35,True
Chennai,17062025144439_CGHS Rates 2024 Chennai_.pdf,10,390 |Haemorrhoidectomy [25500 30000 [Raterevised w.ef. 01.02.2024 ta lapplicable in all CGHScities,Haemorrhoidectomy [25500 30000 [Raterevised w.ef. 01.02.2024 ta lapplicable in all CGHScities,,,,,,0.35,True
Chennai,17062025144439_CGHS Rates 2024 Chennai_.pdf,10,"391 /Stappler: ‘haemorrhoidectomy 37145, 143700 |Raterevised w-e-f. 01.02.2024 | & A","391 /Stappler: ‘haemorrhoidectomy 37145, 143700 |Raterevised w-e-f. 01.02.2024 | & A",,,,,,0.35,True
Chennai,17062025144439_CGHS Rates 2024 Chennai_.pdf,10,393 _ | Varicose vein surgery-Trendelenburg operation with suturing or 19550 [23000 [Raterevised w.e f. 01.02.2024 |applicable in all CGHScities | — REATNENT PROCEDURE ONSOPHAGES,393 _ | Varicose vein surgery-Trendelenburg operation with suturing or 19550 [23000 [Raterevised w.e f. 01.02.2024 |applicable in all CGHScities | — REATNENT PROCEDURE ONSOPHAGES,,,,,,0.35,True
Chennai,17062025144439_CGHS Rates 2024 Chennai_.pdf,10,[53 _[Atesia of Osopiagus and Tracheo Oesophageal Fsula—___[>6750____ss065___ [|_|,53 _[Atesia of Osopiagus and Tracheo Oesophageal Fsula—___[>6750____ss065___ [|_,,,,,,0.35,True
Chennai,17062025144439_CGHS Rates 2024 Chennai_.pdf,10,[395 Operation fr Replacement of Ossophagus by Calon 25000_ps7s0_| |,395 Operation fr Replacement of Ossophagus by Calon 25000_ps7s0_,,,,,,0.35,True
Chennai,17062025144439_CGHS Rates 2024 Chennai_.pdf,10,[396 [Ossophapectomy for Carcinoma Esophagus 25000as750.— [|,396 [Ossophapectomy for Carcinoma Esophagus 25000as750.—,,,,,,0.35,True
Chennai,17062025144439_CGHS Rates 2024 Chennai_.pdf,10,[397 [Oesophageal Intubation (Mausseau Barbin Tubs) [iasoo__ [saa [|,397 [Oesophageal Intubation (Mausseau Barbin Tubs) [iasoo__ [saa,,,,,,0.35,True
Chennai,17062025144439_CGHS Rates 2024 Chennai_.pdf,10,[98 [Achalsis Caria Trasthorcie 40950 rig,98 [Achalsis Caria Trasthorcie 40950 rig,,,,,,0.35,True
Chennai,17062025144439_CGHS Rates 2024 Chennai_.pdf,10,[9_[Achalsia Caria Abdominal ia650__asas__ [>,9_[Achalsia Caria Abdominal ia650__asas__ [>,,,,,,0.35,True
Chennai,17062025144439_CGHS Rates 2024 Chennai_.pdf,10,[200 [Oesophago Gastrectomy fr mid V3 ean is5fasios__[-—_ [soi [eters Operation iTS,200 [Oesophago Gastrectomy fr mid V3 ean is5fasios__[-—_ [soi [eters Operation iTS,,,,,,0.35,True
Chennai,17062025144439_CGHS Rates 2024 Chennai_.pdf,10,[202 _[Colon-inler postion or Replacement of Osaphags [passa i,202 _[Colon-inler postion or Replacement of Osaphags [passa i,,,,,,0.35,True
Chennai,17062025144439_CGHS Rates 2024 Chennai_.pdf,10,[03 —[Oesophago Gastrectomy — Lower Corrngers proosdare 21390 rasa [-] for] a i a a eee TCT a,03 —[Oesophago Gastrectomy — Lower Corrngers proosdare 21390 rasa [-] for] a i a a eee TCT a,,,,,,0.35,True
Chennai,17062025144439_CGHS Rates 2024 Chennai_.pdf,10,[07 [Gastric & Dandenal Biopay Cendonapis) i950 ngs,07 [Gastric & Dandenal Biopay Cendonapis) i950 ngs,,,,,,0.35,True
Chennai,17062025144439_CGHS Rates 2024 Chennai_.pdf,10,fos PPyoromyotmy i800 ez [x09 [Gastostomy ras ais [s10|Simpie Chonure of Perforated pepic Ue farsa |) fstt_[Vegotomy Pyleropasy Casto igunosiomy—————————(iise0d sev,fos PPyoromyotmy i800 ez [x09 [Gastostomy ras ais [s10|Simpie Chonure of Perforated pepic Ue farsa |) fstt_[Vegotomy Pyleropasy Casto igunosiomy—————————(iise0d sev,,,,,,0.35,True
Chennai,17062025144439_CGHS Rates 2024 Chennai_.pdf,10,[et2[Dvodenojgunostomy 8950 arr93,et2[Dvodenojgunostomy 8950 arr93,,,,,,0.35,True
Chennai,17062025144439_CGHS Rates 2024 Chennai_.pdf,11,[Partial/Subtotal Gastrectomy for Carcinoma [23000 [26450 |,Partial/Subtotal Gastrectomy for Carcinoma [23000 [26450,,,,,,0.35,True
Chennai,17062025144439_CGHS Rates 2024 Chennai_.pdf,11,"[Partial/ Subtotal Gastrectomy for Ulcer 22425, [25789 [ti“‘CS;C;C;OO!C*@d","Partial/ Subtotal Gastrectomy for Ulcer 22425, [25789 [ti“‘CS;C;C;OO!C*@d",,,,,,0.35,True
Chennai,17062025144439_CGHS Rates 2024 Chennai_.pdf,11,[Operation for Bleeding Peptic Uleer [20000 [23000 |,Operation for Bleeding Peptic Uleer [20000 [23000,,,,,,0.35,True
Chennai,17062025144439_CGHS Rates 2024 Chennai_.pdf,11,[416 [Operation for Gastrojejunal Ulcer 19780 [22747 fo,416 [Operation for Gastrojejunal Ulcer 19780 [22747 fo,,,,,,0.35,True
Chennai,17062025144439_CGHS Rates 2024 Chennai_.pdf,11,Total Gastrectomy for Cancer 22368 [25723 |,Total Gastrectomy for Cancer 22368 [25723,,,,,,0.35,True
Chennai,17062025144439_CGHS Rates 2024 Chennai_.pdf,11,[sis [Highly Selective Vagoomy 18630 a,sis [Highly Selective Vagoomy 18630 a,,,,,,0.35,True
Chennai,17062025144439_CGHS Rates 2024 Chennai_.pdf,11,[rio [Selective Vasotomy & Drains 18630 a,rio [Selective Vasotomy & Drains 18630 a,,,,,,0.35,True
Chennai,17062025144439_CGHS Rates 2024 Chennai_.pdf,11,420 _|Congenital Diaphragmatic Hemia [34000 [40000 [Raterevised w.e. 01.02.2024,420 _|Congenital Diaphragmatic Hemia [34000 [40000 [Raterevised w.e. 01.02.2024,,,,,,0.35,True
Chennai,17062025144439_CGHS Rates 2024 Chennai_.pdf,11,421 _ [Hiatus Hemia Repair- Abdominal [28050 33000 fRaterevised wef. 01.02.2024,421 _ [Hiatus Hemia Repair- Abdominal [28050 33000 fRaterevised wef. 01.02.2024,,,,,,0.35,True
Chennai,17062025144439_CGHS Rates 2024 Chennai_.pdf,11,[422 [Hiatus Hemia Repair- Transthoracic [28050 33000 [Raterevised w.e.f 01.02.2024,422 [Hiatus Hemia Repair- Transthoracic [28050 33000 [Raterevised w.e.f 01.02.2024,,,,,,0.35,True
Chennai,17062025144439_CGHS Rates 2024 Chennai_.pdf,11,423 21250 [25000 [Raterevised wef 01.02.2024,423 21250 [25000 [Raterevised wef 01.02.2024,,,,,,0.35,True
Chennai,17062025144439_CGHS Rates 2024 Chennai_.pdf,11,424 |Epigastric Hemia Repair [21250 [25000 [Raterevised w.e 01.02.2024 le applicable in all CGHScities,Epigastric Hemia Repair [21250 [25000 [Raterevised w.e 01.02.2024 le applicable in all CGHScities,,,,,,0.35,True
Chennai,17062025144439_CGHS Rates 2024 Chennai_.pdf,11,[Umbilical Hernia Repair 11385 13093 [rti(“‘(C;CTOC~*r,Umbilical Hernia Repair 11385 13093 [rti(“‘(C;CTOC~*r,,,,,,0.35,True
Chennai,17062025144439_CGHS Rates 2024 Chennai_.pdf,11,[+26 _| Ventral incisional Hernia Repair 70293 11837 [I,+26 _| Ventral incisional Hernia Repair 70293 11837 [I,,,,,,0.35,True
Chennai,17062025144439_CGHS Rates 2024 Chennai_.pdf,11,427 [inguinal Hemia Heriorrhaphy [22100 26000 fRaterevised w.e.f 01.02.2024 le applicable in all CGHScities,427 [inguinal Hemia Heriorrhaphy [22100 26000 fRaterevised w.e.f 01.02.2024 le applicable in all CGHScities,,,,,,0.35,True
Chennai,17062025144439_CGHS Rates 2024 Chennai_.pdf,11,428 inguinal Hernia - Hernioplasty [27200 32000 [Raterevised w.e.f. 01.02.2024 le applicable in all CGHScities,428 inguinal Hernia - Hernioplasty [27200 32000 [Raterevised w.e.f. 01.02.2024 le applicable in all CGHScities,,,,,,0.35,True
Chennai,17062025144439_CGHS Rates 2024 Chennai_.pdf,11,429 |Femoral Hernia Repair [27200 32000 [Raterevised w.ef. 01.02.2024 le lapplicable in all CGHScities,Femoral Hernia Repair [27200 32000 [Raterevised w.ef. 01.02.2024 le lapplicable in all CGHScities,,,,,,0.35,True
Chennai,17062025144439_CGHS Rates 2024 Chennai_.pdf,11,"[430 [Rare Hemias Repair (Spigalion, Obturator, Lumbar, Sciatic) 18975 21821 |","430 [Rare Hemias Repair (Spigalion, Obturator, Lumbar, Sciatic) 18975 21821",,,,,,0.35,True
Chennai,17062025144439_CGHS Rates 2024 Chennai_.pdf,11,[231 [Splenectomy -For Trauma 1975 a,231 [Splenectomy -For Trauma 1975 a,,,,,,0.35,True
Chennai,17062025144439_CGHS Rates 2024 Chennai_.pdf,11,[Splenectomy - For Hypersplenism 14490 a,Splenectomy - For Hypersplenism 14490 a,,,,,,0.35,True
Chennai,17062025144439_CGHS Rates 2024 Chennai_.pdf,11,[253 [Splenorenal Anstomona 23000 EC,253 [Splenorenal Anstomona 23000 EC,,,,,,0.35,True
Chennai,17062025144439_CGHS Rates 2024 Chennai_.pdf,11,[254 Portcaval Anastomosis 28750 ps063 | Sd,254 Portcaval Anastomosis 28750 ps063 | Sd,,,,,,0.35,True
Chennai,17062025144439_CGHS Rates 2024 Chennai_.pdf,12,"[435 [Direct Operation on Oesophagus for Portal Hypertension 22885, [26318 |","435 [Direct Operation on Oesophagus for Portal Hypertension 22885, [26318",,,,,,0.35,True
Chennai,17062025144439_CGHS Rates 2024 Chennai_.pdf,12,[Mesentericocaval Anastomosis [25450 [29268 [ti“‘CS;C;C;OO!C*@d,Mesentericocaval Anastomosis [25450 [29268 [ti“‘CS;C;C;OO!C*@d,,,,,,0.35,True
Chennai,17062025144439_CGHS Rates 2024 Chennai_.pdf,12,[437 [Warren Shunt (Distal Splenorenal Shunt) 28750 33063 [,437 [Warren Shunt (Distal Splenorenal Shunt) 28750 33063,,,,,,0.35,True
Chennai,17062025144439_CGHS Rates 2024 Chennai_.pdf,12,[Pancreatico Duodenectomy (Whipple's procedure) [21735 [24995 [ti(wssCisz,Pancreatico Duodenectomy (Whipple's procedure) [21735 [24995 [ti(wssCisz,,,,,,0.35,True
Chennai,17062025144439_CGHS Rates 2024 Chennai_.pdf,12,[By Pass Procedure for Inoperable Carcinoma of Pancreas [23000 [26450 |,By Pass Procedure for Inoperable Carcinoma of Pancreas [23000 [26450,,,,,,0.35,True
Chennai,17062025144439_CGHS Rates 2024 Chennai_.pdf,12,Cholecystectomy [20400 [24000 [Raterevised w.e. 01.02.2024,Cholecystectomy [20400 [24000 [Raterevised w.e. 01.02.2024,,,,,,0.35,True
Chennai,17062025144439_CGHS Rates 2024 Chennai_.pdf,12,442 |Cholecystectomy & Exploration of CBD [28050 33000 fRaterevised wef. 01.02.2024 le applicable in all CGHScities,Cholecystectomy & Exploration of CBD [28050 33000 fRaterevised wef. 01.02.2024 le applicable in all CGHScities,,,,,,0.35,True
Chennai,17062025144439_CGHS Rates 2024 Chennai_.pdf,12,[Repair of Common Bile Duct (CBD) 13600 15640 |,Repair of Common Bile Duct (CBD) 13600 15640,,,,,,0.35,True
Chennai,17062025144439_CGHS Rates 2024 Chennai_.pdf,12,[444 |Operation for Hydatid Cyst of Liver fRaterevised w.e.f 01.02.2024 le applicable in all CGHScities,444 |Operation for Hydatid Cyst of Liver fRaterevised w.e.f 01.02.2024 le applicable in all CGHScities,,,,,,0.35,True
Chennai,17062025144439_CGHS Rates 2024 Chennai_.pdf,12,[245 _[Chteapatotomy 10292 a,245 _[Chteapatotomy 10292 a,,,,,,0.35,True
Chennai,17062025144439_CGHS Rates 2024 Chennai_.pdf,12,[Hepatic Resections (Lobectomy /Hepatectomy) [28050 33000 [Rate revised w.ef 01.02.2024 le lapplicable in all CGHS cities,Hepatic Resections (Lobectomy /Hepatectomy) [28050 33000 [Rate revised w.ef 01.02.2024 le lapplicable in all CGHS cities,,,,,,0.35,True
Chennai,17062025144439_CGHS Rates 2024 Chennai_.pdf,12,[Operation on Adrenal Glands - Bilateral [26105 30021 |,Operation on Adrenal Glands - Bilateral [26105 30021,,,,,,0.35,True
Chennai,17062025144439_CGHS Rates 2024 Chennai_.pdf,12,[448 [Operation on Adrenal Glands - Unilateral 13800 15870 |,448 [Operation on Adrenal Glands - Unilateral 13800 15870,,,,,,0.35,True
Chennai,17062025144439_CGHS Rates 2024 Chennai_.pdf,12,449 |Appendicectomy 16150 19000 [Raterevised wef 01.02.2024 l& lapplicable in all CGHS cities,Appendicectomy 16150 19000 [Raterevised wef 01.02.2024 l& lapplicable in all CGHS cities,,,,,,0.35,True
Chennai,17062025144439_CGHS Rates 2024 Chennai_.pdf,12,[250 Nppendilar Abscsse~ Daiaae a7 [ [asi_[esenteric Cyst-Exciion ——————S—SCSCSCSCSCSCSC~S [a,250 Nppendilar Abscsse~ Daiaae a7 [ [asi_[esenteric Cyst-Exciion ——————S—SCSCSCSCSCSCSC~S [a,,,,,,0.35,True
Chennai,17062025144439_CGHS Rates 2024 Chennai_.pdf,12,[is2_ [Pertonsoscepy Laparosopy 600 5290 [ass [leunostomy =i jess) id,is2_ [Pertonsoscepy Laparosopy 600 5290 [ass [leunostomy =i jess) id,,,,,,0.35,True
Chennai,17062025144439_CGHS Rates 2024 Chennai_.pdf,12,15410 pz,15410 pz,,,,,,0.35,True
Chennai,17062025144439_CGHS Rates 2024 Chennai_.pdf,12,455 40375 [47500 [Rate revised w.e.f 01.02.2024 J& applicable in all CGHScities,455 40375 [47500 [Rate revised w.e.f 01.02.2024 J& applicable in all CGHScities,,,,,,0.35,True
Chennai,17062025144439_CGHS Rates 2024 Chennai_.pdf,12,[Duodenal Diverticulum 18400 [21160 |,Duodenal Diverticulum 18400 [21160,,,,,,0.35,True
Chennai,17062025144439_CGHS Rates 2024 Chennai_.pdf,12,[Operation for Intestinal Obstruction 10350 11903 |,Operation for Intestinal Obstruction 10350 11903,,,,,,0.35,True
Chennai,17062025144439_CGHS Rates 2024 Chennai_.pdf,12,[258 Operation fr ltestinal perforation 4200 9530 |,258 Operation fr ltestinal perforation 4200 9530,,,,,,0.35,True
Chennai,17062025144439_CGHS Rates 2024 Chennai_.pdf,12,[Benign Tumours of Small Intestine 19550 )22483 |,Benign Tumours of Small Intestine 19550 )22483,,,,,,0.35,True
Chennai,17062025144439_CGHS Rates 2024 Chennai_.pdf,12,[Excision of Small Intestine Fistula [38250 [45000 [Rate revised w.ef 01.02.2024 Je lapplicable in all CGHScities,Excision of Small Intestine Fistula [38250 [45000 [Rate revised w.ef 01.02.2024 Je lapplicable in all CGHScities,,,,,,0.35,True
Chennai,17062025144439_CGHS Rates 2024 Chennai_.pdf,12,[461 [Operations for GI Bleed 16000 18400 [,461 [Operations for GI Bleed 16000 18400,,,,,,0.35,True
Chennai,17062025144439_CGHS Rates 2024 Chennai_.pdf,12,[Operations for Haemorthage of Smail Intestines 19550 [22483 |,Operations for Haemorthage of Smail Intestines 19550 [22483,,,,,,0.35,True
Chennai,17062025144439_CGHS Rates 2024 Chennai_.pdf,13,463 [34850 [41000 [Rate revised w.e.f 01.02.2024,463 [34850 [41000 [Rate revised w.e.f 01.02.2024,,,,,,0.35,True
Chennai,17062025144439_CGHS Rates 2024 Chennai_.pdf,13,[464 Operations for Recurrent Intestinal Obstruction (Noble [23000 [26450,464 Operations for Recurrent Intestinal Obstruction (Noble [23000 [26450,,,,,,0.35,True
Chennai,17062025144439_CGHS Rates 2024 Chennai_.pdf,13,[465 |Heosigmoidostomy and related resection 16790 19309 |,465 |Heosigmoidostomy and related resection 16790 19309,,,,,,0.35,True
Chennai,17062025144439_CGHS Rates 2024 Chennai_.pdf,13,[466 _|Ileotransverse Colostomy and related resection 16790 19309) [ri wCi~sY,466 _|Ileotransverse Colostomy and related resection 16790 19309) [ri wCi~sY,,,,,,0.35,True
Chennai,17062025144439_CGHS Rates 2024 Chennai_.pdf,13,[eo7 |Gaecantmay +i a,eo7 |Gaecantmay +i a,,,,,,0.35,True
Chennai,17062025144439_CGHS Rates 2024 Chennai_.pdf,13,[468 [Loop Colostomy Transverse Sigmoid 13110 15077 |,468 [Loop Colostomy Transverse Sigmoid 13110 15077,,,,,,0.35,True
Chennai,17062025144439_CGHS Rates 2024 Chennai_.pdf,13,‘Terminal Colostomy [25500 30000 [Rate revised w.e f 01.02.2024,‘Terminal Colostomy [25500 30000 [Rate revised w.e f 01.02.2024,,,,,,0.35,True
Chennai,17062025144439_CGHS Rates 2024 Chennai_.pdf,13,470 [Closure of Colostomy [25500 [30000 [Rate revised w.e.£ 01.02.2024,470 [Closure of Colostomy [25500 [30000 [Rate revised w.e.£ 01.02.2024,,,,,,0.35,True
Chennai,17062025144439_CGHS Rates 2024 Chennai_.pdf,13,471 [Right Hemicolectomy [27200 32000 [Rate revised w.e f 01.02.2024,471 [Right Hemicolectomy [27200 32000 [Rate revised w.e f 01.02.2024,,,,,,0.35,True
Chennai,17062025144439_CGHS Rates 2024 Chennai_.pdf,13,472 [Left Hemicolectomy [27200 [32000 [Rate revised w.e-f 01.02.2024,472 [Left Hemicolectomy [27200 [32000 [Rate revised w.e-f 01.02.2024,,,,,,0.35,True
Chennai,17062025144439_CGHS Rates 2024 Chennai_.pdf,13,473 [Total Colectomy [34000 l40000 [Rate revised w.e.f 01.02.2024,473 [Total Colectomy [34000 l40000 [Rate revised w.e.f 01.02.2024,,,,,,0.35,True
Chennai,17062025144439_CGHS Rates 2024 Chennai_.pdf,13,[Operations for Volvulus of Large Bowel [24920 [28658 |,Operations for Volvulus of Large Bowel [24920 [28658,,,,,,0.35,True
Chennai,17062025144439_CGHS Rates 2024 Chennai_.pdf,13,[Operations for Sigmoid Diverticulitis 18630 [21425 [ti“(‘S™SOC‘*@Y,Operations for Sigmoid Diverticulitis 18630 [21425 [ti“(‘S™SOC‘*@Y,,,,,,0.35,True
Chennai,17062025144439_CGHS Rates 2024 Chennai_.pdf,13,476 [Fissure in Ano with Internal sphinctrectomy with 27200 32000 [Rate revised w.e f 01.02.2024,476 [Fissure in Ano with Internal sphinctrectomy with 27200 32000 [Rate revised w.e f 01.02.2024,,,,,,0.35,True
Chennai,17062025144439_CGHS Rates 2024 Chennai_.pdf,13,477 _ [Fissure in Ano - Fissurectomy [24650 [29000 [Rate revised w.ef 01.02.2024,477 _ [Fissure in Ano - Fissurectomy [24650 [29000 [Rate revised w.ef 01.02.2024,,,,,,0.35,True
Chennai,17062025144439_CGHS Rates 2024 Chennai_.pdf,13,478 [Rectal Polyp-Excision 11645 13700 fRate revised w.e.£ 01.02.2024,478 [Rectal Polyp-Excision 11645 13700 fRate revised w.e.£ 01.02.2024,,,,,,0.35,True
Chennai,17062025144439_CGHS Rates 2024 Chennai_.pdf,14,[479 Fistula in Ano - High Fistulectomy [29750 [35000 [Rate revised w.e.f 01.02.2024,479 Fistula in Ano - High Fistulectomy [29750 [35000 [Rate revised w.e.f 01.02.2024,,,,,,0.35,True
Chennai,17062025144439_CGHS Rates 2024 Chennai_.pdf,14,480 [Fistula in Ano - Low Fistulectomy 19550 [23000 [Rate revised w.ef 01.02.2024,480 [Fistula in Ano - Low Fistulectomy 19550 [23000 [Rate revised w.ef 01.02.2024,,,,,,0.35,True
Chennai,17062025144439_CGHS Rates 2024 Chennai_.pdf,14,[481 [Prolapse Rectum - Thiersch Wiring 10350 11903 Po,481 [Prolapse Rectum - Thiersch Wiring 10350 11903 Po,,,,,,0.35,True
Chennai,17062025144439_CGHS Rates 2024 Chennai_.pdf,14,482 _ [Prolapse Rectum - Rectopexy 14000 [Rate revised wef 01.02.2024,482 _ [Prolapse Rectum - Rectopexy 14000 [Rate revised wef 01.02.2024,,,,,,0.35,True
Chennai,17062025144439_CGHS Rates 2024 Chennai_.pdf,14,483 _ [Prolapse Rectum - Grahams Operation Rate revised w.e f 01.02.2024,483 _ [Prolapse Rectum - Grahams Operation Rate revised w.e f 01.02.2024,,,,,,0.35,True
Chennai,17062025144439_CGHS Rates 2024 Chennai_.pdf,14,[26 Operations for Hirchapronae Diese 360 Ce,26 Operations for Hirchapronae Diese 360 Ce,,,,,,0.35,True
Chennai,17062025144439_CGHS Rates 2024 Chennai_.pdf,14,485 _ [Excision of Pilonidal Sinus (open) 18700 [22000 [Rate revised w.ef 01.02.2024,485 _ [Excision of Pilonidal Sinus (open) 18700 [22000 [Rate revised w.ef 01.02.2024,,,,,,0.35,True
Chennai,17062025144439_CGHS Rates 2024 Chennai_.pdf,14,486 _ [Excision of Pilonidal Sinus with closure [21250 [25000 [Rate revised w.e f. 01.02.2024,486 _ [Excision of Pilonidal Sinus with closure [21250 [25000 [Rate revised w.e f. 01.02.2024,,,,,,0.35,True
Chennai,17062025144439_CGHS Rates 2024 Chennai_.pdf,14,|Abdomino-Perineal Excision of Rectum 18300 [21045 |,Abdomino-Perineal Excision of Rectum 18300 [21045,,,,,,0.35,True
Chennai,17062025144439_CGHS Rates 2024 Chennai_.pdf,14,[Anterior Resection of rectum [21850 [25128 |,Anterior Resection of rectum [21850 [25128,,,,,,0.35,True
Chennai,17062025144439_CGHS Rates 2024 Chennai_.pdf,14,[489 [Pull Through Abdominal Resection [17170 19746 |,489 [Pull Through Abdominal Resection [17170 19746,,,,,,0.35,True
Chennai,17062025144439_CGHS Rates 2024 Chennai_.pdf,14,[490 _ [Retro Peritoneal Tumor Removal 18000 [20700 |,490 _ [Retro Peritoneal Tumor Removal 18000 [20700,,,,,,0.35,True
Chennai,17062025144439_CGHS Rates 2024 Chennai_.pdf,14,7225 8500 [Rate revised w.ef 01.02.2024,7225 8500 [Rate revised w.ef 01.02.2024,,,,,,0.35,True
Chennai,17062025144439_CGHS Rates 2024 Chennai_.pdf,14,492 [Laser ablation of varicose veins [34000 l40000 [Rate revised wef 01.02.2024,492 [Laser ablation of varicose veins [34000 l40000 [Rate revised wef 01.02.2024,,,,,,0.35,True
Chennai,17062025144439_CGHS Rates 2024 Chennai_.pdf,14,[Laparoscopic Fundoplication 19300 22195 jo,Laparoscopic Fundoplication 19300 22195 jo,,,,,,0.35,True
Chennai,17062025144439_CGHS Rates 2024 Chennai_.pdf,14,[294 [Laparoscopic Splenectomy 25000 a,294 [Laparoscopic Splenectomy 25000 a,,,,,,0.35,True
Chennai,17062025144439_CGHS Rates 2024 Chennai_.pdf,14,[Laparoscopic Removal of hydatid cyst 18000 20700 |,Laparoscopic Removal of hydatid cyst 18000 20700,,,,,,0.35,True
Chennai,17062025144439_CGHS Rates 2024 Chennai_.pdf,14,[496 [Laparoscopic treatment of Pseudo Pancreatic cyst 18000 [20700 |,496 [Laparoscopic treatment of Pseudo Pancreatic cyst 18000 [20700,,,,,,0.35,True
Chennai,17062025144439_CGHS Rates 2024 Chennai_.pdf,14,1497 [Laparoscopic Whipple's operation (Laparoscopic Pancreatico [20000 [23000,1497 [Laparoscopic Whipple's operation (Laparoscopic Pancreatico [20000 [23000,,,,,,0.35,True
Chennai,17062025144439_CGHS Rates 2024 Chennai_.pdf,14,[25 [Laparoscopic GT bypass operation 000 a,25 [Laparoscopic GT bypass operation 000 a,,,,,,0.35,True
Chennai,17062025144439_CGHS Rates 2024 Chennai_.pdf,14,[499 [Laparoscopic Total Colectomy [25000 [28750 |,499 [Laparoscopic Total Colectomy [25000 [28750,,,,,,0.35,True
Chennai,17062025144439_CGHS Rates 2024 Chennai_.pdf,14,[500 [Laparoscopi Hemicolecomy 23000 petso |,500 [Laparoscopi Hemicolecomy 23000 petso,,,,,,0.35,True
Chennai,17062025144439_CGHS Rates 2024 Chennai_.pdf,14,[Laparoscopic Anterior Resection (of Intestine/ Rectum) [23000 26450 PT,Laparoscopic Anterior Resection (of Intestine/ Rectum) [23000 26450 PT,,,,,,0.35,True
Chennai,17062025144439_CGHS Rates 2024 Chennai_.pdf,15,[502 [Laparoscopic Cholecystetomy [28050 [33000 [Rate revised w.e.f 01.02.2024,502 [Laparoscopic Cholecystetomy [28050 [33000 [Rate revised w.e.f 01.02.2024,,,,,,0.35,True
Chennai,17062025144439_CGHS Rates 2024 Chennai_.pdf,15,[503 [Laparoscopic Appedicectomy [25500 [30000 [Rate revised w.e.f 01.02.2024,503 [Laparoscopic Appedicectomy [25500 [30000 [Rate revised w.e.f 01.02.2024,,,,,,0.35,True
Chennai,17062025144439_CGHS Rates 2024 Chennai_.pdf,15,S504 [29750 35000 [Rate revised w.ef 01.02.2024,S504 [29750 35000 [Rate revised w.ef 01.02.2024,,,,,,0.35,True
Chennai,17062025144439_CGHS Rates 2024 Chennai_.pdf,15,[505 _ [Laparoscopic ventral Hemia Repair 17500 [20125 fo,505 _ [Laparoscopic ventral Hemia Repair 17500 [20125 fo,,,,,,0.35,True
Chennai,17062025144439_CGHS Rates 2024 Chennai_.pdf,15,[Laparoscopic Paraumblical Hernia Repair 17500 [20125 |,Laparoscopic Paraumblical Hernia Repair 17500 [20125,,,,,,0.35,True
Chennai,17062025144439_CGHS Rates 2024 Chennai_.pdf,15,[507 [Laparoscopic Adrenelectomy 12000 13800 Po,507 [Laparoscopic Adrenelectomy 12000 13800 Po,,,,,,0.35,True
Chennai,17062025144439_CGHS Rates 2024 Chennai_.pdf,15,[508 [Laparoscopic Nephrectomy 22000 a,508 [Laparoscopic Nephrectomy 22000 a,,,,,,0.35,True
Chennai,17062025144439_CGHS Rates 2024 Chennai_.pdf,15,509 [Deleted [Deleted [Rate revised w.e.f 01.02.2024,509 [Deleted [Deleted [Rate revised w.e.f 01.02.2024,,,,,,0.35,True
Chennai,17062025144439_CGHS Rates 2024 Chennai_.pdf,15,50 [Deleted [Deleted [Rate revised wie f 01.02.2024,50 [Deleted [Deleted [Rate revised wie f 01.02.2024,,,,,,0.35,True
Chennai,17062025144439_CGHS Rates 2024 Chennai_.pdf,15,S11 |Coronary Care with Cardiac Monitoring (Room Rent extra) 14590 5400 [Rate revised wef 12.04.2023,S11 |Coronary Care with Cardiac Monitoring (Room Rent extra) 14590 5400 [Rate revised wef 12.04.2023,,,,,,0.35,True
Chennai,17062025144439_CGHS Rates 2024 Chennai_.pdf,15,[51S [Compressed air piped onyaen per hoor a 2,51S [Compressed air piped onyaen per hoor a,,,2,,,0.5,True
Chennai,17062025144439_CGHS Rates 2024 Chennai_.pdf,15,[513 _| Ventilator charges (Per day) =e 5,513 _| Ventilator charges (Per day) =e,,,5,,,0.5,True
Chennai,17062025144439_CGHS Rates 2024 Chennai_.pdf,15,[515 [incubator charges (er day) a a,515 [incubator charges (er day) a a,,,,,,0.35,True
Chennai,17062025144439_CGHS Rates 2024 Chennai_.pdf,15,[516 [Neonatal ICU charges Per da) er aso— | CY,516 [Neonatal ICU charges Per da) er aso— | CY,,,,,,0.35,True
Chennai,17062025144439_CGHS Rates 2024 Chennai_.pdf,15,[517 [Resuscitation iis ip dd,517 [Resuscitation iis ip dd,,,,,,0.35,True
Chennai,17062025144439_CGHS Rates 2024 Chennai_.pdf,15,[518 [Exchange Transfusion a a (,518 [Exchange Transfusion a a (,,,,,,0.35,True
Chennai,17062025144439_CGHS Rates 2024 Chennai_.pdf,15,[519 __[Pneupack ventilator in Nursery (Per day) a (<5,519 __[Pneupack ventilator in Nursery (Per day) a (<5,,,,,,0.35,True
Chennai,17062025144439_CGHS Rates 2024 Chennai_.pdf,15,"[520 [Atrial Septal Defect(ASD) closure 84,065 [98,900 [Rate revised wie f 19.12.2023","520 [Atrial Septal Defect(ASD) closure 84,065 [98,900 [Rate revised wie f 19.12.2023",,,,,,0.35,True
Chennai,17062025144439_CGHS Rates 2024 Chennai_.pdf,15,"S21 93,415 109,900 [Rate revised w.ef 19.12.2023","S21 93,415 109,900 [Rate revised w.ef 19.12.2023",,,,,,0.35,True
Chennai,17062025144439_CGHS Rates 2024 Chennai_.pdf,15,ITOF/TAPVC/TCPC/REV/RSOV repair 127075 146136 |,ITOF/TAPVC/TCPC/REV/RSOV repair 127075 146136,,,,,,0.35,True
Chennai,17062025144439_CGHS Rates 2024 Chennai_.pdf,16,[E25 [BD Giemnice aiom myxoma 0750 a,E25 [BD Giemnice aiom myxoma 0750 a,,,,,,0.35,True
Chennai,17062025144439_CGHS Rates 2024 Chennai_.pdf,16,[Senning/Arterial Switch Operation (ASO) with graft 122188 fwosig,Senning/Arterial Switch Operation (ASO) with graft 122188 fwosig,,,,,,0.35,True
Chennai,17062025144439_CGHS Rates 2024 Chennai_.pdf,16,[525 [Double Switch Operation (DSO) ase a,525 [Double Switch Operation (DSO) ase a,,,,,,0.35,True
Chennai,17062025144439_CGHS Rates 2024 Chennai_.pdf,16,"[526 _[Atrioventricular(AV) canal repair 161000, 185150 |","526 _[Atrioventricular(AV) canal repair 161000, 185150",,,,,,0.35,True
Chennai,17062025144439_CGHS Rates 2024 Chennai_.pdf,16,[s27 [Fontan prossdare 69000 194350 [|,s27 [Fontan prossdare 69000 194350,,,,,,0.35,True
Chennai,17062025144439_CGHS Rates 2024 Chennai_.pdf,16,165000 CE,165000 CE,,,,,,0.35,True
Chennai,17062025144439_CGHS Rates 2024 Chennai_.pdf,16,[529 —|Coronary Arter Bypass Graft surgery (CABG) 1368 CE,529 —|Coronary Arter Bypass Graft surgery (CABG) 1368 CE,,,,,,0.35,True
Chennai,17062025144439_CGHS Rates 2024 Chennai_.pdf,16,"[530 |CABG + Intra- Aortic Balloon Pump (IABP) 152100, ras [SSS","530 |CABG + Intra- Aortic Balloon Pump (IABP) 152100, ras [SSS",,,,,,0.35,True
Chennai,17062025144439_CGHS Rates 2024 Chennai_.pdf,16,[531_[CABG+ Valve 165000 94350 [| SSC,531_[CABG+ Valve 165000 94350 [| SSC,,,,,,0.35,True
Chennai,17062025144439_CGHS Rates 2024 Chennai_.pdf,16,[532 [CABG withou pass 140000 61000 [|,532 [CABG withou pass 140000 61000,,,,,,0.35,True
Chennai,17062025144439_CGHS Rates 2024 Chennai_.pdf,16,[Ascending aorta replacement 130000 149500 |,Ascending aorta replacement 130000 149500,,,,,,0.35,True
Chennai,17062025144439_CGHS Rates 2024 Chennai_.pdf,16,[534 [Double Valve Replacement (DVR) 155422 13st,534 [Double Valve Replacement (DVR) 155422 13st,,,,,,0.35,True
Chennai,17062025144439_CGHS Rates 2024 Chennai_.pdf,16,[Mitral valve Replacement(MVR)’ Aortic valve Replacement(AVR) [93254 107242 [|,Mitral valve Replacement(MVR)’ Aortic valve Replacement(AVR) [93254 107242,,,,,,0.35,True
Chennai,17062025144439_CGHS Rates 2024 Chennai_.pdf,16,[536 _ [Mitral Valve repair + Aortic Valve repair 103615 119157 [ti CY,536 _ [Mitral Valve repair + Aortic Valve repair 103615 119157 [ti CY,,,,,,0.35,True
Chennai,17062025144439_CGHS Rates 2024 Chennai_.pdf,16,Iss? [Aor femoral bypass 52000 a,Iss? [Aor femoral bypass 52000 a,,,,,,0.35,True
Chennai,17062025144439_CGHS Rates 2024 Chennai_.pdf,16,[538 _|[Blalock-Taussig shunt (BT Shunt) / Coarctation 51980 59777 LT,538 _|[Blalock-Taussig shunt (BT Shunt) / Coarctation 51980 59777 LT,,,,,,0.35,True
Chennai,17062025144439_CGHS Rates 2024 Chennai_.pdf,16,[539 [Pulmonary Artery Banding (PA Banding) Septosiomy 51980 a |,539 [Pulmonary Artery Banding (PA Banding) Septosiomy 51980 a,,,,,,0.35,True
Chennai,17062025144439_CGHS Rates 2024 Chennai_.pdf,16,[540 Percardectomy “+50 soos id,540 Percardectomy “+50 soos id,,,,,,0.35,True
Chennai,17062025144439_CGHS Rates 2024 Chennai_.pdf,16,"sa 46750 55,000 [Rate revised w.ef 19.12.2023","sa 46750 55,000 [Rate revised w.ef 19.12.2023",,,,,,0.35,True
Chennai,17062025144439_CGHS Rates 2024 Chennai_.pdf,16,[Gunshot injury 51980 [ser77_,Gunshot injury 51980 [ser77_,,,,,,0.35,True
Chennai,17062025144439_CGHS Rates 2024 Chennai_.pdf,16,[543 [Heart transplant 276000 EZ,543 [Heart transplant 276000 EZ,,,,,,0.35,True
Chennai,17062025144439_CGHS Rates 2024 Chennai_.pdf,16,"sa 78,200 [92,000 [Rate revised w.e f 19.12.2023","sa 78,200 [92,000 [Rate revised w.e f 19.12.2023",,,,,,0.35,True
Chennai,17062025144439_CGHS Rates 2024 Chennai_.pdf,16,"S45 71,150 83,725 [Rate revised w.ef 19.12.2023","S45 71,150 83,725 [Rate revised w.ef 19.12.2023",,,,,,0.35,True
Chennai,17062025144439_CGHS Rates 2024 Chennai_.pdf,16,"[546 |Rotablation 47,75 56,206 [Rate revised wef 19.12.2023","546 |Rotablation 47,75 56,206 [Rate revised wef 19.12.2023",,,,,,0.35,True
Chennai,17062025144439_CGHS Rates 2024 Chennai_.pdf,16,"[547 [Balloon mitral valvotomy / Percutaneous transvenous mitral 77,000 [90,700 [Rate revised wie f 19.12.2023","547 [Balloon mitral valvotomy / Percutaneous transvenous mitral 77,000 [90,700 [Rate revised wie f 19.12.2023",,,,,,0.35,True
Chennai,17062025144439_CGHS Rates 2024 Chennai_.pdf,16,"[548 |Cardiac Catheterization (CATH) 17,510 13,545 [Rate revised w.e f 19.12.2023","548 |Cardiac Catheterization (CATH) 17,510 13,545 [Rate revised w.e f 19.12.2023",,,,,,0.35,True
Chennai,17062025144439_CGHS Rates 2024 Chennai_.pdf,16,[500 [Ronis Arh Replacement 10550 [a,500 [Ronis Arh Replacement 10550 [a,,,,,,0.35,True
Chennai,17062025144439_CGHS Rates 2024 Chennai_.pdf,16,[Aortic Dissection 12650 14548 fo,Aortic Dissection 12650 14548 fo,,,,,,0.35,True
Chennai,17062025144439_CGHS Rates 2024 Chennai_.pdf,16,Thoraco Abdominal Aneurism Repair 15000 17250 [t~“C:CSCSSC*idC,Thoraco Abdominal Aneurism Repair 15000 17250 [t~“C:CSCSSC*idC,,,,,,0.35,True
Chennai,17062025144439_CGHS Rates 2024 Chennai_.pdf,16,[552 Embotectomy 21000 i,552 Embotectomy 21000 i,,,,,,0.35,True
Chennai,17062025144439_CGHS Rates 2024 Chennai_.pdf,16,[Vascular Repair [36000 [41400 jo,Vascular Repair [36000 [41400 jo,,,,,,0.35,True
Chennai,17062025144439_CGHS Rates 2024 Chennai_.pdf,16,[Bentall Repair with Prosthetic Valve [30000 [34500 |,Bentall Repair with Prosthetic Valve [30000 [34500,,,,,,0.35,True
Chennai,17062025144439_CGHS Rates 2024 Chennai_.pdf,17,[Bentall Repair with Biologic Valve 127500 146625 |,Bentall Repair with Biologic Valve 127500 146625,,,,,,0.35,True
Chennai,17062025144439_CGHS Rates 2024 Chennai_.pdf,17,"556 60,860 71,600 Rate revised w.e.f 19.12.2023","556 60,860 71,600 Rate revised w.e.f 19.12.2023",,,,,,0.35,True
Chennai,17062025144439_CGHS Rates 2024 Chennai_.pdf,17,|Coaractation dilatation with Stenting 18500 [21275 |,Coaractation dilatation with Stenting 18500 [21275,,,,,,0.35,True
Chennai,17062025144439_CGHS Rates 2024 Chennai_.pdf,17,"558 16,320 19,200 [Rate revised w.ef 19.12.2023","558 16,320 19,200 [Rate revised w.ef 19.12.2023",,,,,,0.35,True
Chennai,17062025144439_CGHS Rates 2024 Chennai_.pdf,17,[Temporary cardiac pacing (TP!) Dual Chamber 8160 o384 jo,Temporary cardiac pacing (TP!) Dual Chamber 8160 o384 jo,,,,,,0.35,True
Chennai,17062025144439_CGHS Rates 2024 Chennai_.pdf,17,[560 [Permanent pacemaker implantation (PPI)- Single Chamber [27200 32000 Rate revised w.e.f 19.12.2023,560 [Permanent pacemaker implantation (PPI)- Single Chamber [27200 32000 Rate revised w.e.f 19.12.2023,,,,,,0.35,True
Chennai,17062025144439_CGHS Rates 2024 Chennai_.pdf,17,[561 _ {Permanent pacemaker implantation- Dual Chamber [36550 [43000 [Rate revised w.ef 19.12.2023,561 _ {Permanent pacemaker implantation- Dual Chamber [36550 [43000 [Rate revised w.ef 19.12.2023,,,,,,0.35,True
Chennai,17062025144439_CGHS Rates 2024 Chennai_.pdf,17,[562 [Permanent pacemaker implantation (PPI)-Biventricular 142180 j49625 [Rate revised w.e.f 19.12.2023,562 [Permanent pacemaker implantation (PPI)-Biventricular 142180 j49625 [Rate revised w.e.f 19.12.2023,,,,,,0.35,True
Chennai,17062025144439_CGHS Rates 2024 Chennai_.pdf,17,[563 [Automatic implantable cardioverter defibrillator (AICD) Single 142500 50000 Rate revised wie f 19.12.2023,563 [Automatic implantable cardioverter defibrillator (AICD) Single 142500 50000 Rate revised wie f 19.12.2023,,,,,,0.35,True
Chennai,17062025144439_CGHS Rates 2024 Chennai_.pdf,17,[564 [Automatic implantable cardioverter defibrillator (AICD) Dual [44500 52350 [Rate revised wef 19.12.2023,564 [Automatic implantable cardioverter defibrillator (AICD) Dual [44500 52350 [Rate revised wef 19.12.2023,,,,,,0.35,True
Chennai,17062025144439_CGHS Rates 2024 Chennai_.pdf,17,"[565 [Combo device implantation 50,150 59,000 [Rate revised w.ef 19.12.2023","565 [Combo device implantation 50,150 59,000 [Rate revised w.ef 19.12.2023",,,,,,0.35,True
Chennai,17062025144439_CGHS Rates 2024 Chennai_.pdf,17,566 [66000 Rate revised wie f 19.12.2023,566 [66000 Rate revised wie f 19.12.2023,,,,,,0.35,True
Chennai,17062025144439_CGHS Rates 2024 Chennai_.pdf,17,[567 [Ambulatory BP monitoring [1000 Rate revised wef 19.12.2023,567 [Ambulatory BP monitoring [1000 Rate revised wef 19.12.2023,,,,,,0.35,True
Chennai,17062025144439_CGHS Rates 2024 Chennai_.pdf,18,568 (a) 1500 [Rate revised w.e.f. 19.12.2023,568 (a) 1500 [Rate revised w.e.f. 19.12.2023,,,,,,0.35,True
Chennai,17062025144439_CGHS Rates 2024 Chennai_.pdf,18,"569° 181,600 196.000 [Rate revised w.e-f. 19.12.2023","569° 181,600 196.000 [Rate revised w.e-f. 19.12.2023",,,,,,0.35,True
Chennai,17062025144439_CGHS Rates 2024 Chennai_.pdf,18,"1570 153,850 181,000 |Rate revised w.e.f. 19.12.2023","1570 153,850 181,000 |Rate revised w.e.f. 19.12.2023",,,,,,0.35,True
Chennai,17062025144439_CGHS Rates 2024 Chennai_.pdf,18,"571 |Endomyocardial biopsy [Rate revised w.e.f 19.12.2023 |S |applicable in all CGHS cities,","Endomyocardial biopsy [Rate revised w.e.f 19.12.2023 |S |applicable in all CGHS cities,",,,,,,0.35,True
Chennai,17062025144439_CGHS Rates 2024 Chennai_.pdf,18,"572. 42,500, 50,000 [Rate revised w.e-f. 19.12.2023 |& applicable in all CGHS cities,","42,500, 50,000 [Rate revised w.e-f. 19.12.2023 |& applicable in all CGHS cities,",,,,,,0.35,True
Chennai,17062025144439_CGHS Rates 2024 Chennai_.pdf,18,"1573 |Intra vascular coils 163,750 75,000 [Rate revised w.e.f. 19.12.2023 | & lapplicable in all CGHS cities,","Intra vascular coils 163,750 75,000 [Rate revised w.e.f. 19.12.2023 | & lapplicable in all CGHS cities,",,,,,,0.35,True
Chennai,17062025144439_CGHS Rates 2024 Chennai_.pdf,18,"574 |Septostomy- Balloon 25,500 30,000 [Rate revised w.e.f. 19.12.2023 |S applicable in all CGHS cities,","Septostomy- Balloon 25,500 30,000 [Rate revised w.e.f. 19.12.2023 |S applicable in all CGHS cities,",,,,,,0.35,True
Chennai,17062025144439_CGHS Rates 2024 Chennai_.pdf,18,[575 [Sepowtony Bade T9550 a,575 [Sepowtony Bade T9550 a,,,,,,0.35,True
Chennai,17062025144439_CGHS Rates 2024 Chennai_.pdf,18,"576 [Aortic valve balloon dilatation (AVBD) / pulmonary valve balloon [47,940 156,400 Rate revised w.ef 19.12.2023 dilatation (PVBD) \& lapplicable in all CGHS cities,","576 [Aortic valve balloon dilatation (AVBD) / pulmonary valve balloon [47,940 156,400 Rate revised w.ef 19.12.2023 dilatation (PVBD) \& lapplicable in all CGHS cities,",,,,,,0.35,True
Chennai,17062025144439_CGHS Rates 2024 Chennai_.pdf,18,"[577 _ | Digital subtraction angiography-Peripheral artery 12,400 Rate revised w.e.f. 19.12.2023 |S lapplicable in all CGHS cities,","577 _ | Digital subtraction angiography-Peripheral artery 12,400 Rate revised w.e.f. 19.12.2023 |S lapplicable in all CGHS cities,",,,,,,0.35,True
Chennai,17062025144439_CGHS Rates 2024 Chennai_.pdf,18,"[578 [Digital subtraction angiography- venogram 12,400 14,610 Rate revised w.e.f 19.12.2023 |S |applicable in all CGHS cities,","578 [Digital subtraction angiography- venogram 12,400 14,610 Rate revised w.e.f 19.12.2023 |S |applicable in all CGHS cities,",,,,,,0.35,True
Chennai,17062025144439_CGHS Rates 2024 Chennai_.pdf,18,[579_|CF Guided pay Toes ms Sn,579_|CF Guided pay Toes ms Sn,,,,,,0.35,True
Chennai,17062025144439_CGHS Rates 2024 Chennai_.pdf,19,"[581 Peripheral Angioplasty with VCD [46,750 55,500 Rate revised w.e f 19.12.2023","581 Peripheral Angioplasty with VCD [46,750 55,500 Rate revised w.e f 19.12.2023",,,,,,0.35,True
Chennai,17062025144439_CGHS Rates 2024 Chennai_.pdf,19,[582_ [Peripheral Angioplasty without VCD 11500 13225 jo,582_ [Peripheral Angioplasty without VCD 11500 13225 jo,,,,,,0.35,True
Chennai,17062025144439_CGHS Rates 2024 Chennai_.pdf,19,"[583 [Renal Angioplasty 46,750 55,000 [Rate revised w.ef 19.12.2023","583 [Renal Angioplasty 46,750 55,000 [Rate revised w.ef 19.12.2023",,,,,,0.35,True
Chennai,17062025144439_CGHS Rates 2024 Chennai_.pdf,19,"[584 [intravascular ultrasound (IVUS) [50,000 50,000 [Raterevisedw.e f 19.12.2023 &","584 [intravascular ultrasound (IVUS) [50,000 50,000 [Raterevisedw.e f 19.12.2023 &",,,,,,0.35,True
Chennai,17062025144439_CGHS Rates 2024 Chennai_.pdf,19,"585 30000 30,000 [Raterevisedw.e f 19.12.2023 &","585 30000 30,000 [Raterevisedw.e f 19.12.2023 &",,,,,,0.35,True
Chennai,17062025144439_CGHS Rates 2024 Chennai_.pdf,19,"[586 [Holter analysis 2.125 [2,500 Rate revised w.e f 19.12.2023","586 [Holter analysis 2.125 [2,500 Rate revised w.e f 19.12.2023",,,,,,0.35,True
Chennai,17062025144439_CGHS Rates 2024 Chennai_.pdf,19,[Aortic stent grafting for aortic aneurysm [78500 [90275 |,Aortic stent grafting for aortic aneurysm [78500 [90275,,,,,,0.35,True
Chennai,17062025144439_CGHS Rates 2024 Chennai_.pdf,19,"588 25500 30,000 [Rate revised w.ef 19.12.2023","588 25500 30,000 [Rate revised w.ef 19.12.2023",,,,,,0.35,True
Chennai,17062025144439_CGHS Rates 2024 Chennai_.pdf,19,590 [Blectrocardiogram (ECG) 150 175 Rate revised wef,590 [Blectrocardiogram (ECG) 150 175 Rate revised wef,,,,,,0.35,True
Chennai,17062025144439_CGHS Rates 2024 Chennai_.pdf,19,19.06.2023& applicable in all CGHS cities,06.2023& applicable in all CGHS cities,,,,,,0.35,True
Chennai,17062025144439_CGHS Rates 2024 Chennai_.pdf,19,[591 {Head-up tilt test (HUTT) Rate revised w.e f 19.12.2023 le applicable in all CGHS cities,591 {Head-up tilt test (HUTT) Rate revised w.e f 19.12.2023 le applicable in all CGHS cities,,,,,,0.35,True
Chennai,17062025144439_CGHS Rates 2024 Chennai_.pdf,20,592 ]2D echocardiography 1255 1475 [Rate revised w.e.f.,592 ]2D echocardiography 1255 1475 [Rate revised w.e.f.,,,,,,0.35,True
Chennai,17062025144439_CGHS Rates 2024 Chennai_.pdf,20,}19.06.2023&,}19.06.2023&,,,,,,0.35,True
Chennai,17062025144439_CGHS Rates 2024 Chennai_.pdf,20,SD echocardiography 1263 1452 [,SD echocardiography 1263 1452,,,,,,0.35,True
Chennai,17062025144439_CGHS Rates 2024 Chennai_.pdf,20,594 [Fetal Echo 1360 |Rate revised w.e.f.,594 [Fetal Echo 1360 |Rate revised w.e.f.,,,,,,0.35,True
Chennai,17062025144439_CGHS Rates 2024 Chennai_.pdf,20,19.06.2023& lapplicable in all CGHS cities,06.2023& lapplicable in all CGHS cities,,,,,,0.35,True
Chennai,17062025144439_CGHS Rates 2024 Chennai_.pdf,20,[595 _|2D Transesophageal Echocardiography (TEE) 1263 1452 [OT,595 _|2D Transesophageal Echocardiography (TEE) 1263 1452 [OT,,,,,,0.35,True
Chennai,17062025144439_CGHS Rates 2024 Chennai_.pdf,20,[596 _|3D Transesophageal Echocardiography (TEE) 1263 1452 es |,596 _|3D Transesophageal Echocardiography (TEE) 1263 1452 es,,,,,,0.35,True
Chennai,17062025144439_CGHS Rates 2024 Chennai_.pdf,20,597 |Stress Echo- exercise 12400 Rate revised w.e.f,Stress Echo- exercise 12400 Rate revised w.e.f,,,,,,0.35,True
Chennai,17062025144439_CGHS Rates 2024 Chennai_.pdf,20,}19.06.2023& applicable in all CGHS cities,}19.06.2023& applicable in all CGHS cities,,,,,,0.35,True
Chennai,17062025144439_CGHS Rates 2024 Chennai_.pdf,20,598 12550 13000 [Rate revised w.e.f.,598 12550 13000 [Rate revised w.e.f.,,,,,,0.35,True
Chennai,17062025144439_CGHS Rates 2024 Chennai_.pdf,20,19.06.2023& lapplicable in all CGHS cities,06.2023& lapplicable in all CGHS cities,,,,,,0.35,True
Chennai,17062025144439_CGHS Rates 2024 Chennai_.pdf,20,"599 |Stress Myocardial Perfusion Imaging (MPI)- exercise 17,650 19,000, [Rate revised w.e.f. 19.12.2023 |x lapplicable in all CGHS cities","Stress Myocardial Perfusion Imaging (MPI)- exercise 17,650 19,000, [Rate revised w.e.f. 19.12.2023 |x lapplicable in all CGHS cities",,,,,,0.35,True
Chennai,17062025144439_CGHS Rates 2024 Chennai_.pdf,20,"[Stress Myocardial Perfusion Imaging (MPI) - pharmacological 7,650 [9,000 [Rate revised w.e.f 19.12.2023 JS lapplicable in all CGHS cities Sr. |\CGHS TREATMENT |Non- No. |PROCEDURE/INVESTIGATION LIST (DELHI/NCR) INABH/No","Stress Myocardial Perfusion Imaging (MPI) - pharmacological 7,650 [9,000 [Rate revised w.e.f 19.12.2023 JS lapplicable in all CGHS cities Sr. |\CGHS TREATMENT |Non- No. |PROCEDURE/INVESTIGATION LIST (DELHI/NCR) INABH/No",,,,nabh,,0.35,True
Chennai,17062025144439_CGHS Rates 2024 Chennai_.pdf,20,"[Coronary angiography 11,240 13,225 [Rate revised w.e.f. 19.12.2023 |& japplicable in all CGHS cities","Coronary angiography 11,240 13,225 [Rate revised w.e.f. 19.12.2023 |& japplicable in all CGHS cities",,,,,,0.35,True
Chennai,17062025144439_CGHS Rates 2024 Chennai_.pdf,20,[602 [CT coronary angiography [soso 6985 pT,602 [CT coronary angiography [soso 6985 pT,,,,,,0.35,True
Chennai,17062025144439_CGHS Rates 2024 Chennai_.pdf,20,[603 _|Cardiae CT scan p22 613 [|,603 _|Cardiae CT scan p22 613,,,,,,0.35,True
Chennai,17062025144439_CGHS Rates 2024 Chennai_.pdf,20,1604 |Cardiac MRI 16800 18000 [Rate revised w.e.f 19.06.2023 |& applicable in all CGHS cities,Cardiac MRI 16800 18000 [Rate revised w.e.f 19.06.2023 |& applicable in all CGHS cities,,,,,,0.35,True
Chennai,17062025144439_CGHS Rates 2024 Chennai_.pdf,20,[605 _|Stress Cardiac MRI 3000 3450 [OT,605 _|Stress Cardiac MRI 3000 3450 [OT,,,,,,0.35,True
Chennai,17062025144439_CGHS Rates 2024 Chennai_.pdf,20,[606 [MR angiography. 5635; a,606 [MR angiography. 5635; a,,,,,,0.35,True
Chennai,17062025144439_CGHS Rates 2024 Chennai_.pdf,20,[607_|Cardiac PET 1500 a,607_|Cardiac PET 1500 a,,,,,,0.35,True
Chennai,17062025144439_CGHS Rates 2024 Chennai_.pdf,20,"608 |Pericardiocentesis 18,500 10,000 |Rate revised w.e.f. 19.12.2023 |S lapplicable in all CGHS cities","Pericardiocentesis 18,500 10,000 |Rate revised w.e.f. 19.12.2023 |S lapplicable in all CGHS cities",,,,,,0.35,True
Chennai,17062025144439_CGHS Rates 2024 Chennai_.pdf,21,[oii [Nona delivery with or without Epiiotomy & Ppa ___|s000_____pn00__ |_|,oii [Nona delivery with or without Epiiotomy & Ppa ___|s000_____pn00__ |_,,,,,,0.35,True
Chennai,17062025144439_CGHS Rates 2024 Chennai_.pdf,21,[o13 Forceps Delivery p00 os |,o13 Forceps Delivery p00 os,,,,,,0.35,True
Chennai,17062025144439_CGHS Rates 2024 Chennai_.pdf,21,[eit [Cesarean section) —*it0—siess PCS,eit [Cesarean section) —*it0—siess PCS,,,,,,0.35,True
Chennai,17062025144439_CGHS Rates 2024 Chennai_.pdf,21,[st6 Rupture Uterus closure © repair wih Tubal Egan [15750___istts—_ |__|,st6 Rupture Uterus closure © repair wih Tubal Egan [15750___istts—_ |__,,,,,,0.35,True
Chennai,17062025144439_CGHS Rates 2024 Chennai_.pdf,21,[c17 [Perforation of Uers after DIE Laparotomy & Closure fi2an0_[iazes— | SSS,c17 [Perforation of Uers after DIE Laparotomy & Closure fi2an0_[iazes— | SSS,,,,,,0.35,True
Chennai,17062025144439_CGHS Rates 2024 Chennai_.pdf,21,[618 [Laparotomy for Ectopic preganey 700 fags,618 [Laparotomy for Ectopic preganey 700 fags,,,,,,0.35,True
Chennai,17062025144439_CGHS Rates 2024 Chennai_.pdf,21,[s19_[taparotomy-peitonits Lavage and Drainage —___|rt00____ioves__ |_|,s19_[taparotomy-peitonits Lavage and Drainage —___|rt00____ioves__ |_,,,,,,0.35,True
Chennai,17062025144439_CGHS Rates 2024 Chennai_.pdf,21,[620 _|Salphingo-Oophorectomy/ Oophorectomy Laparoscopic fioooo fiisoo PT,620 _|Salphingo-Oophorectomy/ Oophorectomy Laparoscopic fioooo fiisoo PT,,,,,,0.35,True
Chennai,17062025144439_CGHS Rates 2024 Chennai_.pdf,21,[c21 Ovarian Cystestomy-aparoscopic. ——————it0ss0——_uigos |,c21 Ovarian Cystestomy-aparoscopic. ——————it0ss0——_uigos,,,,,,0.35,True
Chennai,17062025144439_CGHS Rates 2024 Chennai_.pdf,21,[622 [Ovarian Cystectomy laparotomy. ftsg00_ assaf,622 [Ovarian Cystectomy laparotomy. ftsg00_ assaf,,,,,,0.35,True
Chennai,17062025144439_CGHS Rates 2024 Chennai_.pdf,21,[23 |Salpinao-Oophorectomsy-laparotomip—____}tisa0__sgas |__|,23 |Salpinao-Oophorectomsy-laparotomip—____}tisa0__sgas |__,,,,,,0.35,True
Chennai,17062025144439_CGHS Rates 2024 Chennai_.pdf,21,[c25 Exploration of perineal Haematoma & Repair |soo0__ nog |__|,c25 Exploration of perineal Haematoma & Repair |soo0__ nog |__,,,,,,0.35,True
Chennai,17062025144439_CGHS Rates 2024 Chennai_.pdf,21,[627 [Manual Removal ofPlacenta fn fs,627 [Manual Removal ofPlacenta fn fs,,,,,,0.35,True
Chennai,17062025144439_CGHS Rates 2024 Chennai_.pdf,21,[c26 [Examination under anestesia (EA) foo uso. |_|,c26 [Examination under anestesia (EA) foo uso. |_,,,,,,0.35,True
Chennai,17062025144439_CGHS Rates 2024 Chennai_.pdf,21,[c29 [Burstabdomen Repair ————~S too ———s | SSC—S,c29 [Burstabdomen Repair ————~S too ———s | SSC—S,,,,,,0.35,True
Chennai,17062025144439_CGHS Rates 2024 Chennai_.pdf,21,[o30_|Gaping Perineal Wound Secondary Sutumng —__|t6s6 gos |__|,o30_|Gaping Perineal Wound Secondary Sutumng —__|t6s6 gos |__,,,,,,0.35,True
Chennai,17062025144439_CGHS Rates 2024 Chennai_.pdf,21,[o31_|Gaping abdominal wound Secondary Suing [p105_____ssm___ |_|,o31_|Gaping abdominal wound Secondary Suing [p105_____ssm___ |_,,,,,,0.35,True
Chennai,17062025144439_CGHS Rates 2024 Chennai_.pdf,21,[o52|Completperinealtearsepair i000 ‘soo | CS,o52|Completperinealtearsepair i000 ‘soo | CS,,,,,,0.35,True
Chennai,17062025144439_CGHS Rates 2024 Chennai_.pdf,21,[o33_[Exploration oF PPHEtearrepair iso. pas | SS,o33_[Exploration oF PPHEtearrepair iso. pas | SS,,,,,,0.35,True
Chennai,17062025144439_CGHS Rates 2024 Chennai_.pdf,21,[534 |[Suston evacuation vesioular male —————————————~iS000 SiS,534 |[Suston evacuation vesioular male —————————————~iS000 SiS,,,,,,0.35,True
Chennai,17062025144439_CGHS Rates 2024 Chennai_.pdf,21,[35 |Suetion evacuation Missed abortion’ complete aborion |so00__|s750| |,35 |Suetion evacuation Missed abortion’ complete aborion |so00__|s750,,,,,,0.35,True
Chennai,17062025144439_CGHS Rates 2024 Chennai_.pdf,21,[637 [Repair of post-coital tear/perineal injury fs7 sean PO,637 [Repair of post-coital tear/perineal injury fs7 sean PO,,,,,,0.35,True
Chennai,17062025144439_CGHS Rates 2024 Chennai_.pdf,21,[o39_|Shirodikar/ McDonald sitch_____s220 sms | ——————*d,o39_|Shirodikar/ McDonald sitch_____s220 sms | ——————*d,,,,,,0.35,True
Chennai,17062025144439_CGHS Rates 2024 Chennai_.pdf,21,[42 Vagina Hysterectomy with repairs (UV Protas) |16000_ sao],42 Vagina Hysterectomy with repairs (UV Protas) |16000_ sao,,,,,,0.35,True
Chennai,17062025144439_CGHS Rates 2024 Chennai_.pdf,21,[c43ivomectomy laparotomy —* Oise | —SSSC——~S,c43ivomectomy laparotomy —* Oise | —SSSC——~S,,,,,,0.35,True
Chennai,17062025144439_CGHS Rates 2024 Chennai_.pdf,21,[ost ivomectomy-laparoscopis————————S—irs0s rate PC,ost ivomectomy-laparoscopis————————S—irs0s rate PC,,,,,,0.35,True
Chennai,17062025144439_CGHS Rates 2024 Chennai_.pdf,21,[546 [Vulvestomy Simple (20 fos,546 [Vulvestomy Simple (20 fos,,,,,,0.35,True
Chennai,17062025144439_CGHS Rates 2024 Chennai_.pdf,21,[oa7 Vutvectomy Radical —____|o00 _uoseo_ |__|,oa7 Vutvectomy Radical —____|o00 _uoseo_ |__,,,,,,0.35,True
Chennai,17062025144439_CGHS Rates 2024 Chennai_.pdf,21,[o48[Recovaginal Fistula (OVE) Repair ~~,o48[Recovaginal Fistula (OVE) Repair ~~,,,,,,0.35,True
Chennai,17062025144439_CGHS Rates 2024 Chennai_.pdf,21,[649 [Manchester Operation 5000 ars.,649 [Manchester Operation 5000 ars.,,,,,,0.35,True
Chennai,17062025144439_CGHS Rates 2024 Chennai_.pdf,21,[651_[Laparoscopic sling operations for prolapse uterus f25200 passa J,651_[Laparoscopic sling operations for prolapse uterus f25200 passa J,,,,,,0.35,True
Chennai,17062025144439_CGHS Rates 2024 Chennai_.pdf,21,[os3_|Cervical Biopsy —*Sifs00 foro | SCS,os3_|Cervical Biopsy —*Sifs00 foro | SCS,,,,,,0.35,True
Chennai,17062025144439_CGHS Rates 2024 Chennai_.pdf,21,[655 Other Minor Operation Endometmal 300 pws |_|,655 Other Minor Operation Endometmal 300 pws |_,,,,,,0.35,True
Chennai,17062025144439_CGHS Rates 2024 Chennai_.pdf,21,[586 [Exeison Vaginal CystBarholin Cyst Sidi ids,586 [Exeison Vaginal CystBarholin Cyst Sidi ids,,,,,,0.35,True
Chennai,17062025144439_CGHS Rates 2024 Chennai_.pdf,21,[657 [Ecision Vaginal Septum rg aro | SS,657 [Ecision Vaginal Septum rg aro | SS,,,,,,0.35,True
Chennai,17062025144439_CGHS Rates 2024 Chennai_.pdf,22,[655 [taparoscopySteniation 588,655 [taparoscopySteniation,,,588,,,0.5,True
Chennai,17062025144439_CGHS Rates 2024 Chennai_.pdf,22,[s0[taparoscopcally Assisted Vaginal Rywteectomy AWE) [po719 pera?,s0[taparoscopcally Assisted Vaginal Rywteectomy AWE) [po719 pera?,,,,,,0.35,True
Chennai,17062025144439_CGHS Rates 2024 Chennai_.pdf,22,[si [Balloon Temponade for Pox Partum Haemorhage (®PH) [2600 3220 [],si [Balloon Temponade for Pox Partum Haemorhage (®PH) [2600 3220,,,,,,0.35,True
Chennai,17062025144439_CGHS Rates 2024 Chennai_.pdf,22,[cs2[Toal laparoscopic Tyteeciomy =i ‘roof,cs2[Toal laparoscopic Tyteeciomy =i ‘roof,,,,,,0.35,True
Chennai,17062025144439_CGHS Rates 2024 Chennai_.pdf,22,[a6i_[Conisationofeersie SiS iS —S,a6i_[Conisationofeersie SiS iS —S,,,,,,0.35,True
Chennai,17062025144439_CGHS Rates 2024 Chennai_.pdf,22,[66s [Trachelctomy of endfor early CA cen [5500 sas [,66s [Trachelctomy of endfor early CA cen [5500 sas,,,,,,0.35,True
Chennai,17062025144439_CGHS Rates 2024 Chennai_.pdf,22,[s66[Rysterscopic cannulation its ito,s66[Rysterscopic cannulation its ito,,,,,,0.35,True
Chennai,17062025144439_CGHS Rates 2024 Chennai_.pdf,22,[670 faverson of Gena Vaginal Repation i500 ss,670 faverson of Gena Vaginal Repation i500 ss,,,,,,0.35,True
Chennai,17062025144439_CGHS Rates 2024 Chennai_.pdf,22,[o7i_faverson of UerssAbdomizal Reponton ——[2500__fpsr5—_— [>,o7i_faverson of UerssAbdomizal Reponton ——[2500__fpsr5—_— [>,,,,,,0.35,True
Chennai,17062025144439_CGHS Rates 2024 Chennai_.pdf,22,[a72 [Laparoscopic Vesicovaginal Fistula (VVE) Repat]2s000 32208 [/-],a72 [Laparoscopic Vesicovaginal Fistula (VVE) Repat]2s000 32208 [/-,,,,,,0.35,True
Chennai,17062025144439_CGHS Rates 2024 Chennai_.pdf,22,[673_[Absominal Vescovapinal Fistula (VWF) Repair__[26000__[sz00__|_|,673_[Absominal Vescovapinal Fistula (VWF) Repair__[26000__[sz00__|_,,,,,,0.35,True
Chennai,17062025144439_CGHS Rates 2024 Chennai_.pdf,22,[rs [Vaginal Vesioovaginal Fistula (VVF) Repair 2s000 32200 [,rs [Vaginal Vesioovaginal Fistula (VVF) Repair 2s000 32200,,,,,,0.35,True
Chennai,17062025144439_CGHS Rates 2024 Chennai_.pdf,22,[sr7—[Raryouping 200 20,sr7—[Raryouping,20,200,,,,0.72,False
Chennai,17062025144439_CGHS Rates 2024 Chennai_.pdf,22,[s78_ [Thermal atloonsblaion ist inns,s78_ [Thermal atloonsblaion ist inns,,,,,,0.35,True
Chennai,17062025144439_CGHS Rates 2024 Chennai_.pdf,22,[679[Uivasonoprephie myo “10000 frts09,679[Uivasonoprephie myo “10000 frts09,,,,,,0.35,True
Chennai,17062025144439_CGHS Rates 2024 Chennai_.pdf,22,[6s0 [Vaginal Myomeciomy 20000500,6s0 [Vaginal Myomeciomy,,,20000500,,,0.5,True
Chennai,17062025144439_CGHS Rates 2024 Chennai_.pdf,22,[6s1_[Inra Utenne Inseminitom (i920 ——dise,6s1_[Inra Utenne Inseminitom (i920 ——dise,,,,,,0.35,True
Chennai,17062025144439_CGHS Rates 2024 Chennai_.pdf,22,[62 nracytoplami sperm injection TOS) S005,62 nracytoplami sperm injection TOS) S005,,,,,,0.35,True
Chennai,17062025144439_CGHS Rates 2024 Chennai_.pdf,22,[683_[Lapaotomy abdominal sco-copopesy——__is000_imaso__ [|,683_[Lapaotomy abdominal sco-copopesy——__is000_imaso__,,,,,,0.35,True
Chennai,17062025144439_CGHS Rates 2024 Chennai_.pdf,22,[ees [Wagial Copan (0005500,ees [Wagial Copan (0005500,,,,,,0.35,True
Chennai,17062025144439_CGHS Rates 2024 Chennai_.pdf,22,[5 [tapaoscopic abdominal sasocelpopeny 200003000 [-_],5 [tapaoscopic abdominal sasocelpopeny 200003000 [-_,,,,,,0.35,True
Chennai,17062025144439_CGHS Rates 2024 Chennai_.pdf,22,[686_[tapaotomy pelts Lymphadenectomy ———[ia00 [isso [|@,686_[tapaotomy pelts Lymphadenectomy ———[ia00 [isso [|@,,,,,,0.35,True
Chennai,17062025144439_CGHS Rates 2024 Chennai_.pdf,22,[87 —[Laparoscops pelvis Lymphadenestomy [3500 fanas—__ J],87 —[Laparoscops pelvis Lymphadenestomy [3500 fanas—__ J,,,,,,0.35,True
Chennai,17062025144439_CGHS Rates 2024 Chennai_.pdf,22,[8-_[Enometia aspiration ctoogybiopsy [570 less],8-_[Enometia aspiration ctoogybiopsy [570 less,,,,,,0.35,True
Chennai,17062025144439_CGHS Rates 2024 Chennai_.pdf,22,689 _|Transvaginal sonography (TVS for Follicular monitioring 529),689 _|Transvaginal sonography (TVS for Follicular monitioring 529),,,,,,0.35,True
Chennai,17062025144439_CGHS Rates 2024 Chennai_.pdf,22,[0 laparoscopic Weatment orate continence iSO,0 laparoscopic Weatment orate continence iSO,,,,,,0.35,True
Chennai,17062025144439_CGHS Rates 2024 Chennai_.pdf,22,[si [Transvapinal tapes for Sess nontnenee ——————fiss00_fissas_[? i,si [Transvapinal tapes for Sess nontnenee ——————fiss00_fissas_[? i,,,,,,0.35,True
Chennai,17062025144439_CGHS Rates 2024 Chennai_.pdf,22,[2 [ran-oburator tapes for Stes incontinence ]1a000[in6s0[,2 [ran-oburator tapes for Stes incontinence ]1a000[in6s0,,,,,,0.35,True
Chennai,17062025144439_CGHS Rates 2024 Chennai_.pdf,22,[93 [Interventional radiogapic areal embotzaon 165001975 [|,93 [Interventional radiogapic areal embotzaon 165001975,,,,,,0.35,True
Chennai,17062025144439_CGHS Rates 2024 Chennai_.pdf,22,[95 [staging leparotomy urgey Ror Cacnama vay =O iss,95 [staging leparotomy urgey Ror Cacnama vay =O iss,,,,,,0.35,True
Chennai,17062025144439_CGHS Rates 2024 Chennai_.pdf,22,[696 ntemslTincigaton i950,696 ntemslTincigaton i950,,,,,,0.35,True
Chennai,17062025144439_CGHS Rates 2024 Chennai_.pdf,22,[57 [episedevasulansaion 8600 ps9,57 [episedevasulansaion 8600 ps9,,,,,,0.35,True
Chennai,17062025144439_CGHS Rates 2024 Chennai_.pdf,22,[98_[assined beech delivery iso,98_[assined beech delivery iso,,,,,,0.35,True
Chennai,17062025144439_CGHS Rates 2024 Chennai_.pdf,22,"99"" [nra-ueine eal Blood tansfnton i918 Jn2009 —[-—__","99"" [nra-ueine eal Blood tansfnton i918 Jn2009 —[-—__",,,,,,0.35,True
Chennai,17062025144439_CGHS Rates 2024 Chennai_.pdf,22,[703 _[ivsterosopy Diagnostic —*iT50————irros P,703 _[ivsterosopy Diagnostic —*iT50————irros P,,,,,,0.35,True
Chennai,17062025144439_CGHS Rates 2024 Chennai_.pdf,23,[107 |[steiiztoniaterval mint) 5150. asx [|$,107 |[steiiztoniaterval mint) 5150. asx [|$,,,,,,0.35,True
Chennai,17062025144439_CGHS Rates 2024 Chennai_.pdf,23,708 [Ultrasonography Level II scan/Anomaly Scan 1700 [2000 Rate revised w.e.f. 19.06.2023,708 [Ultrasonography Level II scan/Anomaly Scan 1700 [2000 Rate revised w.e.f. 19.06.2023,,,,,,0.35,True
Chennai,17062025144439_CGHS Rates 2024 Chennai_.pdf,23,710 1425 1675 [Rate revised w.e.f. 19.06.2023,710 1425 1675 [Rate revised w.e.f. 19.06.2023,,,,,,0.35,True
Chennai,17062025144439_CGHS Rates 2024 Chennai_.pdf,23,[7i2 [Medical Teminstion of Pregnancy (MTP) 2nd Tamester ———[5953___fasap_——P@,7i2 [Medical Teminstion of Pregnancy (MTP) 2nd Tamester ———[5953___fasap_——P@,,,,,,0.35,True
Chennai,17062025144439_CGHS Rates 2024 Chennai_.pdf,23,[ris fovadpietet i000 ———is00sP,ris fovadpietet i000 ———is00sP,,,,,,0.35,True
Chennai,17062025144439_CGHS Rates 2024 Chennai_.pdf,23,[7s [Biophysical are f600 Yop,7s [Biophysical are f600 Yop,,,,,,0.35,True
Chennai,17062025144439_CGHS Rates 2024 Chennai_.pdf,23,: p2s000,: p2s000,,,,,,0.35,True
Chennai,17062025144439_CGHS Rates 2024 Chennai_.pdf,23,[is [Parial Neprestomy-Laparseapivendosapis ————————_fiaas0 soe [i,is [Parial Neprestomy-Laparseapivendosapis ————————_fiaas0 soe [i,,,,,,0.35,True
Chennai,17062025144439_CGHS Rates 2024 Chennai_.pdf,23,[ria fNepivoithomy-pen 12000 s800 J,ria fNepivoithomy-pen 12000 s800 J,,,,,,0.35,True
Chennai,17062025144439_CGHS Rates 2024 Chennai_.pdf,23,[720 [Nephroithomy-Lapaoscopiendoscope ido eio0___[-,720 [Nephroithomy-Lapaoscopiendoscope ido eio0___[-,,,,,,0.35,True
Chennai,17062025144439_CGHS Rates 2024 Chennai_.pdf,23,[21 Pyeioithowomypen “i000 Yas,21 Pyeioithowomypen “i000 Yas,,,,,,0.35,True
Chennai,17062025144439_CGHS Rates 2024 Chennai_.pdf,23,[722 Pyeiothoromy-Lapaowcopivendoscapie ———————————=*is0———isier,722 Pyeiothoromy-Lapaowcopivendoscapie ———————————=*is0———isier,,,,,,0.35,True
Chennai,17062025144439_CGHS Rates 2024 Chennai_.pdf,23,[73 [Operations for Fydronphronspyeoplantyopen————_[rea00__ri60—— [|,73 [Operations for Fydronphronspyeoplantyopen————_[rea00__ri60——,,,,,,0.35,True
Chennai,17062025144439_CGHS Rates 2024 Chennai_.pdf,23,[72s Operations for Fydronephrowis-pyeloplantyLapendossopis ——_[;g000__[aaso |_|,72s Operations for Fydronephrowis-pyeloplantyLapendossopis ——_[;g000__[aaso |_,,,,,,0.35,True
Chennai,17062025144439_CGHS Rates 2024 Chennai_.pdf,23,[725 [Operations for Fydronephrons Endpyeltomy antegrade [2000023000 [|],725 [Operations for Fydronephrons Endpyeltomy antegrade [2000023000,,,,,,0.35,True
Chennai,17062025144439_CGHS Rates 2024 Chennai_.pdf,23,[726 [Operations for Fydronephrons Enopiyelotomyrevograde [20000 [3000 [ |,726 [Operations for Fydronephrons Enopiyelotomyrevograde [20000 [3000,,,,,,0.35,True
Chennai,17062025144439_CGHS Rates 2024 Chennai_.pdf,23,[727 [Operations for Fydronephronisurterocalcostomy 1600020700 [-],727 [Operations for Fydronephronisurterocalcostomy 1600020700 [-,,,,,,0.35,True
Chennai,17062025144439_CGHS Rates 2024 Chennai_.pdf,23,[728 [Operations forFydroneproni-Teal weer [160000700 [|,728 [Operations forFydroneproni-Teal weer [160000700,,,,,,0.35,True
Chennai,17062025144439_CGHS Rates 2024 Chennai_.pdf,23,[72 [Open Drainage of Peinephric Abscess |s000 00. [-—_],72 [Open Drainage of Peinephric Abscess |s000 00. [-—_,,,,,,0.35,True
Chennai,17062025144439_CGHS Rates 2024 Chennai_.pdf,23,[732 [Operations for Cyt of the Ridney-open ize sis,732 [Operations for Cyt of the Ridney-open ize sis,,,,,,0.35,True
Chennai,17062025144439_CGHS Rates 2024 Chennai_.pdf,23,[733_[Operaions for Cyst ofthe Kidney Laplendoscopis———————fiaoso——_rerss— > i,733_[Operaions for Cyst ofthe Kidney Laplendoscopis———————fiaoso——_rerss— > i,,,,,,0.35,True
Chennai,17062025144439_CGHS Rates 2024 Chennai_.pdf,23,[5_[Ureteroliotomy-LaprEnoscopis x00 iso0 [|,5_[Ureteroliotomy-LaprEnoscopis x00 iso0,,,,,,0.35,True
Chennai,17062025144439_CGHS Rates 2024 Chennai_.pdf,23,[36 _[Nephrowreterestomy open “itt Yess,36 _[Nephrowreterestomy open “itt Yess,,,,,,0.35,True
Chennai,17062025144439_CGHS Rates 2024 Chennai_.pdf,23,[37 [Nephrowretrestomy Lap Eadancopis =i isis,37 [Nephrowretrestomy Lap Eadancopis =i isis,,,,,,0.35,True
Chennai,17062025144439_CGHS Rates 2024 Chennai_.pdf,23,[78 [Operations for Ueter for Double Urea [19000_sso— [$d,78 [Operations for Ueter for Double Urea [19000_sso— [$d,,,,,,0.35,True
Chennai,17062025144439_CGHS Rates 2024 Chennai_.pdf,23,[39-[Operations for Uster for Ectopia of Single Unser 1800020700 [-],39-[Operations for Uster for Ectopia of Single Unser 1800020700 [-,,,,,,0.35,True
Chennai,17062025144439_CGHS Rates 2024 Chennai_.pdf,23,[0 [Operations for VesicoueteicRefix (VUR)-Open 160000700 [|,0 [Operations for VesicoueteicRefix (VUR)-Open 160000700,,,,,,0.35,True
Chennai,17062025144439_CGHS Rates 2024 Chennai_.pdf,23,[723_[Ureteosiomy= Cuanesus i000 ———“Ys80,723_[Ureteosiomy= Cuanesus i000 ———“Ys80,,,,,,0.35,True
Chennai,17062025144439_CGHS Rates 2024 Chennai_.pdf,24,[Fas _[Gister-Cotc anastomosis i000 v0,Fas _[Gister-Cotc anastomosis i000 v0,,,,,,0.35,True
Chennai,17062025144439_CGHS Rates 2024 Chennai_.pdf,24,[ras [Fonnaton ofan eal Conduit ]17950 sas [,ras [Fonnaton ofan eal Conduit ]17950 sas,,,,,,0.35,True
Chennai,17062025144439_CGHS Rates 2024 Chennai_.pdf,24,[rs6_[Uretene Catetersation ———————*if278 fos,rs6_[Uretene Catetersation ———————*if278 fos,,,,,,0.35,True
Chennai,17062025144439_CGHS Rates 2024 Chennai_.pdf,24,[a7 [Biopsy of Bladder (Cystoscopy) eorex |],a7 [Biopsy of Bladder (Cystoscopy) eorex,,,,,,0.35,True
Chennai,17062025144439_CGHS Rates 2024 Chennai_.pdf,24,[9 [Operations for injures oFthe Binder [10000 Iisoo—_ [>|,9 [Operations for injures oFthe Binder [10000 Iisoo—_ [>,,,,,,0.35,True
Chennai,17062025144439_CGHS Rates 2024 Chennai_.pdf,24,[0 Suprepubic Drainage (Cystostomyvexizantmy) [6000 es00 |,0 Suprepubic Drainage (Cystostomyvexizantmy) [6000 es00,,,,,,0.35,True
Chennai,17062025144439_CGHS Rates 2024 Chennai_.pdf,24,[52 [Divericalestomy open 16000 isso [,52 [Divericalestomy open 16000 isso,,,,,,0.35,True
Chennai,17062025144439_CGHS Rates 2024 Chennai_.pdf,24,[3 _[Diverculestomy-LapiEniomapie isso pio),3 _[Diverculestomy-LapiEniomapie isso pio),,,,,,0.35,True
Chennai,17062025144439_CGHS Rates 2024 Chennai_.pdf,24,['s4_[Diveieulestony Endoscopic nesion neck 725 figs i,'s4_[Diveieulestony Endoscopic nesion neck 725 figs i,,,,,,0.35,True
Chennai,17062025144439_CGHS Rates 2024 Chennai_.pdf,24,[5 [augmentation Cyatopiaty oer fron,5 [augmentation Cyatopiaty oer fron,,,,,,0.35,True
Chennai,17062025144439_CGHS Rates 2024 Chennai_.pdf,24,[756 [Operations for Exstropiy of Wie Bladder. Single age repaw™ [22500 seas),756 [Operations for Exstropiy of Wie Bladder. Single age repaw™ [22500 seas),,,,,,0.35,True
Chennai,17062025144439_CGHS Rates 2024 Chennai_.pdf,24,[757 [Operations for Exstrophy ofthe Bladder: Mulistage repair [20815957 [/,757 [Operations for Exstrophy ofthe Bladder: Mulistage repair [20815957 [/,,,,,,0.35,True
Chennai,17062025144439_CGHS Rates 2024 Chennai_.pdf,24,[759 [Repar of Ureterocoel-Open ise [isev0 [J,759 [Repar of Ureterocoel-Open ise [isev0 [J,,,,,,0.35,True
Chennai,17062025144439_CGHS Rates 2024 Chennai_.pdf,24,[0 [Repair of Ureterocoel -LapEadancopie iiss ross),0 [Repair of Ureterocoel -LapEadancopie iiss ross),,,,,,0.35,True
Chennai,17062025144439_CGHS Rates 2024 Chennai_.pdf,24,[1 [RepairofUreterocoel Endoscopic neiton i300 frags0[),1 [RepairofUreterocoel Endoscopic neiton i300 frags0[),,,,,,0.35,True
Chennai,17062025144439_CGHS Rates 2024 Chennai_.pdf,24,[62 [Open Suprapbic Prosatestomy =i “isos,62 [Open Suprapbic Prosatestomy =i “isos,,,,,,0.35,True
Chennai,17062025144439_CGHS Rates 2024 Chennai_.pdf,24,[763_[Open Retopubic Prostatectomy 0125 sige |,763_[Open Retopubic Prostatectomy 0125 sige,,,,,,0.35,True
Chennai,17062025144439_CGHS Rates 2024 Chennai_.pdf,24,[64 [Transuretiral Resection oF rosie TURE) ——————————*iises0———iaas PS,64 [Transuretiral Resection oF rosie TURE) ——————————*iises0———iaas PS,,,,,,0.35,True
Chennai,17062025144439_CGHS Rates 2024 Chennai_.pdf,24,[6s [Uretirscopy/Cyrtopanendoscopy —————fa600.fs90. J),6s [Uretirscopy/Cyrtopanendoscopy —————fa600.fs90. J),,,,,,0.35,True
Chennai,17062025144439_CGHS Rates 2024 Chennai_.pdf,24,[66 tntemal wetivofomy optical ——*iT50———— fost —sP,66 tntemal wetivofomy optical ——*iT50———— fost —sP,,,,,,0.35,True
Chennai,17062025144439_CGHS Rates 2024 Chennai_.pdf,24,[767 fnteraturetirotomy-Core trough wetimoplaty —_____[110ad__|rze9@_ |__|,767 fnteraturetirotomy-Core trough wetimoplaty —_____[110ad__|rze9@_ |__,,,,,,0.35,True
Chennai,17062025144439_CGHS Rates 2024 Chennai_.pdf,24,[6 [Uretiral Reconstruction -End to end ansatamosis 450 3968 [,6 [Uretiral Reconstruction -End to end ansatamosis 450 3968,,,,,,0.35,True
Chennai,17062025144439_CGHS Rates 2024 Chennai_.pdf,24,[770_[Absomino Pensa retwopiaty——_____jiao00__ fiero,770_[Absomino Pensa retwopiaty——_____jiao00__ fiero,,,,,,0.35,True
Chennai,17062025144439_CGHS Rates 2024 Chennai_.pdf,24,[771 [Posterior Urethral Vale fulguation ——————————irzr0———‘sge,771 [Posterior Urethral Vale fulguation ——————————irzr0———‘sge,,,,,,0.35,True
Chennai,17062025144439_CGHS Rates 2024 Chennai_.pdf,24,[772 [Operations for incontinence of Urine “Mate-Open [17250 sess [|,772 [Operations for incontinence of Urine “Mate-Open [17250 sess,,,,,,0.35,True
Chennai,17062025144439_CGHS Rates 2024 Chennai_.pdf,24,[773 [Operations forincontinence of Urine -Male-Sling_isao0_fprig[|- |,773 [Operations forincontinence of Urine -Male-Sling_isao0_fprig[|-,,,,,,0.35,True
Chennai,17062025144439_CGHS Rates 2024 Chennai_.pdf,24,[74 [ Operations fr incontinence of Urine = Mate-Bukang agent —fisass—sso__ [|],74 [ Operations fr incontinence of Urine = Mate-Bukang agent —fisass—sso__,,,,,,0.35,True
Chennai,17062025144439_CGHS Rates 2024 Chennai_.pdf,24,[775 [Operations forincontinence of Urine =Female-Open [17250 sas [|_|,775 [Operations forincontinence of Urine =Female-Open [17250 sas [|_,,,,,,0.35,True
Chennai,17062025144439_CGHS Rates 2024 Chennai_.pdf,24,[776 [Operations for incontinence of Urine Female-Shng —_[is400_prigo[- |,776 [Operations for incontinence of Urine Female-Shng —_[is400_prigo[-,,,,,,0.35,True
Chennai,17062025144439_CGHS Rates 2024 Chennai_.pdf,24,[77s_[Retuction oFParaphimosm Siw,77s_[Retuction oFParaphimosm Siw,,,,,,0.35,True
Chennai,17062025144439_CGHS Rates 2024 Chennai_.pdf,24,frre [cireumeision 300050 [-—___,frre [cireumeision 300050 [-—___,,,,,,0.35,True
Chennai,17062025144439_CGHS Rates 2024 Chennai_.pdf,24,[rs0_JMestotomy 286 9,rs0_JMestotomy,9,286,,,,0.72,False
Chennai,17062025144439_CGHS Rates 2024 Chennai_.pdf,24,[riety finn0 03,riety finn0,,,03,,,0.5,True
Chennai,17062025144439_CGHS Rates 2024 Chennai_.pdf,24,[782 [Operations for Fgponpadias > Chordes Comecion [9200 ios],782 [Operations for Fgponpadias > Chordes Comecion [9200 ios,,,,,,0.35,True
Chennai,17062025144439_CGHS Rates 2024 Chennai_.pdf,24,[783 [Operations forFypospaias- Second Sage —————iso00__[iraso—[- |,783 [Operations forFypospaias- Second Sage —————iso00__[iraso—[-,,,,,,0.35,True
Chennai,17062025144439_CGHS Rates 2024 Chennai_.pdf,24,[74 [Operations for Hypospaias-One Stage Repair [o200_ oss [|,74 [Operations for Hypospaias-One Stage Repair [o200_ oss,,,,,,0.35,True
Chennai,17062025144439_CGHS Rates 2024 Chennai_.pdf,24,[785 [Operations for Cnppied Hypospadias itso ———iszasP@,785 [Operations for Cnppied Hypospadias itso ———iszasP@,,,,,,0.35,True
Chennai,17062025144439_CGHS Rates 2024 Chennai_.pdf,24,[786 [Operations forEpspadias_pmaryepeit————————*s95 ras CS,786 [Operations forEpspadias_pmaryepeit————————*s95 ras CS,,,,,,0.35,True
Chennai,17062025144439_CGHS Rates 2024 Chennai_.pdf,24,[787 [operations for Epispadias crippled epapadias iss [iso0__[|/,787 [operations for Epispadias crippled epapadias iss [iso0__[|/,,,,,,0.35,True
Chennai,17062025144439_CGHS Rates 2024 Chennai_.pdf,24,[788 [ParislAmpuationofthePens——*i0Ts——izsv iPS,788 [ParislAmpuationofthePens——*i0Ts——izsv iPS,,,,,,0.35,True
Chennai,17062025144439_CGHS Rates 2024 Chennai_.pdf,24,[9 [ Total amputation ofthe Penis 12000800.,9 [ Total amputation ofthe Penis 12000800.,,,,,,0.35,True
Chennai,17062025144439_CGHS Rates 2024 Chennai_.pdf,24,[90 [Orchidectomy-Simple is tz,90 [Orchidectomy-Simple is tz,,,,,,0.35,True
Chennai,17062025144439_CGHS Rates 2024 Chennai_.pdf,24,[51_[Orcidectomy-Radieal “iors ise,51_[Orcidectomy-Radieal “iors ise,,,,,,0.35,True
Chennai,17062025144439_CGHS Rates 2024 Chennai_.pdf,24,[53 [Bpiidymesomy i TS,53 [Bpiidymesomy i TS,,,,,,0.35,True
Chennai,17062025144439_CGHS Rates 2024 Chennai_.pdf,24,"794 | Adreneclectomy Unilateral/Bilateral for Tumour/For 125300. }29095, ‘o_O","Adreneclectomy Unilateral/Bilateral for Tumour/For 125300. }29095, ‘o_O",,,,,,0.35,True
Chennai,17062025144439_CGHS Rates 2024 Chennai_.pdf,24,1795 |Adreneclectomy Unilateral/Bilateral for Tumour/For 14375 16531 camped CT,Adreneclectomy Unilateral/Bilateral for Tumour/For 14375 16531 camped CT,,,,,,0.35,True
Chennai,17062025144439_CGHS Rates 2024 Chennai_.pdf,25,[796 Operations forFvdrocele- United —————SSSSCS~iB CdS SSCS,796 Operations forFvdrocele- United —————SSSSCS~iB CdS SSCS,,,,,,0.35,True
Chennai,17062025144439_CGHS Rates 2024 Chennai_.pdf,25,[797 [Operations forHiydrocele Bilateral 8556 fogs,797 [Operations forHiydrocele Bilateral 8556 fogs,,,,,,0.35,True
Chennai,17062025144439_CGHS Rates 2024 Chennai_.pdf,25,[798 Operation for Torsion oF Testis frnsoo_ saa | ———SSSSSC——S,798 Operation for Torsion oF Testis frnsoo_ saa | ———SSSSSC——S,,,,,,0.35,True
Chennai,17062025144439_CGHS Rates 2024 Chennai_.pdf,25,[500 | Operations for Varicocele Unters Microsurgcal 705s |__|,500 | Operations for Varicocele Unters Microsurgcal 705s |__,,,,,,0.35,True
Chennai,17062025144439_CGHS Rates 2024 Chennai_.pdf,25,[s01_—| Operations for Varicocele Palomo's Unilateral -Lap_[9200.__figsso__ [+4,s01_—| Operations for Varicocele Palomo's Unilateral -Lap_[9200.__figsso__ [+4,,,,,,0.35,True
Chennai,17062025144439_CGHS Rates 2024 Chennai_.pdf,25,[s02 | Operations for Vaicocele Bilateral —Mirosurgical _|i26s0__iases_| |,s02 | Operations for Vaicocele Bilateral —Mirosurgical _|i26s0__iases_,,,,,,0.35,True
Chennai,17062025144439_CGHS Rates 2024 Chennai_.pdf,25,[s03 [Operation fr Varicocel Bilteral—Lap/ Palomo [14s30—|iss_——|/ id,s03 [Operation fr Varicocel Bilteral—Lap/ Palomo [14s30—|iss_——|/ id,,,,,,0.35,True
Chennai,17062025144439_CGHS Rates 2024 Chennai_.pdf,25,[804 [Block Dissection of ilio-inguinal Nodes - One Side (For Ca- [6325 7274,804 [Block Dissection of ilio-inguinal Nodes - One Side (For Ca- [6325,,,7274,,,0.5,True
Chennai,17062025144439_CGHS Rates 2024 Chennai_.pdf,25,[806 [Excision of Filarial Serotum fs gas,806 [Excision of Filarial Serotum fs gas,,,,,,0.35,True
Chennai,17062025144439_CGHS Rates 2024 Chennai_.pdf,25,"[s07 Kidney Transplantation elated) [poo000 e300"" |_|","s07 Kidney Transplantation elated) [poo000 e300"" |_",,,,,,0.35,True
Chennai,17062025144439_CGHS Rates 2024 Chennai_.pdf,25,[505 ABO incompatible Transplantation jwai000___|povis0__ |__|,505 ABO incompatible Transplantation jwai000___|povis0__ |__,,,,,,0.35,True
Chennai,17062025144439_CGHS Rates 2024 Chennai_.pdf,25,[s10_|Swap Transplantation ———+isa000 asso |S,s10_|Swap Transplantation ———+isa000 asso |S,,,,,,0.35,True
Chennai,17062025144439_CGHS Rates 2024 Chennai_.pdf,25,[sti [Kidney Transplant GraftNephreciomy —__|s9so0 Jonas |__|,sti [Kidney Transplant GraftNephreciomy —__|s9so0 Jonas |__,,,,,,0.35,True
Chennai,17062025144439_CGHS Rates 2024 Chennai_.pdf,25,[si2- [Donor Nephrectomy (open) —————————SSSSSSS—~*250——isoes | SC—S,si2- [Donor Nephrectomy (open) —————————SSSSSSS—~*250——isoes | SC—S,,,,,,0.35,True
Chennai,17062025144439_CGHS Rates 2024 Chennai_.pdf,25,[s13 [Donor Nephrectomy Laparoscopis) ____|sso00_|s2900 |_|,s13 [Donor Nephrectomy Laparoscopis) ____|sso00_|s2900 |_,,,,,,0.35,True
Chennai,17062025144439_CGHS Rates 2024 Chennai_.pdf,25,[sts |Cadaver Transplantation ———————————S—*i300 fost | SSCS,sts |Cadaver Transplantation ———————————S—*i300 fost | SSCS,,,,,,0.35,True
Chennai,17062025144439_CGHS Rates 2024 Chennai_.pdf,25,[519 [Post-Transplant Collection drainage For Lymphocee (open) |es00____[raa0_| |,519 [Post-Transplant Collection drainage For Lymphocee (open) |es00____[raa0_,,,,,,0.35,True
Chennai,17062025144439_CGHS Rates 2024 Chennai_.pdf,25,[522 [Arteriovenous Fistula fr Faemodahsis ———~is0e ies dE CC—~Sd,522 [Arteriovenous Fistula fr Faemodahsis ———~is0e ies dE CC—~Sd,,,,,,0.35,True
Chennai,17062025144439_CGHS Rates 2024 Chennai_.pdf,25,[823 [Arteriovenous Shunt forHHaemodialysis [500 fons,823 [Arteriovenous Shunt forHHaemodialysis [500 fons,,,,,,0.35,True
Chennai,17062025144439_CGHS Rates 2024 Chennai_.pdf,25,[s24_bugular Catheterization for Haemodilysis——___|iso0 mas |_|,s24_bugular Catheterization for Haemodilysis——___|iso0 mas |_,,,,,,0.35,True
Chennai,17062025144439_CGHS Rates 2024 Chennai_.pdf,25,[825 _[Subclavian Catheterization forHaemodialysis 250 fasas_ TO,825 _[Subclavian Catheterization forHaemodialysis 250 fasas_ TO,,,,,,0.35,True
Chennai,17062025144439_CGHS Rates 2024 Chennai_.pdf,25,[528 [Double Lumen Femoral Cathterzaton fr Haemodiain —_|iss0_____Jage__ |__|,528 [Double Lumen Femoral Cathterzaton fr Haemodiain —_|iss0_____Jage__ |__,,,,,,0.35,True
Chennai,17062025144439_CGHS Rates 2024 Chennai_.pdf,25,[s29[Permesthinerion———Si#SOSSCiRHCdP SSCS,s29[Permesthinerion———Si#SOSSCiRHCdP SSCS,,,,,,0.35,True
Chennai,17062025144439_CGHS Rates 2024 Chennai_.pdf,25,[s30_[Anerio venous Prosthet Ga fisso_Jaas |_|,s30_[Anerio venous Prosthet Ga fisso_Jaas |_,,,,,,0.35,True
Chennai,17062025144439_CGHS Rates 2024 Chennai_.pdf,25,[s51_|Single amen gular Cathetezaion ——————————————*ist———ias | Sd,s51_|Single amen gular Cathetezaion ——————————————*ist———ias | Sd,,,,,,0.35,True
Chennai,17062025144439_CGHS Rates 2024 Chennai_.pdf,25,[832 _|Single tumen Subclavian Catheterization | ft700 tgs,832 _|Single tumen Subclavian Catheterization | ft700 tgs,,,,,,0.35,True
Chennai,17062025144439_CGHS Rates 2024 Chennai_.pdf,25,[s33_[Plasma Exchange/Plasmepheresis mas iss | —————d,s33_[Plasma Exchange/Plasmepheresis mas iss | —————d,,,,,,0.35,True
Chennai,17062025144439_CGHS Rates 2024 Chennai_.pdf,25,[835 |Continuous Ambulatory Peritoneal Dialysis (CAPD) catheter 3150 3623,835 |Continuous Ambulatory Peritoneal Dialysis (CAPD) catheter,3623,3150,,,,0.72,False
Chennai,17062025144439_CGHS Rates 2024 Chennai_.pdf,25,[356 | Sustained Tow efcincy haemodialven emodiyas —_|ias0____[se_ |] |,356 | Sustained Tow efcincy haemodialven emodiyas —_|ias0____[se_,,,,,,0.35,True
Chennai,17062025144439_CGHS Rates 2024 Chennai_.pdf,26,1837 |Contmuous Veno venous/Arteriovenous Haemofilteration 12250 12588 i ae i,Contmuous Veno venous/Arteriovenous Haemofilteration 12250 12588 i ae i,,,,,,0.35,True
Chennai,17062025144439_CGHS Rates 2024 Chennai_.pdf,26,[538 [Haemodiaiyis/ Hemodiayan fr Seronegatvecaes fia [rer fP@,538 [Haemodiaiyis/ Hemodiayan fr Seronegatvecaes fia [rer fP@,,,,,,0.35,True
Chennai,17062025144439_CGHS Rates 2024 Chennai_.pdf,26,[9 [Heemodialyis/ Hemodialysis for Seo Positve cass (1650 sgs— Pi [sso [Acute Peritoneal Dayss fas fg,9 [Heemodialyis/ Hemodialysis for Seo Positve cass (1650 sgs— Pi [sso [Acute Peritoneal Dayss fas fg,,,,,,0.35,True
Chennai,17062025144439_CGHS Rates 2024 Chennai_.pdf,26,[ssi_[Fisulogram for AnerovenousFinula 2500 pars P$ [s22_[Utrasound guided Kidney Dippy 50 ————ire P,ssi_[Fisulogram for AnerovenousFinula 2500 pars P$ [s22_[Utrasound guided Kidney Dippy 50 ————ire P,,,,,,0.35,True
Chennai,17062025144439_CGHS Rates 2024 Chennai_.pdf,26,[s43 [isola stenosis diate 000 05 [se4_|[Stow continoous Ulaliferaion ————as00__ppsrs—— sf?,s43 [isola stenosis diate 000 05 [se4_|[Stow continoous Ulaliferaion ————as00__ppsrs—— sf?,,,,,,0.35,True
Chennai,17062025144439_CGHS Rates 2024 Chennai_.pdf,26,[585 [Percutaneous Neproliotomy (PCNE)- Unite 20000 [23000 —__[-—-__],585 [Percutaneous Neproliotomy (PCNE)- Unite 20000 [23000 —__[-—-__,,,,,,0.35,True
Chennai,17062025144439_CGHS Rates 2024 Chennai_.pdf,26,[6 [Pereutaneous Neprolitiotomy (PCNE) Bilateral —[25000__s7s0__|_|,6 [Pereutaneous Neprolitiotomy (PCNE) Bilateral —[25000__s7s0__|_,,,,,,0.35,True
Chennai,17062025144439_CGHS Rates 2024 Chennai_.pdf,26,fas? [Endoscopic Bulking agent injest ———————]a500. irs] [sss_[TesicularBiopsy iS ees [9 [Radical Neprectomy“Open iS igs,fas? [Endoscopic Bulking agent injest ———————]a500. irs] [sss_[TesicularBiopsy iS ees [9 [Radical Neprectomy“Open iS igs,,,,,,0.35,True
Chennai,17062025144439_CGHS Rates 2024 Chennai_.pdf,26,50 [Radical Nephrectomy -Lap Endascopio 20700 0s [--_],50 [Radical Nephrectomy -Lap Endascopio 20700 0s [--_,,,,,,0.35,True
Chennai,17062025144439_CGHS Rates 2024 Chennai_.pdf,26,[si [Radical Nephrectomy pis TV thrombus 20700_ss05___[_] a a ee [55 _[Weseovaginal Fs (VO) Repair (Opead =i ————v0,si [Radical Nephrectomy pis TV thrombus 20700_ss05___[_] a a ee [55 _[Weseovaginal Fs (VO) Repair (Opead =i ————v0,,,,,,0.35,True
Chennai,17062025144439_CGHS Rates 2024 Chennai_.pdf,26,[4 [VescovaginalFisaa (VWF) Repair (Laparoscopic) [22000300 [|@,4 [VescovaginalFisaa (VWF) Repair (Laparoscopic) [22000300 [|@,,,,,,0.35,True
Chennai,17062025144439_CGHS Rates 2024 Chennai_.pdf,26,[ass [Radical Cyntectomy-Tealcondut——————————————*#iv000 fins,ass [Radical Cyntectomy-Tealcondut——————————————*#iv000 fins,,,,,,0.35,True
Chennai,17062025144439_CGHS Rates 2024 Chennai_.pdf,26,[56_[Radieal Cystectomy coninent iverson 15000 mas [@ |,56_[Radieal Cystectomy coninent iverson 15000 mas [@,,,,,,0.35,True
Chennai,17062025144439_CGHS Rates 2024 Chennai_.pdf,26,[57 [Radical Cystestomy—Neo bladder e500 —arar5_[,57 [Radical Cystestomy—Neo bladder e500 —arar5_,,,,,,0.35,True
Chennai,17062025144439_CGHS Rates 2024 Chennai_.pdf,26,[ss8_[Nephrectomy Simple-Open 1007s Jses_ [SS,ss8_[Nephrectomy Simple-Open 1007s Jses_ [SS,,,,,,0.35,True
Chennai,17062025144439_CGHS Rates 2024 Chennai_.pdf,26,[59 [Nephrectomy SimplelapEndosmopis————i895———ias,59 [Nephrectomy SimplelapEndosmopis————i895———ias,,,,,,0.35,True
Chennai,17062025144439_CGHS Rates 2024 Chennai_.pdf,26,[sso [Nephrowomy-Open——————x0000 500,sso [Nephrowomy-Open——————x0000,,,500,,,0.5,True
Chennai,17062025144439_CGHS Rates 2024 Chennai_.pdf,26,[ssi_[Nephrosomy -CapEndoscopis 968 Jno [>,ssi_[Nephrosomy -CapEndoscopis 968 Jno [>,,,,,,0.35,True
Chennai,17062025144439_CGHS Rates 2024 Chennai_.pdf,26,862 | Ureteric Reimplant for Megaureter/Vesicoureteric reflux/ ureterocele [10494 12068 eo pe Pe |,Ureteric Reimplant for Megaureter/Vesicoureteric reflux/ ureterocele [10494 12068 eo pe Pe,,,,,,0.35,True
Chennai,17062025144439_CGHS Rates 2024 Chennai_.pdf,26,863 | Ureteric Reimplant for Megaureter/Vesicoureteric reflux/ ureterocele [10494 12068 _— ee | fa64 Pail Cystectomy nea,Ureteric Reimplant for Megaureter/Vesicoureteric reflux/ ureterocele [10494 12068 _— ee | fa64 Pail Cystectomy nea,,,,,,0.35,True
Chennai,17062025144439_CGHS Rates 2024 Chennai_.pdf,26,1865 |Transurethral Resection of Prostate (TURP) & Transurethral 117250 19838 |Resection of Bladder we ee fT [S67 [Closure of Gretel Fata“ [68 _[Orcidopexy- Unilateral Open ise sa,Transurethral Resection of Prostate (TURP) & Transurethral 117250 19838 |Resection of Bladder we ee fT [S67 [Closure of Gretel Fata“ [68 _[Orcidopexy- Unilateral Open ise sa,,,,,,0.35,True
Chennai,17062025144439_CGHS Rates 2024 Chennai_.pdf,26,[869 [Orchidopexy- Uniatal-LeprEndowapis ies rsiee i [s70[Orcidopeny=Bilateal-Open tog iain i [s7i_[OrchidopexyBiteral-CapyEndowcopis =i‘ [s72[Cysolthotomy-suprapobie iTS na i,869 [Orchidopexy- Uniatal-LeprEndowapis ies rsiee i [s70[Orcidopeny=Bilateal-Open tog iain i [s7i_[OrchidopexyBiteral-CapyEndowcopis =i‘ [s72[Cysolthotomy-suprapobie iTS na i,,,,,,0.35,True
Chennai,17062025144439_CGHS Rates 2024 Chennai_.pdf,26,fa73 [Endoscopic Removal of Stone w Bladder 345096 [-__] meter TL | incision/transurethral incision on prostrate [eS [Ureteroscope Supery DO [s76_[Oretirplaty Tt Stage ins so,fa73 [Endoscopic Removal of Stone w Bladder 345096 [-__] meter TL | incision/transurethral incision on prostrate [eS [Ureteroscope Supery DO [s76_[Oretirplaty Tt Stage ins so,,,,,,0.35,True
Chennai,17062025144439_CGHS Rates 2024 Chennai_.pdf,26,[s77—|[Serotal Exploration 3586 aso [J [srs [Perineal Uretiostomy iris dees,s77—|[Serotal Exploration 3586 aso [J [srs [Perineal Uretiostomy iris dees,,,,,,0.35,True
Chennai,17062025144439_CGHS Rates 2024 Chennai_.pdf,26,[s79 [Dilatation of Stctwe Greta mderGA—————————(po00 300 Sr. \CGHS TREATMENT |Non- = eminem || [asian of Scr Urea dee,s79 [Dilatation of Stctwe Greta mderGA—————————(po00 300 Sr. \CGHS TREATMENT |Non- = eminem || [asian of Scr Urea dee,,,,,,0.35,True
Chennai,17062025144439_CGHS Rates 2024 Chennai_.pdf,27,[5a _[taparoscopie paral Nepirewomy =i 00 PS,5a _[taparoscopie paral Nepirewomy =i 00 PS,,,,,,0.35,True
Chennai,17062025144439_CGHS Rates 2024 Chennai_.pdf,27,[ss3_[tapaoscopi pyeoliiotomy ings,ss3_[tapaoscopi pyeoliiotomy ings,,,,,,0.35,True
Chennai,17062025144439_CGHS Rates 2024 Chennai_.pdf,27,[st [Eapaoscopic Pyelopaty 0s rz,st [Eapaoscopic Pyelopaty 0s rz,,,,,,0.35,True
Chennai,17062025144439_CGHS Rates 2024 Chennai_.pdf,27,[85._[Capaoscopic surgery fr Regt i905 pa Pi,85._[Capaoscopic surgery fr Regt i905 pa Pi,,,,,,0.35,True
Chennai,17062025144439_CGHS Rates 2024 Chennai_.pdf,27,[86 [Laparoscopic urteroithotomy uns isaa5,86 [Laparoscopic urteroithotomy uns isaa5,,,,,,0.35,True
Chennai,17062025144439_CGHS Rates 2024 Chennai_.pdf,27,[587 [Laparoscopic Nepirourstrestomy isms sao [|,587 [Laparoscopic Nepirourstrestomy isms sao,,,,,,0.35,True
Chennai,17062025144439_CGHS Rates 2024 Chennai_.pdf,27,[8 [ Extracorporeal Shock Wave ithotipay SWE) (19880 ages,8 [ Extracorporeal Shock Wave ithotipay SWE) (19880 ages,,,,,,0.35,True
Chennai,17062025144439_CGHS Rates 2024 Chennai_.pdf,27,[9 [Uroiow Stuiy (Orofomeiny iSO dig,9 [Uroiow Stuiy (Orofomeiny iSO dig,,,,,,0.35,True
Chennai,17062025144439_CGHS Rates 2024 Chennai_.pdf,27,[90 [Grodjmamie Stady Cystometg 480s,90 [Grodjmamie Stady Cystometg 480s,,,,,,0.35,True
Chennai,17062025144439_CGHS Rates 2024 Chennai_.pdf,27,[91 [Cystoscopy with Retrograde Caicter-Unilateat ROP psoas i,91 [Cystoscopy with Retrograde Caicter-Unilateat ROP psoas i,,,,,,0.35,True
Chennai,17062025144439_CGHS Rates 2024 Chennai_.pdf,27,[52 [cystoscopy with Retrograde Caieter- Bilateral RGP 465s [|,52 [cystoscopy with Retrograde Caieter- Bilateral RGP 465s,,,,,,0.35,True
Chennai,17062025144439_CGHS Rates 2024 Chennai_.pdf,27,[93 _ [Cystoscopy with Bidder Biopsy (Cold CupBiopsy) —____5361____ssse_|$ i,93 _ [Cystoscopy with Bidder Biopsy (Cold CupBiopsy) —____5361____ssse_|$ i,,,,,,0.35,True
Chennai,17062025144439_CGHS Rates 2024 Chennai_.pdf,27,[894 | Voiding-cysto-urethrogram and retrograde urethrogram 414 [476,894 | Voiding-cysto-urethrogram and retrograde urethrogram 414 [476,,,,,,0.35,True
Chennai,17062025144439_CGHS Rates 2024 Chennai_.pdf,27,[55_[Radicalpowatecomp-Open iTS“,55_[Radicalpowatecomp-Open iTS“,,,,,,0.35,True
Chennai,17062025144439_CGHS Rates 2024 Chennai_.pdf,27,86 [Radical prowateciomy-Laparocopis—_20i25 asia [-,86 [Radical prowateciomy-Laparocopis—_20i25 asia [-,,,,,,0.35,True
Chennai,17062025144439_CGHS Rates 2024 Chennai_.pdf,27,[58 _[Holmiom VAG Prowse Sugg iS,58 _[Holmiom VAG Prowse Sugg iS,,,,,,0.35,True
Chennai,17062025144439_CGHS Rates 2024 Chennai_.pdf,27,[s99__[Folmim VAG Optical Intermal Uretiotomy (ORD) [4600 |s090 [|_|,s99__[Folmim VAG Optical Intermal Uretiotomy (ORD) [4600 |s090 [|_,,,,,,0.35,True
Chennai,17062025144439_CGHS Rates 2024 Chennai_.pdf,27,[00 [otmium VAG Core trough intemal Uetrotomy [17250 ses [> i,00 [otmium VAG Core trough intemal Uetrotomy [17250 ses [> i,,,,,,0.35,True
Chennai,17062025144439_CGHS Rates 2024 Chennai_.pdf,27,1 [Holmium VAG Stone Lihowipay ——————_———fx0n00 Jarra),1 [Holmium VAG Stone Lihowipay ——————_———fx0n00 Jarra),,,,,,0.35,True
Chennai,17062025144439_CGHS Rates 2024 Chennai_.pdf,27,[02 [Green Eight inser forprosite =i ines Pi,02 [Green Eight inser forprosite =i ines Pi,,,,,,0.35,True
Chennai,17062025144439_CGHS Rates 2024 Chennai_.pdf,27,lvasectomy for Infertility treatment) (Select CGHS rate code 799 for,lvasectomy for Infertility treatment) (Select CGHS rate code 799 for,,,,,,0.35,True
Chennai,17062025144439_CGHS Rates 2024 Chennai_.pdf,27,[506 [Peyronie's dneaie—Plaque extiion wih gang [Sao [wav sfP),506 [Peyronie's dneaie—Plaque extiion wih gang [Sao [wav sfP),,,,,,0.35,True
Chennai,17062025144439_CGHS Rates 2024 Chennai_.pdf,27,[08 Prosthetic surgery for urinary inconinense ———)300Jaeas—__ [J,08 Prosthetic surgery for urinary inconinense ———)300Jaeas—__ [J,,,,,,0.35,True
Chennai,17062025144439_CGHS Rates 2024 Chennai_.pdf,27,[509 [Transrecal Ulvasound (TRUS) guided poste pay——___[575 oon [| |,509 [Transrecal Ulvasound (TRUS) guided poste pay——___[575 oon,,,,,,0.35,True
Chennai,17062025144439_CGHS Rates 2024 Chennai_.pdf,27,[510 [Utrasound Guided Percutaneous Nephrostomy PCN) [720 |sas PS,510 [Utrasound Guided Percutaneous Nephrostomy PCN) [720 |sas PS,,,,,,0.35,True
Chennai,17062025144439_CGHS Rates 2024 Chennai_.pdf,27,[55 _[Craniotomy and Evacuation of Haematoma-Subiual —_[S071S____sss0.___[|@ |,55 _[Craniotomy and Evacuation of Haematoma-Subiual —_[S071S____sss0.___[|@,,,,,,0.35,True
Chennai,17062025144439_CGHS Rates 2024 Chennai_.pdf,27,fo —[Craniotomy and Evacuation of Haematoma tExadural [5000051500 [,fo —[Craniotomy and Evacuation of Haematoma tExadural [5000051500,,,,,,0.35,True
Chennai,17062025144439_CGHS Rates 2024 Chennai_.pdf,27,[os [Evacuation Excision of Brain Absces by craniotomy [400006000 [|],os [Evacuation Excision of Brain Absces by craniotomy [400006000,,,,,,0.35,True
Chennai,17062025144439_CGHS Rates 2024 Chennai_.pdf,27,[516 [Excision of Lobe Frontal Temporal Cerebellum ee) —Jaz000fariso— [$d,516 [Excision of Lobe Frontal Temporal Cerebellum ee) —Jaz000fariso— [$d,,,,,,0.35,True
Chennai,17062025144439_CGHS Rates 2024 Chennai_.pdf,27,[517 [Excision of Bran Tunours-Suprateonal pains Jesoan [|],517 [Excision of Bran Tunours-Suprateonal pains Jesoan,,,,,,0.35,True
Chennai,17062025144439_CGHS Rates 2024 Chennai_.pdf,27,[pis [Excision of Brain Tumours Iniatentonal 45000 [i750 [|,pis [Excision of Brain Tumours Iniatentonal 45000 [i750,,,,,,0.35,True
Chennai,17062025144439_CGHS Rates 2024 Chennai_.pdf,27,[sia[Surgry ofspinal Cord Tumours |as000_|s17s0—_ [+,sia[Surgry ofspinal Cord Tumours |as000_|s17s0—_ [+,,,,,,0.35,True
Chennai,17062025144439_CGHS Rates 2024 Chennai_.pdf,27,|code 938 for approved,code 938 for approved,,,,,,0.35,True
Chennai,17062025144439_CGHS Rates 2024 Chennai_.pdf,27,[525_[Sabdara Tapping EH,525_[Sabdara Tapping EH,,,,,,0.35,True
Chennai,17062025144439_CGHS Rates 2024 Chennai_.pdf,27,[523_[Wenticular Tapping ing en,523_[Wenticular Tapping ing en,,,,,,0.35,True
Chennai,17062025144439_CGHS Rates 2024 Chennai_.pdf,28,fos [lacemeat of intracranial reste GCP) Mentor ps5 30 [/-],fos [lacemeat of intracranial reste GCP) Mentor ps5 30 [/-,,,,,,0.35,True
Chennai,17062025144439_CGHS Rates 2024 Chennai_.pdf,28,[526[skull Trstion Appition “300s,526[skull Trstion Appition “300s,,,,,,0.35,True
Chennai,17062025144439_CGHS Rates 2024 Chennai_.pdf,28,[52s_[Vescular Malformations «#20000 “ps0 CS,52s_[Vescular Malformations «#20000 “ps0 CS,,,,,,0.35,True
Chennai,17062025144439_CGHS Rates 2024 Chennai_.pdf,28,"529"" [Meningo Encephalcosl excision and vepar———————[is000_ ras [|@","529"" [Meningo Encephalcosl excision and vepar———————[is000_ ras [|@",,,,,,0.35,True
Chennai,17062025144439_CGHS Rates 2024 Chennai_.pdf,28,fs7s0___fss06s_ [i,fs7s0___fss06s_ [i,,,,,,0.35,True
Chennai,17062025144439_CGHS Rates 2024 Chennai_.pdf,28,fos2[oranoplsty «dsr,fos2[oranoplsty «dsr,,,,,,0.35,True
Chennai,17062025144439_CGHS Rates 2024 Chennai_.pdf,28,[is600—_fisoeo—_ [J,is600—_fisoeo—_ [J,,,,,,0.35,True
Chennai,17062025144439_CGHS Rates 2024 Chennai_.pdf,28,[534 [Brachial Plexus Exploration andnewotwation ————*(15525———‘rese PS,534 [Brachial Plexus Exploration andnewotwation ————*(15525———‘rese PS,,,,,,0.35,True
Chennai,17062025144439_CGHS Rates 2024 Chennai_.pdf,28,[35 [Mein Nerve Decompression 12600 isan [J,35 [Mein Nerve Decompression 12600 isan [J,,,,,,0.35,True
Chennai,17062025144439_CGHS Rates 2024 Chennai_.pdf,28,[536__[Penphera Nene Sugery—Major =i iss,536__[Penphera Nene Sugery—Major =i iss,,,,,,0.35,True
Chennai,17062025144439_CGHS Rates 2024 Chennai_.pdf,28,[537 _[Penpherat Nene SurgeryMinor —————‘(eoe0 psa,537 _[Penpherat Nene SurgeryMinor —————‘(eoe0 psa,,,,,,0.35,True
Chennai,17062025144439_CGHS Rates 2024 Chennai_.pdf,28,[3s _[ WenticutoataVenticulopentansal Shoat uae sss? [|,3s _[ WenticutoataVenticulopentansal Shoat uae sss?,,,,,,0.35,True
Chennai,17062025144439_CGHS Rates 2024 Chennai_.pdf,28,[9 [NeweBiopsy «00 ss,9 [NeweBiopsy «00 ss,,,,,,0.35,True
Chennai,17062025144439_CGHS Rates 2024 Chennai_.pdf,28,[580 [Brain Biopsy 5808 Yor,580 [Brain Biopsy 5808 Yor,,,,,,0.35,True
Chennai,17062025144439_CGHS Rates 2024 Chennai_.pdf,28,[bs1_[Anteior Ceca Spne Surgen withfuson [52200 [sos [|@,bs1_[Anteior Ceca Spne Surgen withfuson [52200 [sos [|@,,,,,,0.35,True
Chennai,17062025144439_CGHS Rates 2024 Chennai_.pdf,28,[as2—[anteno Lateral Dcompresion of spine )s750s306_,as2—[anteno Lateral Dcompresion of spine )s750s306_,,,,,,0.35,True
Chennai,17062025144439_CGHS Rates 2024 Chennai_.pdf,28,[5s4_[cervical or Donal orLuntarTammestomy 23000 peasy [>,5s4_[cervical or Donal orLuntarTammestomy 23000 peasy [>,,,,,,0.35,True
Chennai,17062025144439_CGHS Rates 2024 Chennai_.pdf,28,[586 [craniovesbralTuncion (CVA) Fusion procedures [50000500 [>i,586 [craniovesbralTuncion (CVA) Fusion procedures [50000500 [>i,,,,,,0.35,True
Chennai,17062025144439_CGHS Rates 2024 Chennai_.pdf,28,fos7[Depresed Fracte Elevaon ————____)so0psrs0.—[,fos7[Depresed Fracte Elevaon ————____)so0psrs0.—,,,,,,0.35,True
Chennai,17062025144439_CGHS Rates 2024 Chennai_.pdf,28,[588[tumberDiscesiomy 200 trx0,588[tumberDiscesiomy 200 trx0,,,,,,0.35,True
Chennai,17062025144439_CGHS Rates 2024 Chennai_.pdf,28,[9 [Bndarteretomy (Caroma) 200003000 [>|,9 [Bndarteretomy (Caroma) 200003000 [>,,,,,,0.35,True
Chennai,17062025144439_CGHS Rates 2024 Chennai_.pdf,28,[0 Radiotrequency Ablation (RFA) for Taigeminal Newnlga [uso saa [J,0 Radiotrequency Ablation (RFA) for Taigeminal Newnlga [uso saa [J,,,,,,0.35,True
Chennai,17062025144439_CGHS Rates 2024 Chennai_.pdf,28,[s1_[spasienySugery= iTS ise Pi,s1_[spasienySugery= iTS ise Pi,,,,,,0.35,True
Chennai,17062025144439_CGHS Rates 2024 Chennai_.pdf,28,"[5:2 [Spinal Fusion roselare 50000 ss500___[-""-__","5:2 [Spinal Fusion roselare 50000 ss500___[-""-__",,,,,,0.35,True
Chennai,17062025144439_CGHS Rates 2024 Chennai_.pdf,28,[553 _|Spinal na Medullary Tumours sooo [$Y,553 _|Spinal na Medullary Tumours sooo [$Y,,,,,,0.35,True
Chennai,17062025144439_CGHS Rates 2024 Chennai_.pdf,28,[55 [Spinal Bide Sugery Minor 1s000_iraso_[/,55 [Spinal Bide Sugery Minor 1s000_iraso_[/,,,,,,0.35,True
Chennai,17062025144439_CGHS Rates 2024 Chennai_.pdf,28,[56 [stereotaxic Procedures-bopsVaspiaton ofeyat 23000. peaso—— [|,56 [stereotaxic Procedures-bopsVaspiaton ofeyat 23000. peaso——,,,,,,0.35,True
Chennai,17062025144439_CGHS Rates 2024 Chennai_.pdf,28,[957 [Trans Sphenodal Supery ———*i0000 ‘sso i,957 [Trans Sphenodal Supery ———*i0000 ‘sso i,,,,,,0.35,True
Chennai,17062025144439_CGHS Rates 2024 Chennai_.pdf,28,[558 [Trans OralSurgey 00008500 [,558 [Trans OralSurgey 00008500,,,,,,0.35,True
Chennai,17062025144439_CGHS Rates 2024 Chennai_.pdf,28,"sai — [Endoscopic aqueductoplaty sea [rras0___[-""-__","sai — [Endoscopic aqueductoplaty sea [rras0___[-""-__",,,,,,0.35,True
Chennai,17062025144439_CGHS Rates 2024 Chennai_.pdf,28,[362 [Facial nerve resonatucton 50000500 [|],362 [Facial nerve resonatucton 50000500,,,,,,0.35,True
Chennai,17062025144439_CGHS Rates 2024 Chennai_.pdf,28,[563 [cared stenting igs asco,563 [cared stenting igs asco,,,,,,0.35,True
Chennai,17062025144439_CGHS Rates 2024 Chennai_.pdf,28,[6s [cervial dike arp stre,6s [cervial dike arp stre,,,,,,0.35,True
Chennai,17062025144439_CGHS Rates 2024 Chennai_.pdf,28,[65[Cumbar disc atropasty —ise00 sero [/,65[Cumbar disc atropasty —ise00 sero [/,,,,,,0.35,True
Chennai,17062025144439_CGHS Rates 2024 Chennai_.pdf,28,[66 [Comps calostony for Epilepsy ———————————————*i8000 “Yas,66 [Comps calostony for Epilepsy ———————————————*i8000 “Yas,,,,,,0.35,True
Chennai,17062025144439_CGHS Rates 2024 Chennai_.pdf,28,[67 [emispherotomy for Epilepsy 32200 sos [|,67 [emispherotomy for Epilepsy 32200 sos,,,,,,0.35,True
Chennai,17062025144439_CGHS Rates 2024 Chennai_.pdf,28,[:0000 aso,:0000 aso,,,,,,0.35,True
Chennai,17062025144439_CGHS Rates 2024 Chennai_.pdf,28,[9 [Bur hole evacuation of chronic subdural baematoma——————_f2450—err73 [|],9 [Bur hole evacuation of chronic subdural baematoma——————_f2450—err73,,,,,,0.35,True
Chennai,17062025144439_CGHS Rates 2024 Chennai_.pdf,28,30205 frress——,30205 frress——,,,,,,0.35,True
Chennai,17062025144439_CGHS Rates 2024 Chennai_.pdf,28,[572 [Cerica amimopiaty (i000 800,572 [Cerica amimopiaty (i000,,,800,,,0.5,True
Chennai,17062025144439_CGHS Rates 2024 Chennai_.pdf,28,[573 [Lateral mass C1.C2 scr faation [23000 easo—— [>,573 [Lateral mass C1.C2 scr faation [23000 easo—— [>,,,,,,0.35,True
Chennai,17062025144439_CGHS Rates 2024 Chennai_.pdf,28,[ra [oicrosugca decompression for Tigenialnene [36000 Jss700 [|],ra [oicrosugca decompression for Tigenialnene [36000 Jss700,,,,,,0.35,True
Chennai,17062025144439_CGHS Rates 2024 Chennai_.pdf,28,[75 [oicrosurgcal decompression forhemifacial spasm [a6 [ssa [|,75 [oicrosurgcal decompression forhemifacial spasm [a6 [ssa,,,,,,0.35,True
Chennai,17062025144439_CGHS Rates 2024 Chennai_.pdf,29,[577 image eure wraiotomy iT,577 image eure wraiotomy iT,,,,,,0.35,True
Chennai,17062025144439_CGHS Rates 2024 Chennai_.pdf,29,fas [Baclofen pomp implantation 39000 aso [-,fas [Baclofen pomp implantation 39000 aso [-,,,,,,0.35,True
Chennai,17062025144439_CGHS Rates 2024 Chennai_.pdf,29,[79 [Programmatle Venrculo-Penfoneal WP) shunt 25000__s750.__ [|_|,79 [Programmatle Venrculo-Penfoneal WP) shunt 25000__s750.__ [|_,,,,,,0.35,True
Chennai,17062025144439_CGHS Rates 2024 Chennai_.pdf,29,[esd [extemal ventiular drainage EVD) =i ———i90 dP C—S,esd [extemal ventiular drainage EVD) =i ———i90 dP C—S,,,,,,0.35,True
Chennai,17062025144439_CGHS Rates 2024 Chennai_.pdf,29,[83 _[Bmdoscops rd veniclostomy 40000 Jsso08__ [J,83 _[Bmdoscops rd veniclostomy 40000 Jsso08__ [J,,,,,,0.35,True
Chennai,17062025144439_CGHS Rates 2024 Chennai_.pdf,29,[ss__[Endoscopc cranial superyBiopayanpraion ———__[s1ss6__ [6266 [|)——————,ss__[Endoscopc cranial superyBiopayanpraion ———__[s1ss6__ [6266 [|)——————,,,,,,0.35,True
Chennai,17062025144439_CGHS Rates 2024 Chennai_.pdf,29,"fs [Endoscopc dacectomy (Lumbar, Cereal) 3561 Jone [-]","fs [Endoscopc dacectomy (Lumbar, Cereal) 3561 Jone [-",,,,,,0.35,True
Chennai,17062025144439_CGHS Rates 2024 Chennai_.pdf,29,[5s6[Aneurysm cling Endovasula 30560 |sseoe___ [|,5s6[Aneurysm cling Endovasula 30560 |sseoe___,,,,,,0.35,True
Chennai,17062025144439_CGHS Rates 2024 Chennai_.pdf,29,[os7_[Surgery forskullactres —————————————————(4oo00‘fa6000,os7_[Surgery forskullactres —————————————————(4oo00‘fa6000,,,,,,0.35,True
Chennai,17062025144439_CGHS Rates 2024 Chennai_.pdf,29,[89 [Chping oF nacrant aneurysm parsers),89 [Chping oF nacrant aneurysm parsers),,,,,,0.35,True
Chennai,17062025144439_CGHS Rates 2024 Chennai_.pdf,29,555 _| surgery frrecuneat dnc polpiecpiiual bs [so000 ros fP@,555 _| surgery frrecuneat dnc polpiecpiiual bs [so000 ros fP@,,,,,,0.35,True
Chennai,17062025144439_CGHS Rates 2024 Chennai_.pdf,29,[os [Surgery for brainstem moun 3055 sss],os [Surgery for brainstem moun 3055 sss,,,,,,0.35,True
Chennai,17062025144439_CGHS Rates 2024 Chennai_.pdf,29,|Intra-arterial thrombolysis with Tissue Plasminogen Activator (TPA) |4600 5290,Intra-arterial thrombolysis with Tissue Plasminogen Activator (TPA) |4600,,,5290,,,0.5,True
Chennai,17062025144439_CGHS Rates 2024 Chennai_.pdf,29,[598 [Endoscopic aspiration ofinracerebellar haematoma (40000 |sso00_ |_|,598 [Endoscopic aspiration ofinracerebellar haematoma (40000 |sso00_ |_,,,,,,0.35,True
Chennai,17062025144439_CGHS Rates 2024 Chennai_.pdf,29,[02 [Batery Placement for Deep Brain Stimulation (DBS) 1980022070],02 [Batery Placement for Deep Brain Stimulation (DBS) 1980022070,,,,,,0.35,True
Chennai,17062025144439_CGHS Rates 2024 Chennai_.pdf,29,[003 [Bacofen pomp implantation fraparicty ———————————~irsso—_iseso— PS,003 [Bacofen pomp implantation fraparicty ———————————~irsso—_iseso— PS,,,,,,0.35,True
Chennai,17062025144439_CGHS Rates 2024 Chennai_.pdf,29,[i004 [Penphera Neretumorsurgey ico ———‘Y600 PS,i004 [Penphera Neretumorsurgey ico ———‘Y600 PS,,,,,,0.35,True
Chennai,17062025144439_CGHS Rates 2024 Chennai_.pdf,29,[0057 Surgery intra Cranial Meningioma 200003000 [-],0057 Surgery intra Cranial Meningioma 200003000 [-,,,,,,0.35,True
Chennai,17062025144439_CGHS Rates 2024 Chennai_.pdf,29,[006 Surgery or faacranil Schvannoma [350000250 [SS,006 Surgery or faacranil Schvannoma [350000250 [SS,,,,,,0.35,True
Chennai,17062025144439_CGHS Rates 2024 Chennai_.pdf,29,foo? [Surgery forGomas i000 dts,foo? [Surgery forGomas i000 dts,,,,,,0.35,True
Chennai,17062025144439_CGHS Rates 2024 Chennai_.pdf,29,"fos” Surasry for Orbit mars 40000 frs000—__[-""","fos” Surasry for Orbit mars 40000 frs000—__[-""",,,,,,0.35,True
Chennai,17062025144439_CGHS Rates 2024 Chennai_.pdf,29,[100_ [Surgery for Scalp Arenovenous Malfrmations (AVN) 25000__ps7so__ |__|,100_ [Surgery for Scalp Arenovenous Malfrmations (AVN) 25000__ps7so__ |__,,,,,,0.35,True
Chennai,17062025144439_CGHS Rates 2024 Chennai_.pdf,29,fiom fxsphopisy i000 “6000,fiom fxsphopisy i000 “6000,,,,,,0.35,True
Chennai,17062025144439_CGHS Rates 2024 Chennai_.pdf,29,[i012 [Balloon Kyphaplany 400006000 [|,i012 [Balloon Kyphaplany 400006000,,,,,,0.35,True
Chennai,17062025144439_CGHS Rates 2024 Chennai_.pdf,29,"[013 [Lesioning procedures for Purnon's Gate, Dytoia es [35000]oas0—[]","013 [Lesioning procedures for Purnon's Gate, Dytoia es [35000]oas0—",,,,,,0.35,True
Chennai,17062025144439_CGHS Rates 2024 Chennai_.pdf,29,[:7000——fisss0—__[-_J,:7000——fisss0—__[-_J,,,,,,0.35,True
Chennai,17062025144439_CGHS Rates 2024 Chennai_.pdf,29,[TOTe [Besson oF iyrogiosal Duwicyat i600 ———*saoo PS,TOTe [Besson oF iyrogiosal Duwicyat i600 ———*saoo PS,,,,,,0.35,True
Chennai,17062025144439_CGHS Rates 2024 Chennai_.pdf,29,1017 |Diaphragmatic ‘Hernia Repair (Thoracic or Abdominal 117250 19838 a,Diaphragmatic ‘Hernia Repair (Thoracic or Abdominal 117250 19838 a,,,,,,0.35,True
Chennai,17062025144439_CGHS Rates 2024 Chennai_.pdf,29,[701s [Tracheo Oesophageal Fistula (Conedtion Suen) (3000 peasy,701s [Tracheo Oesophageal Fistula (Conedtion Suen) (3000 peasy,,,,,,0.35,True
Chennai,17062025144439_CGHS Rates 2024 Chennai_.pdf,29,019” [colon Replacement of Ossophagus —___ps000 peas],019” [colon Replacement of Ossophagus —___ps000 peas,,,,,,0.35,True
Chennai,17062025144439_CGHS Rates 2024 Chennai_.pdf,29,[020”[Ompfato Meseaterc Cyst Excision ——————————*i250—_fisese,020”[Ompfato Meseaterc Cyst Excision ——————————*i250—_fisese,,,,,,0.35,True
Chennai,17062025144439_CGHS Rates 2024 Chennai_.pdf,29,[i021 [Omphato Meseateie Duct Exeisan #8525 ——‘rese Pi,i021 [Omphato Meseateie Duct Exeisan #8525 ——‘rese Pi,,,,,,0.35,True
Chennai,17062025144439_CGHS Rates 2024 Chennai_.pdf,29,[i022 [weckes Diverielestomy 87 a9,i022 [weckes Diverielestomy 87 a9,,,,,,0.35,True
Chennai,17062025144439_CGHS Rates 2024 Chennai_.pdf,30,loz” [omphafocele 2nd Sige (emia Repai. 17250 sess [-,loz” [omphafocele 2nd Sige (emia Repai. 17250 sess [-,,,,,,0.35,True
Chennai,17062025144439_CGHS Rates 2024 Chennai_.pdf,30,[02s [GestoschismRepar———*iioo——iesis——P —,02s [GestoschismRepar———*iioo——iesis——P —,,,,,,0.35,True
Chennai,17062025144439_CGHS Rates 2024 Chennai_.pdf,30,[026 [igual Hemiotomy ———}iasse—isaaa—_[,026 [igual Hemiotomy ———}iasse—isaaa—_,,,,,,0.35,True
Chennai,17062025144439_CGHS Rates 2024 Chennai_.pdf,30,fio27 [congenital Hydrol }12000 800 [-_],fio27 [congenital Hydrol }12000 800 [-_,,,,,,0.35,True
Chennai,17062025144439_CGHS Rates 2024 Chennai_.pdf,30,[ozs [iydocee of Coré_——— “i000 Iss00,ozs [iydocee of Coré_——— “i000 Iss00,,,,,,0.35,True
Chennai,17062025144439_CGHS Rates 2024 Chennai_.pdf,30,"[029"" [Torsion Tess Operon (5000 ras","029"" [Torsion Tess Operon (5000 ras",,,,,,0.35,True
Chennai,17062025144439_CGHS Rates 2024 Chennai_.pdf,30,"[050"" [Congenital Pyle Stenosis penton ————————————iisss ‘goa","050"" [Congenital Pyle Stenosis penton ————————————iisss ‘goa",,,,,,0.35,True
Chennai,17062025144439_CGHS Rates 2024 Chennai_.pdf,30,[031 [Dvodenal Atresia Operation fia000re100—_[,031 [Dvodenal Atresia Operation fia000re100—_,,,,,,0.35,True
Chennai,17062025144439_CGHS Rates 2024 Chennai_.pdf,30,[i032 [Pancreatic Ring Operation pa5__psre__ [J ——,i032 [Pancreatic Ring Operation pa5__psre__ [J ——,,,,,,0.35,True
Chennai,17062025144439_CGHS Rates 2024 Chennai_.pdf,30,[1033 [Meconiun lus Operon isis,1033 [Meconiun lus Operon isis,,,,,,0.35,True
Chennai,17062025144439_CGHS Rates 2024 Chennai_.pdf,30,[034 aration of testes Operation 13000 isos [,034 aration of testes Operation 13000 isos,,,,,,0.35,True
Chennai,17062025144439_CGHS Rates 2024 Chennai_.pdf,30,[03s [Recal Biopsy (Megscolon) ————i86 —ig6 PS,03s [Recal Biopsy (Megscolon) ————i86 —ig6 PS,,,,,,0.35,True
Chennai,17062025144439_CGHS Rates 2024 Chennai_.pdf,30,[1036 [colostomy Transverse 5000 Yes,1036 [colostomy Transverse 5000 Yes,,,,,,0.35,True
Chennai,17062025144439_CGHS Rates 2024 Chennai_.pdf,30,[i037 [cobstomyaftMige #5000250,i037 [cobstomyaftMige #5000250,,,,,,0.35,True
Chennai,17062025144439_CGHS Rates 2024 Chennai_.pdf,30,[038 [Absominal Pennesl Pol Through Gimchaprang’s Dasass) [19000850 [|$,038 [Absominal Pennesl Pol Through Gimchaprang’s Dasass) [19000850 [|$,,,,,,0.35,True
Chennai,17062025144439_CGHS Rates 2024 Chennai_.pdf,30,f0s9” [imperforate Anus Low Anomly-Cut Back Operation [10055 _Jimrv0,f0s9” [imperforate Anus Low Anomly-Cut Back Operation [10055 _Jimrv0,,,,,,0.35,True
Chennai,17062025144439_CGHS Rates 2024 Chennai_.pdf,30,[is0” [imperforate Anus Low Anomaly Perinel Anoplnty [12000 |is800_[ |,is0” [imperforate Anus Low Anomaly Perinel Anoplnty [12000 |is800_,,,,,,0.35,True
Chennai,17062025144439_CGHS Rates 2024 Chennai_.pdf,30,Imperforate Anus High Anomaly -Sacroabdomino Perineal Pull 112500 14375,Imperforate Anus High Anomaly -Sacroabdomino Perineal Pull,14375,112500,,,,0.72,False
Chennai,17062025144439_CGHS Rates 2024 Chennai_.pdf,30,[70s [impertorate Anus High Anomaly Closure of Colony [8605 pais__ [$i,70s [impertorate Anus High Anomaly Closure of Colony [8605 pais__ [$i,,,,,,0.35,True
Chennai,17062025144439_CGHS Rates 2024 Chennai_.pdf,30,[i085 fntususcepion Operon i000 isos Ci,i085 fntususcepion Operon i000 isos Ci,,,,,,0.35,True
Chennai,17062025144439_CGHS Rates 2024 Chennai_.pdf,30,[75 [Operation of Chotedocbal jst ——i00———‘Yrpz009,75 [Operation of Chotedocbal jst ——i00———‘Yrpz009,,,,,,0.35,True
Chennai,17062025144439_CGHS Rates 2024 Chennai_.pdf,30,[6 fNepiveconyfor-Pyonephrsis 17000 isso [-,6 fNepiveconyfor-Pyonephrsis 17000 isso [-,,,,,,0.35,True
Chennai,17062025144439_CGHS Rates 2024 Chennai_.pdf,30,[ios [Nephretomy for=Hydronephross 15000 mas [$d,ios [Nephretomy for=Hydronephross 15000 mas [$d,,,,,,0.35,True
Chennai,17062025144439_CGHS Rates 2024 Chennai_.pdf,30,[Toa [Nephretomy Tor Witms Tumour 5000 ‘asp,Toa [Nephretomy Tor Witms Tumour 5000 ‘asp,,,,,,0.35,True
Chennai,17062025144439_CGHS Rates 2024 Chennai_.pdf,30,[50 [saewe-Covsygeal Teoma Excison (MOO “nero PS,50 [saewe-Covsygeal Teoma Excison (MOO “nero PS,,,,,,0.35,True
Chennai,17062025144439_CGHS Rates 2024 Chennai_.pdf,30,fiosi_[Newoblavoms Debuting 16000 isso [-—_,fiosi_[Newoblavoms Debuting 16000 isso [-—_,,,,,,0.35,True
Chennai,17062025144439_CGHS Rates 2024 Chennai_.pdf,30,[os2[Newoblasioms Tow Excise povao_pss0s___ [>,os2[Newoblasioms Tow Excise povao_pss0s___ [>,,,,,,0.35,True
Chennai,17062025144439_CGHS Rates 2024 Chennai_.pdf,30,[i053 [Rhabonyosarcoma wide Exciwon 15000 ras [-],i053 [Rhabonyosarcoma wide Exciwon 15000 ras [-,,,,,,0.35,True
Chennai,17062025144439_CGHS Rates 2024 Chennai_.pdf,30,[054 [Congenta Atrexia & tenons of Smallinteine 19000850 [|_|,054 [Congenta Atrexia & tenons of Smallinteine 19000850 [|_,,,,,,0.35,True
Chennai,17062025144439_CGHS Rates 2024 Chennai_.pdf,30,[16000 ——fissoo—_[-_J,16000 ——fissoo—_[-_J,,,,,,0.35,True
Chennai,17062025144439_CGHS Rates 2024 Chennai_.pdf,30,[056 [Malrotaon & VotwuhwoFtieMidgut «S000 ‘rasp,056 [Malrotaon & VotwuhwoFtieMidgut «S000 ‘rasp,,,,,,0.35,True
Chennai,17062025144439_CGHS Rates 2024 Chennai_.pdf,30,[i057 [Excision of Mecke's Deveruculum 12000 |is600—fP@,i057 [Excision of Mecke's Deveruculum 12000 |is600—fP@,,,,,,0.35,True
Chennai,17062025144439_CGHS Rates 2024 Chennai_.pdf,30,[60 Primary Suan of Wound iO i,60 Primary Suan of Wound iO i,,,,,,0.35,True
Chennai,17062025144439_CGHS Rates 2024 Chennai_.pdf,30,[i062 fnjection of Keoids-Haemangiomm (0a Jig [,i062 fnjection of Keoids-Haemangiomm (0a Jig,,,,,,0.35,True
Chennai,17062025144439_CGHS Rates 2024 Chennai_.pdf,30,[064 [ree Grats Thien. Small Area 30 ]1ars 596 [-__,064 [ree Grats Thien. Small Area 30 ]1ars 596 [-__,,,,,,0.35,True
Chennai,17062025144439_CGHS Rates 2024 Chennai_.pdf,30,[06s [ree GrafsLarge aren 0r6 ———|s000_ 00 [|,06s [ree GrafsLarge aren 0r6 ———|s000_ 00,,,,,,0.35,True
Chennai,17062025144439_CGHS Rates 2024 Chennai_.pdf,30,[1066 [ee Grafs Very Lage Area vend above —————————4i0ss_———‘igos— Pi,1066 [ee Grafs Very Lage Area vend above —————————4i0ss_———‘igos— Pi,,,,,,0.35,True
Chennai,17062025144439_CGHS Rates 2024 Chennai_.pdf,30,hoor [skin Flaps=Rotaion Flaps i970. fron,hoor [skin Flaps=Rotaion Flaps i970. fron,,,,,,0.35,True
Chennai,17062025144439_CGHS Rates 2024 Chennai_.pdf,30,[id6s [skin Flaps Advancement Flaps i250 sv [,id6s [skin Flaps Advancement Flaps i250 sv,,,,,,0.35,True
Chennai,17062025144439_CGHS Rates 2024 Chennai_.pdf,30,"[063"" [Skin Flaps Direct eons Leg Flaps: Goss Amn Flap [1050s [Pi","063"" [Skin Flaps Direct eons Leg Flaps: Goss Amn Flap [1050s [Pi",,,,,,0.35,True
Chennai,17062025144439_CGHS Rates 2024 Chennai_.pdf,30,[i070 [Skin Flaps Cross Figs i500 a9,i070 [Skin Flaps Cross Figs i500 a9,,,,,,0.35,True
Chennai,17062025144439_CGHS Rates 2024 Chennai_.pdf,30,[to7t [skin Flaps Atwominal (50s,to7t [skin Flaps Atwominal (50s,,,,,,0.35,True
Chennai,17062025144439_CGHS Rates 2024 Chennai_.pdf,30,"[ro72[skin Flaps Thoreie 9350 —horss_[-""-_}","ro72[skin Flaps Thoreie 9350 —horss_[-""-_}",,,,,,0.35,True
Chennai,17062025144439_CGHS Rates 2024 Chennai_.pdf,31,[075 [Subcutaneous Pedicle Flaps Delay [s950__lesas___[) i,075 [Subcutaneous Pedicle Flaps Delay [s950__lesas___[) i,,,,,,0.35,True
Chennai,17062025144439_CGHS Rates 2024 Chennai_.pdf,31,[076 Subeutneous Pedicle Flas Transfer [5950 ess-__[- —],076 Subeutneous Pedicle Flas Transfer [5950 ess-__[- —,,,,,,0.35,True
Chennai,17062025144439_CGHS Rates 2024 Chennai_.pdf,31,[07s [Reduction of Facial Fasiues ofNose sss,07s [Reduction of Facial Fasiues ofNose sss,,,,,,0.35,True
Chennai,17062025144439_CGHS Rates 2024 Chennai_.pdf,31,[07o” [Reduction of Facial Fractures of Manila [8000 [p00],07o” [Reduction of Facial Fractures of Manila [8000 [p00,,,,,,0.35,True
Chennai,17062025144439_CGHS Rates 2024 Chennai_.pdf,31,[5 ntemal Wire Fhation of Mande © Malaise saa,5 ntemal Wire Fhation of Mande © Malaise saa,,,,,,0.35,True
Chennai,17062025144439_CGHS Rates 2024 Chennai_.pdf,31,les” [cien Palate Repu’ }iaes0 ssa [J,les” [cien Palate Repu’ }iaes0 ssa [J,,,,,,0.35,True
Chennai,17062025144439_CGHS Rates 2024 Chennai_.pdf,31,[1086 Jrimary Bone Orang Toran lem GREap——_[1iso0___fisaas___|)- |,1086 Jrimary Bone Orang Toran lem GREap——_[1iso0___fisaas___|)-,,,,,,0.35,True
Chennai,17062025144439_CGHS Rates 2024 Chennai_.pdf,31,li07 [secondary Sugery for Cle Lip Deformity 100001500,li07 [secondary Sugery for Cle Lip Deformity,,,100001500,,,0.5,True
Chennai,17062025144439_CGHS Rates 2024 Chennai_.pdf,31,[oss [Secondary Surgeeyfor ClePalte———————————i650———isas fp,oss [Secondary Surgeeyfor ClePalte———————————i650———isas fp,,,,,,0.35,True
Chennai,17062025144439_CGHS Rates 2024 Chennai_.pdf,31,[o85_[Reconsration oF jena Detects =Winor SCS,o85_[Reconsration oF jena Detects =Winor SCS,,,,,,0.35,True
Chennai,17062025144439_CGHS Rates 2024 Chennai_.pdf,31,[090 [Reconsructon of Eyelid Defects - Major ——]ss00—|prrs [|],090 [Reconsructon of Eyelid Defects - Major ——]ss00—|prrs,,,,,,0.35,True
Chennai,17062025144439_CGHS Rates 2024 Chennai_.pdf,31,[091 Plastic Surgery of Dilferent Regions ofthe Ear=Minor—_[8050.____ pass],091 Plastic Surgery of Dilferent Regions ofthe Ear=Minor—_[8050.____ pass,,,,,,0.35,True
Chennai,17062025144439_CGHS Rates 2024 Chennai_.pdf,31,[092 [Plate Surgery of Dilferet Regions ofthe Ear= Major [10350 isos___[/ |,092 [Plate Surgery of Dilferet Regions ofthe Ear= Major [10350 isos___[/,,,,,,0.35,True
Chennai,17062025144439_CGHS Rates 2024 Chennai_.pdf,31,[095 Plastic Surgery ofthe Nose= Minor «iS. ——iass,095 Plastic Surgery ofthe Nose= Minor «iS. ——iass,,,,,,0.35,True
Chennai,17062025144439_CGHS Rates 2024 Chennai_.pdf,31,[094 [Plastic Surgery ofthe Nose= Major aso oss [>,094 [Plastic Surgery ofthe Nose= Major aso oss [>,,,,,,0.35,True
Chennai,17062025144439_CGHS Rates 2024 Chennai_.pdf,31,1095 [Plastic Surgery for Facial Paralysis (Support with 16100 18515,1095 [Plastic Surgery for Facial Paralysis (Support with,18515,16100,,,,0.72,False
Chennai,17062025144439_CGHS Rates 2024 Chennai_.pdf,31,[7056 [Penduous Breast-Mammopay =i 00 “SH,7056 [Penduous Breast-Mammopay =i 00 “SH,,,,,,0.35,True
Chennai,17062025144439_CGHS Rates 2024 Chennai_.pdf,31,[097 [Underdeveoped Breast Mammoplay——[i2000|1ss00[- id,097 [Underdeveoped Breast Mammoplay——[i2000|1ss00[- id,,,,,,0.35,True
Chennai,17062025144439_CGHS Rates 2024 Chennai_.pdf,31,[ose [afer Mastectomy Reconstruction oamamopiaay 12000 ss00[],ose [afer Mastectomy Reconstruction oamamopiaay 12000 ss00,,,,,,0.35,True
Chennai,17062025144439_CGHS Rates 2024 Chennai_.pdf,31,[:100_[Dermabrasion Face isa —isz09 [J,:100_[Dermabrasion Face isa —isz09 [J,,,,,,0.35,True
Chennai,17062025144439_CGHS Rates 2024 Chennai_.pdf,31,[i101 [upto 30%6 Bums i Drewing Sirs,i101 [upto 30%6 Bums i Drewing Sirs,,,,,,0.35,True
Chennai,17062025144439_CGHS Rates 2024 Chennai_.pdf,31,[102 [upto 30%6 Bums Subsequent Deng tts,102 [upto 30%6 Bums Subsequent Deng tts,,,,,,0.35,True
Chennai,17062025144439_CGHS Rates 2024 Chennai_.pdf,31,[103 [30% 50% Bums IsDresing iS ei,103 [30% 50% Bums IsDresing iS ei,,,,,,0.35,True
Chennai,17062025144439_CGHS Rates 2024 Chennai_.pdf,31,[108 [096 to 50% Bums Subsequent Drewing fists,108 [096 to 50% Bums Subsequent Drewing fists,,,,,,0.35,True
Chennai,17062025144439_CGHS Rates 2024 Chennai_.pdf,31,[i105 [Extensve Bur above 50% Frat Desig avi,i105 [Extensve Bur above 50% Frat Desig avi,,,,,,0.35,True
Chennai,17062025144439_CGHS Rates 2024 Chennai_.pdf,31,[1106 [Estensve Bur above 50% Subsequent dresing ig Jaa sP,1106 [Estensve Bur above 50% Subsequent dresing ig Jaa sP,,,,,,0.35,True
Chennai,17062025144439_CGHS Rates 2024 Chennai_.pdf,31,[itor aster Work 5g,itor aster Work 5g,,,,,,0.35,True
Chennai,17062025144439_CGHS Rates 2024 Chennai_.pdf,31,[ros [Fingers (posta) 599,ros [Fingers (posta),,,599,,,0.5,True
Chennai,17062025144439_CGHS Rates 2024 Chennai_.pdf,31,[iti [Cotes Fractre=Fullpster 99 igs,iti [Cotes Fractre=Fullpster 99 igs,,,,,,0.35,True
Chennai,17062025144439_CGHS Rates 2024 Chennai_.pdf,31,[ini [Cotes facture Ant Or post. ab (00 se,ini [Cotes facture Ant Or post. ab (00 se,,,,,,0.35,True
Chennai,17062025144439_CGHS Rates 2024 Chennai_.pdf,31,[iti« [above Kne postsiad 575],iti« [above Kne postsiad 575,,,,,,0.35,True
Chennai,17062025144439_CGHS Rates 2024 Chennai_.pdf,31,[TIT [Tube Piste or plaster yin) Js00 ao,TIT [Tube Piste or plaster yin) Js00 ao,,,,,,0.35,True
Chennai,17062025144439_CGHS Rates 2024 Chennai_.pdf,31,[itis [Abowekee fulpater 26 ss,itis [Abowekee fulpater 26 ss,,,,,,0.35,True
Chennai,17062025144439_CGHS Rates 2024 Chennai_.pdf,31,[rior Paster facket 200000,rior Paster facket,,,200000,,,0.5,True
Chennai,17062025144439_CGHS Rates 2024 Chennai_.pdf,31,"[r122""[ shoulder spiea———___fir60 res","r122""[ shoulder spiea———___fir60 res",,,,,,0.35,True
Chennai,17062025144439_CGHS Rates 2024 Chennai_.pdf,32,[ni24_[Dovbte Hip spice as ss,ni24_[Dovbte Hip spice as ss,,,,,,0.35,True
Chennai,17062025144439_CGHS Rates 2024 Chennai_.pdf,32,[25 [svepping oF ings id fos,25 [svepping oF ings id fos,,,,,,0.35,True
Chennai,17062025144439_CGHS Rates 2024 Chennai_.pdf,32,[126 strapping of oes reo por | J,126 strapping of oes reo por | J,,,,,,0.35,True
Chennai,17062025144439_CGHS Rates 2024 Chennai_.pdf,32,[ni27[stepping oF Wait 250 ps,ni27[stepping oF Wait 250 ps,,,,,,0.35,True
Chennai,17062025144439_CGHS Rates 2024 Chennai_.pdf,32,[ii |strepping ofbow 50s,ii |strepping ofbow 50s,,,,,,0.35,True
Chennai,17062025144439_CGHS Rates 2024 Chennai_.pdf,32,"[129"" stepping ofkinee st","129"" stepping ofkinee st",,,,,,0.35,True
Chennai,17062025144439_CGHS Rates 2024 Chennai_.pdf,32,[150 [Strepping Fanless,150 [Strepping Fanless,,,,,,0.35,True
Chennai,17062025144439_CGHS Rates 2024 Chennai_.pdf,32,[31 [Stepping of hen 50st,31 [Stepping of hen 50st,,,,,,0.35,True
Chennai,17062025144439_CGHS Rates 2024 Chennai_.pdf,32,[132 |Strepping of Shouse 66 so,132 |Strepping of Shouse 66 so,,,,,,0.35,True
Chennai,17062025144439_CGHS Rates 2024 Chennai_.pdf,32,[133 [igure of tandags ————Si6—se,133 [igure of tandags ————Si6—se,,,,,,0.35,True
Chennai,17062025144439_CGHS Rates 2024 Chennai_.pdf,32,[3+ [coiarandcuffsing ps0 eos,3+ [coiarandcuffsing ps0 eos,,,,,,0.35,True
Chennai,17062025144439_CGHS Rates 2024 Chennai_.pdf,32,[iiss [Balbandage 560i,iiss [Balbandage 560i,,,,,,0.35,True
Chennai,17062025144439_CGHS Rates 2024 Chennai_.pdf,32,[1136 [Application of FOP Casts for Upper @Towertambs =e,1136 [Application of FOP Casts for Upper @Towertambs =e,,,,,,0.35,True
Chennai,17062025144439_CGHS Rates 2024 Chennai_.pdf,32,[ri37 [Apptcaion of Functional CastBrace SS,ri37 [Apptcaion of Functional CastBrace SS,,,,,,0.35,True
Chennai,17062025144439_CGHS Rates 2024 Chennai_.pdf,32,[138 [Application ofSkinTraston i ie Pi,138 [Application ofSkinTraston i ie Pi,,,,,,0.35,True
Chennai,17062025144439_CGHS Rates 2024 Chennai_.pdf,32,[i39” [Application of Skeletal Tratons 58 ps,i39” [Application of Skeletal Tratons 58 ps,,,,,,0.35,True
Chennai,17062025144439_CGHS Rates 2024 Chennai_.pdf,32,[rt [Aspiration & Tar. Artiular Injections 575 oor [,rt [Aspiration & Tar. Artiular Injections 575 oor,,,,,,0.35,True
Chennai,17062025144439_CGHS Rates 2024 Chennai_.pdf,32,[i182 [Application of POP Spies & Jackets dears ised,i182 [Application of POP Spies & Jackets dears ised,,,,,,0.35,True
Chennai,17062025144439_CGHS Rates 2024 Chennai_.pdf,32,[i [close Reducuon ofFracuresofLamb POP 260090),i [close Reducuon ofFracuresofLamb POP 260090),,,,,,0.35,True
Chennai,17062025144439_CGHS Rates 2024 Chennai_.pdf,32,[i+ [Reduction of Compound Fetus 760 aire,i+ [Reduction of Compound Fetus 760 aire,,,,,,0.35,True
Chennai,17062025144439_CGHS Rates 2024 Chennai_.pdf,32,[Open Reduction of fracture of Long Bones of Upper / Lower Limb - [8050 fo258,Open Reduction of fracture of Long Bones of Upper / Lower Limb - [8050 fo258,,,,,,0.35,True
Chennai,17062025144439_CGHS Rates 2024 Chennai_.pdf,32,[rs [Bone Grating 608 ri,rs [Bone Grating 608 ri,,,,,,0.35,True
Chennai,17062025144439_CGHS Rates 2024 Chennai_.pdf,32,[1s0[Esssion oF Bone Tumours oso frass_ PS,1s0[Esssion oF Bone Tumours oso frass_ PS,,,,,,0.35,True
Chennai,17062025144439_CGHS Rates 2024 Chennai_.pdf,32,[151 [Bxcsion oF oer Operations for Seaphowd Frases —————(rass————‘Yso66 Pi,151 [Bxcsion oF oer Operations for Seaphowd Frases —————(rass————‘Yso66 Pi,,,,,,0.35,True
Chennai,17062025144439_CGHS Rates 2024 Chennai_.pdf,32,fis” [Sequetectomy & Saveensaion —————————————ioso0 ssf,fis” [Sequetectomy & Saveensaion —————————————ioso0 ssf,,,,,,0.35,True
Chennai,17062025144439_CGHS Rates 2024 Chennai_.pdf,32,[55 [Sequestectomy & Savcenzatons Antony pat _——rae,55 [Sequestectomy & Savcenzatons Antony pat _——rae,,,,,,0.35,True
Chennai,17062025144439_CGHS Rates 2024 Chennai_.pdf,32,[154 [MuluplePiming Fractre Neck Femur ———————————*(r0ss)__[nigop—[ i,154 [MuluplePiming Fractre Neck Femur ———————————*(r0ss)__[nigop—[ i,,,,,,0.35,True
Chennai,17062025144439_CGHS Rates 2024 Chennai_.pdf,32,[5 Plate Fination for Fracture Neck Fema 19500 |issa5___ [J,5 Plate Fination for Fracture Neck Fema 19500 |issa5___ [J,,,,,,0.35,True
Chennai,17062025144439_CGHS Rates 2024 Chennai_.pdf,32,[156-[AO Compression Proceius for FractreNewk Femur —[1a90¢____ igo],156-[AO Compression Proceius for FractreNewk Femur —[1a90¢____ igo,,,,,,0.35,True
Chennai,17062025144439_CGHS Rates 2024 Chennai_.pdf,32,[1s9” [Open Reduction of Dalosatons a9 i955,1s9” [Open Reduction of Dalosatons a9 i955,,,,,,0.35,True
Chennai,17062025144439_CGHS Rates 2024 Chennai_.pdf,32,[ni62 [Nerve Repair with Ging fiso0s_urass—[,ni62 [Nerve Repair with Ging fiso0s_urass—,,,,,,0.35,True
Chennai,17062025144439_CGHS Rates 2024 Chennai_.pdf,32,[1165 [Tendon with Transplant or Gal ———————————*i0050 es,1165 [Tendon with Transplant or Gal ———————————*i0050 es,,,,,,0.35,True
Chennai,17062025144439_CGHS Rates 2024 Chennai_.pdf,32,[i164 [Tendon Lengthening’ Tendon repay ]s050_ ase [-,i164 [Tendon Lengthening’ Tendon repay ]s050_ ase [-,,,,,,0.35,True
Chennai,17062025144439_CGHS Rates 2024 Chennai_.pdf,32,[1166 [taminestomy Excision Dian Tumours (4830s,1166 [taminestomy Excision Dian Tumours (4830s,,,,,,0.35,True
Chennai,17062025144439_CGHS Rates 2024 Chennai_.pdf,32,[rt6T [Spit Ostestomy and intemal Fixaons pais proms,rt6T [Spit Ostestomy and intemal Fixaons pais proms,,,,,,0.35,True
Chennai,17062025144439_CGHS Rates 2024 Chennai_.pdf,32,[776 [Antereoateal Desompresion and SpmeFuwon ————————=iSSS__——‘asass—sP SY,776 [Antereoateal Desompresion and SpmeFuwon ————————=iSSS__——‘asass—sP SY,,,,,,0.35,True
Chennai,17062025144439_CGHS Rates 2024 Chennai_.pdf,32,[i170[Cometive Onteotomy & Internal Fiation-shertbonee [13800 [iss [|,i170[Cometive Onteotomy & Internal Fiation-shertbonee [13800 [iss,,,,,,0.35,True
Chennai,17062025144439_CGHS Rates 2024 Chennai_.pdf,32,[LIT [Comet Oxteotomy ntral Fiation- long bones [iu0s0]in696— J,LIT [Comet Oxteotomy ntral Fiation- long bones [iu0s0]in696— J,,,,,,0.35,True
Chennai,17062025144439_CGHS Rates 2024 Chennai_.pdf,32,[L172 [aMbrodeisof=Minoroims —————————————~is0000———_Yrisoo P|,L172 [aMbrodeisof=Minoroims —————————————~is0000———_Yrisoo P,,,,,,0.35,True
Chennai,17062025144439_CGHS Rates 2024 Chennai_.pdf,33,[1775 [SOR Tasve Operations orPoig——————(500 iS,1775 [SOR Tasve Operations orPoig——————(500 iS,,,,,,0.35,True
Chennai,17062025144439_CGHS Rates 2024 Chennai_.pdf,33,[ri76 femiartropany- Hip #00068,ri76 femiartropany- Hip #00068,,,,,,0.35,True
Chennai,17062025144439_CGHS Rates 2024 Chennai_.pdf,33,[Ki77_[emirtroplany- Should 200003000 [/-_],Ki77_[emirtroplany- Should 200003000 [/-_,,,,,,0.35,True
Chennai,17062025144439_CGHS Rates 2024 Chennai_.pdf,33,[117 [Operations for Brachal Pleas & Caneel Barras,117 [Operations for Brachal Pleas & Caneel Barras,,,,,,0.35,True
Chennai,17062025144439_CGHS Rates 2024 Chennai_.pdf,33,[1179 [amputations -BelowKnee ————————~i900 ibs,1179 [amputations -BelowKnee ————————~i900 ibs,,,,,,0.35,True
Chennai,17062025144439_CGHS Rates 2024 Chennai_.pdf,33,[iso [Amputstons-Below Elbow 688 ise,iso [Amputstons-Below Elbow 688 ise,,,,,,0.35,True
Chennai,17062025144439_CGHS Rates 2024 Chennai_.pdf,33,[1is> [amputations Above Eibow 6805,1is> [amputations Above Eibow,,,6805,,,0.5,True
Chennai,17062025144439_CGHS Rates 2024 Chennai_.pdf,33,[1185 [Amputations-Forequarter 205s,1185 [Amputations-Forequarter 205s,,,,,,0.35,True
Chennai,17062025144439_CGHS Rates 2024 Chennai_.pdf,33,[i+ [amputations -Hind Quarterand Hemipehedomy isso Janie [1],i+ [amputations -Hind Quarterand Hemipehedomy isso Janie [1,,,,,,0.35,True
Chennai,17062025144439_CGHS Rates 2024 Chennai_.pdf,33,[i185 [Disaricuatons-Majorjomt ———*iBS0—iaos Pi,i185 [Disaricuatons-Majorjomt ———*iBS0—iaos Pi,,,,,,0.35,True
Chennai,17062025144439_CGHS Rates 2024 Chennai_.pdf,33,"[i186""[Disartcuations Minor joint uses s09___[-—__","i186""[Disartcuations Minor joint uses s09___[-—__",,,,,,0.35,True
Chennai,17062025144439_CGHS Rates 2024 Chennai_.pdf,33,[ris7 [ambroprphy 9200 fos,ris7 [ambroprphy 9200 fos,,,,,,0.35,True
Chennai,17062025144439_CGHS Rates 2024 Chennai_.pdf,33,"[rte [amtroscopy ~ Diagnose ase ps3 —[-""-_","rte [amtroscopy ~ Diagnose ase ps3 —[-""-_",,,,,,0.35,True
Chennai,17062025144439_CGHS Rates 2024 Chennai_.pdf,33,[189 [Amrscopy Terapeutic witout’ 10000 Jisoe___[-_],189 [Amrscopy Terapeutic witout’ 10000 Jisoe___[-_,,,,,,0.35,True
Chennai,17062025144439_CGHS Rates 2024 Chennai_.pdf,33,[190 [awrosopy therapeutics with mplant [i585 esa [|,190 [awrosopy therapeutics with mplant [i585 esa,,,,,,0.35,True
Chennai,17062025144439_CGHS Rates 2024 Chennai_.pdf,33,[i191 |[SoR Tse Operation on fois Small Joo00 [ass [|,i191 |[SoR Tse Operation on fois Small Joo00 [ass,,,,,,0.35,True
Chennai,17062025144439_CGHS Rates 2024 Chennai_.pdf,33,[1192 [Sof Tissue Operation on Toints-Large 13500 issas___ |,1192 [Sof Tissue Operation on Toints-Large 13500 issas___,,,,,,0.35,True
Chennai,17062025144439_CGHS Rates 2024 Chennai_.pdf,33,[195 [Removal ofPlaes igre,195 [Removal ofPlaes igre,,,,,,0.35,True
Chennai,17062025144439_CGHS Rates 2024 Chennai_.pdf,33,[1967 [Total Hip Replacement HR) [9000 [poss [-___,1967 [Total Hip Replacement HR) [9000 [poss [-___,,,,,,0.35,True
Chennai,17062025144439_CGHS Rates 2024 Chennai_.pdf,33,[1197 [Total Ankle fiat Replacement 85860___srs0___ [|,1197 [Total Ankle fiat Replacement 85860___srs0___,,,,,,0.35,True
Chennai,17062025144439_CGHS Rates 2024 Chennai_.pdf,33,[158 [Total Knee Joit Replacement (TER) [99000 rss [|],158 [Total Knee Joit Replacement (TER) [99000 rss,,,,,,0.35,True
Chennai,17062025144439_CGHS Rates 2024 Chennai_.pdf,33,"[199"" [Total Shoulder Toit Replacement _——[rim00__|er6s |]","199"" [Total Shoulder Toit Replacement _——[rim00__|er6s",,,,,,0.35,True
Chennai,17062025144439_CGHS Rates 2024 Chennai_.pdf,33,[i200 [Total Bow Tein Replacement (tno ———Yar6s—,i200 [Total Bow Tein Replacement (tno ———Yar6s—,,,,,,0.35,True
Chennai,17062025144439_CGHS Rates 2024 Chennai_.pdf,33,[1 [Total West fint Replacement 90000 ossog___[-_],1 [Total West fint Replacement 90000 ossog___[-_,,,,,,0.35,True
Chennai,17062025144439_CGHS Rates 2024 Chennai_.pdf,33,[i202 [Total ingerjont replacement [200002000 [|_|,i202 [Total ingerjont replacement [200002000 [|_,,,,,,0.35,True
Chennai,17062025144439_CGHS Rates 2024 Chennai_.pdf,33,[205 [Tubular extemal ator Ja600. 290. J,205 [Tubular extemal ator Ja600. 290. J,,,,,,0.35,True
Chennai,17062025144439_CGHS Rates 2024 Chennai_.pdf,33,[20s [iearovs extemal at its da iP,20s [iearovs extemal at its da iP,,,,,,0.35,True
Chennai,17062025144439_CGHS Rates 2024 Chennai_.pdf,33,[205 Pelveaceebulr actureTateraal ation =i iis,205 Pelveaceebulr actureTateraal ation =i iis,,,,,,0.35,True
Chennai,17062025144439_CGHS Rates 2024 Chennai_.pdf,33,fiz06 [oenicectomy ———————frz000 s000,fiz06 [oenicectomy ———————frz000 s000,,,,,,0.35,True
Chennai,17062025144439_CGHS Rates 2024 Chennai_.pdf,33,[i207 [Meniscus Repair 10000 [iiso0__[-,i207 [Meniscus Repair 10000 [iiso0__[-,,,,,,0.35,True
Chennai,17062025144439_CGHS Rates 2024 Chennai_.pdf,33,[208 [Anterior Cruciate Ligament (ACE) Recomsioion ——————[s500_ prs,208 [Anterior Cruciate Ligament (ACE) Recomsioion ——————[s500_ prs,,,,,,0.35,True
Chennai,17062025144439_CGHS Rates 2024 Chennai_.pdf,33,[203” Posterior Cruciate Ligament (PCL) Reconstruction 13500 isso [|,203” Posterior Cruciate Ligament (PCL) Reconstruction 13500 isso,,,,,,0.35,True
Chennai,17062025144439_CGHS Rates 2024 Chennai_.pdf,33,[i210 [nee Collateral Ligament Reconstuction —————_[i2500_as75_—— P|,i210 [nee Collateral Ligament Reconstuction —————_[i2500_as75_—— P,,,,,,0.35,True
Chennai,17062025144439_CGHS Rates 2024 Chennai_.pdf,33,[213 Bieps tenadanie ————_____fisoog isis [J,213 Bieps tenadanie ————_____fisoog isis [J,,,,,,0.35,True
Chennai,17062025144439_CGHS Rates 2024 Chennai_.pdf,33,[i214 [Distal biceps tendonrepaie iss igs,i214 [Distal biceps tendonrepaie iss igs,,,,,,0.35,True
Chennai,17062025144439_CGHS Rates 2024 Chennai_.pdf,33,[iis [ambroisorinee ———s00 rast,iis [ambroisorinee ———s00 rast,,,,,,0.35,True
Chennai,17062025144439_CGHS Rates 2024 Chennai_.pdf,33,[216 [capsulotomy of Shoal piaan0 sss,216 [capsulotomy of Shoal piaan0 sss,,,,,,0.35,True
Chennai,17062025144439_CGHS Rates 2024 Chennai_.pdf,33,[i217 [Conservative Plater oF Pars (POR) i060 ina,i217 [Conservative Plater oF Pars (POR) i060 ina,,,,,,0.35,True
Chennai,17062025144439_CGHS Rates 2024 Chennai_.pdf,33,[1218 [Applicaton or CTEV persiting ———ia00_ isso,1218 [Applicaton or CTEV persiting ———ia00_ isso,,,,,,0.35,True
Chennai,17062025144439_CGHS Rates 2024 Chennai_.pdf,33,[9 [Total Nip Replacement THR) Revision Saget 1700019550 [-_],9 [Total Nip Replacement THR) Revision Saget 1700019550 [-_,,,,,,0.35,True
Chennai,17062025144439_CGHS Rates 2024 Chennai_.pdf,33,[120” [Total Hip Replacement (THR) Revision Suge [50000 |s7500 [|_|,120” [Total Hip Replacement (THR) Revision Suge [50000 |s7500 [|_,,,,,,0.35,True
Chennai,17062025144439_CGHS Rates 2024 Chennai_.pdf,33,[i221 [Total Knee Replacement (TER) Revision Stage [35000Joaso[,i221 [Total Knee Replacement (TER) Revision Stage [35000Joaso,,,,,,0.35,True
Chennai,17062025144439_CGHS Rates 2024 Chennai_.pdf,33,[Pz [ Foal Race Repacement (RR) Revision Saget [35000 fas),Pz [ Foal Race Repacement (RR) Revision Saget [35000 fas),,,,,,0.35,True
Chennai,17062025144439_CGHS Rates 2024 Chennai_.pdf,34,[i225 [eaminestomy,i225 [eaminestomy,,,,,,0.35,True
Chennai,17062025144439_CGHS Rates 2024 Chennai_.pdf,34,"1226"" | spinal Fixation Cervical Gonahambar Tunbosawad isso nose [-—]","1226"" | spinal Fixation Cervical Gonahambar Tunbosawad isso nose [-—",,,,,,0.35,True
Chennai,17062025144439_CGHS Rates 2024 Chennai_.pdf,34,[i227 [Fusion Surgery: Cervical Lumbar Spine upto Eevel 220005300 [|,i227 [Fusion Surgery: Cervical Lumbar Spine upto Eevel 220005300,,,,,,0.35,True
Chennai,17062025144439_CGHS Rates 2024 Chennai_.pdf,34,[5_[Scohans Surgeqy Defomnty ComeetonofSpme————__—__[>s000 ___fasrs0_ [>,5_[Scohans Surgeqy Defomnty ComeetonofSpme————__—__[>s000 ___fasrs0_ [>,,,,,,0.35,True
Chennai,17062025144439_CGHS Rates 2024 Chennai_.pdf,34,[aso [venebroplaty ft 000fis800-,aso [venebroplaty ft 000fis800-,,,,,,0.35,True
Chennai,17062025144439_CGHS Rates 2024 Chennai_.pdf,34,[31 |Spinal Injections 50 drip iP,31 |Spinal Injections 50 drip iP,,,,,,0.35,True
Chennai,17062025144439_CGHS Rates 2024 Chennai_.pdf,34,[1252 [Dymamic Hip Som (DAS) for Factors Neck Femar———_——_[isogd__|imaso_ |_|,1252 [Dymamic Hip Som (DAS) for Factors Neck Femar———_——_[isogd__|imaso_ |_,,,,,,0.35,True
Chennai,17062025144439_CGHS Rates 2024 Chennai_.pdf,34,[233-[Proximal Femoral Nail PEN fori recta) doo [rei00__ [|,233-[Proximal Femoral Nail PEN fori recta) doo [rei00__,,,,,,0.35,True
Chennai,17062025144439_CGHS Rates 2024 Chennai_.pdf,34,[i234 [Spinal Ostetomy id tga,i234 [Spinal Ostetomy id tga,,,,,,0.35,True
Chennai,17062025144439_CGHS Rates 2024 Chennai_.pdf,34,[235 [izarv's/Extemal Fraton irTrauma——————[is000 ‘sof i,235 [izarv's/Extemal Fraton irTrauma——————[is000 ‘sof i,,,,,,0.35,True
Chennai,17062025144439_CGHS Rates 2024 Chennai_.pdf,34,"1236"" [sof Tissue Operations for Polo! Cerebral Pal ioss_Jiaias— [|","1236"" [sof Tissue Operations for Polo! Cerebral Pal ioss_Jiaias—",,,,,,0.35,True
Chennai,17062025144439_CGHS Rates 2024 Chennai_.pdf,34,[i237 [Min FiatorforrandFoot 9000 ——“Yosso—— sf,i237 [Min FiatorforrandFoot 9000 ——“Yosso—— sf,,,,,,0.35,True
Chennai,17062025144439_CGHS Rates 2024 Chennai_.pdf,34,[iza1_|[Shorsvave Dathemay (WD) 0s,iza1_|[Shorsvave Dathemay (WD) 0s,,,,,,0.35,True
Chennai,17062025144439_CGHS Rates 2024 Chennai_.pdf,34,[i2s5-[woice testing and diagnose di),i2s5-[woice testing and diagnose di),,,,,,0.35,True
Chennai,17062025144439_CGHS Rates 2024 Chennai_.pdf,34,[2a5~[Uivavioie Therapeutic (OW Therapanio) de isos,2a5~[Uivavioie Therapeutic (OW Therapanio) de isos,,,,,,0.35,True
Chennai,17062025144439_CGHS Rates 2024 Chennai_.pdf,34,[i246 intermitenttumberTroton 0s),i246 intermitenttumberTroton 0s),,,,,,0.35,True
Chennai,17062025144439_CGHS Rates 2024 Chennai_.pdf,34,fi2a7_nternitent Cervial waction Jos [rs [-,fi2a7_nternitent Cervial waction Jos [rs [-,,,,,,0.35,True
Chennai,17062025144439_CGHS Rates 2024 Chennai_.pdf,34,[ts0” [Breathing Execies © Postal Damage iS,ts0” [Breathing Execies © Postal Damage iS,,,,,,0.35,True
Chennai,17062025144439_CGHS Rates 2024 Chennai_.pdf,34,[iso [Pos = polio exons 5p,iso [Pos = polio exons 5p,,,,,,0.35,True
Chennai,17062025144439_CGHS Rates 2024 Chennai_.pdf,34,[i255 [Cobalt 60 therapy Paative therapy ————————————its ps9.,i255 [Cobalt 60 therapy Paative therapy ————————————its ps9.,,,,,,0.35,True
Chennai,17062025144439_CGHS Rates 2024 Chennai_.pdf,34,[7257 [near eeeeator Radial hempy (sides [ise inear asceeratr Palate thepy poms asa [| [iss [SD Piwning 99s,7257 [near eeeeator Radial hempy (sides [ise inear asceeratr Palate thepy poms asa [| [iss [SD Piwning 99s,,,,,,0.35,True
Chennai,17062025144439_CGHS Rates 2024 Chennai_.pdf,34,"[i260""[2D Paening 899 J o059","i260""[2D Paening 899 J o059",,,,,,0.35,True
Chennai,17062025144439_CGHS Rates 2024 Chennai_.pdf,34,[_[IMeTnenity Modulated aioterapy) 100878 [mseono__ [|,_[IMeTnenity Modulated aioterapy) 100878 [mseono__,,,,,,0.35,True
Chennai,17062025144439_CGHS Rates 2024 Chennai_.pdf,34,[262 [SRT (Stereotactic radiotherapy) 60086 froma. [ [65 [SRS(steeotactic radio surgery) =i acne,262 [SRT (Stereotactic radiotherapy) 60086 froma. [ [65 [SRS(steeotactic radio surgery) =i acne,,,,,,0.35,True
Chennai,17062025144439_CGHS Rates 2024 Chennai_.pdf,34,[326s [TORTGmage guided radiotherapy) fia7oié e068 [i,326s [TORTGmage guided radiotherapy) fia7oié e068 [i,,,,,,0.35,True
Chennai,17062025144439_CGHS Rates 2024 Chennai_.pdf,34,[265 Respiratory Gating-afongwth Linear aceleator planning 11000026500 [,265 Respiratory Gating-afongwth Linear aceleator planning 11000026500,,,,,,0.35,True
Chennai,17062025144439_CGHS Rates 2024 Chennai_.pdf,34,"[i266""[Becron beam withTineareseelrator =O exes [|","i266""[Becron beam withTineareseelrator =O exes",,,,,,0.35,True
Chennai,17062025144439_CGHS Rates 2024 Chennai_.pdf,34,[i267 [Tomomerpy ings Pi |NUCLEAR MEDICINE / BRACHYTHERAPY- HIGH | fotmounx TTT a a a Cc pms za d a a [___|NUCLEAR MEDICINE CHEMOTHERAPY || | a,i267 [Tomomerpy ings Pi |NUCLEAR MEDICINE / BRACHYTHERAPY- HIGH | fotmounx TTT a a a Cc pms za d a a [___|NUCLEAR MEDICINE CHEMOTHERAPY || | a,,,,,,0.35,True
Chennai,17062025144439_CGHS Rates 2024 Chennai_.pdf,35,[2275 |Concurrent-chemoradiation ffs PO,2275 |Concurrent-chemoradiation ffs PO,,,,,,0.35,True
Chennai,17062025144439_CGHS Rates 2024 Chennai_.pdf,35,sor ftos2,sor ftos2,,,,,,0.35,True
Chennai,17062025144439_CGHS Rates 2024 Chennai_.pdf,35,fiove [argetedtherapy SS *20 is PCS,fiove [argetedtherapy SS *20 is PCS,,,,,,0.35,True
Chennai,17062025144439_CGHS Rates 2024 Chennai_.pdf,35,[i279 |Chemoportfacibty 0 oss +,i279 |Chemoportfacibty 0 oss +,,,,,,0.35,True
Chennai,17062025144439_CGHS Rates 2024 Chennai_.pdf,35,[1280 PIC tin (peripherally aserid Cental Cannulnaton) —_|o20__oss___ |__|,1280 PIC tin (peripherally aserid Cental Cannulnaton) —_|o20__oss___ |__,,,,,,0.35,True
Chennai,17062025144439_CGHS Rates 2024 Chennai_.pdf,35,[1281 [Upper GIEndoscopy*LowerGiEndoseopy 553 fee,1281 [Upper GIEndoscopy*LowerGiEndoseopy 553 fee,,,,,,0.35,True
Chennai,17062025144439_CGHS Rates 2024 Chennai_.pdf,35,[1282 [Diagnosis endoscopy SiO is | C—S,1282 [Diagnosis endoscopy SiO is | C—S,,,,,,0.35,True
Chennai,17062025144439_CGHS Rates 2024 Chennai_.pdf,35,[1283 [Endoscopic biopsy B97,1283 [Endoscopic biopsy B97,,,,,,0.35,True
Chennai,17062025144439_CGHS Rates 2024 Chennai_.pdf,35,[i264 [Endoscopic mucosal resection isi |i,i264 [Endoscopic mucosal resection isi |i,,,,,,0.35,True
Chennai,17062025144439_CGHS Rates 2024 Chennai_.pdf,35,[i285 Oesophageal stitureiataion fia iss | ——————~d,i285 Oesophageal stitureiataion fia iss | ——————~d,,,,,,0.35,True
Chennai,17062025144439_CGHS Rates 2024 Chennai_.pdf,35,[1286 Balloon dilatation oF achalasia cardia ——____s75___ 306 |__|,1286 Balloon dilatation oF achalasia cardia ——____s75___ 306 |__,,,,,,0.35,True
Chennai,17062025144439_CGHS Rates 2024 Chennai_.pdf,35,[i287 Foreign bodyremoval————~iOS——iigge | SC——S,i287 Foreign bodyremoval————~iOS——iigge | SC——S,,,,,,0.35,True
Chennai,17062025144439_CGHS Rates 2024 Chennai_.pdf,35,[i268 Oesophageal stenting 00050 |],i268 Oesophageal stenting 00050,,,,,,0.35,True
Chennai,17062025144439_CGHS Rates 2024 Chennai_.pdf,35,[i269 [Band ligation oF oesophageal varices ps00__fpsvs_ |__|,i269 [Band ligation oF oesophageal varices ps00__fpsvs_ |__,,,,,,0.35,True
Chennai,17062025144439_CGHS Rates 2024 Chennai_.pdf,35,[1290 |Sclerotherapy of oesophageal varices 2250 sss,1290 |Sclerotherapy of oesophageal varices 2250 sss,,,,,,0.35,True
Chennai,17062025144439_CGHS Rates 2024 Chennai_.pdf,35,[i291 |Give injection ofvarices iso srs | Ci,i291 |Give injection ofvarices iso srs | Ci,,,,,,0.35,True
Chennai,17062025144439_CGHS Rates 2024 Chennai_.pdf,35,[1292 [Argon plasma coagulation ———_——————S—*iOS iP SC——S,1292 [Argon plasma coagulation ———_——————S—*iOS iP SC——S,,,,,,0.35,True
Chennai,17062025144439_CGHS Rates 2024 Chennai_.pdf,35,[1293 [Pyloric balloon dilatation pats fpr,1293 [Pyloric balloon dilatation pats fpr,,,,,,0.35,True
Chennai,17062025144439_CGHS Rates 2024 Chennai_.pdf,35,[i254 Entrant stenting isis Pi,i254 Entrant stenting isis Pi,,,,,,0.35,True
Chennai,17062025144439_CGHS Rates 2024 Chennai_.pdf,35,[1295 [Duodenal stricture Glan p90 iis PSC,1295 [Duodenal stricture Glan p90 iis PSC,,,,,,0.35,True
Chennai,17062025144439_CGHS Rates 2024 Chennai_.pdf,35,[i297 [Dovbletalloon enteroscopy «i500 <i PCS,i297 [Dovbletalloon enteroscopy «i500 <i PCS,,,,,,0.35,True
Chennai,17062025144439_CGHS Rates 2024 Chennai_.pdf,35,[1298 [Capsule endoscopy ass fg,1298 [Capsule endoscopy ass fg,,,,,,0.35,True
Chennai,17062025144439_CGHS Rates 2024 Chennai_.pdf,35,[1299 [Piles banding frog ings,1299 [Piles banding frog ings,,,,,,0.35,True
Chennai,17062025144439_CGHS Rates 2024 Chennai_.pdf,35,[1300 [Colonic stricture dilatation 2737 tas,1300 [Colonic stricture dilatation 2737 tas,,,,,,0.35,True
Chennai,17062025144439_CGHS Rates 2024 Chennai_.pdf,35,[1301_|Hot biopsy forceps procedures 000 _|saso__ |__|,1301_|Hot biopsy forceps procedures 000 _|saso__ |__,,,,,,0.35,True
Chennai,17062025144439_CGHS Rates 2024 Chennai_.pdf,35,[i302 Colonic senting irs din CS,i302 Colonic senting irs din CS,,,,,,0.35,True
Chennai,17062025144439_CGHS Rates 2024 Chennai_.pdf,35,[1303 [function biopsy 000300,1303 [function biopsy,,,000300,,,0.5,True
Chennai,17062025144439_CGHS Rates 2024 Chennai_.pdf,35,[1304 [Conjugal microscopy fo fas,1304 [Conjugal microscopy fo fas,,,,,,0.35,True
Chennai,17062025144439_CGHS Rates 2024 Chennai_.pdf,35,[1505 [Endoscopic sphincteotomy ins iia dP SCS,1505 [Endoscopic sphincteotomy ins iia dP SCS,,,,,,0.35,True
Chennai,17062025144439_CGHS Rates 2024 Chennai_.pdf,35,[sss0____Joms [|_|,sss0____Joms [|_,,,,,,0.35,True
Chennai,17062025144439_CGHS Rates 2024 Chennai_.pdf,35,[1505 [Bary stenting lasticand metalic) —————*800——idissn0 Sd SSCS,1505 [Bary stenting lasticand metalic) —————*800——idissn0 Sd SSCS,,,,,,0.35,True
Chennai,17062025144439_CGHS Rates 2024 Chennai_.pdf,35,[1309 [Mechanical lithotripsy ofCBD stones 300 fo,1309 [Mechanical lithotripsy ofCBD stones 300 fo,,,,,,0.35,True
Chennai,17062025144439_CGHS Rates 2024 Chennai_.pdf,35,[1510 Pancresticsphincterotomy ~~,1510 Pancresticsphincterotomy ~~,,,,,,0.35,True
Chennai,17062025144439_CGHS Rates 2024 Chennai_.pdf,35,[1311 [Pancreatic stricture dilatation a7 59a,1311 [Pancreatic stricture dilatation a7 59a,,,,,,0.35,True
Chennai,17062025144439_CGHS Rates 2024 Chennai_.pdf,35,[i512 [Pancreatic stone extraction poss__roast__ |__|,i512 [Pancreatic stone extraction poss__roast__ |__,,,,,,0.35,True
Chennai,17062025144439_CGHS Rates 2024 Chennai_.pdf,35,[3 echanialitotripsy oF pancreatie ones ———————————_e?_ ures | ————S—S—~S,3 echanialitotripsy oF pancreatie ones ———————————_e?_ ures | ————S—S—~S,,,,,,0.35,True
Chennai,17062025144439_CGHS Rates 2024 Chennai_.pdf,35,[isi4 [Endoscopic cyto gastosiomy ——————————irr00 Joss |,isi4 [Endoscopic cyto gastosiomy ——————————irr00 Joss,,,,,,0.35,True
Chennai,17062025144439_CGHS Rates 2024 Chennai_.pdf,35,[i315 [Balloon dilatation papilla. Jeno [uaa |,i315 [Balloon dilatation papilla. Jeno [uaa,,,,,,0.35,True
Chennai,17062025144439_CGHS Rates 2024 Chennai_.pdf,35,[1316 [Ultrasound guided FNAC 7S gen,1316 [Ultrasound guided FNAC 7S gen,,,,,,0.35,True
Chennai,17062025144439_CGHS Rates 2024 Chennai_.pdf,35,[i517 [Ultrasound guided abscess Dinage —____|ra0._ |e |,i517 [Ultrasound guided abscess Dinage —____|ra0._ |e,,,,,,0.35,True
Chennai,17062025144439_CGHS Rates 2024 Chennai_.pdf,35,[i515 [Percutaneous Transhepatic Bilan Dramage TBD) ——————*(tns0———ise3 | CS,i515 [Percutaneous Transhepatic Bilan Dramage TBD) ——————*(tns0———ise3 | CS,,,,,,0.35,True
Chennai,17062025144439_CGHS Rates 2024 Chennai_.pdf,35,[1319 [Diagnostic angiography foo aes,1319 [Diagnostic angiography foo aes,,,,,,0.35,True
Chennai,17062025144439_CGHS Rates 2024 Chennai_.pdf,35,[i520-[Wascularembotization ———_____fistog__nses |_|,i520-[Wascularembotization ———_____fistog__nses |_,,,,,,0.35,True
Chennai,17062025144439_CGHS Rates 2024 Chennai_.pdf,35,[i521 |Transjugulartnahepatc Porostenic Shunt (PS) ss60 [sep | ———_+,i521 |Transjugulartnahepatc Porostenic Shunt (PS) ss60 [sep | ———_+,,,,,,0.35,True
Chennai,17062025144439_CGHS Rates 2024 Chennai_.pdf,35,[i525 ouscularseating ————SSSCS—~TS so PCS,i525 ouscularseating ————SSSCS—~TS so PCS,,,,,,0.35,True
Chennai,17062025144439_CGHS Rates 2024 Chennai_.pdf,36,[Porat haemodyme Nadies S80,Porat haemodyme Nadies S80,,,,,,0.35,True
Chennai,17062025144439_CGHS Rates 2024 Chennai_.pdf,36,[26_[Manomety and PH mety iin se Pi,26_[Manomety and PH mety iin se Pi,,,,,,0.35,True
Chennai,17062025144439_CGHS Rates 2024 Chennai_.pdf,36,[is27 [Oesophageal Pit metry 5000s,is27 [Oesophageal Pit metry 5000s,,,,,,0.35,True
Chennai,17062025144439_CGHS Rates 2024 Chennai_.pdf,36,[28 [Ossophapsatmanomeyp (i000 Isso),28 [Ossophapsatmanomeyp (i000 Isso),,,,,,0.35,True
Chennai,17062025144439_CGHS Rates 2024 Chennai_.pdf,36,[529 | Small bowel manometry oso [rsa [-_},529 | Small bowel manometry oso [rsa [-_},,,,,,0.35,True
Chennai,17062025144439_CGHS Rates 2024 Chennai_.pdf,36,[1530 [Anorectal manometry itz rose,1530 [Anorectal manometry itz rose,,,,,,0.35,True
Chennai,17062025144439_CGHS Rates 2024 Chennai_.pdf,36,[31 [Goloncmanomety 6809,31 [Goloncmanomety,,,6809,,,0.5,True
Chennai,17062025144439_CGHS Rates 2024 Chennai_.pdf,36,[332 |Biliany manometry 650d,332 |Biliany manometry 650d,,,,,,0.35,True
Chennai,17062025144439_CGHS Rates 2024 Chennai_.pdf,36,[335-[Sengstaken backenese Tube empade =i —itgPS,335-[Sengstaken backenese Tube empade =i —itgPS,,,,,,0.35,True
Chennai,17062025144439_CGHS Rates 2024 Chennai_.pdf,36,[334 [Cintas mechs tubetempode irs isso PS,334 [Cintas mechs tubetempode irs isso PS,,,,,,0.35,True
Chennai,17062025144439_CGHS Rates 2024 Chennai_.pdf,36,[3557 [Faecal Feal fat teat fecal cgmotrpai Feasts [350 [aos [|,3557 [Faecal Feal fat teat fecal cgmotrpai Feasts [350 [aos,,,,,,0.35,True
Chennai,17062025144439_CGHS Rates 2024 Chennai_.pdf,36,1337 Extracorporeal Shortwave Lithotripsy (ESWL) (Select CGHS rate [See code 888 —_|See code 888,1337 Extracorporeal Shortwave Lithotripsy (ESWL) (Select CGHS rate [See code 888 —_|See code,,,888,,,0.5,True
Chennai,17062025144439_CGHS Rates 2024 Chennai_.pdf,36,code 888 for,code 888 for,,,,,,0.35,True
Chennai,17062025144439_CGHS Rates 2024 Chennai_.pdf,36,[6 iver iopey rr ir,6 iver iopey rr ir,,,,,,0.35,True
Chennai,17062025144439_CGHS Rates 2024 Chennai_.pdf,36,[3 [DewalOPA rey SOP SY,3 [DewalOPA rey SOP SY,,,,,,0.35,True
Chennai,17062025144439_CGHS Rates 2024 Chennai_.pdf,36,hss0-[osciwal ay rf,hss0-[osciwal ay rf,,,,,,0.35,True
Chennai,17062025144439_CGHS Rates 2024 Chennai_.pdf,36,[isa [oroxy 96 fs,isa [oroxy 96 fs,,,,,,0.35,True
Chennai,17062025144439_CGHS Rates 2024 Chennai_.pdf,36,[i322 [tung Ventiation & Perfusion Sean (W/O Sean) Sse [|,i322 [tung Ventiation & Perfusion Sean (W/O Sean) Sse,,,,,,0.35,True
Chennai,17062025144439_CGHS Rates 2024 Chennai_.pdf,36,[583 [tomgPevisonsean <i “oro i,583 [tomgPevisonsean <i “oro i,,,,,,0.35,True
Chennai,17062025144439_CGHS Rates 2024 Chennai_.pdf,36,[Tia4 [Whole Body Bone ScanwithSPECT (‘ses i,Tia4 [Whole Body Bone ScanwithSPECT (‘ses i,,,,,,0.35,True
Chennai,17062025144439_CGHS Rates 2024 Chennai_.pdf,36,|Brain Perfusion SPECT Scan with Technetium 99m 8798,Brain Perfusion SPECT Scan with Technetium 99m,,,8798,,,0.5,True
Chennai,17062025144439_CGHS Rates 2024 Chennai_.pdf,36,[a7 [Radiomcte Citemography for CSF ek iE,a7 [Radiomcte Citemography for CSF ek iE,,,,,,0.35,True
Chennai,17062025144439_CGHS Rates 2024 Chennai_.pdf,36,[7 [Gastro eophagea! Rete Sy (GER Siw) issue [PS,7 [Gastro eophagea! Rete Sy (GER Siw) issue [PS,,,,,,0.35,True
Chennai,17062025144439_CGHS Rates 2024 Chennai_.pdf,36,[0 epatbiiary Seitigaphgs aap,0 epatbiiary Seitigaphgs aap,,,,,,0.35,True
Chennai,17062025144439_CGHS Rates 2024 Chennai_.pdf,36,fissi_[weckefsScan 955 ngs,fissi_[weckefsScan 955 ngs,,,,,,0.35,True
Chennai,17062025144439_CGHS Rates 2024 Chennai_.pdf,36,1354 [Renal Cortical Scintigraphy with Technetium 99m 13079 3541,1354 [Renal Cortical Scintigraphy with Technetium 99m,3541,13079,,,,0.72,False
Chennai,17062025144439_CGHS Rates 2024 Chennai_.pdf,36,[356 [Dynamic Renogrphy wih Dietician,356 [Dynamic Renogrphy wih Dietician,,,,,,0.35,True
Chennai,17062025144439_CGHS Rates 2024 Chennai_.pdf,36,[1357 [Dynamic Renography with Capopn “960 ase,1357 [Dynamic Renography with Capopn “960 ase,,,,,,0.35,True
Chennai,17062025144439_CGHS Rates 2024 Chennai_.pdf,36,1445 1700 [Rate revised w.e.f. 19.06.2023,1445 1700 [Rate revised w.e.f. 19.06.2023,,,,,,0.35,True
Chennai,17062025144439_CGHS Rates 2024 Chennai_.pdf,36,[SD [Thyroid Upake measurements with -Todine 1500s,SD [Thyroid Upake measurements with -Todine 1500s,,,,,,0.35,True
Chennai,17062025144439_CGHS Rates 2024 Chennai_.pdf,37,‘Thyroid Scan with Technetium 99m Pertechnetate 1615 Rate revised w.e f 19.06.2023,‘Thyroid Scan with Technetium 99m Pertechnetate 1615 Rate revised w.e f 19.06.2023,,,,,,0.35,True
Chennai,17062025144439_CGHS Rates 2024 Chennai_.pdf,37,1361 [Iodine-131 Whole Body Scan 2933 3373 [i sd,1361 [Iodine-131 Whole Body Scan 2933 3373 [i sd,,,,,,0.35,True
Chennai,17062025144439_CGHS Rates 2024 Chennai_.pdf,37,1362_|Whole Body Scan with MIBG 15836 18211 |,1362_|Whole Body Scan with MIBG 15836 18211,,,,,,0.35,True
Chennai,17062025144439_CGHS Rates 2024 Chennai_.pdf,37,156s [Partiyoid Seas 500 a,156s [Partiyoid Seas 500 a,,,,,,0.35,True
Chennai,17062025144439_CGHS Rates 2024 Chennai_.pdf,37,[1564 [13-lodine Therapy 1530 a,1564 [13-lodine Therapy 1530 a,,,,,,0.35,True
Chennai,17062025144439_CGHS Rates 2024 Chennai_.pdf,37,1365_[131-todine Therapy <15mCi [esq fags,1365_[131-todine Therapy <15mCi [esq fags,,,,,,0.35,True
Chennai,17062025144439_CGHS Rates 2024 Chennai_.pdf,37,[1366 [131-lodine Therapy 15-SOmCi 4956 5699 |,1366 [131-lodine Therapy 15-SOmCi 4956 5699,,,,,,0.35,True
Chennai,17062025144439_CGHS Rates 2024 Chennai_.pdf,37,131-odine Therapy 51-100mCi 70800 12420 [I,131-odine Therapy 51-100mCi 70800 12420 [I,,,,,,0.35,True
Chennai,17062025144439_CGHS Rates 2024 Chennai_.pdf,37,[1368 _|131-todine Therapy >100mCi 15000 17250 |,1368 _|131-todine Therapy >100mCi 15000 17250,,,,,,0.35,True
Chennai,17062025144439_CGHS Rates 2024 Chennai_.pdf,37,1369 |Phosphorus-32 therapy for metastatic bone pain palliation [5000 Ee |,Phosphorus-32 therapy for metastatic bone pain palliation [5000 Ee,,,,,,0.35,True
Chennai,17062025144439_CGHS Rates 2024 Chennai_.pdf,37,[Samarium-153 therapy for metastatic bone pain palliation [9405 10816 [i isd,Samarium-153 therapy for metastatic bone pain palliation [9405 10816 [i isd,,,,,,0.35,True
Chennai,17062025144439_CGHS Rates 2024 Chennai_.pdf,37,1371 |Radiosynovectomy with Yttrium 19125 j21994 | |__ |NAME OF INVESTIGATION / CARDIOLOGY eS,Radiosynovectomy with Yttrium 19125 j21994 | |__ |NAME OF INVESTIGATION / CARDIOLOGY eS,,,,,,0.35,True
Chennai,17062025144439_CGHS Rates 2024 Chennai_.pdf,37,1372_|Stress thallium / Myocardial Perfusion Scintigraphy [8505 l9781 |,1372_|Stress thallium / Myocardial Perfusion Scintigraphy [8505 l9781,,,,,,0.35,True
Chennai,17062025144439_CGHS Rates 2024 Chennai_.pdf,37,1373 [Rest thallium / Myocardial Perfusion Scintigraphy [7200 [8280 | [iar venoerphy ——S~*i OO a,1373 [Rest thallium / Myocardial Perfusion Scintigraphy [7200 [8280 | [iar venoerphy ——S~*i OO a,,,,,,0.35,True
Chennai,17062025144439_CGHS Rates 2024 Chennai_.pdf,37,1375 | Treadmill Test (TMT) 950 1120 [Rate revised w.ef 19.06.2023 le lapplicable in all CGHS cities,Treadmill Test (TMT) 950 1120 [Rate revised w.ef 19.06.2023 le lapplicable in all CGHS cities,,,,,,0.35,True
Chennai,17062025144439_CGHS Rates 2024 Chennai_.pdf,37,[i576 [Transesophageal Echocardiography (TEE) 5,i576 [Transesophageal Echocardiography (TEE),,,5,,,0.5,True
Chennai,17062025144439_CGHS Rates 2024 Chennai_.pdf,37,li377-[Lymph angiography sis a [__INAME OF INVESTIGATION /TUMOURIMAGING a S75 [Scintimammopraphy. SS SSS~*i a,li377-[Lymph angiography sis a [__INAME OF INVESTIGATION /TUMOURIMAGING a S75 [Scintimammopraphy. SS SSS~*i a,,,,,,0.35,True
Chennai,17062025144439_CGHS Rates 2024 Chennai_.pdf,37,"1379 [Indium labelled octreotide Scan [65982 [75879 | sr. |CGHS TREATMENT INon- No. |PROCEDURE/INVESTIGATION LIST (DELHUNCR) INABH/No | |NAME OF INVESTIGATION /PET SCAN, a","1379 [Indium labelled octreotide Scan [65982 [75879 | sr. |CGHS TREATMENT INon- No. |PROCEDURE/INVESTIGATION LIST (DELHUNCR) INABH/No | |NAME OF INVESTIGATION /PET SCAN, a",,,,nabh,,0.35,True
Chennai,17062025144439_CGHS Rates 2024 Chennai_.pdf,37,"1380 10,000 11,500 [Rate revised w.e-f 19.12.2023 le lapplicable in all CGHS cities,","1380 10,000 11,500 [Rate revised w.e-f 19.12.2023 le lapplicable in all CGHS cities,",,,,,,0.35,True
Chennai,17062025144439_CGHS Rates 2024 Chennai_.pdf,37,"1381 [Brain / Heart FDG PET / CT Scan 10,000 11,500 [Rate revised w.ef 19.12.2023 le lapplicable in all CGHS cities,","1381 [Brain / Heart FDG PET / CT Scan 10,000 11,500 [Rate revised w.ef 19.12.2023 le lapplicable in all CGHS cities,",,,,,,0.35,True
Chennai,17062025144439_CGHS Rates 2024 Chennai_.pdf,37,"1382 |Gallium-68 Peptide PET / CT imaging for Neuroendocrine 10,000 11,500 Rate revised wef 19.12.2023 Tumor le applicable in all CGHS cities Ee","Gallium-68 Peptide PET / CT imaging for Neuroendocrine 10,000 11,500 Rate revised wef 19.12.2023 Tumor le applicable in all CGHS cities Ee",,,,,,0.35,True
Chennai,17062025144439_CGHS Rates 2024 Chennai_.pdf,37,"1383 [Urine routine- pH, Specific gravity, sugar, protein and 35 l40 lmicroscopy 84 [rine MiroaTbomia a |","1383 [Urine routine- pH, Specific gravity, sugar, protein and 35 l40 lmicroscopy 84 [rine MiroaTbomia a",,,,,,0.35,True
Chennai,17062025144439_CGHS Rates 2024 Chennai_.pdf,37,[1386 |stoot oceut bioed a,1386 |stoot oceut bioed a,,,,,,0.35,True
Chennai,17062025144439_CGHS Rates 2024 Chennai_.pdf,38,[ii67 [Postcora sncaremamination i,ii67 [Postcora sncaremamination i,,,,,,0.35,True
Chennai,17062025144439_CGHS Rates 2024 Chennai_.pdf,38,"[390"" [Total Levcoeyie CoumeCHEG) i","390"" [Total Levcoeyie CoumeCHEG) i",,,,,,0.35,True
Chennai,17062025144439_CGHS Rates 2024 Chennai_.pdf,38,[591_[Dilfreta Leveoyte Count BEG),591_[Dilfreta Leveoyte Count BEG),,,,,,0.35,True
Chennai,17062025144439_CGHS Rates 2024 Chennai_.pdf,38,[392 ytvocye Sedimentation Rate ESR) psi,392 ytvocye Sedimentation Rate ESR) psi,,,,,,0.35,True
Chennai,17062025144439_CGHS Rates 2024 Chennai_.pdf,38,[393_[ Tot Red Cll count with MCV. MCHMGHCDRW [50s,393_[ Tot Red Cll count with MCV. MCHMGHCDRW [50s,,,,,,0.35,True
Chennai,17062025144439_CGHS Rates 2024 Chennai_.pdf,38,"|Complete Haemogram/CBC, Hb,RBC count and indices, TLC, DLC, {122","Complete Haemogram/CBC, Hb,RBC count and indices, TLC, DLC, {122",,,,,,0.35,True
Chennai,17062025144439_CGHS Rates 2024 Chennai_.pdf,38,[3967 Retiuloyte comet,3967 Retiuloyte comet,,,,,,0.35,True
Chennai,17062025144439_CGHS Rates 2024 Chennai_.pdf,38,[i397 [Absolute Eosinophilcomt (REG),i397 [Absolute Eosinophilcomt (REG),,,,,,0.35,True
Chennai,17062025144439_CGHS Rates 2024 Chennai_.pdf,38,[398 [Packed Cet Voume(PCV) is,398 [Packed Cet Voume(PCV) is,,,,,,0.35,True
Chennai,17062025144439_CGHS Rates 2024 Chennai_.pdf,38,[399”[Penpherl Smear Examination #9 #5,399”[Penpherl Smear Examination #9 #5,,,,,,0.35,True
Chennai,17062025144439_CGHS Rates 2024 Chennai_.pdf,38,[00 [SmearforMaana pareste ii,00 [SmearforMaana pareste ii,,,,,,0.35,True
Chennai,17062025144439_CGHS Rates 2024 Chennai_.pdf,38,fis02 [Osmotic FagitpTee 50s),fis02 [Osmotic FagitpTee 50s),,,,,,0.35,True
Chennai,17062025144439_CGHS Rates 2024 Chennai_.pdf,38,[03 [Bone Marrow Smear Examination oJ],03 [Bone Marrow Smear Examination oJ,,,,,,0.35,True
Chennai,17062025144439_CGHS Rates 2024 Chennai_.pdf,38,[isos [Bone Marrow Smear Examination wihonwiim [205s,isos [Bone Marrow Smear Examination wihonwiim [205s,,,,,,0.35,True
Chennai,17062025144439_CGHS Rates 2024 Chennai_.pdf,38,[05 [Bone Marow Smear Examination and ytochemisey——————[aw0_———_‘soe—|@,05 [Bone Marow Smear Examination and ytochemisey——————[aw0_———_‘soe—|@,,,,,,0.35,True
Chennai,17062025144439_CGHS Rates 2024 Chennai_.pdf,38,fs06 [Activated paral ThomboplastinTime (APTT)_—_—— io [,fs06 [Activated paral ThomboplastinTime (APTT)_—_—— io,,,,,,0.35,True
Chennai,17062025144439_CGHS Rates 2024 Chennai_.pdf,38,[iso7 [Rapid test ormelanaterdtes) st,iso7 [Rapid test ormelanaterdtes) st,,,,,,0.35,True
Chennai,17062025144439_CGHS Rates 2024 Chennai_.pdf,38,[08 [WBC cytochemistry for leukemia -Completepanel pra,08 [WBC cytochemistry for leukemia -Completepanel pra,,,,,,0.35,True
Chennai,17062025144439_CGHS Rates 2024 Chennai_.pdf,38,[isii_[racor AssysFactrb¢ 1s,isii_[racor AssysFactrb¢ 1s,,,,,,0.35,True
Chennai,17062025144439_CGHS Rates 2024 Chennai_.pdf,38,[siz Piateet Function est 50s,siz Piateet Function est 50s,,,,,,0.35,True
Chennai,17062025144439_CGHS Rates 2024 Chennai_.pdf,38,"1413 |Tests for hypercoagulable states- Protein C, Protein S_ hin Pe [rad [Tesi forloposancoagulnt’ SO [cients fT cardiolipin and B2 Glycoprotein 1) Sr. |\CGHS TREATMENT |Non- = femme Ae || [aan dies (Red Caines and HUHPLO)—————_[s60____|esa— [| Si fist? [Tests forSicking HOHPLO) fr) |___|LABORATORY MEDICINE [REOODEANE | | [iS [Blood GrupeRATpe Si SY sis forossmatch 5 [i20_[Coomb’s Tete [21 [Coomb's Tes indie 0 ros —[ J [s22""[5 cel pane antibody seeing Torprepant male ———————=iISS_——sire [25-1 els panel forantbedyidetiieion ——————————ia70—————iise Pi","Tests for hypercoagulable states- Protein C, Protein S_ hin Pe [rad [Tesi forloposancoagulnt’ SO [cients fT cardiolipin and B2 Glycoprotein 1) Sr. |\CGHS TREATMENT |Non- = femme Ae || [aan dies (Red Caines and HUHPLO)—————_[s60____|esa— [| Si fist? [Tests forSicking HOHPLO) fr) |___|LABORATORY MEDICINE [REOODEANE | | [iS [Blood GrupeRATpe Si SY sis forossmatch 5 [i20_[Coomb’s Tete [21 [Coomb's Tes indie 0 ros —[ J [s22""[5 cel pane antibody seeing Torprepant male ———————=iISS_——sire [25-1 els panel forantbedyidetiieion ——————————ia70—————iise Pi",,,,,,0.35,True
Chennai,17062025144439_CGHS Rates 2024 Chennai_.pdf,38,fis [patie B surice antigen (HBaag) 100 Js] [iss [RepatieCwimw HW) in ig,fis [patie B surice antigen (HBaag) 100 Js] [iss [RepatieCwimw HW) in ig,,,,,,0.35,True
Chennai,17062025144439_CGHS Rates 2024 Chennai_.pdf,38,[267 [Human immunodeficiency in HIV Tan 150 Jus [ [s27_ Venereal Disease Research Laboratory et (WDRE) 0. ss |) | faze [RArAnibedytter iS fs29”Piateet Concentrate 55 Jr ee nee eS ‘approved rate),267 [Human immunodeficiency in HIV Tan 150 Jus [ [s27_ Venereal Disease Research Laboratory et (WDRE) 0. ss |) | faze [RArAnibedytter iS fs29”Piateet Concentrate 55 Jr ee nee eS ‘approved rate),,,,,,0.35,True
Chennai,17062025144439_CGHS Rates 2024 Chennai_.pdf,39,1431 [Single Donor Platelet (SDP- Apheresis)- (Select CGHS rate Code [See code 1830 _ See code 1830,1431 [Single Donor Platelet (SDP- Apheresis)- (Select CGHS rate Code [See code 1830 _ See code,,,1830,,,0.5,True
Chennai,17062025144439_CGHS Rates 2024 Chennai_.pdf,39,11830 for approved,11830 for approved,,,,,,0.35,True
Chennai,17062025144439_CGHS Rates 2024 Chennai_.pdf,39,[1454 [immunohintochemintyGHC) ir dre | id,1454 [immunohintochemintyGHC) ir dre | id,,,,,,0.35,True
Chennai,17062025144439_CGHS Rates 2024 Chennai_.pdf,39,[1436 [Paraffin section fgg ssp,1436 [Paraffin section fgg ssp,,,,,,0.35,True
Chennai,17062025144439_CGHS Rates 2024 Chennai_.pdf,39,[1437 [Pap Smear ss,1437 [Pap Smear ss,,,,,,0.35,True
Chennai,17062025144439_CGHS Rates 2024 Chennai_.pdf,39,[i436 [Body Suid Yor Malignant eee iss iss Pd,i436 [Body Suid Yor Malignant eee iss iss Pd,,,,,,0.35,True
Chennai,17062025144439_CGHS Rates 2024 Chennai_.pdf,39,[1439 Fine Needle Aspiration Cytology FNAC)_—______fiso__por | |,1439 Fine Needle Aspiration Cytology FNAC)_—______fiso__por,,,,,,0.35,True
Chennai,17062025144439_CGHS Rates 2024 Chennai_.pdf,39,[Fa40 Leukemia panel Lymphomapanel ————————~«dS@——isves SSCS,Fa40 Leukemia panel Lymphomapanel ————————~«dS@——isves SSCS,,,,,,0.35,True
Chennai,17062025144439_CGHS Rates 2024 Chennai_.pdf,39,[75 FHooresomnt in tw hybdivation ISH) ‘soo ‘dss | SSC—~Sd,75 FHooresomnt in tw hybdivation ISH) ‘soo ‘dss | SSC—~Sd,,,,,,0.35,True
Chennai,17062025144439_CGHS Rates 2024 Chennai_.pdf,39,[F444 [Blood GiucoseRandom ii | Ci,F444 [Blood GiucoseRandom ii | Ci,,,,,,0.35,True
Chennai,17062025144439_CGHS Rates 2024 Chennai_.pdf,39,"[i445 [24 tis urine for Proteins Sodium, creatinine sos | ——————*d","i445 [24 tis urine for Proteins Sodium, creatinine sos | ——————*d",,,,,,0.35,True
Chennai,17062025144439_CGHS Rates 2024 Chennai_.pdf,39,[1446 [Blood UreaNitogen i |,1446 [Blood UreaNitogen i,,,,,,0.35,True
Chennai,17062025144439_CGHS Rates 2024 Chennai_.pdf,39,[i447 [Serum Creatinine ii Sd,i447 [Serum Creatinine ii Sd,,,,,,0.35,True
Chennai,17062025144439_CGHS Rates 2024 Chennai_.pdf,39,[isi9 |Urine Urobiinogen ies CS,isi9 |Urine Urobiinogen ies CS,,,,,,0.35,True
Chennai,17062025144439_CGHS Rates 2024 Chennai_.pdf,39,[i451 |Urine Oooukt Blood iis,i451 |Urine Oooukt Blood iis,,,,,,0.35,True
Chennai,17062025144439_CGHS Rates 2024 Chennai_.pdf,39,[i452 |Orine tol proteins ii CS,i452 |Orine tol proteins ii CS,,,,,,0.35,True
Chennai,17062025144439_CGHS Rates 2024 Chennai_.pdf,39,[2453 [Rheumatoid Factor/RhFactortest fg tc,2453 [Rheumatoid Factor/RhFactortest fg tc,,,,,,0.35,True
Chennai,17062025144439_CGHS Rates 2024 Chennai_.pdf,39,[i454 Bence Jones protein ii,i454 Bence Jones protein ii,,,,,,0.35,True
Chennai,17062025144439_CGHS Rates 2024 Chennai_.pdf,39,[1456 |Serum Biivbin ial diet rid | id,1456 |Serum Biivbin ial diet rid | id,,,,,,0.35,True
Chennai,17062025144439_CGHS Rates 2024 Chennai_.pdf,39,[ias7 |seumion st sd,ias7 |seumion st sd,,,,,,0.35,True
Chennai,17062025144439_CGHS Rates 2024 Chennai_.pdf,39,[ia55 [C-reactive Prowin(CRP)————~o id T S™,ia55 [C-reactive Prowin(CRP)————~o id T S™,,,,,,0.35,True
Chennai,17062025144439_CGHS Rates 2024 Chennai_.pdf,39,[1459 [C-reactive Protein (CRP) Quantitative fof,1459 [C-reactive Protein (CRP) Quantitative fof,,,,,,0.35,True
Chennai,17062025144439_CGHS Rates 2024 Chennai_.pdf,39,[i460 [Body duid (CSF /Ascive Fuid ea. )Sugar Protemete po roe | |,i460 [Body duid (CSF /Ascive Fuid ea. )Sugar Protemete po roe,,,,,,0.35,True
Chennai,17062025144439_CGHS Rates 2024 Chennai_.pdf,39,[2461 [Atbumin fa a,2461 [Atbumin fa a,,,,,,0.35,True
Chennai,17062025144439_CGHS Rates 2024 Chennai_.pdf,39,[i462 |Creatinine earnse di,i462 |Creatinine earnse di,,,,,,0.35,True
Chennai,17062025144439_CGHS Rates 2024 Chennai_.pdf,39,[i463 [Serum Choleterod i> —io# dP CS,i463 [Serum Choleterod i> —io# dP CS,,,,,,0.35,True
Chennai,17062025144439_CGHS Rates 2024 Chennai_.pdf,39,[i461 Total ron Binding Capacity (HBC) aos |),i461 Total ron Binding Capacity (HBC) aos |),,,,,,0.35,True
Chennai,17062025144439_CGHS Rates 2024 Chennai_.pdf,39,[i465 |Ghucone Fasting PP) ise PY,i465 |Ghucone Fasting PP) ise PY,,,,,,0.35,True
Chennai,17062025144439_CGHS Rates 2024 Chennai_.pdf,39,[i466 |Serum Calcium Tot i]# dood,i466 |Serum Calcium Tot i]# dood,,,,,,0.35,True
Chennai,17062025144439_CGHS Rates 2024 Chennai_.pdf,39,[i467 |Serum Caleiumlonie————o# dst | Sd,i467 |Serum Caleiumlonie————o# dst | Sd,,,,,,0.35,True
Chennai,17062025144439_CGHS Rates 2024 Chennai_.pdf,39,[1469 [Total Protein Alb/GloRatio fs,1469 [Total Protein Alb/GloRatio fs,,,,,,0.35,True
Chennai,17062025144439_CGHS Rates 2024 Chennai_.pdf,39,[1470 fmmunoglobuin@ eG) sess iY,1470 fmmunoglobuin@ eG) sess iY,,,,,,0.35,True
Chennai,17062025144439_CGHS Rates 2024 Chennai_.pdf,39,[i472 fmmunoslobuba Apa) ies ess],i472 fmmunoslobuba Apa) ies ess,,,,,,0.35,True
Chennai,17062025144439_CGHS Rates 2024 Chennai_.pdf,39,[i475 [Antinuclear antibody @NAY—____foo ps0 ————S——*d,i475 [Antinuclear antibody @NAY—____foo ps0 ————S——*d,,,,,,0.35,True
Chennai,17062025144439_CGHS Rates 2024 Chennai_.pdf,39,[i474 [Anti-double sanded DNA (@atcdRDNA) isso |] SSC,i474 [Anti-double sanded DNA (@atcdRDNA) isso |] SSC,,,,,,0.35,True
Chennai,17062025144439_CGHS Rates 2024 Chennai_.pdf,40,fig7s[Serumtipase iss,fig7s[Serumtipase iss,,,,,,0.35,True
Chennai,17062025144439_CGHS Rates 2024 Chennai_.pdf,40,"fig7a""[SerumTacae 20a","fig7a""[SerumTacae 20a",,,,,,0.35,True
Chennai,17062025144439_CGHS Rates 2024 Chennai_.pdf,40,[0 [Serum Magness 90 toe,0 [Serum Magness 90 toe,,,,,,0.35,True
Chennai,17062025144439_CGHS Rates 2024 Chennai_.pdf,40,fs [Serum Soda 50,fs [Serum Soda,,,50,,,0.5,True
Chennai,17062025144439_CGHS Rates 2024 Chennai_.pdf,40,[ss2[SerumPotssium 50,ss2[SerumPotssium,,,50,,,0.5,True
Chennai,17062025144439_CGHS Rates 2024 Chennai_.pdf,40,[i483 [Serum-Ammenia 90 to,i483 [Serum-Ammenia 90 to,,,,,,0.35,True
Chennai,17062025144439_CGHS Rates 2024 Chennai_.pdf,40,fis84 [anemia rosie poss,fis84 [anemia rosie poss,,,,,,0.35,True
Chennai,17062025144439_CGHS Rates 2024 Chennai_.pdf,40,[85 [Serum Testosterone ists,85 [Serum Testosterone ists,,,,,,0.35,True
Chennai,17062025144439_CGHS Rates 2024 Chennai_.pdf,40,[86 [imprint Smear From Eadossopy i es,86 [imprint Smear From Eadossopy i es,,,,,,0.35,True
Chennai,17062025144439_CGHS Rates 2024 Chennai_.pdf,40,lise7 [Tigheendes gn rs,lise7 [Tigheendes gn rs,,,,,,0.35,True
Chennai,17062025144439_CGHS Rates 2024 Chennai_.pdf,40,[88 [Ghucose Toleanes TAROT 90 to,88 [Ghucose Toleanes TAROT 90 to,,,,,,0.35,True
Chennai,17062025144439_CGHS Rates 2024 Chennai_.pdf,40,fe [Triple Marker. fro 20,fe [Triple Marker. fro,,,20,,,0.5,True
Chennai,17062025144439_CGHS Rates 2024 Chennai_.pdf,40,[890 [creatine Phosphakinave (CPR) Crane Rass (OR) [100 is.,890 [creatine Phosphakinave (CPR) Crane Rass (OR) [100 is.,,,,,,0.35,True
Chennai,17062025144439_CGHS Rates 2024 Chennai_.pdf,40,[so1 [roca Haemoglobin A) a5 Jos [J,so1 [roca Haemoglobin A) a5 Jos [J,,,,,,0.35,True
Chennai,17062025144439_CGHS Rates 2024 Chennai_.pdf,40,[892 [Protiombin Time PT) 00 is,892 [Protiombin Time PT) 00 is,,,,,,0.35,True
Chennai,17062025144439_CGHS Rates 2024 Chennai_.pdf,40,[s95 [Lactate dehydrogenase DE) fio ts,s95 [Lactate dehydrogenase DE) fio ts,,,,,,0.35,True
Chennai,17062025144439_CGHS Rates 2024 Chennai_.pdf,40,[is94 [Alkaline Phosphatase,is94 [Alkaline Phosphatase,,,,,,0.35,True
Chennai,17062025144439_CGHS Rates 2024 Chennai_.pdf,40,[95 [acid Phosphate ro,95 [acid Phosphate ro,,,,,,0.35,True
Chennai,17062025144439_CGHS Rates 2024 Chennai_.pdf,40,fia96_[oPR MBC MB fi90 ig,fia96_[oPR MBC MB fi90 ig,,,,,,0.35,True
Chennai,17062025144439_CGHS Rates 2024 Chennai_.pdf,40,fs97 [CK MB MasscPEMB Mas isp,fs97 [CK MB MasscPEMB Mas isp,,,,,,0.35,True
Chennai,17062025144439_CGHS Rates 2024 Chennai_.pdf,40,fis98 [Troponin it00 is,fis98 [Troponin it00 is,,,,,,0.35,True
Chennai,17062025144439_CGHS Rates 2024 Chennai_.pdf,40,[99 [Troponin Findon |,99 [Troponin Findon,,,,,,0.35,True
Chennai,17062025144439_CGHS Rates 2024 Chennai_.pdf,40,500” [Ghuose-6- Phosphate Daiyrogemase(O@PD) iio iss,500” [Ghuose-6- Phosphate Daiyrogemase(O@PD) iio iss,,,,,,0.35,True
Chennai,17062025144439_CGHS Rates 2024 Chennai_.pdf,40,[soa [biaatin GeagR 57 rf,soa [biaatin GeagR 57 rf,,,,,,0.35,True
Chennai,17062025144439_CGHS Rates 2024 Chennai_.pdf,40,[503 [carbamazepine i550,503 [carbamazepine i550,,,,,,0.35,True
Chennai,17062025144439_CGHS Rates 2024 Chennai_.pdf,40,[706 [Blood gos anal Aroma Bld Gas BG) ioe,706 [Blood gos anal Aroma Bld Gas BG) ioe,,,,,,0.35,True
Chennai,17062025144439_CGHS Rates 2024 Chennai_.pdf,40,509” [Test for Antiphospholipid aniboties drome isis,509” [Test for Antiphospholipid aniboties drome isis,,,,,,0.35,True
Chennai,17062025144439_CGHS Rates 2024 Chennai_.pdf,40,[510 [Gicosysted Haemoglobin DAIS) isis i,510 [Gicosysted Haemoglobin DAIS) isis i,,,,,,0.35,True
Chennai,17062025144439_CGHS Rates 2024 Chennai_.pdf,40,i =63=—hl,i =63=—hl,,,,,,0.35,True
Chennai,17062025144439_CGHS Rates 2024 Chennai_.pdf,40,11417 for approved,11417 for approved,,,,,,0.35,True
Chennai,17062025144439_CGHS Rates 2024 Chennai_.pdf,40,[1512 [Kidney Fonction Te RFE) iis |,1512 [Kidney Fonction Te RFE) iis,,,,,,0.35,True
Chennai,17062025144439_CGHS Rates 2024 Chennai_.pdf,40,[isi iver Function ext (LPT) 08s,isi iver Function ext (LPT) 08s,,,,,,0.35,True
Chennai,17062025144439_CGHS Rates 2024 Chennai_.pdf,40,"[iste [Lipid Profile (Total cholesterol LDL, MDE, Taglyeides) [200s [|","iste [Lipid Profile (Total cholesterol LDL, MDE, Taglyeides) [200s",,,,,,0.35,True
Chennai,17062025144439_CGHS Rates 2024 Chennai_.pdf,40,[sie [vitamin Biz way 50s,sie [vitamin Biz way 50s,,,,,,0.35,True
Chennai,17062025144439_CGHS Rates 2024 Chennai_.pdf,40,"1520 |Extended Lipid Profile. (Total cholesterol, LDL, HDL. Triglycerides |536 Ga |Apo Al.Apo B.Lp eee ee","Extended Lipid Profile. (Total cholesterol, LDL, HDL. Triglycerides |536 Ga |Apo Al.Apo B.Lp eee ee",,,,,,0.35,True
Chennai,17062025144439_CGHS Rates 2024 Chennai_.pdf,40,[TET [Apotpaprotim AT Capo) 2008],TET [Apotpaprotim AT Capo) 2008,,,,,,0.35,True
Chennai,17062025144439_CGHS Rates 2024 Chennai_.pdf,41,[i522 [apotpaprotim@ poB) 9,i522 [apotpaprotim@ poB),,,9,,,0.5,True
Chennai,17062025144439_CGHS Rates 2024 Chennai_.pdf,41,523 [Lipoprotein aTEp A 30 fps,523 [Lipoprotein aTEp A 30 fps,,,,,,0.35,True
Chennai,17062025144439_CGHS Rates 2024 Chennai_.pdf,41,[isos [oD 3and@counts ———ii70 ips,isos [oD 3and@counts ———ii70 ips,,,,,,0.35,True
Chennai,17062025144439_CGHS Rates 2024 Chennai_.pdf,41,lis25-[oD 3.4 ands percentage 10 ie [J,lis25-[oD 3.4 ands percentage 10 ie [J,,,,,,0.35,True
Chennai,17062025144439_CGHS Rates 2024 Chennai_.pdf,41,[i526 [eow density ipoprotem @DE) i rn i,i526 [eow density ipoprotem @DE) i rn i,,,,,,0.35,True
Chennai,17062025144439_CGHS Rates 2024 Chennai_.pdf,41,[iso7 [Homocysteme i000 sg,iso7 [Homocysteme i000 sg,,,,,,0.35,True
Chennai,17062025144439_CGHS Rates 2024 Chennai_.pdf,41,1528 |Haemoglobin (Hb) Electrophoresis! (Select CGHS rate code 1417 [See code 1417 See code 1417 ial a nd [is20 [serum Electophorsis ids Pid [is30_[rbrinogen 6p [ssi [chlonde 5,Haemoglobin (Hb) Electrophoresis! (Select CGHS rate code 1417 [See code 1417 See code 1417 ial a nd [is20 [serum Electophorsis ids Pid [is30_[rbrinogen 6p [ssi [chlonde,,,5,,,0.65,True
Chennai,17062025144439_CGHS Rates 2024 Chennai_.pdf,41,[i532 [Magnes iss,i532 [Magnes iss,,,,,,0.35,True
Chennai,17062025144439_CGHS Rates 2024 Chennai_.pdf,41,[533 [Gamma-Givangl Trampepiane (@GTR) iat ps a,533 [Gamma-Givangl Trampepiane (@GTR) iat ps a,,,,,,0.35,True
Chennai,17062025144439_CGHS Rates 2024 Chennai_.pdf,41,fs357 ructsanine tc. ror,fs357 ructsanine tc. ror,,,,,,0.35,True
Chennai,17062025144439_CGHS Rates 2024 Chennai_.pdf,41,[536 [Beta miroghoboin IM) Po micwplbuim iat ips iP fiss7 [oatecbolamines fog gg J {| [NAME OF INVESTIGATION TUMOURMARKERS || [7 [Provate Specific angen (PSA)-Towl isis iPS [ss0-frosatespesiicantgen @®SA)=Free iS ieP [ssi [Apia Fetoproein (AFP) ars [42 [uman chorionic eomadabopim HOG) ists Sr. |\CGHS TREATMENT |Non- ee ce [75-[Caneer Antigen 5(CAIS) iB,536 [Beta miroghoboin IM) Po micwplbuim iat ips iP fiss7 [oatecbolamines fog gg J {| [NAME OF INVESTIGATION TUMOURMARKERS || [7 [Provate Specific angen (PSA)-Towl isis iPS [ss0-frosatespesiicantgen @®SA)=Free iS ieP [ssi [Apia Fetoproein (AFP) ars [42 [uman chorionic eomadabopim HOG) ists Sr. |\CGHS TREATMENT |Non- ee ce [75-[Caneer Antigen 5(CAIS) iB,,,,,,0.35,True
Chennai,17062025144439_CGHS Rates 2024 Chennai_.pdf,41,lisse [cancer Antigen 199 (GA 198) iss es,lisse [cancer Antigen 199 (GA 198) iss es,,,,,,0.35,True
Chennai,17062025144439_CGHS Rates 2024 Chennai_.pdf,41,[is45 [cancer Anigen 153 (CA153)————— soe sso,is45 [cancer Anigen 153 (CA153)————— soe sso,,,,,,0.35,True
Chennai,17062025144439_CGHS Rates 2024 Chennai_.pdf,41,[i546 [Vaniyimandelic Ad (MA) i550 fiss7 [ealtonin 50 tg,i546 [Vaniyimandelic Ad (MA) i550 fiss7 [ealtonin 50 tg,,,,,,0.35,True
Chennai,17062025144439_CGHS Rates 2024 Chennai_.pdf,41,[548 [Carcinoembrvonie Antigen (CEA) 5062) [—jommers [75 fmmunontoreeense iS iP CS fs50_[Direc(Skin and kidney Diese) fas Jas. [S51 [Indirect entids DNA Anti Smith ANCA) a5 fas) Cee ee,548 [Carcinoembrvonie Antigen (CEA) 5062) [—jommers [75 fmmunontoreeense iS iP CS fs50_[Direc(Skin and kidney Diese) fas Jas. [S51 [Indirect entids DNA Anti Smith ANCA) a5 fas) Cee ee,,,,,,0.35,True
Chennai,17062025144439_CGHS Rates 2024 Chennai_.pdf,41,1553 |Serum Protein electrophoresis with 270 311 [ [emia fT aw | approved rate),Serum Protein electrophoresis with 270 311 [ [emia fT aw | approved rate),,,,,,0.35,True
Chennai,17062025144439_CGHS Rates 2024 Chennai_.pdf,41,[7555 [AntcCyeie Carainated Pepe (Anu CCR) iSO,7555 [AntcCyeie Carainated Pepe (Anu CCR) iSO,,,,,,0.35,True
Chennai,17062025144439_CGHS Rates 2024 Chennai_.pdf,41,[556 [Antctisue Transtutaminase antibody Anti TT Anibow) 25 we9 | [fHoRwONES Btn a a,556 [Antctisue Transtutaminase antibody Anti TT Anibow) 25 we9 | [fHoRwONES Btn a a,,,,,,0.35,True
Chennai,17062025144439_CGHS Rates 2024 Chennai_.pdf,41,lisse [adrenoconicotopic Hormone (ACTH) ‘(500 rs NE,lisse [adrenoconicotopic Hormone (ACTH) ‘(500 rs NE,,,,,,0.35,True
Chennai,17062025144439_CGHS Rates 2024 Chennai_.pdf,41,[i560 [Triodotiyronine TS ioe rs [sr [Tetaiodothyrone Tor [62 [Thyroid simulating hormone TSH) ito,i560 [Triodotiyronine TS ioe rs [sr [Tetaiodothyrone Tor [62 [Thyroid simulating hormone TSH) ito,,,,,,0.35,True
Chennai,17062025144439_CGHS Rates 2024 Chennai_.pdf,41,[563 [tenizng hormone (2H) fis Jers,563 [tenizng hormone (2H) fis Jers,,,,,,0.35,True
Chennai,17062025144439_CGHS Rates 2024 Chennai_.pdf,41,[564 [olicie simulating homens GSA) iso urs iP a a a a,564 [olicie simulating homens GSA) iso urs iP a a a a,,,,,,0.35,True
Chennai,17062025144439_CGHS Rates 2024 Chennai_.pdf,41,[6s [e-Pepide(CPepide/ Connecting Peptide) S308 Pi,6s [e-Pepide(CPepide/ Connecting Peptide) S308 Pi,,,,,,0.35,True
Chennai,17062025144439_CGHS Rates 2024 Chennai_.pdf,42,[2570 [Progesterone fas sg,2570 [Progesterone fas sg,,,,,,0.35,True
Chennai,17062025144439_CGHS Rates 2024 Chennai_.pdf,42,S71 [17 Hydroxypropesterone (7 OF Ropeaon) a,S71 [17 Hydroxypropesterone (7 OF Ropeaon) a,,,,,,0.35,True
Chennai,17062025144439_CGHS Rates 2024 Chennai_.pdf,42,1572 [Dehydroepiandrosterone sulfate (DHEAS) pos ass,1572 [Dehydroepiandrosterone sulfate (DHEAS) pos ass,,,,,,0.35,True
Chennai,17062025144439_CGHS Rates 2024 Chennai_.pdf,42,1575 [Androstenedione doo dopo |,1575 [Androstenedione doo dopo,,,,,,0.35,True
Chennai,17062025144439_CGHS Rates 2024 Chennai_.pdf,42,1574 [Growth Homons iiss,1574 [Growth Homons iiss,,,,,,0.35,True
Chennai,17062025144439_CGHS Rates 2024 Chennai_.pdf,42,[1575 Trond peronidase antibody (TPO) oo SY,1575 Trond peronidase antibody (TPO) oo SY,,,,,,0.35,True
Chennai,17062025144439_CGHS Rates 2024 Chennai_.pdf,42,lis76 [500s,lis76 [500s,,,,,,0.35,True
Chennai,17062025144439_CGHS Rates 2024 Chennai_.pdf,42,[i577 Jeydatc Seroogy. pis es [iY,i577 Jeydatc Seroogy. pis es [iY,,,,,,0.35,True
Chennai,17062025144439_CGHS Rates 2024 Chennai_.pdf,42,"[is7& [Anti Sperm Anibode, a","is7& [Anti Sperm Anibode, a",,,,,,0.35,True
Chennai,17062025144439_CGHS Rates 2024 Chennai_.pdf,42,[1579 |Hepatitis B Virus (HBV) DNA Qualitative 1800 2070 |,1579 |Hepatitis B Virus (HBV) DNA Qualitative 1800 2070,,,,,,0.35,True
Chennai,17062025144439_CGHS Rates 2024 Chennai_.pdf,42,1580 [Hepatitis B Virus (HBV) DNA Quantitative. 1500 a |,1580 [Hepatitis B Virus (HBV) DNA Quantitative. 1500 a,,,,,,0.35,True
Chennai,17062025144439_CGHS Rates 2024 Chennai_.pdf,42,1581 [Hepatitis C Virus (HCV) RNA Qualitative. 1691 1945 [ti CY,1581 [Hepatitis C Virus (HCV) RNA Qualitative. 1691 1945 [ti CY,,,,,,0.35,True
Chennai,17062025144439_CGHS Rates 2024 Chennai_.pdf,42,1582 [Human papllomaviruse (HPV) Serology is ps [| Y,1582 [Human papllomaviruse (HPV) Serology is ps [| Y,,,,,,0.35,True
Chennai,17062025144439_CGHS Rates 2024 Chennai_.pdf,42,1583 [Rota Virus serology a,1583 [Rota Virus serology a,,,,,,0.35,True
Chennai,17062025144439_CGHS Rates 2024 Chennai_.pdf,42,1584 [PCR for Tuberevoss (TB) [p00 fio,1584 [PCR for Tuberevoss (TB) [p00 fio,,,,,,0.35,True
Chennai,17062025144439_CGHS Rates 2024 Chennai_.pdf,42,1585 |POR for Human immunodeficiency vias GIN) [soo Joo [+4,POR for Human immunodeficiency vias GIN) [soo Joo [+4,,,,,,0.35,True
Chennai,17062025144439_CGHS Rates 2024 Chennai_.pdf,42,1586 |Chlamydae antioen jsoo Joao | iY sr. |CGHS TREATMENT Non- INo. |PROCEDURE/INVESTIGATION LIST (DELHI/NCR) INABH/No S57 |Chlamydae antbdy ae,Chlamydae antioen jsoo Joao | iY sr. |CGHS TREATMENT Non- INo. |PROCEDURE/INVESTIGATION LIST (DELHI/NCR) INABH/No S57 |Chlamydae antbdy ae,,,,nabh,,0.35,True
Chennai,17062025144439_CGHS Rates 2024 Chennai_.pdf,42,1585 [Brucella serolog ps0 pes,1585 [Brucella serolog ps0 pes,,,,,,0.35,True
Chennai,17062025144439_CGHS Rates 2024 Chennai_.pdf,42,"1589) Jntienea A serology a |__]us6, x-RAY., ct, MR BONE DENSITOMETRY eS","Jntienea A serology a |__]us6, x-RAY., ct, MR BONE DENSITOMETRY eS",,,,,,0.35,True
Chennai,17062025144439_CGHS Rates 2024 Chennai_.pdf,42,1590 |USG for Obstetrics - Anomalies scan 1700 [2000 [Rate revised wef 19.06.2023 ta |Applicable inall CGHS cities,USG for Obstetrics - Anomalies scan 1700 [2000 [Rate revised wef 19.06.2023 ta |Applicable inall CGHS cities,,,,,,0.35,True
Chennai,17062025144439_CGHS Rates 2024 Chennai_.pdf,42,[Whole Abdomen USG /KUB including post Void- residual (PVR) [680 800 Rate revised w.e.f 19.06.2023 J& [Applicable inall CGHS cities,Whole Abdomen USG /KUB including post Void- residual (PVR) [680 800 Rate revised w.e.f 19.06.2023 J& [Applicable inall CGHS cities,,,,,,0.35,True
Chennai,17062025144439_CGHS Rates 2024 Chennai_.pdf,42,"1592 [Pelvic USG (prostate with post void residual (PVR), gynae, 425 500 [Rate revised w.ef 19.06.2023 infertility, ete) le [Applicable inall CGHS cities","1592 [Pelvic USG (prostate with post void residual (PVR), gynae, 425 500 [Rate revised w.ef 19.06.2023 infertility, ete) le [Applicable inall CGHS cities",,,,,,0.35,True
Chennai,17062025144439_CGHS Rates 2024 Chennai_.pdf,42,"1595 [Smal parts OSG (erotam, tyoid partir ei), a a","1595 [Smal parts OSG (erotam, tyoid partir ei), a a",,,,,,0.35,True
Chennai,17062025144439_CGHS Rates 2024 Chennai_.pdf,42,[1554 Neonatal head Cranfontnellar a Cc,1554 Neonatal head Cranfontnellar a Cc,,,,,,0.35,True
Chennai,17062025144439_CGHS Rates 2024 Chennai_.pdf,42,1595 [Neonatal spine a C5,1595 [Neonatal spine a C5,,,,,,0.35,True
Chennai,17062025144439_CGHS Rates 2024 Chennai_.pdf,42,1596” [Contest enhanced USO [stop,1596” [Contest enhanced USO [stop,,,,,,0.35,True
Chennai,17062025144439_CGHS Rates 2024 Chennai_.pdf,42,1597 680 800 Rate revised w.e.£ 19.06.2023 & |Applicable inall CGHS cities,1597 680 800 Rate revised w.e.£ 19.06.2023 & |Applicable inall CGHS cities,,,,,,0.35,True
Chennai,17062025144439_CGHS Rates 2024 Chennai_.pdf,42,1598 [USG Hysterosalpingography (HSG) [2040 [2400 [Rate revised w.e.f 19.06.2023 le [Applicable inall CGHS cities,1598 [USG Hysterosalpingography (HSG) [2040 [2400 [Rate revised w.e.f 19.06.2023 le [Applicable inall CGHS cities,,,,,,0.35,True
Chennai,17062025144439_CGHS Rates 2024 Chennai_.pdf,42,"[i600 [Arenal Colour Doppler, jess ro SY","i600 [Arenal Colour Doppler, jess ro SY",,,,,,0.35,True
Chennai,17062025144439_CGHS Rates 2024 Chennai_.pdf,43,"1602 [Colour Doppler, renal arteries/any other organ a (5","1602 [Colour Doppler, renal arteries/any other organ a (5",,,,,,0.35,True
Chennai,17062025144439_CGHS Rates 2024 Chennai_.pdf,43,1603 |USG guided intervention- FNAC 1530 1800 [Rate revised w.e f 19.06.2023 J& [Applicable inall CGHS cities,USG guided intervention- FNAC 1530 1800 [Rate revised w.e f 19.06.2023 J& [Applicable inall CGHS cities,,,,,,0.35,True
Chennai,17062025144439_CGHS Rates 2024 Chennai_.pdf,43,[i601 |OSG geided iteration opp a a,i601 |OSG geided iteration opp a a,,,,,,0.35,True
Chennai,17062025144439_CGHS Rates 2024 Chennai_.pdf,43,1605 JUSG vided intervention ~aephrovtony jsoo__[oo0[ | a |,1605 JUSG vided intervention ~aephrovtony jsoo__[oo0[ | a,,,,,,0.35,True
Chennai,17062025144439_CGHS Rates 2024 Chennai_.pdf,43,Xray Abdomen AP Supine or Erect (One film) ais 250 [Rate revised wef. 19.06.2023 le |Applicable inall CGHS cities [Abdomen Lateral view (one film) a eS,Xray Abdomen AP Supine or Erect (One film) ais 250 [Rate revised wef. 19.06.2023 le |Applicable inall CGHS cities [Abdomen Lateral view (one film) a eS,,,,,,0.35,True
Chennai,17062025144439_CGHS Rates 2024 Chennai_.pdf,43,1608 |X ray Chest PA/AP/Oblique view (one film) 195 [230 Rate revised wef 19.06.2023 l& [Applicable inall CGHS cities,X ray Chest PA/AP/Oblique view (one film) 195 [230 Rate revised wef 19.06.2023 l& [Applicable inall CGHS cities,,,,,,0.35,True
Chennai,17062025144439_CGHS Rates 2024 Chennai_.pdf,43,"[Chest Lateral (one film) 195 [230 [Rate revised w.ef 19.06.2023 le [Applicable inall CGHS cities [Reto asad: ovine view, oUique views @ fms) a TOES Patan AP Cone Ha) a","Chest Lateral (one film) 195 [230 [Rate revised w.ef 19.06.2023 le [Applicable inall CGHS cities [Reto asad: ovine view, oUique views @ fms) a TOES Patan AP Cone Ha) a",,,,,,0.35,True
Chennai,17062025144439_CGHS Rates 2024 Chennai_.pdf,43,1613 [Temporomandibular (TM) Joints (one film) a (,1613 [Temporomandibular (TM) Joints (one film) a (,,,,,,0.35,True
Chennai,17062025144439_CGHS Rates 2024 Chennai_.pdf,43,1614 [Abdomen & Pelvis for KUB feof,1614 [Abdomen & Pelvis for KUB feof,,,,,,0.35,True
Chennai,17062025144439_CGHS Rates 2024 Chennai_.pdf,43,1615 [Shall AP & Lateral @ films) a [i6ie [spine AP & Lateral @ fms) a a,1615 [Shall AP & Lateral @ films) a [i6ie [spine AP & Lateral @ fms) a a,,,,,,0.35,True
Chennai,17062025144439_CGHS Rates 2024 Chennai_.pdf,43,i617 [PNS view @ Bim) fio for [iY [___ieray CONTRAST STUDIES a [roieBarium Swallow [sio____se@_— [| iY [risa Upper GT sud a a [Barium Upper GI study (Double contrast) joss fos [iat [Barium Meal oow trough jess iors SY,i617 [PNS view @ Bim) fio for [iY [___ieray CONTRAST STUDIES a [roieBarium Swallow [sio____se@_— [| iY [risa Upper GT sud a a [Barium Upper GI study (Double contrast) joss fos [iat [Barium Meal oow trough jess iors SY,,,,,,0.35,True
Chennai,17062025144439_CGHS Rates 2024 Chennai_.pdf,43,622 [Barium Enema (ingle conten double conta) a a,622 [Barium Enema (ingle conten double conta) a a,,,,,,0.35,True
Chennai,17062025144439_CGHS Rates 2024 Chennai_.pdf,43,"1623, [Small bowel enteroclysis 1020 1173 [rtrti“‘SC;COC*@CS","1623, [Small bowel enteroclysis 1020 1173 [rtrti“‘SC;COC*@CS",,,,,,0.35,True
Chennai,17062025144439_CGHS Rates 2024 Chennai_.pdf,43,1624 [ERCP (Endoscopic Retrograde Cholangio— 2500 l2875 [Pancreatography),1624 [ERCP (Endoscopic Retrograde Cholangio— 2500 l2875 [Pancreatography),,,,,,0.35,True
Chennai,17062025144439_CGHS Rates 2024 Chennai_.pdf,43,1625 |General:Fistulography / Sinography/Sialography (Dacrocystography/ |638 734 T-Tube cholangiogram /Nephrostogram [TERE Pertananos wanshepatiechlansioraphy PTC) a a sr. |CGHS TREATMENT Non- No. |PROCEDURE/INVESTIGATION LIST (DELHUNCR) INABH/No,General:Fistulography / Sinography/Sialography (Dacrocystography/ |638 734 T-Tube cholangiogram /Nephrostogram [TERE Pertananos wanshepatiechlansioraphy PTC) a a sr. |CGHS TREATMENT Non- No. |PROCEDURE/INVESTIGATION LIST (DELHUNCR) INABH/No,,,,nabh,,0.35,True
Chennai,17062025144439_CGHS Rates 2024 Chennai_.pdf,43,1627 [intravenous Pyelography (IVP) 7400 1650 [Rate revised w.e-f 19.06.2023 le [Applicable inall CGHS cities,1627 [intravenous Pyelography (IVP) 7400 1650 [Rate revised w.e-f 19.06.2023 le [Applicable inall CGHS cities,,,,,,0.35,True
Chennai,17062025144439_CGHS Rates 2024 Chennai_.pdf,44,1628 |Micturating Cystourethrography (MCU) 1950 1120 [Rate revised w.e.f 19.06.2023 l&,Micturating Cystourethrography (MCU) 1950 1120 [Rate revised w.e.f 19.06.2023 l&,,,,,,0.35,True
Chennai,17062025144439_CGHS Rates 2024 Chennai_.pdf,44,1629 [Retrograde Urethrography (RGU) 950 1120 [Rate revised w.ef 19.06.2023 le,1629 [Retrograde Urethrography (RGU) 950 1120 [Rate revised w.ef 19.06.2023 le,,,,,,0.35,True
Chennai,17062025144439_CGHS Rates 2024 Chennai_.pdf,44,[R650 | Contant yatro Salpinsoaraphy ISG) _—_—__———————iie ose | SSCS fissi Xray Artbrogmphy ~~ SC~S,R650 | Contant yatro Salpinsoaraphy ISG) _—_—__———————iie ose | SSCS fissi Xray Artbrogmphy ~~ SC~S,,,,,,0.35,True
Chennai,17062025144439_CGHS Rates 2024 Chennai_.pdf,44,[1632 [Cephalography ts,1632 [Cephalography ts,,,,,,0.35,True
Chennai,17062025144439_CGHS Rates 2024 Chennai_.pdf,44,[2633 [Myelography pars pps,2633 [Myelography pars pps,,,,,,0.35,True
Chennai,17062025144439_CGHS Rates 2024 Chennai_.pdf,44,[1654 [Diagnostic Digital Subvaction Angiography DSA) ______|iras____fpont__ |__| |__[MaMMocRapHy,1654 [Diagnostic Digital Subvaction Angiography DSA) ______|iras____fpont__ |__| |__[MaMMocRapHy,,,,,,0.35,True
Chennai,17062025144439_CGHS Rates 2024 Chennai_.pdf,44,1635 1170 1375 [Rate revised wef 19.06.2023 l& EC | __[Computed Tomosraphy (CT)Seam,1635 1170 1375 [Rate revised wef 19.06.2023 l& EC | __[Computed Tomosraphy (CT)Seam,,,,,,0.35,True
Chennai,17062025144439_CGHS Rates 2024 Chennai_.pdf,44,1637 880 1035 [Rate revised wef 19.06.2023 le ad a a langiography,1637 880 1035 [Rate revised wef 19.06.2023 le ad a a langiography,,,,,,0.35,True
Chennai,17062025144439_CGHS Rates 2024 Chennai_.pdf,44,[1639 [CT Scan Chest-without contrast fortunes) ton fans,1639 [CT Scan Chest-without contrast fortunes) ton fans,,,,,,0.35,True
Chennai,17062025144439_CGHS Rates 2024 Chennai_.pdf,44,[i610 |CT Sean Lower Abdomen Guel Peluis) With Contrat’ —_|t700__i955___ |__|,i610 |CT Sean Lower Abdomen Guel Peluis) With Contrat’ —_|t700__i955___ |__,,,,,,0.35,True
Chennai,17062025144439_CGHS Rates 2024 Chennai_.pdf,44,[neti |CT Scan Lower Abdomen (nl Pelvis) Without Contrast [i500 imas__ |_|,neti |CT Scan Lower Abdomen (nl Pelvis) Without Contrast [i500 imas__ |_,,,,,,0.35,True
Chennai,17062025144439_CGHS Rates 2024 Chennai_.pdf,44,[i6i2 [CT Scan Whole Abdomen Without Coast [s000__ 450. |,i6i2 [CT Scan Whole Abdomen Without Coast [s000__ 450.,,,,,,0.35,True
Chennai,17062025144439_CGHS Rates 2024 Chennai_.pdf,44,[i613 [CT Sean Whole Abdomen With Contast_—__}woso_Jaoss__ | | [iste [Triple Phase CT abdomen —*dSOO*iSITS PSS,i613 [CT Sean Whole Abdomen With Contast_—__}woso_Jaoss__ | | [iste [Triple Phase CT abdomen —*dSOO*iSITS PSS,,,,,,0.35,True
Chennai,17062025144439_CGHS Rates 2024 Chennai_.pdf,44,[1645 |CT Scan angiography abdomea/ Chet |esoo__|u75__ |_| [isis [CT SeanEnteroysis——SSSCSCSCSC~S 00 ———~dt—dPCSC—S,1645 |CT Scan angiography abdomea/ Chet |esoo__|u75__ |_| [isis [CT SeanEnteroysis——SSSCSCSCSC~S 00 ———~dt—dPCSC—S,,,,,,0.35,True
Chennai,17062025144439_CGHS Rates 2024 Chennai_.pdf,44,[2687 [CT Sean Neck—Without Contrast 500 fas [teas [CT Scan Neck With Contrast iso farsi |,2687 [CT Sean Neck—Without Contrast 500 fas [teas [CT Scan Neck With Contrast iso farsi,,,,,,0.35,True
Chennai,17062025144439_CGHS Rates 2024 Chennai_.pdf,44,[i649 [CT Sean orbits - Without Contant |so_ fies | ———SS——S,i649 [CT Sean orbits - Without Contant |so_ fies | ———SS——S,,,,,,0.35,True
Chennai,17062025144439_CGHS Rates 2024 Chennai_.pdf,44,"[k650""|CT Sean Orbis - With Contrast fiers iss |)","k650""|CT Sean Orbis - With Contrast fiers iss |)",,,,,,0.35,True
Chennai,17062025144439_CGHS Rates 2024 Chennai_.pdf,44,[265i [CT Sean of Para Nasal Sinses- Without Contant poo oss],265i [CT Sean of Para Nasal Sinses- Without Contant poo oss,,,,,,0.35,True
Chennai,17062025144439_CGHS Rates 2024 Chennai_.pdf,44,[1652 [CT Scan of Para Nasal Snuses ~ With Contest [i600____fisao [SY fe Perec pee [Rost [Cr Sean Temporal tone without conat ——————————*is io PC So,1652 [CT Scan of Para Nasal Snuses ~ With Contest [i600____fisao [SY fe Perec pee [Rost [Cr Sean Temporal tone without conat ——————————*is io PC So,,,,,,0.35,True
Chennai,17062025144439_CGHS Rates 2024 Chennai_.pdf,44,[1656 [CT Sean Lambs Without Conant iii dP,1656 [CT Sean Lambs Without Conant iii dP,,,,,,0.35,True
Chennai,17062025144439_CGHS Rates 2024 Chennai_.pdf,44,[2657 [Cr Sean Limbs -With Contrast inching CT angiography _p2s3___asoy__| |,2657 [Cr Sean Limbs -With Contrast inching CT angiography _p2s3___asoy__,,,,,,0.35,True
Chennai,17062025144439_CGHS Rates 2024 Chennai_.pdf,44,[i655 |CTuidedinterention-FNAC «00 ised SCSCSCSC~—S,i655 |CTuidedinterention-FNAC «00 ised SCSCSCSC~—S,,,,,,0.35,True
Chennai,17062025144439_CGHS Rates 2024 Chennai_.pdf,44,[1659 [CT Guided TrucutBiopsy fiz ftzz0_ ele Pe lplacement 5S CS (,1659 [CT Guided TrucutBiopsy fiz ftzz0_ ele Pe lplacement 5S CS (,,,,,,0.35,True
Chennai,17062025144439_CGHS Rates 2024 Chennai_.pdf,45,125 2500 Rate revised w.e f 19.06.2023,125 2500 Rate revised w.e f 19.06.2023,,,,,,0.35,True
Chennai,17062025144439_CGHS Rates 2024 Chennai_.pdf,45,1662_|MRI Head — With Contrast 2848 [3275 [i ss,1662_|MRI Head — With Contrast 2848 [3275 [i ss,,,,,,0.35,True
Chennai,17062025144439_CGHS Rates 2024 Chennai_.pdf,45,1663 [MRI Orbits — Without Contrast 44s 1700 [Rate revised w.ef 19.06.2023,1663 [MRI Orbits — Without Contrast 44s 1700 [Rate revised w.ef 19.06.2023,,,,,,0.35,True
Chennai,17062025144439_CGHS Rates 2024 Chennai_.pdf,45,[Ree Orbs — Wit Contrast D600 a,Ree Orbs — Wit Contrast D600 a,,,,,,0.35,True
Chennai,17062025144439_CGHS Rates 2024 Chennai_.pdf,45,1665_|MRINasopharynx and PNS ~ Without Contrast 2818 fo,1665_|MRINasopharynx and PNS ~ Without Contrast 2818 fo,,,,,,0.35,True
Chennai,17062025144439_CGHS Rates 2024 Chennai_.pdf,45,[1666 [MRI Nasopharynx and PNS — With Contrast [3500 14025 |,1666 [MRI Nasopharynx and PNS — With Contrast [3500 14025,,,,,,0.35,True
Chennai,17062025144439_CGHS Rates 2024 Chennai_.pdf,45,1667 [MR for Salivary Glands with Sialography [3000 3450 |,1667 [MR for Salivary Glands with Sialography [3000 3450,,,,,,0.35,True
Chennai,17062025144439_CGHS Rates 2024 Chennai_.pdf,45,[2668 [MRI Neck - Without Contrast 5000 a,2668 [MRI Neck - Without Contrast 5000 a,,,,,,0.35,True
Chennai,17062025144439_CGHS Rates 2024 Chennai_.pdf,45,[i669 uRI-Neck- with contrast 5000 S750 [|,i669 uRI-Neck- with contrast 5000 S750,,,,,,0.35,True
Chennai,17062025144439_CGHS Rates 2024 Chennai_.pdf,45,IMRI Shoulder — Without contrast 2000 2300 |,IMRI Shoulder — Without contrast 2000 2300,,,,,,0.35,True
Chennai,17062025144439_CGHS Rates 2024 Chennai_.pdf,45,2600 pso,2600 pso,,,,,,0.35,True
Chennai,17062025144439_CGHS Rates 2024 Chennai_.pdf,45,1672_ [MRI shoulder both Joints - Without contrast [3000 3450 |,1672_ [MRI shoulder both Joints - Without contrast [3000 3450,,,,,,0.35,True
Chennai,17062025144439_CGHS Rates 2024 Chennai_.pdf,45,1673 MRI Shoulder both joints ~ With contrast 000 a,1673 MRI Shoulder both joints ~ With contrast 000 a,,,,,,0.35,True
Chennai,17062025144439_CGHS Rates 2024 Chennai_.pdf,45,1674 [MRI Wrist Single joint - Without contrast 2550 [3000 [Rate revised w.ef 19.06.2023,1674 [MRI Wrist Single joint - Without contrast 2550 [3000 [Rate revised w.ef 19.06.2023,,,,,,0.35,True
Chennai,17062025144439_CGHS Rates 2024 Chennai_.pdf,45,STS |NARI Wit Sil ot Wh coma 000 a,STS |NARI Wit Sil ot Wh coma 000 a,,,,,,0.35,True
Chennai,17062025144439_CGHS Rates 2024 Chennai_.pdf,45,1676 [MRI Wrist both joints - Without contrast [3400 [4000 [Rate revised wef 19.06.2023,1676 [MRI Wrist both joints - Without contrast [3400 [4000 [Rate revised wef 19.06.2023,,,,,,0.35,True
Chennai,17062025144439_CGHS Rates 2024 Chennai_.pdf,45,[Kon Wrist Bot ots - With conast [5000 is,Kon Wrist Bot ots - With conast [5000 is,,,,,,0.35,True
Chennai,17062025144439_CGHS Rates 2024 Chennai_.pdf,45,1678 [MRI knee Single joint - Without contrast 2550 3000 [Rate revised wie f 19.06.2023,1678 [MRI knee Single joint - Without contrast 2550 3000 [Rate revised wie f 19.06.2023,,,,,,0.35,True
Chennai,17062025144439_CGHS Rates 2024 Chennai_.pdf,45,1679 [MRI knee Single joint - With contrast [5000 5750 |,1679 [MRI knee Single joint - With contrast [5000 5750,,,,,,0.35,True
Chennai,17062025144439_CGHS Rates 2024 Chennai_.pdf,45,1680 [MRI knee both joints - Without contrast 3400 [4000 [Rate revised w.ef 19.06.2023,1680 [MRI knee both joints - Without contrast 3400 [4000 [Rate revised w.ef 19.06.2023,,,,,,0.35,True
Chennai,17062025144439_CGHS Rates 2024 Chennai_.pdf,45,[1681 [MRI knee both joints - With contrast [5000 5750 ee |,1681 [MRI knee both joints - With contrast [5000 5750 ee,,,,,,0.35,True
Chennai,17062025144439_CGHS Rates 2024 Chennai_.pdf,45,1682_ [MRI Ankle Single joint - Without contrast 2125 a,1682_ [MRI Ankle Single joint - Without contrast 2125 a,,,,,,0.35,True
Chennai,17062025144439_CGHS Rates 2024 Chennai_.pdf,45,[MRI Ankle single joint - With contrast 4250 5000 Rate revised wie f 19.06.2023,MRI Ankle single joint - With contrast 4250 5000 Rate revised wie f 19.06.2023,,,,,,0.35,True
Chennai,17062025144439_CGHS Rates 2024 Chennai_.pdf,46,"1684 |MRI Ankle both joints - With contrast S525 16500 [Rate revised w.e.f. 19.06.2023 |S [NRT Anke bh jmats- Wow conta’ p50 pars."" [iss6-[MRIHip-Withconrast SS ——is irs","MRI Ankle both joints - With contrast S525 16500 [Rate revised w.e.f. 19.06.2023 |S [NRT Anke bh jmats- Wow conta’ p50 pars."" [iss6-[MRIHip-Withconrast SS ——is irs",,,,,,0.35,True
Chennai,17062025144439_CGHS Rates 2024 Chennai_.pdf,46,[i687 [MRI Hip —withow contaat ns iaee [is] MRI Peles — Without Conant isa,i687 [MRI Hip —withow contaat ns iaee [is] MRI Peles — Without Conant isa,,,,,,0.35,True
Chennai,17062025144439_CGHS Rates 2024 Chennai_.pdf,46,[69 [MRIPele—witheontrst ————————————*is000 sso),69 [MRIPele—witheontrst ————————————*is000 sso),,,,,,0.35,True
Chennai,17062025144439_CGHS Rates 2024 Chennai_.pdf,46,[690M Extremes - With cont 5000750 [-—__ [91 [MIRI Extremities - Without conta’ pias pase [PS,690M Extremes - With cont 5000750 [-—__ [91 [MIRI Extremities - Without conta’ pias pase [PS,,,,,,0.35,True
Chennai,17062025144439_CGHS Rates 2024 Chennai_.pdf,46,[i692 [WR Temporomandibular—BIL - Withconvant’ [4000 Jae),i692 [WR Temporomandibular—BIL - Withconvant’ [4000 Jae),,,,,,0.35,True
Chennai,17062025144439_CGHS Rates 2024 Chennai_.pdf,46,[93-MiRITemporomandibular—BIL.- Without conta’ b195 essa],93-MiRITemporomandibular—BIL.- Without conta’ b195 essa,,,,,,0.35,True
Chennai,17062025144439_CGHS Rates 2024 Chennai_.pdf,46,[i694 [MR Temporal Bone Tanerearwithcontst_— 4000x600 [|],i694 [MR Temporal Bone Tanerearwithcontst_— 4000x600,,,,,,0.35,True
Chennai,17062025144439_CGHS Rates 2024 Chennai_.pdf,46,[1695 [MIR Temporal Bone Taner ear witout eonrast ————[2500__psrs——P>,1695 [MIR Temporal Bone Taner ear witout eonrast ————[2500__psrs——P>,,,,,,0.35,True
Chennai,17062025144439_CGHS Rates 2024 Chennai_.pdf,46,[i696-[MRIAbsomen Without Const i25aee,i696-[MRIAbsomen Without Const i25aee,,,,,,0.35,True
Chennai,17062025144439_CGHS Rates 2024 Chennai_.pdf,46,[1697 [MRIAbsomen With Contrast [5000 [sso [|@,1697 [MRIAbsomen With Contrast [5000 [sso [|@,,,,,,0.35,True
Chennai,17062025144439_CGHS Rates 2024 Chennai_.pdf,46,fi [MRI Breast With Contest 050 Jase [,fi [MRI Breast With Contest 050 Jase,,,,,,0.35,True
Chennai,17062025144439_CGHS Rates 2024 Chennai_.pdf,46,[609 [ MRI Breast Without Contra 105 ise sf),609 [ MRI Breast Without Contra 105 ise sf),,,,,,0.35,True
Chennai,17062025144439_CGHS Rates 2024 Chennai_.pdf,46,1700 1700 12000 [Rate revised w.e.f. 19.06.2023 |S [ToT [wRIChest=WithoutCoowast SaaS,1700 1700 12000 [Rate revised w.e.f. 19.06.2023 |S [ToT [wRIChest=WithoutCoowast SaaS,,,,,,0.35,True
Chennai,17062025144439_CGHS Rates 2024 Chennai_.pdf,46,[i702 [MR Chest With Contrast 4000x600 |,i702 [MR Chest With Contrast 4000x600,,,,,,0.35,True
Chennai,17062025144439_CGHS Rates 2024 Chennai_.pdf,46,1703 |MRI Whole Spine — Without Contrast 3400 4000 [Rate revised w.e.f. 19.06.2023 |S,MRI Whole Spine — Without Contrast 3400 4000 [Rate revised w.e.f. 19.06.2023 |S,,,,,,0.35,True
Chennai,17062025144439_CGHS Rates 2024 Chennai_.pdf,46,[ix [NR Cervical Censco Doral Spine = With Conant 4000 aso. [-—_------,ix [NR Cervical Censco Doral Spine = With Conant 4000 aso. [-—_------,,,,,,0.35,True
Chennai,17062025144439_CGHS Rates 2024 Chennai_.pdf,46,[1705] MR Dorsal Doro Lumbar Spine - Without Contrast [2125fpasa [|,1705] MR Dorsal Doro Lumbar Spine - Without Contrast [2125fpasa,,,,,,0.35,True
Chennai,17062025144439_CGHS Rates 2024 Chennai_.pdf,46,[1706 [MRI Dorsal Doro Lumbar Spine= With Contrast [4000600 [|_|,1706 [MRI Dorsal Doro Lumbar Spine= With Contrast [4000600 [|_,,,,,,0.35,True
Chennai,17062025144439_CGHS Rates 2024 Chennai_.pdf,46,[i707 [MRI Cumbae Cumbo-Sacral Spine Without Conat 2125 ppaae—— [J,i707 [MRI Cumbae Cumbo-Sacral Spine Without Conat 2125 ppaae—— [J,,,,,,0.35,True
Chennai,17062025144439_CGHS Rates 2024 Chennai_.pdf,46,[70s [MRI Comber Cumbo-Sacral Spine With Contrast [s000___|s7s0__ [|_|,70s [MRI Comber Cumbo-Sacral Spine With Contrast [s000___|s7s0__ [|_,,,,,,0.35,True
Chennai,17062025144439_CGHS Rates 2024 Chennai_.pdf,46,"709"" [Whole body MRI (For oncological workup) —————————‘[st00 [86s","709"" [Whole body MRI (For oncological workup) —————————‘[st00 [86s",,,,,,0.35,True
Chennai,17062025144439_CGHS Rates 2024 Chennai_.pdf,46,[i710 JoRchokcysopancreatography. 950 Yeas [i7it [MRI Angiography with contest [sooo |rs0—__ [$d frie Peete — p95 sag |___[BONE DENSITOMETRY DEXA SCAM) |CGHS TREATMENT |Non- Cites oe |,i710 JoRchokcysopancreatography. 950 Yeas [i7it [MRI Angiography with contest [sooo |rs0—__ [$d frie Peete — p95 sag |___[BONE DENSITOMETRY DEXA SCAM) |CGHS TREATMENT |Non- Cites oe,,,,,,0.35,True
Chennai,17062025144439_CGHS Rates 2024 Chennai_.pdf,46,[77 [Deva Scan Bone Demstomety—Twowtes i800 mes ee A le [77S [Deva Sean one Densfometsy Whole body (ao areo— | fromas ese |PROCEDURES,77 [Deva Scan Bone Demstomety—Twowtes i800 mes ee A le [77S [Deva Sean one Densfometsy Whole body (ao areo— | fromas ese |PROCEDURES,,,,,,0.35,True
Chennai,17062025144439_CGHS Rates 2024 Chennai_.pdf,46,[7776 [ectoensephalogrm EEG) WieoEEG————————i98—iias PS [i7i7 [iecromyography EMG) rs [71g [Nerve Conduction VelosiyiNCW) Gta Omg) —______|osg____ [ise P@,7776 [ectoensephalogrm EEG) WieoEEG————————i98—iias PS [i7i7 [iecromyography EMG) rs [71g [Nerve Conduction VelosiyiNCW) Gta Omg) —______|osg____ [ise P@,,,,,,0.35,True
Chennai,17062025144439_CGHS Rates 2024 Chennai_.pdf,46,1719 |Repititive nerve stimulation (RNS)-Decremental response (before and [536 joie tee [7 [Repeitve nerve simulation NG) Tncrementl reponse [S98 asae———sP,Repititive nerve stimulation (RNS)-Decremental response (before and [536 joie tee [7 [Repeitve nerve simulation NG) Tncrementl reponse [S98 asae———sP,,,,,,0.35,True
Chennai,17062025144439_CGHS Rates 2024 Chennai_.pdf,46,[i721 [Somatosensory evoked potentials SSEP) «(SEs PS,i721 [Somatosensory evoked potentials SSEP) «(SEs PS,,,,,,0.35,True
Chennai,17062025144439_CGHS Rates 2024 Chennai_.pdf,47,[i722 Pojsomnngraphy SO)/Siepsady SSE,i722 Pojsomnngraphy SO)/Siepsady SSE,,,,,,0.35,True
Chennai,17062025144439_CGHS Rates 2024 Chennai_.pdf,47,[iras [Musee pay 8s,iras [Musee pay 8s,,,,,,0.35,True
Chennai,17062025144439_CGHS Rates 2024 Chennai_.pdf,47,[725 [Acetyichotinercepor ACHR) antibody we fea —pes_[--__J,725 [Acetyichotinercepor ACHR) antibody we fea —pes_[--__J,,,,,,0.35,True
Chennai,17062025144439_CGHS Rates 2024 Chennai_.pdf,47,[17s |[Serum serloplnmin (50 itp,17s |[Serum serloplnmin (50 itp,,,,,,0.35,True
Chennai,17062025144439_CGHS Rates 2024 Chennai_.pdf,47,[29 [Ummaryoopper Sib,29 [Ummaryoopper Sib,,,,,,0.35,True
Chennai,17062025144439_CGHS Rates 2024 Chennai_.pdf,47,"[730"" [Serum homocysteine 50 ie","730"" [Serum homocysteine 50 ie",,,,,,0.35,True
Chennai,17062025144439_CGHS Rates 2024 Chennai_.pdf,47,[731 [Serum valproate feed tse,731 [Serum valproate feed tse,,,,,,0.35,True
Chennai,17062025144439_CGHS Rates 2024 Chennai_.pdf,47,[732 [Serum phenobattone Tevet 550s,732 [Serum phenobattone Tevet 550s,,,,,,0.35,True
Chennai,17062025144439_CGHS Rates 2024 Chennai_.pdf,47,[i733 [coagulation role 53s,i733 [coagulation role 53s,,,,,,0.35,True
Chennai,17062025144439_CGHS Rates 2024 Chennai_.pdf,47,"1734 |Protein C, Protein S, Antithrombin-III (Select CGHS rate code |See code 1413 See code 1413 = bie","Protein C, Protein S, Antithrombin-III (Select CGHS rate code |See code 1413 See code 1413 = bie",,,,,,0.35,True
Chennai,17062025144439_CGHS Rates 2024 Chennai_.pdf,47,1735 |Serum lactate level (Select CGHS rate code 1479 for approved |See code 1479 See code 1479 is = =6h)l [Cl a ee nin link preparation and smear for AFP Ls7[Specia sies ————— 1. is,Serum lactate level (Select CGHS rate code 1479 for approved |See code 1479 See code 1479 is = =6h)l [Cl a ee nin link preparation and smear for AFP Ls7[Specia sies ————— 1. is,,,,,,0.35,True
Chennai,17062025144439_CGHS Rates 2024 Chennai_.pdf,47,[738—JPCR for tobereuoaty Herpes smpleg i200 isp,738—JPCR for tobereuoaty Herpes smpleg i200 isp,,,,,,0.35,True
Chennai,17062025144439_CGHS Rates 2024 Chennai_.pdf,47,[i739 [Bacerial culture and ensiiviy iso. or [|] [40 [peabacerial core and sematviiy p00 so liar [Fungal eure ftp fre J J [irs2[oalignant cele 2 fr,i739 [Bacerial culture and ensiiviy iso. or [|] [40 [peabacerial core and sematviiy p00 so liar [Fungal eure ftp fre J J [irs2[oalignant cele 2 fr,,,,,,0.35,True
Chennai,17062025144439_CGHS Rates 2024 Chennai_.pdf,47,[745 [ant messes antibody Wve (wih serum antibody) (SOF pe irae [viewed pss a a varicella virus),745 [ant messes antibody Wve (wih serum antibody) (SOF pe irae [viewed pss a a varicella virus),,,,,,0.35,True
Chennai,17062025144439_CGHS Rates 2024 Chennai_.pdf,47,[7736 [ofeoconal band ico 0 lita [woein Basie roti ts ae aE ee [7a [GrypiecoccaTantge 09 [__|TesTs Iv GASTRO-ENTEROLOGH | OS,7736 [ofeoconal band ico 0 lita [woein Basie roti ts ae aE ee [7a [GrypiecoccaTantge 09 [__|TesTs Iv GASTRO-ENTEROLOGH | OS,,,,,,0.35,True
Chennai,17062025144439_CGHS Rates 2024 Chennai_.pdf,47,1751 |Faecal / Fecal fat test/ fecal chymotrypsin’ fecal elastase (Select |See code 1335 See code 1335,Faecal / Fecal fat test/ fecal chymotrypsin’ fecal elastase (Select |See code 1335 See code,,,1335,,,0.65,True
Chennai,17062025144439_CGHS Rates 2024 Chennai_.pdf,47,|CGHS rate code 1335 — | | Poca ea ee Sr. |CGHS TREATMENT \Non- [EEE Se ||,CGHS rate code 1335 — | | Poca ea ee Sr. |CGHS TREATMENT \Non- [EEE Se,,,,,,0.35,True
Chennai,17062025144439_CGHS Rates 2024 Chennai_.pdf,47,[755 pylon eoiogy for Cosine Gears ene ease 450i [J [ise [ABV genoyping sss [55 [RCV genoyping————i68 —istn | _fmiosemerupeponoennomvoney | | | THOSE INCLUDED UNDER HORMONES),755 pylon eoiogy for Cosine Gears ene ease 450i [J [ise [ABV genoyping sss [55 [RCV genoyping————i68 —istn | _fmiosemerupeponoennomvoney | | | THOSE INCLUDED UNDER HORMONES),,,,,,0.35,True
Chennai,17062025144439_CGHS Rates 2024 Chennai_.pdf,47,[756 [Urinary vaniivimandehc asd WMA) =i sss iP,756 [Urinary vaniivimandehc asd WMA) =i sss iP,,,,,,0.35,True
Chennai,17062025144439_CGHS Rates 2024 Chennai_.pdf,47,L757 [Urinary metanepirine Nonnetanephrie 1094 —Jurre [ise [Uninaryses catecholamine ist rag,L757 [Urinary metanepirine Nonnetanephrie 1094 —Jurre [ise [Uninaryses catecholamine ist rag,,,,,,0.35,True
Chennai,17062025144439_CGHS Rates 2024 Chennai_.pdf,47,[rs [serum catecholamine 5060 —si9____[-—__-----,rs [serum catecholamine 5060 —si9____[-—__-----,,,,,,0.35,True
Chennai,17062025144439_CGHS Rates 2024 Chennai_.pdf,47,"[i760""[Serum aldosterone 2s tg [iter [2s irwrnaryaldotrone (20. its","i760""[Serum aldosterone 2s tg [iter [2s irwrnaryaldotrone (20. its",,,,,,0.35,True
Chennai,17062025144439_CGHS Rates 2024 Chennai_.pdf,48,[i762 [Pesma eam astgy 00s,i762 [Pesma eam astgy 00s,,,,,,0.35,True
Chennai,17062025144439_CGHS Rates 2024 Chennai_.pdf,48,[6 [Serum aldstroneeninraiy———1a00ise0. [J],6 [Serum aldstroneeninraiy———1a00ise0. [J,,,,,,0.35,True
Chennai,17062025144439_CGHS Rates 2024 Chennai_.pdf,48,[iret [Osmolaityurine 28 ia,iret [Osmolaityurine 28 ia,,,,,,0.35,True
Chennai,17062025144439_CGHS Rates 2024 Chennai_.pdf,48,[r765-[osmolaliy serum ire rar [J,r765-[osmolaliy serum ire rar [J,,,,,,0.35,True
Chennai,17062025144439_CGHS Rates 2024 Chennai_.pdf,48,[i766-[Unnarysodiwm 5 ds,i766-[Unnarysodiwm 5 ds,,,,,,0.35,True
Chennai,17062025144439_CGHS Rates 2024 Chennai_.pdf,48,[i767 [Unnary Chiende |,i767 [Unnary Chiende,,,,,,0.35,True
Chennai,17062025144439_CGHS Rates 2024 Chennai_.pdf,48,[176s [Urinary poston 0,176s [Urinary poston,,,0,,,0.5,True
Chennai,17062025144439_CGHS Rates 2024 Chennai_.pdf,48,[i770 [Thyroid binding glabain 90,i770 [Thyroid binding glabain,,,90,,,0.5,True
Chennai,17062025144439_CGHS Rates 2024 Chennai_.pdf,48,[i771 [24 hour rina fe console i200 iss,i771 [24 hour rina fe console i200 iss,,,,,,0.35,True
Chennai,17062025144439_CGHS Rates 2024 Chennai_.pdf,48,[i772 let etl enibody 50s,i772 let etl enibody 50s,,,,,,0.35,True
Chennai,17062025144439_CGHS Rates 2024 Chennai_.pdf,48,[77s [oso assomateP ented iS,77s [oso assomateP ented iS,,,,,,0.35,True
Chennai,17062025144439_CGHS Rates 2024 Chennai_.pdf,48,[75 nslin-ike growth fctor-1 @GA) iss iss [J,75 nslin-ike growth fctor-1 @GA) iss iss [J,,,,,,0.35,True
Chennai,17062025144439_CGHS Rates 2024 Chennai_.pdf,48,[1776 astin-ike growth fctor binding proksinS COPBPS) [ia iros___ [|,1776 astin-ike growth fctor binding proksinS COPBPS) [ia iros___,,,,,,0.35,True
Chennai,17062025144439_CGHS Rates 2024 Chennai_.pdf,48,li777 [sextonnone binding globulin 1200 ise,li777 [sextonnone binding globulin 1200 ise,,,,,,0.35,True
Chennai,17062025144439_CGHS Rates 2024 Chennai_.pdf,48,[177s [USG gunded FNAC tyro gland ise) ies iP,177s [USG gunded FNAC tyro gland ise) ies iP,,,,,,0.35,True
Chennai,17062025144439_CGHS Rates 2024 Chennai_.pdf,48,[i780 [Thyrogiobulim anh 08 oor,i780 [Thyrogiobulim anh 08 oor,,,,,,0.35,True
Chennai,17062025144439_CGHS Rates 2024 Chennai_.pdf,48,[ADDEDWERIs01200,ADDEDWERIs01200,,,,,,0.35,True
Chennai,17062025144439_CGHS Rates 2024 Chennai_.pdf,48,"1782 |Serum IGE Level 300 345, [Rate added w.e-£ 14.01.2020 &","Serum IGE Level 300 345, [Rate added w.e-£ 14.01.2020 &",,,,,,0.35,True
Chennai,17062025144439_CGHS Rates 2024 Chennai_.pdf,48,1783 1800 12070 |Rate added w.e.f. 14.01.2020 &,1783 1800 12070 |Rate added w.e.f. 14.01.2020 &,,,,,,0.35,True
Chennai,17062025144439_CGHS Rates 2024 Chennai_.pdf,48,1784 2445 2875 |Raterevised w.e.f. 19.06.2023 |S,1784 2445 2875 |Raterevised w.e.f. 19.06.2023 |S,,,,,,0.35,True
Chennai,17062025144439_CGHS Rates 2024 Chennai_.pdf,48,1785 6000 16900 [Rate added wef. 14.01.2020 & |,1785 6000 16900 [Rate added wef. 14.01.2020 &,,,,,,0.35,True
Chennai,17062025144439_CGHS Rates 2024 Chennai_.pdf,48,1786 |HCV RNA Quantitative 1500 1725 [Rate added wef. 14.01.2020 & |,HCV RNA Quantitative 1500 1725 [Rate added wef. 14.01.2020 &,,,,,,0.35,True
Chennai,17062025144439_CGHS Rates 2024 Chennai_.pdf,49,1787 | Tacrolimus [2300 [2645 Rate added wie f 14.01.2020 & lapplicable in all CGHS cities,Tacrolimus [2300 [2645 Rate added wie f 14.01.2020 & lapplicable in all CGHS cities,,,,,,0.35,True
Chennai,17062025144439_CGHS Rates 2024 Chennai_.pdf,49,"1788. [Protein Creatinine Ratio, Urine 120 138 [Rate added w.e-f 14.01.2020 & lapplicable in all CGHS cities","Protein Creatinine Ratio, Urine 120 138 [Rate added w.e-f 14.01.2020 & lapplicable in all CGHS cities",,,,,,0.35,True
Chennai,17062025144439_CGHS Rates 2024 Chennai_.pdf,49,1789. |Fibroscan Liver 1000 1150 [Rate added wie f 14.01.2020 & applicable in all CGHS cities,Fibroscan Liver 1000 1150 [Rate added wie f 14.01.2020 & applicable in all CGHS cities,,,,,,0.35,True
Chennai,17062025144439_CGHS Rates 2024 Chennai_.pdf,49,1790 HLA B27 (PCR) 575 Rate added w.e f 14.01.2020 & lapplicable in all CGHS cities,1790 HLA B27 (PCR) 575 Rate added w.e f 14.01.2020 & lapplicable in all CGHS cities,,,,,,0.35,True
Chennai,17062025144439_CGHS Rates 2024 Chennai_.pdf,49,1791 | Mantoux Test 75 [200 [Rate added wie f 14.01.2020 & lapplicable in all CGHS cities,Mantoux Test 75 [200 [Rate added wie f 14.01.2020 & lapplicable in all CGHS cities,,,,,,0.35,True
Chennai,17062025144439_CGHS Rates 2024 Chennai_.pdf,49,"1792, |Procalcitonin 1800 [2070 [Rate added w.e-f 14.01.2020 & lapplicable in all CGHS cities","1792, |Procalcitonin 1800 [2070 [Rate added w.e-f 14.01.2020 & lapplicable in all CGHS cities",,,,,,0.35,True
Chennai,17062025144439_CGHS Rates 2024 Chennai_.pdf,49,1793 [TORCH Test 1120 1288 Rate added wie f 14.01.2020 & lapplicable in all CGHS cities,1793 [TORCH Test 1120 1288 Rate added wie f 14.01.2020 & lapplicable in all CGHS cities,,,,,,0.35,True
Chennai,17062025144439_CGHS Rates 2024 Chennai_.pdf,49,"1794 (65000 [65000 [Raterevisedw.e f 19.12.2023 & applicable in all CGHS cities, Differential rates are not lapplicable, Rate is same for lboth NABH and Non-NABH [Accredited HCO’s and Shall Inot be part of any other procedure","1794 (65000 [65000 [Raterevisedw.e f 19.12.2023 & applicable in all CGHS cities, Differential rates are not lapplicable, Rate is same for lboth NABH and Non-NABH [Accredited HCO’s and Shall Inot be part of any other procedure",,,,nabh,,0.35,True
Chennai,17062025144439_CGHS Rates 2024 Chennai_.pdf,49,1795. [Fractional Flow Reserve (FFR) Wire cost (AIMS Rates Seecode585 __|SeecodeS85 [Rate revised wef 19.12.2023 & lapplicable in all CGHS cities st. _|CGHS TREATMENT PROCEDUREINVESTIGATION LIST __[Non- INABHIL,Fractional Flow Reserve (FFR) Wire cost (AIMS Rates Seecode585 __|SeecodeS85 [Rate revised wef 19.12.2023 & lapplicable in all CGHS cities st. _|CGHS TREATMENT PROCEDUREINVESTIGATION LIST __[Non- INABHIL,,,,nabh,,0.35,True
Chennai,17062025144439_CGHS Rates 2024 Chennai_.pdf,49,INo._|ADDEDW-E-F.03.06.2020 INABH/No IRates,INo._|ADDEDW-E-F.03.06.2020 INABH/No IRates,,,,nabh,,0.35,True
Chennai,17062025144439_CGHS Rates 2024 Chennai_.pdf,50,1796 [Anti Smooth Muscle Antibody Test (ASMA) 241 Rate added w.e.£ 03.06.2020 &,1796 [Anti Smooth Muscle Antibody Test (ASMA) 241 Rate added w.e.£ 03.06.2020 &,,,,,,0.35,True
Chennai,17062025144439_CGHS Rates 2024 Chennai_.pdf,50,1797 |C ANCAIFA 275 1500 [Rate added w.e f 03.06.2020 & lapplicable in all CGHS cities,C ANCAIFA 275 1500 [Rate added w.e f 03.06.2020 & lapplicable in all CGHS cities,,,,,,0.35,True
Chennai,17062025144439_CGHS Rates 2024 Chennai_.pdf,50,1798 |P ANCAIFA i275 1500 [Rate added w.e f 03.06.2020 & applicable in all CGHS cities,P ANCAIFA i275 1500 [Rate added w.e f 03.06.2020 & applicable in all CGHS cities,,,,,,0.35,True
Chennai,17062025144439_CGHS Rates 2024 Chennai_.pdf,50,1799 [Angiotensin converting enzyme (ACE) [850 [Rate added w.e.£ 03.06.2020 & lapplicable in all CGHS cities,1799 [Angiotensin converting enzyme (ACE) [850 [Rate added w.e.£ 03.06.2020 & lapplicable in all CGHS cities,,,,,,0.35,True
Chennai,17062025144439_CGHS Rates 2024 Chennai_.pdf,50,1800 [Endo bronchial Ultrasound (EBUS) -Trans bronchial needle 15614 18370 [Rate added w.e F 03.06.2020 & aspiration (TBNA) -Using lapplicable in all CGHS cities New Needle,1800 [Endo bronchial Ultrasound (EBUS) -Trans bronchial needle 15614 18370 [Rate added w.e F 03.06.2020 & aspiration (TBNA) -Using lapplicable in all CGHS cities New Needle,,,,,,0.35,True
Chennai,17062025144439_CGHS Rates 2024 Chennai_.pdf,50,[extractable Nuclear Antigens (ENA) - Quantitative 4250 [4600 [Rate added w.e f 03.06.2020 & lapplicable in all CGHS cities,extractable Nuclear Antigens (ENA) - Quantitative 4250 [4600 [Rate added w.e f 03.06.2020 & lapplicable in all CGHS cities,,,,,,0.35,True
Chennai,17062025144439_CGHS Rates 2024 Chennai_.pdf,50,1802 |Chromogranin A 4250 5000 Rate added w.e f 03.06.2020 & lapplicable in all CGHS cities,Chromogranin A 4250 5000 Rate added w.e f 03.06.2020 & lapplicable in all CGHS cities,,,,,,0.35,True
Chennai,17062025144439_CGHS Rates 2024 Chennai_.pdf,50,1803 [Faecal calprotectin (fecal calprotectin) 2320 [2730 [Rate added w.e F 03.06.2020 & lapplicable in all CGHS cities,1803 [Faecal calprotectin (fecal calprotectin) 2320 [2730 [Rate added w.e F 03.06.2020 & lapplicable in all CGHS cities,,,,,,0.35,True
Chennai,17062025144439_CGHS Rates 2024 Chennai_.pdf,50,"1804 |C3-COMPLEMENT 552, [650 [Rate added w.e f 03.06.2020 & lapplicable in all CGHS cities","C3-COMPLEMENT 552, [650 [Rate added w.e f 03.06.2020 & lapplicable in all CGHS cities",,,,,,0.35,True
Chennai,17062025144439_CGHS Rates 2024 Chennai_.pdf,50,1805 |C4-COMPLEMENT 552 Rate added w.e f 03.06.2020 & lapplicable in all CGHS cities,C4-COMPLEMENT 552 Rate added w.e f 03.06.2020 & lapplicable in all CGHS cities,,,,,,0.35,True
Chennai,17062025144439_CGHS Rates 2024 Chennai_.pdf,50,1806 |Genexpert Test 880 1035 [Rate added w.e f 03.06.2020 & applicable in all CGHS cities,Genexpert Test 880 1035 [Rate added w.e f 03.06.2020 & applicable in all CGHS cities,,,,,,0.35,True
Chennai,17062025144439_CGHS Rates 2024 Chennai_.pdf,51,1807 [DF stent removal [7395 8700 Rate added w.e f 03.06.2020 &,1807 [DF stent removal [7395 8700 Rate added w.e f 03.06.2020 &,,,,,,0.35,True
Chennai,17062025144439_CGHS Rates 2024 Chennai_.pdf,51,1808 [Pulmonary Function Test (PFT) / (Spirometry with DLCO) 425) 500 [Rate added w.e f 03.06.2020 &,1808 [Pulmonary Function Test (PFT) / (Spirometry with DLCO) 425) 500 [Rate added w.e f 03.06.2020 &,,,,,,0.35,True
Chennai,17062025144439_CGHS Rates 2024 Chennai_.pdf,51,1809 [EUS (Endoscopic Ultrasound) guided FNAC (Using with Needle) [12750 15000 [Rate added w.e f 03.06.2020 &,1809 [EUS (Endoscopic Ultrasound) guided FNAC (Using with Needle) [12750 15000 [Rate added w.e f 03.06.2020 &,,,,,,0.35,True
Chennai,17062025144439_CGHS Rates 2024 Chennai_.pdf,51,CT Urography 3825 Rate added w.e f 03.06.2020 &,CT Urography 3825 Rate added w.e f 03.06.2020 &,,,,,,0.35,True
Chennai,17062025144439_CGHS Rates 2024 Chennai_.pdf,51,|Video Laryngoscopy 5100 [6000 [Rate added w.e F 03.06.2020 &,Video Laryngoscopy 5100 [6000 [Rate added w.e F 03.06.2020 &,,,,,,0.35,True
Chennai,17062025144439_CGHS Rates 2024 Chennai_.pdf,51,1812 [CT Angio-Neck Vessels [S100 [6000 [Rate added w.e f 03.06.2020 &,1812 [CT Angio-Neck Vessels [S100 [6000 [Rate added w.e f 03.06.2020 &,,,,,,0.35,True
Chennai,17062025144439_CGHS Rates 2024 Chennai_.pdf,51,INI (RT-PCR) san 1084 Rate added w.e f 03.06.2020 &,INI (RT-PCR) san 1084 Rate added w.e f 03.06.2020 &,,,,,,0.35,True
Chennai,17062025144439_CGHS Rates 2024 Chennai_.pdf,51,[Seecode1557 _|Seecode1557 [Rate added we £ 03.06.2020 &,Seecode1557 _|Seecode1557 [Rate added we £ 03.06.2020 &,,,,,,0.35,True
Chennai,17062025144439_CGHS Rates 2024 Chennai_.pdf,51,1815 [Anti HEV IgM 850 [Rate added w.e f 03.06.2020 &,1815 [Anti HEV IgM 850 [Rate added w.e f 03.06.2020 &,,,,,,0.35,True
Chennai,17062025144439_CGHS Rates 2024 Chennai_.pdf,51,[Anti HAV IgM 637 750 [Rate added w.e f 03.06.2020 &,Anti HAV IgM 637 750 [Rate added w.e f 03.06.2020 &,,,,,,0.35,True
Chennai,17062025144439_CGHS Rates 2024 Chennai_.pdf,51,1817 HBsAg Quantitative 552 [650 [Rate added w.e f 03.06.2020 &,1817 HBsAg Quantitative 552 [650 [Rate added w.e f 03.06.2020 &,,,,,,0.35,True
Chennai,17062025144439_CGHS Rates 2024 Chennai_.pdf,52,1818 |Typhidot IgM [Rate added w.e f 03.06.2020 & | lapplicable in all CGHS cities,Typhidot IgM [Rate added w.e f 03.06.2020 & | lapplicable in all CGHS cities,,,,,,0.35,True
Chennai,17062025144439_CGHS Rates 2024 Chennai_.pdf,52,[Hepatitis B Core Antibody (HBcAb) Level (Hepatitis B CoreIeM [408 1480 [Rate added w-e.f 03.06.2020 & | Antibody) lapplicable in all CGHS cities,Hepatitis B Core Antibody (HBcAb) Level (Hepatitis B CoreIeM [408 1480 [Rate added w-e.f 03.06.2020 & | Antibody) lapplicable in all CGHS cities,,,,,,0.35,True
Chennai,17062025144439_CGHS Rates 2024 Chennai_.pdf,52,1820 |Anti HBs 552 }650 |Rate added w.e.f 03.06.2020 & applicable in all CGHS cities,Anti HBs 552 }650 |Rate added w.e.f 03.06.2020 & applicable in all CGHS cities,,,,,,0.35,True
Chennai,17062025144439_CGHS Rates 2024 Chennai_.pdf,52,"[ADDED vide clause 2.5, & 6 of OM F.No. S-11045/36/2012-CGHS (HEC) dated 26.11.2014 [rrrt—“‘s;S™s—~*@™Y","ADDED vide clause 2.5, & 6 of OM F.No. S-11045/36/2012-CGHS (HEC) dated 26.11.2014 [rrrt—“‘s;S™s—~*@™Y",,,,,,0.35,True
Chennai,17062025144439_CGHS Rates 2024 Chennai_.pdf,52,[i821 JFreeTriodotiyronine (FT). fos SY,i821 JFreeTriodotiyronine (FT). fos SY,,,,,,0.35,True
Chennai,17062025144439_CGHS Rates 2024 Chennai_.pdf,52,[1822 [Free Thyroxine (FT4) ft res isos wide Test foo fro [is24 [Dengue Seolegy i‘ i CS,1822 [Free Thyroxine (FT4) ft res isos wide Test foo fro [is24 [Dengue Seolegy i‘ i CS,,,,,,0.35,True
Chennai,17062025144439_CGHS Rates 2024 Chennai_.pdf,52,[1825 [Blood component charges - Whole Blood per Unit [i450 fiaso,1825 [Blood component charges - Whole Blood per Unit [i450 fiaso,,,,,,0.35,True
Chennai,17062025144439_CGHS Rates 2024 Chennai_.pdf,52,[1826 [Blood component charges ~ Packed Red Cell per Unit a,1826 [Blood component charges ~ Packed Red Cell per Unit a,,,,,,0.35,True
Chennai,17062025144439_CGHS Rates 2024 Chennai_.pdf,52,[1827 [Blood component charges - Fresh Frozen Plasma Joo fo,1827 [Blood component charges - Fresh Frozen Plasma Joo fo,,,,,,0.35,True
Chennai,17062025144439_CGHS Rates 2024 Chennai_.pdf,52,[i828 [Platelet Concentrate- Random Donor Platelet (RDP) Isoo 400 | Y,i828 [Platelet Concentrate- Random Donor Platelet (RDP) Isoo 400 | Y,,,,,,0.35,True
Chennai,17062025144439_CGHS Rates 2024 Chennai_.pdf,52,[1829 [Blood component charges - Cryoprecipitate oo poo,1829 [Blood component charges - Cryoprecipitate oo poo,,,,,,0.35,True
Chennai,17062025144439_CGHS Rates 2024 Chennai_.pdf,52,[Platelet Concentrate — Single Donor Platelet (SDP)-Apheresis per unit er 11000 |,Platelet Concentrate — Single Donor Platelet (SDP)-Apheresis per unit er 11000,,,,,,0.35,True
Chennai,17062025144439_CGHS Rates 2024 Chennai_.pdf,52,"ICCS Group A Officer of above 40 years of age Male, Annual Health |2000 12000 [Check up","ICCS Group A Officer of above 40 years of age Male, Annual Health |2000 12000 [Check up",,,,,,0.35,True
Chennai,17062025144439_CGHS Rates 2024 Chennai_.pdf,52,"1832 |CCS Group A Officer of above 40 years of age female, Annual 2200 12200 [Health Check up","CCS Group A Officer of above 40 years of age female, Annual 2200 12200 [Health Check up",,,,,,0.35,True
Chennai,17062025144439_CGHS Rates 2024 Chennai_.pdf,52,| [ADDED WEF 11022000,ADDED WEF,,,11022000,,,0.5,True
Chennai,17062025144439_CGHS Rates 2024 Chennai_.pdf,52,1833 Interleukin 6 (IL 6) 1360 [Rate added w.e-f 11.02.2021 & applicable in all CGHS cities,1833 Interleukin 6 (IL 6) 1360 [Rate added w.e-f 11.02.2021 & applicable in all CGHS cities,,,,,,0.35,True
Chennai,17062025144439_CGHS Rates 2024 Chennai_.pdf,52,1834 [High resolution computed Tomography (HRCT Chest) 7700 [2000 Revised rate wef 19.06.2023 \& lapplicable in all CGHS cities,1834 [High resolution computed Tomography (HRCT Chest) 7700 [2000 Revised rate wef 19.06.2023 \& lapplicable in all CGHS cities,,,,,,0.35,True
Chennai,17062025144439_CGHS Rates 2024 Chennai_.pdf,52,1835 \4250 15000 [Rate added w.e.f. 11.02.2021 & lapplicable in all CGHS cities,1835 \4250 15000 [Rate added w.e.f. 11.02.2021 & lapplicable in all CGHS cities,,,,,,0.35,True
Chennai,17062025144439_CGHS Rates 2024 Chennai_.pdf,52,1836 14250 15000 |Rate added w.e.f. 11.02.2021 & applicable in all CGHS cities,1836 14250 15000 |Rate added w.e.f. 11.02.2021 & applicable in all CGHS cities,,,,,,0.35,True
Chennai,17062025144439_CGHS Rates 2024 Chennai_.pdf,53,1837 1275 [Rate added w.e.f. 11.02.2021 &,1837 1275 [Rate added w.e.f. 11.02.2021 &,,,,,,0.35,True
Chennai,17062025144439_CGHS Rates 2024 Chennai_.pdf,53,14250 |Rate added w.ef. 11.02.2021 &,14250 |Rate added w.ef. 11.02.2021 &,,,,,,0.35,True
Chennai,17062025144439_CGHS Rates 2024 Chennai_.pdf,53,5950 7000 |Rate added w.e.f. 11.02.2021 &,5950 7000 |Rate added w.e.f. 11.02.2021 &,,,,,,0.35,True
Chennai,17062025144439_CGHS Rates 2024 Chennai_.pdf,53,12550 }3000 [Rate added w.e.f. 11.02.2021 &,12550 }3000 [Rate added w.e.f. 11.02.2021 &,,,,,,0.35,True
Chennai,17062025144439_CGHS Rates 2024 Chennai_.pdf,53,2550 }3000 [Rate added w.e-f 11.02.2021 &,2550 }3000 [Rate added w.e-f 11.02.2021 &,,,,,,0.35,True
Chennai,17062025144439_CGHS Rates 2024 Chennai_.pdf,53,1842 15525 |Rate added w.e.f. 11.02.2021 & |,1842 15525 |Rate added w.e.f. 11.02.2021 &,,,,,,0.35,True
Chennai,17062025144439_CGHS Rates 2024 Chennai_.pdf,53,}4000 [Rate added w.e.f. 11.02.2021 &,}4000 [Rate added w.e.f. 11.02.2021 &,,,,,,0.35,True
Chennai,17062025144439_CGHS Rates 2024 Chennai_.pdf,53,113600 16000 [Rate added w.e.f. 11.02.2021 & |,113600 16000 [Rate added w.e.f. 11.02.2021 &,,,,,,0.35,True
Chennai,17062025144439_CGHS Rates 2024 Chennai_.pdf,53,1845 12975 }3500 |Rate added w.e.f 11.02.2021 &,1845 12975 }3500 |Rate added w.e.f 11.02.2021 &,,,,,,0.35,True
Chennai,17062025144439_CGHS Rates 2024 Chennai_.pdf,53,[Glaucoma valve/Glaucoma Ahmed valve 12750 15000 Rate added wie f 11.02.2021 &,Glaucoma valve/Glaucoma Ahmed valve 12750 15000 Rate added wie f 11.02.2021 &,,,,,,0.35,True
Chennai,17062025144439_CGHS Rates 2024 Chennai_.pdf,53,1847 |Malyugin Ring 8500 110000 [Rate added w.e.f 11.02.2021 & lapplicable in all CGHS cities,Malyugin Ring 8500 110000 [Rate added w.e.f 11.02.2021 & lapplicable in all CGHS cities,,,,,,0.35,True
Chennai,17062025144439_CGHS Rates 2024 Chennai_.pdf,54,1848 [Globe exploration (eye surgery) [8500 10000 Rate added wie f 11.02.2021 &,1848 [Globe exploration (eye surgery) [8500 10000 Rate added wie f 11.02.2021 &,,,,,,0.35,True
Chennai,17062025144439_CGHS Rates 2024 Chennai_.pdf,54,1849 |Scleral Fixation Tissue glue 7140 8400 [Rate added w.e-f 11.02.2021 & lapplicable in all CGHS cities,Scleral Fixation Tissue glue 7140 8400 [Rate added w.e-f 11.02.2021 & lapplicable in all CGHS cities,,,,,,0.35,True
Chennai,17062025144439_CGHS Rates 2024 Chennai_.pdf,54,1850 [Fibro optic Nasal Endoscopy 1955 [2300 [Rate added w.e-f 11.02.2021 & lapplicable in all CGHS cities,1850 [Fibro optic Nasal Endoscopy 1955 [2300 [Rate added w.e-f 11.02.2021 & lapplicable in all CGHS cities,,,,,,0.35,True
Chennai,17062025144439_CGHS Rates 2024 Chennai_.pdf,54,1851 |Video Stroboscopy 14675 5500 Rate added wie f 11.02.2021 & lapplicable in all CGHS cities,Video Stroboscopy 14675 5500 Rate added wie f 11.02.2021 & lapplicable in all CGHS cities,,,,,,0.35,True
Chennai,17062025144439_CGHS Rates 2024 Chennai_.pdf,54,1852 |Video Bronchoscopy with BAL '8500 10000 [Rate added wie f 11.02.2021 & lapplicable in all CGHS cities,Video Bronchoscopy with BAL '8500 10000 [Rate added wie f 11.02.2021 & lapplicable in all CGHS cities,,,,,,0.35,True
Chennai,17062025144439_CGHS Rates 2024 Chennai_.pdf,54,1853 [Sleep deprived EEG (Rate shall be the same CGHS rate of [Seecodei716 _ |Seecodel716 [Rate added w.e.f 11.02.2021 & IBEG/Video EEG) Select lapplicable in all CGHS cities,1853 [Sleep deprived EEG (Rate shall be the same CGHS rate of [Seecodei716 _ |Seecodel716 [Rate added w.e.f 11.02.2021 & IBEG/Video EEG) Select lapplicable in all CGHS cities,,,,,,0.35,True
Chennai,17062025144439_CGHS Rates 2024 Chennai_.pdf,54,ICGHS rate code 1716,ICGHS rate code,,,1716,,,0.5,True
Chennai,17062025144439_CGHS Rates 2024 Chennai_.pdf,54,[| —|raaea Wert9122023 eS TREATMENT PROCEDURE fNon- [NABH [REMARKS CARDIO VASCULAR AND INABH/Non- |NABL CARDIAC SURGERY & INVESTIGATIONS INABL Rates {Rates,—|raaea Wert9122023 eS TREATMENT PROCEDURE fNon- [NABH [REMARKS CARDIO VASCULAR AND INABH/Non- |NABL CARDIAC SURGERY & INVESTIGATIONS INABL Rates {Rates,,,,nabh,,0.35,True
Chennai,17062025144439_CGHS Rates 2024 Chennai_.pdf,54,"1854 | TAVI/TAVR Implant (cost of implant only) 7,284,000 1,284,000 | Cost of implant only, laddedw.ef.","TAVI/TAVR Implant (cost of implant only) 7,284,000 1,284,000 | Cost of implant only, laddedw.ef.",,,,,,0.35,True
Chennai,17062025144439_CGHS Rates 2024 Chennai_.pdf,54,"19.12.2023 & applicable in all ICGHS cities,","12.2023 & applicable in all ICGHS cities,",,,,,,0.35,True
Chennai,17062025144439_CGHS Rates 2024 Chennai_.pdf,54,"1855 | Transcatheter Aortic Valve Implantation (TAVI) / '85000 100,000 [Treatmentprocedure TranscatheterAortic Valve Replacement(TAVR)— Procedure Cost Cardiology added","Transcatheter Aortic Valve Implantation (TAVI) / '85000 100,000 [Treatmentprocedure TranscatheterAortic Valve Replacement(TAVR)— Procedure Cost Cardiology added",,,,,,0.35,True
Chennai,17062025144439_CGHS Rates 2024 Chennai_.pdf,54,"(Approval of Director, CGHS in consultation with Special Technical jw. £19.12.2023& lommittee(STC)is required for this procedure) lapplicableinall CGHS cities,","(Approval of Director, CGHS in consultation with Special Technical jw. £19.12.2023& lommittee(STC)is required for this procedure) lapplicableinall CGHS cities,",,,,,,0.35,True
Chennai,17062025144439_CGHS Rates 2024 Chennai_.pdf,55,"[VL (Coronary Intravascular Lithotripsy/Shockwave Lithotripsy— 268,000 [268,000 [Treatmentprocedure","VL (Coronary Intravascular Lithotripsy/Shockwave Lithotripsy— 268,000 [268,000 [Treatmentprocedure",,,,,,0.35,True
Chennai,17062025144439_CGHS Rates 2024 Chennai_.pdf,55,|Special Technical Committee (STC) is required for this procedure) jw.e£19.12.2023&,Special Technical Committee (STC) is required for this procedure) jw.e£19.12.2023&,,,,,,0.35,True
Chennai,17062025144439_CGHS Rates 2024 Chennai_.pdf,55,|_| Atdeaweetoroszo23,_| Atdeaweetoroszo23,,,,,,0.35,True
Chennai,17062025144439_CGHS Rates 2024 Chennai_.pdf,55,1857 [Occupational Therapy persession of atleast 40 minutes 340 [Treatment procedure rates,1857 [Occupational Therapy persession of atleast 40 minutes 340 [Treatment procedure rates,,,,,,0.35,True
Chennai,17062025144439_CGHS Rates 2024 Chennai_.pdf,55,ladded w.e-f. 01.05.2023&,ladded w.e-f. 01.05.2023&,,,,,,0.35,True
Chennai,17062025144439_CGHS Rates 2024 Chennai_.pdf,55,1858 [Applied Behaviour Analysis based behaviour therapy (ABA based [340 [400 [Treatment procedure rates,1858 [Applied Behaviour Analysis based behaviour therapy (ABA based [340 [400 [Treatment procedure rates,,,,,,0.35,True
Chennai,17062025144439_CGHS Rates 2024 Chennai_.pdf,55,[Behaviour therapy) per secion of atleast 40 minutes ladded w.e-f. 01.05.2023,Behaviour therapy) per secion of atleast 40 minutes ladded w.e-f. 01.05.2023,,,,,,0.35,True
Chennai,17062025144439_CGHS Rates 2024 Chennai_.pdf,55,1859 |Special education persession of atleast 40minutes 340 [Treatment procedure rates,Special education persession of atleast 40minutes 340 [Treatment procedure rates,,,,,,0.35,True
Chennai,17062025144439_CGHS Rates 2024 Chennai_.pdf,55,ladded w.e-f. 01.05.2023 lapplicable in all CGHS cities a | a | | a GO (O a S| a | a | a | po a | a CO | a GO| a CO | po a (| | a (| | GO ( a | |,ladded w.e-f. 01.05.2023 lapplicable in all CGHS cities a | a | | a GO (O a S| a | a | a | po a | a CO | a GO| a CO | po a (| | a (| | GO ( a,,,,,,0.35,True
