source_page,extracted_table_index,column_1,column_2,column_3,column_4,column_5,column_6
1,1,CGHS MUMBAI RATES FOR HOSPITALS - 2010 (Updated on 29th June 2021),,,,,
1,1,S.No,NAME OF INVESTIGATION / TREATMENT PROCEDURE,Rate for NABH Hospital,Rate for Non NABH Hospital,Rate for Super Specialty Hospital,Remarks
1,1,,OPD Procedures,,,,
1,1,1,Consultation OPD,293,255,345,
1,1,2,Consultation IPD (Inpatients),104,90,345,Changed procedure name
1,1,3,Dressings of wounds,300,255,,
1,1,4,Suturing of wounds with local anaesthesia(LA),230,200,,
1,1,5,Aspiration Pleural Effusion - Diagnostic,700,595,,
1,1,6,Aspiration Pleural Effusion - Therapeutic,700,595,,
1,1,7,Abdominal Aspiration - Diagnostic,750,640,,
1,1,8,Abdominal Aspiration - Therapeutic,750,640,,
1,1,9,Pericardial Aspiration,633,550,,
1,1,10,Joints Aspiration,920,800,,
1,1,11,Biopsy Skin,920,800,,
1,1,12,Removal of Stitches/Sutures,200,170,,Changed procedure name
1,1,13,Venesection,700,595,,
1,1,14,Phimosis Under LA,230,200,,
1,1,15,Sternal puncture,1380,1200,,
1,1,16,Injection for Haemorrhoids,700,595,,
1,1,17,Injection for Varicose Veins,700,595,,
1,1,18,Urinary Catheterisation,700,595,,Changed procedure name to Urinary Catheterisation
1,1,19,Dilatation of Urethra,144,125,,
1,1,20,Incision & Drainage,518,450,,
1,1,21,Intercostal Drainage,1035,900,,
1,1,22,Peritoneal dialysis,575,500,,
1,1,,Skin,,,,
1,1,23,Excision of Moles,345,300,,
1,1,24,Excision of Warts,575,500,,
1,1,25,Excision of Molluscum contagiosum,575,500,,
1,1,26,Excision of Venereal Warts,575,500,,
1,1,27,Excision of Corns,575,500,,
1,1,28,Intradermal(ID) Injection Keloid (Intralesional Injection),575,500,,Changed procedure name to Intradermal(ID) Injection Keloid (Intralesional Injection)
1,1,29,Chemical Cautery (s),403,350,,
1,1,,Ophthalmology,,,,
1,1,30,Subconjunctival/sub tenon’s injections in one eyes,230,200,,
1,1,31,Subconjunctival/sub tenon’s injections in both eyes,81,70,,
1,1,32,Pterygium surgery,6325,5500,,
1,1,33,Conjunctival peritomy,1150,1000,,
1,1,34,Conjunctival wound repair or exploration following blunt trauma,3795,3300,,
2,1,35,Removal of corneal foreign body,345,300,
2,1,36,Cauterization of ulcer/subconjunctival injection in one eye,173,150,
2,1,37,Cauterization of ulcer/subconjunctival injection in both eyes,86,75,
2,1,38,Corneal grafting - Penetrating keratoplasty,173,150,
2,1,39,Corneal grafting - Lamellar keratoplasty,16100,14000,
2,1,40,Cyanoacrylate /fibrin glue application for corneal perforation,5750,5000,
2,1,41,Bandage contact lenses for corneal perforation,575,500,
2,1,42,Scleral grafting or conjunctival flap for corneal perforation,575,500,
2,1,43,Keratoconus correction with therapeutic contact lenses,3450,3000,
2,1,44,Ultraviolet (UV) radiation for cross-linking for keratoconus,2875,2500,
2,1,45,EDTA for band shaped keratopathy,2300,2000,
2,1,46,Arcuate keratotomy for astigmatism,345,300,
2,1,47,Re-suturing (Primary suturing) of corneal wound,2300,2000,
2,1,48,Penetrating keratoplasty with glaucoma surgery,3450,3000,
2,1,49,Penetrating keratoplasty with vitrectomy,23000,20000,
2,1,50,Penetrating keratoplasty with IOL implantation,23000,20000,
2,1,51,DALK- Deep anterior lamellar keratoplasty,16100,14000,
2,1,52,Keratoprosthesis stage I and II,17250,15000,
2,1,53,DSAEK- Descemet’s stripping automated endothelial keratoplasty,23000,20000,
2,1,54,ALTK- Automated lamellar therapeutic keratoplasty,17250,15000,
2,1,55,Probing and Syringing of lacrimal sac- in one eye,3450,3000,
2,1,56,Probing and Syringing of lacrimal sac- in both eye,1150,1000,
2,1,57,Dacryocystorhinostomy - Plain,2300,2000,
2,1,58,"Dacryocystorhinostomy - Plain with intubation, and/or with lacrimal implants",4600,4000,
2,1,59,Dacryocystorhinostomy - conjunctival with implant,9200,8000,
2,1,60,Canaliculoplasty,6900,6000,
2,1,61,Dacryocystectomy,4025,3500,
2,1,62,Punctal plugs for dry eyes,4600,4000,
2,1,63,Refraction,288,250,
2,1,64,Indirect ophthalmoscopy / Fundoscopy / Retinal evaluation,58,50,Changed procedure name
2,1,65,Orthoptic check up - with synoptophore,92,80,
2,1,66,Lees charting or Hess charting,173,150,
2,1,67,Orthoptic exercises,575,500,
2,1,68,Pleoptic exercises,144,125,
2,1,69,Perimetry (Visual Field Testing) -Goldman,173,150,Changed procedure name to Perimetry (Visual Field Testing) - Goldman
2,1,70,Perimetry /Humphrey Visual Field (HVF) test- Automated,345,300,Changed procedure name to Perimetry /Humphrey Visual Field (HVF) test- Automated
2,1,71,Fluorescein angiography for fundus or iris,863,750,
2,1,72,Ultrasound A Scan Biometry,345,300,Changed procedure name
3,1,73,Ultrasound B Scan,230,200,
3,1,74,Indocyanine green angiography,345,300,
3,1,75,Corneal endothelial cell count with specular microscopy,1725,1500,
3,1,76,Corneal topography,403,350,
3,1,77,Corneal pachymetry,345,300,
3,1,78,Auto refraction,230,200,
3,1,79,Macular function tests,44,38,
3,1,80,Potential acuity metry,173,150,
3,1,81,Laser interferometry,345,300,
3,1,82,Optical Coherence Tomography OCT - Macula,345,300,Changed procedure name
3,1,83,HRT- Heidelberg retinal tomography,1438,1250,
3,1,84,GDx Nerve fibre layer analyzer (OCT ONH),2300,2000,Changed procedure name
3,1,85,UBM - Ultrasound biomicroscopy,2300,2000,
3,1,86,Non Contact tonometry,230,200,
3,1,87,Intra Ocular Pressure (IOP) measurement with schiotz,58,50,Changed procedure name
3,1,88,Intra Ocular Pressure (IOP) measurement with applanation tonometry,35,30,Changed procedure name
3,1,89,Three mirror examination for retina,58,50,
3,1,90,90 D lens examination,115,100,
3,1,91,Gonioscopy,115,100,
3,1,92,Chalazion incision and curettage in one eye,115,100,
3,1,93,Chalazion incision and curettage in both eyes,431,375,
3,1,94,Ptosis surgery with fasanella servat procedure,460,400,
3,1,95,Ptosis surgery with LPS resection one lid,6670,5800,
3,1,96,Ptosis surgery with Sling surgery one lid,6670,5800,
3,1,97,Ectropion surgery- one lid,5750,5000,
3,1,98,Ectropion surgery- both lids,5175,4500,
3,1,99,Epicanthus correction,5750,5000,
3,1,100,Cantholysis and canthotomy,2300,2000,
3,1,101,Entropion surgery- one lid,2300,2000,
3,1,102,Entropion surgery- both lids,4600,4000,
3,1,103,Tarsorrhaphy,2300,2000,
3,1,104,Suturing of lid lacerations,2300,2000,
3,1,105,Lid retraction repair,4600,4000,
3,1,106,Concretions removal,575,500,
3,1,107,Bucket handle procedure for lid tumours,58,50,
3,1,108,Cheek rotation flap for lid tumours,9200,8000,
3,1,109,Orbitotomy,11500,10000,
3,1,110,Enucleation,9200,8000,
3,1,111,Enucleation with orbital implants and artificial prosthesis,5175,4500,
3,1,112,Evisceration,6900,6000,
3,1,113,Evisceration with orbital implants and artificial prosthesis,6900,6000,
3,1,114,Telecanthus correction,9200,8000,
3,1,115,Orbital decompression,9200,8000,
3,1,116,Exenteration,17250,15000,
3,1,117,Exenteration with skin grafting,17250,15000,
3,1,118,Fracture orbital repair,23000,20000,
3,1,119,Retinal laser procedures,2300,2000,
4,1,120,Retinal detachment surgery (RDS),1725,1500,
4,1,121,Retinal detachment surgery with scleral buckling,17250,15000,
4,1,122,Buckle removal,9200,8000,
4,1,123,Silicone oil removal,3450,3000,
4,1,124,Anterior retinal cryopexy,3450,3000,
4,1,125,Squint correction for one eye,3450,3000,
4,1,126,Squint correction for both eyes,7475,6500,
4,1,127,Trabeculectomy,11500,10000,
4,1,128,Trabeculotomy,9200,8000,
4,1,129,Trabeculectomy with Trabeculotomy,6900,6000,
4,1,130,Trephination,16100,14000,
4,1,131,Goniotomy,3450,3000,
4,1,132,Glaucoma surgery with Glaucoma valves,5750,5000,
4,1,133,Cyclocryotherapy,4600,4000,
4,1,134,YAG laser iridotomy,2300,2000,
4,1,135,YAG laser capsulotomy,1725,1500,
4,1,136,ALT-Argon laser trabeculoplasty,1495,1300,
4,1,137,PDT-Photodynamic therapy,2300,2000,
4,1,138,TTT- Transpupillary thermal therapy,17250,15000,
4,1,139,PTK- Phototherapeutic keratectomy,3450,3000,
4,1,140,Argon/diode/green laser for retinal detachment,2300,2000,Changed procedure name
4,1,141,Intralase application for keratoconus,920,800,
4,1,142,EOG- Electrooculogram,920,800,
4,1,143,ERG- Electroretinogram,1079,938,
4,1,144,VEP- visual evoked potential,827,719,
4,1,145,Vitrectomy- pars plana,2300,2000,
4,1,146,Intravitreal injections of antibiotics,3450,3000,
4,1,147,Intravitreal injections of avastin excluding cost of drug,2300,2000,
4,1,148,Intravitreal Injection of drugs (Ranizubamab/ Aflibercept etc) excluding cost of drug,4600,4000,Changed procedure name to Intravitreal Injection of drugs (Ranizubamab/ Aflibercept etc) excluding cost of drug
4,1,149,X Ray orbit,5750,5000,
4,1,150,CT Orbit and brain,1600,1840,
4,1,151,MRI Orbit and brain,2760,2400,
4,1,152,Dacryocystography,3450,3000,
4,1,153,Orbital angiographic studies,1725,1500,
4,1,154,Extracapsular cataract extraction (ECCE) with IOL,5750,5000,
4,1,155,Small Incision Cataract Surgery (SICS) with IOL,5750,5000,
4,1,156,Cataract Extraction - Phaco with foldable IOL (silicone and acrylic)/PMMA IOL,10781,9375,Changed procedure name to Cataract Extraction - Phaco with foldable IOL (silicone and acrylic)/PMMA IOL
4,1,157,Pars plana lensectomy with/without IOL,10350,9000,
4,1,158,Secondary IOL implantation- AC IOL PC IOL or scleral fixated IOL,8050,7000,
4,1,159,Cataract extraction with IOL with capsular tension rings (Cionni ring),8050,7000,
5,1,160,Optic nerve sheathotomy,2875,2500,
5,1,161,Iridodialysis repair or papillary reconstruction,9200,8000,
5,1,162,Iris cyst removal,4600,4000,
5,1,163,Lid Abscess incision and Drainage,920,800,
5,1,164,Orbital Abscess incision and Drainage,575,500,
5,1,165,Biopsy (eye),3450,3000,
5,1,166,Paracentesis (eye),1150,1000,
5,1,167,Scleral graft for scleral melting or perforation,345,300,
5,1,168,Amniotic membrane grafting,1840,1600,
5,1,169,Cyclodiathermy,5750,5000,
5,1,170,Intraocular foreign body removal,5750,5000,
5,1,171,Electrolysis (eye),345,300,
5,1,172,Perforating injury repair (eye),1725,1500,
5,1,173,Botulinum injection for blepharospasm or squint,4025,3500,
5,1,,Dental Procedures,,,
5,1,174,Flap Operation per quadrant,414,360,
5,1,175,Gingivectomy per quadrant,1397,1215,
5,1,176,Reduction & immobilization of fracture-Maxilla Under LA,840,730,
5,1,177,Reduction & immobilization of fracture-Mandible Under LA,6900,6000,
5,1,178,Splints/Circummandibular wiring under LA,6000,5100,
5,1,179,Splints/Circummandibular wiring under GA,23000,20000,
5,1,180,Internal wire fixation/plate fixation of Maxilla under LA,23000,20000,
5,1,181,Internal wire fixation/plate fixation of Maxilla under GA,28750,25000,
5,1,182,Internal wire fixation/plate fixation of Mandible under LA,28750,25000,
5,1,183,Internal wire fixation/plate fixation of Mandible under GA,28750,25000,
5,1,184,Extraction per tooth under LA,173,150,
5,1,185,Complicated Extraction per tooth under LA,173,150,
5,1,186,Extraction of impacted tooth under LA (Surgical Extraction),575,500,Changed procedure name
5,1,187,Extraction in mentally retarded/patients with systemic diseases/patient with special needs under short term GA,1725,1500,
5,1,188,Cyst & tumour of Maxilla/mandible by enucleation/excision/marsupialization upto 4 cms under LA,4600,4000,
5,1,189,Cyst & tumour of Maxilla/mandible by enucleation/excision/marsupialization more than 4 cms under LA,2875,2500,
5,1,190,Cyst & tumour of Maxilla/mandible by enucleation/excision/marsupialization size more than 4 cms under GA,3450,3000,
5,1,191,Temporomandibular(TM) joint ankylosis- under GA,5750,5000,
5,1,192,Biopsy Intraoral-Soft tissue,6900,6000,
5,1,193,Biopsy Intraoral-Bone,430,374,
5,1,194,Hemi mandibulectomy without graft,5693,4950,
5,1,195,Hemi mandibulectomy with graft,20700,18000,
5,1,196,Segmental mandibulectomy without graft,17250,15000,
5,1,197,Segmental mandibulectomy with graft,20700,18000,
6,1,198,Maxillectomy- Total without graft,17250,15000,
6,1,199,Maxillectomy- Total with graft,24725,21500,
6,1,200,Maxillectomy- partial with graft,23000,20000,
6,1,201,Maxillectomy- partial without graft,18400,16000,
6,1,202,Release of fibrous bands & grafting -in (OSMF) treatment under GA,14950,13000,
6,1,203,Pre-prosthetic surgery- Alveoloplasty,,,
6,1,204,Pre-prosthetic surgery - Ridge augmentation,1725,1500,
6,1,205,Root canal Treatment(RCT) Anterior teeth(per tooth),,,
6,1,206,Root canal Treatment(RCT) Posterior teeth(per tooth),1035,900,
6,1,207,Apicoectomy- Single root,1495,1300,
6,1,208,Apicoectomy- Multiple roots,920,800,
6,1,209,Metal Crown/Cap-per unit,1380,1200,Changed procedure name
6,1,210,Metal Crown/Cap with Acrylic facing per unit,1035,900,Changed procedure name
6,1,211,Complete single denture-metal based,345,300,
6,1,212,Complete denture- acrylic based per arch,14950,13000,Verified correct
6,1,213,Removable partial denture-Metal based-upto 3 teeth,6900,6000,
6,1,214,Removable partial denture-Metal based-more than 3 teeth,6900,6000,
6,1,215,Removable partial denture-Acrylic based-upto 3 teeth,6900,6000,
6,1,216,Removable partial denture-Acrylic based-more than 3 teeth,6900,6000,
6,1,217,Amalgam restoration-per tooth,690,600,
6,1,218,Composite Restoration-per tooth-anterior tooth,288,250,
6,1,219,Glass Ionomer Restoration(GIC Filling)-per tooth,518,450,Changed procedure name to Glass Ionomer Restoration(GIC Filling)-per tooth
6,1,220,Scaling & polishing,288,250,
6,1,221,Removable Orthodontics appliance- per Arch,518,450,
6,1,222,Fixed Orthodontics-per Arch,1840,1600,
6,1,223,Space maintainers-Fixed,13800,12000,
6,1,224,Habit breaking appliances-removable,1150,1000,
6,1,225,Habit breaking appliances-Fixed,4025,3500,
6,1,226,Expansion plate,7475,6500,
6,1,227,Feeding appliance for cleft palate,3450,3000,
6,1,228,Maxillofacial prosthesis (nasal/auricular/orbital/facial lost part),4025,3500,
6,1,229,Functional orthodontic appliances,,,
6,1,230,Obturator (Maxillofacial),4025,3500,
6,1,231,Occlusal night guard(splint),3450,3000,
6,1,,"ENT, Head and Neck",,,
6,1,,ENT,,,
6,1,232,Pure Tone Audiogram/Audiometry (PTA),230,200,Changed procedure name to Pure Tone Audiogram/Audiometr y (PTA)
7,1,233,Impedance with stapedial reflex (Audiometry),403,350,Changed procedure name to Impedance with stapedial reflex (Audiometry)
7,1,234,Short Increment Sensitivity Index (SISI) Tone Decay,403,350,
7,1,235,Multiple hearing assessment test to Adults,403,350,
7,1,236,Speech Discrimination Score,604,525,
7,1,237,Speech Assessment,138,120,
7,1,238,Speech therapy per session of 30-40 minutes,230,200,
7,1,239,Cold Calorie Test for Vestibular function,138,120,
7,1,240,Removal of foreign body From Nose,230,200,
7,1,241,Removal of foreign body From Ear,460,400,
7,1,242,Syringing (Ear),460,400,
7,1,243,Polyp removal under LA,230,200,
7,1,244,Polyp removal under GA,978,850,
7,1,245,Peritonsillar abscess drainage under LA,2070,1800,
7,1,246,Myringoplasty,1380,1200,
7,1,247,Stapedectomy,4025,3500,
7,1,248,Myringotomy with Grommet insertion,11615,10100,
7,1,249,Tympanotomy,4600,4000,
7,1,250,Tympanoplasty,11500,10000,
7,1,251,Mastoidectomy,17250,15000,
7,1,252,Otoplasty,19550,17000,
7,1,253,Labyrinthectomy,20125,17500,
7,1,254,Skull Base surgery,17250,15000,
7,1,255,Facial Nerve Decompression,33350,29000,
7,1,256,Septoplasty,25300,22000,
7,1,257,Submucous Resection,11500,10000,
7,1,258,Septorhinoplasty,8625,7500,
7,1,259,Rhinoplasty- Non-cosmetic,20125,17500,
7,1,260,Fracture Reduction of Nasal Bone,19550,17000,
7,1,261,Intranasal Diathermy,8050,7000,
7,1,262,Turbinectomy,2875,2500,
7,1,263,Endoscopic Dacryocystorhinostomy (DCR),7475,6500,
7,1,264,Endoscopic Surgery ENT,15525,13500,
7,1,265,Septal Perforation Repair,16100,14000,
7,1,266,Antrum Puncture,16100,14000,
7,1,267,Lateral Rhinotomy,1150,1000,
7,1,268,Craniofacial resection,1725,1500,
7,1,269,Caldwell Luc Surgery (Radical Antrostomy for maxillary sinus),35650,31000,
7,1,270,Angiofibroma Excision,12650,11000,
7,1,271,Endoscopic Hypophysectomy,24725,21500,
7,1,272,Endoscopic Optic Nerve Decompression,40250,35000,
7,1,273,Decompression of Orbit,40250,35000,
7,1,274,Punch/Wedge biopsy,32200,28000,
7,1,275,Tonsillectomy,5750,5000,
7,1,276,Uvulopalatoplasty,13800,12000,
7,1,277,Functional Endoscopic Sinus Surgery (FESS) for Antrochoanal polyp,28750,25000,
7,1,278,Functional Endoscopic Sinus Surgery (FESS) for ethmoidal polyp,25300,22000,
7,1,279,Polyp removal ear,28750,25000,
8,1,280,Polyp removal Nose (Septal polyp),13800,12000,
8,1,281,Mastoidectomy plus Ossiculoplasty including TORP (Total Ossicular Replacement Prosthesis) or PORP (Partial Ossicular Replacement Prosthesis),13800,12000,
8,1,282,Endolymphatic sac decompression,46000,40000,
8,1,283,Diagnostic endoscopy under GA - ENT,34500,30000,Changed procedure name
8,1,284,Young's operation for Atrophic rhinitis,13225,11500,
8,1,285,Vidian neurectomy for vasomotor Rhinitis,17250,15000,
8,1,286,Nasal Packing- Anterior,23000,20000,
8,1,287,Nasal Packing- Posterior,3450,3000,
8,1,288,Ranula Excision,5750,5000,
8,1,289,Tongue Tie excision,9775,8500,
8,1,290,Submandibular Duct Lithotomy,3450,3000,
8,1,291,Adenoidectomy,6900,6000,
8,1,292,Palatopharyngoplasty,8050,7000,
8,1,293,Cleft Palate repair,at S. No. 1028,at S. No. 1028,
8,1,294,Pharyngoplasty,20700,18000,
8,1,295,Styloidectomy,20700,18000,
8,1,296,Direct laryngoscopy including Biopsy under GA,15525,13500,
8,1,297,Oesophagoscopy with foreign body removal from Oesophagus,17250,15000,
8,1,298,Bronchoscopy with foreign body (FB) removal,23000,20000,
8,1,,Head and Neck,,,
8,1,299,Ear Lobe Repair one side,566,492,
8,1,300,Excision of Pinna for Growth (Squamous/Basal/ Injuries) Skin Only,690,600,
8,1,301,Excision of Pinna for Growth (Squamous/Basal/ Injuries) Skin and Cartilage,4370,3800,
8,1,302,Partial Amputation of Pinna,5175,4500,
8,1,303,Total Amputation of Pinna,7130,6200,
8,1,304,Total Amputation & Excision of External Auditory Meatus,9200,8000,
8,1,305,Excision of Cystic Hygroma,12075,10500,
8,1,306,Excision of Cystic Hygroma Extensive,8625,7500,
8,1,307,Excision of Branchial Cyst,14375,12500,
8,1,308,Excision of Branchial Sinus,11615,10100,
8,1,309,Excision of Pharyngeal Diverticulum,10465,9100,
8,1,310,Excision of Carotid Body-Tumours,11615,10100,
8,1,311,Operation for Cervical Rib,23926,20805,
8,1,312,Block Dissection of Cervical Lymph Nodes,17653,15350,
8,1,313,Pharyngectomy & Reconstruction,23230,20200,
8,1,314,Operation for Carcinoma Lip - Wedge Excision,36007,31310,
8,1,315,Operation for Carcinoma Lip - Vermilionectomy,9758,8485,
8,1,316,Operation for Carcinoma Lip - Wedge Excision and Vermilionectomy,9292,8080,
8,1,317,Estlander Operation (Estlander flap in plastic surgery of lips),10465,9100,
8,1,318,Abbe Operation(Abbe flap in plastic surgery of lips),9200,8000,
8,1,319,Cheek Advancement,10465,9100,
8,1,320,Excision of the Maxilla,11615,10100,
8,1,321,Excision of mandible-segmental,22304,19395,
8,1,322,Mandibulectomy,20125,17500,
8,1,323,Partial Glossectomy,22425,19500,
9,1,324,Hemiglossectomy,6900,6000,
9,1,325,Total Glossectomy,13938,12120,
9,1,326,Combined Mandibulectomy and Neck Dissection Operation (Commando Operation),26019,22625,
9,1,327,Parotidectomy - Superficial,29900,26000,
9,1,328,Parotidectomy - Total,23000,20000,
9,1,329,Parotidectomy - Radical,29900,26000,
9,1,330,Repair of Parotid Duct,29900,26000,
9,1,331,Removal of Submandibular Salivary gland,21850,19000,
9,1,332,Hemithyroidectomy,10925,9500,
9,1,333,Partial Thyroidectomy (lobectomy),17250,15000,
9,1,334,Subtotal Thyroidectomy,16100,14000,
9,1,335,Total Thyroidectomy,21850,19000,
9,1,336,Resection Enucleation of thyroid Adenoma,27600,24000,
9,1,337,Total Thyroidectomy and Block Dissection,12777,11110,
9,1,338,Excision of Lingual Thyroid,36800,32000,
9,1,339,Excision of Thyroglossal Cyst/Fistula,26019,22625,
9,1,340,Excision of Parathyroid Adenoma/Carcinoma,11615,10100,
9,1,341,Laryngectomy,25553,22220,
9,1,342,Laryngopharyngectomy,32200,28000,
9,1,343,Hyoid Suspension,42976,37370,
9,1,344,Genioplasty,13800,12000,
9,1,345,Direct Laryngoscopy including biopsy under GA (Approved CGHS package rate as per Mumbai code 296),at S. No. 296,at S. No. 296,
9,1,346,Phonosurgery,7475,6500,
9,1,347,Fibreoptic examination of Larynx(FOL) under LA,19550,17000,
9,1,348,Microlaryngeal Surgery,11500,10000,
9,1,349,Laryngofissure,13800,12000,
9,1,350,Tracheal Stenosis Excision,24150,21000,
9,1,,Head and Neck cancer,,,
9,1,351,Excisional Biopsies (Head and Neck),11270,9800,Changed procedure name to Excisional Biopsies (Head and Neck)
9,1,352,Benign Tumour Excisions (Head and Neck),4313,3750,Changed procedure name to Benign Tumour Excisions (Head and Neck)
9,1,353,Temporal Bone subtotal resection,13800,12000,
9,1,354,Modified Radical Neck Dissection,28750,25000,
9,1,355,Carotid Body Excision,28750,25000,
9,1,356,Total Laryngectomy,46000,40000,
9,1,357,Flap Reconstructive Surgery (Head and Neck),25300,22000,Changed procedure name to Flap Reconstructive Surgery (Head and Neck)
9,1,358,Parapharyngeal Tumour Excision,23000,20000,
9,1,359,Breast,,,
9,1,360,Drainage of abscess (Breast),20125,17500,Changed procedure name to Drainage of abscess (Breast)
10,1,361,Excision of lumps (Breast),6969,6060,Changed procedure name to Excision of lumps (Breast)
10,1,362,Local mastectomy-simple,10465,9100,
10,1,363,Radical mastectomy-formal or modified,17825,15500,
10,1,364,Excision of mammary fistula,29038,25250,
10,1,365,Segmental resection of breast,17423,15150,
10,1,,General surgery,,,
10,1,,Injury of Superficial Soft Tissues,,,
10,1,366,Suturing of small wounds,1250,1060,
10,1,367,Secondary suture of wounds,4000,3400,
10,1,368,Debridement of wounds,1500,1275,
10,1,369,Removal of foreign bodies,1500,1275,
10,1,,Biopsies,,,
10,1,370,Excision of Cervical Lymph Node,3100,2635,
10,1,371,Excision of Axillary Lymph Node,7900,6715,
10,1,372,Excision of Inguinal Lymph Node,3000,2550,
10,1,373,Excision Biopsy of Ulcers,2933,2550,
10,1,374,Excision Biopsy of Superficial Lumps,4370,3800,
10,1,375,Incision Biopsy of Growths/Ulcer,4428,3850,
10,1,376,Trucut Needle Biopsy,3500,2975,
10,1,377,Percutaneous Kidney Biopsy,2530,2200,
10,1,378,Marrow Biopsy (Open),2703,2350,
10,1,379,Muscle Biopsy,Listed under Investigations,Listed under Investigations,
10,1,380,Scalene Node Biopsy,2645,2300,
10,1,381,Excision of Sebaceous Cysts,2875,2500,
10,1,382,Excision of Superficial Lipoma,2070,1800,
10,1,383,Excision of Superficial Neurofibroma,2875,2500,
10,1,384,Excision of Dermoid Cysts,3450,3000,
10,1,385,Haemorrhoidectomy,30000,25500,
10,1,386,Stapler haemorrhoidectomy,43700,37145,
10,1,387,Keloid excision,19550,17000,
10,1,388,Varicose vein surgery-Trendelenburg operation with suturing or ligation,23000,19550,
10,1,,Oesophagus,,,
10,1,389,Atresia of Oesophagus and Tracheoesophageal Fistula,25300,22000,
10,1,390,Operations for Replacement of Oesophagus by Colon,29273,25455,
10,1,391,Oesophagectomy for Carcinoma Oesophagus,35075,30500,
10,1,392,Oesophagectomy for Carcinoma Oesophagus,35075,30500,
10,1,393,Achalasia Cardia Transthoracic,14870,12930,
10,1,394,Achalasia Cardia Abdominal,17250,15000,
10,1,395,Oesophago Gastrectomy for mid 1/3 lesion,14640,12730,
10,1,396,Heller’s Operation,34500,30000,
10,1,397,Colon-Interposition or Replacement of Oesophagus,27600,24000,
10,1,398,Oesophago Gastrectomy - Lower Orringer procedure,12650,11000,
10,1,,Abdomen,,,
10,1,399,Gastroscopy,2243,1950,
11,1,400,Gastric & Duodenal Biopsy (Endoscopy and biopsy combined),2530,2200,Changed procedure name to Gastric & Duodenal Biopsy (Endoscopy and biopsy combined)
11,1,401,Pyloromyotomy,3163,2750,
11,1,402,Gastrostomy,12075,10500,
11,1,403,Simple Closure of Perforated peptic Ulcer,12650,11000,
11,1,404,Vagotomy Pyloroplasty / Gastro Jejunostomy,14950,13000,
11,1,405,Duodenojejunostomy,17825,15500,
11,1,406,Partial/Subtotal Gastrectomy for Carcinoma,26450,23000,
11,1,407,Partial/Subtotal Gastrectomy for Ulcer,29900,26000,
11,1,408,Operation for Bleeding Peptic Ulcer,29900,26000,
11,1,409,Gastrojejunostomy & Vagotomy,26450,23000,
11,1,410,Operation for Gastrojejunal Ulcer,26450,23000,
11,1,411,Total Gastrectomy for Cancer,26450,23000,
11,1,412,Highly Selective Vagotomy,27600,24000,
11,1,413,Selective Vagotomy & Drainage,26450,23000,
11,1,414,Congenital Diaphragmatic Hernia,40000,34000,
11,1,415,Hiatus Hernia Repair- Abdominal,33000,28050,
11,1,416,Hiatus Hernia Repair- Transthoracic,33000,28050,
11,1,417,Exploratory Laparotomy,25000,21250,
11,1,418,Epigastric Hernia Repair,25000,21250,
11,1,419,Umbilical Hernia Repair,16100,14000,
11,1,420,Ventral/Incisional Hernia Repair,16100,14000,
11,1,421,Inguinal Hernia - Herniorrhaphy,26000,22100,
11,1,422,Inguinal Hernia - Hernioplasty,33200,27200,
11,1,423,Femoral Hernia Repair,32000,27200,
11,1,424,"Rare Hernias Repair (Spigelian, Obturator, Lumbar, Sciatic)",18975,16500,
11,1,425,Splenectomy - For Trauma,22425,19500,
11,1,426,Splenectomy - For Hypersplenism,27600,24000,
11,1,427,Splenorenal Anastomosis,27600,24000,
11,1,428,Portocaval Anastomosis,32200,28000,
11,1,429,Direct Operation on Oesophagus for Portal Hypertension,37375,32500,
11,1,430,Mesentericocaval Anastomosis,33350,29000,
11,1,431,Warren Shunt(Distal Splenorenal Shunt),41400,36000,
11,1,432,Pancreaticoduodenectomy(Whipple's procedure),41400,36000,
11,1,433,Bypass Procedure for Inoperable Carcinoma of Pancreas,41400,36000,
11,1,434,Cystojejunostomy or Cystogastrostomy,29900,26000,
11,1,435,Cholecystectomy,24000,20400,
11,1,436,Cholecystectomy & Exploration of Common Bile Duct (CBD),33000,28050,
11,1,437,Repair of Common Bile Duct (CBD),25300,22000,
11,1,438,Operation for Hydatid Cyst of Liver,27000,22950,
11,1,439,Cholecystostomy,25300,22000,
11,1,440,Hepatic Resections (Lobectomy /Hepatectomy),33000,28050,
11,1,441,Operation on Adrenal Glands - Bilateral,27600,24000,
11,1,442,Operation on Adrenal Glands - Unilateral for Tumour,31625,27500,
11,1,443,Appendicectomy,19000,16150,
11,1,444,Appendicular Abscess – Drainage,21275,18500,
11,1,445,Mesenteric Cyst- Excision,14375,12500,
12,1,446,Peritonioscopy/Laparoscopy,15813,13750,,
12,1,447,Jejunostomy,6900,6000,,
12,1,448,Ileostomy,18400,16000,,
12,1,449,Resection & Anastomosis of Small Intestine,27025,23500,,
12,1,450,Duodenal Diverticulum,27025,23500,,
12,1,451,Operation for Intestinal Obstruction,27025,23500,,
12,1,452,Operation for Intestinal perforation,27600,24000,,
12,1,453,Benign Tumour of Small Intestine,27600,24000,,
12,1,454,Excision of Small Intestine Fistula,45000,38250,,
12,1,455,Operations for Haemorrhage of Small Intestines,25875,22500,,
12,1,456,Operations of the Duplication of the Intestines,41000,34850,,
12,1,457,Operations for Recurrent Intestinal Obstruction (Noble Plication & Other Operations for Adhesions),32200,28000,,
12,1,458,Ileosigmoidostomy,32200,28000,,
12,1,459,Ileotransverse Colostomy,27025,23500,,
12,1,460,Caecostomy,27025,23500,,
12,1,461,Loop Colostomy Transverse Sigmoid,5750,5000,,
12,1,462,Terminal Colostomy,30000,25500,,
12,1,463,Closure of Colostomy,30000,25500,,
12,1,464,Right Hemicolectomy,32000,27200,,
12,1,465,Left Hemicolectomy,32000,27200,,
12,1,466,Total Colectomy,40000,34000,,
12,1,467,Operations for Volvulus of Large Bowel,27025,23500,,
12,1,468,Operations for Sigmoid Diverticulitis,31625,27500,,
12,1,469,Fissure in Ano with internal sphinctrectomy with fissurectomy,32000,27200,,
12,1,470,Fissure in Ano - Fissurectomy,29000,24650,,
12,1,471,Rectal Polyp-Excision,13700,11645,,
12,1,472,Operation of Haemorrhoids - Lords procedure,7475,6500,,
12,1,473,Fistula in Ano - High Fistulectomy,35000,29750,,
12,1,474,Fistula in Ano - Low Fistulectomy,23000,19550,,
12,1,475,Prolapse Rectum - Thiersch Wiring,13800,12000,,
12,1,476,Prolapse Rectum - Rectopexy,14000,11900,,
12,1,477,Prolapse Rectum - Grahams Operation,deleted,deleted,,
12,1,478,Operations for Hirschsprung Disease,27600,24000,,
12,1,479,Excision of Pilonidal Sinus,22000,18700,,
12,1,480,Abdominoperineal Excision of Rectum,17250,15000,,
12,1,481,Anterior Resection of Rectum,29900,26000,,
12,1,482,Pull Through Abdominal Resection,29900,26000,,
12,1,483,Operations for Neuroblastoma,27600,24000,,
12,1,,ICU/CCU procedures (Special Care Cases),,,,
12,1,484,Coronary Care/ICU/CCU with Cardiac Monitoring including ECG & Diet,3715,3230,4370,Changed procedure name to Coronary Care/ICU/CCU with Cardiac Monitoring including ECG & Diet
12,1,485,Compressed air / piped oxygen (per hour),58,50,,
12,1,486,Ventilator charges (per day),115,100,265,
12,1,487,Paediatric care for newborn (per day),1380,1200,1795,
12,1,488,Incubator charges (per day),1380,1200,1200,
12,1,489,Neonatal ICU charges (per day),575,500,1795,
12,1,490,Resuscitation,978,850,880,
12,1,491,Exchange Transfusion,288,250,880,
13,1,492,Pneupac ventilator in Nursery (per day),345,300,1200,
13,1,,Cardiovascular and cardiac surgery & investigations,,,,
13,1,493,Atrial Septal Defect (ASD) closure,84065,98900,196650,
13,1,494,Ventricular septal defect (VSD) with graft,93415,109900,161000,
13,1,495,TOF/TAPVC/TCPC/REV/RSOV repair,155250,135000,155250,
13,1,496,BD Glenn/Left atrium myxoma,155250,135000,155250,
13,1,497,Senning/Arterial Switch Operation (ASO) with graft,57500,50000,57500,
13,1,498,Double Switch Operation (DSO),86250,75000,86250,
13,1,499,Atrioventricular(AV) canal repair,57500,50000,57500,
13,1,500,Fontan procedure,86250,75000,86250,
13,1,501,Conduit repair,155250,135000,155250,
13,1,502,Coronary Artery Bypass Graft surgery (CABG),166750,145000,166750,
13,1,503,Coronary Artery Bypass Graft surgery (CABG) + Intra Aortic Balloon Pump (IABP),184000,160000,184000,Changed procedure name to Coronary Artery Bypass Graft surgery (CABG) + Intra Aortic Balloon Pump (IABP)
13,1,504,Coronary Artery Bypass Graft surgery (CABG) + Valve,184000,160000,184000,Changed procedure name to Coronary Artery Bypass Graft surgery (CABG) + Valve
13,1,505,Ascending aorta replacement,184000,160000,184000,
13,1,506,Double Valve Replacement (DVR),178735,155422,,
13,1,507,Mitral valve Replacement(MVR)/ Aortic valve Replacement(AVR),184000,160000,184000,
13,1,508,Mitral Valve repair + Aortic Valve repair,161000,140000,161000,
13,1,509,Aortofemoral bypass,95450,95450,95450,
13,1,510,Blalock-Taussig shunt (BT Shunt) / Coarctation,70150,61000,70150,
13,1,511,Pulmonary Artery Banding (PA Banding) Septostomy,69000,60000,69000,
13,1,512,Pericardiectomy,13800,12000,13800,
13,1,513,Congenital cytomegalovirus (CMV)/ patent ductus arteriosus (PDA),55000,46750,57500,
13,1,514,Coronary Artery Bypass Graft surgery (CABG) without bypass,57500,50000,57500,Changed procedure name to Coronary Artery Bypass Graft surgery (CABG) without bypass
13,1,515,Gunshot injury,86250,75000,86250,
13,1,516,Heart transplant,69000,60000,69000,
13,1,517,Balloon coronary angioplasty/PTCA with VCD,78200,92000,127650,Changed procedure name
13,1,518,Intra coronary stenting,57500,50000,57500,
13,1,519,Direct stenting,115000,100000,115000,
13,1,520,Directional atherectomy,103500,90000,103500,
13,1,521,Rotablation,47775,56206,46000,
13,1,522,Percutaneous transvenous mitral commissurotomy (PTMC)/percutaneous mitral balloon valvotomy,77000,90700,46000,
13,1,523,CART,18400,18400,18400,
13,1,524,Cardiac Catheterization (CATH),11510,13545,13800,
13,1,525,Coarctation dilatation,60860,71600,17250,
14,1,526,Permanent pacemaker implantation-VVI (Single Chamber),27200,32000,28750,
14,1,527,Permanent pacemaker implantation- DDD (Dual Chamber),36550,43000,69000,
14,1,528,Permanent pacemaker implantation- Biventricular,42180,49625,74750,
14,1,529,Automatic Implantable Cardioverter Defibrillator (AICD) implantation,42500,50000,103500,
14,1,530,Combo device implantation,50150,59000,132250,
14,1,531,Electrophysiological studies,56100,66000,21505,
14,1,532,Endomyocardial biopsy,46000,40000,46000,DELETED
14,1,533,Intra Aortic Balloon Pump (IABP),42500,50000,28750,
14,1,534,Intravascular coils - one coil (additional coil charges extra),63750,75000,57500,
14,1,535,Radiofrequency - RF ablation,81600,96000,80500,
14,1,536,Septostomy,25500,30000,57500,
14,1,537,Aortic valve balloon dilatation (AVBD) / pulmonary valve balloon dilatation (PVBD),47940,56400,46000,
14,1,538,Digital subtraction angiography(DSA) - Peripheral artery,12400,14610,15738,
14,1,539,Digital subtraction angiography(DSA) - Venogram,12400,14610,at S. No 540,
14,1,540,Venous Digital subtraction angiography(DSA),11500,10000,11500,Not included in superspecialty package master
14,1,541,CT Guided biopsy,11500,10000,11500,
14,1,542,Sinogram,3450,3000,3450,
14,1,543,Cine - Barium,3450,3000,3450,
14,1,544,CT guided PTA,5175,4500,5175,
14,1,545,Digital subtraction angiography(DSA) + PTA,8050,7000,8050,
14,1,546,Embolisation,6900,6000,6900,
14,1,547,Intravascular Ultrasound (IVUS),50000,50000,9200,
14,1,548,Vascular stent,17250,15000,17250,
14,1,549,Aortic stent graft for aortic aneurysm,57500,50000,57500,
14,1,550,Inferior Vena Cava (IVC) Filter Impantation,25500,30000,47610,Changed procedure name
14,1,551,ASD/VSD/PDA closure device,57500,50000,57500,DELETED
14,1,552,Electrocardiogram (ECG),175,150,,
14,1,553,Treadmill Test (TMT),Listed under Investigations,Listed under Investigations,,
14,1,554,Echocardiography/Holter analysis,2125,2500,920,
14,1,555,2D Transesophageal Echocardiography (TEE),1455,1265,1455,
14,1,556,Stress Echo - Exercise,2400,2040,1455,Not included in superspecialty package master
14,1,557,Stress Echo - Dobutamine,1455,1265,1455,
14,1,558,Stress Thallium - Exercise,2300,2000,2300,
14,1,559,Stress Thallium - Pharmacological,2875,2500,2875,
14,1,560,Coronary angiography (CAG),13225,11240,8625,
14,1,561,CT coronary angiography,10120,8800,10120,
14,1,562,Cardiac CT scan,10120,8800,10120,
14,1,563,Cardiac MRI,8000,6800,3450,
14,1,564,MR Angiography,6900,6000,6900,
14,1,,Obstetrics and Gynaecology,,,,
14,1,565,Normal delivery with or without Episiotomy & Perineal repair,8625,7500,,
14,1,566,Vacuum delivery,12075,10500,,
15,1,567,Low Forceps delivery,16100,14000,
15,1,568,Low Mid Cavity forceps delivery,13225,11500,
15,1,569,Caesarean Section(LSCS),13225,11500,Updated procedure name
15,1,570,Caesarean Hysterectomy,26450,23000,
15,1,571,"Rupture Uterus, closure & repair with Tubal Ligation",26450,23000,
15,1,572,Perforation of Uterus after D/E Laparotomy & Closure,26450,23000,
15,1,573,Laparotomy for Ectopic Rupture,20700,18000,
15,1,574,Laparotomy-peritoneal Lavage and Drainage,20700,18000,
15,1,575,Laparotomy-failed laparoscopy to explore,15525,13500,
15,1,576,Salpingectomy,8050,7000,
15,1,577,Salpingo-Oophorectomy,14950,13000,
15,1,578,Ovarian Cystectomy- laparoscopic,18975,16500,
15,1,579,Ovarian Cystectomy- laparotomy,18975,16500,
15,1,580,Oophorectomy-laparoscopic,17825,15500,
15,1,581,Oophorectomy-laparotomy,28750,25000,
15,1,582,Broad Ligament Haematoma Drainage,31625,27500,
15,1,583,Exploration of perineal Haematoma & Resuturing of Episiotomy,9775,8500,
15,1,584,Exploration of abdominal Haematoma (after laparotomy + LSCS),13800,12000,
15,1,585,Internal podalic version and breech extraction,2553,2220,
15,1,586,Manual Removal of Placenta,6325,5500,
15,1,587,"3rd stage complication from extra institutional delivery, etc",4600,4000,
15,1,588,Examination under anaesthesia (EUA),6325,5500,
15,1,589,Burst abdomen Repair,2875,2500,
15,1,590,Gaping Perineal Wound Secondary Suturing,15525,13500,
15,1,591,Gaping abdominal wound Secondary Suturing,2300,2000,
15,1,592,Complete perineal tear-repair,4600,4000,
15,1,593,Exploration of PPH-tear repair,4600,4000,
15,1,594,Destructive Operation,5980,5200,
15,1,595,"Suction evacuation vesicular mole, Missed abortion Dilatation and Evacuation (D & E)",14375,12500,
15,1,596,Colpotomy - drainage P/V needing EUA,8050,7000,
15,1,597,Repair of post coital tear/perineal injury,5750,5000,
15,1,598,Excision of urethral caruncle,5463,4750,
15,1,599,Shirodkar/ McDonalds stitch,5175,4500,
15,1,600,Abdominal Hysterectomy,2300,2000,
15,1,601,Vaginal Hysterectomy,3450,3000,
15,1,602,Myomectomy - laparotomy,23575,20500,
15,1,603,Myomectomy - laparoscopic,20125,17500,
15,1,604,Vaginoplasty,23000,20000,
15,1,605,Laparotomy for Ectopic Pregnancy,23000,20000,
15,1,606,Vulvectomy - Simple,20700,18000,
15,1,607,Vulvectomy- Radical,29325,25500,
15,1,608,Rectovaginal Fistula (RVF) Repair,21821,18975,
15,1,609,Manchester Operation,29325,25500,
15,1,610,Perineorrhaphy,20700,18000,
15,1,611,Colporrhaphy with mesh,20700,18000,
15,1,612,Colporrhaphy without mesh,25300,22000,
15,1,613,Enterocoele(Vaginal Prolapse) repair,20700,18000,
16,1,614,Shirodkar sling Operation or other sling operations for prolapse uterus,14950,13000
16,1,615,Laparoscopic sling operations for prolapse uterus,23000,20000
16,1,616,Diagnostic Curettage,34500,30000
16,1,617,Fractional Curettage,4600,4000
16,1,618,Dilatation and Curettage (D & C) and Cervical Biopsy,5175,4500
16,1,619,Polypectomy (Gynaecology),5750,5000
16,1,620,Other-Minor Operation Endometrial,2875,2500
16,1,621,Excision Vaginal Cyst/Bartholin's Cyst,5750,5000
16,1,622,Excision Vaginal Septum,5750,5000
16,1,623,Laparoscopy -Diagnostic with chromopertubation and or adhesiolysis and drilling,5750,5000
16,1,624,Laparoscopic Sterilization,8050,7000
16,1,625,Laparoscopy Operative,8625,7500
16,1,626,Laparoscopically Assisted Vaginal Hysterectomy (LAVH),23000,20000
16,1,627,Total laparoscopic hysterectomy,39675,34500
16,1,628,Drilling of Ovary,34500,30000
16,1,629,Laparoscopic treatment of Ectopic pregnancy- salpingectomy/salpingostomy conservative,21850,19000
16,1,630,Laparotomy treatment of Ectopic pregnancy,at S. No. 605,at S. No. 605
16,1,631,Conization of cervix,43700,38000
16,1,632,Trachelorrhaphy of cervix for early CA cervix,30475,26500
16,1,633,Hysteroscopic cannulation,29900,26000
16,1,634,Laparotomy recanalization of Fallopian tubes- (Tubuloplasty),17250,15000
16,1,635,Laparoscopic recanalization of Fallopian tubes- (Tubuloplasty),34500,30000
16,1,636,Colposcopy,34500,30000
16,1,637,LEETZ (Large Loop Excision of Transformation Zone),9200,8000
16,1,638,Loop Electrosurgical procedures,28750,25000
16,1,639,Chorionic villus sampling (CVS),34500,30000
16,1,640,Interventional Ultrasonography,17250,15000
16,1,641,Amniocentesis,4600,4000
16,1,642,Karyotyping,Listed under Investigations,Listed under Investigations
16,1,643,Hysteroscopic endometrial ablation,,
16,1,644,Thermal balloon ablation,17250,15000
16,1,645,Ultrasonographic myolysis,28750,25000
16,1,646,Laparoscopic cystectomy,11500,10000
16,1,647,Intrauterine Insemination (IUI),34500,30000
16,1,648,Intracytoplasmic sperm injection (ICSI),,
16,1,649,Antiretroviral Therapy,5750,5000
16,1,650,Laparotomy abdominal sacrocolpopexy,11500,10000
16,1,651,Laparotomy Vault suspension,34500,30000
16,1,652,Laparoscopic abdominal sacrocolpopexy,34500,30000
16,1,653,Laparoscopic Vault suspension,34500,30000
16,1,654,Laparotomy radical lymphadenectomy,34500,30000
16,1,655,Laparoscopic radical lymphadenectomy,34500,30000
16,1,656,Pap smear,Listed under Investigations,Listed under Investigations
16,1,657,Endometrial aspiration cytology,633,550
17,1,658,USG Transvaginal sonography (TVS for Follicular monitioring/aspiration),11500,10000,Changed procedure name
17,1,659,Laparoscopic treatment for stress incontinence,690,600,
17,1,660,Transvaginal tapes for Stress incontinence,34500,30000,
17,1,661,Transobturator tapes for Stress incontinence,17250,15000,
17,1,662,Interventional radiographic arterial embolization,17250,15000,
17,1,663,Diagnostic cystoscopy,at S. No. 717,at S. No. 717,
17,1,664,Staging laparotomy surgery for Carcinoma Ovary,5750,5000,
17,1,665,Internal Iliac ligation,48300,42000,
17,1,666,Stepwise devascularisation,35650,31000,
17,1,667,Assisted breech delivery,23000,20000,
17,1,668,Cordocentesis,21275,18500,
17,1,669,Intrauterine fetal blood transfusion,11500,10000,
17,1,670,Hysteroscopy Transcervical Resection of Endometrium (TCRE),,,
17,1,671,Hysteroscopy Removal of Intrauterine Contraceptive Device (IUCD),20700,18000,
17,1,672,Hysteroscopy Removal of Septum,11500,10000,
17,1,673,Hysteroscopy Diagnostic,15525,13500,
17,1,674,Wertheim Hysterectomy for Cancer cervix,12075,10500,
17,1,675,Sterilization Post partum (minilap),37950,33000,
17,1,676,Sterilization interval (minilap),6900,6000,
17,1,677,Abortion - Dilatation and Curettage (D & C),6900,6000,
17,1,678,Abortion - Dilatation and Evacuation (D & E),7475,6500,
17,1,679,Medical Termination of Pregnancy (MTP)- 1st Trimester,7475,6500,
17,1,680,Medical Termination of Pregnancy (MTP) - 2nd Trimester,5175,4500,
17,1,681,Triple test,8625,7500,
17,1,682,Quadruple test,2530,2200,
17,1,683,Biophysical score,690,600,
17,1,684,Fetal nuchal translucency,345,300,
17,1,685,HPV (Human Papillomavirus) testing,575,500,
17,1,686,Beta HCG,460,400,Not included in package master
17,1,,Nephrology and Urology,,,
17,1,687,Partial Nephrectomy - open,27025,23500,
17,1,688,Partial Nephrectomy-laparoscopic/endoscopic,27025,23500,
17,1,689,Nephrolithotomy -open,32200,28000,
17,1,690,Nephrolithotomy -laparoscopic/endoscopic,27025,23500,
17,1,691,Pyelolithotomy-open,32200,28000,
17,1,692,Pyelolithotomy -laparoscopic/endoscopic,at S.No.1283,at S.No.1283,
17,1,693,Operations for Hydronephrosis -pyeloplasty open,28750,25000,
17,1,694,Operations for Hydronephrosis -pyeloplasty laparoscopic/endoscopic,25300,22000,
17,1,695,Operations for Hydronephrosis Endopyelotomy antegrade,33350,29000,
17,1,696,Operations for Hydronephrosis Endopyelotomy retrograde,33350,29000,
17,1,697,Operations for Hydronephrosis - ureterocalicostomy,37950,33000,
17,1,698,Operations for Hydronephrosis-Ileal ureter,37950,33000,
17,1,699,Open Drainage of Perinephric Abscess,37950,33000,
17,1,700,Percutaneous Drainage of Perinephric Abscess - Ultrasound guided,14950,13000,
18,1,701,Cavernostomy,34500,30000,
18,1,702,Operations for Cyst of the Kidney -open,20700,18000,
18,1,703,Operations for Cyst of the Kidney - laparoscopic/endoscopic,18400,16000,
18,1,704,Ureterolithotomy -open,40114,34882,
18,1,705,Ureterolithotomy-laparoscopic/endoscopic,17250,15000,
18,1,706,Nephroureterectomy -open,46000,40000,
18,1,707,Nephroureterectomy -laparoscopic/endoscopic,17250,15000,
18,1,708,Operations for Ureter for - Double Ureters,40057,34832,
18,1,709,Operations for Ureter for - Ectopia of Single Ureter,28750,25000,
18,1,710,Operations for Vesicoureteric Reflux (VUR) -Open,32200,28000,
18,1,711,Operations for Vesicoureteric Reflux (VUR)- laparoscopic/endoscopic,36225,31500,
18,1,712,Operations for Vesicoureteric Reflux (VUR)/ Urinary incontinence with bulking agents,63250,55000,
18,1,713,Ureterostomy - Cutaneous,40057,34832,
18,1,714,Ureterocolic anastomosis,23000,20000,
18,1,715,Formation of an Ileal Conduit,23000,20000,
18,1,716,Ureteric Catheterization (DJ stenting),10950,8278,Changed procedure name
18,1,717,Biopsy of Bladder (Cystoscopic),8625,7500,
18,1,718,Diathermy Destruction of Bladder Neoplasm,8625,7500,
18,1,719,Cystolitholapaxy,12650,11000,
18,1,720,Operations for Injuries of the Bladder,26019,22625,
18,1,721,Suprapubic Drainage (Cystostomy/vesicostomy),8775,7630,
18,1,722,Simple Cystectomy,11500,10000,
18,1,723,Diverticulectomy -open,32200,28000,
18,1,724,Diverticulectomy- laparoscopic/endoscopic,31050,27000,
18,1,725,Diverticulectomy -Endoscopic incision of neck,37950,33000,
18,1,726,Augmentation Cystoplasty,37950,33000,
18,1,727,Operations for Exstrophy of the Bladder- Single stage repair,32775,28500,
18,1,728,Operations for Exstrophy of the Bladder- Multistage repair,28750,25000,
18,1,729,Operations for Exstrophy of the Bladder- simple cystectomy with urinary diversion,37375,32500,
18,1,730,Repair of Ureterocele -Open,41400,36000,
18,1,731,Repair of Ureterocele -laparoscopic/endoscopic,18400,16000,
18,1,732,Repair of Ureterocele -Endoscopic incision,57500,50000,
18,1,733,Open Suprapubic Prostatectomy,46000,40000,
18,1,734,Open Retropubic Prostatectomy,27600,24000,
18,1,735,Transurethral Resection of Prostate (TURP),27600,24000,
18,1,736,Urethroscopy/ Cystopanendoscopy,28750,25000,
18,1,737,Internal urethrotomy -Optical,6900,6000,
18,1,738,Internal urethrotomy -Core through urethroplasty,14950,13000,
18,1,739,Urethral Reconstruction -End to end anastomosis,28750,25000,
18,1,740,Urethral Reconstruction - substitution urethroplasty (Transpubic urethroplasty),28750,25000,
18,1,741,Posterior Urethral Valve fulguration,40250,35000,
18,1,742,Operations for Incontinence of Urine - Male -Open,28750,25000,
18,1,743,Operations for Incontinence of Urine - Male -Sling,25300,22000,
18,1,744,Operations for Incontinence of Urine - Male-Bulking agent,34500,30000,
18,1,745,Operations for Incontinence of Urine - Female -Open,46000,40000,
19,1,746,Operations for Incontinence of Urine - Female-Sling,25300,22000,,
19,1,747,Operations for Incontinence of Urine - Female-Bulking agent,34500,30000,,
19,1,748,Reduction of Paraphimosis,6000,5100,,
19,1,749,Circumcision,3450,3000,,
19,1,750,Meatotomy,6900,6000,,
19,1,751,Meatoplasty,4025,3500,,
19,1,752,Operations for Hypospadias + Chordee Correction,5750,5000,,
19,1,753,Operations for Hypospadias - Second Stage,11500,10000,,
19,1,754,Operations for Hypospadias - One Stage Repair,9200,8000,,
19,1,755,Operations for Crippled Hypospadias,11500,10000,,
19,1,756,Operations for Epispadias -primary repair,17825,15500,,
19,1,757,Operations for Epispadias-crippled epispadias,34500,30000,,
19,1,758,Partial Amputation of the Penis,34500,30000,,
19,1,759,Total amputation of the Penis,14950,13000,,
19,1,760,Orchidectomy-Simple,21275,18500,,
19,1,761,Orchidectomy-Radical,14950,13000,,
19,1,762,Post Radical Orchidectomy retroperitoneal lymph node dissection,28750,25000,,
19,1,763,Epididymectomy,18750,15938,,
19,1,764,Adrenalectomy Unilateral/Bilateral for Tumour/For Carcinoma- Open,14950,13000,,
19,1,765,Adrenalectomy Unilateral/Bilateral for Tumour/For Carcinoma -laparoscopic/endoscopic,23000,20000,,
19,1,766,Operations for Hydrocele - Unilateral,69000,60000,,
19,1,767,Operations for Hydrocele - Bilateral,8625,7500,,
19,1,768,Vasectomy (Should be free for Family Welfare),12075,10500,,
19,1,769,Operation for Torsion of Testis,15021,13062,,
19,1,770,Microscopic Vaso-Epididymal Anastomosis (VEA)/ Vasovasostomy (reversal of vasectomy for Infertility treatment),15525,13500,,Changed procedure name
19,1,771,Operations for Varicocele Unilateral - Microsurgical,20700,18000,,
19,1,772,Operations for Varicocele Palomo's Unilateral - Laparoscopic,14950,13000,,
19,1,773,Operations for Varicocele Bilateral - Microsurgical,27600,24000,,
19,1,774,Operations for Varicocele Bilateral - Laparoscopic/Palomo,27600,24000,,
19,1,775,Block Dissection of ilio-inguinal Nodes - One Side (For Ca Penis),27600,24000,,
19,1,776,Block Dissection of ilio-inguinal Nodes - Both Sides (For Ca Penis),28750,25000,,
19,1,777,Excision of Filarial Scrotum,34845,30300,,
19,1,778,Emergency Dialysis Femoral Puncture,18975,16500,,
19,1,779,Emergency Dialysis Subclavian Puncture,2070,1800,,
19,1,780,Arteriovenous Fistula/Shunt for Haemodialysis,2300,2000,,
19,1,781,Bilateral (single lumen) Femoral Catheterization for Haemodialysis,8625,7500,,
19,1,782,Haemodialysis-For seronegative cases,1610,1400,,
19,1,783,Haemodialysis -For seropositive cases,2875,2500,,
19,1,784,Double Lumen Subclavian Catheter,3450,3000,,
19,1,785,Continuous Arteriovenous Haemofiltration,2300,2000,,
19,1,786,Subclavian Access,5750,5000,,
19,1,787,Femoral Access,2875,2500,,
19,1,788,Plasma Exchange/ Plasmapheresis,1725,1500,,
19,1,789,Donor Nephrectomy (Open),46000,40000,49000,
20,1,790,Donor Nephrectomy (Laparoscopic),48300,42000,75000,
20,1,791,Renal Transplantation (Cadaver),115000,100000,300770,
20,1,792,Post transplant Collection drainage for Lymphocele,5750,5000,5750,
20,1,793,Transplant Nephrectomy,21275,18500,87500,Not included in superspecialty package master
20,1,794,Bilateral Nephroureterectomy,29900,26000,87500,Not included in superspecialty package master
20,1,795,Vascular Prosthetic Graft,29900,26000,50750,Not included in superspecialty package master
20,1,796,Continuous Ambulatory Peritoneal Dialysis (CAPD) catheter insertion- Open method,43700,38000,28000,Procedure name to be discussed
20,1,797,Percutaneous Nephrolithotomy (PCNL) - Unilateral,13800,12000,59500,
20,1,798,Percutaneous Nephrolithotomy (PCNL) - Bilateral,11270,9800,89250,
20,1,799,Endoscopic Bulking agent Injection,28175,24500,42000,
20,1,800,Testicular Biopsy,34500,30000,6500,
20,1,801,Gil-Vernet's Extended Pyelolithotomy,5750,5000,3500,
20,1,802,Radical Nephrectomy -Open,26450,23000,65000,
20,1,803,Radical Nephrectomy -Laparoscopic/Endoscopic,25300,22000,65000,
20,1,804,Radical Nephrectomy plus IV thrombus,34500,30000,65000,
20,1,805,Radical Nephrectomy plus IV thrombus plus cardiac bypass,126500,110000,175000,
20,1,806,Vesico Vaginal Fistula (VVF) Repair,34500,30000,49000,
20,1,807,Radical Cystectomy-Ileal conduit,23575,20500,65000,
20,1,808,Radical Cystectomy- continent diversion,34500,30000,87500,
20,1,809,Nephrectomy Simple -Open,46000,40000,42000,
20,1,810,Nephrectomy Simple-Laparoscopic/Endoscopic,21275,18500,65000,
20,1,811,Nephrostomy -Open,26450,23000,28000,
20,1,812,Nephrostomy -Laparoscopic/Endoscopic,14950,13000,17500,
20,1,813,Ureteric Reimplant for Megaureter/Vesicoureteric reflux/ureterocele (open),20125,17500,32500,
20,1,814,Ureteric Reimplant for Megaureter/Vesicoureteric reflux/ureterocele (Laparoscopic),13800,12000,32500,
20,1,815,Partial Cystectomy,13800,12000,31500,
20,1,816,Transurethral Resection of Prostate (TURP) & Transurethral Resection of Bladder Tumour (TURBT),18400,16000,42000,
20,1,817,Transurethral Resection of Prostate (TURP) with Cystolithotripsy,29900,26000,35000,
20,1,818,Closure of Urethral Fistula,15021,13062,37500,
20,1,819,Orchidopexy - Unilateral -Open,14950,13000,17500,
20,1,820,Orchidopexy - Unilateral- Laparoscopic/Endoscopic,13800,12000,35000,
20,1,821,Orchidopexy - Bilateral -Open,16675,14500,26250,
20,1,822,Orchidopexy - Bilateral -Laparoscopic/Endoscopic,16100,14000,45000,
20,1,823,Cystolithotomy -Suprapubic,18975,16500,15000,
20,1,824,Endoscopic Removal of Stone in Bladder,11500,10000,23800,
20,1,825,Resection Bladder Neck Endoscopic /Bladder neck incision/transurethral incision on prostate,17250,15000,27300,
20,1,826,Ureteroscopic Surgery,25000,21250,25000,
20,1,827,Urethroplasty 1st Stage,25000,21250,25000,
20,1,828,Scrotal Exploration,17500,14875,17500,Not included in superspecialty package master
21,1,829,Perineal Urethrostomy,25000,21250,25000,
21,1,830,Dilatation of Stricture Urethra under GA,5400,4590,5400,
21,1,831,Dilatation of Stricture Urethra under LA,2300,1955,2500,
21,1,832,Laparoscopic Nephrectomy,at S. No. 810,at S. No. 810,at S. No. 810,
21,1,833,Laparoscopic partial Nephrectomy,at S. No. 688,at S. No. 688,65000,
21,1,834,Retroperitoneoscopic nephrolithotomy,60000,51000,65000,Not included in superspecialty package master
21,1,835,Laparoscopic pyelolithotomy,50000,52436,61690,Not included in superspecialty package master
21,1,836,Retroperitoneoscopic operation for Hydronephrosis,45000,38250,80000,Not included in superspecialty package master
21,1,837,Laparoscopic surgery for Renal cyst,69000,60000,61950,
21,1,838,Laparoscopic ureterolithotomy,at S.No.705,at S.No.705,57430,
21,1,839,Laparoscopic Nephroureterectomy,at S.No.707,at S.No.707,78730,
21,1,840,Laparoscopy assisted orchidopexy,at S.No.820 & 822,at S.No.820 & 822,at S.No.820 & 822,
21,1,841,Laparoscopic operation for varicocele,at S.No.772 & 774,at S.No.772 & 774,35000,Not included in superspecialty package master
21,1,842,Extracorporeal Shock Wave Lithotripsy (ESWL),22483,19550,,
21,1,843,Uroflow Study (Uroflowmetry),460,400,950,
21,1,844,Urodynamic Study (Cystometry),1742,1515,5700,
21,1,845,Cystoscopy with Retrograde Catheter -Unilateral /RGP,3835,3335,9000,
21,1,846,Cystoscopy with Retrograde Catheter - Bilateral /RGP,5589,4860,12000,
21,1,847,Cystoscopy with Bladder Biopsy (Cold Cup Biopsy),3381,2940,12500,
21,1,848,Voiding Cystourethrogram and retrograde urethrogram (Nephrostogram),414,360,3670,
21,1,849,Radical prostatectomy-Open,17825,15500,75000,
21,1,850,Radical prostatectomy-Laparoscopic,32200,28000,95000,
21,1,851,Radical prostatectomy- Robotic (Robotic Partial Nephrectomy),40250,35000,220100,Not included in superspecialty package master
21,1,852,Holmium YAG Prostate surgery/ Optical Internal Urethrotomy (OIU)/Core through/Stone lithotripsy/Bladder tumour,17250,15000,65000,
21,1,853,High Intensity Focused Ultrasound (HIFU) (Robotic) for Carcinoma prostate and renal cell carcinoma,4600,4000,220100,
21,1,854,Prosthetic surgery for urinary incontinence,,,,
21,1,855,Transrectal Ultrasound (TRUS) guided prostate biopsy,46000,40000,,
21,1,,Neurosurgery,,,,
21,1,856,Craniotomy and Evacuation of Haematoma - Subdural,86595,75300,75300,
21,1,857,Craniotomy and Evacuation of Haematoma - Extradural,30188,26250,75300,
21,1,858,Evacuation / Excision of Brain Abscess by craniotomy,33810,29400,97750,
22,1,859,"Excision of Lobe (Frontal, Temporal, Cerebellum etc.)",35018,30450,157400
22,1,860,Excision of Brain Tumour - Supratentorial,39123,34020,133925
22,1,861,Excision of Brain Tumour - Infratentorial,53130,46200,133925
22,1,862,Surgery of spinal Cord Tumour,53130,46200,78200
22,1,863,Ventriculoatrial /Ventriculoperitoneal Shunt,40469,35190,35190
22,1,864,Twist Drill Craniostomy,24150,21000,23460
22,1,865,Subdural Tapping,15564,13534,35190
22,1,866,Ventricular Tapping,4025,3500,35190
22,1,867,Abscess Tapping,4025,3500,35190
22,1,868,Placement of Intracranial pressure (ICP) Monitor,4025,3500,23460
22,1,869,Urokinase Therapy for ICH (Intracranial Haematoma),3450,3000,35190
22,1,870,Skull Traction Application,2300,2000,23460
22,1,871,Lumbar Pressure Monitoring,6900,6000,23460
22,1,872,Vascular Malformations,6969,6060,133950
22,1,873,Thecoperitoneal Shunt,6969,6060,35190
22,1,874,Meningo Encephalocele Excision and repair,6969,6060,97750
22,1,875,Meningomyelocele Repair,24995,21735,64515
22,1,876,CSF Rhinorrhoea Repair,28980,25200,97750
22,1,877,Cranioplasty,38640,33600,97750
22,1,878,Posterior Cervical Discectomy,35650,31000,58650
22,1,879,Anterior Cervical Discectomy,29900,26000,58650
22,1,880,Brachial Plexus Exploration and Micro Suturing (neurotization),29900,26000,97750
22,1,881,Median Nerve Decompression,20700,18000,35190
22,1,882,Peripheral Neurectomy (Trigeminal),10120,8800,8800
22,1,883,Trigeminal Rhizotomy,20700,18000,
22,1,884,Cranial Nerve Anastomosis,20700,18000,133950
22,1,885,Peripheral Nerve Surgery - Major,17250,15000,133950
22,1,886,Peripheral Nerve Surgery - Minor,16261,14140,64515
22,1,887,Ventriculoatrial /Ventriculoperitoneal Shunt (without valve),11615,10100,
22,1,888,Nerve Biopsy,10120,8800,8800
22,1,889,Brain Biopsy,5808,5050,83100
22,1,890,Anterior Cervical Spine Surgery with fusion,16261,14140,97750
22,1,891,Anterolateral Decompression of spine,38640,33600,83100
22,1,892,Brain Mapping,38640,33600,
22,1,893,Cervical or Dorsal or Lumbar Laminectomy,4646,4040,58650
22,1,894,Combined Trans-oral Surgery & Craniovertebral (CV) Junction Fusion,34500,30000,157400
22,1,895,Craniovertebral Junction (CVJ) Fusion procedures,60950,53000,107525
22,1,896,Depressed Fracture Elevation,43470,37800,83100
22,1,897,Lumbar Discectomy,33810,29400,58650
22,1,898,Endarterectomy (Carotid),32240,28035,97750
22,1,899,Radiofrequency Ablation (RFA) for Trigeminal Neuralgia,29900,26000,58650
22,1,900,Spasticity Surgery,4646,4040,
22,1,901,Spinal Fusion Procedure,48300,42000,107525
22,1,902,Spinal Intramedullary Tumours,45425,39500,127100
22,1,903,Spina Bifida Surgery Major,46000,40000,107525
22,1,904,Spina Bifida Surgery Minor,25875,22500,78200
22,1,905,Stereotaxic Procedures - biopsy / aspiration,25875,22500,83100
22,1,906,Transsphenoidal Surgery,8050,7000,133950
22,1,907,Trans Oral Surgery,56350,49000,157400
23,1,908,Implantation of Deep Brain Stimulation (DBS) -one electrode,5980,5200,157400
23,1,909,Implantation of Deep Brain Stimulation (DBS) -two electrodes,51750,45000,157400
23,1,910,Endoscopic aqueductoplasty,86250,75000,97750
23,1,911,Facial nerve reconstruction,100050,87000,55000
23,1,912,Recanalisation of venous sinuses,67850,59000,140000
23,1,913,Carotid stenting,42263,36750,133950
23,1,914,Cervical disc arthroplasty,30188,26250,127075
23,1,915,Lumbar disc arthroplasty,92000,80000,127075
23,1,916,Corpus callosotomy,67850,59000,133950
23,1,917,Hemispherectomy,64400,56000,157400
23,1,918,Endoscopic CSF rhinorrhoea repair,103500,90000,133950
23,1,919,Burr hole evacuation of chronic subdural haematoma,46345,40300,64515
23,1,920,Microsurgical excision of Acoustic tumour,33350,29000,97750
23,1,921,Microsurgical excision of meningiomas,33408,29050,157400
23,1,922,Epilepsy surgery other than at S. No 916 and 917,36225,31500,157400
23,1,923,Radiofrequency Ablation (RFA) for facet joint pain syndrome,86595,75300,75300
23,1,924,Cervical laminoplasty,41688,36250,78200
23,1,925,Lateral mass C1- C2 screw fixation,48300,42000,107525
23,1,926,Microsurgical decompression for Trigeminal nerve,26623,23150,97750
23,1,927,Cerebellar stimulation for hemifacial spasm,4646,4040,133950
23,1,928,Cerebellar stimulation for other cranial nerve neuralgia,35650,31000,
23,1,929,Extracranial-Intracranial Bypass Procedures (EC-IC) bypass procedures,46000,40000,133950
23,1,930,Stereotactic guided craniotomy,80500,70000,133950
23,1,931,Baclofen pump implantation,80500,70000,97750
23,1,932,Programmable Ventriculoperitoneal (VP) shunt,95565,83100,83100
23,1,933,Endoscopic sympathectomy,38100,33130,97750
23,1,934,Lumbar puncture,10120,8800,8800
23,1,935,External ventricular drainage (EVD),743,646,35190
23,1,936,Image guided surgery Excision of tethored,28980,25200,
23,1,937,Endoscopic 3rd ventriculostomy,112413,97750,97750
23,1,938,Endoscopic cranial surgery / Biopsy / aspiration / aneurysm coiling,181010,157400,157400
23,1,939,"Endoscopic discectomy (Lumbar, Cervical)",35621,30975,58650
23,1,940,Aneurysm coiling (Endovascular),18320,15930,15930
23,1,941,Endoscopic spinal procedure - aneurysm coiling,35708,31050,133950
23,1,942,Surgery for skull fractures,41458,36050,
23,1,943,Carpal Tunnel decompression,40469,35190,35190
23,1,944,Clipping of intracranial aneurysm,24150,21000,157400
23,1,945,Surgery for intracranial Arteriovenous malformations (AVM),21793,18950,18950
23,1,946,Endovascular procedure/embolisation,53188,46250,69400
23,1,947,4 vessels cerebral angiography,112413,97750,97750
23,1,948,Foramen magnum decompression for Chiari Malformation,34500,30000,97750
23,1,949,Foramen magnum decompression with syringosubarachnoid shunt,35708,31050,133950
23,1,950,Dorsal column stimulation for backache in failed back syndrome,70150,61000,
23,1,951,Surgery for recurrent disc prolapse/epidural fibrosis,57500,50000,78200
24,1,952,Transsphenoidal Surgery,15410,13400,13400
24,1,953,Programmable shunts,35621,30975,64515
24,1,954,Decompressive craniotomy for hemispherical acute subdural haematoma/brain swelling/large infarct,92000,80000,133950
24,1,955,Intra-arterial thrombolysis with Tissue Plasminogen Activator (TPA) (for ischemic stroke ),92000,80000,
24,1,956,Stereotactic aspiration of intracerebral haematoma,32545,28300,83100
24,1,957,Endoscopic aspiration of intracerebral haematoma,41458,36050,75300
24,1,958,Stereotactic Radiosurgery for brain pathology (X knife / Gamma knife - One session,69000,60000,
24,1,959,Stereotactic Radiosurgery for brain pathology (X knife / Gamma knife -Two or more sessions,57500,50000,210000
24,1,960,Chemotherapy wafers for malignant brain tumours,19550,14450,25000
24,1,,Paediatric surgery,,,
24,1,961,Excision of thyroglossal Duct / Cyst,16100,14000,
24,1,962,Diaphragmatic Hernia Repair (Thoracic or Abdominal Approach),23000,20000,
24,1,963,Tracheoesophageal Fistula (Correction Surgery),23000,20000,
24,1,964,Colon Replacement of Oesophagus,36800,32000,
24,1,965,Omphalomesenteric Cyst Excision,33350,29000,
24,1,966,Omphalomesenteric Duct Excision,25875,22500,
24,1,967,Meckel's Diverticulectomy,23575,20500,
24,1,968,Omphalocele 1st Stage (Hernia Repair),23575,20500,
24,1,969,Omphalocele 2nd Stage (Hernia Repair),20700,18000,
24,1,970,Gastroschisis Repair,23000,20000,
24,1,971,Inguinal Herniotomy,23575,20500,
24,1,972,Congenital Hydrocele,17250,15000,
24,1,973,Hydrocele of Cord,17250,15000,
24,1,974,Torsion Testis Operation,17250,15000,
24,1,975,Congenital Pyloric Stenosis- operation,22425,19500,
24,1,976,Duodenal Atresia Operation,20125,17500,
24,1,977,Pancreatic Ring Operation,22425,19500,
24,1,978,Meconium Ileus Operation,at S. No. 1000,at S. No. 1000,
24,1,979,Malrotation of Intestines Operation,23000,20000,
24,1,980,Rectal Biopsy (Megacolon),25875,22500,
24,1,981,Colostomy Transverse,4359,3790,
24,1,982,Colostomy Left Iliac,23000,20000,
24,1,983,Abdominoperineal Pull Through (Hirschsprung's Disease),23000,20000,
24,1,984,Imperforate Anus Low Anomaly - Cut Back Operation,29900,26000,
24,1,985,Imperforate Anus Low Anomaly - Perineal Anoplasty,14950,13000,
24,1,986,Imperforate Anus High Anomaly - Sacro Abdominoperineal Pull Through,20125,17500,
24,1,987,Imperforate Anus High Anomaly - Closure of Colostomy,27876,24240,
24,1,988,Intussusception Operation,13938,12120,
24,1,989,Choledochoduodenostomy for Atresia of Extrahepatic Biliary Duct,25875,22500,
24,1,990,Operation of Choledochal Cyst,29900,26000,
24,1,991,Nephrectomy for Pyonephrosis,29900,26000,
24,1,992,Nephrectomy for Hydronephrosis,29900,26000,
24,1,993,Nephrectomy for Wilms Tumour,29900,26000,
25,1,994,Paraaortic Lymphadenectomy with Nephrectomy for Wilms Tumour,29900,26000,
25,1,995,Sacrococcygeal Teratoma Excision,33350,29000,
25,1,996,Neuroblastoma Debulking,25875,22500,
25,1,997,Neuroblastoma Total Excision,25875,22500,
25,1,998,Rhabdomyosarcoma wide Excision,29900,26000,
25,1,999,Congenital Atresia & Stenosis of Small Intestine,33350,29000,
25,1,1000,Meconium Ileus,29900,26000,
25,1,1001,Malrotation and Volvulus of the Midgut,24725,21500,
25,1,1002,Excision of Meckel’s Diverticulum,24725,21500,
25,1,,Burns and Plastic surgery,,,
25,1,1003,Primary Suturing of Wound,3450,3000,
25,1,1004,Injection of steroids - Ganglion,1150,1000,Changed procedure name
25,1,1005,Injection of steroids - Haemangioma,1150,1000,Changed procedure name
25,1,1006,Free Grafts - Wolfe Grafts,1725,1500,
25,1,1007,Free Grafts - Theirech- Small Area 5%,10350,9000,
25,1,1008,Free Grafts - Large Area 10%,10350,9000,
25,1,1009,Free Grafts - Very Large Area 20% and above,12650,11000,
25,1,1010,Skin Flaps - Rotation Flaps,16100,14000,
25,1,1011,Skin Flaps - Advancement Flaps,14375,12500,
25,1,1012,Skin Flaps - Direct- cross Leg Flaps- Cross Arm Flap,17825,15500,
25,1,1013,Skin Flaps - Cross Finger,19550,17000,
25,1,1014,Skin Flaps - Abdominal,19550,17000,
25,1,1015,Skin Flaps - Thoracic,19550,17000,
25,1,1016,Skin Flaps - Arm etc,19550,17000,
25,1,1017,Subcutaneous Pedicle Flaps Raising,21850,19000,
25,1,1018,Subcutaneous Pedicle Flaps Delay,10925,9500,
25,1,1019,Subcutaneous Pedicle Flaps Transfer,11500,10000,
25,1,1020,Cartilage Grafting,13800,12000,
25,1,1021,Reduction of Facial Fractures of Nose,13225,11500,
25,1,1022,Reduction of Facial Fractures of Maxilla,16100,14000,
25,1,1023,Reduction of Fractures of Mandible & Maxilla - Eyelet Splinting,18975,16500,
25,1,1024,Reduction of Fractures of Mandible & Maxilla - Cast Metal Splints,10925,9500,
25,1,1025,Reduction of Fractures of Mandible & Maxilla - Gunning Splints,10925,9500,
25,1,1026,Internal Wire Fixation of Mandible & Maxilla,11500,10000,
25,1,1027,Cleft Lip - Repair,17250,15000,
25,1,1028,Cleft Palate Repair,20700,18000,
25,1,1029,Primary Bone Grafting for alveolar cleft in Cleft Lip,20700,18000,
25,1,1030,Secondary Surgery for Cleft Lip Deformity,15525,13500,
25,1,1031,Secondary Surgery for Cleft Palate,15525,13500,
25,1,1032,Reconstruction of Eyelid Defects - Minor,18400,16000,
25,1,1033,Reconstruction of Eyelid Defects - Major,13800,12000,
25,1,1034,Plastic Surgery of Different Regions of the Ear - Minor,17250,15000,
25,1,1035,Plastic Surgery of Different Regions of the Ear - Major,12075,10500,
25,1,1036,Plastic Surgery of the Nose - Minor,16100,14000,
25,1,1037,Plastic Surgery of the Nose - Major,12075,10500,
26,1,1038,Plastic Surgery for Facial Paralysis (Support with Reanimation),16100,14000
26,1,1039,Pendulous Breast - Mammoplasty,27600,24000
26,1,1040,Underdeveloped Breast - Mammoplasty,27600,24000
26,1,1041,After Mastectomy (Reconstruction) Mammoplasty,24725,21500
26,1,1042,Syndactyly Repair,24725,21500
26,1,1043,Dermabrasion Face,24725,21500
26,1,1044,Upto 30% Burns 1st Dressing,17250,15000
26,1,1045,Upto 30% Burns Subsequent Dressing,932,810
26,1,1046,30% to 50% Burns 1st Dressing,702,610
26,1,1047,30% to 50% Burns Subsequent Dressing,1162,1010
26,1,1048,Extensive Burn - above 50% First Dressing,702,610
26,1,1049,Extensive Burn - above 50% Subsequent dressing,2323,2020
26,1,,Orthopaedics,,
26,1,,Plaster Work,,
26,1,1050,Finger (posterior slab),771,670
26,1,1051,Fingers full plaster,345,300
26,1,1052,Colles Fracture - Below elbow,345,300
26,1,1053,Colles Fracture - Full plaster,1265,1100
26,1,1054,Colles fracture Anterior or posterior slab,978,850
26,1,1055,Above elbow full plaster,1265,1100
26,1,1056,Above Knee posterior slab,575,500
26,1,1057,Below Knee full plaster,771,670
26,1,1058,Below Knee posterior slab,575,500
26,1,1059,Tube Plaster (or plaster cylinder),575,500
26,1,1060,Above knee full plaster,1265,1100
26,1,1061,Above knee full slab,575,500
26,1,1062,Minerva Jacket,2990,2600
26,1,1063,Plaster Jacket,3220,2800
26,1,1064,Shoulder spica,2760,2400
26,1,1065,Single Hip spica,2588,2250
26,1,1066,Double Hip spica,2760,2400
26,1,,Strapping,,
26,1,1067,Strapping of Finger,179,156
26,1,1068,Strapping of Toes,230,200
26,1,1069,Strapping of Wrist,230,200
26,1,1070,Strapping of Elbow,345,300
26,1,1071,Strapping of Knee,345,300
26,1,1072,Strapping of Ankle,460,400
26,1,1073,Strapping of Chest,460,400
26,1,1074,Strapping of Shoulder,621,540
26,1,1075,Figure of 8 bandage,633,550
26,1,1076,Collar and cuff sling,633,550
26,1,1077,Ball bandage,518,450
26,1,1078,Application of Plaster of Paris(POP) Casts for Upper & Lower Limbs,633,550
26,1,1079,Application of Functional Cast Brace,1438,1250
26,1,1080,Application of Skin Traction,2070,1800
26,1,1081,Application of Skeletal Tractions,1610,1400
26,1,1082,Bandage & Strappings for Fractures,2875,2500
26,1,1083,Aspiration & Intra Articular Injections,276,240
26,1,1084,Application of Plaster of Paris(POP) Spices & Jackets,1208,1050
26,1,1085,Close Reduction of Fractures of Limb & Plaster of Paris(POP),4600,4000
27,1,1086,Reduction of Compound Fractures,4600,4000
27,1,1087,Open Reduction & Internal Fixation(ORIF) of Fingers & Toes,5175,4500
27,1,1088,Open Reduction of fracture of Long Bones of Upper /Lower Limb - Nailing & External Fixation,8050,7000
27,1,1089,Open Reduction of fracture of Long Bones of Upper /Lower Limb - AO Procedures,11270,9800
27,1,1090,Tension Band Wirings,11270,9800
27,1,1091,Bone Grafting,6601,5740
27,1,1092,Excision of Bone Tumours,9660,8400
27,1,1093,Excision or other Operations for Scaphoid Fractures,12880,11200
27,1,1094,Sequestrectomy & Saucerization,8050,7000
27,1,1095,Sequestrectomy & Saucerizations -Arthrotomy,9971,8670
27,1,1096,Multiple Pinning Fracture Neck Femur,12880,11200
27,1,1097,Plate Fixations for Fracture Neck Femur,16100,14000
27,1,1098,AO Compression Procedures for Fracture Neck Femur,19550,17000
27,1,1099,Open Reduction of Fracture Neck Femur Muscle Pedicle Graft and Internal Fixations,19550,17000
27,1,1100,Close Reduction of Dislocations,9971,8670
27,1,1101,Open Reduction of Dislocations,4025,3500
27,1,1102,Open Reduction and Internal Fixation (ORIF) of Fracture Dislocations,4600,4000
27,1,1103,Neurolysis/Nerve repair,16100,14000
27,1,1104,Nerve Repair with grafting,16675,14500
27,1,1105,Tendon with Transplant or Graft,24150,21000
27,1,1106,Tendon Lengthening/Tendon repair,9971,8670
27,1,1107,Tendon Transfer,9775,8500
27,1,1108,Laminectomy Excision Disc and Tumours,12880,11200
27,1,1109,Split Osteotomy and Internal Fixations,24150,21000
27,1,1110,Anterolateral decompression for tuberculosis/ Costotransversectomy,32200,28000
27,1,1111,Anterolateral Decompression and Spinal Fusion,29325,25500
27,1,1112,Corrective Osteotomy & Internal Fixation - Short bones,32200,28000
27,1,1113,Corrective Osteotomy & Internal Fixation - Long bones,16100,14000
27,1,1114,Arthrodesis of Minor Joints,13225,11500
27,1,1115,Arthrodesis of Major Joints,12880,11200
27,1,1116,Soft Tissue Operations for Congenital Talipes Equinovarus (CTEV),9971,8670
27,1,1117,Soft Tissue Operations for Polio,9775,8500
27,1,1118,Hemiarthroplasty- Hip,8050,7000
27,1,1119,Hemiarthroplasty- Shoulder,11500,10000
27,1,1120,Operations for Brachial Plexus & Cervical Rib,74750,65000
27,1,1121,Amputations - Below Knee,20786,18075
27,1,1122,Amputations - Below Elbow,8050,7000
27,1,1123,Amputations - Above Knee,8050,7000
27,1,1124,Amputations - Above Elbow,13225,11500
27,1,1125,Amputations - Forequarter,13225,11500
27,1,1126,Amputations - Hind Quarter and Hemipelvectomy,19550,17000
27,1,1127,Disarticulations - Major joint,24150,21000
27,1,1128,Disarticulations - Minor joint,20786,18075
27,1,1129,Arthrography,18400,16000
27,1,1130,Arthroscopy - Diagnostic,13225,11500
28,1,1131,Arthroscopy-therapeutic: without implant,13800,12000,,
28,1,1132,Arthroscopy-therapeutic: with implant,20700,18000,,
28,1,1133,Soft Tissue Operation on Joints -Small,20786,18075,,
28,1,1134,Soft Tissue Operation on Joints -Large,20700,18000,,
28,1,1135,Myocutaneous and Fasciocutaneous Flap Procedures for Limbs,20700,18000,,
28,1,1136,Removal of Wires & Screw,9971,8670,,
28,1,1137,Removal of Plates,8625,7500,,
28,1,1138,Total Hip Replacement(THR),103500,90000,103500,
28,1,1139,Total Ankle Joint Replacement,112125,97500,112125,
28,1,1140,Total Knee Joint Replacement(TKR),126500,110000,126500,
28,1,1141,Total Shoulder Joint Replacement,19550,17000,19550,
28,1,1142,Total Elbow Joint Replacement,19550,17000,19550,
28,1,1143,Total Wrist Joint Replacement,115000,100000,115000,
28,1,1144,Total finger joint replacement,23000,20000,23000,
28,1,1145,Tubular external fixator,44850,39000,,
28,1,1146,Ilizarov external fixator,46000,40000,,
28,1,1147,Pelvi acetabular fracture -Internal fixation,46000,40000,,
28,1,,Physiotherapy,,,,
28,1,1148,Ultrasonic therapy (UST),127,110,,Changed procedure name
28,1,1149,ShortWave Diathermy (SWD),127,110,,
28,1,1150,Electrical stimulation (therapeutic)/ Interferential therapy (IFT) /Transcutaneous Electrical Nerve Stimulation (TENS),127,110,,Changed procedure name to Electrical stimulation (therapeutic)/ Interferential therapy (IFT) /Transcutaneous Electrical Nerve Stimulation (TENS)
28,1,1151,Muscle testing and diagnostic,155,135,,
28,1,1152,Infrared,155,135,,
28,1,1153,Ultraviolet Therapeutic (UV Therapeutic) dose,58,50,,
28,1,1154,Intermittent Lumbar Traction,127,110,,
28,1,1155,Intermittent Cervical traction,75,65,,
28,1,1156,Wax bath,75,65,,
28,1,1157,Hot pack,127,110,,
28,1,1158,Breathing Exercises & Postural Drainage,58,50,,
28,1,1159,Cerebral Palsy - exercise,161,140,,
28,1,1160,Post polio exercise,127,110,,
28,1,,Nuclear Medicine,,,,
28,1,,RADIOISOTOPE THERAPY,,,,
28,1,,131-Iodine Therapy,,,,
28,1,1161,131-Iodine Therapy <15 mCi,8300,7055,8300,
28,1,1162,131-Iodine Therapy 15-50 mCi,5130,4361,5130,
28,1,1163,131-Iodine Therapy 51-100 mCi,12000,10200,18800,
28,1,1164,131-Iodine Therapy >100 mCi,15000,12750,18800,
28,1,1165,Phosphorus-32 therapy for metastatic bone pain palliation,18000,15300,21700,
28,1,1166,Samarium-153 therapy for metastatic bone pain palliation,7130,6061,7130,
28,1,1167,Radiosynovectomy with Yttrium,10690,9087,10690,
28,1,,Radiotherapy and Chemotherapy,,,,
28,1,,Cobalt 60 therapy,,,,
29,1,1168,Cobalt 60 therapy- Radical therapy,,,,
29,1,1169,Cobalt 60 therapy- Palliative therapy,29325,25500,,
29,1,,Linear accelerator,,,,
29,1,1170,Linear accelerator- Radical therapy,60000,51000,95000,
29,1,1171,Linear accelerator- Palliative therapy,57500,50000,57500,
29,1,1172,3D Planning Radiotherapy,5000,4250,8910,
29,1,1173,2D Planning Radiotherapy,5000,4250,6530,
29,1,1174,IMRT(Intensity Modulated radiotherapy),103200,87720,129000,
29,1,1175,SRT (Stereotactic radiotherapy),62400,53040,78000,
29,1,1176,SRS (Stereotactic radiosurgery),82400,70040,103000,
29,1,1177,IGRT(Image guided radiotherapy),150400,127840,188000,
29,1,1178,Respiratory Gating-along with Linear accelerator planning,125000,106250,,
29,1,1179,Electron beam with Linear accelerator,89060,75701,89060,
29,1,1180,Tomotherapy,,,,
29,1,,Brachytherapy- High dose radiation,,,,
29,1,1181,Intracavitary (Brachytherapy),12000,10200,23750,
29,1,1182,Interstitial (Brachytherapy),34880,30330,,
29,1,1183,Intraluminal (Brachytherapy),10000,8500,14250,
29,1,1184,Surface mould (Brachytherapy),4750,4038,4750,
29,1,1185,Gliadel Wafer (Brachytherapy),107830,91656,107830,
29,1,,Chemotherapy,,,,
29,1,1186,Neoadjuvant Chemotherapy,,,,
29,1,1187,Adjuvant Chemotherapy,3450,3000,3450,
29,1,1188,Concurrent chemoradiation,5750,5000,5750,
29,1,1189,Single drug Chemotherapy,552,480,590,
29,1,1190,Multiple drugs Chemotherapy,2070,1800,2070,
29,1,1191,Targeted therapy,2760,2400,2760,
29,1,1192,Chemoport facility,9200,8000,9200,
29,1,1193,PICC line (Peripherally Inserted Central Catheter),9200,8000,9200,
29,1,,List of procedures/ tests in Gastroenterology,,,,
29,1,,Endoscopic procedures,,,,
29,1,,Upper GI Endoscopy (Gastro endoscopy / Oesophagogastroduodenoscopy (OGD) + Lower GI Endoscopy (Colonoscopy/ Sigmoidoscopy),2513,2185,3000,Changed procedure name
29,1,1194,Diagnostic endoscopy,1035,900,1225,
29,1,1195,Endoscopic biopsy,1212,1054,1425,
29,1,1196,Endoscopic mucosal resection,3450,3000,,
29,1,1197,Oesophageal stricture dilatation,5181,4505,6100,
29,1,1198,Balloon dilatation of achalasia cardia,6900,6000,,
29,1,1199,Foreign body removal (Gastroenterology/GIT),3657,3180,4300,Changed procedure name
29,1,1200,Oesophageal stenting,6647,5780,7820,
29,1,1201,Band ligation of oesophageal varices,4985,4335,5865,
29,1,1202,Sclerotherapy of oesophageal varices,3657,3180,4300,
29,1,1203,Glue injection of varices,4653,4046,5475,
29,1,1204,Argon plasma coagulation,8050,7000,,
29,1,1205,Pyloric balloon dilatation,8050,7000,,
29,1,1206,Enteral stenting,46000,40000,,
29,1,1207,Duodenal stricture dilatation,5181,4505,6100,
29,1,1208,Single balloon enteroscopy,34500,30000,,
29,1,1209,Double balloon enteroscopy,34500,30000,,
29,1,1210,Capsule endoscopy,57500,50000,,
29,1,1211,Polypectomy (Gastro Intestinal),3657,3180,4300,
29,1,1212,Piles banding,4985,4335,5865,
30,1,1213,Colonic stricture dilatation,20700,18000,,
30,1,1214,Hot biopsy forceps procedures,6900,6000,,
30,1,1215,Colonic stenting,34500,30000,,
30,1,1216,Junction biopsy,18400,16000,,
30,1,1217,Narrow band imaging,34500,30000,,
30,1,1218,Conjugal microscopy,34500,30000,,
30,1,,ERCP,,,,
30,1,1219,Diagnostic ERCP (Endoscopic Retrograde Cholangiopancreatography),5865,5100,6900,
30,1,1220,Endoscopic sphincterotomy,5750,5000,,
30,1,1221,Common Bile Duct (CBD) stone extraction,8602,7480,10120,
30,1,1222,Common Bile Duct (CBD) stricture dilatation,8602,7480,10120,
30,1,1223,Biliary stenting (plastic and metallic),9286,8075,10925,
30,1,1224,Mechanical lithotripsy of CBD stones,10925,9500,29325,
30,1,1225,Pancreatic sphincterotomy,9286,8075,10925,
30,1,1226,Pancreatic stricture dilatation,34500,30000,,
30,1,1227,Pancreatic stone extraction,8602,7480,10120,
30,1,1228,Mechanical lithotripsy of pancreatic stones,15525,13500,29325,
30,1,1229,Endoscopic cystogastrostomy,18400,16000,,
30,1,1230,Balloon dilatation of papilla,34500,30000,,
30,1,,Endoscopic ultrasound,,,,
30,1,1231,Diagnostic Endoscopic Ultrasound,,,1045,Changed procedure name and not included in superspecialty master
30,1,1232,Colour Doppler,Listed under Investigations,Listed under Investigations,,
30,1,1233,Ultrasound guided FNAC,1955,1700,970,
30,1,1234,Ultrasound guided abscess drainage,1150,1000,970,
30,1,1235,PTBD (Percutaneous transhepatic biliary drainage),1150,1000,29690,
30,1,1236,Biliary stenting,at S.No.1223,,,
30,1,,Angiography,34500,30000,14500,
30,1,1237,Diagnostic angiography (GIT),1495,1300,16860,Changed procedure name
30,1,1238,Vascular embolization,23000,20000,,
30,1,1239,TIPS (Transjugular intrahepatic portosystemic shunt),46000,40000,,
30,1,1240,Transjugular liver biopsy,28750,25000,,
30,1,1241,IVC (Inferior vena cava)venography + hepatic venography,28750,25000,,
30,1,1242,Balloon angioplasty,,,,
30,1,1243,Muscular stenting,57500,50000,,
30,1,1244,BRTO(Balloon occluded retrograde intravenous obliteration),57500,50000,,
30,1,1245,Portal haemodynamic studies,34500,30000,,
30,1,,Manometry and PH metry,34500,30000,,
30,1,1246,Oesophageal PH metry,,,,
30,1,1247,Oesophageal manometry,28750,25000,,
30,1,1248,Small bowel manometry,28750,25000,,
30,1,1249,Anorectal manometry,28750,25000,,
30,1,1250,Colonic manometry,28750,25000,,
30,1,1251,Biliary manometry,28750,25000,,
30,1,1252,Sengstaken Blakemore tube tamponade,28750,25000,,
30,1,1253,Lintas machles tube tamponade,28750,25000,,
31,1,,"Biochemistry, Serology and Molecular biology",28750,25000,,
31,1,1254,D-xylose test,Listed under Investigations,Listed under Investigations,,
31,1,1255,Fecal fat test/ fecal chymotrypsin/ fecal elastase,Listed under Investigations,Listed under Investigations,,
31,1,1256,Breath tests- Urea for H pylori / Hydrogen,Listed under Investigations,Listed under Investigations,,Changed procedure name
31,1,1257,H pylori serology for celiac disease,Listed under Investigations,Listed under Investigations,,
31,1,1258,HBV genotyping,Listed under Investigations,Listed under Investigations,,
31,1,1259,HCV genotyping,Listed under Investigations,Listed under Investigations,,
31,1,,Extracorporeal shockwave lithotripsy(ESWL),at S. No. 842,at S. No. 842,,
31,1,1268,CBD stones,633,550,,
31,1,1269,Pancreatic duct stones,32200,28000,,
31,1,1270,Liver biopsy,36800,32000,,
31,1,,Nephrological procedures,,,,
31,1,1271,Internal jugular vein cannulation,1208,1050,1700,
31,1,1272,Renal Biopsy,1380,1200,2040,
31,1,1273,Transplant Biopsy,2300,2000,3330,
31,1,1274,Acute PD (peritoneal dialysis)catheterization,1725,1500,6180,Not included in superspecialty package master
31,1,1275,Continuous Renal Replacement Therapy,1840,1600,,
31,1,1276,SLED (Slow Efficiency Dialysis),,2500,,
31,1,1277,Permacath Insertion,2600,2261,12350,
31,1,1278,CAPD (Insertion and Removal),17250,15000,,
31,1,1279,Femoral Access,17250,15000,,
31,1,1280,Subclavian Access,at S.No.786,at S.No.786,,
31,1,1281,Partial Nephrectomy,at S.No.687,at S.No.687,,
31,1,1282,Nephrolithotomy- laparoscopic/endoscopic,at S.No.690,at S.No.690,,
31,1,1283,Pyelolithotomy- laparoscopic/ endoscopic,11250,9563,35000,Not included in superspecialty package master
31,1,1284,Pyeloplasty - laparoscopic/endoscopic,at S.No.694,at S.No.694,,
31,1,1285,Ureterolithotomy- laparoscopic/endoscopic,at S.No.705,at S.No.705,,
31,1,1286,Formation of an ileal conduit,23000,20000,23000,Not included in superspecialty package master
31,1,1287,Fistula/shunt,at S.No.780,at S.No.780,,
31,1,1288,Dialysis Femoral Catheterization Bilateral,at S.No. 781,at S.No. 781,,
31,1,1289,Haemodialysis- For Seronegative cases,at S.No. 782,at S.No. 782,,
31,1,1290,Haemodialysis- For Seropositive cases,at S.No. 783,at S.No. 783,,
31,1,1291,Double lumen subclavian catheter,at S.No. 784,at S.No. 784,,
31,1,1292,Continuous Arteriovenous Haemofiltration,at S.No. 785,at S.No. 785,,
31,1,1293,Plasma Exchange,at S.No.788,at S.No.788,,
31,1,1294,Donor nephrectomy- Open,at S.No.789,at S.No.789,,
31,1,1295,Donor nephrectomy- laparoscopic/endoscopic,at S.No. 790,at S.No. 790,,
31,1,1296,Renal Transplantation,at S.No.791,at S.No.791,,
31,1,1297,Lymphocele Post Transplant,at S.No. 792,at S.No. 792,,
31,1,1298,Transplant Nephrectomy,at S.No. 793,at S.No. 793,,
32,1,,DENTAL,,
32,1,1,Dental IOPA X Ray,70,60
32,1,2,Occlusal X Ray,80,68
32,1,3,OPG X Ray,200,170
32,1,,PULMONARY,,
32,1,4,Lung Ventilation & Perfusion Scan (V/Q Scan),5000,4250
32,1,5,Lung Perfusion Scan,3000,2550
32,1,,OSTEOLOGY,-,-
32,1,6,Whole Body Bone Scan with SPECT,3500,2975
32,1,7,Three phase whole body Bone Scan,3500,2975
32,1,,NEUROSCIENCES,-,-
32,1,8,Brain Perfusion SPECT Scan with Technetium 99m radiopharmaceuticals,10000,8500
32,1,9,Radionuclide Cisternography for CSF leak,5000,4250
32,1,,GASTRO AND HEPATOBILIARY,-,-
32,1,10,Gastroesophageal Reflux Study (GER Study),2000,1700
32,1,11,Gastrointestinal Bleed (GIB) Study with Technetium 99m labeled RBCs,3500,2975
32,1,12,Hepatobiliary Scintigraphy,2500,2125
32,1,13,Meckel's Scan,2000,1700
32,1,14,Hepatosplenic Scintigraphy with Technetium-99m radiopharmaceutical,2500,2125
32,1,15,Gastric emptying,1500,1275
32,1,,GENITOURINARY,-,-
32,1,16,Renal Cortical Scintigraphy with Technetium 99m Dimercaptosuccinic acid (DMSA),3500,2975
32,1,17,Dynamic Renography,3500,2975
32,1,18,Dynamic Renography with Diuretic,3500,2975
32,1,19,Dynamic Renography with Captopril,4500,3825
32,1,20,Testicular Scan,1700,1445
32,1,,ENDOCRINOLOGY,,
32,1,21,Thyroid Uptake measurements with 131-Iodine,1600,1360
32,1,22,Thyroid Scan with Technetium 99m Pertechnetate,1900,1615
32,1,23,Iodine-131 Whole Body Scan,3000,2550
32,1,24,Whole Body Scan with MIBG,18000,15300
32,1,25,Parathyroid Scan,5000,4250
32,1,,RADIOISOTOPE THERAPY,-,-
32,1,26,131-Iodine Therapy,Listed Under Treatment Procedures,Listed Under Treatment Procedures
32,1,27,131-Iodine Therapy <15 mCi,Listed Under Treatment Procedures,Listed Under Treatment Procedures
32,1,28,131-Iodine Therapy 15-50 mCi,Listed Under Treatment Procedures,Listed Under Treatment Procedures
32,1,29,131-Iodine Therapy 51-100 mCi,Listed Under Treatment Procedures,Listed Under Treatment Procedures
32,1,30,131-Iodine Therapy >100 mCi,Listed Under Treatment Procedures,Listed Under Treatment Procedures
33,1,32,Samarium-153 therapy for metastatic bone pain palliation,Listed Under Treatment Procedures,Listed Under Treatment Procedures,
33,1,33,Radiosynovectomy with Yttrium,Listed Under Treatment Procedures,Listed Under Treatment Procedures,
33,1,,CARDIOLOGY,,,
33,1,34,Stress thallium / Myocardial Perfusion Scintigraphy,9000,7650,
33,1,35,Rest thallium / Myocardial Perfusion Scintigraphy,9900,8415,
33,1,36,Venography,3500,2975,
33,1,37,ECG,50,43,
33,1,38,Stress Echocardiography- Dobutamine,Listed Under Treatment Procedures,Listed Under Treatment Procedures,
33,1,39,Stress Echocardiography- Exercise,Listed Under Treatment Procedures,Listed Under Treatment Procedures,
33,1,40,Treadmill Test (TMT),1120,950,
33,1,41,Transesophageal Echocardiography(TEE),500,425,Doubt. See Code 555
33,1,42,Lymphangiography,1650,1403,
33,1,,TUMOUR IMAGING,,,
33,1,43,Scintimammography,5000,4250,
33,1,44,Indium labelled octreotide Scan,75000,63750,
33,1,,PET SCAN,-,-,
33,1,45,FDG Whole body PET / CT Scan (with or without contrast),11500,10000,Changed procedure name to FDG Whole body PET / CT Scan (with or without contrast)
33,1,46,Brain / Heart FDG PET CT Scan,11500,10000,Changed procedure name
33,1,47,Gallium-68 Peptide PET CT imaging for Neuroendocrine Tumour,11500,10000,Changed procedure name
33,1,48,Non FDG PET CT Scan,,,Changed procedure name
33,1,,Laboratory Medicine,,,
33,1,,Clinical Pathology,,,
33,1,49,"Urine routine- pH,Specific gravity,Sugar,Protein and Microscopy",39,33,
33,1,50,"24 hour urine for Proteins,Sodium,creatinine",60,51,
33,1,51,Urine Microalbumin,60,51,
33,1,52,Urine Albumin/Sugar - Quantitative,24,20,Changed procedure name
33,1,53,Urine Bile Pigment and Salt,30,26,
33,1,54,Urine Urobilinogen,30,26,
33,1,55,Urine Ketones,35,30,
33,1,56,Urine Occult Blood,35,30,
33,1,57,Urine total proteins,21,18,
33,1,58,Bence Jones protein,48,41,
33,1,59,Stool routine and microscopy,39,33,Changed procedure name
34,1,60,Stool occult blood (SOB),35,30,Changed procedure name
34,1,61,Post coital smear examination,100,85,
34,1,62,Semen analysis,80,68,
34,1,63,"Body fluid (CSF/Ascitic Fluid etc.)Sugar,Protein etc.",55,47,
34,1,64,Urine Albumin,21,18,Changed procedure name
34,1,65,Creatinine clearance,160,136,
34,1,,Haematology,,,
34,1,66,Haemoglobin (Hb),19,16,
34,1,67,Total Leucocyte Count (TLC),32,27,
34,1,68,Differential Leucocyte Count (DLC),32,27,
34,1,69,Erythrocyte Sedimentation Rate (ESR),35,30,
34,1,70,"Total Red Cell count with MCV,MCH,MCHC,RDW",35,30,
34,1,71,"Complete Haemogram (CBC)- Hb, RBC count and indices, TLC, DLC, Platelet, ESR, Peripheral Smear examination",120,102,Changed procedure name
34,1,72,Platelet count,50,42,
34,1,73,Reticulocyte count,49,42,
34,1,74,Absolute Eosinophil Count (AEC),50,42,
34,1,75,Packed Cell Volume (PCV),35,30,
34,1,76,Peripheral Smear Examination,44,37,
34,1,77,Smear for Malaria Parasite,42,36,
34,1,78,Bleeding & Clotting Time (BT/CT),48,41,
34,1,79,Clot Retraction Time,35,30,
34,1,80,RBC / Osmotic Fragility Test,50,43,
34,1,81,LE Cell,77,65,
34,1,82,Foetal Hemoglobin (HbF),154,131,
34,1,83,Prothrombin Time (PT)/ International normalized ratio (INR),119,101,Changed procedure name to Prothrombin Time (PT)/ International normalized ratio (INR)
34,1,84,Bone Marrow Smear Examination,75,64,
34,1,85,Bone Marrow Smear Examination with Iron stain,256,218,
34,1,86,Bone Marrow Smear Examination and cytochemistry where required,340,289,
34,1,87,Activated partial ThromboplastinTime (APTT),105,89,
34,1,88,Glucose 6 Phosphate Dehydrogenase (G6PD),250,213,
34,1,89,Rapid test for malaria(card test),44,37,
34,1,90,WBC cytochemistry for leukemia -Complete panel,890,757,
34,1,91,"Bleeding Disorder panel-BT,CT,Platelet count, APTT, Extended DIC studies D-Dimer/Fibrinogen Degradation Products (FDP)",400,340,
34,1,92,Factor Assays-Factor VIII,750,638,
34,1,93,Factor Assays-Factor IX,700,595,
34,1,94,Factor Assays- other factors,2763,2348,
34,1,,Anti Cardiolipin Antibodies,,,
34,1,95,Anti Cardiolipin Antibodies IgG,260,221,Changed procedure name
34,1,96,Anti Cardiolipin Antibodies IgM,260,221,Changed procedure name
35,1,97,Anti Cardiolipin Antibodies IgA,260,221,Changed procedure name
35,1,,Antiphospholipid Antibodies,,,
35,1,98,Antiphospholipid Antibodies IgG,260,221,Changed procedure name
35,1,99,Antiphospholipid Antibodies IgM,260,221,Changed procedure name
35,1,100,Antiphospholipid Antibodies IgA,260,221,Changed procedure name
35,1,101,Thalassemia studies,700,595,
35,1,102,Hb Electrophoresis,at S.No.183,at S.No.183,
35,1,103,Sickling studies,77,65,
35,1,,Nutritional Markers,,,
35,1,104,Serum Iron,100,85,
35,1,105,Total Iron Binding Capacity,100,85,
35,1,106,Vitamin B12 assay,256,218,
35,1,107,Folic Acid assay,350,298,
35,1,108,HDL Cholesterol,100,85,
35,1,,Blood Bank,,,
35,1,109,Blood Group & RhD Type,33,28,
35,1,110,Cross match,60,51,
35,1,111,Packed cell preparation,40,34,
35,1,112,Coomb’s Test Direct,100,85,
35,1,113,Coomb’s Test Indirect,119,101,
35,1,114,Australia Antigen/ Hepatitis B Surface Antigen (HBsAg),120,102,
35,1,115,Rh Antibody titre,119,101,
35,1,116,Blood Components - Packed Red Blood Cells(PRBC) per unit,1450,1450,
35,1,117,Blood Components - Fresh Frozen Plasma(FFP),400,400,
35,1,118,Blood Components - Cryoprecipitate,200,200,
35,1,,Histopathology(HPE),,,
35,1,119,Histopathology - Routine H & E,100,85,Changed procedure name
35,1,120,Histopathology - Special stain,100,85,Changed procedure name
35,1,121,Immunohistochemistry(IHC),878,746,
35,1,122,Histopathology Examination (HPE) Frozen section,1500,1275,Changed procedure name to Histopathology Examination (HPE) Frozen section
35,1,123,Histopathology Examination (HPE) Paraffin section,200,170,Changed procedure name to Histopathology Examination (HPE) Paraffin section
35,1,,Cytology,,,
35,1,124,Pap Smear,160,136,
35,1,125,Vaginal Cytology for Hormonal evaluation,160,136,
35,1,126,Body fluid for Malignant cells,200,170,
35,1,127,Fine Needle Aspiration Cytology (FNAC),250,213,
35,1,128,Special stain on cytology,90,77,
35,1,,Flow Cytometry,-,-,
35,1,129,Leukemia panel /Lymphoma panel,3575,3039,
36,1,130,"CD Count: CD3,CD4,CD8",1000,850,
36,1,131,"Paroxysmal Nocturnal Haemoglobinuria (PNH)Panel- CD55, CD59",1450,1233,
36,1,,Cytogenetics,-,-,
36,1,132,Karyotyping,2000,1700,
36,1,,Tumour markers,-,-,
36,1,133,Prostate Specific antigen (PSA)- Total,319,271,
36,1,134,Prostate Specific antigen (PSA)- Free,450,383,
36,1,135,Alpha Fetoprotein (AFP),345,293,
36,1,136,Human chorionic gonadotropin (HCG),340,289,
36,1,137,Cancer Antigen 125 (CA 125),400,340,
36,1,138,Cancer Antigen 19.9 (CA 19.9),630,536,
36,1,139,Cancer Antigen 15.3 (CA 15.3),630,536,
36,1,140,Carcinoembryonic Antigen (CEA),350,298,
36,1,,Biochemistry,,,
36,1,141,Blood Glucose Random(RBS/FBS/PPBS),25,21,Changed procedure name
36,1,142,Blood Urea Nitrogen (BUN) / Urea,55,47,Changed procedure name to Blood Urea Nitrogen (BUN) / Urea
36,1,143,Serum Creatinine,56,48,
36,1,144,Serum Uric Acid,56,48,
36,1,145,Serum Bilirubin Total & Direct,35,30,
36,1,146,Serum Iron,at S.No.104,at S.No.104,
36,1,147,Serum Cholesterol,63,54,
36,1,148,Total Iron Binding Capacity(TIBC),100,85,
36,1,149,Blood Glucose (Both FBS & PPBS),48,41,Changed procedure name
36,1,150,Serum Calcium -Total,63,54,
36,1,151,Serum Calcium - Ionic,45,38,
36,1,152,Serum Phosphorus,66,56,
36,1,153,Total Protein Albumin/Globulin Ratio (A/G Ratio),70,60,
36,1,154,Serum glutamic pyruvic transaminase (SGPT) / Alanine Aminotransferase (ALT),56,48,
36,1,155,Serum Glutamic oxaloacetic transaminase (SGOT) / Aspartate Aminotransferase (AST),56,48,
36,1,156,Serum Amylase,120,102,
36,1,157,Serum Electrolytes,130,111,
36,1,158,Serum Triglyceride,95,81,Changed procedure name
36,1,159,Glucose Tolerance Test (GTT),100,85,
36,1,160,Creatine Phosphokinase (CPK),105,89,
36,1,161,Lactate dehydrogenase (LDH),132,112,
36,1,162,Alkaline Phosphatase(ALP),63,54,
36,1,163,Acid Phosphatase,80,68,
36,1,164,Creatine Phosphokinase (CPK)/Creatine Kinase (CK),196,167,
36,1,165,Lithium,140,119,
36,1,166,Dilantin (phenytoin),439,373,
36,1,167,Carbamazepine,439,373,
36,1,168,Valproic acid,315,268,
36,1,169,Serum Ferritin,315,268,
36,1,170,Blood gas analysis / Arterial Blood Gas (ABG),460,391,
37,1,171,Blood gas analysis / Arterial Blood Gas (ABG) with electrolytes,151,129,
37,1,172,Urine Pregnancy Test (UPT),69,58,Changed procedure name
37,1,173,Glycated haemoglobin (HbA1C),165,140,Changed procedure name
37,1,174,Kidney Function Tests ( KFT/RFT),261,222,
37,1,175,Liver Function Tests (LFT),275,234,
37,1,176,"Lipid Profile(Total cholesterol,LDL,HDL,Triglycerides)",215,182,
37,1,177,"Extended Lipid Profile( Total cholesterol, LDL, HDL,Triglycerides,Apo A1,Apo B,Lp(a) )",700,595,
37,1,178,Apolipoprotein A1 (ApoA1),203,173,
37,1,179,Apolipoprotein B (Apo B),203,173,
37,1,180,Lipoprotein A / Lp A,455,387,
37,1,181,Low density lipoprotein (LDL),63,54,
37,1,182,Serum Homocysteine,450,383,
37,1,183,Haemoglobin (Hb) Electrophoresis,450,383,
37,1,184,Serum Protein Electrophoresis,300,255,Changed procedure name
37,1,185,Fibrinogen,400,340,
37,1,186,Serum Chloride,66,56,Changed procedure name
37,1,187,Serum Magnesium,154,131,
37,1,188,GGTP (Gamma Glutamyl Transpeptidase) / GGT,100,85,
37,1,189,Serum Lipase,245,208,
37,1,190,Fructosamine,224,190,
37,1,191,Beta 2 microglobulin (B2M) /β2 microglobulin,100,85,
37,1,192,Serum Albumin,21,18,Changed procedure name and missed from package master
37,1,193,Catecholamines,800,680,
37,1,194,Creatinine clearance (Select CGHS code 65 under investigations),at S.No.65,at S.No.65,
37,1,,Hormones,-,-,
37,1,195,"T3, T4, TSH -Thyroid Function Test (TFT)",213,181,"Changed procedure name to T3, T4, TSH - Thyroid Function Test (TFT)"
37,1,196,Triiodothyronine (T3),75,64,
37,1,197,Tetraiodothyronine (T4),75,64,
37,1,198,Thyroid stimulating hormone (TSH),125,106,
37,1,199,Luteinizing hormone (LH),188,159,
37,1,200,Follicle stimulating hormone(FSH),188,159,
37,1,201,Prolactin,188,159,
37,1,202,Cortisol,266,226,
37,1,203,Serum Erythropoietin,550,468,
37,1,204,PTH (Parathormone),618,525,
37,1,205,Calcitonin,840,714,
37,1,206,C-Peptide(connecting peptide),400,340,
37,1,207,Insulin,325,276,
37,1,208,Progesterone,266,226,
37,1,209,17-hydroxyprogesterone (17-OH Progesterone),450,383,
37,1,210,Dehydroepiandrosterone sulfate (DHEA-S),450,383,
37,1,211,Androstenedione,750,638,
38,1,212,Growth Hormone,350,298,
38,1,213,TPO antibody test (Thyroid peroxidase),385,327,
38,1,214,Thyroglobulin,400,340,
38,1,,Microbiology & Serology,-,-,
38,1,215,Smear gram stain examination,48,41,
38,1,216,Sputum smear AFB (Acid fast bacillus)stain,56,48,
38,1,217,Vaginal Smear Examination,80,68,
38,1,218,Direct smear and stain examination for cryptosporidium,100,85,
38,1,219,Direct smear and stain examination for Pneumocystis Carinii (P.carini),100,85,
38,1,220,LCB(Lactophenol Cotton Blue) Count for mycology,150,128,
38,1,221,LCB (Lactophenol Cotton Blue ) Count for others,300,255,
38,1,222,Venereal Disease Research Laboratory Test (VDRL),50,42,
38,1,223,Treponema pallidum hemagglutination(TPHA) test,120,102,
38,1,224,Widal test,70,60,
38,1,225,Rheumatoid Factor test,105,89,
38,1,226,Culture & Sensitivity - bacterial,100,85,
38,1,227,Culture & Sensitivity - mycobacterial,160,136,
38,1,228,Culture & Sensitivity - mycology,160,136,
38,1,229,C-Reactive Protein (CRP ),120,102,
38,1,230,C-Reactive Protein (CRP ) - Quantitative,200,170,
38,1,231,ASO Titre,143,122,
38,1,232,Quantitative Human chorionic gonadotropin (HCG),80,68,
38,1,233,Blood culture & sensitivity- manual,160,136,
38,1,234,Blood culture & sensitivity-automated,300,255,
38,1,235,Vibrio cholerae culture,150,128,
38,1,236,Rapid Blood Culture,320,272,
38,1,237,Rapid AFB Culture,160,136,
38,1,238,C3 Complement,650,552,
38,1,239,C4 Complement,650,552,
38,1,240,Immunoglobulin G (IgG),195,166,
38,1,241,Immunoglobulin M (IgM),240,204,
38,1,242,Immunoglobulin A (IgA),195,166,
38,1,243,Antinuclear antibody(ANA),320,272,
38,1,244,Anti double stranded DNA (Anti Ds DNA),385,327,
38,1,245,P ANCA,640,544,
38,1,246,C ANCA,640,544,
38,1,,Infectious disease serology,-,-,
38,1,247,HAV,553,470,
38,1,248,HBsAg - ELISA,147,125,
38,1,249,Anti HBS,650,552,
38,1,250,Anti HBC Total,490,417,
38,1,251,Hepatitis B Core Antibody (HBcAb) Level (Hepatitis B Core IgM Antibody) Anti HBc IgM,480,408,
38,1,252,HBeAg,423,359,
38,1,253,Anti HBe,450,383,
38,1,254,Anti- HCV,400,340,
38,1,255,Anti HEV IgM,1000,850,
38,1,256,"Triple Marker (HIV, HBsAg & anti HCV)",900,765,Changed procedure name
38,1,,TORCH,-,-,
38,1,257,TORCH IgG,260,221,Changed procedure name
39,1,258,TORCH IgM,260,221,Changed procedure name
39,1,,Toxoplasmosis,-,-,
39,1,259,Toxoplasmosis IgG,260,221,Changed procedure name
39,1,260,Toxoplasmosis IgM,260,221,Changed procedure name
39,1,,CMV(Cytomegalovirus),-,-,
39,1,261,CMV(Cytomegalovirus) IgG,260,221,Changed procedure name
39,1,262,CMV(Cytomegalovirus) IgM,260,221,Changed procedure name
39,1,,HSV(Herpes Simplex Virus),-,-,
39,1,263,HSV(Herpes Simplex Virus) IgG,260,221,Changed procedure name
39,1,264,HSV(Herpes Simplex Virus) IgM,260,221,Changed procedure name
39,1,265,HSV(Herpes Simplex Virus) IgE,400,340,Changed procedure name
39,1,,Tuberculosis,-,-,
39,1,266,Tuberculosis TB IgG,280,238,Changed procedure name
39,1,267,Tuberculosis TB IgM,280,238,Changed procedure name
39,1,268,Tuberculosis TB IgA,280,238,Changed procedure name
39,1,,Rubella,-,-,
39,1,269,Rubella IgG,200,170,Changed procedure name
39,1,270,Rubella IgM,200,170,Changed procedure name
39,1,271,Rubella IgA,250,213,Changed procedure name
39,1,272,Dengue Serology,600,510,
39,1,273,Cysticercosis Serology,340,289,Changed procedure name
39,1,274,Hydatid Serology,374,318,
39,1,275,Anti Sperm Antibodies,406,345,
39,1,,HBV DNA,,,
39,1,276,Hepatitis B Virus (HBV) DNA Qualitative,2340,1989,
39,1,277,Hepatitis B Virus (HBV) DNA Quantitative,1600,1360,
39,1,,HCV RNA,-,-,
39,1,278,Hepatitis C Virus (HCV) RNA Qualitative,1760,1496,
39,1,279,Human papillomavirus (HPV) serology,at S.No.685,at S.No.685,
39,1,280,Rotavirus serology,163,138,
39,1,281,PCR for Tuberculosis (TB),975,829,
39,1,282,PCR for Human immunodeficiency virus ( HIV),630,536,
39,1,283,Chlamydia antigen,900,765,
39,1,284,Chlamydia antibody,280,238,
39,1,285,Brucella serology,245,208,
39,1,286,Influenza A serology,943,801,
39,1,,"USG, X Ray, CT, MRI, Bone Densitometry",-,-,
39,1,287,USG for Obstetrics - Anomalies scan,2000,1700,
40,1,288,USG Abdomen / KUB,800,680,Changed procedure name to USG Abdomen / KUB
40,1,289,"Pelvic USG ( prostate, gynae, infertility, post-void residual (PVR) etc",500,425,"Changed procedure name to Pelvic USG ( prostate, gynae, infertility, post-void residual (PVR) etc"
40,1,290,"USG Small parts ( scrotum, thyroid , parathyroid etc)",410,349,Changed procedure name
40,1,291,USG Neonatal head (Transfontanellar),500,425,Changed procedure name
40,1,292,USG Neonatal spine,500,425,Changed procedure name
40,1,293,USG Contrast enhanced,1000,850,Changed procedure name
40,1,294,USG Breast,800,680,
40,1,295,USG Hysterosalpingography (HSG),2400,2040,Changed procedure name
40,1,296,USG Colour Doppler - Carotid artery,1000,850,Changed procedure name
40,1,297,USG Colour Doppler - Peripheral Artery/Veins,830,706,Changed procedure name
40,1,298,USG Colour doppler - Renal arteries/any other organ,1000,850,Changed procedure name
40,1,299,USG guided intervention- aspiration,500,425,
40,1,300,USG guided intervention- FNAC,1800,1530,
40,1,301,USG guided intervention - biopsy,Listed Under Treatment Procedures,Listed Under Treatment Procedures,
40,1,302,USG guided intervention - nephrostomy,800,680,
40,1,,X Ray,,,
40,1,303,X Ray Abdomen AP Supine or Erect (One film),250,215,Changed procedure name
40,1,304,X Ray Abdomen Lateral view (one film),110,94,Changed procedure name
40,1,305,X Ray Pelvimetry,120,102,Changed procedure name
40,1,306,X Ray Chest PA view (one film),230,195,Changed procedure name
40,1,307,X Ray Chest Lateral view (one film),230,195,Changed procedure name
40,1,308,"X Ray Mastoids: Towne view, oblique views (3 films)",300,255,Changed procedure name
40,1,309,"X Ray Extremities, bones & Joints AP & Lateral views (Two films)",160,136,Changed procedure name
40,1,310,X Ray Pelvis AP (one film),110,94,Changed procedure name
40,1,311,X Ray TM Joints (one film),110,94,Changed procedure name
40,1,312,X Ray Abdomen & Pelvis for KUB,150,128,Changed procedure name
40,1,313,X Ray Skull AP & Lateral (2 films),200,170,Changed procedure name
41,1,314,X Ray Spine AP & Lateral (2 films),200,170,,Changed procedure name
41,1,315,X Ray PNS (Paranasal sinus) view (1 film),110,94,,Changed procedure name
41,1,,X Ray Contrast studies,,,,
41,1,316,Barium Swallow,600,510,,
41,1,317,Barium Upper GI study,700,595,,
41,1,318,Barium Upper GI study (Double contrast),700,595,,
41,1,319,Barium Meal follow through,1100,935,,
41,1,320,Barium Enema (Single contrast/double contrast),1000,850,,
41,1,321,Small bowel enteroclysis,1200,1020,,
41,1,322,ERCP (Endoscopic Retrograde Cholangiopancreatography),at S.No.1219,at S.No.1219,at S.No.1219,
41,1,323,General: Fistulography /Sinography/Sialography/ Dacryocystography/ T- Tube cholangiogram/Nephrostogram,750,638,,
41,1,324,Percutaneous transhepatic cholangiography(PTC),1500,1275,,
41,1,325,Intravenous Pyelography (IVP),1120,950,,
41,1,326,Micturating Cystourethrography (MCU),1120,950,,
41,1,327,Retrograde Urethrography (RGU),1120,950,,
41,1,328,Contrast Hysterosalpingography (HSG),300,255,,
41,1,329,X Ray Arthrography,2400,2040,,
41,1,330,Cephalography,150,128,,
41,1,331,Myelography,1800,1530,,
41,1,332,Digital Subtraction Angiography (DSA) - Cerebral arteries,22000,18700,,
41,1,333,Digital Subtraction Angiography (DSA) - Peripheral Artery/arteries,9000,7650,,
41,1,334,Digital Subtraction Angiography (DSA) - Abdomen,,,,
41,1,335,Digital Subtraction Angiography (DSA) - Chest,,,,
41,1,,Mammography,,,,
41,1,336,X Ray Mammography,500,425,,
41,1,337,Ultrasound Mammography,500,425,,
41,1,338,MRI Mammography,3000,2550,,
41,1,,CT,,,,
41,1,339,CT Head/Brain - Without Contrast,800,680,,Changed procedure name
41,1,340,CT Head/Brain - with Contrast (+/- CT angiography),1350,1148,,Changed procedure name
41,1,341,CT Chest - without contrast (for lungs),1500,1275,,
41,1,342,CT Chest - with contrast (+/- CT angiography),2500,2125,,
41,1,343,CT Scan Upper Abdomen Without Contrast,1700,1445,,
41,1,344,CT Scan Upper Abdomen With Contrast,2400,2040,,
41,1,345,CT Scan Lower Abdomen Without Contrast,1500,1275,,
41,1,346,CT Scan Lower Abdomen With Contrast,2400,2040,,
41,1,347,CT Scan Whole Abdomen Without Contrast,3000,2550,,
41,1,348,CT Scan Whole Abdomen With Contrast,4500,3825,,
41,1,349,CT angiography abdomen/chest,5000,4250,,
41,1,350,CT Enteroclysis,,,,
41,1,351,"CT Scan Neck (Thyroid, parathyroid, Soft Tissues) – Without Contrast",1500,1275,,
41,1,352,CT Scan Neck – With Contrast,2200,1870,,
41,1,353,CT Scan Orbits - Without Contrast,1400,1190,,
41,1,354,CT Scan Orbits - With Contrast,1900,1615,,
42,1,355,CT Scan of Paranasal Sinuses(CT PNS) - Without Contrast,1250,1063,Changed procedure name
42,1,356,CT Scan of Paranasal Sinuses(CT PNS) - With Contrast,2100,1785,Changed procedure name
42,1,357,"CT Spine (Cervical, Dorsal, Lumbar, Sacral)-without contrast",1500,1275,
42,1,358,CT Scan Temporal bone - without contrast,1050,893,
42,1,359,CT Scan-Dental,1500,1275,
42,1,360,CT Scan Limbs -Without Contrast,1500,1275,
42,1,361,CT Scan Limbs -With Contrast including CT angiography,2650,2253,
42,1,362,CT Guided intervention – Biopsy /FNAC,1200,1020,
42,1,363,CT Guided intervention - percutaneous catheter drainage / tube placement,1535,1305,
42,1,,MRI,-,-,
42,1,364,MRI Head/Brain -Without Contrast,2500,2125,Changed procedure name
42,1,365,MRI Head/Brain -With Contrast,3350,2848,Changed procedure name
42,1,366,MRI Orbits – Without Contrast,1700,1445,
42,1,367,MRI Orbits – With Contrast,5000,4250,
42,1,368,MRI Nasopharynx and PNS – Without Contrast,2500,2125,
42,1,369,MRI Nasopharynx and PNS – With Contrast,5000,4250,
42,1,370,MRI Neck - Without Contrast,2400,2040,
42,1,371,MRI Neck- with contrast,5000,4250,
42,1,372,MRI Shoulder – With contrast,5000,4250,
42,1,373,MRI Shoulder – Without contrast,2500,2125,
42,1,374,MRI Shoulder both joints - Without contrast,2500,2125,
42,1,375,MRI Shoulder both joints – With contrast,5000,4250,
42,1,376,MRI Wrist Single joint - Without contrast,3000,2550,
42,1,377,MRI Wrist Single joint - With contrast,5000,4250,
42,1,378,MRI Wrist both joints - Without contrast,4000,3400,
42,1,379,MRI Wrist Both joints - With contrast,5000,4250,
42,1,380,MRI knee Single joint - Without contrast,3000,2550,
42,1,381,MRI knee Single joint - With contrast,5000,4250,
42,1,382,MRI knee both joints - Without contrast,4000,3400,
42,1,383,MRI knee both joints - With contrast,5000,4250,
42,1,384,MRI Ankle Single joint - Without contrast,2500,2125,
42,1,385,MRI Ankle single joint - With contrast,5000,4250,
42,1,386,MRI Ankle both joints - With contrast,5000,4250,
42,1,387,MRI Ankle both joints - Without contrast,2500,2125,
42,1,388,MRI Hip - With contrast,5500,4675,
42,1,389,MRI Hip - without contrast,3000,2550,
42,1,390,MRI Pelvis - Without Contrast,2500,2125,
42,1,391,MRI Pelvis - with contrast,5000,4250,
42,1,392,MRI Extremities - With contrast,5000,4250,
42,1,393,MRI Extremities - Without contrast,2500,2125,
42,1,394,MRI Temporomandibular - Single Joint - With contrast,5000,4250,
42,1,395,MRI Temporomandibular - Single Joint - Without contrast,2500,2125,
42,1,396,MRI Temporomandibular Double Joint - With contrast,5000,4250,
42,1,397,MRI Temporomandibular Double Joint -Without contrast,2500,2125,
43,1,398,MRI Abdomen – Without Contrast,2500,2125,
43,1,399,MRI Abdomen – With Contrast,5000,4250,
43,1,400,MRI Breast - With Contrast,5000,4250,
43,1,401,MRI Breast - Without Contrast,2500,2125,
43,1,402,MRI Spine Screening - Without Contrast,2000,1700,
43,1,403,MRI Chest - Without Contrast,2500,2125,
43,1,404,MRI Chest - With Contrast,5000,4250,
43,1,405,MRI Cervical/Cervicodorsal Spine – Without Contrast,2500,2125,
43,1,406,MRI Cervical/Cervicodorsal Spine – With Contrast,5000,4250,
43,1,407,MRI Dorsal/Dorsolumbar Spine - Without Contrast,2500,2125,
43,1,408,MRI Dorsal/Dorsolumbar Spine – With Contrast,5000,4250,
43,1,409,MRI Lumbar/Lumbosacral(LS) Spine – Without Contrast,2500,2125,
43,1,410,MRI Lumbar/Lumbosacral(LS) Spine – With Contrast,5000,4250,
43,1,411,MRI Whole body (For oncological workup),6000,5100,Changed procedure name
43,1,412,MRI Angiography – Without Contrast,1200,1020,
43,1,413,MRI Angiography – With Contrast,5000,4250,
43,1,414,Magnetic Resonance Cholecysto Pancreatography (MRCP),2500,2125,
43,1,415,MR Enteroclysis,2500,2125,
43,1,,Bone Densitometry,,,
43,1,416,Dexa scan Bone Densitometry - Single Site,1000,850,
43,1,417,Dexa Scan Bone Densitometry - Two sites,1800,1530,
43,1,418,"Dexa scan Bone Densitometry - Three sites (Spine, Hip & extremity)",2300,1955,
43,1,419,Dexa scan Bone Densitometry Whole body,2950,2508,
43,1,,Neurological Investigations and Procedures,,,
43,1,420,EEG/Video EEG,350,298,
43,1,421,EMG (Electromyography),750,638,
43,1,422,Nerve conduction velocity (NCV) - two or more limbs,750,638,Changed procedure name
43,1,423,Decremental response (before and after neostigmine),700,595,
43,1,424,Incremental response,700,595,
43,1,425,SSEP (Somatosensory evoked potentials),750,638,
43,1,426,Polysomnography(PSG)/ Sleep study,750,638,
43,1,427,Brachial plexus study,750,638,
43,1,428,Muscle biopsy,450,383,
43,1,429,Acetylcholine receptor (AChR) antibody titre,750,638,
43,1,430,Anti muscle specific receptor tyrosine kinase (Anti MuSK) antibody titre,9500,8075,
43,1,431,Serum Copper,500,425,
43,1,432,Serum Ceruloplasmin,618,525,
43,1,433,Urinary Copper,500,425,
43,1,434,Serum Homocysteine,Listed under Investigations,Listed under Investigations,
43,1,435,Serum Valproate level,439,373,
43,1,436,Serum phenobarbitone level,390,332,
43,1,437,Coagulation profile,595,506,
43,1,438,"Protein C, Protein S, antithrombin – III (Thrombophilia profile)",700,595,Changed procedure name
43,1,439,Serum lactate level,540,459,
44,1,,"CEREBROSPINAL FLUID (CSF) / ALL BODY FLUIDS (Blood/Urine/Ascitis/pleural fluids/Pus /Sputum, etc)",-,-,
44,1,440,"CSF - Basic studies including cell count, protein, sugar, gram stain, India Ink preparation and smear for AFB",240,204,Changed procedure name
44,1,441,CSF - Special studies,1200,1020,
44,1,442,CSF/Body fluids - PCR for tuberculosis/ Herpes simplex,925,786,Changed procedure name
44,1,443,CSF/Body fluids - Bacterial culture and sensitivity,200,170,Changed procedure name
44,1,444,CSF/Body fluids - Mycobacterial culture and sensitivity,200,170,Changed procedure name
44,1,445,CSF/Body fluids - Fungal culture,150,128,Changed procedure name
44,1,446,CSF/Body fluids - Malignant cells (Cytology),75,64,Changed procedure name
44,1,447,Anti measles antibody titre (with serum antibody titre),1230,1046,
44,1,448,CSF/Body fluids - Viral culture,300,255,
44,1,449,"Antibody titre (Herpes simplex, cytomegalovirus, flavivirus, zoster varicella virus)",2000,1700,
44,1,450,CSF/Body fluids - Oligoclonal bands (OCBs),1500,1275,Changed procedure name
44,1,451,CSF/Body fluids - Myelin basic protein (MBP),400,340,Changed procedure name
44,1,452,CSF/Body fluids - Lactate,350,298,Changed procedure name
44,1,453,CSF/Body fluids - Cryptococcal antigen,850,723,Changed procedure name
44,1,,TESTS IN GASTROENTEROLOGY,-,-,
44,1,454,D-xylose test,1200,1020,
44,1,455,Fecal fat test/ fecal chymotrypsin/ fecal elastase,1200,1020,
44,1,456,Breath tests- Urea for H pylori / Hydrogen,1500,1275,Changed procedure name to Breath tests- Urea for H pylori / Hydrogen
44,1,457,H pylori serology for coeliac disease,250,213,
44,1,458,HBV genotyping,2730,2321,
44,1,459,HCV genotyping,2200,1870,
44,1,,Tests in Endocrinology (in addition to those included under Hormones),-,-,
44,1,460,Urinary vanillylmandelic acid (VMA),430,366,
44,1,461,Urinary metanephrine/Normetanephrine,400,340,
44,1,462,Urinary free catecholamine,350,298,
44,1,463,Serum catecholamine,450,383,
44,1,464,Serum aldosterone,700,595,
44,1,465,24 Hour urinary aldosterone,920,782,
44,1,466,Plasma renin activity,800,680,
44,1,467,Serum aldosterone/renin ratio,1250,1063,
44,1,468,Osmolality urine,150,128,
44,1,469,Osmolality serum,150,128,
44,1,470,Urinary sodium,94,79,
44,1,471,Urinary Chloride,50,43,
44,1,472,Urinary potassium,94,79,
45,1,473,Urinary calcium,94,79,,
45,1,474,Anti TPO (Thyroid peroxidase) antibody,at S.No.213,at S.No.213,,
45,1,475,Thyroid binding globulin (Thyroglobulin),at S.No.214,at S.No.214,,
45,1,476,Serum cortisol,at S.No.202,at S.No.202,,
45,1,477,24 hour urinary free cortisol,400,340,,
45,1,478,Islet cell antibody,950,808,,
45,1,479,Glutamic Acid Decarboxylase Autoantibodies test (GAD antibodies),1330,1131,,
45,1,480,Insulin associated antibody,449,381,,
45,1,481,Insulin-like growth factor-1 (IGF-1),1500,1275,,
45,1,482,Insulin-like growth factor binding protein 3 (IGFBP3),1650,1403,,
45,1,483,Sex hormone binding globulin,1333,1133,,
45,1,484,USG guided FNAC thyroid gland,455,387,,
45,1,485,Free T3 (FT3),125,106,,
45,1,486,Free T4 (FT4),125,106,,
45,1,487,Free T4/TSH,100,85,,
45,1,488,Free T3/Free T4/TSH - Thyroid Function Test (TFT),300,255,,Changed procedure name
45,1,489,Estradiol (E2),245,208,,
45,1,490,Thyroglobulin antibody,700,595,,
45,1,ADDED W.E.F. 14.01.2020,,,,,
45,1,Sr. no. as per Delhi 2014,CGHS TREATMENT PROCEDURE/INVESTIGATION LIST,NABH/NABL Rate in Rupees,Non NABH/Non NABL rates in Rupees,,
45,1,1781,"Kappa Lambda Light Chains, Free, Serum/ Serum free light chains (SFLC)",4025,3500,,
45,1,1782,Serum IGE Level,345,300,,
45,1,1783,NT-Pro BNP,2070,1800,,
45,1,1784,CECT Chest (Including CD),2875,2500 Including CD,2445,
45,1,1785,MRI-Prostate (Multi-parametric) (Including CD),6900 Including CD,6000/- including CD,,
45,1,1786,HCV RNA Quantitative,1725,1500,,
45,1,1787,Tacrolimus,2645,2300,,
45,1,1788,"Protein Creatinine Ratio (PCR), Urine / Albumin Creatinine Ratio (ACR), Urine",138,120,,Changed procedure name
45,1,1789,Fibroscan Liver,1150,1000,,
45,1,1790,HLA B27 (PCR),575,500,,
45,1,1791,Mantoux Test,200,175,,
45,1,1792,Procalcitonin,2070,1800,,
45,1,1793,TORCH Test,1288,1120,,
45,1,1794,Intracoronary optical coherence tomography (OCT) / Intravascular optical coherence tomography (IVOCT) (AIIMS Rates) + GST,65000,65000,,Changed procedure name
45,1,1795,Fractional Flow Reserve (FFR) Wire cost excluding GST(AIIMS Rates),30000,30000,,Changed procedure name
46,1,ADDED W.E.F. 05.06.2020,,,,
46,1,1796,Anti - Smooth Muscle Antibody Test (ASMA),1460,1241,
46,1,1797,C ANCA-IFA,1500,1275,
46,1,1798,P ANCA-IFA,1500,1275,
46,1,1799,Angiotensin converting enzyme (ACE),1000,850,
46,1,1800,Endobronchial Ultrasound (EBUS) -Trans bronchial needle aspiration (TBNA) -Using New Needle,18370,15614,
46,1,1801,Extractable Nuclear Antigens (ENA) - Quantitative,4600,3910,
46,1,1802,Chromogranin A,5000,4250,
46,1,1803,Faecal calprotectin (fecal calprotectin),2730,2320,
46,1,1804,C3-Complement,650,552,
46,1,1805,C4-Complement,650,552,
46,1,1806,Genexpert Test,1035,880,
46,1,1807,DJ stent removal,8700,7395,
46,1,1808,Pulmonary Function Test (PFT) / (Spirometry with DLCO),500,425,
46,1,1809,EUS (Endoscopic Ultrasound) guided FNAC (Using with Needle),15000,12750,
46,1,1810,CT Urography,4500,3825,
46,1,1811,Video Laryngoscopy,6000,5100,
46,1,1812,CT Angio-Neck Vessels,6000,5100,
46,1,1813,H1N1 (RT-PCR),1084,921,
46,1,1814,Erythropoietin level (Approved CGHS package rate as per Mumbai code 203),See Mumbai code 203,See Mumbai code 203,
46,1,1815,Anti HEV IgM,1000,850,
46,1,1816,Anti HAV IgM,750,637,
46,1,1817,HBsAg Quantitative,650,552,
46,1,1818,Typhidot IgM,400,340,
46,1,1819,Hepatitis B Core Antibody (HBcAb) Level (Hepatitis B Core IgM Antibody),480,408,
46,1,1820,Anti HBs,650,552,
46,1,"ADDED vide clause 2,5, & 6 of OM F.No. S-11045/36/2012-CGHS (HEC) dated 26.11.2014",,,,
46,1,1821,Free Triiodothyronine (FT3),125,106,
46,1,1822,Free Thyroxine (FT4),125,106,
46,1,1823,Widal Test,70,60,
46,1,1824,Dengue Serology (including Dengue NS1),600,510,Changed procedure name
46,1,1825,Blood component charges - Whole Blood per Unit,1450,1450,
46,1,1826,Blood component charges - Packed Red Cell per Unit,1450,1450,
46,1,1827,Blood component charges - Fresh Frozen Plasma,400,400,
46,1,1828,Platelet Concentrate- Random Donor Platelet (RDP),400,400,
46,1,1829,Blood component charges - Cryoprecipitate,200,200,
46,1,1830,Platelet Concentrate – Single Donor Platelet (SDP)- Apheresis per unit,11000,11000,
46,1,1831,"CCS Group A Officer of above 40 years of age –Male, Annual Health Check up",2000,2000,
46,1,1832,"CCS Group A Officer of above 40 years of age –Female, Annual Health Check up","2,200",2200,
46,1,ADDED W.E.F. 07.02.2021,,,,
47,1,1833,Interleukin 6 (IL 6),1600,1360
47,1,1834,High resolution computed Tomography (HRCT Chest),"2,000",1700
47,1,1835,Fluid air exchange (per eye),5000,4250
47,1,1836,C3F8 Gas Injection (per eye),5000,4250
47,1,1837,Diurnal variation of IOP (per eye),1500,1275
47,1,1838,Silicone oil injection (per eye),5000,4250
47,1,1839,Epiretinal Membrane (ERM) Peeling (per eye),7000,5950
47,1,1840,Epiretinal Membrane (ERM) Removal (per eye),3000,2550
47,1,1841,Internal limiting membrane (ILM) peeling (per eye),3000,2550
47,1,1842,Punctoplasty (per eye),6500,5525
47,1,1843,Punctal plug(Collagen/silicone) (per eye),"4,000",3400
47,1,1844,Laser Trabeculoplasty Gonioplasty (both eyes),"16,000",13600
47,1,1845,Eye laser pulse therapy (per eye),3500,2975
47,1,1846,Glaucoma valve/Glaucoma Ahmed valve,15000,12750
47,1,1847,Malyugin Ring,"10,000",8500
47,1,1848,Globe exploration (eye surgery),"10,000",8500
47,1,1849,Scleral Fixation Tissue glue,8400,7140
47,1,1850,Fiber optic Nasal Endoscopy,2300,1955
47,1,1851,Videostroboscopy,5500,4675
47,1,1852,Video Bronchoscopy with BAL,"10,000",8500
47,1,1853,Sleep deprived EEG (Rate shall be the same CGHS rate of EEG/Video EEG) Select CGHS Mumbai rate code 420,See Mumbai code 420,See Mumbai code 420
