source_page,extracted_table_index,column_1,column_2,column_3,column_4
1,1,CGHS Package Rate List- Jaipur 2014 updated on 01.02.2024,,,
1,1,Sr. No.,CGHS TREATMENT PROCEDURE/INVESTIGATION LIST,Non NABH / Non NABL (Jaipur),NABH/NABL (Jaipur)
1,1,1,Consultation OPD,350,350
1,1,2,Consultation- for Inpatients (IPD),350,350
1,1,,Room Rent General Ward,1500,1500
1,1,,Room Rent Semi -Private Ward,3000,3000
1,1,,Room Rent Private Ward,4500,4500
1,1,3,Dressings of wounds,255,300
1,1,4,Suturing of wounds with local anesthesia,97,112
1,1,5,Aspiration Plural Effusion - Diagnostic,595,700
1,1,6,Aspiration Plural Effusion - Therapeutic,595,700
1,1,7,Abdominal/Peritoneal Aspirtation -Diagnostic/Ascitic Tapping/ Paracentesis -,595,700
1,1,8,DAibadgonmosintiacl/Peritoneal Aspirtation -Therapeutic/Ascitic Tapping/ Paracentesis-,640,750
1,1,9,TPehreircaapreduiatilc Aspiration,342,393
1,1,10,Joints Aspiration,285,328
1,1,11,Biopsy Skin,207,238
1,1,12,Removal of Stitches,170,200
1,1,13,Venesection,595,700
1,1,14,Phimosis Under LA,5100,6000
1,1,15,Sternal puncture,156,179
1,1,16,Injection/ Sclerotherapy / Banding of Haemorrhoids,595,700
1,1,17,Injection for Varicose Veins,595,700
1,1,18,Urinary Bladder Catheterisation,595,700
1,1,19,Dilatation of Urethra,1955,2300
2,1,20,Incision & Drainage,1955,2300
2,1,21,Intercostal Drainage,113,130
2,1,22,Peritoneal Dialysis,1319,1517
2,1,,TREATMENT PROCEDURE SKIN,,
2,1,23,Excision of Moles,311,358
2,1,24,Excision of Warts,279,321
2,1,25,Excision of Molluscum contagiosum,117,135
2,1,26,Excision of Venereal Warts,144,166
2,1,27,Excision of Corns,126,145
2,1,28,I/D Injection Keloid(Intralesional Injection),87,100
2,1,29,Chemical Cautery (s),99,114
2,1,,TREATMENT PROCEDURE OPTHALMOLOGY,,
2,1,30,Subconjunctival/subtenon’s injections in one eyes,62,71
2,1,31,Subconjunctival/subtenon’s injections in both eyes,124,143
2,1,32,Pterygium Surgery,5500,6325
2,1,33,Conjunctival Peritomy,52,60
2,1,34,Conjunctival wound repair or exploration following blunt trauma,3300,3795
2,1,35,Removal of corneal foreign body,104,120
2,1,36,Cauterization of ulcer/subconjunctival injection in one eye,62,71
2,1,37,Cauterization of ulcer/subconjunctival injection in both eyes,124,143
2,1,38,Corneal grafting—Penetrating keratoplasty,5175,5951
2,1,39,Corneal grafting—Lamellar keratoplasty,5000,5750
2,1,40,Cyanoacrylate /fibrin glue application for corneal perforation,621,714
2,1,41,Bandage contact lenses for corneal perforation,414,476
2,1,42,Scleral grafting or conjunctival flap for corneal perforation,2070,2381
2,1,43,Keratoconus correction with therapeutic contact lenses,1200,1380
2,1,44,Ultraviolet (UV) - radiation for cross-linking for keratoconus,1620,1863
2,1,45,EDTA for band shaped keratopathy,777,894
2,1,46,Arcuate keratotomy for astigmatism,2520,2898
2,1,47,Re-suturing (Primary suturing) of corneal wound,1035,1190
2,1,48,Penetrating keratoplasty with glaucoma surgery,10930,12570
2,1,49,Penetrating keratoplasty with vitrectomy,10930,12570
3,1,50,Penetrating keratoplasty with IOL implantation,12290,14134
3,1,51,DALK- Deep anterior lamellar keratoplasty,15525,17854
3,1,52,Keratoprosthesis stage I and II,10350,11903
3,1,53,DSAEK- Descemet’s stripping automated endothelial,15008,17259
3,1,54,kAeLraTtKop- lAasutytomated lamellar therapeutic keratoplasty,14850,17078
3,1,55,Probing and Syringing of lacrimal sac- in one eye,62,71
3,1,56,Probing and Syringing of lacrimal sac- in both eye,124,143
3,1,57,Dacryocystorhinostomy—Plain,2588,2976
3,1,58,Dacryocystorhinostomy—Plain with intubation and/or with lacrimal implants,8775,10091
3,1,59,Dacryocystorhinostomy—conjunctival with implant,8280,9522
3,1,60,Caliculoplasty,2070,2381
3,1,61,Dacryocystectomy,1725,1984
3,1,62,Punctal plugs for dry eyes,117,135
3,1,63,Refraction,36,41
3,1,64,Indirect Ophthalmoscopy,60,69
3,1,65,Orthoptic check-up- with synoptophore,40,46
3,1,66,Lees’ charting or Hess’ charting,90,104
3,1,67,Orthoptic exercises,50,58
3,1,68,Pleoptic exercises,50,58
3,1,69,Perimetry/field test—Goldman,130,150
3,1,70,Perimetry/field test— automated,130,150
3,1,71,Fluorescein angiography for fundus or iris,828,952
3,1,72,Ultrasound A- Scan,777,894
3,1,73,Ultrasound B- Scan,207,238
3,1,74,Fundus Photo Test,180,207
3,1,75,Indocyanin green angiography,828,952
3,1,76,Corneal endothelial cell count with specular microscopy,207,238
3,1,77,Corneal topography,298,343
3,1,78,Corneal pachymetry,207,238
3,1,79,Auto-refraction,32,37
4,1,80,Macular function tests,40,46
4,1,81,Potential acuity metry,100,115
4,1,82,Laser interferometry,156,179
4,1,83,OCT-Optical coherence tomography,1913,2200
4,1,84,HRT- Heidelberg’s retinal tomogram,135,155
4,1,85,GDx Nerve fibre layer analyzer,88,101
4,1,86,UBM- Ultrasound bio microscopy,135,155
4,1,87,Non Contact tonometry (NCT),45,52
4,1,88,IOP measurement with schiotz,27,31
4,1,89,IOP measurement with applation tonometry,45,52
4,1,90,Three mirror examination for retina,52,60
4,1,91,90 D lens examination,45,52
4,1,92,Gonioscopy,52,60
4,1,93,Chalazion incision and curettage in one eye,360,414
4,1,94,Chalazion incision and curettage in both eyes,388,446
4,1,95,Ptosis surgery with fasanella servat procedure,2070,2381
4,1,96,Ptosis surgery with LPS resection one lid,4950,5693
4,1,97,Ptosis surgery with Sling surgery one lid,6003,6903
4,1,98,Ectropion surgery- one lid,1400,1610
4,1,99,Ectropion surgery- both lids,2500,2875
4,1,100,Epicanthus correction,1395,1604
4,1,101,Cantholysis and canthotomy,518,596
4,1,102,Entropion surgery- one lid,1242,1428
4,1,103,Entropion surgery- both lids,1800,2070
4,1,104,Tarsorraphy,650,748
4,1,105,Suturing of lid lacerations,1035,1190
4,1,106,Lid retraction repair,1530,1760
4,1,107,Concretions removal,104,120
4,1,108,Bucket handle procedure for lid tumors,311,358
4,1,109,Cheek rotation flap for lid tumors,6210,7142
4,1,110,Orbitotomy,7245,8332
4,1,111,Enucleation,2700,3105
5,1,112,Enucleation with orbital implants and artificial prosthesis,2700,3105
5,1,113,Evisceration,3105,3571
5,1,114,Evisceration with orbital implants and artificial prosthesis,5124,5893
5,1,115,Telecanthus correction,4658,5357
5,1,116,Orbital decompression,5175,5951
5,1,117,Exenteration,5175,5951
5,1,118,Exenteration with skin grafting,6210,7142
5,1,119,Fracture orbital repair,8280,9522
5,1,120,Retinal laser procedures,1350,1553
5,1,121,Retinal detachment surgery (RDS),10350,11903
5,1,122,Retinal detachment surgery (RDS) with scleral buckling,12420,14283
5,1,123,Buckle removal,1035,1190
5,1,124,Silicone oil removal,2520,2898
5,1,125,Anterior retinal cryopexy,1046,1203
5,1,126,Squint correction for one eye,4500,5175
5,1,127,Squint correction for both eyes,6750,7763
5,1,128,Trabeculectomy,6900,7935
5,1,129,Trabeculotomy,6210,7142
5,1,130,Trabeculectomy with Trabeculotomy,9315,10712
5,1,131,Trephination,2070,2381
5,1,132,Goniotomy,311,358
5,1,133,Glaucoma surgery with Glaucoma valves,6310,7256
5,1,134,Cyclocryotherapy,1035,1190
5,1,135,YAG laser iridotomy,1350,1553
5,1,136,YAG laser capsulotomy,984,1132
5,1,137,ALT-Argon laser trabeculoplasty,1495,1719
5,1,138,PDT-Photodymic therapy,3105,3571
5,1,139,TTT- Transpupillary thermal therapy,3000,3450
5,1,140,PTK- Phototherapeutic keratectomy,6750,7763
5,1,141,Argon/diode laser for retinal detachment,1035,1190
5,1,142,Intralase application for keratoconus,5175,5951
5,1,143,EOG- electro-oculogram,810,932
6,1,144,ERG- Electro-retinogram,715,822
6,1,145,VEP- visually evoked potential,800,920
6,1,146,Vitrectomy- pars plana,10350,11903
6,1,147,Intravitreal injections- of antibiotics,1035,1190
6,1,148,Intravitreal injections- of Ranibizumab excluding cost of drug,2700,3105
6,1,149,X Ray orbit,110,127
6,1,150,CT orbit and brain,1600,1840
6,1,151,MRI- Orbit and brain,3105,3571
6,1,152,Dacryocystography,318,366
6,1,153,Orbital angio-graphical studies,1500,1725
6,1,154,Extracapsular cataract extraction (ECCE) with IOL,3450,3968
6,1,155,Small Incision Cataract Surgery (SICS) with IOL,4500,5175
6,1,156,Phaco with foldable IOL (silicone and acrylic)/PMMA IOL,9703,11158
6,1,157,Pars plana lensectomy with/without IOL,9315,10712
6,1,158,Secondary IOL implantation- AC IOL PC IOL or scleral fixated IOL,6210,7142
6,1,159,Cataract extraction with IOL with capsular tension rings,12150,13973
6,1,160,(OCpitoicn nnie’srv rein sgh)eathotomy,6750,7763
6,1,161,Iridodialysis repair or papillary reconstruction,4500,5175
6,1,162,Iris cyst removal,765,880
6,1,163,Lid Abscess incision and Drainage,1530,1760
6,1,164,Orbital Abscess incision and Drainage,2700,3105
6,1,165,Biopsy,414,476
6,1,166,Paracentesis,207,238
6,1,167,Scleral graft for scleral melting or perforation,2520,2898
6,1,168,Amniotic membrane grafting,1000,1150
6,1,169,Cyclodiathermy,2070,2381
6,1,170,Intraocular foreign body removal,168,193
6,1,171,Electrolysis,207,238
6,1,172,Perforating injury repair,4050,4658
6,1,173,Botulinum injection for blepharospasm or squint,2250,2588
6,1,,TREATMENT PROCEDURE DENTAL PROCEDURES,,
6,1,174,Flap Operation per quadrant,324,373
7,1,175,Gingivectomy per quadrant,234,269
7,1,176,Reduction & immobilization of fracture- Maxilla Under LA,810,932
7,1,177,Reduction & immobilization of fracture-Mandible Under LA,3150,3623
7,1,178,Splints/Circummandibular wiring under LA,510,587
7,1,179,splints/Circummandibular wiring under GA,990,1139
7,1,180,Internal wire fixation/plate fixation of Maxilla under LA,3000,3450
7,1,181,Internal wire fixation/plate fixation of Maxilla under GA,4000,4600
7,1,182,Internal wire fixation/plate fixation of Mandible under LA,3500,4025
7,1,183,Internal wire fixation/plate fixation of Mandible under GA,4000,4600
7,1,184,Extraction per tooth under LA,80,92
7,1,185,Complicated Extraction per Tooth under LA,100,115
7,1,186,Extraction of impacted tooth under LA,160,184
7,1,187,Extraction in mentally retarded/patients with systemic,845,972
7,1,188,dCiysseta s&e st/upmatoieunr to wf iMtha sxpilelcai a/ml naeneddibs luen bdye re nshuoclret atteiromn /GA,244,281
7,1,189,eCxycsits i&on t/u mmaorusru opfi aMlisaaxtiilolan /u mptaon 4d icbmles buyn deneru cLlAeation / excision / marsupialisation size more than 4 cms,406,467
7,1,190,Cyst & tumour of Maxilla/mandible by enucleation/excision/marsupialisation size more than 4 cms under GA,1000,1150
7,1,191,TM joint ankylosis- under GA,6750,7763
7,1,192,Biopsy Intraoral-Soft tissue,337,388
7,1,193,Biopsy Intraoral-Bone,374,430
7,1,194,Hemi-mandibulectomy with graft,18900,21735
7,1,195,Hemi-mandibulectomy without graft,18900,21735
7,1,196,Segmental-mandibulectomy with graft,3400,3910
7,1,197,Segmental-mandibulectomy without graft,990,1139
7,1,198,Maxillectomy- Total with graft,2500,2875
7,1,199,Maxillectomy- Total without graft,1950,2243
7,1,200,Maxillectomy- partial with graft,2700,3105
7,1,201,Maxillectomy- partial without graft,2250,2588
8,1,202,Release of fibrous bands & grafting -in (OSMF) treatment under GA,1500,1725
8,1,203,Pre-prosthetic surgery- Alveoloplasty,500,575
8,1,204,Pre-prosthetic surgery - ridge augmentation,1200,1380
8,1,205,Root canal Treatment(RCT) Anterior teeth(per tooth),500,575
8,1,206,Root canal Treatment(RCT) Posterior teeth (per tooth),700,805
8,1,207,Apicoectomy- Single root,500,575
8,1,208,Apicoectomy-Multiple roots,650,748
8,1,209,Metal Crown-per unit,500,575
8,1,210,Metal Crown with Acrylic facing per unit,700,805
8,1,211,Complete single denture-metal based,1350,1553
8,1,212,Complete denture- acrylic based per arch,950,1093
8,1,213,Removable partial denture-Metal based-upto 3 teeth,700,805
8,1,214,Removable partial denture-Metal based-more than 3 teeth,810,932
8,1,215,Removable partial denture-Acrylic based-upto 3 teeth,500,575
8,1,216,Removable partial denture-Acrylic based-more than 3 teeth / Per tooth,264,304
8,1,217,Amalgam restoration-per tooth,200,230
8,1,218,Composite Restoration-per tooth-anterior tooth,250,288
8,1,219,Glass Ionomer filling-per tooth,200,230
8,1,220,Scaling & polishing,270,311
8,1,221,Removable Orthodontics appliance- per Arch,700,805
8,1,222,Fixed Orthodontics-per Arch,1150,1323
8,1,223,Space maintainers-Fixed,500,575
8,1,224,Habit breaking appliances-removable,800,920
8,1,225,Habit breaking appliances-Fixed,1500,1725
8,1,226,Expansion plate,1000,1150
8,1,227,Feeding appliance for cleft palate,1500,1725
8,1,228,Maxillo-facial prosthesis (sal/auricular/orbital/facial lost,3150,3623
8,1,229,pFaurntc)tional orthodontic appliances,3000,3450
8,1,230,Obturator (Maxillo-facial),1500,1725
8,1,231,Occlusal night guard(splint),800,920
9,1,,TREATMENT PROCEDURE ENT,,
9,1,232,Pure Tone Audiogram,155,178
9,1,233,Impedence with stepedeal reflex,207,238
9,1,234,Short Increment Sensitivity Index (SISI) Tone Decay,119,137
9,1,235,Multiple hearing assessment test to Adults,104,120
9,1,236,Speech Discrimination Score,81,93
9,1,237,Speech Assessment,108,124
9,1,238,Speech therapy per session of 30-40 minutes,340,400
9,1,239,Cold Calorie Test for Vestibular function,155,178
9,1,240,Removal of foreign body From Nose,311,358
9,1,241,Removal of foreign body From Ear,207,238
9,1,242,Syringing (Ear),149,171
9,1,243,Polyp removal under LA,518,596
9,1,244,Polyp removal under GA,765,880
9,1,245,Peritonsillar abscess Drainage under LA,1304,1500
9,1,246,Myringoplasty,6210,7142
9,1,247,Staepedectomy,8280,9522
9,1,248,Myringotomy with Grommet insertion,4140,4761
9,1,249,Tympanotomy,7763,8927
9,1,250,Tympanoplasty,12420,14283
9,1,251,Mastoidectomy,13455,15473
9,1,252,Otoplasty,14490,16664
9,1,253,Labyrinthectomy,12420,14283
9,1,254,Skull Base surgery,22500,25875
9,1,255,Facial Nerve Decompression,15525,17854
9,1,256,Septoplasty,5175,5951
9,1,257,Submucous Resection,6583,7570
9,1,258,Septo-rhinoplasty,14490,16664
9,1,259,Rhinoplasty- Non-cosmetic,10350,11903
9,1,260,Fracture Reduction of Nasal Bone,4000,4600
9,1,261,Intra nasal Diathermy,1035,1190
9,1,262,Turbinectomy,5175,5951
10,1,263,Endoscopic Dacryocystorhinostomy (DCR),11700,13455
10,1,264,Endoscopic Surgery,12420,14283
10,1,265,Septal Perforation Repair,12420,14283
10,1,266,Antrum Puncture,855,983
10,1,267,Lateral Rhinotomy,900,1035
10,1,268,Cranio-facial resection,22950,26393
10,1,269,Caldwell Luc Surgery (Radical Antrostomy for maxillary sinus),9563,10997
10,1,270,Angiofibroma Excision,15300,17595
10,1,271,Endoscopic Hypophysectomy,19350,22253
10,1,272,Endoscopic Optic Nerve Decompression,29498,33923
10,1,273,Decompression of Orbit,22950,26393
10,1,274,Punch/Wedge biopsy,674,775
10,1,275,Tonsillectomy,5000,5750
10,1,276,Uvulo-palatoplasty,15000,17250
10,1,277,Functional Endoscopic Sinus Surgery (FESS) for Antrochoanal polyp,5750,6613
10,1,278,Functional Endoscopic Sinus Surgery (FESS) for ethmoidal polyp,5750,6613
10,1,279,Polyp removal ear,748,860
10,1,280,Polyp removal Nose(Septal polyp),748,860
10,1,281,Mastoidectomy plus Ossiculoplasty including TORP (Total Ossicular,2415,2777
10,1,282,REnepdloalcyemmpehnatt iPcr soascth deesciso)m opr rPeOssRioPn (Partial Ossicular Replacement Prosthesis),2875,3306
10,1,283,Diagnostic endoscopy under GA,2300,2645
10,1,284,Young's operation for Atrophic rhinitis,6210,7142
10,1,285,Vidian neurectomy for vasomotor Rhinitis,9315,10712
10,1,286,Nasal Packing-anterior,345,397
10,1,287,Nasal Packing-posterior,805,926
10,1,288,Ranula Excision,6159,7083
10,1,289,Tongue Tie excision,1440,1656
10,1,290,Sub Mandibular Duct Lithotomy,269,309
10,1,291,Adenoidectomy,5076,5837
11,1,292,Palatopharyngoplasty,8165,9390
11,1,293,Pharyngoplasty,15474,17795
11,1,294,Styloidectomy,8800,10120
11,1,295,Direct laryngoscopy including Biopsy under GA,4500,5175
11,1,296,Oesophagoscopy with foreign body removal from Oesophagus,1800,2070
11,1,297,Bronchoscopy with foreign body (FB) removal,2438,2804
11,1,298,Other Major Surgery,15000,17250
11,1,299,Other Minor Surgery,8500,9775
11,1,,TREATMENT PROCEDURE FOR HEAD AND NECK,,
11,1,300,Ear Lobe Repair one side,450,518
11,1,301,Excision of Pinna for Growth (Squamous/Basal/ Injuries),3600,4140
11,1,302,SEkxicni sOionnl yof Pinna for Growth (Squamous/Basal/ Injuries),3420,3933
11,1,303,SPkarinti aaln Ad mCpaurttialatigoen of Pinna,4050,4658
11,1,304,Total Amputation of Pinna,5580,6417
11,1,305,Total Amputation & Excision of External Auditory Meatus,1500,1725
11,1,306,Excision of Cystic Hygroma,4658,5357
11,1,307,Excision of Cystic Hygroma Extensive,6707,7713
11,1,308,Excision of Branchial Cyst,9315,10712
11,1,309,Excision of Branchial Sinus,9315,10712
11,1,310,Excision of Pharyngeal Diverticulum,10580,12167
11,1,311,Excision of Carotid Body-Tumours,11615,13357
11,1,312,Operation for Cervical Rib,12500,14375
11,1,313,Block Dissection of Cervical Lymph Nodes,13500,15525
11,1,314,Pharyngectomy & Reconstruction,14500,16675
11,1,315,Operation for Carcinoma Lip - Wedge-Excision,7245,8332
11,1,316,Operation for Carcinoma Lip - Vermilionectomy,5182,5959
11,1,317,Operation for Carcinoma Lip - Wedge Excision and Vermilionectomy,8363,9617
11,1,318,Estlander Operation (Estlander flap in plastic surgey of lips),6728,7737
11,1,319,Abbe Operation (Abbe flap in plastic surgery of lips),8820,10143
12,1,320,Cheek Advancement,8798,10118
12,1,321,Excision of the Maxilla,17388,19996
12,1,322,Excision of mandible-segmental,13973,16069
12,1,323,Mandibulectomy,18900,21735
12,1,324,Partial Glossectomy,4968,5713
12,1,325,Hemiglossectomy,7000,8050
12,1,326,Total Glossectomy,20597,23687
12,1,327,Combined Mandibulectomy and Neck Dissection Operation (Commando,19800,22770
12,1,328,OPapreortaidtieocnt)omy - Superficial,10868,12498
12,1,329,Parotidectomy - Total,13500,15525
12,1,330,Parotidectomy - Radical,17595,20234
12,1,331,Repair of Parotid Duct,10350,11903
12,1,332,Removal of Submandibular Salivary gland,7763,8927
12,1,333,Hemithyroidectomy,9350,10753
12,1,334,Partial Thyroidectomy (lobectomy),10350,11903
12,1,335,Subtotal Thyroidectomy,11748,13510
12,1,336,Total Thyroidectomy,17100,19665
12,1,337,Resection Enucleation of thyroid Adenoma,9522,10950
12,1,338,Total Thyroidectomy and Block Dissection,23805,27376
12,1,339,Excision of Lingual Thyroid,15194,17473
12,1,340,Excision of Thyroglossal Cyst/Fistula,11903,13688
12,1,341,Excision of Parathyroid Adenoma/Carcinoma,19148,22020
12,1,342,Laryngectomy,17100,19665
12,1,343,Laryngo Pharyngectomy,27000,31050
12,1,344,Hyoid Suspension,9315,10712
12,1,345,Genioplasty,10800,12420
12,1,346,Direct Laryngoscopy including biopsy under GA,4658,5357
12,1,347,Phonosurgery,12420,14283
12,1,348,Fibreoptic examination of Larynx (FOL) under LA,1553,1786
12,1,349,Microlaryngeal Surgery,9315,10712
12,1,350,Laryngofissure,15525,17854
13,1,351,Tracheal Stenosis Excision,17802,20472
13,1,,Head and neck cancer,,
13,1,352,Excisional Biopsies,5175,5951
13,1,353,Benign Tumour Excisions,8550,9833
13,1,354,Temporal Bone subtotal resection,18630,21425
13,1,355,Modified Radical Neck Dissection,22770,26186
13,1,356,Carotid Body Excision,23400,26910
13,1,357,Total Laryngectomy,35273,40564
13,1,358,Flap Reconstructive Surgery,37260,42849
13,1,359,Parapharyngeal Tumour Excision,35397,40707
13,1,360,Other Major Surgery,21250,24438
13,1,361,Other Minor Surgery,5000,5750
13,1,,TREATMENT PROCEDURE BREAST,,
13,1,362,Drainage of abscess,5400,6210
13,1,363,Excision of lumps,6272,7213
13,1,364,Local mastectomy-simple,11385,13093
13,1,365,Radical mastectomy-formal or modified,25875,29756
13,1,366,Excision of mammary fistula,13973,16069
13,1,367,Segmental resection of breast,14490,16664
13,1,368,Other Major Surgery,23000,26450
13,1,369,Other Minor Surgery,5000,5750
13,1,,TREATMENT PROCEDURE GENERAL SURGERY,,
13,1,370,Injury Of Superficial Soft Tissues,425,489
13,1,371,Suturing of small wounds,1060,1250
13,1,372,Secondary suture of wounds,3400,4000
13,1,373,Debridement of wounds,1275,1500
13,1,374,Removal Of Foreign Bodies WITHOUT C ARM,1275,1500
13,1,,Biopsies,,
13,1,375,Excision of Cervical Lymph Node UNDER LA,2635,3100
13,1,376,Excision of Axillary Lymph Node UNDER GA,6715,7900
13,1,377,Excision of Inguinal Lymph Node UNDER LA,2550,3000
13,1,378,Excision Biopsy of Ulcers,1400,1610
14,1,379,Excision Biopsy of Superficial Lumps,2898,3333
14,1,380,Incision Biopsy of Growths/Ulcers,1323,1521
14,1,381,Trucut Needle Biopsy INCLUDING NEEDLE,2975,3500
14,1,382,Percutaneous Kidney Biopsy,1323,1521
14,1,383,Marrow Biopsy (Open),1060,1219
14,1,384,Muscle Biopsy,1323,1521
14,1,385,Scalene Node Biopsy,1215,1397
14,1,386,Excision of Sebaceous Cysts,1118,1286
14,1,387,Excision of Superficial Lipoma,1739,2000
14,1,388,Excision of Superficial Neurofibroma,2250,2588
14,1,389,Excision of Dermoid Cysts,2049,2356
14,1,390,Haemorrhoidectomy,25500,30000
14,1,391,Stappler haemorrhoidectomy,37145,43700
14,1,392,keloid excision,1100,1265
14,1,393,Varicose vein surgery-Trendelenburg operation with suturing or ligation,19550,23000
14,1,,TREATMENT PROCEDURE OESOPHAGUS,,
14,1,394,Atresia of Oesophagus and Tracheo Oesophageal Fistula,25875,29756
14,1,395,Operations for Replacement of Oesophagus by Colon,22500,25875
14,1,396,Oesophagectomy for Carcinoma Easophagus,22500,25875
14,1,397,Oesophageal Intubation (Mausseau Barbin Tube),10350,11903
14,1,398,Achalasia Cardia Transthoracic,13455,15473
14,1,399,Achalasia Cardia Abdominal,11385,13093
14,1,400,Oesophago Gastrectomy for mid 1/3 lesion,22046,25353
14,1,401,Heller’s Operation,17775,20441
14,1,402,Colon-Inter position or Replacement of Oesophagus,20286,23329
14,1,403,Oesophago Gastrectomy – Lower Corringers procedure,19251,22139
14,1,404,Other Major Surgery,24863,28592
14,1,405,Other Minor Surgery,5000,5750
14,1,,TREATMENT PROCEDURE ABDOMEN / GI SURGERY,,
14,1,406,Gastroscopy,1553,1786
14,1,407,Gastric & Duodenal Biopsy (Endoscopic),1950,2243
15,1,408,Pyloromyotomy,2670,3071
15,1,409,Gastrostomy,7763,8927
15,1,410,Simple Closure of Perforated peptic Ulcer,8800,10120
15,1,411,Vagotomy Pyleroplasty / Gastro Jejunostomy,12420,14283
15,1,412,Duodenojejunostomy,17055,19613
15,1,413,Partial/Subtotal Gastrectomy for Carcinoma,20700,23805
15,1,414,Partial/Subtotal Gastrectomy for Ulcer,20183,23210
15,1,415,Operation for Bleeding Peptic Ulcer,18878,21710
15,1,416,Operation for Gastrojejunal Ulcer,17802,20472
15,1,417,Total Gastrectomy for Cancer,21400,24610
15,1,418,Highly Selective Vagotomy,16767,19282
15,1,419,Selective Vagotomy & Drainage,16767,19282
15,1,420,Congenital Diaphragmatic Hernia,34000,40000
15,1,421,Hiatus Hernia Repair- Abdominal,28050,33000
15,1,422,Hiatus Hernia Repair- Transthoracic,28050,33000
15,1,423,Exploratory Laparotomy,21250,25000
15,1,424,Epigastric Hernia Repair,21250,25000
15,1,425,Umbilical Hernia Repair,10247,11784
15,1,426,Ventral /incisional Hernia Repair,9850,11328
15,1,427,Inguinal Hernia Herniorrhaphy,22100,26000
15,1,428,Inguinal Hernia - Hernioplasty,27200,32000
15,1,429,Femoral Hernia Repair,27200,32000
15,1,430,"Rare Hernias Repair (Spigalion, Obturator, Lumbar, Sciatic)",17078,19640
15,1,431,Splenectomy - For Trauma,17078,19640
15,1,432,Splenectomy - For Hypersplenism,13860,15939
15,1,433,Splenorenal Anastomosis,20900,24035
15,1,434,Portocaval Anastomosis,26400,30360
15,1,435,Direct Operation on Oesophagus for Portal Hypertension,20597,23687
15,1,436,Mesentericocaval Anastomosis,24750,28463
15,1,437,Warren Shunt (Distal Splenorenal Shunt),25875,29756
15,1,438,Pancreatico Duodenectomy (Whipple's procedure),20790,23909
15,1,439,By Pass Procedure for Inoperable Carcinoma of Pancreas,20700,23805
16,1,440,Cystojejunostomy or Cystogastrostomy,13860,15939
16,1,441,Cholecystectomy,20400,24000
16,1,442,Cholecystectomy & Exploration of CBD,28050,33000
16,1,443,Repair of Common Bile Duct (CBD),13600,15640
16,1,444,Operation for Hydatid Cyst of Liver,22950,27000
16,1,445,Cholecystostomy,9850,11328
16,1,446,Hepatic Resections (Lobectomy /Hepatectomy),28050,33000
16,1,447,Operation on Adrenal Glands - Bilateral,23495,27019
16,1,448,Operation on Adrenal Glands - Unilateral,13200,15180
16,1,449,Appendicectomy,16150,19000
16,1,450,Appendicular Abscess – Drainage,8798,10118
16,1,451,Mesenteric Cyst- Excision,9936,11426
16,1,452,Peritonioscopy/Laparoscopy,4140,4761
16,1,453,Jejunostomy,5500,6325
16,1,454,Ileostomy,14300,16445
16,1,455,Resection & Anastomosis of Small Intestine icluding exp laparotomy,40375,47500
16,1,456,Duodenal Diverticulum,16560,19044
16,1,457,Operation for Intestinal Obstruction,9900,11385
16,1,458,Operation for Intestinal perforation,34200,39330
16,1,459,Benign Tumours of Small Intestine,17595,20234
16,1,460,Excision of Small Intestine Fistula,38250,45000
16,1,461,Operations for GI Bleed,16000,18400
16,1,462,Operations for Haemorrhage of Small Intestines,17595,20234
16,1,463,Operations of the Duplication of the Intestines incl exp laparotomy,34850,41000
16,1,464,Operations for Recurrent Intestinal Obstruction (Noble Plication & Other,20700,23805
16,1,465,OIlepoesriagtmioonisd foosrt oAmdyh easnido nrse)lated resection,15111,17378
16,1,466,Ileotransverse Colostomy and related resection,15111,17378
16,1,467,Caecostomy,3513,4040
16,1,468,Loop Colostomy Transverse Sigmoid,11799,13569
16,1,469,Terminal Colostomy,25500,30000
16,1,470,Closure of Colostomy,25500,30000
17,1,471,Right Hemicolectomy,27200,32000
17,1,472,Left Hemicolectomy,27200,32000
17,1,473,Total Colectomy,34000,40000
17,1,474,Operations for Volvulus of Large Bowel,22428,25792
17,1,475,Operations for Sigmoid Diverticulitis,16767,19282
17,1,476,Fissure in Ano with Internal sphinctrectomy with fissurectomy,27200,32000
17,1,477,fFiissssuurreec tionm Ayn.o - Fissurectomy,24650,29000
17,1,478,Rectal Polyp-Excision,11645,13700
17,1,479,Fistula in Ano - High Fistulectomy,29750,35000
17,1,480,Fistula in Ano - Low Fistulectomy,19550,23000
17,1,481,Prolapse Rectum - Thiersch Wiring,9315,10712
17,1,482,Prolapse Rectum - Rectopexy,11900,14000
17,1,483,Prolapse Rectum - Grahams Operation,deleted,deleted
17,1,484,Operations for Hirschsprungs Disease,12834,14759
17,1,485,Excision of Pilonidal Sinus (open),18700,22000
17,1,486,Excision of Pilonidal Sinus with closure,21250,25000
17,1,487,Abdomino-Perineal Excision of Rectum,16500,18975
17,1,488,Anterior Resection of rectum,19665,22615
17,1,489,Pull Through Abdominal Resection,15453,17771
17,1,490,Retro Peritoneal Tumor Removal,18000,20700
17,1,491,Radio ablation of varicose veins,7225,8500
17,1,492,Laser ablation of varicose veins,34000,40000
17,1,493,Laparoscopic Fundoplication,19300,22195
17,1,494,Laparoscopic Splenectomy,25000,28750
17,1,495,Laparoscopic Removal of hydatid cyst,18000,20700
17,1,496,Laparoscopic treatment of Pseudo Pancreatic cyst,18000,20700
17,1,497,Laparoscopic Whipple's operation (Laparoscopic Pancreatico Duodenectomy,18000,20700
17,1,498,Laparoscopic GI bypass operation,22000,25300
17,1,499,Laparoscopic Total Colectomy,25000,28750
17,1,500,Laparoscopic Hemicolectomy,23000,26450
17,1,501,Laparoscopic Anterior Resection (of Intestine/ Rectum),23000,26450
18,1,502,Laparoscopic Cholecystetomy,28050,33000
18,1,503,Laparoscopic Appedicectomy,25500,30000
18,1,504,Laparoscopic Hernia inguinal repair incl tacker and mesh,29750,35000
18,1,505,Laparoscopic ventral Hernia Repair,17500,20125
18,1,506,Laparoscopic Paraumblical Hernia Repair,17500,20125
18,1,507,Laparoscopic Adrenelectomy,12000,13800
18,1,508,Laparoscopic Nephrectomy,19800,22770
18,1,509,Other Major Surgery,deleted,deleted
18,1,510,Other Minor Surgery,deleted,deleted
18,1,,TREATMENT PROCEDURE ICU/CCU PROCEDURES,,
18,1,511,(CSoPrEonCaIrAy LC CarAe RwEit hC CAaSrEdSia)c Monitoring /ICU,4590,5400
18,1,512,Compressed air / piped oxygen /per hour,50,58
18,1,513,Ventilator charges (Per day),525,604
18,1,514,Paediatric care for New born (Per day),167,192
18,1,515,Incubator charges (Per day),330,380
18,1,516,Neonatal ICU charges (Per day),352,405
18,1,517,Resuscitation,180,207
18,1,518,Exchange Transfusion,260,299
18,1,519,Pneupack ventilator in Nursery (Per day),518,596
18,1,,TREATMENT PROCEDURE CARDIOVASCULAR AND,,
18,1,520,CAAtriRalD SIAepCta Sl UDRefGecEt(RAYS D&) IcNloVsEurSeTIGATIONS,84065,98900
18,1,521,Ventricular septal defect (VSD) with graft,51808,59579
18,1,522,TOF/TAPVC/TCPC/REV/RSOV repair,114368,131523
18,1,523,BD Glenn/Left atrium myxoma,80750,92863
18,1,524,Senning/Arterial Switch Operation (ASO) with graft,122188,140516
18,1,525,Double Switch Operation (DSO),103615,119157
18,1,526,Atrioventricular(AV) canal repair,150000,172500
18,1,527,Fontan procedure,152100,174915
18,1,528,Conduit repair,152100,174915
18,1,529,CABG,114368,131523
19,1,530,CABG + IABP,152100,174915
19,1,531,CABG + Valve.,163000,187450
19,1,532,CABG without bypass.,135000,155250
19,1,533,Ascending aorta replacement,130000,149500
19,1,534,Double Valve Replacement (DVR),155422,178735
19,1,535,MVR/AVR,93254,107242
19,1,536,MV repair + AV repair,103615,119157
19,1,537,Aorta femoral bypass,46800,53820
19,1,538,Blalock-Taussig shunt (BT Shunt) / Coarctation,51980,59777
19,1,539,Pulmonary Artery Banding (PA Banding) Septostomy,51980,59777
19,1,540,Pericardectomy,38088,43801
19,1,541,Congenital cytomegalovirus (CMV)/ patent ductus arteriosus (PDA),46782,53799
19,1,542,Gunshot injury,46782,53799
19,1,543,Heart transplant,248400,285660
19,1,544,Balloon coronary angioplasty/PTCA with VCD,78200,92000
19,1,545,Balloon coronary angioplasty/PTCA without VCD,71150,83725
19,1,546,Rotablation,47775,56206
19,1,547,Percutaneous transvenous mitral commissurotomy (PTMC) / percutaneous,77000,90700
19,1,548,mCaitrrdaila bc aCllaotohne tvearilzvaottioomn y(CATH),11510,13545
19,1,549,Aortic Arch Replacement,10350,11903
19,1,550,Aortic Dissection,12650,14548
19,1,551,Thoraco Abdominal Aneurism Repair,15000,17250
19,1,552,Embolectomy,21000,24150
19,1,553,Vascular Repair,35000,40250
19,1,554,Bentall Repair with Prosthetic Valve,30000,34500
19,1,555,Bentall Repair with Biologic Valve,127500,146625
19,1,556,Coaractation dilatation,60860,71600
19,1,557,Coaractation dilatation with Stenting,18500,21275
19,1,558,Temporary cardiac pacing (TPI) Single Chamber,16320,19200
19,1,559,Temporary cardiac pacing (TPI) Dual Chamber,7344,8446
19,1,560,Permanent pacemaker implantation (PPI)- Single Chamber,27200,32000
20,1,561,Permanent pacemaker implantation- Dual Chamber,36550,43000
20,1,562,Permanent pacemaker implantation (PPI)-Biventricular,42180,49625
20,1,563,Automatic implantable cardioverter defibrillator (AICD) Single Chamber,42500,50000
20,1,564,Automatic implantable cardioverter defibrillator (AICD) Dual Chamber,44500,52350
20,1,565,Combo device implantation,50150,59000
20,1,566,Diagnostic Electrophysiological studies conventional(including catheter),56100,66000
20,1,567,Ambulatory BP monitoring,1000,1000
20,1,568,External Loop/event recording(maximum upto 7 days),1500 first day and 1000 for,1500 first day and 1000 for
20,1,569,RF Ablation conventional,subsequent day8s1600,subsequen9t 6d0a0y0s
20,1,570,RF Ablation Atrial Tachycardia/with 3d mapping- all inclusive,153850,181000
20,1,571,Endomyocardial biopsy,deleted,deleted
20,1,572,Intra aortic balloon pump (IABP),42500,50000
20,1,573,Intra vascular coils,63750,75000
20,1,574,Septostomy- Balloon,25500,30000
20,1,575,Septostomy- Blade,19550,22483
20,1,576,Aortic valve balloon dilatation (AVBD) / pulmonary valve balloon dilatation,47940,56400
20,1,577,(DPiVgiBtaDl )subtraction angiography (DSA)-Peripheral artery,12400,14610
20,1,578,Digital subtraction angiography- venogram,12400,14610
20,1,579,CT Guided biopsy,1139,1310
20,1,580,Sinogram,777,894
20,1,581,Peripheral Angioplasty with VCD,46750,55500
20,1,582,Peripheral Angioplasty without VCD,46750,55500
20,1,583,Renal Angioplasty,46750,55000
20,1,584,Intravascular ultrasound (IVUS),50000,50000
20,1,585,Fractional flow reserve (FFR),11475,13196
20,1,586,Holter analysis,2125,2500
20,1,587,Aortic stent grafting for aortic aneurysm,70650,81248
20,1,588,Inferior Vena Cava (IVC) filter implantation(cost of filter extra),25500,30000
20,1,589,ASD/VSD/PDA device closure,"ASD-84065, VSD-","ASD-98900, VSD-109900, PDA"
20,1,590,Electrocardiogram (ECG),"93415,PDA-46175500",55107050
21,1,591,Head-up tilt test (HUTT),3400,4000
21,1,592,2D echocardiography,1255,1475
21,1,593,3D echocardiography,1403,1613
21,1,594,Fetal Echo,1360,1600
21,1,595,2D Transesophageal Echocardiography (TEE),1263,1452
21,1,596,3D Transesophageal Echocardiography (TEE),1403,1613
21,1,597,Stress Echo- exercise,2040,2400
21,1,598,Stress Echo- pharmacological,2550,3000
21,1,599,Stress Myocardial Perfusion Imaging (MPI)- exercise,7650,9000
21,1,600,Stress Myocardial Perfusion Imaging (MPI) - pharmacological,7650,9000
21,1,601,Coronary angiography,11240,13225
21,1,602,CT coronary angiography,6030,6935
21,1,603,Cardiac CT scan,2150,2473
21,1,604,Cardiac MRI,6800,8000
21,1,605,Stress Cardiac MRI,2700,3105
21,1,606,MR angiography.,5390,6199
21,1,607,Cardiac PET,1350,1553
21,1,608,Pericardiocentesis,8500,10000
21,1,,Intracoronary optical coherence tomography (OCT) /Intravascular optical,65000,65000
21,1,,cForahcetrieonncael tFolmowo gRraepsehryv(eIV (FOFCRT)) I/INnCtrLavUaSscIVulEar O vFen CtrOicSuTla rO AFs WsisItRy ESystem,30000,30000
21,1,609,Other Major Surgery,18000,20700
21,1,610,Other Minor Surgery,3825,4399
21,1,,TREATMENT PROCEDURE OBSTETRICS AND,,
21,1,611,GNYorNmAalE dCeOlivLeOryG wYith or without Episiotomy & P. repair,7200,8280
21,1,612,vacuum delivery,7763,8927
21,1,613,Forceps Delivery,8280,9522
21,1,614,Cesarean Section(CS),13200,15180
22,1,615,Cesarean Hysterectomy,17078,19640
22,1,616,Rupture Uterus closure & repair with Tubal Ligation,15525,17854
22,1,617,Perforation of Uterus after D/E Laparotomy & Closure,12420,14283
22,1,618,Laparotomy for Ectopic pregnancy,12420,14283
22,1,619,Laparotomy-peritonitis Lavage and Drainage,10350,11903
22,1,620,Salphingo-Oophorectomy/ Oophorectomy Laparoscopic,9000,10350
22,1,621,Ovarian Cystectomy-laparoscopic.,10350,11903
22,1,622,Ovarian Cystectomy -laparotomy.,12420,14283
22,1,623,Salpingo-Oophorectomy-laparotomy,11520,13248
22,1,624,Laparoscopic Broad Ligament Hematoma Drainage with repair,6210,7142
22,1,625,Exploration of perineal Haematoma & Repair,7200,8280
22,1,626,Exploration of abdominal Haematoma (after laparotomy + LSCS),7700,8855
22,1,627,Manual Removal of Placenta,3105,3571
22,1,628,Examination under anesthesia (EUA),1000,1150
22,1,629,Burst-abdomen Repair,9000,10350
22,1,630,Gaping Perineal Wound Secondary Suturing,1490,1714
22,1,631,Gaping abdominal wound Secondary Suturing,3105,3571
22,1,632,Complete perineal tear-repair,1915,2202
22,1,633,Exploration of PPH-tear repair,3150,3623
22,1,634,Suction evacuation vesicular mole,4500,5175
22,1,635,Suction evacuation Missed abortion/ incomplete abortion,4658,5357
22,1,636,Colpotomy,3105,3571
22,1,637,Repair of post-coital tear/ perineal injury,3157,3631
22,1,638,Excision of urethral caruncle,3105,3571
22,1,639,Shirodhkar/ McDonald stitch,2898,3333
22,1,640,Abdominal Hysterectomy with or without salpingo-,15525,17854
22,1,641,oNoopnh-odreesccteonmt yVaginal Hysterectomy (NDVH),15525,17854
22,1,642,Vaginal Hysterectomy with repairs (UV Prolapse),15525,17854
22,1,643,Myomectomy -laparotomy,14000,16100
22,1,644,Myomectomy -laparoscopic,6325,7274
23,1,645,Vaginoplasty,13455,15473
23,1,646,Vulvectomy -Simple,8800,10120
23,1,647,Vulvectomy-Radical,8800,10120
23,1,648,Rectovaginal Fistula (RVF) Repair,18975,21821
23,1,649,Manchester Operation,13500,15525
23,1,650,Shirodkar’s sling Operation or other sling operations for prolapse uterus,3300,3795
23,1,651,Laparoscopic sling operations for prolapse uterus,25200,28980
23,1,652,Diagnostic Curettage,2236,2571
23,1,653,Cervical Biopsy,1620,1863
23,1,654,Polypectomy,1366,1571
23,1,655,Other-Minor Operation Endometrial,2200,2530
23,1,656,Excision Vaginal Cyst/Bartholin Cyst,3105,3571
23,1,657,Excision Vaginal Septum,4140,4761
23,1,658,Laparoscopy -Diagnostic with chromopertubation and or adhesiolysis and,3850,4428
23,1,659,dLraipllainrogscopy Sterilization,3300,3795
23,1,660,Laparoscopically Assisted Vaginal Hysterectomy (LAVH),22719,26127
23,1,661,Balloon Temponade for Post Partum Haemorrhage (PPH),2800,3220
23,1,662,Total laparoscopic hysterectomy,23100,26565
23,1,663,Laparoscopic treatment of Ectopic pregnancy-salpingectomy/salpingostomy,8798,10118
23,1,664,cCoonnsiesravtiaotinv oef cervix,4025,4629
23,1,665,Trachelectomy of cervix for early CA cervix,5500,6325
23,1,666,Hysteroscopic cannulation,2875,3306
23,1,667,Laparotomy recannalization of Fallopian tubes-,22425,25789
23,1,668,(LTaupbauroloscpolapsitcy )recannalization of Fallopian tubes-,19500,22425
23,1,669,(CToulbpuolsocpolpaysty),900,1035
23,1,670,Inversion of Uterus – Vaginal Reposition,2500,2875
23,1,671,Inversion of Uterus – Abdominal Reposition,2500,2875
23,1,672,Laparoscopic Vesicovaginal Fistula (VVF) Repair,28000,32200
23,1,673,Abdominal Vesicovaginal Fistula (VVF) Repair,28000,32200
24,1,674,Vaginal Vesicovaginal Fistula (VVF) Repair,28000,32200
24,1,675,Interventional Ultrasonography- Chorionic villus sampling (CVS),880,1012
24,1,676,Amniocentesis,880,1012
24,1,677,Karyotyping,800,920
24,1,678,Thermal balloon ablation.,10350,11903
24,1,679,Ultrasonographic myolysis,9264,10654
24,1,680,Vaginal Myomectomy,10000,11500
24,1,681,Intra Uterine Inseminition,920,1058
24,1,682,Intracytoplasmic sperm injection (ICSI),11500,13225
24,1,683,Laparotomy abdominal sacro-colpopexy,15000,17250
24,1,684,Vaginal Colpopexy,19800,22770
24,1,685,Laparoscopic abdominal sacro-colpopexy,18000,20700
24,1,686,Laparotomy pelvic Lymphadenectomy,1200,1380
24,1,687,Laparoscopic pelvic Lymphadenectomy,3500,4025
24,1,688,Endometrial aspiration cytology/biopsy,513,590
24,1,689,Transvaginal sonography (TVS for Follicular monitioring,414,476
24,1,690,/laasppairroastcioonp)ic treatment for stress incontinence,13500,15525
24,1,691,Transvaginal tapes for Stress incontinence,13500,15525
24,1,692,trans-obturator tapes for Stress incontinence,10800,12420
24,1,693,Interventional radiographic arterial embolization,16200,18630
24,1,694,Diagnostic cystoscopy,2588,2976
24,1,695,Staging laparotomy surgery for Carcinoma Ovary,6050,6958
24,1,696,Internal Iliac ligation,3250,3738
24,1,697,stepwise devascularisation,8280,9522
24,1,698,Assisted breech delivery,9833,11308
24,1,699,Intra-uterine fetal blood transfusion,19148,22020
24,1,700,Hysteroscopy Transcervical Resection of Endometrium (TCRE),8500,9775
24,1,701,Hysteroscopy Removal of Intra-uterine Contraceptive Device (IUCD),6750,7763
24,1,702,Hysteroscopy Removal of Septum,9900,11385
24,1,703,Hysteroscopy Diagnostic,7500,8625
25,1,704,Radical Hysterectomy for Cancer cervix with pelvic,7650,8798
25,1,705,lRyamdpichaald Henyesctetoremcytomy for Cancer endometrium extending to cervix with pelvic,7650,8798
25,1,706,aSntedr ipliazraat iaoonr tPico slyt mpaprhtuadme n(mecitnoimlayp),3750,4313
25,1,707,Sterilization interval (minilap),3750,4313
25,1,708,Ultrasonography Level II scan/Anomaly Scan,1700,2000
25,1,709,Fetal nuchal Translucency,300,345
25,1,710,USG Colour Doppler Pregnancy,1425,1675
25,1,711,Medical Termination of Pregnancy (MTP)- 1st Trimester,3000,3450
25,1,712,Medical Termination of Pregnancy (MTP) - 2nd Trimester,4370,5026
25,1,713,Quadruple test,2000,2300
25,1,714,Biophysical score,600,690
25,1,715,Other Major Surgery,25200,28980
25,1,716,Other Minor Surgery,5000,5750
25,1,,TREATMENT PROCEDURE NEPHROLOGY AND,,
25,1,717,UPaRrtOiaLl ONGepYhrectomy -open,14594,16783
25,1,718,Partial Nephrectomy-Laparoscopic/endoscopic,13860,15939
25,1,719,Nephrolithomy -open,12000,13800
25,1,720,Nephrolithomy -Laparoscopic/endoscopic,14000,16100
25,1,721,Pyelolithotomy-open,13000,14950
25,1,722,Pyelolithotomy -Laparoscopic/endoscopic,10120,11638
25,1,723,Operations for Hydronephrosis -pyeloplasty open,16560,19044
25,1,724,Operations for Hydronephrosis -pyeloplasty Lap/endoscopic,19000,21850
25,1,725,Operations for Hydronephrosis Endopyelotomy antegrade,18000,20700
25,1,726,Operations for Hydronephrosis Endoplyelotomy retrograde,18000,20700
25,1,727,Operations for Hydronephrosis -ureterocalicostomy,17600,20240
25,1,728,Operations for Hydronephrosis-Ileal ureter,18000,20700
25,1,729,Open Drainage of Perinephric Abscess,7200,8280
25,1,730,Percutaneous Drainage of Perinephric Abscess -Ultrasound guided,5175,5951
25,1,731,Cavernostomy,9775,11241
26,1,732,Operations for Cyst of the Kidney -open,10764,12379
26,1,733,Operations for Cyst of the Kidney -Lap/endoscopic,13420,15433
26,1,734,Ureterolithotomy -open,11923,13711
26,1,735,Ureterolithotomy-Lap/Endoscopic,10000,11500
26,1,736,Nephroureterectomy open,14490,16664
26,1,737,Nephroureterectomy -Lap/Endoscopic,15400,17710
26,1,738,Operations for Ureter for -Double Ureters,17100,19665
26,1,739,,16500,18975
26,1,740,Operations for Vesicoureteric Reflux (VUR) -Open,16200,18630
26,1,741,Operations for Vesicoureteric Reflux (VUR)-Lap/Endoscopic,16500,18975
26,1,742,Operations for Vesicoureteric Reflux (VUR)/ Urinary incontinence with,18700,21505
26,1,743,bUurlektienrgo satogemnyts - Cutaneous,12000,13800
26,1,744,Uretero-Colic anastomosis,14400,16560
26,1,745,Formation of an Ileal Conduit,15525,17854
26,1,746,Ureteric Catheterisation,8278,10950
26,1,747,Biopsy of Bladder (Cystoscopic),2200,2530
26,1,748,Cysto-Litholapaxy,9833,11308
26,1,749,Operations for Injuries of the Bladder,10000,11500
26,1,750,Suprapubic Drainage (Cystostomy/vesicostomy),5400,6210
26,1,751,Simple Cystectomy,15525,17854
26,1,752,Diverticulectomy -open,14400,16560
26,1,753,Diverticulectomy- Lap/Endoscopic,16560,19044
26,1,754,Diverticulectomy -Endoscopic incision of neck,1650,1898
26,1,755,Augmentation Cystoplasty,6380,7337
26,1,756,Operations for Exstrophy of the Bladder- Single stage repair,20070,23081
26,1,757,Operations for Exstrophy of the Bladder- Multistage repair,19910,22897
26,1,758,Operations for Exstrophy of the Bladder- simple cystectomy with urinary,22000,25300
26,1,759,dRievpearsiri oonf Ureterocoel -Open,12420,14283
26,1,760,Repair of Ureterocoel -Lap/Endoscopic,13750,15813
27,1,761,Repair of Ureterocoel -Endoscopic incision,11700,13455
27,1,762,Open Suprapubic Prostatectomy,18630,21425
27,1,763,Open Retropubic Prostatectomy,18113,20830
27,1,764,Transurethral Resection of Prostate (TURP),16767,19282
27,1,765,Urethroscopy/ Cystopanendoscopy,4140,4761
27,1,766,Internal urethrotomy -optical,5500,6325
27,1,767,Internal urethrotomy -Core through urethroplasty,9936,11426
27,1,768,Urethral Reconstruction -End to end ansatamosis,3300,3795
27,1,769,Urethral Reconstruction - substitution urethroplasty,18700,21505
27,1,770,(ATbrdanosmpiunboi cP eurrienteharol pulraestthyr)oplasty,14000,16100
27,1,771,Posterior Urethral Valve fulguration.,10143,11664
27,1,772,Operations for Incontinence of Urine - Male -Open,15525,17854
27,1,773,Operations for Incontinence of Urine - Male -Sling,16560,19044
27,1,774,Operations for Incontinence of Urine - Male-Bulking agent,18590,21379
27,1,775,Operations for Incontinence of Urine - Female -Open,15525,17854
27,1,776,Operations for Incontinence of Urine - Female-Sling,16560,19044
27,1,777,Operations for Incontinence of Urine - Female-Bulking agent,18590,21379
27,1,778,Reduction of Paraphimosis,1650,1898
27,1,779,Circumcision,2700,3105
27,1,780,Meatotomy,2111,2428
27,1,781,Meatoplasty,2898,3333
27,1,782,Operations for Hypospadias + Chordee Correction,8280,9522
27,1,783,Operations for Hypospadias - Second Stage,14960,17204
27,1,784,Operations for Hypospadias - One Stage Repair,9200,10580
27,1,785,Operations for Crippled Hypospadias,11000,12650
27,1,786,Operations for Epispadias _primary repair,12045,13852
27,1,787,Operations for Epispadias-crippled epispadias,10890,12524
27,1,788,Partial Amputation of the Penis,9688,11141
27,1,789,Total amputation of the Penis,10800,12420
27,1,790,Orchidectomy-Simple,8798,10118
27,1,791,Orchidectomy -Radical,11000,12650
28,1,792,Post Radical Orchidectomy retroperitoneal lymph node,14000,16100
28,1,793,dEipsisdeicdtyiomne.ctomy,15938,18750
28,1,794,Adreneclectomy Unilateral/Bilateral for Tumour/For Carcinoma- Open,22770,26186
28,1,795,Adreneclectomy Unilateral/Bilateral for Tumour/For,13750,15813
28,1,796,COaprecriantoiomnas -fLora pH/Eydnrdoocsecloe p-i cUnilateral,5279,6071
28,1,797,Operations for Hydrocele - Bilateral,7700,8855
28,1,798,Operation for Torsion of Testis,10350,11903
28,1,799,Micro-surgical Vasovasostomy /Vaso epidedymal,10560,12144
28,1,800,aOnpseartaatmioonssi sf o.r Varicocele Unilateral-Microsurgical,7370,8476
28,1,801,Operations for Varicocele Palomo’s Unilateral - Lap,8800,10120
28,1,802,Operations for Varicocele Bilateral --Microsurgical,12100,13915
28,1,803,Operations for Varicocele Bilateral – Lap/ Palomo,14300,16445
28,1,804,Block Dissection of ilio-inguinal Nodes - One Side (For Ca-Penis),6050,6958
28,1,805,Block Dissection of ilio-inguinal Nodes -Both Sides (For Ca- Penis),20700,23805
28,1,806,Excision of Filarial Scrotum,10350,11903
28,1,807,Kidney Transplantation (related),200000,230000
28,1,808,Kidney Transplantation (Spousal/ unrelated) Including,300000,345000
28,1,809,iAmBmOu ninocsoumpppraetsibsalen tT trhaenrsapplyantation,44100,50715
28,1,810,Swap Transplantation,349200,401580
28,1,811,Kidney Transplant Graft Nephrectomy,53550,61583
28,1,812,Donor Nephrectomy (open),28750,33063
28,1,813,Donor Nephrectomy (Laparoscopic),46000,52900
28,1,814,Cadaver Transplantation,83300,95795
28,1,815,Kidney Transplant with Native Kidney Nephrectomy,28000,32200
28,1,816,(KRidelnaeteyd T)/r aUnnspillaatnetr awlith Native Kidney Nephrectomy,85000,97750
28,1,817,(KRidelnaeteyd T)/r aBnislpatlearnatl with Native Kidney Nephrectomy (Spousal/ Unrelated) Unilateral,85000,97750
29,1,818,Kidney Transplant with Native Kidney Nephrectomy (Spousal/ Unrelated) Bilateral,85000,97750
29,1,819,Post-Transplant Collection drainage for Lymphocele (open),6800,7820
29,1,820,Post-Transplant Collection drainage for Lymphocele (percutaneous),6120,7038
29,1,821,Post-Transplant Collection drainage for Lymphocele,7650,8798
29,1,822,(ALrateprairoovsecnoopuics) Fistula for Haemodialysis,2300,2645
29,1,823,Arteriovenous Shunt for Haemodialysis,3500,4025
29,1,824,Jugular Catheterization for Haemodialysis,1500,1725
29,1,825,Subclavian Catheterization for Haemodialysis,2200,2530
29,1,826,One sided (single Lumen) Femoral Catheterization for,1000,1150
29,1,827,HBialeamteoradli a(slyinsgisle Lumen) Femoral Catheterization for,1500,1725
29,1,828,HDaoeumbloed Liaulmyseisn Femoral Catheterization for Haemodialysis,1850,2128
29,1,829,Permcath Insertion,2800,3220
29,1,830,Arterio venous Prosthetic Graft,1850,2128
29,1,831,Single lumen Jugular Catheterization,1500,1725
29,1,832,Single lumen Subclavian Catheterization,1700,1955
29,1,833,Plasma Exchange/ Plasmapheresis,1600,1840
29,1,834,Continuous Ambulatory Peritoneal Dialysis (CAPD) catheter insertion- Open,3150,3623
29,1,835,mCoenthtionduous Ambulatory Peritoneal Dialysis (CAPD) catheter insertion-,3500,4025
29,1,836,SScuhstlaeinndeidn gloewr/ Sefeflidciinegnecry mheemthooddialysis,1250,1438
29,1,837,Continuous Veno venous/Arteriovenous Hemofilteration,2250,2588
29,1,838,Hemodialysis for Sero negative cases,1260,1449
29,1,839,Hemodialysis for Sero Positive cases,1500,1725
29,1,840,Acute Peritoneal Dialysis,1450,1668
29,1,841,Fistologram for Arteriovenous Fistula,2500,2875
29,1,842,Ultrasound guided kidney Biopsy,850,978
30,1,843,Fistula stenosis dilation,2700,3105
30,1,844,Slow continuous Ultrafilteration,2250,2588
30,1,845,Percutaneous Nephrolithotomy (PCNL) - Unilateral,18000,20700
30,1,846,Percutaneous Nephrolithotomy (PCNL) - Bilateral,25000,28750
30,1,847,Endoscopic Bulking agent Inject,4400,5060
30,1,848,Testicular Biopsy,1870,2151
30,1,849,Radical Nephrectomy -Open,16500,18975
30,1,850,Radical Nephrectomy -Lap/Endoscopic,19800,22770
30,1,851,Radical Nephrectomy plus IV thrombus,22000,25300
30,1,852,Radical Nephrectomy plus IV thrombus plus cardiac bypass.,22000,25300
30,1,853,Vesicovaginal Fistula (VVF) Repair (Open),14400,16560
30,1,854,Vesicovaginal Fistula (VVF) Repair (Laparoscopic),22000,25300
30,1,855,Radical Cystectomy -Ileal conduit,17000,19550
30,1,856,Radical Cystectomy - continent diversion.,15000,17250
30,1,857,Radical Cystectomy – Neo bladder,18500,21275
30,1,858,Nephrectomy Simple -Open,9640,11086
30,1,859,Nephrectomy Simple-lap/Endoscopic,11334,13034
30,1,860,Nephrostomy -Open,9000,10350
30,1,861,Nephrostomy -Lap/Endoscopic,10704,12310
30,1,862,Ureteric Reimplant for Megaureter/Vesicoureteric reflux/ ureterocele (open),10100,11615
30,1,863,Ureteric Reimplant for Megaureter/Vesicoureteric reflux/ ureterocele,9445,10862
30,1,864,(PLaartpiaarl oCsycostpeicct)omy,12420,14283
30,1,865,Transurethral Resection of Prostate (TURP) & Transurethral Resection of Bladder Tumour (TURBT),15525,17854
30,1,866,Transurethral Resection of Prostate (TURP) with Cystolithotripsy,15840,18216
30,1,867,Closure of Urethral Fistula,9900,11385
30,1,868,Orchidopexy - Unilateral -Open,8880,10212
30,1,869,Orchidopexy - Unilateral- Lap/Endoscopic,11800,13570
30,1,870,Orchidopexy - Bilateral -Open,11054,12712
30,1,871,Orchidopexy - Bilateral -Lap/Endoscopic,14500,16675
30,1,872,Cystolithotomy -Suprapubic,8798,10118
31,1,873,Endoscopic Removal of Stone in Bladder,3300,3795
31,1,874,Resection Bladder Neck Endoscopic /Bladder neck,9833,11308
31,1,875,iUnrceitseiorons/ctroapniscu Sreutrhgrearl yincision on prostrate,9315,10712
31,1,876,Urethroplasty 1st Stage,9833,11308
31,1,877,Scrotal Exploration,7700,8855
31,1,878,Perineal Urethrostomy,4510,5187
31,1,879,Dilatation of Stricture Urethra under G.A.,2000,2300
31,1,880,Dilatation of Stricture Urethra under LA,1553,1786
31,1,881,Laparoscopic Nephrectomy,30015,34517
31,1,882,Laparoscopic partial Nephrectomy,10000,11500
31,1,883,Laparoscopic pyelolithotomy,11550,13283
31,1,884,Laparoscopic Pyeloplasty,9775,11241
31,1,885,Laparoscopic surgery for Renal cyst,9350,10753
31,1,886,Laparoscopic ureterolithotomy,11000,12650
31,1,887,Laparoscopic Nephroureterectomy,12650,14548
31,1,888,Extracorporeal Shock Wave Lithotripsy (ESWL),19550,22483
31,1,889,Uroflow Study (Uroflometry),450,518
31,1,890,Urodynamic Study (Cystometry),440,506
31,1,891,Cystoscopy with Retrograde Catheter -Unilateral /RGP,2680,3082
31,1,892,Cystoscopy with Retrograde Catheter - Bilateral /RGP,4208,4839
31,1,893,Cystoscopy with Bladder Biopsy (Cold Cup Biopsy),3043,3499
31,1,894,Voiding-cysto-urethrogram and retrograde urethrogram,400,460
31,1,895,(RNaedpicharlo pstroogsrtaatmec)tomy-Open,16043,18449
31,1,896,Radical prostatectomy-Laparoscopic,20125,23144
31,1,897,Radical prostatectomy- Robotic (Robotic Partial,19250,22138
31,1,898,NHeoplmhrieucmto YmAy)G Prostate Surgery,15000,17250
31,1,899,Holmium YAG Optical Internal Urethrotomy (OIU),4600,5290
31,1,900,Holmium YAG Core through internal Urethrotomy,17250,19838
31,1,901,Holmium YAG Stone Lithotripsy,10200,11730
31,1,902,Green Light laser for prostate,17250,19838
32,1,903,Retrograde Intrarenal Surgery (RIRS)/ Flexible Ureteroscopy,6800,7820
32,1,904,Microscopic Vaso-Epididymal Anastomosis (VEA)/ Vasovasostomy (reversal,See code 799,See code 799
32,1,905,oCfy vstaosseccotopmicy B footru Ilninfeurmti lTitoy xtirne aItnmjeecntti)o n(S (e Olevcte rC aGctHivSe rate code 799 for,6800,7820
32,1,906,bPleaydrdoenri/e ’Ns eduirsoegaesen i–c Pbllaadqudeer e)xcision with grafting,3400,3910
32,1,907,High Intensity Focus Ultrasound (HIFU) (Robotic) for Carcinoma prostrate and renal cell carcinoma,4600,5290
32,1,908,Prosthetic surgery for urinary incontinence,2300,2645
32,1,909,Transrectal Ultrasound (TRUS) guided prostate biopsy,575,661
32,1,910,Ultrasound Guided Percutaneous Nephrostomy (PCN),720,828
32,1,911,Other Major Surgery,15000,17250
32,1,912,Other Minor Surgery,6800,7820
32,1,,TREATMENT PROCEDURE NEURO-SURGERY,,
32,1,913,Craniotomy and Evacuation of Haematoma -Subdural,45644,52491
32,1,914,Craniotomy and Evacuation of Haematoma -Extradural,45000,51750
32,1,915,Evacuation /Excision of Brain Abscess by craniotomy,36000,41400
32,1,916,Excision of Lobe (Frontal Temporal Cerebellum etc.),36900,42435
32,1,917,Excision of Brain Tumours -Supratentorial,35211,40493
32,1,918,Excision of Brain Tumours -Infratentorial,40500,46575
32,1,919,Surgery of spinal Cord Tumours,40500,46575
32,1,920,Ventriculoatrial /Ventriculoperitoneal Shunt (Select CGHS rate code 938 for,see code 938,see code 938
32,1,921,aTpwpisrto Dverdil lr Catreasn)iostomy,4250,4888
32,1,922,Subdural Tapping,2210,2542
32,1,923,Ventricular Tapping,2670,3071
32,1,924,Abscess Tapping,2588,2976
32,1,925,Placement of Intracranial pressure (ICP) Monitor,2588,2976
32,1,926,Skull Traction Application,2300,2645
32,1,927,Lumber Pressure Monitoring,3825,4399
32,1,928,Vascular Malformations,19800,22770
33,1,929,Meningo Encephalocoele excision and repair,15000,17250
33,1,930,Meningomyelocoel Repair,24200,27830
33,1,931,CSF Rhinorrhaea Repair,25875,29756
33,1,932,Cranioplasty,21735,24995
33,1,933,Anterior Cervical Dissectomy,14940,17181
33,1,934,Brachial Plexus Exploration and neurotization,13973,16069
33,1,935,Median Nerve Decompression,12600,14490
33,1,936,Peripheral Nerve Surgery – Major,15525,17854
33,1,937,Peripheral Nerve Surgery Minor,7452,8570
33,1,938,Ventriculoatrial /Ventriculoperitoneal Shunt,10454,12022
33,1,939,Nerve Biopsy,6210,7142
33,1,940,Brain Biopsy,5808,6679
33,1,941,Anterior Cervical Spine Surgery with fusion,28980,33327
33,1,942,Anterio Lateral Decompression of spine,25875,29756
33,1,943,Brain Mapping,837,963
33,1,944,Cervical or Dorsal or Lumbar Laminectomy,20700,23805
33,1,945,Combined Trans-oral Surgery & Craniovertebral (CV) Junction Fusion,31050,35708
33,1,946,Craniovertebral Junction (CVJ) Fusion procedures,27000,31050
33,1,947,Depressed Fracture Elevation,22500,25875
33,1,948,Lumbar Discectomy,24840,28566
33,1,949,Endarterectomy (Carotid),18000,20700
33,1,950,Radiofrequency Ablation (RFA) for Trigeminal Neuralgia,10350,11903
33,1,951,Spasticity Surgery -,35708,41064
33,1,952,Spinal Fusion Procedure,27000,31050
33,1,953,Spinal Intra Medullary Tumours,31050,35708
33,1,954,Spinal Bifida Surgery Major,17078,19640
33,1,955,Spinal Bifida Surgery Minor,15000,17250
33,1,956,Stereotaxic Procedures- biopsy/aspiration of cyst,20700,23805
33,1,957,Trans Sphenoidal Surgery,30000,34500
33,1,958,Trans Oral Surgery,30000,34500
33,1,959,Implantation of Deep Brain Stimulation (DBS) -One electrode,31050,35708
33,1,960,Implantation of Deep Brain Stimulation (DBS) -two electrodes,36225,41659
34,1,961,Endoscopic aqueductoplasty,14000,16100
34,1,962,Facial nerve reconstruction,27000,31050
34,1,963,Carotid stenting,42263,48602
34,1,964,Cervical disc arthroplasty,24840,28566
34,1,965,Lumbar disc arthroplasty,12420,14283
34,1,966,Corpus callostomy for Epilepsy,35000,40250
34,1,967,Hemispherotomy for Epilepsy,32200,37030
34,1,968,Endoscopic CSF rhinorrhea repair,27000,31050
34,1,969,Burr hole evacuation of chronic subdural haematoma,21735,24995
34,1,970,Epilepsy surgery,32603,37493
34,1,971,Radiofrequency Ablation (RFA) for facet joint pain syndrome,15525,17854
34,1,972,Cervical laminoplasty,28800,33120
34,1,973,Lateral mass C1-C2 screw fixation,23000,26450
34,1,974,Microsurgical decompression for Trigeminal nerve,34200,39330
34,1,975,Microsurgical decompression for hemifacial spasm,4646,5343
34,1,976,Extracranial-Intracranial Bypass Procedures (EC-IC) bypass procedures,28800,33120
34,1,977,Image guided craniotomy,28980,33327
34,1,978,Baclofen pump implantation,35100,40365
34,1,979,Programmable Ventriculo-Peritoneal (VP) shunt,22500,25875
34,1,980,Endoscopic sympathectomy,15396,17705
34,1,981,Lumbar puncture,207,238
34,1,982,External ventricular drainage (EVD),4140,4761
34,1,983,Endoscopic 3rd ventriculostomy,36000,41400
34,1,984,Endoscopic cranial surgery/Biopsy/aspiration,28382,32639
34,1,985,"Endoscopic discectomy (Lumbar, Cervical)",32059,36868
34,1,986,Aneurysm coiling (Endovascular),34400,39560
34,1,987,Surgery for skull fractures,39900,45885
34,1,988,Carpel Tunnel decompression,13500,15525
34,1,989,Clipping of intracranial aneurysm,24150,27773
34,1,990,Surgery for intracranial Arteriovenous malformations(AVM),38250,43988
34,1,991,Foramen magnum decompression for Chari Malformation,93750,107813
34,1,992,Dorsal column stimulation for backache in failed back,25875,29756
35,1,993,Surgery for recurrent disc prolapse/epidural fibrosis,28980,33327
35,1,994,Surgery for brain stem tumours,39589,45527
35,1,995,Decompressive craniotomy for hemishpherical acute,36000,41400
35,1,996,sInutbrda-uarratle rhiaael mthartoommbao/blyrasiisn wswitehl lTinisgs/ulaer gPela isnmfairncotgen Activator (TPA) (for,4140,4761
35,1,997,iSstcehreiomtaicc tsictr oaskpei r)ation of intracerebral haematoma,30000,34500
35,1,998,Endoscopic aspiration of intracerebellar haematoma,36000,41400
35,1,999,Steriotactic Radiosurgery for brain pathology(X,27560,31694
35,1,1000,kSnteifreio/Gtaacmticm Ra a)d -i oOsuNrEge sreys fsoior nbrain pathology(X knife /Gamma knife -Two or,51750,59513
35,1,1001,mChoerem soetshseiroanpshy wafers for malignant brain tumors,14450,16618
35,1,1002,Battery Placement for Deep Brain Stimulation (DBS),19800,22770
35,1,1003,Baclofen pump implantation for spasticity,15597,17937
35,1,1004,Peripheral Nerve tumor surgery,21600,24840
35,1,1005,Surgery Intra Cranial Meningioma,20000,23000
35,1,1006,Surgery for Intracranial Schwannoma,35000,40250
35,1,1007,Surgery for Gliomas,45000,51750
35,1,1008,Surgery for Orbital tumors,40000,46000
35,1,1009,Surgery for Cranial (Skull) tumors,38500,44275
35,1,1010,Surgery for Scalp Arteriovenous Malformations (AVMs),22500,25875
35,1,1011,Kyphoplasty,40000,46000
35,1,1012,Balloon Kyphoplasty,36000,41400
35,1,1013,"Lesioning procedures for Parkinson’s disease, Dystonia etc.",31500,36225
35,1,1014,Other Major Surgery,38250,43988
35,1,1015,Other Minor Surgery,15300,17595
35,1,,TREATMENT PROCEDURE PAEDIATRIC SURGERY,,
35,1,1016,Excision of thyroglossal Duct/Cyst,14400,16560
35,1,1017,Diaphragmatic Hernia Repair (Thoracic or Abdominal,15525,17854
35,1,1018,ATrpapcrhoeaoc hO)esophageal Fistula (Correction Surgery),20700,23805
36,1,1019,Colon Replacement of Oesophagus,20700,23805
36,1,1020,Omphalo Mesenteric Cyst Excision,15525,17854
36,1,1021,Omphalo Mesenteric Duct- Excision,13973,16069
36,1,1022,Meckels Diverticulectomy,3012,3464
36,1,1023,Omphalocele 1st Stage (Hernia Repair),13973,16069
36,1,1024,Omphalocele 2nd Stge (Hernia Repair),15525,17854
36,1,1025,Gastroschisis Repair,14490,16664
36,1,1026,Inguinal Herniotomy,11302,12997
36,1,1027,Congenital Hydrocele,10800,12420
36,1,1028,Hydrocele of Cord,10800,12420
36,1,1029,Torsion Testis Operation,13500,15525
36,1,1030,Congenital Pyloric Stenosis- operation,12544,14426
36,1,1031,Duodenal Atresia Operation,12600,14490
36,1,1032,Pancreatic Ring Operation,20183,23210
36,1,1033,Meconium Ileus Operation,13050,15008
36,1,1034,Malrotation of Intestines Operation,12750,14663
36,1,1035,Rectal Biopsy (Megacolon),8762,10076
36,1,1036,Colostomy Transverse,13500,15525
36,1,1037,Colostomy Left Iliac,13500,15525
36,1,1038,Abdominal Perineal Pull Through (Hirschsprung's Disease),17100,19665
36,1,1039,Imperforate Anus Low Anomaly -Cut Back Operation,9212,10594
36,1,1040,Imperforate Anus Low Anomaly - Perineal Anoplasty,10800,12420
36,1,1041,Imperforate Anus High Anomaly -Sacroabdomino Perineal Pull Through,12500,14375
36,1,1042,Imperforate Anus High Anomaly - Closure of Colostomy,7763,8927
36,1,1043,Intussusception Operation,18630,21425
36,1,1044,Choledochoduodenostomy for Atresia of Extra Hepatic Billiary Duct,14250,16388
36,1,1045,Operation of Choledochal Cyst,14400,16560
36,1,1046,Nephrectomy for -Pyonephrosis,15300,17595
36,1,1047,Nephrectomy for - Hydronephrosis,13500,15525
37,1,1048,Nephrectomy for -Wilms Tumour,13500,15525
37,1,1049,Paraortic Lymphadenoctomy with Nephrectomy for Wilms Tumour,18000,20700
37,1,1050,Sacro-Coccygeal Teratoma Excision,12600,14490
37,1,1051,Neuroblastoma Debulking,14400,16560
37,1,1052,Neuroblastoma Total Excision,18630,21425
37,1,1053,Rhabdomyosarcoma wide Excision,15000,17250
37,1,1054,Congenital Atresia & Stenosis of Small Intestine,17100,19665
37,1,1055,Muconium ileus,14400,16560
37,1,1056,Malrotation & Volvulus of the Midgut,13500,15525
37,1,1057,Excision of Meckel’s Deverticulum,12000,13800
37,1,1058,Other Major Surgery,27000,31050
37,1,1059,Other Minor Surgery,10000,11500
37,1,,TREATMENT PROCEDURE BURNS AND PLASTIC,,
37,1,1060,SPUrimRaGrEy RSYuturing of Wound,270,311
37,1,1061,Injection of Keloids - Ganglion,989,1137
37,1,1062,Injection of Keloids - Haemangioma,1035,1190
37,1,1063,Free Grafts - Wolfe Grafts,1725,1984
37,1,1064,Free Grafts - Thiersch- Small Area 5%,6728,7737
37,1,1065,Free Grafts - Large Area 10%,7200,8280
37,1,1066,Free Grafts - Very Large Area 20% and above.,9315,10712
37,1,1067,Skin Flaps - Rotation Flaps,8073,9284
37,1,1068,Skin Flaps - Advancement Flaps,11250,12938
37,1,1069,Skin Flaps - Direct- cross Leg Flaps- Cross Arm Flap,11250,12938
37,1,1070,Skin Flaps - Cross Finger,11250,12938
37,1,1071,Skin Flaps - Abdominal,8415,9677
37,1,1072,Skin Flaps - Thoracic,8415,9677
37,1,1073,Skin Flaps - Arm Etc.,9900,11385
37,1,1074,Subcutaneous Pedicle Flaps Raising,6210,7142
37,1,1075,Subcutaneous Pedicle Flaps Delay,5355,6158
37,1,1076,Subcutaneous Pedicle Flaps Transfer,5355,6158
38,1,1077,Cartilage Grafting,7763,8927
38,1,1078,Reduction of Facial Fractures of Nose,1242,1428
38,1,1079,Reduction of Facial Fractures of Maxilla,8000,9200
38,1,1080,Reduction of Fractures of Mandible & Maxilla - Eyelet Splinting,6728,7737
38,1,1081,Reduction of Fractures of Mandible & Maxilla - Cast Metal Splints,6210,7142
38,1,1082,Reduction of Fractures of Mandible & Maxilla - Gunning Splints,6750,7763
38,1,1083,Internal Wire Fixation of Mandible & Maxilla,10350,11903
38,1,1084,Cleft Lip - repair.,10350,11903
38,1,1085,Cleft Palate Repair,11385,13093
38,1,1086,Primary Bone Grafting for alveolar cleft in Cleft Lip,10350,11903
38,1,1087,Secondary Surgery for Cleft Lip Deformity,9000,10350
38,1,1088,Secondary Surgery for Cleft Palate,11385,13093
38,1,1089,Reconstruction of Eyelid Defects - Minor,5693,6547
38,1,1090,Reconstruction of Eyelid Defects - Major,8100,9315
38,1,1091,Plastic Surgery of Different Regions of the Ear - Minor,7245,8332
38,1,1092,Plastic Surgery of Different Regions of the Ear - Major,9315,10712
38,1,1093,Plastic Surgery of the Nose - Minor,7245,8332
38,1,1094,Plastic Surgery of the Nose - Major,8550,9833
38,1,1095,Plastic Surgery for Facial Paralysis (Support with,14490,16664
38,1,1096,RPeenadnuimloautsio Bnr)east - Mammoplasty,13000,14950
38,1,1097,Underdeveloped Breast Mammoplasty,12000,13800
38,1,1098,After Mastectomy (Reconstruction)Mammoplasty,12000,13800
38,1,1099,Syndactyly Repair,12750,14663
38,1,1100,Dermabrasion Face,11903,13688
38,1,1101,upto 30% Burns 1st Dressing,137,158
38,1,1102,upto 30% Burns Subsequent Dressing,112,129
38,1,1103,30% to 50% Burns 1st Dressing,174,200
38,1,1104,30% to 50% Burns Subsequent Dressing,137,158
38,1,1105,Extensive Burn -above 50% Frist Dressing,248,285
38,1,1106,Extensive Burn -above 50% Subsequent dressing,174,200
39,1,,TREATMENT PROCEDURE ORTHOPEDICS,,
39,1,1107,Plaster Work,255,293
39,1,1108,Fingers (post slab),233,268
39,1,1109,Fingers full plaster,259,298
39,1,1110,Colles Fracture - Below elbow,880,1012
39,1,1111,Colles Fracture - Full plaster,895,1029
39,1,1112,Colles fracture Ant. Or post. slab,400,460
39,1,1113,Above elbow full plaster,156,179
39,1,1114,Above Knee post-slab,530,610
39,1,1115,Below Knee full plaster,165,190
39,1,1116,Below Knee post-slab,646,743
39,1,1117,Tube Plaster (or plaster cylinder),750,863
39,1,1118,Above knee full plaster,1139,1310
39,1,1119,Above knee full slab,1042,1198
39,1,1120,Minerva Jacket,2174,2500
39,1,1121,Plaster Jacket,1967,2262
39,1,1122,Shoulder spica,1760,2024
39,1,1123,Single Hip spica,2019,2322
39,1,1124,Double Hip spica,2484,2857
39,1,1125,Strapping of Finger,161,185
39,1,1126,Strapping of Toes,162,186
39,1,1127,Strapping of Wrist,207,238
39,1,1128,Strapping of Elbow,236,271
39,1,1129,Strapping of Knee,311,358
39,1,1130,Strapping of Ankle,311,358
39,1,1131,Strapping of Chest,414,476
39,1,1132,Strapping of Shoulder,466,536
39,1,1133,Figure of 8 bandage,466,536
39,1,1134,Collar and cuff sling,230,265
39,1,1135,Ball bandage,360,414
39,1,1136,Application of POP Casts for Upper & Lower Limbs,633,728
39,1,1137,Application of Functional Cast Brace,1215,1397
40,1,1138,Application of Skin Traction,621,714
40,1,1139,Application of Skeletal Tractions,854,982
40,1,1140,Bandage & Strappings for Fractures,497,572
40,1,1141,Aspiration & Intra Articular Injections,518,596
40,1,1142,Application of POP Spices & Jackets,2226,2560
40,1,1143,Close Reduction of Fractures of Limb & POP,2340,2691
40,1,1144,Reduction of Compound Fractures,2484,2857
40,1,1145,Open Reduction & Internal Fixation (ORIF) of Fingers & Toes,4658,5357
40,1,1146,Open Reduction of fracture of Long Bones of Upper / Lower Limb -Nailing &,7245,8332
40,1,1147,EOxpteenrn Rael dFuixcatitoionn of fracture of Long Bones of Upper / Lower Limb -AO,8694,9998
40,1,1148,PTreoncseiodnu rBesand Wirings,5092,5856
40,1,1149,Bone Grafting,6500,7475
40,1,1150,Excision of Bone Tumours,6210,7142
40,1,1151,Excision or other Operations for Scaphoid Fractures,6469,7439
40,1,1152,Sequestrectomy & Saucerization,6210,7142
40,1,1153,Sequestrectomy & Saucerizations -Arthrotomy,8974,10320
40,1,1154,Multiple Pinning Fracture Neck Femur,10350,11903
40,1,1155,Plate Fixations for Fracture Neck Femur,13200,15180
40,1,1156,AO Compression Procedures for Fracture Neck Femur,14904,17140
40,1,1157,Open Reduction of Fracture Neck Femur Muscle Pedicle Graft and Internal,17550,20183
40,1,1158,FCilxoastei oRnesduction of Dislocations,2857,3286
40,1,1159,Open Reduction of Dislocations,3095,3559
40,1,1160,Open Reduction & Internal Fixation (ORIF) of Fracture Dislocation,12150,13973
40,1,1161,Neurolysis/Nerve repair,12420,14283
40,1,1162,Nerve Repair with Grafting,15008,17259
40,1,1163,Tendon with Transplant or Graft,9315,10712
40,1,1164,Tendon Lengthening/Tendon repair,7245,8332
40,1,1165,Tendon Transfer,2795,3214
40,1,1166,Laminectomy Excision Disc and Tumours,4347,4999
41,1,1167,Split Osteotomy and Internal Fixations,21735,24995
41,1,1168,Anterolateral decompression for tuberculosis/ Costo-,3105,3571
41,1,1169,TArnatnesrveoerlasetecrtaolm Dyecompression and Spine Fusion,19350,22253
41,1,1170,Corrective Osteotomy & Internal Fixation- short bones,12420,14283
41,1,1171,Corrective Osteotomy & Internal Fixation- long bones,9936,11426
41,1,1172,Arthrodesis of - Minor Joints,9315,10712
41,1,1173,Arthrodesis of - Major Joints,9000,10350
41,1,1174,Soft Tissue Operations for Congenital Talipes Equinovarus (CTEV),7245,8332
41,1,1175,Soft Tissue Operations for Polio,6210,7142
41,1,1176,Hemiarthroplasty- Hip,19250,22138
41,1,1177,Hemiarthroplasty- Shoulder,19250,22138
41,1,1178,Operations for Brachial Plexus & Cervical Rib,21735,24995
41,1,1179,Amputations - Below Knee,6600,7590
41,1,1180,Amputations - Below Elbow,6159,7083
41,1,1181,Amputations - Above Knee,8050,9258
41,1,1182,Amputations - Above Elbow,6159,7083
41,1,1183,Amputations - Forequarter,12000,13800
41,1,1184,Amputations -Hind Quarter and Hemipelvectomy,16560,19044
41,1,1185,Disarticulations - Major joint,18630,21425
41,1,1186,Disarticulations - Minor joint,11385,13093
41,1,1187,Arthrography,8280,9522
41,1,1188,Arthroscopy - Diagnostic,7711,8868
41,1,1189,Arthroscopy-therapeutic: without implant,10000,11500
41,1,1190,Arthroscopy-therapeutic: with implant,15525,17854
41,1,1191,Soft Tissue Operation on Joints -Small,6210,7142
41,1,1192,Soft Tissue Operation on Joints -Large,13500,15525
41,1,1193,Myocutaneous and Fasciocutaneous Flap Procedures for Limbs,16767,19282
41,1,1194,Removal of Wires & Screw,1584,1822
41,1,1195,Removal of Plates,3726,4285
41,1,1196,Total Hip Replacement (THR),71000,81650
41,1,1197,Total Ankle Joint Replacement,95400,109710
42,1,1198,Total Knee Joint Replacement (TKR),99000,113850
42,1,1199,Total Shoulder Joint Replacement,71100,81765
42,1,1200,Total Elbow Joint Replacement,71100,81765
42,1,1201,Total Wrist Joint Replacement,100000,115000
42,1,1202,Total finger joint replacement,18000,20700
42,1,1203,Tubular external fixator,4140,4761
42,1,1204,Ilizarov's external fixator,6987,8035
42,1,1205,Pelvi-acetebular fracture -Internal fixation,7763,8927
42,1,1206,Meniscectomy,10800,12420
42,1,1207,Meniscus Repair,10000,11500
42,1,1208,Anterior Cruciate Ligament (ACL) Reconstruction,8500,9775
42,1,1209,Posterior Cruciate Ligament (PCL) Reconstruction,13500,15525
42,1,1210,Knee Collateral Ligament Reconstruction,12500,14375
42,1,1211,Bencarf Repair Shoulder,13200,15180
42,1,1212,RC Repair,1500,1725
42,1,1213,Biceps tenodesis,14000,16100
42,1,1214,Distal biceps tendon repair,10380,11937
42,1,1215,Arthrolysis of knee,12500,14375
42,1,1216,Capsulotomy of Shoulder,15000,17250
42,1,1217,Conservative Plaster of Paris (POP),1080,1242
42,1,1218,Application for CTEV per sitting,1080,1242
42,1,1219,Total Hip Replacement (THR) Revision Stage-I,153000,175950
42,1,1220,Total Hip Replacement (THR) Revision Stage-II,45000,51750
42,1,1221,Total Knee Replacement (TKR) Revision Stage-I,31500,36225
42,1,1222,Total Knee Replacement (TKR) Revision,31500,36225
42,1,1223,Illizarov/ external fixation for limb lengthening/ deformity,12500,14375
42,1,1224,cDoirsrceeccttioomny/ Micro Discectomy,12500,14375
42,1,1225,Laminectomy,4646,5343
42,1,1226,Spinal Fixation Cervical/dorsolumbar/ lumbosacral,16000,18400
42,1,1227,Fusion Surgery Cervical/ Lumbar Spine upto 2 Level,22000,25300
42,1,1228,Spinal Fusion Surgery Cervical/ Lumbar Spine -More than 2 Level,12000,13800
43,1,1229,Scoliosis Surgery/ Deformity Correction of Spine,25000,28750
43,1,1230,Vertebroplasty,12000,13800
43,1,1231,Spinal Injections,405,466
43,1,1232,Dynamic Hip Screw (DHS) for Fracture Neck Femur,15000,17250
43,1,1233,Proximal Femoral Nail (PFN for IT Fracture),14000,16100
43,1,1234,Spinal Osteotomy,1434,1649
43,1,1235,Illizarov’s / External Fixation for Trauma,11700,13455
43,1,1236,Soft Tissue Operations for Polio/ Cerebral Palsy,9501,10926
43,1,1237,Mini Fixator for Hand/Foot,9000,10350
43,1,1238,Other Major Surgery,34425,39589
43,1,1239,Other Minor Surgery,11883,13665
43,1,,TREATMENT PROCEDURE PHYSIOTHERAPY,,
43,1,1240,Ultrasonic therapy,70,81
43,1,1241,Shortwave Diathermy (SWD),70,81
43,1,1242,Electrical stimulation (therapeutic),70,81
43,1,1243,Muscle testing and diagnostic,71,82
43,1,1244,Infrared,75,86
43,1,1245,Ultraviolet Therapeutic (UV Therapeutic) dose,52,60
43,1,1246,Intermittent Lumbar Traction,70,81
43,1,1247,Intermittent Cervical traction,75,86
43,1,1248,Wax bath,70,81
43,1,1249,Hot pack,78,90
43,1,1250,Breathing Exercises & Postural Drainage,45,52
43,1,1251,Cerebral Palsy – exercise,50,58
43,1,1252,Post – polio exercise,50,58
43,1,,NUCLEAR MEDICINE / RADIOTHERAPY AND,,
43,1,1253,CCHobEaMlt O60T tHhEerRapAyPY,57375,65981
43,1,1254,Cobalt 60 therapy- Radical therapy,68425,78689
43,1,1255,Cobalt 60 therapy- Palliative therapy,21994,25293
43,1,1256,Linear accelerator,26775,30791
43,1,1257,Linear accelerator- Radical therapy,58650,67448
44,1,1258,Linear accelerator- Palliative therapy,30792,35411
44,1,1259,3D Planning,4888,5621
44,1,1260,2D Planning,4399,5059
44,1,1261,IMRT(Intensity Modulated radiotherapy),90790,104409
44,1,1262,SRT (Stereotactic radiotherapy),54896,63130
44,1,1263,SRS(Stereotactic radio surgery),72491,83365
44,1,1264,IGRT(Image guided radiotherapy),132314,152161
44,1,1265,Respiratory Gating-alongwith Linear accelerator planning,99000,113850
44,1,1266,Electron beam with Linear accelerator,60726,69835
44,1,1267,Tomotherapy,71460,82179
44,1,,NUCLEAR MEDICINE / BRACHYTHERAPY- HIGH,,
44,1,1268,DInOtraScEa vRitAoDryIATION,11730,13490
44,1,1269,Interstitial,52785,60703
44,1,1270,Intraluminal,8798,10118
44,1,1271,Surface mould,4180,4807
44,1,1272,Gliadel Wafer,84510,97187
44,1,,NUCLEAR MEDICINE / CHEMOTHARAPY,,
44,1,1273,Neoadjuvant,825,949
44,1,1274,Adjuvant,825,949
44,1,1275,Concurrent-chemoradiation,880,1012
44,1,1276,Single drug,497,572
44,1,1277,Multiple drugs,807,928
44,1,1278,Targeted therapy,880,1012
44,1,1279,Chemoport facility,880,1012
44,1,1280,PICC line (peripherally inserted Central Cannulisation),880,1012
44,1,,LIST OF PROCEDURES/ TESTS IN,,
44,1,1281,GUAppSeTr RGOI EENndToEscRoOpLy O+G LYow / eErN GDI OEnSdCoOscPoICpy PROCEDURES,1553,1786
44,1,1282,Diagnostic endoscopy,250,288
44,1,1283,Endoscopic biopsy,330,380
44,1,1284,Endoscopic mucosal resection,1389,1597
45,1,1285,Oesophageal stricture dilatation,1650,1898
45,1,1286,Balloon dilatation of achalasia cardia,2588,2976
45,1,1287,Foreign body removal,1650,1898
45,1,1288,Oesophageal stenting,3000,3450
45,1,1289,Band ligation of oesophageal varices,2250,2588
45,1,1290,Sclerotherapy of oesophageal varices,2250,2588
45,1,1291,Glue injection of varices,2500,2875
45,1,1292,Argon plasma coagulation,3623,4166
45,1,1293,Pyloric balloon dilatation,2310,2657
45,1,1294,Enteranal stenting,3520,4048
45,1,1295,Duodenal stricture dilation,990,1139
45,1,1296,Single balloon enterocopy,3600,4140
45,1,1297,Double balloon enteroscopy,3500,4025
45,1,1298,Capsule endoscopy,4950,5693
45,1,1299,deleted,,
45,1,1300,Colonic stricture dilatation,2620,3013
45,1,1301,Hot biopsy forceps procedures,3000,3450
45,1,1302,Colonic stenting,2620,3013
45,1,1303,Junction biopsy,2000,2300
45,1,1304,Conjugal microscopy,4000,4600
45,1,1305,Endoscopic sphincterotomy,2310,2657
45,1,1306,CBD stone extraction,2310,2657
45,1,1307,CBD stricture dilatation,6500,7475
45,1,1308,Biliary stenting (plastic and metallic),4620,5313
45,1,1309,Mechanical lithotripsy of CBD stones,7700,8855
45,1,1310,Pancreatic sphincterotomy,5775,6641
45,1,1311,Pancreatic stricture dilatation,5500,6325
45,1,1312,Pancreatic stone extraction,9088,10451
45,1,1313,Mechanical lithotripsy of pancreatic stones,10247,11784
45,1,1314,Endoscopic cysto gastrostomy,7700,8855
45,1,1315,Balloon dilatation of papilla,6210,7142
45,1,1316,Ultrasound guided FNAC,550,633
46,1,1317,Ultrasound guided abscess Drainage,648,745
46,1,1318,Percutaneous Transhepatic Biliary Drainage (PTBD),1150,1323
46,1,1319,Diagnostic angiography,1800,2070
46,1,1320,Vascular embolization,15100,17365
46,1,1321,Transjugular Intrahepatic Portosystemic Shunt (TIPS),4860,5589
46,1,1322,Inferior vena cava (IVC) Venography and Hepatic vein (HV) Venography,30791,35410
46,1,1323,Muscular stenting,87975,101171
46,1,1324,Balloon-occluded Retrograde Intravenous Obliteration (BRTO),51750,59513
46,1,1325,Portal haemodymic studies,1722,1980
46,1,1326,Manometry and PH metry,1612,1854
46,1,1327,Oesophageal PH metry,5000,5750
46,1,1328,Oesophageal manometry,5000,5750
46,1,1329,Small bowel manometry,6120,7038
46,1,1330,Anorectal manometry,6120,7038
46,1,1331,Colonic manometry,6885,7918
46,1,1332,Biliary manometry,7650,8798
46,1,1333,Sengstaken blackenesse tube tempode,2588,2976
46,1,1334,Lintas machles tube tempode,2750,3163
46,1,1335,Fecal fat test/ fecal chymotrypsin/ fecal elastase,315,362
46,1,1336,Breath tests,300,345
46,1,1337,Extracorporeal Shortwave Lithotripsy (ESWL) (Select CGHS rate code 888,see code 888,see code 888
46,1,1338,fLoirv earp bpiroopvsyed rate),1242,1428
46,1,,NAME OF INVESTIGATION / DENTAL,,
46,1,1339,Dental IOPA X-ray,50,58
46,1,1340,Occlusal X-ray,78,90
46,1,1341,OPG X-ray,196,225
46,1,,NAME OF INVESTIGATION / PULMONARY,,
46,1,1342,Lung Ventilation & Perfusion Scan (V/Q Scan),3240,3726
46,1,1343,Lung Perfusion Scan,2000,2300
46,1,,NAME OF INVESTIGATION / OSTEOLOGY,,
46,1,1344,Whole Body Bone Scan with SPECT.,3079,3541
47,1,1345,Three phase whole body Bone Scan,3100,3565
47,1,,NAME OF INVESTIGATION / NEUROSCIENCES,,
47,1,1346,Brain Perfusion SPECT Scan with Technetium 99m,8798,10118
47,1,1347,rRaaddioiopnhuacrmlidaec eCuitsitcearlnso.graphy for CSF leak,3740,4301
47,1,,NAME OF INVESTIGATION / GASTRO AND HEPATOBILIARY,,
47,1,1348,Gastro esophageal Reflux Study (GER Study),1900,2185
47,1,1349,Gastro intestinal Bleed (GloB.) Study with Technetium 99m labeled RBCs.,3079,3541
47,1,1350,Hepatobiliary Scintigraphy.,2444,2811
47,1,1351,Meckel's Scan,1955,2248
47,1,1352,Hepatosplenic scintigraphy with Technetium-99m,1870,2151
47,1,1353,rGaadsiotrpich aermmpatcyeinugticals,1148,1320
47,1,,NAME OF INVESTIGATION / GENITOURINARY,,
47,1,1354,Renal Cortical Scintigraphy with Technetium 99m Dimercaptosuccinic acid,3079,3541
47,1,1355,(DDyMnaSmAic) Renography.,3079,3541
47,1,1356,Dynamic Renography with Diuretic.,3079,3541
47,1,1357,Dynamic Renography with Captopril,1960,2254
47,1,1358,Testicular Scan,1445,1700
47,1,,NAME OF INVESTIGATION / ENDOCRINOLOGY,,
47,1,1359,Thyroid Uptake measurements with 131-Iodine.,1500,1725
47,1,1360,Thyroid Scan with Technetium 99m Pertechnetate.,1615,1900
47,1,1361,Iodine-131 Whole Body Scan,2933,3373
47,1,1362,Whole Body Scan with MIBG,15836,18211
47,1,1363,Parathyroid Scan,4888,5621
47,1,,NAME OF INVESTIGATION / RADIO-ISOTOPE,,
47,1,1364,T13H1E-lRodAiPneY Therapy,1530,1760
47,1,1365,131-lodine Therapy <15mCi,3854,4432
47,1,1366,131-lodine Therapy 15-50mCi,4500,5175
48,1,1367,131-lodine Therapy 51-100mCi,10800,12420
48,1,1368,131-lodine Therapy >100mCi,15000,17250
48,1,1369,Phosphorus-32 therapy for metastatic bone pain palliation,4500,5175
48,1,1370,Samarium-153 therapy for metastatic bone pain palliation,10450,12018
48,1,1371,Radiosynovectomy with Yttrium,19125,21994
48,1,,NAME OF INVESTIGATION / CARDIOLOGY,,
48,1,1372,Stress thallium / Myocardial Perfusion Scintigraphy,8505,9781
48,1,1373,Rest thallium / Myocardial Perfusion Scintigraphy,8000,9200
48,1,1374,Venography,3300,3795
48,1,1375,Treadmill Test (TMT),950,1120
48,1,1376,Transoesophageal Echocardiography (TEE),489,562
48,1,1377,Lymphangiography,1500,1725
48,1,,NAME OF INVESTIGATION / TUMOUR IMAGING,,
48,1,1378,Scintimammography.,4500,5175
48,1,1379,Indium labelled octreotide Scan,67500,77625
48,1,,NAME OF INVESTIGATION / PET SCAN,,
48,1,1380,FDG Whole body PET / CT Scan,10000,11500
48,1,1381,Brain / Heart FDG PET / CT Scan,10000,11500
48,1,1382,Gallium-68 Peptide PET / CT imaging for Neuroendocrine Tumor,10000,11500
48,1,,LABORATORY MEDICINE / CLINICAL PATHOLOGY,,
48,1,1383,"Urine routine- pH, Specific gravity, sugar, protein and microscopy",35,40
48,1,1384,Haemoglobin (Hb),63,72
48,1,1385,Stool routine,33,38
48,1,1386,Stool occult blood,22,25
48,1,1387,Post coital smear examination,27,31
48,1,1388,Semen analysis,35,40
48,1,,LABORATORY MEDICINE / HAEMATOLOGY,,
48,1,1389,Haemoglobin (Hb),18,21
48,1,1390,Total Leucocytic Count (TLC),31,36
48,1,1391,Differential Leucocytic Count (DLC),31,36
49,1,1392,Erythrocyte Sedimentation Rate (ESR),25,29
49,1,1393,"Total Red Cell count with MCV,MCH,MCHC,DRW",29,33
49,1,1394,"Complete Haemogram/CBC, Hb,RBC count and indices,TLC, DLC, Platelet,",135,155
49,1,1395,"EPlSaRte,l ePte criopuhnetral smear examination",43,49
49,1,1396,Reticulocyte count,48,55
49,1,1397,Absolute Eosinophil count (AEC),43,49
49,1,1398,Packed Cell Volume (PCV),13,15
49,1,1399,Peripheral Smear Examination,43,49
49,1,1400,Smear for Malaria parasite,37,43
49,1,1401,Bleeding Time,35,40
49,1,1402,Osmotic fragility Test,50,58
49,1,1403,Bone Marrow Smear Examination,70,81
49,1,1404,Bone Marrow Smear Examination with iron stain,250,288
49,1,1405,Bone Marrow Smear Examination and cytochemistry,400,460
49,1,1406,Activated partial ThromboplastinTime (APTT),100,115
49,1,1407,Rapid test for malaria(card test),44,51
49,1,1408,WBC cytochemistry for leukemia -Complete panel,110,127
49,1,1409,"Bleeding Disorder panel- PT, APTT, Thrombin Time",400,460
49,1,1410,"FFiabcrtionro Agesnsa, yDs--FDaicmtoerr/ V FIiIbIrinogen Degradation Products (FDP)",720,828
49,1,1411,Factor Assays-Factor IX,680,782
49,1,1412,Platelet Function test,50,58
49,1,1413,"Tests for hypercoagulable states- Protein C, Protein S, Antithrombin",360,414
49,1,1414,Tests for lupus anticoagulant,150,173
49,1,1415,"Tests for Antiphospholipid antibody IgG, IgM ( for cardiolipin and B2 Glycoprotein 1)",450,518
49,1,1416,Thalassemia studies (Red Cell indices and Hb HPLC),560,644
49,1,1417,Tests for Sickling / Hb HPLC),69,79
49,1,,LABORATORY MEDICINE / BLOOD BANK,,
49,1,1418,Blood Group & RH Type,30,35
50,1,1419,Cross match,50,58
50,1,1420,Coomb’s Test Direct,90,104
50,1,1421,Coomb’s Test Indirect,100,115
50,1,1422,3 cell panel- antibody screening for pregnant female,170,196
50,1,1423,11 cells panel for antibody identification,170,196
50,1,1424,Hepatitis B surface antigen (HBsAg),102,117
50,1,1425,Hepatitis C virus (HCV),128,147
50,1,1426,Human immunodeficiency virus- HIV I and II,150,173
50,1,1427,Venereal Disease Research Laboratory test (VDRL),43,49
50,1,1428,RH Antibody titer,80,92
50,1,1429,Platelet Concentrate,56,64
50,1,1430,Random Donor Platelet(RDP)- (Select CGHS rate Code 1828 for approved,See code 1828,See code 1828
50,1,1431,rSainteg)l e Donor Platelet (SDP- Apheresis)- (Select CGHS rate Code 1830 for,See code 1830,see code 1830
50,1,,aLpApBrOovReAd TrOatRe)Y MEDICINE / HISTOPATHOLOGY,,
50,1,1432,Routine-H & E,81,93
50,1,1433,special stain,65,75
50,1,1434,Immunohistochemistry(IHC),700,805
50,1,1435,Frozen section,702,807
50,1,1436,Paraffin section,343,394
50,1,,LABORATORY MEDICINE / CYTOLOGY,,
50,1,1437,Pap Smear,135,155
50,1,1438,Body fluid for Malignant cells,135,155
50,1,1439,Fine Needle Aspiration Cytology (FNAC),200,230
50,1,,NAME OF INVESTIGATION / FLOW CYTOMETRY,,
50,1,1440,Leukemia panel /Lymphoma panel,1382,1589
50,1,1441,"Paroxysmal Nocturnal Hemoglobinuria (PNH) Panel-CD55,CD59",1000,1150
50,1,,LABORATORY MEDICINE / CYTOGENETIC STUDIES,,
50,1,1442,Karyotyping (Select CGHS rate code 677 for approved rate),see code 677,see ocde 677
50,1,1443,Fluorescent in situ hybridization (FISH),500,575
50,1,,LABORATORY MEDICINE / BIO-CHEMISTRY,,
51,1,1444,Blood Glucose Random,24,28
51,1,1445,"24 hrs urine for Proteins,Sodium, creatinine",45,52
51,1,1446,Blood Urea Nitrogen,54,62
51,1,1447,Serum Creatinine,55,63
51,1,1448,Urine Bile Pigment and Salt,23,26
51,1,1449,Urine Urobilinogen,18,21
51,1,1450,Urine Ketones,27,31
51,1,1451,Urine Occult Blood,32,37
51,1,1452,Urine total proteins,16,18
51,1,1453,Rheumatoid Factor / Rh Factor test,100,115
51,1,1454,Bence Jones protein,42,48
51,1,1455,Serum Uric Acid,55,63
51,1,1456,Serum Bilirubin total & direct,80,92
51,1,1457,Serum Iron,90,104
51,1,1458,C-reactive Protein (CRP),100,115
51,1,1459,C-reactive Protein (CRP) Quantitative,160,184
51,1,1460,"Body fluid (CSF/Ascitic Fluid etc.)Sugar, Protein etc.",90,104
51,1,1461,Albumin.,18,21
51,1,1462,Creatinine clearance.,80,92
51,1,1463,Serum Cholesterol,62,71
51,1,1464,Total Iron Binding Capacity (TIBC),80,92
51,1,1465,Glucose (Fasting & PP),47,54
51,1,1466,Serum Calcium –Total,60,69
51,1,1467,Serum Calcium –Ionic,44,51
51,1,1468,Serum Phosphorus,60,69
51,1,1469,Total Protein Alb/Glo Ratio,50,58
51,1,1470,Immunoglobulin G (IgG),240,276
51,1,1471,Immunoglobulin M(IgM),240,276
51,1,1472,Immunoglobulin A(IgA),240,276
51,1,1473,Antinuclear antibody (ANA),200,230
51,1,1474,Anti-double stranded DNA (anti-dsDNA),350,403
51,1,1475,Serum glutamic pyruvic transaminase (SGPT) / Alanine Aminotransferase,55,63
52,1,1476,Serum Glutamic oxaloacetic transaminase (SGOT) / Aspartate,55,63
52,1,1477,ASemruinmo tarmanyslfaesrease (AST),117,135
52,1,1478,Serum Lipase,130,150
52,1,1479,Serum Lactate,72,83
52,1,1480,Serum Magnesium,100,115
52,1,1481,Serum Sodium,50,58
52,1,1482,Serum Potassium,45,52
52,1,1483,Serum Ammonia,100,115
52,1,1484,Anemia Profile,204,235
52,1,1485,Serum Testosterone,135,155
52,1,1486,Imprint Smear From Endoscopy,216,248
52,1,1487,Triglycerides,75,86
52,1,1488,Glucose Tolerance Test (GTT),90,104
52,1,1489,Triple Marker.,720,828
52,1,1490,Creatine Phosphokinase (CPK)/Creatine Kinase (CK),100,115
52,1,1491,Foetal Haemoglobin (HbF),85,98
52,1,1492,Prothrombin Time (PT)/ INR,99,114
52,1,1493,Lactate dehydrogenase (LDH),100,115
52,1,1494,Alkaline Phosphatase,60,69
52,1,1495,Acid Phosphatase,70,81
52,1,1496,CPK MB/CK MB,171,197
52,1,1497,CK MB Mass/CPK MB Mass,140,161
52,1,1498,Troponin I,100,115
52,1,1499,Troponin T,550,633
52,1,1500,Glucose-6-Phosphate Dehydrogenase (G6PD),100,115
52,1,1501,Lithium,130,150
52,1,1502,Dilantin (phenytoin),400,460
52,1,1503,Carbamazepine,360,414
52,1,1504,Valproic acid,300,345
52,1,1505,Ferritin (Select CGHS rate code 1517 for approved rate),see code 1517,see code 1517
53,1,1506,Blood gas analysis / Arterial Blood Gas (ABG),120,138
53,1,1507,Blood gas analysis / Arterial Blood Gas (ABG) with electrolytes,414,476
53,1,1508,Urine pregnancy test,65,75
53,1,1509,Tests for Antiphospholipid antibodies syndrome,280,322
53,1,1510,Glycosylated Haemoglobin (HbA1c),130,150
53,1,1511,Haemoglobin Electrophoresis/ Hb HPLC (Select CGHS rate code 1417 for,see code 1417,see code 1417
53,1,1512,aKpidpnreoyv eFdu nrcattieo)n Test (KFT),203,233
53,1,1513,Liver Function Test (LFT),225,259
53,1,1514,"Lipid Profile. (Total cholesterol, LDL, HDL, Triglycerides)",200,230
53,1,,Nutritional Markers,,
53,1,1515,Serum Iron,90,104
53,1,1516,Total Iron Binding Capacity (TIBC) (Select CGHS rate code 1464 for,see code 1464,see code 1464
53,1,1517,aSperpurmov Feedr rriatitne),100,115
53,1,1518,Vitamin B12 assay.,250,288
53,1,1519,Folic Acid assay.,300,345
53,1,1520,"Extended Lipid Profile. (Total cholesterol, LDL, HDL, Triglycerides Apo",536,616
53,1,1521,"AA1p,oAlippoo pBro,Ltepi n(a A) )1 (ApoA1)",200,230
53,1,1522,Apolipoprotein B (Apo B),199,229
53,1,1523,Lipoprotein A / Lp A,445,512
53,1,1524,"CD 3,4 and 8 counts",170,196
53,1,1525,"CD 3,4 and 8 percentage",170,196
53,1,1526,Low density lipoprotein (LDL),62,71
53,1,1527,Homocysteine.,400,460
53,1,1528,Haemoglobin (Hb) Electrophoresis/ (Select CGHS rate code 1417 for,see code 1417,see code 1417
53,1,1529,aSperpurmov Eelde crtarotep)horesis.,220,253
53,1,1530,Fibrinogen.,149,171
53,1,1531,Chloride.,54,62
53,1,1532,Magnesium.,150,173
54,1,1533,Gamma-Glutamyl Transpeptidase (GGTP),90,104
54,1,1534,Lipase.,239,275
54,1,1535,Fructosamine.,200,230
54,1,1536,Beta 2 microglobulin (B2M) /β2 microglobulin,90,104
54,1,1537,Catecholamines.,1050,1208
54,1,1538,Creatinine clearance.,108,124
54,1,,NAME OF INVESTIGATION / TUMOUR MARKERS,,
54,1,1539,Prostate Specific antigen (PSA)- Total,312,359
54,1,1540,Prostate-specific antigen (PSA) - Free,338,389
54,1,1541,Alpha Fetoprotein (AFP),293,337
54,1,1542,Human chorionic gonadotropin (HCG),260,299
54,1,1543,Cancer Antigen 125 (CA 125),391,450
54,1,1544,Cancer Antigen 19.9 (CA 19.9),616,708
54,1,1545,Cancer Antigen 15.3 (CA 15.3),560,644
54,1,1546,Vanillylmandelic Acid (VMA),350,403
54,1,1547,Calcitonin,450,518
54,1,1548,Carcinoembryonic Antigen (CEA),340,391
54,1,,OTHERS,,
54,1,1549,Immunofluorescence,150,173
54,1,1550,Direct(Skin and kidney Disease),383,440
54,1,1551,Indirect (antids DNA Anti Smith ANCA),425,489
54,1,1552,Calcidiol / 25-hydroxycholecalciferol / Vitamin D3 assay (Vit D3),550,633
54,1,1553,Serum Protein electrophoresis with,300,345
54,1,1554,iBmEmTuAn-o2f iMxaitciroong leolebcutlrionp ahsosraeys i(sS (eIlFecEt) CGHS rate code 1536 for approved,see code 1536,see code 1536
54,1,1555,rAanttei)-Cyclic Citrullinated Peptide (Anti CCP),450,518
54,1,1556,Anti-tissue Transglutaminase antibody (Anti TTG Antibody),425,489
54,1,1557,Serum Erythropoetin,425,489
54,1,1558,Adrenocorticotropic Hormone (ACTH),450,518
54,1,,HORMONES,,
54,1,1559,"T3, T4, TSH",200,230
55,1,1560,Triiodothyronine- T3,64,74
55,1,1561,Tetraiodothyronine T4,64,74
55,1,1562,Thyroid stimulating hormone (TSH),90,104
55,1,1563,Luteinizing hormone (LH),150,173
55,1,1564,Follicle stimulating hormone (FSH),150,173
55,1,1565,Prolactin,150,173
55,1,1566,Cortisol,250,288
55,1,1567,PTH(Paratharmone),500,575
55,1,1568,C-Peptide (C Peptide / Connecting Peptide),330,380
55,1,1569,Insulin.,150,173
55,1,1570,Progesterone.,225,259
55,1,1571,17 Hydroxyprogesterone (17 OH Progesterone),440,506
55,1,1572,Dehydroepiandrosterone sulfate (DHEAS),440,506
55,1,1573,Androstenedione,600,690
55,1,1574,Growth Hormone.,340,391
55,1,1575,Thyroid peroxidase antibody (TPO),300,345
55,1,1576,Throglobulin.,300,345
55,1,1577,Hydatic Serology.,318,366
55,1,1578,Anti Sperm Antibodies.,380,437
55,1,1579,Hepatitis B Virus (HBV) DNA Qualitative,2000,2300
55,1,1580,Hepatitis B Virus (HBV) DNA Quantitative.,1500,1725
55,1,1581,Hepatitis C Virus (HCV) RNA Qualitative.,1691,1945
55,1,1582,Human papillomaviruse (HPV) Serology,218,251
55,1,1583,Rota Virus serology,130,150
55,1,1584,PCR for Tuberculosis (TB),900,1035
55,1,1585,PCR for Human immunodeficiency virus (HIV),600,690
55,1,1586,Chlamydae antigen,765,880
55,1,1587,Chlamydae antibody,238,274
55,1,1588,Brucella serology,230,265
55,1,1589,Influenza A serology,943,1084
55,1,,"USG, X-RAY , CT, MRI, BONE DENSITOMETRY",,
55,1,1590,USG for Anomalies scan,1700,2000
56,1,1591,USG Whole Abdomen (KUB),680,800
56,1,1592,USG Pelvic /Gynaec.,425,500
56,1,1593,"Small parts USG ( scrotum, thyroid , parathyroid etc)",349,401
56,1,1594,Neonatal head (Tranfontanellar),425,489
56,1,1595,Neonatal spine,497,572
56,1,1596,Contrast enhanced USG,810,932
56,1,1597,USG Breasts,680,800
56,1,1598,USG Hysterosalpingography (HSG),2040,2400
56,1,1599,Carotid Doppler,850,978
56,1,1600,Arterial Colour Doppler,706,812
56,1,1601,Venous Colour Doppler,706,812
56,1,1602,"Colour Doppler, renal arteries/any other organ",800,920
56,1,1603,USG guided FNAC,1530,1800
56,1,1604,USG guided intervention - biopsy,720,828
56,1,1605,USG guided intervention - nephrostomy,720,828
56,1,,X-Ray,,
56,1,1606,Abdomen AP Supine or Erect (One film),215,250
56,1,1607,Abdomen Lateral view (one film),115,132
56,1,1608,Chest PA view (one film),195,230
56,1,1609,Chest Lateral view (one film),195,230
56,1,1610,"Mastoids: Towne view, oblique views (3 films)",225,259
56,1,1611,"Extremities, bones & Joints AP & Lateral views (Two films)",255,293
56,1,1612,Pelvis AP (one film),99,114
56,1,1613,Temporomandibular (TM) Joints (one film),99,114
56,1,1614,Abdomen & Pelvis for KUB,115,132
56,1,1615,Skull AP & Lateral (2 films),250,288
56,1,1616,Spine AP & Lateral (2 films),225,259
56,1,1617,PNS view (1 film),99,114
56,1,,X-ray CONTRAST STUDIES,,
56,1,1618,Barium Swallow,510,587
56,1,1619,Barium Upper GI study,800,920
56,1,1620,Barium Upper GI study (Double contrast),935,1075
57,1,1621,Barium Meal follow through,935,1075
57,1,1622,Barium Enema (Single contrast/double contrast),850,978
57,1,1623,Small bowel enteroclysis,1000,1150
57,1,1624,ERCP (Endoscopic Retrograde Cholangio –,2250,2588
57,1,1625,PGaenncerreaal:tFogisrtauplhoyg)raphy / Sinography/Sialography /Dacrocystography/ T-Tube,574,660
57,1,1626,cPheorclauntagnioegoruasm tr a/Nnsehpehpraotsitco gchraomlangiography (PTC),1296,1490
57,1,1627,Intravenous Pyelography (IVP),1400,1650
57,1,1628,Micturating Cystourethrography (MCU),950,1120
57,1,1629,Retrograde Urethrography (RGU),950,1120
57,1,1630,Contrast Hystero-Salpingography (HSG),918,1056
57,1,1631,X-ray Arthrography,700,805
57,1,1632,Cephalography,150,173
57,1,1633,Myelography,2500,2875
57,1,1634,Diagnostic Digital Subtraction Angiography (DSA),1749,2011
57,1,,MAMMOGRAPHY,,
57,1,1635,Mammography B/L,1170,1375
57,1,1636,MRI Mammography,2550,2933
57,1,,Computed Tomography (CT) Scan,,
57,1,1637,NCCT Head,880,1035
57,1,1638,CT Scan Head- with Contrast -With Contrast including CT angiography,1350,1553
57,1,1639,CT Scan Chest - without contrast (for lungs),1700,1955
57,1,1640,CT Scan Lower Abdomen (incl. Pelvis) With Contrast,1700,1955
57,1,1641,CT Scan Lower Abdomen (Incl. Pelvis) Without Contrast,1500,1725
57,1,1642,CT Scan Whole Abdomen Without Contrast,2700,3105
57,1,1643,CT Scan Whole Abdomen With Contrast,4050,4658
57,1,1644,Triple Phase CT abdomen,4050,4658
57,1,1645,CT Scan angiography abdomen/ Chest,4500,5175
57,1,1646,CT Scan Enteroclysis,5500,6325
57,1,1647,CT Scan Neck – Without Contrast,1500,1725
57,1,1648,CT Scan Neck – With Contrast,1870,2151
58,1,1649,CT Scan Orbits - Without Contrast,1190,1369
58,1,1650,CT Scan Orbits - With Contrast,1615,1857
58,1,1651,CT Scan of Para Nasal Sinuses- Without Contrast,900,1035
58,1,1652,CT Scan of Para Nasal Sinuses - With Contrast,1600,1840
58,1,1653,"CT Scan Spine (Cervical, Dorsal, Lumbar, Sacral)–without Contrast",1500,1725
58,1,1654,CT Scan Temporal bone – without contrast,893,1027
58,1,1655,CT Scan- Dental,1275,1466
58,1,1656,CT Scan Limbs -Without Contrast,1700,1955
58,1,1657,CT Scan Limbs -With Contrast including CT angiography,2253,2591
58,1,1658,CT Guided intervention –FNAC,1080,1242
58,1,1659,CT Guided Trucut Biopsy,1200,1380
58,1,1660,CT Guided intervention -percutaneous catheter drainage/tube placement,1305,1501
58,1,,MRI,,
58,1,1661,MRI Head,2125,2500
58,1,1662,MRI Head – With Contrast,2848,3275
58,1,1663,MRI Orbit,1445,1700
58,1,1664,MRI Orbits – With Contrast,2000,2300
58,1,1665,MRI Nasopharynx and PNS – Without Contrast,2450,2818
58,1,1666,MRI Nasopharynx and PNS – With Contrast,3500,4025
58,1,1667,MR for Salivary Glands with Sialography,2700,3105
58,1,1668,MRI Neck - Without Contrast,3000,3450
58,1,1669,MRI Neck- with contrast,5000,5750
58,1,1670,MRI Shoulder – Without contrast,2000,2300
58,1,1671,MRI Shoulder – With conntrast,2600,2990
58,1,1672,MRI shoulder both Joints - Without contrast,2750,3163
58,1,1673,MRI Shoulder both joints – With contrast,4000,4600
58,1,1674,MRI Wrist Single joint - Without contrast,2550,3000
58,1,1676,MRI Wrist Single joint - With contrast,4000,4600
58,1,1675,MRI Wrist both joints - Without contrast,3400,4000
58,1,1677,MRI Wrist Both joints - With contrast,5000,5750
59,1,1678,MRI knee Single joint - Without contrast,2550,3000
59,1,1679,MRI knee Single joint - With contrast,5000,5750
59,1,1680,MRI knee both joints - Without contrast,3400,4000
59,1,1681,MRI knee both joints - With contrast,5000,5750
59,1,1683,MRI Ankle Single joint - Without contrast,2125,2444
59,1,1682,MRI Ankle single joint - With contrast,4250,5000
59,1,1684,MRI Ankle both joints - With contrast,5525,6500
59,1,1685,MRI Ankle both joints - Without contrast,2500,2875
59,1,1686,MRI Hip - With contrast,2500,2875
59,1,1687,MRI Hip – without contrast,2125,2444
59,1,1688,MRI Pelvis – Without Contrast,2125,2444
59,1,1689,MRI Pelvis – with contrast,4500,5175
59,1,1690,MRI Extremities - With contrast,5000,5750
59,1,1691,MRI Extremities - Without contrast,2125,2444
59,1,1692,MRI Temporomandibular – B/L - With contrast,4000,4600
59,1,1693,MRI Temporomandibular – B/L - Without contrast,2125,2444
59,1,1694,MR Temporal Bone/ Inner ear with contrast,4000,4600
59,1,1695,MR Temporal Bone/ Inner ear without contrast,2500,2875
59,1,1696,MRI Abdomen – Without Contrast,2125,2444
59,1,1697,MRI Abdomen – With Contrast,5000,5750
59,1,1698,MRI Breast - With Contrast,4250,4888
59,1,1699,MRI Breast - Without Contrast,2125,2444
59,1,1700,MRI Spine Screening - Without Contrast,1700,2000
59,1,1701,MRI Chest – Without Contrast,2125,2444
59,1,1702,MRI Chest – With Contrast,4000,4600
59,1,1703,MRI whole spine,3400,4000
59,1,1704,MRI Cervical/ Cervico Dorsal Spine – With Contrast,4000,4600
59,1,1705,MRI Dorsal/ Dorso Lumbar Spine - Without Contrast,2125,2444
59,1,1706,MRI Dorsal/ Dorso Lumbar Spine – With Contrast,4000,4600
59,1,1707,MRI Lumbar/ Lumbo-Sacral Spine – Without Contrast,2125,2444
59,1,1708,MRI Lumbar/ Lumbo-Sacral Spine – With Contrast,5000,5750
59,1,1709,Whole body MRI (For oncological workup),5100,5865
60,1,1710,MR cholecysto-pancreatography (MRCP),5000,5750
60,1,1711,MRI Angiography - with contrast,4950,5693
60,1,1712,MR Enteroclysis,2125,2444
60,1,,BONE DENSITOMETRY (DEXA SCAN),,
60,1,1713,Dexa Scan Bone Densitometry - Two sites,1350,1553
60,1,1714,"Dexa Scan Bone Densitometry - Three sites (Spine, Hip &extremity)",2000,2300
60,1,1715,Dexa Scan Bone Densitometry Whole body,2250,2588
60,1,,NEUROLOGICAL INVESTIGATIONS AND PROCEDURES,,
60,1,1716,Electroencephalogram (EEG)/ Video EEG,298,343
60,1,1717,Electromyography (EMG),638,734
60,1,1718,Nerve Conduction Velocity(NCV) (at least 2 limbs),638,734
60,1,1719,Repititive nerve stimulation (RNS)-Decremental response (before and after,595,684
60,1,1720,nReeopsettiigtmivien nee)rve stimulation (RNS)-Incremental response,595,684
60,1,1721,Somatosensory evoked potentials (SSEP),638,734
60,1,1722,Polysomnography (PSG) / Sleep study,638,734
60,1,1723,Brachial plexus study,638,734
60,1,1724,Muscle biopsy,383,440
60,1,1725,Acetylcholine receptor (AChR) antibody titre,1848,2125
60,1,1726,Anti muscle specific receptor tyrosine kinase (Anti MuSK) antibody titre,2340,2691
60,1,1727,Serum copper,450,518
60,1,1728,Serum ceruloplasmin,450,518
60,1,1729,Urinary copper,450,518
60,1,1730,Serum homocysteine,450,518
60,1,1731,Serum valproate level,315,362
60,1,1732,Serum phenobarbitone level,350,403
60,1,1733,Coagulation profile,498,573
60,1,1734,"Protein C, Protein S, Antithrombin–III (Select CGHS rate code 1413 for",See code 1413,See code 1413
60,1,1735,aSperpurmov leadct artaet eles)vel (Select CGHS rate code 1479 for approved rate),See code 1479,See code 1479
61,1,,CSF,,
61,1,1736,"Basic studies including cell count, protein, sugar, gram stain,India Ink preparation and smear for AFP",240,276
61,1,1737,Special studies,900,1035
61,1,1738,PCR for tuberculosis/ Herpes simplex,1200,1380
61,1,1739,Bacterial culture and sensitivity,180,207
61,1,1740,Mycobacterial culture and sensitivity,180,207
61,1,1741,Fungal culture,128,147
61,1,1742,Malignant cells,64,74
61,1,1743,Anti measles antibody titre (with serum antibody titre),801,921
61,1,1744,Viral culture,255,293
61,1,1745,"Antibody titre (Herpes simplex, cytomegalo virus, flavivirus, zoster varicella",760,874
61,1,1746,vOilriugso)clonal band,1200,1380
61,1,1747,Myelin Basic protein,1871,2152
61,1,1748,Lactate (Select CGHS rate code 1479 for approved rate),See code 1479,See code 1479
61,1,1749,Cryptococcal antigen,1024,1178
61,1,,TESTS IN GASTRO-ENTEROLOGY,,
61,1,1750,D-xylase test,765,880
61,1,1751,Fecal fat test/ fecal chymotrypsin/ fecal elastase (Select CGHS rate code,see code 1335,see code 1335
61,1,1752,1B3r3ea5t hfo tre satps p(sreolvecetd CraGtHe)S rate code 1336 for approved rate),see code 1336,see code 1336
61,1,1753,H pylori serology for coeliac disease,500,575
61,1,1754,HBV genotyping,2250,2588
61,1,1755,HCV genotyping,4388,5046
61,1,,TESTS IN ENDOCRINOLOGY ( IN ADDITION TO,,
61,1,1756,TUHriOnaSrEy vINanCilLlyUlmDaEnDde UliNc aDcEidR ( VHMARAM) ONES),1500,1725
61,1,1757,Urinary metanephrine/Normetanephrine,1138,1309
61,1,1758,Urinary free catecholamine,1690,1944
62,1,1759,Serum catecholamine,3400,3910
62,1,1760,Serum aldosterone,1125,1294
62,1,1761,24 Hr urinary aldosterone,920,1058
62,1,1762,Plasma renin activity,1000,1150
62,1,1763,Serum aldosterone/renin ratio,1200,1380
62,1,1764,Osmolality urine,128,147
62,1,1765,Osmolality serum,128,147
62,1,1766,Urinary sodium,80,92
62,1,1767,Urinary Chloride,43,49
62,1,1768,Urinary potassium,80,92
62,1,1769,Urinary calcium,72,83
62,1,1770,Thyroid binding globulin,510,587
62,1,1771,24 hour urinary free cortisole,200,230
62,1,1772,Islet cell antibody,750,863
62,1,1773,Glutamic Acid Decarboxylase Autoantibodies test (GAD antibodies),1330,1530
62,1,1774,Insulin associated antibody,449,516
62,1,1775,Insulin-like growth factor-1 (IGF-1),1350,1553
62,1,1776,Insulin-like growth factor binding protein 3 (IGF-BP3),1650,1898
62,1,1777,Sex hormone binding globulin,1333,1533
62,1,1778,USG guided FNAC thyroid gland,387,445
62,1,1779,Estradiol (E2),208,239
62,1,1780,Thyro globulin antibody,587,675
62,1,,ADDED W.E.F. 14.01.2020,,
62,1,1781,"Kappa Lambda Light Chains, Free, Serum/ Serum free light chains (SFLC)",3500,4025
62,1,1782,Serum IGE Level,300,345
62,1,1783,NT-Pro BNP,1800,2070
62,1,1784,CECT Chest,2445 Including CD,2875
62,1,1785,MRI-Prostate (Multi-parametric),6000/- including CD,6900 Including CD
62,1,1786,HCV RNA Quantitative,1500,1725
62,1,1787,Tacrolimus,2300,2645
62,1,1788,"Protein Creatinine Ratio, Urine",120,138
62,1,1789,Fibroscan Liver,1000,1150
62,1,1790,HLA B27 (PCR),500,575
63,1,1791,Montoux Test,175,200
63,1,1792,Procalcitonin,1800,2070
63,1,1793,TORCH Test,1120,1288
63,1,1794,Intracoronary OCT (AIIMS Rates),65000 + GST,65000 + GST
63,1,1795,Fractional Flow Reserve (FFR) INCLUSIVE OF COST OF WIRE,30000,30000
63,1,,ADDED W.E.F. 05.06.2020,,
63,1,Sr. No.,CGHS TREATMENT PROCEDURE/INVESTIGATION LIST,Non- NABH/Non- NABL Rates,NABH/L Rates
63,1,1796,Anti –Smooth Muscle Antibody Test (ASMA),1241,1460
63,1,1797,C ANCA-IFA,1275,1500
63,1,1798,P ANCA-IFA,1275,1500
63,1,1799,Angiotensin converting enzyme (ACE),850,1000
63,1,1800,EBUS (Endo Brachial Ultrasound) – TBNA (Using New Needle),15614,18370
63,1,1801,Extractable Nuclear Antigens (ENA) - Quantitative,3910,4600
63,1,1802,Chromogranin A,4250,5000
63,1,1803,Fecal Calprotectin,2320,2730
63,1,1804,C3-COMPLEMENT,552,650
63,1,1805,C4-COMPLEMENT,552,650
63,1,1806,Geneexpert Test,880,1035
63,1,1807,DJ stent removal,7395,8700
63,1,1808,Pulmonary Function Test (PFT) / (Spirometry with DLCO),425,500
63,1,1809,EUS (Endoscopic Ultrasound) guided FNAC (Using with Needle),12750,15000
63,1,1810,CT Urography,3825,4500
63,1,1811,Video Laryngoscopy,5100,6000
63,1,1812,CT Angio-Neck Vessels,5100,6000
63,1,1813,H1N1 (RT-PCR),921,1084
63,1,1814,Erythropoietin Level (Select CGHS rate code 1557 for approved rate),See code 1557,See code 1557
63,1,1815,Anti HEV IgM,850,1000
63,1,1816,Anti HAV IgM,637,750
63,1,1817,HBsAg Quantitative,552,650
63,1,1818,Typhidot IgM,340,400
63,1,1819,Hepatitis B Core Antibody (HBcAb) Level (Hepatitis B Core IgM Antibody),408,480
64,1,1820,Anti HBs,552,650
64,1,"ADDED vide clause 2,5, & 6 of OM F.No. S-11045/36/2012-CGHS (HEC) dated 26.11.2014",,,
64,1,1821,Free Triiodothyronine (FT3),106,125
64,1,1822,Free Thyroxine (FT4),106,125
64,1,1823,Widals Test,60,70
64,1,1824,Dengue Serology,510,600
64,1,1825,Blood component charges - Whole Blood per Unit,1450,1450
64,1,1826,Blood component charges - Packed Red Cell per Unit,1450,1450
64,1,1827,Blood component charges - Fresh Frozen Plasma,400,400
64,1,1828,Platelet Concentrate- Random Donor Platelet (RDP),400,400
64,1,1829,Blood component charges - Cryoprecipitate,200,200
64,1,1830,Platelet Concentrate – Single Donor Platelet (SDP)-Apheresis per unit,11000,11000
64,1,1831,"CCS Group A Officer of above 40 years of age –Male, Annual Health Check up",2000,2000
64,1,1832,"CCS Group A Officer of above 40 years of age –female, Annual Health Check up",2200,2200
64,1,,ADDED W.E.F. 07.02.2021,,
64,1,1833,Interleukin 6 (IL 6),1360,1600
64,1,1834,High resolution computed Tomography (HRCT Chest),1700,2000
64,1,1835,Fluid air exchange,4250 per eye,5000 per eye
64,1,1836,C3F8 GAS Injection,4250 per eye,5000 per eye
64,1,1837,Diurnal variation of IOP,1275 per eye,1500 per eye
64,1,1838,Silicone oil injection,4250 per eye,5000 per eye
64,1,1839,Epiretinal Membrane (ERM) Peeling,5950 per eye,7000 per eye
64,1,1840,Epiretinal Membrane (ERM) Removal,2550 per eye,3000 per eye
64,1,1841,Internal limiting membrane (ILM) peeling,2550 per eye,3000 per eye
64,1,1842,Punctoplasty,5525 per eye,6500 per eye
64,1,1843,Punctal plug(Collagen/silicone),3400 per eye,4000 per eye
64,1,1844,Laser Trabeculoplasty Gonioplasty B/E,13600 both eye,16000 both eye
64,1,1845,Eye laser pulse therapy,2975 per eye,3500 per eye
64,1,1846,Glaucoma valve/Glaucoma Ahmed valve,12750,15000
64,1,1847,Malyugin Ring,8500,"10,000"
64,1,1848,Globe exploration (eye surgery),8500,"10,000"
64,1,1849,Scleral Fixation Tissue glue,7140,8400
64,1,1850,Fibro optic Nasal Endoscopy,1955 per eye,2300 per eye
65,1,1852,Video Bronchoscopy with BAL,8500,"10,000"
65,1,1853,Sleep deprived EEG (Rate shall be the same CGHS rate of EEG/Video EEG) Select CGHS rate code 1716 for approved rate,See code 1716,See code 1716
65,1,,TAVI/TAVR IMPLANT,1284000,1284000
65,1,,TAVI/TAVR PROCEDURE COST,85000,100000
65,1,,IVL ( Coronary Intra Vascular Lithotripsy /Short wave Lithotripsy) Including GST,- 268000,268000
65,1,,Hydrophobic Foldable IOL,5800,5800
65,1,,Hydrophobic Acrylic IOL,4500,4500
65,1,,PMMA IOL (AC/PC),500,500
65,1,,Scleral Fixated IOL,3500,3500
65,2,Single Chamber Cardiac Pacemaker without Rate Response,"Rs.34,840/-+GST"
65,2,Single Chamber Cardiac Pacemaker with Rate Response,"Rs.44,928/-+GST"
65,2,Dual Chamber Cardiac Pacemaker,"Rs.83,200/-+GST"
65,2,Bi-Ventricular Cardiac Pacemaker,"Rs.1,95,000/-+GST"
65,2,Implantable Cardioverter Defibrilator (Single Chamber) Chamber) (ICD/AICD-Single Chamber),"Rs.11,75,786/-+GST"
65,2,Implantable Cardioverter Defibrilator (Dual Chamber) Chamber) (ICD/AICD-Single Chamber),"Rs.3,75,000/-+GST"
65,2,Combo Device( CRT-D),"Rs.4,90,000/-+GST"
65,2,"Aortic Stent Graft (expandable, bifurcated and including delivery system)","Rs.4,40,960/-+GST"
66,1,Rotablator Burr,"Rs.23,920/--+GST"
66,1,"Liver Transplantation Surgey- As per OM F.No. S- 14025/3/2010-MS/CGHS(P) dated 16.01.2013 from MOHFW, recommendation from Standing Committee is required",Celling Rate
66,1,(a) Liver Transplantation surgery involving live liver donor,"Rs. 11,50,000+pre transplant evaluation of donor and recipeint Rs. 2,50,000/-"
66,1,(b) Liver Transplant surgery involving a deceased donor,"Rs. 11,00,000/-"
