source_page,extracted_table_index,Sr. No.,CGHS TREATMENT PROCEDURE/INVESTIGATION LIST (JABALPUR),Non- NABH/Non- NABL Rates,NABH/N ABL Rates,column_5
1,1,1,Consultation OPD,350,350,
1,1,2,Consultation- for Inpatients,350,350,
1,1,3,Dressings of wounds,255,300,
1,1,4,Suturing of wounds with local anesthesia,108,124,
1,1,5,Aspiration Plural Effusion - Diagnostic,595,700,
1,1,6,Aspiration Plural Effusion - Therapeutic,595,700,
1,1,7,Abdominal/peritoneal Aspiration-Diagnostic/Ascitic tapping/ Paracentesis - Diagnostic,595,700,
1,1,8,Abdominal/Peritoneal Aspiration-Therapeutic/Ascitic tapping/Paracentesis- Therapeutic,640,750,
1,1,9,Pericardial Aspiration,380,437,
1,1,10,Joints Aspiration,317,365,
1,1,11,Biopsy Skin,230,265,
1,1,12,Removal of Stitches/Sutures (7-12 sutures),170,200,
1,1,13,Venesection,595,700,
1,1,14,Phimosis Correction/paraphimosis reduction/Circumcision Under LA,5100,6000,
1,1,15,Sternal puncture,173,199,
1,1,16,Injection/ Sclerotherapy/banding of Haemorrhoids,595,700,
1,1,17,Injection for Varicose Veins,595,700,
1,1,18,Urinary bladder Catheterisation,595,700,
1,1,19,Dilatation of Urethral stricture,1955,2300,
1,1,20,Incision & Drainage under local Anaesthesia (large),1955,2300,
1,1,21,Intercostal Drainage,125,144,
1,1,22,Peritoneal Dialysis,1466,1686,
1,1,,TREATMENT PROCEDURE SKIN,,,
1,1,23,Excision of Moles,345,397,
1,1,24,Excision of Warts,310,357,
1,1,25,Excision of Molluscum contagiosum,130,150,
1,1,26,Excision of Venereal Warts,160,184,
1,1,27,Excision of Corns,140,161,
1,1,28,I/D Injection Keloid(Intralesional Injection),97,112,
1,1,29,Chemical Cautery (s),100,115,
1,1,,TREATMENT PROCEDURE,,,
1,1,30,Subconjunctival/subtenon’s injections in one,69,79,
1,1,31,Subconjunctival/subtenon’s injections in both,138,159,
1,1,32,Pterygium Surgery,5500,6325,
1,1,33,Conjunctival Peritomy,58,67,
1,1,34,Conjunctival wound repair or exploration following blunt,3300,3795,
1,1,35,Removal of corneal foreign body,115,132,
1,1,36,Cauterization of ulcer/subconjunctival injection in one eye,69,79,
1,1,37,Cauterization of ulcer/subconjunctival injection in both eyes,138,159,
1,1,38,Corneal grafting—Penetrating keratoplasty,5750,6613,
1,1,39,Corneal grafting—Lamellar keratoplasty,5000,5750,
1,1,40,Cyanoacrylate /fibrin glue application for corneal perforation,690,794,
1,1,41,Bandage contact lenses for corneal perforation,414,476,
1,1,42,Scleral grafting or conjunctival flap for corneal perforation,2070,2381,
1,1,43,Keratoconus correction with therapeutic contact,1200,1380,
1,1,44,Ultraviolet (UV) - radiation for cross-linking EDTA for band shaped keratopathy,1800,,2070
1,1,45,,777,,894
2,1,46,Arcuate keratotomy for astigmatism,2800,3220
2,1,47,Re-suturing (Primary suturing) of corneal,1035,1190
2,1,48,Penetrating keratoplasty with glaucoma,10930,12570
2,1,49,Penetrating keratoplasty --- with vitrectomy,11000,12650
2,1,50,Penetrating keratoplasty with IOL,12290,14134
2,1,51,DALK- Deep anterior lamellar keratoplasty,15525,17854
2,1,52,Keratoprosthesis stage I and II,10350,11903
2,1,53,DSAEK- Descemet’s stripping automated endothelial,15008,17259
2,1,54,ALTK- Automated lamellar therapeutic,14850,17078
2,1,55,Probing and Syringing of lacrimal sac- in one,69,79
2,1,56,Probing and Syringing of lacrimal sac- in both,138,159
2,1,57,Dacryocystorhinostomy—Plain,2588,2976
2,1,58,Dacryocystorhinostomy—Plain with intubation and/or with,8775,10091
2,1,59,Dacryocystorhinostomy—conjunctival with,8280,9522
2,1,60,Caliculoplasty,2070,2381
2,1,61,Dacryocystectomy,1553,1786
2,1,62,Punctal plugs for dry eyes,130,150
2,1,63,Refraction,40,46
2,1,64,Indirect Ophthalmoscopy,67,77
2,1,65,Orthoptic check-up- with synoptophore,44,51
2,1,66,Lees’ charting or Hess’ charting,90,104
2,1,67,Orthoptic exercises,50,58
2,1,68,Pleoptic exercises,50,58
2,1,69,Perimetry/field test—Goldman,144,166
2,1,70,Perimetry/field test— automated,144,166
2,1,71,Fluorescein angiography for fundus or iris,828,952
2,1,72,Ultrasound A- Scan,777,894
2,1,73,Ultrasound B- Scan,207,238
2,1,74,Fundus Photo Test,200,230
2,1,75,Indocyanin green angiography,920,1058
2,1,76,Corneal endothelial cell count with specular,230,265
2,1,77,Corneal topography,298,343
2,1,78,Corneal pachymetry,230,265
2,1,79,Auto-refraction,35,40
2,1,80,Macular function tests,44,51
2,1,81,Potential acuity metry,100,115
2,1,82,Laser interferometry,173,199
2,1,83,OCT-Optical coherence tomography,1913,2200
2,1,84,HRT- Heidelberg’s retinal tomogram,150,173
2,1,85,GDx Nerve fibre layer analyzer,88,101
2,1,86,UBM- Ultrasound bio microscopy,150,173
2,1,87,Non Contact tonometry (NCT),50,58
2,1,88,IOP measurement with schiotz,30,35
2,1,89,IOP measurement with applation tonometry,50,58
2,1,90,Three mirror examination for retina,52,60
2,1,91,90 D lens examination,50,58
2,1,92,Gonioscopy,58,67
2,1,93,Chalazion incision and curettage in one eye,400,460
2,1,94,Chalazion incision and curettage in both eyes,431,496
2,1,95,Ptosis surgery with fasanella servat procedure,2300,2645
2,1,96,Ptosis surgery with LPS resection one lid,5500,6325
2,1,97,Ptosis surgery with Sling surgery one lid,6003,6903
2,1,98,Ectropion surgery- one lid,1400,1610
2,1,99,Ectropion surgery- both lids,2500,2875
3,1,100,,Epicanthus correction,1550,1783
3,1,101,,Cantholysis and canthotomy,575,661
3,1,102,,Entropion surgery- one lid,1380,1587
3,1,103,,Entropion surgery- both lids,2000,2300
3,1,104,,Tarsorraphy,650,748
3,1,105,,Suturing of lid lacerations,1150,1323
3,1,106,,Lid retraction repair,1700,1955
3,1,107,,Concretions removal,115,132
3,1,108,,Bucket handle procedure for lid tumors,345,397
3,1,109,,Cheek rotation flap for lid tumors,6210,7142
3,1,110,,Orbitotomy,7245,8332
3,1,111,,Enucleation,3000,3450
3,1,112,,Enucleation with orbital implants and artificial,2700,3105
3,1,113,,Evisceration,3105,3571
3,1,114,,Evisceration with orbital implants and artificial prosthesis,5124,5893
3,1,115,,Telecanthus correction,4658,5357
3,1,116,,Orbital decompression,5175,5951
3,1,117,,Exenteration,5500,6325
3,1,118,,Exenteration with skin grafting,6210,7142
3,1,119,,Fracture orbital repair,8280,9522
3,1,120,,Retinal laser procedures,1350,1553
3,1,121,,Retinal detachment surgery (RDS),10350,11903
3,1,122,,Retinal detachment surgery (RDS) with scleral buckling,12420,14283
3,1,123,,Buckle removal,1050,1208
3,1,124,,Silicone oil removal,2520,2898
3,1,125,,Anterior retinal cryopexy,1162,1336
3,1,126,,Squint correction for one eye,4500,5175
3,1,127,,Squint correction for both eyes,6750,7763
3,1,128,,Trabeculectomy,6210,7142
3,1,129,,Trabeculotomy,6210,7142
3,1,130,,Trabeculectomy with Trabeculotomy,9315,10712
3,1,131,,Trephination,2070,2381
3,1,Sr. No.,,CGHS TREATMENT PROCEDURE/INVESTIGATION LIST (JABALPUR),,
3,1,132,,Goniotomy,345,397
3,1,133,,Glaucoma surgery with Glaucoma valves,6210+valves,7142+va lves
3,1,134,,Cyclocryotherapy,1150,1323
3,1,135,,YAG laser iridotomy,1350,1553
3,1,136,,YAG laser capsulotomy,984,1132
3,1,137,,ALT-Argon laser trabeculoplasty,1346,1548
3,1,138,,PDT-Photodymic therapy,3105,3571
3,1,139,,TTT- Transpupillary thermal therapy,2700,3105
3,1,140,,PTK- Phototherapeutic keratectomy,6750,7763
3,1,141,,Argon/diode laser for retinal detatchment,1035,1190
3,1,142,,Intralase application for keratoconus,5175,5951
3,1,143,,EOG- electro-oculogram,810,932
3,1,144,,ERG- Electro-retinogram,794,913
3,1,145,,VEP- visually evoked potential,800,920
3,1,146,,Vitrectomy- pars plana,10350,11903
3,1,147,Intravitreal injections- of antibiotics,,1150,1323
4,1,148,Intravitreal injections- of Ranibizumab excluding cost of drug,3000,3450
4,1,149,X Ray orbit,104,120
4,1,150,CT orbit and brain,1600,1840
4,1,151,MRI- Orbit and brain,3105,3571
4,1,152,Dacryocystography,340,391
4,1,153,Orbital angio-graphical studies,1500,1725
4,1,154,Extracapsular cataract extraction (ECCE) with IOL,3450,3968
4,1,155,Small Incision Cataract Surgery (SICS) with IOL,4500,5175
4,1,156,Phaco with foldable IOL (silicone and acrylic)/PMMA IOL,9703,11158
4,1,157,Pars plana lensectomy with/without IOL,10350,11903
4,1,158,Secondary IOL implantation- AC IOL PC IOL or scleral fixated IOL,6900,7935
4,1,159,Cataract extraction with IOL with capsular tension rings (Cionni’s ring),13500,15525
4,1,160,Optic nerve sheathotomy,7500,8625
4,1,161,Iridodialysis repair or papillary reconstruction,4500,5175
4,1,162,Iris cyst removal,850,978
4,1,163,Lid Abscess incision and Drainage,1530,1760
4,1,164,Orbital Abscess incision and Drainage,3000,3450
4,1,165,Biopsy,460,529
4,1,166,Paracentesis,230,265
4,1,167,Scleral graft for scleral melting or perforation,2800,3220
4,1,168,Amniotic membrane grafting,1100,1265
4,1,169,Cyclodiathermy,2070,2381
4,1,170,Intraocular foreign body removal,187,215
4,1,171,Electrolysis,230,265
4,1,172,Perforating injury repair,4500,5175
4,1,173,Botulinum injection for blepharospasm or squint,2500,2875
4,1,Sr. No.,CGHS TREATMENT PROCEDURE/INVESTIGATION LIST (JABALPUR),,
4,1,,TREATMENT PROCEDURE DENTAL,,
4,1,,PROCEDURES,,
4,1,174,Flap Operation per quadrant,360,414
4,1,175,Gingivectomy per quadrant,234,269
4,1,176,Reduction & immobilization of fracture- Maxilla Under LA,900,1035
4,1,177,Reduction & immobilization of fracture- Mandible Under LA,3150,3623
4,1,178,Splints/Circummandibular wiring under LA,510,587
4,1,179,splints/Circummandibular wiring under GA,990,1139
4,1,180,Internal wire fixation/plate fixation of Maxilla under LA,2700,3105
4,1,181,Internal wire fixation/plate fixation of Maxilla under GA,3600,4140
5,1,182,Internal wire fixation/plate fixation of Mandible,3150,3623
5,1,183,Internal wire fixation/plate fixation of Mandible,3825,4399
5,1,184,Extraction per tooth under LA,80,92
5,1,185,Complicated Extraction per Tooth under LA,100,115
5,1,186,Extraction of impacted tooth under LA,160,184
5,1,187,Extraction in mentally retarded/patients with systemic diseases/patient with special needs under short term GA,845,972
5,1,188,Cyst & tumour of Maxilla /mandible by enucleation/ excision/ marsupialisation upto 4 cms under LA,244,281
5,1,189,Cyst & tumour of Maxilla / mandible by enucleation / excision / marsupialisation size more than 4 cms,406,467
5,1,190,Cyst & tumour of Maxilla/mandible by enucleation/excision/marsupialisation size more than 4 cms under GA,1000,1150
5,1,191,TM joint ankylosis- under GA,6750,7763
5,1,192,Biopsy Intraoral-Soft tissue,374,430
5,1,193,Biopsy Intraoral-Bone,374,430
5,1,194,Hemi-mandibulectomy with graft,18900,21735
5,1,195,Hemi-mandibulectomy without graft,18900,21735
5,1,196,Segmental-mandibulectomy with graft,3060,3519
5,1,197,Segmental-mandibulectomy without graft,990,1139
5,1,198,Maxillectomy- Total with graft,2500,2875
5,1,199,Maxillectomy- Total without graft,1950,2243
5,1,200,Maxillectomy- partial with graft,3000,3450
5,1,201,Maxillectomy- partial without graft,2500,2875
5,1,202,Release of fibrous bands & grafting -in (OSMF) treatment under GA,1500,1725
5,1,203,Pre-prosthetic surgery- Alveoloplasty,500,575
5,1,204,Pre-prosthetic surgery - ridge augmentation,1080,1242
5,1,205,Root canal Treatment(RCT) Anterior teeth(per tooth),500,575
5,1,206,Root canal Treatment(RCT) Posterior teeth (per tooth),650,748
5,1,207,Apicoectomy- Single root,500,575
5,1,208,Apicoectomy-Multiple roots,585,673
5,1,209,Metal Crown-per unit,500,575
5,1,Sr. No.,CGHS TREATMENT PROCEDURE/INVESTIGATION LIST (DELHI/NCR),,
5,1,210,Metal Crown with Acrylic facing per unit,630,725
5,1,211,Complete single denture-metal based,1500,1725
5,1,212,Complete denture- acrylic based per arch,950,1093
5,1,213,Removable partial denture-Metal based-upto 3 teeth,700,805
6,1,214,Removable partial denture-Metal based-more than 3 teeth,900,1035
6,1,215,Removable partial denture-Acrylic based-upto 3 teeth,450,518
6,1,216,Removable partial denture-Acrylic based-more than 3 teeth / Per tooth,264,304
6,1,217,Amalgam restoration-per tooth,200,230
6,1,218,Composite Restoration-per tooth-anterior tooth,225,259
6,1,219,Glass Ionomer filling-per tooth,180,207
6,1,220,Scaling & polishing,270,311
6,1,221,Removable Orthodontics appliance- per Arch,650,748
6,1,222,Fixed Orthodontics-per Arch,1150,1323
6,1,223,Space maintainers-Fixed,500,575
6,1,224,Habit breaking appliances-removable,720,828
6,1,225,Habit breaking appliances-Fixed,1350,1553
6,1,226,Expansion plate,900,1035
6,1,227,Feeding appliance for cleft palate,1350,1553
6,1,228,Maxillo-facial prosthesis (sal/auricular/orbital/facial lost part),3150,3623
6,1,229,Functional orthodontic appliances,2700,3105
6,1,230,Obturator (Maxillo-facial),1350,1553
6,1,231,Occlusal night guard(splint),720,828
6,1,,TREATMENT PROCEDURE ENT,,
6,1,232,Pure Tone Audiogram,172,198
6,1,233,Impedence with stepedeal reflex,220,253
6,1,234,Short Increment Sensitivity Index (SISI) Tone Decay,132,152
6,1,235,Multiple hearing assessment test to Adults,115,132
6,1,236,Speech Discrimination Score,90,104
6,1,237,Speech Assessment,120,138
6,1,238,Speech therapy per session of 30-40 minutes,130,150
6,1,239,Cold Calorie Test for Vestibular function,155,178
6,1,240,Removal of foreign body From Nose,311,358
6,1,241,Removal of foreign body From Ear,230,265
6,1,242,Syringing (Ear),156,179
6,1,243,Polyp removal under LA,550,633
6,1,244,Polyp removal under GA,780,897
6,1,245,Peritonsillar abscess Drainage under LA,1304,1500
6,1,246,Myringoplasty,6210,7142
6,1,247,Staepedectomy,9000,10350
6,1,248,Myringotomy with Grommet insertion,4140,4761
6,1,249,Tympanotomy,7763,8927
6,1,250,Tympanoplasty,12420,14283
6,1,251,Mastoidectomy,13455,15473
6,1,252,Otoplasty,14490,16664
6,1,253,Labyrinthectomy,12420,14283
6,1,254,Skull Base surgery,22500,25875
6,1,255,Facial Nerve Decompression,15525,17854
7,1,256,Septoplasty,5750,6613
7,1,257,Submucous Resection,6583,7570
7,1,258,Septo-rhinoplasty,14490,16664
7,1,259,Rhinoplasty- Non-cosmetic,10350,11903
7,1,260,Fracture Reduction of Nasal Bone,4250,4888
7,1,261,Intra nasal Diathermy,1150,1323
7,1,262,Turbinectomy,5175,5951
7,1,263,Endoscopic Dacryocystorhinostomy (DCR),11700,13455
7,1,264,Endoscopic Surgery,12420,14283
7,1,265,Septal Perforation Repair,12420,14283
7,1,266,Antrum Puncture,950,1093
7,1,267,Lateral Rhinotomy,1000,1150
7,1,268,Cranio-facial resection,22950,26393
7,1,269,Caldwell Luc Surgery (Radical Antrostomy for maxillary sinus),9563,10997
7,1,270,Angiofibroma Excision,15300,17595
7,1,271,Endoscopic Hypophysectomy,20800,23920
7,1,272,Endoscopic Optic Nerve Decompression,29498,33923
7,1,273,Decompression of Orbit,22950,26393
7,1,274,Punch/Wedge biopsy,674,775
7,1,275,Tonsillectomy,4500,5175
7,1,276,Uvulo-palatoplasty,13500,15525
7,1,277,Functional Endoscopic Sinus Surgery (FESS) for Antrochoanal polyp,5750,6613
7,1,278,Functional Endoscopic Sinus Surgery (FESS) for ethmoidal polyp,5750,6613
7,1,279,Polyp removal ear,673,774
7,1,280,Polyp removal Nose(Septal polyp),673,774
7,1,281,"Mastoidectomy plus Ossiculoplasty including TORP (Total Ossicular Replacement Prosthesis) or PORP (Partial Ossicular Replacement Prosthesis)""",2415,2777
7,1,282,Endolymphatic sac decompression,2875,3306
7,1,283,Diagnostic endoscopy under GA,2070,2381
7,1,284,Young's operation for Atrophic rhinitis,6210,7142
7,1,285,Vidian neurectomy for vasomotor Rhinitis,9315,10712
7,1,286,Nasal Packing-anterior,330,380
7,1,287,Nasal Packing-posterior,725,834
7,1,288,Ranula Excision,6159,7083
7,1,289,Tongue Tie excision,1350,1553
7,1,290,Sub Mandibular Duct Lithotomy,269,309
7,1,291,Adenoidectomy,5076,5837
7,1,292,Palatopharyngoplasty,8165,9390
7,1,293,Pharyngoplasty,15474,17795
7,1,294,Styloidectomy,8280,9522
7,1,295,Direct laryngoscopy including Biopsy under GA,4500,5175
7,1,296,Oesophagoscopy with foreign body removal from Oesophagus,1800,2070
7,1,297,Bronchoscopy with foreign body (FB) removal,2438,2804
8,1,298,Other Major Surgery,15000,17250
8,1,299,Other Minor Surgery,8500,9775
8,1,Sr. No.,CGHS TREATMENT PROCEDURE/INVESTIGATION LIST (DELHI/NCR),,
8,1,,TREATMENT PROCEDURE FOR HEAD,,
8,1,,AND NECK,,
8,1,300,Ear Lobe Repair one side,450,518
8,1,301,Excision of Pinna for Growth (Squamous/Basal/ Injuries) Skin Only,3600,4140
8,1,302,Excision of Pinna for Growth (Squamous/Basal/ Injuries) Skin and Cartilage,3800,4370
8,1,303,Partial Amputation of Pinna,4160,4784
8,1,304,Total Amputation of Pinna,5580,6417
8,1,305,Total Amputation & Excision of External Auditory Meatus,1500,1725
8,1,306,Excision of Cystic Hygroma,4658,5357
8,1,307,Excision of Cystic Hygroma Extensive,7452,8570
8,1,308,Excision of Branchial Cyst,9315,10712
8,1,309,Excision of Branchial Sinus,9315,10712
8,1,310,Excision of Pharyngeal Diverticulum,9522,10950
8,1,311,Excision of Carotid Body-Tumours,11615,13357
8,1,312,Operation for Cervical Rib,12500,14375
8,1,313,Block Dissection of Cervical Lymph Nodes,15000,17250
8,1,314,Pharyngectomy & Reconstruction,15000,17250
8,1,315,Operation for Carcinoma Lip - Wedge-Excision,7245,8332
8,1,316,Operation for Carcinoma Lip - Vermilionectomy,5182,5959
8,1,317,Operation for Carcinoma Lip - Wedge Excision and Vermilionectomy,8363,9617
8,1,318,Estlander Operation (Estlander flap in plastic surgey of lips),7475,8596
8,1,319,Abbe Operation (Abbe flap in plastic surgery of lips),8820,10143
8,1,320,Cheek Advancement,8798,10118
8,1,321,Excision of the Maxilla,17388,19996
8,1,322,Excision of mandible-segmental,13973,16069
8,1,323,Mandibulectomy,18900,21735
8,1,324,Partial Glossectomy,5420,6233
8,1,325,Hemiglossectomy,6300,7245
8,1,326,Total Glossectomy,20597,23687
8,1,327,Combined Mandibulectomy and Neck Dissection Operation (Commando Operation),19800,22770
8,1,328,Parotidectomy - Superficial,11200,12880
8,1,329,Parotidectomy - Total,14250,16388
8,1,330,Parotidectomy - Radical,17595,20234
8,1,331,Repair of Parotid Duct,10350,11903
8,1,332,Removal of Submandibular Salivary gland,7763,8927
9,1,333,Hemithyroidectomy,8550,9833
9,1,334,Partial Thyroidectomy (lobectomy),10350,11903
9,1,335,Subtotal Thyroidectomy,13053,15011
9,1,336,Total Thyroidectomy,17100,19665
9,1,337,Resection Enucleation of thyroid Adenoma,9522,10950
9,1,338,Total Thyroidectomy and Block Dissection,23805,27376
9,1,339,Excision of Lingual Thyroid,15194,17473
9,1,Sr. No.,CGHS TREATMENT PROCEDURE/INVESTIGATION LIST (DELHI/NCR),,
9,1,340,Excision of Thyroglossal Cyst/Fistula,11903,13688
9,1,341,Excision of Parathyroid Adenoma/Carcinoma,19148,22020
9,1,342,Laryngectomy,17825,20499
9,1,343,Laryngo Pharyngectomy,27000,31050
9,1,344,Hyoid Suspension,9315,10712
9,1,345,Genioplasty,12000,13800
9,1,346,Direct Laryngoscopy including biopsy under GA,4658,5357
9,1,347,Phonosurgery,12420,14283
9,1,348,Fibreoptic examination of Larynx (FOL) under LA,1553,1786
9,1,349,Microlaryngeal Surgery,9315,10712
9,1,350,Laryngofissure,15525,17854
9,1,351,Tracheal Stenosis Excision,17802,20472
9,1,,Head and neck cancer,,
9,1,352,Excisional Biopsies,5175,5951
9,1,353,Benign Tumour Excisions,8550,9833
9,1,354,Temporal Bone subtotal resection,18630,21425
9,1,355,Modified Radical Neck Dissection,22770,26186
9,1,356,Carotid Body Excision,23400,26910
9,1,357,Total Laryngectomy,35273,40564
9,1,358,Flap Reconstructive Surgery,37260,42849
9,1,359,Parapharyngeal Tumour Excision,35397,40707
9,1,360,Other Major Surgery,21250,24438
9,1,361,Other Minor Surgery,5000,5750
9,1,,TREATMENT PROCEDURE BREAST,,
9,1,362,Drainage of abscess,5400,6210
9,1,363,Excision of lumps,6272,7213
9,1,364,Local mastectomy-simple,11385,13093
9,1,365,Radical mastectomy-formal or modified.,25875,29756
9,1,366,Excision of mammary fistula,13973,16069
9,1,367,Segmental resection of breast,14490,16664
9,1,368,Other Major Surgery,24750,28463
9,1,369,Other Minor Surgery,5000,5750
9,1,,TREATMENT PROCEDURE GENERAL,,
9,1,,SURGERY,,
9,1,370,Injury Of Superficial Soft Tissues,425,489
9,1,371,Suturing of small wounds,1060,1250
9,1,372,Secondary suture of wounds,3400,4000
9,1,373,Debridement of wounds,1275,1500
9,1,374,Removal Of Foreign Bodies- without C-ARM,1275,1500
10,1,,Biopsies,,
10,1,375,Excision of Cervical Lymph Node under LA,2635,3100
10,1,376,Excision of Axillary Lymph Node Under GI Anaesthesia,7900,9715
10,1,377,Excision of Inguinal Lymph Node under LA,2550,3000
10,1,378,Excision Biopsy of Ulcers,1470,1691
10,1,379,Excision Biopsy of Superficial Lumps,2898,3333
10,1,380,Incision Biopsy of Growths/Ulcers,1470,1691
10,1,381,Trucut Needle Biopsy (Including Needle),2975,3500
10,1,Sr. No.,CGHS TREATMENT PROCEDURE/INVESTIGATION LIST (DELHI/NCR),,
10,1,382,Percutaneous Kidney Biopsy,1470,1691
10,1,383,Marrow Biopsy (Open),1060,1219
10,1,384,Muscle Biopsy,1470,1691
10,1,385,Scalene Node Biopsy,1215,1397
10,1,386,Excision of Sebaceous Cysts,1242,1428
10,1,387,Excision of Superficial Lipoma,1850,2128
10,1,388,Excision of Superficial Neurofibroma,2250,2588
10,1,389,Excision of Dermoid Cysts,2049,2356
10,1,390,Haemorrhoidectomy,25500,30000
10,1,391,Stappler haemorrhoidectomy,37145,43700
10,1,392,keloid excision,1150,1323
10,1,393,Varicose vein surgery-Trendelenburg operation with suturing or ligation,19550,23000
10,1,,TREATMENT PROCEDURE OESOPHAGUS,,
10,1,394,Atresia of Oesophagus and Tracheo Oesophageal Fistula,25875,29756
10,1,395,Operations for Replacement of Oesophagus by Colon,24500,28175
10,1,396,Oesophagectomy for Carcinoma Easophagus,24500,28175
10,1,397,Oesophageal Intubation (Mausseau Barbin Tube),10350,11903
10,1,398,Achalasia Cardia Transthoracic,13455,15473
10,1,399,Achalasia Cardia Abdominal,12650,14548
10,1,400,Oesophago Gastrectomy for mid 1/3 lesion,24495,28169
10,1,401,Heller’s Operation,19750,22713
10,1,402,Colon-Inter position or Replacement of Oesophagus,22540,25921
10,1,403,Oesophago Gastrectomy – Lower Corringers procedure,19750,22713
10,1,404,Other Major Surgery,27625,31769
10,1,405,Other Minor Surgery,5000,5750
10,1,,TREATMENT PROCEDURE ABDOMEN /,,
10,1,,GI SURGERY,,
10,1,406,Gastroscopy,1553,1786
10,1,407,Gastric & Duodenal Biopsy (Endoscopic),1755,2018
10,1,408,Pyloromyotomy,2800,3220
10,1,409,Gastrostomy,8625,9919
10,1,410,Simple Closure of Perforated peptic Ulcer,9250,10638
11,1,411,Vagotomy Pyleroplasty / Gastro Jejunostomy,13250,15238
11,1,412,Duodenojejunostomy,17055,19613
11,1,413,Partial/Subtotal Gastrectomy for Carcinoma,20700,23805
11,1,414,Partial/Subtotal Gastrectomy for Ulcer,20183,23210
11,1,415,Operation for Bleeding Peptic Ulcer,18878,21710
11,1,416,Operation for Gastrojejunal Ulcer,17802,20472
11,1,417,Total Gastrectomy for Cancer,22368,25723
11,1,418,Highly Selective Vagotomy,16767,19282
11,1,419,Selective Vagotomy & Drainage,16767,19282
11,1,420,Congenital Diaphragmatic Hernia,34000,40000
11,1,421,Hiatus Hernia Repair- Abdominal,28050,33000
11,1,422,Hiatus Hernia Repair- Transthoracic,28050,33000
11,1,423,Exploratory Laparotomy,21250,25000
11,1,Sr. No.,CGHS TREATMENT PROCEDURE/INVESTIGATION LIST (DELHI/NCR),,
11,1,424,Epigastric Hernia Repair,21250,25000
11,1,425,Umbilical Hernia Repair,11385,13093
11,1,426,Ventral /incisional Hernia Repair,10293,11837
11,1,427,Inguinal Hernia Herniorrhaphy,22100,26000
11,1,428,Inguinal Hernia - Hernioplasty,27200,32000
11,1,429,Femoral Hernia Repair,27200,32000
11,1,430,"Rare Hernias Repair (Spigalion, Obturator, Lumbar, Sciatic)",17078,19640
11,1,431,Splenectomy - For Trauma,17078,19640
11,1,432,Splenectomy - For Hypersplenism,13450,15468
11,1,433,Splenorenal Anastomosis,22250,25588
11,1,434,Portocaval Anastomosis,25875,29756
11,1,435,Direct Operation on Oesophagus for Portal Hypertension,21450,24668
11,1,436,Mesentericocaval Anastomosis,25450,29268
11,1,437,Warren Shunt (Distal Splenorenal Shunt),28750,33063
11,1,438,Pancreatico Duodenectomy (Whipple's procedure),21735,24995
11,1,439,By Pass Procedure for Inoperable Carcinoma of Pancreas,23000,26450
11,1,440,Cystojejunostomy or Cystogastrostomy,14490,16664
11,1,441,Cholecystectomy,20400,24000
11,1,442,Cholecystectomy & Exploration of CBD,28050,33000
11,1,443,Repair of Common Bile Duct (CBD),13600,15640
11,1,444,Operation for Hydatid Cyst of Liver,22950,27000
11,1,445,Cholecystostomy,10292,11836
11,1,446,Hepatic Resections (Lobectomy /Hepatectomy),28050,33000
11,1,447,Operation on Adrenal Glands - Bilateral,26105,30021
11,1,448,Operation on Adrenal Glands - Unilateral,13500,15525
11,1,449,Appendicectomy,16150,19000
11,1,450,Appendicular Abscess – Drainage,9775,11241
11,1,451,Mesenteric Cyst- Excision,10250,11788
11,1,452,Peritonioscopy/Laparoscopy,4500,5175
11,1,453,Jejunostomy,5175,5951
12,1,454,Ileostomy,13869,15949
12,1,455,Resection & Anastomosis of Small Intestine,40375,47500
12,1,456,Duodenal Diverticulum,16560,19044
12,1,457,Operation for Intestinal Obstruction,10350,11903
12,1,458,Operation for Intestinal perforation,34200,39330
12,1,459,Benign Tumours of Small Intestine,17595,20234
12,1,460,Excision of Small Intestine Fistula,38250,45000
12,1,461,Operations for GI Bleed,14500,16675
12,1,462,Operations for Haemorrhage of Small Intestines,17595,20234
12,1,463,Operations of the Duplication of the Intestines,34850,41000
12,1,464,Operations for Recurrent Intestinal Obstruction (Noble Plication & Other Operations for Adhesions),22750,26163
12,1,465,Ileosigmoidostomy and related resection,15250,17538
12,1,466,Ileotransverse Colostomy and related resection,15111,17378
12,1,Sr. No.,CGHS TREATMENT PROCEDURE/INVESTIGATION LIST (DELHI/NCR),,
12,1,467,Caecostomy,3903,4488
12,1,468,Loop Colostomy Transverse Sigmoid,11799,13569
12,1,469,Terminal Colostomy,25500,30000
12,1,470,Closure of Colostomy,25500,30000
12,1,471,Right Hemicolectomy,27200,32000
12,1,472,Left Hemicolectomy,27200,32000
12,1,473,Total Colectomy,34000,40000
12,1,474,Operations for Volvulus of Large Bowel,24920,28658
12,1,475,Operations for Sigmoid Diverticulitis,18630,21425
12,1,476,Fissure in Ano with Internal sphinctrectomy with fissurectomy.,27200,32000
12,1,477,Fissure in Ano - Fissurectomy,24650,29000
12,1,478,Rectal Polyp-Excision,11645,13700
12,1,479,Fistula in Ano - High Fistulectomy,29750,35000
12,1,480,Fistula in Ano - Low Fistulectomy,19550,23000
12,1,481,Prolapse Rectum - Thiersch Wiring,10000,11500
12,1,482,Prolapse Rectum - Rectopexy,11900,14000
12,1,483,Prolapse Rectum - Grahams Operation,Deleted,Deleted
12,1,484,Operations for Hirschsprungs Disease,14260,16399
12,1,485,Excision of Pilonidal Sinus (open),18700,22000
12,1,486,Excision of Pilonidal Sinus with closure,21250,25000
12,1,487,Abdomino-Perineal Excision of Rectum,16470,18941
12,1,488,Anterior Resection of rectum,21850,25128
12,1,489,Pull Through Abdominal Resection,17170,19746
12,1,490,Retro Peritoneal Tumor Removal,18000,20700
12,1,491,Radio ablation of varicose veins (RFA Ablation),7225,8500
12,1,492,Laser ablation of varicose veins,34000,40000
12,1,493,Laparoscopic Fundoplication,17370,19976
12,1,494,Laparoscopic Splenectomy,22500,25875
13,1,495,Laparoscopic Removal of hydatid cyst,16200,18630
13,1,496,Laparoscopic treatment of Pseudo Pancreatic cyst,16200,18630
13,1,497,Laparoscopic Whipple's operation (Laparoscopic Pancreatico Duodenectomy,18000,20700
13,1,498,Laparoscopic GI bypass operation,19800,22770
13,1,499,Laparoscopic Total Colectomy,22500,25875
13,1,500,Laparoscopic Hemicolectomy,20700,23805
13,1,501,Laparoscopic Anterior Resection (of Intestine/ Rectum),20700,23805
13,1,502,Laparoscopic Cholecystetomy,28050,33000
13,1,503,Laparoscopic Appedicectomy,25500,30000
13,1,504,Laparoscopic Hernia inguinoplasty (including Tacker and Mesh),29750,35000
13,1,505,Laparoscopic ventral Hernia Repair,17500,20125
13,1,506,Laparoscopic Paraumblical Hernia Repair,17500,20125
13,1,507,Laparoscopic Adrenelectomy,12000,13800
13,1,508,Laparoscopic Nephrectomy,22000,25300
13,1,509,Other Major Surgery-Abdomen/GI surgery,Deleted,Deleted
13,1,510,Other Minor Surgery--Abdomen/GI surgery,Deleted,Deleted
13,1,,TREATMENT PROCEDURE ICU/CCU PROCEDURES,,
13,1,,(SPECIAL CARE CASES),,
13,1,511,Coronary Care with Cardiac Monitoring (Room Rent extra),4590,5400
13,1,512,Compressed air / piped oxygen /per hour,45,52
13,1,513,Ventilator charges (Per day),531,611
13,1,514,Paediatric care for New born (Per day),186,214
13,1,515,Incubator charges (Per day),311,358
13,1,516,Neonatal ICU charges (Per day),391,450
13,1,517,Resuscitation,184,212
13,1,518,Exchange Transfusion,265,305
13,1,519,Pneupack ventilator in Nursery (Per day),575,661
13,1,,TREATMENT PROCEDURE CARDIOVASCULAR AND,,
13,1,,CARDIAC SURGERY & INVESTIGATIONS,,
13,1,520,Atrial Septal Defect(ASD) closure,84065,98900
13,1,521,Ventricular septal defect (VSD) with graft,93415,109900
13,1,522,TOF/TAPVC/TCPC/REV/RSOV repair,127075,146136
13,1,523,BD Glenn/Left atrium myxoma,80750,92863
13,1,524,Senning/Arterial Switch Operation (ASO) with graft,122188,140516
13,1,525,Double Switch Operation (DSO),103615,119157
13,1,526,Atrioventricular(AV) canal repair,161000,185150
13,1,527,Fontan procedure,169000,194350
13,1,528,Conduit repair,169000,194350
13,1,529,Coronary Artery Bypass Graft surgery (CABG),127075,146136
13,1,530,CABG + Intra-Aortic Balloon Pump (IABP),169000,194350
13,1,531,CABG + Valve.,169000,194350
13,1,532,CABG without bypass.,140000,161000
14,1,533,Ascending aorta replacement,130000,149500
14,1,534,Double Valve Replacement (DVR),155422,178735
14,1,535,Mitral valve Replacement(MVR)/ Aortic valve Replacement(AVR),103615,119157
14,1,536,Mitral Valve repair + Aortic Valve repair,103615,119157
14,1,537,Aorta femoral bypass,52000,59800
14,1,538,Blalock-Taussig shunt (BT Shunt) / Coarctation,51980,59777
14,1,539,Pulmonary Artery Banding (PA Banding) Septostomy,51980,59777
14,1,540,Pericardectomy,42320,48668
14,1,541,Congenital cytomegalovirus (CMV)/ patent ductus arteriosus (PDA),46750,55000
14,1,542,Gunshot injury,51980,59777
14,1,543,Heart transplant,248400,285660
14,1,544,Balloon coronary angioplasty/PTCA with VCD,78200,92000
14,1,545,Balloon coronary angioplasty/PTCA without VCD,71150,83725
14,1,546,Rotablation,47775,56206
14,1,547,Percutaneous transvenous mitral commissurotomy (PTMC) / percutaneous mitral balloon valvotomy,77000,90700
14,1,548,Cardiac Catheterization (CATH),11510,13545
14,1,549,Aortic Arch Replacement,10350,11903
14,1,550,Aortic Dissection,12650,14548
14,1,551,Thoraco Abdominal Aneurism Repair,15000,17250
14,1,552,Embolectomy,21000,24150
14,1,553,Vascular Repair,36000,41400
14,1,554,Bentall Repair with Prosthetic Valve,30000,34500
14,1,555,Bentall Repair with Biologic Valve,114750,131963
14,1,556,Coaractation dilatation,60860,71600
14,1,557,Coaractation dilatation with Stenting,18500,21275
14,1,558,Temporary Pacemaker Implantation (TPI) (Temporary Cardiac Pacing) Single Chamber,16320,19200
14,1,559,Temporary cardiac pacing (TPI) Dual Chamber,8160,9384
14,1,560,Permanent pacemaker implantation (PPI)- Single Chamber,27200,32000
14,1,561,Permanent pacemaker implantation- Dual Chamber,36550,43000
14,1,562,Permanent pacemaker implantation (PPI)- Biventricular,42180,49625
14,1,563,Automatic implantable cardioverter defibrillator (AICD) Single Chamber,42500,50000
14,1,564,Automatic implantable cardioverter defibrillator (AICD) Dual Chamber,44500,52350
14,1,565,Combo device implantation,50150,59000
14,1,566,Diagnostic Electrophysiological studies Conventional (Including Catheter),56100,66000
14,1,567,Ambulatory BP monitoring,1000,1000
14,1,568,External Loop/event recording( Maximum up to 7 days),1500 first day and 1000 for,1500 first
15,1,569,RF ( Radiofrequency) Ablation conventional,81600,96000
15,1,570,RF Ablation Atrial Tachycardia/Carto with 3D mapping all inclusive,153850,181000
15,1,571,Endomyocardial biopsy,Deleted,Deleted
15,1,572,Intra aortic balloon pump (IABP) including cost of Balloon,42500,50000
15,1,573,Intra vascular coils,63750,75000
15,1,574,Septostomy- Balloon,25500,30000
15,1,575,Septostomy- Blade,17595,20234
15,1,576,Aortic valve balloon dilatation (AVBD) / pulmonary valve balloon dilatation (PVBD),47940,56400
15,1,577,Digital subtraction angiography-Peripheral artery,12400,14610
15,1,578,Digital subtraction angiography- venogram,12400,14610
15,1,579,CT Guided biopsy,1265,1455
15,1,580,Sinogram,777,894
15,1,581,Peripheral Angioplasty with VCD,46750,55500
15,1,582,Peripheral Angioplasty without VCD,11500,13225
15,1,583,Renal Angioplasty,46750,55000
15,1,584,Intravascular ultrasound (IVUS),50000,50000
15,1,585,Fractional flow reserve (FFR),30000,30000
15,1,586,Holter analysis,2125,2500
15,1,587,Aortic stent grafting for aortic aneurysm,78500,90275
15,1,588,Inferior Vena Cava (IVC) filter implantation,25500,30000
15,1,589,ASD/VSD/PDA device closure,Deleted,Deleted
15,1,590,Electrocardiogram (ECG),150,175
15,1,591,Head--up tilt test (HUTT),3400,4000
15,1,592,2D cardiography,1255,1475
15,1,593,3D echocardiography,1403,1613
15,1,594,Fetal Echo,1360,1600
15,1,595,2D Transesophageal Echocardiography (TEE),1403,1613
15,1,596,3D Transesophageal Echocardiography (TEE),1403,1613
15,1,597,Stress Echo- exercise,2040,2400
15,1,598,Stress Echo- pharmacological/ D- stress Echo,2550,3000
15,1,599,Stress Myocardial Perfusion Imaging (MPI)- exercise,7650,9000
15,1,600,Stress Myocardial Perfusion Imaging (MPI) - pharmacological,7650,9000
15,1,Sr. No.,CGHS TREATMENT PROCEDURE/INVESTIGATION LIST (DELHI/NCR),,
15,1,601,Coronary angiography,11240,13225
15,1,602,CT coronary angiography,6030,6935
15,1,603,Cardiac CT scan,2272,2613
15,1,604,Cardiac MRI,6800,8000
15,1,605,Stress Cardiac MRI,3000,3450
15,1,606,MR angiography.,5635,6480
15,1,607,Cardiac PET,1500,1725
15,1,608,Pericardiocentesis,8500,10000
16,1,609,Other Major Surgery,20000,23000
16,1,610,Other Minor Surgery,4250,4888
16,1,,TREATMENT PROCEDURE OBSTETRICS AND,,
16,1,,GYNAECOLOGY,,
16,1,611,Normal delivery with or without Episiotomy & P. repair,7545,8677
16,1,612,vacuum delivery,7763,8927
16,1,613,Forceps Delivery,8280,9522
16,1,614,Cesarean Section(CS),14050,16158
16,1,615,Cesarean Hysterectomy,18200,20930
16,1,616,Rupture Uterus closure & repair with Tubal Ligation,17250,19838
16,1,617,Perforation of Uterus after D/E Laparotomy & Closure,13200,15180
16,1,618,Laparotomy for Ectopic pregnancy,13800,15870
16,1,619,Laparotomy-peritonitis Lavage and Drainage,10350,11903
16,1,620,Salphingo-Oophorectomy/ Oophorectomy Laparoscopic,10000,11500
16,1,621,Ovarian Cystectomy-laparoscopic.,9315,10712
16,1,622,Ovarian Cystectomy –laparotomy.,13800,15870
16,1,623,Salpingo-Oophorectomy-laparotomy,11520,13248
16,1,624,Laparoscopic Broad Ligament Hematoma Drainage with repair,6900,7935
16,1,625,Exploration of perineal Haematoma & Repair,8000,9200
16,1,626,Exploration of abdominal Haematoma (after laparotomy + LSCS),8050,9258
16,1,627,Manual Removal of Placenta,3450,3968
16,1,628,Examination under anesthesia (EUA),950,1093
16,1,629,Burst-abdomen Repair,10000,11500
16,1,630,Gaping Perineal Wound Secondary Suturing,1656,1904
16,1,631,Gaping abdominal wound Secondary Suturing,3105,3571
16,1,632,Complete perineal tear-repair,2050,2358
16,1,633,Exploration of PPH-tear repair,3150,3623
16,1,634,Suction evacuation vesicular mole,4500,5175
16,1,635,Suction evacuation Missed abortion/ incomplete abortion,5175,5951
16,1,636,Colpotomy,3210,3692
16,1,637,Repair of post-coital tear/ perineal injury,3200,3680
16,1,638,Excision of urethral caruncle,3105,3571
16,1,639,Shirodhkar/ McDonald stitch,3220,3703
16,1,640,Abdominal Hysterectomy with or without salpingo- oophorectomy,17250,19838
16,1,641,Non-descent Vaginal Hysterectomy (NDVH),17250,19838
17,1,642,Vaginal Hysterectomy with repairs (UV Prolapse),17250,19838
17,1,643,Myomectomy –laparotomy,12600,14490
17,1,644,Myomectomy –laparoscopic,6325,7274
17,1,645,Vaginoplasty,14500,16675
17,1,646,Vulvectomy –Simple,8280,9522
17,1,647,Vulvectomy-Radical,9200,10580
17,1,648,Rectovaginal Fistula (RVF) Repair,18975,21821
17,1,649,Manchester Operation,15000,17250
17,1,650,Shirodkar’s sling Operation or other sling operations for 17ennin1717d uterus,3450,3968
17,1,651,Laparoscopic sling operations for 17ennin1717d uterus,25200,28980
17,1,652,Diagnostic Curettage,2250,2588
17,1,653,Cervical Biopsy,1800,2070
17,1,654,Polypectomy,1518,1746
17,1,655,Other-Minor Operation Endometrial,2300,2645
17,1,656,Excision Vaginal Cyst/Bartholin Cyst,3450,3968
17,1,657,Excision Vaginal Septum,4600,5290
17,1,658,Laparoscopy –Diagnostic with chromopertubation and or adhesiolysis and drilling,3950,4543
17,1,659,Laparoscopy Sterilization,3450,3968
17,1,660,Laparoscopically Assisted Vaginal Hysterectomy (LAVH),22719,26127
17,1,661,Balloon Temponade for Post Partum Haemorrhage (PPH),2800,3220
17,1,662,Total laparoscopic hysterectomy,22719,26127
17,1,663,Laparoscopic treatment of Ectopic pregnancy- salpingectomy/salpingostomy conservative,9775,11241
17,1,664,Conisation of cervix,4025,4629
17,1,665,Trachelectomy of cervix for early CA cervix,5500,6325
17,1,666,Hysteroscopic cannulation,2875,3306
17,1,667,Laparotomy recannalization of Fallopian tubes- (Tubuloplasty),20183,23210
17,1,668,Laparoscopic recannalization of Fallopian tubes- (Tubuloplasty),19500,22425
17,1,669,Colposcopy,862,991
17,1,670,Inversion of Uterus – Vaginal Reposition,2500,2875
17,1,671,Inversion of Uterus – Abdominal Reposition,2500,2875
17,1,672,Laparoscopic Vesicovaginal Fistula (VVF) Repair,25200,28980
17,1,673,Abdominal Vesicovaginal Fistula (VVF) Repair,25200,28980
17,1,674,Vaginal Vesicovaginal Fistula (VVF) Repair,25200,28980
17,1,675,Interventional Ultrasonography- Chorionic villus sampling (CVS),880,1012
17,1,676,Amniocentesis,880,1012
18,1,677,Karyotyping,,720,828
18,1,678,Thermal balloon ablation.,,10350,11903
18,1,679,Ultrasonographic myolysis,,9264,10654
18,1,680,Vaginal Myomectomy,10000,,11500
18,1,681,Intra Uterine Inseminition,920,,1058
18,1,682,Intracytoplasmic sperm injection (ICSI),10350,,11903
18,1,683,Laparotomy abdominal sacro-colpopexy,15000,,17250
18,1,Sr. No.,CGHS TREATMENT PROCEDURE/INVESTIGATION LIST (DELHI/NCR),,,
18,1,684,Vaginal Colpopexy,20000,23000,
18,1,685,Laparoscopic abdominal sacro-colpopexy,19250,22138,
18,1,686,Laparotomy pelvic Lymphadenectomy,1200,1380,
18,1,687,Laparoscopic pelvic Lymphadenectomy,3500,4025,
18,1,688,Endometrial aspiration cytology/biopsy,513,590,
18,1,689,Transvaginal sonography (TVS for Follicular monitioring /aspiration),460,529,
18,1,690,laparoscopic treatment for stress incontinence,13500,15525,
18,1,691,Transvaginal tapes for Stress incontinence,13500,15525,
18,1,692,trans-obturator tapes for Stress incontinence,10800,12420,
18,1,693,Interventional radiographic arterial embolization,16200,18630,
18,1,694,Diagnostic cystoscopy,2588,2976,
18,1,695,Staging laparotomy surgery for Carcinoma Ovary,6325,7274,
18,1,696,Internal Iliac ligation,3393,3902,
18,1,697,stepwise devascularisation,9200,10580,
18,1,698,Assisted breech delivery,9833,11308,
18,1,699,Intra-uterine fetal blood transfusion,19148,22020,
18,1,700,Hysteroscopy Transcervical Resection of Endometrium (TCRE),7650,8798,
18,1,701,Hysteroscopy Removal of Intra-uterine Contraceptive Device (IUCD),7000,8050,
18,1,702,Hysteroscopy Removal of Septum,9900,11385,
18,1,703,Hysteroscopy Diagnostic,6750,7763,
18,1,704,Radical Hysterectomy for Cancer cervix with pelvic lymphadenectomy,8500,9775,
18,1,705,Radical Hysterectomy for Cancer endometrium extending to cervix with pelvic and para aortic lymphadenectomy,8500,9775,
18,1,706,Sterilization Post partum (minilap),3750,4313,
18,1,707,Sterilization interval (minilap),3750,4313,
18,1,708,Ultrasonography Level II scan/Anomaly Scan,500,575,
18,1,709,Fetal nuchal Translucency,300,345,
18,1,710,Fetal Doppler/Umblical Doppler/Uterine Vessel Doppler,765,880,
19,1,711,Medical Termination of Pregnancy (MTP)- 1st Trimester,3000,3450
19,1,712,Medical Termination of Pregnancy (MTP) – 2nd Trimester,4250,4888
19,1,713,Quadruple test,1800,2070
19,1,714,Biophysical score,600,690
19,1,715,Other Major Surgery,25200,28980
19,1,716,Other Minor Surgery,5000,5750
19,1,,TREATMENT PROCEDURE NEPHROLOGY,,
19,1,,AND UROLOGY,,
19,1,717,Partial Nephrectomy –open,14594,16783
19,1,718,Partial Nephrectomy-Laparoscopic/endoscopic,13041,14997
19,1,719,Nephrolithomy –open,12000,13800
19,1,720,Nephrolithomy –Laparoscopic/endoscopic,12600,14490
19,1,721,Pyelolithotomy-open,13000,14950
19,1,722,Pyelolithotomy –Laparoscopic/endoscopic,10580,12167
19,1,723,Operations for Hydronephrosis –pyeloplasty open,18400,21160
19,1,Sr. No.,CGHS TREATMENT PROCEDURE/INVESTIGATION LIST (DELHI/NCR),,
19,1,724,Operations for Hydronephrosis –pyeloplasty Lap/endoscopic,19000,21850
19,1,725,Operations for Hydronephrosis Endopyelotomy antegrade,19500,22425
19,1,726,Operations for Hydronephrosis Endoplyelotomy retrograde,19550,22483
19,1,727,Operations for Hydronephrosis – ureterocalicostomy,18000,20700
19,1,728,Operations for Hydronephrosis-Ileal ureter,16200,18630
19,1,729,Open Drainage of Perinephric Abscess,7200,8280
19,1,730,Percutaneous Drainage of Perinephric Abscess – Ultrasound guided,5750,6613
19,1,731,Cavernostomy,9775,11241
19,1,732,Operations for Cyst of the Kidney –open,11960,13754
19,1,733,Operations for Cyst of the Kidney – Lap/endoscopic,12627,14521
19,1,734,Ureterolithotomy –open,13248,15235
19,1,735,Ureterolithotomy-Lap/Endoscopic,10000,11500
19,1,736,Nephroureterectomy open,16100,18515
19,1,737,Nephroureterectomy –Lap/Endoscopic,15250,17538
19,1,738,Operations for Ureter for –Double Ureters,17100,19665
19,1,739,Operations for Ureter –for Ectopia of Single Ureter,18000,20700
19,1,740,Operations for Vesicoureteric Reflux (VUR) – Open,18000,20700
19,1,741,Operations for Vesicoureteric Reflux (VUR)- Lap/Endoscopic,18000,20700
20,1,742,Operations for Vesicoureteric Reflux (VUR)/ Urinary incontinence with bulking agents,18630,21425
20,1,743,Ureterostomy – Cutaneous,12000,13800
20,1,744,Uretero-Colic anastomosis,16000,18400
20,1,745,Formation of an Ileal Conduit,15525,17854
20,1,746,Ureteric Catheterisation,8278,10950
20,1,747,Biopsy of Bladder (Cystoscopic),2300,2645
20,1,748,Cysto-Litholapaxy,10925,12564
20,1,749,Operations for Injuries of the Bladder,9000,10350
20,1,750,Suprapubic Drainage (Cystostomy/vesicostomy),6000,6900
20,1,751,Simple Cystectomy,17250,19838
20,1,752,Diverticulectomy –open,16000,18400
20,1,753,Diverticulectomy- Lap/Endoscopic,16560,19044
20,1,754,Diverticulectomy –Endoscopic incision of neck,1725,1984
20,1,755,Augmentation Cystoplasty,6670,7671
20,1,756,Operations for Exstrophy of the Bladder- Single stage repair,20070,23081
20,1,757,Operations for Exstrophy of the Bladder- Multistage repair,20815,23937
20,1,758,Operations for Exstrophy of the Bladder- simple cystectomy with urinary diversion,20250,23288
20,1,759,Repair of Ureterocoel –Open,12420,14283
20,1,760,Repair of Ureterocoel –Lap/Endoscopic,12938,14879
20,1,761,Repair of Ureterocoel –Endoscopic incision,13000,14950
20,1,762,Open Suprapubic Prostatectomy,19950,22943
20,1,763,Open Retropubic Prostatectomy,20125,23144
20,1,764,Transurethral Resection of Prostate (TURP),16767,19282
20,1,765,Urethroscopy/ Cystopanendoscopy,4140,4761
20,1,766,Internal urethrotomy –optical,5750,6613
20,1,767,Internal urethrotomy –Core through urethroplasty,9936,11426
20,1,768,Urethral Reconstruction –End to end ansatamosis,3450,3968
20,1,769,Urethral Reconstruction – substitution urethroplasty (Transpubic urethroplasty),17595,20234
20,1,770,Abdomino Perineal urethroplasty,14000,16100
20,1,771,Posterior Urethral Valve fulguration.,11270,12961
20,1,772,Operations for Incontinence of Urine – Male – Open,17250,19838
20,1,773,Operations for Incontinence of Urine – Male – Sling,18250,20988
20,1,774,Operations for Incontinence of Urine – Male- Bulking agent,18250,20988
20,1,775,Operations for Incontinence of Urine – Female – Open,17250,19838
20,1,776,Operations for Incontinence of Urine – Female- Sling,16560,19044
21,1,777,Operations for Incontinence of Urine – Female- Bulking agent,17492,20116
21,1,778,Reduction of Paraphimosis,1725,1984
21,1,779,Circumcision,2950,3393
21,1,780,Meatotomy,2346,2698
21,1,781,Meatoplasty,2898,3333
21,1,782,Operations for Hypospadias + Chordee Correction,8280,9522
21,1,783,Operations for Hypospadias – Second Stage,14250,16388
21,1,784,Operations for Hypospadias – One Stage Repair,9200,10580
21,1,785,Operations for Crippled Hypospadias,11500,13225
21,1,786,Operations for Epispadias _primary repair,12593,14482
21,1,787,Operations for Epispadias-crippled epispadias,11385,13093
21,1,788,Partial Amputation of the Penis,10764,12379
21,1,789,Total amputation of the Penis,12000,13800
21,1,790,Orchidectomy-Simple,9775,11241
21,1,791,Orchidectomy –Radical,12075,13886
21,1,792,Post Radical Orchidectomy retroperitoneal lymph node dissection.,14000,16100
21,1,793,Epididymectomy,15938,18750
21,1,794,Adreneclectomy Unilateral/Bilateral for Tumour/For Carcinoma- Open,24750,28463
21,1,795,Adreneclectomy Unilateral/Bilateral for Tumour/For Carcinoma –Lap/Endoscopic,14375,16531
21,1,796,Operations for Hydrocele – Unilateral,5865,6745
21,1,797,Operations for Hydrocele – Bilateral,8556,9839
21,1,798,Operation for Torsion of Testis,10350,11903
21,1,799,Micro-surgical Vasovasostomy /Vaso epidedymal ansatamosis .,11040,12696
21,1,800,Operations for Varicocele Unilateral- Microsurgical,7705,8861
21,1,801,Operations for Varicocele Palomo’s Unilateral – Lap,9200,10580
21,1,802,Operations for Varicocele Bilateral – Microsurgical,12650,14548
21,1,803,Operations for Varicocele Bilateral – Lap/ Palomo,14950,17193
21,1,804,Block Dissection of ilio-inguinal Nodes – One Side (For Ca- Penis),6325,7274
21,1,805,Block Dissection of ilio-inguinal Nodes –Both Sides (For Ca- Penis),20700,23805
21,1,806,Excision of Filarial Scrotum,10350,11903
21,1,807,Kidney Transplantation (related),200000,230000
22,1,808,Kidney Transplantation (Spousal/ unrelated) Including immunosuppressant therapy,300000,345000
22,1,809,ABO incompatible Transplantation,441000,507150
22,1,810,Swap Transplantation,350000,402500
22,1,811,Kidney Transplant Graft Nephrectomy,59500,68425
22,1,812,Donor Nephrectomy (open),28750,33063
22,1,813,Donor Nephrectomy (Laparoscopic),46000,52900
22,1,814,Cadaver Transplantation,83300,95795
22,1,815,Kidney Transplant with Native Kidney Nephrectomy (Related)/ Unilateral,28000,32200
22,1,816,Kidney Transplant with Native Kidney Nephrectomy (Related)/ Bilateral,85000,97750
22,1,817,Kidney Transplant with Native Kidney Nephrectomy (Spousal/ Unrelated) Unilateral,85000,97750
22,1,818,Kidney Transplant with Native Kidney Nephrectomy (Spousal/ Unrelated) Bilateral,85000,97750
22,1,819,Post-Transplant Collection drainage for Lymphocele (open),6800,7820
22,1,820,Post-Transplant Collection drainage for Lymphocele (percutaneous),6800,7820
22,1,821,Post-Transplant Collection drainage for Lymphocele (Laparoscopic),7650,8798
22,1,822,Arteriovenous Fistula for Haemodialysis,2300,2645
22,1,823,Arteriovenous Shunt for Haemodialysis,3500,4025
22,1,824,Jugular Catheterization for Haemodialysis,1500,1725
22,1,825,Subclavian Catheterization for Haemodialysis,2250,2588
22,1,826,One sided (single Lumen) Femoral Catheterization for Haemodialysis,1000,1150
22,1,827,Bilateral (single Lumen) Femoral Catheterization for Haemodialysis,1500,1725
22,1,828,Double Lumen Femoral Catheterization for Haemodialysis,1850,2128
22,1,829,Permcath Insertion,2800,3220
22,1,830,Arterio venous Prosthetic Graft,1850,2128
22,1,831,Single lumen Jugular Catheterization,1500,1725
22,1,832,Single lumen Subclavian Catheterization,1700,1955
22,1,833,Plasma Exchange/ Plasmapheresis,1725,1984
22,1,834,Continuous Ambulatory Peritoneal Dialysis (CAPD) catheter insertion- Open method,3500,4025
22,1,835,Continuous Ambulatory Peritoneal Dialysis (CAPD) catheter insertion- Schlendinger/ Seldinger method,3500,4025
23,1,836 837,Sustained low efficiency haemodialysis / hemodialysis Continuous Veno venous/Arteriovenous Haemofilteration /Hemofilteration,1250,1438
23,1,,,2250,2588
23,1,838,Haemodialysis / Hemodialysis for Sero negative cases,1400,1610
23,1,839,Haemodialysis / Hemodialysis for Sero Positive cases,1600,1840
23,1,840,Acute Peritoneal Dialysis,1450,1668
23,1,841,Fistulogram for Arteriovenous Fistula,2250,2588
23,1,842,Ultrasound guided Kidney Bipsy,850,978
23,1,843,Fistula stenosis dilation,3000,3450
23,1,844,Slow continuous Ultrafilteration,2500,2875
23,1,845,Percutaneous Nephrolithotomy (PCNL) – Unilateral,18750,21563
23,1,846,Percutaneous Nephrolithotomy (PCNL) – Bilateral,25000,28750
23,1,847,Endoscopic Bulking agent Inject,4500,5175
23,1,848,Testicular Biopsy,1890,2174
23,1,849,Radical Nephrectomy –Open,17250,19838
23,1,850,Radical Nephrectomy –Lap/Endoscopic,20700,23805
23,1,851,Radical Nephrectomy plus IV thrombus,23000,26450
23,1,852,Radical Nephrectomy plus IV thrombus plus cardiac bypass.,20700,23805
23,1,853,Vesicovaginal Fistula (VVF) Repair (Open),16000,18400
23,1,854,Vesicovaginal Fistula (VVF) Repair (Laparoscopic),22000,25300
23,1,855,Radical Cystectomy –Ileal conduit,17000,19550
23,1,856,Radical Cystectomy – continent diversion.,15000,17250
23,1,857,Radical Cystectomy – Neo bladder,18500,21275
23,1,858,Nephrectomy Simple –Open,10074,11585
23,1,859,Nephrectomy Simple-lap/Endoscopic,12593,14482
23,1,860,Nephrostomy –Open,10000,11500
23,1,861,Nephrostomy –Lap/Endoscopic,10704,12310
23,1,862,Ureteric Reimplant for Megaureter/Vesicoureteric reflux/ ureterocele (open),10494,12068
23,1,863,Ureteric Reimplant for Megaureter/Vesicoureteric reflux/ ureterocele (Laparoscopic),10494,12068
23,1,864,Partial Cystectomy,12420,14283
23,1,865,Transurethral Resection of Prostate (TURP) & Transurethral Resection of Bladder Tumour (TURBT),17250,19838
23,1,866,Transurethral Resection of Prostate (TURP) with Cystolithotripsy,17000,19550
23,1,867,Closure of Urethral Fistula,11000,12650
23,1,868,Orchidopexy – Unilateral –Open,9867,11347
23,1,869,Orchidopexy – Unilateral- Lap/Endoscopic,12334,14184
23,1,870,Orchidopexy – Bilateral –Open,12282,14124
23,1,871,Orchidopexy – Bilateral –Lap/Endoscopic,14500,16675
23,1,872,Cystolithotomy –Suprapubic,9775,11241
23,1,873,Endoscopic Removal of Stone in Bladder,3450,3968
24,1,874,Resection Bladder Neck Endoscopic /Bladder neck incision/transurethral incision on prostrate,10925,12564
24,1,875,Ureteroscopic Surgery,10350,11903
24,1,876,Urethroplasty 1st Stage,10925,12564
24,1,877,Scrotal Exploration,7950,9143
24,1,878,Perineal Urethrostomy,4715,5422
24,1,879,Dilatation of Stricture Urethra under G.A.,2000,2300
24,1,880,Dilatation of Stricture Urethra under LA,1553,1786
24,1,881,Laparoscopic Nephrectomy (Select CGHS rate Code 508 for approved rate),30015,34517
24,1,882,Laparoscopic partial Nephrectomy,10000,11500
24,1,883,Laparoscopic pyelolithotomy,12650,14548
24,1,884,Laparoscopic Pyeloplasty,9775,11241
24,1,885,Laparoscopic surgery for Renal cyst,9775,11241
24,1,886,Laparoscopic ureterolithotomy,11500,13225
24,1,887,Laparoscopic Nephroureterectomy,13225,15209
24,1,888,Extracorporeal Shock Wave Lithotripsy (ESWL),19550,22483
24,1,889,Uroflow Study (Uroflometry),450,518
24,1,890,Urodynamic Study (Cystometry),480,552
24,1,891,Cystoscopy with Retrograde Catheter – Unilateral /RGP,2803,3223
24,1,892,Cystoscopy with Retrograde Catheter – Bilateral /RGP,4208,4839
24,1,893,Cystoscopy with Bladder Biopsy (Cold Cup Biopsy),3043,3499
24,1,894,Voiding-cysto-urethrogram and retrograde urethrogram (Nephrostogram),414,476
24,1,895,Radical prostatectomy-Open,17825,20499
24,1,896,Radical prostatectomy-Laparoscopic,20125,23144
24,1,897,Radical prostatectomy- Robotic (Robotic Partial Nephrectomy),18113,20830
24,1,898,Holmium YAG Prostate Surgery,15000,17250
24,1,899,Holmium YAG Optical Internal Urethrotomy (OIU),4600,5290
24,1,900,Holmium YAG Core through internal Urethrotomy,17250,19838
24,1,901,Holmium YAG Stone Lithotripsy,10200,11730
24,1,902,Green Light laser for prostate,17250,19838
24,1,903,Retrograde Intrarenal Surgery (RIRS)/ Flexible Ureteroscopy,6800,7820
24,1,904,Microscopic Vaso-Epididymal Anastomosis (VEA)/ Vasovasostomy (reversal of vasectomy for Infertility treatment) (Select CGHS rate code 799 for approved rate),13500,15525
24,1,905,Cystoscopic Botulinum Toxin Injection ( Over active bladder/ Neurogenic bladder),6800,7820
25,1,906,Peyronie’s disease – Plaque excision with grafting,3400,3910
25,1,907,High Intensity Focus Ultrasound (HIFU) (Robotic) for Carcinoma prostrate and renal cell carcinoma,4140,4761
25,1,908,Prosthetic surgery for urinary incontinence,2070,2381
25,1,909,Transrectal Ultrasound (TRUS) guided prostate biopsy,575,661
25,1,910,Ultrasound Guided Percutaneous Nephrostomy (PCN),720,828
25,1,911,Other Major Surgery,15000,17250
25,1,912,Other Minor Surgery,6800,7820
25,1,,TREATMENT PROCEDURE NEURO-,,
25,1,,SURGERY,,
25,1,913,Craniotomy and Evacuation of Haematoma – Subdural,45644,52491
25,1,914,Craniotomy and Evacuation of Haematoma – Extradural,45000,51750
25,1,915,Evacuation /Excision of Brain Abscess by craniotomy,40000,46000
25,1,916,Excision of Lobe (Frontal Temporal Cerebellum etc.),41000,47150
25,1,917,Excision of Brain Tumours –Supratentorial,35211,40493
25,1,918,Excision of Brain Tumours –Infratentorial,45000,51750
25,1,919,Surgery of spinal Cord Tumours,45000,51750
25,1,920,Ventriculoatrial /Ventriculoperitoneal Shunt (Select CGHS rate code 938 for approved rates),25000,28750
25,1,921,Twist Drill Craniostomy,4250,4888
25,1,Sr. No.,CGHS TREATMENT PROCEDURE/INVESTIGATION LIST (DELHI/NCR),,
25,1,922,Subdural Tapping,2456,2824
25,1,923,Ventricular Tapping,2967,3412
25,1,924,Abscess Tapping,2875,3306
25,1,925,Placement of Intracranial pressure (ICP) Monitor,2875,3306
25,1,926,Skull Traction Application,2070,2381
25,1,927,Lumber Pressure Monitoring,4250,4888
25,1,928,Vascular Malformations,22000,25300
25,1,929,Meningo Encephalocoele excision and repair,15000,17250
25,1,930,Meningomyelocoel Repair,24995,28744
25,1,931,CSF Rhinorrhaea Repair,28750,33063
25,1,932,Cranioplasty,24150,27773
25,1,933,Anterior Cervical Dissectomy,16600,19090
25,1,934,Brachial Plexus Exploration and neurotization,14250,16388
25,1,935,Median Nerve Decompression,14000,16100
26,1,936,Peripheral Nerve Surgery – Major,15525,17854
26,1,937,Peripheral Nerve Surgery Minor,8280,9522
26,1,938,Ventriculoatrial /Ventriculoperitoneal Shunt,11615,13357
26,1,939,Nerve Biopsy,6900,7935
26,1,940,Brain Biopsy,5808,6679
26,1,941,Anterior Cervical Spine Surgery with fusion,32200,37030
26,1,942,Anterio Lateral Decompression of spine,25875,29756
26,1,943,Brain Mapping,837,963
26,1,944,Cervical or Dorsal or Lumbar Laminectomy,23000,26450
26,1,945,Combined Trans-oral Surgery & Craniovertebral (CV) Junction Fusion,31500,36225
26,1,946,Craniovertebral Junction (CVJ) Fusion procedures,30000,34500
26,1,947,Depressed Fracture Elevation,25000,28750
26,1,948,Lumbar Discectomy,27600,31740
26,1,949,Endarterectomy (Carotid),20000,23000
26,1,950,Radiofrequency Ablation (RFA) for Trigeminal Neuralgia,11500,13225
26,1,951,Spasticity Surgery -,35708,41064
26,1,952,Spinal Fusion Procedure,30000,34500
26,1,953,Spinal Intra Medullary Tumours,34250,39388
26,1,954,Spinal Bifida Surgery Major,18975,21821
26,1,955,Spinal Bifida Surgery Minor,15000,17250
26,1,956,Stereotaxic Procedures- biopsy/aspiration of cyst,23000,26450
26,1,957,Trans Sphenoidal Surgery,27000,31050
26,1,958,Trans Oral Surgery,30000,34500
26,1,959,Implantation of Deep Brain Stimulation (DBS) – One electrode,34500,39675
26,1,960,Implantation of Deep Brain Stimulation (DBS) – two electrodes,40250,46288
26,1,961,Endoscopic aqueductoplasty,15000,17250
26,1,962,Facial nerve reconstruction,27000,31050
26,1,963,Carotid stenting,38037,43743
26,1,964,Cervical disc arthroplasty,27600,31740
26,1,965,Lumbar disc arthroplasty,13800,15870
26,1,966,Corpus callostomy for Epilepsy,31500,36225
26,1,967,Hemispherotomy for Epilepsy,29950,34443
26,1,968,Endoscopic CSF rhinorrhea repair,30000,34500
26,1,969,Burr hole evacuation of chronic subdural haematoma,24150,27773
26,1,970,Epilepsy surgery,36225,41659
26,1,971,Radiofrequency Ablation (RFA) for facet joint pain syndrome,17250,19838
26,1,972,Cervical laminoplasty,32000,36800
26,1,973,Lateral mass C1-C2 screw fixation,23000,26450
26,1,974,Microsurgical decompression for Trigeminal nerve,38000,43700
26,1,975,Microsurgical decompression for hemifacial spasm,4646,5343
26,1,976,Extracranial-Intracranial Bypass Procedures (EC-IC) bypass procedures,32000,36800
27,1,977,Image guided craniotomy,28980,33327
27,1,978,Baclofen pump implantation,39000,44850
27,1,979,Programmable Ventriculo-Peritoneal (VP) shunt,25000,28750
27,1,980,Endoscopic sympathectomy,17107,19673
27,1,981,Lumber puncture,207,238
27,1,982,External ventricular drainage (EVD),4600,5290
27,1,983,Endoscopic 3rd ventriculostomy,36000,41400
27,1,984,Endoscopic cranial surgery/Biopsy/aspiration,31536,36266
27,1,985,"Endoscopic discectomy (Lumbar, Cervical)",35621,40964
27,1,986,Aneurysm coiling (Endovascular),30960,35604
27,1,987,Surgery for skull fractures,36000,41400
27,1,988,Carpel Tunnel decompression,13500,15525
27,1,989,Clipping of intracranial aneurysm,22750,26163
27,1,990,Surgery for intracranial Arteriovenous malformations(AVM),36000,41400
27,1,991,Foramen magnum decompression for Chari Malformation,93750,107813
27,1,992,Dorsal column stimulation for backache in failed back syndrome,28750,33063
27,1,993,Surgery for recurrent disc 27ennin2727d/epidural fibrosis,32200,37030
27,1,994,Surgery for brain stem tumours,43988,50586
27,1,995,Decompressive craniotomy for hemishpherical acute subdural haematoma/brain swelling/large infarct,40000,46000
27,1,996,Intra-arterial thrombolysis with Tissue Plasminogen Activator (TPA) (for ischemic stroke ),4600,5290
27,1,997,Steriotactic aspiration of intracerebral haematoma,32545,37427
27,1,998,Endoscopic aspiration of intracerebellar haematoma,40000,46000
27,1,999,Steriotactic Radiosurgery for brain pathology(X knife/Gamma ) – ONE session,27560,31694
27,1,1000,Steriotactic Radiosurgery for brain pathology(X knife /Gamma knife –Two or more sessions,57500,66125
27,1,1001,Chemotheraphy wafers for malignant brain tumors,14450,16618
27,1,1002,Battery Placement for Deep Brain Stimulation (DBS),19800,22770
27,1,1003,Baclofen pump implantation for spasticity,17330,19930
27,1,1004,Peripheral Nerve tumor surgery,21600,24840
27,1,1005,Surgery Intra Cranial Meningioma,20000,23000
27,1,1006,Surgery for Intracranial Schwannoma,35000,40250
27,1,1007,Surgery for Gliomas,45000,51750
27,1,1008,Surgery for Orbital tumors,40000,46000
28,1,1009,Surgery for Cranial (Skull) tumors,38500,44275
28,1,1010,Surgery for Scalp Arteriovenous Malformations (AVMs),25000,28750
28,1,1011,Kyphoplasty,36000,41400
28,1,1012,Balloon Kyphoplasty,36000,41400
28,1,1013,"Lesioning procedures for Parkinson’s disease, Dystonia etc.",35000,40250
28,1,1014,Other Major Surgery,42500,48875
28,1,1015,Other Minor Surgery,17000,19550
28,1,,TREATMENT PROCEDURE PAEDIATRIC,,
28,1,,SURGERY,,
28,1,1016,Excision of thyroglossal Duct/Cyst,14450,16618
28,1,1017,Diaphragmatic Hernia Repair (Thoracic or Abdominal Approach),17250,19838
28,1,1018,Tracheo Oesophageal Fistula (Correction Surgery),20700,23805
28,1,1019,Colon Replacement of Oesophagus,20700,23805
28,1,1020,Omphalo Mesenteric Cyst Excision,17250,19838
28,1,1021,Omphalo Mesenteric Duct- Excision,15525,17854
28,1,1022,Meckels Diverticulectomy,3012,3464
28,1,1023,Omphalocele 1st Stage (Hernia Repair),15525,17854
28,1,1024,Omphalocele 2nd Stge (Hernia Repair),15525,17854
28,1,1025,Gastroschisis Repair,16000,18400
28,1,1026,Inguinal Herniotomy,12558,14442
28,1,1027,Congenital Hydrocele,12000,13800
28,1,1028,Hydrocele of Cord,12000,13800
28,1,1029,Torsion Testis Operation,13500,15525
28,1,1030,Congenital Pyloric Stenosis- operation,13938,16029
28,1,1031,Duodenal Atresia Operation,14000,16100
28,1,1032,Pancreatic Ring Operation,20183,23210
28,1,1033,Meconium Ileus Operation,14500,16675
28,1,1034,Malrotation of Intestines Operation,13000,14950
28,1,1035,Rectal Biopsy (Megacolon),8762,10076
28,1,1036,Colostomy Transverse,13500,15525
28,1,1037,Colostomy Left Iliac,13500,15525
28,1,1038,Abdominal Perineal Pull Through (Hirschsprung’s Disease),17100,19665
28,1,1039,Imperforate Anus Low Anomaly –Cut Back Operation,9750,11213
28,1,1040,Imperforate Anus Low Anomaly – Perineal Anoplasty,12000,13800
28,1,1041,Imperforate Anus High Anomaly – Sacroabdomino Perineal Pull Through,12500,14375
28,1,1042,Imperforate Anus High Anomaly – Closure of,8625,9919
28,1,1043,Intussusception Operation,18630,21425
28,1,1044,Choledochoduodenostomy for Atresia of Extra Hepatic Billiary Duct,15000,17250
28,1,1045,Operation of Choledochal Cyst,16000,18400
29,1,1046,Nephrectomy for –Pyonephrosis,17000,19550
29,1,1047,Nephrectomy for – Hydronephrosis,15000,17250
29,1,Sr. No.,CGHS TREATMENT PROCEDURE/INVESTIGATION LIST (DELHI/NCR),,
29,1,1048,Nephrectomy for –Wilms Tumour,13500,15525
29,1,1049,Paraortic Lymphadenoctomy with Nephrectomy for Wilms Tumour,18350,21103
29,1,1050,Sacro-Coccygeal Teratoma Excision,14000,16100
29,1,1051,Neuroblastoma Debulking,15000,17250
29,1,1052,Neuroblastoma Total Excision,18630,21425
29,1,1053,Rhabdomyosarcoma wide Excision,15000,17250
29,1,1054,Congenital Atresia & Stenosis of Small Intestine,17100,19665
29,1,1055,Muconium ileus,14400,16560
29,1,1056,Malrotation & Volvulus of the Midgut,13500,15525
29,1,1057,Excision of Meckel’s Deverticulum,12000,13800
29,1,1058,Other Major Surgery,24300,27945
29,1,1059,Other Minor Surgery,10000,11500
29,1,,TREATMENT PROCEDURE BURNS AND,,
29,1,,PLASTIC,,
29,1,,SURGERY,,
29,1,1060,Primary Suturing of Wound,300,345
29,1,1061,Injection of Keloids – Ganglion,1099,1264
29,1,1062,Injection of Keloids – Haemangioma,1150,1323
29,1,1063,Free Grafts – Wolfe Grafts,1725,1984
29,1,1064,Free Grafts – Thiersch- Small Area 5%,7475,8596
29,1,1065,Free Grafts – Large Area 10%,8000,9200
29,1,1066,Free Grafts – Very Large Area 20% and above.,10350,11903
29,1,1067,Skin Flaps – Rotation Flaps,8970,10316
29,1,1068,Skin Flaps – Advancement Flaps,12500,14375
29,1,1069,Skin Flaps – Direct- cross Leg Flaps- Cross Arm Flap,12500,14375
29,1,1070,Skin Flaps – Cross Finger,12500,14375
29,1,1071,Skin Flaps – Abdominal,9350,10753
29,1,1072,Skin Flaps – Thoracic,9350,10753
29,1,1073,Skin Flaps – Arm Etc.,11000,12650
29,1,1074,Subcutaneous Pedicle Flaps Raising,6900,7935
29,1,1075,Subcutaneous Pedicle Flaps Delay,5355,6158
29,1,1076,Subcutaneous Pedicle Flaps Transfer,5355,6158
29,1,1077,Cartilage Grafting,8625,9919
29,1,1078,Reduction of Facial Fractures of Nose,1380,1587
29,1,1079,Reduction of Facial Fractures of Maxilla,7200,8280
29,1,1080,Reduction of Fractures of Mandible & Maxilla – Eyelet Splinting,7475,8596
29,1,1081,Reduction of Fractures of Mandible & Maxilla – Cast Metal Splints,6900,7935
29,1,1082,Reduction of Fractures of Mandible & Maxilla – Gunning Splints,7500,8625
29,1,1083,Internal Wire Fixation of Mandible & Maxilla,10350,11903
30,1,1084,Cleft Lip – repair.,10350,11903
30,1,1085,Cleft Palate Repair,12650,14548
30,1,1086,Primary Bone Grafting for alveolar cleft in Cleft Lip,11500,13225
30,1,1087,Secondary Surgery for Cleft Lip Deformity,10000,11500
30,1,1088,Secondary Surgery for Cleft Palate,11385,13093
30,1,Sr. No.,CGHS TREATMENT PROCEDURE/INVESTIGATION LIST (DELHI/NCR),,
30,1,1089,Reconstruction of Eyelid Defects – Minor,6325,7274
30,1,1090,Reconstruction of Eyelid Defects – Major,8500,9775
30,1,1091,Plastic Surgery of Different Regions of the Ear – Minor,8050,9258
30,1,1092,Plastic Surgery of Different Regions of the Ear – Major,10350,11903
30,1,1093,Plastic Surgery of the Nose – Minor,8050,9258
30,1,1094,Plastic Surgery of the Nose – Major,9500,10925
30,1,1095,Plastic Surgery for Facial Paralysis (Support with Reanimation),16100,18515
30,1,1096,Pendulous Breast – Mammoplasty,13000,14950
30,1,1097,Underdeveloped Breast Mammoplasty,12000,13800
30,1,1098,After Mastectomy (Reconstruction)Mammoplasty,12000,13800
30,1,1099,Syndactyly Repair,12750,14663
30,1,1100,Dermabrasion Face,13225,15209
30,1,1101,upto 30% Burns 1st Dressing,150,173
30,1,1102,upto 30% Burns Subsequent Dressing,124,143
30,1,1103,30% to 50% Burns 1st Dressing,193,222
30,1,1104,30% to 50% Burns Subsequent Dressing,152,175
30,1,1105,Extensive Burn –above 50% Frist Dressing,276,317
30,1,1106,Extensive Burn –above 50% Subsequent dressing,193,222
30,1,,TREATMENT PROCEDURE ORTHOPEDICS,,
30,1,1107,Plaster Work,255,293
30,1,1108,Fingers (post slab),250,288
30,1,1109,Fingers full plaster,250,288
30,1,1110,Colles Fracture – Below elbow,880,1012
30,1,1111,Colles Fracture – Full plaster,895,1029
30,1,1112,Colles fracture Ant. Or post. Slab,400,460
30,1,1113,Above elbow full plaster,173,199
30,1,1114,Above Knee post-slab,575,661
30,1,1115,Below Knee full plaster,173,199
30,1,1116,Below Knee post-slab,718,826
30,1,1117,Tube Plaster (or plaster cylinder),800,920
30,1,1118,Above knee full plaster,1139,1310
30,1,1119,Above knee full slab,1042,1198
30,1,1120,Minerva Jacket,2174,2500
30,1,1121,Plaster Jacket,1967,2262
30,1,1122,Shoulder spica,1760,2024
30,1,1123,Single Hip spica,2019,2322
31,1,1124,Double Hip spica,2484,2857
31,1,1125,Strapping of Finger,179,206
31,1,1126,Strapping of Toes,180,207
31,1,1127,Strapping of Wrist,230,265
31,1,1128,Strapping of Elbow,262,301
31,1,1129,Strapping of Knee,345,397
31,1,1130,Strapping of Ankle,345,397
31,1,1131,Strapping of Chest,450,518
31,1,1132,Strapping of Shoulder,518,596
31,1,1133,Figure of 8 bandage,466,536
31,1,1134,Collar and cuff sling,230,265
31,1,1135,Ball bandage,360,414
31,1,1136,Application of POP Casts for Upper & Lower Limbs,570,656
31,1,1137,Application of Functional Cast Brace,1300,1495
31,1,1138,Application of Skin Traction,690,794
31,1,1139,Application of Skeletal Tractions,949,1091
31,1,1140,Bandage & Strappings for Fractures,552,635
31,1,1141,Aspiration & Intra Articular Injections,518,596
31,1,1142,Application of POP Spices & Jackets,2226,2560
31,1,1143,Close Reduction of Fractures of Limb & POP,2600,2990
31,1,1144,Reduction of Compound Fractures,2760,3174
31,1,1145,Open Reduction & Internal Fixation (ORIF) of Fingers & Toes,5175,5951
31,1,1146,Open Reduction of fracture of Long Bones of Upper / Lower Limb –Nailing & External Fixation,8050,9258
31,1,1147,Open Reduction of fracture of Long Bones of Upper / Lower Limb –AO Procedures,9660,11109
31,1,1148,Tension Band Wirings,5658,6507
31,1,1149,Bone Grafting,6601,7591
31,1,1150,Excision of Bone Tumours,6900,7935
31,1,1151,Excision or other Operations for Scaphoid Fractures,7188,8266
31,1,1152,Sequestrectomy & Saucerisation,6900,7935
31,1,1153,Sequestrectomy & Saucerizations –Arthrotomy,8974,10320
31,1,1154,Multiple Pinning Fracture Neck Femur,11500,13225
31,1,1155,Plate Fixations for Fracture Neck Femur,13500,15525
31,1,1156,AO Compression Procedures for Fracture Neck Femur,16560,19044
31,1,1157,Open Reduction of Fracture Neck Femur Muscle Pedicle Graft and Internal Fixations,19500,22425
31,1,1158,Close Reduction of Dislocations,3174,3650
31,1,1159,Open Reduction of Dislocations,3439,3955
31,1,1160,Open Reduction & Internal Fixation (ORIF) of Fracture Dislocation,13500,15525
31,1,1161,Neurolysis/Nerve repair,13000,14950
31,1,1162,Nerve Repair with Grafting,16675,19176
32,1,1163,Tendon with Transplant or Graft,10350,11903
32,1,1164,Tendon Lengthening/Tendon repair,8050,9258
32,1,1165,Tendon Transfer,3105,3571
32,1,1166,Laminectomy Excision Disc and Tumours,4830,5555
32,1,1167,Split Osteotomy and Internal Fixations,24150,27773
32,1,1168,Anterolateral decompression for tuberculosis/ Costo- Transversectomy,3450,3968
32,1,1169,Antereolateral Decompression and Spine Fusion,17415,20027
32,1,1170,Corrective Osteotomy & Internal Fixation- short bones,13000,14950
32,1,1171,Corrective Osteotomy & Internal Fixation- long bones,11040,12696
32,1,1172,Arthrodesis of – Minor Joints,10350,11903
32,1,1173,Arthrodesis of – Major Joints,9000,10350
32,1,1174,Soft Tissue Operations for Congenital Talipes Equinovarus (CTEV),8050,9258
32,1,1175,Soft Tissue Operations for Polio,6900,7935
32,1,1176,Hemiarthroplasty- Hip,18000,20700
32,1,1177,Hemiarthroplasty- Shoulder,18000,20700
32,1,1178,Operations for Brachial Plexus & Cervical Rib,24150,27773
32,1,1179,Amputations – Below Knee,6900,7935
32,1,1180,Amputations – Below Elbow,6843,7869
32,1,1181,Amputations – Above Knee,8050,9258
32,1,1182,Amputations – Above Elbow,6843,7869
32,1,1183,Amputations – Forequarter,13225,15209
32,1,1184,Amputations –Hind Quarter and Hemipelvectomy,18400,21160
32,1,1185,Disarticulations – Major joint,18630,21425
32,1,1186,Disarticulations – Minor joint,12650,14548
32,1,1187,Arthrography,8280,9522
32,1,1188,Arthroscopy – Diagnostic,7711,8868
32,1,1189,Arthroscopy-therapeutic: without implant,9000,10350
32,1,1190,Arthroscopy-therapeutic: with implant,15525,17854
32,1,1191,Soft Tissue Operation on Joints –Small,6900,7935
32,1,1192,Soft Tissue Operation on Joints –Large,13500,15525
32,1,1193,Myocutaneous and Fasciocutaneous Flap Procedures for Limbs,18630,21425
32,1,1194,Removal of Wires & Screw,1760,2024
32,1,1195,Removal of Plates,4140,4761
32,1,1196,Total Hip Replacement (THR),79000,90850
32,1,1197,Total Ankle Joint Replacement,85860,98739
32,1,1198,Total Knee Joint Replacement (TKR),99000,113850
32,1,1199,Total Shoulder Joint Replacement,79000,90850
32,1,1200,Total Elbow Joint Replacement,79000,90850
32,1,1201,Total Wrist Joint Replacement,90000,103500
32,1,1202,Total finger joint replacement,18000,20700
32,1,1203,Tubular external fixator,4600,5290
32,1,1204,Ilizarov’s external fixator,7763,8927
32,1,1205,Pelvi-acetebular fracture –Internal fixation,7763,8927
33,1,1206,Meniscectomy,12000,13800
33,1,1207,Meniscus Repair,10000,11500
33,1,1208,Anterior Cruciate Ligament (ACL) Reconstruction,8500,9775
33,1,1209,Posterior Cruciate Ligament (PCL) Reconstruction,13500,15525
33,1,1210,Knee Collateral Ligament Reconstruction,12500,14375
33,1,1211,Bencarf Repair Shoulder,13200,15180
33,1,1212,RC Repair,1500,1725
33,1,1213,Biceps tenodesis,12600,14490
33,1,1214,Distal biceps tendon repair,10380,11937
33,1,1215,Arthrolysis of knee,12500,14375
33,1,1216,Capsulotomy of Shoulder,15800,18170
33,1,1217,Conservative Plaster of Paris (POP),1080,1242
33,1,1218,Application for CTEV per sitting,1200,1380
33,1,1219,Total Hip Replacement (THR) Revision Stage-I,17000,19550
33,1,1220,Total Hip Replacement (THR) Revision Stage-II,45000,51750
33,1,1221,Total Knee Replacement (TKR) Revision Stage- I,35000,40250
33,1,Sr. No.,CGHS TREATMENT PROCEDURE/INVESTIGATION LIST (DELHI/NCR),,
33,1,1222,Total Knee Replacement (TKR) Revision Stage- II,34500,39675
33,1,1223,Illizarov/ external fixation for limb lengthening/ deformity correction,12500,14375
33,1,1224,Discectomy/ Micro Discectomy,12500,14375
33,1,1225,Laminectomy,4646,5343
33,1,1226,Spinal Fixation Cervical/dorsolumbar/ lumbosacral,16000,18400
33,1,1227,Fusion Surgery Cervical/ Lumbar Spine upto 2 Level,19950,22943
33,1,1228,Spinal Fusion Surgery Cervical/ Lumbar Spine – More than 2 Level,12000,13800
33,1,1229,Scoliosis Surgery/ Deformity Correction of Spine,25000,28750
33,1,1230,Vertebroplasty,10800,12420
33,1,1231,Spinal Injections,450,518
33,1,1232,Dynamic Hip Screw (DHS) for Fracture Neck Femur,15000,17250
33,1,1233,Proximal Femoral Nail (PFN for IT Fracture),14000,16100
33,1,1234,Spinal Osteotomy,1434,1649
33,1,1235,Illizarov’s / External Fixation for Trauma,13000,14950
33,1,1236,Soft Tissue Operations for Polio/ Cerebral Palsy,10557,12141
33,1,1237,Mini Fixator for Hand/Foot,9000,10350
33,1,1238,Other Major Surgery,34425,39589
33,1,1239,Other Minor Surgery,11883,13665
34,1,,TREATMENT PROCEDURE,,
34,1,,PHYSIOTHERAPY,,
34,1,1240,Ultrasonic therapy,75,86
34,1,1241,Shortwave Diathermy (SWD),75,86
34,1,1242,Electrical stimulation (therapeutic),75,86
34,1,1243,Muscle testing and diagnostic,71,82
34,1,1244,Infrared,75,86
34,1,1245,Ultraviolet Therapeutic (UV Therapeutic) dose,58,67
34,1,1246,Intermittent Lumbar Traction,75,86
34,1,1247,Intermittent Cervical traction,75,86
34,1,1248,Wax bath,75,86
34,1,1249,Hot pack,75,86
34,1,1250,Breathing Exercises & Postural Drainage,50,58
34,1,1251,Cerebral Palsy – exercise,50,58
34,1,1252,Post – polio exercise,50,58
34,1,,NUCLEAR MEDICINE / RADIOTHERAPY,,
34,1,,AND,,
34,1,,CHEMOTHERAPY,,
34,1,1253,Cobalt 60 therapy,57375,65981
34,1,1254,Cobalt 60 therapy- Radical therapy,61583,70820
34,1,1255,Cobalt 60 therapy- Palliative therapy,21994,25293
34,1,1256,Linear accelerator,26775,30791
34,1,1257,Linear accelerator- Radical therapy,58650,67448
34,1,1258,Linear accelerator- Palliative therapy,34213,39345
34,1,1259,3D Planning,4888,5621
34,1,1260,2D Planning,4888,5621
34,1,1261,IMRT(Intensity Modulated radiotherapy),100878,116010
34,1,1262,SRT (Stereotactic radiotherapy),60996,70145
34,1,1263,SRS(Stereotactic radio surgery),75000,86250
34,1,1264,IGRT(Image guided radiotherapy),135000,155250
34,1,1265,Respiratory Gating-alongwith Linear accelerator planning,110000,126500
34,1,1266,Electron beam with Linear accelerator,67473,77594
34,1,1267,Tomotherapy,71460,82179
34,1,,NUCLEAR MEDICINE /,,
34,1,,BRACHYTHERAPY- HIGH,,
34,1,,DOSE RADIATION,,
34,1,1268,Intracavitory,11730,13490
34,1,1269,Interstitial,55000,63250
34,1,1270,Intraluminal,9775,11241
34,1,1271,Surface mould,4644,5341
34,1,1272,Gliadel Wafer,84510,97187
34,1,,NUCLEAR MEDICINE / CHEMOTHERAPY,,
34,1,1273,Neoadjuvant,863,992
34,1,1274,Adjuvant,777,894
34,1,1275,Concurrent-chemoradiation,920,1058
34,1,1276,Single drug,500,575
34,1,1277,Multiple drugs,807,928
34,1,1278,Targeted therapy,828,952
34,1,1279,Chemoport facility,900,1035
35,1,1280,PICC line (peripherally inserted Central Cannulisation),828,952
35,1,,LIST OF PROCEDURES/ TESTS IN,,
35,1,,GASTROENTEROLOGY / ENDOSCOPIC,,
35,1,,PROCEDURES,,
35,1,1281,Upper GI Endoscopy + Lower GI Endoscopy,1725,1984
35,1,1282,Diagnostic endoscopy,250,288
35,1,1283,Endoscopic biopsy,345,397
35,1,1284,Endoscopic mucosal resection,1389,1597
35,1,1285,Oesophageal stricture dilatation,1725,1984
35,1,1286,Balloon dilatation of achalasia cardia,2875,3306
35,1,1287,Foreign body removal,1553,1786
35,1,1288,Oesophageal stenting,3000,3450
35,1,1289,Band ligation of oesophageal varices,2500,2875
35,1,1290,Sclerotherapy of oesophageal varices,2500,2875
35,1,1291,Glue injection of varices,2500,2875
35,1,1292,Argon plasma coagulation,4025,4629
35,1,1293,Pyloric balloon dilatation,2415,2777
35,1,1294,Enteranal stenting,3680,4232
35,1,1295,Duodenal stricture dilation,990,1139
35,1,1296,Single balloon enterocopy,4000,4600
35,1,1297,Double balloon enteroscopy,3500,4025
35,1,1298,Capsule endoscopy,4950,5693
35,1,1299,Piles banding,1099,1264
35,1,1300,Colonic stricture dilatation,2737,3148
35,1,1301,Hot biopsy forceps procedures,3000,3450
35,1,1302,Colonic stenting,2737,3148
35,1,1303,Junction biopsy,2000,2300
35,1,1304,Conjugal microscopy,4000,4600
35,1,Sr. No.,CGHS TREATMENT PROCEDURE/INVESTIGATION LIST (DELHI/NCR),,
35,1,1305,Endoscopic sphincterotomy,2415,2777
35,1,1306,CBD stone extraction,2415,2777
35,1,1307,CBD stricture dilatation,6500,7475
35,1,1308,Biliary stenting (plastic and metallic),4830,5555
35,1,1309,Mechanical lithotripsy of CBD stones,8000,9200
35,1,1310,Pancreatic sphincterotomy,6375,7331
35,1,1311,Pancreatic stricture dilatation,5750,6613
35,1,1312,Pancreatic stone extraction,10098,11613
35,1,1313,Mechanical lithotripsy of pancreatic stones,11385,13093
35,1,1314,Endoscopic cysto gastrostomy,8050,9258
35,1,1315,Balloon dilatation of papilla,6900,7935
35,1,1316,Ultrasound guided FNAC,1530,1800
35,1,1317,Ultrasound guided abscess Drainage,650,748
35,1,1318,Percutaneous Transhepatic Biliary Drainage (PTBD),1150,1323
35,1,1319,Diagnostic angiography,2000,2300
35,1,1320,Vascular embolization,15000,17250
35,1,1321,Transjugular Intrahepatic Portosystemic Shunt (TIPS),5400,6210
36,1,1322,Inferior vena cava (IVC) Venography and Hepatic vein (HV) Venography,30791,35410
36,1,1323,Muscular stenting,87975,101171
36,1,1324,Balloon-occluded Retrograde Intravenous Obliteration (BRTO),51750,59513
36,1,1325,Portal haemodymic studies,1913,2200
36,1,1326,Manometry and PH metry,1612,1854
36,1,1327,Oesophageal PH metry,5000,5750
36,1,1328,Oesophageal manometry,5000,5750
36,1,1329,Small bowel manometry,6120,7038
36,1,1330,Anorectal manometry,6120,7038
36,1,1331,Colonic manometry,6885,7918
36,1,1332,Biliary manometry,6885,7918
36,1,1333,Sengstaken blackenesse tube tempode,2875,3306
36,1,1334,Lintas machles tube tempode,2875,3306
36,1,1335,Faecal / Fecal fat test/ fecal chymotrypsin/ fecal elastase,350,403
36,1,1336,Breath tests,300,345
36,1,1337,Extracorporeal Shortwave Lithotripsy (ESWL) (Select CGHS rate code 888 for approved rate),37260,42849
36,1,1338,Liver biopsy,1380,1587
36,1,,NAME OF INVESTIGATION / DENTAL,,
36,1,1339,Dental IOPA X-ray,50,58
36,1,1340,Occlusal X-ray,78,90
36,1,1341,OPG X-ray,196,225
36,1,,NAME OF INVESTIGATION / PULMONARY,,
36,1,1342,Lung Ventilation & Perfusion Scan (V/Q Scan),3240,3726
36,1,1343,Lung Perfusion Scan,1800,2070
36,1,,NAME OF INVESTIGATION / OSTEOLOGY,,
36,1,1344,Whole Body Bone Scan with SPECT.,3421,3934
36,1,1345,Three phase whole body Bone Scan,3421,3934
36,1,,NAME OF INVESTIGATION /,,
36,1,,NEUROSCIENCES,,
36,1,1346,Brain Perfusion SPECT Scan with Technetium 99m radiopharmaceuticals.,9500,10925
36,1,Sr. No.,CGHS TREATMENT PROCEDURE/INVESTIGATION LIST (DELHI/NCR),,
36,1,1347,Radionuclide Cisternography for CSF leak,3740,4301
36,1,,NAME OF INVESTIGATION / GASTRO AND,,
36,1,,HEPATOBILIARY,,
36,1,1348,Gastro esophageal Reflux Study (GER Study),1955,2248
36,1,1349,Gastro intestinal Bleed (GloB.) Study with Technetium 99m labeled RBCs.,3421,3934
37,1,1350,Hepatobiliary Scintigraphy.,2444,2811
37,1,1351,Meckel’s Scan,1955,2248
37,1,1352,Hepatosplenic scintigraphy with Technetium- 99m radiopharmaceuticals,1870,2151
37,1,1353,Gastric emptying,1275,1466
37,1,,NAME OF INVESTIGATION /,,
37,1,,GENITOURINARY,,
37,1,1354,Renal Cortical Scintigraphy with Technetium 99m Dimercaptosuccinic acid (DMSA),3421,3934
37,1,1355,Dynamic Renography.,3421,3934
37,1,1356,Dynamic Renography with Diuretic.,3421,3934
37,1,1357,Dynamic Renography with Captopril,1960,2254
37,1,1358,Testicular Scan,1445,1700
37,1,,NAME OF INVESTIGATION /,,
37,1,,ENDOCRINOLOGY,,
37,1,1359,Thyroid Uptake measurements with 131-Iodine.,1564,1799
37,1,1360,Thyroid Scan with Technetium 99m Pertechnetate.,1615,1900
37,1,1361,Iodine-131 Whole Body Scan,2933,3373
37,1,1362,Whole Body Scan with MIBG,15836,18211
37,1,1363,Parathyroid Scan,4888,5621
37,1,,NAME OF INVESTIGATION / RADIO-,,
37,1,,ISOTOPE,,
37,1,,THERAPY,,
37,1,1364,131-lodine Therapy,1530,1760
37,1,1365,131-lodine Therapy <15mCi,3854,4432
37,1,1366,131-lodine Therapy 15-50mCi,4956,5699
37,1,1367,131-lodine Therapy 51-100mCi,12000,13800
37,1,1368,131-lodine Therapy >100mCi,15000,17250
37,1,1369,Phosphorus-32 therapy for metastatic bone pain palliation,5000,5750
37,1,1370,Samarium-153 therapy for metastatic bone pain palliation,10450,12018
37,1,1371,Radiosynovectomy with Yttrium,19125,21994
37,1,,NAME OF INVESTIGATION /,,
37,1,,CARDIOLOGY,,
37,1,1372,Stress thallium / Myocardial Perfusion Scintigraphy,9450,10868
37,1,1373,Rest thallium / Myocardial Perfusion Scintigraphy,8000,9200
37,1,1374,Venography,3300,3795
37,1,1375,Treadmill Test (TMT),950,1120
37,1,1376,Transoesophageal Echocardiography (TEE),489,562
37,1,1377,Lymph angiography,1613,1855
37,1,,NAME OF INVESTIGATION / TUMOUR,,
37,1,,IMAGING,,
37,1,1378,Scintimammography.,4800,5520
37,1,1379,Indium 37ennin37 octreotide Scan,72000,82800
38,1,,NAME OF INVESTIGATION / PET SCAN,,
38,1,1380,FDG Whole body PET / CT Scan,10000,11500
38,1,1381,Brain/Heart FDG PET / CT Scan,10000,11500
38,1,1382,Gallium-68 Peptide PET / CT imaging for Neuroendocrine Tumor,10000,11500
38,1,,LABORATORY MEDICINE / CLINICAL,,
38,1,,PATHOLOGY,,
38,1,1383,"Urine routine- pH, Specific gravity, sugar, protein and microscopy",35,40
38,1,1384,Urine Microalbumin,63,72
38,1,1385,Stool routine,35,40
38,1,1386,Stool occult blood,24,28
38,1,1387,Post coital smear examination,30,35
38,1,1388,Semen analysis,35,40
38,1,,LABORATORY MEDICINE /,,
38,1,,HAEMATOLOGY,,
38,1,1389,Haemoglobin (Hb),18,21
38,1,1390,Total Leucocytic Count (TLC),31,36
38,1,1391,Differential Leucocytic Count (DLC),31,36
38,1,1392,Erythrocyte Sedimentation Rate (ESR),25,29
38,1,1393,"Total Red Cell count with MCV,MCH,MCHC,DRW",32,37
38,1,1394,"Complete Haemogram/CBC, Hb,RBC count and indices,TLC, DLC, Platelet, ESR, Peripheral smear examination",135,155
38,1,1395,Platelet count,43,49
38,1,1396,Reticulocyte count,48,55
38,1,1397,Absolute Eosinophil count (AEC),48,55
38,1,1398,Packed Cell Volume (PCV),13,15
38,1,1399,Peripheral Smear Examination,43,49
38,1,1400,Smear for Malaria parasite,40,46
38,1,1401,Bleeding Time,35,40
38,1,1402,Osmotic fragility Test,45,52
38,1,1403,Bone Marrow Smear Examination,70,81
38,1,1404,Bone Marrow Smear Examination with iron stain,250,288
38,1,1405,Bone Marrow Smear Examination and cytochemistry,396,455
38,1,1406,Activated partial ThromboplastinTime (APTT),102,117
38,1,1407,Rapid test for malaria(card test),44,51
38,1,1408,WBC cytochemistry for leukemia –Complete panel,110,127
39,1,1409,"Bleeding Disorder panel- PT, APTT, Thrombin Time Fibrinogen, D-Dimer/ Fibrinogen Degradation Products (FDP)",400,460
39,1,1410,Factor Assays-Factor VIII,720,828
39,1,1411,Factor Assays-Factor IX,680,782
39,1,1412,Platelet Function test,50,58
39,1,1413,"Tests for hypercoagulable states- Protein C, Protein S, Antithrombin",400,460
39,1,1414,Tests for lupus anticoagulant,150,173
39,1,1415,"Tests for Antiphospholipid antibody IgG, IgM ( for cardiolipin and B2 Glycoprotein 1)",450,518
39,1,Sr. No.,CGHS TREATMENT PROCEDURE/INVESTIGATION LIST (DELHI/NCR),,
39,1,1416,Thalassemia studies (Red Cell indices and Hb HPLC),560,644
39,1,1417,Tests for Sickling / Hb HPLC),77,89
39,1,,LABORATORY MEDICINE / BLOOD BANK,,
39,1,1418,Blood Group & RH Type,30,35
39,1,1419,Cross match,50,58
39,1,1420,Coomb’s Test Direct,90,104
39,1,1421,Coomb’s Test Indirect,100,115
39,1,1422,3 cell panel- antibody screening for pregnant female,170,196
39,1,1423,11 cells panel for antibody identification,170,196
39,1,1424,Hepatitis B surface antigen (HbsAg),102,117
39,1,1425,Hepatitis C virus (HCV),120,138
39,1,1426,Human immunodeficiency virus- HIV I and II,135,155
39,1,1427,Venereal Disease Research Laboratory test (VDRL),43,49
39,1,1428,RH Antibody titer,80,92
39,1,1429,Platelet Concentrate,56,64
39,1,1430,Random Donor Platelet(RDP)- (Select CGHS rate Code 1828 for approved rate),115,132
39,1,1431,Single Donor Platelet (SDP- Apheresis)- (Select CGHS rate Code 1830 for approved rate),135,155
39,1,1432,Routine-H & E,90,104
39,1,1433,special stain,65,75
39,1,1434,Immunohistochemistry(IHC),675,776
39,1,1435,Frozen section,702,807
39,1,1436,Paraffin section,309,355
39,1,LABORATORY MEDICINE / CYTOLOGY,,,
39,1,1437,Pap Smear,150,173
39,1,1438,Body fluid for Malignant cells,150,173
39,1,1439,Fine Needle Aspiration Cytology (FNAC),200,230
40,1,NAME OF INVESTIGATION / FLOW CYTOMETRY,,,
40,1,1440,Leukemia panel /Lymphoma panel,1536,1766
40,1,1441,"Paroxysmal Nocturnal Hemoglobinuria (PNH) Panel-CD55,CD59",1000,1150
40,1,LABORATORY MEDICINE / CYTOGENETIC STUDIES,,,
40,1,1442,Karyotyping (Select CGHS rate code 677 for approved rate),See code 677,See code 677
40,1,1443,Fluorescent in situ hybridization (FISH),500,575
40,1,LABORATORY MEDICINE / BIO-CHEMISTRY,,,
40,1,1444,Blood Glucose Random,24,28
40,1,1445,"24 hrs urine for Proteins,Sodium, creatinine",50,58
40,1,1446,Blood Urea Nitrogen,54,62
40,1,1447,Serum Creatinine,55,63
40,1,1448,Urine Bile Pigment and Salt,25,29
40,1,1449,Urine Urobilinogen,20,23
40,1,1450,Urine Ketones,30,35
40,1,1451,Urine Occult Blood,35,40
40,1,1452,Urine total proteins,18,21
40,1,1453,Rheumatoid Factor / Rh Factor test,100,115
40,1,1454,Bence Jones protein,47,54
40,1,Sr. No. CGHS TREATMENT PROCEDURE/INVESTIGATION LIST (DELHI/NCR),,,
40,1,1455,Serum Uric Acid,55,63
40,1,1456,Serum Bilirubin total & direct,80,92
40,1,1457,Serum Iron,81,93
40,1,1458,C-reactive Protein (CRP),100,115
40,1,1459,C-reactive Protein (CRP) Quantitative,160,184
40,1,1460,"Body fluid (CSF/Ascitic Fluid etc.)Sugar, Protein etc.",90,104
40,1,1461,Albumin.,18,21
40,1,1462,Creatinine clearance.,80,92
40,1,1463,Serum Cholesterol,60,69
40,1,1464,Total Iron Binding Capacity (TIBC),80,92
40,1,1465,Glucose (Fasting & PP),47,54
40,1,1466,Serum Calcium –Total,60,69
40,1,1467,Serum Calcium –Ionic,44,51
40,1,1468,Serum Phosphorus,60,69
40,1,1469,Total Protein Alb/Glo Ratio,50,58
40,1,1470,Immunoglobulin G (IgG),225,259
40,1,1471,Immunoglobulin M(IgM),225,259
40,1,1472,Immunoglobulin A(IgA),225,259
40,1,1473,Antinuclear antibody (ANA),200,230
40,1,1474,Anti-double stranded DNA (anti-dsDNA),350,403
40,1,1475,Serum glutamic pyruvic transaminase (SGPT) / Alanine Aminotransferase (ALT),55,63
40,1,1476,Serum Glutamic oxaloacetic transaminase (SGOT) / Aspartate Aminotransferase (AST),55,63
40,1,1477,Serum amylase,117,135
40,1,1478,Serum Lipase,130,150
41,1,1479,Serum Lactate,65,75
41,1,1480,Serum Magnesium,100,115
41,1,1481,Serum Sodium,50,58
41,1,1482,Serum Potassium,50,58
41,1,1483,Serum Ammonia,90,104
41,1,1484,Anemia Profile,204,235
41,1,1485,Serum Testosterone,150,173
41,1,1486,Imprint Smear From Endoscopy,240,276
41,1,1487,Triglycerides,75,86
41,1,1488,Glucose Tolerance Test (GTT),90,104
41,1,1489,Triple Marker.,800,920
41,1,1490,Creatine Phosphokinase (CPK)/Creatine Kinase (CK),100,115
41,1,1491,Foetal Haemoglobin (HbF),85,98
41,1,1492,Prothrombin Time (PT),110,127
41,1,1493,Lactate dehydrogenase (LDH),90,104
41,1,1494,Alkaline Phosphatase,60,69
41,1,1495,Acid Phosphatase,78,90
41,1,1496,CPK MB/CK MB,190,219
41,1,1497,CK MB Mass/CPK MB Mass,140,161
41,1,1498,Troponin I,100,115
41,1,1499,Troponin T,600,690
41,1,1500,Glucose-6-Phosphate Dehydrogenase (G6PD),100,115
41,1,1501,Lithium.,130,150
41,1,Sr. No. CGHS TREATMENT PROCEDURE/INVESTIGATION LIST (DELHI/NCR),,,
41,1,1502,Dilantin (phenytoin).,400,460
41,1,1503,Carbamazepine.,400,460
41,1,1504,Valproic acid.,300,345
41,1,1505,Ferritin (Select CGHS rate code 1517 for approved rate),250,288
41,1,1506,Blood gas analysis / Arterial Blood Gas (ABG),120,138
41,1,1507,Blood gas analysis / Arterial Blood Gas (ABG) with electrolytes,460,529
41,1,1508,Urine pregnancy test,60,69
41,1,1509,Tests for Antiphospholipid antibodies syndrome.,280,322
41,1,1510,Glycosylated Haemoglobin (HbA1c),130,150
41,1,1511,Haemoglobin Electrophoresis/ Hb HPLC (Select CGHS rate code 1417 for approved rate),100,115
41,1,1512,Kidney Function Test (KFT),203,233
41,1,1513,Liver Function Test (LFT),225,259
41,1,1514,"Lipid Profile. (Total cholesterol, LDL, HDL, Triglycerides)",200,230
41,1,,Nutritional Markers,,
41,1,1515,Serum Iron,90,104
42,1,1516,Total Iron Binding Capacity (Select CGHS rate code 1464 for approved rate),90,104
42,1,1517,Serum Ferritin,100,115
42,1,1518,Vitamin B12 assay.,250,288
42,1,1519,Folic Acid assay.,300,345
42,1,1520,"Extended Lipid Profile. (Total cholesterol, LDL, HDL, Triglycerides Apo A1,Apo B,Lp (a) )",550,633
42,1,1521,Apolipoprotein A1 (ApoA1),200,230
42,1,1522,Apolipoprotein B (Apo B),199,229
42,1,1523,Lipoprotein A / Lp A,445,512
42,1,1524,"CD 3,4 and 8 counts",170,196
42,1,1525,"CD 3,4 and 8 percentage",170,196
42,1,1526,Low density lipoprotein (LDL),62,71
42,1,1527,Homocysteine.,360,414
42,1,1528,Haemoglobin (Hb) Electrophoresis/ (Select CGHS rate code 1417 for approved rate),440,506
42,1,1529,Serum Electrophoresis.,220,253
42,1,1530,Fibrinogen.,165,190
42,1,1531,Chloride.,60,69
42,1,1532,Magnesium.,150,173
42,1,1533,Gamma-Glutamyl Transpeptidase (GGTP),90,104
42,1,1534,Lipase.,239,275
42,1,1535,Fructosamine.,200,230
42,1,1536,Beta 2 microglobulin (B2M) /β2 microglobulin,90,104
42,1,1537,Catecholamines.,945,1087
42,1,1538,Creatinine clearance.,120,138
42,1,,NAME OF INVESTIGATION / TUMOUR,,
42,1,,MARKERS,,
42,1,1539,Prostate Specific antigen (PSA)- Total.,300,345
42,1,1540,Prostate-specific antigen (PSA) – Free.,375,431
42,1,1541,Alpha Fetoprotein (AFP),270,311
42,1,1542,Human chorionic gonadotropin ( HCG),260,299
42,1,Sr. No.,CGHS TREATMENT PROCEDURE/INVESTIGATION LIST (DELHI/NCR),,
42,1,1543,Cancer Antigen 125 (CA 125),391,450
42,1,1544,Cancer Antigen 19.9 (CA 19.9),616,708
42,1,1545,Cancer Antigen 15.3 (CA 15.3),560,644
42,1,1546,Vanillylmandelic Acid (VMA),315,362
42,1,1547,Calcitonin,500,575
42,1,1548,Carcinoembryonic Antigen (CEA),340,391
42,1,,OTHERS,,0
42,1,1549,Immunofluorescence,135,155
42,1,1550,Direct(Skin and kidney Disease),383,440
42,1,1551,Indirect (antids DNA Anti Smith ANCA),383,440
42,1,1552,Calcidiol / 25-hydroxycholecalciferol / Vitamin D3 assay (Vit D3),550,633
43,1,1553,Serum Protein electrophoresis with immunofixation electrophoresis (IFE),270,311
43,1,1554,BETA-2 Microglobulin assay (Select CGHS rate code 1536 for approved rate),100,115
43,1,1555,Anti-Cyclic Citrullinated Peptide (Anti CCP),450,518
43,1,1556,Anti-tissue Transglutaminase antibody (Anti TTG Antibody),383,440
43,1,,HORMONES,,
43,1,1557,Serum Erythropoetin,383,440
43,1,1558,Adrenocorticotropic Hormone (ACTH),450,518
43,1,1559,"T3, T4, TSH",200,230
43,1,1560,Triiodothyronine- T3,64,74
43,1,1561,Tetraiodothyronine T4,64,74
43,1,1562,Thyroid stimulating hormone (TSH),90,104
43,1,1563,Luteinizing hormone (LH),150,173
43,1,1564,Follicle stimulating hormone (FSH),150,173
43,1,1565,Prolactin,150,173
43,1,1566,Cortisol,250,288
43,1,1567,PTH(Paratharmone),500,575
43,1,1568,C-Peptide (C Peptide / Connecting Peptide),330,380
43,1,1569,Insulin.,150,173
43,1,1570,Progesterone.,225,259
43,1,1571,17 Hydroxyprogesterone (17 OH Progesterone),440,506
43,1,1572,Dehydroepiandrosterone sulfate (DHEAS),440,506
43,1,1573,Androstenedione,600,690
43,1,1574,Growth Hormone.,340,391
43,1,,LABORATORY/ MEDICINE/CLINICAL,,
43,1,,PATHOLOGY,,
43,1,1575,Thyroid peroxidase antibody (TPO),300,345
43,1,1576,Throglobulin.,300,345
43,1,1577,Hydatic Serology.,286,329
43,1,1578,Anti Sperm Antibodies.,342,393
43,1,1579,Hepatitis B Virus (HBV) DNA Qualitative,2000,2300
43,1,1580,Hepatitis B Virus (HBV) DNA Quantitative.,1500,1725
43,1,1581,Hepatitis C Virus (HCV) RNA Qualitative.,1691,1945
43,1,1582,Human papillomaviruse (HPV) Serology,218,251
43,1,1583,Rota Virus serology,130,150
43,1,1584,PCR for Tuberculosis (TB),900,1035
43,1,1585,PCR for Human immunodeficiency virus (HIV),600,690
43,1,1586,Chlamydae antigen,765,880
43,1,Sr. No.,CGHS TREATMENT PROCEDURE/INVESTIGATION LIST (DELHI/NCR),,
43,1,1587,Chlamydae antibody,238,274
43,1,1588,Brucella serology,230,265
43,1,1589,Influenza A serology,770,886
43,1,,"USG, X-RAY , CT, MRI, BONE",,
43,1,,DENSITOMETRY,,
44,1,1590,USG for Obstetrics – Anomalies scan,1700,2000
44,1,1591,Abdomen USG,680,800
44,1,1592,"Pelvic USG ( prostate, gynae, infertility etc)",425,500
44,1,1593,"Small parts USG ( scrotum, thyroid , parathyroid etc)",349,401
44,1,1594,Neonatal head (Tranfontanellar),425,489
44,1,1595,Neonatal spine,500,575
44,1,1596,Contrast enhanced USG,810,932
44,1,1597,USG Breast,680,800
44,1,1598,USG Hysterosalpingography (HSG),255,293
44,1,1599,Carotid Doppler,800,920
44,1,1600,Arterial Colour Doppler,706,812
44,1,1601,Venous Colour Doppler,706,812
44,1,1602,"Colour Doppler, renal arteries/any other organ",800,920
44,1,1603,USG guided intervention- FNAC,490,564
44,1,1604,USG guided intervention – biopsy,720,828
44,1,1605,USG guided intervention – nephrostomy,800,920
44,1,,X-Ray,,
44,1,1606,Abdomen AP Supine or Erect (One film),215,250
44,1,1607,Abdomen Lateral view (one film),128,147
44,1,1608,Chest PA view (one film),195,230
44,1,1609,Chest Lateral (one film),195,230
44,1,1610,"Mastoids: Towne view, oblique views (3 films)",225,259
44,1,1611,"Extremities, bones & Joints AP & Lateral views (Two films)",250,288
44,1,1612,Pelvis AP (one film),110,127
44,1,1613,Temporomandibular ™ Joints (one film),110,127
44,1,1614,Abdomen & Pelvis for KUB,128,147
44,1,1615,Skull AP & Lateral (2 films),255,293
44,1,1616,Spine AP & Lateral (2 films),250,288
44,1,1617,PNS view (1 film),110,127
44,1,,X-ray CONTRAST STUDIES,,
44,1,1618,Barium Swallow,500,575
44,1,1619,Barium Upper GI study,720,828
44,1,1620,Barium Upper GI study (Double contrast),842,968
44,1,1621,Barium Meal follow through,842,968
44,1,1622,Barium Enema (Single contrast/double contrast),765,880
44,1,1623,Small bowel enteroclysis,918,1056
44,1,1624,ERCP (Endoscopic Retrograde Cholangio – Pancreatography),2250,2588
44,1,1625,General:Fistulography / Sinography/Sialography /Dacrocystography/ T- Tube cholangiogram /Nephrostogram,638,734
44,1,1626,Percutaneous transhepatic cholangiography (PTC),1296,1490
44,1,Sr. No.,CGHS TREATMENT PROCEDURE/INVESTIGATION LIST (DELHI/NCR),,
45,1,1627,Intravenous Pyelography (IVP),1400,1650
45,1,1628,Micturating Cystourethrography (MCU),950,1120
45,1,1629,Retrograde Urethrography (RGU),950,1120
45,1,1630,Contrast Hystero-Salpingography (HSG),2040,2400
45,1,1631,X-ray Arthrography,700,805
45,1,1632,Cephalography,150,173
45,1,1633,Myelography,2475,2846
45,1,1634,Diagnostic Digital Subtraction Angiography (DSA),1749,2011
45,1,,MAMMOGRAPHY,,
45,1,1635,X-ray Mammography/ Mammography B/L ( both Lungs),1170,1375
45,1,1636,MRI Mammography,2550,2933
45,1,,Computed Tomography (CT) Scan,,
45,1,1637,CT Scan Head-Without Contrast/NCCT – non contrast CT,800,1035
45,1,1638,CT Scan Head- with Contrast –With Contrast including CT angiography,1350,1553
45,1,1639,CT Scan Chest – without contrast (for lungs),1700,1955
45,1,1640,CT Scan Lower Abdomen (incl. Pelvis) With Contrast,1700,1955
45,1,1641,CT Scan Lower Abdomen (Incl. Pelvis) Without Contrast,1500,1725
45,1,1642,CT Scan Whole Abdomen Without Contrast,3000,3450
45,1,1643,CT Scan Whole Abdomen With Contrast,4125,4744
45,1,1644,Triple Phase CT abdomen,4500,5175
45,1,1645,CT Scan angiography abdomen/ Chest,4500,5175
45,1,1646,CT Scan Enteroclysis,5400,6210
45,1,1647,CT Scan Neck – Without Contrast,1500,1725
45,1,1648,CT Scan Neck – With Contrast,1870,2151
45,1,1649,CT Scan Orbits – Without Contrast,1190,1369
45,1,1650,CT Scan Orbits – With Contrast,1615,1857
45,1,1651,CT Scan of Para Nasal Sinuses- Without Contrast,900,1035
45,1,1652,CT Scan of Para Nasal Sinuses – With Contrast,1600,1840
45,1,1653,"CT Scan Spine (Cervical, Dorsal, Lumbar, Sacral)–without Contrast",1500,1725
45,1,1654,CT Scan Temporal bone – without contrast,893,1027
45,1,1655,CT Scan- Dental,1275,1466
45,1,1656,CT Scan Limbs –Without Contrast,1700,1955
45,1,1657,CT Scan Limbs –With Contrast including CT angiography,2253,2591
45,1,1658,CT Guided intervention –FNAC,1200,1380
45,1,1659,CT Guided Trucut Biopsy,1200,1380
45,1,1660,CT Guided intervention –percutaneous catheter drainage/tube placement,1175,1351
45,1,,MRI,,
45,1,1661,MRI Head – Without Contrast,2125,2500
45,1,1662,MRI Head – With Contrast,2848,3275
45,1,1663,MRI Orbits – Without Contrast,1445,1700
46,1,1664,MRI Orbits – With Contrast,2000,2300
46,1,1665,MRI Nasopharynx and PNS – Without Contrast,2450,2818
46,1,1666,MRI Nasopharynx and PNS – With Contrast,3500,4025
46,1,Sr. No.,CGHS TREATMENT PROCEDURE/INVESTIGATION LIST (DELHI/NCR),,
46,1,1667,MR for Salivary Glands with Sialography,3000,3450
46,1,1668,MRI Neck – Without Contrast,3000,3450
46,1,1669,MRI Neck- with contrast,5000,5750
46,1,1670,MRI Shoulder – Without contrast,2000,2300
46,1,1671,MRI Shoulder – With conntrast,2600,2990
46,1,1672,MRI shoulder both Joints – Without contrast,3000,3450
46,1,1673,MRI Shoulder both joints – With contrast,4000,4600
46,1,1674,MRI Wrist Single joint – Without contrast,2550,3000
46,1,1675,MRI Wrist Single joint – With contrast,4000,4600
46,1,1676,MRI Wrist both joints – Without contrast,3400,4000
46,1,1677,MRI Wrist Both joints – With contrast,5000,5750
46,1,1678,MRI knee Single joint – Without contrast,2550,3000
46,1,1679,MRI knee Single joint – With contrast,5000,5750
46,1,1680,MRI knee both joints – Without contrast,3400,4000
46,1,1681,MRI knee both joints – With contrast,5000,5750
46,1,1682,MRI Ankle Single joint – Without contrast,4250,5000
46,1,1683,MRI Ankle single joint – With contrast,5000,5750
46,1,1684,MRI Ankle both joints – With contrast,5000,5750
46,1,1685,MRI Ankle both joints – Without contrast,5525,6500
46,1,1686,MRI Hip – With contrast,2500,2875
46,1,1687,MRI Hip – without contrast,2125,2444
46,1,1688,MRI Pelvis – Without Contrast,2125,2444
46,1,1689,MRI Pelvis – with contrast,5000,5750
46,1,1690,MRI Extremities – With contrast,5000,5750
46,1,1691,MRI Extremities – Without contrast,2125,2444
46,1,1692,MRI Temporomandibular – B/L – With contrast,4000,4600
46,1,1693,MRI Temporomandibular – B/L – Without contrast,2125,2444
46,1,1694,MR Temporal Bone/ Inner ear with contrast,4000,4600
46,1,1695,MR Temporal Bone/ Inner ear without contrast,2500,2875
46,1,1696,MRI Abdomen – Without Contrast,2125,2444
46,1,1697,MRI Abdomen – With Contrast,5000,5750
46,1,1698,MRI Breast – With Contrast,4250,4888
46,1,1699,MRI Breast – Without Contrast,2125,2444
46,1,1700,MRI Spine Screening – Without Contrast,1700,2000
46,1,1701,MRI Chest – Without Contrast,2125,2444
46,1,1702,MRI Chest – With Contrast,4000,4600
46,1,1703,MRI Cervical/Cervico Dorsal Spine – Without Contrast,2125,2444
46,1,1704,MRI Cervical/ Cervico Dorsal Spine – With Contrast,4000,4600
47,1,1705,MRI Dorsal/ Dorso Lumbar Spine – Without Contrast,2125,2444
47,1,1706,MRI Dorsal/ Dorso Lumbar Spine – With Contrast,4000,4600
47,1,1707,MRI Lumbar/ Lumbo-Sacral Spine – Without Contrast,2125,2444
47,1,1708,MRI Lumbar/ Lumbo-Sacral Spine – With Contrast,5000,5750
47,1,1709,Whole body MRI (For oncological workup),5100,5865
47,1,1710,MR cholecysto-pancreatography.,4950,5693
47,1,1711,MRI Angiography – with contrast,5000,5750
47,1,1712,MR Enteroclysis,2125,2444
47,1,,BONE DENSITOMETRY (DEXA SCAN),,0
47,1,Sr. No.,CGHS TREATMENT PROCEDURE/INVESTIGATION LIST (DELHI/NCR),,
47,1,1713,Dexa Scan Bone Densitometry – Two sites,1350,1553
47,1,1714,"Dexa Scan Bone Densitometry – Three sites (Spine, Hip &extremity)",1800,2070
47,1,1715,Dexa Scan Bone Densitometry Whole body,2205,2536
47,1,,NEUROLOGICAL INVESTIGATIONS AND,,
47,1,,PROCEDURES,,
47,1,1716,Electroencephalogram (EEG)/ Video EEG,298,343
47,1,1717,Electromyography (EMG),638,734
47,1,1718,Nerve Conduction Velocity(NCV) (at least 2 limbs),638,734
47,1,1719,Repititive nerve stimulation (RNS)- Decremental response (before and after neostigmine),595,684
47,1,1720,Repetitive nerve stimulation (RNS)-Incremental response,595,684
47,1,1721,Somatosensory evoked potentials (SSEP),638,734
47,1,1722,Polysomnography (PSG) / Sleep study,638,734
47,1,1723,Brachial plexus study,638,734
47,1,1724,Muscle biopsy,383,440
47,1,1725,Acetylcholine receptor (AchR) antibody titre,1663,1912
47,1,1726,Anti muscle specific receptor tyrosine kinase (Anti MuSK) antibody titre,2106,2422
47,1,1727,Serum copper,450,518
47,1,1728,Serum ceruloplasmin,405,466
47,1,1729,Urinary copper,450,518
47,1,1730,Serum homocysteine,405,466
47,1,1731,Serum valproate level,284,327
47,1,1732,Serum phenobarbitone level,315,362
47,1,1733,Coagulation profile,498,573
47,1,1734,"Protein C, Protein S, Antithrombin–III (Select CGHS rate code 1413 for approved rates)",2160,2484
48,1,1735,Serum lactate level (Select CGHS rate code 1479 for approved rate),405,466
48,1,,CSF,,
48,1,1736,"Basic studies including cell count, protein, sugar, gram stain,India Ink preparation and smear for AFP",240,276
48,1,1737,Special studies,1000,1150
48,1,1738,PCR for tuberculosis/ Herpes simplex,1080,1242
48,1,1739,Bacterial culture and sensitivity,180,207
48,1,1740,Mycobacterial culture and sensitivity,200,230
48,1,1741,Fungal culture,128,147
48,1,1742,Malignant cells,64,74
48,1,1743,Anti measles antibody titre (with serum antibody titre),890,1024
48,1,1744,Viral culture,255,293
48,1,1745,"Antibody titre (Herpes simplex, cytomegalo virus, flavivirus, zoster varicella virus)",760,874
48,1,1746,Oligoclonal band,1200,1380
48,1,1747,Myelin Basic protein,1871,2152
48,1,1748,Lactate (Select CGHS rate code 1479 for approved rate),298,343
48,1,1749,Cryptococcal antigen,1138,1309
48,1,,TESTS IN GASTRO-ENTEROLOGY,,
48,1,1750,D-xylase test,850,978
48,1,1751,Faecal / Fecal fat test/ fecal chymotrypsin/ fecal elastase (Select CGHS rate code 1335 for approved rate),850,978
48,1,1752,Breath tests (select CGHS rate code 1336 for approved rate),1300,1495
48,1,Sr. No.,CGHS TREATMENT PROCEDURE/INVESTIGATION LIST (DELHI/NCR),,
48,1,1753,H pylori serology for Coeliac disease /Celiac disease,500,575
48,1,1754,HBV genotyping,2500,2875
48,1,1755,HCV genotyping,4875,5606
48,1,,TESTS IN ENDOCRINOLOGY ( IN,,
48,1,,ADDITION TO,,
48,1,,THOSE INCLUDED UNDER HORMONES),,
48,1,1756,Urinary vanillylmandelic acid (VMA),1350,1553
48,1,1757,Urinary metanephrine/Normetanephrine,1138,1309
48,1,1758,Urinary free catecholamine,1690,1944
48,1,1759,Serum catecholamine,3060,3519
48,1,1760,Serum aldosterone,1013,1165
48,1,1761,24 Hr urinary aldosterone,828,952
48,1,1762,Plasma 48ennin activity,900,1035
48,1,1763,Serum aldosterone/48ennin ratio,1080,1242
48,1,1764,Osmolality urine,128,147
48,1,1765,Osmolality serum,128,147
48,1,1766,Urinary sodium,80,92
48,1,1767,Urinary Chloride,43,49
49,1,1768,Urinary potassium,,80,92
49,1,1769,Urinary calcium,,80,92
49,1,1770,Thyroid binding globulin,,510,587
49,1,1771,24 hour urinary free cortisole,,200,230
49,1,1772,Islet cell antibody,,675,776
49,1,1773,Glutamic Acid Decarboxylase Autoantibodies test (GAD antibodies),,1330,1530
49,1,1774,Insulin associated antibody,,449,516
49,1,1775,Insulin-like growth factor-1 (IGF-1),,1350,1553
49,1,1776,Insulin-like growth factor binding protein 3 (IGF-BP3),,1485,1708
49,1,1777,,Sex hormone binding globulin,1200,1380
49,1,1778,,USG guided FNAC thyroid gland,387,445
49,1,1779,,Estradiol (E2),208,239
49,1,1780,,Thyroglobulin antibody,587,675
50,1,,,ADDED W.E.F. 14.01.2020,,,
50,1,Sr. No.,CGHS TREATMENT PROCEDURE/INVESTIGATION LIST,,Non NABH/Non NABL Rate in Rupee,NABH/ NABL rates in Rupee,Existing CGHS Specialties mentioned in the CGHS rate list mapped by Pathologist
50,1,1781,"Kappa Lambda Light Chains, Free, Serum/ Serum free light chains (SFLC)",,3500,4025,LABORATORY MEDICINE / CLINICAL
50,1,1782,Serum IGE Level,,300,345,LABORATORY MEDICINE / CLINICAL PATHOLOGY
50,1,1783,NT-Pro BNP,,1800,2070,Cardiology
50,1,1784,CECT Chest/Thorax,,2445,2875,Computed Tomography (CT) Scan
50,1,1785,MRI-Prostate (Multi-parametric),,6000/- including CD,6900 Includi ng CD,MRI
50,1,1786,HCV RNA Quantitative,,1500,1725,LABORATORY MEDICINE / BLOOD BANK
50,1,1787,Tacrolimus,,2300,2645,LABORATORY MEDICINE / BIO- CHEMISTRY
50,1,1788,"Protein Creatinine Ratio, Urine",,120,138,LABORATORY MEDICINE / BIO- CHEMISTRY
51,1,1789,Fibroscan Liver,1000,1150,Gastro or Hepatobiliary
51,1,1790,HLA B27 (PCR),500,575,LABORATORY MEDICINE / BIO- CHEMISTRY
51,1,1791,Mantoux Test,175,200,LABORATORY MEDICINE / CLINICAL PATHOLOGY
51,1,1792,Procalcitonin,1800,2070,LABORATORY MEDICINE / BIO- CHEMISTRY
51,2,MRI whole spine,3400,4000,
51,2,USG Colour Doppler pregnancy,1425,1675,w.e.f dated 16.06.2023
52,1,1795,Fractional Flow Reserve (FFR) inclusive of cost of Wire,23500 + GST As per code 585 wef 19.12.2023,23500 +,Cardiology
52,1,ADDED W.E.F. 05.06.2020,,,,
52,1,Sr. No.,CGHS TREATMENT PROCEDURE/INVESTIGATION LIST,Non- NABH/Non- NABL Rates,NABH/ L Rates,Specialties under which to be included
52,1,1796,Anti –Smooth Muscle Antibody Test (ASMA),1241,1460,LABORATORY MEDICINE / BIO- CHEMISTRY
52,1,1797,C ANCA-IFA,1275,1500,LABORATORY MEDICINE / BIO- CHEMISTRY
52,1,1798,P ANCA-IFA,1275,1500,LABORATORY MEDICINE / BIO- CHEMISTRY
52,1,1799,Angiotensin converting enzyme (ACE),850,1000,LABORATORY MEDICINE / BIO- CHEMISTRY
52,1,1800,Endo bronchial Ultrasound (EBUS) –Trans bronchial needle aspiration (TBNA) –Using New Needle,15614,18370,Pulmonary
52,1,1801,Extractable Nuclear Antigens (ENA) – Quantitative,3910,4600,LABORATORY MEDICINE / BIO- CHEMISTRY
52,1,1802,Chromogranin A,4250,5000,Name of Investigation/ Tumour Marker
52,1,1803,Faecal calprotectin (fecal calprotectin),2320,2730,LABORATORY MEDICINE / BIO- CHEMISTRY
53,1,1804,C3-COMPLEMENT,552,650,LABORATORY MEDICINE / BIO- CHEMISTRY
53,1,1805,C4-COMPLEMENT,552,650,LABORATORY MEDICINE / BIO- CHEMISTRY
53,1,1806,Genexpert Test,880,1035,LABORATORY MEDICINE / CLINICAL PATHOLOGY
53,1,1807,DJ stent removal,7395,8700,Treatment procedure urology
53,1,1808,Pulmonary Function Test (PFT) / (Spirometry with DLCO),425,500,Name of Investigation/ Pulmonary
53,1,1809,EUS (Endoscopic Ultrasound) guided FNAC (Using with Needle),12750,15000,LIST OF PROCEDURES/ TESTS IN GASTROENTEROLO GY / ENDOSCOPIC PROCEDURES
53,1,1810,CT Urography,3825,4500,Computed Tomography (CT) Scan
53,1,1811,Video Laryngoscopy,5100,6000,Treatment procedure ENT
53,1,1812,CT Angio-Neck Vessels,5100,6000,Computed Tomography (CT) Scan
53,1,1813,H1N1 (RT-PCR),921,1084,LABORATORY MEDICINE / CLINICAL PATHOLOGY
53,1,1814,Erythropoietin Level (Select CGHS rate code 1557 for approved rate),See code 1557,See code 1557,LABORATORY MEDICINE / BIO- CHEMISTRY
53,1,1815,Anti HEV IgM,850,1000,LABORATORY MEDICINE / CLINICAL PATHOLOGY
53,1,1816,Anti HAV IgM,637,750,LABORATORY MEDICINE / CLINICAL PATHOLOGY
53,1,1817,HbsAg Quantitative,552,650,LABORATORY MEDICINE / CLINICAL PATHOLOGY
54,1,,1818,,Typhidot IgM,340,400,LABORATORY MEDICINE / CLINICAL PATHOLOGY
54,1,,,,Hepatitis B Core Antibody (HbcAb) Level (Hepatitis B Core IgM Antibody),408,480,LABORATORY MEDICINE / CLINICAL PATHOLOGY
54,1,1820,,,Anti HBs,552,650,LABORATORY MEDICINE / CLINICAL PATHOLOGY
54,1,"ADDED vide clause 2,5, & 6 of OM F.No. S-11045/36/2012-CGHS (HEC) dated 26.11.2014",,,,,,
54,1,1821,,Free Triiodothyronine (FT3),,106,125,HORMONES
54,1,1822,,Free Thyroxine (FT4),,106,125,HORMONES
54,1,1823,,Widal Test,,60,70,LABORATORY MEDICINE / CLINICAL PATHOLOGY
54,1,1824,,Dengue Serology,,510,600,LABORATORY MEDICINE / CLINICAL PATHOLOGY
54,1,1825,,Blood component charges – Whole Blood per Unit,,1450,1450,LABORATORY MEDICINE / BLOOD BANK
54,1,1826,,Blood component charges – Packed Red Cell per Unit,,1450,1450,LABORATORY MEDICINE / BLOOD BANK
54,1,1827,,Blood component charges – Fresh Frozen Plasma,,400,400,LABORATORY MEDICINE / BLOOD BANK
54,1,1828,,Platelet Concentrate- Random Donor Platelet (RDP),,400,400,LABORATORY MEDICINE / BLOOD BANK
54,1,1829,,Blood component charges – Cryoprecipitate,,200,200,LABORATORY MEDICINE / BLOOD BANK
54,1,1830,,Platelet Concentrate – Single Donor Platelet (SDP)-Apheresis per unit,,11000,11000,LABORATORY MEDICINE / BLOOD BANK
54,1,1831,,"CCS Group A Officer of above 40 years of age –Male, Annual Health Check up",,2000,2000,OTHERS
54,1,1832,,"CCS Group A Officer of above 40 years of age –female, Annual Health Check up",,2200,2200,OTHERS
55,1,,ADDED W.E.F. 07.02.2021,,,
55,1,1833,Interleukin 6 (IL 6),1360,1600,LABORATORY MEDICINE / BIO- CHEMISTRY
55,1,1834,High resolution computed Tomography (HRCT Chest),1700,2000,Computed Tomography (CT) Scan
55,1,1835,Fluid air exchange,4250 per eye,5000,TREATMENT PROCEDURE OPHTHALMOLOGY
55,1,1836,C3F8 GAS Injection,4250 per eye,5000,TREATMENT PROCEDURE OPHTHALMOLOGY
55,1,1837,Diurnal variation of IOP,1275 per eye,1500,TREATMENT PROCEDURE OPHTHALMOLOGY
55,1,1838,Silicone oil injection,4250 per eye,5000,TREATMENT PROCEDURE OPTHALMOLOGY
55,1,1839,Epiretinal Membrane (ERM) Peeling,5950 per eye,7000,TREATMENT PROCEDURE OPHTHALMOLOGY
55,1,1840,Epiretinal Membrane (ERM) Removal,2550 per eye,3000,TREATMENT PROCEDURE OPHTHALMOLOGY
55,1,1841,Internal limiting membrane (ILM) peeling,2550 per eye,3000,TREATMENT PROCEDURE OPHTHALMOLOGY
55,1,1842,Punctoplasty,5525 per eye,6500,TREATMENT PROCEDURE OPHTHALMOLOGY
55,1,1843,Punctal plug(Collagen/silicone),3400 per eye,4000,TREATMENT PROCEDURE
55,1,1844,Laser Trabeculoplasty Gonioplasty B/E,13600 both eye,16000 both eye,TREATMENT PROCEDURE OPHTHALMOLOGY
55,1,1845,Eye laser pulse therapy,2975 per eye,3500,TREATMENT PROCEDURE OPHTHALMOLOGY
55,1,1846,Glaucoma valve/Glaucoma Ahmed valve,12750,15000,TREATMENT PROCEDURE OPHTHALMOLOGY
56,1,1847,Malyugin Ring,8500,"10,000",TREATMENT PROCEDURE OPHTHALMOLOGY
56,1,1848,Globe exploration (eye surgery),8500,"10,000",TREATMENT PROCEDURE OPHTHALMOLOGY
56,1,1849,Scleral Fixation Tissue glue,7140,8400,TREATMENT PROCEDURE OPHTHALMOLOGY
56,1,1850,Fibro optic Nasal Endoscopy,1955,2300,TREATMENT PROCEDURE ENT
56,1,1851,Video Stroboscopy,4675,5500,TREATMENT PROCEDURE ENT
56,1,1852,Video Bronchoscopy with BAL,8500,"10,000",TREATMENT PROCEDURE ENT/ PULMONOLOGY
56,1,1853,Sleep deprived EEG (Rate shall be the same CGHS rate of EEG/Video EEG) Select CGHS rate code 1716,See code 1716,See code 1716,NEUROLOGICAL INVESTIGATIONS AND PROCEDURES
56,1,1854,TAVI/TAVR implant,1284000,1284000,Revised rate w.e.f 19.12.2023
56,1,1855,Transcatheter Aortic Valve Implantation (TAVI)/ Transcatheter Aortic Valve Replacement (TAVR)- Procedure Cost,85000,100000,Revised rate w.e.f 19.12.2023
56,1,1856,IVL (Coronary Intra vascular Lithotripsy/ Short wave Lithotripsy- including GST,268000,268000,Revised rate w.e.f 19.12.2023
