source_page,extracted_table_index,column_1,column_2,column_3,column_4,column_5
1,1,CGHS package rate 2014 -Kolkata updated on 1st May 2024 (CGHS Package rates code No. 1 to 1859),,,,
1,1,Sr. No.,CGHS TREATMENT PROCEDURE/INVESTIGATION LIST (KOLKATA),Non- NABH/Non NABL Rates,NABH/NABL Rates,REMARKS
1,1,1,Consultation OPD,350,350,Rate revised w.e.f. 12.04.2023 & applicable in all CGHS cities
1,1,2,Consultation- for Inpatients,350,350,Rate revised w.e.f. 12.04.2023 & applicable in all CGHS cities
1,1,3,Dressings of wounds,255,300,Rate revised w.e.f. 01.02.2024 & applicable in all CGHS cities
1,1,4,Suturing of wounds with local anaesthesia,108,124,
1,1,5,Aspiration Plural Effusion - Diagnostic,595,700,Rate revised w.e.f. 01.02.2024 & applicable in all CGHS cities
1,1,6,Aspiration Plural Effusion - Therapeutic,595,700,Rate revised w.e.f. 01.02.2024 & applicable in all CGHS cities
1,1,7,Abdominal / Peritoneal Aspiration – Diagnostic /Ascitic tapping / Paracentesis -Diagnostic,595,700,Rate revised w.e.f. 01.02.2024 & applicable in all CGHS cities
1,1,8,Abdominal / Peritoneal Aspiration – Therapeutic /Ascitic tapping / Paracentesis - Therapeutic,640,750,Rate revised w.e.f. 01.02.2024 & applicable in all CGHS cities
1,1,9,Pericardial Aspiration,380,437,
1,1,10,Joints Aspiration,317,365,
1,1,11,Biopsy Skin,230,265,
1,1,12,Removal of Stitches,170,200,Rate revised w.e.f. 01.02.2024 & applicable in all CGHS cities
1,1,13,Venesection,595,700,Rate revised w.e.f. 01.02.2024 & applicable in all CGHS cities
1,1,14,Phimosis Under LA,5100,6000,Rate revised w.e.f. 01.02.2024 & applicable in all CGHS cities
1,1,15,Sternal puncture,173,199,
1,1,16,Injection / Sclerotherapy / Banding of Haemorrhoids,595,700,Rate revised w.e.f. 01.02.2024 & applicable in all CGHS cities
1,1,17,Injection for Varicose Veins,595,700,Rate revised w.e.f. 01.02.2024 & applicable in all CGHS cities
1,1,18,Urinary bladder Catheterisation,595,700,Rate revised w.e.f. 01.02.2024 & applicable in all CGHS cities
1,1,19,Dilatation of Urethral Stricture,1955,2300,Rate revised w.e.f. 01.02.2024 & applicable in all CGHS cities
1,1,20,Incision & Drainage under local Anaesthesia (Large),1955,2300,Rate revised w.e.f. 01.02.2024 & applicable in all CGHS cities
1,1,21,Intercostal Drainage,125,144,
2,1,22,Peritoneal Dialysis,1466,1686
2,1,,TREATMENT PROCEDURE SKIN,,
2,1,23,Excision of Moles,345,397
2,1,24,Excision of Warts,310,357
2,1,25,Excision of Molluscum contagiosum,130,150
2,1,26,Excision of Venereal Warts,160,184
2,1,27,Excision of Corns,140,161
2,1,28,Intradermal (ID) Injection Keloid (Intralesional Injection),97,112
2,1,29,Chemical Cautery (s),110,127
2,1,,TREATMENT PROCEDURE OPTHALMOLOGY,,
2,1,30,Subconjunctival/subtenon’s injections in one eye,69,79
2,1,31,Subconjunctival/subtenon’s injections in both eyes,138,158
2,1,32,Pterygium Surgery,5500,6325
2,1,33,Conjunctival Peritomy,58,67
2,1,34,Conjunctival wound repair or exploration following blunt trauma,3300,3795
2,1,35,Removal of corneal foreign body,115,132
2,1,36,Cauterization of ulcer/subconjunctival injection in one eye,69,79
2,1,37,Cauterization of ulcer/subconjunctival injection in both eyes,138,159
2,1,38,Corneal grafting—Penetrating keratoplasty,5750,6613
2,1,39,Corneal grafting—Lamellar keratoplasty,5000,5750
2,1,40,Cyanoacrylate /fibrin glue application for corneal perforation,690,794
2,1,41,Bandage contact lenses for corneal perforation,460,529
2,1,42,Scleral grafting or conjunctival flap for corneal perforation,2300,2645
3,1,43,Keratoconus correction with therapeutic contact lenses,1200,1380
3,1,44,Ultraviolet (UV) radiation for cross-linking for keratoconus,1800,2070
3,1,45,EDTA for band shaped keratopathy,863,992
3,1,46,Arcuate keratotomy for astigmatism,2800,3220
3,1,47,Re-suturing (Primary suturing) of corneal wound,1150,1323
3,1,48,Penetrating keratoplasty with glaucoma surgery,12144,13966
3,1,49,Penetrating keratoplasty with vitrectomy,12144,13966
3,1,50,Penetrating keratoplasty with IOL implantation,13656,15703
3,1,51,DALK- Deep anterior lamellar keratoplasty,17250,19838
3,1,52,Keratoprosthesis stage I and II,11500,13225
3,1,53,DSAEK Descemet’s stripping automated endothelial keratoplasty,16675,19176
3,1,54,ALTK- Automated lamellar therapeutic keratoplasty,16500,18975
3,1,55,Probing and Syringing of lacrimal sac- in one eye,69,79
3,1,56,Probing and Syringing of lacrimal sac- in both eye,138,159
3,1,57,Dacryocystorhinostomy-Plain,2875,3306
3,1,58,Dacryocystorhinostomy-Plain with intubation and/or with lacrimal implants,9750,11213
3,1,59,Dacryocystorhinostomy-conjunctival with implant,9200,10580
3,1,60,Caliculoplasty,2300,2645
3,1,61,Dacryocystectomy,1725,1984
3,1,62,Punctal plugs for dry eyes,130,150
3,1,63,Refraction,40,46
3,1,64,Indirect Ophthalmoscopy (Fundoscopy),67,77
3,1,65,Orthoptic check-up- with synoptophore,44,51
4,1,66,Lees’ charting or Hess’ charting,100,115
4,1,67,Orthoptic exercises,50,58
4,1,68,Pleoptic exercises,50,58
4,1,69,Perimetry (Visual Field Testing) -Goldman,144,166
4,1,70,Perimetry /Humphrey Visual Field (HVF ) test- Automated,144,166
4,1,71,Fluorescein angiography for fundus or iris,920,1058
4,1,72,Ultrasound A- Scan,863,992
4,1,73,Ultrasound B- Scan,230,265
4,1,74,Fundus Photo Test,200,230
4,1,75,Indocyanin green angiography,920,1058
4,1,76,Corneal endothelial cell count with specular microscopy,230,265
4,1,77,Corneal topography,331,381
4,1,78,Corneal pachymetry (corneal thickness)/ CCT,230,265
4,1,79,Auto-refraction,35,40
4,1,80,Macular function tests,44,51
4,1,81,Potential acuity metry,100,115
4,1,82,Laser interferometry,173,199
4,1,83,OCT-Optical coherence tomography,2125,2444
4,1,84,HRT- Heidelberg’s retinal tomogram,150,173
4,1,85,GDx Nerve fibre layer analysis,88,101
4,1,86,UBM- Ultrasound bio microscopy,150,173
4,1,87,Non Contact tonometry (NCT),50,58
4,1,88,IOP measurement with schiotz,30,35
5,1,89,IOP measurement with applanation tonometry,50,58
5,1,90,Three mirror examination for retina,58,67
5,1,91,90 D lens examination,50,58
5,1,92,Gonioscopy,58,67
5,1,93,Chalazion incision and curettage in one eye,400,460
5,1,94,Chalazion incision and curettage in both eyes,431,496
5,1,95,Ptosis surgery with fasanella servat procedure,2300,2645
5,1,96,Ptosis surgery with LPS resection one lid,5500,6325
5,1,97,Ptosis surgery with Sling surgery one lid,6670,7671
5,1,98,Ectropion surgery- one lid,1400,1610
5,1,99,Ectropion surgery- both lids,2500,2875
5,1,100,Epicanthus correction,1550,1783
5,1,101,Cantholysis and canthotomy,575,661
5,1,102,Entropion surgery- one lid,1380,1587
5,1,103,Entropion surgery- both lids,2000,2300
5,1,104,Tarsorraphy,650,748
5,1,105,Suturing of lid lacerations,1150,1323
5,1,106,Lid retraction repair,1700,1955
5,1,107,Concretions removal,115,132
5,1,108,Bucket handle procedure for lid tumors,345,397
5,1,109,Cheek rotation flap for lid tumors,6900,7935
5,1,110,Orbitotomy,8050,9258
5,1,111,Enucleation,3000,3450
6,1,112,Enucleation with orbital implants and artificial,3000,3450
6,1,113,Evisceration,3450,3968
6,1,114,Evisceration with orbital implants and artificial prosthesis,5693,6547
6,1,115,Telecanthus correction,5175,5951
6,1,116,Orbital decompression,5750,6613
6,1,117,Exenteration,5750,6613
6,1,118,Exenteration with skin grafting,6900,7935
6,1,119,Fracture orbital repair,9200,10580
6,1,120,Retinal laser procedures,1500,1725
6,1,121,Retinal detachment surgery (RDS),11500,13225
6,1,122,Retinal detachment surgery (RDS) with scleral buckling,13800,15870
6,1,123,Buckle removal,1150,1323
6,1,124,Silicone oil removal,2800,3220
6,1,125,Anterior retinal cryopexy,1162,1336
6,1,126,Squint correction for one eye,5000,5750
6,1,127,Squint correction for both eyes,7500,8625
6,1,128,Trabeculectomy,6900,7935
6,1,129,Trabeculotomy,6900,7935
6,1,130,Trabeculectomy with Trabeculotomy,10350,11903
6,1,131,Trephination,2300,2645
6,1,Sr. No.,CGHS TREATMENT PROCEDURE/INVESTIGATION LIST,Non- NABH/No,
6,1,132,Goniotomy,345,397
6,1,133,Glaucoma surgery with Glaucoma valves (Cost of Valve extra),6900 + Valve,7935 + Valve
7,1,134,Cyclocryotherapy,1150,1323
7,1,135,YAG laser iridotomy,1500,1725
7,1,136,YAG laser capsulotomy,1093,1257
7,1,137,ALT-Argon laser trabeculoplasty,1495,1719
7,1,138,PDT-Photodymic therapy,3450,3968
7,1,139,TTT- Transpupillary thermal therapy,3000,3450
7,1,140,PTK- Phototherapeutic keratectomy,7500,8625
7,1,141,Argon/diode laser for retinal detatchment,1150,1323
7,1,142,Intralase application for keratoconus,5750,6613
7,1,143,EOG- electro-oculogram,900,1035
7,1,144,ERG- Electro-retinogram,794,913
7,1,145,VEP- visually evoked potential,800,920
7,1,146,Vitrectomy- pars plana,11500,13225
7,1,147,Intravitreal injections of antibiotics,1150,1323
7,1,148,Intravitreal Injection of drugs (Ranibizumab/ Aflibercept etc) excluding cost of drug,3000,3450
7,1,149,X Ray orbit,115,132
7,1,150,CT orbit and brain,1600,1840
7,1,151,MRI- Orbit and brain,3450,3968
7,1,152,Dacryocystography,340,391
7,1,153,Orbital angio-graphical studies,1500,1725
7,1,154,Extracapsular cataract extraction (ECCE) with IOL,3450,3968
7,1,155,Small Incision Cataract Surgery (SICS) with IOL,5000,5750
7,1,156,Phaco with foldable IOL (silicone and acrylic)/PMMA IOL,10781,12398
8,1,157,Pars plana lensectomy with/without IOL,10350,11903
8,1,158,Secondary IOL implantation- AC IOL PC IOL or scleral fixated IOL,6900,7935
8,1,159,Cataract extraction with IOL with capsular tension rings (Cionni’s ring),13500,15525
8,1,160,Optic nerve sheathotomy,7500,8625
8,1,161,Iridodialysis repair or papillary reconstruction,5000,5750
8,1,162,Iris cyst removal,850,978
8,1,163,Lid Abscess incision and Drainage,1700,1955
8,1,164,Orbital Abscess incision and Drainage,3000,3450
8,1,165,Biopsy (eye),460,529
8,1,166,Paracentesis (eye),230,265
8,1,167,Scleral graft for scleral melting or perforation,2800,3220
8,1,168,Amniotic membrane grafting,1100,1265
8,1,169,Cyclodiathermy,2300,2645
8,1,170,Intraocular foreign body removal,187,215
8,1,171,Electrolysis (eye),230,265
8,1,172,Perforating injury repair (eye),4500,5175
8,1,173,Botulinum injection for blepharospasm or squint (excluding cost of drug),2500,2875
8,1,Sr. No.,CGHS TREATMENT PROCEDURE/INVESTIGATION LIST,Non- NABH/No,
8,1,,TREATMENT PROCEDURE DENTAL PROCEDURES,,
8,1,174,Flap Operation per quadrant,360,414
8,1,175,Gingivectomy per quadrant,234,269
8,1,176,Reduction & immobilization of fracture- Maxilla Under LA,900,1035
8,1,177,Reduction & immobilization of Fracture-Mandible Under LA,3500,4025
9,1,178,Splints/Circummandibular wiring under LA,510,587
9,1,179,Splints/Circummandibular wiring under GA,990,1139
9,1,180,Internal wire fixation/plate fixation of Maxilla under LA,3000,3450
9,1,181,Internal wire fixation/plate fixation of Maxilla under GA,4000,4600
9,1,182,Internal wire fixation/plate fixation of Mandible under LA,3500,4025
9,1,183,Internal wire fixation/plate fixation of Mandible under GA,4250,4888
9,1,184,Extraction per tooth under LA,80,92
9,1,185,Complicated Extraction per Tooth under LA,100,115
9,1,186,Extraction of impacted tooth under LA,160,184
9,1,187,Extraction in mentally retarded/patients with systemic diseases/patient with special needs under short term GA,939,1080
9,1,188,Cyst & tumour of Maxilla /mandible by enucleation/ excision/ marsupialisation upto 4 cms under LA,244,281
9,1,189,Cyst & tumour of Maxilla / mandible by enucleation / excision / marsupialisation size more than 4 cms under,406,467
9,1,190,Cyst & tumour of Maxilla/mandible by enucleation / excision / marsupialisation size more than 4 cms under,1000,1150
9,1,191,TM joint ankylosis- under GA,7500,8625
9,1,192,Biopsy Intraoral-Soft tissue,374,430
9,1,193,Biopsy Intraoral-Bone,374,430
9,1,194,Hemi-mandibulectomy with graft,21000,24150
9,1,195,Hemi-mandibulectomy without graft,21000,24150
9,1,196,Segmental-mandibulectomy with graft,3400,3910
9,1,197,Segmental-mandibulectomy without graft,990,1139
9,1,198,Maxillectomy- Total with graft,2500,2875
9,1,199,Maxillectomy- Total without graft,1950,2243
9,1,200,Maxillectomy- partial with graft,3000,3450
9,1,201,Maxillectomy- partial without graft,2500,2875
10,1,202,Release of fibrous bands & grafting -in (OSMF) treatment under GA,1500,1725
10,1,203,Pre-prosthetic surgery- Alveoloplasty (per arch),500,575
10,1,204,Pre-prosthetic surgery - ridge augmentation (per arch),1200,1380
10,1,205,Root canal Treatment(RCT) Anterior teeth(per tooth),500,575
10,1,206,Root canal Treatment(RCT) Posterior teeth (per tooth),700,805
10,1,207,Apicoectomy- Single root,500,575
10,1,208,Apicoectomy-Multiple roots,650,748
10,1,209,Metal Crown-per unit,500,575
10,1,Sr. No.,CGHS TREATMENT PROCEDURE/INVESTIGATION LIST,Non- NABH/No,
10,1,210,Metal Crown with Acrylic facing per unit,700,805
10,1,211,Complete single denture-metal based,1500,1725
10,1,212,Complete denture- acrylic based per arch,950,1093
10,1,213,Removable partial denture-Metal based-upto 3 teeth,700,805
10,1,214,Removable partial denture-Metal based-more than 3 teeth,900,1035
10,1,215,Removable partial denture-Acrylic based-upto 3 teeth,500,575
10,1,216,Removable partial denture-Acrylic based-more than 3 teeth / Per tooth,264,304
10,1,217,Amalgam restoration-per tooth,200,230
10,1,218,Composite Restoration-per tooth-anterior tooth,250,288
10,1,219,Glass Ionomer filling-per tooth,200,230
10,1,220,Scaling & polishing,300,345
10,1,221,Removable Orthodontics appliance- per Arch,700,805
10,1,222,Fixed Orthodontics-per Arch,1150,1323
10,1,223,Space maintainers-Fixed,500,575
10,1,224,Habit breaking appliances-removable,800,920
11,1,225,Habit breaking appliances-Fixed,1500,1725,
11,1,226,Expansion plate,1000,1150,
11,1,227,Feeding appliance for cleft palate,1500,1725,
11,1,228,Maxillo-facial prosthesis (sal /auricular/orbital/facial lost part),3500,4025,
11,1,229,Functional orthodontic appliances,3000,3450,
11,1,230,Obturator (Maxillo-facial),1500,1725,
11,1,231,Occlusal night guard(splint),800,920,
11,1,,TREATMENT PROCEDURE ENT,,,
11,1,232,Pure Tone Audiogram / Pure Tone Audiometry / PTA,172,198,
11,1,233,Impedance with stepedial reflex ( Impedance Audiometry) / Tympanometry,330,380,
11,1,234,Short Increment Sensitivity Index (SISI) Tone Decay,132,152,
11,1,235,Multiple hearing assessment test to Adults,115,132,
11,1,236,Speech Discrimination Score (SDS),90,104,
11,1,237,Speech Assessment,120,138,
11,1,238,Speech Therapy per session of atleast 40 minutes,340,400,Revised rate w.e.f. 01.05.2023 & applicableinall CGHS cities
11,1,239,Cold Calorie Test for Vestibular function,172,198,
11,1,240,Removal of foreign body From Nose,345,397,
11,1,241,Removal of foreign body From Ear,230,265,
11,1,242,Syringing (Ear),166,191,
11,1,243,Polyp removal under LA,575,661,
11,1,244,Polyp removal under GA,850,978,
11,1,245,Peritonsillar abscess Drainage under LA,1449,1666,
11,1,246,Myringoplasty,6900,7935,
12,1,247,Staepedectomy,9200,10580
12,1,248,Myringotomy with Grommet insertion,4600,5290
12,1,249,Tympanotomy,8625,9919
12,1,250,Tympanoplasty,13800,15870
12,1,251,Mastoidectomy,14950,17193
12,1,252,Otoplasty,16100,18515
12,1,253,Labyrinthectomy,13800,15870
12,1,254,Skull Base surgery,25000,28750
12,1,255,Facial Nerve Decompression,17250,19838
12,1,256,Septoplasty,5750,6613
12,1,257,Submucous Resection,7314,8411
12,1,258,Septo-rhinoplasty,16100,18515
12,1,259,Rhinoplasty- Non-cosmetic,11500,13225
12,1,260,Fracture Reduction of Nasal Bone,4250,4888
12,1,261,Intra nasal Diathermy,1150,1323
12,1,262,Turbinectomy,5750,6613
12,1,263,Endoscopic Dacryocystorhinostomy (DCR),13000,14950
12,1,264,Endoscopic Surgery (ENT),13800,15870
12,1,265,Septal Perforation Repair,13800,15870
12,1,266,Antrum Puncture,950,1093
12,1,267,Lateral Rhinotomy,1000,1150
12,1,268,Cranio-facial resection,25500,29325
12,1,269,Caldwell Luc Surgery (Radical Antrostomy for maxillary sinus),10626,12220
13,1,270,Angiofibroma Excision,17000,19550
13,1,271,Endoscopic Hypophysectomy,21500,24725
13,1,272,Endoscopic Optic Nerve Decompression,32775,37691
13,1,273,Decompression of Orbit,25500,29325
13,1,274,Punch/Wedge biopsy,674,775
13,1,275,Tonsillectomy,5000,5750
13,1,276,Uvulo-palatoplasty,15000,17250
13,1,277,Functional Endoscopic Sinus Surgery (FESS) for Antrochoanal polyp,5750,6613
13,1,278,Functional Endoscopic Sinus Surgery (FESS) for ethmoidal polyp,5750,6613
13,1,279,Polyp removal ear,748,860
13,1,280,Polyp removal Nose(Septal polyp),748,860
13,1,281,Mastoidectomy plus Ossiculoplasty including TORP (Total Ossicular Replacement Prosthesis) or PORP (Partial Ossicular Replacement Prosthesis),2418,2781
13,1,282,Endolymphatic sac decompression,2875,3306
13,1,283,Diagnostic endoscopy under GA,2300,2645
13,1,284,Young's operation for Atrophic rhinitis,6900,7935
13,1,285,Vidian neurectomy for vasomotor Rhinitis,10350,11903
13,1,286,Nasal Packing-anterior,345,397
13,1,287,Nasal Packing-posterior,805,926
13,1,288,Ranula Excision,6843,7869
13,1,289,Tongue Tie excision,1500,1725
13,1,290,Sub Mandibular Duct Lithotomy,269,309
13,1,291,Adenoidectomy,5640,6486
13,1,292,Palatopharyngoplasty,8165,9390
14,1,293,Pharyngoplasty,17193,19772
14,1,294,Styloidectomy,9200,10580
14,1,295,Direct laryngoscopy including Biopsy under GA,5000,5750
14,1,296,Oesophagoscopy with foreign body removal from Oesophagus,1800,2070
14,1,297,Bronchoscopy with foreign body (FB) removal,2438,2804
14,1,298,Other Major Surgery-ENT,15000,17250
14,1,299,Other Minor Surgery-ENT,8500,9775
14,1,300,Ear Lobe Repair one side,500,575
14,1,Sr. No.,CGHS TREATMENT PROCEDURE/INVESTIGATION LIST,Non- NABH/No,
14,1,,TREATMENT PROCEDURE FOR HEAD AND NECK,,
14,1,301,Excision of Pinna for Growth (Squamous/Basal/ Injuries) Skin Only,4000,4600
14,1,302,Excision of Pinna for Growth (Squamous/Basal/ Injuries) Skin and Cartilage,3800,4370
14,1,303,Partial Amputation of Pinna,4500,5175
14,1,304,Total Amputation of Pinna,6200,7130
14,1,305,Total Amputation & Excision of External Auditory Meatus,1500,1725
14,1,306,Excision of Cystic Hygroma,5175,5951
14,1,307,Excision of Cystic Hygroma Extensive,7452,8570
14,1,308,Excision of Branchial Cyst,10350,11903
14,1,309,Excision of Branchial Sinus,10350,11903
14,1,310,Excision of Pharyngeal Diverticulum,10580,12167
14,1,311,Excision of Carotid Body-Tumours,11615,13357
14,1,312,Operation for Cervical Rib,12500,14375
14,1,313,Block Dissection of Cervical Lymph Nodes,15000,17250
15,1,314,Pharyngectomy & Reconstruction,15000,17250
15,1,315,Operation for Carcinoma Lip - Wedge-Excision,8050,9258
15,1,316,Operation for Carcinoma Lip - Vermilionectomy,5758,6622
15,1,317,Operation for Carcinoma Lip - Wedge Excision and Vermilionectomy,9292,10686
15,1,318,Estlander Operation (Estlander flap in plastic surgery of lips),7475,8596
15,1,319,Abbe Operation (Abbe flap in plastic surgery of lips),9800,11270
15,1,320,Cheek Advancement,9775,11241
15,1,321,Excision of the Maxilla,19320,22218
15,1,322,Excision of mandible-segmental,15525,17854
15,1,323,Mandibulectomy,21000,24150
15,1,324,Partial Glossectomy,55200,63480
15,1,325,Hemiglossectomy,7000,8050
15,1,326,Total Glossectomy,22885,26318
15,1,327,Combined Mandibulectomy and Neck Dissection Operation (Commando Operation),22000,25300
15,1,328,Parotidectomy - Superficial,12075,13886
15,1,329,Parotidectomy - Total,15000,17250
15,1,330,Parotidectomy - Radical,19550,22483
15,1,331,Repair of Parotid Duct,11500,13225
15,1,332,Removal of Submandibular Salivary gland,8625,9919
15,1,333,Hemithyroidectomy,9500,10925
15,1,334,Partial Thyroidectomy (lobectomy),11500,13225
15,1,335,Subtotal Thyroidectomy,13053,15011
15,1,336,Total Thyroidectomy,19000,21850
16,1,337,Resection Enucleation of thyroid Adenoma,10580,12167
16,1,338,Total Thyroidectomy and Block Dissection,26450,30418
16,1,339,Excision of Lingual Thyroid,16882,19414
16,1,Sr. No.,CGHS TREATMENT PROCEDURE/INVESTIGATION LIST,Non- NABH/No,
16,1,340,Excision of Thyroglossal Cyst/Fistula,13225,15209
16,1,341,Excision of Parathyroid Adenoma/Carcinoma,21275,24466
16,1,342,Laryngectomy,17825,20499
16,1,343,Laryngo Pharyngectomy,30000,34500
16,1,344,Hyoid Suspension,10350,11903
16,1,345,Genioplasty,12000,13800
16,1,346,Direct Laryngoscopy including biopsy under GA (Select CGHS rate Code 295 for approved rate),See code 295,See code 295
16,1,347,Phonosurgery,13800,15870
16,1,348,Fibreoptic examination of Larynx (FOL) under LA,1725,1984
16,1,349,Microlaryngeal Surgery,10350,11903
16,1,350,Laryngofissure,17250,19838
16,1,351,Tracheal Stenosis Excision,19780,22747
16,1,,Head and neck cancer,,
16,1,352,Excisional Biopsies,5750,6613
16,1,353,Benign Tumour Excisions,9500,10925
16,1,354,Temporal Bone subtotal resection,20700,23805
16,1,355,Modified Radical Neck Dissection,25300,29095
16,1,356,Carotid Body Excision,26000,29900
16,1,357,Total Laryngectomy,39192,45071
17,1,358,Flap Reconstructive Surgery,41400,47610,
17,1,359,Parapharyngeal Tumour Excision,39330,45230,
17,1,360,Other Major Surgery-Head and Neck Cancer,21250,24438,
17,1,361,Other Minor Surgery-Head and Neck Cancer,5000,5750,
17,1,,TREATMENT PROCEDURE BREAST,,,
17,1,362,Drainage of abscess,6000,6900,
17,1,363,Excision of lumps,6969,8014,
17,1,364,Local mastectomy-simple,12650,14548,
17,1,365,Radical mastectomy-formal or modified.,28750,33063,
17,1,366,Excision of mammary fistula,15525,17854,
17,1,367,Segmental resection of breast,16100,18515,
17,1,368,Other Major Surgery-Breast,25000,28750,
17,1,369,Other Minor Surgery-Breast,5000,5750,
17,1,,TREATMENT PROCEDURE GENERAL SURGERY,,,
17,1,370,Injury Of Superficial Soft Tissues,425,489,
17,1,371,Suturing of small wounds,1060,1250,Rate revised w.e.f. 01.02.2024 & applicable in all CGHS cities
17,1,372,Secondary suture of wounds,3400,4000,Rate revised w.e.f. 01.02.2024 & applicable in all CGHS cities
17,1,373,Debridement of wounds,1275,1500,Rate revised w.e.f. 01.02.2024 & applicable in all CGHS cities
17,1,374,Removal Of Foreign Bodies -without C-ARM,1275,1500,Rate revised w.e.f. 01.02.2024 & applicable in all CGHS cities
17,1,,Biopsies,,,
17,1,375,Excision of Cervical Lymph Node under Local Anaesthesia,2635,3100,Rate revised w.e.f. 01.02.2024 & applicable in all CGHS cities
17,1,376,Excision of Axillary Lymph Node under General Anaesthesia,6715,7900,Raterevised w.e.f. 01.02.2024 & applicable in all CGHS cities
17,1,377,Excision of Inguinal Lymph Node under Local Anaesthesia,2550,3000,Raterevised w.e.f. 01.02.2024 & applicable in all CGHS cities
18,1,378,Excision Biopsy of Ulcers,1470,1691,
18,1,379,Excision Biopsy of Superficial Lumps,3220,3703,
18,1,380,Incision Biopsy of Growths/Ulcers,1470,1691,
18,1,381,Trucut Needle Biopsy- (Including Needle),2975,3500,Rate revised w.e.f. 01.02.2024 & applicable in all CGHS cities
18,1,Sr. No.,CGHS TREATMENT PROCEDURE/INVESTIGATION LIST,Non- NABH/No,,
18,1,382,Percutaneous Kidney Biopsy,1470,1691,
18,1,383,Marrow Biopsy (Open),1060,1219,
18,1,384,Muscle Biopsy ) (Select CGHS rate Code 1724 for approved rate),See code 1724,See code 1724,
18,1,385,Scalene Node Biopsy,1350,1553,
18,1,386,Excision of Sebaceous Cysts,1242,1428,
18,1,387,Excision of Superficial Lipoma,1932,2222,
18,1,388,Excision of Superficial Neurofibroma,2500,2875,
18,1,389,Excision of Dermoid Cysts,2277,2619,
18,1,390,Haemorrhoidectomy,25500,30000,Raterevised w.e.f. 01.02.2024 & applicable in all CGHS cities
18,1,391,Stappler haemorrhoidectomy,37145,43700,Raterevised w.e.f. 01.02.2024 & applicable in all CGHS cities
18,1,392,keloid excision,1150,1323,
18,1,393,Varicose vein Surgery-Trendelenburg operation with suturing or ligation,19550,23000,Raterevised w.e.f. 01.02.2024 & applicable in all CGHS cities
18,1,,TREATMENT PROCEDURE OESOPHAGUS,,,
18,1,394,Atresia of Oesophagus and Tracheo Oesophageal Fistula,28750,33063,
18,1,395,Operations for Replacement of Oesophagus by Colon,25000,28750,
18,1,396,Oesophagectomy for Carcinoma Easophagus,25000,28750,
18,1,397,Oesophageal Intubation (Mausseau Barbin Tube),11500,13225,
18,1,398,Achalasia Cardia Transthoracic,14950,17193,
19,1,399,Achalasia Cardia Abdominal,12650,14548,
19,1,400,Oesophago Gastrectomy for mid 1/3 lesion,24495,28169,
19,1,401,Heller’s Operation,19750,22713,
19,1,402,Colon-Inter position or Replacement of Oesophagus,22540,25921,
19,1,403,Oesophago Gastrectomy – Lower Corringers procedure,21390,24599,
19,1,404,Other Major Surgery-Oesophagus,27625,31769,
19,1,405,Other Minor Surgery-Oesophagus,5000,5750,
19,1,,TREATMENT PROCEDURE ABDOMEN / GI SURGERY,,,
19,1,406,Gastroscopy,1725,1984,
19,1,407,Gastric & Duodenal Biopsy (Endoscopy and biopsy combined),1950,2243,
19,1,408,Pyloromyotomy,2800,3220,
19,1,409,Gastrostomy,8625,9919,
19,1,410,Simple Closure of Perforated peptic Ulcer,9775,11241,
19,1,411,Vagotomy Pyleroplasty / Gastro Jejunostomy,13800,15870,
19,1,412,Duodenojejunostomy,18950,21793,
19,1,413,Partial/Subtotal Gastrectomy for Carcinoma,23000,26450,
19,1,414,Partial/Subtotal Gastrectomy for Ulcer,22425,25789,
19,1,415,Operation for Bleeding Peptic Ulcer,20976,24122,
19,1,416,Operation for Gastrojejunal Ulcer,19780,22747,
19,1,417,Total Gastrectomy for Cancer,22368,25723,
19,1,418,Highly Selective Vagotomy,18630,21425,
19,1,419,Selective Vagotomy & Drainage,18630,21425,
19,1,420,Congenital Diaphragmatic Hernia,34000,40000,Rate revised w.e.f. 01.02.2024 & applicable in all CGHS cities
20,1,421,Hiatus Hernia Repair- Abdominal,28050,33000,Rate revised w.e.f. 01.02.2024 & applicable in all CGHS cities
20,1,422,Hiatus Hernia Repair- Transthoracic,28050,33000,Rate revised w.e.f. 01.02.2024 & applicable in all CGHS cities
20,1,423,Exploratory Laparotomy (Open),21250,25000,Rate revised w.e.f. 01.02.2024 & applicable in all CGHS cities
20,1,Sr. No.,CGHS TREATMENT PROCEDURE/INVESTIGATION LIST,Non- NABH/No,,
20,1,424,Epigastric Hernia Repair,21250,25000,Rate revised w.e.f. 01.02.2024 & applicable in all CGHS cities
20,1,425,Umbilical Hernia Repair,11385,13093,
20,1,426,Ventral /incisional Hernia Repair,10293,11837,
20,1,427,Inguinal Hernia Herniorrhaphy,22100,26000,Raterevised w.e.f. 01.02.2024 & applicable in all CGHS cities
20,1,428,Inguinal Hernia - Hernioplasty,27200,32000,Raterevised w.e.f. 01.02.2024 & applicable in all CGHS cities
20,1,429,Femoral Hernia Repair,27200,32000,Rater evised w.e.f. 01.02.2024 & applicable in all CGHS cities
20,1,430,"Rare Hernias Repair (Spigalion, Obturator, Lumbar, Sciatic)",18975,21821,
20,1,431,Splenectomy - For Trauma,18975,21821,
20,1,432,Splenectomy - For Hypersplenism,14490,16664,
20,1,433,Splenorenal Anastomosis,23000,26450,
20,1,434,Portocaval Anastomosis,28750,33063,
20,1,435,Direct Operation on Oesophagus for Portal Hypertension,22885,26318,
20,1,436,Mesentericocaval Anastomosis,25450,29268,
20,1,437,Warren Shunt (Distal Splenorenal Shunt),28750,33063,
20,1,438,Pancreatico Duodenectomy (Whipple's procedure),21735,24995,
20,1,439,By Pass Procedure for Inoperable Carcinoma of Pancreas,23000,26450,
20,1,440,Cystojejunostomy or Cystogastrostomy,14490,16664,
20,1,441,Cholecystectomy,20400,24000,Rate revised w.e.f. 01.02.2024 & applicable in all CGHS cities
20,1,442,Cholecystectomy & Exploration of CBD,28050,33000,Rate revised w.e.f. 01.02.2024 & applicable in all CGHS cities
21,1,443,Repair of Common Bile Duct (CBD),13600,15640,
21,1,444,Operation for Hydatid Cyst of Liver,22950,27000,Rate revised w.e.f. 01.02.2024 & applicable in all CGHS cities
21,1,445,Cholecystostomy,10292,11836,
21,1,446,Hepatic Resections (Lobectomy /Hepatectomy),28050,33000,Rate revised w.e.f. 01.02.2024 & applicable in all CGHS cities
21,1,447,Operation on Adrenal Glands - Bilateral,26105,30021,
21,1,448,Operation on Adrenal Glands - Unilateral,13800,15870,
21,1,449,Appendicectomy,16150,19000,Rate revised w.e.f. 01.02.2024 & applicable in all CGHS cities
21,1,450,Appendicular Abscess – Drainage,9775,11241,
21,1,451,Mesenteric Cyst- Excision,11040,12696,
21,1,452,Peritonioscopy/Laparoscopy,4600,5290,
21,1,453,Jejunostomy,5750,6613,
21,1,454,Ileostomy,15410,17722,
21,1,455,Resection & Anastomosis of Small Intestine – including exploratory Laparotomy,40375,47500,Rate revised w.e.f. 01.02.2024 & applicable in all CGHS cities
21,1,456,Duodenal Diverticulum,18400,21160,
21,1,457,Operation for Intestinal Obstruction,10350,11903,
21,1,458,Operation for Intestinal perforation,38000,43700,
21,1,459,Benign Tumours of Small Intestine,19550,22483,
21,1,460,Excision of Small Intestine Fistula,38250,45000,Rate revised w.e.f. 01.02.2024 & applicable in all CGHScities
21,1,461,Operations for GI Bleed,16000,18400,
21,1,462,Operations for Haemorrhage of Small Intestines,19550,22483,
21,1,463,Operations of the Duplication of the Intestines – including exploratory Laparotomy,34850,41000,Rate revised w.e.f. 01.02.2024 & applicable in all CGHS cities
21,1,464,Operations for Recurrent Intestinal Obstruction (Noble Plication & Other Operations for Adhesions),23000,26450,
21,1,465,Ileosigmoidostomy and related resection,16790,19309,
22,1,466,Ileotransverse Colostomy and related resection,16790,19309,
22,1,Sr. No.,CGHS TREATMENT PROCEDURE/INVESTIGATION LIST,Non- NABH/No,,
22,1,467,Caecostomy,3903,4488,
22,1,468,Loop Colostomy Transverse Sigmoid,13110,15077,
22,1,469,Terminal Colostomy,25500,30000,Rate revised w.e.f. 01.02.2024 & applicable in all CGHS cities
22,1,470,Closure of Colostomy,25500,30000,Rate revised w.e.f. 01.02.2024 & applicable in all CGHS cities
22,1,471,Right Hemicolectomy,27200,32000,Rate revised w.e.f. 01.02.2024 & applicable in all CGHS cities
22,1,472,Left Hemicolectomy,27200,32000,Rate revised w.e.f. 01.02.2024 & applicable in all CGHS cities
22,1,473,Total Colectomy,34000,40000,Rate revised w.e.f. 01.02.2024 & applicable in all CGHS cities
22,1,474,Operations for Volvulus of Large Bowel,24920,28658,
22,1,475,Operations for Sigmoid Diverticulitis,18630,21425,
22,1,476,Fissure in Ano with Internal sphinctrectomy with fissurectomy.,27200,32000,Rate revised w.e.f. 01.02.2024 & applicable in all CGHS cities
22,1,477,Fissure in Ano - Fissurectomy,24650,29000,Rate revised w.e.f. 01.02.2024 & applicable in all CGHScities
22,1,478,Rectal Polyp-Excision,11645,13700,Rate revised w.e.f. 01.02.2024 & applicable in all CGHS cities
22,1,479,Fistula in Ano - High Fistulectomy,29750,35000,Rate revised w.e.f. 01.02.2024 & applicable in all CGHS cities
22,1,480,Fistula in Ano - Low Fistulectomy,19550,23000,Rate revised w.e.f. 01.02.2024 & applicable in all CGHS cities
22,1,481,Prolapse Rectum - Thiersch Wiring,10350,11903,
22,1,482,Prolapse Rectum - Rectopexy,11900,14000,Rate revised w.e.f. 01.02.2024 & applicable in all CGHS cities
22,1,483,Prolapse Rectum - Grahams Operation,Deleted,Deleted,Rate revised w.e.f. 01.02.2024 & applicable in all CGHS cities
22,1,484,Operations for Hirschsprungs Disease,14260,16399,
22,1,485,Excision of Pilonidal Sinus (open),18700,22000,Rate revised w.e.f. 01.02.2024 & applicable in all CGHS cities
22,1,486,Excision of Pilonidal Sinus with closure,21250,25000,Rate revised w.e.f. 01.02.2024 & applicable in allCGHS cities
22,1,487,Abdomino-Perineal Excision of Rectum,18300,21045,
23,1,488,Anterior Resection of rectum,21850,25128,
23,1,489,Pull Through Abdominal Resection,17170,19746,
23,1,490,Retro Peritoneal Tumor Removal,18000,20700,
23,1,491,Radio ablation of varicose veins (RFA Ablation),7225,8500,Rate revised w.e.f. 01.02.2024 & applicable in all CGHS cities
23,1,492,Laser ablation of varicose veins,34000,40000,Rate revised w.e.f. 01.02.2024 & applicable in all CGHS cities
23,1,493,Laparoscopic Fundoplication,19300,22195,
23,1,494,Laparoscopic Splenectomy,25000,28750,
23,1,495,Laparoscopic Removal of hydatid cyst,18000,20700,
23,1,496,Laparoscopic treatment of Pseudo Pancreatic cyst,18000,20700,
23,1,497,Laparoscopic Whipple's operation (Laparoscopic Pancreatico Duodenectomy,20000,23000,
23,1,498,Laparoscopic GI bypass operation,22000,25300,
23,1,499,Laparoscopic Total Colectomy,25000,28750,
23,1,500,Laparoscopic Hemicolectomy,23000,26450,
23,1,501,Laparoscopic Anterior Resection (of Intestine/ Rectum),23000,26450,
23,1,502,Laparoscopic Cholecystectomy,28050,33000,Rate revised w.e.f. 01.02.2024 & applicable in all CGHS cities
23,1,503,Laparoscopic appendectomy,25500,30000,Rate revised w.e.f. 01.02.2024 & applicable in all CGHS cities
23,1,504,Laparoscopic Hernia – Inguinoplasty (including Tracker and Mesh),29750,35000,Rate revised w.e.f. 01.02.2024 & applicable in all CGHS cities
23,1,505,Laparoscopic ventral Hernia Repair,17500,20125,
23,1,506,Laparoscopic Paraumbilical Hernia Repair,17500,20125,
23,1,507,Laparoscopic Adrenalectomy,12000,13800,
23,1,508,Laparoscopic Nephrectomy,22000,25300,
23,1,509,Other Major Surgery-Abdomen/GI Surgery,Deleted,Deleted,Rate revised w.e.f. 01.02.2024 & applicable in all CGHS cities
23,1,510,Other Minor Surgery-Abdomen/GI Surgery,Deleted,Deleted,Rate revised w.e.f. 01.02.2024 & applicable in all CGHS cities
24,1,,TREATMENT PROCEDURE ICU/CCU PROCEDURES,,,
24,1,511,"Coronary Care with Cardiac Monitoring /ICU/CCU (For all categories of ward entitlement, inclusive of Room Rent)",4590,5400,Rate revised w.e.f. 12.04.2023 & applicable in all CGHS cities
24,1,512,Compressed air / piped oxygen /per hour,50,58,
24,1,513,Ventilator charges (Per day),531,611,
24,1,514,Paediatric care for New born (Per day),186,214,
24,1,515,Incubator charges (Per day),345,397,
24,1,516,Neonatal ICU charges (Per day),391,450,
24,1,517,Resuscitation,184,212,
24,1,518,Exchange Transfusion,265,305,
24,1,519,Pneupack ventilator in Nursery (Per day),575,661,
24,1,,TREATMENT PROCEDURE CARDIOVASCULAR AND,,,
24,1,520,Atrial Septal Defect (ASD) closure,84065,98900,"Rate revised w.e.f. 19.12.2023 & applicable in all CGHS cities,"
24,1,521,Ventricular septal defect (VSD) with graft,93415,109900,"Rate revised w.e.f. 19.12.2023 & applicable in all CGHS cities,"
24,1,522,Tetralogy of Fallot (TOF) /TAPVC/TCPC/REV/RSOV repair,127075,146136,
24,1,523,BD Glenn/Left atrium myxoma,80750,92863,
24,1,524,Senning/Arterial Switch Operation (ASO) with graft,122188,140516,
24,1,525,Double Switch Operation (DSO),103615,119157,
24,1,526,Atrioventricular(AV) canal repair,161000,185150,
24,1,527,Fontan procedure,169000,194350,
24,1,528,Conduit repair,169000,194350,
24,1,529,Coronary Artery Bypass Graft surgery (CABG),127075,146136,
24,1,530,Coronary Artery Bypass Graft surgery (CABG) + Intra-Aortic Balloon Pump (IABP),169000,194350,
24,1,531,Coronary Artery Bypass Graft surgery (CABG) + Valve,169000,194350,
24,1,532,CABG without bypass.,140000,161000,
25,1,533,Ascending aorta replacement,130000,149500,
25,1,534,Double Valve Replacement (DVR),155422,178735,
25,1,535,Mitral valve Replacement(MVR)/ Aortic valve Replacement (AVR)/ Tricuspid Valve Replacement (TVR) / Pulmonary valve replacement (PVR),103615,119157,
25,1,536,Mitral valve (MV) Repair + Aortic valve (AV) Repair / Tricuspid Valve (TV) Repair + Pulmonary valve (PV) repair,103615,119157,
25,1,537,Aorta femoral bypass,52000,59800,
25,1,538,Blalock-Taussig shunt (BT Shunt) / Coarctation,51980,59777,
25,1,539,Pulmonary Artery Banding (PA Banding) Septostomy,51980,59777,
25,1,540,Pericardectomy,42320,48668,
25,1,541,Patent Ductus Arteriosus (PDA)-Device Closure,46750,55000,"Rate revised w.e.f. 19.12.2023 & applicable in all CGHS cities,"
25,1,542,Gunshot injury,51890,59674,
25,1,543,Heart transplant,276000,317400,
25,1,544,Balloon coronary angioplasty / Percutaneous transluminal coronary angioplasty (PTCA) /Percutaneous coronary intervention (PCI) with Vascular closure device (VCD),78200,92000,"Rate revised w.e.f. 19.12.2023 & applicable in all CGHS cities,"
25,1,545,Balloon coronary angioplasty / Percutaneous transluminal coronary angioplasty (PTCA) / Percutaneous coronary intervention (PCI) without Vascular closure device (VCD),71150,83725,"Rate revised w.e.f. 19.12.2023 & applicable in all CGHS cities,"
25,1,546,Rotablation,47775,56206,"Rate revised w.e.f. 19.12.2023 & applicable in all CGHS cities,"
25,1,547,Balloon Mitral Valvotomy / Percutaneous transvenous mitral commissurotomy (PTMC),77000,90700,"Rate revised w.e.f. 19.12.2023 & applicable in all CGHS cities,"
25,1,548,Cardiac Catheterization (CATH),11510,13545,"Rate revised w.e.f. 19.12.2023 & applicable in all CGHS cities,"
25,1,549,Aortic Arch Replacement,10350,11903,
25,1,550,Aortic Dissection,12650,14548,
25,1,551,Thoraco Abdominal Aneurysm Repair,15000,17250,
25,1,552,Embolectomy,21000,24150,
25,1,553,Vascular Repair,36000,41400,
25,1,554,Bentall Repair with Prosthetic Valve,30000,34500,
26,1,555,Bentall Repair with Biologic Valve,127500,146625,
26,1,556,Coarctation dilatation / Balloon dilatation of Aortic coarctation -including cost of Balloon,60860,71600,"Rate revised w.e.f. 19.12.2023 & applicable in all CGHS cities,"
26,1,557,Coarctation dilatation with Stenting,18500,21275,
26,1,558,Temporary Pacemaker Implantation (TPI) (Temporary Cardiac Pacing) Single Chamber,16320,19200,"Rate revised w.e.f. 19.12.2023 & applicable in all CGHS cities,"
26,1,559,Temporary Pacemaker Implantation (TPI) (Temporary Cardiac Pacing) Dual Chamber,8160,9384,
26,1,560,Permanent pacemaker implantation (PPI)- Single Chamber,27200,32000,"Rate revised w.e.f. 19.12.2023 & applicable in all CGHS cities,"
26,1,561,Permanent pacemaker implantation- Dual Chamber,36550,43000,"Rate revised w.e.f. 19.12.2023 & applicable in all CGHS cities,"
26,1,562,Permanent pacemaker implantation (PPI)- Biventricular,42180,49625,"Rate revised w.e.f. 19.12.2023 & applicable in all CGHS cities,"
26,1,563,Automatic implantable cardioverter defibrillator (AICD) Single Chamber,42500,50000,"Rate revised w.e.f. 19.12.2023 & applicable in all CGHS cities,"
26,1,564,Automatic implantable cardioverter defibrillator (AICD) Dual Chamber,44500,52350,"Rate revised w.e.f. 19.12.2023 & applicable in all CGHS cities,"
26,1,565,Combo device implantation,50150,59000,"Rate revised w.e.f. 19.12.2023 & applicable in all CGHS cities,"
26,1,566,Diagnostic Electrophysiological studies conventional (Including catheter),56100,66000,"Rate revised w.e.f. 19.12.2023 & applicable in all CGHS cities,"
26,1,567,Ambulatory BP monitoring,1000,1000,"Rate revised w.e.f. 19.12.2023 & applicable in all CGHS cities,"
26,1,568 A,External Loop/event recording -first day only,1500,1500,"Rate revised w.e.f. 19.12.2023 & applicable in all CGHS cities,"
26,1,568 B,External Loop/event recording -subsequent Days (Maximum up to 6 days),1000,1000,"Rate revised w.e.f. 19.12.2023 & applicable in all CGHS cities,"
26,1,569,Radiofrequency (RF) ablation conventional,81600,96000,"Rate revised w.e.f. 19.12.2023 & applicable in all CGHS cities,"
26,1,570,Radiofrequency (RF) ablation Atrial Tachycardia/Carto,153850,181000,"Rate revised w.e.f. 19.12.2023 & applicable in all CGHS cities,"
26,1,571,Endomyocardial biopsy,Deleted,Deleted,"Rate revised w.e.f. 19.12.2023 & applicable in all CGHS cities,"
26,1,572,Intra aortic balloon pump (IABP) - Including cost of balloon,42500,50000,"Rate revised w.e.f. 19.12.2023 & applicable in all CGHS cities,"
26,1,573,Intra vascular coils,63750,75000,"Rate revised w.e.f. 19.12.2023 & applicable in all CGHS cities,"
26,1,574,Septostomy- Balloon,25000,30000,"Rate revised w.e.f. 19.12.2023 & applicable in all CGHS cities,"
26,1,575,Septostomy- Blade,19550,22483,
26,1,576,Aortic valve balloon dilatation (AVBD) / pulmonary valve balloon dilatation (PVBD),47940,56400,"Rate revised w.e.f. 19.12.2023 & applicable in all CGHS cities,"
27,1,577,Digital subtraction angiography-Peripheral artery,12400,14610,"Rate revised w.e.f. 19.12.2023 & applicable in all CGHS cities,"
27,1,578,Digital subtraction angiography- venogram,12400,14610,"Rate revised w.e.f. 19.12.2023 & applicable in all CGHS cities,"
27,1,579,CT Guided biopsy,1265,1455,
27,1,580,Sinogram,863,992,
27,1,581,Peripheral Angioplasty with Vascular Closure Device (VCD),46750,55500,"Rate revised w.e.f. 19.12.2023 & applicable in all CGHS cities,"
27,1,582,Peripheral Angioplasty without Vascular Closure Device (VCD),11500,13225,
27,1,583,Renal Angioplasty,46750,55000,"Rate revised w.e.f. 19.12.2023 & applicable in all CGHS cities,"
27,1,584,Intravascular ultrasound (IVUS),50000,50000,"Rate revised w.e.f. 19.12.2023 & applicable in all CGHS cities, Differential rates are not applicable, Rate is same for both NABH and Non- NABH Accredited HCO’s and Shall not be part of anyother procedure"
27,1,585,Fractional flow reserve (FFR),30000,30000,"Rate revised w.e.f. 19.12.2023 & applicable in all CGHS cities, Differential rates are not applicable, Rate is same for both NABH and Non- NABH Accredited HCO’s and Shall not be part of anyother procedure"
27,1,586,Holter analysis,2125,2500,Rate revised w.e.f. 19.12.2023 & applicable in all CGHS cities
27,1,587,Aortic stent grafting for aortic aneurysm,78500,90275,
27,1,588,Inferior Vena Cava (IVC) filter implantation- cost of filter extra,25500,30000,Rate revised w.e.f. 19.12.2023 & applicable in all CGHS cities
27,1,589,ASD/VSD/PDA device closure,Seecode520/ 521/541,Seecode520/ 521/541,Revised Separate Rate w.e.f. 19.12.2023 applicable in all CGHS cities
27,1,590,Electrocardiogram (ECG),150,175,Rate revised w.e.f. 19.06.2023& applicable in all CGHS cities
27,1,591,Head--up tilt test (HUTT),3400,4000,Rate revised w.e.f. 19.12.2023 & applicable in all CGHS cities
27,1,592,2D echocardiography,1255,1475,Rate revised w.e.f. 19.06.2023& applicable in all CGHS cities
27,1,593,3D echocardiography,1403,1613,
27,1,594,Fetal Echo,1360,1600,Rate revised w.e.f. 19.06.2023& applicable in all CGHS cities
28,1,595,2D Transesophageal Echocardiography (TEE),1403,1613,
28,1,596,3D Transesophageal Echocardiography (TEE),1403,1613,
28,1,597,Stress Echo- exercise,2040,2400,Rate revised w.e.f. 19.06.2023& applicable in all CGHS cities
28,1,598,Stress Echo- pharmacological / D Stress Echo,2550,3000,Rate revised w.e.f. 19.06.2023& applicable in all CGHS cities
28,1,599,Stress Myocardial Perfusion Imaging (MPI)- exercise,7650,9000,Rate revised w.e.f. 19.12.2023 & applicable in all CGHS cities
28,1,600,Stress Myocardial Perfusion Imaging (MPI) - pharmacological,7650,9000,Rate revised w.e.f. 19.12.2023 & applicable in all CGHS cities
28,1,601,Coronary angiography,11240,13225,Rate revised w.e.f. 19.12.2023 & applicable in all CGHS cities
28,1,602,CT coronary angiography,6030,6935,
28,1,603,Cardiac CT scan,2272,2613,
28,1,604,MRI Cardiac,6800,8000,Rate revised w.e.f.19.06.2023 & applicable in all CGHS cities
28,1,605,Stress Cardiac MRI,3000,3450,
28,1,606,MR angiography.,5635,6480,
28,1,607,Cardiac PET,1500,1725,
28,1,608,Pericardiocentesis,8500,10000,Rate revised w.e.f. 19.12.2023 & applicable in all CGHS cities
28,1,609,Other Major Surgery-Cardiovascular and Cardiac Surgery,20000,23000,
28,1,610,Other Minor Surgery-Cardiovascular and Cardiac Surgery,4250,4888,
28,1,,TREATMENT PROCEDURE OBSTETRICS AND GYNAECOLOGY,,,
28,1,611,Normal delivery with or without Episiotomy & P. repair,8000,9200,
28,1,612,vacuum delivery,8625,9919,
28,1,613,Forceps Delivery,9200,10580,
28,1,614,Caesarean Section(CS),14050,16158,
28,1,615,Caesarean Hysterectomy,18975,21821,
28,1,616,Rupture Uterus closure & repair with Tubal Ligation,17250,19838,
29,1,617,Perforation of Uterus after D/E Laparotomy & Closure,13800,15870
29,1,618,Laparotomy for Ectopic pregnancy,13800,15870
29,1,619,Laparotomy-peritonitis Lavage and Drainage,11500,13225
29,1,620,Salphingo-Oophorectomy/ Oophorectomy Laparoscopic,10000,11500
29,1,621,Ovarian Cystectomy-laparoscopic.,10350,11903
29,1,622,Ovarian Cystectomy -laparotomy.,13800,15870
29,1,623,Salpingo-Oophorectomy-laparotomy,11520,13248
29,1,624,Laparoscopic Broad Ligament Hematoma Drainage with repair,6900,7935
29,1,625,Exploration of perineal Haematoma & Repair,8000,9200
29,1,626,Exploration of abdominal Haematoma (after laparotomy + LSCS),8050,9258
29,1,627,Manual Removal of Placenta,3450,3968
29,1,628,Examination under anaesthesia (EUA),1000,1150
29,1,629,Burst-abdomen Repair,10000,11500
29,1,630,Gaping Perineal Wound Secondary Suturing,1656,1904
29,1,631,Gaping abdominal wound Secondary Suturing,3450,3968
29,1,632,Complete perineal tear-repair,2128,2447
29,1,633,Exploration of PPH-tear repair,3500,4025
29,1,634,Suction evacuation vesicular mole,5000,5750
29,1,635,Suction evacuation Missed abortion/ incomplete abortion,5175,5951
29,1,636,Colpotomy,3450,3968
29,1,637,Repair of post-coital tear/ perineal injury,3508,4034
29,1,638,Excision of urethral caruncle,3450,3968
29,1,639,Shirodhkar/ McDonald stitch,3220,3703
30,1,640,Abdominal Hysterectomy with or without salpingo- oophorectomy,17250,19838
30,1,641,Non-descent Vaginal Hysterectomy (NDVH),17250,19838
30,1,642,Vaginal Hysterectomy with repairs (UV Prolapse),17250,19838
30,1,643,Myomectomy -laparotomy,14000,16100
30,1,644,Myomectomy -laparoscopic,6325,7274
30,1,645,Vaginoplasty,14950,17193
30,1,646,Vulvectomy -Simple,9200,10580
30,1,647,Vulvectomy-Radical,9200,10580
30,1,648,Rectovaginal Fistula (RVF) Repair,18975,21821
30,1,649,Manchester Operation,15000,17250
30,1,650,Shirodkar’s sling Operation or other sling operations for prolapse uterus,3450,3968
30,1,651,Laparoscopic sling operations for prolapse uterus,28000,32200
30,1,652,Diagnostic Curettage,2484,2857
30,1,653,Cervical Biopsy,1800,2070
30,1,654,Polypectomy,1518,1746
30,1,655,Other-Minor Operation Endometrial,2300,2645
30,1,656,Excision Vaginal Cyst/Bartholin Cyst,3450,3968
30,1,657,Excision Vaginal Septum,4600,5290
30,1,658,Laparoscopy -Diagnostic with chromopertubation and or adhesiolysis and drilling,4025,4629
30,1,659,Laparoscopy Sterilization,3450,3968
30,1,660,Laparoscopically Assisted Vaginal Hysterectomy (LAVH),25243,29029
30,1,661,Balloon Tamponade for Post Partum Haemorrhage (PPH),2800,3220
30,1,662,Total laparoscopic hysterectomy,25243,29029
31,1,663,Laparoscopic treatment of Ectopic pregnancy- salpingectomy/salpingostomy conservative,9775,11241
31,1,664,Conisation of cervix,4025,4629
31,1,665,Trachelectomy of cervix for early CA cervix,5500,6325
31,1,666,Hysteroscopic cannulation,2875,3306
31,1,667,Laparotomy recannalization of Fallopian tubes- (Tubuloplasty),22425,25789
31,1,668,Laparoscopic recannalization of Fallopian tubes- (Tubuloplasty),19500,22425
31,1,669,Colposcopy,958,1102
31,1,670,Inversion of Uterus – Vaginal Reposition,2500,2875
31,1,671,Inversion of Uterus – Abdominal Reposition,2500,2875
31,1,672,Laparoscopic Vesicovaginal Fistula (VVF) Repair,28000,32200
31,1,673,Abdominal Vesicovaginal Fistula (VVF) Repair,28000,32200
31,1,674,Vaginal Vesicovaginal Fistula (VVF) Repair,28000,32200
31,1,675,Interventional Ultrasonography- Chorionic villus sampling (CVS),880,1012
31,1,676,Amniocentesis,880,1012
31,1,677,Karyotyping,800,920
31,1,678,Thermal balloon ablation.,11500,13225
31,1,679,Ultrasonographic myolysis,10293,11837
31,1,680,Vaginal Myomectomy,10000,11500
31,1,681,Intra Uterine Inseminition,920,1058
31,1,682,Intracytoplasmic sperm injection (ICSI),11500,13225
31,1,683,Laparotomy abdominal sacro-colpopexy,11500,13225
31,1,Sr. No.,CGHS TREATMENT PROCEDURE/INVESTIGATION LIST,Non- NABH/No,
31,1,684,Vaginal Colpopexy,22000,25300
32,1,685,Laparoscopic abdominal sacro-colpopexy,20000,23000
32,1,686,Laparotomy pelvic Lymphadenectomy,1200,1380
32,1,687,Laparoscopic pelvic Lymphadenectomy,3500,4025
32,1,688,Endometrial aspiration cytology/biopsy,570,656
32,1,689,USG Transvaginal sonography (TVS for Follicular monitoring /aspiration),460,529
32,1,690,laparoscopic treatment for stress incontinence,15000,17250
32,1,691,Transvaginal tapes for Stress incontinence,15000,17250
32,1,692,trans-obturator tapes for Stress incontinence,12000,13800
32,1,693,Interventional radiographic arterial embolization,18000,20700
32,1,694,Diagnostic cystoscopy,2875,3306
32,1,695,Staging laparotomy surgery for Carcinoma Ovary,6325,7274
32,1,696,Internal Iliac ligation,3393,3902
32,1,697,stepwise devascularisation,9200,10580
32,1,698,Assisted breech delivery,10925,12564
32,1,699,Intra-uterine fetal blood transfusion,21275,24466
32,1,700,Hysteroscopy Transcervical Resection of Endometrium (TCRE),8500,9775
32,1,701,Hysteroscopy Removal of Intra-Uterine Contraceptive Device (IUCD),7500,8625
32,1,702,Hysteroscopy Removal of Septum,11000,12650
32,1,703,Hysteroscopy Diagnostic,7500,8625
32,1,704,Radical Hysterectomy for Cancer cervix with pelvic lymphadenectomy,8500,9775
32,1,705,Radical Hysterectomy for Cancer endometrium extending to cervix with pelvic and para aortic,8500,9775
32,1,706,Sterilization Post partum (minilap),3750,4313
32,1,707,Sterilization interval (minilap),3750,4313
33,1,708,Ultrasonography (USG) Level II scan/Anomaly Scan,1700,2000,Rate revised w.e.f. 19.06.2023 & applicable in all CGHS cities
33,1,709,Fetal nuchal Translucency,300,345,
33,1,710,USG Colour Doppler Pregnancy / Fetal Doppler/Umbilical Doppler/Uterine Vessel Doppler,1425,1675,Rate revised w.e.f. 19.06.2023 & applicable in all CGHS cities
33,1,711,Medical Termination of Pregnancy (MTP)- 1st Trimester,3000,3450,
33,1,712,Medical Termination of Pregnancy (MTP) - 2nd Trimester,4370,5026,
33,1,713,Quadruple test,2000,2300,
33,1,714,Biophysical score / Biophysical profile test (BPP test),600,690,
33,1,715,Other Major Surgery-Obstetrics and Gynaecology,28000,32220,
33,1,716,Other Minor Surgery-Obstetrics and Gynaecology,5000,5750,
33,1,,TREATMENT PROCEDURE NEPHROLOGY AND UROLOGY,,,
33,1,717,Partial Nephrectomy -open,16215,18647,
33,1,718,Partial Nephrectomy-Laparoscopic/endoscopic,14490,16664,
33,1,719,Nephrolithomy -open,12000,13800,
33,1,720,Nephrolithomy -Laparoscopic/endoscopic,14000,16100,
33,1,721,Pyelolithotomy-open,13000,14950,
33,1,722,Pyelolithotomy -Laparoscopic/endoscopic,10580,12167,
33,1,723,Operations for Hydronephrosis -pyeloplasty open,18400,21160,
33,1,Sr. No.,CGHS TREATMENT PROCEDURE/INVESTIGATION LIST,Non- NABH/No,,
33,1,724,Operations for Hydronephrosis -pyeloplasty Lap/endoscopic,19000,21850,
33,1,725,Operations for Hydronephrosis Endopyelotomy antegrade,20000,23000,
33,1,726,Operations for Hydronephrosis Endoplyelotomy retrograde,20000,23000,
33,1,727,Operations for Hydronephrosis ureterocalicostomy,18000,20700,
33,1,728,Operations for Hydronephrosis-Ileal ureter,18000,20700,
34,1,729,Open Drainage of Perinephric Abscess,8000,9200
34,1,730,Percutaneous Drainage of Perinephric Abscess - Ultrasound guided,5750,6613
34,1,731,Cavernostomy,9775,11241
34,1,732,Operations for Cyst of the Kidney -open,11960,13754
34,1,733,Operations for Cyst of the Kidney Lap/endoscopic,14030,16135
34,1,734,Ureterolithotomy -open,13248,15235
34,1,735,Ureterolithotomy-Lap/Endoscopic,10000,11500
34,1,736,Nephroureterectomy open,16100,18515
34,1,737,Nephroureterectomy -Lap/Endoscopic,16100,18515
34,1,738,Operations for Ureter for -Double Ureters,19000,21850
34,1,739,Operations for Ureter -for Ectopia of Single Ureter,18000,20700
34,1,740,Operations for Vesicoureteric Reflux (VUR) -Open,18000,20700
34,1,741,Operations for Vesicoureteric Reflux (VUR)- Lap/Endoscopic,18000,20700
34,1,742,Operations for Vesicoureteric Reflux (VUR)/ Urinary incontinence with bulking agents,20700,23805
34,1,743,Ureterostomy - Cutaneous,12000,13800
34,1,744,Uretero-Colic anastomosis,16000,18400
34,1,745,Formation of an Ileal Conduit,17250,19838
34,1,746,Ureteric Catheterisation,8278,9520
34,1,747,Biopsy of Bladder (Cystoscopic),2300,2645
34,1,748,Cysto-Litholapaxy,10925,12564
34,1,749,Operations for Injuries of the Bladder,10000,11500
34,1,750,Suprapubic Drainage (Cystostomy/vesicostomy),6000,6900
34,1,751,Simple Cystectomy,17250,19838
35,1,752,Diverticulectomy -open,16000,18400
35,1,753,Diverticulectomy- Lap/Endoscopic,18400,21160
35,1,754,Diverticulectomy -Endoscopic incision of neck,1725,1984
35,1,755,Augmentation Cystoplasty,6670,7671
35,1,756,Operations for Exstrophy of the Bladder- Single stage repair,22300,25645
35,1,757,Operations for Exstrophy of the Bladder- Multistage repair,20815,23937
35,1,758,Operations for Exstrophy of the Bladder- simple cystectomy with urinary diversion,20500,23575
35,1,759,Repair of Ureterocoel -Open,13800,15870
35,1,760,Repair of Ureterocoel -Lap/Endoscopic,14375,16531
35,1,761,Repair of Ureterocoel -Endoscopic incision,13000,14950
35,1,762,Open Suprapubic Prostatectomy,20700,23805
35,1,763,Open Retropubic Prostatectomy,20125,23144
35,1,764,Transurethral Resection of Prostate (TURP),18630,21425
35,1,765,Urethroscopy/ Cystopanendoscopy,4600,5290
35,1,766,Internal urethrotomy -optical,5750,6613
35,1,767,Internal urethrotomy -Core through urethroplasty,11040,12696
35,1,768,Urethral Reconstruction -End to end ansatamosis,3450,3968
35,1,769,Urethral Reconstruction - substitution urethroplasty (Transpubic urethroplasty),19550,22483
35,1,770,Abdomino Perineal urethroplasty,14000,16100
35,1,771,Posterior Urethral Valve fulguration.,11270,12961
35,1,772,Operations for Incontinence of Urine - Male -Open,17250,19838
35,1,773,Operations for Incontinence of Urine - Male -Sling,18400,21160
35,1,774,Operations for Incontinence of Urine - Male-Bulking agent,19435,22350
36,1,775,Operations for Incontinence of Urine - Female -Open,17250,19838
36,1,776,Operations for Incontinence of Urine - Female-Sling,18400,21160
36,1,777,Operations for Incontinence of Urine - Female- Bulking agent,19435,22350
36,1,778,Reduction of Paraphimosis,1725,1984
36,1,779,Circumcision,3000,3450
36,1,780,Meatotomy,2346,2698
36,1,781,Meatoplasty,3220,3703
36,1,782,Operations for Hypospadias + Chordee Correction,9200,10580
36,1,783,Operations for Hypospadias - Second Stage,15000,17250
36,1,784,Operations for Hypospadias - One Stage Repair,9200,10580
36,1,785,Operations for Crippled Hypospadias,11500,13225
36,1,786,Operations for Epispadias _primary repair,12593,14482
36,1,787,Operations for Epispadias-crippled epispadias,11385,13093
36,1,788,Partial Amputation of the Penis,10764,12379
36,1,789,Total amputation of the Penis,12000,13800
36,1,790,Orchidectomy-Simple,9775,11241
36,1,791,Orchidectomy -Radical,12075,13886
36,1,792,Post Radical Orchidectomy retroperitoneal lymph node dissection.,14000,16100
36,1,793,Epididymectomy,15938,18329
36,1,794,Adreneclectomy Unilateral/Bilateral for Tumour/For Carcinoma- Open,25300,29095
36,1,795,Adreneclectomy Unilateral/Bilateral for Tumour/For Carcinoma -Lap/Endoscopic,14375,16531
36,1,796,Operations for Hydrocele - Unilateral,5865,6745
36,1,797,Operations for Hydrocele - Bilateral,8556,9839
37,1,798,Operation for Torsion of Testis,11500,13225
37,1,799,Micro-surgical Vasovasostomy /Vaso epidedymal ansatamosis .,11040,12696
37,1,800,Operations for Varicocele Unilateral Microsurgical,7705,8861
37,1,801,Operations for Varicocele Palomo’s Unilateral - Laparoscopic,9200,10580
37,1,802,Operations for Varicocele Bilateral --Microsurgical,12650,14548
37,1,803,Operations for Varicocele Palomo’s Bilateral - Laparoscopic,14950,17193
37,1,804,Block Dissection of ilio-inguinal Nodes - One Side (For Carcinoma Penis),6325,7274
37,1,805,Block Dissection of ilio-inguinal Nodes -Both Sides (For Carcinoma Penis),23000,26450
37,1,806,Excision of Filarial Scrotum,11500,13225
37,1,807,Kidney Transplantation (related),200000,230000
37,1,808,Kidney Transplantation (Spousal/ unrelated) Including immunosuppressant therapy,300000,345000
37,1,809,ABO incompatible Transplantation,490000,563500
37,1,810,Swap Transplantation,388000,446200
37,1,811,Kidney Transplant Graft Nephrectomy,59500,68425
37,1,812,Donor Nephrectomy (open),28750,33063
37,1,813,Donor Nephrectomy (Laparoscopic),46000,52900
37,1,814,Cadaver Transplantation,83300,95795
37,1,815,Kidney Transplant with Native Kidney Nephrectomy (Related)/ Unilateral,28000,32200
37,1,816,Kidney Transplant with Native Kidney Nephrectomy (Related)/ Bilateral,85000,97750
37,1,817,Kidney Transplant with Native Kidney Nephrectomy (Spousal/ Unrelated) Unilateral,85000,97750
37,1,818,Kidney Transplant with Native Kidney Nephrectomy (Spousal/ Unrelated) Bilateral,85000,97750
37,1,819,Post-Transplant Collection drainage for Lymphocele (open),6800,7820
37,1,820,Post-Transplant Collection drainage for Lymphocele (percutaneous),6800,7820
37,1,821,Post-Transplant Collection drainage for Lymphocele (Laparoscopic),7650,8798
38,1,822,Arteriovenous Fistula for Haemodialysis,2300,2645
38,1,823,Arteriovenous Shunt for Haemodialysis,3500,4025
38,1,824,Jugular Catheterization for Haemodialysis,1500,1725
38,1,825,Subclavian Catheterization for Haemodialysis,2250,2588
38,1,826,One sided (single Lumen) Femoral Catheterization for Haemodialysis,1000,1150
38,1,827,Bilateral (single Lumen) Femoral Catheterization for Haemodialysis,1500,1725
38,1,828,Double Lumen Femoral Catheterization for Haemodialysis,1850,2128
38,1,829,Permcath Insertion,2800,3220
38,1,830,Arterio venous Prosthetic Graft,1850,2128
38,1,831,Single lumen Jugular Catheterization,1500,1725
38,1,832,Single lumen Subclavian Catheterization,1700,2000
38,1,833,Plasma Exchange/ Plasmapheresis,1725,1984
38,1,834,Continuous Ambulatory Peritoneal Dialysis (CAPD) catheter insertion- Open method,3500,4025
38,1,835,Continuous Ambulatory Peritoneal Dialysis (CAPD) catheter insertion- Schlendinger/ Seldinger method,3500,4025
38,1,836,Sustained low efficiency haemodialysis / hemodialysis,1250,1438
38,1,Sr. No.,CGHS TREATMENT PROCEDURE / INVESTIGATION LIST (KOLKATA),Non- NABH /,NABH / NABL Rates
38,1,837,Continuous Veno venous/Arteriovenous Haemofilteration /Hemofilteration,2250,2588
38,1,838,Haemodialysis / Hemodialysis for Sero negative cases,1400,1610
38,1,839,Haemodialysis / Hemodialysis for Sero Positive cases,1650,1898
38,1,840,Acute Peritoneal Dialysis,1450,1668
38,1,841,Fistulogram for Arteriovenous Fistula,2500,2875
38,1,842,Ultrasound guided kidney Biopsy,850,978
38,1,843,Fistula stenosis dilation,3000,3450
39,1,844,Slow continuous Ultrafilteration,2500,2875
39,1,845,Percutaneous Nephrolithotomy (PCNL) - Unilateral,20000,23000
39,1,846,Percutaneous Nephrolithotomy (PCNL) - Bilateral,25000,28750
39,1,847,Endoscopic Bulking agent Inject,4500,5175
39,1,848,Testicular Biopsy,1955,2248
39,1,849,Radical Nephrectomy -Open,17250,19838
39,1,850,Radical Nephrectomy -Lap/Endoscopic,20700,23805
39,1,851,Radical Nephrectomy plus IV thrombus,23000,26450
39,1,852,Radical Nephrectomy plus IV thrombus plus cardiac bypass.,23000,26450
39,1,853,Vesicovaginal Fistula (VVF) Repair (Open),16000,18400
39,1,854,Vesicovaginal Fistula (VVF) Repair (Laparoscopic),22000,25300
39,1,855,Radical Cystectomy -Ileal conduit,17000,20000
39,1,856,Radical Cystectomy - continent diversion.,15000,17250
39,1,857,Radical Cystectomy – Neo bladder,18500,21275
39,1,858,Nephrectomy Simple -Open,10074,11585
39,1,859,Nephrectomy Simple-lap/Endoscopic,12593,14482
39,1,860,Nephrostomy -Open,10000,11500
39,1,861,Nephrostomy -Lap/Endoscopic,10704,12593
39,1,862,Ureteric Reimplant forMegaureter/ Vesicoureteric reflux/ureterocele (open),10494,12068
39,1,863,Ureteric Reimplant for Megaureter / Vesicoureteric reflux/ ureterocele (Laparoscopic),10494,12068
39,1,864,Partial Cystectomy,13800,15870
39,1,865,Transurethral Resection of Prostate (TURP) & Transurethral Resection of Bladder Tumour (TURBT),17250,19838
39,1,866,Transurethral Resection of Prostate (TURP) with Cystolithotripsy,17000,19550
40,1,867,Closure of Urethral Fistula,11000,12650
40,1,868,Orchidopexy - Unilateral -Open,9867,11347
40,1,869,Orchidopexy - Unilateral- Lap/Endoscopic,12334,14184
40,1,870,Orchidopexy - Bilateral -Open,12282,14124
40,1,871,Orchidopexy - Bilateral -Lap/Endoscopic,14500,16675
40,1,872,Cystolithotomy -Suprapubic,9775,11241
40,1,873,Endoscopic Removal of Stone in Bladder,3450,3968
40,1,874,Resection Bladder Neck Endoscopic / Bladder neck incision / transurethral incision on prostrate,10925,12554
40,1,875,Ureteroscopic Surgery,10350,11903
40,1,876,Urethroplasty 1st Stage,10925,12564
40,1,877,Scrotal Exploration,8556,9839
40,1,878,Perineal Urethrostomy,4715,5422
40,1,879,Dilatation of Stricture Urethra under G.A.,2000,2300
40,1,Sr. No.,CGHS TREATMENT PROCEDURE/INVESTIGATION LIST,,
40,1,880,Dilatation of Stricture Urethra under LA,1725,1984
40,1,881,Laparoscopic Nephrectomy (Select CGHS rate Code 508 for approved rate),See code 508,See code 508
40,1,882,Laparoscopic partial Nephrectomy,10000,11500
40,1,883,Laparoscopic pyelolithotomy,12650,14548
40,1,884,Laparoscopic Pyeloplasty,9775,11241
40,1,885,Laparoscopic surgery for Renal cyst,9775,11241
40,1,886,Laparoscopic ureterolithotomy,11500,13225
40,1,887,Laparoscopic Nephroureterectomy,13225,15209
40,1,888,Extracorporeal Shock Wave Lithotripsy (ESWL),19550,22483
40,1,889,Uroflow Study (Uroflometry),450,518
41,1,890,Urodynamic Study (Cystometry),480,552
41,1,891,Cystoscopy with Retrograde Catheter -Unilateral /RGP,2803,3223
41,1,892,Cystoscopy with Retrograde Catheter - Bilateral /RGP,4675,5500
41,1,893,Cystoscopy with Bladder Biopsy (Cold Cup Biopsy),3381,3888
41,1,894,Voiding-cysto-urethrogram and retrograde urethrogram (Nephrostogram),414,476
41,1,895,Radical prostatectomy-Open,17825,20499
41,1,896,Radical prostatectomy-Laparoscopic,20125,23144
41,1,897,Radical prostatectomy- Robotic / Robotic Partial Nephrectomy,20125,23144
41,1,898,Holmium YAG Prostate Surgery,15000,17250
41,1,899,Holmium YAG Optical Internal Urethrotomy (OIU),4600,5290
41,1,900,Holmium YAG Core through internal Urethrotomy,17250,19838
41,1,901,Holmium YAG Stone Lithotripsy,10200,12000
41,1,902,Green Light laser for prostate,17250,19838
41,1,903,Retrograde Intrarenal Surgery (RIRS)/ Flexible Ureteroscopy,6800,7820
41,1,904,Microscopic Vaso-Epididymal Anastomosis (VEA)/ Vasovasostomy (reversal of vasectomy for Infertility treatment) (Select CGHS rate Code 799 for approved rate),See code 799,See code 799
41,1,905,Cystoscopic Botulinum Toxin Injection ( Over active bladder/ Neurogenic bladder) -excluding cost of drug,6800,7820
41,1,906,Peyronie’s disease – Plaque excision with grafting,3400,4000
41,1,907,High Intensity Focus Ultrasound (HIFU) (Robotic) for Carcinoma prostrate and renal cell carcinoma,4600,5290
41,1,908,Prosthetic surgery for urinary incontinence,2300,2645
41,1,909,Transrectal Ultrasound (TRUS) guided prostate biopsy,575,661
41,1,910,Ultrasound Guided Percutaneous Nephrostomy (PCN),720,828
41,1,911,Other Major Surgery-Nephrology and Urology,15000,17250
41,1,912,Other Minor Surgery-Nephrology and Urology,6800,7820
42,1,,TREATMENT PROCEDURE NEURO-SURGERY,,
42,1,913,Craniotomy and Evacuation of Haematoma -Subdural,50715,58322
42,1,914,Craniotomy and Evacuation of Haematoma - Extradural,50000,57500
42,1,915,Evacuation /Excision of Brain Abscess by craniotomy,40000,46000
42,1,916,Excision of Lobe (Frontal Temporal Cerebellum etc.),41000,47150
42,1,917,Excision of Brain Tumours -Supratentorial,39123,44991
42,1,918,Excision of Brain Tumours -Infratentorial,45000,51750
42,1,919,Surgery of spinal Cord Tumours,45000,51750
42,1,920,Ventriculoatrial /Ventriculoperitoneal Shunt (Select CGHS rate Code 938 for approved rate),See code 938,See code 938
42,1,921,Twist Drill Craniostomy,4250,5000
42,1,Sr. No.,CGHS TREATMENT PROCEDURE/INVESTIGATION LIST,Non- NABH/No,
42,1,922,Subdural Tapping,2456,2824
42,1,923,Ventricular Tapping,2967,3412
42,1,924,Abscess Tapping,2875,3306
42,1,925,Placement of Intracranial pressure (ICP) Monitor,2875,3306
42,1,926,Skull Traction Application,2300,2645
42,1,927,Lumbar Pressure Monitoring,4250,5000
42,1,928,Vascular Malformations,22000,25300
42,1,929,Meningo Encephalocoele excision and repair,15000,17250
42,1,930,Meningomyelocoele Repair,24995,28744
42,1,931,CSF Rhinorrhoea Repair,28750,33063
42,1,932,Cranioplasty,24150,27773
42,1,933,Anterior Cervical Discectomy,16600,19090
43,1,934,Brachial Plexus Exploration and neurotization,15525,17854
43,1,935,Median Nerve Decompression,14000,16100
43,1,936,Peripheral Nerve Surgery – Major,17250,19838
43,1,937,Peripheral Nerve Surgery Minor,8280,9522
43,1,938,Ventriculoatrial /Ventriculoperitoneal Shunt,11615,13357
43,1,939,Nerve Biopsy,6900,7935
43,1,940,Brain Biopsy,5808,6679
43,1,941,Anterior Cervical Spine Surgery with fusion,32200,37030
43,1,942,Anterio Lateral Decompression of spine,28750,33063
43,1,943,Brain Mapping,837,963
43,1,944,Cervical or Dorsal or Lumbar Laminectomy,23000,26450
43,1,945,Combined Trans-oral Surgery & Craniovertebral (CV) Junction Fusion,34500,39675
43,1,946,Craniovertebral Junction (CVJ) Fusion procedures,30000,34500
43,1,947,Depressed Fracture Elevation,25000,28750
43,1,948,Lumbar Discectomy,27600,31740
43,1,949,Endarterectomy (Carotid),20000,23000
43,1,950,Radiofrequency (RF) Lesion for Trigeminal Neuralgia,11500,13225
43,1,951,Spasticity Surgery -,39675,45626
43,1,952,Spinal Fusion Procedure,30000,34500
43,1,953,Spinal Intra Medullary Tumours,34500,39675
43,1,954,Spinal Bifida Surgery Major,18975,21821
43,1,955,Spinal Bifida Surgery Minor,15000,17250
43,1,956,Stereotaxic Procedures- biopsy/aspiration of cyst,23000,26450
44,1,957,Trans Sphenoidal Surgery,30000,34500
44,1,958,Trans Oral Surgery,30000,34500
44,1,959,Implantation of Deep Brain Stimulation (DBS) -One electrode,34500,39675
44,1,960,Implantation of Deep Brain Stimulation (DBS) -two electrodes,40250,46288
44,1,961,Endoscopic aqueductoplasty,15000,17250
44,1,962,Facial nerve reconstruction,30000,34500
44,1,963,Carotid stenting,42263,48602
44,1,964,Cervical disc arthroplasty,27600,31740
44,1,965,Lumbar disc arthroplasty,13800,15870
44,1,966,Corpus callostomy for Epilepsy,35000,40250
44,1,967,Hemispherotomy for Epilepsy,32200,37030
44,1,968,Endoscopic CSF rhinorrhoea repair,30000,34500
44,1,969,Burr hole evacuation of chronic subdural haematoma,24150,27773
44,1,970,Epilepsy surgery other than at S No. 966 and 967,36225,41659
44,1,971,Radiofrequency (RF) lesion for facet joint pain syndrome,17250,19838
44,1,972,Cervical laminoplasty,32000,36800
44,1,973,Lateral mass C1-C2 screw fixation,23000,26450
44,1,974,Microsurgical decompression for Trigeminal nerve,38000,43700
44,1,975,Microsurgical decompression for hemifacial spasm,4646,5343
44,1,976,Extracranial-Intracranial Bypass Procedures (EC-IC) bypass procedures,32000,36800
44,1,977,Image guided craniotomy,28980,33327
44,1,978,Baclofen pump implantation,39000,44850
44,1,979,Programmable Ventriculo-Peritoneal (VP) shunt,25000,28750
45,1,980,Endoscopic sympathectomy,17107,19673
45,1,981,Lumbar puncture,207,238
45,1,982,External ventricular drainage (EVD),4600,5290
45,1,983,Endoscopic 3rd ventriculostomy,40000,46000
45,1,984,Endoscopic cranial surgery/Biopsy/aspiration,31536,36266
45,1,985,"Endoscopic discectomy (Lumbar, Cervical)",35621,40964
45,1,986,Aneurysm coiling (Endovascular),34400,39560
45,1,987,Surgery for skull fractures,40000,46000
45,1,988,Carpel Tunnel decompression,15000,17250
45,1,989,Clipping of intracranial aneurysm,24150,27773
45,1,990,Surgery for intracranial Arteriovenous malformations (AVM),40000,46000
45,1,991,Foramen magnum decompression for Chiari Malformation,93750,107813
45,1,992,Dorsal column stimulation for backache in failed back syndrome,28750,33063
45,1,993,Surgery for recurrent disc prolapse/epidural fibrosis,32200,37030
45,1,994,Surgery for brain stem tumours,43988,50586
45,1,995,Decompressive craniotomy for hemispherical acute subdural haematoma/ brain swelling/large infarct,40000,46000
45,1,996,Intra-arterial thrombolysis with Tissue Plasminogen Activator (TPA) (for ischemic stroke ),4600,5290
45,1,997,Stereotactic aspiration of intracerebral haematoma,32545,37427
45,1,998,Endoscopic aspiration of intracerebellar haematoma,40000,46000
45,1,999,Stereotactic Radiosurgery for brain pathology (X knife/Gamma) - ONE session,27560,31694
45,1,1000,Stereotactic Radiosurgery for brain pathology (X knife / Gamma knife -Two or more sessions,57500,66125
45,1,1001,Chemotheraphy wafers for malignant brain tumors,14450,16618
45,1,1002,Battery Placement for Deep Brain Stimulation (DBS),22000,25300
46,1,1003,Baclofen pump implantation for spasticity,17330,19930
46,1,1004,Peripheral Nerve tumor surgery,24000,27600
46,1,1005,Surgery Intra Cranial Meningioma,20000,23000
46,1,1006,Surgery for Intracranial Schwannoma,35000,40250
46,1,1007,Surgery for Gliomas,45000,51750
46,1,1008,Surgery for Orbital tumors,40000,46000
46,1,Sr. No.,CGHS TREATMENT PROCEDURE/INVESTIGATION LIST,Non- NABH/No,
46,1,1009,Surgery for Cranial (Skull) tumors,38500,44275
46,1,1010,Surgery for Scalp Arteriovenous Malformations (AVMs),25000,28750
46,1,1011,Kyphoplasty,40000,46000
46,1,1012,Balloon Kyphoplasty,40000,46000
46,1,1013,"Lesioning procedures for Parkinson’s disease, Dystonia etc.",35000,40250
46,1,1014,Other Major Surgery-Neuro-surgery,42500,50000
46,1,1015,Other Minor Surgery-Neuro-surgery,17000,20000
46,1,,TREATMENT PROCEDURE PAEDIATRIC SURGERY,,
46,1,1016,Excision of thyroglossal Duct/Cyst,16000,18400
46,1,1017,Diaphragmatic Hernia Repair (Thoracic or Abdominal Approach),17250,19838
46,1,1018,Tracheo Oesophageal Fistula (Correction Surgery),23000,26450
46,1,1019,Colon Replacement of Oesophagus,23000,26450
46,1,1020,Omphalo Mesenteric Cyst Excision,17250,19838
46,1,1021,Omphalo Mesenteric Duct- Excision,15525,17854
46,1,1022,Meckels Diverticulectomy,3347,3849
46,1,1023,Omphalocele 1st Stage (Hernia Repair),15525,17854
47,1,1024,Omphalocele 2nd Stge (Hernia Repair),17250,19838
47,1,1025,Gastroschisis Repair,16100,18515
47,1,1026,Inguinal Herniotomy,12558,14442
47,1,1027,Congenital Hydrocele,12000,13800
47,1,1028,Hydrocele of Cord,12000,13800
47,1,1029,Torsion Testis Operation,15000,17250
47,1,1030,Congenital Pyloric Stenosis- operation,13938,16029
47,1,1031,Duodenal Atresia Operation,14000,16100
47,1,1032,Pancreatic Ring Operation,22425,25789
47,1,1033,Meconium Ileus Operation,14500,16675
47,1,1034,Malrotation of Intestines Operation,13000,14950
47,1,1035,Rectal Biopsy (Megacolon),9736,11196
47,1,1036,Colostomy Transverse,15000,17250
47,1,1037,Colostomy Left Iliac,15000,17250
47,1,1038,Abdominal Perineal Pull Through (Hirschsprung's Disease),19000,21850
47,1,1039,Imperforate Anus Low Anomaly -Cut Back Operation,10235,11770
47,1,1040,Imperforate Anus Low Anomaly - Perineal Anoplasty,12000,13800
47,1,1041,Imperforate Anus High Anomaly -Sacroabdomino Perineal Pull Through,12500,14375
47,1,1042,Imperforate Anus High Anomaly - Closure of,8625,9919
47,1,1043,Intussusception Operation,20700,23805
47,1,1044,Choledochoduodenostomy for Atresia of Extra Hepatic Billiary Duct,15000,17250
47,1,1045,Operation of Choledochal Cyst,16000,18400
47,1,1046,Nephrectomy for -Pyonephrosis,17000,19550
48,1,1047,Nephrectomy for - Hydronephrosis,15000,17250
48,1,Sr. No.,CGHS TREATMENT PROCEDURE/INVESTIGATION LIST,,
48,1,1048,Nephrectomy for -Wilms Tumour,15000,17250
48,1,1049,Paraortic Lymphadenectomy with Nephrectomy for Wilms Tumour,20000,23000
48,1,1050,Sacro-Coccygeal Teratoma Excision,14000,16100
48,1,1051,Neuroblastoma Debulking,16000,18400
48,1,1052,Neuroblastoma Total Excision,20700,23805
48,1,1053,Rhabdomyosarcoma wide Excision,15000,17250
48,1,1054,Congenital Atresia & Stenosis of Small Intestine,19000,21850
48,1,1055,Meconium ileus (Select CGHS rate Code 1033 for approved rate),See code 1033,See code 1033
48,1,1056,Malrotation & Volvulus of the Midgut,15000,17250
48,1,1057,Excision of Meckel’s Deverticulum,12000,13800
48,1,1058,Other Major Surgery-Paediatric Surgery,27000,31050
48,1,1059,Other Minor Surgery-Paediatric Surgery,11050,30000
48,1,,TREATMENT PROCEDURE BURNS AND PLASTIC SURGERY,,
48,1,1060,Nephrectomy for -Wilms Tumour,300,345
48,1,1061,Paraortic Lymphadenectomy with Nephrectomy for Wilms Tumour,1099,1264
48,1,1062,Sacro-Coccygeal Teratoma Excision,1150,1323
48,1,1063,Neuroblastoma Debulking,1725,1984
48,1,1064,Neuroblastoma Total Excision,7475,8596
48,1,1065,Rhabdomyosarcoma wide Excision,8000,9200
48,1,1066,Congenital Atresia & Stenosis of Small Intestine,10350,11903
48,1,1067,Meconium ileus (Select CGHS rate Code 1033 for approved rate,8970,10316
48,1,1068,Malrotation & Volvulus of the Midgut,12500,14375
49,1,1069,Excision of Meckel’s Deverticulum,12500,14375
49,1,1070,Other Major Surgery-Paediatric Surgery,12500,14375
49,1,1071,Other Minor Surgery-Paediatric Surgery,9350,11000
49,1,1072,Skin Flaps - Thoracic,9350,11000
49,1,1073,Skin Flaps - Arm Etc.,11000,12650
49,1,1074,Subcutaneous Pedicle Flaps Raising,6900,7935
49,1,1075,Subcutaneous Pedicle Flaps Delay,5950,7000
49,1,1076,Subcutaneous Pedicle Flaps Transfer,5950,7000
49,1,1077,Cartilage Grafting,8625,9919
49,1,1078,Reduction of Facial Fractures of Nose,1380,1587
49,1,1079,Reduction of Facial Fractures of Maxilla,8000,9200
49,1,1080,Reduction of Fractures of Mandible & Maxilla - Eyelet Splinting,7475,8596
49,1,1081,Reduction of Fractures of Mandible & Maxilla - Cast Metal Splints,6900,7935
49,1,1082,Reduction of Fractures of Mandible & Maxilla - Gunning Splints,7500,8625
49,1,1083,Internal Wire Fixation of Mandible & Maxilla,11500,13225
49,1,1084,Cleft Lip - repair.,11500,13225
49,1,1085,Cleft Palate Repair,12650,14548
49,1,1086,Primary Bone Grafting for alveolar cleft in Cleft Lip,11500,13225
49,1,1087,Secondary Surgery for Cleft Lip Deformity,10000,11500
49,1,1088,Secondary Surgery for Cleft Palate,12650,14548
49,1,Sr. No.,CGHS TREATMENT PROCEDURE/INVESTIGATION LIST,Non- NABH/No,
49,1,1089,Reconstruction of Eyelid Defects - Minor,6325,7274
49,1,1090,Reconstruction of Eyelid Defects - Major,8500,9775
49,1,1091,Plastic Surgery of Different Regions of the Ear - Minor,8050,9258
50,1,1092,Plastic Surgery of Different Regions of the Ear - Major,10350,11903
50,1,1093,Plastic Surgery of the Nose - Minor,8050,9258
50,1,1094,Plastic Surgery of the Nose - Major,9500,10925
50,1,1095,Plastic Surgery for Facial Paralysis (Support with Reanimation),16100,18515
50,1,1096,Pendulous Breast - Mammoplasty,13000,14950
50,1,1097,Underdeveloped Breast Mammoplasty,12000,13800
50,1,1098,After Mastectomy (Reconstruction) Mammoplasty,12000,13800
50,1,1099,Syndactyly Repair,12750,15000
50,1,1100,Dermabrasion Face,13225,15209
50,1,1101,upto 30% Burns 1st Dressing,152,175
50,1,1102,upto 30% Burns Subsequent Dressing,124,143
50,1,1103,30% to 50% Burns 1st Dressing,193,222
50,1,1104,30% to 50% Burns Subsequent Dressing,152,175
50,1,1105,Extensive Burn -above 50% Frist Dressing,124,143
50,1,1106,Extensive Burn -above 50% Subsequent dressing,193,222
50,1,,TREATMENT PROCEDURE ORTHOPEDICS,,
50,1,1107,Plaster Work,255,300
50,1,1108,Fingers (post slab),259,298
50,1,1109,Fingers full plaster,259,298
50,1,1110,Colles Fracture - Below elbow,978,1125
50,1,1111,Colles Fracture - Full plaster,994,1143
50,1,1112,Colles fracture Ant. Or post. slab,400,460
50,1,1113,Above elbow full plaster,173,199
51,1,1114,Above Knee post-slab,575,661
51,1,1115,Below Knee full plaster,173,199
51,1,1116,Below Knee post-slab,718,826
51,1,1117,Tube Plaster (or plaster cylinder),800,920
51,1,1118,Above knee full plaster,1265,1455
51,1,1119,Above knee full slab,1158,1332
51,1,1120,Minerva Jacket,2415,2777
51,1,1121,Plaster Jacket,2185,2513
51,1,1122,Shoulder spica,1955,2248
51,1,1123,Single Hip spica,2243,2579
51,1,1124,Double Hip spica,2760,3174
51,1,1125,Strapping of Finger,179,206
51,1,1126,Strapping of Toes,180,207
51,1,1127,Strapping of Wrist,230,265
51,1,1128,Strapping of Elbow,262,301
51,1,1129,Strapping of Knee,345,397
51,1,1130,Strapping of Ankle,345,397
51,1,1131,Strapping of Chest,460,529
51,1,1132,Strapping of Shoulder,518,596
51,1,1133,Figure of 8 bandage,518,596
51,1,1134,Collar and cuff sling,255,300
51,1,1135,Ball bandage,400,460
51,1,1136,Application of POP Casts for Upper & Lower Limbs,633,728
52,1,1137,Application of Functional Cast Brace,1350,1553
52,1,1138,Application of Skin Traction,690,794
52,1,1139,Application of Skeletal Tractions,949,1091
52,1,1140,Bandage & Strappings for Fractures,552,635
52,1,1141,Aspiration & Intra Articular Injections,575,661
52,1,1142,Application of POP Spices & Jackets,2473,2844
52,1,1143,Close Reduction of Fractures of Limb & POP,2600,2990
52,1,1144,Reduction of Compound Fractures,2760,3174
52,1,1145,Open Reduction & Internal Fixation (ORIF) of Fingers & Toes,5175,5951
52,1,1146,Open Reduction of fracture of Long Bones of Upper / Lower Limb -Nailing & External Fixation,8050,9258
52,1,1147,Open Reduction of fracture of Long Bones of Upper / Lower Limb -AO Procedures,9660,11109
52,1,1148,Tension Band Wirings,5658,6507
52,1,1149,Bone Grafting,6601,7591
52,1,1150,Excision of Bone Tumours,6900,7935
52,1,1151,Excision or other Operations for Scaphoid Fractures,7188,8266
52,1,1152,Sequestrectomy & Saucerisation,6900,7935
52,1,1153,Sequestrectomy & Saucerizations -Arthrotomy,9971,11467
52,1,1154,Multiple Pinning Fracture Neck Femur,11500,13225
52,1,1155,Plate Fixations for Fracture Neck Femur,13500,15525
52,1,1156,AO Compression Procedures for Fracture Neck Femur,16560,19044
52,1,1157,Open Reduction of Fracture Neck Femur Muscle Pedicle Graft and Internal Fixations,19500,22425
52,1,1158,Close Reduction of Dislocations,3174,3650
52,1,1159,Open Reduction of Dislocations,3439,3955
53,1,1160,Open Reduction & Internal Fixation (ORIF) of Fracture Dislocation,13500,15525
53,1,1161,Neurolysis/Nerve repair,13800,15870
53,1,1162,Nerve Repair with Grafting,16675,19176
53,1,1163,Tendon with Transplant or Graft,10350,11903
53,1,1164,Tendon Lengthening/Tendon repair,8050,9258
53,1,1165,Tendon Transfer,3105,3571
53,1,1166,Laminectomy Excision Disc and Tumours,4830,5555
53,1,1167,Split Osteotomy and Internal Fixations,24150,27773
53,1,1168,Anterolateral decompression for tuberculosis/ Costo- Transversectomy,3450,3968
53,1,1169,Anterolateral Decompression and Spine Fusion,19350,22253
53,1,1170,Corrective Osteotomy & Internal Fixation- short bones,13800,15870
53,1,1171,Corrective Osteotomy & Internal Fixation- long bones,11040,12696
53,1,1172,Arthrodesis of - Minor Joints,10350,11903
53,1,1173,Arthrodesis of - Major Joints,10000,11500
53,1,1174,Soft Tissue Operations for Congenital Talipes Equinovarus (CTEV),8050,9258
53,1,1175,Soft Tissue Operations for Polio,6900,7935
53,1,1176,Hemiarthroplasty- Hip,20000,23000
53,1,1177,Hemiarthroplasty- Shoulder,20000,23000
53,1,1178,Operations for Brachial Plexus & Cervical Rib,24150,27773
53,1,1179,Amputations - Below Knee,6900,7935
53,1,1180,Amputations - Below Elbow,6843,7869
53,1,1181,Amputations - Above Knee,8050,9258
53,1,1182,Amputations - Above Elbow,6843,7869
54,1,1183,Amputations - Forequarter,13225,15209
54,1,1184,Amputations -Hind Quarter and Hemipelvectomy,18400,21160
54,1,1185,Disarticulations - Major joint,20700,23805
54,1,1186,Disarticulations - Minor joint,12650,14548
54,1,1187,Arthrography,9200,10580
54,1,1188,Arthroscopy - Diagnostic,8568,9853
54,1,1189,Arthroscopy-therapeutic: without implant,10000,11500
54,1,1190,Arthroscopy-therapeutic: with implant,17250,19838
54,1,1191,Soft Tissue Operation on Joints -Small,6900,7935
54,1,1192,Soft Tissue Operation on Joints -Large,13500,15525
54,1,1193,Myocutaneous and Fasciocutaneous Flap Procedures for Limbs,18630,21425
54,1,1194,Removal of Wires & Screw,1760,2024
54,1,1195,Removal of Plates,4140,4761
54,1,1196,Total Hip Replacement (THR),79000,90850
54,1,1197,Total Ankle Joint Replacement (TAR),95400,109710
54,1,1198,Total Knee Joint Replacement (TKR),110000,126500
54,1,1199,Total Shoulder Joint Replacement,79000,90850
54,1,1200,Total Elbow Joint Replacement,79000,90850
54,1,1201,Total Wrist Joint Replacement,100000,115000
54,1,1202,Total finger joint replacement,20000,23000
54,1,1203,Tubular external fixator,4600,5290
54,1,1204,Ilizarov's external fixator,7763,8927
54,1,1205,Pelvi-acetabular fracture -Internal fixation,8625,9919
55,1,1206,Meniscectomy,12000,13800
55,1,1207,Meniscus Repair,10000,11500
55,1,1208,Anterior Cruciate Ligament (ACL) Reconstruction,8500,9775
55,1,1209,Posterior Cruciate Ligament (PCL) Reconstruction,13500,15525
55,1,1210,Knee Collateral Ligament Reconstruction,12500,14375
55,1,1211,Bankart Repair Shoulder,13200,15180
55,1,1212,Rotator cuff repair / RC repair,1500,1725
55,1,1213,Biceps tenodesis,14000,16100
55,1,1214,Distal biceps tendon repair,10380,11937
55,1,1215,Arthrolysis of knee,12500,14375
55,1,1216,Capsulotomy of Shoulder,15800,18170
55,1,1217,Conservative Plaster of Paris (POP),1200,1380
55,1,1218,Application for CTEV per sitting,1200,1380
55,1,1219,Total Hip Replacement (THR) Revision Stage-I,17000,19550
55,1,1220,Total Hip Replacement (THR) Revision Stage-II,50000,57500
55,1,1221,Total Knee Replacement (TKR) Revision Stage-I,35000,40250
55,1,Sr. No.,CGHS TREATMENT PROCEDURE/INVESTIGATION LIST,Non- NABH/No,
55,1,1222,Total Knee Replacement (TKR) Revision Stage-II,35000,40250
55,1,1223,Illizarov/ external fixation for limb lengthening/ deformity correction,12500,14375
55,1,1224,Discectomy/ Micro Discectomy,12500,14375
55,1,1225,Laminectomy,4646,5343
55,1,1226,Spinal Fixation Cervical/dorsolumbar/ lumbosacral,16000,18400
55,1,1227,Fusion Surgery Cervical/ Lumbar Spine upto 2 Level,22000,25300
56,1,1228,Spinal Fusion Surgery Cervical/ Lumbar Spine -More than 2 Level,12000,13800
56,1,1229,Scoliosis Surgery/ Deformity Correction of Spine,25000,28750
56,1,1230,Vertebroplasty,12000,13800
56,1,1231,Spinal Injections,450,518
56,1,1232,Dynamic Hip Screw (DHS) for Fracture Neck Femur,15000,17250
56,1,1233,Proximal Femur Nail (PFN) for IT fracture (Intertrochanteric Fractures),14000,16100
56,1,1234,Spinal Osteotomy,1434,1649
56,1,1235,Illizarov’s / External Fixation for Trauma,13000,14950
56,1,1236,Soft Tissue Operations for Polio/ Cerebral Palsy,10557,12140
56,1,1237,Mini Fixator for Hand/Foot,9000,10350
56,1,1238,Other Major Surgery-Orthopedics,38250,43988
56,1,1239,Other Minor Surgery-Orthopedics,11883,13665
56,1,,TREATMENT PROCEDURE PHYSIOTHERAPY,,
56,1,1240,Ultrasonic therapy,78,90
56,1,1241,Shortwave Diathermy (SWD),78,90
56,1,1242,Electrical stimulation (therapeutic)/ Interferential therapy (IFT) /Transcutaneous Electrical Nerve Stimulation (TENS),78,90
56,1,1243,Muscle testing and diagnostic,71,82
56,1,1244,Infrared,78,90
56,1,1245,Ultraviolet Therapeutic (UV Therapeutic) dose,58,67
56,1,1246,Intermittent Lumbar Traction,78,90
56,1,1247,Intermittent Cervical traction,75,86
56,1,1248,Wax bath,75,86
56,1,1249,Hot pack,78,90
57,1,1250,Breathing Exercises & Postural Drainage,50,58
57,1,1251,Cerebral Palsy – exercise,50,58
57,1,1252,Post – polio exercise,50,58
57,1,,NUCLEAR MEDICINE / RADIOTHERAPY AND CHEMOTHERAPY,,
57,1,1253,Cobalt 60 therapy,Leave blank,Leave blank
57,1,1254,Cobalt 60 therapy- Radical therapy,68425,78689
57,1,1255,Cobalt 60 therapy- Palliative therapy,24438,28104
57,1,1256,Linear accelerator,Leave blank,Leave blank
57,1,1257,Linear accelerator- Radical therapy,58650,67448
57,1,1258,Linear accelerator- Palliative therapy,34213,39345
57,1,1259,3D Planning Radiotherapy,4888,5621
57,1,1260,2D Planning Radiotherapy,4888,5621
57,1,1261,IMRT(Intensity Modulated radiotherapy),100878,116010
57,1,1262,SRT (Stereotactic radiotherapy),60996,70145
57,1,1263,SRS(Stereotactic radio surgery),80546,92628
57,1,1264,IGRT(Image guided radiotherapy),147016,169068
57,1,1265,Respiratory Gating-alongwith Linear accelerator planning,110000,126500
57,1,1266,Electron beam with Linear accelerator,67473,77593
57,1,1267,Tomotherapy,79400,91310
57,1,,NUCLEAR MEDICINE / BRACHYTHERAPY- HIGH DOSE RADIATION,,
57,1,1268,Intracavitary (Brachytherapy),11730,13490
57,1,1269,Interstitial (Brachytherapy),58650,67448
57,1,1270,Intraluminal (Brachytherapy),9775,11241
57,1,1271,Surface mould (Brachytherapy),4644,5341
58,1,1272,Gliadel Wafer (Brachytherapy),93900,107985
58,1,,NUCLEAR MEDICINE / CHEMOTHERAPY,,
58,1,1273,Neoadjuvant Chemotherapy,863,992
58,1,1274,Adjuvant Chemotherapy,863,992
58,1,1275,Concurrent-chemoradiation,920,1058
58,1,1276,Single drug Chemotherapy,552,635
58,1,1277,Multiple drugs Chemotherapy,897,1032
58,1,1278,Targeted therapy-Chemotherapy,920,1058
58,1,1279,Chemoport facility,920,1058
58,1,1280,PICC line (peripherally inserted Central Cannulisation),920,1058
58,1,,LIST OF PROCEDURES/ TESTS IN GASTROENTEROLOGY / ENDOSCOPIC PROCEDURES,,
58,1,1281,Upper GI Endoscopy (Gastro endoscopy / Esophagogastroduodenoscopy (EGD) + Lower GI Endoscopy (Colonoscopy/ Sigmoidoscopy),1725,1984
58,1,1282,Diagnostic endoscopy,250,288
58,1,1283,Endoscopic biopsy,345,397
58,1,1284,Endoscopic mucosal resection,1543,1774
58,1,1285,Oesophageal stricture dilatation,1725,1984
58,1,1286,Balloon dilatation of achalasia cardia,2875,3306
58,1,1287,Gastrointestinal (GIT) Foreign body removal,1725,1984
58,1,1288,Oesophageal stenting,3000,3450
58,1,1289,Band ligation of oesophageal varices,2500,2875
58,1,1290,Sclerotherapy of oesophageal varices,2500,2875
58,1,1291,Glue injection of varices,2500,2875
58,1,1292,Argon plasma coagulation,4025,4629
59,1,1293,Pyloric balloon dilatation,2415,2777
59,1,1294,Enteranal stenting,3680,4232
59,1,1295,Duodenal stricture dilation,990,1139
59,1,1296,Single balloon enteroscopy,4000,4600
59,1,1297,Double balloon enteroscopy,3500,4025
59,1,1298,Capsule endoscopy,4950,5693
59,1,1299,Piles banding,1099,1264
59,1,1300,Colonic stricture dilatation,2737,3148
59,1,1301,Hot biopsy forceps procedures,3000,3450
59,1,1302,Colonic stenting,2737,3148
59,1,1303,Junction biopsy,2000,2300
59,1,1304,Conjugal microscopy,4000,4600
59,1,Sr. No.,CGHS TREATMENT PROCEDURE/INVESTIGATION LIST,Non- NABH/No,
59,1,1305,Endoscopic sphincterotomy,2415,2777
59,1,1306,Common Bile Duct (CBD) stone extraction,2415,2777
59,1,1307,Common Bile Duct (CBD) stricture dilatation,6500,7475
59,1,1308,Biliary stenting (plastic and metallic),4830,5555
59,1,1309,Mechanical lithotripsy of CBD stones,8000,9200
59,1,1310,Pancreatic sphincterotomy,6375,7331
59,1,1311,Pancreatic stricture dilatation,5750,6613
59,1,1312,Pancreatic stone extraction,10098,11613
59,1,1313,Mechanical lithotripsy of pancreatic stones,11385,13093
59,1,1314,Endoscopic cysto gastrostomy,8050,9258
60,1,1315,Balloon dilatation of papilla,6900,7935
60,1,1316,Ultrasound guided FNAC (Select CGHS rate Code 1603 for approved rate),See Code 1603,See Code 1603
60,1,1317,Ultrasound guided abscess Drainage,720,828
60,1,1318,Percutaneous Transhepatic Biliary Drainage (PTBD),1150,1323
60,1,1319,Diagnostic angiography,2000,2300
60,1,1320,Vascular embolization,15100,17365
60,1,1321,Transjugular Intrahepatic Portosystemic Shunt (TIPS),5400,6210
60,1,1322,Inferior vena cava (IVC) Venography and Hepatic vein (HV) Venography,34212,39344
60,1,1323,Muscular stenting,97750,112413
60,1,1324,Balloon-occluded Retrograde Intravenous Obliteration (BRTO),57500,66125
60,1,1325,Portal haemodymic studies,1913,2200
60,1,1326,Manometry and PH metry,1612,1854
60,1,1327,Oesophageal PH metry,5000,5750
60,1,1328,Oesophageal manometry,5000,5750
60,1,1329,Small bowel manometry,6800,7820
60,1,1330,Anorectal manometry,6800,7820
60,1,1331,Colonic manometry,7650,8798
60,1,1332,Biliary manometry,7650,8798
60,1,1333,Sengstaken Blakemore (SB) tube tamponade,2875,3306
60,1,1334,Lintas machles tube tempode,2875,3306
60,1,1335,Faecal / Fecal fat test/ fecal chymotrypsin/ fecal elastase,350,403
60,1,1336,Breath tests (Urea breath test/ H. pylori breath test),300,345
60,1,1337,Extracorporeal Shortwave Lithotripsy (ESWL) (Select CGHS rate Code 888 for approved rate),See code 888,See code 888
61,1,1338,Liver biopsy,1380,1587
61,1,,NAME OF INVESTIGATION / DENTAL,,
61,1,1339,Dental IOPA X-ray,50,58
61,1,1340,Occlusal X-ray,78,90
61,1,1341,OPG X-ray,196,225
61,1,,NAME OF INVESTIGATION / PULMONARY,,
61,1,1342,Lung Ventilation & Perfusion Scan (V/Q Scan),3600,4140
61,1,1343,Lung Perfusion Scan,2000,2300
61,1,,NAME OF INVESTIGATION / OSTEOLOGY,,
61,1,1344,Whole Body Bone Scan with SPECT.,3421,3934
61,1,1345,Three phase whole body Bone Scan,3421,3934
61,1,,NAME OF INVESTIGATION / NEUROSCIENCES,,
61,1,1346,Brain Perfusion SPECT Scan with Technetium 99m radiopharmaceuticals.,9775,11241
61,1,Sr. No.,CGHS TREATMENT PROCEDURE/INVESTIGATION LIST,Non- NABH/No,
61,1,1347,Radionuclide Cisternography for CSF leak,3740,4301
61,1,,NAME OF INVESTIGATION / GASTRO AND HEPATOBILIARY,,
61,1,1348,Gastro esophageal Reflux Study (GER Study),1955,2248
61,1,1349,Gastro intestinal Bleed (GloB.) Study with Technetium 99m labeled RBCs.,3421,3934
61,1,1350,Hepatobiliary Scintigraphy.,2444,2811
61,1,1351,Meckel's Scan,1955,2248
61,1,1352,Hepatosplenic scintigraphy with Technetium-99m radiopharmaceuticals,1870,2151
61,1,1353,Gastric emptying,1275,1466
61,1,,NAME OF INVESTIGATION / GENITOURINARY,,
62,1,1354,Renal Cortical Scintigraphy with Technetium 99m Dimercaptosuccinic acid (DMSA),3421,3934,
62,1,1355,Dynamic Renography.,3421,3934,
62,1,1356,Dynamic Renography with Diuretic.,3421,3934,
62,1,1357,Dynamic Renography with Captopril,1960,2254,
62,1,1358,Testicular Scan with Technetium 99m Pertechnetate,1445,1700,Rate revised w.e.f. 19.06.2023 & applicable in all CGHS cities
62,1,,NAME OF INVESTIGATION / ENDOCRINOLOGY,,,
62,1,1359,Thyroid Uptake measurements with 131-Iodine.,1564,1799,
62,1,1360,Thyroid Scan with Technetium 99m Pertechnetate.,1615,1900,Rate revised w.e.f. 19.06.2023 & applicable in all CGHS cities
62,1,1361,Iodine-131 Whole Body Scan,2933,3373,
62,1,1362,Whole Body Scan with MIBG,17595,20234,
62,1,1363,Parathyroid Scan,4888,5621,
62,1,,NAME OF INVESTIGATION / RADIO-ISOTOPE THERAPY,,,
62,1,1364,131-Iodine Therapy,1530,1760,
62,1,1365,131-Iodine Therapy <15mCi,3854,4432,
62,1,1366,131-Iodine Therapy 15-50mCi,4956,5699,
62,1,1367,131-Iodine Therapy 51-100mCi,12000,13800,
62,1,1368,131-Iodine Therapy >100mCi,15000,17250,
62,1,1369,Phosphorus-32 therapy for metastatic bone pain palliation,5000,5750,
62,1,1370,Samarium-153 therapy for metastatic bone pain palliation,10450,12018,
62,1,1371,Radiosynovectomy with Yttrium,21250,24438,
62,1,,NAME OF INVESTIGATION / CARDIOLOGY,,,
62,1,1372,Stress thallium / Myocardial Perfusion Scintigraphy,9450,10868,
62,1,1373,Rest thallium / Myocardial Perfusion Scintigraphy,8000,9200,
63,1,1374,Venography,3300,3795,
63,1,1375,Treadmill Test (TMT),950,1120,Rate revised w.e.f. 19.06.2023 & applicable in all CGHS cities
63,1,1376,Transoesophageal Echocardiography (TEE) (Select CGHS rate Code 595/596 for approved rate as the case,See Code 595/596,See Code 595/596,
63,1,1377,Lymph angiography,1613,1855,
63,1,,NAME OF INVESTIGATION / TUMOUR IMAGING,,,
63,1,1378,Scintimammography.,4800,5520,
63,1,1379,Indium labelled octreotide Scan,73313,84310,
63,1,Sr. No.,CGHS TREATMENT PROCEDURE/INVESTIGATION LIST,Non- NABH/No,,
63,1,,NAME OF INVESTIGATION / PET SCAN,,,
63,1,1380,FDG Whole body PET / CT Scan (with or without contrast),10000,11500,"Rate revised w.e.f. 19.12.2023 & applicable in all CGHS cities,"
63,1,1381,Brain / Heart FDG PET / CT Scan,10000,11500,"Rate revised w.e.f. 19.12.2023 & applicable in all CGHS cities,"
63,1,1382,Gallium-68 Peptide PET / CT imaging for Neuroendocrine Tumor,10000,11500,"Rate revised w.e.f. 19.12.2023 & applicable in all CGHS cities,"
63,1,,LABORATORY MEDICINE / CLINICAL PATHOLOGY,,,
63,1,1383,"Urine routine- pH, Specific gravity, sugar, protein and microscopy",35,40,
63,1,1384,Urine Microalbumin,70,81,
63,1,1385,Stool routine and Microscopy,35,40,
63,1,1386,Stool occult blood,24,28,
63,1,1387,Post coital smear examination,30,35,
63,1,1388,Semen analysis,35,40,
63,1,,LABORATORY MEDICINE / HAEMATOLOGY,,,
63,1,1389,Haemoglobin (Hb),18,21,
63,1,1390,Total Leucocytic Count (TLC),31,36,
63,1,1391,Differential Leucocytic Count (DLC),31,36,
63,1,1392,Erythrocyte Sedimentation Rate (ESR),25,29,
64,1,1393,"Total Red Cell count with MCV,MCH,MCHC,DRW",32,37
64,1,1394,"Complete Haemogram/CBC, Hb,RBC count and indices,TLC, DLC, Platelet, ESR, Peripheral smear examination",135,155
64,1,1395,Platelet count,48,55
64,1,1396,Reticulocyte count,48,55
64,1,1397,Absolute Eosinophil count (AEC),48,55
64,1,1398,Packed Cell Volume (PCV),13,15
64,1,1399,Peripheral Smear Examination,43,49
64,1,1400,Smear for Malaria parasite,41,47
64,1,1401,Bleeding Time,35,40
64,1,1402,Osmotic fragility Test,50,58
64,1,1403,Bone Marrow Smear Examination,70,81
64,1,1404,Bone Marrow Smear Examination with iron stain,250,288
64,1,1405,Bone Marrow Smear Examination and cytochemistry,440,506
64,1,1406,Activated partial ThromboplastinTime (APTT),102,117
64,1,1407,Rapid test for malaria(card test),44,51
64,1,1408,WBC cytochemistry for leukemia -Complete panel,110,127
64,1,1409,"Bleeding Disorder panel- PT, APTT, Thrombin Time Fibrinogen, D-Dimer/ Fibrinogen Degradation Products (FDP)",400,460
64,1,1410,Factor Assays-Factor VIII,720,828
64,1,1411,Factor Assays-Factor IX,680,782
64,1,1412,Platelet Function test,50,58
64,1,1413,"Tests for hypercoagulable states- Protein C, Protein S, Antithrombin",400,460
64,1,1414,Tests for lupus anticoagulant,150,173
64,1,1415,"Tests for Antiphospholipid antibody IgG, IgM (for cardiolipin and B2 Glycoprotein 1)",500,575
65,1,1416,Thalassemia studies (Red Cell indices and Hb HPLC),560,644
65,1,1417,Tests for Sickling / Hb HPLC),77,89
65,1,,LABORATORY MEDICINE / BLOOD BANK,,
65,1,1418,Blood Group & RH Type,30,35
65,1,1419,Cross match,50,58
65,1,1420,Coomb’s Test Direct,90,104
65,1,1421,Coomb’s Test Indirect,100,115
65,1,1422,3 cell panel- antibody screening for pregnant female,170,196
65,1,1423,11 cells panel for antibody identification,170,196
65,1,1424,Hepatitis B surface antigen (HBsAg),102,117
65,1,1425,Hepatitis C virus (HCV),128,147
65,1,1426,Human immunodeficiency virus- HIV I and II,150,173
65,1,1427,Venereal Disease Research Laboratory test (VDRL),43,49
65,1,1428,RH Antibody titer,80,92
65,1,1429,Platelet Concentrate,56,64
65,1,1430,Random Donor Platelet(RDP)- (Select CGHS rate Code 1828 for approved rate),See code 1828,See code 1828
65,1,1431,Single Donor Platelet (SDP- Apheresis)- (Select CGHS rate Code 1830 for approved rate),See code 1830,See code 1830
65,1,1432,Routine-H & E,90,104
65,1,1433,special stain,65,75
65,1,1434,Immunohistochemistry(IHC),750,863
65,1,1435,Histopathology Examination (HPE) Frozen section,780,897
65,1,1436,Histopathology Examination (HPE) Paraffin section,343,394
66,1,,LABORATORY MEDICINE / CYTOLOGY,,
66,1,1437,Pap Smear,150,173
66,1,1438,Body fluid for Malignant cells,150,173
66,1,1439,Fine Needle Aspiration Cytology (FNAC),200,230
66,1,,NAME OF INVESTIGATION / FLOW CYTOMETRY,,
66,1,1440,Leukemia panel /Lymphoma panel,1536,1766
66,1,1441,"Paroxysmal Nocturnal Hemoglobinuria (PNH) Panel- CD55,CD59",1000,1150
66,1,,LABORATORY MEDICINE / CYTOGENETIC STUDIES,,
66,1,1442,Karyotyping (Select CGHS rate code 677 for approved rate),See code 677,See code 677
66,1,1443,Fluorescent in situ hybridization (FISH),500,575
66,1,,LABORATORY MEDICINE / BIO-CHEMISTRY,,
66,1,1444,Blood Glucose Random / Blood Glucose Fasting / Blood Glucose PP,24,28
66,1,1445,"24 hrs urine for Proteins,Sodium, creatinine",50,58
66,1,1446,Blood Urea Nitrogen (BUN) / Urea,54,62
66,1,1447,Serum Creatinine,55,63
66,1,1448,Urine Bile Pigment and Salt,25,29
66,1,1449,Urine Urobilinogen,20,23
66,1,1450,Urine Ketones,30,35
66,1,1451,Urine Occult Blood,35,40
66,1,1452,Urine total proteins,18,21
66,1,1453,Rheumatoid Factor / Rh Factor test,100,115
66,1,1454,Bence Jones protein,47,54
66,1,Sr. No.,CGHS TREATMENT PROCEDURE/INVESTIGATION LIST,Non- NABH/No,
66,1,1455,Serum Uric Acid,55,63
67,1,1456,Serum Bilirubin total & direct,80,92
67,1,1457,Serum Iron,90,104
67,1,1458,C reactive Protein (CRP),100,115
67,1,1459,C reactive Protein (CRP) Quantitative,160,184
67,1,1460,"Body fluid (CSF/Ascitic Fluid etc.)Sugar, Protein etc.",90,104
67,1,1461,Albumin.,18,21
67,1,1462,Creatinine clearance,80,92
67,1,1463,Serum Cholesterol,62,71
67,1,1464,Total Iron Binding Capacity (TIBC),80,92
67,1,1465,Glucose (Fasting & PP),47,54
67,1,1466,Serum Calcium –Total,60,69
67,1,1467,Serum Calcium –Ionic,44,51
67,1,1468,Serum Phosphorus,60,69
67,1,1469,Total Protein Albumin/Globulin ratio (A/G Ratio),50,58
67,1,1470,Immunoglobulin G (IgG),250,288
67,1,1471,Immunoglobulin M(IgM),250,288
67,1,1472,Immunoglobulin A(IgA),250,288
67,1,1473,Antinuclear antibody (ANA),200,230
67,1,1474,Anti-double stranded DNA (anti-dsDNA),350,403
67,1,1475,Serum glutamic pyruvic transaminase (SGPT) / Alanine Aminotransferase (ALT),55,63
67,1,1476,Serum Glutamic oxaloacetic transaminase (SGOT) / Aspartate Aminotransferase (AST),55,63
67,1,1477,Serum amylase,117,135
67,1,1478,Serum Lipase,130,150
68,1,1479,Serum Lactate,72,83
68,1,1480,Serum Magnesium,100,115
68,1,1481,Serum Sodium,50,58
68,1,1482,Serum Potassium,50,58
68,1,1483,Serum Ammonia,100,115
68,1,1484,Anemia Profile,204,235
68,1,1485,Serum Testosterone,150,173
68,1,1486,Imprint Smear From Endoscopy,240,276
68,1,1487,Triglycerides,75,86
68,1,1488,Glucose Tolerance Test (GTT),90,104
68,1,1489,Triple Marker.,800,920
68,1,1490,Creatine Phosphokinase (CPK)/Creatine Kinase (CK),100,115
68,1,1491,Foetal Haemoglobin (HbF),85,98
68,1,1492,Prothrombin Time (PT)/ International normalized ratio (INR),110,127
68,1,1493,Lactate dehydrogenase (LDH),100,115
68,1,1494,Alkaline Phosphatase,60,69
68,1,1495,Acid Phosphatase,78,90
68,1,1496,CPK MB/CK MB,190,219
68,1,1497,CK MB Mass/CPK MB Mass,140,161
68,1,1498,Troponin I,100,115
68,1,1499,Troponin T,600,690
68,1,1500,Glucose-6-Phosphate Dehydrogenase (G6PD),100,115
68,1,1501,Lithium.,130,150
69,1,1502,Dilantin (phenytoin).,400,460
69,1,1503,Carbamazepine.,400,460
69,1,1504,Valproic acid.,300,345
69,1,1505,Ferritin (Select CGHS rate code 1517 for approved rate),See code 1517,See code 1517
69,1,1506,Blood gas analysis / Arterial Blood Gas (ABG),120,138
69,1,1507,Blood gas analysis / Arterial Blood Gas (ABG) with electrolytes,460,529
69,1,1508,Urine pregnancy test,65,75
69,1,1509,Tests for Antiphospholipid antibodies syndrome.,280,322
69,1,1510,Glycosylated Haemoglobin (HbA1c),130,150
69,1,1511,Haemoglobin Electrophoresis/ Hb HPLC (Select CGHS rate,See code 1417,See code 1417
69,1,1512,Kidney Function Test (KFT),225,259
69,1,1513,Liver Function Test (LFT),225,259
69,1,1514,"Lipid Profile. (Total cholesterol, LDL, HDL, Triglycerides)",200,230
69,1,,Nutritional Markers,,
69,1,1515,Serum Iron,90,104
69,1,1516,Total Iron Binding Capacity (Select CGHS rate code 1464,See code 1464,See code 1464
69,1,1517,Serum Ferritin,100,115
69,1,1518,Vitamin B12 assay.,250,288
69,1,1519,Folic Acid assay.,300,345
69,1,1520,"Extended Lipid Profile. (Total cholesterol, LDL, HDL, Triglycerides Apo A1,Apo B,Lp (a) )",595,684
69,1,1521,Apolipoprotein A1 (ApoA1),200,230
69,1,1522,Apolipoprotein B (Apo B),199,229
70,1,1523,Lipoprotein A / Lp A,445,512
70,1,1524,"CD 3,4 and 8 counts",170,196
70,1,1525,"CD 3,4 and 8 percentage",170,196
70,1,1526,Low density lipoprotein (LDL),62,71
70,1,1527,Homocysteine.,400,460
70,1,1528,Haemoglobin (Hb) Electrophoresis/ (Select CGHS rate code 1417 for approved rate),See code 1417,See code 1417
70,1,1529,Serum Electrophoresis,220,253
70,1,1530,Fibrinogen.,165,190
70,1,1531,Chloride.,60,69
70,1,1532,Magnesium.,150,173
70,1,1533,Gamma-Glutamyl Transpeptidase (GGTP),90,104
70,1,1534,Lipase.,239,275
70,1,1535,Fructosamine.,200,230
70,1,1536,Beta 2 microglobulin (B2M) /β2 microglobulin,90,104
70,1,1537,Catecholamines,1050,1208
70,1,1538,Creatinine clearance (Select CGHS Rate Code 1462),See code 1462,See code 1462
70,1,,NAME OF INVESTIGATION / TUMOUR MARKERS,,
70,1,1539,Prostate Specific antigen (PSA)- Total.,312,359
70,1,1540,Prostate-specific antigen (PSA) - Free.,375,431
70,1,1541,Alpha Fetoprotein (AFP),300,345
70,1,1542,Human chorionic gonadotropin (HCG)/ Beta HCG,289,332
70,1,Sr. No.,CGHS TREATMENT PROCEDURE/INVESTIGATION LIST,Non- NABH/No,
70,1,1543,Cancer Antigen 125 (CA 125),391,450
71,1,1544,Cancer Antigen 19.9 (CA 19.9),616,708
71,1,1545,Cancer Antigen 15.3 (CA 15.3),560,644
71,1,1546,Vanillylmandelic Acid (VMA),350,403
71,1,1547,Calcitonin,500,575
71,1,1548,Carcinoembryonic Antigen (CEA),340,391
71,1,,OTHERS,,
71,1,1549,Immunofluorescence,150,173
71,1,1550,Direct(Skin and kidney Disease),425,489
71,1,1551,Indirect (antids DNA Anti Smith ANCA),425,489
71,1,1552,Calcidiol / 25-hydroxycholecalciferol / Vitamin D3 assay (Vit D3),550,633
71,1,1553,Serum Protein electrophoresis with immunofixation electrophoresis (IFE),300,345
71,1,1554,BETA-2 Microglobulin assay (Select CGHS rate code 1536 for approved rate),See code 1536,See code 1536
71,1,1555,Anti-Cyclic Citrullinated Peptide (Anti CCP),450,518
71,1,1556,Anti-tissue Transglutaminase antibody (Anti TTG Antibody),425,489
71,1,,HORMONES,,
71,1,1557,Serum Erythropoietin,425,500
71,1,1558,Adrenocorticotropic Hormone (ACTH),500,575
71,1,1559,"T3, T4, TSH -Thyroid Function Test (TFT)",200,230
71,1,1560,Triiodothyronine- T3,64,74
71,1,1561,Tetraiodothyronine T4,64,74
71,1,1562,Thyroid stimulating hormone (TSH),90,104
71,1,1563,Luteinizing hormone (LH),150,173
71,1,1564,Follicle stimulating hormone (FSH),150,173
72,1,1565,Prolactin,150,173
72,1,1566,Cortisol,250,288
72,1,1567,PTH(Parathormone),500,575
72,1,1568,C-Peptide (C Peptide / Connecting Peptide),330,380
72,1,1569,Insulin.,150,173
72,1,1570,Progesterone.,225,259
72,1,1571,17 Hydroxyprogesterone (17 OH Progesterone),440,506
72,1,1572,Dehydroepiandrosterone sulfate (DHEAS),440,506
72,1,1573,Androstenedione,600,690
72,1,1574,Growth Hormone.,340,391
72,1,,LABORATORY/ MEDICINE/CLINICAL PATHOLOGY,,
72,1,1575,Thyroid peroxidase antibody (TPO),300,345
72,1,1576,Thyroglobulin.,300,345
72,1,1577,Hydatic Serology.,318,366
72,1,1578,Anti Sperm Antibodies.,380,437
72,1,1579,Hepatitis B Virus (HBV) DNA Qualitative,2000,2300
72,1,1580,Hepatitis B Virus (HBV) DNA Quantitative.,1500,1725
72,1,1581,Hepatitis C Virus (HCV) RNA Qualitative.,1691,1945
72,1,1582,Human papillomaviruse (HPV) Serology,218,251
72,1,1583,Rota Virus serology,130,150
72,1,1584,PCR for Tuberculosis (TB),900,1035
72,1,1585,PCR for Human immunodeficiency virus (HIV),600,690
72,1,1586,Chlamydae antigen,850,978
73,1,1587,Chlamydae antibody,238,274,
73,1,1588,Brucella serology,230,265,
73,1,1589,Influenza A serology,943,1084,
73,1,,"USG, X-RAY , CT, MRI, BONE DENSITOMETRY",,,
73,1,1590,USG Obstetrics for Anomalies scan,1700,2000,Rate revised w.e.f. 19.06.2023 & Applicable inall CGHS cities
73,1,1591,USG Whole Abdomen / KUB including post-void residual (PVR),680,800,Rate revised w.e.f. 19.06.2023 & Applicable inall CGHS cities
73,1,1592,"USG Pelvis / Gynae (Gynae, Infertility , Prostate with PVR)",425,500,Rate revised w.e.f. 19.06.2023 & Applicable inall CGHS cities
73,1,1593,"USG Small parts (scrotum, thyroid, parathyroid etc)",349,401,
73,1,1594,USG Neonatal head (Transfontanellar),425,489,
73,1,1595,USG Neonatal spine,500,575,
73,1,1596,USG Contrast enhanced,900,1035,
73,1,1597,USG Breast- Bilateral / Unilateral,680,800,Rate revised w.e.f. 19.06.2023 & Applicable inall CGHS cities
73,1,1598,USG Hysterosalpingography (HSG),2040,2400,Rate revised w.e.f. 19.06.2023 & Applicable inall CGHS cities
73,1,1599,Carotid Doppler,850,978,
73,1,1600,Arterial Colour Doppler,706,812,
73,1,1601,Venous Colour Doppler,706,812,
73,1,1602,"Colour Doppler, renal arteries/any other organ",800,920,
73,1,1603,USG guided intervention- FNAC,1530,1800,Rate revised w.e.f. 19.06.2023 & Applicable inall CGHS cities
73,1,1604,USG guided intervention - biopsy,720,828,
73,1,1605,USG guided intervention - nephrostomy,800,920,
73,1,,X-Ray,,,
73,1,1606,X Ray Abdomen AP Supine or Erect (One film),215,250,Rate revised w.e.f. 19.06.2023 & Applicable inall CGHS cities
74,1,1607,X Ray Abdomen Lateral view (one film),128,147,
74,1,1608,X Ray Chest PA /AP/ Oblique view (one film),195,230,Rate revised w.e.f. 19.06.2023 & Applicable inall CGHS cities
74,1,1609,X Ray Chest Lateral (one film),195,230,Rate revised w.e.f. 19.06.2023 & Applicable inall CGHS cities
74,1,1610,"X ray Mastoids: Towne view, oblique views (3 films)",250,288,
74,1,1611,"X Ray Extremities (Hand/Leg/Feet/Finger/Toe) bones & Joints (Hip/ Knee/Ankle / shoulder/ Wrist / fingers /Toes, etc) AP & Lateral views (Two films)",255,293,
74,1,1612,X Ray Pelvis AP (one film),110,127,
74,1,1613,X Ray Temporomandibular (TM) Joints (one film),110,127,
74,1,1614,X Ray Abdomen & Pelvis for KUB,128,147,
74,1,1615,X Ray Skull AP & Lateral (2 films),255,293,
74,1,1616,X Ray Spine AP & Lateral (2 films),250,288,
74,1,1617,X Ray Paranasal sinuses (PNS) view (1 film),110,127,
74,1,,X-ray CONTRAST STUDIES,,,
74,1,1618,Barium Swallow,510,587,
74,1,1619,Barium Upper GI study,800,920,
74,1,1620,Barium Upper GI study (Double contrast),935,1075,
74,1,1621,Barium Meal follow through,935,1075,
74,1,1622,Barium Enema (Single contrast/double contrast),850,978,
74,1,1623,Small bowel enteroclysis,1020,1173,
74,1,1624,ERCP (Endoscopic Retrograde Cholangio – Pancreatography),2500,2875,
74,1,1625,General:Fistulography / Sinography/Sialography /Dacrocystography/ T-Tube cholangiogram /Nephrostogram,638,734,
74,1,1626,Percutaneous transhepatic cholangiography (PTC),1440,1656,
74,1,Sr. No.,CGHS TREATMENT PROCEDURE/INVESTIGATION LIST,Non- NABH/No,,
74,1,1627,Intravenous Pyelography (IVP),1400,1650,Rate revised w.e.f. 19.06.2023 & Applicable inall CGHS cities
75,1,1628,Micturating Cystourethrography (MCU),950,1120,Rate revised w.e.f. 19.06.2023 & Applicable inall CGHS cities
75,1,1629,Retrograde Urethrography (RGU),950,1120,Rate revised w.e.f. 19.06.2023 & Applicable inall CGHS cities
75,1,1630,Contrast Hystero-Salpingography (HSG),1020,1173,
75,1,1631,X ray Arthrography,700,805,
75,1,1632,Cephalography,150,173,
75,1,1633,Myelography,2750,3163,
75,1,1634,Diagnostic Digital Subtraction Angiography (DSA),1749,2011,
75,1,,MAMMOGRAPHY,,,
75,1,1635,X ray Mammography – Bilateral / unilateral,1170,1375,Rate revised w.e.f. 19.06.2023 & Applicable inall CGHS cities
75,1,1636,MRI Mammography,2550,2933,
75,1,,Computed Tomography (CT) Scan,,,
75,1,1637,CT Scan Head-Without Contrast / NCCT Head,880,1035,Rate revised w.e.f. 19.06.2023 & Applicable inall CGHS cities
75,1,1638,CT Scan Head- with Contrast -including CT angiography,1350,1553,
75,1,1639,CT Scan Chest - without contrast (for lungs),1700,1955,
75,1,1640,CT Scan Lower Abdomen (incl. Pelvis) With Contrast,1700,1955,
75,1,1641,CT Scan Lower Abdomen (Incl. Pelvis) Without Contrast,1500,1725,
75,1,1642,CT Scan Whole Abdomen Without Contrast,3000,3450,
75,1,1643,CT Scan Whole Abdomen With Contrast,4500,5175,
75,1,1644,Triple Phase CT abdomen,4500,5175,
75,1,1645,CT Scan angiography abdomen/ Chest,4500,5175,
75,1,1646,CT Scan Enteroclysis,6000,6900,
75,1,1647,CT Scan Neck – Without Contrast,1500,1725,
75,1,1648,CT Scan Neck – With Contrast,1870,2151,
76,1,1649,CT Scan Orbits - Without Contrast,1190,1369,
76,1,1650,CT Scan Orbits - With Contrast,1615,1857,
76,1,1651,CT Scan of Para Nasal Sinuses (CT PNS)- Without Contrast,900,1035,
76,1,1652,CT Scan of Para Nasal Sinuses (CT PNS)- With Contrast,1600,1840,
76,1,1653,"CT Scan Spine (Cervical, Dorsal, Lumbar, Sacral)–without Contrast",1500,1725,
76,1,1654,CT Scan Temporal bone – without contrast,893,1027,
76,1,1655,CT Scan- Dental,1275,1466,
76,1,1656,CT Scan Limbs -Without Contrast,1700,1955,
76,1,1657,CT Scan Limbs -With Contrast including CT angiography,2253,2591,
76,1,1658,CT Guided intervention –FNAC,1200,1380,
76,1,1659,CT Guided Trucut Biopsy,1200,1380,
76,1,1660,CT Guided intervention -percutaneous catheter drainage/tube placement,1305,1501,
76,1,,MRI,,,
76,1,1661,MRI Head / Brain – Without Contrast,2125,2500,Rate revised w.e.f. 19.06.2023 & Applicable inall CGHS cities
76,1,1662,MRI Head / Brain– With Contrast,2848,3275,
76,1,1663,MRI Orbits – Without Contrast,1445,1700,Rate revised w.e.f. 19.06.2023 & Applicable inall CGHS cities
76,1,1664,MRI Orbits – With Contrast,2000,2300,
76,1,1665,MRI Nasopharynx and PNS – Without Contrast,2450,2818,
76,1,1666,MRI Nasopharynx and PNS – With Contrast,3500,4025,
76,1,Sr. No.,CGHS TREATMENT PROCEDURE/INVESTIGATION LIST,Non- NABH/No,,
76,1,1667,MR for Salivary Glands with Sialography,3000,3450,
76,1,1668,MRI Neck - Without Contrast,3000,3450,
76,1,1669,MRI Neck- with contrast,5000,5750,
76,1,1670,MRI Shoulder – Without contrast,2000,2300,
77,1,1671,MRI Shoulder – With contrast,2600,2990,
77,1,1672,MRI shoulder both Joints - Without contrast,3000,3450,
77,1,1673,MRI Shoulder both joints – With contrast,4000,4600,
77,1,1674,MRI Wrist Single joint - Without contrast,2550,3000,Rate revised w.e.f. 19.06.2023 & Applicable inall CGHS cities
77,1,1675,MRI Wrist Single joint - With contrast,4000,4600,
77,1,1676,MRI Wrist both joints - Without contrast,3400,4000,Rate revised w.e.f. 19.06.2023 & Applicable inall CGHS cities
77,1,1677,MRI Wrist Both joints - With contrast,5000,5750,
77,1,1678,MRI knee Single joint - Without contrast,2550,3000,Rate revised w.e.f. 19.06.2023 & Applicable inall CGHS cities
77,1,1679,MRI knee Single joint - With contrast,5000,5750,
77,1,1680,MRI knee both joints - Without contrast,3400,4000,Rate revised w.e.f. 19.06.2023 & Applicable inall CGHS cities
77,1,1681,MRI knee both joints - With contrast,5000,5750,
77,1,1682,MRI Ankle Single joint - Without contrast,2125,2444,
77,1,1683,MRI Ankle single joint - With contrast,4250,5000,Rate revised w.e.f. 19.06.2023 & Applicable inall CGHS cities
77,1,1684,MRI Ankle both joints - With contrast,5525,6500,Rate revised w.e.f. 19.06.2023 & Applicable inall CGHS cities
77,1,1685,MRI Ankle both joints - Without contrast,2500,2875,
77,1,1686,MRI Hip - With contrast,2500,2875,
77,1,1687,MRI Hip – without contrast,2125,2444,
77,1,1688,MRI Pelvis – Without Contrast,2125,2444,
77,1,1689,MRI Pelvis – with contrast,5000,5750,
77,1,1690,MRI Extremities - With contrast,5000,5750,
77,1,1691,MRI Extremities - Without contrast,2125,2444,
77,1,1692,MRI Temporomandibular – B/L - With contrast,4000,4600,
77,1,1693,MRI Temporomandibular – B/L - Without contrast,2125,2444,
78,1,1694,MR Temporal Bone/ Inner ear with contrast,4000,4600,
78,1,1695,MR Temporal Bone/ Inner ear without contrast,2500,2875,
78,1,1696,MRI Abdomen – Without Contrast,2125,2444,
78,1,1697,MRI Abdomen – With Contrast,5000,5750,
78,1,1698,MRI Breast - With Contrast,4250,4888,
78,1,1699,MRI Breast - Without Contrast,2125,2444,
78,1,1700,MRI whole Spine Screening- Without Contrast,1700,2000,Rate revised w.e.f. 19.06.2023 & Applicable inall CGHS cities
78,1,1701,MRI Chest – Without Contrast,2125,2444,
78,1,1702,MRI Chest – With Contrast,4000,4600,
78,1,1703,MRI Whole spine – Without Contrast,3400,4000,Rate revised w.e.f. 19.06.2023 & Applicable inall CGHS cities
78,1,1704,MRI Cervical/ Cervico Dorsal Spine – With Contrast,4000,4600,
78,1,1705,MRI Dorsal/ Dorso Lumbar Spine - Without Contrast,2125,2444,
78,1,1706,MRI Dorsal/ Dorso Lumbar Spine – With Contrast,4000,4600,
78,1,1707,MRI Lumbar/ Lumbo-Sacral Spine – Without Contrast,2125,2444,
78,1,1708,MRI Lumbar/ Lumbo-Sacral Spine – With Contrast,5000,5750,
78,1,1709,Whole body MRI (For oncological workup),5100,5865,
78,1,1710,MR cholecysto-pancreatography (MRCP),5500,6325,
78,1,1711,MRI Angiography - with contrast,5000,5750,
78,1,1712,MR Enteroclysis,2125,2444,
78,1,,BONE DENSITOMETRY (DEXA SCAN),,,
78,1,Sr. No.,CGHS TREATMENT PROCEDURE/INVESTIGATION LIST,Non- NABH/No,,
78,1,1713,Dexa Scan Bone Densitometry - Two sites,1500,1725,
78,1,1714,"Dexa Scan Bone Densitometry - Three sites (Spine, Hip &extremity)",2000,2300,
79,1,1715,Dexa Scan Bone Densitometry Whole body,2450,2818
79,1,,NEUROLOGICAL INVESTIGATIONS AND PROCEDURES,,
79,1,1716,Electroencephalogram (EEG)/ Video EEG,298,343
79,1,1717,Electromyography (EMG),638,734
79,1,1718,"Nerve conduction velocity (NCV), -two or more limbs",638,734
79,1,1719,Repititive nerve stimulation (RNS)-Decremental response (before and after neostigmine),595,684
79,1,1720,Repetitive nerve stimulation (RNS)-Incremental response,595,684
79,1,1721,Somatosensory evoked potentials (SSEP),638,734
79,1,1722,Polysomnography (PSG) / Sleep study,638,734
79,1,1723,Brachial plexus study,638,734
79,1,1724,Muscle biopsy,383,440
79,1,1725,Acetylcholine receptor (AChR) antibody titre,1848,2125
79,1,1726,Anti muscle specific receptor tyrosine kinase (Anti MuSK) antibody titre,2340,2691
79,1,1727,Serum copper,500,575
79,1,1728,Serum ceruloplasmin,450,518
79,1,1729,Urinary copper,500,575
79,1,1730,Serum homocysteine,450,518
79,1,1731,Serum valproate level,315,362
79,1,1732,Serum phenobarbitone level,350,403
79,1,1733,Coagulation profile,553,636
79,1,1734,"Protein C, Protein S, Antithrombin–III (Select CGHS rate code 1413 for approved rates)",See code 1413,See code 1413
79,1,1735,Serum lactate level (Select CGHS rate code 1479 for approved rate),See code 1479,See code 1479
79,1,,CSF / All Body Fluids (Blood / Urine / Ascites / Pleural Fluids/ Pus / Sputum etc),,
80,1,1736,"Basic studies including cell count, protein, sugar, gram stain,India Ink preparation and smear for AFB",240,276
80,1,1737,Special studies,1000,1150
80,1,1738,PCR for tuberculosis/ Herpes simplex,1200,1380
80,1,1739,Bacterial culture and sensitivity,200,230
80,1,1740,Mycobacterial culture and sensitivity,200,230
80,1,1741,Fungal culture,128,147
80,1,1742,Malignant cells (Cytology),64,74
80,1,1743,Anti measles antibody titre (with serum antibody titre),890,1024
80,1,1744,Viral culture,255,293
80,1,1745,"Antibody titre (Herpes simplex, cytomegalo virus, flavivirus, zoster varicella virus)",760,874
80,1,1746,Oligoclonal bands (OCBs),1200,1380
80,1,1747,Myelin basic protein (MBP),1871,2125
80,1,1748,Lactate (Select CGHS rate code 1479 for approved rate),See code 1479,See code 1479
80,1,1749,Cryptococcal antigen,1138,1309
80,1,,TESTS IN GASTRO-ENTEROLOGY,,
80,1,1750,D xylase test,850,978
80,1,1751,Faecal / Fecal fat test/ fecal chymotrypsin/ fecal elastase (select CGHS rate code 1335 approved at rate),See code 1335,See code 1335
80,1,1752,Breath tests (Select CGHS rate code 1336 for approved rate),See code 1336,See code 1336
80,1,Sr. No.,CGHS TREATMENT PROCEDURE/INVESTIGATION LIST,Non- NABH/No,
80,1,1753,H pylori serology for Coeliac disease /Celiac disease,500,575
80,1,1754,HBV genotyping,2500,2875
80,1,1755,HCV genotyping,4875,5606
80,1,,TESTS IN ENDOCRINOLOGY ( IN ADDITION TO THOSE INCLUDED UNDER HORMONES),,
80,1,1756,Urinary vanillylmandelic acid (VMA),1500,1725
81,1,1757,Urinary metanephrine/Normetanephrine,1138,1309
81,1,1758,Urinary free catecholamine,1690,1944
81,1,1759,Serum catecholamine,3400,3910
81,1,1760,Serum aldosterone,1125,1294
81,1,1761,24 Hr urinary aldosterone,920,1058
81,1,1762,Plasma renin activity,1000,1150
81,1,1763,Serum aldosterone/renin ratio,1200,1380
81,1,1764,Osmolality urine,128,147
81,1,1765,Osmolality serum,128,147
81,1,1766,Urinary sodium,80,92
81,1,1767,Urinary Chloride,43,49
81,1,1768,Urinary potassium,80,92
81,1,1769,Urinary calcium,80,92
81,1,1770,Thyroid binding globulin,510,587
81,1,1771,24-hour urinary free cortisol,200,230
81,1,1772,Islet cell antibody,750,863
81,1,1773,Glutamic Acid Decarboxylase Autoantibodies test (GAD antibodies),1330,1530
81,1,1774,Insulin associated antibody,449,516
81,1,1775,Insulin-like growth factor-1 (IGF-1),1500,1725
81,1,1776,Insulin-like growth factor binding protein 3 (IGF- BP3),1650,1898
81,1,1777,Sex hormone binding globulin,1333,1533
81,1,1778,USG guided FNAC thyroid gland,387,445
81,1,1779,Estradiol (E2),208,239
82,1,1780,Thyroglobulin antibody,587,675,
82,1,ADDED W.E.F. 14.01.2020 TREATMENT PROCEDURE & INVESTIGATIONS: UNSPECIFIED,,,,
82,1,Sr. No.,CGHS TREATMENT PROCEDURE/INVESTIGATION LIST,Non NABH/No,NABH/NABL rates in Rupee,
82,1,1781,"Kappa Lambda Light Chains, Free, Serum/ Serum free light chains (SFLC)",3500,4025,Rate added w.e.f. 14.01.2020 & applicable in all CGHS cities
82,1,1782,Serum IGE Level,300,345,Rate added w.e.f. 14.01.2020 & applicable in all CGHS cities
82,1,1783,N-terminal pro BNP (NT-pro BNP / Brain natriuretic peptide (BNP),1800,2070,Rate added w.e.f. 14.01.2020 & applicable in all CGHS cities
82,1,1784,Contrast Enhanced Computed Tomograpy (CECT) Chest (Including CD),2445,2875,Raterevised w.e.f. 19.06.2023 & applicable in all CGHS cities
82,1,1785,MRI-Prostate (Multi-parametric) (Including CD),6000,6900,Rate added w.e.f. 14.01.2020 & applicable in all CGHS cities
82,1,1786,HCV RNA Quantitative,1500,1725,Rate added w.e.f. 14.01.2020 & applicable in all CGHS cities
82,1,1787,Tacrolimus,2300,2645,Rate added w.e.f. 14.01.2020 & applicable in all CGHS cities
82,1,1788,"Protein Creatinine Ratio (PCR), Urine / Albumin Creatinine Ratio (ACR), Urine",120,138,Rate added w.e.f. 14.01.2020 & applicable in all CGHS cities
82,1,1789,Fibroscan Liver,1000,1150,Rate added w.e.f. 14.01.2020 & applicable in all CGHS cities
82,1,1790,HLA B27 (PCR),500,575,Rate added w.e.f. 14.01.2020 & applicable in all CGHS cities
82,1,1791,Mantoux Test,175,200,Rate added w.e.f. 14.01.2020 & applicable in all CGHS cities
82,1,1792,Procalcitonin,1800,2070,Rate added w.e.f. 14.01.2020 & applicable in all CGHS cities
82,1,1793,TORCH Test,1120,1288,Rate added w.e.f. 14.01.2020 & applicable in all CGHS cities
82,1,1794,Intracoronary optical coherence tomography (OCT) / Intravascular optical coherence tomography (IVOCT) / Intravascular Ventricular Assist System,65000,65000,"Rate revised w.e.f. 19.12.2023 & applicable in all CGHS cities, Differential rates are not applicable, Rate is same for both NABH and Non- NABH Accredited HCO’s and Shall not be part of any other procedure"
82,1,1795,Fractional flow reserve (FFR)- inclusive of cost of wire,See code585,See code585,Rate revised w.e.f. 19.12.2023 & applicable in all CGHS cities
82,1,Sr. No.,CGHS TREATMENT PROCEDURE/INVESTIGATION LIST,Non- NABH/No,NABH/L Rates,
82,1,1796,Anti –Smooth Muscle Antibody Test (ASMA),1241,1460,Rate added w.e.f. 03.06.2020 & applicable in all CGHS cities
82,1,1797,C ANCA-IFA,1275,1500,Rate added w.e.f. 03.06.2020 & applicable in all CGHS cities
83,1,1798,P ANCA-IFA,1275,1500,Rate added w.e.f. 03.06.2020 & applicable in all CGHS cities
83,1,1799,Angiotensin converting enzyme (ACE),850,1000,Rate added w.e.f. 03.06.2020 & applicable in all CGHS cities
83,1,1800,Endo bronchial Ultrasound (EBUS) -Trans bronchial needle aspiration (TBNA) -Using New Needle,15614,18370,Rate added w.e.f. 03.06.2020 & applicable in all CGHS cities
83,1,1801,Extractable Nuclear Antigens (ENA) - Quantitative,4250,4600,Rate added w.e.f. 03.06.2020 & applicable in all CGHS cities
83,1,1802,Chromogranin A,4250,5000,Rate added w.e.f. 03.06.2020 & applicable in all CGHS cities
83,1,1803,Faecal calprotectin (fecal calprotectin),2320,2730,Rate added w.e.f. 03.06.2020 & applicable in all CGHS cities
83,1,1804,C3-COMPLEMENT,552,650,Rate added w.e.f. 03.06.2020 & applicable in all CGHS cities
83,1,1805,C4-COMPLEMENT,552,650,Rate added w.e.f. 03.06.2020 & applicable in all CGHS cities
83,1,1806,Genexpert Test,880,1035,Rate added w.e.f. 03.06.2020 & applicable in all CGHS cities
83,1,1807,DJ stent removal,7395,8700,Rate added w.e.f. 03.06.2020 & applicable in all CGHS cities
83,1,1808,Pulmonary Function Test (PFT) / (Spirometry with Diffusing Capacity of the Lungs for Carbon monoxide (DLCO),425,500,Rate added w.e.f. 03.06.2020 & applicable in all CGHS cities
83,1,1809,EUS (Endoscopic Ultrasound) guided FNAC (Using New Needle),12750,15000,Rate added w.e.f. 03.06.2020 & applicable in all CGHS cities
83,1,1810,CT Urography,3825,4500,Rate added w.e.f. 03.06.2020 & applicable in all CGHS cities
83,1,1811,Video Laryngoscopy,5100,6000,Rate added w.e.f. 03.06.2020 & applicable in all CGHS cities
83,1,1812,CT Angio-Neck Vessels,5100,6000,Rate added w.e.f. 03.06.2020 & applicable in all CGHS cities
83,1,1813,H1N1 (RT-PCR),921,1084,Rate added w.e.f. 03.06.2020 & applicable in all CGHS cities
83,1,1814,Erythropoietin Level (Select CGHS rate code 1557 for approved rate),Seecode1557,Seecode1557,Rate added w.e.f. 03.06.2020 & applicable in all CGHS cities
83,1,1815,Anti HEV IgM,850,1000,Rate added w.e.f. 03.06.2020 & applicable in all CGHS cities
83,1,1816,Anti HAV IgM,637,750,Rate added w.e.f. 03.06.2020 & applicable in all CGHS cities
83,1,1817,HBsAg Quantitative,552,650,Rate added w.e.f. 03.06.2020 & applicable in all CGHS cities
83,1,1818,Typhidot IgM,340,400,Rate added w.e.f. 03.06.2020 & applicable in all CGHS cities
83,1,1819,Hepatitis B Core Antibody (HBcAb) Level (Hepatitis B Core IgM Antibody),408,480,Rate added w.e.f. 03.06.2020 & applicable in all CGHS cities
83,1,1820,Hepatitis B surface antibody (anti HBs),552,650,Rate added w.e.f. 03.06.2020 & applicable in all CGHS cities
84,1,"ADDED vide clause 2,5, & 6 of OM F.No. S-11045/36/2012-CGHS (HEC) dated 26.11.2014",,,,
84,1,1821,Free Triiodothyronine (FT3),106,125,Rates applicable in all CGHS cities
84,1,1822,Free Thyroxine (FT4),106,125,Rates applicable in all CGHS cities
84,1,1823,Widal Test,60,70,Rates applicable in all CGHS cities
84,1,1824,Dengue Serology / NS 1 Ag for dengue,510,600,Rates applicable in all CGHS cities
84,1,1825,Blood component charges - Whole Blood per Unit,1450,1450,Rates applicable in all CGHS cities
84,1,1826,Blood component charges - Packed Red Cell per Unit,1450,1450,Rates applicable in all CGHS cities
84,1,1827,Blood component charges - Fresh Frozen Plasma,400,400,Rates applicable in all CGHS cities
84,1,1828,Platelet Concentrate- Random Donor Platelet (RDP),400,400,Rates applicable in all CGHS cities
84,1,1829,Blood component charges - Cryoprecipitate,200,200,Rates applicable in all CGHS cities
84,1,1830,Platelet Concentrate – Single Donor Platelet (SDP)- Apheresis per unit,11000,11000,Rates applicable in all CGHS cities
84,1,1831,Annual Health Check-up - CCS Group A Officer of above 40 years of age / Pensioner Primary Card Holder 75,2000,2000,Rates applicable in all CGHS cities
84,1,1832,Annual Health Check up - CCS Group A Officer of above 40 years of age / Pensioner Primary Card Holder 75 years of age and above - Female,2200,2200,Rates applicable in all CGHS cities
84,1,,ADDED W.E.F. 11.02.2021,,,
84,1,1833,Interleukin 6 (IL6/ IL 6),1360,1600,Rate added w.e.f. 11.02.2021 & applicable in all CGHS cities
84,1,1834,High resolution computed Tomography (HRCT Chest),1700,2000,Revised rate w.e.f. 19.06.2023 & applicable in all CGHS cities
84,1,1835,Fluid air exchange (per eye),4250,5000,Rate added w.e.f. 11.02.2021 & applicable in all CGHS cities
84,1,1836,C3F8 GAS Injection (per eye),4250,5000,Rate added w.e.f. 11.02.2021 & applicable in all CGHS cities
84,1,1837,Diurnal variation of IOP (per eye),1275,1500,Rate added w.e.f. 11.02.2021 & applicable in all CGHS cities
84,1,1838,Silicone oil injection (per eye),4250,5000,Rate added w.e.f. 11.02.2021 & applicable in all CGHS cities
84,1,1839,Epiretinal Membrane (ERM) Peeling (per eye),5950,7000,Rate added w.e.f. 11.02.2021 & applicable in all CGHS cities
84,1,1840,Epiretinal Membrane (ERM) Removal (per eye),2550,3000,Rate added w.e.f. 11.02.2021 & applicable in all CGHS cities
85,1,1841,Internal limiting membrane (ILM) peeling (per eye),2550,3000,Rate added w.e.f. 11.02.2021 & applicable in all CGHS cities
85,1,1842,Punctoplasty (per eye),5525,6500,Rate added w.e.f. 11.02.2021 & applicable in all CGHS cities
85,1,1843,Punctal plug(Collagen/silicone) (per eye),3400,4000,Rate added w.e.f. 11.02.2021 & applicable in all CGHS cities
85,1,1844,Laser Trabeculoplasty Gonioplasty (both eyes),13600,16000,Rate added w.e.f. 11.02.2021 & applicable in all CGHS cities
85,1,1845,Eye laser pulse therapy (per eye),2975,3500,Rate added w.e.f. 11.02.2021 & applicable in all CGHS cities
85,1,1846,Glaucoma valve/Glaucoma Ahmed valve,12750,15000,Rate added w.e.f. 11.02.2021 & applicable in all CGHS cities
85,1,1847,Malyugin Ring,8500,10000,Rate added w.e.f. 11.02.2021 & applicable in all CGHS cities
85,1,1848,Globe exploration (eye surgery),8500,10000,Rate added w.e.f. 11.02.2021 & applicable in all CGHS cities
85,1,1849,Scleral Fixation Tissue glue,7140,8400,Rate added w.e.f. 11.02.2021 & applicable in all CGHS cities
85,1,1850,Fibro optic Nasal Endoscopy,1955,2300,Rate added w.e.f. 11.02.2021 & applicable in all CGHS cities
85,1,1851,Video Stroboscopy,4675,5500,Rate added w.e.f. 11.02.2021 & applicable in all CGHS cities
85,1,1852,Video Bronchoscopy with BAL,8500,10000,Rate added w.e.f. 11.02.2021 & applicable in all CGHS cities
85,1,1853,Sleep deprived EEG (Rate shall be the same CGHS rate of EEG/Video EEG) (Select CGHS rate Code 1716 for approved rate),Seecode1716,Seecode1716,Rate added w.e.f. 11.02.2021 & applicable in all CGHS cities
85,1,,Added Wef 19.12.2023,,,
85,1,,TREATMENT PROCEDURE CARDIO VASCULAR AND CARDIAC SURGERY & INVESTIGATIONS,Non- NABH/Non- NABL Rates,NABH/ NABL Rates,REMARKS
85,1,1854,TAVI / TAVR Implant (cost of implant only),"12,84,000","12,84,000","Cost of Implant only, added w.e.f. 19.12.2023 & applicable in all CGHS cities"
85,1,1855,"Transcatheter Aortic Valve Implantation (TAVI) / Transcatheter Aortic Valve Replacement (TAVR) – Procedure Cost. (Approval of Director, CGHS in consultation with Special Technical Committee (STC) is required for this procedure)",85000,"1,00,000","Treatment procedure -Cardiology,added w.e.f.19.12.2023& applicable in all CGHS cities"
85,1,1856,"IVL (Coronary Intra vascular Lithotripsy / Shock wave Lithotripsy – Including GST (Approval of Director, CGHS in consultation with Special Technical Committee (STC) is required for this procedure)","2,68,000","2,68,000","Treatment procedure -Cardiology,added w.e.f.19.12.2023& applicable in all CGHS cities, Differential rates are not applicable, Rate is same for both NABH and Non- NABH Accredited HCO’s and Shall not be part of any other procedure"
86,1,,Added W.e.f. 01.05.2023,,,
86,1,1857,Occupational Therapy per session of atleast 40 minutes,340,400,Treatment procedure rates added w.e.f. 01.05.2023& applicable in all CGHS cities
86,1,1858,Applied Behaviour Analysis based behaviour therapy (ABA based Behaviour therapy) per seeion of atleast 40 minutes,340,400,Treatment procedure rates added w.e.f. 01.05.2023& applicable in all CGHS cities
86,1,1859,Special education per session of atleast 40 minutes,340,400,Treatment procedure rates added w.e.f. 01.05.2023& applicable in all CGHS cities
