S.No,Hospital Name,Hospital Type,District,Mandal,Municipality,Mithra Name (Mobile Number),Specialities
1,AVS Wellness Hospitals,Corporate,Hyderabad,Ameerpet,Ghmc,Makam Anuradha (9866728357),S5 - Orthopedic Surgery And Procedures; S7 - Cardiac And Cardiothoracic Surgery; S9 - Genito Urinary Surgeries; S15 - Poly Trauma; M2 - General Medicine; M5 - Cardiology
2,Aarogyamatha Udumala Hospital,Corporate,Jangoan,Jangaon,Jangaon,Naga Raju Mekala(9951431325),S3 - Ophthalmology Surgery; S4 - Gynaecology And Obstetrics Surgery
3,Aashritha Hospital,Corporate,Medchal-Malkajgiri,Kapra,Ghmc,A.Manjula (8179959624),S5 - Orthopedic Surgery And Procedures; S9 - Genito Urinary Surgeries; S15 - Poly Trauma; M2 - General Medicine
4,Abhaya Kidney and Multi Speciality Hospital,Corporate,Mancherial,Mancherial,Mancherial,Medi.Rajeswari (7382165487); Namani. Swaroopa Rani (8919498334),S5 - Orthopedic Surgery And Procedures; S9 - Genito Urinary Surgeries; S15 - Poly Trauma; M6 - Nephrology
5,Adarsha Hospital,Corporate,Karimnagar,Karimnagar,Karimnagar,Gurram Karunadevi (9666409646),S1 - General Surgery; S2 - Ent Surgery; S4 - Gynaecology And Obstetrics Surgery; S5 - Orthopedic Surgery And Procedures; S7 - Cardiac And Cardiothoracic Surgery; S9 - Genito Urinary Surgeries; S15 - Poly Trauma; M2 - General Medicine; M4 - Pediatrics; M5 - Cardiology; M6 - Nephrology; M7 - Neurology; M8 - Pulmonology
6,Agur Prime Hospital,Corporate,Mahabubnagar,Jadcherla,Jadcherla,Indira (8498029151); K.Vijaya Lakshmi(9573352316),S5 - Orthopedic Surgery And Procedures; S9 - Genito Urinary Surgeries; S15 - Poly Trauma; M6 - Nephrology
7,Ajantha Multi Speciality and Children Hospital,Corporate,Jangoan,Jangaon,Jangaon,T. Maheswari (9866207293),S5 - Orthopedic Surgery And Procedures; S15 - Poly Trauma
8,Ajara Health Care and Research Centere Pvt Ltd,Corporate,Hanumakonda,Hanamkonda,Warangal,S Raju (9963224043); Paramkusham . Hariprasad (9394896269); T.Pavani (8374161295),S4 - Gynaecology And Obstetrics Surgery; S5 - Orthopedic Surgery And Procedures; S7 - Cardiac And Cardiothoracic Surgery; S8 - Pediatric Surgeries; S9 - Genito Urinary Surgeries; S10 - Neurosurgery; S15 - Poly Trauma; M4 - Pediatrics; M5 - Cardiology; M6 - Nephrology; M7 - Neurology
9,Ajay Hospitals Multi Speciality,Corporate,Yadadri Bhuvanagiri,Bhongir,Bhongir,G.Balaiah (7842430532); Silveru Sabitha (9640617605),S5 - Orthopedic Surgery And Procedures; S9 - Genito Urinary Surgeries; S15 - Poly Trauma; M2 - General Medicine; M6 - Nephrology
10,Akhila Eye Hospital A Unit of Mandm Healthcare Services,Corporate,Khammam,Khammam (Urban),Khammam,Vuppu. Bhaskar Rao (8499937337),S3 - Ophthalmology Surgery
11,Akshaya Multi Specialty Hospital,Corporate,Karimnagar,Karimnagar,Karimnagar,K.Raju (9441196389),S1 - General Surgery; S5 - Orthopedic Surgery And Procedures; S9 - Genito Urinary Surgeries; S15 - Poly Trauma; M2 - General Medicine; M6 - Nephrology; M7 - Neurology
12,All India Institute of Medical Sciences (AIIMS),Government-Govt_Inst,Yadadri Bhuvanagiri,Bibinagar,-,Mogulagani Katamaiah (9705064094); Budida Jyothi (9000284909); Somarapu Saradha (9703950643); Gundu Srinivas (9948006529); Manupati Ashok(9505584121),S1 - General Surgery; S2 - Ent Surgery; S3 - Ophthalmology Surgery; S4 - Gynaecology And Obstetrics Surgery; S5 - Orthopedic Surgery And Procedures; S6 - Surgical Gastro Enterology; S7 - Cardiac And Cardiothoracic Surgery; S8 - Pediatric Surgeries; S9 - Genito Urinary Surgeries; S10 - Neurosurgery; S11 - Surgical Oncology; S14 - Plastic Surgery; S15 - Poly Trauma; S16 - Cochlear Implant Surgery; S17 - Prostheses; S20 - Unspecified Surgical Package; M1 - Critical Care; M2 - General Medicine; M3 - Infectious Diseases; M4 - Pediatrics; M5 - Cardiology; M6 - Nephrology; M7 - Neurology; M8 - Pulmonology; M9 - Dermatology; M10 - Rheumatology; M11 - Endocrinology; M12 - Gastroenterology; M14 - Thalassemia; M15 - Medical Oncology; M16 - Radiation Oncology
13,"Alpha Super Speciality Hospital, Moghalpura, Hyderabad",Corporate,Hyderabad,Charminar,Ghmc,Kareemunnisa Begum (8464820013),S1 - General Surgery; S3 - Ophthalmology Surgery; S4 - Gynaecology And Obstetrics Surgery; S5 - Orthopedic Surgery And Procedures; S6 - Surgical Gastro Enterology; S8 - Pediatric Surgeries; S9 - Genito Urinary Surgeries; S10 - Neurosurgery; S14 - Plastic Surgery; S15 - Poly Trauma; M1 - Critical Care; M2 - General Medicine; M4 - Pediatrics; M5 - Cardiology; M6 - Nephrology; M7 - Neurology; M8 - Pulmonology; M11 - Endocrinology; M12 - Gastroenterology
14,Amritha Trinethra Multi Speciality Hospital,Corporate,Jagtial,Jagitial Rural,Jagtial,Koppu Ramesh (9989108409),S1 - General Surgery; S2 - Ent Surgery; S4 - Gynaecology And Obstetrics Surgery; S5 - Orthopedic Surgery And Procedures; S8 - Pediatric Surgeries; S9 - Genito Urinary Surgeries; S15 - Poly Trauma; M1 - Critical Care; M2 - General Medicine; M3 - Infectious Diseases; M4 - Pediatrics; M6 - Nephrology; M7 - Neurology
15,Amrutha Childrens Nursing Home,Corporate,Hanumakonda,Hanamkonda,Warangal,Kanthula Raju (9492726550); Kande Swamy (9676411805),S8 - Pediatric Surgeries; M4 - Pediatrics
16,Amrutha Nursing Home,Corporate,Karimnagar,Karimnagar,Karimnagar,Kondu Neeraja (7893372438),S1 - General Surgery; S4 - Gynaecology And Obstetrics Surgery; S5 - Orthopedic Surgery And Procedures; S9 - Genito Urinary Surgeries; S15 - Poly Trauma
17,Amrutha True Life Hospital,Corporate,Nizamabad,Bodhan,Bodhan,Y Suresh(9642915242),S5 - Orthopedic Surgery And Procedures; S15 - Poly Trauma
18,"Anand Eye Institute Pvt Ltd, Habsiguda",Corporate,Medchal-Malkajgiri,Uppal,Ghmc,P.Eshwari Bai (9441390139); Shailaja D(9848516648),S3 - Ophthalmology Surgery
19,Ankam Hospital,Corporate,Nizamabad,Nizamabad (North),Nizamabad,T.V.R Lilly Pushpa (9652865641),S5 - Orthopedic Surgery And Procedures; S9 - Genito Urinary Surgeries; S10 - Neurosurgery; S15 - Poly Trauma; M2 - General Medicine; M7 - Neurology
20,Aparna Hospital,Corporate,Nizamabad,Armur,Armoor,Gujja Rama Krishana (9440898447),S5 - Orthopedic Surgery And Procedures; S9 - Genito Urinary Surgeries; S9 - Genito Urinary Surgeries; S15 - Poly Trauma; M6 - Nephrology
21,Aparna Hospital and Scan Centre,Corporate,Nalgonda,Nalgonda,Nalgonda,Dandampally Saidulu (9542817110),S5 - Orthopedic Surgery And Procedures; S15 - Poly Trauma
22,Apex Hospitals,Corporate,Medchal-Malkajgiri,Medipally,Perrzadiguda,G. Suman(9502328566),S1 - General Surgery; S5 - Orthopedic Surgery And Procedures; S9 - Genito Urinary Surgeries; S14 - Plastic Surgery; S15 - Poly Trauma; M2 - General Medicine
23,Apollo Hospitals Enterprises Ltd (Jubilee Hills),Corporate,Hyderabad,Shaikpet,Ghmc,P.Venkata Laxmi (9290506300),S7 - Cardiac And Cardiothoracic Surgery; S11 - Surgical Oncology; S16 - Cochlear Implant Surgery; M5 - Cardiology; S19 - Organ Transplantation Surgery; M15 - Medical Oncology; M16 - Radiation Oncology
24,"Apollo Hospitals, Secunderabad",Corporate,Hyderabad,Secunderabad,Ghmc,N. Ramadevi (7893517745),S1 - General Surgery; S5 - Orthopedic Surgery And Procedures; S6 - Surgical Gastro Enterology; S7 - Cardiac And Cardiothoracic Surgery; S9 - Genito Urinary Surgeries; S10 - Neurosurgery; S14 - Plastic Surgery; S15 - Poly Trauma; M1 - Critical Care; M2 - General Medicine; M5 - Cardiology; M6 - Nephrology; M7 - Neurology; M12 - Gastroenterology
25,Apollo Institute of Mecdical Sciences and Research,Corporate,Hyderabad,Khairthabad,Ghmc,Bagya Laxmi (9705465173),S1 - General Surgery; S2 - Ent Surgery; S3 - Ophthalmology Surgery; S4 - Gynaecology And Obstetrics Surgery; S5 - Orthopedic Surgery And Procedures; S6 - Surgical Gastro Enterology; S7 - Cardiac And Cardiothoracic Surgery; S8 - Pediatric Surgeries; S9 - Genito Urinary Surgeries; S11 - Surgical Oncology; S15 - Poly Trauma; M1 - Critical Care; M2 - General Medicine; M4 - Pediatrics; M5 - Cardiology; M6 - Nephrology; M8 - Pulmonology; M9 - Dermatology; M12 - Gastroenterology; M15 - Medical Oncology; M16 - Radiation Oncology
26,Apollo Reach Hospital,Corporate,Karimnagar,Karimnagar,Karimnagar,Mende Devender (9573262574); Kamutam Srinivas (9703472075); Gangarapu.Archana (9908800353),S1 - General Surgery; S5 - Orthopedic Surgery And Procedures; S6 - Surgical Gastro Enterology; S7 - Cardiac And Cardiothoracic Surgery; S9 - Genito Urinary Surgeries; S10 - Neurosurgery; S15 - Poly Trauma; S17 - Prostheses; M1 - Critical Care; M2 - General Medicine; M3 - Infectious Diseases; M5 - Cardiology; M6 - Nephrology; M7 - Neurology; M12 - Gastroenterology
27,Apollo Reach NSR Hospitals A Unit of NSR Hospital,Corporate,Warangal,Warangal,Warangal,Sambari Rajesh (9618472774),S5 - Orthopedic Surgery And Procedures; S9 - Genito Urinary Surgeries; S15 - Poly Trauma; M5 - Cardiology; M6 - Nephrology
28,Aravind Eye Hospital Private Limited,Corporate,Hyderabad,Asifnagar,Ghmc,Mohammed Ibrahim (9908571307),S3 - Ophthalmology Surgery
29,Archana Hospitals Private Limited,Corporate,Rangareddy,Serilingampalli,Ghmc,Mohd.Shamshuddin (9948072191),S5 - Orthopedic Surgery And Procedures; S7 - Cardiac And Cardiothoracic Surgery; S9 - Genito Urinary Surgeries; S15 - Poly Trauma; M5 - Cardiology; M6 - Nephrology
30,Area Hospital Sathupally,Government-TVVP,Khammam,Sathupally,Sathupally,Shaik.Mahaboobi (9490905472); Akshintala.Anuradha (9966299640); Vemu.Mohan Rao (9912685229); Lakavathu.Krishna (9398694021),S1 - General Surgery; S2 - Ent Surgery; S3 - Ophthalmology Surgery; S4 - Gynaecology And Obstetrics Surgery; S5 - Orthopedic Surgery And Procedures; S6 - Surgical Gastro Enterology; S7 - Cardiac And Cardiothoracic Surgery; S8 - Pediatric Surgeries; S9 - Genito Urinary Surgeries; S10 - Neurosurgery; S11 - Surgical Oncology; S14 - Plastic Surgery; S15 - Poly Trauma; S16 - Cochlear Implant Surgery; S17 - Prostheses; S20 - Unspecified Surgical Package; M1 - Critical Care; M2 - General Medicine; M3 - Infectious Diseases; M4 - Pediatrics; M5 - Cardiology; M6 - Nephrology; M7 - Neurology; M8 - Pulmonology; M9 - Dermatology; M10 - Rheumatology; M11 - Endocrinology; M12 - Gastroenterology; M14 - Thalassemia; S19.1 - Liver Transplantation Surgery; S19.2 - Heart Transplantation Surgery; S19.3 - Renal Transplantation Surgery; S19.4 - Lung Transplantation Surgery; S19.5 - Allogenic Stem Cell Transplantation; S19.6 - Autologous Stem Cell Transplantation; S19.7 - Heart And Lung Transplantation Surgery; M15 - Medical Oncology; M16 - Radiation Oncology
31,Area Hospital - Alampur,Government-TVVP,Jogulamba Gadwal,Alampur,-,Chakali .Venkatesh (7981528085); Ayyanna (8985801637); Rajendra Prasad (9963037905),S1 - General Surgery; S2 - Ent Surgery; S3 - Ophthalmology Surgery; S4 - Gynaecology And Obstetrics Surgery; S5 - Orthopedic Surgery And Procedures; S6 - Surgical Gastro Enterology; S7 - Cardiac And Cardiothoracic Surgery; S8 - Pediatric Surgeries; S9 - Genito Urinary Surgeries; S10 - Neurosurgery; S11 - Surgical Oncology; S14 - Plastic Surgery; S15 - Poly Trauma; S16 - Cochlear Implant Surgery; S17 - Prostheses; S20 - Unspecified Surgical Package; M1 - Critical Care; M2 - General Medicine; M3 - Infectious Diseases; M4 - Pediatrics; M5 - Cardiology; M6 - Nephrology; M7 - Neurology; M8 - Pulmonology; M9 - Dermatology; M10 - Rheumatology; M11 - Endocrinology; M12 - Gastroenterology; M14 - Thalassemia; S19.1 - Liver Transplantation Surgery; S19.2 - Heart Transplantation Surgery; S19.3 - Renal Transplantation Surgery; S19.4 - Lung Transplantation Surgery; S19.5 - Allogenic Stem Cell Transplantation; S19.6 - Autologous Stem Cell Transplantation; S19.7 - Heart And Lung Transplantation Surgery; M15 - Medical Oncology; M16 - Radiation Oncology
32,Area Hospital Armur,Government-TVVP,Nizamabad,Armur,Armoor,Gujja Rama Krishana (9440898447),S1 - General Surgery; S2 - Ent Surgery; S3 - Ophthalmology Surgery; S4 - Gynaecology And Obstetrics Surgery; S5 - Orthopedic Surgery And Procedures; S6 - Surgical Gastro Enterology; S7 - Cardiac And Cardiothoracic Surgery; S8 - Pediatric Surgeries; S9 - Genito Urinary Surgeries; S10 - Neurosurgery; S11 - Surgical Oncology; S14 - Plastic Surgery; S15 - Poly Trauma; S16 - Cochlear Implant Surgery; S17 - Prostheses; S20 - Unspecified Surgical Package; M1 - Critical Care; M2 - General Medicine; M3 - Infectious Diseases; M4 - Pediatrics; M5 - Cardiology; M6 - Nephrology; M7 - Neurology; M8 - Pulmonology; M9 - Dermatology; M10 - Rheumatology; M11 - Endocrinology; M12 - Gastroenterology; M14 - Thalassemia; S19.1 - Liver Transplantation Surgery; S19.2 - Heart Transplantation Surgery; S19.3 - Renal Transplantation Surgery; S19.4 - Lung Transplantation Surgery; S19.5 - Allogenic Stem Cell Transplantation; S19.6 - Autologous Stem Cell Transplantation; S19.7 - Heart And Lung Transplantation Surgery; M15 - Medical Oncology; M16 - Radiation Oncology
33,Area Hospital Ashwaraopeta,Government-TVVP,Bhadradri Kothagudem,Aswaraopeta,-,Seelam.Sujatha (9640883628); Ramineni.Raja Rajeshwari (7382234281); Neelapala.Nageswaramma (9492132496),S1 - General Surgery; S2 - Ent Surgery; S3 - Ophthalmology Surgery; S4 - Gynaecology And Obstetrics Surgery; S5 - Orthopedic Surgery And Procedures; S6 - Surgical Gastro Enterology; S7 - Cardiac And Cardiothoracic Surgery; S8 - Pediatric Surgeries; S9 - Genito Urinary Surgeries; S10 - Neurosurgery; S11 - Surgical Oncology; S14 - Plastic Surgery; S15 - Poly Trauma; S16 - Cochlear Implant Surgery; S17 - Prostheses; S20 - Unspecified Surgical Package; M1 - Critical Care; M2 - General Medicine; M3 - Infectious Diseases; M4 - Pediatrics; M5 - Cardiology; M6 - Nephrology; M7 - Neurology; M8 - Pulmonology; M9 - Dermatology; M10 - Rheumatology; M11 - Endocrinology; M12 - Gastroenterology; M14 - Thalassemia; S19.1 - Liver Transplantation Surgery; S19.2 - Heart Transplantation Surgery; S19.3 - Renal Transplantation Surgery; S19.4 - Lung Transplantation Surgery; S19.5 - Allogenic Stem Cell Transplantation; S19.6 - Autologous Stem Cell Transplantation; S19.7 - Heart And Lung Transplantation Surgery; M15 - Medical Oncology; M16 - Radiation Oncology
34,Area Hospital Bandlaguda,Government-TVVP,Hyderabad,Bandlaguda,Ghmc,Dr A Jhansi Rani (7989310844),S1 - General Surgery; S2 - Ent Surgery; S3 - Ophthalmology Surgery; S4 - Gynaecology And Obstetrics Surgery; S5 - Orthopedic Surgery And Procedures; S6 - Surgical Gastro Enterology; S7 - Cardiac And Cardiothoracic Surgery; S8 - Pediatric Surgeries; S9 - Genito Urinary Surgeries; S10 - Neurosurgery; S11 - Surgical Oncology; S14 - Plastic Surgery; S15 - Poly Trauma; S16 - Cochlear Implant Surgery; S17 - Prostheses; S20 - Unspecified Surgical Package; M1 - Critical Care; M2 - General Medicine; M3 - Infectious Diseases; M4 - Pediatrics; M5 - Cardiology; M6 - Nephrology; M7 - Neurology; M8 - Pulmonology; M9 - Dermatology; M10 - Rheumatology; M11 - Endocrinology; M12 - Gastroenterology; M14 - Thalassemia; M15 - Medical Oncology; M16 - Radiation Oncology
35,Area Hospital Banswada,Government-TVVP,Kamareddy,Banswada,Banswada,Thota Vinoda (9494714172); Bingi Padma (9951529987); Gonekar Surekha (9505321305); Jangili Sudheer Kumar (9492480923),S1 - General Surgery; S2 - Ent Surgery; S3 - Ophthalmology Surgery; S4 - Gynaecology And Obstetrics Surgery; S5 - Orthopedic Surgery And Procedures; S6 - Surgical Gastro Enterology; S7 - Cardiac And Cardiothoracic Surgery; S8 - Pediatric Surgeries; S9 - Genito Urinary Surgeries; S10 - Neurosurgery; S11 - Surgical Oncology; S14 - Plastic Surgery; S15 - Poly Trauma; S16 - Cochlear Implant Surgery; S17 - Prostheses; S20 - Unspecified Surgical Package; M1 - Critical Care; M2 - General Medicine; M3 - Infectious Diseases; M4 - Pediatrics; M5 - Cardiology; M6 - Nephrology; M7 - Neurology; M8 - Pulmonology; M10 - Rheumatology; M11 - Endocrinology; M12 - Gastroenterology; M12 - Gastroenterology; M14 - Thalassemia; S19.1 - Liver Transplantation Surgery; S19.2 - Heart Transplantation Surgery; S19.3 - Renal Transplantation Surgery; S19.4 - Lung Transplantation Surgery; S19.5 - Allogenic Stem Cell Transplantation; S19.6 - Autologous Stem Cell Transplantation; S19.7 - Heart And Lung Transplantation Surgery; M15 - Medical Oncology; M16 - Radiation Oncology
36,Area Hospital Bellampally,Government-TVVP,Mancherial,Bellampally,Bellampalli,Gorlapalli Ramadevi (9963989549); Garlapally Malathi (8309419612); Gaddam Lavanya (8919790541); Miriyala.Kavitha (7816089447); Namani. Swaroopa Rani (8919498334),S1 - General Surgery; S2 - Ent Surgery; S3 - Ophthalmology Surgery; S4 - Gynaecology And Obstetrics Surgery; S5 - Orthopedic Surgery And Procedures; S6 - Surgical Gastro Enterology; S7 - Cardiac And Cardiothoracic Surgery; S8 - Pediatric Surgeries; S9 - Genito Urinary Surgeries; S10 - Neurosurgery; S11 - Surgical Oncology; S14 - Plastic Surgery; S15 - Poly Trauma; S16 - Cochlear Implant Surgery; S17 - Prostheses; S20 - Unspecified Surgical Package; M1 - Critical Care; M2 - General Medicine; M3 - Infectious Diseases; M4 - Pediatrics; M5 - Cardiology; M6 - Nephrology; M7 - Neurology; M8 - Pulmonology; M9 - Dermatology; M10 - Rheumatology; M11 - Endocrinology; M12 - Gastroenterology; M14 - Thalassemia; S19.1 - Liver Transplantation Surgery; S19.2 - Heart Transplantation Surgery; S19.3 - Renal Transplantation Surgery; S19.4 - Lung Transplantation Surgery; S19.5 - Allogenic Stem Cell Transplantation; S19.6 - Autologous Stem Cell Transplantation; S19.7 - Heart And Lung Transplantation Surgery; M15 - Medical Oncology; M16 - Radiation Oncology
37,Area Hospital Bhadrachalam,Government-TVVP,Bhadradri Kothagudem,Bhadrachalam,-,Mohammad Shabbir Pasha(9959041781); Madakam.Chirumappa (9951571973); B.Lalu (9705111346); Podakalapalli Amar Satheesh(9848070333),S1 - General Surgery; S2 - Ent Surgery; S3 - Ophthalmology Surgery; S4 - Gynaecology And Obstetrics Surgery; S5 - Orthopedic Surgery And Procedures; S6 - Surgical Gastro Enterology; S7 - Cardiac And Cardiothoracic Surgery; S8 - Pediatric Surgeries; S9 - Genito Urinary Surgeries; S10 - Neurosurgery; S11 - Surgical Oncology; S14 - Plastic Surgery; S15 - Poly Trauma; S16 - Cochlear Implant Surgery; S17 - Prostheses; S20 - Unspecified Surgical Package; M1 - Critical Care; M2 - General Medicine; M3 - Infectious Diseases; M4 - Pediatrics; M5 - Cardiology; M6 - Nephrology; M7 - Neurology; M8 - Pulmonology; M9 - Dermatology; M10 - Rheumatology; M11 - Endocrinology; M12 - Gastroenterology; M14 - Thalassemia; S19.1 - Liver Transplantation Surgery; S19.2 - Heart Transplantation Surgery; S19.3 - Renal Transplantation Surgery; S19.4 - Lung Transplantation Surgery; S19.5 - Allogenic Stem Cell Transplantation; S19.6 - Autologous Stem Cell Transplantation; S19.7 - Heart And Lung Transplantation Surgery; M15 - Medical Oncology; M16 - Radiation Oncology
38,Area Hospital Bheemgal,Government-TVVP,Nizamabad,Bheemgal,Bheemgal,Dr G Sucharita (6303568454),S1 - General Surgery; S2 - Ent Surgery; S3 - Ophthalmology Surgery; S4 - Gynaecology And Obstetrics Surgery; S5 - Orthopedic Surgery And Procedures; S6 - Surgical Gastro Enterology; S7 - Cardiac And Cardiothoracic Surgery; S8 - Pediatric Surgeries; S9 - Genito Urinary Surgeries; S10 - Neurosurgery; S11 - Surgical Oncology; S14 - Plastic Surgery; S15 - Poly Trauma; S16 - Cochlear Implant Surgery; S17 - Prostheses; S20 - Unspecified Surgical Package; M1 - Critical Care; M2 - General Medicine; M3 - Infectious Diseases; M4 - Pediatrics; M5 - Cardiology; M6 - Nephrology; M7 - Neurology; M8 - Pulmonology; M9 - Dermatology; M10 - Rheumatology; M11 - Endocrinology; M12 - Gastroenterology; M14 - Thalassemia; M15 - Medical Oncology; M16 - Radiation Oncology
39,Area Hospital Bhinsa,Government-TVVP,Nirmal,Bhainsa,Bhainsa,Bombothula.Devalatha (9542628607); Pendela.Gopi (8897383635),S1 - General Surgery; S2 - Ent Surgery; S3 - Ophthalmology Surgery; S4 - Gynaecology And Obstetrics Surgery; S5 - Orthopedic Surgery And Procedures; S6 - Surgical Gastro Enterology; S7 - Cardiac And Cardiothoracic Surgery; S8 - Pediatric Surgeries; S9 - Genito Urinary Surgeries; S10 - Neurosurgery; S11 - Surgical Oncology; S14 - Plastic Surgery; S15 - Poly Trauma; S16 - Cochlear Implant Surgery; S17 - Prostheses; S20 - Unspecified Surgical Package; M1 - Critical Care; M2 - General Medicine; M3 - Infectious Diseases; M4 - Pediatrics; M5 - Cardiology; M6 - Nephrology; M7 - Neurology; M8 - Pulmonology; M9 - Dermatology; M10 - Rheumatology; M11 - Endocrinology; M12 - Gastroenterology; M14 - Thalassemia; S19.1 - Liver Transplantation Surgery; S19.2 - Heart Transplantation Surgery; S19.3 - Renal Transplantation Surgery; S19.4 - Lung Transplantation Surgery; S19.5 - Allogenic Stem Cell Transplantation; S19.6 - Autologous Stem Cell Transplantation; S19.7 - Heart And Lung Transplantation Surgery; M15 - Medical Oncology; M16 - Radiation Oncology
40,Area Hospital Bichkunda,Government-TVVP,Kamareddy,Bichkunda,-,Gonekar Surekha (9505321305); Jadav Santosh (8790492542),S1 - General Surgery; S2 - Ent Surgery; S3 - Ophthalmology Surgery; S4 - Gynaecology And Obstetrics Surgery; S5 - Orthopedic Surgery And Procedures; S6 - Surgical Gastro Enterology; S7 - Cardiac And Cardiothoracic Surgery; S8 - Pediatric Surgeries; S9 - Genito Urinary Surgeries; S10 - Neurosurgery; S11 - Surgical Oncology; S14 - Plastic Surgery; S15 - Poly Trauma; S16 - Cochlear Implant Surgery; S17 - Prostheses; S20 - Unspecified Surgical Package; M1 - Critical Care; M2 - General Medicine; M3 - Infectious Diseases; M4 - Pediatrics; M5 - Cardiology; M6 - Nephrology; M7 - Neurology; M8 - Pulmonology; M9 - Dermatology; M10 - Rheumatology; M11 - Endocrinology; M12 - Gastroenterology; M14 - Thalassemia; S19.1 - Liver Transplantation Surgery; S19.2 - Heart Transplantation Surgery; S19.3 - Renal Transplantation Surgery; S19.4 - Lung Transplantation Surgery; S19.5 - Allogenic Stem Cell Transplantation; S19.6 - Autologous Stem Cell Transplantation; S19.7 - Heart And Lung Transplantation Surgery; M15 - Medical Oncology; M16 - Radiation Oncology
41,Area Hospital Boath,Government-TVVP,Adilabad,Boath,-,Prashanth Marri (7095875864); Areker Rajinish Kumar (9182433669); Munde.Godavari (9347523064); Jadhava Dharam Singh (9440832422); Pamula.Dattu (9949193522); Smt.Mamilla Gangamani(8919336681),S1 - General Surgery; S2 - Ent Surgery; S3 - Ophthalmology Surgery; S4 - Gynaecology And Obstetrics Surgery; S5 - Orthopedic Surgery And Procedures; S6 - Surgical Gastro Enterology; S7 - Cardiac And Cardiothoracic Surgery; S8 - Pediatric Surgeries; S9 - Genito Urinary Surgeries; S10 - Neurosurgery; S11 - Surgical Oncology; S14 - Plastic Surgery; S15 - Poly Trauma; S16 - Cochlear Implant Surgery; S17 - Prostheses; S20 - Unspecified Surgical Package; M1 - Critical Care; M2 - General Medicine; M3 - Infectious Diseases; M4 - Pediatrics; M5 - Cardiology; M6 - Nephrology; M7 - Neurology; M8 - Pulmonology; M9 - Dermatology; M10 - Rheumatology; M11 - Endocrinology; M12 - Gastroenterology; M14 - Thalassemia; S19.1 - Liver Transplantation Surgery; S19.2 - Heart Transplantation Surgery; S19.3 - Renal Transplantation Surgery; S19.4 - Lung Transplantation Surgery; S19.5 - Allogenic Stem Cell Transplantation; S19.6 - Autologous Stem Cell Transplantation; S19.7 - Heart And Lung Transplantation Surgery; M15 - Medical Oncology; M16 - Radiation Oncology
42,Area Hospital Bodhan,Government-TVVP,Nizamabad,Bodhan,Bodhan,Pinapati Vidyavathi (9014504841); Macharla Shankar (9705102396),S1 - General Surgery; S2 - Ent Surgery; S3 - Ophthalmology Surgery; S4 - Gynaecology And Obstetrics Surgery; S5 - Orthopedic Surgery And Procedures; S6 - Surgical Gastro Enterology; S7 - Cardiac And Cardiothoracic Surgery; S8 - Pediatric Surgeries; S9 - Genito Urinary Surgeries; S10 - Neurosurgery; S11 - Surgical Oncology; S14 - Plastic Surgery; S15 - Poly Trauma; S16 - Cochlear Implant Surgery; S17 - Prostheses; S20 - Unspecified Surgical Package; M1 - Critical Care; M2 - General Medicine; M3 - Infectious Diseases; M4 - Pediatrics; M5 - Cardiology; M6 - Nephrology; M7 - Neurology; M8 - Pulmonology; M9 - Dermatology; M10 - Rheumatology; M11 - Endocrinology; M12 - Gastroenterology; M14 - Thalassemia; S19.1 - Liver Transplantation Surgery; S19.2 - Heart Transplantation Surgery; S19.3 - Renal Transplantation Surgery; S19.4 - Lung Transplantation Surgery; S19.5 - Allogenic Stem Cell Transplantation; S19.6 - Autologous Stem Cell Transplantation; S19.7 - Heart And Lung Transplantation Surgery; M15 - Medical Oncology; M16 - Radiation Oncology
43,Area Hospital Chennuru,Government-TVVP,Mancherial,Chennur,Chennur,Pulli Saritha (9059348181); Saidala.Jayasudha (7382480783),S1 - General Surgery; S2 - Ent Surgery; S3 - Ophthalmology Surgery; S4 - Gynaecology And Obstetrics Surgery; S5 - Orthopedic Surgery And Procedures; S6 - Surgical Gastro Enterology; S7 - Cardiac And Cardiothoracic Surgery; S8 - Pediatric Surgeries; S9 - Genito Urinary Surgeries; S10 - Neurosurgery; S11 - Surgical Oncology; S14 - Plastic Surgery; S15 - Poly Trauma; S16 - Cochlear Implant Surgery; S17 - Prostheses; S20 - Unspecified Surgical Package; M1 - Critical Care; M2 - General Medicine; M3 - Infectious Diseases; M4 - Pediatrics; M5 - Cardiology; M6 - Nephrology; M7 - Neurology; M8 - Pulmonology; M9 - Dermatology; M10 - Rheumatology; M11 - Endocrinology; M12 - Gastroenterology; M14 - Thalassemia; S19.1 - Liver Transplantation Surgery; S19.2 - Heart Transplantation Surgery; S19.3 - Renal Transplantation Surgery; S19.4 - Lung Transplantation Surgery; S19.5 - Allogenic Stem Cell Transplantation; S19.6 - Autologous Stem Cell Transplantation; S19.7 - Heart And Lung Transplantation Surgery; M15 - Medical Oncology; M16 - Radiation Oncology
44,Area Hospital Chevella,Government-TVVP,Rangareddy,Chevella,-,P.Narender Reddy (9989688085),S1 - General Surgery; S2 - Ent Surgery; S3 - Ophthalmology Surgery; S4 - Gynaecology And Obstetrics Surgery; S5 - Orthopedic Surgery And Procedures; S6 - Surgical Gastro Enterology; S7 - Cardiac And Cardiothoracic Surgery; S8 - Pediatric Surgeries; S9 - Genito Urinary Surgeries; S10 - Neurosurgery; S11 - Surgical Oncology; S14 - Plastic Surgery; S15 - Poly Trauma; S16 - Cochlear Implant Surgery; S17 - Prostheses; S20 - Unspecified Surgical Package; M1 - Critical Care; M2 - General Medicine; M3 - Infectious Diseases; M4 - Pediatrics; M5 - Cardiology; M6 - Nephrology; M7 - Neurology; M8 - Pulmonology; M9 - Dermatology; M10 - Rheumatology; M11 - Endocrinology; M12 - Gastroenterology; M14 - Thalassemia; S19.1 - Liver Transplantation Surgery; S19.2 - Heart Transplantation Surgery; S19.3 - Renal Transplantation Surgery; S19.4 - Lung Transplantation Surgery; S19.5 - Allogenic Stem Cell Transplantation; S19.6 - Autologous Stem Cell Transplantation; S19.7 - Heart And Lung Transplantation Surgery; M15 - Medical Oncology; M16 - Radiation Oncology
45,Area Hospital Choppadandi,Government-TVVP,Karimnagar,Choppadandi,Choppandandi,Padidam Rajaiah (9618465312); Ramadevi (9618465312),S1 - General Surgery; S2 - Ent Surgery; S3 - Ophthalmology Surgery; S4 - Gynaecology And Obstetrics Surgery; S5 - Orthopedic Surgery And Procedures; S6 - Surgical Gastro Enterology; S7 - Cardiac And Cardiothoracic Surgery; S8 - Pediatric Surgeries; S9 - Genito Urinary Surgeries; S10 - Neurosurgery; S11 - Surgical Oncology; S14 - Plastic Surgery; S15 - Poly Trauma; S16 - Cochlear Implant Surgery; S17 - Prostheses; S20 - Unspecified Surgical Package; M1 - Critical Care; M2 - General Medicine; M3 - Infectious Diseases; M4 - Pediatrics; M5 - Cardiology; M6 - Nephrology; M7 - Neurology; M8 - Pulmonology; M9 - Dermatology; M10 - Rheumatology; M11 - Endocrinology; M12 - Gastroenterology; M14 - Thalassemia; S19.1 - Liver Transplantation Surgery; S19.2 - Heart Transplantation Surgery; S19.3 - Renal Transplantation Surgery; S19.4 - Lung Transplantation Surgery; S19.5 - Allogenic Stem Cell Transplantation; S19.6 - Autologous Stem Cell Transplantation; S19.7 - Heart And Lung Transplantation Surgery; M15 - Medical Oncology; M16 - Radiation Oncology
46,Area Hospital Choutuppal,Government-TVVP,Yadadri Bhuvanagiri,Choutuppal,Choutuppal,Cherala Dhanamma (9505656874); Meesla Mahesh (9542079797); Deshaboina Linga Swamy (9912052505); V. Shirisha(9703271161),S1 - General Surgery; S2 - Ent Surgery; S3 - Ophthalmology Surgery; S4 - Gynaecology And Obstetrics Surgery; S5 - Orthopedic Surgery And Procedures; S6 - Surgical Gastro Enterology; S7 - Cardiac And Cardiothoracic Surgery; S8 - Pediatric Surgeries; S9 - Genito Urinary Surgeries; S10 - Neurosurgery; S11 - Surgical Oncology; S14 - Plastic Surgery; S15 - Poly Trauma; S16 - Cochlear Implant Surgery; S17 - Prostheses; S20 - Unspecified Surgical Package; M1 - Critical Care; M2 - General Medicine; M3 - Infectious Diseases; M4 - Pediatrics; M5 - Cardiology; M6 - Nephrology; M7 - Neurology; M8 - Pulmonology; M9 - Dermatology; M10 - Rheumatology; M11 - Endocrinology; M12 - Gastroenterology; M14 - Thalassemia; S19.1 - Liver Transplantation Surgery; S19.2 - Heart Transplantation Surgery; S19.3 - Renal Transplantation Surgery; S19.4 - Lung Transplantation Surgery; S19.5 - Allogenic Stem Cell Transplantation; S19.6 - Autologous Stem Cell Transplantation; S19.7 - Heart And Lung Transplantation Surgery; M15 - Medical Oncology; M16 - Radiation Oncology
47,Area Hospital Dabeerpura,Government-TVVP,Hyderabad,Nampally,Ghmc,Dr.M.Suseela Rathanam(9866711646); Dr.Deendayal Markandeyulu Rapolu(9989445930),S1 - General Surgery; S2 - Ent Surgery; S3 - Ophthalmology Surgery; S4 - Gynaecology And Obstetrics Surgery; S5 - Orthopedic Surgery And Procedures; S6 - Surgical Gastro Enterology; S7 - Cardiac And Cardiothoracic Surgery; S8 - Pediatric Surgeries; S9 - Genito Urinary Surgeries; S10 - Neurosurgery; S11 - Surgical Oncology; S14 - Plastic Surgery; S15 - Poly Trauma; S16 - Cochlear Implant Surgery; S17 - Prostheses; S20 - Unspecified Surgical Package; M1 - Critical Care; M2 - General Medicine; M3 - Infectious Diseases; M4 - Pediatrics; M5 - Cardiology; M6 - Nephrology; M7 - Neurology; M8 - Pulmonology; M9 - Dermatology; M10 - Rheumatology; M11 - Endocrinology; M12 - Gastroenterology; M14 - Thalassemia; S19.1 - Liver Transplantation Surgery; S19.2 - Heart Transplantation Surgery; S19.3 - Renal Transplantation Surgery; S19.4 - Lung Transplantation Surgery; S19.5 - Allogenic Stem Cell Transplantation; S19.6 - Autologous Stem Cell Transplantation; S19.7 - Heart And Lung Transplantation Surgery; M15 - Medical Oncology; M16 - Radiation Oncology
48,Area Hospital Devarakadra,Government-TVVP,Mahabubnagar,Devarakadara,-,Dr Shabana (7799090986); Dr.Ragvendar Reddy (8977744111),S1 - General Surgery; S2 - Ent Surgery; S3 - Ophthalmology Surgery; S4 - Gynaecology And Obstetrics Surgery; S5 - Orthopedic Surgery And Procedures; S6 - Surgical Gastro Enterology; S7 - Cardiac And Cardiothoracic Surgery; S8 - Pediatric Surgeries; S9 - Genito Urinary Surgeries; S10 - Neurosurgery; S11 - Surgical Oncology; S14 - Plastic Surgery; S15 - Poly Trauma; S16 - Cochlear Implant Surgery; S17 - Prostheses; S20 - Unspecified Surgical Package; M1 - Critical Care; M2 - General Medicine; M3 - Infectious Diseases; M4 - Pediatrics; M5 - Cardiology; M6 - Nephrology; M7 - Neurology; M8 - Pulmonology; M9 - Dermatology; M10 - Rheumatology; M11 - Endocrinology; M12 - Gastroenterology; M14 - Thalassemia; M15 - Medical Oncology; M16 - Radiation Oncology
49,Area Hospital Devarakonda,Government-TVVP,Nalgonda,Devarakonda,Devarakonda,Busharaju Padma (8500161737); Vadathya Bhojya (9440469541); Goli Naga Raju (9848734578),S1 - General Surgery; S2 - Ent Surgery; S3 - Ophthalmology Surgery; S4 - Gynaecology And Obstetrics Surgery; S5 - Orthopedic Surgery And Procedures; S6 - Surgical Gastro Enterology; S7 - Cardiac And Cardiothoracic Surgery; S8 - Pediatric Surgeries; S9 - Genito Urinary Surgeries; S10 - Neurosurgery; S11 - Surgical Oncology; S14 - Plastic Surgery; S15 - Poly Trauma; S16 - Cochlear Implant Surgery; S17 - Prostheses; S20 - Unspecified Surgical Package; M1 - Critical Care; M2 - General Medicine; M3 - Infectious Diseases; M4 - Pediatrics; M5 - Cardiology; M6 - Nephrology; M7 - Neurology; M8 - Pulmonology; M9 - Dermatology; M10 - Rheumatology; M11 - Endocrinology; M12 - Gastroenterology; M14 - Thalassemia; S19.1 - Liver Transplantation Surgery; S19.2 - Heart Transplantation Surgery; S19.3 - Renal Transplantation Surgery; S19.4 - Lung Transplantation Surgery; S19.5 - Allogenic Stem Cell Transplantation; S19.6 - Autologous Stem Cell Transplantation; S19.7 - Heart And Lung Transplantation Surgery; M15 - Medical Oncology; M16 - Radiation Oncology
50,Area Hospital Dharmapuri,Government-TVVP,Jagtial,Dharmapuri,Dharmapuri,Sappa Raju (8179213265),S1 - General Surgery; S2 - Ent Surgery; S3 - Ophthalmology Surgery; S4 - Gynaecology And Obstetrics Surgery; S5 - Orthopedic Surgery And Procedures; S6 - Surgical Gastro Enterology; S7 - Cardiac And Cardiothoracic Surgery; S8 - Pediatric Surgeries; S9 - Genito Urinary Surgeries; S10 - Neurosurgery; S11 - Surgical Oncology; S14 - Plastic Surgery; S15 - Poly Trauma; S16 - Cochlear Implant Surgery; S17 - Prostheses; S20 - Unspecified Surgical Package; M1 - Critical Care; M2 - General Medicine; M3 - Infectious Diseases; M4 - Pediatrics; M5 - Cardiology; M6 - Nephrology; M7 - Neurology; M8 - Pulmonology; M9 - Dermatology; M10 - Rheumatology; M11 - Endocrinology; M12 - Gastroenterology; M14 - Thalassemia; S19.1 - Liver Transplantation Surgery; S19.2 - Heart Transplantation Surgery; S19.3 - Renal Transplantation Surgery; S19.4 - Lung Transplantation Surgery; S19.5 - Allogenic Stem Cell Transplantation; S19.6 - Autologous Stem Cell Transplantation; S19.7 - Heart And Lung Transplantation Surgery; M15 - Medical Oncology; M16 - Radiation Oncology
51,Area Hospital Dharpally,Government-TVVP,Nizamabad,Dharpalle,-,Banavath Narendhar (9491315308),S1 - General Surgery; S2 - Ent Surgery; S3 - Ophthalmology Surgery; S4 - Gynaecology And Obstetrics Surgery; S5 - Orthopedic Surgery And Procedures; S6 - Surgical Gastro Enterology; S7 - Cardiac And Cardiothoracic Surgery; S8 - Pediatric Surgeries; S9 - Genito Urinary Surgeries; S10 - Neurosurgery; S11 - Surgical Oncology; S14 - Plastic Surgery; S15 - Poly Trauma; S16 - Cochlear Implant Surgery; S17 - Prostheses; S20 - Unspecified Surgical Package; M1 - Critical Care; M2 - General Medicine; M3 - Infectious Diseases; M4 - Pediatrics; M5 - Cardiology; M6 - Nephrology; M7 - Neurology; M8 - Pulmonology; M9 - Dermatology; M10 - Rheumatology; M11 - Endocrinology; M12 - Gastroenterology; M14 - Thalassemia; S19.1 - Liver Transplantation Surgery; S19.2 - Heart Transplantation Surgery; S19.3 - Renal Transplantation Surgery; S19.4 - Lung Transplantation Surgery; S19.5 - Allogenic Stem Cell Transplantation; S19.6 - Autologous Stem Cell Transplantation; S19.7 - Heart And Lung Transplantation Surgery; M15 - Medical Oncology; M16 - Radiation Oncology
52,Area Hospital Dubbak,Government-TVVP,Siddipet,Dubbak,Siddipet,Raju Kaki(9666783645),S1 - General Surgery; S2 - Ent Surgery; S3 - Ophthalmology Surgery; S4 - Gynaecology And Obstetrics Surgery; S5 - Orthopedic Surgery And Procedures; S6 - Surgical Gastro Enterology; S7 - Cardiac And Cardiothoracic Surgery; S8 - Pediatric Surgeries; S9 - Genito Urinary Surgeries; S10 - Neurosurgery; S11 - Surgical Oncology; S14 - Plastic Surgery; S15 - Poly Trauma; S16 - Cochlear Implant Surgery; S17 - Prostheses; S20 - Unspecified Surgical Package; M1 - Critical Care; M2 - General Medicine; M3 - Infectious Diseases; M4 - Pediatrics; M5 - Cardiology; M6 - Nephrology; M7 - Neurology; M8 - Pulmonology; M9 - Dermatology; M10 - Rheumatology; M11 - Endocrinology; M12 - Gastroenterology; M14 - Thalassemia; S19.1 - Liver Transplantation Surgery; S19.2 - Heart Transplantation Surgery; S19.3 - Renal Transplantation Surgery; S19.4 - Lung Transplantation Surgery; S19.5 - Allogenic Stem Cell Transplantation; S19.6 - Autologous Stem Cell Transplantation; S19.7 - Heart And Lung Transplantation Surgery; M15 - Medical Oncology; M16 - Radiation Oncology
53,Area Hospital Gadwal,Government-DME,Jogulamba Gadwal,Gadwal,Gadwal,Chakali .Venkatesh (7981528085); Laxmi (7702075356); Prabhakar (9959915609); Chinna Babu (9160813303); Thayanna (9966542655),S1 - General Surgery; S1 - General Surgery; S3 - Ophthalmology Surgery; S4 - Gynaecology And Obstetrics Surgery; S5 - Orthopedic Surgery And Procedures; S6 - Surgical Gastro Enterology; S7 - Cardiac And Cardiothoracic Surgery; S8 - Pediatric Surgeries; S9 - Genito Urinary Surgeries; S10 - Neurosurgery; S11 - Surgical Oncology; S14 - Plastic Surgery; S15 - Poly Trauma; S16 - Cochlear Implant Surgery; S17 - Prostheses; S20 - Unspecified Surgical Package; M1 - Critical Care; M2 - General Medicine; M3 - Infectious Diseases; M4 - Pediatrics; M5 - Cardiology; M6 - Nephrology; M7 - Neurology; M8 - Pulmonology; M9 - Dermatology; M10 - Rheumatology; M11 - Endocrinology; M12 - Gastroenterology; M14 - Thalassemia; S19.1 - Liver Transplantation Surgery; S19.2 - Heart Transplantation Surgery; S19.3 - Renal Transplantation Surgery; S19.4 - Lung Transplantation Surgery; S19.5 - Allogenic Stem Cell Transplantation; S19.6 - Autologous Stem Cell Transplantation; S19.7 - Heart And Lung Transplantation Surgery; M15 - Medical Oncology; M16 - Radiation Oncology
54,Area Hospital Gajwel,Government-TVVP,Siddipet,Gajwel,Gajwel,T.Mahipal (9492305647); Venkat Reddy (9963256434),S1 - General Surgery; S2 - Ent Surgery; S3 - Ophthalmology Surgery; S4 - Gynaecology And Obstetrics Surgery; S5 - Orthopedic Surgery And Procedures; S6 - Surgical Gastro Enterology; S7 - Cardiac And Cardiothoracic Surgery; S8 - Pediatric Surgeries; S9 - Genito Urinary Surgeries; S10 - Neurosurgery; S11 - Surgical Oncology; S14 - Plastic Surgery; S15 - Poly Trauma; S16 - Cochlear Implant Surgery; S17 - Prostheses; S20 - Unspecified Surgical Package; M1 - Critical Care; M2 - General Medicine; M3 - Infectious Diseases; M4 - Pediatrics; M5 - Cardiology; M6 - Nephrology; M7 - Neurology; M8 - Pulmonology; M9 - Dermatology; M10 - Rheumatology; M11 - Endocrinology; M12 - Gastroenterology; M14 - Thalassemia; S19.1 - Liver Transplantation Surgery; S19.2 - Heart Transplantation Surgery; S19.3 - Renal Transplantation Surgery; S19.4 - Lung Transplantation Surgery; S19.5 - Allogenic Stem Cell Transplantation; S19.6 - Autologous Stem Cell Transplantation; S19.7 - Heart And Lung Transplantation Surgery; M15 - Medical Oncology; M16 - Radiation Oncology
55,Area Hospital Ghanpur,Government-TVVP,Jangoan,Ghanpur(Station),-,G Ravinder (9951547263); Dr.Srivani (9951547263); Dr.Ravi Rathod (7893600561),S1 - General Surgery; S2 - Ent Surgery; S3 - Ophthalmology Surgery; S4 - Gynaecology And Obstetrics Surgery; S5 - Orthopedic Surgery And Procedures; S6 - Surgical Gastro Enterology; S7 - Cardiac And Cardiothoracic Surgery; S8 - Pediatric Surgeries; S9 - Genito Urinary Surgeries; S10 - Neurosurgery; S11 - Surgical Oncology; S14 - Plastic Surgery; S15 - Poly Trauma; S16 - Cochlear Implant Surgery; S17 - Prostheses; S20 - Unspecified Surgical Package; M1 - Critical Care; M2 - General Medicine; M3 - Infectious Diseases; M4 - Pediatrics; M5 - Cardiology; M6 - Nephrology; M7 - Neurology; M8 - Pulmonology; M9 - Dermatology; M10 - Rheumatology; M11 - Endocrinology; M12 - Gastroenterology; M14 - Thalassemia; M15 - Medical Oncology; M16 - Radiation Oncology
56,Area Hospital Ghatkesar,Government-TVVP,Medchal-Malkajgiri,Ghatkesar,Ghatkesar,Vani K(9908010940),S1 - General Surgery; S2 - Ent Surgery; S3 - Ophthalmology Surgery; S4 - Gynaecology And Obstetrics Surgery; S5 - Orthopedic Surgery And Procedures; S6 - Surgical Gastro Enterology; S7 - Cardiac And Cardiothoracic Surgery; S8 - Pediatric Surgeries; S9 - Genito Urinary Surgeries; S10 - Neurosurgery; S11 - Surgical Oncology; S14 - Plastic Surgery; S15 - Poly Trauma; S16 - Cochlear Implant Surgery; S17 - Prostheses; S20 - Unspecified Surgical Package; M1 - Critical Care; M2 - General Medicine; M3 - Infectious Diseases; M4 - Pediatrics; M5 - Cardiology; M6 - Nephrology; M7 - Neurology; M8 - Pulmonology; M9 - Dermatology; M10 - Rheumatology; M11 - Endocrinology; M12 - Gastroenterology; M14 - Thalassemia; S19.1 - Liver Transplantation Surgery; S19.2 - Heart Transplantation Surgery; S19.3 - Renal Transplantation Surgery; S19.4 - Lung Transplantation Surgery; S19.5 - Allogenic Stem Cell Transplantation; S19.6 - Autologous Stem Cell Transplantation; S19.7 - Heart And Lung Transplantation Surgery; M15 - Medical Oncology; M16 - Radiation Oncology
57,Area Hospital Golconda,Government-TVVP,Hyderabad,Golconda,Ghmc,Neeraja (8978977830),S1 - General Surgery; S2 - Ent Surgery; S3 - Ophthalmology Surgery; S4 - Gynaecology And Obstetrics Surgery; S5 - Orthopedic Surgery And Procedures; S6 - Surgical Gastro Enterology; S7 - Cardiac And Cardiothoracic Surgery; S8 - Pediatric Surgeries; S9 - Genito Urinary Surgeries; S10 - Neurosurgery; S11 - Surgical Oncology; S14 - Plastic Surgery; S15 - Poly Trauma; S16 - Cochlear Implant Surgery; S17 - Prostheses; S20 - Unspecified Surgical Package; M1 - Critical Care; M2 - General Medicine; M3 - Infectious Diseases; M4 - Pediatrics; M5 - Cardiology; M6 - Nephrology; M7 - Neurology; M8 - Pulmonology; M9 - Dermatology; M10 - Rheumatology; M11 - Endocrinology; M12 - Gastroenterology; M14 - Thalassemia; S19.1 - Liver Transplantation Surgery; S19.2 - Heart Transplantation Surgery; S19.3 - Renal Transplantation Surgery; S19.4 - Lung Transplantation Surgery; S19.5 - Allogenic Stem Cell Transplantation; S19.6 - Autologous Stem Cell Transplantation; S19.7 - Heart And Lung Transplantation Surgery; M15 - Medical Oncology; M16 - Radiation Oncology
58,Area Hospital Husnabad,Government-TVVP,Siddipet,Husnabad,Husnabad,Dindigala Ramesh (8096712418),S1 - General Surgery; S2 - Ent Surgery; S3 - Ophthalmology Surgery; S4 - Gynaecology And Obstetrics Surgery; S5 - Orthopedic Surgery And Procedures; S6 - Surgical Gastro Enterology; S7 - Cardiac And Cardiothoracic Surgery; S8 - Pediatric Surgeries; S9 - Genito Urinary Surgeries; S10 - Neurosurgery; S11 - Surgical Oncology; S14 - Plastic Surgery; S15 - Poly Trauma; S16 - Cochlear Implant Surgery; S17 - Prostheses; S20 - Unspecified Surgical Package; M1 - Critical Care; M2 - General Medicine; M3 - Infectious Diseases; M4 - Pediatrics; M5 - Cardiology; M6 - Nephrology; M7 - Neurology; M8 - Pulmonology; M9 - Dermatology; M10 - Rheumatology; M11 - Endocrinology; M12 - Gastroenterology; M14 - Thalassemia; S19.1 - Liver Transplantation Surgery; S19.2 - Heart Transplantation Surgery; S19.3 - Renal Transplantation Surgery; S19.4 - Lung Transplantation Surgery; S19.5 - Allogenic Stem Cell Transplantation; S19.6 - Autologous Stem Cell Transplantation; S19.7 - Heart And Lung Transplantation Surgery; M15 - Medical Oncology; M16 - Radiation Oncology
59,Area Hospital Huzurabad,Government-TVVP,Karimnagar,Huzurabad,Huzurabad,Guarappa Ramesh (9959711892); T.Venkat Rajam (9177992722),S1 - General Surgery; S2 - Ent Surgery; S3 - Ophthalmology Surgery; S4 - Gynaecology And Obstetrics Surgery; S5 - Orthopedic Surgery And Procedures; S6 - Surgical Gastro Enterology; S7 - Cardiac And Cardiothoracic Surgery; S8 - Pediatric Surgeries; S9 - Genito Urinary Surgeries; S10 - Neurosurgery; S11 - Surgical Oncology; S14 - Plastic Surgery; S15 - Poly Trauma; S16 - Cochlear Implant Surgery; S17 - Prostheses; S20 - Unspecified Surgical Package; M1 - Critical Care; M2 - General Medicine; M3 - Infectious Diseases; M4 - Pediatrics; M5 - Cardiology; M6 - Nephrology; M7 - Neurology; M8 - Pulmonology; M9 - Dermatology; M10 - Rheumatology; M11 - Endocrinology; M12 - Gastroenterology; M14 - Thalassemia; S19.1 - Liver Transplantation Surgery; S19.2 - Heart Transplantation Surgery; S19.3 - Renal Transplantation Surgery; S19.4 - Lung Transplantation Surgery; S19.5 - Allogenic Stem Cell Transplantation; S19.6 - Autologous Stem Cell Transplantation; S19.7 - Heart And Lung Transplantation Surgery; M15 - Medical Oncology; M16 - Radiation Oncology
60,Area Hospital Huzurnagar,Government-TVVP,Suryapet,Huzurnagar,Huzurnagar,Banda Pulla Reddy (9966909677); Ammanaboina Guru Prasad (9912095735); Ranapangu Narasimha Rao (9948416468),S1 - General Surgery; S2 - Ent Surgery; S3 - Ophthalmology Surgery; S4 - Gynaecology And Obstetrics Surgery; S5 - Orthopedic Surgery And Procedures; S6 - Surgical Gastro Enterology; S7 - Cardiac And Cardiothoracic Surgery; S8 - Pediatric Surgeries; S9 - Genito Urinary Surgeries; S10 - Neurosurgery; S11 - Surgical Oncology; S14 - Plastic Surgery; S15 - Poly Trauma; S16 - Cochlear Implant Surgery; S17 - Prostheses; S20 - Unspecified Surgical Package; M1 - Critical Care; M2 - General Medicine; M3 - Infectious Diseases; M4 - Pediatrics; M5 - Cardiology; M6 - Nephrology; M7 - Neurology; M8 - Pulmonology; M9 - Dermatology; M10 - Rheumatology; M11 - Endocrinology; M12 - Gastroenterology; M14 - Thalassemia; S19.1 - Liver Transplantation Surgery; S19.2 - Heart Transplantation Surgery; S19.3 - Renal Transplantation Surgery; S19.4 - Lung Transplantation Surgery; S19.5 - Allogenic Stem Cell Transplantation; S19.6 - Autologous Stem Cell Transplantation; S19.7 - Heart And Lung Transplantation Surgery; M15 - Medical Oncology; M16 - Radiation Oncology
61,Area Hospital Jogipet,Government-TVVP,Sangareddy,Andole,Andole Jogipet,Kammari Ravinder (7095148093); P Jaipal Reddy (9492301433),S1 - General Surgery; S2 - Ent Surgery; S3 - Ophthalmology Surgery; S4 - Gynaecology And Obstetrics Surgery; S5 - Orthopedic Surgery And Procedures; S6 - Surgical Gastro Enterology; S7 - Cardiac And Cardiothoracic Surgery; S8 - Pediatric Surgeries; S9 - Genito Urinary Surgeries; S10 - Neurosurgery; S11 - Surgical Oncology; S14 - Plastic Surgery; S15 - Poly Trauma; S16 - Cochlear Implant Surgery; S17 - Prostheses; S20 - Unspecified Surgical Package; M1 - Critical Care; M2 - General Medicine; M3 - Infectious Diseases; M4 - Pediatrics; M5 - Cardiology; M6 - Nephrology; M7 - Neurology; M8 - Pulmonology; M9 - Dermatology; M10 - Rheumatology; M11 - Endocrinology; M12 - Gastroenterology; M14 - Thalassemia; S19.1 - Liver Transplantation Surgery; S19.2 - Heart Transplantation Surgery; S19.3 - Renal Transplantation Surgery; S19.4 - Lung Transplantation Surgery; S19.5 - Allogenic Stem Cell Transplantation; S19.6 - Autologous Stem Cell Transplantation; S19.7 - Heart And Lung Transplantation Surgery; M15 - Medical Oncology; M16 - Radiation Oncology
62,Area Hospital Kalvakurthy,Government-TVVP,Nagarkurnool,Kalwakurthy,Kalwakurthy,C.Nageshwar Rao (9912295122); N.Krishnaiah (9390792597); Edulapally.Ramarjun (9705800457),S1 - General Surgery; S2 - Ent Surgery; S3 - Ophthalmology Surgery; S4 - Gynaecology And Obstetrics Surgery; S5 - Orthopedic Surgery And Procedures; S6 - Surgical Gastro Enterology; S7 - Cardiac And Cardiothoracic Surgery; S8 - Pediatric Surgeries; S9 - Genito Urinary Surgeries; S10 - Neurosurgery; S11 - Surgical Oncology; S14 - Plastic Surgery; S14 - Plastic Surgery; S15 - Poly Trauma; S16 - Cochlear Implant Surgery; S17 - Prostheses; S20 - Unspecified Surgical Package; M1 - Critical Care; M2 - General Medicine; M3 - Infectious Diseases; M4 - Pediatrics; M5 - Cardiology; M6 - Nephrology; M7 - Neurology; M8 - Pulmonology; M9 - Dermatology; M10 - Rheumatology; M11 - Endocrinology; M12 - Gastroenterology; S19.1 - Liver Transplantation Surgery; S19.2 - Heart Transplantation Surgery; S19.3 - Renal Transplantation Surgery; S19.4 - Lung Transplantation Surgery; S19.5 - Allogenic Stem Cell Transplantation; S19.6 - Autologous Stem Cell Transplantation; S19.7 - Heart And Lung Transplantation Surgery; M15 - Medical Oncology; M16 - Radiation Oncology
63,Area Hospital Kamatipura,Government-TVVP,Hyderabad,Bahadurpura,Ghmc,Dr Khurram Saxena (8106815055); Dr Arvind Kumar (9989860610),S1 - General Surgery; S2 - Ent Surgery; S3 - Ophthalmology Surgery; S4 - Gynaecology And Obstetrics Surgery; S5 - Orthopedic Surgery And Procedures; S6 - Surgical Gastro Enterology; S7 - Cardiac And Cardiothoracic Surgery; S8 - Pediatric Surgeries; S9 - Genito Urinary Surgeries; S10 - Neurosurgery; S11 - Surgical Oncology; S14 - Plastic Surgery; S15 - Poly Trauma; S16 - Cochlear Implant Surgery; S17 - Prostheses; S20 - Unspecified Surgical Package; M1 - Critical Care; M2 - General Medicine; M3 - Infectious Diseases; M4 - Pediatrics; M5 - Cardiology; M6 - Nephrology; M7 - Neurology; M8 - Pulmonology; M9 - Dermatology; M10 - Rheumatology; M11 - Endocrinology; M12 - Gastroenterology; M14 - Thalassemia; M15 - Medical Oncology; M16 - Radiation Oncology
64,Area Hospital Khagznagar,Government-TVVP,Komaram Bheem Asifabad,Kagaznagar,Kagaz Nagar,Induri Padmalatha (9493736169); Gandrathi Parvathi (7036614063),S1 - General Surgery; S2 - Ent Surgery; S3 - Ophthalmology Surgery; S4 - Gynaecology And Obstetrics Surgery; S5 - Orthopedic Surgery And Procedures; S6 - Surgical Gastro Enterology; S7 - Cardiac And Cardiothoracic Surgery; S8 - Pediatric Surgeries; S9 - Genito Urinary Surgeries; S10 - Neurosurgery; S11 - Surgical Oncology; S14 - Plastic Surgery; S15 - Poly Trauma; S16 - Cochlear Implant Surgery; S17 - Prostheses; S20 - Unspecified Surgical Package; M1 - Critical Care; M2 - General Medicine; M3 - Infectious Diseases; M4 - Pediatrics; M5 - Cardiology; M6 - Nephrology; M7 - Neurology; M8 - Pulmonology; M9 - Dermatology; M10 - Rheumatology; M11 - Endocrinology; M12 - Gastroenterology; M14 - Thalassemia; S19.1 - Liver Transplantation Surgery; S19.2 - Heart Transplantation Surgery; S19.3 - Renal Transplantation Surgery; S19.4 - Lung Transplantation Surgery; S19.5 - Allogenic Stem Cell Transplantation; S19.6 - Autologous Stem Cell Transplantation; S19.7 - Heart And Lung Transplantation Surgery; M15 - Medical Oncology; M16 - Radiation Oncology
65,Area Hospital Kodad,Government-TVVP,Suryapet,Kodad,Kodad,Devireddy Sateesh Reddy (9966687930); Rajeshwari Konda(8096099745); Yaramadi Mangatayaramma (8919223129); Are Tirupatamma (9603209545),S1 - General Surgery; S2 - Ent Surgery; S3 - Ophthalmology Surgery; S4 - Gynaecology And Obstetrics Surgery; S5 - Orthopedic Surgery And Procedures; S6 - Surgical Gastro Enterology; S7 - Cardiac And Cardiothoracic Surgery; S8 - Pediatric Surgeries; S9 - Genito Urinary Surgeries; S10 - Neurosurgery; S11 - Surgical Oncology; S14 - Plastic Surgery; S15 - Poly Trauma; S16 - Cochlear Implant Surgery; S17 - Prostheses; S20 - Unspecified Surgical Package; M1 - Critical Care; M2 - General Medicine; M3 - Infectious Diseases; M4 - Pediatrics; M5 - Cardiology; M6 - Nephrology; M7 - Neurology; M8 - Pulmonology; M9 - Dermatology; M10 - Rheumatology; M11 - Endocrinology; M12 - Gastroenterology; M14 - Thalassemia; S19.1 - Liver Transplantation Surgery; S19.2 - Heart Transplantation Surgery; S19.3 - Renal Transplantation Surgery; S19.4 - Lung Transplantation Surgery; S19.5 - Allogenic Stem Cell Transplantation; S19.6 - Autologous Stem Cell Transplantation; S19.7 - Heart And Lung Transplantation Surgery; M15 - Medical Oncology; M16 - Radiation Oncology
66,Area Hospital Kollapur,Government-TVVP,Nagarkurnool,Kollapur,Kollapur,Anasuya (9492356841); K.Narasimha (9491629253); M. Shankar (9885526552); Baddula Shekar(9949378458),S1 - General Surgery; S2 - Ent Surgery; S3 - Ophthalmology Surgery; S4 - Gynaecology And Obstetrics Surgery; S5 - Orthopedic Surgery And Procedures; S6 - Surgical Gastro Enterology; S7 - Cardiac And Cardiothoracic Surgery; S8 - Pediatric Surgeries; S9 - Genito Urinary Surgeries; S10 - Neurosurgery; S11 - Surgical Oncology; S14 - Plastic Surgery; S15 - Poly Trauma; S16 - Cochlear Implant Surgery; S17 - Prostheses; S20 - Unspecified Surgical Package; M1 - Critical Care; M2 - General Medicine; M3 - Infectious Diseases; M4 - Pediatrics; M5 - Cardiology; M6 - Nephrology; M7 - Neurology; M8 - Pulmonology; M9 - Dermatology; M10 - Rheumatology; M11 - Endocrinology; M12 - Gastroenterology; M14 - Thalassemia; S19.1 - Liver Transplantation Surgery; S19.2 - Heart Transplantation Surgery; S19.3 - Renal Transplantation Surgery; S19.4 - Lung Transplantation Surgery; S19.5 - Allogenic Stem Cell Transplantation; S19.6 - Autologous Stem Cell Transplantation; S19.7 - Heart And Lung Transplantation Surgery; M15 - Medical Oncology; M16 - Radiation Oncology
67,Area Hospital Kondapur,Government-TVVP,Rangareddy,Serilingampalli,Ghmc,Gundamraj Rajendranath(8712202223); Y.Ravinder Goud (9963235308); Rohan (),S1 - General Surgery; S2 - Ent Surgery; S3 - Ophthalmology Surgery; S4 - Gynaecology And Obstetrics Surgery; S5 - Orthopedic Surgery And Procedures; S6 - Surgical Gastro Enterology; S7 - Cardiac And Cardiothoracic Surgery; S8 - Pediatric Surgeries; S9 - Genito Urinary Surgeries; S10 - Neurosurgery; S11 - Surgical Oncology; S14 - Plastic Surgery; S15 - Poly Trauma; S16 - Cochlear Implant Surgery; S17 - Prostheses; S20 - Unspecified Surgical Package; M1 - Critical Care; M2 - General Medicine; M3 - Infectious Diseases; M4 - Pediatrics; M5 - Cardiology; M6 - Nephrology; M7 - Neurology; M8 - Pulmonology; M9 - Dermatology; M10 - Rheumatology; M11 - Endocrinology; M12 - Gastroenterology; M14 - Thalassemia; S19.1 - Liver Transplantation Surgery; S19.2 - Heart Transplantation Surgery; S19.3 - Renal Transplantation Surgery; S19.4 - Lung Transplantation Surgery; S19.5 - Allogenic Stem Cell Transplantation; S19.6 - Autologous Stem Cell Transplantation; S19.7 - Heart And Lung Transplantation Surgery; M15 - Medical Oncology; M16 - Radiation Oncology
68,Area Hospital Korutla,Government-TVVP,Jagtial,Korutla,Korutla,Karni Srinivas (9866669536),S1 - General Surgery; S2 - Ent Surgery; S3 - Ophthalmology Surgery; S4 - Gynaecology And Obstetrics Surgery; S5 - Orthopedic Surgery And Procedures; S6 - Surgical Gastro Enterology; S7 - Cardiac And Cardiothoracic Surgery; S8 - Pediatric Surgeries; S9 - Genito Urinary Surgeries; S10 - Neurosurgery; S11 - Surgical Oncology; S14 - Plastic Surgery; S15 - Poly Trauma; S16 - Cochlear Implant Surgery; S17 - Prostheses; S20 - Unspecified Surgical Package; M1 - Critical Care; M2 - General Medicine; M3 - Infectious Diseases; M4 - Pediatrics; M5 - Cardiology; M6 - Nephrology; M7 - Neurology; M8 - Pulmonology; M9 - Dermatology; M10 - Rheumatology; M11 - Endocrinology; M12 - Gastroenterology; M14 - Thalassemia; S19.1 - Liver Transplantation Surgery; S19.2 - Heart Transplantation Surgery; S19.3 - Renal Transplantation Surgery; S19.4 - Lung Transplantation Surgery; S19.5 - Allogenic Stem Cell Transplantation; S19.6 - Autologous Stem Cell Transplantation; S19.7 - Heart And Lung Transplantation Surgery; M15 - Medical Oncology; M16 - Radiation Oncology
69,Area Hospital Madhira,Government-TVVP,Khammam,Madhira,Madhira,Sk.Jan (7893075665); A.Raghavendra Rao (9618652229),S1 - General Surgery; S2 - Ent Surgery; S3 - Ophthalmology Surgery; S4 - Gynaecology And Obstetrics Surgery; S5 - Orthopedic Surgery And Procedures; S6 - Surgical Gastro Enterology; S7 - Cardiac And Cardiothoracic Surgery; S8 - Pediatric Surgeries; S9 - Genito Urinary Surgeries; S10 - Neurosurgery; S11 - Surgical Oncology; S14 - Plastic Surgery; S15 - Poly Trauma; S16 - Cochlear Implant Surgery; S17 - Prostheses; S20 - Unspecified Surgical Package; M1 - Critical Care; M2 - General Medicine; M3 - Infectious Diseases; M4 - Pediatrics; M5 - Cardiology; M6 - Nephrology; M7 - Neurology; M8 - Pulmonology; M9 - Dermatology; M10 - Rheumatology; M11 - Endocrinology; M12 - Gastroenterology; M14 - Thalassemia; S19.1 - Liver Transplantation Surgery; S19.2 - Heart Transplantation Surgery; S19.3 - Renal Transplantation Surgery; S19.4 - Lung Transplantation Surgery; S19.5 - Allogenic Stem Cell Transplantation; S19.6 - Autologous Stem Cell Transplantation; S19.7 - Heart And Lung Transplantation Surgery; M15 - Medical Oncology; M16 - Radiation Oncology
70,Area Hospital Makthal,Government-TVVP,Narayanpet,Makthal,Makthal,Radhika (6281599117); Smt. Chandrakala(9440029056),S1 - General Surgery; S2 - Ent Surgery; S3 - Ophthalmology Surgery; S4 - Gynaecology And Obstetrics Surgery; S5 - Orthopedic Surgery And Procedures; S6 - Surgical Gastro Enterology; S7 - Cardiac And Cardiothoracic Surgery; S8 - Pediatric Surgeries; S9 - Genito Urinary Surgeries; S10 - Neurosurgery; S11 - Surgical Oncology; S14 - Plastic Surgery; S15 - Poly Trauma; S16 - Cochlear Implant Surgery; S17 - Prostheses; S20 - Unspecified Surgical Package; M1 - Critical Care; M2 - General Medicine; M3 - Infectious Diseases; M4 - Pediatrics; M5 - Cardiology; M6 - Nephrology; M7 - Neurology; M8 - Pulmonology; M9 - Dermatology; M10 - Rheumatology; M11 - Endocrinology; M12 - Gastroenterology; M14 - Thalassemia; S19.1 - Liver Transplantation Surgery; S19.2 - Heart Transplantation Surgery; S19.3 - Renal Transplantation Surgery; S19.4 - Lung Transplantation Surgery; S19.5 - Allogenic Stem Cell Transplantation; S19.6 - Autologous Stem Cell Transplantation; S19.7 - Heart And Lung Transplantation Surgery; M15 - Medical Oncology; M16 - Radiation Oncology
71,Area Hospital Malakpet,Government-TVVP,Hyderabad,Saidabad,Ghmc,Saritha (9666772765),S1 - General Surgery; S2 - Ent Surgery; S3 - Ophthalmology Surgery; S4 - Gynaecology And Obstetrics Surgery; S5 - Orthopedic Surgery And Procedures; S6 - Surgical Gastro Enterology; S7 - Cardiac And Cardiothoracic Surgery; S8 - Pediatric Surgeries; S9 - Genito Urinary Surgeries; S10 - Neurosurgery; S11 - Surgical Oncology; S14 - Plastic Surgery; S15 - Poly Trauma; S16 - Cochlear Implant Surgery; S17 - Prostheses; S20 - Unspecified Surgical Package; M1 - Critical Care; M2 - General Medicine; M3 - Infectious Diseases; M4 - Pediatrics; M5 - Cardiology; M6 - Nephrology; M7 - Neurology; M8 - Pulmonology; M9 - Dermatology; M10 - Rheumatology; M11 - Endocrinology; M12 - Gastroenterology; M14 - Thalassemia; S19.1 - Liver Transplantation Surgery; S19.2 - Heart Transplantation Surgery; S19.3 - Renal Transplantation Surgery; S19.4 - Lung Transplantation Surgery; S19.5 - Allogenic Stem Cell Transplantation; S19.6 - Autologous Stem Cell Transplantation; S19.7 - Heart And Lung Transplantation Surgery; M15 - Medical Oncology; M16 - Radiation Oncology
72,Area Hospital Manthani,Government-TVVP,Peddapalli,Manthani,Manthani,Dr Bhimeswar(); Vishnu Bakula Sangitha (7032242378); Malllyala Sammaiah (9908436975),S1 - General Surgery; S2 - Ent Surgery; S3 - Ophthalmology Surgery; S4 - Gynaecology And Obstetrics Surgery; S5 - Orthopedic Surgery And Procedures; S6 - Surgical Gastro Enterology; S7 - Cardiac And Cardiothoracic Surgery; S8 - Pediatric Surgeries; S9 - Genito Urinary Surgeries; S10 - Neurosurgery; S11 - Surgical Oncology; S14 - Plastic Surgery; S15 - Poly Trauma; S16 - Cochlear Implant Surgery; S17 - Prostheses; S20 - Unspecified Surgical Package; M1 - Critical Care; M2 - General Medicine; M3 - Infectious Diseases; M4 - Pediatrics; M5 - Cardiology; M6 - Nephrology; M7 - Neurology; M8 - Pulmonology; M9 - Dermatology; M10 - Rheumatology; M11 - Endocrinology; M12 - Gastroenterology; M14 - Thalassemia; S19.1 - Liver Transplantation Surgery; S19.2 - Heart Transplantation Surgery; S19.3 - Renal Transplantation Surgery; S19.4 - Lung Transplantation Surgery; S19.5 - Allogenic Stem Cell Transplantation; S19.6 - Autologous Stem Cell Transplantation; S19.7 - Heart And Lung Transplantation Surgery; M15 - Medical Oncology; M16 - Radiation Oncology
73,Area Hospital Manuguru,Government-TVVP,Bhadradri Kothagudem,Manugur,Manugur,P.Ramesh (9642052220); Y.Satyanarayana (9542444645),S1 - General Surgery; S2 - Ent Surgery; S3 - Ophthalmology Surgery; S4 - Gynaecology And Obstetrics Surgery; S5 - Orthopedic Surgery And Procedures; S6 - Surgical Gastro Enterology; S7 - Cardiac And Cardiothoracic Surgery; S8 - Pediatric Surgeries; S9 - Genito Urinary Surgeries; S10 - Neurosurgery; S11 - Surgical Oncology; S14 - Plastic Surgery; S15 - Poly Trauma; S16 - Cochlear Implant Surgery; S17 - Prostheses; S20 - Unspecified Surgical Package; M1 - Critical Care; M2 - General Medicine; M3 - Infectious Diseases; M4 - Pediatrics; M5 - Cardiology; M6 - Nephrology; M7 - Neurology; M8 - Pulmonology; M9 - Dermatology; M10 - Rheumatology; M11 - Endocrinology; M12 - Gastroenterology; M14 - Thalassemia; S19.1 - Liver Transplantation Surgery; S19.2 - Heart Transplantation Surgery; S19.3 - Renal Transplantation Surgery; S19.4 - Lung Transplantation Surgery; S19.5 - Allogenic Stem Cell Transplantation; S19.6 - Autologous Stem Cell Transplantation; S19.7 - Heart And Lung Transplantation Surgery; M15 - Medical Oncology; M16 - Radiation Oncology
74,Area Hospital Maripeda,Government-TVVP,Mahabubabad,Maripeda,-,Dr.A.Aruna Devi (9866853995),S1 - General Surgery; S2 - Ent Surgery; S3 - Ophthalmology Surgery; S4 - Gynaecology And Obstetrics Surgery; S5 - Orthopedic Surgery And Procedures; S6 - Surgical Gastro Enterology; S7 - Cardiac And Cardiothoracic Surgery; S8 - Pediatric Surgeries; S9 - Genito Urinary Surgeries; S10 - Neurosurgery; S11 - Surgical Oncology; S14 - Plastic Surgery; S15 - Poly Trauma; S16 - Cochlear Implant Surgery; S17 - Prostheses; S20 - Unspecified Surgical Package; M1 - Critical Care; M2 - General Medicine; M3 - Infectious Diseases; M4 - Pediatrics; M5 - Cardiology; M6 - Nephrology; M7 - Neurology; M8 - Pulmonology; M9 - Dermatology; M10 - Rheumatology; M11 - Endocrinology; M12 - Gastroenterology; M14 - Thalassemia; M15 - Medical Oncology; M16 - Radiation Oncology
75,Area Hospital Medchal Malkajgiri,Government-TVVP,Medchal-Malkajgiri,Medchal,Medchal,D.Srilaxmi (8897619473),S1 - General Surgery; S2 - Ent Surgery; S3 - Ophthalmology Surgery; S4 - Gynaecology And Obstetrics Surgery; S5 - Orthopedic Surgery And Procedures; S6 - Surgical Gastro Enterology; S7 - Cardiac And Cardiothoracic Surgery; S8 - Pediatric Surgeries; S9 - Genito Urinary Surgeries; S10 - Neurosurgery; S11 - Surgical Oncology; S14 - Plastic Surgery; S15 - Poly Trauma; S16 - Cochlear Implant Surgery; S17 - Prostheses; S20 - Unspecified Surgical Package; M1 - Critical Care; M2 - General Medicine; M3 - Infectious Diseases; M4 - Pediatrics; M5 - Cardiology; M6 - Nephrology; M7 - Neurology; M8 - Pulmonology; M9 - Dermatology; M10 - Rheumatology; M11 - Endocrinology; M12 - Gastroenterology; M14 - Thalassemia; S19.1 - Liver Transplantation Surgery; S19.2 - Heart Transplantation Surgery; S19.3 - Renal Transplantation Surgery; S19.4 - Lung Transplantation Surgery; S19.5 - Allogenic Stem Cell Transplantation; S19.6 - Autologous Stem Cell Transplantation; S19.7 - Heart And Lung Transplantation Surgery; M15 - Medical Oncology; M16 - Radiation Oncology
76,Area Hospital Miriyalaguda,Government-TVVP,Nalgonda,Miryalaguda,Miryalaguda,Jubeda Begum (8096439834); Kandula Salaiah (8919769157); Chinnaboina Sujatha (9492188564),S1 - General Surgery; S2 - Ent Surgery; S3 - Ophthalmology Surgery; S4 - Gynaecology And Obstetrics Surgery; S5 - Orthopedic Surgery And Procedures; S6 - Surgical Gastro Enterology; S7 - Cardiac And Cardiothoracic Surgery; S8 - Pediatric Surgeries; S9 - Genito Urinary Surgeries; S10 - Neurosurgery; S11 - Surgical Oncology; S14 - Plastic Surgery; S15 - Poly Trauma; S16 - Cochlear Implant Surgery; S17 - Prostheses; S20 - Unspecified Surgical Package; M1 - Critical Care; M2 - General Medicine; M3 - Infectious Diseases; M4 - Pediatrics; M5 - Cardiology; M6 - Nephrology; M7 - Neurology; M8 - Pulmonology; M9 - Dermatology; M10 - Rheumatology; M11 - Endocrinology; M12 - Gastroenterology; M14 - Thalassemia; S19.1 - Liver Transplantation Surgery; S19.2 - Heart Transplantation Surgery; S19.3 - Renal Transplantation Surgery; S19.4 - Lung Transplantation Surgery; S19.5 - Allogenic Stem Cell Transplantation; S19.6 - Autologous Stem Cell Transplantation; S19.7 - Heart And Lung Transplantation Surgery; M15 - Medical Oncology; M16 - Radiation Oncology
77,Area Hospital Nagarjunasagar,Government-TVVP,Nalgonda,Peddavoora,-,Ravulapati Madhusudhan (9502546752); Lakshmi Sailaja (9440927869); Ramavath Siva Kumar (9642917898),S1 - General Surgery; S2 - Ent Surgery; S3 - Ophthalmology Surgery; S4 - Gynaecology And Obstetrics Surgery; S5 - Orthopedic Surgery And Procedures; S6 - Surgical Gastro Enterology; S7 - Cardiac And Cardiothoracic Surgery; S8 - Pediatric Surgeries; S9 - Genito Urinary Surgeries; S10 - Neurosurgery; S11 - Surgical Oncology; S14 - Plastic Surgery; S15 - Poly Trauma; S16 - Cochlear Implant Surgery; S17 - Prostheses; S20 - Unspecified Surgical Package; M1 - Critical Care; M2 - General Medicine; M3 - Infectious Diseases; M4 - Pediatrics; M5 - Cardiology; M6 - Nephrology; M7 - Neurology; M8 - Pulmonology; M9 - Dermatology; M10 - Rheumatology; M11 - Endocrinology; M12 - Gastroenterology; M14 - Thalassemia; S19.1 - Liver Transplantation Surgery; S19.2 - Heart Transplantation Surgery; S19.3 - Renal Transplantation Surgery; S19.4 - Lung Transplantation Surgery; S19.5 - Allogenic Stem Cell Transplantation; S19.6 - Autologous Stem Cell Transplantation; S19.7 - Heart And Lung Transplantation Surgery; M15 - Medical Oncology; M16 - Radiation Oncology
78,Area Hospital Nakkrekal,Government-TVVP,Nalgonda,Nakrekal,-,Vemula Sunitha (9985726144); Meda Govardhan (9908374161),S1 - General Surgery; S2 - Ent Surgery; S3 - Ophthalmology Surgery; S4 - Gynaecology And Obstetrics Surgery; S5 - Orthopedic Surgery And Procedures; S6 - Surgical Gastro Enterology; S7 - Cardiac And Cardiothoracic Surgery; S8 - Pediatric Surgeries; S9 - Genito Urinary Surgeries; S10 - Neurosurgery; S11 - Surgical Oncology; S14 - Plastic Surgery; S15 - Poly Trauma; S16 - Cochlear Implant Surgery; S17 - Prostheses; S20 - Unspecified Surgical Package; M1 - Critical Care; M2 - General Medicine; M3 - Infectious Diseases; M4 - Pediatrics; M5 - Cardiology; M6 - Nephrology; M7 - Neurology; M8 - Pulmonology; M9 - Dermatology; M10 - Rheumatology; M11 - Endocrinology; M12 - Gastroenterology; M14 - Thalassemia; S19.1 - Liver Transplantation Surgery; S19.2 - Heart Transplantation Surgery; S19.3 - Renal Transplantation Surgery; S19.4 - Lung Transplantation Surgery; S19.5 - Allogenic Stem Cell Transplantation; S19.6 - Autologous Stem Cell Transplantation; S19.7 - Heart And Lung Transplantation Surgery; M15 - Medical Oncology; M16 - Radiation Oncology
79,Area Hospital Nampally,Government-TVVP,Hyderabad,Nampally,Ghmc,Razia Sultana (9177397550); Rajesh (7416982021),S1 - General Surgery; S2 - Ent Surgery; S3 - Ophthalmology Surgery; S4 - Gynaecology And Obstetrics Surgery; S5 - Orthopedic Surgery And Procedures; S6 - Surgical Gastro Enterology; S7 - Cardiac And Cardiothoracic Surgery; S8 - Pediatric Surgeries; S9 - Genito Urinary Surgeries; S10 - Neurosurgery; S11 - Surgical Oncology; S14 - Plastic Surgery; S15 - Poly Trauma; S16 - Cochlear Implant Surgery; S17 - Prostheses; S20 - Unspecified Surgical Package; M1 - Critical Care; M2 - General Medicine; M3 - Infectious Diseases; M4 - Pediatrics; M5 - Cardiology; M6 - Nephrology; M7 - Neurology; M8 - Pulmonology; M9 - Dermatology; M10 - Rheumatology; M11 - Endocrinology; M12 - Gastroenterology; M14 - Thalassemia; S19.1 - Liver Transplantation Surgery; S19.2 - Heart Transplantation Surgery; S19.3 - Renal Transplantation Surgery; S19.4 - Lung Transplantation Surgery; S19.5 - Allogenic Stem Cell Transplantation; S19.6 - Autologous Stem Cell Transplantation; S19.7 - Heart And Lung Transplantation Surgery; M15 - Medical Oncology; M16 - Radiation Oncology
80,Area Hospital Narsapur,Government-TVVP,Medak,Narsapur,-,Narayanolla Sathyanayana Goud (9989215147); Shyam Prasad (9676604162),S1 - General Surgery; S2 - Ent Surgery; S3 - Ophthalmology Surgery; S4 - Gynaecology And Obstetrics Surgery; S5 - Orthopedic Surgery And Procedures; S6 - Surgical Gastro Enterology; S7 - Cardiac And Cardiothoracic Surgery; S8 - Pediatric Surgeries; S9 - Genito Urinary Surgeries; S10 - Neurosurgery; S11 - Surgical Oncology; S14 - Plastic Surgery; S15 - Poly Trauma; S16 - Cochlear Implant Surgery; S17 - Prostheses; S20 - Unspecified Surgical Package; M1 - Critical Care; M2 - General Medicine; M3 - Infectious Diseases; M4 - Pediatrics; M5 - Cardiology; M6 - Nephrology; M7 - Neurology; M8 - Pulmonology; M9 - Dermatology; M10 - Rheumatology; M11 - Endocrinology; M12 - Gastroenterology; M14 - Thalassemia; S19.1 - Liver Transplantation Surgery; S19.2 - Heart Transplantation Surgery; S19.3 - Renal Transplantation Surgery; S19.4 - Lung Transplantation Surgery; S19.5 - Allogenic Stem Cell Transplantation; S19.6 - Autologous Stem Cell Transplantation; S19.7 - Heart And Lung Transplantation Surgery; M15 - Medical Oncology; M16 - Radiation Oncology
81,Area Hospital Patancheru,Government-TVVP,Sangareddy,Patancheru,Ghmc,P.Mahandar (8328212807); Sri. Dr.P.Kistaiah(9440486323); Balupati Santosh (9676262881),S1 - General Surgery; S2 - Ent Surgery; S3 - Ophthalmology Surgery; S4 - Gynaecology And Obstetrics Surgery; S5 - Orthopedic Surgery And Procedures; S6 - Surgical Gastro Enterology; S7 - Cardiac And Cardiothoracic Surgery; S8 - Pediatric Surgeries; S9 - Genito Urinary Surgeries; S10 - Neurosurgery; S11 - Surgical Oncology; S14 - Plastic Surgery; S15 - Poly Trauma; S16 - Cochlear Implant Surgery; S17 - Prostheses; S20 - Unspecified Surgical Package; M1 - Critical Care; M2 - General Medicine; M3 - Infectious Diseases; M4 - Pediatrics; M5 - Cardiology; M6 - Nephrology; M7 - Neurology; M8 - Pulmonology; M9 - Dermatology; M10 - Rheumatology; M11 - Endocrinology; M12 - Gastroenterology; M14 - Thalassemia; S19.1 - Liver Transplantation Surgery; S19.2 - Heart Transplantation Surgery; S19.3 - Renal Transplantation Surgery; S19.4 - Lung Transplantation Surgery; S19.5 - Allogenic Stem Cell Transplantation; S19.6 - Autologous Stem Cell Transplantation; S19.7 - Heart And Lung Transplantation Surgery; M15 - Medical Oncology; M16 - Radiation Oncology
82,Area Hospital Patancheru,Government-TVVP,Sangareddy,Patancheru,Ghmc,Dr.T.Balraju (8374404859),S1 - General Surgery; S2 - Ent Surgery; S3 - Ophthalmology Surgery; S4 - Gynaecology And Obstetrics Surgery; S5 - Orthopedic Surgery And Procedures; S6 - Surgical Gastro Enterology; S7 - Cardiac And Cardiothoracic Surgery; S8 - Pediatric Surgeries; S9 - Genito Urinary Surgeries; S10 - Neurosurgery; S11 - Surgical Oncology; S14 - Plastic Surgery; S15 - Poly Trauma; S16 - Cochlear Implant Surgery; S17 - Prostheses; S20 - Unspecified Surgical Package; M1 - Critical Care; M2 - General Medicine; M3 - Infectious Diseases; M4 - Pediatrics; M5 - Cardiology; M6 - Nephrology; M7 - Neurology; M8 - Pulmonology; M9 - Dermatology; M10 - Rheumatology; M11 - Endocrinology; M12 - Gastroenterology; M14 - Thalassemia; M15 - Medical Oncology; M16 - Radiation Oncology
83,Area Hospital Peddapally,Government-TVVP,Peddapalli,Peddapalli,Peddapalli,Mohemmed Shabbir (8919129111); Oddam Manojkumar (9949456147); Tandra Chendraiah (9441887701); Bheemoju Suresh (9908324812),S1 - General Surgery; S2 - Ent Surgery; S3 - Ophthalmology Surgery; S4 - Gynaecology And Obstetrics Surgery; S5 - Orthopedic Surgery And Procedures; S6 - Surgical Gastro Enterology; S7 - Cardiac And Cardiothoracic Surgery; S8 - Pediatric Surgeries; S9 - Genito Urinary Surgeries; S10 - Neurosurgery; S11 - Surgical Oncology; S14 - Plastic Surgery; S15 - Poly Trauma; S16 - Cochlear Implant Surgery; S17 - Prostheses; S20 - Unspecified Surgical Package; M1 - Critical Care; M2 - General Medicine; M3 - Infectious Diseases; M4 - Pediatrics; M5 - Cardiology; M6 - Nephrology; M7 - Neurology; M8 - Pulmonology; M9 - Dermatology; M10 - Rheumatology; M11 - Endocrinology; M12 - Gastroenterology; M14 - Thalassemia; S19.1 - Liver Transplantation Surgery; S19.2 - Heart Transplantation Surgery; S19.3 - Renal Transplantation Surgery; S19.4 - Lung Transplantation Surgery; S19.5 - Allogenic Stem Cell Transplantation; S19.6 - Autologous Stem Cell Transplantation; S19.7 - Heart And Lung Transplantation Surgery; M15 - Medical Oncology; M16 - Radiation Oncology
84,Area Hospital Shadnagar,Government-TVVP,Rangareddy,Farooqnagar,Shadnagar,Kummari Sreesailam (9848282416),S1 - General Surgery; S2 - Ent Surgery; S3 - Ophthalmology Surgery; S4 - Gynaecology And Obstetrics Surgery; S5 - Orthopedic Surgery And Procedures; S6 - Surgical Gastro Enterology; S7 - Cardiac And Cardiothoracic Surgery; S8 - Pediatric Surgeries; S9 - Genito Urinary Surgeries; S10 - Neurosurgery; S11 - Surgical Oncology; S14 - Plastic Surgery; S15 - Poly Trauma; S16 - Cochlear Implant Surgery; S17 - Prostheses; S20 - Unspecified Surgical Package; M1 - Critical Care; M2 - General Medicine; M3 - Infectious Diseases; M4 - Pediatrics; M5 - Cardiology; M6 - Nephrology; M7 - Neurology; M8 - Pulmonology; M9 - Dermatology; M10 - Rheumatology; M11 - Endocrinology; M12 - Gastroenterology; M14 - Thalassemia; S19.1 - Liver Transplantation Surgery; S19.2 - Heart Transplantation Surgery; S19.3 - Renal Transplantation Surgery; S19.4 - Lung Transplantation Surgery; S19.5 - Allogenic Stem Cell Transplantation; S19.6 - Autologous Stem Cell Transplantation; S19.7 - Heart And Lung Transplantation Surgery; M15 - Medical Oncology; M16 - Radiation Oncology
85,Area Hospital Thirumalapalem,Government-TVVP,Khammam,Thirumalayapalem,-,B.Lalitha (9110792508); Kamala Krupa Usha Sree (7702047025); Dr B Rambabu (9666295855),S1 - General Surgery; S2 - Ent Surgery; S3 - Ophthalmology Surgery; S4 - Gynaecology And Obstetrics Surgery; S5 - Orthopedic Surgery And Procedures; S6 - Surgical Gastro Enterology; S7 - Cardiac And Cardiothoracic Surgery; S8 - Pediatric Surgeries; S9 - Genito Urinary Surgeries; S10 - Neurosurgery; S11 - Surgical Oncology; S14 - Plastic Surgery; S15 - Poly Trauma; S16 - Cochlear Implant Surgery; S17 - Prostheses; S20 - Unspecified Surgical Package; M1 - Critical Care; M2 - General Medicine; M3 - Infectious Diseases; M4 - Pediatrics; M5 - Cardiology; M6 - Nephrology; M7 - Neurology; M8 - Pulmonology; M9 - Dermatology; M10 - Rheumatology; M11 - Endocrinology; M12 - Gastroenterology; M14 - Thalassemia; M15 - Medical Oncology; M16 - Radiation Oncology
86,Area Hospital Thorrur,Government-TVVP,Mahabubabad,Thorrur,-,Dr.Dileep Kumar (9676545134); Dr.Meeraj (8985560295),S1 - General Surgery; S2 - Ent Surgery; S3 - Ophthalmology Surgery; S4 - Gynaecology And Obstetrics Surgery; S5 - Orthopedic Surgery And Procedures; S6 - Surgical Gastro Enterology; S7 - Cardiac And Cardiothoracic Surgery; S8 - Pediatric Surgeries; S9 - Genito Urinary Surgeries; S10 - Neurosurgery; S11 - Surgical Oncology; S14 - Plastic Surgery; S15 - Poly Trauma; S16 - Cochlear Implant Surgery; S17 - Prostheses; S20 - Unspecified Surgical Package; M1 - Critical Care; M2 - General Medicine; M3 - Infectious Diseases; M4 - Pediatrics; M5 - Cardiology; M6 - Nephrology; M7 - Neurology; M8 - Pulmonology; M9 - Dermatology; M10 - Rheumatology; M11 - Endocrinology; M12 - Gastroenterology; M14 - Thalassemia; M15 - Medical Oncology; M16 - Radiation Oncology
87,Area Hospital Thungathurthy,Government-TVVP,Suryapet,Thungathurthi,-,Velpula Chandrakala (7680959516),S1 - General Surgery; S2 - Ent Surgery; S3 - Ophthalmology Surgery; S4 - Gynaecology And Obstetrics Surgery; S5 - Orthopedic Surgery And Procedures; S6 - Surgical Gastro Enterology; S7 - Cardiac And Cardiothoracic Surgery; S8 - Pediatric Surgeries; S9 - Genito Urinary Surgeries; S10 - Neurosurgery; S11 - Surgical Oncology; S14 - Plastic Surgery; S15 - Poly Trauma; S16 - Cochlear Implant Surgery; S17 - Prostheses; M1 - Critical Care; M2 - General Medicine; M3 - Infectious Diseases; M4 - Pediatrics; M5 - Cardiology; M6 - Nephrology; M7 - Neurology; M8 - Pulmonology; M9 - Dermatology; M10 - Rheumatology; M11 - Endocrinology; M12 - Gastroenterology; M14 - Thalassemia; S19.1 - Liver Transplantation Surgery; S19.2 - Heart Transplantation Surgery; S19.3 - Renal Transplantation Surgery; S19.4 - Lung Transplantation Surgery; S19.5 - Allogenic Stem Cell Transplantation; S19.6 - Autologous Stem Cell Transplantation; S19.7 - Heart And Lung Transplantation Surgery; M15 - Medical Oncology; M16 - Radiation Oncology
88,Area Hospital Uppal,Government-TVVP,Medchal-Malkajgiri,Uppal,Ghmc,Dr.V.Sowndarya Latha (8074211167),S1 - General Surgery; S2 - Ent Surgery; S3 - Ophthalmology Surgery; S4 - Gynaecology And Obstetrics Surgery; S5 - Orthopedic Surgery And Procedures; S6 - Surgical Gastro Enterology; S7 - Cardiac And Cardiothoracic Surgery; S8 - Pediatric Surgeries; S9 - Genito Urinary Surgeries; S10 - Neurosurgery; S11 - Surgical Oncology; S14 - Plastic Surgery; S15 - Poly Trauma; S16 - Cochlear Implant Surgery; S17 - Prostheses; S20 - Unspecified Surgical Package; M1 - Critical Care; M2 - General Medicine; M3 - Infectious Diseases; M4 - Pediatrics; M5 - Cardiology; M6 - Nephrology; M7 - Neurology; M8 - Pulmonology; M9 - Dermatology; M10 - Rheumatology; M11 - Endocrinology; M12 - Gastroenterology; M14 - Thalassemia; M15 - Medical Oncology; M16 - Radiation Oncology
89,Area Hospital Utnoor,Government-TVVP,Adilabad,Utnoor,-,Kommu Sunitha (9951928051); Priyanka Rathod (6302983402); Jadav Vijayesh (8333816603); Godipelli.Rajamani (8897679485); J. Priyanka (8985719306); Arthram.Anasuya (9492743885),S1 - General Surgery; S2 - Ent Surgery; S3 - Ophthalmology Surgery; S4 - Gynaecology And Obstetrics Surgery; S5 - Orthopedic Surgery And Procedures; S6 - Surgical Gastro Enterology; S7 - Cardiac And Cardiothoracic Surgery; S8 - Pediatric Surgeries; S9 - Genito Urinary Surgeries; S10 - Neurosurgery; S11 - Surgical Oncology; S14 - Plastic Surgery; S15 - Poly Trauma; S16 - Cochlear Implant Surgery; S17 - Prostheses; S20 - Unspecified Surgical Package; M1 - Critical Care; M2 - General Medicine; M3 - Infectious Diseases; M4 - Pediatrics; M5 - Cardiology; M6 - Nephrology; M7 - Neurology; M8 - Pulmonology; M9 - Dermatology; M10 - Rheumatology; M11 - Endocrinology; M12 - Gastroenterology; M14 - Thalassemia; S19.1 - Liver Transplantation Surgery; S19.2 - Heart Transplantation Surgery; S19.3 - Renal Transplantation Surgery; S19.4 - Lung Transplantation Surgery; S19.5 - Allogenic Stem Cell Transplantation; S19.6 - Autologous Stem Cell Transplantation; S19.7 - Heart And Lung Transplantation Surgery; M15 - Medical Oncology; M16 - Radiation Oncology
90,Area Hospital Vanasthalipuram,Government-TVVP,Rangareddy,Hayathnagar,Ghmc,M. Lakshmi Padmavathi (9154235808); Mamatha.K (9553283905); Sravan Kumar K (9676860177),S1 - General Surgery; S2 - Ent Surgery; S3 - Ophthalmology Surgery; S4 - Gynaecology And Obstetrics Surgery; S5 - Orthopedic Surgery And Procedures; S6 - Surgical Gastro Enterology; S7 - Cardiac And Cardiothoracic Surgery; S8 - Pediatric Surgeries; S9 - Genito Urinary Surgeries; S10 - Neurosurgery; S11 - Surgical Oncology; S14 - Plastic Surgery; S15 - Poly Trauma; S16 - Cochlear Implant Surgery; S17 - Prostheses; S20 - Unspecified Surgical Package; M1 - Critical Care; M2 - General Medicine; M3 - Infectious Diseases; M4 - Pediatrics; M5 - Cardiology; M6 - Nephrology; M7 - Neurology; M8 - Pulmonology; M9 - Dermatology; M10 - Rheumatology; M11 - Endocrinology; M12 - Gastroenterology; M14 - Thalassemia; S19.1 - Liver Transplantation Surgery; S19.2 - Heart Transplantation Surgery; S19.3 - Renal Transplantation Surgery; S19.4 - Lung Transplantation Surgery; S19.5 - Allogenic Stem Cell Transplantation; S19.6 - Autologous Stem Cell Transplantation; S19.7 - Heart And Lung Transplantation Surgery; M15 - Medical Oncology; M16 - Radiation Oncology
91,Area Hospital Vemulawada,Government-TVVP,Rajanna Sircilla,Vemulawada,Vemulawada,Nagula Samatha (6301450541); Pendota Naveen Kumar (9491472687),S1 - General Surgery; S2 - Ent Surgery; S3 - Ophthalmology Surgery; S4 - Gynaecology And Obstetrics Surgery; S5 - Orthopedic Surgery And Procedures; S6 - Surgical Gastro Enterology; S7 - Cardiac And Cardiothoracic Surgery; S8 - Pediatric Surgeries; S9 - Genito Urinary Surgeries; S10 - Neurosurgery; S11 - Surgical Oncology; S14 - Plastic Surgery; S15 - Poly Trauma; S16 - Cochlear Implant Surgery; S17 - Prostheses; S20 - Unspecified Surgical Package; M1 - Critical Care; M2 - General Medicine; M3 - Infectious Diseases; M4 - Pediatrics; M5 - Cardiology; M6 - Nephrology; M7 - Neurology; M8 - Pulmonology; M9 - Dermatology; M10 - Rheumatology; M11 - Endocrinology; M12 - Gastroenterology; M14 - Thalassemia; S19.1 - Liver Transplantation Surgery; S19.2 - Heart Transplantation Surgery; S19.3 - Renal Transplantation Surgery; S19.4 - Lung Transplantation Surgery; S19.5 - Allogenic Stem Cell Transplantation; S19.6 - Autologous Stem Cell Transplantation; S19.7 - Heart And Lung Transplantation Surgery; M15 - Medical Oncology; M16 - Radiation Oncology
92,Area Hospital Wardhannapet,Government-TVVP,Warangal,Wardhanna Pet,Wardhannapet,Maheswarapu Sripal (9866778256),S1 - General Surgery; S2 - Ent Surgery; S3 - Ophthalmology Surgery; S4 - Gynaecology And Obstetrics Surgery; S5 - Orthopedic Surgery And Procedures; S6 - Surgical Gastro Enterology; S7 - Cardiac And Cardiothoracic Surgery; S8 - Pediatric Surgeries; S9 - Genito Urinary Surgeries; S10 - Neurosurgery; S11 - Surgical Oncology; S14 - Plastic Surgery; S15 - Poly Trauma; S16 - Cochlear Implant Surgery; S17 - Prostheses; S20 - Unspecified Surgical Package; M1 - Critical Care; M2 - General Medicine; M3 - Infectious Diseases; M4 - Pediatrics; M5 - Cardiology; M6 - Nephrology; M7 - Neurology; M8 - Pulmonology; M9 - Dermatology; M10 - Rheumatology; M11 - Endocrinology; M12 - Gastroenterology; M14 - Thalassemia; S19.1 - Liver Transplantation Surgery; S19.2 - Heart Transplantation Surgery; S19.3 - Renal Transplantation Surgery; S19.4 - Lung Transplantation Surgery; S19.5 - Allogenic Stem Cell Transplantation; S19.6 - Autologous Stem Cell Transplantation; S19.7 - Heart And Lung Transplantation Surgery; M15 - Medical Oncology; M16 - Radiation Oncology
93,Area Hospital Wyra,Government-TVVP,Khammam,Wyra,-,Dr. Devi Sri Dr G Sucharitha (9573936237); Dr. I Motya (9110753788),S1 - General Surgery; S2 - Ent Surgery; S3 - Ophthalmology Surgery; S4 - Gynaecology And Obstetrics Surgery; S5 - Orthopedic Surgery And Procedures; S6 - Surgical Gastro Enterology; S7 - Cardiac And Cardiothoracic Surgery; S8 - Pediatric Surgeries; S9 - Genito Urinary Surgeries; S10 - Neurosurgery; S11 - Surgical Oncology; S14 - Plastic Surgery; S15 - Poly Trauma; S16 - Cochlear Implant Surgery; S17 - Prostheses; S20 - Unspecified Surgical Package; M1 - Critical Care; M2 - General Medicine; M3 - Infectious Diseases; M4 - Pediatrics; M5 - Cardiology; M6 - Nephrology; M7 - Neurology; M8 - Pulmonology; M9 - Dermatology; M10 - Rheumatology; M11 - Endocrinology; M12 - Gastroenterology; M14 - Thalassemia; M15 - Medical Oncology; M16 - Radiation Oncology
94,Area Hospital Yadagirigutta,Government-TVVP,Yadadri Bhuvanagiri,Yadagirigutta,Yadagirigutta,Dr. Vamsi Krishna (9949997989),S1 - General Surgery; S2 - Ent Surgery; S3 - Ophthalmology Surgery; S4 - Gynaecology And Obstetrics Surgery; S5 - Orthopedic Surgery And Procedures; S6 - Surgical Gastro Enterology; S7 - Cardiac And Cardiothoracic Surgery; S8 - Pediatric Surgeries; S9 - Genito Urinary Surgeries; S10 - Neurosurgery; S11 - Surgical Oncology; S14 - Plastic Surgery; S15 - Poly Trauma; S16 - Cochlear Implant Surgery; S17 - Prostheses; S20 - Unspecified Surgical Package; M1 - Critical Care; M2 - General Medicine; M3 - Infectious Diseases; M4 - Pediatrics; M5 - Cardiology; M6 - Nephrology; M7 - Neurology; M8 - Pulmonology; M9 - Dermatology; M10 - Rheumatology; M11 - Endocrinology; M12 - Gastroenterology; M14 - Thalassemia; M15 - Medical Oncology; M16 - Radiation Oncology
95,Area Hospital Yellandu,Government-TVVP,Bhadradri Kothagudem,Yellandu,Yellandu,Mekala. Lalitha (9908325751),S1 - General Surgery; S2 - Ent Surgery; S3 - Ophthalmology Surgery; S4 - Gynaecology And Obstetrics Surgery; S5 - Orthopedic Surgery And Procedures; S6 - Surgical Gastro Enterology; S7 - Cardiac And Cardiothoracic Surgery; S8 - Pediatric Surgeries; S9 - Genito Urinary Surgeries; S10 - Neurosurgery; S11 - Surgical Oncology; S14 - Plastic Surgery; S15 - Poly Trauma; S16 - Cochlear Implant Surgery; S17 - Prostheses; S20 - Unspecified Surgical Package; M1 - Critical Care; M2 - General Medicine; M3 - Infectious Diseases; M4 - Pediatrics; M5 - Cardiology; M6 - Nephrology; M7 - Neurology; M8 - Pulmonology; M9 - Dermatology; M10 - Rheumatology; M11 - Endocrinology; M12 - Gastroenterology; M14 - Thalassemia; S19.1 - Liver Transplantation Surgery; S19.2 - Heart Transplantation Surgery; S19.3 - Renal Transplantation Surgery; S19.4 - Lung Transplantation Surgery; S19.5 - Allogenic Stem Cell Transplantation; S19.6 - Autologous Stem Cell Transplantation; S19.7 - Heart And Lung Transplantation Surgery; M15 - Medical Oncology; M16 - Radiation Oncology
96,Area Hospital Yellareddy,Government-TVVP,Kamareddy,Yellareddy,Yellareddy,Gudipally Sandeep Reddy (9652724217); A Sai Babu (9848475536),S1 - General Surgery; S2 - Ent Surgery; S3 - Ophthalmology Surgery; S4 - Gynaecology And Obstetrics Surgery; S5 - Orthopedic Surgery And Procedures; S6 - Surgical Gastro Enterology; S7 - Cardiac And Cardiothoracic Surgery; S8 - Pediatric Surgeries; S9 - Genito Urinary Surgeries; S10 - Neurosurgery; S11 - Surgical Oncology; S14 - Plastic Surgery; S15 - Poly Trauma; S16 - Cochlear Implant Surgery; S17 - Prostheses; S20 - Unspecified Surgical Package; M1 - Critical Care; M2 - General Medicine; M3 - Infectious Diseases; M4 - Pediatrics; M5 - Cardiology; M6 - Nephrology; M7 - Neurology; M8 - Pulmonology; M9 - Dermatology; M10 - Rheumatology; M11 - Endocrinology; M12 - Gastroenterology; M14 - Thalassemia; S19.1 - Liver Transplantation Surgery; S19.2 - Heart Transplantation Surgery; S19.3 - Renal Transplantation Surgery; S19.4 - Lung Transplantation Surgery; S19.5 - Allogenic Stem Cell Transplantation; S19.6 - Autologous Stem Cell Transplantation; S19.7 - Heart And Lung Transplantation Surgery; M15 - Medical Oncology; M16 - Radiation Oncology
97,Area Hospital Zahirabad,Government-TVVP,Sangareddy,Zahirabad,Zaheerabad,G. Narsimulu(9959899607),S1 - General Surgery; S2 - Ent Surgery; S3 - Ophthalmology Surgery; S4 - Gynaecology And Obstetrics Surgery; S5 - Orthopedic Surgery And Procedures; S6 - Surgical Gastro Enterology; S7 - Cardiac And Cardiothoracic Surgery; S8 - Pediatric Surgeries; S9 - Genito Urinary Surgeries; S10 - Neurosurgery; S11 - Surgical Oncology; S14 - Plastic Surgery; S15 - Poly Trauma; S16 - Cochlear Implant Surgery; S17 - Prostheses; S20 - Unspecified Surgical Package; M1 - Critical Care; M2 - General Medicine; M3 - Infectious Diseases; M4 - Pediatrics; M5 - Cardiology; M6 - Nephrology; M7 - Neurology; M8 - Pulmonology; M9 - Dermatology; M10 - Rheumatology; M11 - Endocrinology; M12 - Gastroenterology; M14 - Thalassemia; S19.1 - Liver Transplantation Surgery; S19.2 - Heart Transplantation Surgery; S19.3 - Renal Transplantation Surgery; S19.4 - Lung Transplantation Surgery; S19.5 - Allogenic Stem Cell Transplantation; S19.6 - Autologous Stem Cell Transplantation; S19.7 - Heart And Lung Transplantation Surgery; M15 - Medical Oncology; M16 - Radiation Oncology
98,Area hospital Achampet,Government-TVVP,Nagarkurnool,Achampeta,Achampet,J.Balnarayana (8978127220); Jayamma (9963376339); Malle Parashuramulu (9705360766),S1 - General Surgery; S2 - Ent Surgery; S3 - Ophthalmology Surgery; S4 - Gynaecology And Obstetrics Surgery; S5 - Orthopedic Surgery And Procedures; S6 - Surgical Gastro Enterology; S7 - Cardiac And Cardiothoracic Surgery; S8 - Pediatric Surgeries; S9 - Genito Urinary Surgeries; S10 - Neurosurgery; S11 - Surgical Oncology; S14 - Plastic Surgery; S15 - Poly Trauma; S16 - Cochlear Implant Surgery; S17 - Prostheses; S20 - Unspecified Surgical Package; M1 - Critical Care; M2 - General Medicine; M3 - Infectious Diseases; M4 - Pediatrics; M5 - Cardiology; M6 - Nephrology; M7 - Neurology; M8 - Pulmonology; M9 - Dermatology; M10 - Rheumatology; M11 - Endocrinology; M12 - Gastroenterology; M14 - Thalassemia; S19.1 - Liver Transplantation Surgery; S19.2 - Heart Transplantation Surgery; S19.3 - Renal Transplantation Surgery; S19.4 - Lung Transplantation Surgery; S19.5 - Allogenic Stem Cell Transplantation; S19.6 - Autologous Stem Cell Transplantation; S19.7 - Heart And Lung Transplantation Surgery; M15 - Medical Oncology; M16 - Radiation Oncology
99,Area hospital Badepally/Jadcherla,Government-TVVP,Mahabubnagar,Jadcherla,Jadcherla,Mahamad Saleemoddin (9000025460); G.Raghuramulu (9948705008),S1 - General Surgery; S2 - Ent Surgery; S3 - Ophthalmology Surgery; S4 - Gynaecology And Obstetrics Surgery; S5 - Orthopedic Surgery And Procedures; S6 - Surgical Gastro Enterology; S7 - Cardiac And Cardiothoracic Surgery; S8 - Pediatric Surgeries; S9 - Genito Urinary Surgeries; S10 - Neurosurgery; S11 - Surgical Oncology; S14 - Plastic Surgery; S15 - Poly Trauma; S16 - Cochlear Implant Surgery; S17 - Prostheses; S20 - Unspecified Surgical Package; M1 - Critical Care; M2 - General Medicine; M3 - Infectious Diseases; M4 - Pediatrics; M5 - Cardiology; M6 - Nephrology; M7 - Neurology; M8 - Pulmonology; M9 - Dermatology; M10 - Rheumatology; M11 - Endocrinology; M12 - Gastroenterology; M14 - Thalassemia; S19.1 - Liver Transplantation Surgery; S19.2 - Heart Transplantation Surgery; S19.3 - Renal Transplantation Surgery; S19.4 - Lung Transplantation Surgery; S19.5 - Allogenic Stem Cell Transplantation; S19.6 - Autologous Stem Cell Transplantation; S19.7 - Heart And Lung Transplantation Surgery; M15 - Medical Oncology; M16 - Radiation Oncology
100,Area hospital Narayankhed,Government-TVVP,Sangareddy,Narayankhed,Narayankhed,Kurnam Anjaiah (9494170472),S1 - General Surgery; S2 - Ent Surgery; S3 - Ophthalmology Surgery; S4 - Gynaecology And Obstetrics Surgery; S5 - Orthopedic Surgery And Procedures; S6 - Surgical Gastro Enterology; S7 - Cardiac And Cardiothoracic Surgery; S8 - Pediatric Surgeries; S9 - Genito Urinary Surgeries; S10 - Neurosurgery; S11 - Surgical Oncology; S14 - Plastic Surgery; S15 - Poly Trauma; S16 - Cochlear Implant Surgery; S17 - Prostheses; S20 - Unspecified Surgical Package; M1 - Critical Care; M2 - General Medicine; M3 - Infectious Diseases; M4 - Pediatrics; M5 - Cardiology; M6 - Nephrology; M7 - Neurology; M8 - Pulmonology; M9 - Dermatology; M10 - Rheumatology; M11 - Endocrinology; M12 - Gastroenterology; M14 - Thalassemia; S19.1 - Liver Transplantation Surgery; S19.2 - Heart Transplantation Surgery; S19.3 - Renal Transplantation Surgery; S19.4 - Lung Transplantation Surgery; S19.5 - Allogenic Stem Cell Transplantation; S19.6 - Autologous Stem Cell Transplantation; S19.7 - Heart And Lung Transplantation Surgery; M15 - Medical Oncology; M16 - Radiation Oncology
101,Arogya Hospital,Corporate,Khammam,Khammam (Urban),Khammam,Sk.Majeed Miya (8341964944),S1 - General Surgery; S5 - Orthopedic Surgery And Procedures; S6 - Surgical Gastro Enterology; S7 - Cardiac And Cardiothoracic Surgery; S9 - Genito Urinary Surgeries; S15 - Poly Trauma; M2 - General Medicine; M5 - Cardiology; M6 - Nephrology
102,Arundathi Hospital,Corporate,Medchal-Malkajgiri,Dundigal Gandimaisamma,Ghmc,S.Jeevan Rao (7386626049),S1 - General Surgery; S2 - Ent Surgery; S3 - Ophthalmology Surgery; S4 - Gynaecology And Obstetrics Surgery; S5 - Orthopedic Surgery And Procedures; S6 - Surgical Gastro Enterology; S7 - Cardiac And Cardiothoracic Surgery; S8 - Pediatric Surgeries; S9 - Genito Urinary Surgeries; S10 - Neurosurgery; S14 - Plastic Surgery; S15 - Poly Trauma; M1 - Critical Care; M2 - General Medicine; M3 - Infectious Diseases; M4 - Pediatrics; M5 - Cardiology; M6 - Nephrology; M7 - Neurology; M8 - Pulmonology; M12 - Gastroenterology; M14 - Thalassemia
103,Ashwini Hospital,Corporate,Rajanna Sircilla,Yellareddipet,-,Yada Swapna (9642082781),S1 - General Surgery; S3 - Ophthalmology Surgery; S5 - Orthopedic Surgery And Procedures; S9 - Genito Urinary Surgeries; S15 - Poly Trauma; M2 - General Medicine
104,Balaji Hospitals,Corporate,Sangareddy,Kandi,-,Padma Gayathri (9493462477),S1 - General Surgery; S5 - Orthopedic Surgery And Procedures; S9 - Genito Urinary Surgeries; S15 - Poly Trauma; M2 - General Medicine; M5 - Cardiology; M6 - Nephrology
105,Basavatarakam Indo American Cancer Hospital & Research Institute,Corporate,Hyderabad,Shaikpet,Ghmc,Rajesh (8179129161); Jaganmohn Reddy (9848839329); B Rajini(9494225244),S9 - Genito Urinary Surgeries; S10 - Neurosurgery; S11 - Surgical Oncology; M15 - Medical Oncology; M16 - Radiation Oncology
106,"Bhaskar General Hospital (Joginpally Br Educational Society),Moinabad",Corporate,Rangareddy,Moinabad,-,T.Yellaiah (9652621225),S1 - General Surgery; S2 - Ent Surgery; S3 - Ophthalmology Surgery; S4 - Gynaecology And Obstetrics Surgery; S5 - Orthopedic Surgery And Procedures; S6 - Surgical Gastro Enterology; S8 - Pediatric Surgeries; S9 - Genito Urinary Surgeries; S15 - Poly Trauma; M1 - Critical Care; M2 - General Medicine; M4 - Pediatrics; M5 - Cardiology; M6 - Nephrology; M8 - Pulmonology; M12 - Gastroenterology
107,C K Hospital,Corporate,Nalgonda,Nalgonda,Nalgonda,Alugubelli Govinda Reddy (9573719660),S5 - Orthopedic Surgery And Procedures; S9 - Genito Urinary Surgeries; S15 - Poly Trauma; M2 - General Medicine
108,CHC Kowdipally,Government-TVVP,Medak,Kowdipalli,-,Dr.Venkata Swamy (9985642075); Dr.Shobana (9494820938),S1 - General Surgery; S2 - Ent Surgery; S3 - Ophthalmology Surgery; S4 - Gynaecology And Obstetrics Surgery; S5 - Orthopedic Surgery And Procedures; S6 - Surgical Gastro Enterology; S7 - Cardiac And Cardiothoracic Surgery; S8 - Pediatric Surgeries; S9 - Genito Urinary Surgeries; S10 - Neurosurgery; S11 - Surgical Oncology; S14 - Plastic Surgery; S15 - Poly Trauma; S16 - Cochlear Implant Surgery; S17 - Prostheses; S20 - Unspecified Surgical Package; M1 - Critical Care; M2 - General Medicine; M3 - Infectious Diseases; M4 - Pediatrics; M5 - Cardiology; M6 - Nephrology; M7 - Neurology; M8 - Pulmonology; M9 - Dermatology; M10 - Rheumatology; M11 - Endocrinology; M12 - Gastroenterology; M14 - Thalassemia; M15 - Medical Oncology; M16 - Radiation Oncology
109,CHC Addagutta,Government-TVVP,Hyderabad,Secunderabad,Ghmc,Dr.S Sai Shanker (9391399434),S1 - General Surgery; S2 - Ent Surgery; S3 - Ophthalmology Surgery; S4 - Gynaecology And Obstetrics Surgery; S5 - Orthopedic Surgery And Procedures; S6 - Surgical Gastro Enterology; S7 - Cardiac And Cardiothoracic Surgery; S8 - Pediatric Surgeries; S9 - Genito Urinary Surgeries; S10 - Neurosurgery; S11 - Surgical Oncology; S14 - Plastic Surgery; S15 - Poly Trauma; S16 - Cochlear Implant Surgery; S17 - Prostheses; S20 - Unspecified Surgical Package; M1 - Critical Care; M2 - General Medicine; M3 - Infectious Diseases; M4 - Pediatrics; M5 - Cardiology; M6 - Nephrology; M7 - Neurology; M8 - Pulmonology; M9 - Dermatology; M10 - Rheumatology; M11 - Endocrinology; M12 - Gastroenterology; M14 - Thalassemia; M15 - Medical Oncology; M16 - Radiation Oncology
110,CHC Alair,Government-TVVP,Yadadri Bhuvanagiri,Alair,Alair,Mogulagani Katamaiah (9705064094); Gadamalla Indira (9959343939); Gundu Srinivas (9948006529); Bomma Suma A/O Kastoori Roopa (9951113400); Kolkulapally Anuja (9014145102),S1 - General Surgery; S2 - Ent Surgery; S3 - Ophthalmology Surgery; S4 - Gynaecology And Obstetrics Surgery; S5 - Orthopedic Surgery And Procedures; S6 - Surgical Gastro Enterology; S7 - Cardiac And Cardiothoracic Surgery; S8 - Pediatric Surgeries; S9 - Genito Urinary Surgeries; S10 - Neurosurgery; S11 - Surgical Oncology; S14 - Plastic Surgery; S15 - Poly Trauma; S16 - Cochlear Implant Surgery; S17 - Prostheses; S20 - Unspecified Surgical Package; M1 - Critical Care; M2 - General Medicine; M3 - Infectious Diseases; M4 - Pediatrics; M5 - Cardiology; M6 - Nephrology; M7 - Neurology; M8 - Pulmonology; M9 - Dermatology; M10 - Rheumatology; M11 - Endocrinology; M12 - Gastroenterology; M14 - Thalassemia; S19.1 - Liver Transplantation Surgery; S19.2 - Heart Transplantation Surgery; S19.3 - Renal Transplantation Surgery; S19.4 - Lung Transplantation Surgery; S19.5 - Allogenic Stem Cell Transplantation; S19.6 - Autologous Stem Cell Transplantation; S19.7 - Heart And Lung Transplantation Surgery; M15 - Medical Oncology; M16 - Radiation Oncology
111,CHC Alampur,Government-TVVP,Jogulamba Gadwal,Alampur,Alampur,A.Bharathi (8498039166); Shamanthkamani (9502983974),S1 - General Surgery; S2 - Ent Surgery; S3 - Ophthalmology Surgery; S4 - Gynaecology And Obstetrics Surgery; S5 - Orthopedic Surgery And Procedures; S6 - Surgical Gastro Enterology; S7 - Cardiac And Cardiothoracic Surgery; S8 - Pediatric Surgeries; S9 - Genito Urinary Surgeries; S10 - Neurosurgery; S11 - Surgical Oncology; S14 - Plastic Surgery; S15 - Poly Trauma; S16 - Cochlear Implant Surgery; S17 - Prostheses; S20 - Unspecified Surgical Package; M1 - Critical Care; M2 - General Medicine; M3 - Infectious Diseases; M4 - Pediatrics; M5 - Cardiology; M6 - Nephrology; M7 - Neurology; M8 - Pulmonology; M9 - Dermatology; M10 - Rheumatology; M11 - Endocrinology; M12 - Gastroenterology; M14 - Thalassemia; S19.1 - Liver Transplantation Surgery; S19.2 - Heart Transplantation Surgery; S19.3 - Renal Transplantation Surgery; S19.4 - Lung Transplantation Surgery; S19.5 - Allogenic Stem Cell Transplantation; S19.6 - Autologous Stem Cell Transplantation; S19.7 - Heart And Lung Transplantation Surgery; M15 - Medical Oncology; M16 - Radiation Oncology
112,CHC Ameerpet,Government-DPH,Hyderabad,Ameerpet,Ghmc,E. Swamy(9542236096),S1 - General Surgery; S2 - Ent Surgery; S3 - Ophthalmology Surgery; S4 - Gynaecology And Obstetrics Surgery; S5 - Orthopedic Surgery And Procedures; S6 - Surgical Gastro Enterology; S7 - Cardiac And Cardiothoracic Surgery; S8 - Pediatric Surgeries; S9 - Genito Urinary Surgeries; S10 - Neurosurgery; S11 - Surgical Oncology; S14 - Plastic Surgery; S15 - Poly Trauma; S16 - Cochlear Implant Surgery; S17 - Prostheses; S20 - Unspecified Surgical Package; M1 - Critical Care; M2 - General Medicine; M3 - Infectious Diseases; M4 - Pediatrics; M5 - Cardiology; M6 - Nephrology; M7 - Neurology; M8 - Pulmonology; M9 - Dermatology; M10 - Rheumatology; M11 - Endocrinology; M12 - Gastroenterology; M14 - Thalassemia; M15 - Medical Oncology; M16 - Radiation Oncology
113,CHC Amrabad,Government-TVVP,Nagarkurnool,Amrabad,-,J.Balnarayana (8978127220); Yadamma (9398542521),S1 - General Surgery; S2 - Ent Surgery; S3 - Ophthalmology Surgery; S4 - Gynaecology And Obstetrics Surgery; S5 - Orthopedic Surgery And Procedures; S6 - Surgical Gastro Enterology; S7 - Cardiac And Cardiothoracic Surgery; S8 - Pediatric Surgeries; S9 - Genito Urinary Surgeries; S10 - Neurosurgery; S11 - Surgical Oncology; S14 - Plastic Surgery; S15 - Poly Trauma; S16 - Cochlear Implant Surgery; S17 - Prostheses; S20 - Unspecified Surgical Package; M1 - Critical Care; M2 - General Medicine; M3 - Infectious Diseases; M4 - Pediatrics; M5 - Cardiology; M6 - Nephrology; M7 - Neurology; M8 - Pulmonology; M9 - Dermatology; M10 - Rheumatology; M11 - Endocrinology; M12 - Gastroenterology; M14 - Thalassemia; S19.1 - Liver Transplantation Surgery; S19.2 - Heart Transplantation Surgery; S19.3 - Renal Transplantation Surgery; S19.4 - Lung Transplantation Surgery; S19.5 - Allogenic Stem Cell Transplantation; S19.6 - Autologous Stem Cell Transplantation; S19.7 - Heart And Lung Transplantation Surgery; M15 - Medical Oncology; M16 - Radiation Oncology
114,CHC Bachannapet,Government-TVVP,Jangoan,Bachannapeta,-,P. Laxmaiah (9849896526),S1 - General Surgery; S2 - Ent Surgery; S3 - Ophthalmology Surgery; S4 - Gynaecology And Obstetrics Surgery; S5 - Orthopedic Surgery And Procedures; S6 - Surgical Gastro Enterology; S7 - Cardiac And Cardiothoracic Surgery; S8 - Pediatric Surgeries; S9 - Genito Urinary Surgeries; S10 - Neurosurgery; S11 - Surgical Oncology; S14 - Plastic Surgery; S15 - Poly Trauma; S16 - Cochlear Implant Surgery; S17 - Prostheses; S20 - Unspecified Surgical Package; M1 - Critical Care; M2 - General Medicine; M3 - Infectious Diseases; M4 - Pediatrics; M5 - Cardiology; M6 - Nephrology; M7 - Neurology; M8 - Pulmonology; M9 - Dermatology; M10 - Rheumatology; M11 - Endocrinology; M12 - Gastroenterology; M14 - Thalassemia; S19.1 - Liver Transplantation Surgery; S19.2 - Heart Transplantation Surgery; S19.3 - Renal Transplantation Surgery; S19.4 - Lung Transplantation Surgery; S19.5 - Allogenic Stem Cell Transplantation; S19.6 - Autologous Stem Cell Transplantation; S19.7 - Heart And Lung Transplantation Surgery; M15 - Medical Oncology; M16 - Radiation Oncology
115,CHC Balanagar,Government-DPH,Mahabubnagar,Balanagar,-,Dr.P.Tulasi (9848162595),S1 - General Surgery; S2 - Ent Surgery; S3 - Ophthalmology Surgery; S4 - Gynaecology And Obstetrics Surgery; S5 - Orthopedic Surgery And Procedures; S6 - Surgical Gastro Enterology; S7 - Cardiac And Cardiothoracic Surgery; S8 - Pediatric Surgeries; S9 - Genito Urinary Surgeries; S10 - Neurosurgery; S11 - Surgical Oncology; S14 - Plastic Surgery; S15 - Poly Trauma; S16 - Cochlear Implant Surgery; S17 - Prostheses; S20 - Unspecified Surgical Package; M1 - Critical Care; M2 - General Medicine; M3 - Infectious Diseases; M4 - Pediatrics; M5 - Cardiology; M6 - Nephrology; M7 - Neurology; M8 - Pulmonology; M9 - Dermatology; M10 - Rheumatology; M11 - Endocrinology; M12 - Gastroenterology; M14 - Thalassemia; M15 - Medical Oncology; M16 - Radiation Oncology
116,CHC Balanagar,Government-TVVP,Mahabubnagar,Balanagar,-,Vijayalaxmi (7036673832); Dr.Mallelly Ravi Kumar (7995701485); H. Naresh(7995701485),S1 - General Surgery; S2 - Ent Surgery; S3 - Ophthalmology Surgery; S4 - Gynaecology And Obstetrics Surgery; S5 - Orthopedic Surgery And Procedures; S6 - Surgical Gastro Enterology; S7 - Cardiac And Cardiothoracic Surgery; S8 - Pediatric Surgeries; S9 - Genito Urinary Surgeries; S10 - Neurosurgery; S11 - Surgical Oncology; S14 - Plastic Surgery; S15 - Poly Trauma; S16 - Cochlear Implant Surgery; S17 - Prostheses; M1 - Critical Care; M2 - General Medicine; M3 - Infectious Diseases; M4 - Pediatrics; M5 - Cardiology; M6 - Nephrology; M7 - Neurology; M8 - Pulmonology; M9 - Dermatology; M10 - Rheumatology; M11 - Endocrinology; M12 - Gastroenterology; M14 - Thalassemia; S19.1 - Liver Transplantation Surgery; S19.2 - Heart Transplantation Surgery; S19.3 - Renal Transplantation Surgery; S19.4 - Lung Transplantation Surgery; S19.5 - Allogenic Stem Cell Transplantation; S19.6 - Autologous Stem Cell Transplantation; S19.7 - Heart And Lung Transplantation Surgery; M15 - Medical Oncology; M16 - Radiation Oncology
117,CHC Balkonda,Government-TVVP,Nizamabad,Balkonda,Armoor,Godbole Sunitha (6303730822),S1 - General Surgery; S2 - Ent Surgery; S3 - Ophthalmology Surgery; S4 - Gynaecology And Obstetrics Surgery; S5 - Orthopedic Surgery And Procedures; S6 - Surgical Gastro Enterology; S7 - Cardiac And Cardiothoracic Surgery; S8 - Pediatric Surgeries; S9 - Genito Urinary Surgeries; S10 - Neurosurgery; S11 - Surgical Oncology; S14 - Plastic Surgery; S15 - Poly Trauma; S16 - Cochlear Implant Surgery; S17 - Prostheses; S20 - Unspecified Surgical Package; M1 - Critical Care; M2 - General Medicine; M3 - Infectious Diseases; M4 - Pediatrics; M5 - Cardiology; M6 - Nephrology; M7 - Neurology; M8 - Pulmonology; M9 - Dermatology; M10 - Rheumatology; M11 - Endocrinology; M12 - Gastroenterology; M14 - Thalassemia; S19.1 - Liver Transplantation Surgery; S19.2 - Heart Transplantation Surgery; S19.3 - Renal Transplantation Surgery; S19.4 - Lung Transplantation Surgery; S19.5 - Allogenic Stem Cell Transplantation; S19.6 - Autologous Stem Cell Transplantation; S19.7 - Heart And Lung Transplantation Surgery; M15 - Medical Oncology; M16 - Radiation Oncology
118,CHC Barkas,Government-TVVP,Hyderabad,Bandlaguda,Ghmc,Dr.Saritha D(9951312184),S1 - General Surgery; S2 - Ent Surgery; S3 - Ophthalmology Surgery; S4 - Gynaecology And Obstetrics Surgery; S5 - Orthopedic Surgery And Procedures; S6 - Surgical Gastro Enterology; S7 - Cardiac And Cardiothoracic Surgery; S8 - Pediatric Surgeries; S9 - Genito Urinary Surgeries; S10 - Neurosurgery; S11 - Surgical Oncology; S14 - Plastic Surgery; S15 - Poly Trauma; S16 - Cochlear Implant Surgery; S17 - Prostheses; S20 - Unspecified Surgical Package; M1 - Critical Care; M2 - General Medicine; M3 - Infectious Diseases; M4 - Pediatrics; M5 - Cardiology; M6 - Nephrology; M7 - Neurology; M8 - Pulmonology; M9 - Dermatology; M10 - Rheumatology; M11 - Endocrinology; M12 - Gastroenterology; M14 - Thalassemia; S19.1 - Liver Transplantation Surgery; S19.2 - Heart Transplantation Surgery; S19.3 - Renal Transplantation Surgery; S19.4 - Lung Transplantation Surgery; S19.5 - Allogenic Stem Cell Transplantation; S19.6 - Autologous Stem Cell Transplantation; S19.7 - Heart And Lung Transplantation Surgery; M15 - Medical Oncology; M16 - Radiation Oncology
119,CHC Basheerabad,Government-TVVP,Vikarabad,Basheerabad,-,Dr.Pavitra (8341631110),S1 - General Surgery; S2 - Ent Surgery; S3 - Ophthalmology Surgery; S4 - Gynaecology And Obstetrics Surgery; S5 - Orthopedic Surgery And Procedures; S6 - Surgical Gastro Enterology; S7 - Cardiac And Cardiothoracic Surgery; S8 - Pediatric Surgeries; S9 - Genito Urinary Surgeries; S10 - Neurosurgery; S11 - Surgical Oncology; S14 - Plastic Surgery; S15 - Poly Trauma; S16 - Cochlear Implant Surgery; S17 - Prostheses; S20 - Unspecified Surgical Package; M1 - Critical Care; M2 - General Medicine; M3 - Infectious Diseases; M4 - Pediatrics; M5 - Cardiology; M6 - Nephrology; M7 - Neurology; M8 - Pulmonology; M9 - Dermatology; M10 - Rheumatology; M11 - Endocrinology; M12 - Gastroenterology; M14 - Thalassemia; M15 - Medical Oncology; M16 - Radiation Oncology
120,CHC Bejjur,Government-TVVP,Komaram Bheem Asifabad,Bejjur,-,Velpuri Kalpana (7013026858),S1 - General Surgery; S2 - Ent Surgery; S3 - Ophthalmology Surgery; S4 - Gynaecology And Obstetrics Surgery; S5 - Orthopedic Surgery And Procedures; S6 - Surgical Gastro Enterology; S7 - Cardiac And Cardiothoracic Surgery; S8 - Pediatric Surgeries; S9 - Genito Urinary Surgeries; S10 - Neurosurgery; S11 - Surgical Oncology; S14 - Plastic Surgery; S15 - Poly Trauma; S16 - Cochlear Implant Surgery; S17 - Prostheses; M1 - Critical Care; M2 - General Medicine; M3 - Infectious Diseases; M4 - Pediatrics; M5 - Cardiology; M6 - Nephrology; M7 - Neurology; M8 - Pulmonology; M9 - Dermatology; M10 - Rheumatology; M11 - Endocrinology; M12 - Gastroenterology; M14 - Thalassemia; S19.1 - Liver Transplantation Surgery; S19.2 - Heart Transplantation Surgery; S19.3 - Renal Transplantation Surgery; S19.4 - Lung Transplantation Surgery; S19.5 - Allogenic Stem Cell Transplantation; S19.6 - Autologous Stem Cell Transplantation; S19.7 - Heart And Lung Transplantation Surgery; M15 - Medical Oncology; M16 - Radiation Oncology
121,CHC Burgampahad,Government-TVVP,Bhadradri Kothagudem,Burgampahad,-,Kotte.Pradeep (9951222322); Dr.Naveen (9505320605),S1 - General Surgery; S2 - Ent Surgery; S3 - Ophthalmology Surgery; S4 - Gynaecology And Obstetrics Surgery; S5 - Orthopedic Surgery And Procedures; S6 - Surgical Gastro Enterology; S7 - Cardiac And Cardiothoracic Surgery; S8 - Pediatric Surgeries; S9 - Genito Urinary Surgeries; S10 - Neurosurgery; S11 - Surgical Oncology; S14 - Plastic Surgery; S15 - Poly Trauma; S16 - Cochlear Implant Surgery; S17 - Prostheses; S20 - Unspecified Surgical Package; M1 - Critical Care; M2 - General Medicine; M3 - Infectious Diseases; M4 - Pediatrics; M5 - Cardiology; M6 - Nephrology; M7 - Neurology; M8 - Pulmonology; M9 - Dermatology; M10 - Rheumatology; M11 - Endocrinology; M12 - Gastroenterology; M14 - Thalassemia; M15 - Medical Oncology; M16 - Radiation Oncology
122,"CHC Cherial, Siddipet",Government-TVVP,Siddipet,Cheriyal,Cherial,G Prabhakar (8008253671),S1 - General Surgery; S2 - Ent Surgery; S3 - Ophthalmology Surgery; S4 - Gynaecology And Obstetrics Surgery; S5 - Orthopedic Surgery And Procedures; S6 - Surgical Gastro Enterology; S7 - Cardiac And Cardiothoracic Surgery; S8 - Pediatric Surgeries; S9 - Genito Urinary Surgeries; S10 - Neurosurgery; S11 - Surgical Oncology; S14 - Plastic Surgery; S15 - Poly Trauma; S16 - Cochlear Implant Surgery; S17 - Prostheses; S20 - Unspecified Surgical Package; M1 - Critical Care; M2 - General Medicine; M3 - Infectious Diseases; M4 - Pediatrics; M5 - Cardiology; M6 - Nephrology; M7 - Neurology; M8 - Pulmonology; M9 - Dermatology; M10 - Rheumatology; M11 - Endocrinology; M12 - Gastroenterology; M14 - Thalassemia; S19.1 - Liver Transplantation Surgery; S19.2 - Heart Transplantation Surgery; S19.3 - Renal Transplantation Surgery; S19.4 - Lung Transplantation Surgery; S19.5 - Allogenic Stem Cell Transplantation; S19.6 - Autologous Stem Cell Transplantation; S19.7 - Heart And Lung Transplantation Surgery; M15 - Medical Oncology; M16 - Radiation Oncology
123,CHC Cherla,Government-TVVP,Bhadradri Kothagudem,Cherla,-,I.Shiva Shankar (7989651114); G.Yashoda (6305154599),S1 - General Surgery; S2 - Ent Surgery; S3 - Ophthalmology Surgery; S4 - Gynaecology And Obstetrics Surgery; S5 - Orthopedic Surgery And Procedures; S6 - Surgical Gastro Enterology; S7 - Cardiac And Cardiothoracic Surgery; S8 - Pediatric Surgeries; S9 - Genito Urinary Surgeries; S10 - Neurosurgery; S11 - Surgical Oncology; S14 - Plastic Surgery; S15 - Poly Trauma; S16 - Cochlear Implant Surgery; S17 - Prostheses; S20 - Unspecified Surgical Package; M1 - Critical Care; M2 - General Medicine; M3 - Infectious Diseases; M4 - Pediatrics; M5 - Cardiology; M6 - Nephrology; M7 - Neurology; M8 - Pulmonology; M9 - Dermatology; M10 - Rheumatology; M11 - Endocrinology; M12 - Gastroenterology; M14 - Thalassemia; S19.1 - Liver Transplantation Surgery; S19.2 - Heart Transplantation Surgery; S19.3 - Renal Transplantation Surgery; S19.4 - Lung Transplantation Surgery; S19.5 - Allogenic Stem Cell Transplantation; S19.6 - Autologous Stem Cell Transplantation; S19.7 - Heart And Lung Transplantation Surgery; M15 - Medical Oncology; M16 - Radiation Oncology
124,CHC Dichpally,Government-TVVP,Nizamabad,Dichpalle,-,Gunda Kavitha (9154124911),S1 - General Surgery; S2 - Ent Surgery; S3 - Ophthalmology Surgery; S4 - Gynaecology And Obstetrics Surgery; S5 - Orthopedic Surgery And Procedures; S6 - Surgical Gastro Enterology; S7 - Cardiac And Cardiothoracic Surgery; S8 - Pediatric Surgeries; S9 - Genito Urinary Surgeries; S10 - Neurosurgery; S11 - Surgical Oncology; S14 - Plastic Surgery; S15 - Poly Trauma; S16 - Cochlear Implant Surgery; S17 - Prostheses; S20 - Unspecified Surgical Package; M1 - Critical Care; M2 - General Medicine; M3 - Infectious Diseases; M4 - Pediatrics; M5 - Cardiology; M6 - Nephrology; M7 - Neurology; M8 - Pulmonology; M9 - Dermatology; M10 - Rheumatology; M11 - Endocrinology; M12 - Gastroenterology; M14 - Thalassemia; S19.1 - Liver Transplantation Surgery; S19.2 - Heart Transplantation Surgery; S19.3 - Renal Transplantation Surgery; S19.4 - Lung Transplantation Surgery; S19.5 - Allogenic Stem Cell Transplantation; S19.6 - Autologous Stem Cell Transplantation; S19.7 - Heart And Lung Transplantation Surgery; M15 - Medical Oncology; M16 - Radiation Oncology
125,CHC Domakonda,Government-TVVP,Kamareddy,Domakonda,-,Kompalli Thilothama (9640588702),S1 - General Surgery; S2 - Ent Surgery; S3 - Ophthalmology Surgery; S4 - Gynaecology And Obstetrics Surgery; S5 - Orthopedic Surgery And Procedures; S6 - Surgical Gastro Enterology; S7 - Cardiac And Cardiothoracic Surgery; S8 - Pediatric Surgeries; S9 - Genito Urinary Surgeries; S10 - Neurosurgery; S11 - Surgical Oncology; S14 - Plastic Surgery; S15 - Poly Trauma; S16 - Cochlear Implant Surgery; S17 - Prostheses; S20 - Unspecified Surgical Package; M1 - Critical Care; M2 - General Medicine; M3 - Infectious Diseases; M4 - Pediatrics; M5 - Cardiology; M6 - Nephrology; M7 - Neurology; M8 - Pulmonology; M9 - Dermatology; M10 - Rheumatology; M11 - Endocrinology; M12 - Gastroenterology; M14 - Thalassemia; S19.1 - Liver Transplantation Surgery; S19.2 - Heart Transplantation Surgery; S19.3 - Renal Transplantation Surgery; S19.4 - Lung Transplantation Surgery; S19.5 - Allogenic Stem Cell Transplantation; S19.6 - Autologous Stem Cell Transplantation; S19.7 - Heart And Lung Transplantation Surgery; M15 - Medical Oncology; M16 - Radiation Oncology
126,CHC Eturunagaram,Government-TVVP,Mulugu,Eturnagaram,-,Konda Ramesh (9948709416); Gagguri Rambabu (9492445973); G. Saraswathi (9441940949); G.Sivakumar (8333816551),S1 - General Surgery; S2 - Ent Surgery; S3 - Ophthalmology Surgery; S4 - Gynaecology And Obstetrics Surgery; S5 - Orthopedic Surgery And Procedures; S6 - Surgical Gastro Enterology; S7 - Cardiac And Cardiothoracic Surgery; S8 - Pediatric Surgeries; S9 - Genito Urinary Surgeries; S10 - Neurosurgery; S11 - Surgical Oncology; S14 - Plastic Surgery; S15 - Poly Trauma; S16 - Cochlear Implant Surgery; S17 - Prostheses; S20 - Unspecified Surgical Package; M1 - Critical Care; M2 - General Medicine; M3 - Infectious Diseases; M4 - Pediatrics; M5 - Cardiology; M6 - Nephrology; M7 - Neurology; M8 - Pulmonology; M9 - Dermatology; M10 - Rheumatology; M11 - Endocrinology; M12 - Gastroenterology; M14 - Thalassemia; S19.1 - Liver Transplantation Surgery; S19.2 - Heart Transplantation Surgery; S19.3 - Renal Transplantation Surgery; S19.4 - Lung Transplantation Surgery; S19.5 - Allogenic Stem Cell Transplantation; S19.6 - Autologous Stem Cell Transplantation; S19.7 - Heart And Lung Transplantation Surgery; M15 - Medical Oncology; M16 - Radiation Oncology
127,CHC Gandhari,Government-TVVP,Kamareddy,Gandhari,-,Jayavardhan Yadav (8333817049),S1 - General Surgery; S2 - Ent Surgery; S3 - Ophthalmology Surgery; S4 - Gynaecology And Obstetrics Surgery; S5 - Orthopedic Surgery And Procedures; S6 - Surgical Gastro Enterology; S7 - Cardiac And Cardiothoracic Surgery; S8 - Pediatric Surgeries; S9 - Genito Urinary Surgeries; S10 - Neurosurgery; S11 - Surgical Oncology; S14 - Plastic Surgery; S15 - Poly Trauma; S16 - Cochlear Implant Surgery; S17 - Prostheses; S20 - Unspecified Surgical Package; M1 - Critical Care; M2 - General Medicine; M3 - Infectious Diseases; M4 - Pediatrics; M5 - Cardiology; M6 - Nephrology; M7 - Neurology; M8 - Pulmonology; M9 - Dermatology; M10 - Rheumatology; M11 - Endocrinology; M12 - Gastroenterology; M14 - Thalassemia; S19.1 - Liver Transplantation Surgery; S19.2 - Heart Transplantation Surgery; S19.3 - Renal Transplantation Surgery; S19.4 - Lung Transplantation Surgery; S19.5 - Allogenic Stem Cell Transplantation; S19.6 - Autologous Stem Cell Transplantation; S19.7 - Heart And Lung Transplantation Surgery; M15 - Medical Oncology; M16 - Radiation Oncology
128,CHC Garla,Government-TVVP,Mahabubabad,Garla,-,Sk. Shakira Begum (7981049664),S1 - General Surgery; S2 - Ent Surgery; S3 - Ophthalmology Surgery; S4 - Gynaecology And Obstetrics Surgery; S5 - Orthopedic Surgery And Procedures; S6 - Surgical Gastro Enterology; S7 - Cardiac And Cardiothoracic Surgery; S8 - Pediatric Surgeries; S9 - Genito Urinary Surgeries; S10 - Neurosurgery; S11 - Surgical Oncology; S14 - Plastic Surgery; S15 - Poly Trauma; S16 - Cochlear Implant Surgery; S17 - Prostheses; S20 - Unspecified Surgical Package; M1 - Critical Care; M2 - General Medicine; M3 - Infectious Diseases; M4 - Pediatrics; M5 - Cardiology; M6 - Nephrology; M7 - Neurology; M8 - Pulmonology; M9 - Dermatology; M10 - Rheumatology; M11 - Endocrinology; M12 - Gastroenterology; M14 - Thalassemia; S19.1 - Liver Transplantation Surgery; S19.2 - Heart Transplantation Surgery; S19.3 - Renal Transplantation Surgery; S19.4 - Lung Transplantation Surgery; S19.5 - Allogenic Stem Cell Transplantation; S19.6 - Autologous Stem Cell Transplantation; S19.7 - Heart And Lung Transplantation Surgery; M15 - Medical Oncology; M16 - Radiation Oncology
129,CHC Ghambiraopet,Government-TVVP,Rajanna Sircilla,Gambhiraopet,-,Gadicherla Ranjith (8179062241),S1 - General Surgery; S2 - Ent Surgery; S3 - Ophthalmology Surgery; S4 - Gynaecology And Obstetrics Surgery; S5 - Orthopedic Surgery And Procedures; S6 - Surgical Gastro Enterology; S7 - Cardiac And Cardiothoracic Surgery; S8 - Pediatric Surgeries; S9 - Genito Urinary Surgeries; S10 - Neurosurgery; S11 - Surgical Oncology; S14 - Plastic Surgery; S15 - Poly Trauma; S16 - Cochlear Implant Surgery; S17 - Prostheses; S20 - Unspecified Surgical Package; M1 - Critical Care; M2 - General Medicine; M3 - Infectious Diseases; M4 - Pediatrics; M5 - Cardiology; M6 - Nephrology; M7 - Neurology; M8 - Pulmonology; M9 - Dermatology; M10 - Rheumatology; M11 - Endocrinology; M12 - Gastroenterology; M14 - Thalassemia; S19.1 - Liver Transplantation Surgery; S19.2 - Heart Transplantation Surgery; S19.3 - Renal Transplantation Surgery; S19.4 - Lung Transplantation Surgery; S19.5 - Allogenic Stem Cell Transplantation; S19.6 - Autologous Stem Cell Transplantation; S19.7 - Heart And Lung Transplantation Surgery; M15 - Medical Oncology; M16 - Radiation Oncology
130,CHC Guduru,Government-TVVP,Mahabubabad,Gudur,-,Rasala Sreenu (8333817141),S1 - General Surgery; S2 - Ent Surgery; S3 - Ophthalmology Surgery; S4 - Gynaecology And Obstetrics Surgery; S5 - Orthopedic Surgery And Procedures; S6 - Surgical Gastro Enterology; S7 - Cardiac And Cardiothoracic Surgery; S8 - Pediatric Surgeries; S9 - Genito Urinary Surgeries; S10 - Neurosurgery; S11 - Surgical Oncology; S14 - Plastic Surgery; S15 - Poly Trauma; S16 - Cochlear Implant Surgery; S17 - Prostheses; S20 - Unspecified Surgical Package; M1 - Critical Care; M2 - General Medicine; M3 - Infectious Diseases; M4 - Pediatrics; M5 - Cardiology; M6 - Nephrology; M7 - Neurology; M8 - Pulmonology; M9 - Dermatology; M10 - Rheumatology; M11 - Endocrinology; M12 - Gastroenterology; M14 - Thalassemia; S19.1 - Liver Transplantation Surgery; S19.2 - Heart Transplantation Surgery; S19.3 - Renal Transplantation Surgery; S19.4 - Lung Transplantation Surgery; S19.5 - Allogenic Stem Cell Transplantation; S19.6 - Autologous Stem Cell Transplantation; S19.7 - Heart And Lung Transplantation Surgery; M15 - Medical Oncology; M16 - Radiation Oncology
131,CHC Hasanparthy,Government-TVVP,Hanumakonda,Hasanparthy,Warangal,B.Shankaraiah (8328301252),S1 - General Surgery; S2 - Ent Surgery; S3 - Ophthalmology Surgery; S4 - Gynaecology And Obstetrics Surgery; S5 - Orthopedic Surgery And Procedures; S6 - Surgical Gastro Enterology; S7 - Cardiac And Cardiothoracic Surgery; S8 - Pediatric Surgeries; S9 - Genito Urinary Surgeries; S10 - Neurosurgery; S11 - Surgical Oncology; S14 - Plastic Surgery; S15 - Poly Trauma; S16 - Cochlear Implant Surgery; S17 - Prostheses; S20 - Unspecified Surgical Package; M1 - Critical Care; M2 - General Medicine; M3 - Infectious Diseases; M4 - Pediatrics; M5 - Cardiology; M6 - Nephrology; M7 - Neurology; M8 - Pulmonology; M9 - Dermatology; M10 - Rheumatology; M11 - Endocrinology; M12 - Gastroenterology; M14 - Thalassemia; S19.1 - Liver Transplantation Surgery; S19.2 - Heart Transplantation Surgery; S19.3 - Renal Transplantation Surgery; S19.4 - Lung Transplantation Surgery; S19.5 - Allogenic Stem Cell Transplantation; S19.6 - Autologous Stem Cell Transplantation; S19.7 - Heart And Lung Transplantation Surgery; M15 - Medical Oncology; M16 - Radiation Oncology
132,CHC HayathNagar,Government-TVVP,Rangareddy,Hayathnagar,Ghmc,Mamatha.K (9553283905); S.Sai Krupakar (8099176643),S1 - General Surgery; S2 - Ent Surgery; S3 - Ophthalmology Surgery; S4 - Gynaecology And Obstetrics Surgery; S5 - Orthopedic Surgery And Procedures; S6 - Surgical Gastro Enterology; S7 - Cardiac And Cardiothoracic Surgery; S8 - Pediatric Surgeries; S9 - Genito Urinary Surgeries; S10 - Neurosurgery; S11 - Surgical Oncology; S14 - Plastic Surgery; S15 - Poly Trauma; S16 - Cochlear Implant Surgery; S17 - Prostheses; S20 - Unspecified Surgical Package; M1 - Critical Care; M2 - General Medicine; M3 - Infectious Diseases; M4 - Pediatrics; M5 - Cardiology; M6 - Nephrology; M7 - Neurology; M8 - Pulmonology; M9 - Dermatology; M10 - Rheumatology; M11 - Endocrinology; M12 - Gastroenterology; M14 - Thalassemia; S19.1 - Liver Transplantation Surgery; S19.2 - Heart Transplantation Surgery; S19.3 - Renal Transplantation Surgery; S19.4 - Lung Transplantation Surgery; S19.5 - Allogenic Stem Cell Transplantation; S19.6 - Autologous Stem Cell Transplantation; S19.7 - Heart And Lung Transplantation Surgery; M15 - Medical Oncology; M16 - Radiation Oncology
133,CHC Jammikunta,Government-TVVP,Karimnagar,Jammikunta,Jammikunta,Pothunuri Srisailam (9059592300),S1 - General Surgery; S2 - Ent Surgery; S3 - Ophthalmology Surgery; S4 - Gynaecology And Obstetrics Surgery; S5 - Orthopedic Surgery And Procedures; S6 - Surgical Gastro Enterology; S7 - Cardiac And Cardiothoracic Surgery; S8 - Pediatric Surgeries; S9 - Genito Urinary Surgeries; S10 - Neurosurgery; S11 - Surgical Oncology; S14 - Plastic Surgery; S15 - Poly Trauma; S16 - Cochlear Implant Surgery; S17 - Prostheses; S20 - Unspecified Surgical Package; M1 - Critical Care; M2 - General Medicine; M3 - Infectious Diseases; M4 - Pediatrics; M5 - Cardiology; M6 - Nephrology; M7 - Neurology; M8 - Pulmonology; M9 - Dermatology; M10 - Rheumatology; M11 - Endocrinology; M12 - Gastroenterology; M14 - Thalassemia; S19.1 - Liver Transplantation Surgery; S19.2 - Heart Transplantation Surgery; S19.3 - Renal Transplantation Surgery; S19.4 - Lung Transplantation Surgery; S19.5 - Allogenic Stem Cell Transplantation; S19.6 - Autologous Stem Cell Transplantation; S19.7 - Heart And Lung Transplantation Surgery; M15 - Medical Oncology; M16 - Radiation Oncology
134,CHC Jukkal,Government-TVVP,Kamareddy,Jukkal,-,Gonekar Surekha (9505321305),S1 - General Surgery; S2 - Ent Surgery; S3 - Ophthalmology Surgery; S4 - Gynaecology And Obstetrics Surgery; S5 - Orthopedic Surgery And Procedures; S6 - Surgical Gastro Enterology; S7 - Cardiac And Cardiothoracic Surgery; S8 - Pediatric Surgeries; S9 - Genito Urinary Surgeries; S10 - Neurosurgery; S11 - Surgical Oncology; S14 - Plastic Surgery; S15 - Poly Trauma; S16 - Cochlear Implant Surgery; S17 - Prostheses; S20 - Unspecified Surgical Package; M1 - Critical Care; M2 - General Medicine; M3 - Infectious Diseases; M4 - Pediatrics; M5 - Cardiology; M6 - Nephrology; M7 - Neurology; M8 - Pulmonology; M9 - Dermatology; M10 - Rheumatology; M11 - Endocrinology; M12 - Gastroenterology; M14 - Thalassemia; S19.1 - Liver Transplantation Surgery; S19.2 - Heart Transplantation Surgery; S19.3 - Renal Transplantation Surgery; S19.4 - Lung Transplantation Surgery; S19.5 - Allogenic Stem Cell Transplantation; S19.6 - Autologous Stem Cell Transplantation; S19.7 - Heart And Lung Transplantation Surgery; M15 - Medical Oncology; M16 - Radiation Oncology
135,CHC Julurupadu,Government-TVVP,Bhadradri Kothagudem,Julurupadu,-,Dharavath.Narasimharao (9133646878); Nerellakunta.Venkata Radha Krishna Rao (8074465344),S1 - General Surgery; S2 - Ent Surgery; S3 - Ophthalmology Surgery; S4 - Gynaecology And Obstetrics Surgery; S5 - Orthopedic Surgery And Procedures; S6 - Surgical Gastro Enterology; S7 - Cardiac And Cardiothoracic Surgery; S8 - Pediatric Surgeries; S9 - Genito Urinary Surgeries; S10 - Neurosurgery; S11 - Surgical Oncology; S14 - Plastic Surgery; S15 - Poly Trauma; S16 - Cochlear Implant Surgery; S17 - Prostheses; S20 - Unspecified Surgical Package; M1 - Critical Care; M2 - General Medicine; M3 - Infectious Diseases; M4 - Pediatrics; M5 - Cardiology; M6 - Nephrology; M7 - Neurology; M8 - Pulmonology; M9 - Dermatology; M10 - Rheumatology; M11 - Endocrinology; M12 - Gastroenterology; M14 - Thalassemia; S19.1 - Liver Transplantation Surgery; S19.2 - Heart Transplantation Surgery; S19.3 - Renal Transplantation Surgery; S19.4 - Lung Transplantation Surgery; S19.5 - Allogenic Stem Cell Transplantation; S19.6 - Autologous Stem Cell Transplantation; S19.7 - Heart And Lung Transplantation Surgery; M15 - Medical Oncology; M16 - Radiation Oncology
136,CHC Kalluru,Government-TVVP,Khammam,Kallur,-,Medi.Nagarjuna (9030513146); Balli.Anupama (9951885759); Dr Chaitanya (9000737454); Dr T Suresh (8639927333),S1 - General Surgery; S2 - Ent Surgery; S3 - Ophthalmology Surgery; S4 - Gynaecology And Obstetrics Surgery; S5 - Orthopedic Surgery And Procedures; S6 - Surgical Gastro Enterology; S7 - Cardiac And Cardiothoracic Surgery; S8 - Pediatric Surgeries; S9 - Genito Urinary Surgeries; S10 - Neurosurgery; S11 - Surgical Oncology; S14 - Plastic Surgery; S15 - Poly Trauma; S16 - Cochlear Implant Surgery; S17 - Prostheses; S20 - Unspecified Surgical Package; M1 - Critical Care; M2 - General Medicine; M3 - Infectious Diseases; M4 - Pediatrics; M5 - Cardiology; M6 - Nephrology; M7 - Neurology; M8 - Pulmonology; M9 - Dermatology; M10 - Rheumatology; M11 - Endocrinology; M12 - Gastroenterology; M14 - Thalassemia; M15 - Medical Oncology; M16 - Radiation Oncology
137,CHC Kamalapur,Government-TVVP,Hanumakonda,Kamalapur,-,Thatikanti Ravinder (9014472617),S1 - General Surgery; S2 - Ent Surgery; S3 - Ophthalmology Surgery; S4 - Gynaecology And Obstetrics Surgery; S5 - Orthopedic Surgery And Procedures; S6 - Surgical Gastro Enterology; S7 - Cardiac And Cardiothoracic Surgery; S8 - Pediatric Surgeries; S9 - Genito Urinary Surgeries; S10 - Neurosurgery; S11 - Surgical Oncology; S14 - Plastic Surgery; S15 - Poly Trauma; S16 - Cochlear Implant Surgery; S17 - Prostheses; S20 - Unspecified Surgical Package; M1 - Critical Care; M2 - General Medicine; M3 - Infectious Diseases; M4 - Pediatrics; M5 - Cardiology; M6 - Nephrology; M7 - Neurology; M8 - Pulmonology; M9 - Dermatology; M10 - Rheumatology; M11 - Endocrinology; M12 - Gastroenterology; M14 - Thalassemia; S19.1 - Liver Transplantation Surgery; S19.2 - Heart Transplantation Surgery; S19.3 - Renal Transplantation Surgery; S19.4 - Lung Transplantation Surgery; S19.5 - Allogenic Stem Cell Transplantation; S19.6 - Autologous Stem Cell Transplantation; S19.7 - Heart And Lung Transplantation Surgery; M15 - Medical Oncology; M16 - Radiation Oncology
138,CHC Khairatabad,Government-TVVP,Hyderabad,Khairthabad,Ghmc,Dr.Ramesh Babu.Ch(9848546949); Giri Mahipal Reddy(9848546949),S1 - General Surgery; S2 - Ent Surgery; S3 - Ophthalmology Surgery; S4 - Gynaecology And Obstetrics Surgery; S5 - Orthopedic Surgery And Procedures; S6 - Surgical Gastro Enterology; S7 - Cardiac And Cardiothoracic Surgery; S8 - Pediatric Surgeries; S9 - Genito Urinary Surgeries; S10 - Neurosurgery; S11 - Surgical Oncology; S14 - Plastic Surgery; S15 - Poly Trauma; S16 - Cochlear Implant Surgery; S17 - Prostheses; S20 - Unspecified Surgical Package; M1 - Critical Care; M2 - General Medicine; M3 - Infectious Diseases; M4 - Pediatrics; M5 - Cardiology; M6 - Nephrology; M7 - Neurology; M8 - Pulmonology; M9 - Dermatology; M10 - Rheumatology; M11 - Endocrinology; M12 - Gastroenterology; M14 - Thalassemia; S19.1 - Liver Transplantation Surgery; S19.2 - Heart Transplantation Surgery; S19.3 - Renal Transplantation Surgery; S19.4 - Lung Transplantation Surgery; S19.5 - Allogenic Stem Cell Transplantation; S19.6 - Autologous Stem Cell Transplantation; S19.7 - Heart And Lung Transplantation Surgery; M15 - Medical Oncology; M16 - Radiation Oncology
139,CHC Khilaghanpur,Government-TVVP,Wanaparthy,Ghanpur,-,M Bhaghawanthu (9949582036),S1 - General Surgery; S2 - Ent Surgery; S3 - Ophthalmology Surgery; S4 - Gynaecology And Obstetrics Surgery; S5 - Orthopedic Surgery And Procedures; S6 - Surgical Gastro Enterology; S7 - Cardiac And Cardiothoracic Surgery; S8 - Pediatric Surgeries; S9 - Genito Urinary Surgeries; S10 - Neurosurgery; S11 - Surgical Oncology; S14 - Plastic Surgery; S15 - Poly Trauma; S16 - Cochlear Implant Surgery; S17 - Prostheses; S20 - Unspecified Surgical Package; M1 - Critical Care; M2 - General Medicine; M3 - Infectious Diseases; M4 - Pediatrics; M5 - Cardiology; M6 - Nephrology; M7 - Neurology; M8 - Pulmonology; M9 - Dermatology; M10 - Rheumatology; M11 - Endocrinology; M12 - Gastroenterology; M14 - Thalassemia; S19.1 - Liver Transplantation Surgery; S19.2 - Heart Transplantation Surgery; S19.3 - Renal Transplantation Surgery; S19.4 - Lung Transplantation Surgery; S19.5 - Allogenic Stem Cell Transplantation; S19.6 - Autologous Stem Cell Transplantation; S19.7 - Heart And Lung Transplantation Surgery; M15 - Medical Oncology; M16 - Radiation Oncology
140,CHC Koilkonda,Government-TVVP,Mahabubnagar,Koilkonda,-,Anil Kumar (9490143638); Dr Chandra Shekar (9490143638),S1 - General Surgery; S2 - Ent Surgery; S3 - Ophthalmology Surgery; S4 - Gynaecology And Obstetrics Surgery; S5 - Orthopedic Surgery And Procedures; S6 - Surgical Gastro Enterology; S7 - Cardiac And Cardiothoracic Surgery; S8 - Pediatric Surgeries; S9 - Genito Urinary Surgeries; S10 - Neurosurgery; S11 - Surgical Oncology; S14 - Plastic Surgery; S15 - Poly Trauma; S16 - Cochlear Implant Surgery; S17 - Prostheses; S20 - Unspecified Surgical Package; M1 - Critical Care; M2 - General Medicine; M3 - Infectious Diseases; M4 - Pediatrics; M5 - Cardiology; M6 - Nephrology; M7 - Neurology; M8 - Pulmonology; M9 - Dermatology; M10 - Rheumatology; M11 - Endocrinology; M12 - Gastroenterology; M14 - Thalassemia; M15 - Medical Oncology; M16 - Radiation Oncology
141,CHC Kosgi,Government-TVVP,Narayanpet,Kosgi,Kosgi,M Krishna Veni (8639051978); A.Nagappa (9490143671); M.Madan Mohan Goud (9440377982); Venkataiah (9666018698),S1 - General Surgery; S2 - Ent Surgery; S3 - Ophthalmology Surgery; S4 - Gynaecology And Obstetrics Surgery; S5 - Orthopedic Surgery And Procedures; S6 - Surgical Gastro Enterology; S7 - Cardiac And Cardiothoracic Surgery; S8 - Pediatric Surgeries; S9 - Genito Urinary Surgeries; S10 - Neurosurgery; S11 - Surgical Oncology; S14 - Plastic Surgery; S15 - Poly Trauma; S16 - Cochlear Implant Surgery; S17 - Prostheses; S20 - Unspecified Surgical Package; M1 - Critical Care; M2 - General Medicine; M3 - Infectious Diseases; M4 - Pediatrics; M5 - Cardiology; M6 - Nephrology; M7 - Neurology; M8 - Pulmonology; M9 - Dermatology; M10 - Rheumatology; M11 - Endocrinology; M12 - Gastroenterology; M14 - Thalassemia; S19.1 - Liver Transplantation Surgery; S19.2 - Heart Transplantation Surgery; S19.3 - Renal Transplantation Surgery; S19.4 - Lung Transplantation Surgery; S19.5 - Allogenic Stem Cell Transplantation; S19.6 - Autologous Stem Cell Transplantation; S19.7 - Heart And Lung Transplantation Surgery; M15 - Medical Oncology; M16 - Radiation Oncology
142,CHC Kotagiri,Government-TVVP,Nizamabad,Kotgiri,-,Mavuram Rajeshwar (9014318970),S1 - General Surgery; S2 - Ent Surgery; S3 - Ophthalmology Surgery; S4 - Gynaecology And Obstetrics Surgery; S5 - Orthopedic Surgery And Procedures; S6 - Surgical Gastro Enterology; S7 - Cardiac And Cardiothoracic Surgery; S8 - Pediatric Surgeries; S9 - Genito Urinary Surgeries; S10 - Neurosurgery; S11 - Surgical Oncology; S14 - Plastic Surgery; S15 - Poly Trauma; S16 - Cochlear Implant Surgery; S17 - Prostheses; S20 - Unspecified Surgical Package; M1 - Critical Care; M2 - General Medicine; M3 - Infectious Diseases; M4 - Pediatrics; M5 - Cardiology; M6 - Nephrology; M7 - Neurology; M8 - Pulmonology; M9 - Dermatology; M10 - Rheumatology; M11 - Endocrinology; M12 - Gastroenterology; M14 - Thalassemia; S19.1 - Liver Transplantation Surgery; S19.2 - Heart Transplantation Surgery; S19.3 - Renal Transplantation Surgery; S19.4 - Lung Transplantation Surgery; S19.5 - Allogenic Stem Cell Transplantation; S19.6 - Autologous Stem Cell Transplantation; S19.7 - Heart And Lung Transplantation Surgery; M15 - Medical Oncology; M16 - Radiation Oncology
143,CHC Lingal,Government-TVVP,Nagarkurnool,Lingal,-,Venkatesh (9866514109); Siva Chari.M (9948895773),S1 - General Surgery; S2 - Ent Surgery; S3 - Ophthalmology Surgery; S4 - Gynaecology And Obstetrics Surgery; S5 - Orthopedic Surgery And Procedures; S6 - Surgical Gastro Enterology; S7 - Cardiac And Cardiothoracic Surgery; S8 - Pediatric Surgeries; S9 - Genito Urinary Surgeries; S10 - Neurosurgery; S11 - Surgical Oncology; S14 - Plastic Surgery; S15 - Poly Trauma; S16 - Cochlear Implant Surgery; S17 - Prostheses; S20 - Unspecified Surgical Package; M1 - Critical Care; M2 - General Medicine; M3 - Infectious Diseases; M4 - Pediatrics; M5 - Cardiology; M6 - Nephrology; M7 - Neurology; M8 - Pulmonology; M9 - Dermatology; M10 - Rheumatology; M11 - Endocrinology; M12 - Gastroenterology; M14 - Thalassemia; S19.1 - Liver Transplantation Surgery; S19.2 - Heart Transplantation Surgery; S19.3 - Renal Transplantation Surgery; S19.4 - Lung Transplantation Surgery; S19.5 - Allogenic Stem Cell Transplantation; S19.6 - Autologous Stem Cell Transplantation; S19.7 - Heart And Lung Transplantation Surgery; M15 - Medical Oncology; M16 - Radiation Oncology
144,CHC Luxettipet,Government-TVVP,Mancherial,Luxettipet,Luxettipet,Parupelly Mallesh (9908900129); Godamala Soundarya (9701192348); Deccam Bhagya Laxmi (9618855331),S1 - General Surgery; S2 - Ent Surgery; S3 - Ophthalmology Surgery; S4 - Gynaecology And Obstetrics Surgery; S5 - Orthopedic Surgery And Procedures; S6 - Surgical Gastro Enterology; S7 - Cardiac And Cardiothoracic Surgery; S8 - Pediatric Surgeries; S9 - Genito Urinary Surgeries; S10 - Neurosurgery; S11 - Surgical Oncology; S14 - Plastic Surgery; S15 - Poly Trauma; S16 - Cochlear Implant Surgery; S17 - Prostheses; S20 - Unspecified Surgical Package; M1 - Critical Care; M2 - General Medicine; M3 - Infectious Diseases; M4 - Pediatrics; M5 - Cardiology; M6 - Nephrology; M7 - Neurology; M8 - Pulmonology; M9 - Dermatology; M10 - Rheumatology; M11 - Endocrinology; M12 - Gastroenterology; M14 - Thalassemia; S19.1 - Liver Transplantation Surgery; S19.2 - Heart Transplantation Surgery; S19.3 - Renal Transplantation Surgery; S19.4 - Lung Transplantation Surgery; S19.5 - Allogenic Stem Cell Transplantation; S19.6 - Autologous Stem Cell Transplantation; S19.7 - Heart And Lung Transplantation Surgery; M15 - Medical Oncology; M16 - Radiation Oncology
145,CHC Madnur,Government-TVVP,Kamareddy,Madnur,-,Mattamwar Shivaji (9492002978),S1 - General Surgery; S2 - Ent Surgery; S3 - Ophthalmology Surgery; S4 - Gynaecology And Obstetrics Surgery; S5 - Orthopedic Surgery And Procedures; S6 - Surgical Gastro Enterology; S7 - Cardiac And Cardiothoracic Surgery; S8 - Pediatric Surgeries; S9 - Genito Urinary Surgeries; S10 - Neurosurgery; S11 - Surgical Oncology; S14 - Plastic Surgery; S15 - Poly Trauma; S16 - Cochlear Implant Surgery; S17 - Prostheses; S20 - Unspecified Surgical Package; M1 - Critical Care; M2 - General Medicine; M3 - Infectious Diseases; M4 - Pediatrics; M5 - Cardiology; M6 - Nephrology; M7 - Neurology; M8 - Pulmonology; M9 - Dermatology; M10 - Rheumatology; M11 - Endocrinology; M12 - Gastroenterology; M14 - Thalassemia; S19.1 - Liver Transplantation Surgery; S19.2 - Heart Transplantation Surgery; S19.3 - Renal Transplantation Surgery; S19.4 - Lung Transplantation Surgery; S19.5 - Allogenic Stem Cell Transplantation; S19.6 - Autologous Stem Cell Transplantation; S19.7 - Heart And Lung Transplantation Surgery; M15 - Medical Oncology; M16 - Radiation Oncology
146,CHC Mahadevapur,Government-TVVP,Jayashankar Bhoopalpally,Mahadevpur,-,Repala Ramu (9392231785); Ponnam Santhosh (9133633220),S1 - General Surgery; S2 - Ent Surgery; S3 - Ophthalmology Surgery; S4 - Gynaecology And Obstetrics Surgery; S5 - Orthopedic Surgery And Procedures; S6 - Surgical Gastro Enterology; S7 - Cardiac And Cardiothoracic Surgery; S8 - Pediatric Surgeries; S9 - Genito Urinary Surgeries; S10 - Neurosurgery; S11 - Surgical Oncology; S14 - Plastic Surgery; S15 - Poly Trauma; S16 - Cochlear Implant Surgery; S17 - Prostheses; S20 - Unspecified Surgical Package; M1 - Critical Care; M2 - General Medicine; M3 - Infectious Diseases; M4 - Pediatrics; M5 - Cardiology; M6 - Nephrology; M7 - Neurology; M8 - Pulmonology; M9 - Dermatology; M10 - Rheumatology; M11 - Endocrinology; M12 - Gastroenterology; M14 - Thalassemia; S19.1 - Liver Transplantation Surgery; S19.2 - Heart Transplantation Surgery; S19.3 - Renal Transplantation Surgery; S19.4 - Lung Transplantation Surgery; S19.5 - Allogenic Stem Cell Transplantation; S19.6 - Autologous Stem Cell Transplantation; S19.7 - Heart And Lung Transplantation Surgery; M15 - Medical Oncology; M16 - Radiation Oncology
147,CHC Maheshwaram,Government-TVVP,Rangareddy,Maheshwaram,-,A.Nageshwarji (9441365388); Mamidi Kalyani (9705490246),S1 - General Surgery; S2 - Ent Surgery; S3 - Ophthalmology Surgery; S4 - Gynaecology And Obstetrics Surgery; S5 - Orthopedic Surgery And Procedures; S6 - Surgical Gastro Enterology; S7 - Cardiac And Cardiothoracic Surgery; S8 - Pediatric Surgeries; S9 - Genito Urinary Surgeries; S10 - Neurosurgery; S11 - Surgical Oncology; S14 - Plastic Surgery; S15 - Poly Trauma; S16 - Cochlear Implant Surgery; S17 - Prostheses; S20 - Unspecified Surgical Package; M1 - Critical Care; M2 - General Medicine; M3 - Infectious Diseases; M4 - Pediatrics; M5 - Cardiology; M6 - Nephrology; M7 - Neurology; M8 - Pulmonology; M9 - Dermatology; M10 - Rheumatology; M11 - Endocrinology; M12 - Gastroenterology; M14 - Thalassemia; S19.1 - Liver Transplantation Surgery; S19.2 - Heart Transplantation Surgery; S19.3 - Renal Transplantation Surgery; S19.4 - Lung Transplantation Surgery; S19.5 - Allogenic Stem Cell Transplantation; S19.6 - Autologous Stem Cell Transplantation; S19.7 - Heart And Lung Transplantation Surgery; M15 - Medical Oncology; M16 - Radiation Oncology
148,CHC Marapally,Government-TVVP,Vikarabad,Marpally,-,K.Mahesh Kumar (9951713292),S1 - General Surgery; S2 - Ent Surgery; S3 - Ophthalmology Surgery; S4 - Gynaecology And Obstetrics Surgery; S5 - Orthopedic Surgery And Procedures; S6 - Surgical Gastro Enterology; S7 - Cardiac And Cardiothoracic Surgery; S8 - Pediatric Surgeries; S9 - Genito Urinary Surgeries; S10 - Neurosurgery; S11 - Surgical Oncology; S14 - Plastic Surgery; S15 - Poly Trauma; S16 - Cochlear Implant Surgery; S17 - Prostheses; S20 - Unspecified Surgical Package; M1 - Critical Care; M2 - General Medicine; M3 - Infectious Diseases; M4 - Pediatrics; M5 - Cardiology; M6 - Nephrology; M7 - Neurology; M8 - Pulmonology; M9 - Dermatology; M10 - Rheumatology; M11 - Endocrinology; M12 - Gastroenterology; M14 - Thalassemia; S19.1 - Liver Transplantation Surgery; S19.2 - Heart Transplantation Surgery; S19.3 - Renal Transplantation Surgery; S19.4 - Lung Transplantation Surgery; S19.5 - Allogenic Stem Cell Transplantation; S19.6 - Autologous Stem Cell Transplantation; S19.7 - Heart And Lung Transplantation Surgery; M15 - Medical Oncology; M16 - Radiation Oncology
149,CHC Marriguda,Government-TVVP,Nalgonda,Marriguda,-,Giri Yadaiah (9381093380),S1 - General Surgery; S2 - Ent Surgery; S3 - Ophthalmology Surgery; S4 - Gynaecology And Obstetrics Surgery; S5 - Orthopedic Surgery And Procedures; S6 - Surgical Gastro Enterology; S7 - Cardiac And Cardiothoracic Surgery; S8 - Pediatric Surgeries; S9 - Genito Urinary Surgeries; S10 - Neurosurgery; S11 - Surgical Oncology; S14 - Plastic Surgery; S15 - Poly Trauma; S16 - Cochlear Implant Surgery; S17 - Prostheses; M1 - Critical Care; M2 - General Medicine; M3 - Infectious Diseases; M4 - Pediatrics; M5 - Cardiology; M6 - Nephrology; M7 - Neurology; M8 - Pulmonology; M9 - Dermatology; M10 - Rheumatology; M11 - Endocrinology; M12 - Gastroenterology; M14 - Thalassemia; S19.1 - Liver Transplantation Surgery; S19.2 - Heart Transplantation Surgery; S19.3 - Renal Transplantation Surgery; S19.4 - Lung Transplantation Surgery; S19.5 - Allogenic Stem Cell Transplantation; S19.6 - Autologous Stem Cell Transplantation; S19.7 - Heart And Lung Transplantation Surgery; M15 - Medical Oncology; M16 - Radiation Oncology
150,CHC Medchal Malkajgiri,Government-TVVP,Medchal-Malkajgiri,Malkajgiri,Ghmc,P.Shravan Kumar (9908873860),S1 - General Surgery; S2 - Ent Surgery; S3 - Ophthalmology Surgery; S4 - Gynaecology And Obstetrics Surgery; S5 - Orthopedic Surgery And Procedures; S6 - Surgical Gastro Enterology; S7 - Cardiac And Cardiothoracic Surgery; S8 - Pediatric Surgeries; S9 - Genito Urinary Surgeries; S10 - Neurosurgery; S11 - Surgical Oncology; S14 - Plastic Surgery; S15 - Poly Trauma; S16 - Cochlear Implant Surgery; S17 - Prostheses; S20 - Unspecified Surgical Package; M1 - Critical Care; M2 - General Medicine; M3 - Infectious Diseases; M4 - Pediatrics; M5 - Cardiology; M6 - Nephrology; M7 - Neurology; M8 - Pulmonology; M9 - Dermatology; M10 - Rheumatology; M11 - Endocrinology; M12 - Gastroenterology; M14 - Thalassemia; S19.1 - Liver Transplantation Surgery; S19.2 - Heart Transplantation Surgery; S19.3 - Renal Transplantation Surgery; S19.4 - Lung Transplantation Surgery; S19.5 - Allogenic Stem Cell Transplantation; S19.6 - Autologous Stem Cell Transplantation; S19.7 - Heart And Lung Transplantation Surgery; M15 - Medical Oncology; M16 - Radiation Oncology
151,CHC Metpally,Government-TVVP,Jagtial,Metpalli,Metpalli,Bhukya Mohan (9908294476),S1 - General Surgery; S2 - Ent Surgery; S3 - Ophthalmology Surgery; S4 - Gynaecology And Obstetrics Surgery; S5 - Orthopedic Surgery And Procedures; S6 - Surgical Gastro Enterology; S7 - Cardiac And Cardiothoracic Surgery; S8 - Pediatric Surgeries; S9 - Genito Urinary Surgeries; S10 - Neurosurgery; S11 - Surgical Oncology; S14 - Plastic Surgery; S15 - Poly Trauma; S16 - Cochlear Implant Surgery; S17 - Prostheses; S20 - Unspecified Surgical Package; M1 - Critical Care; M2 - General Medicine; M3 - Infectious Diseases; M4 - Pediatrics; M5 - Cardiology; M6 - Nephrology; M7 - Neurology; M8 - Pulmonology; M9 - Dermatology; M10 - Rheumatology; M11 - Endocrinology; M12 - Gastroenterology; M14 - Thalassemia; S19.1 - Liver Transplantation Surgery; S19.2 - Heart Transplantation Surgery; S19.3 - Renal Transplantation Surgery; S19.4 - Lung Transplantation Surgery; S19.5 - Allogenic Stem Cell Transplantation; S19.6 - Autologous Stem Cell Transplantation; S19.7 - Heart And Lung Transplantation Surgery; M15 - Medical Oncology; M16 - Radiation Oncology
152,CHC Morthad,Government-TVVP,Nizamabad,Mortad,-,Dhane Muthenna (9985670072),S1 - General Surgery; S2 - Ent Surgery; S3 - Ophthalmology Surgery; S4 - Gynaecology And Obstetrics Surgery; S5 - Orthopedic Surgery And Procedures; S6 - Surgical Gastro Enterology; S7 - Cardiac And Cardiothoracic Surgery; S8 - Pediatric Surgeries; S9 - Genito Urinary Surgeries; S10 - Neurosurgery; S11 - Surgical Oncology; S14 - Plastic Surgery; S15 - Poly Trauma; S16 - Cochlear Implant Surgery; S17 - Prostheses; S20 - Unspecified Surgical Package; M1 - Critical Care; M2 - General Medicine; M3 - Infectious Diseases; M4 - Pediatrics; M5 - Cardiology; M6 - Nephrology; M7 - Neurology; M8 - Pulmonology; M9 - Dermatology; M10 - Rheumatology; M11 - Endocrinology; M12 - Gastroenterology; M14 - Thalassemia; S19.1 - Liver Transplantation Surgery; S19.2 - Heart Transplantation Surgery; S19.3 - Renal Transplantation Surgery; S19.4 - Lung Transplantation Surgery; S19.5 - Allogenic Stem Cell Transplantation; S19.6 - Autologous Stem Cell Transplantation; S19.7 - Heart And Lung Transplantation Surgery; M15 - Medical Oncology; M16 - Radiation Oncology
153,CHC Mudhole,Government-TVVP,Nirmal,Mudhole,-,Gatupalli Swapna (6302605520),S1 - General Surgery; S2 - Ent Surgery; S3 - Ophthalmology Surgery; S4 - Gynaecology And Obstetrics Surgery; S5 - Orthopedic Surgery And Procedures; S6 - Surgical Gastro Enterology; S7 - Cardiac And Cardiothoracic Surgery; S8 - Pediatric Surgeries; S9 - Genito Urinary Surgeries; S10 - Neurosurgery; S11 - Surgical Oncology; S14 - Plastic Surgery; S15 - Poly Trauma; S16 - Cochlear Implant Surgery; S17 - Prostheses; S20 - Unspecified Surgical Package; M1 - Critical Care; M2 - General Medicine; M3 - Infectious Diseases; M4 - Pediatrics; M5 - Cardiology; M6 - Nephrology; M7 - Neurology; M8 - Pulmonology; M9 - Dermatology; M10 - Rheumatology; M11 - Endocrinology; M12 - Gastroenterology; M14 - Thalassemia; S19.1 - Liver Transplantation Surgery; S19.2 - Heart Transplantation Surgery; S19.3 - Renal Transplantation Surgery; S19.4 - Lung Transplantation Surgery; S19.5 - Allogenic Stem Cell Transplantation; S19.6 - Autologous Stem Cell Transplantation; S19.7 - Heart And Lung Transplantation Surgery; M15 - Medical Oncology; M16 - Radiation Oncology
154,CHC Nadigudem,Government-TVVP,Suryapet,Nadigudem,-,Rajeshwari Konda(8096099745); Rajeshwari Konda(8096099745),S1 - General Surgery; S2 - Ent Surgery; S3 - Ophthalmology Surgery; S4 - Gynaecology And Obstetrics Surgery; S5 - Orthopedic Surgery And Procedures; S6 - Surgical Gastro Enterology; S7 - Cardiac And Cardiothoracic Surgery; S8 - Pediatric Surgeries; S9 - Genito Urinary Surgeries; S10 - Neurosurgery; S11 - Surgical Oncology; S14 - Plastic Surgery; S15 - Poly Trauma; S16 - Cochlear Implant Surgery; S17 - Prostheses; M1 - Critical Care; M2 - General Medicine; M3 - Infectious Diseases; M4 - Pediatrics; M5 - Cardiology; M6 - Nephrology; M7 - Neurology; M8 - Pulmonology; M9 - Dermatology; M10 - Rheumatology; M11 - Endocrinology; M12 - Gastroenterology; M14 - Thalassemia; S19.1 - Liver Transplantation Surgery; S19.2 - Heart Transplantation Surgery; S19.3 - Renal Transplantation Surgery; S19.4 - Lung Transplantation Surgery; S19.5 - Allogenic Stem Cell Transplantation; S19.6 - Autologous Stem Cell Transplantation; S19.7 - Heart And Lung Transplantation Surgery; M15 - Medical Oncology; M16 - Radiation Oncology
155,CHC Navipet,Government-TVVP,Nizamabad,Navipet,Bodhan,Neeradi Swaroopa (7075455478),S1 - General Surgery; S2 - Ent Surgery; S3 - Ophthalmology Surgery; S4 - Gynaecology And Obstetrics Surgery; S5 - Orthopedic Surgery And Procedures; S6 - Surgical Gastro Enterology; S7 - Cardiac And Cardiothoracic Surgery; S8 - Pediatric Surgeries; S9 - Genito Urinary Surgeries; S10 - Neurosurgery; S11 - Surgical Oncology; S14 - Plastic Surgery; S15 - Poly Trauma; S16 - Cochlear Implant Surgery; S17 - Prostheses; S20 - Unspecified Surgical Package; M1 - Critical Care; M2 - General Medicine; M3 - Infectious Diseases; M4 - Pediatrics; M5 - Cardiology; M6 - Nephrology; M7 - Neurology; M8 - Pulmonology; M9 - Dermatology; M10 - Rheumatology; M11 - Endocrinology; M12 - Gastroenterology; M14 - Thalassemia; S19.1 - Liver Transplantation Surgery; S19.2 - Heart Transplantation Surgery; S19.3 - Renal Transplantation Surgery; S19.4 - Lung Transplantation Surgery; S19.5 - Allogenic Stem Cell Transplantation; S19.6 - Autologous Stem Cell Transplantation; S19.7 - Heart And Lung Transplantation Surgery; M15 - Medical Oncology; M16 - Radiation Oncology
156,CHC NelakondaPally,Government-TVVP,Khammam,Nelakondapally,-,N.Kishore (9010667572); Dara.Praveen Kumar (9618428377),S1 - General Surgery; S2 - Ent Surgery; S3 - Ophthalmology Surgery; S4 - Gynaecology And Obstetrics Surgery; S5 - Orthopedic Surgery And Procedures; S6 - Surgical Gastro Enterology; S7 - Cardiac And Cardiothoracic Surgery; S8 - Pediatric Surgeries; S9 - Genito Urinary Surgeries; S10 - Neurosurgery; S11 - Surgical Oncology; S14 - Plastic Surgery; S15 - Poly Trauma; S16 - Cochlear Implant Surgery; S17 - Prostheses; S20 - Unspecified Surgical Package; M1 - Critical Care; M2 - General Medicine; M3 - Infectious Diseases; M4 - Pediatrics; M5 - Cardiology; M6 - Nephrology; M7 - Neurology; M8 - Pulmonology; M9 - Dermatology; M10 - Rheumatology; M11 - Endocrinology; M12 - Gastroenterology; M14 - Thalassemia; S19.1 - Liver Transplantation Surgery; S19.2 - Heart Transplantation Surgery; S19.3 - Renal Transplantation Surgery; S19.4 - Lung Transplantation Surgery; S19.5 - Allogenic Stem Cell Transplantation; S19.6 - Autologous Stem Cell Transplantation; S19.7 - Heart And Lung Transplantation Surgery; M15 - Medical Oncology; M16 - Radiation Oncology
157,CHC Palem,Government-TVVP,Nagarkurnool,Bijinapalle,-,G.Moulali (9985472602); Md.Sameer Baba (9704400164); B.Srisailam (9705514288); P.Vishnu (9490470264),S1 - General Surgery; S2 - Ent Surgery; S3 - Ophthalmology Surgery; S4 - Gynaecology And Obstetrics Surgery; S5 - Orthopedic Surgery And Procedures; S6 - Surgical Gastro Enterology; S7 - Cardiac And Cardiothoracic Surgery; S8 - Pediatric Surgeries; S9 - Genito Urinary Surgeries; S10 - Neurosurgery; S11 - Surgical Oncology; S14 - Plastic Surgery; S15 - Poly Trauma; S16 - Cochlear Implant Surgery; S17 - Prostheses; S20 - Unspecified Surgical Package; M1 - Critical Care; M2 - General Medicine; M3 - Infectious Diseases; M4 - Pediatrics; M5 - Cardiology; M6 - Nephrology; M7 - Neurology; M8 - Pulmonology; M9 - Dermatology; M10 - Rheumatology; M11 - Endocrinology; M12 - Gastroenterology; M14 - Thalassemia; S19.1 - Liver Transplantation Surgery; S19.2 - Heart Transplantation Surgery; S19.3 - Renal Transplantation Surgery; S19.4 - Lung Transplantation Surgery; S19.5 - Allogenic Stem Cell Transplantation; S19.6 - Autologous Stem Cell Transplantation; S19.7 - Heart And Lung Transplantation Surgery; M15 - Medical Oncology; M16 - Radiation Oncology
158,CHC Paloncha,Government-TVVP,Bhadradri Kothagudem,Palwancha,Palwancha,Dr.M.Mukkanteswarrao (9951571973); Madakam.Chirumappa (9951571973); B.Ramu (9640911565),S1 - General Surgery; S2 - Ent Surgery; S3 - Ophthalmology Surgery; S4 - Gynaecology And Obstetrics Surgery; S5 - Orthopedic Surgery And Procedures; S6 - Surgical Gastro Enterology; S7 - Cardiac And Cardiothoracic Surgery; S8 - Pediatric Surgeries; S9 - Genito Urinary Surgeries; S10 - Neurosurgery; S11 - Surgical Oncology; S14 - Plastic Surgery; S15 - Poly Trauma; S16 - Cochlear Implant Surgery; S17 - Prostheses; S20 - Unspecified Surgical Package; M1 - Critical Care; M2 - General Medicine; M3 - Infectious Diseases; M4 - Pediatrics; M5 - Cardiology; M6 - Nephrology; M7 - Neurology; M8 - Pulmonology; M9 - Dermatology; M10 - Rheumatology; M11 - Endocrinology; M12 - Gastroenterology; M14 - Thalassemia; S19.1 - Liver Transplantation Surgery; S19.2 - Heart Transplantation Surgery; S19.3 - Renal Transplantation Surgery; S19.4 - Lung Transplantation Surgery; S19.5 - Allogenic Stem Cell Transplantation; S19.6 - Autologous Stem Cell Transplantation; S19.7 - Heart And Lung Transplantation Surgery; M15 - Medical Oncology; M16 - Radiation Oncology
159,CHC Penuballi,Government-TVVP,Khammam,Penubally,-,Shaik.Mahaboobi (9490905472); Dr Vasumathi Devi(9490905472); Ubbana.Krishna Veni (8639927333),S1 - General Surgery; S2 - Ent Surgery; S3 - Ophthalmology Surgery; S4 - Gynaecology And Obstetrics Surgery; S5 - Orthopedic Surgery And Procedures; S6 - Surgical Gastro Enterology; S7 - Cardiac And Cardiothoracic Surgery; S8 - Pediatric Surgeries; S9 - Genito Urinary Surgeries; S10 - Neurosurgery; S11 - Surgical Oncology; S14 - Plastic Surgery; S15 - Poly Trauma; S16 - Cochlear Implant Surgery; S17 - Prostheses; S20 - Unspecified Surgical Package; M1 - Critical Care; M2 - General Medicine; M3 - Infectious Diseases; M4 - Pediatrics; M5 - Cardiology; M6 - Nephrology; M7 - Neurology; M8 - Pulmonology; M9 - Dermatology; M10 - Rheumatology; M11 - Endocrinology; M12 - Gastroenterology; M14 - Thalassemia; S19.1 - Liver Transplantation Surgery; S19.2 - Heart Transplantation Surgery; S19.3 - Renal Transplantation Surgery; S19.4 - Lung Transplantation Surgery; S19.5 - Allogenic Stem Cell Transplantation; S19.6 - Autologous Stem Cell Transplantation; S19.7 - Heart And Lung Transplantation Surgery; M15 - Medical Oncology; M16 - Radiation Oncology
160,CHC Pitlam,Government-TVVP,Kamareddy,Pitlam,Yellareddy,Kadige Kashamani (9182293177),S1 - General Surgery; S2 - Ent Surgery; S3 - Ophthalmology Surgery; S4 - Gynaecology And Obstetrics Surgery; S5 - Orthopedic Surgery And Procedures; S6 - Surgical Gastro Enterology; S7 - Cardiac And Cardiothoracic Surgery; S8 - Pediatric Surgeries; S9 - Genito Urinary Surgeries; S10 - Neurosurgery; S11 - Surgical Oncology; S14 - Plastic Surgery; S15 - Poly Trauma; S16 - Cochlear Implant Surgery; S17 - Prostheses; S20 - Unspecified Surgical Package; M1 - Critical Care; M2 - General Medicine; M3 - Infectious Diseases; M4 - Pediatrics; M5 - Cardiology; M6 - Nephrology; M7 - Neurology; M8 - Pulmonology; M9 - Dermatology; M10 - Rheumatology; M11 - Endocrinology; M12 - Gastroenterology; M14 - Thalassemia; S19.1 - Liver Transplantation Surgery; S19.2 - Heart Transplantation Surgery; S19.3 - Renal Transplantation Surgery; S19.4 - Lung Transplantation Surgery; S19.5 - Allogenic Stem Cell Transplantation; S19.6 - Autologous Stem Cell Transplantation; S19.7 - Heart And Lung Transplantation Surgery; M15 - Medical Oncology; M16 - Radiation Oncology
161,CHC Raikal,Government-TVVP,Jagtial,Raikal,Raikal,Mamidi Anjaneyulu (7674094879),S1 - General Surgery; S2 - Ent Surgery; S3 - Ophthalmology Surgery; S4 - Gynaecology And Obstetrics Surgery; S5 - Orthopedic Surgery And Procedures; S6 - Surgical Gastro Enterology; S7 - Cardiac And Cardiothoracic Surgery; S8 - Pediatric Surgeries; S9 - Genito Urinary Surgeries; S10 - Neurosurgery; S11 - Surgical Oncology; S14 - Plastic Surgery; S15 - Poly Trauma; S16 - Cochlear Implant Surgery; S17 - Prostheses; S20 - Unspecified Surgical Package; M1 - Critical Care; M2 - General Medicine; M3 - Infectious Diseases; M4 - Pediatrics; M5 - Cardiology; M6 - Nephrology; M7 - Neurology; M8 - Pulmonology; M9 - Dermatology; M10 - Rheumatology; M11 - Endocrinology; M12 - Gastroenterology; M14 - Thalassemia; S19.1 - Liver Transplantation Surgery; S19.2 - Heart Transplantation Surgery; S19.3 - Renal Transplantation Surgery; S19.4 - Lung Transplantation Surgery; S19.5 - Allogenic Stem Cell Transplantation; S19.6 - Autologous Stem Cell Transplantation; S19.7 - Heart And Lung Transplantation Surgery; M15 - Medical Oncology; M16 - Radiation Oncology
162,CHC Ramannapet,Government-TVVP,Yadadri Bhuvanagiri,Ramannapeta,-,Dr.Kirankumar (9642541615); Jala Satyanarayana (9849772269); Manda Chandraiah (9505943799); Salabadri Mahender (9666797940),S1 - General Surgery; S2 - Ent Surgery; S3 - Ophthalmology Surgery; S4 - Gynaecology And Obstetrics Surgery; S5 - Orthopedic Surgery And Procedures; S6 - Surgical Gastro Enterology; S7 - Cardiac And Cardiothoracic Surgery; S8 - Pediatric Surgeries; S9 - Genito Urinary Surgeries; S10 - Neurosurgery; S11 - Surgical Oncology; S14 - Plastic Surgery; S15 - Poly Trauma; S16 - Cochlear Implant Surgery; S17 - Prostheses; S20 - Unspecified Surgical Package; M1 - Critical Care; M2 - General Medicine; M3 - Infectious Diseases; M4 - Pediatrics; M5 - Cardiology; M6 - Nephrology; M7 - Neurology; M8 - Pulmonology; M9 - Dermatology; M10 - Rheumatology; M11 - Endocrinology; M12 - Gastroenterology; M14 - Thalassemia; S19.1 - Liver Transplantation Surgery; S19.2 - Heart Transplantation Surgery; S19.3 - Renal Transplantation Surgery; S19.4 - Lung Transplantation Surgery; S19.5 - Allogenic Stem Cell Transplantation; S19.6 - Autologous Stem Cell Transplantation; S19.7 - Heart And Lung Transplantation Surgery; M15 - Medical Oncology; M16 - Radiation Oncology
163,CHC Ramayampet,Government-TVVP,Medak,Ramayampet,-,Kummari Bhramhanandam (7995286578),S1 - General Surgery; S2 - Ent Surgery; S3 - Ophthalmology Surgery; S4 - Gynaecology And Obstetrics Surgery; S5 - Orthopedic Surgery And Procedures; S6 - Surgical Gastro Enterology; S7 - Cardiac And Cardiothoracic Surgery; S8 - Pediatric Surgeries; S9 - Genito Urinary Surgeries; S10 - Neurosurgery; S11 - Surgical Oncology; S14 - Plastic Surgery; S15 - Poly Trauma; S16 - Cochlear Implant Surgery; S17 - Prostheses; S20 - Unspecified Surgical Package; M1 - Critical Care; M2 - General Medicine; M3 - Infectious Diseases; M4 - Pediatrics; M5 - Cardiology; M6 - Nephrology; M7 - Neurology; M8 - Pulmonology; M9 - Dermatology; M10 - Rheumatology; M11 - Endocrinology; M12 - Gastroenterology; M14 - Thalassemia; S19.1 - Liver Transplantation Surgery; S19.2 - Heart Transplantation Surgery; S19.3 - Renal Transplantation Surgery; S19.4 - Lung Transplantation Surgery; S19.5 - Allogenic Stem Cell Transplantation; S19.6 - Autologous Stem Cell Transplantation; S19.7 - Heart And Lung Transplantation Surgery; M15 - Medical Oncology; M16 - Radiation Oncology
164,CHC Revelly,Government-TVVP,Wanaparthy,Revally,-,Ramulu (9160169100),S1 - General Surgery; S2 - Ent Surgery; S3 - Ophthalmology Surgery; S4 - Gynaecology And Obstetrics Surgery; S5 - Orthopedic Surgery And Procedures; S6 - Surgical Gastro Enterology; S7 - Cardiac And Cardiothoracic Surgery; S8 - Pediatric Surgeries; S9 - Genito Urinary Surgeries; S10 - Neurosurgery; S11 - Surgical Oncology; S14 - Plastic Surgery; S15 - Poly Trauma; S16 - Cochlear Implant Surgery; S17 - Prostheses; S20 - Unspecified Surgical Package; M1 - Critical Care; M2 - General Medicine; M3 - Infectious Diseases; M4 - Pediatrics; M5 - Cardiology; M6 - Nephrology; M7 - Neurology; M8 - Pulmonology; M9 - Dermatology; M10 - Rheumatology; M11 - Endocrinology; M12 - Gastroenterology; M14 - Thalassemia; S19.1 - Liver Transplantation Surgery; S19.2 - Heart Transplantation Surgery; S19.3 - Renal Transplantation Surgery; S19.4 - Lung Transplantation Surgery; S19.5 - Allogenic Stem Cell Transplantation; S19.6 - Autologous Stem Cell Transplantation; S19.7 - Heart And Lung Transplantation Surgery; M15 - Medical Oncology; M16 - Radiation Oncology
165,CHC Sadashivepet,Government-TVVP,Sangareddy,Sadasivpet,Sadasivpet,Macharuri Chandrakala (8897815705),S1 - General Surgery; S2 - Ent Surgery; S3 - Ophthalmology Surgery; S4 - Gynaecology And Obstetrics Surgery; S5 - Orthopedic Surgery And Procedures; S6 - Surgical Gastro Enterology; S7 - Cardiac And Cardiothoracic Surgery; S8 - Pediatric Surgeries; S9 - Genito Urinary Surgeries; S10 - Neurosurgery; S11 - Surgical Oncology; S14 - Plastic Surgery; S15 - Poly Trauma; S16 - Cochlear Implant Surgery; S17 - Prostheses; S20 - Unspecified Surgical Package; M1 - Critical Care; M2 - General Medicine; M3 - Infectious Diseases; M4 - Pediatrics; M5 - Cardiology; M6 - Nephrology; M7 - Neurology; M8 - Pulmonology; M9 - Dermatology; M10 - Rheumatology; M11 - Endocrinology; M12 - Gastroenterology; M14 - Thalassemia; S19.1 - Liver Transplantation Surgery; S19.2 - Heart Transplantation Surgery; S19.3 - Renal Transplantation Surgery; S19.4 - Lung Transplantation Surgery; S19.5 - Allogenic Stem Cell Transplantation; S19.6 - Autologous Stem Cell Transplantation; S19.7 - Heart And Lung Transplantation Surgery; M15 - Medical Oncology; M16 - Radiation Oncology
166,CHC Shameerpet,Government-TVVP,Medchal-Malkajgiri,Shamirpet,-,Dr.Divya Shruthi (9032477779),S1 - General Surgery; S2 - Ent Surgery; S3 - Ophthalmology Surgery; S4 - Gynaecology And Obstetrics Surgery; S5 - Orthopedic Surgery And Procedures; S6 - Surgical Gastro Enterology; S7 - Cardiac And Cardiothoracic Surgery; S8 - Pediatric Surgeries; S9 - Genito Urinary Surgeries; S10 - Neurosurgery; S11 - Surgical Oncology; S14 - Plastic Surgery; S15 - Poly Trauma; S16 - Cochlear Implant Surgery; S17 - Prostheses; S20 - Unspecified Surgical Package; M1 - Critical Care; M2 - General Medicine; M3 - Infectious Diseases; M4 - Pediatrics; M5 - Cardiology; M6 - Nephrology; M7 - Neurology; M8 - Pulmonology; M9 - Dermatology; M10 - Rheumatology; M11 - Endocrinology; M12 - Gastroenterology; M14 - Thalassemia; M15 - Medical Oncology; M16 - Radiation Oncology
167,CHC Sirpur,Government-TVVP,Komaram Bheem Asifabad,Sirpur (T),-,Jalda.Sujatha (7989362733); Dusha Mandakini (6301005834); Borkut Prameela (9985015723),S1 - General Surgery; S2 - Ent Surgery; S3 - Ophthalmology Surgery; S4 - Gynaecology And Obstetrics Surgery; S5 - Orthopedic Surgery And Procedures; S6 - Surgical Gastro Enterology; S7 - Cardiac And Cardiothoracic Surgery; S8 - Pediatric Surgeries; S9 - Genito Urinary Surgeries; S10 - Neurosurgery; S11 - Surgical Oncology; S14 - Plastic Surgery; S15 - Poly Trauma; S16 - Cochlear Implant Surgery; S17 - Prostheses; S20 - Unspecified Surgical Package; M1 - Critical Care; M2 - General Medicine; M3 - Infectious Diseases; M4 - Pediatrics; M5 - Cardiology; M6 - Nephrology; M7 - Neurology; M8 - Pulmonology; M9 - Dermatology; M10 - Rheumatology; M11 - Endocrinology; M12 - Gastroenterology; M14 - Thalassemia; S19.1 - Liver Transplantation Surgery; S19.2 - Heart Transplantation Surgery; S19.3 - Renal Transplantation Surgery; S19.4 - Lung Transplantation Surgery; S19.5 - Allogenic Stem Cell Transplantation; S19.6 - Autologous Stem Cell Transplantation; S19.7 - Heart And Lung Transplantation Surgery; M15 - Medical Oncology; M16 - Radiation Oncology
168,CHC Tiryani,Government-TVVP,Komaram Bheem Asifabad,Tiryani,-,Gorlapalli Ramadevi (9963989549); Jodi Laxmanrao (9948229478); Arjun (8897028728),S1 - General Surgery; S2 - Ent Surgery; S3 - Ophthalmology Surgery; S4 - Gynaecology And Obstetrics Surgery; S5 - Orthopedic Surgery And Procedures; S6 - Surgical Gastro Enterology; S7 - Cardiac And Cardiothoracic Surgery; S8 - Pediatric Surgeries; S9 - Genito Urinary Surgeries; S10 - Neurosurgery; S11 - Surgical Oncology; S14 - Plastic Surgery; S15 - Poly Trauma; S16 - Cochlear Implant Surgery; S17 - Prostheses; S20 - Unspecified Surgical Package; M1 - Critical Care; M2 - General Medicine; M3 - Infectious Diseases; M4 - Pediatrics; M5 - Cardiology; M6 - Nephrology; M7 - Neurology; M8 - Pulmonology; M9 - Dermatology; M10 - Rheumatology; M11 - Endocrinology; M12 - Gastroenterology; M14 - Thalassemia; S19.1 - Liver Transplantation Surgery; S19.2 - Heart Transplantation Surgery; S19.3 - Renal Transplantation Surgery; S19.4 - Lung Transplantation Surgery; S19.5 - Allogenic Stem Cell Transplantation; S19.6 - Autologous Stem Cell Transplantation; S19.7 - Heart And Lung Transplantation Surgery; M15 - Medical Oncology; M16 - Radiation Oncology
169,CHC Toopran,Government-TVVP,Medak,Tupran,-,D.Narendher (7989733606),S1 - General Surgery; S2 - Ent Surgery; S3 - Ophthalmology Surgery; S4 - Gynaecology And Obstetrics Surgery; S5 - Orthopedic Surgery And Procedures; S6 - Surgical Gastro Enterology; S7 - Cardiac And Cardiothoracic Surgery; S8 - Pediatric Surgeries; S9 - Genito Urinary Surgeries; S10 - Neurosurgery; S11 - Surgical Oncology; S14 - Plastic Surgery; S15 - Poly Trauma; S16 - Cochlear Implant Surgery; S17 - Prostheses; S20 - Unspecified Surgical Package; M1 - Critical Care; M2 - General Medicine; M3 - Infectious Diseases; M4 - Pediatrics; M5 - Cardiology; M6 - Nephrology; M7 - Neurology; M8 - Pulmonology; M9 - Dermatology; M10 - Rheumatology; M11 - Endocrinology; M12 - Gastroenterology; M14 - Thalassemia; S19.1 - Liver Transplantation Surgery; S19.2 - Heart Transplantation Surgery; S19.3 - Renal Transplantation Surgery; S19.4 - Lung Transplantation Surgery; S19.5 - Allogenic Stem Cell Transplantation; S19.6 - Autologous Stem Cell Transplantation; S19.7 - Heart And Lung Transplantation Surgery; M15 - Medical Oncology; M16 - Radiation Oncology
170,CHC Uppununthala,Government-TVVP,Nagarkurnool,Uppununthala,-,Sharada (6303656661); Malle Parashuramulu (9705360766),S1 - General Surgery; S2 - Ent Surgery; S3 - Ophthalmology Surgery; S4 - Gynaecology And Obstetrics Surgery; S5 - Orthopedic Surgery And Procedures; S6 - Surgical Gastro Enterology; S7 - Cardiac And Cardiothoracic Surgery; S8 - Pediatric Surgeries; S9 - Genito Urinary Surgeries; S10 - Neurosurgery; S11 - Surgical Oncology; S14 - Plastic Surgery; S15 - Poly Trauma; S16 - Cochlear Implant Surgery; S17 - Prostheses; S20 - Unspecified Surgical Package; M1 - Critical Care; M2 - General Medicine; M3 - Infectious Diseases; M4 - Pediatrics; M5 - Cardiology; M6 - Nephrology; M7 - Neurology; M8 - Pulmonology; M9 - Dermatology; M10 - Rheumatology; M11 - Endocrinology; M12 - Gastroenterology; M14 - Thalassemia; S19.1 - Liver Transplantation Surgery; S19.2 - Heart Transplantation Surgery; S19.3 - Renal Transplantation Surgery; S19.4 - Lung Transplantation Surgery; S19.5 - Allogenic Stem Cell Transplantation; S19.6 - Autologous Stem Cell Transplantation; S19.7 - Heart And Lung Transplantation Surgery; M15 - Medical Oncology; M16 - Radiation Oncology
171,CHC Varni,Government-TVVP,Nizamabad,Varni,-,Lokula Sailu (9492011103),S1 - General Surgery; S2 - Ent Surgery; S3 - Ophthalmology Surgery; S4 - Gynaecology And Obstetrics Surgery; S5 - Orthopedic Surgery And Procedures; S6 - Surgical Gastro Enterology; S7 - Cardiac And Cardiothoracic Surgery; S8 - Pediatric Surgeries; S9 - Genito Urinary Surgeries; S10 - Neurosurgery; S11 - Surgical Oncology; S14 - Plastic Surgery; S15 - Poly Trauma; S16 - Cochlear Implant Surgery; S17 - Prostheses; S20 - Unspecified Surgical Package; M1 - Critical Care; M2 - General Medicine; M3 - Infectious Diseases; M4 - Pediatrics; M5 - Cardiology; M6 - Nephrology; M7 - Neurology; M8 - Pulmonology; M9 - Dermatology; M10 - Rheumatology; M11 - Endocrinology; M12 - Gastroenterology; M14 - Thalassemia; S19.1 - Liver Transplantation Surgery; S19.2 - Heart Transplantation Surgery; S19.3 - Renal Transplantation Surgery; S19.4 - Lung Transplantation Surgery; S19.5 - Allogenic Stem Cell Transplantation; S19.6 - Autologous Stem Cell Transplantation; S19.7 - Heart And Lung Transplantation Surgery; M15 - Medical Oncology; M16 - Radiation Oncology
172,CHC Veepangandla,Government-TVVP,Wanaparthy,Weepangandla,-,Govind (9603837700),S1 - General Surgery; S2 - Ent Surgery; S3 - Ophthalmology Surgery; S4 - Gynaecology And Obstetrics Surgery; S5 - Orthopedic Surgery And Procedures; S6 - Surgical Gastro Enterology; S7 - Cardiac And Cardiothoracic Surgery; S8 - Pediatric Surgeries; S9 - Genito Urinary Surgeries; S10 - Neurosurgery; S11 - Surgical Oncology; S14 - Plastic Surgery; S15 - Poly Trauma; S16 - Cochlear Implant Surgery; S17 - Prostheses; S20 - Unspecified Surgical Package; M1 - Critical Care; M2 - General Medicine; M3 - Infectious Diseases; M4 - Pediatrics; M5 - Cardiology; M6 - Nephrology; M7 - Neurology; M8 - Pulmonology; M9 - Dermatology; M10 - Rheumatology; M11 - Endocrinology; M12 - Gastroenterology; M14 - Thalassemia; S19.1 - Liver Transplantation Surgery; S19.2 - Heart Transplantation Surgery; S19.3 - Renal Transplantation Surgery; S19.4 - Lung Transplantation Surgery; S19.5 - Allogenic Stem Cell Transplantation; S19.6 - Autologous Stem Cell Transplantation; S19.7 - Heart And Lung Transplantation Surgery; M15 - Medical Oncology; M16 - Radiation Oncology
173,CHC Venkatapuram,Government-TVVP,Mulugu,Venkatapuram,-,Payala.Vasantha Kumari (9440634758); G.Krishnaiah (9951053571),S1 - General Surgery; S2 - Ent Surgery; S3 - Ophthalmology Surgery; S4 - Gynaecology And Obstetrics Surgery; S5 - Orthopedic Surgery And Procedures; S6 - Surgical Gastro Enterology; S7 - Cardiac And Cardiothoracic Surgery; S8 - Pediatric Surgeries; S9 - Genito Urinary Surgeries; S10 - Neurosurgery; S11 - Surgical Oncology; S14 - Plastic Surgery; S15 - Poly Trauma; S16 - Cochlear Implant Surgery; S17 - Prostheses; S20 - Unspecified Surgical Package; M1 - Critical Care; M2 - General Medicine; M3 - Infectious Diseases; M4 - Pediatrics; M5 - Cardiology; M6 - Nephrology; M7 - Neurology; M8 - Pulmonology; M9 - Dermatology; M10 - Rheumatology; M11 - Endocrinology; M12 - Gastroenterology; M14 - Thalassemia; S19.1 - Liver Transplantation Surgery; S19.2 - Heart Transplantation Surgery; S19.3 - Renal Transplantation Surgery; S19.4 - Lung Transplantation Surgery; S19.5 - Allogenic Stem Cell Transplantation; S19.6 - Autologous Stem Cell Transplantation; S19.7 - Heart And Lung Transplantation Surgery; M15 - Medical Oncology; M16 - Radiation Oncology
174,CHC Yacharam,Government-TVVP,Rangareddy,Yacharam,-,B.Suvarna (7013542496),S1 - General Surgery; S2 - Ent Surgery; S3 - Ophthalmology Surgery; S4 - Gynaecology And Obstetrics Surgery; S5 - Orthopedic Surgery And Procedures; S6 - Surgical Gastro Enterology; S7 - Cardiac And Cardiothoracic Surgery; S8 - Pediatric Surgeries; S9 - Genito Urinary Surgeries; S10 - Neurosurgery; S11 - Surgical Oncology; S14 - Plastic Surgery; S15 - Poly Trauma; S16 - Cochlear Implant Surgery; S17 - Prostheses; S20 - Unspecified Surgical Package; M1 - Critical Care; M2 - General Medicine; M3 - Infectious Diseases; M4 - Pediatrics; M5 - Cardiology; M6 - Nephrology; M7 - Neurology; M8 - Pulmonology; M9 - Dermatology; M10 - Rheumatology; M11 - Endocrinology; M12 - Gastroenterology; M14 - Thalassemia; S19.1 - Liver Transplantation Surgery; S19.2 - Heart Transplantation Surgery; S19.3 - Renal Transplantation Surgery; S19.4 - Lung Transplantation Surgery; S19.5 - Allogenic Stem Cell Transplantation; S19.6 - Autologous Stem Cell Transplantation; S19.7 - Heart And Lung Transplantation Surgery; M15 - Medical Oncology; M16 - Radiation Oncology
175,CHC Yellareddypet,Government-TVVP,Rajanna Sircilla,Yellareddipet,-,Dacharam Srinivas (9963613990); Dr.L.Dharma (9963613990),S1 - General Surgery; S2 - Ent Surgery; S3 - Ophthalmology Surgery; S4 - Gynaecology And Obstetrics Surgery; S5 - Orthopedic Surgery And Procedures; S6 - Surgical Gastro Enterology; S7 - Cardiac And Cardiothoracic Surgery; S8 - Pediatric Surgeries; S9 - Genito Urinary Surgeries; S10 - Neurosurgery; S11 - Surgical Oncology; S14 - Plastic Surgery; S15 - Poly Trauma; S16 - Cochlear Implant Surgery; S17 - Prostheses; S20 - Unspecified Surgical Package; M1 - Critical Care; M2 - General Medicine; M3 - Infectious Diseases; M4 - Pediatrics; M5 - Cardiology; M6 - Nephrology; M7 - Neurology; M8 - Pulmonology; M9 - Dermatology; M10 - Rheumatology; M11 - Endocrinology; M12 - Gastroenterology; M14 - Thalassemia; M15 - Medical Oncology; M16 - Radiation Oncology
176,CHC Zaffergadh,Government-TVVP,Jangoan,Zaffergadh,-,N.Srinu (9704808030),S1 - General Surgery; S2 - Ent Surgery; S3 - Ophthalmology Surgery; S4 - Gynaecology And Obstetrics Surgery; S5 - Orthopedic Surgery And Procedures; S6 - Surgical Gastro Enterology; S7 - Cardiac And Cardiothoracic Surgery; S8 - Pediatric Surgeries; S9 - Genito Urinary Surgeries; S10 - Neurosurgery; S11 - Surgical Oncology; S14 - Plastic Surgery; S15 - Poly Trauma; S16 - Cochlear Implant Surgery; S17 - Prostheses; S20 - Unspecified Surgical Package; M1 - Critical Care; M2 - General Medicine; M3 - Infectious Diseases; M4 - Pediatrics; M5 - Cardiology; M6 - Nephrology; M7 - Neurology; M8 - Pulmonology; M9 - Dermatology; M10 - Rheumatology; M11 - Endocrinology; M12 - Gastroenterology; M14 - Thalassemia; M15 - Medical Oncology; M16 - Radiation Oncology
177,CMR Hospital,Corporate,Medchal-Malkajgiri,Medchal,Medchal,Sudheer T(9704886795),S1 - General Surgery; S2 - Ent Surgery; S3 - Ophthalmology Surgery; S4 - Gynaecology And Obstetrics Surgery; S5 - Orthopedic Surgery And Procedures; S9 - Genito Urinary Surgeries; S10 - Neurosurgery; S15 - Poly Trauma; M1 - Critical Care; M2 - General Medicine; M4 - Pediatrics; M6 - Nephrology; M7 - Neurology; M8 - Pulmonology; M9 - Dermatology; M14 - Thalassemia
178,CVVM Hospital,Corporate,Karimnagar,Karimnagar,Karimnagar,Md.Vaziuddin (9912700393),S1 - General Surgery; S4 - Gynaecology And Obstetrics Surgery; S5 - Orthopedic Surgery And Procedures; S7 - Cardiac And Cardiothoracic Surgery; S9 - Genito Urinary Surgeries; S10 - Neurosurgery; S15 - Poly Trauma; M1 - Critical Care; M2 - General Medicine; M5 - Cardiology; M7 - Neurology
179,"Cantonment General Hospital, Bollaram",Government,Medchal-Malkajgiri,Alwal,Ghmc,Ampati Swamy(9949664162),S1 - General Surgery; S2 - Ent Surgery; S3 - Ophthalmology Surgery; S4 - Gynaecology And Obstetrics Surgery; S5 - Orthopedic Surgery And Procedures; S6 - Surgical Gastro Enterology; S7 - Cardiac And Cardiothoracic Surgery; S8 - Pediatric Surgeries; S9 - Genito Urinary Surgeries; S10 - Neurosurgery; S11 - Surgical Oncology; S12 - Medical Oncology; S13 - Radiation Oncology; S14 - Plastic Surgery; S15 - Poly Trauma; S16 - Cochlear Implant Surgery; S17 - Prostheses; S20 - Unspecified Surgical Package; M1 - Critical Care; M2 - General Medicine; M3 - Infectious Diseases; M4 - Pediatrics; M5 - Cardiology; M6 - Nephrology; M7 - Neurology; M8 - Pulmonology; M9 - Dermatology; M10 - Rheumatology; M11 - Endocrinology; M12 - Gastroenterology; M14 - Thalassemia; M15 - Medical Oncology; M16 - Radiation Oncology
180,"Care Hospitals, Malakpet",Corporate,Hyderabad,Saidabad,Ghmc,Anitha Anitha (9010222114),S5 - Orthopedic Surgery And Procedures; S7 - Cardiac And Cardiothoracic Surgery; S9 - Genito Urinary Surgeries; S10 - Neurosurgery; S15 - Poly Trauma; M5 - Cardiology; M6 - Nephrology; M7 - Neurology
181,Chakravarthy Hospitals Surgical and Laparoscopic Centre,Corporate,Hanumakonda,Hanamkonda,Warangal,Adavelli . Madhukar (9908384740),S5 - Orthopedic Surgery And Procedures; S15 - Poly Trauma
182,Chalmeda Anand Rao Institute of Medical Sciences,Corporate,Karimnagar,Karimnagar,Karimnagar,Mateti Srinivas (9703873807); Shravan Kallepalli (9849783452); Sogala Satheesh Kumar (9603985311); Bandari Venkanna (9908281835); Gurram Ravi (9676534534),S1 - General Surgery; S2 - Ent Surgery; S3 - Ophthalmology Surgery; S4 - Gynaecology And Obstetrics Surgery; S5 - Orthopedic Surgery And Procedures; S6 - Surgical Gastro Enterology; S7 - Cardiac And Cardiothoracic Surgery; S7 - Cardiac And Cardiothoracic Surgery; S8 - Pediatric Surgeries; S9 - Genito Urinary Surgeries; S10 - Neurosurgery; S11 - Surgical Oncology; S14 - Plastic Surgery; S15 - Poly Trauma; S17 - Prostheses; M1 - Critical Care; M2 - General Medicine; M3 - Infectious Diseases; M4 - Pediatrics; M5 - Cardiology; M6 - Nephrology; M7 - Neurology; M8 - Pulmonology; M9 - Dermatology; M10 - Rheumatology; M11 - Endocrinology; M12 - Gastroenterology; M15 - Medical Oncology; M16 - Radiation Oncology
183,Chrome Hospital,Corporate,Adilabad,Adilabad Urban,Adilabad,Jalda.Sujatha (7989362733); Ratnajade.Vimala (9515445846),S5 - Orthopedic Surgery And Procedures; S15 - Poly Trauma
184,Citizens Speciality Hospitals (A Unit of Artmed Healthcare Pvt Ltd),Corporate,Rangareddy,Serilingampalli,Ghmc,C.Srinivas (8106932678); S.Narsimulu (9959557056),S7 - Cardiac And Cardiothoracic Surgery; S11 - Surgical Oncology; M5 - Cardiology; M15 - Medical Oncology; M16 - Radiation Oncology
185,City Multi Speciality Hospital,Corporate,Nizamabad,Nizamabad (South),Nizamabad,Macharla Shankar (9705102396),S1 - General Surgery; S4 - Gynaecology And Obstetrics Surgery; S5 - Orthopedic Surgery And Procedures; S9 - Genito Urinary Surgeries; S15 - Poly Trauma; M2 - General Medicine; M4 - Pediatrics; M6 - Nephrology
186,Clear Vision Eye Hospital,Corporate,Hyderabad,Himayathnagar,Ghmc,S. Komala(9652301350),S3 - Ophthalmology Surgery
187,Continental Hospitals Limited,Corporate,Rangareddy,Serilingampalli,Ghmc,C.Srinivas (8106932678),S5 - Orthopedic Surgery And Procedures; S7 - Cardiac And Cardiothoracic Surgery; S9 - Genito Urinary Surgeries; S10 - Neurosurgery; S11 - Surgical Oncology; S15 - Poly Trauma; M5 - Cardiology; M6 - Nephrology; S19 - Organ Transplantation Surgery; M15 - Medical Oncology; M16 - Radiation Oncology
188,Cure Well Hospital,Corporate,Hanumakonda,Hanamkonda,Warangal,V.Suvarna (9052785246),S1 - General Surgery; S4 - Gynaecology And Obstetrics Surgery; S5 - Orthopedic Surgery And Procedures; S15 - Poly Trauma; M2 - General Medicine
189,Devendar Reddy Super Speciality Hospital,Corporate,Nirmal,Nirmal,Nirmal,Sunkari Mukesh Kumar(9440528737); Karem.Anasuya (8333816516); Mudapally Ashwini (7702960412); Keshitty Rajitha (9493532931),S4 - Gynaecology And Obstetrics Surgery; S5 - Orthopedic Surgery And Procedures; S9 - Genito Urinary Surgeries; S10 - Neurosurgery; S11 - Surgical Oncology; S15 - Poly Trauma; M2 - General Medicine; M4 - Pediatrics; M5 - Cardiology; M7 - Neurology; M15 - Medical Oncology
190,Devi Priya Hospital,Corporate,Adilabad,Adilabad Urban,Adilabad,Kursingh Beem Rao (9110767711),S5 - Orthopedic Surgery And Procedures; S15 - Poly Trauma
191,District Hospital King Koti,Government-TVVP,Hyderabad,Nampally,Ghmc,Dr B Shiva Prasad (8885923458); Mis Rama(8074418478); Chinthala Vijaya (9618703074); Nuzahat Feroz (7337260552),S1 - General Surgery; S2 - Ent Surgery; S3 - Ophthalmology Surgery; S4 - Gynaecology And Obstetrics Surgery; S5 - Orthopedic Surgery And Procedures; S6 - Surgical Gastro Enterology; S7 - Cardiac And Cardiothoracic Surgery; S8 - Pediatric Surgeries; S9 - Genito Urinary Surgeries; S10 - Neurosurgery; S11 - Surgical Oncology; S14 - Plastic Surgery; S15 - Poly Trauma; S16 - Cochlear Implant Surgery; S17 - Prostheses; S20 - Unspecified Surgical Package; M1 - Critical Care; M2 - General Medicine; M3 - Infectious Diseases; M4 - Pediatrics; M5 - Cardiology; M6 - Nephrology; M7 - Neurology; M8 - Pulmonology; M9 - Dermatology; M10 - Rheumatology; M11 - Endocrinology; M12 - Gastroenterology; M14 - Thalassemia; S19.1 - Liver Transplantation Surgery; S19.2 - Heart Transplantation Surgery; S19.3 - Renal Transplantation Surgery; S19.4 - Lung Transplantation Surgery; S19.5 - Allogenic Stem Cell Transplantation; S19.6 - Autologous Stem Cell Transplantation; S19.7 - Heart And Lung Transplantation Surgery; M15 - Medical Oncology; M16 - Radiation Oncology
192,"District Hospital Kingkoti Extention1 (Gurunanak Medical Center, Secundrabad)",Government,Hyderabad,Secunderabad,Ghmc,Vara Lakshmi(9000246208),M6 - Nephrology
193,"District Hospital Kingkoti Extention3 (Chella Hospitals,Dharan Karam Road, Ameerpet)",Government,Hyderabad,Ameerpet,Ghmc,E. Swamy(9542236096); Makam Anuradha (9866728357),M6 - Nephrology
194,"District Hospital Kingkoti Extention4 (Indo US Hospital, Jamia Masjid, New Malakpet)",Government,Hyderabad,Amberpet,Ghmc,Abhijith Adhikam (8074135170); D.Prema Latha(9581133273); M.Swathi (6281558610),M6 - Nephrology
195,District Hospital Narayanpet,Government-DME,Narayanpet,Narayanpet,Narayanpet,A.Nagappa (9490143671); Bogam Rajesh Kumar (9000224642); Venkataiah (9849858219); K Suresh (9346479033); K Arun Kumar (9908234270),S1 - General Surgery; S2 - Ent Surgery; S3 - Ophthalmology Surgery; S4 - Gynaecology And Obstetrics Surgery; S5 - Orthopedic Surgery And Procedures; S6 - Surgical Gastro Enterology; S7 - Cardiac And Cardiothoracic Surgery; S8 - Pediatric Surgeries; S9 - Genito Urinary Surgeries; S10 - Neurosurgery; S11 - Surgical Oncology; S14 - Plastic Surgery; S15 - Poly Trauma; S16 - Cochlear Implant Surgery; S17 - Prostheses; S20 - Unspecified Surgical Package; M1 - Critical Care; M2 - General Medicine; M3 - Infectious Diseases; M4 - Pediatrics; M5 - Cardiology; M6 - Nephrology; M7 - Neurology; M8 - Pulmonology; M9 - Dermatology; M10 - Rheumatology; M11 - Endocrinology; M12 - Gastroenterology; M14 - Thalassemia; S19.1 - Liver Transplantation Surgery; S19.2 - Heart Transplantation Surgery; S19.3 - Renal Transplantation Surgery; S19.4 - Lung Transplantation Surgery; S19.5 - Allogenic Stem Cell Transplantation; S19.6 - Autologous Stem Cell Transplantation; S19.7 - Heart And Lung Transplantation Surgery; M15 - Medical Oncology; M16 - Radiation Oncology
196,"Dr Agarwal Health Care Limited, Ameerpet",Corporate,Hyderabad,Khairthabad,Ghmc,Bagavatham Suneetha (9963614101); Chandi.Hymawathi (9573159509),S3 - Ophthalmology Surgery
197,Dr Bhoom Reddys Hospital,Corporate,Karimnagar,Karimnagar,Karimnagar,R.Latha (8106156953),S1 - General Surgery; S4 - Gynaecology And Obstetrics Surgery; S5 - Orthopedic Surgery And Procedures; S6 - Surgical Gastro Enterology; S8 - Pediatric Surgeries; S9 - Genito Urinary Surgeries; S14 - Plastic Surgery; S15 - Poly Trauma; M1 - Critical Care; M2 - General Medicine; M3 - Infectious Diseases; M4 - Pediatrics; M8 - Pulmonology; M9 - Dermatology; M12 - Gastroenterology
198,Dr Gouda Ramesh ENT,Corporate,Hanumakonda,Hanamkonda,Warangal,Thota Ramakrishna (9030119626),S2 - Ent Surgery
199,Dr Hari Kishan Eye Care,Corporate,Hyderabad,Himayathnagar,Ghmc,Janaki S(7989390688),S3 - Ophthalmology Surgery
200,Dr Patnam Mahender Reddy Institute of Medical Sciences,Corporate,Rangareddy,Chevella,-,Ch.Prabhakar (9989867349); P.Narender Reddy (9989688085),S1 - General Surgery; S2 - Ent Surgery; S3 - Ophthalmology Surgery; S4 - Gynaecology And Obstetrics Surgery; S5 - Orthopedic Surgery And Procedures; S9 - Genito Urinary Surgeries; S15 - Poly Trauma; M1 - Critical Care; M2 - General Medicine; M3 - Infectious Diseases; M4 - Pediatrics; M6 - Nephrology; M8 - Pulmonology; M9 - Dermatology
201,"Dr Sharat Maxivision Eye Hospitals Llp, Warangal Urban",Corporate,Hanumakonda,Hanamkonda,Warangal,Swathi J(9177568484); Ch.Ramesh (9959259286),S3 - Ophthalmology Surgery
202,Drishti Eye Care Centre,Corporate,Hyderabad,Khairthabad,Ghmc,Kamatham Indirapriyadarshini (9346130829),S3 - Ophthalmology Surgery
203,Durga Bhai Deshmukh Hospital and Research Centre A Unit of Andhra Mahila Shaba,Corporate,Hyderabad,Amberpet,Ghmc,Mamidi Uma Maheswari (9490762979); Gulagattu Emima (7842232765),S1 - General Surgery; S2 - Ent Surgery; S4 - Gynaecology And Obstetrics Surgery; S5 - Orthopedic Surgery And Procedures; S6 - Surgical Gastro Enterology; S7 - Cardiac And Cardiothoracic Surgery; S8 - Pediatric Surgeries; S9 - Genito Urinary Surgeries; S10 - Neurosurgery; S11 - Surgical Oncology; S14 - Plastic Surgery; S15 - Poly Trauma; M1 - Critical Care; M2 - General Medicine; M4 - Pediatrics; M5 - Cardiology; M6 - Nephrology; M8 - Pulmonology; M9 - Dermatology; M12 - Gastroenterology; M15 - Medical Oncology; M16 - Radiation Oncology
204,"Durga Shankar Hospital, Miryalaguda",Corporate,Nalgonda,Miryalaguda,Miryalaguda,Budige Nagalaxmi (9542306214),S5 - Orthopedic Surgery And Procedures; S9 - Genito Urinary Surgeries; S15 - Poly Trauma; M2 - General Medicine
205,Ekashilaa Hospitals,Corporate,Hanumakonda,Hanamkonda,Warangal,Naresh N(9177998625); Praveen Kumar T(9849366510); Mohd.Abdul Mustafa (9390167606); P.Rambabu (9866702326),S1 - General Surgery; S5 - Orthopedic Surgery And Procedures; S7 - Cardiac And Cardiothoracic Surgery; S9 - Genito Urinary Surgeries; S15 - Poly Trauma; M2 - General Medicine; M5 - Cardiology; M6 - Nephrology; M7 - Neurology
206,"Fatima Hospital, Kalapatthar",Corporate,Hyderabad,Bandlaguda,Ghmc,Mohd Abdul Momin (9700174401),S1 - General Surgery; S5 - Orthopedic Surgery And Procedures; S15 - Poly Trauma; M2 - General Medicine
207,Gandhi Hospitals,Government-DME,Hyderabad,Secunderabad,Ghmc,Shankara Murthi (8520959502); Phani Kumari Phani Kumari(8977132508); S.Kalpana (8341508709); K.Vijay Kumar (9392493117); Sarola Prameela (7386932098); G.Sujatha (9059083224); Lakshmipriya Kandukuri (),S1 - General Surgery; S2 - Ent Surgery; S3 - Ophthalmology Surgery; S4 - Gynaecology And Obstetrics Surgery; S5 - Orthopedic Surgery And Procedures; S6 - Surgical Gastro Enterology; S7 - Cardiac And Cardiothoracic Surgery; S8 - Pediatric Surgeries; S9 - Genito Urinary Surgeries; S10 - Neurosurgery; S11 - Surgical Oncology; S14 - Plastic Surgery; S15 - Poly Trauma; S16 - Cochlear Implant Surgery; S17 - Prostheses; S20 - Unspecified Surgical Package; M1 - Critical Care; M2 - General Medicine; M3 - Infectious Diseases; M4 - Pediatrics; M5 - Cardiology; M6 - Nephrology; M7 - Neurology; M8 - Pulmonology; M9 - Dermatology; M10 - Rheumatology; M11 - Endocrinology; M12 - Gastroenterology; S19 - Organ Transplantation Surgery; M14 - Thalassemia; S19.1 - Liver Transplantation Surgery; S19.2 - Heart Transplantation Surgery; S19.3 - Renal Transplantation Surgery; S19.4 - Lung Transplantation Surgery; S19.5 - Allogenic Stem Cell Transplantation; S19.6 - Autologous Stem Cell Transplantation; S19.7 - Heart And Lung Transplantation Surgery; M15 - Medical Oncology; M16 - Radiation Oncology
208,Ganga Hospitals,Corporate,Nizamabad,Armur,Armoor,Kolipyaka Sagar (9948762340),S5 - Orthopedic Surgery And Procedures; S15 - Poly Trauma
209,Geeta Orthopedic & Maternity Nursing Home,Corporate,Jagtial,Jagitial Rural,Jagtial,P.Rajeshwari (9502862386),S5 - Orthopedic Surgery And Procedures; S5 - Orthopedic Surgery And Procedures; S15 - Poly Trauma; S15 - Poly Trauma
210,Global Eye and Laser Hospital Pvt Ltd,Corporate,Medchal-Malkajgiri,Kukatpally,Ghmc,Jangili. Soujanya(9492457031),S3 - Ophthalmology Surgery
211,Government CD & TB hospital,Government-DME,Hanumakonda,Hanamkonda,Warangal,Dr M G Krishna Murthy(9618855302); Chennuri Gouthami(7993098112),S1 - General Surgery; S2 - Ent Surgery; S3 - Ophthalmology Surgery; S4 - Gynaecology And Obstetrics Surgery; S5 - Orthopedic Surgery And Procedures; S6 - Surgical Gastro Enterology; S7 - Cardiac And Cardiothoracic Surgery; S8 - Pediatric Surgeries; S9 - Genito Urinary Surgeries; S10 - Neurosurgery; S11 - Surgical Oncology; S14 - Plastic Surgery; S15 - Poly Trauma; S16 - Cochlear Implant Surgery; S17 - Prostheses; S20 - Unspecified Surgical Package; M1 - Critical Care; M2 - General Medicine; M3 - Infectious Diseases; M4 - Pediatrics; M5 - Cardiology; M6 - Nephrology; M7 - Neurology; M8 - Pulmonology; M9 - Dermatology; M10 - Rheumatology; M11 - Endocrinology; M12 - Gastroenterology; M14 - Thalassemia; S19.1 - Liver Transplantation Surgery; S19.2 - Heart Transplantation Surgery; S19.3 - Renal Transplantation Surgery; S19.4 - Lung Transplantation Surgery; S19.5 - Allogenic Stem Cell Transplantation; S19.6 - Autologous Stem Cell Transplantation; S19.7 - Heart And Lung Transplantation Surgery; M15 - Medical Oncology; M16 - Radiation Oncology
212,Government ENT Hospital Koti,Government-DME,Hyderabad,Nampally,Ghmc,Thoomula Raju (9848774413); K. Radhadevi(9705353493); N. Saritha(9959480875); Dr.D.Ranganath Swamy (9059662240),S1 - General Surgery; S2 - Ent Surgery; S3 - Ophthalmology Surgery; S4 - Gynaecology And Obstetrics Surgery; S5 - Orthopedic Surgery And Procedures; S6 - Surgical Gastro Enterology; S7 - Cardiac And Cardiothoracic Surgery; S8 - Pediatric Surgeries; S9 - Genito Urinary Surgeries; S10 - Neurosurgery; S11 - Surgical Oncology; S14 - Plastic Surgery; S15 - Poly Trauma; S16 - Cochlear Implant Surgery; S17 - Prostheses; S20 - Unspecified Surgical Package; M1 - Critical Care; M2 - General Medicine; M3 - Infectious Diseases; M4 - Pediatrics; M5 - Cardiology; M6 - Nephrology; M7 - Neurology; M8 - Pulmonology; M9 - Dermatology; M10 - Rheumatology; M11 - Endocrinology; M12 - Gastroenterology; M14 - Thalassemia; S19.1 - Liver Transplantation Surgery; S19.2 - Heart Transplantation Surgery; S19.3 - Renal Transplantation Surgery; S19.4 - Lung Transplantation Surgery; S19.5 - Allogenic Stem Cell Transplantation; S19.6 - Autologous Stem Cell Transplantation; S19.7 - Heart And Lung Transplantation Surgery; M15 - Medical Oncology; M16 - Radiation Oncology
213,Government General Hospital Asifabad,Government-DME,Komaram Bheem Asifabad,Asifabad,-,Kamde Sangarakshitha (8790225700); Md.Sulaman (9515654441); Jadav.Aravind (9704970665),S1 - General Surgery; S2 - Ent Surgery; S3 - Ophthalmology Surgery; S4 - Gynaecology And Obstetrics Surgery; S5 - Orthopedic Surgery And Procedures; S6 - Surgical Gastro Enterology; S7 - Cardiac And Cardiothoracic Surgery; S8 - Pediatric Surgeries; S9 - Genito Urinary Surgeries; S10 - Neurosurgery; S11 - Surgical Oncology; S14 - Plastic Surgery; S15 - Poly Trauma; S16 - Cochlear Implant Surgery; S17 - Prostheses; S20 - Unspecified Surgical Package; M1 - Critical Care; M2 - General Medicine; M3 - Infectious Diseases; M4 - Pediatrics; M5 - Cardiology; M6 - Nephrology; M7 - Neurology; M8 - Pulmonology; M9 - Dermatology; M10 - Rheumatology; M11 - Endocrinology; M12 - Gastroenterology; M14 - Thalassemia; S19.1 - Liver Transplantation Surgery; S19.2 - Heart Transplantation Surgery; S19.3 - Renal Transplantation Surgery; S19.4 - Lung Transplantation Surgery; S19.5 - Allogenic Stem Cell Transplantation; S19.6 - Autologous Stem Cell Transplantation; S19.7 - Heart And Lung Transplantation Surgery; M15 - Medical Oncology; M16 - Radiation Oncology
214,Government General Hospital Bongir,Government-DME,Yadadri Bhuvanagiri,Bhongir,Bhongir,Mogulagani Katamaiah (9705064094); Gadamalla Indira (9959343939); Silveru Sabitha (9640617605); Gundu Srinivas (9948006529); Kothapeta Jyothi (9885334181); Chada Prasandala (9666921652); Bomma Suma A/O Kastoori Roopa (9951113400); Devulapalli Jyothi (9490489264),S1 - General Surgery; S2 - Ent Surgery; S3 - Ophthalmology Surgery; S4 - Gynaecology And Obstetrics Surgery; S5 - Orthopedic Surgery And Procedures; S6 - Surgical Gastro Enterology; S7 - Cardiac And Cardiothoracic Surgery; S8 - Pediatric Surgeries; S9 - Genito Urinary Surgeries; S10 - Neurosurgery; S11 - Surgical Oncology; S14 - Plastic Surgery; S15 - Poly Trauma; S16 - Cochlear Implant Surgery; S17 - Prostheses; S20 - Unspecified Surgical Package; M1 - Critical Care; M2 - General Medicine; M3 - Infectious Diseases; M4 - Pediatrics; M5 - Cardiology; M6 - Nephrology; M7 - Neurology; M8 - Pulmonology; M9 - Dermatology; M10 - Rheumatology; M11 - Endocrinology; M12 - Gastroenterology; M14 - Thalassemia; S19.1 - Liver Transplantation Surgery; S19.2 - Heart Transplantation Surgery; S19.3 - Renal Transplantation Surgery; S19.4 - Lung Transplantation Surgery; S19.5 - Allogenic Stem Cell Transplantation; S19.6 - Autologous Stem Cell Transplantation; S19.7 - Heart And Lung Transplantation Surgery; M15 - Medical Oncology; M16 - Radiation Oncology
215,Government General Hospital Jagtial,Government-DME,Jagtial,Jagitial Rural,Jagtial,Garise Kamalakar (9440158003); Mamidi Anjaneyulu (7674094879),S1 - General Surgery; S2 - Ent Surgery; S3 - Ophthalmology Surgery; S4 - Gynaecology And Obstetrics Surgery; S5 - Orthopedic Surgery And Procedures; S6 - Surgical Gastro Enterology; S7 - Cardiac And Cardiothoracic Surgery; S8 - Pediatric Surgeries; S9 - Genito Urinary Surgeries; S10 - Neurosurgery; S11 - Surgical Oncology; S14 - Plastic Surgery; S15 - Poly Trauma; S16 - Cochlear Implant Surgery; S17 - Prostheses; S20 - Unspecified Surgical Package; M1 - Critical Care; M2 - General Medicine; M3 - Infectious Diseases; M4 - Pediatrics; M5 - Cardiology; M6 - Nephrology; M7 - Neurology; M8 - Pulmonology; M9 - Dermatology; M10 - Rheumatology; M11 - Endocrinology; M12 - Gastroenterology; M14 - Thalassemia; S19.1 - Liver Transplantation Surgery; S19.2 - Heart Transplantation Surgery; S19.3 - Renal Transplantation Surgery; S19.4 - Lung Transplantation Surgery; S19.5 - Allogenic Stem Cell Transplantation; S19.6 - Autologous Stem Cell Transplantation; S19.7 - Heart And Lung Transplantation Surgery; M15 - Medical Oncology; M16 - Radiation Oncology
216,Government General Hospital Jangaon,Government-DME,Jangoan,Jangaon,Jangaon,Chinthakindi Ramprasad (9908024126); Naga Raju Mekala(9951431325),S1 - General Surgery; S2 - Ent Surgery; S3 - Ophthalmology Surgery; S4 - Gynaecology And Obstetrics Surgery; S5 - Orthopedic Surgery And Procedures; S6 - Surgical Gastro Enterology; S7 - Cardiac And Cardiothoracic Surgery; S8 - Pediatric Surgeries; S9 - Genito Urinary Surgeries; S10 - Neurosurgery; S11 - Surgical Oncology; S14 - Plastic Surgery; S15 - Poly Trauma; S16 - Cochlear Implant Surgery; S17 - Prostheses; S20 - Unspecified Surgical Package; M1 - Critical Care; M2 - General Medicine; M3 - Infectious Diseases; M4 - Pediatrics; M5 - Cardiology; M6 - Nephrology; M7 - Neurology; M8 - Pulmonology; M9 - Dermatology; M10 - Rheumatology; M11 - Endocrinology; M12 - Gastroenterology; M14 - Thalassemia; S19.1 - Liver Transplantation Surgery; S19.2 - Heart Transplantation Surgery; S19.3 - Renal Transplantation Surgery; S19.4 - Lung Transplantation Surgery; S19.5 - Allogenic Stem Cell Transplantation; S19.6 - Autologous Stem Cell Transplantation; S19.7 - Heart And Lung Transplantation Surgery; M15 - Medical Oncology; M16 - Radiation Oncology
217,Government General Hospital Jayashankar Bhupalapally,Government-DME,Jayashankar Bhoopalpally,Bhupalpalle,-,Garapalli.Sathyam (9110777277); Devarakonda Kiran (8499803283); P. Balraju (9000356775); K. Ashok (8074608643); Dr. G. Thirupathi (8499803283); Dr. Srikanth (9441107620),S1 - General Surgery; S2 - Ent Surgery; S3 - Ophthalmology Surgery; S4 - Gynaecology And Obstetrics Surgery; S5 - Orthopedic Surgery And Procedures; S6 - Surgical Gastro Enterology; S7 - Cardiac And Cardiothoracic Surgery; S8 - Pediatric Surgeries; S9 - Genito Urinary Surgeries; S10 - Neurosurgery; S11 - Surgical Oncology; S14 - Plastic Surgery; S15 - Poly Trauma; S16 - Cochlear Implant Surgery; S17 - Prostheses; S20 - Unspecified Surgical Package; M1 - Critical Care; M2 - General Medicine; M3 - Infectious Diseases; M4 - Pediatrics; M5 - Cardiology; M6 - Nephrology; M7 - Neurology; M8 - Pulmonology; M9 - Dermatology; M10 - Rheumatology; M11 - Endocrinology; M12 - Gastroenterology; M14 - Thalassemia; M15 - Medical Oncology; M16 - Radiation Oncology
218,Government General Hospital Kamareddy,Government-DME,Kamareddy,Kamareddy,Kamareddy,Gundreddy Laxma Reddy (8464030665); Baindla Janani Rani (9618590750); Mohd Allahuddin (9492844130); Gaddameedi Mahendar (9010105093); J Krishna Vardhan (9652201660); Mangali Raju (9949177723),S1 - General Surgery; S2 - Ent Surgery; S3 - Ophthalmology Surgery; S4 - Gynaecology And Obstetrics Surgery; S5 - Orthopedic Surgery And Procedures; S6 - Surgical Gastro Enterology; S7 - Cardiac And Cardiothoracic Surgery; S8 - Pediatric Surgeries; S9 - Genito Urinary Surgeries; S10 - Neurosurgery; S11 - Surgical Oncology; S14 - Plastic Surgery; S15 - Poly Trauma; S16 - Cochlear Implant Surgery; S17 - Prostheses; S20 - Unspecified Surgical Package; M1 - Critical Care; M2 - General Medicine; M3 - Infectious Diseases; M4 - Pediatrics; M5 - Cardiology; M6 - Nephrology; M7 - Neurology; M8 - Pulmonology; M9 - Dermatology; M10 - Rheumatology; M11 - Endocrinology; M12 - Gastroenterology; M14 - Thalassemia; S19.1 - Liver Transplantation Surgery; S19.2 - Heart Transplantation Surgery; S19.3 - Renal Transplantation Surgery; S19.4 - Lung Transplantation Surgery; S19.5 - Allogenic Stem Cell Transplantation; S19.6 - Autologous Stem Cell Transplantation; S19.7 - Heart And Lung Transplantation Surgery; M15 - Medical Oncology; M16 - Radiation Oncology
219,Government General Hospital Karimnagar,Government-DME,Karimnagar,Karimnagar,Karimnagar,Thirumalesh (9959262318); Gangarapu.Archana (9908800353); Md.Vaziuddin (9912700393),S1 - General Surgery; S2 - Ent Surgery; S3 - Ophthalmology Surgery; S4 - Gynaecology And Obstetrics Surgery; S5 - Orthopedic Surgery And Procedures; S6 - Surgical Gastro Enterology; S7 - Cardiac And Cardiothoracic Surgery; S8 - Pediatric Surgeries; S9 - Genito Urinary Surgeries; S10 - Neurosurgery; S11 - Surgical Oncology; S14 - Plastic Surgery; S15 - Poly Trauma; S16 - Cochlear Implant Surgery; S17 - Prostheses; S20 - Unspecified Surgical Package; M1 - Critical Care; M2 - General Medicine; M3 - Infectious Diseases; M4 - Pediatrics; M5 - Cardiology; M6 - Nephrology; M7 - Neurology; M8 - Pulmonology; M9 - Dermatology; M10 - Rheumatology; M11 - Endocrinology; M12 - Gastroenterology; M14 - Thalassemia; S19.1 - Liver Transplantation Surgery; S19.2 - Heart Transplantation Surgery; S19.3 - Renal Transplantation Surgery; S19.4 - Lung Transplantation Surgery; S19.5 - Allogenic Stem Cell Transplantation; S19.6 - Autologous Stem Cell Transplantation; S19.7 - Heart And Lung Transplantation Surgery; M15 - Medical Oncology; M16 - Radiation Oncology
220,Government General Hospital Khammam,Government-DME,Khammam,Khammam (Urban),Khammam,Chenna.Durga Prasad (7013422460); Teluri.Punnarao (9640449988); N.Kishore (9010667572); G.Aseervadham (9704265010); Marikanti Satheesh(9505757272); Gangikuntla Venkatesh(7989638712),S1 - General Surgery; S2 - Ent Surgery; S3 - Ophthalmology Surgery; S4 - Gynaecology And Obstetrics Surgery; S5 - Orthopedic Surgery And Procedures; S6 - Surgical Gastro Enterology; S7 - Cardiac And Cardiothoracic Surgery; S8 - Pediatric Surgeries; S9 - Genito Urinary Surgeries; S10 - Neurosurgery; S11 - Surgical Oncology; S14 - Plastic Surgery; S15 - Poly Trauma; S16 - Cochlear Implant Surgery; S17 - Prostheses; S20 - Unspecified Surgical Package; M1 - Critical Care; M2 - General Medicine; M3 - Infectious Diseases; M4 - Pediatrics; M5 - Cardiology; M6 - Nephrology; M7 - Neurology; M8 - Pulmonology; M9 - Dermatology; M10 - Rheumatology; M11 - Endocrinology; M12 - Gastroenterology; M14 - Thalassemia; S19.1 - Liver Transplantation Surgery; S19.2 - Heart Transplantation Surgery; S19.3 - Renal Transplantation Surgery; S19.4 - Lung Transplantation Surgery; S19.5 - Allogenic Stem Cell Transplantation; S19.6 - Autologous Stem Cell Transplantation; S19.7 - Heart And Lung Transplantation Surgery; M15 - Medical Oncology; M16 - Radiation Oncology
221,Government General Hospital Mahabubabad,Government-DME,Mahabubabad,Mahbubabad,Mahabubabad,Bheemisetti.Srinivas (9542325630); B.Srinivas (9440713058); P.Radhika (9908026276),S1 - General Surgery; S2 - Ent Surgery; S3 - Ophthalmology Surgery; S4 - Gynaecology And Obstetrics Surgery; S5 - Orthopedic Surgery And Procedures; S6 - Surgical Gastro Enterology; S7 - Cardiac And Cardiothoracic Surgery; S8 - Pediatric Surgeries; S9 - Genito Urinary Surgeries; S10 - Neurosurgery; S11 - Surgical Oncology; S14 - Plastic Surgery; S15 - Poly Trauma; S16 - Cochlear Implant Surgery; S17 - Prostheses; S20 - Unspecified Surgical Package; M1 - Critical Care; M2 - General Medicine; M3 - Infectious Diseases; M4 - Pediatrics; M5 - Cardiology; M6 - Nephrology; M7 - Neurology; M8 - Pulmonology; M9 - Dermatology; M10 - Rheumatology; M11 - Endocrinology; M12 - Gastroenterology; M14 - Thalassemia; S19.1 - Liver Transplantation Surgery; S19.2 - Heart Transplantation Surgery; S19.3 - Renal Transplantation Surgery; S19.4 - Lung Transplantation Surgery; S19.5 - Allogenic Stem Cell Transplantation; S19.6 - Autologous Stem Cell Transplantation; S19.7 - Heart And Lung Transplantation Surgery; M15 - Medical Oncology; M16 - Radiation Oncology
222,Government General Hospital Mahabubnagar,Government-DME,Mahabubnagar,Mahabubnagar Urban,Mahabubnagar,Mangali.Anjaneyulu (9985051841); M Krishna Veni (8639051978); Chakali Kiran Kumar (9059667996); B.Krishnaiah (9573880286); S.Satish Kumar Goud (9676833902); Karre. Sayanna (9949864028),S1 - General Surgery; S2 - Ent Surgery; S3 - Ophthalmology Surgery; S4 - Gynaecology And Obstetrics Surgery; S5 - Orthopedic Surgery And Procedures; S6 - Surgical Gastro Enterology; S7 - Cardiac And Cardiothoracic Surgery; S8 - Pediatric Surgeries; S9 - Genito Urinary Surgeries; S10 - Neurosurgery; S11 - Surgical Oncology; S14 - Plastic Surgery; S15 - Poly Trauma; S16 - Cochlear Implant Surgery; S17 - Prostheses; S20 - Unspecified Surgical Package; M1 - Critical Care; M2 - General Medicine; M3 - Infectious Diseases; M4 - Pediatrics; M5 - Cardiology; M6 - Nephrology; M7 - Neurology; M8 - Pulmonology; M9 - Dermatology; M10 - Rheumatology; M11 - Endocrinology; M12 - Gastroenterology; M14 - Thalassemia; S19.1 - Liver Transplantation Surgery; S19.2 - Heart Transplantation Surgery; S19.3 - Renal Transplantation Surgery; S19.4 - Lung Transplantation Surgery; S19.5 - Allogenic Stem Cell Transplantation; S19.6 - Autologous Stem Cell Transplantation; S19.7 - Heart And Lung Transplantation Surgery; M15 - Medical Oncology; M16 - Radiation Oncology
223,Government General Hospital Mancherial,Government-DME,Mancherial,Mancherial,Mancherial,Sadanandam (9703000091); Potharajula Ravindar(9848581597); Suramalla.Vasantha (6305172187); Maturi.Sharada (9652966470); Muram.Anitha (9347301897); Escuri Venkatesh (9951921934); Ligampally.Puspalatha (9652527550),S1 - General Surgery; S2 - Ent Surgery; S3 - Ophthalmology Surgery; S4 - Gynaecology And Obstetrics Surgery; S5 - Orthopedic Surgery And Procedures; S6 - Surgical Gastro Enterology; S7 - Cardiac And Cardiothoracic Surgery; S8 - Pediatric Surgeries; S9 - Genito Urinary Surgeries; S10 - Neurosurgery; S11 - Surgical Oncology; S14 - Plastic Surgery; S15 - Poly Trauma; S15 - Poly Trauma; S16 - Cochlear Implant Surgery; S17 - Prostheses; S20 - Unspecified Surgical Package; M1 - Critical Care; M2 - General Medicine; M3 - Infectious Diseases; M4 - Pediatrics; M5 - Cardiology; M6 - Nephrology; M7 - Neurology; M8 - Pulmonology; M9 - Dermatology; M10 - Rheumatology; M11 - Endocrinology; M12 - Gastroenterology; M14 - Thalassemia; S19.1 - Liver Transplantation Surgery; S19.2 - Heart Transplantation Surgery; S19.3 - Renal Transplantation Surgery; S19.4 - Lung Transplantation Surgery; S19.5 - Allogenic Stem Cell Transplantation; S19.6 - Autologous Stem Cell Transplantation; S19.7 - Heart And Lung Transplantation Surgery; M15 - Medical Oncology; M16 - Radiation Oncology
224,Government General Hospital Medak,Government-DME,Medak,Medak,Medak,A.Suresh (9963563511),S1 - General Surgery; S2 - Ent Surgery; S3 - Ophthalmology Surgery; S4 - Gynaecology And Obstetrics Surgery; S5 - Orthopedic Surgery And Procedures; S6 - Surgical Gastro Enterology; S7 - Cardiac And Cardiothoracic Surgery; S8 - Pediatric Surgeries; S9 - Genito Urinary Surgeries; S10 - Neurosurgery; S11 - Surgical Oncology; S14 - Plastic Surgery; S15 - Poly Trauma; S16 - Cochlear Implant Surgery; S17 - Prostheses; S20 - Unspecified Surgical Package; M1 - Critical Care; M2 - General Medicine; M3 - Infectious Diseases; M4 - Pediatrics; M5 - Cardiology; M6 - Nephrology; M7 - Neurology; M8 - Pulmonology; M9 - Dermatology; M10 - Rheumatology; M11 - Endocrinology; M12 - Gastroenterology; M14 - Thalassemia; S19.1 - Liver Transplantation Surgery; S19.2 - Heart Transplantation Surgery; S19.3 - Renal Transplantation Surgery; S19.4 - Lung Transplantation Surgery; S19.5 - Allogenic Stem Cell Transplantation; S19.6 - Autologous Stem Cell Transplantation; S19.7 - Heart And Lung Transplantation Surgery; M15 - Medical Oncology; M16 - Radiation Oncology
225,Government General Hospital Nagarkurnool,Government-DME,Nagarkurnool,Nagarkurnool,Nagarkurnool,V.Kurmaiah (8523864514); S.Sujatha (8374459229); Parijatha C(9553639874); K.Mahesh (7989480954); Bangaraiah (8317604956); Parushuramulu (9502615145); Narender Goud (9703725193),S1 - General Surgery; S2 - Ent Surgery; S3 - Ophthalmology Surgery; S4 - Gynaecology And Obstetrics Surgery; S5 - Orthopedic Surgery And Procedures; S6 - Surgical Gastro Enterology; S7 - Cardiac And Cardiothoracic Surgery; S8 - Pediatric Surgeries; S9 - Genito Urinary Surgeries; S10 - Neurosurgery; S11 - Surgical Oncology; S14 - Plastic Surgery; S15 - Poly Trauma; S16 - Cochlear Implant Surgery; S17 - Prostheses; S20 - Unspecified Surgical Package; M1 - Critical Care; M2 - General Medicine; M3 - Infectious Diseases; M4 - Pediatrics; M5 - Cardiology; M6 - Nephrology; M7 - Neurology; M8 - Pulmonology; M9 - Dermatology; M10 - Rheumatology; M11 - Endocrinology; M12 - Gastroenterology; M14 - Thalassemia; S19.1 - Liver Transplantation Surgery; S19.2 - Heart Transplantation Surgery; S19.3 - Renal Transplantation Surgery; S19.4 - Lung Transplantation Surgery; S19.5 - Allogenic Stem Cell Transplantation; S19.6 - Autologous Stem Cell Transplantation; S19.7 - Heart And Lung Transplantation Surgery; M15 - Medical Oncology; M16 - Radiation Oncology
226,Government General Hospital Nalgonda,Government-DME,Nalgonda,Nalgonda,Nalgonda,V.Vara Laxmi (9885398585); Rojamma Meesala(9491367827); Vaddepally Santhosha (8096097701); Kumbham Bharath Reddy (9618689594); Cheukupally Ramalingaiah (9010167345); Sankoju Vinay Mitreya(9948688037),S1 - General Surgery; S2 - Ent Surgery; S3 - Ophthalmology Surgery; S4 - Gynaecology And Obstetrics Surgery; S5 - Orthopedic Surgery And Procedures; S6 - Surgical Gastro Enterology; S7 - Cardiac And Cardiothoracic Surgery; S8 - Pediatric Surgeries; S9 - Genito Urinary Surgeries; S10 - Neurosurgery; S11 - Surgical Oncology; S14 - Plastic Surgery; S15 - Poly Trauma; S16 - Cochlear Implant Surgery; S17 - Prostheses; S20 - Unspecified Surgical Package; M1 - Critical Care; M2 - General Medicine; M3 - Infectious Diseases; M4 - Pediatrics; M5 - Cardiology; M6 - Nephrology; M7 - Neurology; M8 - Pulmonology; M9 - Dermatology; M10 - Rheumatology; M11 - Endocrinology; M12 - Gastroenterology; M14 - Thalassemia; S19.1 - Liver Transplantation Surgery; S19.2 - Heart Transplantation Surgery; S19.3 - Renal Transplantation Surgery; S19.4 - Lung Transplantation Surgery; S19.5 - Allogenic Stem Cell Transplantation; S19.6 - Autologous Stem Cell Transplantation; S19.7 - Heart And Lung Transplantation Surgery; M15 - Medical Oncology; M16 - Radiation Oncology
227,Government General Hospital Narsampet,Government-DME,Warangal,Narsampet,Narsampet,Donthoju Kumaraswamy (9553567450); B.Rajasekhar (9963645945); Are Mahender (9963225958); Katla Niranjan Reddy (9491203938),S1 - General Surgery; S2 - Ent Surgery; S3 - Ophthalmology Surgery; S4 - Gynaecology And Obstetrics Surgery; S5 - Orthopedic Surgery And Procedures; S6 - Surgical Gastro Enterology; S7 - Cardiac And Cardiothoracic Surgery; S8 - Pediatric Surgeries; S9 - Genito Urinary Surgeries; S10 - Neurosurgery; S11 - Surgical Oncology; S14 - Plastic Surgery; S15 - Poly Trauma; S16 - Cochlear Implant Surgery; S17 - Prostheses; S20 - Unspecified Surgical Package; M1 - Critical Care; M2 - General Medicine; M3 - Infectious Diseases; M4 - Pediatrics; M5 - Cardiology; M6 - Nephrology; M7 - Neurology; M8 - Pulmonology; M9 - Dermatology; M10 - Rheumatology; M11 - Endocrinology; M12 - Gastroenterology; M14 - Thalassemia; S19.1 - Liver Transplantation Surgery; S19.2 - Heart Transplantation Surgery; S19.3 - Renal Transplantation Surgery; S19.4 - Lung Transplantation Surgery; S19.5 - Allogenic Stem Cell Transplantation; S19.6 - Autologous Stem Cell Transplantation; S19.7 - Heart And Lung Transplantation Surgery; M15 - Medical Oncology; M16 - Radiation Oncology
228,Government General Hospital Nirmal,Government-DME,Nirmal,Nirmal,Nirmal,Areker Rajinish Kumar (9182433669); Bantu Bhagyalaxmi (8074269454); Praveen .Poddutoori (9492683486); Jadhava Dharam Singh (9440832422); Konka Sujatha (9441428234); Pamula.Dattu (9949193522),S1 - General Surgery; S2 - Ent Surgery; S3 - Ophthalmology Surgery; S4 - Gynaecology And Obstetrics Surgery; S5 - Orthopedic Surgery And Procedures; S6 - Surgical Gastro Enterology; S7 - Cardiac And Cardiothoracic Surgery; S8 - Pediatric Surgeries; S9 - Genito Urinary Surgeries; S10 - Neurosurgery; S11 - Surgical Oncology; S14 - Plastic Surgery; S15 - Poly Trauma; S16 - Cochlear Implant Surgery; S17 - Prostheses; S20 - Unspecified Surgical Package; M1 - Critical Care; M2 - General Medicine; M3 - Infectious Diseases; M4 - Pediatrics; M5 - Cardiology; M6 - Nephrology; M7 - Neurology; M8 - Pulmonology; M9 - Dermatology; M10 - Rheumatology; M11 - Endocrinology; M12 - Gastroenterology; M14 - Thalassemia; S19.1 - Liver Transplantation Surgery; S19.2 - Heart Transplantation Surgery; S19.3 - Renal Transplantation Surgery; S19.4 - Lung Transplantation Surgery; S19.5 - Allogenic Stem Cell Transplantation; S19.6 - Autologous Stem Cell Transplantation; S19.7 - Heart And Lung Transplantation Surgery; M15 - Medical Oncology; M16 - Radiation Oncology
229,Government General Hospital Nizamabad,Government-DME,Nizamabad,Nizamabad (North),Nizamabad,Vijay Kumar J(9010700104); N Ganga Sagar (9550556558); Banavath Narendhar (9491315308); Neeradi Swaroopa (7075455478); Thum Ramulu (8247362038),S1 - General Surgery; S2 - Ent Surgery; S3 - Ophthalmology Surgery; S4 - Gynaecology And Obstetrics Surgery; S5 - Orthopedic Surgery And Procedures; S6 - Surgical Gastro Enterology; S7 - Cardiac And Cardiothoracic Surgery; S8 - Pediatric Surgeries; S9 - Genito Urinary Surgeries; S10 - Neurosurgery; S11 - Surgical Oncology; S14 - Plastic Surgery; S15 - Poly Trauma; S16 - Cochlear Implant Surgery; S17 - Prostheses; S20 - Unspecified Surgical Package; M1 - Critical Care; M2 - General Medicine; M3 - Infectious Diseases; M4 - Pediatrics; M5 - Cardiology; M6 - Nephrology; M7 - Neurology; M8 - Pulmonology; M9 - Dermatology; M10 - Rheumatology; M11 - Endocrinology; M12 - Gastroenterology; M14 - Thalassemia; S19.1 - Liver Transplantation Surgery; S19.2 - Heart Transplantation Surgery; S19.3 - Renal Transplantation Surgery; S19.4 - Lung Transplantation Surgery; S19.5 - Allogenic Stem Cell Transplantation; S19.6 - Autologous Stem Cell Transplantation; S19.7 - Heart And Lung Transplantation Surgery; M15 - Medical Oncology; M16 - Radiation Oncology
230,Government General Hospital Ramagundam,Government-DME,Peddapalli,Ramagundam,Ramagundam,Ch Rama Devi(7013308118); Dasari Kalpana (8074690077),S1 - General Surgery; S2 - Ent Surgery; S3 - Ophthalmology Surgery; S4 - Gynaecology And Obstetrics Surgery; S5 - Orthopedic Surgery And Procedures; S6 - Surgical Gastro Enterology; S7 - Cardiac And Cardiothoracic Surgery; S8 - Pediatric Surgeries; S9 - Genito Urinary Surgeries; S10 - Neurosurgery; S11 - Surgical Oncology; S14 - Plastic Surgery; S15 - Poly Trauma; S16 - Cochlear Implant Surgery; S17 - Prostheses; S20 - Unspecified Surgical Package; M1 - Critical Care; M2 - General Medicine; M3 - Infectious Diseases; M4 - Pediatrics; M5 - Cardiology; M6 - Nephrology; M7 - Neurology; M8 - Pulmonology; M9 - Dermatology; M10 - Rheumatology; M11 - Endocrinology; M12 - Gastroenterology; M14 - Thalassemia; S19.1 - Liver Transplantation Surgery; S19.2 - Heart Transplantation Surgery; S19.3 - Renal Transplantation Surgery; S19.4 - Lung Transplantation Surgery; S19.5 - Allogenic Stem Cell Transplantation; S19.6 - Autologous Stem Cell Transplantation; S19.7 - Heart And Lung Transplantation Surgery; M15 - Medical Oncology; M16 - Radiation Oncology
231,Government General Hospital Sangareddy,Government-DME,Sangareddy,Sangareddy,Sangareddy,Kammari.Himagiri Prasad (9618543978); Padma Gayathri (9493462477),S1 - General Surgery; S2 - Ent Surgery; S3 - Ophthalmology Surgery; S4 - Gynaecology And Obstetrics Surgery; S5 - Orthopedic Surgery And Procedures; S6 - Surgical Gastro Enterology; S7 - Cardiac And Cardiothoracic Surgery; S8 - Pediatric Surgeries; S9 - Genito Urinary Surgeries; S10 - Neurosurgery; S11 - Surgical Oncology; S14 - Plastic Surgery; S15 - Poly Trauma; S16 - Cochlear Implant Surgery; S17 - Prostheses; S20 - Unspecified Surgical Package; M1 - Critical Care; M2 - General Medicine; M3 - Infectious Diseases; M4 - Pediatrics; M5 - Cardiology; M6 - Nephrology; M7 - Neurology; M8 - Pulmonology; M9 - Dermatology; M10 - Rheumatology; M11 - Endocrinology; M12 - Gastroenterology; M14 - Thalassemia; S19.1 - Liver Transplantation Surgery; S19.2 - Heart Transplantation Surgery; S19.3 - Renal Transplantation Surgery; S19.4 - Lung Transplantation Surgery; S19.5 - Allogenic Stem Cell Transplantation; S19.6 - Autologous Stem Cell Transplantation; S19.7 - Heart And Lung Transplantation Surgery; M15 - Medical Oncology; M16 - Radiation Oncology
232,Government General Hospital Siricilla,Government-DME,Rajanna Sircilla,Sircilla,Sircilla,Masam Sudhar (9701672070); Neerati Padmarao (9959006427); Kadasu Anilkumar (9533077882); Pentam Kavitha (9010974561),S1 - General Surgery; S2 - Ent Surgery; S3 - Ophthalmology Surgery; S4 - Gynaecology And Obstetrics Surgery; S5 - Orthopedic Surgery And Procedures; S5 - Orthopedic Surgery And Procedures; S6 - Surgical Gastro Enterology; S7 - Cardiac And Cardiothoracic Surgery; S8 - Pediatric Surgeries; S9 - Genito Urinary Surgeries; S10 - Neurosurgery; S11 - Surgical Oncology; S14 - Plastic Surgery; S15 - Poly Trauma; S15 - Poly Trauma; S16 - Cochlear Implant Surgery; S17 - Prostheses; S20 - Unspecified Surgical Package; M1 - Critical Care; M2 - General Medicine; M3 - Infectious Diseases; M4 - Pediatrics; M5 - Cardiology; M6 - Nephrology; M7 - Neurology; M7 - Neurology; M8 - Pulmonology; M9 - Dermatology; M10 - Rheumatology; M11 - Endocrinology; M12 - Gastroenterology; S19.1 - Liver Transplantation Surgery; S19.2 - Heart Transplantation Surgery; S19.3 - Renal Transplantation Surgery; S19.4 - Lung Transplantation Surgery; S19.5 - Allogenic Stem Cell Transplantation; S19.6 - Autologous Stem Cell Transplantation; S19.7 - Heart And Lung Transplantation Surgery; M15 - Medical Oncology; M16 - Radiation Oncology
233,Government General Hospital Suryapet,Government-DME,Suryapet,Suryapet,Suryapet,G.Venu Gopal Reddy (9666437607); Dharavath Chatru (9700504026); Sankoju Madhusudhana Chary (9398684458); Bhanothu Bahdru (7993299386); Tungapati Ramana (9010496649); Danthala Revathi(9581732909); Danthala Revathi(9581732909),S1 - General Surgery; S2 - Ent Surgery; S3 - Ophthalmology Surgery; S4 - Gynaecology And Obstetrics Surgery; S5 - Orthopedic Surgery And Procedures; S6 - Surgical Gastro Enterology; S7 - Cardiac And Cardiothoracic Surgery; S8 - Pediatric Surgeries; S9 - Genito Urinary Surgeries; S10 - Neurosurgery; S11 - Surgical Oncology; S14 - Plastic Surgery; S15 - Poly Trauma; S16 - Cochlear Implant Surgery; S17 - Prostheses; S20 - Unspecified Surgical Package; M1 - Critical Care; M2 - General Medicine; M3 - Infectious Diseases; M4 - Pediatrics; M5 - Cardiology; M6 - Nephrology; M7 - Neurology; M8 - Pulmonology; M8 - Pulmonology; M9 - Dermatology; M10 - Rheumatology; M11 - Endocrinology; M12 - Gastroenterology; M14 - Thalassemia; S19.1 - Liver Transplantation Surgery; S19.2 - Heart Transplantation Surgery; S19.3 - Renal Transplantation Surgery; S19.4 - Lung Transplantation Surgery; S19.5 - Allogenic Stem Cell Transplantation; S19.6 - Autologous Stem Cell Transplantation; S19.7 - Heart And Lung Transplantation Surgery; M15 - Medical Oncology; M16 - Radiation Oncology
234,Government General Hospital Vikarabad,Government-DME,Vikarabad,Vikarabad,Vikarabad,T.Shankarappa (8985321022); Aenugula Anil Kumar(9581411547),S1 - General Surgery; S2 - Ent Surgery; S3 - Ophthalmology Surgery; S4 - Gynaecology And Obstetrics Surgery; S5 - Orthopedic Surgery And Procedures; S6 - Surgical Gastro Enterology; S7 - Cardiac And Cardiothoracic Surgery; S8 - Pediatric Surgeries; S9 - Genito Urinary Surgeries; S10 - Neurosurgery; S11 - Surgical Oncology; S14 - Plastic Surgery; S15 - Poly Trauma; S16 - Cochlear Implant Surgery; S17 - Prostheses; S20 - Unspecified Surgical Package; M1 - Critical Care; M2 - General Medicine; M3 - Infectious Diseases; M4 - Pediatrics; M5 - Cardiology; M6 - Nephrology; M7 - Neurology; M8 - Pulmonology; M9 - Dermatology; M10 - Rheumatology; M11 - Endocrinology; M12 - Gastroenterology; M14 - Thalassemia; S19.1 - Liver Transplantation Surgery; S19.2 - Heart Transplantation Surgery; S19.3 - Renal Transplantation Surgery; S19.4 - Lung Transplantation Surgery; S19.5 - Allogenic Stem Cell Transplantation; S19.6 - Autologous Stem Cell Transplantation; S19.7 - Heart And Lung Transplantation Surgery; M15 - Medical Oncology; M16 - Radiation Oncology
235,Government General Hospital Wanaparthy,Government-DME,Wanaparthy,Wanaparthy,Wanaparthy,S.Radha (9492317546); B.Madhau (7675848651); P. Srihari (8885176175); Govind (9603837700); Anjanamma (7286938573); B Rama Devi (7386499683); Dharmendar A (9848631878),S1 - General Surgery; S2 - Ent Surgery; S3 - Ophthalmology Surgery; S4 - Gynaecology And Obstetrics Surgery; S5 - Orthopedic Surgery And Procedures; S6 - Surgical Gastro Enterology; S7 - Cardiac And Cardiothoracic Surgery; S8 - Pediatric Surgeries; S9 - Genito Urinary Surgeries; S10 - Neurosurgery; S11 - Surgical Oncology; S14 - Plastic Surgery; S15 - Poly Trauma; S16 - Cochlear Implant Surgery; S17 - Prostheses; S20 - Unspecified Surgical Package; M1 - Critical Care; M2 - General Medicine; M3 - Infectious Diseases; M4 - Pediatrics; M5 - Cardiology; M6 - Nephrology; M7 - Neurology; M8 - Pulmonology; M9 - Dermatology; M10 - Rheumatology; M11 - Endocrinology; M12 - Gastroenterology; M14 - Thalassemia; S19.1 - Liver Transplantation Surgery; S19.2 - Heart Transplantation Surgery; S19.3 - Renal Transplantation Surgery; S19.4 - Lung Transplantation Surgery; S19.5 - Allogenic Stem Cell Transplantation; S19.6 - Autologous Stem Cell Transplantation; S19.7 - Heart And Lung Transplantation Surgery; M15 - Medical Oncology; M16 - Radiation Oncology
236,Government General and Chest Hospital,Government-DME,Hyderabad,Ameerpet,Ghmc,Dr. Rajendra (9100493835); A.Sunitha (9951612360),S1 - General Surgery; S2 - Ent Surgery; S3 - Ophthalmology Surgery; S4 - Gynaecology And Obstetrics Surgery; S5 - Orthopedic Surgery And Procedures; S6 - Surgical Gastro Enterology; S7 - Cardiac And Cardiothoracic Surgery; S8 - Pediatric Surgeries; S9 - Genito Urinary Surgeries; S10 - Neurosurgery; S11 - Surgical Oncology; S14 - Plastic Surgery; S15 - Poly Trauma; S16 - Cochlear Implant Surgery; S17 - Prostheses; S20 - Unspecified Surgical Package; M1 - Critical Care; M2 - General Medicine; M3 - Infectious Diseases; M4 - Pediatrics; M5 - Cardiology; M6 - Nephrology; M7 - Neurology; M8 - Pulmonology; M9 - Dermatology; M10 - Rheumatology; M11 - Endocrinology; M12 - Gastroenterology; M14 - Thalassemia; S19.1 - Liver Transplantation Surgery; S19.2 - Heart Transplantation Surgery; S19.3 - Renal Transplantation Surgery; S19.4 - Lung Transplantation Surgery; S19.5 - Allogenic Stem Cell Transplantation; S19.6 - Autologous Stem Cell Transplantation; S19.7 - Heart And Lung Transplantation Surgery; M15 - Medical Oncology; M16 - Radiation Oncology
237,Government Hospital for Mental Care,Government-DME,Hyderabad,Ameerpet,Ghmc,J.Sugandhini (9948506146),S1 - General Surgery; S2 - Ent Surgery; S3 - Ophthalmology Surgery; S4 - Gynaecology And Obstetrics Surgery; S5 - Orthopedic Surgery And Procedures; S6 - Surgical Gastro Enterology; S7 - Cardiac And Cardiothoracic Surgery; S8 - Pediatric Surgeries; S9 - Genito Urinary Surgeries; S10 - Neurosurgery; S11 - Surgical Oncology; S14 - Plastic Surgery; S15 - Poly Trauma; S16 - Cochlear Implant Surgery; S17 - Prostheses; S20 - Unspecified Surgical Package; M1 - Critical Care; M2 - General Medicine; M3 - Infectious Diseases; M4 - Pediatrics; M5 - Cardiology; M6 - Nephrology; M7 - Neurology; M8 - Pulmonology; M9 - Dermatology; M10 - Rheumatology; M11 - Endocrinology; M12 - Gastroenterology; M14 - Thalassemia; S19.1 - Liver Transplantation Surgery; S19.2 - Heart Transplantation Surgery; S19.3 - Renal Transplantation Surgery; S19.4 - Lung Transplantation Surgery; S19.5 - Allogenic Stem Cell Transplantation; S19.6 - Autologous Stem Cell Transplantation; S19.7 - Heart And Lung Transplantation Surgery; M15 - Medical Oncology; M16 - Radiation Oncology
238,Government Maternity Hospital Hanmakonda,Government-DME,Hanumakonda,Hanamkonda,Warangal,Dr.K.Arunakumari (9908278705); Page Samakka (8340091783),S1 - General Surgery; S2 - Ent Surgery; S3 - Ophthalmology Surgery; S4 - Gynaecology And Obstetrics Surgery; S5 - Orthopedic Surgery And Procedures; S6 - Surgical Gastro Enterology; S7 - Cardiac And Cardiothoracic Surgery; S8 - Pediatric Surgeries; S9 - Genito Urinary Surgeries; S10 - Neurosurgery; S11 - Surgical Oncology; S14 - Plastic Surgery; S15 - Poly Trauma; S16 - Cochlear Implant Surgery; S17 - Prostheses; S20 - Unspecified Surgical Package; M1 - Critical Care; M2 - General Medicine; M3 - Infectious Diseases; M4 - Pediatrics; M5 - Cardiology; M6 - Nephrology; M7 - Neurology; M8 - Pulmonology; M9 - Dermatology; M10 - Rheumatology; M11 - Endocrinology; M12 - Gastroenterology; M14 - Thalassemia; S19.1 - Liver Transplantation Surgery; S19.2 - Heart Transplantation Surgery; S19.3 - Renal Transplantation Surgery; S19.4 - Lung Transplantation Surgery; S19.5 - Allogenic Stem Cell Transplantation; S19.6 - Autologous Stem Cell Transplantation; S19.7 - Heart And Lung Transplantation Surgery; M15 - Medical Oncology; M16 - Radiation Oncology
239,Government Maternity Hospital Koti,Government-DME,Hyderabad,Nampally,Ghmc,Uday Sri (8143615714); Dr Ratnam Andallu(9959893797),S1 - General Surgery; S2 - Ent Surgery; S3 - Ophthalmology Surgery; S4 - Gynaecology And Obstetrics Surgery; S5 - Orthopedic Surgery And Procedures; S6 - Surgical Gastro Enterology; S7 - Cardiac And Cardiothoracic Surgery; S8 - Pediatric Surgeries; S9 - Genito Urinary Surgeries; S10 - Neurosurgery; S11 - Surgical Oncology; S14 - Plastic Surgery; S15 - Poly Trauma; S16 - Cochlear Implant Surgery; S17 - Prostheses; S20 - Unspecified Surgical Package; M1 - Critical Care; M2 - General Medicine; M3 - Infectious Diseases; M4 - Pediatrics; M5 - Cardiology; M6 - Nephrology; M7 - Neurology; M8 - Pulmonology; M9 - Dermatology; M10 - Rheumatology; M11 - Endocrinology; M12 - Gastroenterology; M14 - Thalassemia; S19.1 - Liver Transplantation Surgery; S19.2 - Heart Transplantation Surgery; S19.3 - Renal Transplantation Surgery; S19.4 - Lung Transplantation Surgery; S19.5 - Allogenic Stem Cell Transplantation; S19.6 - Autologous Stem Cell Transplantation; S19.7 - Heart And Lung Transplantation Surgery; M15 - Medical Oncology; M16 - Radiation Oncology
240,Government Maternity Hospital Nayapul,Government-DME,Hyderabad,Bahadurpura,Ghmc,Mohammadi (9618691088); V. Usha Rani(9959186560); G Swapna(8309786529); Akarapu Lavanya (8688141107),S1 - General Surgery; S2 - Ent Surgery; S3 - Ophthalmology Surgery; S4 - Gynaecology And Obstetrics Surgery; S5 - Orthopedic Surgery And Procedures; S6 - Surgical Gastro Enterology; S7 - Cardiac And Cardiothoracic Surgery; S8 - Pediatric Surgeries; S9 - Genito Urinary Surgeries; S10 - Neurosurgery; S11 - Surgical Oncology; S14 - Plastic Surgery; S15 - Poly Trauma; S16 - Cochlear Implant Surgery; S17 - Prostheses; S20 - Unspecified Surgical Package; M1 - Critical Care; M2 - General Medicine; M3 - Infectious Diseases; M4 - Pediatrics; M5 - Cardiology; M6 - Nephrology; M7 - Neurology; M8 - Pulmonology; M9 - Dermatology; M10 - Rheumatology; M11 - Endocrinology; M12 - Gastroenterology; M14 - Thalassemia; S19.1 - Liver Transplantation Surgery; S19.2 - Heart Transplantation Surgery; S19.3 - Renal Transplantation Surgery; S19.4 - Lung Transplantation Surgery; S19.5 - Allogenic Stem Cell Transplantation; S19.6 - Autologous Stem Cell Transplantation; S19.7 - Heart And Lung Transplantation Surgery; M15 - Medical Oncology; M16 - Radiation Oncology
241,Government Medical College and General Hospital Siddipet,Government-DME,Siddipet,Siddipet Urban,Siddipet,Dyajiti Rajitha (9491480795); Ammigalla Rajaiah (9704335546); R.Narsimlu (9553716808); G.Anjaneyulu (9550262064); Venkat Reddy (9963256434),S1 - General Surgery; S2 - Ent Surgery; S3 - Ophthalmology Surgery; S4 - Gynaecology And Obstetrics Surgery; S5 - Orthopedic Surgery And Procedures; S6 - Surgical Gastro Enterology; S7 - Cardiac And Cardiothoracic Surgery; S8 - Pediatric Surgeries; S9 - Genito Urinary Surgeries; S10 - Neurosurgery; S11 - Surgical Oncology; S14 - Plastic Surgery; S15 - Poly Trauma; S16 - Cochlear Implant Surgery; S17 - Prostheses; S20 - Unspecified Surgical Package; M1 - Critical Care; M2 - General Medicine; M3 - Infectious Diseases; M4 - Pediatrics; M5 - Cardiology; M6 - Nephrology; M7 - Neurology; M8 - Pulmonology; M9 - Dermatology; M10 - Rheumatology; M11 - Endocrinology; M12 - Gastroenterology; M14 - Thalassemia; S19.1 - Liver Transplantation Surgery; S19.2 - Heart Transplantation Surgery; S19.3 - Renal Transplantation Surgery; S19.4 - Lung Transplantation Surgery; S19.5 - Allogenic Stem Cell Transplantation; S19.6 - Autologous Stem Cell Transplantation; S19.7 - Heart And Lung Transplantation Surgery; M15 - Medical Oncology; M16 - Radiation Oncology
242,Guardian Multi Specialty Hospital,Corporate,Hanumakonda,Hanamkonda,Warangal,Swathi S(9573864936); Vengala . Ravi (9949363936); Aligireddy.Damodar Reddy (9491824324),S1 - General Surgery; S5 - Orthopedic Surgery And Procedures; S9 - Genito Urinary Surgeries; S15 - Poly Trauma; M2 - General Medicine; M6 - Nephrology
243,"Guru Nanak Care Hospital, Musheerabad",Corporate,Hyderabad,Secunderabad,Ghmc,N.Ganesh (9652601966),S5 - Orthopedic Surgery And Procedures; S7 - Cardiac And Cardiothoracic Surgery; S9 - Genito Urinary Surgeries; S15 - Poly Trauma; M5 - Cardiology; M6 - Nephrology
244,Health Plus Hospitals,Corporate,Hanumakonda,Hanamkonda,Warangal,R Lavanya(9581613272),S5 - Orthopedic Surgery And Procedures; S15 - Poly Trauma; M12 - Gastroenterology
245,Healthify Hospital,Corporate,Suryapet,Suryapet,Suryapet,Srirangam Ramesh (9989159833); Bhookya Krishna Kumar (7032422613),S1 - General Surgery; S5 - Orthopedic Surgery And Procedures; S9 - Genito Urinary Surgeries; S15 - Poly Trauma; M2 - General Medicine; M6 - Nephrology
246,Heera Nursing Home,Corporate,Nizamabad,Nizamabad (North),Nizamabad,Ratna Paran Jyothi (8519904995),S5 - Orthopedic Surgery And Procedures; S15 - Poly Trauma
247,"Himagiri Hospitals,Gachibowli",Corporate,Rangareddy,Serilingampalli,Ghmc,Ananthaiah. M(9963950628); S.Narsimulu (9959557056),S1 - General Surgery; S5 - Orthopedic Surgery And Procedures; S9 - Genito Urinary Surgeries; S15 - Poly Trauma; M2 - General Medicine; M6 - Nephrology
248,Hyderabad Eye Institute (Operating Trust of L V Prasad Eye Institute),Corporate,Hyderabad,Khairthabad,Ghmc,A Sheshi Reka(7386178453),S3 - Ophthalmology Surgery
249,I Ramulu Memorial Ortho Trauma Center,Corporate,Nalgonda,Nalgonda,Nalgonda,Rojamma Meesala(9491367827),S5 - Orthopedic Surgery And Procedures; S15 - Poly Trauma
250,Icon Super Speciality Hospital,Corporate,Nalgonda,Nalgonda,Nalgonda,Devireddy Vinodha (9951203261); Manupati Ravi (9951570696),S1 - General Surgery; S5 - Orthopedic Surgery And Procedures; S6 - Surgical Gastro Enterology; S7 - Cardiac And Cardiothoracic Surgery; S9 - Genito Urinary Surgeries; S15 - Poly Trauma; M2 - General Medicine; M5 - Cardiology; M12 - Gastroenterology
251,Indian Red Cross Society Thalassemia Sickle Cell Transusion Centre,Corporate,Hanumakonda,Hanamkonda,Warangal,Palakuthy Anilkumar (9490396131); Kummari Srinivas (9949455617),M14 - Thalassemia
252,Indur Cancer Hospital,Corporate,Nizamabad,Nizamabad (North),Nizamabad,Dumpala Sunil Kumar (9704581150),S11 - Surgical Oncology; S11 - Surgical Oncology; M15 - Medical Oncology; M15 - Medical Oncology; M16 - Radiation Oncology; M16 - Radiation Oncology
253,Jagruth Super Speciality Hospital,Corporate,Khammam,Khammam (Urban),Khammam,Chirra.Ramesh (9603619492); Sivarathri.Srinivas Rao (9618895825),S5 - Orthopedic Surgery And Procedures; S7 - Cardiac And Cardiothoracic Surgery; S9 - Genito Urinary Surgeries; S15 - Poly Trauma; M6 - Nephrology; M12 - Gastroenterology
254,Jagruthi Orthopaedic Hospital,Corporate,Bhadradri Kothagudem,Bhadrachalam,-,V.Kiran (8522067469),S5 - Orthopedic Surgery And Procedures; S10 - Neurosurgery; S15 - Poly Trauma; M2 - General Medicine
255,Jaya Hospital,Corporate,Hanumakonda,Hanamkonda,Warangal,P.Rambabu (9866702326),S1 - General Surgery; S2 - Ent Surgery; S3 - Ophthalmology Surgery; S4 - Gynaecology And Obstetrics Surgery; S5 - Orthopedic Surgery And Procedures; S7 - Cardiac And Cardiothoracic Surgery; S8 - Pediatric Surgeries; S9 - Genito Urinary Surgeries; S10 - Neurosurgery; S15 - Poly Trauma; M1 - Critical Care; M2 - General Medicine; M3 - Infectious Diseases; M4 - Pediatrics; M5 - Cardiology; M6 - Nephrology; M7 - Neurology; M12 - Gastroenterology
256,Jayabharathi Multispeciality Hospital,Corporate,Bhadradri Kothagudem,Bhadrachalam,-,Ramisetti.Venkata Lakshmi (9640249568),S1 - General Surgery; S4 - Gynaecology And Obstetrics Surgery; S5 - Orthopedic Surgery And Procedures; S15 - Poly Trauma
257,Jayalaxmi Orthopedic Hospital,Corporate,Medak,Medak,Medak,A.Suresh (9963563511); K.Sanjeeva Reddy (9553419392),S5 - Orthopedic Surgery And Procedures; S9 - Genito Urinary Surgeries; S15 - Poly Trauma; M2 - General Medicine
258,Jeevan Hospital,Corporate,Rangareddy,Saroornagar,Ghmc,M. Swapna(6281828885),S5 - Orthopedic Surgery And Procedures; S9 - Genito Urinary Surgeries; S15 - Poly Trauma; M4 - Pediatrics; M6 - Nephrology
259,"Jyothi Hospital, Miryalaguda",Corporate,Nalgonda,Miryalaguda,Miryalaguda,Sk.Basheeruddin (9989897353); Perelli Shekar (9052325491),S1 - General Surgery; S4 - Gynaecology And Obstetrics Surgery; S5 - Orthopedic Surgery And Procedures; S6 - Surgical Gastro Enterology; S7 - Cardiac And Cardiothoracic Surgery; S9 - Genito Urinary Surgeries; S15 - Poly Trauma; M1 - Critical Care; M2 - General Medicine; M4 - Pediatrics; M5 - Cardiology; M6 - Nephrology; M8 - Pulmonology; M12 - Gastroenterology
260,K S Orthopedic and Multi Speciality Hospital,Corporate,Suryapet,Kodad,Kodad,Mandava Venkateshwarulu (9010279289),S5 - Orthopedic Surgery And Procedures; S15 - Poly Trauma
261,KBR Life Care Hospital A Unit of KBRT Trinity Private Limited,Corporate,Sangareddy,Sangareddy,Sangareddy,Yerragunta Nagaraju (8333816879),S5 - Orthopedic Surgery And Procedures; S9 - Genito Urinary Surgeries; S15 - Poly Trauma; M2 - General Medicine
262,KIMS Hospital A Unit of Srinitha Hospitals and Research Pvt Ltd,Corporate,Komaram Bheem Asifabad,Kagaznagar,Kagaz Nagar,Gandrathi Parvathi (7036614063); Kunsoth Sagarika (9550937800),S1 - General Surgery; S4 - Gynaecology And Obstetrics Surgery; S5 - Orthopedic Surgery And Procedures; S15 - Poly Trauma; M2 - General Medicine; M4 - Pediatrics
263,"KIMS, Nalgonda",Corporate,Nalgonda,Narketpally,-,V.Paramesh (9701187579); Jala Satyanarayana (9849772269); Manda Chandraiah (9505943799); Meesla Mahesh (9542079797); Salabadri Mahender (9666797940); Vaddepally Santhosha (8096097701); Cheruku Mallaiah (9959060561); Manchala Santhosha (6309890351); Meda Govardhan (9908374161); Deshaboina Linga Swamy (9912052505),S1 - General Surgery; S2 - Ent Surgery; S3 - Ophthalmology Surgery; S4 - Gynaecology And Obstetrics Surgery; S5 - Orthopedic Surgery And Procedures; S8 - Pediatric Surgeries; S9 - Genito Urinary Surgeries; S10 - Neurosurgery; S14 - Plastic Surgery; S15 - Poly Trauma; M1 - Critical Care; M2 - General Medicine; M3 - Infectious Diseases; M4 - Pediatrics; M6 - Nephrology; M8 - Pulmonology; M9 - Dermatology; M12 - Gastroenterology; S19 - Organ Transplantation Surgery
264,Kakathiya Eye Hospital,Corporate,Hanumakonda,Hanamkonda,Warangal,R Lavanya(9581613272),S3 - Ophthalmology Surgery
265,Kakatiya Hospitals,Corporate,Medchal-Malkajgiri,Medipally,Perrzadiguda,Are Raj Kumar(8121384611),S5 - Orthopedic Surgery And Procedures; S9 - Genito Urinary Surgeries; S15 - Poly Trauma; M5 - Cardiology; M6 - Nephrology
266,Kalyani Hospital (Prakuan Health Care Pvt Ltd),Corporate,Hanumakonda,Hanamkonda,Warangal,V Ravinder(9014482204),S1 - General Surgery; S4 - Gynaecology And Obstetrics Surgery; S5 - Orthopedic Surgery And Procedures; S9 - Genito Urinary Surgeries; S15 - Poly Trauma; M2 - General Medicine; M4 - Pediatrics; M6 - Nephrology; M7 - Neurology
267,Kamala Hospital and Research Centre For Thalassemia and Sickle Cell Patients (A Unit of Thalassemia and Sickle Cell Society),Corporate,Rangareddy,Rajendranagar,Ghmc,Jinka Manjula (8125738407); Kavitha (9014553770),M14 - Thalassemia
268,Kamala Hospital and Research Centre for Thalassemia and Sickle Cell Patients A Unit of Thalassemia and Sickle Cell Society,Corporate,Khammam,Khammam (Urban),Khammam,G Praneetha(8977784888),M14 - Thalassemia
269,Kamineni Hospital King Koti,Corporate,Hyderabad,Nampally,Ghmc,Kalpana (9949813793),S1 - General Surgery; S4 - Gynaecology And Obstetrics Surgery; S5 - Orthopedic Surgery And Procedures; S7 - Cardiac And Cardiothoracic Surgery; S9 - Genito Urinary Surgeries; S10 - Neurosurgery; S15 - Poly Trauma; M1 - Critical Care; M2 - General Medicine; M4 - Pediatrics; M5 - Cardiology; M6 - Nephrology; M7 - Neurology; M8 - Pulmonology
270,Kamineni Hospitals Pvt Ltd,Corporate,Rangareddy,Saroornagar,Ghmc,A.Santhosh Kumar (9014111139); L.Jagdishlal (9573362986); Saritha A(8801354449); Kotturi Sravan Kumar(9963203210); Sony P(8019371287); S.Sai Krupakar (8099176643),S1 - General Surgery; S2 - Ent Surgery; S3 - Ophthalmology Surgery; S4 - Gynaecology And Obstetrics Surgery; S5 - Orthopedic Surgery And Procedures; S6 - Surgical Gastro Enterology; S7 - Cardiac And Cardiothoracic Surgery; S8 - Pediatric Surgeries; S9 - Genito Urinary Surgeries; S10 - Neurosurgery; S14 - Plastic Surgery; S15 - Poly Trauma; S17 - Prostheses; M1 - Critical Care; M2 - General Medicine; M3 - Infectious Diseases; M4 - Pediatrics; M5 - Cardiology; M6 - Nephrology; M7 - Neurology; M8 - Pulmonology; M9 - Dermatology; M11 - Endocrinology; M12 - Gastroenterology; S19 - Organ Transplantation Surgery; M14 - Thalassemia; S19.2 - Heart Transplantation Surgery
271,Kamineni Oncology Private Limited,Corporate,Rangareddy,Saroornagar,Ghmc,Y.Rathnam (9640410476),S11 - Surgical Oncology; M14 - Thalassemia; M15 - Medical Oncology; M16 - Radiation Oncology
272,Kiran Hospital,Corporate,Jayashankar Bhoopalpally,Bhupalpalle,-,G.Kotesh (9866866469),S1 - General Surgery; S5 - Orthopedic Surgery And Procedures; S9 - Genito Urinary Surgeries; S15 - Poly Trauma; M2 - General Medicine; M6 - Nephrology
273,Krishna Institute of Medical Sciences Ltd,Corporate,Hyderabad,Secunderabad,Ghmc,A Jaipal (9908833225); Vijay Kumar(8686320657),S1 - General Surgery; S3 - Ophthalmology Surgery; S5 - Orthopedic Surgery And Procedures; S6 - Surgical Gastro Enterology; S7 - Cardiac And Cardiothoracic Surgery; S8 - Pediatric Surgeries; S9 - Genito Urinary Surgeries; S10 - Neurosurgery; S11 - Surgical Oncology; S14 - Plastic Surgery; S15 - Poly Trauma; M1 - Critical Care; M2 - General Medicine; M3 - Infectious Diseases; M4 - Pediatrics; M5 - Cardiology; M6 - Nephrology; M7 - Neurology; M8 - Pulmonology; M9 - Dermatology; M10 - Rheumatology; M11 - Endocrinology; M12 - Gastroenterology; DM95 - Others; S19 - Organ Transplantation Surgery; S19.2 - Heart Transplantation Surgery; M15 - Medical Oncology; M16 - Radiation Oncology
274,Krishna Nursing Home,Corporate,Nirmal,Bhainsa,Bhainsa,Vadnam.Sangeetha (9505880736),S1 - General Surgery; S4 - Gynaecology And Obstetrics Surgery; S5 - Orthopedic Surgery And Procedures; S9 - Genito Urinary Surgeries; S10 - Neurosurgery; S15 - Poly Trauma; M2 - General Medicine; M4 - Pediatrics; M7 - Neurology
275,Lalitha Hospital,Corporate,Hanumakonda,Hanamkonda,Warangal,K Kiran Kumar(9959783123),S1 - General Surgery; S5 - Orthopedic Surgery And Procedures; S9 - Genito Urinary Surgeries; S15 - Poly Trauma; M2 - General Medicine; M6 - Nephrology
276,Laxmi Narasimha Hospital,Corporate,Hanumakonda,Hanamkonda,Warangal,Kumaraswamy Ch(9908925114),S1 - General Surgery; S4 - Gynaecology And Obstetrics Surgery; S9 - Genito Urinary Surgeries; M2 - General Medicine
277,Leela Health Care Hospital,Corporate,Nalgonda,Miryalaguda,Miryalaguda,Palle Krishnaiah (9618778970),S1 - General Surgery; S5 - Orthopedic Surgery And Procedures; S6 - Surgical Gastro Enterology; S9 - Genito Urinary Surgeries; S10 - Neurosurgery; S15 - Poly Trauma; M2 - General Medicine; M4 - Pediatrics; M5 - Cardiology; M6 - Nephrology; M8 - Pulmonology
278,Leelavathi Hospital,Corporate,Nalgonda,Nalgonda,Nalgonda,K.Naresh Kumar (9701333853),S5 - Orthopedic Surgery And Procedures; S15 - Poly Trauma
279,Legend Hospitals,Corporate,Rangareddy,Hayathnagar,Ghmc,M. Lakshmi Padmavathi (9154235808); P.Sathish Reddy (8374921234),S5 - Orthopedic Surgery And Procedures; S15 - Poly Trauma
280,Life Care Nursing Home,Corporate,Medak,Medak,Medak,N.Vinoda (7288062969),S1 - General Surgery; S4 - Gynaecology And Obstetrics Surgery; S5 - Orthopedic Surgery And Procedures; S9 - Genito Urinary Surgeries; S15 - Poly Trauma; M2 - General Medicine; M4 - Pediatrics; M6 - Nephrology
281,Life Hospital,Corporate,Kamareddy,Kamareddy,Kamareddy,D Gangadhar (9948421135); Etikela Mahesh(9951834925),S5 - Orthopedic Surgery And Procedures; S15 - Poly Trauma
282,Life Line Hospitals (A Unit of Orugallu Medicare Limited),Corporate,Hanumakonda,Hanamkonda,Warangal,Tallapelli Mamatha (9705026793),S1 - General Surgery; S5 - Orthopedic Surgery And Procedures; S9 - Genito Urinary Surgeries; S10 - Neurosurgery; S15 - Poly Trauma; M2 - General Medicine; M7 - Neurology
283,Lions Club of Hyderabad Sadhuram Eye Hospital,Corporate,Hyderabad,Himayathnagar,Ghmc,S. Komala(9652301350); Roopa Kalpana (8247510247),S3 - Ophthalmology Surgery
284,Lohithsai Hospital,Corporate,Siddipet,Siddipet Urban,Siddipet,B.Ravindar Reddy (8008808466),S5 - Orthopedic Surgery And Procedures; S7 - Cardiac And Cardiothoracic Surgery; S9 - Genito Urinary Surgeries; S15 - Poly Trauma; M5 - Cardiology; M6 - Nephrology
285,M.N.J. Hospitals,Government-Govt_Inst,Hyderabad,Nampally,Ghmc,Radhika (8919419304); Vishali (9347479966); E. Karnakar(9912727703); Uttara.Nagarjuna (9059284288); D.Shobharani (9030687077); Dr Sanjeeva Kumari C(9393723397),S1 - General Surgery; S2 - Ent Surgery; S3 - Ophthalmology Surgery; S4 - Gynaecology And Obstetrics Surgery; S5 - Orthopedic Surgery And Procedures; S6 - Surgical Gastro Enterology; S7 - Cardiac And Cardiothoracic Surgery; S8 - Pediatric Surgeries; S9 - Genito Urinary Surgeries; S10 - Neurosurgery; S11 - Surgical Oncology; S14 - Plastic Surgery; S15 - Poly Trauma; S16 - Cochlear Implant Surgery; S17 - Prostheses; S20 - Unspecified Surgical Package; M1 - Critical Care; M2 - General Medicine; M3 - Infectious Diseases; M4 - Pediatrics; M5 - Cardiology; M6 - Nephrology; M7 - Neurology; M8 - Pulmonology; M9 - Dermatology; M10 - Rheumatology; M11 - Endocrinology; M12 - Gastroenterology; S19 - Organ Transplantation Surgery; M14 - Thalassemia; S19.1 - Liver Transplantation Surgery; S19.2 - Heart Transplantation Surgery; S19.3 - Renal Transplantation Surgery; S19.4 - Lung Transplantation Surgery; S19.5 - Allogenic Stem Cell Transplantation; S19.6 - Autologous Stem Cell Transplantation; S19.7 - Heart And Lung Transplantation Surgery; M15 - Medical Oncology; M16 - Radiation Oncology; M19 - Nuclear Medicne
286,"M/s Akhira Hospital, Neuro Trauma Care Centre",Corporate,Karimnagar,Karimnagar,Karimnagar,K.Raju (9441196389),S5 - Orthopedic Surgery And Procedures; S15 - Poly Trauma
287,M/s Gleneagles Hospital Lakdikapool (A Unit of Gleneagles Healthcare India Private Limited),Corporate,Hyderabad,Khairthabad,Ghmc,Makala.Vishnu Vardhan Reddy (8008341977),S1 - General Surgery; S6 - Surgical Gastro Enterology; S7 - Cardiac And Cardiothoracic Surgery; S9 - Genito Urinary Surgeries; M2 - General Medicine; M5 - Cardiology; M12 - Gastroenterology; S19 - Organ Transplantation Surgery
288,M/s Life Line Tulasi Hospitals (A Unit of Life Line Multi Speciality Hospitals Pvt.Ltd.),Corporate,Medchal-Malkajgiri,Kapra,Ghmc,Naveen G(9959449129); N.Sandhya Rani (8185809919),S5 - Orthopedic Surgery And Procedures; S5 - Orthopedic Surgery And Procedures; S7 - Cardiac And Cardiothoracic Surgery; S8 - Pediatric Surgeries; S8 - Pediatric Surgeries; S9 - Genito Urinary Surgeries; S9 - Genito Urinary Surgeries; S15 - Poly Trauma; S15 - Poly Trauma; M2 - General Medicine; M4 - Pediatrics; M5 - Cardiology; M6 - Nephrology; M7 - Neurology
289,M/s Supraja Hospitals (A Unit of Dhanturi Hospitals),Corporate,Medchal-Malkajgiri,Uppal,Ghmc,Kishore G(9177228942),S1 - General Surgery; S4 - Gynaecology And Obstetrics Surgery; S5 - Orthopedic Surgery And Procedures; S7 - Cardiac And Cardiothoracic Surgery; S8 - Pediatric Surgeries; S9 - Genito Urinary Surgeries; S15 - Poly Trauma; M4 - Pediatrics; M5 - Cardiology; M6 - Nephrology
290,M/s. Aditya Criticare Pvt.Ltd,Corporate,Hanumakonda,Hanamkonda,Warangal,Chinthalapuri Chakrapani (9959771522),S5 - Orthopedic Surgery And Procedures; S9 - Genito Urinary Surgeries; S14 - Plastic Surgery; S15 - Poly Trauma; M6 - Nephrology; M7 - Neurology
291,M/s. Apollo Spectra Hospital (A Unit of Nano Hospitals Pvt Ltd),Corporate,Hyderabad,Ameerpet,Ghmc,Chandi.Hymawathi (9573159509),S1 - General Surgery; S7 - Cardiac And Cardiothoracic Surgery; S9 - Genito Urinary Surgeries; S10 - Neurosurgery; M1 - Critical Care; M2 - General Medicine; M5 - Cardiology; M6 - Nephrology; M7 - Neurology; M8 - Pulmonology
292,"M/s. Omega Hospitals (A Unit of Hyderabad Institute of Oncology Pvt Ltd), Gachibowli",Corporate,Rangareddy,Serilingampalli,Ghmc,V. Narsimulu (9908779723),S2 - Ent Surgery; S5 - Orthopedic Surgery And Procedures; S6 - Surgical Gastro Enterology; S7 - Cardiac And Cardiothoracic Surgery; S9 - Genito Urinary Surgeries; S10 - Neurosurgery; S11 - Surgical Oncology; M5 - Cardiology; M6 - Nephrology; M7 - Neurology; M10 - Rheumatology; M12 - Gastroenterology; M15 - Medical Oncology; M16 - Radiation Oncology
293,"M/s. Prasad Hospitals India Pvt. Ltd., Nacharam",Corporate,Medchal-Malkajgiri,Kapra,Ghmc,Kishore G(9177228942); P.Shravan Kumar (9908873860); A.Manjula (8179959624),S1 - General Surgery; S2 - Ent Surgery; S4 - Gynaecology And Obstetrics Surgery; S5 - Orthopedic Surgery And Procedures; S7 - Cardiac And Cardiothoracic Surgery; S15 - Poly Trauma; M1 - Critical Care; M2 - General Medicine; M4 - Pediatrics; M5 - Cardiology; M7 - Neurology
294,M/s.�Mediciti Institute of Medical Science (MIMS),Corporate,Medchal-Malkajgiri,Medchal,Medchal,Md.Yousuf (9948761496),S1 - General Surgery; S2 - Ent Surgery; S3 - Ophthalmology Surgery; S4 - Gynaecology And Obstetrics Surgery; S5 - Orthopedic Surgery And Procedures; S6 - Surgical Gastro Enterology; S7 - Cardiac And Cardiothoracic Surgery; S8 - Pediatric Surgeries; S9 - Genito Urinary Surgeries; S10 - Neurosurgery; S14 - Plastic Surgery; S15 - Poly Trauma; M1 - Critical Care; M2 - General Medicine; M3 - Infectious Diseases; M4 - Pediatrics; M5 - Cardiology; M6 - Nephrology; M7 - Neurology; M8 - Pulmonology; M9 - Dermatology; M12 - Gastroenterology
295,"MNR Medical College and Hospital, Sangareddy",Corporate,Sangareddy,Sangareddy,-,Kammari.Himagiri Prasad (9618543978); Chevula Ramesh (7382186112); Kurnam Anjaiah (9494170472),S1 - General Surgery; S2 - Ent Surgery; S3 - Ophthalmology Surgery; S4 - Gynaecology And Obstetrics Surgery; S5 - Orthopedic Surgery And Procedures; S6 - Surgical Gastro Enterology; S8 - Pediatric Surgeries; S9 - Genito Urinary Surgeries; S10 - Neurosurgery; S14 - Plastic Surgery; S15 - Poly Trauma; M2 - General Medicine; M4 - Pediatrics; M6 - Nephrology; M7 - Neurology; M8 - Pulmonology; M9 - Dermatology; M12 - Gastroenterology
296,MPHC M.P.Banjara,Government-DPH,Bhadradri Kothagudem,Burgampahad,-,Dr. J. Nagedra Prasad (9110355438),S1 - General Surgery; S2 - Ent Surgery; S3 - Ophthalmology Surgery; S4 - Gynaecology And Obstetrics Surgery; S5 - Orthopedic Surgery And Procedures; S6 - Surgical Gastro Enterology; S7 - Cardiac And Cardiothoracic Surgery; S8 - Pediatric Surgeries; S9 - Genito Urinary Surgeries; S10 - Neurosurgery; S11 - Surgical Oncology; S14 - Plastic Surgery; S15 - Poly Trauma; S16 - Cochlear Implant Surgery; S17 - Prostheses; S20 - Unspecified Surgical Package; M1 - Critical Care; M2 - General Medicine; M3 - Infectious Diseases; M4 - Pediatrics; M5 - Cardiology; M6 - Nephrology; M7 - Neurology; M8 - Pulmonology; M9 - Dermatology; M10 - Rheumatology; M11 - Endocrinology; M12 - Gastroenterology; M14 - Thalassemia; M15 - Medical Oncology; M16 - Radiation Oncology
297,"Madhava Nursing Home, Secunderabad",Corporate,Hyderabad,Secunderabad,Ghmc,N.Ganesh (9652601966),S1 - General Surgery; S2 - Ent Surgery; S4 - Gynaecology And Obstetrics Surgery; S5 - Orthopedic Surgery And Procedures; S9 - Genito Urinary Surgeries; S10 - Neurosurgery; S15 - Poly Trauma; M1 - Critical Care; M2 - General Medicine; M3 - Infectious Diseases; M7 - Neurology; M9 - Dermatology; M12 - Gastroenterology
298,"Mahavir General Hospital, Shivareddypet",Corporate,Vikarabad,Vikarabad,Vikarabad,K.Banu Prakash (9959311121); P.Bichaiah (9030033320),S1 - General Surgery; S2 - Ent Surgery; S3 - Ophthalmology Surgery; S4 - Gynaecology And Obstetrics Surgery; S5 - Orthopedic Surgery And Procedures; S15 - Poly Trauma; M1 - Critical Care; M2 - General Medicine; M4 - Pediatrics; M8 - Pulmonology; M9 - Dermatology
299,Mahavir Hospital and Research Centre,Corporate,Hyderabad,Khairthabad,Ghmc,Nagesh T(9866047514); Sukanya J(8790356610),S1 - General Surgery; S2 - Ent Surgery; S4 - Gynaecology And Obstetrics Surgery; S5 - Orthopedic Surgery And Procedures; S7 - Cardiac And Cardiothoracic Surgery; S9 - Genito Urinary Surgeries; S15 - Poly Trauma; M1 - Critical Care; M2 - General Medicine; M3 - Infectious Diseases; M5 - Cardiology; M6 - Nephrology; M8 - Pulmonology; S19 - Organ Transplantation Surgery
300,Maheshwara Medical College and Hospital A Unit of Alleti Shrunitha Educational Society,Corporate,Sangareddy,Patancheru,-,Balupati Santosh (9676262881),S1 - General Surgery; S2 - Ent Surgery; S3 - Ophthalmology Surgery; S4 - Gynaecology And Obstetrics Surgery; S5 - Orthopedic Surgery And Procedures; S9 - Genito Urinary Surgeries; S10 - Neurosurgery; S14 - Plastic Surgery; S15 - Poly Trauma; M1 - Critical Care; M2 - General Medicine; M3 - Infectious Diseases; M4 - Pediatrics; M6 - Nephrology; M9 - Dermatology
301,Maithri Multispeciality Hospital,Corporate,Mahabubabad,Mahbubabad,Mahabubabad,K.Vijay (7075852766),S5 - Orthopedic Surgery And Procedures; S9 - Genito Urinary Surgeries; S15 - Poly Trauma; M6 - Nephrology; M7 - Neurology
302,Malla Reddy Narayana Multi Speciality Hospital (A Unit of Chandramma Educational Society),Corporate,Medchal-Malkajgiri,Quthbullapur,Ghmc,Ashok Kumar (9010108304); Rajendar K(9989595838),S1 - General Surgery; S2 - Ent Surgery; S3 - Ophthalmology Surgery; S4 - Gynaecology And Obstetrics Surgery; S5 - Orthopedic Surgery And Procedures; S6 - Surgical Gastro Enterology; S7 - Cardiac And Cardiothoracic Surgery; S9 - Genito Urinary Surgeries; S10 - Neurosurgery; S11 - Surgical Oncology; S14 - Plastic Surgery; S15 - Poly Trauma; M1 - Critical Care; M2 - General Medicine; M3 - Infectious Diseases; M5 - Cardiology; M6 - Nephrology; M7 - Neurology; M15 - Medical Oncology; M16 - Radiation Oncology
303,Mallareddy Hospital,Corporate,Medchal-Malkajgiri,Quthbullapur,Ghmc,P.Vasantha (8374799057),S1 - General Surgery; S2 - Ent Surgery; S3 - Ophthalmology Surgery; S4 - Gynaecology And Obstetrics Surgery; S5 - Orthopedic Surgery And Procedures; S5 - Orthopedic Surgery And Procedures; S6 - Surgical Gastro Enterology; S8 - Pediatric Surgeries; S9 - Genito Urinary Surgeries; S10 - Neurosurgery; S10 - Neurosurgery; S15 - Poly Trauma; S15 - Poly Trauma; M1 - Critical Care; M2 - General Medicine; M3 - Infectious Diseases; M4 - Pediatrics; M6 - Nephrology; M7 - Neurology; M8 - Pulmonology; M12 - Gastroenterology
304,Mamata Academy of Medical Sciences Hospital,Corporate,Medchal-Malkajgiri,Bachupally,Ghmc,J.Madhavai (8074802401),S1 - General Surgery; S2 - Ent Surgery; S3 - Ophthalmology Surgery; S4 - Gynaecology And Obstetrics Surgery; S5 - Orthopedic Surgery And Procedures; S7 - Cardiac And Cardiothoracic Surgery; S9 - Genito Urinary Surgeries; S10 - Neurosurgery; S14 - Plastic Surgery; S15 - Poly Trauma; M1 - Critical Care; M2 - General Medicine; M3 - Infectious Diseases; M4 - Pediatrics; M5 - Cardiology; M6 - Nephrology; M7 - Neurology; M8 - Pulmonology; M9 - Dermatology; M10 - Rheumatology; M14 - Thalassemia
305,Mamatha General and Super Speciality Hospital A Unit of Mamatha Educational Society,Corporate,Khammam,Khammam (Urban),Khammam,Kukatla.Karuna Jyothi (9703049032); Sampeta. Nageswar Rao (9963386785); P.Saidulu (9666418870); P.Srinivasarao (9000430689),S1 - General Surgery; S2 - Ent Surgery; S3 - Ophthalmology Surgery; S4 - Gynaecology And Obstetrics Surgery; S5 - Orthopedic Surgery And Procedures; S7 - Cardiac And Cardiothoracic Surgery; S7 - Cardiac And Cardiothoracic Surgery; S9 - Genito Urinary Surgeries; S10 - Neurosurgery; S14 - Plastic Surgery; S15 - Poly Trauma; S17 - Prostheses; M1 - Critical Care; M2 - General Medicine; M3 - Infectious Diseases; M4 - Pediatrics; M5 - Cardiology; M6 - Nephrology
306,Manjeera Hospital A Unit of Sri Manjeera Super Speciality Hospitals Pvt Ltd,Corporate,Sangareddy,Sangareddy,Sangareddy,A Ravi Bhushan (7901007787),S1 - General Surgery; S4 - Gynaecology And Obstetrics Surgery; S5 - Orthopedic Surgery And Procedures; S9 - Genito Urinary Surgeries; S10 - Neurosurgery; S15 - Poly Trauma; M1 - Critical Care; M2 - General Medicine; M4 - Pediatrics; M8 - Pulmonology
307,Manorama Super Speciality Hospital,Corporate,Nizamabad,Nizamabad (North),Nizamabad,J Mani Kumar(8125164317),S1 - General Surgery; S4 - Gynaecology And Obstetrics Surgery; S5 - Orthopedic Surgery And Procedures; S9 - Genito Urinary Surgeries; S15 - Poly Trauma; M2 - General Medicine; M4 - Pediatrics; M5 - Cardiology; M6 - Nephrology
308,Maternity and Child Health Hospital Jangaon,Government-TVVP,Jangoan,Jangaon,Jangaon,K.Kirankumar (9908166291),S1 - General Surgery; S2 - Ent Surgery; S3 - Ophthalmology Surgery; S4 - Gynaecology And Obstetrics Surgery; S5 - Orthopedic Surgery And Procedures; S6 - Surgical Gastro Enterology; S7 - Cardiac And Cardiothoracic Surgery; S8 - Pediatric Surgeries; S9 - Genito Urinary Surgeries; S10 - Neurosurgery; S11 - Surgical Oncology; S14 - Plastic Surgery; S15 - Poly Trauma; S16 - Cochlear Implant Surgery; S17 - Prostheses; S20 - Unspecified Surgical Package; M1 - Critical Care; M2 - General Medicine; M3 - Infectious Diseases; M4 - Pediatrics; M5 - Cardiology; M6 - Nephrology; M7 - Neurology; M8 - Pulmonology; M9 - Dermatology; M10 - Rheumatology; M11 - Endocrinology; M12 - Gastroenterology; M14 - Thalassemia; S19.1 - Liver Transplantation Surgery; S19.2 - Heart Transplantation Surgery; S19.3 - Renal Transplantation Surgery; S19.4 - Lung Transplantation Surgery; S19.5 - Allogenic Stem Cell Transplantation; S19.6 - Autologous Stem Cell Transplantation; S19.7 - Heart And Lung Transplantation Surgery; M15 - Medical Oncology; M16 - Radiation Oncology
309,Maternity and Child Health Hospital Nirmal,Government-TVVP,Nirmal,Nirmal,Nirmal,Keshitty Rajitha (9493532931); Chippa Kalpana (8500747270),S1 - General Surgery; S2 - Ent Surgery; S3 - Ophthalmology Surgery; S4 - Gynaecology And Obstetrics Surgery; S5 - Orthopedic Surgery And Procedures; S6 - Surgical Gastro Enterology; S7 - Cardiac And Cardiothoracic Surgery; S8 - Pediatric Surgeries; S9 - Genito Urinary Surgeries; S10 - Neurosurgery; S11 - Surgical Oncology; S14 - Plastic Surgery; S15 - Poly Trauma; S16 - Cochlear Implant Surgery; S17 - Prostheses; S20 - Unspecified Surgical Package; M1 - Critical Care; M2 - General Medicine; M3 - Infectious Diseases; M4 - Pediatrics; M5 - Cardiology; M6 - Nephrology; M7 - Neurology; M8 - Pulmonology; M9 - Dermatology; M10 - Rheumatology; M11 - Endocrinology; M12 - Gastroenterology; M14 - Thalassemia; S19.1 - Liver Transplantation Surgery; S19.2 - Heart Transplantation Surgery; S19.3 - Renal Transplantation Surgery; S19.4 - Lung Transplantation Surgery; S19.5 - Allogenic Stem Cell Transplantation; S19.6 - Autologous Stem Cell Transplantation; S19.7 - Heart And Lung Transplantation Surgery; M15 - Medical Oncology; M16 - Radiation Oncology
310,Matlis Hospital A Unit of Matlis Hospital Pvt Ltd,Corporate,Rangareddy,Serilingampalli,Ghmc,Y.Ravinder Goud (9963235308),S5 - Orthopedic Surgery And Procedures; S7 - Cardiac And Cardiothoracic Surgery; S15 - Poly Trauma; M5 - Cardiology
311,Maxivision Eye Hospitals Private Limited,Corporate,Hyderabad,Khairthabad,Ghmc,Saritha (9640899455),S3 - Ophthalmology Surgery
312,Medicover Hospitals (A Unit of Sahrudaya Health Care (Karimnagar) Pvt. Ltd.),Corporate,Karimnagar,Karimnagar,Karimnagar,Dadi Thirupathi (9441127238); Galipelly Anjaneyulu (9912287939); Durgam Chandramouli (8978529565),S5 - Orthopedic Surgery And Procedures; S7 - Cardiac And Cardiothoracic Surgery; S9 - Genito Urinary Surgeries; S11 - Surgical Oncology; S15 - Poly Trauma; M5 - Cardiology; M6 - Nephrology; M15 - Medical Oncology; M16 - Radiation Oncology
313,Medicover Hospitals (A Unit of Sahrudaya Health Care Pvt.Ltd.),Corporate,Nizamabad,Nizamabad (North),Nizamabad,J Sumalatha (9010455833); Neeradi Swaroopa (7075455478); Bhoomaiah Gari Jeevan Reddy (8374289432),S1 - General Surgery; S7 - Cardiac And Cardiothoracic Surgery; S9 - Genito Urinary Surgeries; S10 - Neurosurgery; M2 - General Medicine; M5 - Cardiology; M6 - Nephrology; M7 - Neurology
314,Medicure Hospitals,Corporate,Vikarabad,Vikarabad,Vikarabad,T.Arundathi (7032727751); T.Shankarappa (8985321022),S5 - Orthopedic Surgery And Procedures; S9 - Genito Urinary Surgeries; S15 - Poly Trauma; M2 - General Medicine
315,"Medilife Multispeciality Hospital A Unit of Sri Laxmi Dhanwanthari Hospitals and Research Pvt Ltd,Mancherial",Corporate,Mancherial,Mancherial,Mancherial,Durgam .Laxmi (9505074277),S1 - General Surgery; S5 - Orthopedic Surgery And Procedures; S9 - Genito Urinary Surgeries; S15 - Poly Trauma; M2 - General Medicine; M6 - Nephrology
316,Medivision Eye And Health Care Centre,Corporate,Hyderabad,Asifnagar,Ghmc,M.Anitha (9010993782),S3 - Ophthalmology Surgery
317,Mithra Hospital,Corporate,Hanumakonda,Hanamkonda,Warangal,Ch.Srikarna (9912226660); N Anil (9963873081),S5 - Orthopedic Surgery And Procedures; S9 - Genito Urinary Surgeries; S15 - Poly Trauma; M2 - General Medicine
318,Murugan Hospital,Corporate,Karimnagar,Karimnagar,Karimnagar,P Sunitha (9951265787),S1 - General Surgery; S5 - Orthopedic Surgery And Procedures; S7 - Cardiac And Cardiothoracic Surgery; S9 - Genito Urinary Surgeries; S15 - Poly Trauma; M2 - General Medicine; M5 - Cardiology; M7 - Neurology
319,Muthya Kidney Center,Corporate,Hanumakonda,Hanamkonda,Warangal,Rajesh Kumar K(9533912535); B.Shankaraiah (8328301252),S9 - Genito Urinary Surgeries; M6 - Nephrology
320,NIMS Hospitals,Government-Govt_Inst,Hyderabad,Khairthabad,Ghmc,Thirupathi (9959133051); Meenakshi (9666580089); Chiddirala Sharadha (9393966046); Swapna (9951753444); Indhira (9989427503); Durga Rao (9989420570); M Rajeshwar (9985384873); L.Venkata Chary (9652773145); Mr Saidulu(6281471531); Balaiah Balaiah(9912468601); E.Swarna Latha(9059658277); S.Ganga Prasad (8801572135); Shaik Abdullah (9030905149); Dr M Suresh Kumar Reddy (8333816123); Lakshmipriya Kandukuri (); Lakshmipriya Kandukuri (); Dr M Suresh Kumar Reddy (8333816123); Boda Swapna(9603579741),S1 - General Surgery; S2 - Ent Surgery; S3 - Ophthalmology Surgery; S4 - Gynaecology And Obstetrics Surgery; S5 - Orthopedic Surgery And Procedures; S6 - Surgical Gastro Enterology; S7 - Cardiac And Cardiothoracic Surgery; S8 - Pediatric Surgeries; S9 - Genito Urinary Surgeries; S10 - Neurosurgery; S11 - Surgical Oncology; S14 - Plastic Surgery; S15 - Poly Trauma; S16 - Cochlear Implant Surgery; S17 - Prostheses; S20 - Unspecified Surgical Package; S20 - Unspecified Surgical Package; M1 - Critical Care; M2 - General Medicine; M3 - Infectious Diseases; M4 - Pediatrics; M5 - Cardiology; M6 - Nephrology; M7 - Neurology; M8 - Pulmonology; M9 - Dermatology; M10 - Rheumatology; M11 - Endocrinology; M12 - Gastroenterology; S19 - Organ Transplantation Surgery; M14 - Thalassemia; S19.1 - Liver Transplantation Surgery; S19.2 - Heart Transplantation Surgery; S19.3 - Renal Transplantation Surgery; S19.4 - Lung Transplantation Surgery; S19.5 - Allogenic Stem Cell Transplantation; S19.6 - Autologous Stem Cell Transplantation; S19.7 - Heart And Lung Transplantation Surgery; M15 - Medical Oncology; M16 - Radiation Oncology; M19 - Nuclear Medicne; S21 - Interventional Radiology
321,Nalgonda Institute of Medical Sciences,Corporate,Nalgonda,Nalgonda,Nalgonda,A.Laxmi (8790105361),S5 - Orthopedic Surgery And Procedures; S7 - Cardiac And Cardiothoracic Surgery; S9 - Genito Urinary Surgeries; S10 - Neurosurgery; S15 - Poly Trauma; M2 - General Medicine; M5 - Cardiology; M6 - Nephrology; M7 - Neurology
322,Narendra Multi Speciality Hospital,Corporate,Nirmal,Nirmal,Nirmal,Gujala Vijaya Laxmi (8247676108); Praveen .Poddutoori (9492683486),S4 - Gynaecology And Obstetrics Surgery; S5 - Orthopedic Surgery And Procedures; S15 - Poly Trauma; M4 - Pediatrics
323,Naveena Multi Speciality Hospital Private Limited,Corporate,Rangareddy,Saroornagar,Ghmc,G.Anil Kumar (9959390394); E.Anitha (8919604430),S5 - Orthopedic Surgery And Procedures; S9 - Genito Urinary Surgeries; S15 - Poly Trauma; M6 - Nephrology
324,Neha Shine Hospitals,Corporate,Mahabubnagar,Mahabubnagar Urban,Mahabubnagar,K.Varaprasad (9966336616),S1 - General Surgery; S4 - Gynaecology And Obstetrics Surgery; S5 - Orthopedic Surgery And Procedures; S8 - Pediatric Surgeries; S9 - Genito Urinary Surgeries; S10 - Neurosurgery; S15 - Poly Trauma; M1 - Critical Care; M2 - General Medicine; M4 - Pediatrics; M6 - Nephrology; M7 - Neurology
325,Neo BBC New Born & Children Hospital,Corporate,Hyderabad,Amberpet,Ghmc,Madhavi (8074463582); Mamidi Uma Maheswari (9490762979),S8 - Pediatric Surgeries; S8 - Pediatric Surgeries; M4 - Pediatrics
326,New Amma Multispeciality Hospital,Corporate,Warangal,Narsampet,Narsampet,K. Madhavi (7780371180),S5 - Orthopedic Surgery And Procedures; S15 - Poly Trauma
327,New Delhi Centre for Sight,Corporate,Hyderabad,Khairthabad,Ghmc,Rajesh (8179129161),S3 - Ophthalmology Surgery
328,"New Delhi Centre for Sight, Siddipet",Corporate,Siddipet,Siddipet Urban,Siddipet,M.Kumaraswamy (9705113694),S3 - Ophthalmology Surgery
329,New Life Emergency and Multispeciality Hospital,Corporate,Khammam,Khammam (Urban),Khammam,Sk.Majeed Miya (8341964944),S1 - General Surgery; S5 - Orthopedic Surgery And Procedures; S15 - Poly Trauma; M1 - Critical Care; M2 - General Medicine; M8 - Pulmonology
330,New Life Line Multi Speciality Hospital,Corporate,Medchal-Malkajgiri,Kapra,Ghmc,Y.Hari Babu(9912225207),S5 - Orthopedic Surgery And Procedures; S9 - Genito Urinary Surgeries; S15 - Poly Trauma
331,"Nikhil Hospital,Srinagar colony",Corporate,Hyderabad,Khairthabad,Ghmc,Kamatham Indirapriyadarshini (9346130829),S1 - General Surgery; S2 - Ent Surgery; S5 - Orthopedic Surgery And Procedures; S7 - Cardiac And Cardiothoracic Surgery; S9 - Genito Urinary Surgeries; S10 - Neurosurgery; S14 - Plastic Surgery; S15 - Poly Trauma; M1 - Critical Care; M2 - General Medicine; M3 - Infectious Diseases; M5 - Cardiology; M7 - Neurology
332,"Nikhil Hospitals, Disukhnagar",Corporate,Rangareddy,Saroornagar,Ghmc,Ch.Vinoda (9704142599),S1 - General Surgery; S4 - Gynaecology And Obstetrics Surgery; S5 - Orthopedic Surgery And Procedures; S5 - Orthopedic Surgery And Procedures; S9 - Genito Urinary Surgeries; S9 - Genito Urinary Surgeries; S10 - Neurosurgery; S10 - Neurosurgery; S14 - Plastic Surgery; S14 - Plastic Surgery; S15 - Poly Trauma; S15 - Poly Trauma; M1 - Critical Care; M2 - General Medicine; M7 - Neurology
333,Nikitha Hospital,Corporate,Bhadradri Kothagudem,Bhadrachalam,-,Peddim.Mutyala Rao (9542102568),S1 - General Surgery; S5 - Orthopedic Surgery And Procedures; S15 - Poly Trauma; M2 - General Medicine
334,Niloufer Hospital,Government-DME,Hyderabad,Nampally,Ghmc,Hareesh (8555982312); Mr Nagaraju(9177112434); Dr Rajasekhar V (8333816074); V.Venkata Lakshmi (9059191102); Gouthami (9100634003),S1 - General Surgery; S2 - Ent Surgery; S3 - Ophthalmology Surgery; S4 - Gynaecology And Obstetrics Surgery; S5 - Orthopedic Surgery And Procedures; S6 - Surgical Gastro Enterology; S7 - Cardiac And Cardiothoracic Surgery; S8 - Pediatric Surgeries; S9 - Genito Urinary Surgeries; S10 - Neurosurgery; S11 - Surgical Oncology; S14 - Plastic Surgery; S15 - Poly Trauma; S16 - Cochlear Implant Surgery; S17 - Prostheses; S20 - Unspecified Surgical Package; M1 - Critical Care; M2 - General Medicine; M3 - Infectious Diseases; M4 - Pediatrics; M5 - Cardiology; M6 - Nephrology; M7 - Neurology; M8 - Pulmonology; M9 - Dermatology; M10 - Rheumatology; M11 - Endocrinology; M12 - Gastroenterology; M14 - Thalassemia; S19.1 - Liver Transplantation Surgery; S19.2 - Heart Transplantation Surgery; S19.3 - Renal Transplantation Surgery; S19.4 - Lung Transplantation Surgery; S19.5 - Allogenic Stem Cell Transplantation; S19.6 - Autologous Stem Cell Transplantation; S19.7 - Heart And Lung Transplantation Surgery; M15 - Medical Oncology; M16 - Radiation Oncology
335,Nirmala Maternity Orthopaedics and General Hospital,Corporate,Hyderabad,Asifnagar,Ghmc,K Govaradhan (9849398349); Nuzahat Feroz (7337260552),S5 - Orthopedic Surgery And Procedures; S15 - Poly Trauma
336,Olive Hospital,Corporate,Hyderabad,Asifnagar,Ghmc,J.Ravikumar (9603779551),S1 - General Surgery; S5 - Orthopedic Surgery And Procedures; S5 - Orthopedic Surgery And Procedures; S6 - Surgical Gastro Enterology; S6 - Surgical Gastro Enterology; S7 - Cardiac And Cardiothoracic Surgery; S7 - Cardiac And Cardiothoracic Surgery; S9 - Genito Urinary Surgeries; S9 - Genito Urinary Surgeries; S10 - Neurosurgery; S10 - Neurosurgery; S15 - Poly Trauma; S15 - Poly Trauma; M5 - Cardiology; M5 - Cardiology; M7 - Neurology; M7 - Neurology; M12 - Gastroenterology
337,Om Sai Ram Multi Speciality Hospital,Corporate,Jagtial,Jagitial Rural,Jagtial,C.Rajasheker (9705745101),S5 - Orthopedic Surgery And Procedures; S15 - Poly Trauma
338,"Omega Hospitals, Banjarahills",Corporate,Hyderabad,Shaikpet,Ghmc,B. Sujatha (8340999041),S11 - Surgical Oncology; M15 - Medical Oncology; M16 - Radiation Oncology
339,Omega Sushrutha Hospitals (A Unit of Sathavahana Institute of Oncology Private Limited,Corporate,Karimnagar,Karimnagar,Karimnagar,Arigela Ramesh (9492727148); Kolluri Ravinder (9000167615),S11 - Surgical Oncology; M15 - Medical Oncology; M16 - Radiation Oncology
340,One Hospitals A Unit of Hanshi Hospitals Pvt Ltd,Corporate,Karimnagar,Karimnagar,Karimnagar,Md.Aarif Pasha (7382563978),S1 - General Surgery; S5 - Orthopedic Surgery And Procedures; S7 - Cardiac And Cardiothoracic Surgery; S9 - Genito Urinary Surgeries; S15 - Poly Trauma; M2 - General Medicine; M5 - Cardiology
341,Onus Hospitals,Corporate,Hyderabad,Saidabad,Ghmc,Tandra Lakshmi(9010303807),S5 - Orthopedic Surgery And Procedures; S15 - Poly Trauma
342,Osmania General Hospital,Government-DME,Hyderabad,Bahadurpura,Ghmc,Gaddam Jhansi (8143306952); Srivani (8019704837); A.Srilaxmi (8106146001); Shaik Zafar(9381757039); Kalta Sudha (9703306941); A.Krishna (7989737880); Mohd Abdul Momin (9700174401),S1 - General Surgery; S2 - Ent Surgery; S3 - Ophthalmology Surgery; S4 - Gynaecology And Obstetrics Surgery; S5 - Orthopedic Surgery And Procedures; S6 - Surgical Gastro Enterology; S7 - Cardiac And Cardiothoracic Surgery; S8 - Pediatric Surgeries; S9 - Genito Urinary Surgeries; S10 - Neurosurgery; S11 - Surgical Oncology; S14 - Plastic Surgery; S15 - Poly Trauma; S16 - Cochlear Implant Surgery; S17 - Prostheses; S20 - Unspecified Surgical Package; M1 - Critical Care; M2 - General Medicine; M3 - Infectious Diseases; M4 - Pediatrics; M5 - Cardiology; M6 - Nephrology; M7 - Neurology; M8 - Pulmonology; M9 - Dermatology; M10 - Rheumatology; M11 - Endocrinology; M12 - Gastroenterology; S19 - Organ Transplantation Surgery; M14 - Thalassemia; S19.1 - Liver Transplantation Surgery; S19.2 - Heart Transplantation Surgery; S19.3 - Renal Transplantation Surgery; S19.4 - Lung Transplantation Surgery; S19.5 - Allogenic Stem Cell Transplantation; S19.6 - Autologous Stem Cell Transplantation; S19.7 - Heart And Lung Transplantation Surgery; M15 - Medical Oncology; M16 - Radiation Oncology
343,Ozone Hospitals,Corporate,Rangareddy,Saroornagar,Ghmc,K Paramesh(8125203424); Karingu.Chandra Sekhar (9533153535),S2 - Ent Surgery; S5 - Orthopedic Surgery And Procedures; S7 - Cardiac And Cardiothoracic Surgery; S8 - Pediatric Surgeries; S9 - Genito Urinary Surgeries; S15 - Poly Trauma; S16 - Cochlear Implant Surgery; M4 - Pediatrics; M5 - Cardiology; M6 - Nephrology
344,Ozone Hospitals A Unit of Ozone Institute of Medical Sciences Pvt Ltd,Corporate,Medchal-Malkajgiri,Alwal,Ghmc,Ampati Swamy(9949664162),S5 - Orthopedic Surgery And Procedures; S9 - Genito Urinary Surgeries; S15 - Poly Trauma; M6 - Nephrology
345,PHC Keshavapur,Government-DPH,Warangal,Duggondi,-,Dr.K.Swapna (9346454308),S1 - General Surgery; S2 - Ent Surgery; S3 - Ophthalmology Surgery; S4 - Gynaecology And Obstetrics Surgery; S5 - Orthopedic Surgery And Procedures; S6 - Surgical Gastro Enterology; S7 - Cardiac And Cardiothoracic Surgery; S8 - Pediatric Surgeries; S9 - Genito Urinary Surgeries; S10 - Neurosurgery; S11 - Surgical Oncology; S14 - Plastic Surgery; S15 - Poly Trauma; S16 - Cochlear Implant Surgery; S17 - Prostheses; S20 - Unspecified Surgical Package; M1 - Critical Care; M2 - General Medicine; M3 - Infectious Diseases; M4 - Pediatrics; M5 - Cardiology; M6 - Nephrology; M7 - Neurology; M8 - Pulmonology; M9 - Dermatology; M10 - Rheumatology; M11 - Endocrinology; M12 - Gastroenterology; M14 - Thalassemia; M15 - Medical Oncology; M16 - Radiation Oncology
346,PHC P.D.Pally,Government-DPH,Nalgonda,Tripuraram,-,Dr E. Janaki Ramulu (9885158032),S1 - General Surgery; S2 - Ent Surgery; S3 - Ophthalmology Surgery; S4 - Gynaecology And Obstetrics Surgery; S5 - Orthopedic Surgery And Procedures; S6 - Surgical Gastro Enterology; S7 - Cardiac And Cardiothoracic Surgery; S8 - Pediatric Surgeries; S9 - Genito Urinary Surgeries; S10 - Neurosurgery; S11 - Surgical Oncology; S14 - Plastic Surgery; S15 - Poly Trauma; S16 - Cochlear Implant Surgery; S17 - Prostheses; S20 - Unspecified Surgical Package; M1 - Critical Care; M2 - General Medicine; M3 - Infectious Diseases; M4 - Pediatrics; M5 - Cardiology; M6 - Nephrology; M7 - Neurology; M8 - Pulmonology; M9 - Dermatology; M10 - Rheumatology; M11 - Endocrinology; M12 - Gastroenterology; M14 - Thalassemia; M15 - Medical Oncology; M16 - Radiation Oncology
347,PHC Phctalelma,Government-DPH,Sangareddy,Andole,-,Dr.M.Shanker (9505582348),S1 - General Surgery; S2 - Ent Surgery; S3 - Ophthalmology Surgery; S4 - Gynaecology And Obstetrics Surgery; S5 - Orthopedic Surgery And Procedures; S6 - Surgical Gastro Enterology; S7 - Cardiac And Cardiothoracic Surgery; S8 - Pediatric Surgeries; S9 - Genito Urinary Surgeries; S10 - Neurosurgery; S11 - Surgical Oncology; S14 - Plastic Surgery; S15 - Poly Trauma; S16 - Cochlear Implant Surgery; S17 - Prostheses; S20 - Unspecified Surgical Package; M1 - Critical Care; M2 - General Medicine; M3 - Infectious Diseases; M4 - Pediatrics; M5 - Cardiology; M6 - Nephrology; M7 - Neurology; M8 - Pulmonology; M9 - Dermatology; M10 - Rheumatology; M11 - Endocrinology; M12 - Gastroenterology; M14 - Thalassemia; M15 - Medical Oncology; M16 - Radiation Oncology
348,PHC A.D.Pally,Government-DPH,Nalgonda,Adavidevulapalli,-,Dr.Ch.Upender (9885926458); Dr.N.Swathi (7013220071),S1 - General Surgery; S2 - Ent Surgery; S3 - Ophthalmology Surgery; S4 - Gynaecology And Obstetrics Surgery; S5 - Orthopedic Surgery And Procedures; S6 - Surgical Gastro Enterology; S7 - Cardiac And Cardiothoracic Surgery; S8 - Pediatric Surgeries; S9 - Genito Urinary Surgeries; S10 - Neurosurgery; S11 - Surgical Oncology; S14 - Plastic Surgery; S15 - Poly Trauma; S16 - Cochlear Implant Surgery; S17 - Prostheses; S20 - Unspecified Surgical Package; M1 - Critical Care; M2 - General Medicine; M3 - Infectious Diseases; M4 - Pediatrics; M5 - Cardiology; M6 - Nephrology; M7 - Neurology; M8 - Pulmonology; M9 - Dermatology; M10 - Rheumatology; M11 - Endocrinology; M12 - Gastroenterology; M14 - Thalassemia; M15 - Medical Oncology; M16 - Radiation Oncology
349,PHC Abdullapurmet,Government-DPH,Rangareddy,Abdullapurmet,-,Dr. Sai Laxmi Swetha (7013190051),S1 - General Surgery; S2 - Ent Surgery; S3 - Ophthalmology Surgery; S4 - Gynaecology And Obstetrics Surgery; S5 - Orthopedic Surgery And Procedures; S6 - Surgical Gastro Enterology; S7 - Cardiac And Cardiothoracic Surgery; S8 - Pediatric Surgeries; S9 - Genito Urinary Surgeries; S10 - Neurosurgery; S11 - Surgical Oncology; S14 - Plastic Surgery; S15 - Poly Trauma; S16 - Cochlear Implant Surgery; S17 - Prostheses; S20 - Unspecified Surgical Package; M1 - Critical Care; M2 - General Medicine; M3 - Infectious Diseases; M4 - Pediatrics; M5 - Cardiology; M6 - Nephrology; M7 - Neurology; M8 - Pulmonology; M9 - Dermatology; M10 - Rheumatology; M11 - Endocrinology; M12 - Gastroenterology; M14 - Thalassemia; M15 - Medical Oncology; M16 - Radiation Oncology
350,PHC Ada,Government-DPH,Komaram Bheem Asifabad,Asifabad,-,Dr. P. Krishna Prasad (9640907373); Dr. R. Ashwini (7207465697),S1 - General Surgery; S2 - Ent Surgery; S3 - Ophthalmology Surgery; S4 - Gynaecology And Obstetrics Surgery; S5 - Orthopedic Surgery And Procedures; S6 - Surgical Gastro Enterology; S7 - Cardiac And Cardiothoracic Surgery; S8 - Pediatric Surgeries; S9 - Genito Urinary Surgeries; S10 - Neurosurgery; S11 - Surgical Oncology; S14 - Plastic Surgery; S15 - Poly Trauma; S16 - Cochlear Implant Surgery; S17 - Prostheses; S20 - Unspecified Surgical Package; M1 - Critical Care; M2 - General Medicine; M3 - Infectious Diseases; M4 - Pediatrics; M5 - Cardiology; M6 - Nephrology; M7 - Neurology; M8 - Pulmonology; M9 - Dermatology; M10 - Rheumatology; M11 - Endocrinology; M12 - Gastroenterology; M14 - Thalassemia; M15 - Medical Oncology; M16 - Radiation Oncology
351,PHC Addagudur,Government-DPH,Yadadri Bhuvanagiri,Addaguduru,-,Dr. P.Naresh (9885998526),S1 - General Surgery; S2 - Ent Surgery; S3 - Ophthalmology Surgery; S4 - Gynaecology And Obstetrics Surgery; S5 - Orthopedic Surgery And Procedures; S6 - Surgical Gastro Enterology; S7 - Cardiac And Cardiothoracic Surgery; S8 - Pediatric Surgeries; S9 - Genito Urinary Surgeries; S10 - Neurosurgery; S11 - Surgical Oncology; S14 - Plastic Surgery; S15 - Poly Trauma; S16 - Cochlear Implant Surgery; S17 - Prostheses; S20 - Unspecified Surgical Package; M1 - Critical Care; M2 - General Medicine; M3 - Infectious Diseases; M4 - Pediatrics; M5 - Cardiology; M6 - Nephrology; M7 - Neurology; M8 - Pulmonology; M9 - Dermatology; M10 - Rheumatology; M11 - Endocrinology; M12 - Gastroenterology; M14 - Thalassemia; M15 - Medical Oncology; M16 - Radiation Oncology
352,PHC Addakal,Government-DPH,Mahabubnagar,Addakal,-,Dr.Radhika (9493496616),S1 - General Surgery; S2 - Ent Surgery; S3 - Ophthalmology Surgery; S4 - Gynaecology And Obstetrics Surgery; S5 - Orthopedic Surgery And Procedures; S6 - Surgical Gastro Enterology; S7 - Cardiac And Cardiothoracic Surgery; S8 - Pediatric Surgeries; S9 - Genito Urinary Surgeries; S10 - Neurosurgery; S11 - Surgical Oncology; S14 - Plastic Surgery; S15 - Poly Trauma; S16 - Cochlear Implant Surgery; S17 - Prostheses; S20 - Unspecified Surgical Package; M1 - Critical Care; M2 - General Medicine; M3 - Infectious Diseases; M4 - Pediatrics; M5 - Cardiology; M6 - Nephrology; M7 - Neurology; M8 - Pulmonology; M9 - Dermatology; M10 - Rheumatology; M11 - Endocrinology; M12 - Gastroenterology; M14 - Thalassemia; M15 - Medical Oncology; M16 - Radiation Oncology
353,PHC Ahmadipur,Government-DPH,Siddipet,Gajwel,-,Dr.S.Prathibha Gayathri (9704452155),S1 - General Surgery; S2 - Ent Surgery; S3 - Ophthalmology Surgery; S4 - Gynaecology And Obstetrics Surgery; S5 - Orthopedic Surgery And Procedures; S6 - Surgical Gastro Enterology; S7 - Cardiac And Cardiothoracic Surgery; S8 - Pediatric Surgeries; S9 - Genito Urinary Surgeries; S10 - Neurosurgery; S11 - Surgical Oncology; S14 - Plastic Surgery; S15 - Poly Trauma; S16 - Cochlear Implant Surgery; S17 - Prostheses; S20 - Unspecified Surgical Package; M1 - Critical Care; M2 - General Medicine; M3 - Infectious Diseases; M4 - Pediatrics; M5 - Cardiology; M6 - Nephrology; M7 - Neurology; M8 - Pulmonology; M9 - Dermatology; M10 - Rheumatology; M11 - Endocrinology; M12 - Gastroenterology; M14 - Thalassemia; M15 - Medical Oncology; M16 - Radiation Oncology
354,PHC Ailapoor,Government-DPH,Jagtial,Korutla,-,Dr.Sameena Tabassum (9494870156),S1 - General Surgery; S2 - Ent Surgery; S3 - Ophthalmology Surgery; S4 - Gynaecology And Obstetrics Surgery; S5 - Orthopedic Surgery And Procedures; S6 - Surgical Gastro Enterology; S7 - Cardiac And Cardiothoracic Surgery; S8 - Pediatric Surgeries; S9 - Genito Urinary Surgeries; S10 - Neurosurgery; S11 - Surgical Oncology; S14 - Plastic Surgery; S15 - Poly Trauma; S16 - Cochlear Implant Surgery; S17 - Prostheses; S20 - Unspecified Surgical Package; M1 - Critical Care; M2 - General Medicine; M3 - Infectious Diseases; M4 - Pediatrics; M5 - Cardiology; M6 - Nephrology; M7 - Neurology; M8 - Pulmonology; M9 - Dermatology; M10 - Rheumatology; M11 - Endocrinology; M12 - Gastroenterology; M14 - Thalassemia; M15 - Medical Oncology; M16 - Radiation Oncology
355,PHC Akkannapet,Government-DPH,Siddipet,Akkannapet,-,Dr K Sowmya (7993484594),S1 - General Surgery; S2 - Ent Surgery; S3 - Ophthalmology Surgery; S4 - Gynaecology And Obstetrics Surgery; S5 - Orthopedic Surgery And Procedures; S6 - Surgical Gastro Enterology; S7 - Cardiac And Cardiothoracic Surgery; S8 - Pediatric Surgeries; S9 - Genito Urinary Surgeries; S10 - Neurosurgery; S11 - Surgical Oncology; S14 - Plastic Surgery; S15 - Poly Trauma; S16 - Cochlear Implant Surgery; S17 - Prostheses; S20 - Unspecified Surgical Package; M1 - Critical Care; M2 - General Medicine; M3 - Infectious Diseases; M4 - Pediatrics; M5 - Cardiology; M6 - Nephrology; M7 - Neurology; M8 - Pulmonology; M9 - Dermatology; M10 - Rheumatology; M11 - Endocrinology; M12 - Gastroenterology; M14 - Thalassemia; M15 - Medical Oncology; M16 - Radiation Oncology
356,PHC Akkinepally,Government-DPH,Nalgonda,Narketpally,-,Dr. A. Lahari (9701187579),S1 - General Surgery; S2 - Ent Surgery; S3 - Ophthalmology Surgery; S4 - Gynaecology And Obstetrics Surgery; S5 - Orthopedic Surgery And Procedures; S6 - Surgical Gastro Enterology; S7 - Cardiac And Cardiothoracic Surgery; S8 - Pediatric Surgeries; S9 - Genito Urinary Surgeries; S10 - Neurosurgery; S11 - Surgical Oncology; S14 - Plastic Surgery; S15 - Poly Trauma; S16 - Cochlear Implant Surgery; S17 - Prostheses; S20 - Unspecified Surgical Package; M1 - Critical Care; M2 - General Medicine; M3 - Infectious Diseases; M4 - Pediatrics; M5 - Cardiology; M6 - Nephrology; M7 - Neurology; M8 - Pulmonology; M9 - Dermatology; M10 - Rheumatology; M11 - Endocrinology; M12 - Gastroenterology; M14 - Thalassemia; M15 - Medical Oncology; M16 - Radiation Oncology
357,PHC Alagadapa,Government-DPH,Nalgonda,Miryalaguda,-,Dr.Ch. Upendar Incharge (9885926458),S1 - General Surgery; S2 - Ent Surgery; S3 - Ophthalmology Surgery; S4 - Gynaecology And Obstetrics Surgery; S5 - Orthopedic Surgery And Procedures; S6 - Surgical Gastro Enterology; S7 - Cardiac And Cardiothoracic Surgery; S8 - Pediatric Surgeries; S9 - Genito Urinary Surgeries; S10 - Neurosurgery; S11 - Surgical Oncology; S14 - Plastic Surgery; S15 - Poly Trauma; S16 - Cochlear Implant Surgery; S17 - Prostheses; S20 - Unspecified Surgical Package; M1 - Critical Care; M2 - General Medicine; M3 - Infectious Diseases; M4 - Pediatrics; M5 - Cardiology; M6 - Nephrology; M7 - Neurology; M8 - Pulmonology; M9 - Dermatology; M10 - Rheumatology; M11 - Endocrinology; M12 - Gastroenterology; M14 - Thalassemia; M15 - Medical Oncology; M16 - Radiation Oncology
358,PHC Alankhanipet,Government-DPH,Warangal,Nekkonda,-,Dr Sumanth Kumar Thangella (9182056308); Dr. Arun (9603607755),S1 - General Surgery; S2 - Ent Surgery; S3 - Ophthalmology Surgery; S4 - Gynaecology And Obstetrics Surgery; S5 - Orthopedic Surgery And Procedures; S6 - Surgical Gastro Enterology; S7 - Cardiac And Cardiothoracic Surgery; S8 - Pediatric Surgeries; S9 - Genito Urinary Surgeries; S10 - Neurosurgery; S11 - Surgical Oncology; S14 - Plastic Surgery; S15 - Poly Trauma; S16 - Cochlear Implant Surgery; S17 - Prostheses; S20 - Unspecified Surgical Package; M1 - Critical Care; M2 - General Medicine; M3 - Infectious Diseases; M4 - Pediatrics; M5 - Cardiology; M6 - Nephrology; M7 - Neurology; M8 - Pulmonology; M9 - Dermatology; M10 - Rheumatology; M11 - Endocrinology; M12 - Gastroenterology; M14 - Thalassemia; M15 - Medical Oncology; M16 - Radiation Oncology
359,PHC Alladurgh,Government-DPH,Medak,Alladurg,-,Dr.Divya Jyothi (9494820938),S1 - General Surgery; S2 - Ent Surgery; S3 - Ophthalmology Surgery; S4 - Gynaecology And Obstetrics Surgery; S5 - Orthopedic Surgery And Procedures; S6 - Surgical Gastro Enterology; S7 - Cardiac And Cardiothoracic Surgery; S8 - Pediatric Surgeries; S9 - Genito Urinary Surgeries; S10 - Neurosurgery; S11 - Surgical Oncology; S14 - Plastic Surgery; S15 - Poly Trauma; S16 - Cochlear Implant Surgery; S17 - Prostheses; S20 - Unspecified Surgical Package; M1 - Critical Care; M2 - General Medicine; M3 - Infectious Diseases; M4 - Pediatrics; M5 - Cardiology; M6 - Nephrology; M7 - Neurology; M8 - Pulmonology; M9 - Dermatology; M10 - Rheumatology; M11 - Endocrinology; M12 - Gastroenterology; M14 - Thalassemia; M15 - Medical Oncology; M16 - Radiation Oncology
360,PHC Allapalli,Government-DPH,Bhadradri Kothagudem,Gundala,-,Dr. K. Sandhya Rani (9177990988),S1 - General Surgery; S2 - Ent Surgery; S3 - Ophthalmology Surgery; S4 - Gynaecology And Obstetrics Surgery; S5 - Orthopedic Surgery And Procedures; S6 - Surgical Gastro Enterology; S7 - Cardiac And Cardiothoracic Surgery; S8 - Pediatric Surgeries; S9 - Genito Urinary Surgeries; S10 - Neurosurgery; S11 - Surgical Oncology; S14 - Plastic Surgery; S15 - Poly Trauma; S16 - Cochlear Implant Surgery; S17 - Prostheses; S20 - Unspecified Surgical Package; M1 - Critical Care; M2 - General Medicine; M3 - Infectious Diseases; M4 - Pediatrics; M5 - Cardiology; M6 - Nephrology; M7 - Neurology; M8 - Pulmonology; M9 - Dermatology; M10 - Rheumatology; M11 - Endocrinology; M12 - Gastroenterology; M14 - Thalassemia; M15 - Medical Oncology; M16 - Radiation Oncology
361,PHC Aloor,Government-DPH,Rangareddy,Chevella,-,Dr.Raghu Babu (9866027982),S1 - General Surgery; S2 - Ent Surgery; S3 - Ophthalmology Surgery; S4 - Gynaecology And Obstetrics Surgery; S5 - Orthopedic Surgery And Procedures; S6 - Surgical Gastro Enterology; S7 - Cardiac And Cardiothoracic Surgery; S8 - Pediatric Surgeries; S9 - Genito Urinary Surgeries; S10 - Neurosurgery; S11 - Surgical Oncology; S14 - Plastic Surgery; S15 - Poly Trauma; S16 - Cochlear Implant Surgery; S17 - Prostheses; S20 - Unspecified Surgical Package; M1 - Critical Care; M2 - General Medicine; M3 - Infectious Diseases; M4 - Pediatrics; M5 - Cardiology; M6 - Nephrology; M7 - Neurology; M8 - Pulmonology; M9 - Dermatology; M10 - Rheumatology; M11 - Endocrinology; M12 - Gastroenterology; M14 - Thalassemia; M15 - Medical Oncology; M16 - Radiation Oncology
362,PHC Alwal,Government,Medchal-Malkajgiri,Alwal,Ghmc,Dr.P.Prasannalaxmi (9912867605); Dr. K.Nalini (7989052369),S1 - General Surgery; S2 - Ent Surgery; S3 - Ophthalmology Surgery; S4 - Gynaecology And Obstetrics Surgery; S5 - Orthopedic Surgery And Procedures; S6 - Surgical Gastro Enterology; S7 - Cardiac And Cardiothoracic Surgery; S8 - Pediatric Surgeries; S9 - Genito Urinary Surgeries; S10 - Neurosurgery; S11 - Surgical Oncology; S14 - Plastic Surgery; S15 - Poly Trauma; S16 - Cochlear Implant Surgery; S17 - Prostheses; S20 - Unspecified Surgical Package; M1 - Critical Care; M2 - General Medicine; M3 - Infectious Diseases; M4 - Pediatrics; M5 - Cardiology; M6 - Nephrology; M7 - Neurology; M8 - Pulmonology; M9 - Dermatology; M10 - Rheumatology; M11 - Endocrinology; M12 - Gastroenterology; M14 - Thalassemia; M15 - Medical Oncology; M16 - Radiation Oncology
363,PHC Amangal,Government-DPH,Rangareddy,Amangal,Amangal,Dr.Arshad (8328423278); Dr.Parikishth (9949063620),S1 - General Surgery; S2 - Ent Surgery; S3 - Ophthalmology Surgery; S4 - Gynaecology And Obstetrics Surgery; S5 - Orthopedic Surgery And Procedures; S6 - Surgical Gastro Enterology; S7 - Cardiac And Cardiothoracic Surgery; S8 - Pediatric Surgeries; S9 - Genito Urinary Surgeries; S10 - Neurosurgery; S11 - Surgical Oncology; S14 - Plastic Surgery; S15 - Poly Trauma; S16 - Cochlear Implant Surgery; S17 - Prostheses; S20 - Unspecified Surgical Package; M1 - Critical Care; M2 - General Medicine; M3 - Infectious Diseases; M4 - Pediatrics; M5 - Cardiology; M6 - Nephrology; M7 - Neurology; M8 - Pulmonology; M9 - Dermatology; M10 - Rheumatology; M11 - Endocrinology; M12 - Gastroenterology; M14 - Thalassemia; M15 - Medical Oncology; M16 - Radiation Oncology
364,PHC Ambaripet (Old),Government-DPH,Jagtial,Kathalapur,-,Dr.G.Rachana (9573872301),S1 - General Surgery; S2 - Ent Surgery; S3 - Ophthalmology Surgery; S4 - Gynaecology And Obstetrics Surgery; S5 - Orthopedic Surgery And Procedures; S6 - Surgical Gastro Enterology; S7 - Cardiac And Cardiothoracic Surgery; S8 - Pediatric Surgeries; S9 - Genito Urinary Surgeries; S10 - Neurosurgery; S11 - Surgical Oncology; S14 - Plastic Surgery; S15 - Poly Trauma; S16 - Cochlear Implant Surgery; S17 - Prostheses; S20 - Unspecified Surgical Package; M1 - Critical Care; M2 - General Medicine; M3 - Infectious Diseases; M4 - Pediatrics; M5 - Cardiology; M6 - Nephrology; M7 - Neurology; M8 - Pulmonology; M9 - Dermatology; M10 - Rheumatology; M11 - Endocrinology; M12 - Gastroenterology; M14 - Thalassemia; M15 - Medical Oncology; M16 - Radiation Oncology
365,PHC Ambaripet New,Government-DPH,Jagtial,Velgatoor,-,Dr.Lava Kumar (9701701394),S1 - General Surgery; S2 - Ent Surgery; S3 - Ophthalmology Surgery; S4 - Gynaecology And Obstetrics Surgery; S5 - Orthopedic Surgery And Procedures; S6 - Surgical Gastro Enterology; S7 - Cardiac And Cardiothoracic Surgery; S8 - Pediatric Surgeries; S9 - Genito Urinary Surgeries; S10 - Neurosurgery; S11 - Surgical Oncology; S14 - Plastic Surgery; S15 - Poly Trauma; S16 - Cochlear Implant Surgery; S17 - Prostheses; S20 - Unspecified Surgical Package; M1 - Critical Care; M2 - General Medicine; M3 - Infectious Diseases; M4 - Pediatrics; M5 - Cardiology; M6 - Nephrology; M7 - Neurology; M8 - Pulmonology; M9 - Dermatology; M10 - Rheumatology; M11 - Endocrinology; M12 - Gastroenterology; M14 - Thalassemia; M15 - Medical Oncology; M16 - Radiation Oncology
366,PHC Ambatpally,Government-DPH,Jayashankar Bhoopalpally,Mahadevpur,-,Dr.B.Ravi Kumar Nayak (6303656307),S1 - General Surgery; S2 - Ent Surgery; S3 - Ophthalmology Surgery; S4 - Gynaecology And Obstetrics Surgery; S5 - Orthopedic Surgery And Procedures; S6 - Surgical Gastro Enterology; S7 - Cardiac And Cardiothoracic Surgery; S8 - Pediatric Surgeries; S9 - Genito Urinary Surgeries; S10 - Neurosurgery; S11 - Surgical Oncology; S14 - Plastic Surgery; S15 - Poly Trauma; S16 - Cochlear Implant Surgery; S17 - Prostheses; S20 - Unspecified Surgical Package; M1 - Critical Care; M2 - General Medicine; M3 - Infectious Diseases; M4 - Pediatrics; M5 - Cardiology; M6 - Nephrology; M7 - Neurology; M8 - Pulmonology; M9 - Dermatology; M10 - Rheumatology; M11 - Endocrinology; M12 - Gastroenterology; M14 - Thalassemia; M15 - Medical Oncology; M16 - Radiation Oncology
367,PHC Ambatpally,Government-DPH,Nagarkurnool,Lingal,-,Dr.G.Srinivasulu Gupta (9949868652),S1 - General Surgery; S2 - Ent Surgery; S3 - Ophthalmology Surgery; S4 - Gynaecology And Obstetrics Surgery; S5 - Orthopedic Surgery And Procedures; S6 - Surgical Gastro Enterology; S7 - Cardiac And Cardiothoracic Surgery; S8 - Pediatric Surgeries; S9 - Genito Urinary Surgeries; S10 - Neurosurgery; S11 - Surgical Oncology; S14 - Plastic Surgery; S15 - Poly Trauma; S16 - Cochlear Implant Surgery; S17 - Prostheses; S20 - Unspecified Surgical Package; M1 - Critical Care; M2 - General Medicine; M3 - Infectious Diseases; M4 - Pediatrics; M5 - Cardiology; M6 - Nephrology; M7 - Neurology; M8 - Pulmonology; M9 - Dermatology; M10 - Rheumatology; M11 - Endocrinology; M12 - Gastroenterology; M14 - Thalassemia; M15 - Medical Oncology; M16 - Radiation Oncology
368,PHC Ambedkar Nagar,Government-DPH,Siddipet,Siddipet Urban,Siddipet,Dr.G Himabindu (9550493756),S1 - General Surgery; S2 - Ent Surgery; S3 - Ophthalmology Surgery; S4 - Gynaecology And Obstetrics Surgery; S5 - Orthopedic Surgery And Procedures; S6 - Surgical Gastro Enterology; S7 - Cardiac And Cardiothoracic Surgery; S8 - Pediatric Surgeries; S9 - Genito Urinary Surgeries; S10 - Neurosurgery; S11 - Surgical Oncology; S14 - Plastic Surgery; S15 - Poly Trauma; S16 - Cochlear Implant Surgery; S17 - Prostheses; S20 - Unspecified Surgical Package; M1 - Critical Care; M2 - General Medicine; M3 - Infectious Diseases; M4 - Pediatrics; M5 - Cardiology; M6 - Nephrology; M7 - Neurology; M8 - Pulmonology; M9 - Dermatology; M10 - Rheumatology; M11 - Endocrinology; M12 - Gastroenterology; M14 - Thalassemia; M15 - Medical Oncology; M16 - Radiation Oncology
369,PHC Ananthagiri,Government-DPH,Suryapet,Ananthagiri,Kodad,Dr.G.Srinivasnaik (9491672197),S1 - General Surgery; S2 - Ent Surgery; S3 - Ophthalmology Surgery; S4 - Gynaecology And Obstetrics Surgery; S5 - Orthopedic Surgery And Procedures; S6 - Surgical Gastro Enterology; S7 - Cardiac And Cardiothoracic Surgery; S8 - Pediatric Surgeries; S9 - Genito Urinary Surgeries; S10 - Neurosurgery; S11 - Surgical Oncology; S14 - Plastic Surgery; S15 - Poly Trauma; S16 - Cochlear Implant Surgery; S17 - Prostheses; S20 - Unspecified Surgical Package; M1 - Critical Care; M2 - General Medicine; M3 - Infectious Diseases; M4 - Pediatrics; M5 - Cardiology; M6 - Nephrology; M7 - Neurology; M8 - Pulmonology; M9 - Dermatology; M10 - Rheumatology; M11 - Endocrinology; M12 - Gastroenterology; M14 - Thalassemia; M15 - Medical Oncology; M16 - Radiation Oncology
370,PHC Angadi Raichur,Government-DPH,Vikarabad,Kodangal,Kodangal,Dr. D. Nissy Sharon Princy (9901190302),S1 - General Surgery; S2 - Ent Surgery; S3 - Ophthalmology Surgery; S4 - Gynaecology And Obstetrics Surgery; S5 - Orthopedic Surgery And Procedures; S6 - Surgical Gastro Enterology; S7 - Cardiac And Cardiothoracic Surgery; S8 - Pediatric Surgeries; S9 - Genito Urinary Surgeries; S10 - Neurosurgery; S11 - Surgical Oncology; S14 - Plastic Surgery; S15 - Poly Trauma; S16 - Cochlear Implant Surgery; S17 - Prostheses; S20 - Unspecified Surgical Package; M1 - Critical Care; M2 - General Medicine; M3 - Infectious Diseases; M4 - Pediatrics; M5 - Cardiology; M6 - Nephrology; M7 - Neurology; M8 - Pulmonology; M9 - Dermatology; M10 - Rheumatology; M11 - Endocrinology; M12 - Gastroenterology; M14 - Thalassemia; M15 - Medical Oncology; M16 - Radiation Oncology
371,PHC Angajajpally,Government-DPH,Mancherial,Chennur,-,Dr. Aruna Sri (9849830825),S1 - General Surgery; S2 - Ent Surgery; S3 - Ophthalmology Surgery; S4 - Gynaecology And Obstetrics Surgery; S5 - Orthopedic Surgery And Procedures; S6 - Surgical Gastro Enterology; S7 - Cardiac And Cardiothoracic Surgery; S8 - Pediatric Surgeries; S9 - Genito Urinary Surgeries; S10 - Neurosurgery; S11 - Surgical Oncology; S14 - Plastic Surgery; S15 - Poly Trauma; S16 - Cochlear Implant Surgery; S17 - Prostheses; S20 - Unspecified Surgical Package; M1 - Critical Care; M2 - General Medicine; M3 - Infectious Diseases; M4 - Pediatrics; M5 - Cardiology; M6 - Nephrology; M7 - Neurology; M8 - Pulmonology; M9 - Dermatology; M10 - Rheumatology; M11 - Endocrinology; M12 - Gastroenterology; M14 - Thalassemia; M15 - Medical Oncology; M16 - Radiation Oncology
372,PHC Ankoli,Government-DPH,Adilabad,Adilabad Urban,-,Dr.A.Roja Rani (8332086760); Dr.Rahul Gadpale (9701081291),S1 - General Surgery; S2 - Ent Surgery; S3 - Ophthalmology Surgery; S4 - Gynaecology And Obstetrics Surgery; S5 - Orthopedic Surgery And Procedures; S6 - Surgical Gastro Enterology; S7 - Cardiac And Cardiothoracic Surgery; S8 - Pediatric Surgeries; S9 - Genito Urinary Surgeries; S10 - Neurosurgery; S11 - Surgical Oncology; S14 - Plastic Surgery; S15 - Poly Trauma; S16 - Cochlear Implant Surgery; S17 - Prostheses; S20 - Unspecified Surgical Package; M1 - Critical Care; M2 - General Medicine; M3 - Infectious Diseases; M4 - Pediatrics; M5 - Cardiology; M6 - Nephrology; M7 - Neurology; M8 - Pulmonology; M9 - Dermatology; M10 - Rheumatology; M11 - Endocrinology; M12 - Gastroenterology; M14 - Thalassemia; M15 - Medical Oncology; M16 - Radiation Oncology
373,PHC Annaram,Government-DPH,Kamareddy,Ramareddy,-,Dr.G.Ramu (9700074806),S1 - General Surgery; S2 - Ent Surgery; S3 - Ophthalmology Surgery; S4 - Gynaecology And Obstetrics Surgery; S5 - Orthopedic Surgery And Procedures; S6 - Surgical Gastro Enterology; S7 - Cardiac And Cardiothoracic Surgery; S8 - Pediatric Surgeries; S9 - Genito Urinary Surgeries; S10 - Neurosurgery; S11 - Surgical Oncology; S14 - Plastic Surgery; S15 - Poly Trauma; S16 - Cochlear Implant Surgery; S17 - Prostheses; S20 - Unspecified Surgical Package; M1 - Critical Care; M2 - General Medicine; M3 - Infectious Diseases; M4 - Pediatrics; M5 - Cardiology; M6 - Nephrology; M7 - Neurology; M8 - Pulmonology; M9 - Dermatology; M10 - Rheumatology; M11 - Endocrinology; M12 - Gastroenterology; M14 - Thalassemia; M15 - Medical Oncology; M16 - Radiation Oncology
374,PHC Anthergoan,Government-DPH,Peddapalli,Anthergaon,-,Dr.K.Suresh Babu (9908806552),S1 - General Surgery; S2 - Ent Surgery; S3 - Ophthalmology Surgery; S4 - Gynaecology And Obstetrics Surgery; S5 - Orthopedic Surgery And Procedures; S6 - Surgical Gastro Enterology; S7 - Cardiac And Cardiothoracic Surgery; S8 - Pediatric Surgeries; S9 - Genito Urinary Surgeries; S10 - Neurosurgery; S11 - Surgical Oncology; S14 - Plastic Surgery; S15 - Poly Trauma; S16 - Cochlear Implant Surgery; S17 - Prostheses; S20 - Unspecified Surgical Package; M1 - Critical Care; M2 - General Medicine; M3 - Infectious Diseases; M4 - Pediatrics; M5 - Cardiology; M6 - Nephrology; M7 - Neurology; M8 - Pulmonology; M9 - Dermatology; M10 - Rheumatology; M11 - Endocrinology; M12 - Gastroenterology; M14 - Thalassemia; M15 - Medical Oncology; M16 - Radiation Oncology
375,PHC Apparala,Government-DPH,Wanaparthy,Kothakota,-,Dr Praveen Kumar (8919167590),S1 - General Surgery; S2 - Ent Surgery; S3 - Ophthalmology Surgery; S4 - Gynaecology And Obstetrics Surgery; S5 - Orthopedic Surgery And Procedures; S6 - Surgical Gastro Enterology; S7 - Cardiac And Cardiothoracic Surgery; S8 - Pediatric Surgeries; S9 - Genito Urinary Surgeries; S10 - Neurosurgery; S11 - Surgical Oncology; S14 - Plastic Surgery; S15 - Poly Trauma; S16 - Cochlear Implant Surgery; S17 - Prostheses; S20 - Unspecified Surgical Package; M1 - Critical Care; M2 - General Medicine; M3 - Infectious Diseases; M4 - Pediatrics; M5 - Cardiology; M6 - Nephrology; M7 - Neurology; M8 - Pulmonology; M9 - Dermatology; M10 - Rheumatology; M11 - Endocrinology; M12 - Gastroenterology; M14 - Thalassemia; M15 - Medical Oncology; M16 - Radiation Oncology
376,PHC Arutla,Government-DPH,Rangareddy,Manchal,-,Dr.Kiran Prasad (9182676805),S1 - General Surgery; S2 - Ent Surgery; S3 - Ophthalmology Surgery; S4 - Gynaecology And Obstetrics Surgery; S5 - Orthopedic Surgery And Procedures; S6 - Surgical Gastro Enterology; S7 - Cardiac And Cardiothoracic Surgery; S8 - Pediatric Surgeries; S9 - Genito Urinary Surgeries; S10 - Neurosurgery; S11 - Surgical Oncology; S14 - Plastic Surgery; S15 - Poly Trauma; S16 - Cochlear Implant Surgery; S17 - Prostheses; S20 - Unspecified Surgical Package; M1 - Critical Care; M2 - General Medicine; M3 - Infectious Diseases; M4 - Pediatrics; M5 - Cardiology; M6 - Nephrology; M7 - Neurology; M8 - Pulmonology; M9 - Dermatology; M10 - Rheumatology; M11 - Endocrinology; M12 - Gastroenterology; M14 - Thalassemia; M15 - Medical Oncology; M16 - Radiation Oncology
377,PHC Arvapally,Government-DPH,Suryapet,Jaji Reddi Gudem (Arvapally),-,Dr G Naveen (9640974231),S1 - General Surgery; S2 - Ent Surgery; S3 - Ophthalmology Surgery; S4 - Gynaecology And Obstetrics Surgery; S5 - Orthopedic Surgery And Procedures; S6 - Surgical Gastro Enterology; S7 - Cardiac And Cardiothoracic Surgery; S8 - Pediatric Surgeries; S9 - Genito Urinary Surgeries; S10 - Neurosurgery; S11 - Surgical Oncology; S14 - Plastic Surgery; S15 - Poly Trauma; S16 - Cochlear Implant Surgery; S17 - Prostheses; S20 - Unspecified Surgical Package; M1 - Critical Care; M2 - General Medicine; M3 - Infectious Diseases; M4 - Pediatrics; M5 - Cardiology; M6 - Nephrology; M7 - Neurology; M8 - Pulmonology; M9 - Dermatology; M10 - Rheumatology; M11 - Endocrinology; M12 - Gastroenterology; M14 - Thalassemia; M15 - Medical Oncology; M16 - Radiation Oncology
378,PHC Aswapuram,Government-DPH,Bhadradri Kothagudem,Aswapuram,-,Dr. S. Manikanta Reddy (8885643395),S1 - General Surgery; S2 - Ent Surgery; S3 - Ophthalmology Surgery; S4 - Gynaecology And Obstetrics Surgery; S5 - Orthopedic Surgery And Procedures; S6 - Surgical Gastro Enterology; S7 - Cardiac And Cardiothoracic Surgery; S8 - Pediatric Surgeries; S9 - Genito Urinary Surgeries; S10 - Neurosurgery; S11 - Surgical Oncology; S14 - Plastic Surgery; S15 - Poly Trauma; S16 - Cochlear Implant Surgery; S17 - Prostheses; S20 - Unspecified Surgical Package; M1 - Critical Care; M2 - General Medicine; M3 - Infectious Diseases; M4 - Pediatrics; M5 - Cardiology; M6 - Nephrology; M7 - Neurology; M8 - Pulmonology; M9 - Dermatology; M10 - Rheumatology; M11 - Endocrinology; M12 - Gastroenterology; M14 - Thalassemia; M15 - Medical Oncology; M16 - Radiation Oncology
379,PHC Athmakur,Government-DPH,Yadadri Bhuvanagiri,Atmakur(M),-,Dr. Chinna Nayak (9866150543),S1 - General Surgery; S2 - Ent Surgery; S3 - Ophthalmology Surgery; S4 - Gynaecology And Obstetrics Surgery; S5 - Orthopedic Surgery And Procedures; S6 - Surgical Gastro Enterology; S7 - Cardiac And Cardiothoracic Surgery; S8 - Pediatric Surgeries; S9 - Genito Urinary Surgeries; S10 - Neurosurgery; S11 - Surgical Oncology; S14 - Plastic Surgery; S15 - Poly Trauma; S16 - Cochlear Implant Surgery; S17 - Prostheses; S20 - Unspecified Surgical Package; M1 - Critical Care; M2 - General Medicine; M3 - Infectious Diseases; M4 - Pediatrics; M5 - Cardiology; M6 - Nephrology; M7 - Neurology; M8 - Pulmonology; M9 - Dermatology; M10 - Rheumatology; M11 - Endocrinology; M12 - Gastroenterology; M14 - Thalassemia; M15 - Medical Oncology; M16 - Radiation Oncology
380,PHC Atmakur,Government-DPH,Sangareddy,Sadasivpet,-,Dr. A.Praveen Kumar (9849899770); Dr.Saravan Kumar .V (7032704913),S1 - General Surgery; S2 - Ent Surgery; S3 - Ophthalmology Surgery; S4 - Gynaecology And Obstetrics Surgery; S5 - Orthopedic Surgery And Procedures; S6 - Surgical Gastro Enterology; S7 - Cardiac And Cardiothoracic Surgery; S8 - Pediatric Surgeries; S9 - Genito Urinary Surgeries; S10 - Neurosurgery; S11 - Surgical Oncology; S14 - Plastic Surgery; S15 - Poly Trauma; S16 - Cochlear Implant Surgery; S17 - Prostheses; S20 - Unspecified Surgical Package; M1 - Critical Care; M2 - General Medicine; M3 - Infectious Diseases; M4 - Pediatrics; M5 - Cardiology; M6 - Nephrology; M7 - Neurology; M8 - Pulmonology; M9 - Dermatology; M10 - Rheumatology; M11 - Endocrinology; M12 - Gastroenterology; M14 - Thalassemia; M15 - Medical Oncology; M16 - Radiation Oncology
381,PHC Atmakur S,Government-DPH,Suryapet,Atmakur(S),-,P Murali Krishna (9052221010),S1 - General Surgery; S2 - Ent Surgery; S3 - Ophthalmology Surgery; S4 - Gynaecology And Obstetrics Surgery; S5 - Orthopedic Surgery And Procedures; S6 - Surgical Gastro Enterology; S7 - Cardiac And Cardiothoracic Surgery; S8 - Pediatric Surgeries; S9 - Genito Urinary Surgeries; S10 - Neurosurgery; S11 - Surgical Oncology; S14 - Plastic Surgery; S15 - Poly Trauma; S16 - Cochlear Implant Surgery; S17 - Prostheses; S20 - Unspecified Surgical Package; M1 - Critical Care; M2 - General Medicine; M3 - Infectious Diseases; M4 - Pediatrics; M5 - Cardiology; M6 - Nephrology; M7 - Neurology; M8 - Pulmonology; M9 - Dermatology; M10 - Rheumatology; M11 - Endocrinology; M12 - Gastroenterology; M14 - Thalassemia; M15 - Medical Oncology; M16 - Radiation Oncology
382,PHC Avancha,Government,Nagarkurnool,Thimmajipeta,-,Dr.T.Manjulavani (9866851661),S1 - General Surgery; S2 - Ent Surgery; S3 - Ophthalmology Surgery; S4 - Gynaecology And Obstetrics Surgery; S5 - Orthopedic Surgery And Procedures; S6 - Surgical Gastro Enterology; S7 - Cardiac And Cardiothoracic Surgery; S8 - Pediatric Surgeries; S9 - Genito Urinary Surgeries; S10 - Neurosurgery; S11 - Surgical Oncology; S14 - Plastic Surgery; S15 - Poly Trauma; S16 - Cochlear Implant Surgery; S17 - Prostheses; S20 - Unspecified Surgical Package; M1 - Critical Care; M2 - General Medicine; M3 - Infectious Diseases; M4 - Pediatrics; M5 - Cardiology; M6 - Nephrology; M7 - Neurology; M8 - Pulmonology; M9 - Dermatology; M10 - Rheumatology; M11 - Endocrinology; M12 - Gastroenterology; M14 - Thalassemia; M15 - Medical Oncology; M16 - Radiation Oncology
383,PHC Azamnagar,Government-DPH,Jayashankar Bhoopalpally,Bhupalpalle,-,Dr.G.Chandrashekar (8978822273); Dr.Prashanth Reddy (8639908596),S1 - General Surgery; S2 - Ent Surgery; S3 - Ophthalmology Surgery; S4 - Gynaecology And Obstetrics Surgery; S5 - Orthopedic Surgery And Procedures; S6 - Surgical Gastro Enterology; S7 - Cardiac And Cardiothoracic Surgery; S8 - Pediatric Surgeries; S9 - Genito Urinary Surgeries; S10 - Neurosurgery; S11 - Surgical Oncology; S14 - Plastic Surgery; S15 - Poly Trauma; S16 - Cochlear Implant Surgery; S17 - Prostheses; S20 - Unspecified Surgical Package; M1 - Critical Care; M2 - General Medicine; M3 - Infectious Diseases; M4 - Pediatrics; M5 - Cardiology; M6 - Nephrology; M7 - Neurology; M8 - Pulmonology; M9 - Dermatology; M10 - Rheumatology; M11 - Endocrinology; M12 - Gastroenterology; M14 - Thalassemia; M15 - Medical Oncology; M16 - Radiation Oncology
384,PHC Babapur Gangapur,Government-DPH,Komaram Bheem Asifabad,Kouthala,-,Dr D Sunkanna (9492612131); Dr U Venkatesh (9908910843),S1 - General Surgery; S2 - Ent Surgery; S3 - Ophthalmology Surgery; S4 - Gynaecology And Obstetrics Surgery; S5 - Orthopedic Surgery And Procedures; S6 - Surgical Gastro Enterology; S7 - Cardiac And Cardiothoracic Surgery; S8 - Pediatric Surgeries; S9 - Genito Urinary Surgeries; S10 - Neurosurgery; S11 - Surgical Oncology; S14 - Plastic Surgery; S15 - Poly Trauma; S16 - Cochlear Implant Surgery; S17 - Prostheses; S20 - Unspecified Surgical Package; M1 - Critical Care; M2 - General Medicine; M3 - Infectious Diseases; M4 - Pediatrics; M5 - Cardiology; M6 - Nephrology; M7 - Neurology; M8 - Pulmonology; M9 - Dermatology; M10 - Rheumatology; M11 - Endocrinology; M12 - Gastroenterology; M14 - Thalassemia; M15 - Medical Oncology; M16 - Radiation Oncology
385,PHC Balapala,Government-DPH,Mahabubabad,Bayyaram,-,Dr. B.Raj Kumar (7661951857),S1 - General Surgery; S2 - Ent Surgery; S3 - Ophthalmology Surgery; S4 - Gynaecology And Obstetrics Surgery; S5 - Orthopedic Surgery And Procedures; S6 - Surgical Gastro Enterology; S7 - Cardiac And Cardiothoracic Surgery; S8 - Pediatric Surgeries; S9 - Genito Urinary Surgeries; S10 - Neurosurgery; S11 - Surgical Oncology; S14 - Plastic Surgery; S15 - Poly Trauma; S16 - Cochlear Implant Surgery; S17 - Prostheses; S20 - Unspecified Surgical Package; M1 - Critical Care; M2 - General Medicine; M3 - Infectious Diseases; M4 - Pediatrics; M5 - Cardiology; M6 - Nephrology; M7 - Neurology; M8 - Pulmonology; M9 - Dermatology; M10 - Rheumatology; M11 - Endocrinology; M12 - Gastroenterology; M14 - Thalassemia; M15 - Medical Oncology; M16 - Radiation Oncology
386,PHC Balapala,Government-DPH,Mahabubabad,Kuravi,-,Dr.Gopu L (9493376656); Dr.Gopi L (9493376656),S1 - General Surgery; S2 - Ent Surgery; S3 - Ophthalmology Surgery; S4 - Gynaecology And Obstetrics Surgery; S5 - Orthopedic Surgery And Procedures; S6 - Surgical Gastro Enterology; S7 - Cardiac And Cardiothoracic Surgery; S8 - Pediatric Surgeries; S9 - Genito Urinary Surgeries; S10 - Neurosurgery; S11 - Surgical Oncology; S14 - Plastic Surgery; S15 - Poly Trauma; S16 - Cochlear Implant Surgery; S17 - Prostheses; S20 - Unspecified Surgical Package; M1 - Critical Care; M2 - General Medicine; M3 - Infectious Diseases; M4 - Pediatrics; M5 - Cardiology; M6 - Nephrology; M7 - Neurology; M8 - Pulmonology; M9 - Dermatology; M10 - Rheumatology; M11 - Endocrinology; M12 - Gastroenterology; M14 - Thalassemia; M15 - Medical Oncology; M16 - Radiation Oncology
387,PHC Balmoor,Government-DPH,Nagarkurnool,Balmoor,-,Dr. Shivakumar (7674954648),S1 - General Surgery; S2 - Ent Surgery; S3 - Ophthalmology Surgery; S4 - Gynaecology And Obstetrics Surgery; S5 - Orthopedic Surgery And Procedures; S6 - Surgical Gastro Enterology; S7 - Cardiac And Cardiothoracic Surgery; S8 - Pediatric Surgeries; S9 - Genito Urinary Surgeries; S10 - Neurosurgery; S11 - Surgical Oncology; S14 - Plastic Surgery; S15 - Poly Trauma; S16 - Cochlear Implant Surgery; S17 - Prostheses; S20 - Unspecified Surgical Package; M1 - Critical Care; M2 - General Medicine; M3 - Infectious Diseases; M4 - Pediatrics; M5 - Cardiology; M6 - Nephrology; M7 - Neurology; M8 - Pulmonology; M9 - Dermatology; M10 - Rheumatology; M11 - Endocrinology; M12 - Gastroenterology; M14 - Thalassemia; M15 - Medical Oncology; M16 - Radiation Oncology
388,PHC Banigandlapadu,Government-DPH,Khammam,Yerrupalem,-,"Dr.G.Raju (9000593703); Dr,B.Sudhakarnaik,Cas (7893462790)",S1 - General Surgery; S2 - Ent Surgery; S3 - Ophthalmology Surgery; S4 - Gynaecology And Obstetrics Surgery; S5 - Orthopedic Surgery And Procedures; S6 - Surgical Gastro Enterology; S7 - Cardiac And Cardiothoracic Surgery; S8 - Pediatric Surgeries; S9 - Genito Urinary Surgeries; S10 - Neurosurgery; S11 - Surgical Oncology; S14 - Plastic Surgery; S15 - Poly Trauma; S16 - Cochlear Implant Surgery; S17 - Prostheses; S20 - Unspecified Surgical Package; M1 - Critical Care; M2 - General Medicine; M3 - Infectious Diseases; M4 - Pediatrics; M5 - Cardiology; M6 - Nephrology; M7 - Neurology; M8 - Pulmonology; M9 - Dermatology; M10 - Rheumatology; M11 - Endocrinology; M12 - Gastroenterology; M14 - Thalassemia; M15 - Medical Oncology; M16 - Radiation Oncology
389,PHC Banojipet,Government-DPH,Warangal,Narsampet,-,Dr.A.Bhoopesh (8125184050),S1 - General Surgery; S2 - Ent Surgery; S3 - Ophthalmology Surgery; S4 - Gynaecology And Obstetrics Surgery; S5 - Orthopedic Surgery And Procedures; S6 - Surgical Gastro Enterology; S7 - Cardiac And Cardiothoracic Surgery; S8 - Pediatric Surgeries; S9 - Genito Urinary Surgeries; S10 - Neurosurgery; S11 - Surgical Oncology; S14 - Plastic Surgery; S15 - Poly Trauma; S16 - Cochlear Implant Surgery; S17 - Prostheses; S20 - Unspecified Surgical Package; M1 - Critical Care; M2 - General Medicine; M3 - Infectious Diseases; M4 - Pediatrics; M5 - Cardiology; M6 - Nephrology; M7 - Neurology; M8 - Pulmonology; M9 - Dermatology; M10 - Rheumatology; M11 - Endocrinology; M12 - Gastroenterology; M14 - Thalassemia; M15 - Medical Oncology; M16 - Radiation Oncology
390,PHC Bantwaram,Government-DPH,Vikarabad,Bantwaram,-,Dr. S. Rohith (9652099435),S1 - General Surgery; S2 - Ent Surgery; S3 - Ophthalmology Surgery; S4 - Gynaecology And Obstetrics Surgery; S5 - Orthopedic Surgery And Procedures; S6 - Surgical Gastro Enterology; S7 - Cardiac And Cardiothoracic Surgery; S8 - Pediatric Surgeries; S9 - Genito Urinary Surgeries; S10 - Neurosurgery; S11 - Surgical Oncology; S14 - Plastic Surgery; S15 - Poly Trauma; S16 - Cochlear Implant Surgery; S17 - Prostheses; S20 - Unspecified Surgical Package; M1 - Critical Care; M2 - General Medicine; M3 - Infectious Diseases; M4 - Pediatrics; M5 - Cardiology; M6 - Nephrology; M7 - Neurology; M8 - Pulmonology; M9 - Dermatology; M10 - Rheumatology; M11 - Endocrinology; M12 - Gastroenterology; M14 - Thalassemia; M15 - Medical Oncology; M16 - Radiation Oncology
391,PHC Basanthnagar,Government-DPH,Peddapalli,Palakurthy,-,Dr.M.Kishore Kumar (8096600569),S1 - General Surgery; S2 - Ent Surgery; S3 - Ophthalmology Surgery; S4 - Gynaecology And Obstetrics Surgery; S5 - Orthopedic Surgery And Procedures; S6 - Surgical Gastro Enterology; S7 - Cardiac And Cardiothoracic Surgery; S8 - Pediatric Surgeries; S9 - Genito Urinary Surgeries; S10 - Neurosurgery; S11 - Surgical Oncology; S14 - Plastic Surgery; S15 - Poly Trauma; S16 - Cochlear Implant Surgery; S17 - Prostheses; S20 - Unspecified Surgical Package; M1 - Critical Care; M2 - General Medicine; M3 - Infectious Diseases; M4 - Pediatrics; M5 - Cardiology; M6 - Nephrology; M7 - Neurology; M8 - Pulmonology; M9 - Dermatology; M10 - Rheumatology; M11 - Endocrinology; M12 - Gastroenterology; M14 - Thalassemia; M15 - Medical Oncology; M16 - Radiation Oncology
392,PHC Basar,Government-DPH,Nirmal,Basar,-,Dr Jadhav Srikanth (8897383635),S1 - General Surgery; S2 - Ent Surgery; S3 - Ophthalmology Surgery; S4 - Gynaecology And Obstetrics Surgery; S5 - Orthopedic Surgery And Procedures; S6 - Surgical Gastro Enterology; S7 - Cardiac And Cardiothoracic Surgery; S8 - Pediatric Surgeries; S9 - Genito Urinary Surgeries; S10 - Neurosurgery; S11 - Surgical Oncology; S14 - Plastic Surgery; S15 - Poly Trauma; S16 - Cochlear Implant Surgery; S17 - Prostheses; S20 - Unspecified Surgical Package; M1 - Critical Care; M2 - General Medicine; M3 - Infectious Diseases; M4 - Pediatrics; M5 - Cardiology; M6 - Nephrology; M7 - Neurology; M8 - Pulmonology; M9 - Dermatology; M10 - Rheumatology; M11 - Endocrinology; M12 - Gastroenterology; M14 - Thalassemia; M15 - Medical Oncology; M16 - Radiation Oncology
393,PHC Bazarahatnoor,Government-DPH,Adilabad,Bazarhatnoor,-,Dr. Bheem Rao(7036855669),S1 - General Surgery; S2 - Ent Surgery; S3 - Ophthalmology Surgery; S4 - Gynaecology And Obstetrics Surgery; S5 - Orthopedic Surgery And Procedures; S6 - Surgical Gastro Enterology; S7 - Cardiac And Cardiothoracic Surgery; S8 - Pediatric Surgeries; S9 - Genito Urinary Surgeries; S10 - Neurosurgery; S11 - Surgical Oncology; S14 - Plastic Surgery; S15 - Poly Trauma; S16 - Cochlear Implant Surgery; S17 - Prostheses; M1 - Critical Care; M2 - General Medicine; M3 - Infectious Diseases; M4 - Pediatrics; M5 - Cardiology; M6 - Nephrology; M7 - Neurology; M8 - Pulmonology; M9 - Dermatology; M10 - Rheumatology; M11 - Endocrinology; M12 - Gastroenterology; M14 - Thalassemia; S19.1 - Liver Transplantation Surgery; S19.2 - Heart Transplantation Surgery; S19.3 - Renal Transplantation Surgery; S19.4 - Lung Transplantation Surgery; S19.5 - Allogenic Stem Cell Transplantation; S19.6 - Autologous Stem Cell Transplantation; S19.7 - Heart And Lung Transplantation Surgery; M15 - Medical Oncology; M16 - Radiation Oncology
394,PHC Begumpet,Government-DPH,Peddapalli,Ramagiri,-,Dr.M.Sampath (9000509601),S1 - General Surgery; S2 - Ent Surgery; S3 - Ophthalmology Surgery; S4 - Gynaecology And Obstetrics Surgery; S5 - Orthopedic Surgery And Procedures; S6 - Surgical Gastro Enterology; S7 - Cardiac And Cardiothoracic Surgery; S8 - Pediatric Surgeries; S9 - Genito Urinary Surgeries; S10 - Neurosurgery; S11 - Surgical Oncology; S14 - Plastic Surgery; S15 - Poly Trauma; S16 - Cochlear Implant Surgery; S17 - Prostheses; S20 - Unspecified Surgical Package; M1 - Critical Care; M2 - General Medicine; M3 - Infectious Diseases; M4 - Pediatrics; M5 - Cardiology; M6 - Nephrology; M7 - Neurology; M8 - Pulmonology; M9 - Dermatology; M10 - Rheumatology; M11 - Endocrinology; M12 - Gastroenterology; M14 - Thalassemia; M15 - Medical Oncology; M16 - Radiation Oncology
395,PHC Bejjanki,Government-DPH,Siddipet,Bejjanki,-,Dr.Ps.Vinodbobji (9391174331),S1 - General Surgery; S2 - Ent Surgery; S3 - Ophthalmology Surgery; S4 - Gynaecology And Obstetrics Surgery; S5 - Orthopedic Surgery And Procedures; S6 - Surgical Gastro Enterology; S7 - Cardiac And Cardiothoracic Surgery; S8 - Pediatric Surgeries; S9 - Genito Urinary Surgeries; S10 - Neurosurgery; S11 - Surgical Oncology; S14 - Plastic Surgery; S15 - Poly Trauma; S16 - Cochlear Implant Surgery; S17 - Prostheses; S20 - Unspecified Surgical Package; M1 - Critical Care; M2 - General Medicine; M3 - Infectious Diseases; M4 - Pediatrics; M5 - Cardiology; M6 - Nephrology; M7 - Neurology; M8 - Pulmonology; M9 - Dermatology; M10 - Rheumatology; M11 - Endocrinology; M12 - Gastroenterology; M14 - Thalassemia; M15 - Medical Oncology; M16 - Radiation Oncology
396,PHC Bejjur,Government-DPH,Komaram Bheem Asifabad,Bejjur,-,Dr Krushi (8374885438),S1 - General Surgery; S2 - Ent Surgery; S3 - Ophthalmology Surgery; S4 - Gynaecology And Obstetrics Surgery; S5 - Orthopedic Surgery And Procedures; S6 - Surgical Gastro Enterology; S7 - Cardiac And Cardiothoracic Surgery; S8 - Pediatric Surgeries; S9 - Genito Urinary Surgeries; S10 - Neurosurgery; S11 - Surgical Oncology; S14 - Plastic Surgery; S15 - Poly Trauma; S16 - Cochlear Implant Surgery; S17 - Prostheses; S20 - Unspecified Surgical Package; M1 - Critical Care; M2 - General Medicine; M3 - Infectious Diseases; M4 - Pediatrics; M5 - Cardiology; M6 - Nephrology; M7 - Neurology; M8 - Pulmonology; M9 - Dermatology; M10 - Rheumatology; M11 - Endocrinology; M12 - Gastroenterology; M14 - Thalassemia; M15 - Medical Oncology; M16 - Radiation Oncology
397,PHC Bela,Government-DPH,Adilabad,Bela,-,Dr Vijayabhupathi (9014677757),S1 - General Surgery; S2 - Ent Surgery; S3 - Ophthalmology Surgery; S4 - Gynaecology And Obstetrics Surgery; S5 - Orthopedic Surgery And Procedures; S6 - Surgical Gastro Enterology; S7 - Cardiac And Cardiothoracic Surgery; S8 - Pediatric Surgeries; S9 - Genito Urinary Surgeries; S10 - Neurosurgery; S11 - Surgical Oncology; S14 - Plastic Surgery; S15 - Poly Trauma; S16 - Cochlear Implant Surgery; S17 - Prostheses; S20 - Unspecified Surgical Package; M1 - Critical Care; M2 - General Medicine; M3 - Infectious Diseases; M4 - Pediatrics; M5 - Cardiology; M6 - Nephrology; M7 - Neurology; M8 - Pulmonology; M9 - Dermatology; M10 - Rheumatology; M11 - Endocrinology; M12 - Gastroenterology; M14 - Thalassemia; M15 - Medical Oncology; M16 - Radiation Oncology
398,PHC Bhatpally,Government-DPH,Komaram Bheem Asifabad,Kagaznagar,-,Dr. Afsana Khanam (7995928772),S1 - General Surgery; S2 - Ent Surgery; S3 - Ophthalmology Surgery; S4 - Gynaecology And Obstetrics Surgery; S5 - Orthopedic Surgery And Procedures; S6 - Surgical Gastro Enterology; S7 - Cardiac And Cardiothoracic Surgery; S8 - Pediatric Surgeries; S9 - Genito Urinary Surgeries; S10 - Neurosurgery; S11 - Surgical Oncology; S14 - Plastic Surgery; S15 - Poly Trauma; S16 - Cochlear Implant Surgery; S17 - Prostheses; S20 - Unspecified Surgical Package; M1 - Critical Care; M2 - General Medicine; M3 - Infectious Diseases; M4 - Pediatrics; M5 - Cardiology; M6 - Nephrology; M7 - Neurology; M8 - Pulmonology; M9 - Dermatology; M10 - Rheumatology; M11 - Endocrinology; M12 - Gastroenterology; M14 - Thalassemia; M15 - Medical Oncology; M16 - Radiation Oncology
399,PHC Bheemini,Government-DPH,Mancherial,Bheemini,-,Dr. Srinivas (9849732157),S1 - General Surgery; S2 - Ent Surgery; S3 - Ophthalmology Surgery; S4 - Gynaecology And Obstetrics Surgery; S5 - Orthopedic Surgery And Procedures; S6 - Surgical Gastro Enterology; S7 - Cardiac And Cardiothoracic Surgery; S8 - Pediatric Surgeries; S9 - Genito Urinary Surgeries; S10 - Neurosurgery; S11 - Surgical Oncology; S14 - Plastic Surgery; S15 - Poly Trauma; S16 - Cochlear Implant Surgery; S17 - Prostheses; S20 - Unspecified Surgical Package; M1 - Critical Care; M2 - General Medicine; M3 - Infectious Diseases; M4 - Pediatrics; M5 - Cardiology; M6 - Nephrology; M7 - Neurology; M8 - Pulmonology; M9 - Dermatology; M10 - Rheumatology; M11 - Endocrinology; M12 - Gastroenterology; M14 - Thalassemia; M15 - Medical Oncology; M16 - Radiation Oncology
400,PHC Bheempur,Government-DPH,Adilabad,Bheempur,-,Dr Vijayasarathy (9502793572),S1 - General Surgery; S2 - Ent Surgery; S3 - Ophthalmology Surgery; S4 - Gynaecology And Obstetrics Surgery; S5 - Orthopedic Surgery And Procedures; S6 - Surgical Gastro Enterology; S7 - Cardiac And Cardiothoracic Surgery; S8 - Pediatric Surgeries; S9 - Genito Urinary Surgeries; S10 - Neurosurgery; S11 - Surgical Oncology; S14 - Plastic Surgery; S15 - Poly Trauma; S16 - Cochlear Implant Surgery; S17 - Prostheses; S20 - Unspecified Surgical Package; M1 - Critical Care; M2 - General Medicine; M3 - Infectious Diseases; M4 - Pediatrics; M5 - Cardiology; M6 - Nephrology; M7 - Neurology; M8 - Pulmonology; M9 - Dermatology; M10 - Rheumatology; M11 - Endocrinology; M12 - Gastroenterology; M14 - Thalassemia; M15 - Medical Oncology; M16 - Radiation Oncology
401,PHC Bhiknoor,Government-DPH,Kamareddy,Bhiknur,-,Dr.N.Chandramouli (7893161573),S1 - General Surgery; S2 - Ent Surgery; S3 - Ophthalmology Surgery; S4 - Gynaecology And Obstetrics Surgery; S5 - Orthopedic Surgery And Procedures; S6 - Surgical Gastro Enterology; S7 - Cardiac And Cardiothoracic Surgery; S8 - Pediatric Surgeries; S9 - Genito Urinary Surgeries; S10 - Neurosurgery; S11 - Surgical Oncology; S14 - Plastic Surgery; S15 - Poly Trauma; S16 - Cochlear Implant Surgery; S17 - Prostheses; S20 - Unspecified Surgical Package; M1 - Critical Care; M2 - General Medicine; M3 - Infectious Diseases; M4 - Pediatrics; M5 - Cardiology; M6 - Nephrology; M7 - Neurology; M8 - Pulmonology; M9 - Dermatology; M10 - Rheumatology; M11 - Endocrinology; M12 - Gastroenterology; M14 - Thalassemia; M15 - Medical Oncology; M16 - Radiation Oncology
402,PHC Bhongir,Government,Yadadri Bhuvanagiri,Bhongir,Bhongir,Dr. Suman Kalyan (9949997989),S1 - General Surgery; S2 - Ent Surgery; S3 - Ophthalmology Surgery; S4 - Gynaecology And Obstetrics Surgery; S5 - Orthopedic Surgery And Procedures; S6 - Surgical Gastro Enterology; S7 - Cardiac And Cardiothoracic Surgery; S8 - Pediatric Surgeries; S9 - Genito Urinary Surgeries; S10 - Neurosurgery; S11 - Surgical Oncology; S14 - Plastic Surgery; S15 - Poly Trauma; S16 - Cochlear Implant Surgery; S17 - Prostheses; S20 - Unspecified Surgical Package; M1 - Critical Care; M2 - General Medicine; M3 - Infectious Diseases; M4 - Pediatrics; M5 - Cardiology; M6 - Nephrology; M7 - Neurology; M8 - Pulmonology; M9 - Dermatology; M10 - Rheumatology; M11 - Endocrinology; M12 - Gastroenterology; M14 - Thalassemia; M15 - Medical Oncology; M16 - Radiation Oncology
403,PHC Bhoompally,Government-DPH,Siddipet,Mirdoddi,-,Dr K Mallikarjun (7989284809),S1 - General Surgery; S2 - Ent Surgery; S3 - Ophthalmology Surgery; S4 - Gynaecology And Obstetrics Surgery; S5 - Orthopedic Surgery And Procedures; S6 - Surgical Gastro Enterology; S7 - Cardiac And Cardiothoracic Surgery; S8 - Pediatric Surgeries; S9 - Genito Urinary Surgeries; S10 - Neurosurgery; S11 - Surgical Oncology; S14 - Plastic Surgery; S15 - Poly Trauma; S16 - Cochlear Implant Surgery; S17 - Prostheses; S20 - Unspecified Surgical Package; M1 - Critical Care; M2 - General Medicine; M3 - Infectious Diseases; M4 - Pediatrics; M5 - Cardiology; M6 - Nephrology; M7 - Neurology; M8 - Pulmonology; M9 - Dermatology; M10 - Rheumatology; M11 - Endocrinology; M12 - Gastroenterology; M14 - Thalassemia; M15 - Medical Oncology; M16 - Radiation Oncology
404,PHC Bhoothpur,Government-DPH,Mahabubnagar,Bhoothpur,-,Dr Sandhya Kiran Mai (8008297534),S1 - General Surgery; S2 - Ent Surgery; S3 - Ophthalmology Surgery; S4 - Gynaecology And Obstetrics Surgery; S5 - Orthopedic Surgery And Procedures; S6 - Surgical Gastro Enterology; S7 - Cardiac And Cardiothoracic Surgery; S8 - Pediatric Surgeries; S9 - Genito Urinary Surgeries; S10 - Neurosurgery; S11 - Surgical Oncology; S14 - Plastic Surgery; S15 - Poly Trauma; S16 - Cochlear Implant Surgery; S17 - Prostheses; S20 - Unspecified Surgical Package; M1 - Critical Care; M2 - General Medicine; M3 - Infectious Diseases; M4 - Pediatrics; M5 - Cardiology; M6 - Nephrology; M7 - Neurology; M8 - Pulmonology; M9 - Dermatology; M10 - Rheumatology; M11 - Endocrinology; M12 - Gastroenterology; M14 - Thalassemia; M15 - Medical Oncology; M16 - Radiation Oncology
405,PHC Bibinagar,Government-DPH,Yadadri Bhuvanagiri,Bibinagar,-,Dr.Satya Prakash (9121615696),S1 - General Surgery; S2 - Ent Surgery; S3 - Ophthalmology Surgery; S4 - Gynaecology And Obstetrics Surgery; S5 - Orthopedic Surgery And Procedures; S6 - Surgical Gastro Enterology; S7 - Cardiac And Cardiothoracic Surgery; S8 - Pediatric Surgeries; S9 - Genito Urinary Surgeries; S10 - Neurosurgery; S11 - Surgical Oncology; S14 - Plastic Surgery; S15 - Poly Trauma; S16 - Cochlear Implant Surgery; S17 - Prostheses; S20 - Unspecified Surgical Package; M1 - Critical Care; M2 - General Medicine; M3 - Infectious Diseases; M4 - Pediatrics; M5 - Cardiology; M6 - Nephrology; M7 - Neurology; M8 - Pulmonology; M9 - Dermatology; M10 - Rheumatology; M11 - Endocrinology; M12 - Gastroenterology; M14 - Thalassemia; M15 - Medical Oncology; M16 - Radiation Oncology
406,PHC Bibipet,Government-DPH,Kamareddy,Bibipet,-,Dr.Saikumar (9550908501),S1 - General Surgery; S2 - Ent Surgery; S3 - Ophthalmology Surgery; S4 - Gynaecology And Obstetrics Surgery; S5 - Orthopedic Surgery And Procedures; S6 - Surgical Gastro Enterology; S7 - Cardiac And Cardiothoracic Surgery; S8 - Pediatric Surgeries; S9 - Genito Urinary Surgeries; S10 - Neurosurgery; S11 - Surgical Oncology; S14 - Plastic Surgery; S15 - Poly Trauma; S16 - Cochlear Implant Surgery; S17 - Prostheses; S20 - Unspecified Surgical Package; M1 - Critical Care; M2 - General Medicine; M3 - Infectious Diseases; M4 - Pediatrics; M5 - Cardiology; M6 - Nephrology; M7 - Neurology; M8 - Pulmonology; M9 - Dermatology; M10 - Rheumatology; M11 - Endocrinology; M12 - Gastroenterology; M14 - Thalassemia; M15 - Medical Oncology; M16 - Radiation Oncology
407,PHC Bijnapally,Government-DPH,Nagarkurnool,Bijinapalle,-,Drg.Sainath (8309564515),S1 - General Surgery; S2 - Ent Surgery; S3 - Ophthalmology Surgery; S4 - Gynaecology And Obstetrics Surgery; S5 - Orthopedic Surgery And Procedures; S6 - Surgical Gastro Enterology; S7 - Cardiac And Cardiothoracic Surgery; S8 - Pediatric Surgeries; S9 - Genito Urinary Surgeries; S10 - Neurosurgery; S11 - Surgical Oncology; S14 - Plastic Surgery; S15 - Poly Trauma; S16 - Cochlear Implant Surgery; S17 - Prostheses; S20 - Unspecified Surgical Package; M1 - Critical Care; M2 - General Medicine; M3 - Infectious Diseases; M4 - Pediatrics; M5 - Cardiology; M6 - Nephrology; M7 - Neurology; M8 - Pulmonology; M9 - Dermatology; M10 - Rheumatology; M11 - Endocrinology; M12 - Gastroenterology; M14 - Thalassemia; M15 - Medical Oncology; M16 - Radiation Oncology
408,PHC Bilalpur,Government-DPH,Sangareddy,Kohir,-,Dr.Rajkumar Patlola (9989103030),S1 - General Surgery; S2 - Ent Surgery; S3 - Ophthalmology Surgery; S4 - Gynaecology And Obstetrics Surgery; S5 - Orthopedic Surgery And Procedures; S6 - Surgical Gastro Enterology; S7 - Cardiac And Cardiothoracic Surgery; S8 - Pediatric Surgeries; S9 - Genito Urinary Surgeries; S10 - Neurosurgery; S11 - Surgical Oncology; S14 - Plastic Surgery; S15 - Poly Trauma; S16 - Cochlear Implant Surgery; S17 - Prostheses; S20 - Unspecified Surgical Package; M1 - Critical Care; M2 - General Medicine; M3 - Infectious Diseases; M4 - Pediatrics; M5 - Cardiology; M6 - Nephrology; M7 - Neurology; M8 - Pulmonology; M9 - Dermatology; M10 - Rheumatology; M11 - Endocrinology; M12 - Gastroenterology; M14 - Thalassemia; M15 - Medical Oncology; M16 - Radiation Oncology
409,PHC Binola,Government-DPH,Nizamabad,Navipet,-,Dr.Tarunum Naaz (),S1 - General Surgery; S2 - Ent Surgery; S3 - Ophthalmology Surgery; S4 - Gynaecology And Obstetrics Surgery; S5 - Orthopedic Surgery And Procedures; S6 - Surgical Gastro Enterology; S7 - Cardiac And Cardiothoracic Surgery; S8 - Pediatric Surgeries; S9 - Genito Urinary Surgeries; S10 - Neurosurgery; S11 - Surgical Oncology; S14 - Plastic Surgery; S15 - Poly Trauma; S16 - Cochlear Implant Surgery; S17 - Prostheses; M1 - Critical Care; M2 - General Medicine; M3 - Infectious Diseases; M4 - Pediatrics; M5 - Cardiology; M6 - Nephrology; M7 - Neurology; M8 - Pulmonology; M9 - Dermatology; M10 - Rheumatology; M11 - Endocrinology; M12 - Gastroenterology; M14 - Thalassemia; S19.1 - Liver Transplantation Surgery; S19.2 - Heart Transplantation Surgery; S19.3 - Renal Transplantation Surgery; S19.4 - Lung Transplantation Surgery; S19.5 - Allogenic Stem Cell Transplantation; S19.6 - Autologous Stem Cell Transplantation; S19.7 - Heart And Lung Transplantation Surgery; M15 - Medical Oncology; M16 - Radiation Oncology
410,PHC Birkoor,Government-DPH,Kamareddy,Birkoor,Banswada,Dr.M.G.Raja Ramesh (9177980936),S1 - General Surgery; S2 - Ent Surgery; S3 - Ophthalmology Surgery; S4 - Gynaecology And Obstetrics Surgery; S5 - Orthopedic Surgery And Procedures; S6 - Surgical Gastro Enterology; S7 - Cardiac And Cardiothoracic Surgery; S8 - Pediatric Surgeries; S9 - Genito Urinary Surgeries; S10 - Neurosurgery; S11 - Surgical Oncology; S14 - Plastic Surgery; S15 - Poly Trauma; S16 - Cochlear Implant Surgery; S17 - Prostheses; S20 - Unspecified Surgical Package; M1 - Critical Care; M2 - General Medicine; M3 - Infectious Diseases; M4 - Pediatrics; M5 - Cardiology; M6 - Nephrology; M7 - Neurology; M8 - Pulmonology; M9 - Dermatology; M10 - Rheumatology; M11 - Endocrinology; M12 - Gastroenterology; M14 - Thalassemia; M15 - Medical Oncology; M16 - Radiation Oncology
411,PHC Boddupally,Government-DPH,Nalgonda,Chintha Pally,-,Dr Vijaya (9951975554),S1 - General Surgery; S2 - Ent Surgery; S3 - Ophthalmology Surgery; S4 - Gynaecology And Obstetrics Surgery; S5 - Orthopedic Surgery And Procedures; S6 - Surgical Gastro Enterology; S7 - Cardiac And Cardiothoracic Surgery; S8 - Pediatric Surgeries; S9 - Genito Urinary Surgeries; S10 - Neurosurgery; S11 - Surgical Oncology; S14 - Plastic Surgery; S15 - Poly Trauma; S16 - Cochlear Implant Surgery; S17 - Prostheses; S20 - Unspecified Surgical Package; M1 - Critical Care; M2 - General Medicine; M3 - Infectious Diseases; M4 - Pediatrics; M5 - Cardiology; M6 - Nephrology; M7 - Neurology; M8 - Pulmonology; M9 - Dermatology; M10 - Rheumatology; M11 - Endocrinology; M12 - Gastroenterology; M14 - Thalassemia; M15 - Medical Oncology; M16 - Radiation Oncology
412,PHC Bodulabanda,Government-DPH,Khammam,Nelakondapally,-,Dr.Srinivas (),S1 - General Surgery; S2 - Ent Surgery; S3 - Ophthalmology Surgery; S4 - Gynaecology And Obstetrics Surgery; S5 - Orthopedic Surgery And Procedures; S6 - Surgical Gastro Enterology; S7 - Cardiac And Cardiothoracic Surgery; S8 - Pediatric Surgeries; S9 - Genito Urinary Surgeries; S10 - Neurosurgery; S11 - Surgical Oncology; S14 - Plastic Surgery; S15 - Poly Trauma; S16 - Cochlear Implant Surgery; S17 - Prostheses; S20 - Unspecified Surgical Package; M1 - Critical Care; M2 - General Medicine; M3 - Infectious Diseases; M4 - Pediatrics; M5 - Cardiology; M6 - Nephrology; M7 - Neurology; M8 - Pulmonology; M9 - Dermatology; M10 - Rheumatology; M11 - Endocrinology; M12 - Gastroenterology; M14 - Thalassemia; M15 - Medical Oncology; M16 - Radiation Oncology
413,PHC Boinpally,Government-DPH,Rajanna Sircilla,Boinpalli,-,Dr.M.Mahesh (9441037379); .. (..),S1 - General Surgery; S2 - Ent Surgery; S3 - Ophthalmology Surgery; S4 - Gynaecology And Obstetrics Surgery; S5 - Orthopedic Surgery And Procedures; S6 - Surgical Gastro Enterology; S7 - Cardiac And Cardiothoracic Surgery; S8 - Pediatric Surgeries; S9 - Genito Urinary Surgeries; S10 - Neurosurgery; S11 - Surgical Oncology; S14 - Plastic Surgery; S15 - Poly Trauma; S16 - Cochlear Implant Surgery; S17 - Prostheses; S20 - Unspecified Surgical Package; M1 - Critical Care; M2 - General Medicine; M3 - Infectious Diseases; M4 - Pediatrics; M5 - Cardiology; M6 - Nephrology; M7 - Neurology; M8 - Pulmonology; M9 - Dermatology; M10 - Rheumatology; M11 - Endocrinology; M12 - Gastroenterology; M14 - Thalassemia; M15 - Medical Oncology; M16 - Radiation Oncology
414,PHC Bollaram,Government-DPH,Sangareddy,Ramchandrapuram,-,Dr Radhika . G (9177100959),S1 - General Surgery; S2 - Ent Surgery; S3 - Ophthalmology Surgery; S4 - Gynaecology And Obstetrics Surgery; S5 - Orthopedic Surgery And Procedures; S6 - Surgical Gastro Enterology; S7 - Cardiac And Cardiothoracic Surgery; S8 - Pediatric Surgeries; S9 - Genito Urinary Surgeries; S10 - Neurosurgery; S11 - Surgical Oncology; S14 - Plastic Surgery; S15 - Poly Trauma; S16 - Cochlear Implant Surgery; S17 - Prostheses; S20 - Unspecified Surgical Package; M1 - Critical Care; M2 - General Medicine; M3 - Infectious Diseases; M4 - Pediatrics; M5 - Cardiology; M6 - Nephrology; M7 - Neurology; M8 - Pulmonology; M9 - Dermatology; M10 - Rheumatology; M11 - Endocrinology; M12 - Gastroenterology; M14 - Thalassemia; M15 - Medical Oncology; M16 - Radiation Oncology
415,PHC Bollepally,Government-DPH,Yadadri Bhuvanagiri,Bhongir,-,Dr.Shobha (8179714241),S1 - General Surgery; S2 - Ent Surgery; S3 - Ophthalmology Surgery; S4 - Gynaecology And Obstetrics Surgery; S5 - Orthopedic Surgery And Procedures; S6 - Surgical Gastro Enterology; S7 - Cardiac And Cardiothoracic Surgery; S8 - Pediatric Surgeries; S9 - Genito Urinary Surgeries; S10 - Neurosurgery; S11 - Surgical Oncology; S14 - Plastic Surgery; S15 - Poly Trauma; S16 - Cochlear Implant Surgery; S17 - Prostheses; S20 - Unspecified Surgical Package; M1 - Critical Care; M2 - General Medicine; M3 - Infectious Diseases; M4 - Pediatrics; M5 - Cardiology; M6 - Nephrology; M7 - Neurology; M8 - Pulmonology; M9 - Dermatology; M10 - Rheumatology; M11 - Endocrinology; M12 - Gastroenterology; M14 - Thalassemia; M15 - Medical Oncology; M16 - Radiation Oncology
416,PHC Bommalaramaram,Government-DPH,Yadadri Bhuvanagiri,Bommala Ramaram,-,Dr. G.R. Sravan Kumar (9849526115),S1 - General Surgery; S2 - Ent Surgery; S3 - Ophthalmology Surgery; S4 - Gynaecology And Obstetrics Surgery; S5 - Orthopedic Surgery And Procedures; S6 - Surgical Gastro Enterology; S7 - Cardiac And Cardiothoracic Surgery; S8 - Pediatric Surgeries; S9 - Genito Urinary Surgeries; S10 - Neurosurgery; S11 - Surgical Oncology; S14 - Plastic Surgery; S15 - Poly Trauma; S16 - Cochlear Implant Surgery; S17 - Prostheses; S20 - Unspecified Surgical Package; M1 - Critical Care; M2 - General Medicine; M3 - Infectious Diseases; M4 - Pediatrics; M5 - Cardiology; M6 - Nephrology; M7 - Neurology; M8 - Pulmonology; M9 - Dermatology; M10 - Rheumatology; M11 - Endocrinology; M12 - Gastroenterology; M14 - Thalassemia; M15 - Medical Oncology; M16 - Radiation Oncology
417,PHC Bomraspet,Government-DPH,Vikarabad,Bomraspeta,-,Dr.Ravindra Yadav (9440258381),S1 - General Surgery; S2 - Ent Surgery; S3 - Ophthalmology Surgery; S4 - Gynaecology And Obstetrics Surgery; S5 - Orthopedic Surgery And Procedures; S6 - Surgical Gastro Enterology; S7 - Cardiac And Cardiothoracic Surgery; S8 - Pediatric Surgeries; S9 - Genito Urinary Surgeries; S10 - Neurosurgery; S11 - Surgical Oncology; S14 - Plastic Surgery; S15 - Poly Trauma; S16 - Cochlear Implant Surgery; S17 - Prostheses; S20 - Unspecified Surgical Package; M1 - Critical Care; M2 - General Medicine; M3 - Infectious Diseases; M4 - Pediatrics; M5 - Cardiology; M6 - Nephrology; M7 - Neurology; M8 - Pulmonology; M9 - Dermatology; M10 - Rheumatology; M11 - Endocrinology; M12 - Gastroenterology; M14 - Thalassemia; M15 - Medical Oncology; M16 - Radiation Oncology
418,PHC Bonakal,Government-DPH,Khammam,Bonakal,-,Dr. Tatikonda Sreekanth (9885523484),S1 - General Surgery; S2 - Ent Surgery; S3 - Ophthalmology Surgery; S4 - Gynaecology And Obstetrics Surgery; S5 - Orthopedic Surgery And Procedures; S6 - Surgical Gastro Enterology; S7 - Cardiac And Cardiothoracic Surgery; S8 - Pediatric Surgeries; S9 - Genito Urinary Surgeries; S10 - Neurosurgery; S11 - Surgical Oncology; S14 - Plastic Surgery; S15 - Poly Trauma; S16 - Cochlear Implant Surgery; S17 - Prostheses; S20 - Unspecified Surgical Package; M1 - Critical Care; M2 - General Medicine; M3 - Infectious Diseases; M4 - Pediatrics; M5 - Cardiology; M6 - Nephrology; M7 - Neurology; M8 - Pulmonology; M9 - Dermatology; M10 - Rheumatology; M11 - Endocrinology; M12 - Gastroenterology; M14 - Thalassemia; M15 - Medical Oncology; M16 - Radiation Oncology
419,PHC Boppally,Government-DPH,Nagarkurnool,Telkapalle,-,Dr.A.Dasaratham (7013501024); Dr Pradeep Kumar (9440219501),S1 - General Surgery; S2 - Ent Surgery; S3 - Ophthalmology Surgery; S4 - Gynaecology And Obstetrics Surgery; S5 - Orthopedic Surgery And Procedures; S6 - Surgical Gastro Enterology; S7 - Cardiac And Cardiothoracic Surgery; S8 - Pediatric Surgeries; S9 - Genito Urinary Surgeries; S10 - Neurosurgery; S11 - Surgical Oncology; S14 - Plastic Surgery; S15 - Poly Trauma; S16 - Cochlear Implant Surgery; S17 - Prostheses; S20 - Unspecified Surgical Package; M1 - Critical Care; M2 - General Medicine; M3 - Infectious Diseases; M4 - Pediatrics; M5 - Cardiology; M6 - Nephrology; M7 - Neurology; M8 - Pulmonology; M9 - Dermatology; M10 - Rheumatology; M11 - Endocrinology; M12 - Gastroenterology; M14 - Thalassemia; M15 - Medical Oncology; M16 - Radiation Oncology
420,PHC Burgula,Government-DPH,Rangareddy,Manchal,-,Dr Ch Sumanth Kumar (8179452227),S1 - General Surgery; S2 - Ent Surgery; S3 - Ophthalmology Surgery; S4 - Gynaecology And Obstetrics Surgery; S5 - Orthopedic Surgery And Procedures; S6 - Surgical Gastro Enterology; S7 - Cardiac And Cardiothoracic Surgery; S8 - Pediatric Surgeries; S9 - Genito Urinary Surgeries; S10 - Neurosurgery; S11 - Surgical Oncology; S14 - Plastic Surgery; S15 - Poly Trauma; S16 - Cochlear Implant Surgery; S17 - Prostheses; S20 - Unspecified Surgical Package; M1 - Critical Care; M2 - General Medicine; M3 - Infectious Diseases; M4 - Pediatrics; M5 - Cardiology; M6 - Nephrology; M7 - Neurology; M8 - Pulmonology; M9 - Dermatology; M10 - Rheumatology; M11 - Endocrinology; M12 - Gastroenterology; M14 - Thalassemia; M15 - Medical Oncology; M16 - Radiation Oncology
421,PHC CC Kunta,Government-DPH,Mahabubnagar,Chinnachintakunta,-,Dr.J.Balram (9676192026),S1 - General Surgery; S2 - Ent Surgery; S3 - Ophthalmology Surgery; S4 - Gynaecology And Obstetrics Surgery; S5 - Orthopedic Surgery And Procedures; S6 - Surgical Gastro Enterology; S7 - Cardiac And Cardiothoracic Surgery; S8 - Pediatric Surgeries; S9 - Genito Urinary Surgeries; S10 - Neurosurgery; S11 - Surgical Oncology; S14 - Plastic Surgery; S15 - Poly Trauma; S16 - Cochlear Implant Surgery; S17 - Prostheses; S20 - Unspecified Surgical Package; M1 - Critical Care; M2 - General Medicine; M3 - Infectious Diseases; M4 - Pediatrics; M5 - Cardiology; M6 - Nephrology; M7 - Neurology; M8 - Pulmonology; M9 - Dermatology; M10 - Rheumatology; M11 - Endocrinology; M12 - Gastroenterology; M14 - Thalassemia; M15 - Medical Oncology; M16 - Radiation Oncology
422,PHC Challur,Government-DPH,Karimnagar,Veenavanka,-,Dr.Sridhar Reddy (7989011595),S1 - General Surgery; S2 - Ent Surgery; S3 - Ophthalmology Surgery; S4 - Gynaecology And Obstetrics Surgery; S5 - Orthopedic Surgery And Procedures; S6 - Surgical Gastro Enterology; S7 - Cardiac And Cardiothoracic Surgery; S8 - Pediatric Surgeries; S9 - Genito Urinary Surgeries; S10 - Neurosurgery; S11 - Surgical Oncology; S14 - Plastic Surgery; S15 - Poly Trauma; S16 - Cochlear Implant Surgery; S17 - Prostheses; S20 - Unspecified Surgical Package; M1 - Critical Care; M2 - General Medicine; M3 - Infectious Diseases; M4 - Pediatrics; M5 - Cardiology; M6 - Nephrology; M7 - Neurology; M8 - Pulmonology; M9 - Dermatology; M10 - Rheumatology; M11 - Endocrinology; M12 - Gastroenterology; M14 - Thalassemia; M15 - Medical Oncology; M16 - Radiation Oncology
423,PHC Chamanpally,Government-DPH,Karimnagar,Karimnagar,Karimnagar,Dr.Shirisha (8184822559),S1 - General Surgery; S2 - Ent Surgery; S3 - Ophthalmology Surgery; S4 - Gynaecology And Obstetrics Surgery; S5 - Orthopedic Surgery And Procedures; S6 - Surgical Gastro Enterology; S7 - Cardiac And Cardiothoracic Surgery; S8 - Pediatric Surgeries; S9 - Genito Urinary Surgeries; S10 - Neurosurgery; S11 - Surgical Oncology; S14 - Plastic Surgery; S15 - Poly Trauma; S16 - Cochlear Implant Surgery; S17 - Prostheses; S20 - Unspecified Surgical Package; M1 - Critical Care; M2 - General Medicine; M3 - Infectious Diseases; M4 - Pediatrics; M5 - Cardiology; M6 - Nephrology; M7 - Neurology; M8 - Pulmonology; M9 - Dermatology; M10 - Rheumatology; M11 - Endocrinology; M12 - Gastroenterology; M14 - Thalassemia; M15 - Medical Oncology; M16 - Radiation Oncology
424,PHC Chandanvally,Government-DPH,Rangareddy,Shabad,-,Dr.Varalakshmi (9398591301),S1 - General Surgery; S2 - Ent Surgery; S3 - Ophthalmology Surgery; S4 - Gynaecology And Obstetrics Surgery; S5 - Orthopedic Surgery And Procedures; S6 - Surgical Gastro Enterology; S7 - Cardiac And Cardiothoracic Surgery; S8 - Pediatric Surgeries; S9 - Genito Urinary Surgeries; S10 - Neurosurgery; S11 - Surgical Oncology; S14 - Plastic Surgery; S15 - Poly Trauma; S16 - Cochlear Implant Surgery; S17 - Prostheses; S20 - Unspecified Surgical Package; M1 - Critical Care; M2 - General Medicine; M3 - Infectious Diseases; M4 - Pediatrics; M5 - Cardiology; M6 - Nephrology; M7 - Neurology; M8 - Pulmonology; M9 - Dermatology; M10 - Rheumatology; M11 - Endocrinology; M12 - Gastroenterology; M14 - Thalassemia; M15 - Medical Oncology; M16 - Radiation Oncology
425,PHC Chandrugonda,Government-DPH,Bhadradri Kothagudem,Chandrugonda,-,Dr. G Chetan (9542227068); Dr. G. Rakesh Kumar (8639465002),S1 - General Surgery; S2 - Ent Surgery; S3 - Ophthalmology Surgery; S4 - Gynaecology And Obstetrics Surgery; S5 - Orthopedic Surgery And Procedures; S6 - Surgical Gastro Enterology; S7 - Cardiac And Cardiothoracic Surgery; S8 - Pediatric Surgeries; S9 - Genito Urinary Surgeries; S10 - Neurosurgery; S11 - Surgical Oncology; S14 - Plastic Surgery; S15 - Poly Trauma; S16 - Cochlear Implant Surgery; S17 - Prostheses; S20 - Unspecified Surgical Package; M1 - Critical Care; M2 - General Medicine; M3 - Infectious Diseases; M4 - Pediatrics; M5 - Cardiology; M6 - Nephrology; M7 - Neurology; M8 - Pulmonology; M9 - Dermatology; M10 - Rheumatology; M11 - Endocrinology; M12 - Gastroenterology; M14 - Thalassemia; M15 - Medical Oncology; M16 - Radiation Oncology
426,PHC Chandurthi,Government-DPH,Rajanna Sircilla,Chandurthi,-,Dr Masood Ahmed (9959006427); On Deputation (),S1 - General Surgery; S2 - Ent Surgery; S3 - Ophthalmology Surgery; S4 - Gynaecology And Obstetrics Surgery; S5 - Orthopedic Surgery And Procedures; S6 - Surgical Gastro Enterology; S7 - Cardiac And Cardiothoracic Surgery; S8 - Pediatric Surgeries; S9 - Genito Urinary Surgeries; S10 - Neurosurgery; S11 - Surgical Oncology; S14 - Plastic Surgery; S15 - Poly Trauma; S16 - Cochlear Implant Surgery; S17 - Prostheses; S20 - Unspecified Surgical Package; M1 - Critical Care; M2 - General Medicine; M3 - Infectious Diseases; M4 - Pediatrics; M5 - Cardiology; M6 - Nephrology; M7 - Neurology; M8 - Pulmonology; M9 - Dermatology; M10 - Rheumatology; M11 - Endocrinology; M12 - Gastroenterology; M14 - Thalassemia; M15 - Medical Oncology; M16 - Radiation Oncology
427,PHC Charakonda,Government-DPH,Nagarkurnool,Charakonda,-,Dr.K.Roopa (9177098265); Dr.Yashwant Rani (8919521227),S1 - General Surgery; S2 - Ent Surgery; S3 - Ophthalmology Surgery; S4 - Gynaecology And Obstetrics Surgery; S5 - Orthopedic Surgery And Procedures; S6 - Surgical Gastro Enterology; S7 - Cardiac And Cardiothoracic Surgery; S8 - Pediatric Surgeries; S9 - Genito Urinary Surgeries; S10 - Neurosurgery; S11 - Surgical Oncology; S14 - Plastic Surgery; S15 - Poly Trauma; S16 - Cochlear Implant Surgery; S17 - Prostheses; S20 - Unspecified Surgical Package; M1 - Critical Care; M2 - General Medicine; M3 - Infectious Diseases; M4 - Pediatrics; M5 - Cardiology; M6 - Nephrology; M7 - Neurology; M8 - Pulmonology; M9 - Dermatology; M10 - Rheumatology; M11 - Endocrinology; M12 - Gastroenterology; M14 - Thalassemia; M15 - Medical Oncology; M16 - Radiation Oncology
428,PHC Cheerlavancha,Government-DPH,Rajanna Sircilla,Vemulawada,-,. Dr.V.Santhosh Kumar (9701672070); __ (__),S1 - General Surgery; S2 - Ent Surgery; S3 - Ophthalmology Surgery; S4 - Gynaecology And Obstetrics Surgery; S5 - Orthopedic Surgery And Procedures; S6 - Surgical Gastro Enterology; S7 - Cardiac And Cardiothoracic Surgery; S8 - Pediatric Surgeries; S9 - Genito Urinary Surgeries; S10 - Neurosurgery; S11 - Surgical Oncology; S14 - Plastic Surgery; S15 - Poly Trauma; S16 - Cochlear Implant Surgery; S17 - Prostheses; S20 - Unspecified Surgical Package; M1 - Critical Care; M2 - General Medicine; M3 - Infectious Diseases; M4 - Pediatrics; M5 - Cardiology; M6 - Nephrology; M7 - Neurology; M8 - Pulmonology; M9 - Dermatology; M10 - Rheumatology; M11 - Endocrinology; M12 - Gastroenterology; M14 - Thalassemia; M15 - Medical Oncology; M16 - Radiation Oncology
429,PHC Chegunta,Government-DPH,Medak,Chegunta,-,Dr.Vinay Kumar (7416165995),S1 - General Surgery; S2 - Ent Surgery; S3 - Ophthalmology Surgery; S4 - Gynaecology And Obstetrics Surgery; S5 - Orthopedic Surgery And Procedures; S6 - Surgical Gastro Enterology; S7 - Cardiac And Cardiothoracic Surgery; S8 - Pediatric Surgeries; S9 - Genito Urinary Surgeries; S10 - Neurosurgery; S11 - Surgical Oncology; S14 - Plastic Surgery; S15 - Poly Trauma; S16 - Cochlear Implant Surgery; S17 - Prostheses; S20 - Unspecified Surgical Package; M1 - Critical Care; M2 - General Medicine; M3 - Infectious Diseases; M4 - Pediatrics; M5 - Cardiology; M6 - Nephrology; M7 - Neurology; M8 - Pulmonology; M9 - Dermatology; M10 - Rheumatology; M11 - Endocrinology; M12 - Gastroenterology; M14 - Thalassemia; M15 - Medical Oncology; M16 - Radiation Oncology
430,PHC Chelpur,Government-DPH,Karimnagar,Huzurabad,Huzurabad,Dr.Shravan (7306099777),S1 - General Surgery; S2 - Ent Surgery; S3 - Ophthalmology Surgery; S4 - Gynaecology And Obstetrics Surgery; S5 - Orthopedic Surgery And Procedures; S6 - Surgical Gastro Enterology; S7 - Cardiac And Cardiothoracic Surgery; S8 - Pediatric Surgeries; S9 - Genito Urinary Surgeries; S10 - Neurosurgery; S11 - Surgical Oncology; S14 - Plastic Surgery; S15 - Poly Trauma; S16 - Cochlear Implant Surgery; S17 - Prostheses; S20 - Unspecified Surgical Package; M1 - Critical Care; M2 - General Medicine; M3 - Infectious Diseases; M4 - Pediatrics; M5 - Cardiology; M6 - Nephrology; M7 - Neurology; M8 - Pulmonology; M9 - Dermatology; M10 - Rheumatology; M11 - Endocrinology; M12 - Gastroenterology; M14 - Thalassemia; M15 - Medical Oncology; M16 - Radiation Oncology
431,PHC Chengomul,Government-DPH,Vikarabad,Pudur,-,Dr. Bazaleel (9666576647),S1 - General Surgery; S2 - Ent Surgery; S3 - Ophthalmology Surgery; S4 - Gynaecology And Obstetrics Surgery; S5 - Orthopedic Surgery And Procedures; S6 - Surgical Gastro Enterology; S7 - Cardiac And Cardiothoracic Surgery; S8 - Pediatric Surgeries; S9 - Genito Urinary Surgeries; S10 - Neurosurgery; S11 - Surgical Oncology; S14 - Plastic Surgery; S15 - Poly Trauma; S16 - Cochlear Implant Surgery; S17 - Prostheses; S20 - Unspecified Surgical Package; M1 - Critical Care; M2 - General Medicine; M3 - Infectious Diseases; M4 - Pediatrics; M5 - Cardiology; M6 - Nephrology; M7 - Neurology; M8 - Pulmonology; M9 - Dermatology; M10 - Rheumatology; M11 - Endocrinology; M12 - Gastroenterology; M14 - Thalassemia; M15 - Medical Oncology; M16 - Radiation Oncology
432,PHC Chennaraopet,Government-DPH,Warangal,Chennaraopet,-,Dr. G. Usharani (8897047551),S1 - General Surgery; S2 - Ent Surgery; S3 - Ophthalmology Surgery; S4 - Gynaecology And Obstetrics Surgery; S5 - Orthopedic Surgery And Procedures; S6 - Surgical Gastro Enterology; S7 - Cardiac And Cardiothoracic Surgery; S8 - Pediatric Surgeries; S9 - Genito Urinary Surgeries; S10 - Neurosurgery; S11 - Surgical Oncology; S14 - Plastic Surgery; S15 - Poly Trauma; S16 - Cochlear Implant Surgery; S17 - Prostheses; S20 - Unspecified Surgical Package; M1 - Critical Care; M2 - General Medicine; M3 - Infectious Diseases; M4 - Pediatrics; M5 - Cardiology; M6 - Nephrology; M7 - Neurology; M8 - Pulmonology; M9 - Dermatology; M10 - Rheumatology; M11 - Endocrinology; M12 - Gastroenterology; M14 - Thalassemia; M15 - Medical Oncology; M16 - Radiation Oncology
433,PHC Cherla,Government-DPH,Bhadradri Kothagudem,Cherla,-,Dr.M.Sridhar (9949066381),S1 - General Surgery; S2 - Ent Surgery; S3 - Ophthalmology Surgery; S4 - Gynaecology And Obstetrics Surgery; S5 - Orthopedic Surgery And Procedures; S6 - Surgical Gastro Enterology; S7 - Cardiac And Cardiothoracic Surgery; S8 - Pediatric Surgeries; S9 - Genito Urinary Surgeries; S10 - Neurosurgery; S11 - Surgical Oncology; S14 - Plastic Surgery; S15 - Poly Trauma; S16 - Cochlear Implant Surgery; S17 - Prostheses; S20 - Unspecified Surgical Package; M1 - Critical Care; M2 - General Medicine; M3 - Infectious Diseases; M4 - Pediatrics; M5 - Cardiology; M6 - Nephrology; M7 - Neurology; M8 - Pulmonology; M9 - Dermatology; M10 - Rheumatology; M11 - Endocrinology; M12 - Gastroenterology; M14 - Thalassemia; M15 - Medical Oncology; M16 - Radiation Oncology
434,PHC Chigurumamidi,Government-DPH,Karimnagar,Chigurumamidi,-,Dr.Nagashekar (9492727148),S1 - General Surgery; S2 - Ent Surgery; S3 - Ophthalmology Surgery; S4 - Gynaecology And Obstetrics Surgery; S5 - Orthopedic Surgery And Procedures; S6 - Surgical Gastro Enterology; S7 - Cardiac And Cardiothoracic Surgery; S8 - Pediatric Surgeries; S9 - Genito Urinary Surgeries; S10 - Neurosurgery; S11 - Surgical Oncology; S14 - Plastic Surgery; S15 - Poly Trauma; S16 - Cochlear Implant Surgery; S17 - Prostheses; S20 - Unspecified Surgical Package; M1 - Critical Care; M2 - General Medicine; M3 - Infectious Diseases; M4 - Pediatrics; M5 - Cardiology; M6 - Nephrology; M7 - Neurology; M8 - Pulmonology; M9 - Dermatology; M10 - Rheumatology; M11 - Endocrinology; M12 - Gastroenterology; M14 - Thalassemia; M15 - Medical Oncology; M16 - Radiation Oncology
435,PHC Chilkur,Government-DPH,Suryapet,Chilkur,-,Dr.V.Pramodkumar (8639692669),S1 - General Surgery; S2 - Ent Surgery; S3 - Ophthalmology Surgery; S4 - Gynaecology And Obstetrics Surgery; S5 - Orthopedic Surgery And Procedures; S6 - Surgical Gastro Enterology; S7 - Cardiac And Cardiothoracic Surgery; S8 - Pediatric Surgeries; S9 - Genito Urinary Surgeries; S10 - Neurosurgery; S11 - Surgical Oncology; S14 - Plastic Surgery; S15 - Poly Trauma; S16 - Cochlear Implant Surgery; S17 - Prostheses; S20 - Unspecified Surgical Package; M1 - Critical Care; M2 - General Medicine; M3 - Infectious Diseases; M4 - Pediatrics; M5 - Cardiology; M6 - Nephrology; M7 - Neurology; M8 - Pulmonology; M9 - Dermatology; M10 - Rheumatology; M11 - Endocrinology; M12 - Gastroenterology; M14 - Thalassemia; M15 - Medical Oncology; M16 - Radiation Oncology
436,PHC Chilkuri Laxmi Nagar,Government-DPH,Adilabad,Adilabad Urban,Adilabad,Vacancy (); Vacancy (),S1 - General Surgery; S2 - Ent Surgery; S3 - Ophthalmology Surgery; S4 - Gynaecology And Obstetrics Surgery; S5 - Orthopedic Surgery And Procedures; S6 - Surgical Gastro Enterology; S7 - Cardiac And Cardiothoracic Surgery; S8 - Pediatric Surgeries; S9 - Genito Urinary Surgeries; S10 - Neurosurgery; S11 - Surgical Oncology; S14 - Plastic Surgery; S15 - Poly Trauma; S16 - Cochlear Implant Surgery; S17 - Prostheses; S20 - Unspecified Surgical Package; M1 - Critical Care; M2 - General Medicine; M3 - Infectious Diseases; M4 - Pediatrics; M5 - Cardiology; M6 - Nephrology; M7 - Neurology; M8 - Pulmonology; M9 - Dermatology; M10 - Rheumatology; M11 - Endocrinology; M12 - Gastroenterology; M14 - Thalassemia; M15 - Medical Oncology; M16 - Radiation Oncology
437,PHC Chinchode,Government-DPH,Rangareddy,Farooqnagar,-,Dr. Vasanthaleela (8185897865),S1 - General Surgery; S2 - Ent Surgery; S3 - Ophthalmology Surgery; S4 - Gynaecology And Obstetrics Surgery; S5 - Orthopedic Surgery And Procedures; S6 - Surgical Gastro Enterology; S7 - Cardiac And Cardiothoracic Surgery; S8 - Pediatric Surgeries; S9 - Genito Urinary Surgeries; S10 - Neurosurgery; S11 - Surgical Oncology; S14 - Plastic Surgery; S15 - Poly Trauma; S16 - Cochlear Implant Surgery; S17 - Prostheses; S20 - Unspecified Surgical Package; M1 - Critical Care; M2 - General Medicine; M3 - Infectious Diseases; M4 - Pediatrics; M5 - Cardiology; M6 - Nephrology; M7 - Neurology; M8 - Pulmonology; M9 - Dermatology; M10 - Rheumatology; M11 - Endocrinology; M12 - Gastroenterology; M14 - Thalassemia; M15 - Medical Oncology; M16 - Radiation Oncology
438,PHC Chinnakodur,Government-DPH,Siddipet,Chinnakodur,-,Dr.L.Saritha (9121986039),S1 - General Surgery; S2 - Ent Surgery; S3 - Ophthalmology Surgery; S4 - Gynaecology And Obstetrics Surgery; S5 - Orthopedic Surgery And Procedures; S6 - Surgical Gastro Enterology; S7 - Cardiac And Cardiothoracic Surgery; S8 - Pediatric Surgeries; S9 - Genito Urinary Surgeries; S10 - Neurosurgery; S11 - Surgical Oncology; S14 - Plastic Surgery; S15 - Poly Trauma; S16 - Cochlear Implant Surgery; S17 - Prostheses; S20 - Unspecified Surgical Package; M1 - Critical Care; M2 - General Medicine; M3 - Infectious Diseases; M4 - Pediatrics; M5 - Cardiology; M6 - Nephrology; M7 - Neurology; M8 - Pulmonology; M9 - Dermatology; M10 - Rheumatology; M11 - Endocrinology; M12 - Gastroenterology; M14 - Thalassemia; M15 - Medical Oncology; M16 - Radiation Oncology
439,PHC Chintakani,Government-DPH,Khammam,Chinthakani,-,Dr A. Nageshwar Rao (9603072926),S1 - General Surgery; S2 - Ent Surgery; S3 - Ophthalmology Surgery; S4 - Gynaecology And Obstetrics Surgery; S5 - Orthopedic Surgery And Procedures; S6 - Surgical Gastro Enterology; S7 - Cardiac And Cardiothoracic Surgery; S8 - Pediatric Surgeries; S9 - Genito Urinary Surgeries; S10 - Neurosurgery; S11 - Surgical Oncology; S14 - Plastic Surgery; S15 - Poly Trauma; S16 - Cochlear Implant Surgery; S17 - Prostheses; S20 - Unspecified Surgical Package; M1 - Critical Care; M2 - General Medicine; M3 - Infectious Diseases; M4 - Pediatrics; M5 - Cardiology; M6 - Nephrology; M7 - Neurology; M8 - Pulmonology; M9 - Dermatology; M10 - Rheumatology; M11 - Endocrinology; M12 - Gastroenterology; M14 - Thalassemia; M15 - Medical Oncology; M16 - Radiation Oncology
440,PHC Chinthalcheru,Government-DPH,Sangareddy,Hathnoora,-,Dr.J.Netravathy (9885147470),S1 - General Surgery; S2 - Ent Surgery; S3 - Ophthalmology Surgery; S4 - Gynaecology And Obstetrics Surgery; S5 - Orthopedic Surgery And Procedures; S6 - Surgical Gastro Enterology; S7 - Cardiac And Cardiothoracic Surgery; S8 - Pediatric Surgeries; S9 - Genito Urinary Surgeries; S10 - Neurosurgery; S11 - Surgical Oncology; S14 - Plastic Surgery; S15 - Poly Trauma; S16 - Cochlear Implant Surgery; S17 - Prostheses; S20 - Unspecified Surgical Package; M1 - Critical Care; M2 - General Medicine; M3 - Infectious Diseases; M4 - Pediatrics; M5 - Cardiology; M6 - Nephrology; M7 - Neurology; M8 - Pulmonology; M9 - Dermatology; M10 - Rheumatology; M11 - Endocrinology; M12 - Gastroenterology; M14 - Thalassemia; M15 - Medical Oncology; M16 - Radiation Oncology
441,PHC Chityal,Government-DPH,Vikarabad,Pargi,Parigi,Dr. K. Chanukya Chaitnya (8309538756),S1 - General Surgery; S2 - Ent Surgery; S3 - Ophthalmology Surgery; S4 - Gynaecology And Obstetrics Surgery; S5 - Orthopedic Surgery And Procedures; S6 - Surgical Gastro Enterology; S7 - Cardiac And Cardiothoracic Surgery; S8 - Pediatric Surgeries; S9 - Genito Urinary Surgeries; S10 - Neurosurgery; S11 - Surgical Oncology; S14 - Plastic Surgery; S15 - Poly Trauma; S16 - Cochlear Implant Surgery; S17 - Prostheses; S20 - Unspecified Surgical Package; M1 - Critical Care; M2 - General Medicine; M3 - Infectious Diseases; M4 - Pediatrics; M5 - Cardiology; M6 - Nephrology; M7 - Neurology; M8 - Pulmonology; M9 - Dermatology; M10 - Rheumatology; M11 - Endocrinology; M12 - Gastroenterology; M14 - Thalassemia; M15 - Medical Oncology; M16 - Radiation Oncology
442,PHC Chivvemla,Government-DPH,Suryapet,Chivvemla,Suryapet,Dr.Rajkumar P (9700072133),S1 - General Surgery; S2 - Ent Surgery; S3 - Ophthalmology Surgery; S4 - Gynaecology And Obstetrics Surgery; S5 - Orthopedic Surgery And Procedures; S6 - Surgical Gastro Enterology; S7 - Cardiac And Cardiothoracic Surgery; S8 - Pediatric Surgeries; S9 - Genito Urinary Surgeries; S10 - Neurosurgery; S11 - Surgical Oncology; S14 - Plastic Surgery; S15 - Poly Trauma; S16 - Cochlear Implant Surgery; S17 - Prostheses; S20 - Unspecified Surgical Package; M1 - Critical Care; M2 - General Medicine; M3 - Infectious Diseases; M4 - Pediatrics; M5 - Cardiology; M6 - Nephrology; M7 - Neurology; M8 - Pulmonology; M9 - Dermatology; M10 - Rheumatology; M11 - Endocrinology; M12 - Gastroenterology; M14 - Thalassemia; M15 - Medical Oncology; M16 - Radiation Oncology
443,PHC Choutpally,Government,Nizamabad,Kammarapalle,-,Dr.Rathan Singh (7013732590),S1 - General Surgery; S2 - Ent Surgery; S3 - Ophthalmology Surgery; S4 - Gynaecology And Obstetrics Surgery; S5 - Orthopedic Surgery And Procedures; S6 - Surgical Gastro Enterology; S7 - Cardiac And Cardiothoracic Surgery; S8 - Pediatric Surgeries; S9 - Genito Urinary Surgeries; S10 - Neurosurgery; S11 - Surgical Oncology; S14 - Plastic Surgery; S15 - Poly Trauma; S16 - Cochlear Implant Surgery; S17 - Prostheses; S20 - Unspecified Surgical Package; M1 - Critical Care; M2 - General Medicine; M3 - Infectious Diseases; M4 - Pediatrics; M5 - Cardiology; M6 - Nephrology; M7 - Neurology; M8 - Pulmonology; M9 - Dermatology; M10 - Rheumatology; M11 - Endocrinology; M12 - Gastroenterology; M14 - Thalassemia; M15 - Medical Oncology; M16 - Radiation Oncology
444,PHC D.Dharmaram,Government-DPH,Medak,Ramayampet,-,Dr.Elijebeth Rani (6309605085),S1 - General Surgery; S2 - Ent Surgery; S3 - Ophthalmology Surgery; S4 - Gynaecology And Obstetrics Surgery; S5 - Orthopedic Surgery And Procedures; S6 - Surgical Gastro Enterology; S7 - Cardiac And Cardiothoracic Surgery; S8 - Pediatric Surgeries; S9 - Genito Urinary Surgeries; S10 - Neurosurgery; S11 - Surgical Oncology; S14 - Plastic Surgery; S15 - Poly Trauma; S16 - Cochlear Implant Surgery; S17 - Prostheses; S20 - Unspecified Surgical Package; M1 - Critical Care; M2 - General Medicine; M3 - Infectious Diseases; M4 - Pediatrics; M5 - Cardiology; M6 - Nephrology; M7 - Neurology; M8 - Pulmonology; M9 - Dermatology; M10 - Rheumatology; M11 - Endocrinology; M12 - Gastroenterology; M14 - Thalassemia; M15 - Medical Oncology; M16 - Radiation Oncology
445,PHC Dahegaon,Government-DPH,Komaram Bheem Asifabad,Dahegaon,-,Dr.G.Chandra Kiran Kumar (9030506926),S1 - General Surgery; S2 - Ent Surgery; S3 - Ophthalmology Surgery; S4 - Gynaecology And Obstetrics Surgery; S5 - Orthopedic Surgery And Procedures; S6 - Surgical Gastro Enterology; S7 - Cardiac And Cardiothoracic Surgery; S8 - Pediatric Surgeries; S9 - Genito Urinary Surgeries; S10 - Neurosurgery; S11 - Surgical Oncology; S14 - Plastic Surgery; S15 - Poly Trauma; S16 - Cochlear Implant Surgery; S17 - Prostheses; S20 - Unspecified Surgical Package; M1 - Critical Care; M2 - General Medicine; M3 - Infectious Diseases; M4 - Pediatrics; M5 - Cardiology; M6 - Nephrology; M7 - Neurology; M8 - Pulmonology; M9 - Dermatology; M10 - Rheumatology; M11 - Endocrinology; M12 - Gastroenterology; M14 - Thalassemia; M15 - Medical Oncology; M16 - Radiation Oncology
446,PHC Dammapeta,Government-DPH,Bhadradri Kothagudem,Dammapeta,-,Dr. K. Prathyusha (8985337849),S1 - General Surgery; S2 - Ent Surgery; S3 - Ophthalmology Surgery; S4 - Gynaecology And Obstetrics Surgery; S5 - Orthopedic Surgery And Procedures; S6 - Surgical Gastro Enterology; S7 - Cardiac And Cardiothoracic Surgery; S8 - Pediatric Surgeries; S9 - Genito Urinary Surgeries; S10 - Neurosurgery; S11 - Surgical Oncology; S14 - Plastic Surgery; S15 - Poly Trauma; S16 - Cochlear Implant Surgery; S17 - Prostheses; S20 - Unspecified Surgical Package; M1 - Critical Care; M2 - General Medicine; M3 - Infectious Diseases; M4 - Pediatrics; M5 - Cardiology; M6 - Nephrology; M7 - Neurology; M8 - Pulmonology; M9 - Dermatology; M10 - Rheumatology; M11 - Endocrinology; M12 - Gastroenterology; M14 - Thalassemia; M15 - Medical Oncology; M16 - Radiation Oncology
447,PHC Dandepally,Government-DPH,Mancherial,Dandepally,-,Dr. Aruna (9949739049); Dr. Prasad (9441862535),S1 - General Surgery; S2 - Ent Surgery; S3 - Ophthalmology Surgery; S4 - Gynaecology And Obstetrics Surgery; S5 - Orthopedic Surgery And Procedures; S6 - Surgical Gastro Enterology; S7 - Cardiac And Cardiothoracic Surgery; S8 - Pediatric Surgeries; S9 - Genito Urinary Surgeries; S10 - Neurosurgery; S11 - Surgical Oncology; S14 - Plastic Surgery; S15 - Poly Trauma; S16 - Cochlear Implant Surgery; S17 - Prostheses; S20 - Unspecified Surgical Package; M1 - Critical Care; M2 - General Medicine; M3 - Infectious Diseases; M4 - Pediatrics; M5 - Cardiology; M6 - Nephrology; M7 - Neurology; M8 - Pulmonology; M9 - Dermatology; M10 - Rheumatology; M11 - Endocrinology; M12 - Gastroenterology; M14 - Thalassemia; M15 - Medical Oncology; M16 - Radiation Oncology
448,PHC Dandumailaram,Government-DPH,Rangareddy,Ibrahimpatnam,-,Dr Vj Abhiram (6300633237),S1 - General Surgery; S2 - Ent Surgery; S3 - Ophthalmology Surgery; S4 - Gynaecology And Obstetrics Surgery; S5 - Orthopedic Surgery And Procedures; S6 - Surgical Gastro Enterology; S7 - Cardiac And Cardiothoracic Surgery; S8 - Pediatric Surgeries; S9 - Genito Urinary Surgeries; S10 - Neurosurgery; S11 - Surgical Oncology; S14 - Plastic Surgery; S15 - Poly Trauma; S16 - Cochlear Implant Surgery; S17 - Prostheses; S20 - Unspecified Surgical Package; M1 - Critical Care; M2 - General Medicine; M3 - Infectious Diseases; M4 - Pediatrics; M5 - Cardiology; M6 - Nephrology; M7 - Neurology; M8 - Pulmonology; M9 - Dermatology; M10 - Rheumatology; M11 - Endocrinology; M12 - Gastroenterology; M14 - Thalassemia; M15 - Medical Oncology; M16 - Radiation Oncology
449,PHC Danthalapally,Government-DPH,Mahabubabad,Danthalapalle,-,Dr.G.Sathish Kumar (9177042143),S1 - General Surgery; S2 - Ent Surgery; S3 - Ophthalmology Surgery; S4 - Gynaecology And Obstetrics Surgery; S5 - Orthopedic Surgery And Procedures; S6 - Surgical Gastro Enterology; S7 - Cardiac And Cardiothoracic Surgery; S8 - Pediatric Surgeries; S9 - Genito Urinary Surgeries; S10 - Neurosurgery; S11 - Surgical Oncology; S14 - Plastic Surgery; S15 - Poly Trauma; S16 - Cochlear Implant Surgery; S17 - Prostheses; S20 - Unspecified Surgical Package; M1 - Critical Care; M2 - General Medicine; M3 - Infectious Diseases; M4 - Pediatrics; M5 - Cardiology; M6 - Nephrology; M7 - Neurology; M8 - Pulmonology; M9 - Dermatology; M10 - Rheumatology; M11 - Endocrinology; M12 - Gastroenterology; M14 - Thalassemia; M15 - Medical Oncology; M16 - Radiation Oncology
450,PHC Danthanpalli,Government-DPH,Adilabad,Utnoor,-,Dr.Anuradha (9441047559); Dr.Srikanth (8978514090),S1 - General Surgery; S2 - Ent Surgery; S3 - Ophthalmology Surgery; S4 - Gynaecology And Obstetrics Surgery; S5 - Orthopedic Surgery And Procedures; S6 - Surgical Gastro Enterology; S7 - Cardiac And Cardiothoracic Surgery; S8 - Pediatric Surgeries; S9 - Genito Urinary Surgeries; S10 - Neurosurgery; S11 - Surgical Oncology; S14 - Plastic Surgery; S15 - Poly Trauma; S16 - Cochlear Implant Surgery; S17 - Prostheses; S20 - Unspecified Surgical Package; M1 - Critical Care; M2 - General Medicine; M3 - Infectious Diseases; M4 - Pediatrics; M5 - Cardiology; M6 - Nephrology; M7 - Neurology; M8 - Pulmonology; M9 - Dermatology; M10 - Rheumatology; M11 - Endocrinology; M12 - Gastroenterology; M14 - Thalassemia; M15 - Medical Oncology; M16 - Radiation Oncology
451,PHC Dasturabad,Government-DPH,Nirmal,Dasturabad,-,Dr Kiran Mai (9573391366),S1 - General Surgery; S2 - Ent Surgery; S3 - Ophthalmology Surgery; S4 - Gynaecology And Obstetrics Surgery; S5 - Orthopedic Surgery And Procedures; S6 - Surgical Gastro Enterology; S7 - Cardiac And Cardiothoracic Surgery; S8 - Pediatric Surgeries; S9 - Genito Urinary Surgeries; S10 - Neurosurgery; S11 - Surgical Oncology; S14 - Plastic Surgery; S15 - Poly Trauma; S16 - Cochlear Implant Surgery; S17 - Prostheses; S20 - Unspecified Surgical Package; M1 - Critical Care; M2 - General Medicine; M3 - Infectious Diseases; M4 - Pediatrics; M5 - Cardiology; M6 - Nephrology; M7 - Neurology; M8 - Pulmonology; M9 - Dermatology; M10 - Rheumatology; M11 - Endocrinology; M12 - Gastroenterology; M14 - Thalassemia; M15 - Medical Oncology; M16 - Radiation Oncology
452,PHC Dendukuru,Government-DPH,Khammam,Madhira,-,Dr.B.Venkatesh Mo (9948755708); Dr.I.Shashidhar (9652196400),S1 - General Surgery; S2 - Ent Surgery; S3 - Ophthalmology Surgery; S4 - Gynaecology And Obstetrics Surgery; S5 - Orthopedic Surgery And Procedures; S6 - Surgical Gastro Enterology; S7 - Cardiac And Cardiothoracic Surgery; S8 - Pediatric Surgeries; S9 - Genito Urinary Surgeries; S10 - Neurosurgery; S11 - Surgical Oncology; S14 - Plastic Surgery; S15 - Poly Trauma; S16 - Cochlear Implant Surgery; S17 - Prostheses; S20 - Unspecified Surgical Package; M1 - Critical Care; M2 - General Medicine; M3 - Infectious Diseases; M4 - Pediatrics; M5 - Cardiology; M6 - Nephrology; M7 - Neurology; M8 - Pulmonology; M9 - Dermatology; M10 - Rheumatology; M11 - Endocrinology; M12 - Gastroenterology; M14 - Thalassemia; M15 - Medical Oncology; M16 - Radiation Oncology
453,PHC Devanpally,Government-DPH,Kamareddy,Kamareddy,Kamareddy,Dr.Sushmitha Roy (9912546344),S1 - General Surgery; S2 - Ent Surgery; S3 - Ophthalmology Surgery; S4 - Gynaecology And Obstetrics Surgery; S5 - Orthopedic Surgery And Procedures; S6 - Surgical Gastro Enterology; S7 - Cardiac And Cardiothoracic Surgery; S8 - Pediatric Surgeries; S9 - Genito Urinary Surgeries; S10 - Neurosurgery; S11 - Surgical Oncology; S14 - Plastic Surgery; S15 - Poly Trauma; S16 - Cochlear Implant Surgery; S17 - Prostheses; S20 - Unspecified Surgical Package; M1 - Critical Care; M2 - General Medicine; M3 - Infectious Diseases; M4 - Pediatrics; M5 - Cardiology; M6 - Nephrology; M7 - Neurology; M8 - Pulmonology; M9 - Dermatology; M10 - Rheumatology; M11 - Endocrinology; M12 - Gastroenterology; M14 - Thalassemia; M15 - Medical Oncology; M16 - Radiation Oncology
454,PHC Devaruppula,Government-DPH,Jangoan,Devaruppula,-,Dr. Gyaneshwar (9502492125); Dr.Kishore (9441799700),S1 - General Surgery; S2 - Ent Surgery; S3 - Ophthalmology Surgery; S4 - Gynaecology And Obstetrics Surgery; S5 - Orthopedic Surgery And Procedures; S6 - Surgical Gastro Enterology; S7 - Cardiac And Cardiothoracic Surgery; S8 - Pediatric Surgeries; S9 - Genito Urinary Surgeries; S10 - Neurosurgery; S11 - Surgical Oncology; S14 - Plastic Surgery; S15 - Poly Trauma; S16 - Cochlear Implant Surgery; S17 - Prostheses; S20 - Unspecified Surgical Package; M1 - Critical Care; M2 - General Medicine; M3 - Infectious Diseases; M4 - Pediatrics; M5 - Cardiology; M6 - Nephrology; M7 - Neurology; M8 - Pulmonology; M9 - Dermatology; M10 - Rheumatology; M11 - Endocrinology; M12 - Gastroenterology; M14 - Thalassemia; M15 - Medical Oncology; M16 - Radiation Oncology
455,PHC Devgoan,Government-DPH,Nizamabad,Armur,-,Dr R Bhaskar Rao (9133112906); Dr Samatha (9502339102),S1 - General Surgery; S2 - Ent Surgery; S3 - Ophthalmology Surgery; S4 - Gynaecology And Obstetrics Surgery; S5 - Orthopedic Surgery And Procedures; S6 - Surgical Gastro Enterology; S7 - Cardiac And Cardiothoracic Surgery; S8 - Pediatric Surgeries; S9 - Genito Urinary Surgeries; S10 - Neurosurgery; S11 - Surgical Oncology; S14 - Plastic Surgery; S15 - Poly Trauma; S16 - Cochlear Implant Surgery; S17 - Prostheses; S20 - Unspecified Surgical Package; M1 - Critical Care; M2 - General Medicine; M3 - Infectious Diseases; M4 - Pediatrics; M5 - Cardiology; M6 - Nephrology; M7 - Neurology; M8 - Pulmonology; M9 - Dermatology; M10 - Rheumatology; M11 - Endocrinology; M12 - Gastroenterology; M14 - Thalassemia; M15 - Medical Oncology; M16 - Radiation Oncology
456,PHC Dharmasagar,Government-DPH,Hanumakonda,Dharmasagar,-,Dr Sinduja (9866696323),S1 - General Surgery; S2 - Ent Surgery; S3 - Ophthalmology Surgery; S4 - Gynaecology And Obstetrics Surgery; S5 - Orthopedic Surgery And Procedures; S6 - Surgical Gastro Enterology; S7 - Cardiac And Cardiothoracic Surgery; S8 - Pediatric Surgeries; S9 - Genito Urinary Surgeries; S10 - Neurosurgery; S11 - Surgical Oncology; S14 - Plastic Surgery; S15 - Poly Trauma; S16 - Cochlear Implant Surgery; S17 - Prostheses; S20 - Unspecified Surgical Package; M1 - Critical Care; M2 - General Medicine; M3 - Infectious Diseases; M4 - Pediatrics; M5 - Cardiology; M6 - Nephrology; M7 - Neurology; M8 - Pulmonology; M9 - Dermatology; M10 - Rheumatology; M11 - Endocrinology; M12 - Gastroenterology; M14 - Thalassemia; M15 - Medical Oncology; M16 - Radiation Oncology
457,PHC Dharoor,Government-DPH,Jogulamba Gadwal,Dharur,-,Dr Sravanthi (9652252795),S1 - General Surgery; S2 - Ent Surgery; S3 - Ophthalmology Surgery; S4 - Gynaecology And Obstetrics Surgery; S5 - Orthopedic Surgery And Procedures; S6 - Surgical Gastro Enterology; S7 - Cardiac And Cardiothoracic Surgery; S8 - Pediatric Surgeries; S9 - Genito Urinary Surgeries; S10 - Neurosurgery; S11 - Surgical Oncology; S14 - Plastic Surgery; S15 - Poly Trauma; S16 - Cochlear Implant Surgery; S17 - Prostheses; S20 - Unspecified Surgical Package; M1 - Critical Care; M2 - General Medicine; M3 - Infectious Diseases; M4 - Pediatrics; M5 - Cardiology; M6 - Nephrology; M7 - Neurology; M8 - Pulmonology; M9 - Dermatology; M10 - Rheumatology; M11 - Endocrinology; M12 - Gastroenterology; M14 - Thalassemia; M15 - Medical Oncology; M16 - Radiation Oncology
458,PHC Digwal,Government-DPH,Sangareddy,Kohir,-,Dr.Rajkumar Patlola (9989103030),S1 - General Surgery; S2 - Ent Surgery; S3 - Ophthalmology Surgery; S4 - Gynaecology And Obstetrics Surgery; S5 - Orthopedic Surgery And Procedures; S6 - Surgical Gastro Enterology; S7 - Cardiac And Cardiothoracic Surgery; S8 - Pediatric Surgeries; S9 - Genito Urinary Surgeries; S10 - Neurosurgery; S11 - Surgical Oncology; S14 - Plastic Surgery; S15 - Poly Trauma; S16 - Cochlear Implant Surgery; S17 - Prostheses; S20 - Unspecified Surgical Package; M1 - Critical Care; M2 - General Medicine; M3 - Infectious Diseases; M4 - Pediatrics; M5 - Cardiology; M6 - Nephrology; M7 - Neurology; M8 - Pulmonology; M9 - Dermatology; M10 - Rheumatology; M11 - Endocrinology; M12 - Gastroenterology; M14 - Thalassemia; M15 - Medical Oncology; M16 - Radiation Oncology
459,PHC Doma,Government-DPH,Vikarabad,Doma,-,Dr. Md Muneeb (9440385021),S1 - General Surgery; S2 - Ent Surgery; S3 - Ophthalmology Surgery; S4 - Gynaecology And Obstetrics Surgery; S5 - Orthopedic Surgery And Procedures; S6 - Surgical Gastro Enterology; S7 - Cardiac And Cardiothoracic Surgery; S8 - Pediatric Surgeries; S9 - Genito Urinary Surgeries; S10 - Neurosurgery; S11 - Surgical Oncology; S14 - Plastic Surgery; S15 - Poly Trauma; S16 - Cochlear Implant Surgery; S17 - Prostheses; S20 - Unspecified Surgical Package; M1 - Critical Care; M2 - General Medicine; M3 - Infectious Diseases; M4 - Pediatrics; M5 - Cardiology; M6 - Nephrology; M7 - Neurology; M8 - Pulmonology; M9 - Dermatology; M10 - Rheumatology; M11 - Endocrinology; M12 - Gastroenterology; M14 - Thalassemia; M15 - Medical Oncology; M16 - Radiation Oncology
460,PHC Dongli,Government-DPH,Kamareddy,Madnur,-,Dr.G.Venkatswamy (7337072733),S1 - General Surgery; S2 - Ent Surgery; S3 - Ophthalmology Surgery; S4 - Gynaecology And Obstetrics Surgery; S5 - Orthopedic Surgery And Procedures; S6 - Surgical Gastro Enterology; S7 - Cardiac And Cardiothoracic Surgery; S8 - Pediatric Surgeries; S9 - Genito Urinary Surgeries; S10 - Neurosurgery; S11 - Surgical Oncology; S14 - Plastic Surgery; S15 - Poly Trauma; S16 - Cochlear Implant Surgery; S17 - Prostheses; S20 - Unspecified Surgical Package; M1 - Critical Care; M2 - General Medicine; M3 - Infectious Diseases; M4 - Pediatrics; M5 - Cardiology; M6 - Nephrology; M7 - Neurology; M8 - Pulmonology; M9 - Dermatology; M10 - Rheumatology; M11 - Endocrinology; M12 - Gastroenterology; M14 - Thalassemia; M15 - Medical Oncology; M16 - Radiation Oncology
461,PHC Donkeshswar,Government-DPH,Nizamabad,Nandipet,-,Dr.Ganga Reddy (9493541213),S1 - General Surgery; S2 - Ent Surgery; S3 - Ophthalmology Surgery; S4 - Gynaecology And Obstetrics Surgery; S5 - Orthopedic Surgery And Procedures; S6 - Surgical Gastro Enterology; S7 - Cardiac And Cardiothoracic Surgery; S8 - Pediatric Surgeries; S9 - Genito Urinary Surgeries; S10 - Neurosurgery; S11 - Surgical Oncology; S14 - Plastic Surgery; S15 - Poly Trauma; S16 - Cochlear Implant Surgery; S17 - Prostheses; S20 - Unspecified Surgical Package; M1 - Critical Care; M2 - General Medicine; M3 - Infectious Diseases; M4 - Pediatrics; M5 - Cardiology; M6 - Nephrology; M7 - Neurology; M8 - Pulmonology; M9 - Dermatology; M10 - Rheumatology; M11 - Endocrinology; M12 - Gastroenterology; M14 - Thalassemia; M15 - Medical Oncology; M16 - Radiation Oncology
462,PHC Dornakal,Government-DPH,Mahabubabad,Dornakal,-,Dr. B.V. Pranavi (6303093366),S1 - General Surgery; S2 - Ent Surgery; S3 - Ophthalmology Surgery; S4 - Gynaecology And Obstetrics Surgery; S5 - Orthopedic Surgery And Procedures; S6 - Surgical Gastro Enterology; S7 - Cardiac And Cardiothoracic Surgery; S8 - Pediatric Surgeries; S9 - Genito Urinary Surgeries; S10 - Neurosurgery; S11 - Surgical Oncology; S14 - Plastic Surgery; S15 - Poly Trauma; S16 - Cochlear Implant Surgery; S17 - Prostheses; S20 - Unspecified Surgical Package; M1 - Critical Care; M2 - General Medicine; M3 - Infectious Diseases; M4 - Pediatrics; M5 - Cardiology; M6 - Nephrology; M7 - Neurology; M8 - Pulmonology; M9 - Dermatology; M10 - Rheumatology; M11 - Endocrinology; M12 - Gastroenterology; M14 - Thalassemia; M15 - Medical Oncology; M16 - Radiation Oncology
463,PHC Doulathabad,Government-DPH,Siddipet,Doultabad,-,Dr.S.Prathibha Gayathri (9704452155),S1 - General Surgery; S2 - Ent Surgery; S3 - Ophthalmology Surgery; S4 - Gynaecology And Obstetrics Surgery; S5 - Orthopedic Surgery And Procedures; S6 - Surgical Gastro Enterology; S7 - Cardiac And Cardiothoracic Surgery; S8 - Pediatric Surgeries; S9 - Genito Urinary Surgeries; S10 - Neurosurgery; S11 - Surgical Oncology; S14 - Plastic Surgery; S15 - Poly Trauma; S16 - Cochlear Implant Surgery; S17 - Prostheses; S20 - Unspecified Surgical Package; M1 - Critical Care; M2 - General Medicine; M3 - Infectious Diseases; M4 - Pediatrics; M5 - Cardiology; M6 - Nephrology; M7 - Neurology; M8 - Pulmonology; M9 - Dermatology; M10 - Rheumatology; M11 - Endocrinology; M12 - Gastroenterology; M14 - Thalassemia; M15 - Medical Oncology; M16 - Radiation Oncology
464,PHC Doulthabad,Government-DPH,Vikarabad,Doulatabad,-,Dr. Ratanlal Nayak (9347089994),S1 - General Surgery; S2 - Ent Surgery; S3 - Ophthalmology Surgery; S4 - Gynaecology And Obstetrics Surgery; S5 - Orthopedic Surgery And Procedures; S6 - Surgical Gastro Enterology; S7 - Cardiac And Cardiothoracic Surgery; S8 - Pediatric Surgeries; S9 - Genito Urinary Surgeries; S10 - Neurosurgery; S11 - Surgical Oncology; S14 - Plastic Surgery; S15 - Poly Trauma; S16 - Cochlear Implant Surgery; S17 - Prostheses; S20 - Unspecified Surgical Package; M1 - Critical Care; M2 - General Medicine; M3 - Infectious Diseases; M4 - Pediatrics; M5 - Cardiology; M6 - Nephrology; M7 - Neurology; M8 - Pulmonology; M9 - Dermatology; M10 - Rheumatology; M11 - Endocrinology; M12 - Gastroenterology; M14 - Thalassemia; M15 - Medical Oncology; M16 - Radiation Oncology
465,PHC Doulthabad-H,Government-DPH,Sangareddy,Hathnoora,-,Dr.M.Shanker (9505582348),S1 - General Surgery; S2 - Ent Surgery; S3 - Ophthalmology Surgery; S4 - Gynaecology And Obstetrics Surgery; S5 - Orthopedic Surgery And Procedures; S6 - Surgical Gastro Enterology; S7 - Cardiac And Cardiothoracic Surgery; S8 - Pediatric Surgeries; S9 - Genito Urinary Surgeries; S10 - Neurosurgery; S11 - Surgical Oncology; S14 - Plastic Surgery; S15 - Poly Trauma; S16 - Cochlear Implant Surgery; S17 - Prostheses; S20 - Unspecified Surgical Package; M1 - Critical Care; M2 - General Medicine; M3 - Infectious Diseases; M4 - Pediatrics; M5 - Cardiology; M6 - Nephrology; M7 - Neurology; M8 - Pulmonology; M9 - Dermatology; M10 - Rheumatology; M11 - Endocrinology; M12 - Gastroenterology; M14 - Thalassemia; M15 - Medical Oncology; M16 - Radiation Oncology
466,PHC Dubbacherla,Government-DPH,Rangareddy,Maheshwaram,-,Dr.Sandhya Rani (9492624757),S1 - General Surgery; S2 - Ent Surgery; S3 - Ophthalmology Surgery; S4 - Gynaecology And Obstetrics Surgery; S5 - Orthopedic Surgery And Procedures; S6 - Surgical Gastro Enterology; S7 - Cardiac And Cardiothoracic Surgery; S8 - Pediatric Surgeries; S9 - Genito Urinary Surgeries; S10 - Neurosurgery; S11 - Surgical Oncology; S14 - Plastic Surgery; S15 - Poly Trauma; S16 - Cochlear Implant Surgery; S17 - Prostheses; S20 - Unspecified Surgical Package; M1 - Critical Care; M2 - General Medicine; M3 - Infectious Diseases; M4 - Pediatrics; M5 - Cardiology; M6 - Nephrology; M7 - Neurology; M8 - Pulmonology; M9 - Dermatology; M10 - Rheumatology; M11 - Endocrinology; M12 - Gastroenterology; M14 - Thalassemia; M15 - Medical Oncology; M16 - Radiation Oncology
467,PHC Duggondi,Government-DPH,Warangal,Duggondi,-,Dr . Shashi Kumar (9603960342); Dr.Raju (7780150892),S1 - General Surgery; S2 - Ent Surgery; S3 - Ophthalmology Surgery; S4 - Gynaecology And Obstetrics Surgery; S5 - Orthopedic Surgery And Procedures; S6 - Surgical Gastro Enterology; S7 - Cardiac And Cardiothoracic Surgery; S8 - Pediatric Surgeries; S9 - Genito Urinary Surgeries; S10 - Neurosurgery; S11 - Surgical Oncology; S14 - Plastic Surgery; S15 - Poly Trauma; S16 - Cochlear Implant Surgery; S17 - Prostheses; S20 - Unspecified Surgical Package; M1 - Critical Care; M2 - General Medicine; M3 - Infectious Diseases; M4 - Pediatrics; M5 - Cardiology; M6 - Nephrology; M7 - Neurology; M8 - Pulmonology; M9 - Dermatology; M10 - Rheumatology; M11 - Endocrinology; M12 - Gastroenterology; M14 - Thalassemia; M15 - Medical Oncology; M16 - Radiation Oncology
468,PHC Dummugudem,Government-DPH,Bhadradri Kothagudem,Dummugudem,-,Dr. B. Balaji (9493010751),S1 - General Surgery; S2 - Ent Surgery; S3 - Ophthalmology Surgery; S4 - Gynaecology And Obstetrics Surgery; S5 - Orthopedic Surgery And Procedures; S6 - Surgical Gastro Enterology; S7 - Cardiac And Cardiothoracic Surgery; S8 - Pediatric Surgeries; S9 - Genito Urinary Surgeries; S10 - Neurosurgery; S11 - Surgical Oncology; S14 - Plastic Surgery; S15 - Poly Trauma; S16 - Cochlear Implant Surgery; S17 - Prostheses; S20 - Unspecified Surgical Package; M1 - Critical Care; M2 - General Medicine; M3 - Infectious Diseases; M4 - Pediatrics; M5 - Cardiology; M6 - Nephrology; M7 - Neurology; M8 - Pulmonology; M9 - Dermatology; M10 - Rheumatology; M11 - Endocrinology; M12 - Gastroenterology; M14 - Thalassemia; M15 - Medical Oncology; M16 - Radiation Oncology
469,PHC Easgaon,Government-DPH,Komaram Bheem Asifabad,Kagaznagar,-,Dr. S Prem Sagar (8555904195); Dr. Seetharam (7893044538),S1 - General Surgery; S2 - Ent Surgery; S3 - Ophthalmology Surgery; S4 - Gynaecology And Obstetrics Surgery; S5 - Orthopedic Surgery And Procedures; S6 - Surgical Gastro Enterology; S7 - Cardiac And Cardiothoracic Surgery; S8 - Pediatric Surgeries; S9 - Genito Urinary Surgeries; S10 - Neurosurgery; S11 - Surgical Oncology; S14 - Plastic Surgery; S15 - Poly Trauma; S16 - Cochlear Implant Surgery; S17 - Prostheses; S20 - Unspecified Surgical Package; M1 - Critical Care; M2 - General Medicine; M3 - Infectious Diseases; M4 - Pediatrics; M5 - Cardiology; M6 - Nephrology; M7 - Neurology; M8 - Pulmonology; M9 - Dermatology; M10 - Rheumatology; M11 - Endocrinology; M12 - Gastroenterology; M14 - Thalassemia; M15 - Medical Oncology; M16 - Radiation Oncology
470,PHC Edira,Government-DPH,Mahabubnagar,Mahabubnagar Urban,Mahabubnagar,Dr Asagr Ali (9885621303),S1 - General Surgery; S2 - Ent Surgery; S3 - Ophthalmology Surgery; S4 - Gynaecology And Obstetrics Surgery; S5 - Orthopedic Surgery And Procedures; S6 - Surgical Gastro Enterology; S7 - Cardiac And Cardiothoracic Surgery; S8 - Pediatric Surgeries; S9 - Genito Urinary Surgeries; S10 - Neurosurgery; S11 - Surgical Oncology; S14 - Plastic Surgery; S15 - Poly Trauma; S16 - Cochlear Implant Surgery; S17 - Prostheses; S20 - Unspecified Surgical Package; M1 - Critical Care; M2 - General Medicine; M3 - Infectious Diseases; M4 - Pediatrics; M5 - Cardiology; M6 - Nephrology; M7 - Neurology; M8 - Pulmonology; M9 - Dermatology; M10 - Rheumatology; M11 - Endocrinology; M12 - Gastroenterology; M14 - Thalassemia; M15 - Medical Oncology; M16 - Radiation Oncology
471,PHC Eligaid,Government-DPH,Peddapalli,Eligaid,-,Dr.P.Purushotham (9246935364),S1 - General Surgery; S2 - Ent Surgery; S3 - Ophthalmology Surgery; S4 - Gynaecology And Obstetrics Surgery; S5 - Orthopedic Surgery And Procedures; S6 - Surgical Gastro Enterology; S7 - Cardiac And Cardiothoracic Surgery; S8 - Pediatric Surgeries; S9 - Genito Urinary Surgeries; S10 - Neurosurgery; S11 - Surgical Oncology; S14 - Plastic Surgery; S15 - Poly Trauma; S16 - Cochlear Implant Surgery; S17 - Prostheses; S20 - Unspecified Surgical Package; M1 - Critical Care; M2 - General Medicine; M3 - Infectious Diseases; M4 - Pediatrics; M5 - Cardiology; M6 - Nephrology; M7 - Neurology; M8 - Pulmonology; M9 - Dermatology; M10 - Rheumatology; M11 - Endocrinology; M12 - Gastroenterology; M14 - Thalassemia; M15 - Medical Oncology; M16 - Radiation Oncology
472,PHC Eliminedu,Government-DPH,Rangareddy,Ibrahimpatnam,-,Dr. V. J. Abhiram (6300633237),S1 - General Surgery; S2 - Ent Surgery; S3 - Ophthalmology Surgery; S4 - Gynaecology And Obstetrics Surgery; S5 - Orthopedic Surgery And Procedures; S6 - Surgical Gastro Enterology; S7 - Cardiac And Cardiothoracic Surgery; S8 - Pediatric Surgeries; S9 - Genito Urinary Surgeries; S10 - Neurosurgery; S11 - Surgical Oncology; S14 - Plastic Surgery; S15 - Poly Trauma; S16 - Cochlear Implant Surgery; S17 - Prostheses; S20 - Unspecified Surgical Package; M1 - Critical Care; M2 - General Medicine; M3 - Infectious Diseases; M4 - Pediatrics; M5 - Cardiology; M6 - Nephrology; M7 - Neurology; M8 - Pulmonology; M9 - Dermatology; M10 - Rheumatology; M11 - Endocrinology; M12 - Gastroenterology; M14 - Thalassemia; M15 - Medical Oncology; M16 - Radiation Oncology
473,PHC Elkathurthy,Government-DPH,Hanumakonda,Elkathurthi,-,Dr Ifthikar Ahmad (9440285454),S1 - General Surgery; S2 - Ent Surgery; S3 - Ophthalmology Surgery; S4 - Gynaecology And Obstetrics Surgery; S5 - Orthopedic Surgery And Procedures; S6 - Surgical Gastro Enterology; S7 - Cardiac And Cardiothoracic Surgery; S8 - Pediatric Surgeries; S9 - Genito Urinary Surgeries; S10 - Neurosurgery; S11 - Surgical Oncology; S14 - Plastic Surgery; S15 - Poly Trauma; S16 - Cochlear Implant Surgery; S17 - Prostheses; S20 - Unspecified Surgical Package; M1 - Critical Care; M2 - General Medicine; M3 - Infectious Diseases; M4 - Pediatrics; M5 - Cardiology; M6 - Nephrology; M7 - Neurology; M8 - Pulmonology; M9 - Dermatology; M10 - Rheumatology; M11 - Endocrinology; M12 - Gastroenterology; M14 - Thalassemia; M15 - Medical Oncology; M16 - Radiation Oncology
474,PHC Ellandakunta,Government-DPH,Karimnagar,Ellandakunta,-,Dr.Jyothsna (9550914849),S1 - General Surgery; S2 - Ent Surgery; S3 - Ophthalmology Surgery; S4 - Gynaecology And Obstetrics Surgery; S5 - Orthopedic Surgery And Procedures; S6 - Surgical Gastro Enterology; S7 - Cardiac And Cardiothoracic Surgery; S8 - Pediatric Surgeries; S9 - Genito Urinary Surgeries; S10 - Neurosurgery; S11 - Surgical Oncology; S14 - Plastic Surgery; S15 - Poly Trauma; S16 - Cochlear Implant Surgery; S17 - Prostheses; S20 - Unspecified Surgical Package; M1 - Critical Care; M2 - General Medicine; M3 - Infectious Diseases; M4 - Pediatrics; M5 - Cardiology; M6 - Nephrology; M7 - Neurology; M8 - Pulmonology; M9 - Dermatology; M10 - Rheumatology; M11 - Endocrinology; M12 - Gastroenterology; M14 - Thalassemia; M15 - Medical Oncology; M16 - Radiation Oncology
475,PHC Ellanthakunta,Government-DPH,Rajanna Sircilla,Ellanthakunta,-,Dr.K.Srikar (9963992223),S1 - General Surgery; S2 - Ent Surgery; S3 - Ophthalmology Surgery; S4 - Gynaecology And Obstetrics Surgery; S5 - Orthopedic Surgery And Procedures; S6 - Surgical Gastro Enterology; S7 - Cardiac And Cardiothoracic Surgery; S8 - Pediatric Surgeries; S9 - Genito Urinary Surgeries; S10 - Neurosurgery; S11 - Surgical Oncology; S14 - Plastic Surgery; S15 - Poly Trauma; S16 - Cochlear Implant Surgery; S17 - Prostheses; S20 - Unspecified Surgical Package; M1 - Critical Care; M2 - General Medicine; M3 - Infectious Diseases; M4 - Pediatrics; M5 - Cardiology; M6 - Nephrology; M7 - Neurology; M8 - Pulmonology; M9 - Dermatology; M10 - Rheumatology; M11 - Endocrinology; M12 - Gastroenterology; M14 - Thalassemia; M15 - Medical Oncology; M16 - Radiation Oncology
476,PHC Enkoor,Government-DPH,Khammam,Enkoor,-,Dr Pavan Kumar (9989027131); Dr Althaf (9666553786),S1 - General Surgery; S2 - Ent Surgery; S3 - Ophthalmology Surgery; S4 - Gynaecology And Obstetrics Surgery; S5 - Orthopedic Surgery And Procedures; S6 - Surgical Gastro Enterology; S7 - Cardiac And Cardiothoracic Surgery; S8 - Pediatric Surgeries; S9 - Genito Urinary Surgeries; S10 - Neurosurgery; S11 - Surgical Oncology; S14 - Plastic Surgery; S15 - Poly Trauma; S16 - Cochlear Implant Surgery; S17 - Prostheses; S20 - Unspecified Surgical Package; M1 - Critical Care; M2 - General Medicine; M3 - Infectious Diseases; M4 - Pediatrics; M5 - Cardiology; M6 - Nephrology; M7 - Neurology; M8 - Pulmonology; M9 - Dermatology; M10 - Rheumatology; M11 - Endocrinology; M12 - Gastroenterology; M14 - Thalassemia; M15 - Medical Oncology; M16 - Radiation Oncology
477,PHC Erragunta,Government-DPH,Bhadradri Kothagudem,Chandrugonda,-,Dr. G Chetan (9542227068); Dr. K. Priyanka (9494044167),S1 - General Surgery; S2 - Ent Surgery; S3 - Ophthalmology Surgery; S4 - Gynaecology And Obstetrics Surgery; S5 - Orthopedic Surgery And Procedures; S6 - Surgical Gastro Enterology; S7 - Cardiac And Cardiothoracic Surgery; S8 - Pediatric Surgeries; S9 - Genito Urinary Surgeries; S10 - Neurosurgery; S11 - Surgical Oncology; S14 - Plastic Surgery; S15 - Poly Trauma; S16 - Cochlear Implant Surgery; S17 - Prostheses; S20 - Unspecified Surgical Package; M1 - Critical Care; M2 - General Medicine; M3 - Infectious Diseases; M4 - Pediatrics; M5 - Cardiology; M6 - Nephrology; M7 - Neurology; M8 - Pulmonology; M9 - Dermatology; M10 - Rheumatology; M11 - Endocrinology; M12 - Gastroenterology; M14 - Thalassemia; M15 - Medical Oncology; M16 - Radiation Oncology
478,PHC Errapahad,Government-DPH,Kamareddy,Tadwai,-,Dr.B.Ravinder Reddy (6281501778),S1 - General Surgery; S2 - Ent Surgery; S3 - Ophthalmology Surgery; S4 - Gynaecology And Obstetrics Surgery; S5 - Orthopedic Surgery And Procedures; S6 - Surgical Gastro Enterology; S7 - Cardiac And Cardiothoracic Surgery; S8 - Pediatric Surgeries; S9 - Genito Urinary Surgeries; S10 - Neurosurgery; S11 - Surgical Oncology; S14 - Plastic Surgery; S15 - Poly Trauma; S16 - Cochlear Implant Surgery; S17 - Prostheses; S20 - Unspecified Surgical Package; M1 - Critical Care; M2 - General Medicine; M3 - Infectious Diseases; M4 - Pediatrics; M5 - Cardiology; M6 - Nephrology; M7 - Neurology; M8 - Pulmonology; M9 - Dermatology; M10 - Rheumatology; M11 - Endocrinology; M12 - Gastroenterology; M14 - Thalassemia; M15 - Medical Oncology; M16 - Radiation Oncology
479,PHC GI Pally,Government-DPH,Rangareddy,Talakondapalle,-,Dr.Azeem (9494353695),S1 - General Surgery; S2 - Ent Surgery; S3 - Ophthalmology Surgery; S4 - Gynaecology And Obstetrics Surgery; S5 - Orthopedic Surgery And Procedures; S6 - Surgical Gastro Enterology; S7 - Cardiac And Cardiothoracic Surgery; S8 - Pediatric Surgeries; S9 - Genito Urinary Surgeries; S10 - Neurosurgery; S11 - Surgical Oncology; S14 - Plastic Surgery; S15 - Poly Trauma; S16 - Cochlear Implant Surgery; S17 - Prostheses; S20 - Unspecified Surgical Package; M1 - Critical Care; M2 - General Medicine; M3 - Infectious Diseases; M4 - Pediatrics; M5 - Cardiology; M6 - Nephrology; M7 - Neurology; M8 - Pulmonology; M9 - Dermatology; M10 - Rheumatology; M11 - Endocrinology; M12 - Gastroenterology; M14 - Thalassemia; M15 - Medical Oncology; M16 - Radiation Oncology
480,PHC Gaddalapally,Government-DPH,Peddapalli,Manthani,-,Dr A.Shankara Devi (9160305534),S1 - General Surgery; S2 - Ent Surgery; S3 - Ophthalmology Surgery; S4 - Gynaecology And Obstetrics Surgery; S5 - Orthopedic Surgery And Procedures; S6 - Surgical Gastro Enterology; S7 - Cardiac And Cardiothoracic Surgery; S8 - Pediatric Surgeries; S9 - Genito Urinary Surgeries; S10 - Neurosurgery; S11 - Surgical Oncology; S14 - Plastic Surgery; S15 - Poly Trauma; S16 - Cochlear Implant Surgery; S17 - Prostheses; S20 - Unspecified Surgical Package; M1 - Critical Care; M2 - General Medicine; M3 - Infectious Diseases; M4 - Pediatrics; M5 - Cardiology; M6 - Nephrology; M7 - Neurology; M8 - Pulmonology; M9 - Dermatology; M10 - Rheumatology; M11 - Endocrinology; M12 - Gastroenterology; M14 - Thalassemia; M15 - Medical Oncology; M16 - Radiation Oncology
481,PHC Gadipeddapur,Government-DPH,Medak,Alladurg,-,Dr. Fouzia Zaheer (8977110450),S1 - General Surgery; S2 - Ent Surgery; S3 - Ophthalmology Surgery; S4 - Gynaecology And Obstetrics Surgery; S5 - Orthopedic Surgery And Procedures; S6 - Surgical Gastro Enterology; S7 - Cardiac And Cardiothoracic Surgery; S8 - Pediatric Surgeries; S9 - Genito Urinary Surgeries; S10 - Neurosurgery; S11 - Surgical Oncology; S14 - Plastic Surgery; S15 - Poly Trauma; S16 - Cochlear Implant Surgery; S17 - Prostheses; S20 - Unspecified Surgical Package; M1 - Critical Care; M2 - General Medicine; M3 - Infectious Diseases; M4 - Pediatrics; M5 - Cardiology; M6 - Nephrology; M7 - Neurology; M8 - Pulmonology; M9 - Dermatology; M10 - Rheumatology; M11 - Endocrinology; M12 - Gastroenterology; M14 - Thalassemia; M15 - Medical Oncology; M16 - Radiation Oncology
482,PHC Gandeed,Government-DPH,Mahabubnagar,Gandeed,-,Dr.A.Sunitha (7995440545),S1 - General Surgery; S2 - Ent Surgery; S3 - Ophthalmology Surgery; S4 - Gynaecology And Obstetrics Surgery; S5 - Orthopedic Surgery And Procedures; S6 - Surgical Gastro Enterology; S7 - Cardiac And Cardiothoracic Surgery; S8 - Pediatric Surgeries; S9 - Genito Urinary Surgeries; S10 - Neurosurgery; S11 - Surgical Oncology; S14 - Plastic Surgery; S15 - Poly Trauma; S16 - Cochlear Implant Surgery; S17 - Prostheses; S20 - Unspecified Surgical Package; M1 - Critical Care; M2 - General Medicine; M3 - Infectious Diseases; M4 - Pediatrics; M5 - Cardiology; M6 - Nephrology; M7 - Neurology; M8 - Pulmonology; M9 - Dermatology; M10 - Rheumatology; M11 - Endocrinology; M12 - Gastroenterology; M14 - Thalassemia; M15 - Medical Oncology; M16 - Radiation Oncology
483,PHC Gandhampally,Government-DPH,Mahabubabad,Bayyaram,-,Dr.M.Rajendra Prasad (8008221516),S1 - General Surgery; S2 - Ent Surgery; S3 - Ophthalmology Surgery; S4 - Gynaecology And Obstetrics Surgery; S5 - Orthopedic Surgery And Procedures; S6 - Surgical Gastro Enterology; S7 - Cardiac And Cardiothoracic Surgery; S8 - Pediatric Surgeries; S9 - Genito Urinary Surgeries; S10 - Neurosurgery; S11 - Surgical Oncology; S14 - Plastic Surgery; S15 - Poly Trauma; S16 - Cochlear Implant Surgery; S17 - Prostheses; S20 - Unspecified Surgical Package; M1 - Critical Care; M2 - General Medicine; M3 - Infectious Diseases; M4 - Pediatrics; M5 - Cardiology; M6 - Nephrology; M7 - Neurology; M8 - Pulmonology; M9 - Dermatology; M10 - Rheumatology; M11 - Endocrinology; M12 - Gastroenterology; M14 - Thalassemia; M15 - Medical Oncology; M16 - Radiation Oncology
484,PHC Gangadhara,Government-DPH,Karimnagar,Gangadhara,-,Dr.Usha Khandal (9963458542),S1 - General Surgery; S2 - Ent Surgery; S3 - Ophthalmology Surgery; S4 - Gynaecology And Obstetrics Surgery; S5 - Orthopedic Surgery And Procedures; S6 - Surgical Gastro Enterology; S7 - Cardiac And Cardiothoracic Surgery; S8 - Pediatric Surgeries; S9 - Genito Urinary Surgeries; S10 - Neurosurgery; S11 - Surgical Oncology; S14 - Plastic Surgery; S15 - Poly Trauma; S16 - Cochlear Implant Surgery; S17 - Prostheses; S20 - Unspecified Surgical Package; M1 - Critical Care; M2 - General Medicine; M3 - Infectious Diseases; M4 - Pediatrics; M5 - Cardiology; M6 - Nephrology; M7 - Neurology; M8 - Pulmonology; M9 - Dermatology; M10 - Rheumatology; M11 - Endocrinology; M12 - Gastroenterology; M14 - Thalassemia; M15 - Medical Oncology; M16 - Radiation Oncology
485,PHC Gangapur,Government-DPH,Mahabubnagar,Jadcherla,-,Dr.Samatharaj (9966246263),S1 - General Surgery; S2 - Ent Surgery; S3 - Ophthalmology Surgery; S4 - Gynaecology And Obstetrics Surgery; S5 - Orthopedic Surgery And Procedures; S6 - Surgical Gastro Enterology; S7 - Cardiac And Cardiothoracic Surgery; S8 - Pediatric Surgeries; S9 - Genito Urinary Surgeries; S10 - Neurosurgery; S11 - Surgical Oncology; S14 - Plastic Surgery; S15 - Poly Trauma; S16 - Cochlear Implant Surgery; S17 - Prostheses; S20 - Unspecified Surgical Package; M1 - Critical Care; M2 - General Medicine; M3 - Infectious Diseases; M4 - Pediatrics; M5 - Cardiology; M6 - Nephrology; M7 - Neurology; M8 - Pulmonology; M9 - Dermatology; M10 - Rheumatology; M11 - Endocrinology; M12 - Gastroenterology; M14 - Thalassemia; M15 - Medical Oncology; M16 - Radiation Oncology
486,PHC Gangaram,Government-DPH,Mahabubabad,Gangaram,-,Dr.Mukram (7013681208),S1 - General Surgery; S2 - Ent Surgery; S3 - Ophthalmology Surgery; S4 - Gynaecology And Obstetrics Surgery; S5 - Orthopedic Surgery And Procedures; S6 - Surgical Gastro Enterology; S7 - Cardiac And Cardiothoracic Surgery; S8 - Pediatric Surgeries; S9 - Genito Urinary Surgeries; S10 - Neurosurgery; S11 - Surgical Oncology; S14 - Plastic Surgery; S15 - Poly Trauma; S16 - Cochlear Implant Surgery; S17 - Prostheses; S20 - Unspecified Surgical Package; M1 - Critical Care; M2 - General Medicine; M3 - Infectious Diseases; M4 - Pediatrics; M5 - Cardiology; M6 - Nephrology; M7 - Neurology; M8 - Pulmonology; M9 - Dermatology; M10 - Rheumatology; M11 - Endocrinology; M12 - Gastroenterology; M14 - Thalassemia; M15 - Medical Oncology; M16 - Radiation Oncology
487,PHC Garedepally,Government-DPH,Suryapet,Garide Pally,-,Dr.B.Ramya (8074010389),S1 - General Surgery; S2 - Ent Surgery; S3 - Ophthalmology Surgery; S4 - Gynaecology And Obstetrics Surgery; S5 - Orthopedic Surgery And Procedures; S6 - Surgical Gastro Enterology; S7 - Cardiac And Cardiothoracic Surgery; S8 - Pediatric Surgeries; S9 - Genito Urinary Surgeries; S10 - Neurosurgery; S11 - Surgical Oncology; S14 - Plastic Surgery; S15 - Poly Trauma; S16 - Cochlear Implant Surgery; S17 - Prostheses; S20 - Unspecified Surgical Package; M1 - Critical Care; M2 - General Medicine; M3 - Infectious Diseases; M4 - Pediatrics; M5 - Cardiology; M6 - Nephrology; M7 - Neurology; M8 - Pulmonology; M9 - Dermatology; M10 - Rheumatology; M11 - Endocrinology; M12 - Gastroenterology; M14 - Thalassemia; M15 - Medical Oncology; M16 - Radiation Oncology
488,PHC Garrepally,Government-DPH,Peddapalli,Sulthanabad,-,Dr.D.Chandrashekar (9640069188),S1 - General Surgery; S2 - Ent Surgery; S3 - Ophthalmology Surgery; S4 - Gynaecology And Obstetrics Surgery; S5 - Orthopedic Surgery And Procedures; S6 - Surgical Gastro Enterology; S7 - Cardiac And Cardiothoracic Surgery; S8 - Pediatric Surgeries; S9 - Genito Urinary Surgeries; S10 - Neurosurgery; S11 - Surgical Oncology; S14 - Plastic Surgery; S15 - Poly Trauma; S16 - Cochlear Implant Surgery; S17 - Prostheses; S20 - Unspecified Surgical Package; M1 - Critical Care; M2 - General Medicine; M3 - Infectious Diseases; M4 - Pediatrics; M5 - Cardiology; M6 - Nephrology; M7 - Neurology; M8 - Pulmonology; M9 - Dermatology; M10 - Rheumatology; M11 - Endocrinology; M12 - Gastroenterology; M14 - Thalassemia; M15 - Medical Oncology; M16 - Radiation Oncology
489,PHC Geesugonda,Government-DPH,Warangal,Geesugonda,-,Dr.S.Madhavilatha (9989611121); Dr.N.Sridhar (9347937007),S1 - General Surgery; S2 - Ent Surgery; S3 - Ophthalmology Surgery; S4 - Gynaecology And Obstetrics Surgery; S5 - Orthopedic Surgery And Procedures; S6 - Surgical Gastro Enterology; S7 - Cardiac And Cardiothoracic Surgery; S8 - Pediatric Surgeries; S9 - Genito Urinary Surgeries; S10 - Neurosurgery; S11 - Surgical Oncology; S14 - Plastic Surgery; S15 - Poly Trauma; S16 - Cochlear Implant Surgery; S17 - Prostheses; S20 - Unspecified Surgical Package; M1 - Critical Care; M2 - General Medicine; M3 - Infectious Diseases; M4 - Pediatrics; M5 - Cardiology; M6 - Nephrology; M7 - Neurology; M8 - Pulmonology; M9 - Dermatology; M10 - Rheumatology; M11 - Endocrinology; M12 - Gastroenterology; M14 - Thalassemia; M15 - Medical Oncology; M16 - Radiation Oncology
490,PHC Ghanpoor,Government-DPH,Wanaparthy,Ghanpur,-,Dr.M.Shanker (8328002980),S1 - General Surgery; S2 - Ent Surgery; S3 - Ophthalmology Surgery; S4 - Gynaecology And Obstetrics Surgery; S5 - Orthopedic Surgery And Procedures; S6 - Surgical Gastro Enterology; S7 - Cardiac And Cardiothoracic Surgery; S8 - Pediatric Surgeries; S9 - Genito Urinary Surgeries; S10 - Neurosurgery; S11 - Surgical Oncology; S14 - Plastic Surgery; S15 - Poly Trauma; S16 - Cochlear Implant Surgery; S17 - Prostheses; S20 - Unspecified Surgical Package; M1 - Critical Care; M2 - General Medicine; M3 - Infectious Diseases; M4 - Pediatrics; M5 - Cardiology; M6 - Nephrology; M7 - Neurology; M8 - Pulmonology; M9 - Dermatology; M10 - Rheumatology; M11 - Endocrinology; M12 - Gastroenterology; M14 - Thalassemia; M15 - Medical Oncology; M16 - Radiation Oncology
491,PHC Ghattu,Government-DPH,Jogulamba Gadwal,Ghattu,-,Dr P.Maruthinandan Goud (8074588294); Dr G.Raju (8985807184),S1 - General Surgery; S2 - Ent Surgery; S3 - Ophthalmology Surgery; S4 - Gynaecology And Obstetrics Surgery; S5 - Orthopedic Surgery And Procedures; S6 - Surgical Gastro Enterology; S7 - Cardiac And Cardiothoracic Surgery; S8 - Pediatric Surgeries; S9 - Genito Urinary Surgeries; S10 - Neurosurgery; S11 - Surgical Oncology; S14 - Plastic Surgery; S15 - Poly Trauma; S16 - Cochlear Implant Surgery; S17 - Prostheses; S20 - Unspecified Surgical Package; M1 - Critical Care; M2 - General Medicine; M3 - Infectious Diseases; M4 - Pediatrics; M5 - Cardiology; M6 - Nephrology; M7 - Neurology; M8 - Pulmonology; M9 - Dermatology; M10 - Rheumatology; M11 - Endocrinology; M12 - Gastroenterology; M14 - Thalassemia; M15 - Medical Oncology; M16 - Radiation Oncology
492,PHC Gimma,Government-DPH,Adilabad,Jainath,-,Dr. Gopathi Srinivas (8106479188); Dr. Nilofeer (9059881293),S1 - General Surgery; S2 - Ent Surgery; S3 - Ophthalmology Surgery; S4 - Gynaecology And Obstetrics Surgery; S5 - Orthopedic Surgery And Procedures; S6 - Surgical Gastro Enterology; S7 - Cardiac And Cardiothoracic Surgery; S8 - Pediatric Surgeries; S9 - Genito Urinary Surgeries; S10 - Neurosurgery; S11 - Surgical Oncology; S14 - Plastic Surgery; S15 - Poly Trauma; S16 - Cochlear Implant Surgery; S17 - Prostheses; S20 - Unspecified Surgical Package; M1 - Critical Care; M2 - General Medicine; M3 - Infectious Diseases; M4 - Pediatrics; M5 - Cardiology; M6 - Nephrology; M7 - Neurology; M8 - Pulmonology; M9 - Dermatology; M10 - Rheumatology; M11 - Endocrinology; M12 - Gastroenterology; M14 - Thalassemia; M15 - Medical Oncology; M16 - Radiation Oncology
493,PHC Ginnedari,Government-DPH,Komaram Bheem Asifabad,Tiryani,-,Dr Ravikiran (8019195673),S1 - General Surgery; S2 - Ent Surgery; S3 - Ophthalmology Surgery; S4 - Gynaecology And Obstetrics Surgery; S5 - Orthopedic Surgery And Procedures; S6 - Surgical Gastro Enterology; S7 - Cardiac And Cardiothoracic Surgery; S8 - Pediatric Surgeries; S9 - Genito Urinary Surgeries; S10 - Neurosurgery; S11 - Surgical Oncology; S14 - Plastic Surgery; S15 - Poly Trauma; S16 - Cochlear Implant Surgery; S17 - Prostheses; S20 - Unspecified Surgical Package; M1 - Critical Care; M2 - General Medicine; M3 - Infectious Diseases; M4 - Pediatrics; M5 - Cardiology; M6 - Nephrology; M7 - Neurology; M8 - Pulmonology; M9 - Dermatology; M10 - Rheumatology; M11 - Endocrinology; M12 - Gastroenterology; M14 - Thalassemia; M15 - Medical Oncology; M16 - Radiation Oncology
494,PHC Gollapally,Government-DPH,Jagtial,Gollapalli,-,Dr.Radhika Rani (6268330397); Dr.Lavakumar (7780597916),S1 - General Surgery; S2 - Ent Surgery; S3 - Ophthalmology Surgery; S4 - Gynaecology And Obstetrics Surgery; S5 - Orthopedic Surgery And Procedures; S6 - Surgical Gastro Enterology; S7 - Cardiac And Cardiothoracic Surgery; S8 - Pediatric Surgeries; S9 - Genito Urinary Surgeries; S10 - Neurosurgery; S11 - Surgical Oncology; S14 - Plastic Surgery; S15 - Poly Trauma; S16 - Cochlear Implant Surgery; S17 - Prostheses; S20 - Unspecified Surgical Package; M1 - Critical Care; M2 - General Medicine; M3 - Infectious Diseases; M4 - Pediatrics; M5 - Cardiology; M6 - Nephrology; M7 - Neurology; M8 - Pulmonology; M9 - Dermatology; M10 - Rheumatology; M11 - Endocrinology; M12 - Gastroenterology; M14 - Thalassemia; M15 - Medical Oncology; M16 - Radiation Oncology
495,PHC Gopalpet,Government-DPH,Wanaparthy,Gopalpeta,-,Dr.A.Manjula (9542407998),S1 - General Surgery; S2 - Ent Surgery; S3 - Ophthalmology Surgery; S4 - Gynaecology And Obstetrics Surgery; S5 - Orthopedic Surgery And Procedures; S6 - Surgical Gastro Enterology; S7 - Cardiac And Cardiothoracic Surgery; S8 - Pediatric Surgeries; S9 - Genito Urinary Surgeries; S10 - Neurosurgery; S11 - Surgical Oncology; S14 - Plastic Surgery; S15 - Poly Trauma; S16 - Cochlear Implant Surgery; S17 - Prostheses; S20 - Unspecified Surgical Package; M1 - Critical Care; M2 - General Medicine; M3 - Infectious Diseases; M4 - Pediatrics; M5 - Cardiology; M6 - Nephrology; M7 - Neurology; M8 - Pulmonology; M9 - Dermatology; M10 - Rheumatology; M11 - Endocrinology; M12 - Gastroenterology; M14 - Thalassemia; M15 - Medical Oncology; M16 - Radiation Oncology
496,PHC Gopalpur,Government-DPH,Hanumakonda,Elkathurthi,-,Dr Shobha Rani (9908760566),S1 - General Surgery; S2 - Ent Surgery; S3 - Ophthalmology Surgery; S4 - Gynaecology And Obstetrics Surgery; S5 - Orthopedic Surgery And Procedures; S6 - Surgical Gastro Enterology; S7 - Cardiac And Cardiothoracic Surgery; S8 - Pediatric Surgeries; S9 - Genito Urinary Surgeries; S10 - Neurosurgery; S11 - Surgical Oncology; S14 - Plastic Surgery; S15 - Poly Trauma; S16 - Cochlear Implant Surgery; S17 - Prostheses; S20 - Unspecified Surgical Package; M1 - Critical Care; M2 - General Medicine; M3 - Infectious Diseases; M4 - Pediatrics; M5 - Cardiology; M6 - Nephrology; M7 - Neurology; M8 - Pulmonology; M9 - Dermatology; M10 - Rheumatology; M11 - Endocrinology; M12 - Gastroenterology; M14 - Thalassemia; M15 - Medical Oncology; M16 - Radiation Oncology
497,PHC Govindpet,Government-DPH,Nizamabad,Armur,-,Dr.P.Venkanna (7674065119),S1 - General Surgery; S2 - Ent Surgery; S3 - Ophthalmology Surgery; S4 - Gynaecology And Obstetrics Surgery; S5 - Orthopedic Surgery And Procedures; S6 - Surgical Gastro Enterology; S7 - Cardiac And Cardiothoracic Surgery; S8 - Pediatric Surgeries; S9 - Genito Urinary Surgeries; S10 - Neurosurgery; S11 - Surgical Oncology; S14 - Plastic Surgery; S15 - Poly Trauma; S16 - Cochlear Implant Surgery; S17 - Prostheses; S20 - Unspecified Surgical Package; M1 - Critical Care; M2 - General Medicine; M3 - Infectious Diseases; M4 - Pediatrics; M5 - Cardiology; M6 - Nephrology; M7 - Neurology; M8 - Pulmonology; M9 - Dermatology; M10 - Rheumatology; M11 - Endocrinology; M12 - Gastroenterology; M14 - Thalassemia; M15 - Medical Oncology; M16 - Radiation Oncology
498,PHC Gudihatnoor,Government-DPH,Adilabad,Gudihatnur,-,Vacancy (9490354332); Vacancy (9490354332),S1 - General Surgery; S2 - Ent Surgery; S3 - Ophthalmology Surgery; S4 - Gynaecology And Obstetrics Surgery; S5 - Orthopedic Surgery And Procedures; S6 - Surgical Gastro Enterology; S7 - Cardiac And Cardiothoracic Surgery; S8 - Pediatric Surgeries; S9 - Genito Urinary Surgeries; S10 - Neurosurgery; S11 - Surgical Oncology; S14 - Plastic Surgery; S15 - Poly Trauma; S16 - Cochlear Implant Surgery; S17 - Prostheses; S20 - Unspecified Surgical Package; M1 - Critical Care; M2 - General Medicine; M3 - Infectious Diseases; M4 - Pediatrics; M5 - Cardiology; M6 - Nephrology; M7 - Neurology; M8 - Pulmonology; M9 - Dermatology; M10 - Rheumatology; M11 - Endocrinology; M12 - Gastroenterology; M14 - Thalassemia; M15 - Medical Oncology; M16 - Radiation Oncology
499,PHC Gudur,Government-DPH,Mahabubabad,Gudur,-,Dr Vijay Kumar (9160455274),S1 - General Surgery; S2 - Ent Surgery; S3 - Ophthalmology Surgery; S4 - Gynaecology And Obstetrics Surgery; S5 - Orthopedic Surgery And Procedures; S6 - Surgical Gastro Enterology; S7 - Cardiac And Cardiothoracic Surgery; S8 - Pediatric Surgeries; S9 - Genito Urinary Surgeries; S10 - Neurosurgery; S11 - Surgical Oncology; S14 - Plastic Surgery; S15 - Poly Trauma; S16 - Cochlear Implant Surgery; S17 - Prostheses; S20 - Unspecified Surgical Package; M1 - Critical Care; M2 - General Medicine; M3 - Infectious Diseases; M4 - Pediatrics; M5 - Cardiology; M6 - Nephrology; M7 - Neurology; M8 - Pulmonology; M9 - Dermatology; M10 - Rheumatology; M11 - Endocrinology; M12 - Gastroenterology; M14 - Thalassemia; M15 - Medical Oncology; M16 - Radiation Oncology
500,PHC Gumlapur,Government-DPH,Karimnagar,Choppadandi,-,Dr.Radhika Rani (9059293804),S1 - General Surgery; S2 - Ent Surgery; S3 - Ophthalmology Surgery; S4 - Gynaecology And Obstetrics Surgery; S5 - Orthopedic Surgery And Procedures; S6 - Surgical Gastro Enterology; S7 - Cardiac And Cardiothoracic Surgery; S8 - Pediatric Surgeries; S9 - Genito Urinary Surgeries; S10 - Neurosurgery; S11 - Surgical Oncology; S14 - Plastic Surgery; S15 - Poly Trauma; S16 - Cochlear Implant Surgery; S17 - Prostheses; S20 - Unspecified Surgical Package; M1 - Critical Care; M2 - General Medicine; M3 - Infectious Diseases; M4 - Pediatrics; M5 - Cardiology; M6 - Nephrology; M7 - Neurology; M8 - Pulmonology; M9 - Dermatology; M10 - Rheumatology; M11 - Endocrinology; M12 - Gastroenterology; M14 - Thalassemia; M15 - Medical Oncology; M16 - Radiation Oncology
501,PHC Gummadidala,Government-DPH,Sangareddy,Gummadidala,-,Dr Madhukar (9858242600); Dr Manasa (9553375400),S1 - General Surgery; S2 - Ent Surgery; S3 - Ophthalmology Surgery; S4 - Gynaecology And Obstetrics Surgery; S5 - Orthopedic Surgery And Procedures; S6 - Surgical Gastro Enterology; S7 - Cardiac And Cardiothoracic Surgery; S8 - Pediatric Surgeries; S9 - Genito Urinary Surgeries; S10 - Neurosurgery; S11 - Surgical Oncology; S14 - Plastic Surgery; S15 - Poly Trauma; S16 - Cochlear Implant Surgery; S17 - Prostheses; S20 - Unspecified Surgical Package; M1 - Critical Care; M2 - General Medicine; M3 - Infectious Diseases; M4 - Pediatrics; M5 - Cardiology; M6 - Nephrology; M7 - Neurology; M8 - Pulmonology; M9 - Dermatology; M10 - Rheumatology; M11 - Endocrinology; M12 - Gastroenterology; M14 - Thalassemia; M15 - Medical Oncology; M16 - Radiation Oncology
502,PHC Gummadivalli,Government-DPH,Bhadradri Kothagudem,Aswaraopeta,-,Dr.Harish (9603916006),S1 - General Surgery; S2 - Ent Surgery; S3 - Ophthalmology Surgery; S4 - Gynaecology And Obstetrics Surgery; S5 - Orthopedic Surgery And Procedures; S6 - Surgical Gastro Enterology; S7 - Cardiac And Cardiothoracic Surgery; S8 - Pediatric Surgeries; S9 - Genito Urinary Surgeries; S10 - Neurosurgery; S11 - Surgical Oncology; S14 - Plastic Surgery; S15 - Poly Trauma; S16 - Cochlear Implant Surgery; S17 - Prostheses; S20 - Unspecified Surgical Package; M1 - Critical Care; M2 - General Medicine; M3 - Infectious Diseases; M4 - Pediatrics; M5 - Cardiology; M6 - Nephrology; M7 - Neurology; M8 - Pulmonology; M9 - Dermatology; M10 - Rheumatology; M11 - Endocrinology; M12 - Gastroenterology; M14 - Thalassemia; M15 - Medical Oncology; M16 - Radiation Oncology
503,PHC Gundala,Government-DPH,Bhadradri Kothagudem,Gundala,-,Dr.M. Ravi Chand (9849324032),S1 - General Surgery; S2 - Ent Surgery; S3 - Ophthalmology Surgery; S4 - Gynaecology And Obstetrics Surgery; S5 - Orthopedic Surgery And Procedures; S6 - Surgical Gastro Enterology; S7 - Cardiac And Cardiothoracic Surgery; S8 - Pediatric Surgeries; S9 - Genito Urinary Surgeries; S10 - Neurosurgery; S11 - Surgical Oncology; S14 - Plastic Surgery; S15 - Poly Trauma; S16 - Cochlear Implant Surgery; S17 - Prostheses; S20 - Unspecified Surgical Package; M1 - Critical Care; M2 - General Medicine; M3 - Infectious Diseases; M4 - Pediatrics; M5 - Cardiology; M6 - Nephrology; M7 - Neurology; M8 - Pulmonology; M9 - Dermatology; M10 - Rheumatology; M11 - Endocrinology; M12 - Gastroenterology; M14 - Thalassemia; M15 - Medical Oncology; M16 - Radiation Oncology
504,PHC Gundi,Government-DPH,Karimnagar,Ramadugu,-,Dr.Rajender (9963458542),S1 - General Surgery; S2 - Ent Surgery; S3 - Ophthalmology Surgery; S4 - Gynaecology And Obstetrics Surgery; S5 - Orthopedic Surgery And Procedures; S6 - Surgical Gastro Enterology; S7 - Cardiac And Cardiothoracic Surgery; S8 - Pediatric Surgeries; S9 - Genito Urinary Surgeries; S10 - Neurosurgery; S11 - Surgical Oncology; S14 - Plastic Surgery; S15 - Poly Trauma; S16 - Cochlear Implant Surgery; S17 - Prostheses; S20 - Unspecified Surgical Package; M1 - Critical Care; M2 - General Medicine; M3 - Infectious Diseases; M4 - Pediatrics; M5 - Cardiology; M6 - Nephrology; M7 - Neurology; M8 - Pulmonology; M9 - Dermatology; M10 - Rheumatology; M11 - Endocrinology; M12 - Gastroenterology; M14 - Thalassemia; M15 - Medical Oncology; M16 - Radiation Oncology
505,PHC Hamaliwada,Government-DPH,Adilabad,Adilabad Urban,Adilabad,Dr. A. Sagar (8309058581),S1 - General Surgery; S2 - Ent Surgery; S3 - Ophthalmology Surgery; S4 - Gynaecology And Obstetrics Surgery; S5 - Orthopedic Surgery And Procedures; S6 - Surgical Gastro Enterology; S7 - Cardiac And Cardiothoracic Surgery; S8 - Pediatric Surgeries; S9 - Genito Urinary Surgeries; S10 - Neurosurgery; S11 - Surgical Oncology; S14 - Plastic Surgery; S15 - Poly Trauma; S16 - Cochlear Implant Surgery; S17 - Prostheses; S20 - Unspecified Surgical Package; M1 - Critical Care; M2 - General Medicine; M3 - Infectious Diseases; M4 - Pediatrics; M5 - Cardiology; M6 - Nephrology; M7 - Neurology; M8 - Pulmonology; M9 - Dermatology; M10 - Rheumatology; M11 - Endocrinology; M12 - Gastroenterology; M14 - Thalassemia; M15 - Medical Oncology; M16 - Radiation Oncology
506,PHC Hanmajipet,Government-DPH,Kamareddy,Banswada,Banswada,Dr.S.Vijaya Mahalaxmi (7093236232),S1 - General Surgery; S2 - Ent Surgery; S3 - Ophthalmology Surgery; S4 - Gynaecology And Obstetrics Surgery; S5 - Orthopedic Surgery And Procedures; S6 - Surgical Gastro Enterology; S7 - Cardiac And Cardiothoracic Surgery; S8 - Pediatric Surgeries; S9 - Genito Urinary Surgeries; S10 - Neurosurgery; S11 - Surgical Oncology; S14 - Plastic Surgery; S15 - Poly Trauma; S16 - Cochlear Implant Surgery; S17 - Prostheses; S20 - Unspecified Surgical Package; M1 - Critical Care; M2 - General Medicine; M3 - Infectious Diseases; M4 - Pediatrics; M5 - Cardiology; M6 - Nephrology; M7 - Neurology; M8 - Pulmonology; M9 - Dermatology; M10 - Rheumatology; M11 - Endocrinology; M12 - Gastroenterology; M14 - Thalassemia; M15 - Medical Oncology; M16 - Radiation Oncology
507,PHC Hanwada,Government-DPH,Mahabubnagar,Hanwada,-,Dr.J.T.Peace Preethy (9490413099),S1 - General Surgery; S2 - Ent Surgery; S3 - Ophthalmology Surgery; S4 - Gynaecology And Obstetrics Surgery; S5 - Orthopedic Surgery And Procedures; S6 - Surgical Gastro Enterology; S7 - Cardiac And Cardiothoracic Surgery; S8 - Pediatric Surgeries; S9 - Genito Urinary Surgeries; S10 - Neurosurgery; S11 - Surgical Oncology; S14 - Plastic Surgery; S15 - Poly Trauma; S16 - Cochlear Implant Surgery; S17 - Prostheses; S20 - Unspecified Surgical Package; M1 - Critical Care; M2 - General Medicine; M3 - Infectious Diseases; M4 - Pediatrics; M5 - Cardiology; M6 - Nephrology; M7 - Neurology; M8 - Pulmonology; M9 - Dermatology; M10 - Rheumatology; M11 - Endocrinology; M12 - Gastroenterology; M14 - Thalassemia; M15 - Medical Oncology; M16 - Radiation Oncology
508,PHC Hasnapur,Government-DPH,Adilabad,Utnoor,-,Dr.Vijay Kumar (9908819640); Dr.Kavya (9912385985),S1 - General Surgery; S2 - Ent Surgery; S3 - Ophthalmology Surgery; S4 - Gynaecology And Obstetrics Surgery; S5 - Orthopedic Surgery And Procedures; S6 - Surgical Gastro Enterology; S7 - Cardiac And Cardiothoracic Surgery; S8 - Pediatric Surgeries; S9 - Genito Urinary Surgeries; S10 - Neurosurgery; S11 - Surgical Oncology; S14 - Plastic Surgery; S15 - Poly Trauma; S16 - Cochlear Implant Surgery; S17 - Prostheses; S20 - Unspecified Surgical Package; M1 - Critical Care; M2 - General Medicine; M3 - Infectious Diseases; M4 - Pediatrics; M5 - Cardiology; M6 - Nephrology; M7 - Neurology; M8 - Pulmonology; M9 - Dermatology; M10 - Rheumatology; M11 - Endocrinology; M12 - Gastroenterology; M14 - Thalassemia; M15 - Medical Oncology; M16 - Radiation Oncology
509,PHC Hathnoora,Government-DPH,Sangareddy,Hathnoora,-,Dr.K.Sarala Kumari (9866152809),S1 - General Surgery; S2 - Ent Surgery; S3 - Ophthalmology Surgery; S4 - Gynaecology And Obstetrics Surgery; S5 - Orthopedic Surgery And Procedures; S6 - Surgical Gastro Enterology; S7 - Cardiac And Cardiothoracic Surgery; S8 - Pediatric Surgeries; S9 - Genito Urinary Surgeries; S10 - Neurosurgery; S11 - Surgical Oncology; S14 - Plastic Surgery; S15 - Poly Trauma; S16 - Cochlear Implant Surgery; S17 - Prostheses; S20 - Unspecified Surgical Package; M1 - Critical Care; M2 - General Medicine; M3 - Infectious Diseases; M4 - Pediatrics; M5 - Cardiology; M6 - Nephrology; M7 - Neurology; M8 - Pulmonology; M9 - Dermatology; M10 - Rheumatology; M11 - Endocrinology; M12 - Gastroenterology; M14 - Thalassemia; M15 - Medical Oncology; M16 - Radiation Oncology
510,PHC Hazipur,Government-DPH,Mancherial,Hajipur,-,Dr. Sunil (9989707605),S1 - General Surgery; S2 - Ent Surgery; S3 - Ophthalmology Surgery; S4 - Gynaecology And Obstetrics Surgery; S5 - Orthopedic Surgery And Procedures; S6 - Surgical Gastro Enterology; S7 - Cardiac And Cardiothoracic Surgery; S8 - Pediatric Surgeries; S9 - Genito Urinary Surgeries; S10 - Neurosurgery; S11 - Surgical Oncology; S14 - Plastic Surgery; S15 - Poly Trauma; S16 - Cochlear Implant Surgery; S17 - Prostheses; S20 - Unspecified Surgical Package; M1 - Critical Care; M2 - General Medicine; M3 - Infectious Diseases; M4 - Pediatrics; M5 - Cardiology; M6 - Nephrology; M7 - Neurology; M8 - Pulmonology; M9 - Dermatology; M10 - Rheumatology; M11 - Endocrinology; M12 - Gastroenterology; M14 - Thalassemia; M15 - Medical Oncology; M16 - Radiation Oncology
511,PHC Ibrahimnagar,Government-DPH,Siddipet,Chinnakodur,-,Dr. E. Srinivas (9440859229),S1 - General Surgery; S2 - Ent Surgery; S3 - Ophthalmology Surgery; S4 - Gynaecology And Obstetrics Surgery; S5 - Orthopedic Surgery And Procedures; S6 - Surgical Gastro Enterology; S7 - Cardiac And Cardiothoracic Surgery; S8 - Pediatric Surgeries; S9 - Genito Urinary Surgeries; S10 - Neurosurgery; S11 - Surgical Oncology; S14 - Plastic Surgery; S15 - Poly Trauma; S16 - Cochlear Implant Surgery; S17 - Prostheses; S20 - Unspecified Surgical Package; M1 - Critical Care; M2 - General Medicine; M3 - Infectious Diseases; M4 - Pediatrics; M5 - Cardiology; M6 - Nephrology; M7 - Neurology; M8 - Pulmonology; M9 - Dermatology; M10 - Rheumatology; M11 - Endocrinology; M12 - Gastroenterology; M14 - Thalassemia; M15 - Medical Oncology; M16 - Radiation Oncology
512,PHC Ichoda,Government-DPH,Adilabad,Ichoda,-,Dr. M. Srikanth (7036855669),S1 - General Surgery; S2 - Ent Surgery; S3 - Ophthalmology Surgery; S4 - Gynaecology And Obstetrics Surgery; S5 - Orthopedic Surgery And Procedures; S6 - Surgical Gastro Enterology; S7 - Cardiac And Cardiothoracic Surgery; S8 - Pediatric Surgeries; S9 - Genito Urinary Surgeries; S10 - Neurosurgery; S11 - Surgical Oncology; S14 - Plastic Surgery; S15 - Poly Trauma; S16 - Cochlear Implant Surgery; S17 - Prostheses; S20 - Unspecified Surgical Package; M1 - Critical Care; M2 - General Medicine; M3 - Infectious Diseases; M4 - Pediatrics; M5 - Cardiology; M6 - Nephrology; M7 - Neurology; M8 - Pulmonology; M9 - Dermatology; M10 - Rheumatology; M11 - Endocrinology; M12 - Gastroenterology; M14 - Thalassemia; M15 - Medical Oncology; M16 - Radiation Oncology
513,PHC Ieeja,Government-DPH,Jogulamba Gadwal,Ieeja,Ieeja,Dr Syed Irshad (9640949141); Dr Swaroopa Rani (9182688513),S1 - General Surgery; S2 - Ent Surgery; S3 - Ophthalmology Surgery; S4 - Gynaecology And Obstetrics Surgery; S5 - Orthopedic Surgery And Procedures; S6 - Surgical Gastro Enterology; S7 - Cardiac And Cardiothoracic Surgery; S8 - Pediatric Surgeries; S9 - Genito Urinary Surgeries; S10 - Neurosurgery; S11 - Surgical Oncology; S14 - Plastic Surgery; S15 - Poly Trauma; S16 - Cochlear Implant Surgery; S17 - Prostheses; S20 - Unspecified Surgical Package; M1 - Critical Care; M2 - General Medicine; M3 - Infectious Diseases; M4 - Pediatrics; M5 - Cardiology; M6 - Nephrology; M7 - Neurology; M8 - Pulmonology; M9 - Dermatology; M10 - Rheumatology; M11 - Endocrinology; M12 - Gastroenterology; M14 - Thalassemia; M15 - Medical Oncology; M16 - Radiation Oncology
514,PHC Inavole,Government-DPH,Hanumakonda,Inavole,-,Dr Srinivas (7659071761),S1 - General Surgery; S2 - Ent Surgery; S3 - Ophthalmology Surgery; S4 - Gynaecology And Obstetrics Surgery; S5 - Orthopedic Surgery And Procedures; S6 - Surgical Gastro Enterology; S7 - Cardiac And Cardiothoracic Surgery; S8 - Pediatric Surgeries; S9 - Genito Urinary Surgeries; S10 - Neurosurgery; S11 - Surgical Oncology; S14 - Plastic Surgery; S15 - Poly Trauma; S16 - Cochlear Implant Surgery; S17 - Prostheses; S20 - Unspecified Surgical Package; M1 - Critical Care; M2 - General Medicine; M3 - Infectious Diseases; M4 - Pediatrics; M5 - Cardiology; M6 - Nephrology; M7 - Neurology; M8 - Pulmonology; M9 - Dermatology; M10 - Rheumatology; M11 - Endocrinology; M12 - Gastroenterology; M14 - Thalassemia; M15 - Medical Oncology; M16 - Radiation Oncology
515,PHC Indervelly,Government-DPH,Adilabad,Indervelly,-,Dr. Degawath Srikanth (94913 37401); Dr. Shikari Sai Kiran (9063164546),S1 - General Surgery; S2 - Ent Surgery; S3 - Ophthalmology Surgery; S4 - Gynaecology And Obstetrics Surgery; S5 - Orthopedic Surgery And Procedures; S6 - Surgical Gastro Enterology; S7 - Cardiac And Cardiothoracic Surgery; S8 - Pediatric Surgeries; S9 - Genito Urinary Surgeries; S10 - Neurosurgery; S11 - Surgical Oncology; S14 - Plastic Surgery; S15 - Poly Trauma; S16 - Cochlear Implant Surgery; S17 - Prostheses; S20 - Unspecified Surgical Package; M1 - Critical Care; M2 - General Medicine; M3 - Infectious Diseases; M4 - Pediatrics; M5 - Cardiology; M6 - Nephrology; M7 - Neurology; M8 - Pulmonology; M9 - Dermatology; M10 - Rheumatology; M11 - Endocrinology; M12 - Gastroenterology; M14 - Thalassemia; M15 - Medical Oncology; M16 - Radiation Oncology
516,PHC Indupriyal,Government-DPH,Siddipet,Doultabad,-,Dr.S.Sreedhar (9963997535),S1 - General Surgery; S2 - Ent Surgery; S3 - Ophthalmology Surgery; S4 - Gynaecology And Obstetrics Surgery; S5 - Orthopedic Surgery And Procedures; S6 - Surgical Gastro Enterology; S7 - Cardiac And Cardiothoracic Surgery; S8 - Pediatric Surgeries; S9 - Genito Urinary Surgeries; S10 - Neurosurgery; S11 - Surgical Oncology; S14 - Plastic Surgery; S15 - Poly Trauma; S16 - Cochlear Implant Surgery; S17 - Prostheses; S20 - Unspecified Surgical Package; M1 - Critical Care; M2 - General Medicine; M3 - Infectious Diseases; M4 - Pediatrics; M5 - Cardiology; M6 - Nephrology; M7 - Neurology; M8 - Pulmonology; M9 - Dermatology; M10 - Rheumatology; M11 - Endocrinology; M12 - Gastroenterology; M14 - Thalassemia; M15 - Medical Oncology; M16 - Radiation Oncology
517,PHC Inugurthy,Government-DPH,Mahabubabad,Kesamudram,-,Dr. Ch. Anil Kumar (8008171517),S1 - General Surgery; S2 - Ent Surgery; S3 - Ophthalmology Surgery; S4 - Gynaecology And Obstetrics Surgery; S5 - Orthopedic Surgery And Procedures; S6 - Surgical Gastro Enterology; S7 - Cardiac And Cardiothoracic Surgery; S8 - Pediatric Surgeries; S9 - Genito Urinary Surgeries; S10 - Neurosurgery; S11 - Surgical Oncology; S14 - Plastic Surgery; S15 - Poly Trauma; S16 - Cochlear Implant Surgery; S17 - Prostheses; S20 - Unspecified Surgical Package; M1 - Critical Care; M2 - General Medicine; M3 - Infectious Diseases; M4 - Pediatrics; M5 - Cardiology; M6 - Nephrology; M7 - Neurology; M8 - Pulmonology; M9 - Dermatology; M10 - Rheumatology; M11 - Endocrinology; M12 - Gastroenterology; M14 - Thalassemia; M15 - Medical Oncology; M16 - Radiation Oncology
518,PHC Ippagudem,Government-DPH,Jangoan,Ghanpur(Station),-,Dr.Mounika (9030112105),S1 - General Surgery; S2 - Ent Surgery; S3 - Ophthalmology Surgery; S4 - Gynaecology And Obstetrics Surgery; S5 - Orthopedic Surgery And Procedures; S6 - Surgical Gastro Enterology; S7 - Cardiac And Cardiothoracic Surgery; S8 - Pediatric Surgeries; S9 - Genito Urinary Surgeries; S10 - Neurosurgery; S11 - Surgical Oncology; S14 - Plastic Surgery; S15 - Poly Trauma; S16 - Cochlear Implant Surgery; S17 - Prostheses; S20 - Unspecified Surgical Package; M1 - Critical Care; M2 - General Medicine; M3 - Infectious Diseases; M4 - Pediatrics; M5 - Cardiology; M6 - Nephrology; M7 - Neurology; M8 - Pulmonology; M9 - Dermatology; M10 - Rheumatology; M11 - Endocrinology; M12 - Gastroenterology; M14 - Thalassemia; M15 - Medical Oncology; M16 - Radiation Oncology
519,PHC Irwin,Government-DPH,Rangareddy,Madgul,-,Dr. N. Sreenivas (8074254200),S1 - General Surgery; S2 - Ent Surgery; S3 - Ophthalmology Surgery; S4 - Gynaecology And Obstetrics Surgery; S5 - Orthopedic Surgery And Procedures; S6 - Surgical Gastro Enterology; S7 - Cardiac And Cardiothoracic Surgery; S8 - Pediatric Surgeries; S9 - Genito Urinary Surgeries; S10 - Neurosurgery; S11 - Surgical Oncology; S14 - Plastic Surgery; S15 - Poly Trauma; S16 - Cochlear Implant Surgery; S17 - Prostheses; S20 - Unspecified Surgical Package; M1 - Critical Care; M2 - General Medicine; M3 - Infectious Diseases; M4 - Pediatrics; M5 - Cardiology; M6 - Nephrology; M7 - Neurology; M8 - Pulmonology; M9 - Dermatology; M10 - Rheumatology; M11 - Endocrinology; M12 - Gastroenterology; M14 - Thalassemia; M15 - Medical Oncology; M16 - Radiation Oncology
520,PHC Itikyal,Government-DPH,Jogulamba Gadwal,Itikyal,-,Dr P.Maruthinandan Goud (8074588294); Dr Suresh (9542725325),S1 - General Surgery; S2 - Ent Surgery; S3 - Ophthalmology Surgery; S4 - Gynaecology And Obstetrics Surgery; S5 - Orthopedic Surgery And Procedures; S6 - Surgical Gastro Enterology; S7 - Cardiac And Cardiothoracic Surgery; S8 - Pediatric Surgeries; S9 - Genito Urinary Surgeries; S10 - Neurosurgery; S11 - Surgical Oncology; S14 - Plastic Surgery; S15 - Poly Trauma; S16 - Cochlear Implant Surgery; S17 - Prostheses; S20 - Unspecified Surgical Package; M1 - Critical Care; M2 - General Medicine; M3 - Infectious Diseases; M4 - Pediatrics; M5 - Cardiology; M6 - Nephrology; M7 - Neurology; M8 - Pulmonology; M9 - Dermatology; M10 - Rheumatology; M11 - Endocrinology; M12 - Gastroenterology; M14 - Thalassemia; M15 - Medical Oncology; M16 - Radiation Oncology
521,PHC Jagadevpur,Government,Siddipet,Jagdevpur,-,Dr B Mahesh Kumar (9182423834),S1 - General Surgery; S2 - Ent Surgery; S3 - Ophthalmology Surgery; S4 - Gynaecology And Obstetrics Surgery; S5 - Orthopedic Surgery And Procedures; S6 - Surgical Gastro Enterology; S7 - Cardiac And Cardiothoracic Surgery; S8 - Pediatric Surgeries; S9 - Genito Urinary Surgeries; S10 - Neurosurgery; S11 - Surgical Oncology; S14 - Plastic Surgery; S15 - Poly Trauma; S16 - Cochlear Implant Surgery; S17 - Prostheses; S20 - Unspecified Surgical Package; M1 - Critical Care; M2 - General Medicine; M3 - Infectious Diseases; M4 - Pediatrics; M5 - Cardiology; M6 - Nephrology; M7 - Neurology; M8 - Pulmonology; M9 - Dermatology; M10 - Rheumatology; M11 - Endocrinology; M12 - Gastroenterology; M14 - Thalassemia; M15 - Medical Oncology; M16 - Radiation Oncology
522,PHC Jagannadhapuram,Government-DPH,Bhadradri Kothagudem,Palwancha,-,Dr. J. Nagedra Prasad (9666379467),S1 - General Surgery; S2 - Ent Surgery; S3 - Ophthalmology Surgery; S4 - Gynaecology And Obstetrics Surgery; S5 - Orthopedic Surgery And Procedures; S6 - Surgical Gastro Enterology; S7 - Cardiac And Cardiothoracic Surgery; S8 - Pediatric Surgeries; S9 - Genito Urinary Surgeries; S10 - Neurosurgery; S11 - Surgical Oncology; S14 - Plastic Surgery; S15 - Poly Trauma; S16 - Cochlear Implant Surgery; S17 - Prostheses; S20 - Unspecified Surgical Package; M1 - Critical Care; M2 - General Medicine; M3 - Infectious Diseases; M4 - Pediatrics; M5 - Cardiology; M6 - Nephrology; M7 - Neurology; M8 - Pulmonology; M9 - Dermatology; M10 - Rheumatology; M11 - Endocrinology; M12 - Gastroenterology; M14 - Thalassemia; M15 - Medical Oncology; M16 - Radiation Oncology
523,PHC Jaggasagar,Government-DPH,Jagtial,Metpalli,-,Dr.A.Anjith Reddy (9701800267); Dr.Swathi Lakshman (9000495454),S1 - General Surgery; S2 - Ent Surgery; S3 - Ophthalmology Surgery; S4 - Gynaecology And Obstetrics Surgery; S5 - Orthopedic Surgery And Procedures; S6 - Surgical Gastro Enterology; S7 - Cardiac And Cardiothoracic Surgery; S8 - Pediatric Surgeries; S9 - Genito Urinary Surgeries; S10 - Neurosurgery; S11 - Surgical Oncology; S14 - Plastic Surgery; S15 - Poly Trauma; S16 - Cochlear Implant Surgery; S17 - Prostheses; S20 - Unspecified Surgical Package; M1 - Critical Care; M2 - General Medicine; M3 - Infectious Diseases; M4 - Pediatrics; M5 - Cardiology; M6 - Nephrology; M7 - Neurology; M8 - Pulmonology; M9 - Dermatology; M10 - Rheumatology; M11 - Endocrinology; M12 - Gastroenterology; M14 - Thalassemia; M15 - Medical Oncology; M16 - Radiation Oncology
524,PHC Jainad,Government-DPH,Adilabad,Jainath,-,Dr Shilpa (7093496256); Vacancy (),S1 - General Surgery; S2 - Ent Surgery; S3 - Ophthalmology Surgery; S4 - Gynaecology And Obstetrics Surgery; S5 - Orthopedic Surgery And Procedures; S6 - Surgical Gastro Enterology; S7 - Cardiac And Cardiothoracic Surgery; S8 - Pediatric Surgeries; S9 - Genito Urinary Surgeries; S10 - Neurosurgery; S11 - Surgical Oncology; S14 - Plastic Surgery; S15 - Poly Trauma; S16 - Cochlear Implant Surgery; S17 - Prostheses; S20 - Unspecified Surgical Package; M1 - Critical Care; M2 - General Medicine; M3 - Infectious Diseases; M4 - Pediatrics; M5 - Cardiology; M6 - Nephrology; M7 - Neurology; M8 - Pulmonology; M9 - Dermatology; M10 - Rheumatology; M11 - Endocrinology; M12 - Gastroenterology; M14 - Thalassemia; M15 - Medical Oncology; M16 - Radiation Oncology
525,PHC Jainoor,Government-DPH,Komaram Bheem Asifabad,Jainoor,-,Dr. S. Nagendra (9441490311); Dr. N. Ashok (9493480555),S1 - General Surgery; S2 - Ent Surgery; S3 - Ophthalmology Surgery; S4 - Gynaecology And Obstetrics Surgery; S5 - Orthopedic Surgery And Procedures; S6 - Surgical Gastro Enterology; S7 - Cardiac And Cardiothoracic Surgery; S8 - Pediatric Surgeries; S9 - Genito Urinary Surgeries; S10 - Neurosurgery; S11 - Surgical Oncology; S14 - Plastic Surgery; S15 - Poly Trauma; S16 - Cochlear Implant Surgery; S17 - Prostheses; S20 - Unspecified Surgical Package; M1 - Critical Care; M2 - General Medicine; M3 - Infectious Diseases; M4 - Pediatrics; M5 - Cardiology; M6 - Nephrology; M7 - Neurology; M8 - Pulmonology; M9 - Dermatology; M10 - Rheumatology; M11 - Endocrinology; M12 - Gastroenterology; M14 - Thalassemia; M15 - Medical Oncology; M16 - Radiation Oncology
526,PHC Jaipur,Government-DPH,Mancherial,Jaipur,-,Dr.Kranthi (8985633383),S1 - General Surgery; S2 - Ent Surgery; S3 - Ophthalmology Surgery; S4 - Gynaecology And Obstetrics Surgery; S5 - Orthopedic Surgery And Procedures; S6 - Surgical Gastro Enterology; S7 - Cardiac And Cardiothoracic Surgery; S8 - Pediatric Surgeries; S9 - Genito Urinary Surgeries; S10 - Neurosurgery; S11 - Surgical Oncology; S14 - Plastic Surgery; S15 - Poly Trauma; S16 - Cochlear Implant Surgery; S17 - Prostheses; S20 - Unspecified Surgical Package; M1 - Critical Care; M2 - General Medicine; M3 - Infectious Diseases; M4 - Pediatrics; M5 - Cardiology; M6 - Nephrology; M7 - Neurology; M8 - Pulmonology; M9 - Dermatology; M10 - Rheumatology; M11 - Endocrinology; M12 - Gastroenterology; M14 - Thalassemia; M15 - Medical Oncology; M16 - Radiation Oncology
527,PHC Jakranpally,Government-DPH,Nizamabad,Jakranpalle,-,Dr.Raghuveer Goud (9553445977),S1 - General Surgery; S2 - Ent Surgery; S3 - Ophthalmology Surgery; S4 - Gynaecology And Obstetrics Surgery; S5 - Orthopedic Surgery And Procedures; S6 - Surgical Gastro Enterology; S7 - Cardiac And Cardiothoracic Surgery; S8 - Pediatric Surgeries; S9 - Genito Urinary Surgeries; S10 - Neurosurgery; S11 - Surgical Oncology; S14 - Plastic Surgery; S15 - Poly Trauma; S16 - Cochlear Implant Surgery; S17 - Prostheses; S20 - Unspecified Surgical Package; M1 - Critical Care; M2 - General Medicine; M3 - Infectious Diseases; M4 - Pediatrics; M5 - Cardiology; M6 - Nephrology; M7 - Neurology; M8 - Pulmonology; M9 - Dermatology; M10 - Rheumatology; M11 - Endocrinology; M12 - Gastroenterology; M14 - Thalassemia; M15 - Medical Oncology; M16 - Radiation Oncology
528,PHC Janampet,Government-DPH,Mahabubnagar,Moosapet,-,Dr.V.Swetha (7995201695),S1 - General Surgery; S2 - Ent Surgery; S3 - Ophthalmology Surgery; S4 - Gynaecology And Obstetrics Surgery; S5 - Orthopedic Surgery And Procedures; S6 - Surgical Gastro Enterology; S7 - Cardiac And Cardiothoracic Surgery; S8 - Pediatric Surgeries; S9 - Genito Urinary Surgeries; S10 - Neurosurgery; S11 - Surgical Oncology; S14 - Plastic Surgery; S15 - Poly Trauma; S16 - Cochlear Implant Surgery; S17 - Prostheses; S20 - Unspecified Surgical Package; M1 - Critical Care; M2 - General Medicine; M3 - Infectious Diseases; M4 - Pediatrics; M5 - Cardiology; M6 - Nephrology; M7 - Neurology; M8 - Pulmonology; M9 - Dermatology; M10 - Rheumatology; M11 - Endocrinology; M12 - Gastroenterology; M14 - Thalassemia; M15 - Medical Oncology; M16 - Radiation Oncology
529,PHC Janampeta,Government-DPH,Bhadradri Kothagudem,Pinapaka,-,Dr.Tholla Venkateswarlu (8333871028),S1 - General Surgery; S2 - Ent Surgery; S3 - Ophthalmology Surgery; S4 - Gynaecology And Obstetrics Surgery; S5 - Orthopedic Surgery And Procedures; S6 - Surgical Gastro Enterology; S7 - Cardiac And Cardiothoracic Surgery; S8 - Pediatric Surgeries; S9 - Genito Urinary Surgeries; S10 - Neurosurgery; S11 - Surgical Oncology; S14 - Plastic Surgery; S15 - Poly Trauma; S16 - Cochlear Implant Surgery; S17 - Prostheses; S20 - Unspecified Surgical Package; M1 - Critical Care; M2 - General Medicine; M3 - Infectious Diseases; M4 - Pediatrics; M5 - Cardiology; M6 - Nephrology; M7 - Neurology; M8 - Pulmonology; M9 - Dermatology; M10 - Rheumatology; M11 - Endocrinology; M12 - Gastroenterology; M14 - Thalassemia; M15 - Medical Oncology; M16 - Radiation Oncology
530,PHC Jannaram,Government-DPH,Mancherial,Jannaram,-,Dr. O. Sunitha Rani (9052528529),S1 - General Surgery; S2 - Ent Surgery; S3 - Ophthalmology Surgery; S4 - Gynaecology And Obstetrics Surgery; S5 - Orthopedic Surgery And Procedures; S6 - Surgical Gastro Enterology; S7 - Cardiac And Cardiothoracic Surgery; S8 - Pediatric Surgeries; S9 - Genito Urinary Surgeries; S10 - Neurosurgery; S11 - Surgical Oncology; S14 - Plastic Surgery; S15 - Poly Trauma; S16 - Cochlear Implant Surgery; S17 - Prostheses; S20 - Unspecified Surgical Package; M1 - Critical Care; M2 - General Medicine; M3 - Infectious Diseases; M4 - Pediatrics; M5 - Cardiology; M6 - Nephrology; M7 - Neurology; M8 - Pulmonology; M9 - Dermatology; M10 - Rheumatology; M11 - Endocrinology; M12 - Gastroenterology; M14 - Thalassemia; M15 - Medical Oncology; M16 - Radiation Oncology
531,PHC Jawahar Nagar,Government-DPH,Medchal-Malkajgiri,Kapra,Ghmc,Dr.Padmavathi (9391630043),S1 - General Surgery; S2 - Ent Surgery; S3 - Ophthalmology Surgery; S4 - Gynaecology And Obstetrics Surgery; S5 - Orthopedic Surgery And Procedures; S6 - Surgical Gastro Enterology; S7 - Cardiac And Cardiothoracic Surgery; S8 - Pediatric Surgeries; S9 - Genito Urinary Surgeries; S10 - Neurosurgery; S11 - Surgical Oncology; S14 - Plastic Surgery; S15 - Poly Trauma; S16 - Cochlear Implant Surgery; S17 - Prostheses; S20 - Unspecified Surgical Package; M1 - Critical Care; M2 - General Medicine; M3 - Infectious Diseases; M4 - Pediatrics; M5 - Cardiology; M6 - Nephrology; M7 - Neurology; M8 - Pulmonology; M9 - Dermatology; M10 - Rheumatology; M11 - Endocrinology; M12 - Gastroenterology; M14 - Thalassemia; M15 - Medical Oncology; M16 - Radiation Oncology
532,PHC Jharasangam,Government-DPH,Sangareddy,Jharasangam,-,Dr.Md Majeed (8897087826),S1 - General Surgery; S2 - Ent Surgery; S3 - Ophthalmology Surgery; S4 - Gynaecology And Obstetrics Surgery; S5 - Orthopedic Surgery And Procedures; S6 - Surgical Gastro Enterology; S7 - Cardiac And Cardiothoracic Surgery; S8 - Pediatric Surgeries; S9 - Genito Urinary Surgeries; S10 - Neurosurgery; S11 - Surgical Oncology; S14 - Plastic Surgery; S15 - Poly Trauma; S16 - Cochlear Implant Surgery; S17 - Prostheses; S20 - Unspecified Surgical Package; M1 - Critical Care; M2 - General Medicine; M3 - Infectious Diseases; M4 - Pediatrics; M5 - Cardiology; M6 - Nephrology; M7 - Neurology; M8 - Pulmonology; M9 - Dermatology; M10 - Rheumatology; M11 - Endocrinology; M12 - Gastroenterology; M14 - Thalassemia; M15 - Medical Oncology; M16 - Radiation Oncology
533,PHC Jhari,Government-DPH,Adilabad,Narnoor,-,Dr.Pavan Kumar (9492502862),S1 - General Surgery; S2 - Ent Surgery; S3 - Ophthalmology Surgery; S4 - Gynaecology And Obstetrics Surgery; S5 - Orthopedic Surgery And Procedures; S6 - Surgical Gastro Enterology; S7 - Cardiac And Cardiothoracic Surgery; S8 - Pediatric Surgeries; S9 - Genito Urinary Surgeries; S10 - Neurosurgery; S11 - Surgical Oncology; S14 - Plastic Surgery; S15 - Poly Trauma; S16 - Cochlear Implant Surgery; S17 - Prostheses; S20 - Unspecified Surgical Package; M1 - Critical Care; M2 - General Medicine; M3 - Infectious Diseases; M4 - Pediatrics; M5 - Cardiology; M6 - Nephrology; M7 - Neurology; M8 - Pulmonology; M9 - Dermatology; M10 - Rheumatology; M11 - Endocrinology; M12 - Gastroenterology; M14 - Thalassemia; M15 - Medical Oncology; M16 - Radiation Oncology
534,PHC Jinnaram,Government-DPH,Sangareddy,Jinnaram,-,Dr.G.Radhika (9177100959); Dr.D.Bavana (7702640459),S1 - General Surgery; S2 - Ent Surgery; S3 - Ophthalmology Surgery; S4 - Gynaecology And Obstetrics Surgery; S5 - Orthopedic Surgery And Procedures; S6 - Surgical Gastro Enterology; S7 - Cardiac And Cardiothoracic Surgery; S8 - Pediatric Surgeries; S9 - Genito Urinary Surgeries; S10 - Neurosurgery; S11 - Surgical Oncology; S14 - Plastic Surgery; S15 - Poly Trauma; S16 - Cochlear Implant Surgery; S17 - Prostheses; S20 - Unspecified Surgical Package; M1 - Critical Care; M2 - General Medicine; M3 - Infectious Diseases; M4 - Pediatrics; M5 - Cardiology; M6 - Nephrology; M7 - Neurology; M8 - Pulmonology; M9 - Dermatology; M10 - Rheumatology; M11 - Endocrinology; M12 - Gastroenterology; M14 - Thalassemia; M15 - Medical Oncology; M16 - Radiation Oncology
535,PHC Julapally,Government-DPH,Peddapalli,Julapalli,-,Dr.Md.Humayun (9848197416),S1 - General Surgery; S2 - Ent Surgery; S3 - Ophthalmology Surgery; S4 - Gynaecology And Obstetrics Surgery; S5 - Orthopedic Surgery And Procedures; S6 - Surgical Gastro Enterology; S7 - Cardiac And Cardiothoracic Surgery; S8 - Pediatric Surgeries; S9 - Genito Urinary Surgeries; S10 - Neurosurgery; S11 - Surgical Oncology; S14 - Plastic Surgery; S15 - Poly Trauma; S16 - Cochlear Implant Surgery; S17 - Prostheses; S20 - Unspecified Surgical Package; M1 - Critical Care; M2 - General Medicine; M3 - Infectious Diseases; M4 - Pediatrics; M5 - Cardiology; M6 - Nephrology; M7 - Neurology; M8 - Pulmonology; M9 - Dermatology; M10 - Rheumatology; M11 - Endocrinology; M12 - Gastroenterology; M14 - Thalassemia; M15 - Medical Oncology; M16 - Radiation Oncology
536,PHC Julurupadu,Government-DPH,Bhadradri Kothagudem,Julurupadu,-,Dr.S.Geetha (9676622572); Dr Balusu Sridhar (9848629481),S1 - General Surgery; S2 - Ent Surgery; S3 - Ophthalmology Surgery; S4 - Gynaecology And Obstetrics Surgery; S5 - Orthopedic Surgery And Procedures; S6 - Surgical Gastro Enterology; S7 - Cardiac And Cardiothoracic Surgery; S8 - Pediatric Surgeries; S9 - Genito Urinary Surgeries; S10 - Neurosurgery; S11 - Surgical Oncology; S14 - Plastic Surgery; S15 - Poly Trauma; S16 - Cochlear Implant Surgery; S17 - Prostheses; S20 - Unspecified Surgical Package; M1 - Critical Care; M2 - General Medicine; M3 - Infectious Diseases; M4 - Pediatrics; M5 - Cardiology; M6 - Nephrology; M7 - Neurology; M8 - Pulmonology; M9 - Dermatology; M10 - Rheumatology; M11 - Endocrinology; M12 - Gastroenterology; M14 - Thalassemia; M15 - Medical Oncology; M16 - Radiation Oncology
537,PHC Kadem,Government-DPH,Nirmal,Kaddam (Peddur),-,Dr Arun (9441171609),S1 - General Surgery; S2 - Ent Surgery; S3 - Ophthalmology Surgery; S4 - Gynaecology And Obstetrics Surgery; S5 - Orthopedic Surgery And Procedures; S6 - Surgical Gastro Enterology; S7 - Cardiac And Cardiothoracic Surgery; S8 - Pediatric Surgeries; S9 - Genito Urinary Surgeries; S10 - Neurosurgery; S11 - Surgical Oncology; S14 - Plastic Surgery; S15 - Poly Trauma; S16 - Cochlear Implant Surgery; S17 - Prostheses; S20 - Unspecified Surgical Package; M1 - Critical Care; M2 - General Medicine; M3 - Infectious Diseases; M4 - Pediatrics; M5 - Cardiology; M6 - Nephrology; M7 - Neurology; M8 - Pulmonology; M9 - Dermatology; M10 - Rheumatology; M11 - Endocrinology; M12 - Gastroenterology; M14 - Thalassemia; M15 - Medical Oncology; M16 - Radiation Oncology
538,PHC Kadipikonda,Government-DPH,Hanumakonda,Khazipet,Warangal,Dr Prabhudas (8374037098),S1 - General Surgery; S2 - Ent Surgery; S3 - Ophthalmology Surgery; S4 - Gynaecology And Obstetrics Surgery; S5 - Orthopedic Surgery And Procedures; S6 - Surgical Gastro Enterology; S7 - Cardiac And Cardiothoracic Surgery; S8 - Pediatric Surgeries; S9 - Genito Urinary Surgeries; S10 - Neurosurgery; S11 - Surgical Oncology; S14 - Plastic Surgery; S15 - Poly Trauma; S16 - Cochlear Implant Surgery; S17 - Prostheses; S20 - Unspecified Surgical Package; M1 - Critical Care; M2 - General Medicine; M3 - Infectious Diseases; M4 - Pediatrics; M5 - Cardiology; M6 - Nephrology; M7 - Neurology; M8 - Pulmonology; M9 - Dermatology; M10 - Rheumatology; M11 - Endocrinology; M12 - Gastroenterology; M14 - Thalassemia; M15 - Medical Oncology; M16 - Radiation Oncology
539,PHC Kadukuntla,Government-DPH,Wanaparthy,Wanaparthy,-,Dr Rakesh Reddy (9885536526),S1 - General Surgery; S2 - Ent Surgery; S3 - Ophthalmology Surgery; S4 - Gynaecology And Obstetrics Surgery; S5 - Orthopedic Surgery And Procedures; S6 - Surgical Gastro Enterology; S7 - Cardiac And Cardiothoracic Surgery; S8 - Pediatric Surgeries; S9 - Genito Urinary Surgeries; S10 - Neurosurgery; S11 - Surgical Oncology; S14 - Plastic Surgery; S15 - Poly Trauma; S16 - Cochlear Implant Surgery; S17 - Prostheses; S20 - Unspecified Surgical Package; M1 - Critical Care; M2 - General Medicine; M3 - Infectious Diseases; M4 - Pediatrics; M5 - Cardiology; M6 - Nephrology; M7 - Neurology; M8 - Pulmonology; M9 - Dermatology; M10 - Rheumatology; M11 - Endocrinology; M12 - Gastroenterology; M14 - Thalassemia; M15 - Medical Oncology; M16 - Radiation Oncology
540,PHC Kalher,Government-DPH,Sangareddy,Kalher,-,Dr.B.Narender (9666320391); Dr.K.Rahulchowhan (7989923708),S1 - General Surgery; S2 - Ent Surgery; S3 - Ophthalmology Surgery; S4 - Gynaecology And Obstetrics Surgery; S5 - Orthopedic Surgery And Procedures; S6 - Surgical Gastro Enterology; S7 - Cardiac And Cardiothoracic Surgery; S8 - Pediatric Surgeries; S9 - Genito Urinary Surgeries; S10 - Neurosurgery; S11 - Surgical Oncology; S14 - Plastic Surgery; S15 - Poly Trauma; S16 - Cochlear Implant Surgery; S17 - Prostheses; S20 - Unspecified Surgical Package; M1 - Critical Care; M2 - General Medicine; M3 - Infectious Diseases; M4 - Pediatrics; M5 - Cardiology; M6 - Nephrology; M7 - Neurology; M8 - Pulmonology; M9 - Dermatology; M10 - Rheumatology; M11 - Endocrinology; M12 - Gastroenterology; M14 - Thalassemia; M15 - Medical Oncology; M16 - Radiation Oncology
541,PHC Kalleda,Government-DPH,Jagtial,Jagitial Rural,-,Dr.S.Shiva Kumari (7013287281),S1 - General Surgery; S2 - Ent Surgery; S3 - Ophthalmology Surgery; S4 - Gynaecology And Obstetrics Surgery; S5 - Orthopedic Surgery And Procedures; S6 - Surgical Gastro Enterology; S7 - Cardiac And Cardiothoracic Surgery; S8 - Pediatric Surgeries; S9 - Genito Urinary Surgeries; S10 - Neurosurgery; S11 - Surgical Oncology; S14 - Plastic Surgery; S15 - Poly Trauma; S16 - Cochlear Implant Surgery; S17 - Prostheses; S20 - Unspecified Surgical Package; M1 - Critical Care; M2 - General Medicine; M3 - Infectious Diseases; M4 - Pediatrics; M5 - Cardiology; M6 - Nephrology; M7 - Neurology; M8 - Pulmonology; M9 - Dermatology; M10 - Rheumatology; M11 - Endocrinology; M12 - Gastroenterology; M14 - Thalassemia; M15 - Medical Oncology; M16 - Radiation Oncology
542,PHC Kalledi,Government-DPH,Nizamabad,Makloor,Nizamabad,Dr.N.Sikinder (9666119801),S1 - General Surgery; S2 - Ent Surgery; S3 - Ophthalmology Surgery; S4 - Gynaecology And Obstetrics Surgery; S5 - Orthopedic Surgery And Procedures; S6 - Surgical Gastro Enterology; S7 - Cardiac And Cardiothoracic Surgery; S8 - Pediatric Surgeries; S9 - Genito Urinary Surgeries; S10 - Neurosurgery; S11 - Surgical Oncology; S14 - Plastic Surgery; S15 - Poly Trauma; S16 - Cochlear Implant Surgery; S17 - Prostheses; S20 - Unspecified Surgical Package; M1 - Critical Care; M2 - General Medicine; M3 - Infectious Diseases; M4 - Pediatrics; M5 - Cardiology; M6 - Nephrology; M7 - Neurology; M8 - Pulmonology; M9 - Dermatology; M10 - Rheumatology; M11 - Endocrinology; M12 - Gastroenterology; M14 - Thalassemia; M15 - Medical Oncology; M16 - Radiation Oncology
543,PHC Kalmalcheruvu,Government-DPH,Suryapet,Garide Pally,-,Dr.K.Sudheer (7780735336),S1 - General Surgery; S2 - Ent Surgery; S3 - Ophthalmology Surgery; S4 - Gynaecology And Obstetrics Surgery; S5 - Orthopedic Surgery And Procedures; S6 - Surgical Gastro Enterology; S7 - Cardiac And Cardiothoracic Surgery; S8 - Pediatric Surgeries; S9 - Genito Urinary Surgeries; S10 - Neurosurgery; S11 - Surgical Oncology; S14 - Plastic Surgery; S15 - Poly Trauma; S16 - Cochlear Implant Surgery; S17 - Prostheses; S20 - Unspecified Surgical Package; M1 - Critical Care; M2 - General Medicine; M3 - Infectious Diseases; M4 - Pediatrics; M5 - Cardiology; M6 - Nephrology; M7 - Neurology; M8 - Pulmonology; M9 - Dermatology; M10 - Rheumatology; M11 - Endocrinology; M12 - Gastroenterology; M14 - Thalassemia; M15 - Medical Oncology; M16 - Radiation Oncology
544,PHC Kamalapur,Government-DPH,Hanumakonda,Kamalapur,-,Dr Samyuktha (9441369637); Dr Harshini Priya (9704799089),S1 - General Surgery; S2 - Ent Surgery; S3 - Ophthalmology Surgery; S4 - Gynaecology And Obstetrics Surgery; S5 - Orthopedic Surgery And Procedures; S6 - Surgical Gastro Enterology; S7 - Cardiac And Cardiothoracic Surgery; S8 - Pediatric Surgeries; S9 - Genito Urinary Surgeries; S10 - Neurosurgery; S11 - Surgical Oncology; S14 - Plastic Surgery; S15 - Poly Trauma; S16 - Cochlear Implant Surgery; S17 - Prostheses; S20 - Unspecified Surgical Package; M1 - Critical Care; M2 - General Medicine; M3 - Infectious Diseases; M4 - Pediatrics; M5 - Cardiology; M6 - Nephrology; M7 - Neurology; M8 - Pulmonology; M9 - Dermatology; M10 - Rheumatology; M11 - Endocrinology; M12 - Gastroenterology; M14 - Thalassemia; M15 - Medical Oncology; M16 - Radiation Oncology
545,PHC Kamaluddinpur,Government-DPH,Wanaparthy,Ghanpur,-,Dr Sowjanya (8121513614),S1 - General Surgery; S2 - Ent Surgery; S3 - Ophthalmology Surgery; S4 - Gynaecology And Obstetrics Surgery; S5 - Orthopedic Surgery And Procedures; S6 - Surgical Gastro Enterology; S7 - Cardiac And Cardiothoracic Surgery; S8 - Pediatric Surgeries; S9 - Genito Urinary Surgeries; S10 - Neurosurgery; S11 - Surgical Oncology; S14 - Plastic Surgery; S15 - Poly Trauma; S16 - Cochlear Implant Surgery; S17 - Prostheses; S20 - Unspecified Surgical Package; M1 - Critical Care; M2 - General Medicine; M3 - Infectious Diseases; M4 - Pediatrics; M5 - Cardiology; M6 - Nephrology; M7 - Neurology; M8 - Pulmonology; M9 - Dermatology; M10 - Rheumatology; M11 - Endocrinology; M12 - Gastroenterology; M14 - Thalassemia; M15 - Medical Oncology; M16 - Radiation Oncology
546,PHC Kambalapally,Government-DPH,Mahabubabad,Mahbubabad,-,Dr M Rajesh (9652759857),S1 - General Surgery; S2 - Ent Surgery; S3 - Ophthalmology Surgery; S4 - Gynaecology And Obstetrics Surgery; S5 - Orthopedic Surgery And Procedures; S6 - Surgical Gastro Enterology; S7 - Cardiac And Cardiothoracic Surgery; S8 - Pediatric Surgeries; S9 - Genito Urinary Surgeries; S10 - Neurosurgery; S11 - Surgical Oncology; S14 - Plastic Surgery; S15 - Poly Trauma; S16 - Cochlear Implant Surgery; S17 - Prostheses; S20 - Unspecified Surgical Package; M1 - Critical Care; M2 - General Medicine; M3 - Infectious Diseases; M4 - Pediatrics; M5 - Cardiology; M6 - Nephrology; M7 - Neurology; M8 - Pulmonology; M9 - Dermatology; M10 - Rheumatology; M11 - Endocrinology; M12 - Gastroenterology; M14 - Thalassemia; M15 - Medical Oncology; M16 - Radiation Oncology
547,PHC Kamepalli,Government-DPH,Khammam,Kamepally,-,Dr.R.Shravan Kumar Ddo (7013085613); Dr.V.E.Sravanthi Contract Mo (8008029720),S1 - General Surgery; S2 - Ent Surgery; S3 - Ophthalmology Surgery; S4 - Gynaecology And Obstetrics Surgery; S5 - Orthopedic Surgery And Procedures; S6 - Surgical Gastro Enterology; S7 - Cardiac And Cardiothoracic Surgery; S8 - Pediatric Surgeries; S9 - Genito Urinary Surgeries; S10 - Neurosurgery; S11 - Surgical Oncology; S14 - Plastic Surgery; S15 - Poly Trauma; S16 - Cochlear Implant Surgery; S17 - Prostheses; S20 - Unspecified Surgical Package; M1 - Critical Care; M2 - General Medicine; M3 - Infectious Diseases; M4 - Pediatrics; M5 - Cardiology; M6 - Nephrology; M7 - Neurology; M8 - Pulmonology; M9 - Dermatology; M10 - Rheumatology; M11 - Endocrinology; M12 - Gastroenterology; M14 - Thalassemia; M15 - Medical Oncology; M16 - Radiation Oncology
548,PHC Kammarpally,Government-DPH,Nizamabad,Kammarapalle,-,Dr.Stefi Rani (9492010264),S1 - General Surgery; S2 - Ent Surgery; S3 - Ophthalmology Surgery; S4 - Gynaecology And Obstetrics Surgery; S5 - Orthopedic Surgery And Procedures; S6 - Surgical Gastro Enterology; S7 - Cardiac And Cardiothoracic Surgery; S8 - Pediatric Surgeries; S9 - Genito Urinary Surgeries; S10 - Neurosurgery; S11 - Surgical Oncology; S14 - Plastic Surgery; S15 - Poly Trauma; S16 - Cochlear Implant Surgery; S17 - Prostheses; S20 - Unspecified Surgical Package; M1 - Critical Care; M2 - General Medicine; M3 - Infectious Diseases; M4 - Pediatrics; M5 - Cardiology; M6 - Nephrology; M7 - Neurology; M8 - Pulmonology; M9 - Dermatology; M10 - Rheumatology; M11 - Endocrinology; M12 - Gastroenterology; M14 - Thalassemia; M15 - Medical Oncology; M16 - Radiation Oncology
549,PHC Kandi,Government-DPH,Sangareddy,Kandi,-,Dr.Praveen (9849899770),S1 - General Surgery; S2 - Ent Surgery; S3 - Ophthalmology Surgery; S4 - Gynaecology And Obstetrics Surgery; S5 - Orthopedic Surgery And Procedures; S6 - Surgical Gastro Enterology; S7 - Cardiac And Cardiothoracic Surgery; S8 - Pediatric Surgeries; S9 - Genito Urinary Surgeries; S10 - Neurosurgery; S11 - Surgical Oncology; S14 - Plastic Surgery; S15 - Poly Trauma; S16 - Cochlear Implant Surgery; S17 - Prostheses; S20 - Unspecified Surgical Package; M1 - Critical Care; M2 - General Medicine; M3 - Infectious Diseases; M4 - Pediatrics; M5 - Cardiology; M6 - Nephrology; M7 - Neurology; M8 - Pulmonology; M9 - Dermatology; M10 - Rheumatology; M11 - Endocrinology; M12 - Gastroenterology; M14 - Thalassemia; M15 - Medical Oncology; M16 - Radiation Oncology
550,PHC Kandukur,Government-DPH,Rangareddy,Kandukur,-,Dr.Radhika (9949050523); Dr.Sandhya Rani (9492624757),S1 - General Surgery; S2 - Ent Surgery; S3 - Ophthalmology Surgery; S4 - Gynaecology And Obstetrics Surgery; S5 - Orthopedic Surgery And Procedures; S6 - Surgical Gastro Enterology; S7 - Cardiac And Cardiothoracic Surgery; S8 - Pediatric Surgeries; S9 - Genito Urinary Surgeries; S10 - Neurosurgery; S11 - Surgical Oncology; S14 - Plastic Surgery; S15 - Poly Trauma; S16 - Cochlear Implant Surgery; S17 - Prostheses; S20 - Unspecified Surgical Package; M1 - Critical Care; M2 - General Medicine; M3 - Infectious Diseases; M4 - Pediatrics; M5 - Cardiology; M6 - Nephrology; M7 - Neurology; M8 - Pulmonology; M9 - Dermatology; M10 - Rheumatology; M11 - Endocrinology; M12 - Gastroenterology; M14 - Thalassemia; M15 - Medical Oncology; M16 - Radiation Oncology
551,PHC Kangti,Government-DPH,Sangareddy,Kangti,-,Dr Manohar Reddy (9849977752),S1 - General Surgery; S2 - Ent Surgery; S3 - Ophthalmology Surgery; S4 - Gynaecology And Obstetrics Surgery; S5 - Orthopedic Surgery And Procedures; S6 - Surgical Gastro Enterology; S7 - Cardiac And Cardiothoracic Surgery; S8 - Pediatric Surgeries; S9 - Genito Urinary Surgeries; S10 - Neurosurgery; S11 - Surgical Oncology; S14 - Plastic Surgery; S15 - Poly Trauma; S16 - Cochlear Implant Surgery; S17 - Prostheses; S20 - Unspecified Surgical Package; M1 - Critical Care; M2 - General Medicine; M3 - Infectious Diseases; M4 - Pediatrics; M5 - Cardiology; M6 - Nephrology; M7 - Neurology; M8 - Pulmonology; M9 - Dermatology; M10 - Rheumatology; M11 - Endocrinology; M12 - Gastroenterology; M14 - Thalassemia; M15 - Medical Oncology; M16 - Radiation Oncology
552,PHC Kanukunta,Government-DPH,Sangareddy,Jinnaram,-,Dr Aneesa (9182007409),S1 - General Surgery; S2 - Ent Surgery; S3 - Ophthalmology Surgery; S4 - Gynaecology And Obstetrics Surgery; S5 - Orthopedic Surgery And Procedures; S6 - Surgical Gastro Enterology; S7 - Cardiac And Cardiothoracic Surgery; S8 - Pediatric Surgeries; S9 - Genito Urinary Surgeries; S10 - Neurosurgery; S11 - Surgical Oncology; S14 - Plastic Surgery; S15 - Poly Trauma; S16 - Cochlear Implant Surgery; S17 - Prostheses; S20 - Unspecified Surgical Package; M1 - Critical Care; M2 - General Medicine; M3 - Infectious Diseases; M4 - Pediatrics; M5 - Cardiology; M6 - Nephrology; M7 - Neurology; M8 - Pulmonology; M9 - Dermatology; M10 - Rheumatology; M11 - Endocrinology; M12 - Gastroenterology; M14 - Thalassemia; M15 - Medical Oncology; M16 - Radiation Oncology
553,PHC Kapugallu,Government-DPH,Suryapet,Kodad,-,Dr.N.Kalyanchakravarthy (9885407703),S1 - General Surgery; S2 - Ent Surgery; S3 - Ophthalmology Surgery; S4 - Gynaecology And Obstetrics Surgery; S5 - Orthopedic Surgery And Procedures; S6 - Surgical Gastro Enterology; S7 - Cardiac And Cardiothoracic Surgery; S8 - Pediatric Surgeries; S9 - Genito Urinary Surgeries; S10 - Neurosurgery; S11 - Surgical Oncology; S14 - Plastic Surgery; S15 - Poly Trauma; S16 - Cochlear Implant Surgery; S17 - Prostheses; S20 - Unspecified Surgical Package; M1 - Critical Care; M2 - General Medicine; M3 - Infectious Diseases; M4 - Pediatrics; M5 - Cardiology; M6 - Nephrology; M7 - Neurology; M8 - Pulmonology; M9 - Dermatology; M10 - Rheumatology; M11 - Endocrinology; M12 - Gastroenterology; M14 - Thalassemia; M15 - Medical Oncology; M16 - Radiation Oncology
554,PHC Karakagudem,Government-DPH,Bhadradri Kothagudem,Karakagudem,-,Dr. B. Parshiya (81848 17781),S1 - General Surgery; S2 - Ent Surgery; S3 - Ophthalmology Surgery; S4 - Gynaecology And Obstetrics Surgery; S5 - Orthopedic Surgery And Procedures; S6 - Surgical Gastro Enterology; S7 - Cardiac And Cardiothoracic Surgery; S8 - Pediatric Surgeries; S9 - Genito Urinary Surgeries; S10 - Neurosurgery; S11 - Surgical Oncology; S14 - Plastic Surgery; S15 - Poly Trauma; S16 - Cochlear Implant Surgery; S17 - Prostheses; S20 - Unspecified Surgical Package; M1 - Critical Care; M2 - General Medicine; M3 - Infectious Diseases; M4 - Pediatrics; M5 - Cardiology; M6 - Nephrology; M7 - Neurology; M8 - Pulmonology; M9 - Dermatology; M10 - Rheumatology; M11 - Endocrinology; M12 - Gastroenterology; M14 - Thalassemia; M15 - Medical Oncology; M16 - Radiation Oncology
555,PHC Karasguthi,Government-DPH,Sangareddy,Nagalgidda,-,Dr. Ch Usha Rani (9493406079),S1 - General Surgery; S2 - Ent Surgery; S3 - Ophthalmology Surgery; S4 - Gynaecology And Obstetrics Surgery; S5 - Orthopedic Surgery And Procedures; S6 - Surgical Gastro Enterology; S7 - Cardiac And Cardiothoracic Surgery; S8 - Pediatric Surgeries; S9 - Genito Urinary Surgeries; S10 - Neurosurgery; S11 - Surgical Oncology; S14 - Plastic Surgery; S15 - Poly Trauma; S16 - Cochlear Implant Surgery; S17 - Prostheses; S20 - Unspecified Surgical Package; M1 - Critical Care; M2 - General Medicine; M3 - Infectious Diseases; M4 - Pediatrics; M5 - Cardiology; M6 - Nephrology; M7 - Neurology; M8 - Pulmonology; M9 - Dermatology; M10 - Rheumatology; M11 - Endocrinology; M12 - Gastroenterology; M14 - Thalassemia; M15 - Medical Oncology; M16 - Radiation Oncology
556,PHC Kasarabad,Government-DPH,Suryapet,Suryapet,Suryapet,Dr.K.Harshavardhan (9848391019); Dr.Sana (7981791564),S1 - General Surgery; S2 - Ent Surgery; S3 - Ophthalmology Surgery; S4 - Gynaecology And Obstetrics Surgery; S5 - Orthopedic Surgery And Procedures; S6 - Surgical Gastro Enterology; S7 - Cardiac And Cardiothoracic Surgery; S8 - Pediatric Surgeries; S9 - Genito Urinary Surgeries; S10 - Neurosurgery; S11 - Surgical Oncology; S14 - Plastic Surgery; S15 - Poly Trauma; S16 - Cochlear Implant Surgery; S17 - Prostheses; S20 - Unspecified Surgical Package; M1 - Critical Care; M2 - General Medicine; M3 - Infectious Diseases; M4 - Pediatrics; M5 - Cardiology; M6 - Nephrology; M7 - Neurology; M8 - Pulmonology; M9 - Dermatology; M10 - Rheumatology; M11 - Endocrinology; M12 - Gastroenterology; M14 - Thalassemia; M15 - Medical Oncology; M16 - Radiation Oncology
557,PHC Kasipet,Government-DPH,Mancherial,Kasipet,-,Dr. Kiran Mai (8500148281),S1 - General Surgery; S2 - Ent Surgery; S3 - Ophthalmology Surgery; S4 - Gynaecology And Obstetrics Surgery; S5 - Orthopedic Surgery And Procedures; S6 - Surgical Gastro Enterology; S7 - Cardiac And Cardiothoracic Surgery; S8 - Pediatric Surgeries; S9 - Genito Urinary Surgeries; S10 - Neurosurgery; S11 - Surgical Oncology; S14 - Plastic Surgery; S15 - Poly Trauma; S16 - Cochlear Implant Surgery; S17 - Prostheses; S20 - Unspecified Surgical Package; M1 - Critical Care; M2 - General Medicine; M3 - Infectious Diseases; M4 - Pediatrics; M5 - Cardiology; M6 - Nephrology; M7 - Neurology; M8 - Pulmonology; M9 - Dermatology; M10 - Rheumatology; M11 - Endocrinology; M12 - Gastroenterology; M14 - Thalassemia; M15 - Medical Oncology; M16 - Radiation Oncology
558,PHC Kataram,Government-DPH,Jayashankar Bhoopalpally,Kataram,-,Dr.P.Ramarao (9573573046); Dr.V.Umadevi (9985810455),S1 - General Surgery; S2 - Ent Surgery; S3 - Ophthalmology Surgery; S4 - Gynaecology And Obstetrics Surgery; S5 - Orthopedic Surgery And Procedures; S6 - Surgical Gastro Enterology; S7 - Cardiac And Cardiothoracic Surgery; S8 - Pediatric Surgeries; S9 - Genito Urinary Surgeries; S10 - Neurosurgery; S11 - Surgical Oncology; S14 - Plastic Surgery; S15 - Poly Trauma; S16 - Cochlear Implant Surgery; S17 - Prostheses; S20 - Unspecified Surgical Package; M1 - Critical Care; M2 - General Medicine; M3 - Infectious Diseases; M4 - Pediatrics; M5 - Cardiology; M6 - Nephrology; M7 - Neurology; M8 - Pulmonology; M9 - Dermatology; M10 - Rheumatology; M11 - Endocrinology; M12 - Gastroenterology; M14 - Thalassemia; M15 - Medical Oncology; M16 - Radiation Oncology
559,PHC Kathalapur,Government-DPH,Jagtial,Kathalapur,-,Dr.Pnr.Sindhuja (7674868363); Dr.P.Anil (9550168308),S1 - General Surgery; S2 - Ent Surgery; S3 - Ophthalmology Surgery; S4 - Gynaecology And Obstetrics Surgery; S5 - Orthopedic Surgery And Procedures; S6 - Surgical Gastro Enterology; S7 - Cardiac And Cardiothoracic Surgery; S8 - Pediatric Surgeries; S9 - Genito Urinary Surgeries; S10 - Neurosurgery; S11 - Surgical Oncology; S14 - Plastic Surgery; S15 - Poly Trauma; S16 - Cochlear Implant Surgery; S17 - Prostheses; S20 - Unspecified Surgical Package; M1 - Critical Care; M2 - General Medicine; M3 - Infectious Diseases; M4 - Pediatrics; M5 - Cardiology; M6 - Nephrology; M7 - Neurology; M8 - Pulmonology; M9 - Dermatology; M10 - Rheumatology; M11 - Endocrinology; M12 - Gastroenterology; M14 - Thalassemia; M15 - Medical Oncology; M16 - Radiation Oncology
560,PHC Keesara,Government-DPH,Medchal-Malkajgiri,Keesara,-,Dr.M.Saritha (9963449976),S1 - General Surgery; S2 - Ent Surgery; S3 - Ophthalmology Surgery; S4 - Gynaecology And Obstetrics Surgery; S5 - Orthopedic Surgery And Procedures; S6 - Surgical Gastro Enterology; S7 - Cardiac And Cardiothoracic Surgery; S8 - Pediatric Surgeries; S9 - Genito Urinary Surgeries; S10 - Neurosurgery; S11 - Surgical Oncology; S14 - Plastic Surgery; S15 - Poly Trauma; S16 - Cochlear Implant Surgery; S17 - Prostheses; S20 - Unspecified Surgical Package; M1 - Critical Care; M2 - General Medicine; M3 - Infectious Diseases; M4 - Pediatrics; M5 - Cardiology; M6 - Nephrology; M7 - Neurology; M8 - Pulmonology; M9 - Dermatology; M10 - Rheumatology; M11 - Endocrinology; M12 - Gastroenterology; M14 - Thalassemia; M15 - Medical Oncology; M16 - Radiation Oncology
561,PHC Kerameri,Government-DPH,Komaram Bheem Asifabad,Kerameri,-,Dr. Y. Jithender Reddy (9908910843),S1 - General Surgery; S2 - Ent Surgery; S3 - Ophthalmology Surgery; S4 - Gynaecology And Obstetrics Surgery; S5 - Orthopedic Surgery And Procedures; S6 - Surgical Gastro Enterology; S7 - Cardiac And Cardiothoracic Surgery; S8 - Pediatric Surgeries; S9 - Genito Urinary Surgeries; S10 - Neurosurgery; S11 - Surgical Oncology; S14 - Plastic Surgery; S15 - Poly Trauma; S16 - Cochlear Implant Surgery; S17 - Prostheses; S20 - Unspecified Surgical Package; M1 - Critical Care; M2 - General Medicine; M3 - Infectious Diseases; M4 - Pediatrics; M5 - Cardiology; M6 - Nephrology; M7 - Neurology; M8 - Pulmonology; M9 - Dermatology; M10 - Rheumatology; M11 - Endocrinology; M12 - Gastroenterology; M14 - Thalassemia; M15 - Medical Oncology; M16 - Radiation Oncology
562,PHC Kesamudram,Government-DPH,Mahabubabad,Kesamudram,-,Dr.M.Pavan Kumar (9966911221); Dr Ch Anilkumar (8008171517),S1 - General Surgery; S2 - Ent Surgery; S3 - Ophthalmology Surgery; S4 - Gynaecology And Obstetrics Surgery; S5 - Orthopedic Surgery And Procedures; S6 - Surgical Gastro Enterology; S7 - Cardiac And Cardiothoracic Surgery; S8 - Pediatric Surgeries; S9 - Genito Urinary Surgeries; S10 - Neurosurgery; S11 - Surgical Oncology; S14 - Plastic Surgery; S15 - Poly Trauma; S16 - Cochlear Implant Surgery; S17 - Prostheses; S20 - Unspecified Surgical Package; M1 - Critical Care; M2 - General Medicine; M3 - Infectious Diseases; M4 - Pediatrics; M5 - Cardiology; M6 - Nephrology; M7 - Neurology; M8 - Pulmonology; M9 - Dermatology; M10 - Rheumatology; M11 - Endocrinology; M12 - Gastroenterology; M14 - Thalassemia; M15 - Medical Oncology; M16 - Radiation Oncology
563,PHC Keshampet,Government-DPH,Rangareddy,Keshampeta,-,Dr Ch Sumanth Kumar (9985100050),S1 - General Surgery; S2 - Ent Surgery; S3 - Ophthalmology Surgery; S4 - Gynaecology And Obstetrics Surgery; S5 - Orthopedic Surgery And Procedures; S6 - Surgical Gastro Enterology; S7 - Cardiac And Cardiothoracic Surgery; S8 - Pediatric Surgeries; S9 - Genito Urinary Surgeries; S10 - Neurosurgery; S11 - Surgical Oncology; S14 - Plastic Surgery; S15 - Poly Trauma; S16 - Cochlear Implant Surgery; S17 - Prostheses; S20 - Unspecified Surgical Package; M1 - Critical Care; M2 - General Medicine; M3 - Infectious Diseases; M4 - Pediatrics; M5 - Cardiology; M6 - Nephrology; M7 - Neurology; M8 - Pulmonology; M9 - Dermatology; M10 - Rheumatology; M11 - Endocrinology; M12 - Gastroenterology; M14 - Thalassemia; M15 - Medical Oncology; M16 - Radiation Oncology
564,PHC Khanapur,Government-DPH,Warangal,Khanapur,-,Dr. M Arun Kumar (9603607755),S1 - General Surgery; S2 - Ent Surgery; S3 - Ophthalmology Surgery; S4 - Gynaecology And Obstetrics Surgery; S5 - Orthopedic Surgery And Procedures; S6 - Surgical Gastro Enterology; S7 - Cardiac And Cardiothoracic Surgery; S8 - Pediatric Surgeries; S9 - Genito Urinary Surgeries; S10 - Neurosurgery; S11 - Surgical Oncology; S14 - Plastic Surgery; S15 - Poly Trauma; S16 - Cochlear Implant Surgery; S17 - Prostheses; S20 - Unspecified Surgical Package; M1 - Critical Care; M2 - General Medicine; M3 - Infectious Diseases; M4 - Pediatrics; M5 - Cardiology; M6 - Nephrology; M7 - Neurology; M8 - Pulmonology; M9 - Dermatology; M10 - Rheumatology; M11 - Endocrinology; M12 - Gastroenterology; M14 - Thalassemia; M15 - Medical Oncology; M16 - Radiation Oncology
565,PHC Kisannagar,Government-DPH,Nizamabad,Mupkal,-,"Drs.Ravishankar (8500801882); Dr,S.Ravishankar (7396937108)",S1 - General Surgery; S2 - Ent Surgery; S3 - Ophthalmology Surgery; S4 - Gynaecology And Obstetrics Surgery; S5 - Orthopedic Surgery And Procedures; S6 - Surgical Gastro Enterology; S7 - Cardiac And Cardiothoracic Surgery; S8 - Pediatric Surgeries; S9 - Genito Urinary Surgeries; S10 - Neurosurgery; S11 - Surgical Oncology; S14 - Plastic Surgery; S15 - Poly Trauma; S16 - Cochlear Implant Surgery; S17 - Prostheses; S20 - Unspecified Surgical Package; M1 - Critical Care; M2 - General Medicine; M3 - Infectious Diseases; M4 - Pediatrics; M5 - Cardiology; M6 - Nephrology; M7 - Neurology; M8 - Pulmonology; M9 - Dermatology; M10 - Rheumatology; M11 - Endocrinology; M12 - Gastroenterology; M14 - Thalassemia; M15 - Medical Oncology; M16 - Radiation Oncology
566,PHC Kodair,Government-DPH,Nagarkurnool,Kodair,-,Dr.Mounika (7995213181),S1 - General Surgery; S2 - Ent Surgery; S3 - Ophthalmology Surgery; S4 - Gynaecology And Obstetrics Surgery; S5 - Orthopedic Surgery And Procedures; S6 - Surgical Gastro Enterology; S7 - Cardiac And Cardiothoracic Surgery; S8 - Pediatric Surgeries; S9 - Genito Urinary Surgeries; S10 - Neurosurgery; S11 - Surgical Oncology; S14 - Plastic Surgery; S15 - Poly Trauma; S16 - Cochlear Implant Surgery; S17 - Prostheses; S20 - Unspecified Surgical Package; M1 - Critical Care; M2 - General Medicine; M3 - Infectious Diseases; M4 - Pediatrics; M5 - Cardiology; M6 - Nephrology; M7 - Neurology; M8 - Pulmonology; M9 - Dermatology; M10 - Rheumatology; M11 - Endocrinology; M12 - Gastroenterology; M14 - Thalassemia; M15 - Medical Oncology; M16 - Radiation Oncology
567,PHC Kodakandla,Government-DPH,Jangoan,Kodakandla,-,Dr.Bhaskar (9640543429),S1 - General Surgery; S2 - Ent Surgery; S3 - Ophthalmology Surgery; S4 - Gynaecology And Obstetrics Surgery; S5 - Orthopedic Surgery And Procedures; S6 - Surgical Gastro Enterology; S7 - Cardiac And Cardiothoracic Surgery; S8 - Pediatric Surgeries; S9 - Genito Urinary Surgeries; S10 - Neurosurgery; S11 - Surgical Oncology; S14 - Plastic Surgery; S15 - Poly Trauma; S16 - Cochlear Implant Surgery; S17 - Prostheses; S20 - Unspecified Surgical Package; M1 - Critical Care; M2 - General Medicine; M3 - Infectious Diseases; M4 - Pediatrics; M5 - Cardiology; M6 - Nephrology; M7 - Neurology; M8 - Pulmonology; M9 - Dermatology; M10 - Rheumatology; M11 - Endocrinology; M12 - Gastroenterology; M14 - Thalassemia; M15 - Medical Oncology; M16 - Radiation Oncology
568,PHC Kodimial,Government-DPH,Jagtial,Kodimial,-,Dr.Ch.Naresh (6268330397); Dr.E.Parameshwari (7093376626),S1 - General Surgery; S2 - Ent Surgery; S3 - Ophthalmology Surgery; S4 - Gynaecology And Obstetrics Surgery; S5 - Orthopedic Surgery And Procedures; S6 - Surgical Gastro Enterology; S7 - Cardiac And Cardiothoracic Surgery; S8 - Pediatric Surgeries; S9 - Genito Urinary Surgeries; S10 - Neurosurgery; S11 - Surgical Oncology; S14 - Plastic Surgery; S15 - Poly Trauma; S16 - Cochlear Implant Surgery; S17 - Prostheses; S20 - Unspecified Surgical Package; M1 - Critical Care; M2 - General Medicine; M3 - Infectious Diseases; M4 - Pediatrics; M5 - Cardiology; M6 - Nephrology; M7 - Neurology; M8 - Pulmonology; M9 - Dermatology; M10 - Rheumatology; M11 - Endocrinology; M12 - Gastroenterology; M14 - Thalassemia; M15 - Medical Oncology; M16 - Radiation Oncology
569,PHC Kodurupaka,Government-DPH,Rajanna Sircilla,Boinpalli,-,Dr.G.Renuka (9391429126); Dr.K.Srikar (9963992223),S1 - General Surgery; S2 - Ent Surgery; S3 - Ophthalmology Surgery; S4 - Gynaecology And Obstetrics Surgery; S5 - Orthopedic Surgery And Procedures; S6 - Surgical Gastro Enterology; S7 - Cardiac And Cardiothoracic Surgery; S8 - Pediatric Surgeries; S9 - Genito Urinary Surgeries; S10 - Neurosurgery; S11 - Surgical Oncology; S14 - Plastic Surgery; S15 - Poly Trauma; S16 - Cochlear Implant Surgery; S17 - Prostheses; S20 - Unspecified Surgical Package; M1 - Critical Care; M2 - General Medicine; M3 - Infectious Diseases; M4 - Pediatrics; M5 - Cardiology; M6 - Nephrology; M7 - Neurology; M8 - Pulmonology; M9 - Dermatology; M10 - Rheumatology; M11 - Endocrinology; M12 - Gastroenterology; M14 - Thalassemia; M15 - Medical Oncology; M16 - Radiation Oncology
570,PHC Koheda,Government-DPH,Siddipet,Koheda,-,B Vijayrao (9014345627); C Prasanna Chowdary (7680849078),S1 - General Surgery; S2 - Ent Surgery; S3 - Ophthalmology Surgery; S4 - Gynaecology And Obstetrics Surgery; S5 - Orthopedic Surgery And Procedures; S6 - Surgical Gastro Enterology; S7 - Cardiac And Cardiothoracic Surgery; S8 - Pediatric Surgeries; S9 - Genito Urinary Surgeries; S10 - Neurosurgery; S11 - Surgical Oncology; S14 - Plastic Surgery; S15 - Poly Trauma; S16 - Cochlear Implant Surgery; S17 - Prostheses; S20 - Unspecified Surgical Package; M1 - Critical Care; M2 - General Medicine; M3 - Infectious Diseases; M4 - Pediatrics; M5 - Cardiology; M6 - Nephrology; M7 - Neurology; M8 - Pulmonology; M9 - Dermatology; M10 - Rheumatology; M11 - Endocrinology; M12 - Gastroenterology; M14 - Thalassemia; M15 - Medical Oncology; M16 - Radiation Oncology
571,PHC Kolanur,Government-DPH,Peddapalli,Odela,-,Dr.T.Praveen Kumar (9247198534),S1 - General Surgery; S2 - Ent Surgery; S3 - Ophthalmology Surgery; S4 - Gynaecology And Obstetrics Surgery; S5 - Orthopedic Surgery And Procedures; S6 - Surgical Gastro Enterology; S7 - Cardiac And Cardiothoracic Surgery; S8 - Pediatric Surgeries; S9 - Genito Urinary Surgeries; S10 - Neurosurgery; S11 - Surgical Oncology; S14 - Plastic Surgery; S15 - Poly Trauma; S16 - Cochlear Implant Surgery; S17 - Prostheses; S20 - Unspecified Surgical Package; M1 - Critical Care; M2 - General Medicine; M3 - Infectious Diseases; M4 - Pediatrics; M5 - Cardiology; M6 - Nephrology; M7 - Neurology; M8 - Pulmonology; M9 - Dermatology; M10 - Rheumatology; M11 - Endocrinology; M12 - Gastroenterology; M14 - Thalassemia; M15 - Medical Oncology; M16 - Radiation Oncology
572,PHC Komalla,Government-DPH,Jangoan,Raghunathpalle,-,Dr.Madhukar Yadav (7013251716),S1 - General Surgery; S2 - Ent Surgery; S3 - Ophthalmology Surgery; S4 - Gynaecology And Obstetrics Surgery; S5 - Orthopedic Surgery And Procedures; S6 - Surgical Gastro Enterology; S7 - Cardiac And Cardiothoracic Surgery; S8 - Pediatric Surgeries; S9 - Genito Urinary Surgeries; S10 - Neurosurgery; S11 - Surgical Oncology; S14 - Plastic Surgery; S15 - Poly Trauma; S16 - Cochlear Implant Surgery; S17 - Prostheses; S20 - Unspecified Surgical Package; M1 - Critical Care; M2 - General Medicine; M3 - Infectious Diseases; M4 - Pediatrics; M5 - Cardiology; M6 - Nephrology; M7 - Neurology; M8 - Pulmonology; M9 - Dermatology; M10 - Rheumatology; M11 - Endocrinology; M12 - Gastroenterology; M14 - Thalassemia; M15 - Medical Oncology; M16 - Radiation Oncology
573,PHC Komararam,Government-DPH,Bhadradri Kothagudem,Yellandu,-,Dr.Kunja Srilatha (8639443536),S1 - General Surgery; S2 - Ent Surgery; S3 - Ophthalmology Surgery; S4 - Gynaecology And Obstetrics Surgery; S5 - Orthopedic Surgery And Procedures; S6 - Surgical Gastro Enterology; S7 - Cardiac And Cardiothoracic Surgery; S8 - Pediatric Surgeries; S9 - Genito Urinary Surgeries; S10 - Neurosurgery; S11 - Surgical Oncology; S14 - Plastic Surgery; S15 - Poly Trauma; S16 - Cochlear Implant Surgery; S17 - Prostheses; S20 - Unspecified Surgical Package; M1 - Critical Care; M2 - General Medicine; M3 - Infectious Diseases; M4 - Pediatrics; M5 - Cardiology; M6 - Nephrology; M7 - Neurology; M8 - Pulmonology; M9 - Dermatology; M10 - Rheumatology; M11 - Endocrinology; M12 - Gastroenterology; M14 - Thalassemia; M15 - Medical Oncology; M16 - Radiation Oncology
574,PHC Komatlagudem,Government-DPH,Mahabubabad,Gangaram,-,Dr Md Shaheraz Afroz (7981840573),S1 - General Surgery; S2 - Ent Surgery; S3 - Ophthalmology Surgery; S4 - Gynaecology And Obstetrics Surgery; S5 - Orthopedic Surgery And Procedures; S6 - Surgical Gastro Enterology; S7 - Cardiac And Cardiothoracic Surgery; S8 - Pediatric Surgeries; S9 - Genito Urinary Surgeries; S10 - Neurosurgery; S11 - Surgical Oncology; S14 - Plastic Surgery; S15 - Poly Trauma; S16 - Cochlear Implant Surgery; S17 - Prostheses; S20 - Unspecified Surgical Package; M1 - Critical Care; M2 - General Medicine; M3 - Infectious Diseases; M4 - Pediatrics; M5 - Cardiology; M6 - Nephrology; M7 - Neurology; M8 - Pulmonology; M9 - Dermatology; M10 - Rheumatology; M11 - Endocrinology; M12 - Gastroenterology; M14 - Thalassemia; M15 - Medical Oncology; M16 - Radiation Oncology
575,PHC Komuravelli,Government-DPH,Siddipet,Komuravelli,-,Dr S Raju (8341648292),S1 - General Surgery; S2 - Ent Surgery; S3 - Ophthalmology Surgery; S4 - Gynaecology And Obstetrics Surgery; S5 - Orthopedic Surgery And Procedures; S6 - Surgical Gastro Enterology; S7 - Cardiac And Cardiothoracic Surgery; S8 - Pediatric Surgeries; S9 - Genito Urinary Surgeries; S10 - Neurosurgery; S11 - Surgical Oncology; S14 - Plastic Surgery; S15 - Poly Trauma; S16 - Cochlear Implant Surgery; S17 - Prostheses; S20 - Unspecified Surgical Package; M1 - Critical Care; M2 - General Medicine; M3 - Infectious Diseases; M4 - Pediatrics; M5 - Cardiology; M6 - Nephrology; M7 - Neurology; M8 - Pulmonology; M9 - Dermatology; M10 - Rheumatology; M11 - Endocrinology; M12 - Gastroenterology; M14 - Thalassemia; M15 - Medical Oncology; M16 - Radiation Oncology
576,PHC Konaraopet,Government-DPH,Rajanna Sircilla,Konaraopet,-,Dr.R.Mohana Krishna (9701672070),S1 - General Surgery; S2 - Ent Surgery; S3 - Ophthalmology Surgery; S4 - Gynaecology And Obstetrics Surgery; S5 - Orthopedic Surgery And Procedures; S6 - Surgical Gastro Enterology; S7 - Cardiac And Cardiothoracic Surgery; S8 - Pediatric Surgeries; S9 - Genito Urinary Surgeries; S10 - Neurosurgery; S11 - Surgical Oncology; S14 - Plastic Surgery; S15 - Poly Trauma; S16 - Cochlear Implant Surgery; S17 - Prostheses; S20 - Unspecified Surgical Package; M1 - Critical Care; M2 - General Medicine; M3 - Infectious Diseases; M4 - Pediatrics; M5 - Cardiology; M6 - Nephrology; M7 - Neurology; M8 - Pulmonology; M9 - Dermatology; M10 - Rheumatology; M11 - Endocrinology; M12 - Gastroenterology; M14 - Thalassemia; M15 - Medical Oncology; M16 - Radiation Oncology
577,PHC Kondamadugu,Government-DPH,Yadadri Bhuvanagiri,Bibinagar,-,Dr. Praveen (7799892399),S1 - General Surgery; S2 - Ent Surgery; S3 - Ophthalmology Surgery; S4 - Gynaecology And Obstetrics Surgery; S5 - Orthopedic Surgery And Procedures; S6 - Surgical Gastro Enterology; S7 - Cardiac And Cardiothoracic Surgery; S8 - Pediatric Surgeries; S9 - Genito Urinary Surgeries; S10 - Neurosurgery; S11 - Surgical Oncology; S14 - Plastic Surgery; S15 - Poly Trauma; S16 - Cochlear Implant Surgery; S17 - Prostheses; S20 - Unspecified Surgical Package; M1 - Critical Care; M2 - General Medicine; M3 - Infectious Diseases; M4 - Pediatrics; M5 - Cardiology; M6 - Nephrology; M7 - Neurology; M8 - Pulmonology; M9 - Dermatology; M10 - Rheumatology; M11 - Endocrinology; M12 - Gastroenterology; M14 - Thalassemia; M15 - Medical Oncology; M16 - Radiation Oncology
578,PHC Kondapak,Government-DPH,Siddipet,Kondapak,-,Dr K Niveditha (9502454059); Dr P Snigdha (9502454059),S1 - General Surgery; S2 - Ent Surgery; S3 - Ophthalmology Surgery; S4 - Gynaecology And Obstetrics Surgery; S5 - Orthopedic Surgery And Procedures; S6 - Surgical Gastro Enterology; S7 - Cardiac And Cardiothoracic Surgery; S8 - Pediatric Surgeries; S9 - Genito Urinary Surgeries; S10 - Neurosurgery; S11 - Surgical Oncology; S14 - Plastic Surgery; S15 - Poly Trauma; S16 - Cochlear Implant Surgery; S17 - Prostheses; S20 - Unspecified Surgical Package; M1 - Critical Care; M2 - General Medicine; M3 - Infectious Diseases; M4 - Pediatrics; M5 - Cardiology; M6 - Nephrology; M7 - Neurology; M8 - Pulmonology; M9 - Dermatology; M10 - Rheumatology; M11 - Endocrinology; M12 - Gastroenterology; M14 - Thalassemia; M15 - Medical Oncology; M16 - Radiation Oncology
579,PHC Kondaparthy,Government-DPH,Hanumakonda,Inavole,-,Dr Subash (9866971637); Dr Swapna (9059177444),S1 - General Surgery; S2 - Ent Surgery; S3 - Ophthalmology Surgery; S4 - Gynaecology And Obstetrics Surgery; S5 - Orthopedic Surgery And Procedures; S6 - Surgical Gastro Enterology; S7 - Cardiac And Cardiothoracic Surgery; S8 - Pediatric Surgeries; S9 - Genito Urinary Surgeries; S10 - Neurosurgery; S11 - Surgical Oncology; S14 - Plastic Surgery; S15 - Poly Trauma; S16 - Cochlear Implant Surgery; S17 - Prostheses; S20 - Unspecified Surgical Package; M1 - Critical Care; M2 - General Medicine; M3 - Infectious Diseases; M4 - Pediatrics; M5 - Cardiology; M6 - Nephrology; M7 - Neurology; M8 - Pulmonology; M9 - Dermatology; M10 - Rheumatology; M11 - Endocrinology; M12 - Gastroenterology; M14 - Thalassemia; M15 - Medical Oncology; M16 - Radiation Oncology
580,PHC Kondapur,Government-DPH,Sangareddy,Kondapur,-,Dr Reshma Anjum (8106088288),S1 - General Surgery; S2 - Ent Surgery; S3 - Ophthalmology Surgery; S4 - Gynaecology And Obstetrics Surgery; S5 - Orthopedic Surgery And Procedures; S6 - Surgical Gastro Enterology; S7 - Cardiac And Cardiothoracic Surgery; S8 - Pediatric Surgeries; S9 - Genito Urinary Surgeries; S10 - Neurosurgery; S11 - Surgical Oncology; S14 - Plastic Surgery; S15 - Poly Trauma; S16 - Cochlear Implant Surgery; S17 - Prostheses; S20 - Unspecified Surgical Package; M1 - Critical Care; M2 - General Medicine; M3 - Infectious Diseases; M4 - Pediatrics; M5 - Cardiology; M6 - Nephrology; M7 - Neurology; M8 - Pulmonology; M9 - Dermatology; M10 - Rheumatology; M11 - Endocrinology; M12 - Gastroenterology; M14 - Thalassemia; M15 - Medical Oncology; M16 - Radiation Oncology
581,PHC Kondurgu,Government-DPH,Rangareddy,Kondurg,-,Dr.Amrit Joseph (8297623895),S1 - General Surgery; S2 - Ent Surgery; S3 - Ophthalmology Surgery; S4 - Gynaecology And Obstetrics Surgery; S5 - Orthopedic Surgery And Procedures; S6 - Surgical Gastro Enterology; S7 - Cardiac And Cardiothoracic Surgery; S8 - Pediatric Surgeries; S9 - Genito Urinary Surgeries; S10 - Neurosurgery; S11 - Surgical Oncology; S14 - Plastic Surgery; S15 - Poly Trauma; S16 - Cochlear Implant Surgery; S17 - Prostheses; S20 - Unspecified Surgical Package; M1 - Critical Care; M2 - General Medicine; M3 - Infectious Diseases; M4 - Pediatrics; M5 - Cardiology; M6 - Nephrology; M7 - Neurology; M8 - Pulmonology; M9 - Dermatology; M10 - Rheumatology; M11 - Endocrinology; M12 - Gastroenterology; M14 - Thalassemia; M15 - Medical Oncology; M16 - Radiation Oncology
582,PHC Konijerla,Government-DPH,Khammam,Konijerla,-,Dr. I.Motya (9110753788),S1 - General Surgery; S2 - Ent Surgery; S3 - Ophthalmology Surgery; S4 - Gynaecology And Obstetrics Surgery; S5 - Orthopedic Surgery And Procedures; S6 - Surgical Gastro Enterology; S7 - Cardiac And Cardiothoracic Surgery; S8 - Pediatric Surgeries; S9 - Genito Urinary Surgeries; S10 - Neurosurgery; S11 - Surgical Oncology; S14 - Plastic Surgery; S15 - Poly Trauma; S16 - Cochlear Implant Surgery; S17 - Prostheses; S20 - Unspecified Surgical Package; M1 - Critical Care; M2 - General Medicine; M3 - Infectious Diseases; M4 - Pediatrics; M5 - Cardiology; M6 - Nephrology; M7 - Neurology; M8 - Pulmonology; M9 - Dermatology; M10 - Rheumatology; M11 - Endocrinology; M12 - Gastroenterology; M14 - Thalassemia; M15 - Medical Oncology; M16 - Radiation Oncology
583,PHC Kotapally,Government-DPH,Mancherial,Kotapally,-,Dr. Sathyanarayana (9885415142),S1 - General Surgery; S2 - Ent Surgery; S3 - Ophthalmology Surgery; S4 - Gynaecology And Obstetrics Surgery; S5 - Orthopedic Surgery And Procedures; S6 - Surgical Gastro Enterology; S7 - Cardiac And Cardiothoracic Surgery; S8 - Pediatric Surgeries; S9 - Genito Urinary Surgeries; S10 - Neurosurgery; S11 - Surgical Oncology; S14 - Plastic Surgery; S15 - Poly Trauma; S16 - Cochlear Implant Surgery; S17 - Prostheses; S20 - Unspecified Surgical Package; M1 - Critical Care; M2 - General Medicine; M3 - Infectious Diseases; M4 - Pediatrics; M5 - Cardiology; M6 - Nephrology; M7 - Neurology; M8 - Pulmonology; M9 - Dermatology; M10 - Rheumatology; M11 - Endocrinology; M12 - Gastroenterology; M14 - Thalassemia; M15 - Medical Oncology; M16 - Radiation Oncology
584,PHC Kotapally,Government-DPH,Vikarabad,Kotepally,-,Dr. Harika (9550648008),S1 - General Surgery; S2 - Ent Surgery; S3 - Ophthalmology Surgery; S4 - Gynaecology And Obstetrics Surgery; S5 - Orthopedic Surgery And Procedures; S6 - Surgical Gastro Enterology; S7 - Cardiac And Cardiothoracic Surgery; S8 - Pediatric Surgeries; S9 - Genito Urinary Surgeries; S10 - Neurosurgery; S11 - Surgical Oncology; S14 - Plastic Surgery; S15 - Poly Trauma; S16 - Cochlear Implant Surgery; S17 - Prostheses; S20 - Unspecified Surgical Package; M1 - Critical Care; M2 - General Medicine; M3 - Infectious Diseases; M4 - Pediatrics; M5 - Cardiology; M6 - Nephrology; M7 - Neurology; M8 - Pulmonology; M9 - Dermatology; M10 - Rheumatology; M11 - Endocrinology; M12 - Gastroenterology; M14 - Thalassemia; M15 - Medical Oncology; M16 - Radiation Oncology
585,PHC Kothaguda,Government-DPH,Mahabubabad,Kothagudem,-,Dr.Mukram (7013681208),S1 - General Surgery; S2 - Ent Surgery; S3 - Ophthalmology Surgery; S4 - Gynaecology And Obstetrics Surgery; S5 - Orthopedic Surgery And Procedures; S6 - Surgical Gastro Enterology; S7 - Cardiac And Cardiothoracic Surgery; S8 - Pediatric Surgeries; S9 - Genito Urinary Surgeries; S10 - Neurosurgery; S11 - Surgical Oncology; S14 - Plastic Surgery; S15 - Poly Trauma; S16 - Cochlear Implant Surgery; S17 - Prostheses; S20 - Unspecified Surgical Package; M1 - Critical Care; M2 - General Medicine; M3 - Infectious Diseases; M4 - Pediatrics; M5 - Cardiology; M6 - Nephrology; M7 - Neurology; M8 - Pulmonology; M9 - Dermatology; M10 - Rheumatology; M11 - Endocrinology; M12 - Gastroenterology; M14 - Thalassemia; M15 - Medical Oncology; M16 - Radiation Oncology
586,PHC Kothakota,Government-DPH,Wanaparthy,Kothakota,Kothakota,Dr.Parimala (8985001316),S1 - General Surgery; S2 - Ent Surgery; S3 - Ophthalmology Surgery; S4 - Gynaecology And Obstetrics Surgery; S5 - Orthopedic Surgery And Procedures; S6 - Surgical Gastro Enterology; S7 - Cardiac And Cardiothoracic Surgery; S8 - Pediatric Surgeries; S9 - Genito Urinary Surgeries; S10 - Neurosurgery; S11 - Surgical Oncology; S14 - Plastic Surgery; S15 - Poly Trauma; S16 - Cochlear Implant Surgery; S17 - Prostheses; S20 - Unspecified Surgical Package; M1 - Critical Care; M2 - General Medicine; M3 - Infectious Diseases; M4 - Pediatrics; M5 - Cardiology; M6 - Nephrology; M7 - Neurology; M8 - Pulmonology; M9 - Dermatology; M10 - Rheumatology; M11 - Endocrinology; M12 - Gastroenterology; M14 - Thalassemia; M15 - Medical Oncology; M16 - Radiation Oncology
587,PHC Kothapally,Government-DPH,Karimnagar,Kothapally,-,Dr.Vamshi Krishna (9441127238),S1 - General Surgery; S2 - Ent Surgery; S3 - Ophthalmology Surgery; S4 - Gynaecology And Obstetrics Surgery; S5 - Orthopedic Surgery And Procedures; S6 - Surgical Gastro Enterology; S7 - Cardiac And Cardiothoracic Surgery; S8 - Pediatric Surgeries; S9 - Genito Urinary Surgeries; S10 - Neurosurgery; S11 - Surgical Oncology; S14 - Plastic Surgery; S15 - Poly Trauma; S16 - Cochlear Implant Surgery; S17 - Prostheses; S20 - Unspecified Surgical Package; M1 - Critical Care; M2 - General Medicine; M3 - Infectious Diseases; M4 - Pediatrics; M5 - Cardiology; M6 - Nephrology; M7 - Neurology; M8 - Pulmonology; M9 - Dermatology; M10 - Rheumatology; M11 - Endocrinology; M12 - Gastroenterology; M14 - Thalassemia; M15 - Medical Oncology; M16 - Radiation Oncology
588,PHC Kothlabad,Government-DPH,Mahabubnagar,Koilkonda,-,Dr.Naresh (9949512141),S1 - General Surgery; S2 - Ent Surgery; S3 - Ophthalmology Surgery; S4 - Gynaecology And Obstetrics Surgery; S5 - Orthopedic Surgery And Procedures; S6 - Surgical Gastro Enterology; S7 - Cardiac And Cardiothoracic Surgery; S8 - Pediatric Surgeries; S9 - Genito Urinary Surgeries; S10 - Neurosurgery; S11 - Surgical Oncology; S14 - Plastic Surgery; S15 - Poly Trauma; S16 - Cochlear Implant Surgery; S17 - Prostheses; S20 - Unspecified Surgical Package; M1 - Critical Care; M2 - General Medicine; M3 - Infectious Diseases; M4 - Pediatrics; M5 - Cardiology; M6 - Nephrology; M7 - Neurology; M8 - Pulmonology; M9 - Dermatology; M10 - Rheumatology; M11 - Endocrinology; M12 - Gastroenterology; M14 - Thalassemia; M15 - Medical Oncology; M16 - Radiation Oncology
589,PHC Kothur,Government-DPH,Rangareddy,Kandukur,-,Dr. T.Damodhar (8639398066); Dr.S.Kavitha (9985100050),S1 - General Surgery; S2 - Ent Surgery; S3 - Ophthalmology Surgery; S4 - Gynaecology And Obstetrics Surgery; S5 - Orthopedic Surgery And Procedures; S6 - Surgical Gastro Enterology; S7 - Cardiac And Cardiothoracic Surgery; S8 - Pediatric Surgeries; S9 - Genito Urinary Surgeries; S10 - Neurosurgery; S11 - Surgical Oncology; S14 - Plastic Surgery; S15 - Poly Trauma; S16 - Cochlear Implant Surgery; S17 - Prostheses; S20 - Unspecified Surgical Package; M1 - Critical Care; M2 - General Medicine; M3 - Infectious Diseases; M4 - Pediatrics; M5 - Cardiology; M6 - Nephrology; M7 - Neurology; M8 - Pulmonology; M9 - Dermatology; M10 - Rheumatology; M11 - Endocrinology; M12 - Gastroenterology; M14 - Thalassemia; M15 - Medical Oncology; M16 - Radiation Oncology
590,PHC Koutala,Government-DPH,Komaram Bheem Asifabad,Kouthala,-,Dr.G.Pallavi (9912456755); Dr.Krishna Prasad (9640907373),S1 - General Surgery; S2 - Ent Surgery; S3 - Ophthalmology Surgery; S4 - Gynaecology And Obstetrics Surgery; S5 - Orthopedic Surgery And Procedures; S6 - Surgical Gastro Enterology; S7 - Cardiac And Cardiothoracic Surgery; S8 - Pediatric Surgeries; S9 - Genito Urinary Surgeries; S10 - Neurosurgery; S11 - Surgical Oncology; S14 - Plastic Surgery; S15 - Poly Trauma; S16 - Cochlear Implant Surgery; S17 - Prostheses; S20 - Unspecified Surgical Package; M1 - Critical Care; M2 - General Medicine; M3 - Infectious Diseases; M4 - Pediatrics; M5 - Cardiology; M6 - Nephrology; M7 - Neurology; M8 - Pulmonology; M9 - Dermatology; M10 - Rheumatology; M11 - Endocrinology; M12 - Gastroenterology; M14 - Thalassemia; M15 - Medical Oncology; M16 - Radiation Oncology
591,PHC Kubeer,Government-DPH,Nirmal,Kubeer,-,Dr Ashish Reddy (7981662042),S1 - General Surgery; S2 - Ent Surgery; S3 - Ophthalmology Surgery; S4 - Gynaecology And Obstetrics Surgery; S5 - Orthopedic Surgery And Procedures; S6 - Surgical Gastro Enterology; S7 - Cardiac And Cardiothoracic Surgery; S8 - Pediatric Surgeries; S9 - Genito Urinary Surgeries; S10 - Neurosurgery; S11 - Surgical Oncology; S14 - Plastic Surgery; S15 - Poly Trauma; S16 - Cochlear Implant Surgery; S17 - Prostheses; S20 - Unspecified Surgical Package; M1 - Critical Care; M2 - General Medicine; M3 - Infectious Diseases; M4 - Pediatrics; M5 - Cardiology; M6 - Nephrology; M7 - Neurology; M8 - Pulmonology; M9 - Dermatology; M10 - Rheumatology; M11 - Endocrinology; M12 - Gastroenterology; M14 - Thalassemia; M15 - Medical Oncology; M16 - Radiation Oncology
592,PHC Kukunoorpalli,Government-DPH,Siddipet,Kondapak,-,Dr K Niveditha (9000365305),S1 - General Surgery; S2 - Ent Surgery; S3 - Ophthalmology Surgery; S4 - Gynaecology And Obstetrics Surgery; S5 - Orthopedic Surgery And Procedures; S6 - Surgical Gastro Enterology; S7 - Cardiac And Cardiothoracic Surgery; S8 - Pediatric Surgeries; S9 - Genito Urinary Surgeries; S10 - Neurosurgery; S11 - Surgical Oncology; S14 - Plastic Surgery; S15 - Poly Trauma; S16 - Cochlear Implant Surgery; S17 - Prostheses; S20 - Unspecified Surgical Package; M1 - Critical Care; M2 - General Medicine; M3 - Infectious Diseases; M4 - Pediatrics; M5 - Cardiology; M6 - Nephrology; M7 - Neurology; M8 - Pulmonology; M9 - Dermatology; M10 - Rheumatology; M11 - Endocrinology; M12 - Gastroenterology; M14 - Thalassemia; M15 - Medical Oncology; M16 - Radiation Oncology
593,PHC Kulakcherla,Government-DPH,Vikarabad,Kulkacharla,-,Dr. K .Murali Krishna (9676484806),S1 - General Surgery; S2 - Ent Surgery; S3 - Ophthalmology Surgery; S4 - Gynaecology And Obstetrics Surgery; S5 - Orthopedic Surgery And Procedures; S6 - Surgical Gastro Enterology; S7 - Cardiac And Cardiothoracic Surgery; S8 - Pediatric Surgeries; S9 - Genito Urinary Surgeries; S10 - Neurosurgery; S11 - Surgical Oncology; S14 - Plastic Surgery; S15 - Poly Trauma; S16 - Cochlear Implant Surgery; S17 - Prostheses; S20 - Unspecified Surgical Package; M1 - Critical Care; M2 - General Medicine; M3 - Infectious Diseases; M4 - Pediatrics; M5 - Cardiology; M6 - Nephrology; M7 - Neurology; M8 - Pulmonology; M9 - Dermatology; M10 - Rheumatology; M11 - Endocrinology; M12 - Gastroenterology; M14 - Thalassemia; M15 - Medical Oncology; M16 - Radiation Oncology
594,PHC Kulcharam,Government-DPH,Medak,Kulcharam,-,Dr. Ramesh (9989836839),S1 - General Surgery; S2 - Ent Surgery; S3 - Ophthalmology Surgery; S4 - Gynaecology And Obstetrics Surgery; S5 - Orthopedic Surgery And Procedures; S6 - Surgical Gastro Enterology; S7 - Cardiac And Cardiothoracic Surgery; S8 - Pediatric Surgeries; S9 - Genito Urinary Surgeries; S10 - Neurosurgery; S11 - Surgical Oncology; S14 - Plastic Surgery; S15 - Poly Trauma; S16 - Cochlear Implant Surgery; S17 - Prostheses; S20 - Unspecified Surgical Package; M1 - Critical Care; M2 - General Medicine; M3 - Infectious Diseases; M4 - Pediatrics; M5 - Cardiology; M6 - Nephrology; M7 - Neurology; M8 - Pulmonology; M9 - Dermatology; M10 - Rheumatology; M11 - Endocrinology; M12 - Gastroenterology; M14 - Thalassemia; M15 - Medical Oncology; M16 - Radiation Oncology
595,PHC Kunaram,Government-DPH,Peddapalli,Srirampur,-,Dr.M.Sampath (9490452175); Dr.Mahender (9490452175),S1 - General Surgery; S2 - Ent Surgery; S3 - Ophthalmology Surgery; S4 - Gynaecology And Obstetrics Surgery; S5 - Orthopedic Surgery And Procedures; S6 - Surgical Gastro Enterology; S7 - Cardiac And Cardiothoracic Surgery; S8 - Pediatric Surgeries; S9 - Genito Urinary Surgeries; S10 - Neurosurgery; S11 - Surgical Oncology; S14 - Plastic Surgery; S15 - Poly Trauma; S16 - Cochlear Implant Surgery; S17 - Prostheses; S20 - Unspecified Surgical Package; M1 - Critical Care; M2 - General Medicine; M3 - Infectious Diseases; M4 - Pediatrics; M5 - Cardiology; M6 - Nephrology; M7 - Neurology; M8 - Pulmonology; M9 - Dermatology; M10 - Rheumatology; M11 - Endocrinology; M12 - Gastroenterology; M14 - Thalassemia; M15 - Medical Oncology; M16 - Radiation Oncology
596,PHC Kundaram,Government-DPH,Mancherial,Jaipur,-,Dr. Rajani (7674982732),S1 - General Surgery; S2 - Ent Surgery; S3 - Ophthalmology Surgery; S4 - Gynaecology And Obstetrics Surgery; S5 - Orthopedic Surgery And Procedures; S6 - Surgical Gastro Enterology; S7 - Cardiac And Cardiothoracic Surgery; S8 - Pediatric Surgeries; S9 - Genito Urinary Surgeries; S10 - Neurosurgery; S11 - Surgical Oncology; S14 - Plastic Surgery; S15 - Poly Trauma; S16 - Cochlear Implant Surgery; S17 - Prostheses; S20 - Unspecified Surgical Package; M1 - Critical Care; M2 - General Medicine; M3 - Infectious Diseases; M4 - Pediatrics; M5 - Cardiology; M6 - Nephrology; M7 - Neurology; M8 - Pulmonology; M9 - Dermatology; M10 - Rheumatology; M11 - Endocrinology; M12 - Gastroenterology; M14 - Thalassemia; M15 - Medical Oncology; M16 - Radiation Oncology
597,PHC Kunoor,Government-DPH,Jangoan,Zaffergadh,-,Dr.Bhajanlal (9640504215),S1 - General Surgery; S2 - Ent Surgery; S3 - Ophthalmology Surgery; S4 - Gynaecology And Obstetrics Surgery; S5 - Orthopedic Surgery And Procedures; S6 - Surgical Gastro Enterology; S7 - Cardiac And Cardiothoracic Surgery; S8 - Pediatric Surgeries; S9 - Genito Urinary Surgeries; S10 - Neurosurgery; S11 - Surgical Oncology; S14 - Plastic Surgery; S15 - Poly Trauma; S16 - Cochlear Implant Surgery; S17 - Prostheses; S20 - Unspecified Surgical Package; M1 - Critical Care; M2 - General Medicine; M3 - Infectious Diseases; M4 - Pediatrics; M5 - Cardiology; M6 - Nephrology; M7 - Neurology; M8 - Pulmonology; M9 - Dermatology; M10 - Rheumatology; M11 - Endocrinology; M12 - Gastroenterology; M14 - Thalassemia; M15 - Medical Oncology; M16 - Radiation Oncology
598,PHC Kuntala,Government-DPH,Nirmal,Kuntala,-,Dr Nikhila Rani (9441506545),S1 - General Surgery; S2 - Ent Surgery; S3 - Ophthalmology Surgery; S4 - Gynaecology And Obstetrics Surgery; S5 - Orthopedic Surgery And Procedures; S6 - Surgical Gastro Enterology; S7 - Cardiac And Cardiothoracic Surgery; S8 - Pediatric Surgeries; S9 - Genito Urinary Surgeries; S10 - Neurosurgery; S11 - Surgical Oncology; S14 - Plastic Surgery; S15 - Poly Trauma; S16 - Cochlear Implant Surgery; S17 - Prostheses; S20 - Unspecified Surgical Package; M1 - Critical Care; M2 - General Medicine; M3 - Infectious Diseases; M4 - Pediatrics; M5 - Cardiology; M6 - Nephrology; M7 - Neurology; M8 - Pulmonology; M9 - Dermatology; M10 - Rheumatology; M11 - Endocrinology; M12 - Gastroenterology; M14 - Thalassemia; M15 - Medical Oncology; M16 - Radiation Oncology
599,PHC Kuravi,Government-DPH,Mahabubabad,Kuravi,-,Dr.S.Swetha (7569412986); Dr.. Shoba (8179714241),S1 - General Surgery; S2 - Ent Surgery; S3 - Ophthalmology Surgery; S4 - Gynaecology And Obstetrics Surgery; S5 - Orthopedic Surgery And Procedures; S6 - Surgical Gastro Enterology; S7 - Cardiac And Cardiothoracic Surgery; S8 - Pediatric Surgeries; S9 - Genito Urinary Surgeries; S10 - Neurosurgery; S11 - Surgical Oncology; S14 - Plastic Surgery; S15 - Poly Trauma; S16 - Cochlear Implant Surgery; S17 - Prostheses; S20 - Unspecified Surgical Package; M1 - Critical Care; M2 - General Medicine; M3 - Infectious Diseases; M4 - Pediatrics; M5 - Cardiology; M6 - Nephrology; M7 - Neurology; M8 - Pulmonology; M9 - Dermatology; M10 - Rheumatology; M11 - Endocrinology; M12 - Gastroenterology; M14 - Thalassemia; M15 - Medical Oncology; M16 - Radiation Oncology
600,PHC Kurshidnagar,Government-DPH,Adilabad,Adilabad Urban,Adilabad,Dr Himabindu (8074278660),S1 - General Surgery; S2 - Ent Surgery; S3 - Ophthalmology Surgery; S4 - Gynaecology And Obstetrics Surgery; S5 - Orthopedic Surgery And Procedures; S6 - Surgical Gastro Enterology; S7 - Cardiac And Cardiothoracic Surgery; S8 - Pediatric Surgeries; S9 - Genito Urinary Surgeries; S10 - Neurosurgery; S11 - Surgical Oncology; S14 - Plastic Surgery; S15 - Poly Trauma; S16 - Cochlear Implant Surgery; S17 - Prostheses; S20 - Unspecified Surgical Package; M1 - Critical Care; M2 - General Medicine; M3 - Infectious Diseases; M4 - Pediatrics; M5 - Cardiology; M6 - Nephrology; M7 - Neurology; M8 - Pulmonology; M9 - Dermatology; M10 - Rheumatology; M11 - Endocrinology; M12 - Gastroenterology; M14 - Thalassemia; M15 - Medical Oncology; M16 - Radiation Oncology
601,PHC Kushaiguda,Government-DPH,Medchal-Malkajgiri,Kapra,Ghmc,K Swapna (9177157057),S1 - General Surgery; S2 - Ent Surgery; S3 - Ophthalmology Surgery; S4 - Gynaecology And Obstetrics Surgery; S5 - Orthopedic Surgery And Procedures; S6 - Surgical Gastro Enterology; S7 - Cardiac And Cardiothoracic Surgery; S8 - Pediatric Surgeries; S9 - Genito Urinary Surgeries; S10 - Neurosurgery; S11 - Surgical Oncology; S14 - Plastic Surgery; S15 - Poly Trauma; S16 - Cochlear Implant Surgery; S17 - Prostheses; S20 - Unspecified Surgical Package; M1 - Critical Care; M2 - General Medicine; M3 - Infectious Diseases; M4 - Pediatrics; M5 - Cardiology; M6 - Nephrology; M7 - Neurology; M8 - Pulmonology; M9 - Dermatology; M10 - Rheumatology; M11 - Endocrinology; M12 - Gastroenterology; M14 - Thalassemia; M15 - Medical Oncology; M16 - Radiation Oncology
602,PHC Kusumanchi,Government-DPH,Khammam,Kusumanchi,-,Dr B.Srinivas (9885337117); Dr.P.C.Ruthlydiya Evangeline (9490383442),S1 - General Surgery; S2 - Ent Surgery; S3 - Ophthalmology Surgery; S4 - Gynaecology And Obstetrics Surgery; S5 - Orthopedic Surgery And Procedures; S6 - Surgical Gastro Enterology; S7 - Cardiac And Cardiothoracic Surgery; S8 - Pediatric Surgeries; S9 - Genito Urinary Surgeries; S10 - Neurosurgery; S11 - Surgical Oncology; S14 - Plastic Surgery; S15 - Poly Trauma; S16 - Cochlear Implant Surgery; S17 - Prostheses; S20 - Unspecified Surgical Package; M1 - Critical Care; M2 - General Medicine; M3 - Infectious Diseases; M4 - Pediatrics; M5 - Cardiology; M6 - Nephrology; M7 - Neurology; M8 - Pulmonology; M9 - Dermatology; M10 - Rheumatology; M11 - Endocrinology; M12 - Gastroenterology; M14 - Thalassemia; M15 - Medical Oncology; M16 - Radiation Oncology
603,PHC Kyathur,Government-DPH,Jogulamba Gadwal,Undavelly,-,Dr Syed Irshad (9640949141); Dr. Radhika (8123872086),S1 - General Surgery; S2 - Ent Surgery; S3 - Ophthalmology Surgery; S4 - Gynaecology And Obstetrics Surgery; S5 - Orthopedic Surgery And Procedures; S6 - Surgical Gastro Enterology; S7 - Cardiac And Cardiothoracic Surgery; S8 - Pediatric Surgeries; S9 - Genito Urinary Surgeries; S10 - Neurosurgery; S11 - Surgical Oncology; S14 - Plastic Surgery; S15 - Poly Trauma; S16 - Cochlear Implant Surgery; S17 - Prostheses; S20 - Unspecified Surgical Package; M1 - Critical Care; M2 - General Medicine; M3 - Infectious Diseases; M4 - Pediatrics; M5 - Cardiology; M6 - Nephrology; M7 - Neurology; M8 - Pulmonology; M9 - Dermatology; M10 - Rheumatology; M11 - Endocrinology; M12 - Gastroenterology; M14 - Thalassemia; M15 - Medical Oncology; M16 - Radiation Oncology
604,PHC Ladnoor,Government-DPH,Siddipet,Maddur,-,Dr.S.Raju (8341648292),S1 - General Surgery; S2 - Ent Surgery; S3 - Ophthalmology Surgery; S4 - Gynaecology And Obstetrics Surgery; S5 - Orthopedic Surgery And Procedures; S6 - Surgical Gastro Enterology; S7 - Cardiac And Cardiothoracic Surgery; S8 - Pediatric Surgeries; S9 - Genito Urinary Surgeries; S10 - Neurosurgery; S11 - Surgical Oncology; S14 - Plastic Surgery; S15 - Poly Trauma; S16 - Cochlear Implant Surgery; S17 - Prostheses; S20 - Unspecified Surgical Package; M1 - Critical Care; M2 - General Medicine; M3 - Infectious Diseases; M4 - Pediatrics; M5 - Cardiology; M6 - Nephrology; M7 - Neurology; M8 - Pulmonology; M9 - Dermatology; M10 - Rheumatology; M11 - Endocrinology; M12 - Gastroenterology; M14 - Thalassemia; M15 - Medical Oncology; M16 - Radiation Oncology
605,PHC Lankasagar,Government-DPH,Khammam,Penubally,-,Dr. B. Shantha Rani (9963074325); Dr. T. Suresh (8801224444),S1 - General Surgery; S2 - Ent Surgery; S3 - Ophthalmology Surgery; S4 - Gynaecology And Obstetrics Surgery; S5 - Orthopedic Surgery And Procedures; S6 - Surgical Gastro Enterology; S7 - Cardiac And Cardiothoracic Surgery; S8 - Pediatric Surgeries; S9 - Genito Urinary Surgeries; S10 - Neurosurgery; S11 - Surgical Oncology; S14 - Plastic Surgery; S15 - Poly Trauma; S16 - Cochlear Implant Surgery; S17 - Prostheses; S20 - Unspecified Surgical Package; M1 - Critical Care; M2 - General Medicine; M3 - Infectious Diseases; M4 - Pediatrics; M5 - Cardiology; M6 - Nephrology; M7 - Neurology; M8 - Pulmonology; M9 - Dermatology; M10 - Rheumatology; M11 - Endocrinology; M12 - Gastroenterology; M14 - Thalassemia; M15 - Medical Oncology; M16 - Radiation Oncology
606,PHC Lattupally,Government-DPH,Nagarkurnool,Bijinapalle,-,Dr.G.Sainath (9440056770),S1 - General Surgery; S2 - Ent Surgery; S3 - Ophthalmology Surgery; S4 - Gynaecology And Obstetrics Surgery; S5 - Orthopedic Surgery And Procedures; S6 - Surgical Gastro Enterology; S7 - Cardiac And Cardiothoracic Surgery; S8 - Pediatric Surgeries; S9 - Genito Urinary Surgeries; S10 - Neurosurgery; S11 - Surgical Oncology; S14 - Plastic Surgery; S15 - Poly Trauma; S16 - Cochlear Implant Surgery; S17 - Prostheses; S20 - Unspecified Surgical Package; M1 - Critical Care; M2 - General Medicine; M3 - Infectious Diseases; M4 - Pediatrics; M5 - Cardiology; M6 - Nephrology; M7 - Neurology; M8 - Pulmonology; M9 - Dermatology; M10 - Rheumatology; M11 - Endocrinology; M12 - Gastroenterology; M14 - Thalassemia; M15 - Medical Oncology; M16 - Radiation Oncology
607,PHC Lemoor,Government-DPH,Rangareddy,Kandukur,-,Dr.Rajkumar (9949677667); Dr.Janardhan Deputed To Idsp Dmho Office (8008456677),S1 - General Surgery; S2 - Ent Surgery; S3 - Ophthalmology Surgery; S4 - Gynaecology And Obstetrics Surgery; S5 - Orthopedic Surgery And Procedures; S6 - Surgical Gastro Enterology; S7 - Cardiac And Cardiothoracic Surgery; S8 - Pediatric Surgeries; S9 - Genito Urinary Surgeries; S10 - Neurosurgery; S11 - Surgical Oncology; S14 - Plastic Surgery; S15 - Poly Trauma; S16 - Cochlear Implant Surgery; S17 - Prostheses; S20 - Unspecified Surgical Package; M1 - Critical Care; M2 - General Medicine; M3 - Infectious Diseases; M4 - Pediatrics; M5 - Cardiology; M6 - Nephrology; M7 - Neurology; M8 - Pulmonology; M9 - Dermatology; M10 - Rheumatology; M11 - Endocrinology; M12 - Gastroenterology; M14 - Thalassemia; M15 - Medical Oncology; M16 - Radiation Oncology
608,PHC Lingagiri,Government-DPH,Suryapet,Huzurnagar,-,Dr. G. Laxamn (9010333321),S1 - General Surgery; S2 - Ent Surgery; S3 - Ophthalmology Surgery; S4 - Gynaecology And Obstetrics Surgery; S5 - Orthopedic Surgery And Procedures; S6 - Surgical Gastro Enterology; S7 - Cardiac And Cardiothoracic Surgery; S8 - Pediatric Surgeries; S9 - Genito Urinary Surgeries; S10 - Neurosurgery; S11 - Surgical Oncology; S14 - Plastic Surgery; S15 - Poly Trauma; S16 - Cochlear Implant Surgery; S17 - Prostheses; S20 - Unspecified Surgical Package; M1 - Critical Care; M2 - General Medicine; M3 - Infectious Diseases; M4 - Pediatrics; M5 - Cardiology; M6 - Nephrology; M7 - Neurology; M8 - Pulmonology; M9 - Dermatology; M10 - Rheumatology; M11 - Endocrinology; M12 - Gastroenterology; M14 - Thalassemia; M15 - Medical Oncology; M16 - Radiation Oncology
609,PHC Lingalaghanpur,Government-DPH,Jangoan,Lingalaghanpur,-,Dr.Karnakar Raju (9989986382),S1 - General Surgery; S2 - Ent Surgery; S3 - Ophthalmology Surgery; S4 - Gynaecology And Obstetrics Surgery; S5 - Orthopedic Surgery And Procedures; S6 - Surgical Gastro Enterology; S7 - Cardiac And Cardiothoracic Surgery; S8 - Pediatric Surgeries; S9 - Genito Urinary Surgeries; S10 - Neurosurgery; S11 - Surgical Oncology; S14 - Plastic Surgery; S15 - Poly Trauma; S16 - Cochlear Implant Surgery; S17 - Prostheses; S20 - Unspecified Surgical Package; M1 - Critical Care; M2 - General Medicine; M3 - Infectious Diseases; M4 - Pediatrics; M5 - Cardiology; M6 - Nephrology; M7 - Neurology; M8 - Pulmonology; M9 - Dermatology; M10 - Rheumatology; M11 - Endocrinology; M12 - Gastroenterology; M14 - Thalassemia; M15 - Medical Oncology; M16 - Radiation Oncology
610,PHC Lingampet,Government-DPH,Kamareddy,Lingampet,-,Dr.M.Arun Kumar Cas (8331800452),S1 - General Surgery; S2 - Ent Surgery; S3 - Ophthalmology Surgery; S4 - Gynaecology And Obstetrics Surgery; S5 - Orthopedic Surgery And Procedures; S6 - Surgical Gastro Enterology; S7 - Cardiac And Cardiothoracic Surgery; S8 - Pediatric Surgeries; S9 - Genito Urinary Surgeries; S10 - Neurosurgery; S11 - Surgical Oncology; S14 - Plastic Surgery; S15 - Poly Trauma; S16 - Cochlear Implant Surgery; S17 - Prostheses; S20 - Unspecified Surgical Package; M1 - Critical Care; M2 - General Medicine; M3 - Infectious Diseases; M4 - Pediatrics; M5 - Cardiology; M6 - Nephrology; M7 - Neurology; M8 - Pulmonology; M9 - Dermatology; M10 - Rheumatology; M11 - Endocrinology; M12 - Gastroenterology; M14 - Thalassemia; M15 - Medical Oncology; M16 - Radiation Oncology
611,PHC Lingapur,Government-DPH,Komaram Bheem Asifabad,Lingapur,-,Dr. K Naresh (9666270512),S1 - General Surgery; S2 - Ent Surgery; S3 - Ophthalmology Surgery; S4 - Gynaecology And Obstetrics Surgery; S5 - Orthopedic Surgery And Procedures; S6 - Surgical Gastro Enterology; S7 - Cardiac And Cardiothoracic Surgery; S8 - Pediatric Surgeries; S9 - Genito Urinary Surgeries; S10 - Neurosurgery; S11 - Surgical Oncology; S14 - Plastic Surgery; S15 - Poly Trauma; S16 - Cochlear Implant Surgery; S17 - Prostheses; S20 - Unspecified Surgical Package; M1 - Critical Care; M2 - General Medicine; M3 - Infectious Diseases; M4 - Pediatrics; M5 - Cardiology; M6 - Nephrology; M7 - Neurology; M8 - Pulmonology; M9 - Dermatology; M10 - Rheumatology; M11 - Endocrinology; M12 - Gastroenterology; M14 - Thalassemia; M15 - Medical Oncology; M16 - Radiation Oncology
612,PHC Lokeshwaram,Government-DPH,Nirmal,Lokeswaram,-,Dr Ashish Reddy (9949894910),S1 - General Surgery; S2 - Ent Surgery; S3 - Ophthalmology Surgery; S4 - Gynaecology And Obstetrics Surgery; S5 - Orthopedic Surgery And Procedures; S6 - Surgical Gastro Enterology; S7 - Cardiac And Cardiothoracic Surgery; S8 - Pediatric Surgeries; S9 - Genito Urinary Surgeries; S10 - Neurosurgery; S11 - Surgical Oncology; S14 - Plastic Surgery; S15 - Poly Trauma; S16 - Cochlear Implant Surgery; S17 - Prostheses; S20 - Unspecified Surgical Package; M1 - Critical Care; M2 - General Medicine; M3 - Infectious Diseases; M4 - Pediatrics; M5 - Cardiology; M6 - Nephrology; M7 - Neurology; M8 - Pulmonology; M9 - Dermatology; M10 - Rheumatology; M11 - Endocrinology; M12 - Gastroenterology; M14 - Thalassemia; M15 - Medical Oncology; M16 - Radiation Oncology
613,PHC Lonavelli,Government-DPH,Komaram Bheem Asifabad,Sirpur (T),-,Dr.Madasu Tirupathi (9949170069),S1 - General Surgery; S2 - Ent Surgery; S3 - Ophthalmology Surgery; S4 - Gynaecology And Obstetrics Surgery; S5 - Orthopedic Surgery And Procedures; S6 - Surgical Gastro Enterology; S7 - Cardiac And Cardiothoracic Surgery; S8 - Pediatric Surgeries; S9 - Genito Urinary Surgeries; S10 - Neurosurgery; S11 - Surgical Oncology; S14 - Plastic Surgery; S15 - Poly Trauma; S16 - Cochlear Implant Surgery; S17 - Prostheses; S20 - Unspecified Surgical Package; M1 - Critical Care; M2 - General Medicine; M3 - Infectious Diseases; M4 - Pediatrics; M5 - Cardiology; M6 - Nephrology; M7 - Neurology; M8 - Pulmonology; M9 - Dermatology; M10 - Rheumatology; M11 - Endocrinology; M12 - Gastroenterology; M14 - Thalassemia; M15 - Medical Oncology; M16 - Radiation Oncology
614,PHC Machareddy,Government-DPH,Kamareddy,Machareddy,-,Dr.Satish (9642123997),S1 - General Surgery; S2 - Ent Surgery; S3 - Ophthalmology Surgery; S4 - Gynaecology And Obstetrics Surgery; S5 - Orthopedic Surgery And Procedures; S6 - Surgical Gastro Enterology; S7 - Cardiac And Cardiothoracic Surgery; S8 - Pediatric Surgeries; S9 - Genito Urinary Surgeries; S10 - Neurosurgery; S11 - Surgical Oncology; S14 - Plastic Surgery; S15 - Poly Trauma; S16 - Cochlear Implant Surgery; S17 - Prostheses; S20 - Unspecified Surgical Package; M1 - Critical Care; M2 - General Medicine; M3 - Infectious Diseases; M4 - Pediatrics; M5 - Cardiology; M6 - Nephrology; M7 - Neurology; M8 - Pulmonology; M9 - Dermatology; M10 - Rheumatology; M11 - Endocrinology; M12 - Gastroenterology; M14 - Thalassemia; M15 - Medical Oncology; M16 - Radiation Oncology
615,PHC Madanapur,Government-DPH,Wanaparthy,Madanapur,-,Dr Uma (9573749886),S1 - General Surgery; S2 - Ent Surgery; S3 - Ophthalmology Surgery; S4 - Gynaecology And Obstetrics Surgery; S5 - Orthopedic Surgery And Procedures; S6 - Surgical Gastro Enterology; S7 - Cardiac And Cardiothoracic Surgery; S8 - Pediatric Surgeries; S9 - Genito Urinary Surgeries; S10 - Neurosurgery; S11 - Surgical Oncology; S14 - Plastic Surgery; S15 - Poly Trauma; S16 - Cochlear Implant Surgery; S17 - Prostheses; S20 - Unspecified Surgical Package; M1 - Critical Care; M2 - General Medicine; M3 - Infectious Diseases; M4 - Pediatrics; M5 - Cardiology; M6 - Nephrology; M7 - Neurology; M8 - Pulmonology; M9 - Dermatology; M10 - Rheumatology; M11 - Endocrinology; M12 - Gastroenterology; M14 - Thalassemia; M15 - Medical Oncology; M16 - Radiation Oncology
616,PHC Maddur,Government-DPH,Siddipet,Maddur,-,Dr.S.Raju (8341648292),S1 - General Surgery; S2 - Ent Surgery; S3 - Ophthalmology Surgery; S4 - Gynaecology And Obstetrics Surgery; S5 - Orthopedic Surgery And Procedures; S6 - Surgical Gastro Enterology; S7 - Cardiac And Cardiothoracic Surgery; S8 - Pediatric Surgeries; S9 - Genito Urinary Surgeries; S10 - Neurosurgery; S11 - Surgical Oncology; S14 - Plastic Surgery; S15 - Poly Trauma; S16 - Cochlear Implant Surgery; S17 - Prostheses; S20 - Unspecified Surgical Package; M1 - Critical Care; M2 - General Medicine; M3 - Infectious Diseases; M4 - Pediatrics; M5 - Cardiology; M6 - Nephrology; M7 - Neurology; M8 - Pulmonology; M9 - Dermatology; M10 - Rheumatology; M11 - Endocrinology; M12 - Gastroenterology; M14 - Thalassemia; M15 - Medical Oncology; M16 - Radiation Oncology
617,PHC Madgul,Government-DPH,Rangareddy,Madgul,-,Dr. G. Lalitha (8500308157),S1 - General Surgery; S2 - Ent Surgery; S3 - Ophthalmology Surgery; S4 - Gynaecology And Obstetrics Surgery; S5 - Orthopedic Surgery And Procedures; S6 - Surgical Gastro Enterology; S7 - Cardiac And Cardiothoracic Surgery; S8 - Pediatric Surgeries; S9 - Genito Urinary Surgeries; S10 - Neurosurgery; S11 - Surgical Oncology; S14 - Plastic Surgery; S15 - Poly Trauma; S16 - Cochlear Implant Surgery; S17 - Prostheses; S20 - Unspecified Surgical Package; M1 - Critical Care; M2 - General Medicine; M3 - Infectious Diseases; M4 - Pediatrics; M5 - Cardiology; M6 - Nephrology; M7 - Neurology; M8 - Pulmonology; M9 - Dermatology; M10 - Rheumatology; M11 - Endocrinology; M12 - Gastroenterology; M14 - Thalassemia; M15 - Medical Oncology; M16 - Radiation Oncology
618,PHC Mahagaon,Government-DPH,Nirmal,Bhainsa,-,Dr Jadhav Srikanth (7013270841),S1 - General Surgery; S2 - Ent Surgery; S3 - Ophthalmology Surgery; S4 - Gynaecology And Obstetrics Surgery; S5 - Orthopedic Surgery And Procedures; S6 - Surgical Gastro Enterology; S7 - Cardiac And Cardiothoracic Surgery; S8 - Pediatric Surgeries; S9 - Genito Urinary Surgeries; S10 - Neurosurgery; S11 - Surgical Oncology; S14 - Plastic Surgery; S15 - Poly Trauma; S16 - Cochlear Implant Surgery; S17 - Prostheses; S20 - Unspecified Surgical Package; M1 - Critical Care; M2 - General Medicine; M3 - Infectious Diseases; M4 - Pediatrics; M5 - Cardiology; M6 - Nephrology; M7 - Neurology; M8 - Pulmonology; M9 - Dermatology; M10 - Rheumatology; M11 - Endocrinology; M12 - Gastroenterology; M14 - Thalassemia; M15 - Medical Oncology; M16 - Radiation Oncology
619,PHC Mahamutharam,Government-DPH,Jayashankar Bhoopalpally,Mutharam (Mahadevpur),-,Dr.S.Gopinath (9652550306); Dr. Pramod (9951231887),S1 - General Surgery; S2 - Ent Surgery; S3 - Ophthalmology Surgery; S4 - Gynaecology And Obstetrics Surgery; S5 - Orthopedic Surgery And Procedures; S6 - Surgical Gastro Enterology; S7 - Cardiac And Cardiothoracic Surgery; S8 - Pediatric Surgeries; S9 - Genito Urinary Surgeries; S10 - Neurosurgery; S11 - Surgical Oncology; S14 - Plastic Surgery; S15 - Poly Trauma; S16 - Cochlear Implant Surgery; S17 - Prostheses; S20 - Unspecified Surgical Package; M1 - Critical Care; M2 - General Medicine; M3 - Infectious Diseases; M4 - Pediatrics; M5 - Cardiology; M6 - Nephrology; M7 - Neurology; M8 - Pulmonology; M9 - Dermatology; M10 - Rheumatology; M11 - Endocrinology; M12 - Gastroenterology; M14 - Thalassemia; M15 - Medical Oncology; M16 - Radiation Oncology
620,PHC Maidaram,Government-DPH,Peddapalli,Dharmaram,-,Dr.B.Jayaprakash (7288870350); Dr.Ch.Sampath (95735 98024),S1 - General Surgery; S2 - Ent Surgery; S3 - Ophthalmology Surgery; S4 - Gynaecology And Obstetrics Surgery; S5 - Orthopedic Surgery And Procedures; S6 - Surgical Gastro Enterology; S7 - Cardiac And Cardiothoracic Surgery; S8 - Pediatric Surgeries; S9 - Genito Urinary Surgeries; S10 - Neurosurgery; S11 - Surgical Oncology; S14 - Plastic Surgery; S15 - Poly Trauma; S16 - Cochlear Implant Surgery; S17 - Prostheses; S20 - Unspecified Surgical Package; M1 - Critical Care; M2 - General Medicine; M3 - Infectious Diseases; M4 - Pediatrics; M5 - Cardiology; M6 - Nephrology; M7 - Neurology; M8 - Pulmonology; M9 - Dermatology; M10 - Rheumatology; M11 - Endocrinology; M12 - Gastroenterology; M14 - Thalassemia; M15 - Medical Oncology; M16 - Radiation Oncology
621,PHC Mailardev Pally,Government-DPH,Rangareddy,Rajendranagar,-,Dr G.Srujana (9247789891),S1 - General Surgery; S2 - Ent Surgery; S3 - Ophthalmology Surgery; S4 - Gynaecology And Obstetrics Surgery; S5 - Orthopedic Surgery And Procedures; S6 - Surgical Gastro Enterology; S7 - Cardiac And Cardiothoracic Surgery; S8 - Pediatric Surgeries; S9 - Genito Urinary Surgeries; S10 - Neurosurgery; S11 - Surgical Oncology; S14 - Plastic Surgery; S15 - Poly Trauma; S16 - Cochlear Implant Surgery; S17 - Prostheses; S20 - Unspecified Surgical Package; M1 - Critical Care; M2 - General Medicine; M3 - Infectious Diseases; M4 - Pediatrics; M5 - Cardiology; M6 - Nephrology; M7 - Neurology; M8 - Pulmonology; M9 - Dermatology; M10 - Rheumatology; M11 - Endocrinology; M12 - Gastroenterology; M14 - Thalassemia; M15 - Medical Oncology; M16 - Radiation Oncology
622,PHC Maisigandi,Government-DPH,Rangareddy,Kadthal,-,Dr.Parikisth (9949063620); Dr.Swetha Deputed To Abbdullapur Mettu (7013190051),S1 - General Surgery; S2 - Ent Surgery; S3 - Ophthalmology Surgery; S4 - Gynaecology And Obstetrics Surgery; S5 - Orthopedic Surgery And Procedures; S6 - Surgical Gastro Enterology; S7 - Cardiac And Cardiothoracic Surgery; S8 - Pediatric Surgeries; S9 - Genito Urinary Surgeries; S10 - Neurosurgery; S11 - Surgical Oncology; S14 - Plastic Surgery; S15 - Poly Trauma; S16 - Cochlear Implant Surgery; S17 - Prostheses; S20 - Unspecified Surgical Package; M1 - Critical Care; M2 - General Medicine; M3 - Infectious Diseases; M4 - Pediatrics; M5 - Cardiology; M6 - Nephrology; M7 - Neurology; M8 - Pulmonology; M9 - Dermatology; M10 - Rheumatology; M11 - Endocrinology; M12 - Gastroenterology; M14 - Thalassemia; M15 - Medical Oncology; M16 - Radiation Oncology
623,PHC Makloor,Government-DPH,Nizamabad,Makloor,Nizamabad,Dr.B.Sanjeev Reddy (6305556960),S1 - General Surgery; S2 - Ent Surgery; S3 - Ophthalmology Surgery; S4 - Gynaecology And Obstetrics Surgery; S5 - Orthopedic Surgery And Procedures; S6 - Surgical Gastro Enterology; S7 - Cardiac And Cardiothoracic Surgery; S8 - Pediatric Surgeries; S9 - Genito Urinary Surgeries; S10 - Neurosurgery; S11 - Surgical Oncology; S14 - Plastic Surgery; S15 - Poly Trauma; S16 - Cochlear Implant Surgery; S17 - Prostheses; S20 - Unspecified Surgical Package; M1 - Critical Care; M2 - General Medicine; M3 - Infectious Diseases; M4 - Pediatrics; M5 - Cardiology; M6 - Nephrology; M7 - Neurology; M8 - Pulmonology; M9 - Dermatology; M10 - Rheumatology; M11 - Endocrinology; M12 - Gastroenterology; M14 - Thalassemia; M15 - Medical Oncology; M16 - Radiation Oncology
624,PHC Malchelma,Government-DPH,Sangareddy,Zahirabad,-,Dr.Rajkumar Patlola (9989103030),S1 - General Surgery; S2 - Ent Surgery; S3 - Ophthalmology Surgery; S4 - Gynaecology And Obstetrics Surgery; S5 - Orthopedic Surgery And Procedures; S6 - Surgical Gastro Enterology; S7 - Cardiac And Cardiothoracic Surgery; S8 - Pediatric Surgeries; S9 - Genito Urinary Surgeries; S10 - Neurosurgery; S11 - Surgical Oncology; S14 - Plastic Surgery; S15 - Poly Trauma; S16 - Cochlear Implant Surgery; S17 - Prostheses; S20 - Unspecified Surgical Package; M1 - Critical Care; M2 - General Medicine; M3 - Infectious Diseases; M4 - Pediatrics; M5 - Cardiology; M6 - Nephrology; M7 - Neurology; M8 - Pulmonology; M9 - Dermatology; M10 - Rheumatology; M11 - Endocrinology; M12 - Gastroenterology; M14 - Thalassemia; M15 - Medical Oncology; M16 - Radiation Oncology
625,PHC Maldakal,Government-DPH,Jogulamba Gadwal,Maldakal,-,Dr Syed Irshad (9885987100); Dr Supritha (7036028585),S1 - General Surgery; S2 - Ent Surgery; S3 - Ophthalmology Surgery; S4 - Gynaecology And Obstetrics Surgery; S5 - Orthopedic Surgery And Procedures; S6 - Surgical Gastro Enterology; S7 - Cardiac And Cardiothoracic Surgery; S8 - Pediatric Surgeries; S9 - Genito Urinary Surgeries; S10 - Neurosurgery; S11 - Surgical Oncology; S14 - Plastic Surgery; S15 - Poly Trauma; S16 - Cochlear Implant Surgery; S17 - Prostheses; S20 - Unspecified Surgical Package; M1 - Critical Care; M2 - General Medicine; M3 - Infectious Diseases; M4 - Pediatrics; M5 - Cardiology; M6 - Nephrology; M7 - Neurology; M8 - Pulmonology; M9 - Dermatology; M10 - Rheumatology; M11 - Endocrinology; M12 - Gastroenterology; M14 - Thalassemia; M15 - Medical Oncology; M16 - Radiation Oncology
626,PHC Malkajgiri,Government-DPH,Medchal-Malkajgiri,Malkajgiri,Ghmc,Dr Radha (7013820772),S1 - General Surgery; S2 - Ent Surgery; S3 - Ophthalmology Surgery; S4 - Gynaecology And Obstetrics Surgery; S5 - Orthopedic Surgery And Procedures; S6 - Surgical Gastro Enterology; S7 - Cardiac And Cardiothoracic Surgery; S8 - Pediatric Surgeries; S9 - Genito Urinary Surgeries; S10 - Neurosurgery; S11 - Surgical Oncology; S14 - Plastic Surgery; S15 - Poly Trauma; S16 - Cochlear Implant Surgery; S17 - Prostheses; S20 - Unspecified Surgical Package; M1 - Critical Care; M2 - General Medicine; M3 - Infectious Diseases; M4 - Pediatrics; M5 - Cardiology; M6 - Nephrology; M7 - Neurology; M8 - Pulmonology; M9 - Dermatology; M10 - Rheumatology; M11 - Endocrinology; M12 - Gastroenterology; M14 - Thalassemia; M15 - Medical Oncology; M16 - Radiation Oncology
627,PHC Malkapur,Government-DPH,Jangoan,Chilpur,-,Dr.Ramu (7989769445); Dr.Adhi Laxmi Narayana (7842457225),S1 - General Surgery; S2 - Ent Surgery; S3 - Ophthalmology Surgery; S4 - Gynaecology And Obstetrics Surgery; S5 - Orthopedic Surgery And Procedures; S6 - Surgical Gastro Enterology; S7 - Cardiac And Cardiothoracic Surgery; S8 - Pediatric Surgeries; S9 - Genito Urinary Surgeries; S10 - Neurosurgery; S11 - Surgical Oncology; S14 - Plastic Surgery; S15 - Poly Trauma; S16 - Cochlear Implant Surgery; S17 - Prostheses; S20 - Unspecified Surgical Package; M1 - Critical Care; M2 - General Medicine; M3 - Infectious Diseases; M4 - Pediatrics; M5 - Cardiology; M6 - Nephrology; M7 - Neurology; M8 - Pulmonology; M9 - Dermatology; M10 - Rheumatology; M11 - Endocrinology; M12 - Gastroenterology; M14 - Thalassemia; M15 - Medical Oncology; M16 - Radiation Oncology
628,PHC Mallapur,Government-DPH,Jagtial,Mallapur,-,Dr.A.Vahini (7993485687),S1 - General Surgery; S2 - Ent Surgery; S3 - Ophthalmology Surgery; S4 - Gynaecology And Obstetrics Surgery; S5 - Orthopedic Surgery And Procedures; S6 - Surgical Gastro Enterology; S7 - Cardiac And Cardiothoracic Surgery; S8 - Pediatric Surgeries; S9 - Genito Urinary Surgeries; S10 - Neurosurgery; S11 - Surgical Oncology; S14 - Plastic Surgery; S15 - Poly Trauma; S16 - Cochlear Implant Surgery; S17 - Prostheses; S20 - Unspecified Surgical Package; M1 - Critical Care; M2 - General Medicine; M3 - Infectious Diseases; M4 - Pediatrics; M5 - Cardiology; M6 - Nephrology; M7 - Neurology; M8 - Pulmonology; M9 - Dermatology; M10 - Rheumatology; M11 - Endocrinology; M12 - Gastroenterology; M14 - Thalassemia; M15 - Medical Oncology; M16 - Radiation Oncology
629,PHC Mallial,Government-DPH,Jagtial,Mallial,-,Dr.S.Ravi Shankar (8801677470); Dr.M.Mounika (6304788457),S1 - General Surgery; S2 - Ent Surgery; S3 - Ophthalmology Surgery; S4 - Gynaecology And Obstetrics Surgery; S5 - Orthopedic Surgery And Procedures; S6 - Surgical Gastro Enterology; S7 - Cardiac And Cardiothoracic Surgery; S8 - Pediatric Surgeries; S9 - Genito Urinary Surgeries; S10 - Neurosurgery; S11 - Surgical Oncology; S14 - Plastic Surgery; S15 - Poly Trauma; S16 - Cochlear Implant Surgery; S17 - Prostheses; S20 - Unspecified Surgical Package; M1 - Critical Care; M2 - General Medicine; M3 - Infectious Diseases; M4 - Pediatrics; M5 - Cardiology; M6 - Nephrology; M7 - Neurology; M8 - Pulmonology; M9 - Dermatology; M10 - Rheumatology; M11 - Endocrinology; M12 - Gastroenterology; M14 - Thalassemia; M15 - Medical Oncology; M16 - Radiation Oncology
630,PHC Malyala,Government-DPH,Mahabubabad,Mahbubabad,-,Dr Anvesh (9121429921),S1 - General Surgery; S2 - Ent Surgery; S3 - Ophthalmology Surgery; S4 - Gynaecology And Obstetrics Surgery; S5 - Orthopedic Surgery And Procedures; S6 - Surgical Gastro Enterology; S7 - Cardiac And Cardiothoracic Surgery; S8 - Pediatric Surgeries; S9 - Genito Urinary Surgeries; S10 - Neurosurgery; S11 - Surgical Oncology; S14 - Plastic Surgery; S15 - Poly Trauma; S16 - Cochlear Implant Surgery; S17 - Prostheses; S20 - Unspecified Surgical Package; M1 - Critical Care; M2 - General Medicine; M3 - Infectious Diseases; M4 - Pediatrics; M5 - Cardiology; M6 - Nephrology; M7 - Neurology; M8 - Pulmonology; M9 - Dermatology; M10 - Rheumatology; M11 - Endocrinology; M12 - Gastroenterology; M14 - Thalassemia; M15 - Medical Oncology; M16 - Radiation Oncology
631,PHC Mamada,Government-DPH,Nirmal,Mamada,-,Dr Mamatha (),S1 - General Surgery; S2 - Ent Surgery; S3 - Ophthalmology Surgery; S4 - Gynaecology And Obstetrics Surgery; S5 - Orthopedic Surgery And Procedures; S6 - Surgical Gastro Enterology; S7 - Cardiac And Cardiothoracic Surgery; S8 - Pediatric Surgeries; S9 - Genito Urinary Surgeries; S10 - Neurosurgery; S11 - Surgical Oncology; S14 - Plastic Surgery; S15 - Poly Trauma; S16 - Cochlear Implant Surgery; S17 - Prostheses; S20 - Unspecified Surgical Package; M1 - Critical Care; M2 - General Medicine; M3 - Infectious Diseases; M4 - Pediatrics; M5 - Cardiology; M6 - Nephrology; M7 - Neurology; M8 - Pulmonology; M9 - Dermatology; M10 - Rheumatology; M11 - Endocrinology; M12 - Gastroenterology; M14 - Thalassemia; M15 - Medical Oncology; M16 - Radiation Oncology
632,PHC Manakondur,Government-DPH,Karimnagar,Manakondur,-,Dr.Vinatha (9849783452),S1 - General Surgery; S2 - Ent Surgery; S3 - Ophthalmology Surgery; S4 - Gynaecology And Obstetrics Surgery; S5 - Orthopedic Surgery And Procedures; S6 - Surgical Gastro Enterology; S7 - Cardiac And Cardiothoracic Surgery; S8 - Pediatric Surgeries; S9 - Genito Urinary Surgeries; S10 - Neurosurgery; S11 - Surgical Oncology; S14 - Plastic Surgery; S15 - Poly Trauma; S16 - Cochlear Implant Surgery; S17 - Prostheses; S20 - Unspecified Surgical Package; M1 - Critical Care; M2 - General Medicine; M3 - Infectious Diseases; M4 - Pediatrics; M5 - Cardiology; M6 - Nephrology; M7 - Neurology; M8 - Pulmonology; M9 - Dermatology; M10 - Rheumatology; M11 - Endocrinology; M12 - Gastroenterology; M14 - Thalassemia; M15 - Medical Oncology; M16 - Radiation Oncology
633,PHC Manchal,Government-DPH,Rangareddy,Manchal,-,Dr. Kiran Prasad (9640538238),S1 - General Surgery; S2 - Ent Surgery; S3 - Ophthalmology Surgery; S4 - Gynaecology And Obstetrics Surgery; S5 - Orthopedic Surgery And Procedures; S6 - Surgical Gastro Enterology; S7 - Cardiac And Cardiothoracic Surgery; S8 - Pediatric Surgeries; S9 - Genito Urinary Surgeries; S10 - Neurosurgery; S11 - Surgical Oncology; S14 - Plastic Surgery; S15 - Poly Trauma; S16 - Cochlear Implant Surgery; S17 - Prostheses; S20 - Unspecified Surgical Package; M1 - Critical Care; M2 - General Medicine; M3 - Infectious Diseases; M4 - Pediatrics; M5 - Cardiology; M6 - Nephrology; M7 - Neurology; M8 - Pulmonology; M9 - Dermatology; M10 - Rheumatology; M11 - Endocrinology; M12 - Gastroenterology; M14 - Thalassemia; M15 - Medical Oncology; M16 - Radiation Oncology
634,PHC Manchukonda,Government-DPH,Khammam,Raghunadhapalem,-,Dr . M. Rajesh (9603765555); Dr Y. Sravanthi (96037 65555),S1 - General Surgery; S2 - Ent Surgery; S3 - Ophthalmology Surgery; S4 - Gynaecology And Obstetrics Surgery; S5 - Orthopedic Surgery And Procedures; S6 - Surgical Gastro Enterology; S7 - Cardiac And Cardiothoracic Surgery; S8 - Pediatric Surgeries; S9 - Genito Urinary Surgeries; S10 - Neurosurgery; S11 - Surgical Oncology; S14 - Plastic Surgery; S15 - Poly Trauma; S16 - Cochlear Implant Surgery; S17 - Prostheses; S20 - Unspecified Surgical Package; M1 - Critical Care; M2 - General Medicine; M3 - Infectious Diseases; M4 - Pediatrics; M5 - Cardiology; M6 - Nephrology; M7 - Neurology; M8 - Pulmonology; M9 - Dermatology; M10 - Rheumatology; M11 - Endocrinology; M12 - Gastroenterology; M14 - Thalassemia; M15 - Medical Oncology; M16 - Radiation Oncology
635,PHC Manchukonda,Government-DPH,Khammam,Madhira,-,Dr.B.Venkatesh (9948755708),S1 - General Surgery; S2 - Ent Surgery; S3 - Ophthalmology Surgery; S4 - Gynaecology And Obstetrics Surgery; S5 - Orthopedic Surgery And Procedures; S6 - Surgical Gastro Enterology; S7 - Cardiac And Cardiothoracic Surgery; S8 - Pediatric Surgeries; S9 - Genito Urinary Surgeries; S10 - Neurosurgery; S11 - Surgical Oncology; S14 - Plastic Surgery; S15 - Poly Trauma; S16 - Cochlear Implant Surgery; S17 - Prostheses; S20 - Unspecified Surgical Package; M1 - Critical Care; M2 - General Medicine; M3 - Infectious Diseases; M4 - Pediatrics; M5 - Cardiology; M6 - Nephrology; M7 - Neurology; M8 - Pulmonology; M9 - Dermatology; M10 - Rheumatology; M11 - Endocrinology; M12 - Gastroenterology; M14 - Thalassemia; M15 - Medical Oncology; M16 - Radiation Oncology
636,PHC Mandhamarri,Government-DPH,Mancherial,Mandamarri,Mandamarri,Dr. Shaialaja (7893230999),S1 - General Surgery; S2 - Ent Surgery; S3 - Ophthalmology Surgery; S4 - Gynaecology And Obstetrics Surgery; S5 - Orthopedic Surgery And Procedures; S6 - Surgical Gastro Enterology; S7 - Cardiac And Cardiothoracic Surgery; S8 - Pediatric Surgeries; S9 - Genito Urinary Surgeries; S10 - Neurosurgery; S11 - Surgical Oncology; S14 - Plastic Surgery; S15 - Poly Trauma; S16 - Cochlear Implant Surgery; S17 - Prostheses; S20 - Unspecified Surgical Package; M1 - Critical Care; M2 - General Medicine; M3 - Infectious Diseases; M4 - Pediatrics; M5 - Cardiology; M6 - Nephrology; M7 - Neurology; M8 - Pulmonology; M9 - Dermatology; M10 - Rheumatology; M11 - Endocrinology; M12 - Gastroenterology; M14 - Thalassemia; M15 - Medical Oncology; M16 - Radiation Oncology
637,PHC Mangapeta,Government-DPH,Bhadradri Kothagudem,Mulakalapally,-,Dr. T. Udaya Laxmi (9346220558),S1 - General Surgery; S2 - Ent Surgery; S3 - Ophthalmology Surgery; S4 - Gynaecology And Obstetrics Surgery; S5 - Orthopedic Surgery And Procedures; S6 - Surgical Gastro Enterology; S7 - Cardiac And Cardiothoracic Surgery; S8 - Pediatric Surgeries; S9 - Genito Urinary Surgeries; S10 - Neurosurgery; S11 - Surgical Oncology; S14 - Plastic Surgery; S15 - Poly Trauma; S16 - Cochlear Implant Surgery; S17 - Prostheses; S20 - Unspecified Surgical Package; M1 - Critical Care; M2 - General Medicine; M3 - Infectious Diseases; M4 - Pediatrics; M5 - Cardiology; M6 - Nephrology; M7 - Neurology; M8 - Pulmonology; M9 - Dermatology; M10 - Rheumatology; M11 - Endocrinology; M12 - Gastroenterology; M14 - Thalassemia; M15 - Medical Oncology; M16 - Radiation Oncology
638,PHC Manikonda,Government-DPH,Mahabubnagar,Koilkonda,-,Dr.Zarena Banu (9490053955),S1 - General Surgery; S2 - Ent Surgery; S3 - Ophthalmology Surgery; S4 - Gynaecology And Obstetrics Surgery; S5 - Orthopedic Surgery And Procedures; S6 - Surgical Gastro Enterology; S7 - Cardiac And Cardiothoracic Surgery; S8 - Pediatric Surgeries; S9 - Genito Urinary Surgeries; S10 - Neurosurgery; S11 - Surgical Oncology; S14 - Plastic Surgery; S15 - Poly Trauma; S16 - Cochlear Implant Surgery; S17 - Prostheses; S20 - Unspecified Surgical Package; M1 - Critical Care; M2 - General Medicine; M3 - Infectious Diseases; M4 - Pediatrics; M5 - Cardiology; M6 - Nephrology; M7 - Neurology; M8 - Pulmonology; M9 - Dermatology; M10 - Rheumatology; M11 - Endocrinology; M12 - Gastroenterology; M14 - Thalassemia; M15 - Medical Oncology; M16 - Radiation Oncology
639,PHC Mannanur,Government-DPH,Nagarkurnool,Amrabad,-,Dr. B. Sridhar (9985222736); Dr. P. Gowtham (7793932939),S1 - General Surgery; S2 - Ent Surgery; S3 - Ophthalmology Surgery; S4 - Gynaecology And Obstetrics Surgery; S5 - Orthopedic Surgery And Procedures; S6 - Surgical Gastro Enterology; S7 - Cardiac And Cardiothoracic Surgery; S8 - Pediatric Surgeries; S9 - Genito Urinary Surgeries; S10 - Neurosurgery; S11 - Surgical Oncology; S14 - Plastic Surgery; S15 - Poly Trauma; S16 - Cochlear Implant Surgery; S17 - Prostheses; S20 - Unspecified Surgical Package; M1 - Critical Care; M2 - General Medicine; M3 - Infectious Diseases; M4 - Pediatrics; M5 - Cardiology; M6 - Nephrology; M7 - Neurology; M8 - Pulmonology; M9 - Dermatology; M10 - Rheumatology; M11 - Endocrinology; M12 - Gastroenterology; M14 - Thalassemia; M15 - Medical Oncology; M16 - Radiation Oncology
640,PHC Manoor,Government-DPH,Sangareddy,Manoor,-,Dr Ravi Kumar (9010614610); Dr Narsing Cowhan (9440698141),S1 - General Surgery; S2 - Ent Surgery; S3 - Ophthalmology Surgery; S4 - Gynaecology And Obstetrics Surgery; S5 - Orthopedic Surgery And Procedures; S6 - Surgical Gastro Enterology; S7 - Cardiac And Cardiothoracic Surgery; S8 - Pediatric Surgeries; S9 - Genito Urinary Surgeries; S10 - Neurosurgery; S11 - Surgical Oncology; S14 - Plastic Surgery; S15 - Poly Trauma; S16 - Cochlear Implant Surgery; S17 - Prostheses; S20 - Unspecified Surgical Package; M1 - Critical Care; M2 - General Medicine; M3 - Infectious Diseases; M4 - Pediatrics; M5 - Cardiology; M6 - Nephrology; M7 - Neurology; M8 - Pulmonology; M9 - Dermatology; M10 - Rheumatology; M11 - Endocrinology; M12 - Gastroenterology; M14 - Thalassemia; M15 - Medical Oncology; M16 - Radiation Oncology
641,PHC Manopad,Government-DPH,Jogulamba Gadwal,Manopadu,-,Dr Syed Irshad (9640949141); Dr Shashi Kiran (9989806092),S1 - General Surgery; S2 - Ent Surgery; S3 - Ophthalmology Surgery; S4 - Gynaecology And Obstetrics Surgery; S5 - Orthopedic Surgery And Procedures; S6 - Surgical Gastro Enterology; S7 - Cardiac And Cardiothoracic Surgery; S8 - Pediatric Surgeries; S9 - Genito Urinary Surgeries; S10 - Neurosurgery; S11 - Surgical Oncology; S14 - Plastic Surgery; S15 - Poly Trauma; S16 - Cochlear Implant Surgery; S17 - Prostheses; S20 - Unspecified Surgical Package; M1 - Critical Care; M2 - General Medicine; M3 - Infectious Diseases; M4 - Pediatrics; M5 - Cardiology; M6 - Nephrology; M7 - Neurology; M8 - Pulmonology; M9 - Dermatology; M10 - Rheumatology; M11 - Endocrinology; M12 - Gastroenterology; M14 - Thalassemia; M15 - Medical Oncology; M16 - Radiation Oncology
642,PHC Markook,Government-DPH,Siddipet,Markook,-,Dr D Ravikumar (9393088855),S1 - General Surgery; S2 - Ent Surgery; S3 - Ophthalmology Surgery; S4 - Gynaecology And Obstetrics Surgery; S5 - Orthopedic Surgery And Procedures; S6 - Surgical Gastro Enterology; S7 - Cardiac And Cardiothoracic Surgery; S8 - Pediatric Surgeries; S9 - Genito Urinary Surgeries; S10 - Neurosurgery; S11 - Surgical Oncology; S14 - Plastic Surgery; S15 - Poly Trauma; S16 - Cochlear Implant Surgery; S17 - Prostheses; S20 - Unspecified Surgical Package; M1 - Critical Care; M2 - General Medicine; M3 - Infectious Diseases; M4 - Pediatrics; M5 - Cardiology; M6 - Nephrology; M7 - Neurology; M8 - Pulmonology; M9 - Dermatology; M10 - Rheumatology; M11 - Endocrinology; M12 - Gastroenterology; M14 - Thalassemia; M15 - Medical Oncology; M16 - Radiation Oncology
643,PHC Mathmal,Government-DPH,Kamareddy,Yellareddy,Yellareddy,Dr.G.Venkatswamy (9652724217),S1 - General Surgery; S2 - Ent Surgery; S3 - Ophthalmology Surgery; S4 - Gynaecology And Obstetrics Surgery; S5 - Orthopedic Surgery And Procedures; S6 - Surgical Gastro Enterology; S7 - Cardiac And Cardiothoracic Surgery; S8 - Pediatric Surgeries; S9 - Genito Urinary Surgeries; S10 - Neurosurgery; S11 - Surgical Oncology; S14 - Plastic Surgery; S15 - Poly Trauma; S16 - Cochlear Implant Surgery; S17 - Prostheses; S20 - Unspecified Surgical Package; M1 - Critical Care; M2 - General Medicine; M3 - Infectious Diseases; M4 - Pediatrics; M5 - Cardiology; M6 - Nephrology; M7 - Neurology; M8 - Pulmonology; M9 - Dermatology; M10 - Rheumatology; M11 - Endocrinology; M12 - Gastroenterology; M14 - Thalassemia; M15 - Medical Oncology; M16 - Radiation Oncology
644,PHC Mattampally,Government-DPH,Suryapet,Mattam Pally,-,Dr.Sk.Firoj (7893462790),S1 - General Surgery; S2 - Ent Surgery; S3 - Ophthalmology Surgery; S4 - Gynaecology And Obstetrics Surgery; S5 - Orthopedic Surgery And Procedures; S6 - Surgical Gastro Enterology; S7 - Cardiac And Cardiothoracic Surgery; S8 - Pediatric Surgeries; S9 - Genito Urinary Surgeries; S10 - Neurosurgery; S11 - Surgical Oncology; S14 - Plastic Surgery; S15 - Poly Trauma; S16 - Cochlear Implant Surgery; S17 - Prostheses; S20 - Unspecified Surgical Package; M1 - Critical Care; M2 - General Medicine; M3 - Infectious Diseases; M4 - Pediatrics; M5 - Cardiology; M6 - Nephrology; M7 - Neurology; M8 - Pulmonology; M9 - Dermatology; M10 - Rheumatology; M11 - Endocrinology; M12 - Gastroenterology; M14 - Thalassemia; M15 - Medical Oncology; M16 - Radiation Oncology
645,PHC Medapally,Government-DPH,Warangal,Nalla Belli,-,Dr.K.Shashi Kumar (9603960342),S1 - General Surgery; S2 - Ent Surgery; S3 - Ophthalmology Surgery; S4 - Gynaecology And Obstetrics Surgery; S5 - Orthopedic Surgery And Procedures; S6 - Surgical Gastro Enterology; S7 - Cardiac And Cardiothoracic Surgery; S8 - Pediatric Surgeries; S9 - Genito Urinary Surgeries; S10 - Neurosurgery; S11 - Surgical Oncology; S14 - Plastic Surgery; S15 - Poly Trauma; S16 - Cochlear Implant Surgery; S17 - Prostheses; S20 - Unspecified Surgical Package; M1 - Critical Care; M2 - General Medicine; M3 - Infectious Diseases; M4 - Pediatrics; M5 - Cardiology; M6 - Nephrology; M7 - Neurology; M8 - Pulmonology; M9 - Dermatology; M10 - Rheumatology; M11 - Endocrinology; M12 - Gastroenterology; M14 - Thalassemia; M15 - Medical Oncology; M16 - Radiation Oncology
646,PHC Medipalli,Government-DPH,Jagtial,Medipalli,-,Dr.N.Srinivas (9849553322); Dr Praveen Chandra (9849553322),S1 - General Surgery; S2 - Ent Surgery; S3 - Ophthalmology Surgery; S4 - Gynaecology And Obstetrics Surgery; S5 - Orthopedic Surgery And Procedures; S6 - Surgical Gastro Enterology; S7 - Cardiac And Cardiothoracic Surgery; S8 - Pediatric Surgeries; S9 - Genito Urinary Surgeries; S10 - Neurosurgery; S11 - Surgical Oncology; S14 - Plastic Surgery; S15 - Poly Trauma; S16 - Cochlear Implant Surgery; S17 - Prostheses; S20 - Unspecified Surgical Package; M1 - Critical Care; M2 - General Medicine; M3 - Infectious Diseases; M4 - Pediatrics; M5 - Cardiology; M6 - Nephrology; M7 - Neurology; M8 - Pulmonology; M9 - Dermatology; M10 - Rheumatology; M11 - Endocrinology; M12 - Gastroenterology; M14 - Thalassemia; M15 - Medical Oncology; M16 - Radiation Oncology
647,PHC Mellachervu,Government-DPH,Suryapet,Mella Chervu,-,Dr.T.Premsingh (9010481112); Dr.P.Rajkumar (9700072133),S1 - General Surgery; S2 - Ent Surgery; S3 - Ophthalmology Surgery; S4 - Gynaecology And Obstetrics Surgery; S5 - Orthopedic Surgery And Procedures; S6 - Surgical Gastro Enterology; S7 - Cardiac And Cardiothoracic Surgery; S8 - Pediatric Surgeries; S9 - Genito Urinary Surgeries; S10 - Neurosurgery; S11 - Surgical Oncology; S14 - Plastic Surgery; S15 - Poly Trauma; S16 - Cochlear Implant Surgery; S17 - Prostheses; S20 - Unspecified Surgical Package; M1 - Critical Care; M2 - General Medicine; M3 - Infectious Diseases; M4 - Pediatrics; M5 - Cardiology; M6 - Nephrology; M7 - Neurology; M8 - Pulmonology; M9 - Dermatology; M10 - Rheumatology; M11 - Endocrinology; M12 - Gastroenterology; M14 - Thalassemia; M15 - Medical Oncology; M16 - Radiation Oncology
648,PHC Mendora,Government-DPH,Nizamabad,Mendora,-,Dr.K.Nayana Reddy (9848447388); Dr Pranava (7337561788),S1 - General Surgery; S2 - Ent Surgery; S3 - Ophthalmology Surgery; S4 - Gynaecology And Obstetrics Surgery; S5 - Orthopedic Surgery And Procedures; S6 - Surgical Gastro Enterology; S7 - Cardiac And Cardiothoracic Surgery; S8 - Pediatric Surgeries; S9 - Genito Urinary Surgeries; S10 - Neurosurgery; S11 - Surgical Oncology; S14 - Plastic Surgery; S15 - Poly Trauma; S16 - Cochlear Implant Surgery; S17 - Prostheses; S20 - Unspecified Surgical Package; M1 - Critical Care; M2 - General Medicine; M3 - Infectious Diseases; M4 - Pediatrics; M5 - Cardiology; M6 - Nephrology; M7 - Neurology; M8 - Pulmonology; M9 - Dermatology; M10 - Rheumatology; M11 - Endocrinology; M12 - Gastroenterology; M14 - Thalassemia; M15 - Medical Oncology; M16 - Radiation Oncology
649,PHC Midijil,Government-DPH,Mahabubnagar,Midjil,-,Dr.Vamshi Priya (9985644854),S1 - General Surgery; S2 - Ent Surgery; S3 - Ophthalmology Surgery; S4 - Gynaecology And Obstetrics Surgery; S5 - Orthopedic Surgery And Procedures; S6 - Surgical Gastro Enterology; S7 - Cardiac And Cardiothoracic Surgery; S8 - Pediatric Surgeries; S9 - Genito Urinary Surgeries; S10 - Neurosurgery; S11 - Surgical Oncology; S14 - Plastic Surgery; S15 - Poly Trauma; S16 - Cochlear Implant Surgery; S17 - Prostheses; S20 - Unspecified Surgical Package; M1 - Critical Care; M2 - General Medicine; M3 - Infectious Diseases; M4 - Pediatrics; M5 - Cardiology; M6 - Nephrology; M7 - Neurology; M8 - Pulmonology; M9 - Dermatology; M10 - Rheumatology; M11 - Endocrinology; M12 - Gastroenterology; M14 - Thalassemia; M15 - Medical Oncology; M16 - Radiation Oncology
650,PHC Mirdoddi,Government-DPH,Siddipet,Mirdoddi,-,Dr.K.Mallikarjun (9885614618),S1 - General Surgery; S2 - Ent Surgery; S3 - Ophthalmology Surgery; S4 - Gynaecology And Obstetrics Surgery; S5 - Orthopedic Surgery And Procedures; S6 - Surgical Gastro Enterology; S7 - Cardiac And Cardiothoracic Surgery; S8 - Pediatric Surgeries; S9 - Genito Urinary Surgeries; S10 - Neurosurgery; S11 - Surgical Oncology; S14 - Plastic Surgery; S15 - Poly Trauma; S16 - Cochlear Implant Surgery; S17 - Prostheses; S20 - Unspecified Surgical Package; M1 - Critical Care; M2 - General Medicine; M3 - Infectious Diseases; M4 - Pediatrics; M5 - Cardiology; M6 - Nephrology; M7 - Neurology; M8 - Pulmonology; M9 - Dermatology; M10 - Rheumatology; M11 - Endocrinology; M12 - Gastroenterology; M14 - Thalassemia; M15 - Medical Oncology; M16 - Radiation Oncology
651,PHC Mirzapur,Government-DPH,Sangareddy,Nyalkal,-,Dr M Prashanthi (9959001154),S1 - General Surgery; S2 - Ent Surgery; S3 - Ophthalmology Surgery; S4 - Gynaecology And Obstetrics Surgery; S5 - Orthopedic Surgery And Procedures; S6 - Surgical Gastro Enterology; S7 - Cardiac And Cardiothoracic Surgery; S8 - Pediatric Surgeries; S9 - Genito Urinary Surgeries; S10 - Neurosurgery; S11 - Surgical Oncology; S14 - Plastic Surgery; S15 - Poly Trauma; S16 - Cochlear Implant Surgery; S17 - Prostheses; S20 - Unspecified Surgical Package; M1 - Critical Care; M2 - General Medicine; M3 - Infectious Diseases; M4 - Pediatrics; M5 - Cardiology; M6 - Nephrology; M7 - Neurology; M8 - Pulmonology; M9 - Dermatology; M10 - Rheumatology; M11 - Endocrinology; M12 - Gastroenterology; M14 - Thalassemia; M15 - Medical Oncology; M16 - Radiation Oncology
652,PHC Mogudampally,Government-DPH,Sangareddy,Mogudampally,-,Dr.Prashanthi (9959001154); Dr.Narender (9603910707),S1 - General Surgery; S2 - Ent Surgery; S3 - Ophthalmology Surgery; S4 - Gynaecology And Obstetrics Surgery; S5 - Orthopedic Surgery And Procedures; S6 - Surgical Gastro Enterology; S7 - Cardiac And Cardiothoracic Surgery; S8 - Pediatric Surgeries; S9 - Genito Urinary Surgeries; S10 - Neurosurgery; S11 - Surgical Oncology; S14 - Plastic Surgery; S15 - Poly Trauma; S16 - Cochlear Implant Surgery; S17 - Prostheses; S20 - Unspecified Surgical Package; M1 - Critical Care; M2 - General Medicine; M3 - Infectious Diseases; M4 - Pediatrics; M5 - Cardiology; M6 - Nephrology; M7 - Neurology; M8 - Pulmonology; M9 - Dermatology; M10 - Rheumatology; M11 - Endocrinology; M12 - Gastroenterology; M14 - Thalassemia; M15 - Medical Oncology; M16 - Radiation Oncology
653,PHC Mogullapally,Government-DPH,Jayashankar Bhoopalpally,Mogullapalle,-,Dr. Bochu Jayapal (8008806487),S1 - General Surgery; S2 - Ent Surgery; S3 - Ophthalmology Surgery; S4 - Gynaecology And Obstetrics Surgery; S5 - Orthopedic Surgery And Procedures; S6 - Surgical Gastro Enterology; S7 - Cardiac And Cardiothoracic Surgery; S8 - Pediatric Surgeries; S9 - Genito Urinary Surgeries; S10 - Neurosurgery; S11 - Surgical Oncology; S14 - Plastic Surgery; S15 - Poly Trauma; S16 - Cochlear Implant Surgery; S17 - Prostheses; S20 - Unspecified Surgical Package; M1 - Critical Care; M2 - General Medicine; M3 - Infectious Diseases; M4 - Pediatrics; M5 - Cardiology; M6 - Nephrology; M7 - Neurology; M8 - Pulmonology; M9 - Dermatology; M10 - Rheumatology; M11 - Endocrinology; M12 - Gastroenterology; M14 - Thalassemia; M15 - Medical Oncology; M16 - Radiation Oncology
654,PHC Mohammadbad,Government-DPH,Mahabubnagar,Gandeed,-,Dr.Swetha (7995440545),S1 - General Surgery; S2 - Ent Surgery; S3 - Ophthalmology Surgery; S4 - Gynaecology And Obstetrics Surgery; S5 - Orthopedic Surgery And Procedures; S6 - Surgical Gastro Enterology; S7 - Cardiac And Cardiothoracic Surgery; S8 - Pediatric Surgeries; S9 - Genito Urinary Surgeries; S10 - Neurosurgery; S11 - Surgical Oncology; S14 - Plastic Surgery; S15 - Poly Trauma; S16 - Cochlear Implant Surgery; S17 - Prostheses; S20 - Unspecified Surgical Package; M1 - Critical Care; M2 - General Medicine; M3 - Infectious Diseases; M4 - Pediatrics; M5 - Cardiology; M6 - Nephrology; M7 - Neurology; M8 - Pulmonology; M9 - Dermatology; M10 - Rheumatology; M11 - Endocrinology; M12 - Gastroenterology; M14 - Thalassemia; M15 - Medical Oncology; M16 - Radiation Oncology
655,PHC Moinabad,Government-DPH,Rangareddy,Moinabad,-,Dr.S.J.Phebe (9490934105); Dr.Sirisha (8522086318),S1 - General Surgery; S2 - Ent Surgery; S3 - Ophthalmology Surgery; S4 - Gynaecology And Obstetrics Surgery; S5 - Orthopedic Surgery And Procedures; S6 - Surgical Gastro Enterology; S7 - Cardiac And Cardiothoracic Surgery; S8 - Pediatric Surgeries; S9 - Genito Urinary Surgeries; S10 - Neurosurgery; S11 - Surgical Oncology; S14 - Plastic Surgery; S15 - Poly Trauma; S16 - Cochlear Implant Surgery; S17 - Prostheses; S20 - Unspecified Surgical Package; M1 - Critical Care; M2 - General Medicine; M3 - Infectious Diseases; M4 - Pediatrics; M5 - Cardiology; M6 - Nephrology; M7 - Neurology; M8 - Pulmonology; M9 - Dermatology; M10 - Rheumatology; M11 - Endocrinology; M12 - Gastroenterology; M14 - Thalassemia; M15 - Medical Oncology; M16 - Radiation Oncology
656,PHC Mominpet,Government-DPH,Vikarabad,Mominpet,-,Dr. Md. Juberia Tabassum (6303168415),S1 - General Surgery; S2 - Ent Surgery; S3 - Ophthalmology Surgery; S4 - Gynaecology And Obstetrics Surgery; S5 - Orthopedic Surgery And Procedures; S6 - Surgical Gastro Enterology; S7 - Cardiac And Cardiothoracic Surgery; S8 - Pediatric Surgeries; S9 - Genito Urinary Surgeries; S10 - Neurosurgery; S11 - Surgical Oncology; S14 - Plastic Surgery; S15 - Poly Trauma; S16 - Cochlear Implant Surgery; S17 - Prostheses; S20 - Unspecified Surgical Package; M1 - Critical Care; M2 - General Medicine; M3 - Infectious Diseases; M4 - Pediatrics; M5 - Cardiology; M6 - Nephrology; M7 - Neurology; M8 - Pulmonology; M9 - Dermatology; M10 - Rheumatology; M11 - Endocrinology; M12 - Gastroenterology; M14 - Thalassemia; M15 - Medical Oncology; M16 - Radiation Oncology
657,PHC Mosra,Government-DPH,Nizamabad,Mosara,-,Dr.P.Madhusudhan (9603467439),S1 - General Surgery; S2 - Ent Surgery; S3 - Ophthalmology Surgery; S4 - Gynaecology And Obstetrics Surgery; S5 - Orthopedic Surgery And Procedures; S6 - Surgical Gastro Enterology; S7 - Cardiac And Cardiothoracic Surgery; S8 - Pediatric Surgeries; S9 - Genito Urinary Surgeries; S10 - Neurosurgery; S11 - Surgical Oncology; S14 - Plastic Surgery; S15 - Poly Trauma; S16 - Cochlear Implant Surgery; S17 - Prostheses; S20 - Unspecified Surgical Package; M1 - Critical Care; M2 - General Medicine; M3 - Infectious Diseases; M4 - Pediatrics; M5 - Cardiology; M6 - Nephrology; M7 - Neurology; M8 - Pulmonology; M9 - Dermatology; M10 - Rheumatology; M11 - Endocrinology; M12 - Gastroenterology; M14 - Thalassemia; M15 - Medical Oncology; M16 - Radiation Oncology
658,PHC Motakondur,Government-DPH,Yadadri Bhuvanagiri,Motakonduru,-,Dr. Rajender (8341132053),S1 - General Surgery; S2 - Ent Surgery; S3 - Ophthalmology Surgery; S4 - Gynaecology And Obstetrics Surgery; S5 - Orthopedic Surgery And Procedures; S6 - Surgical Gastro Enterology; S7 - Cardiac And Cardiothoracic Surgery; S8 - Pediatric Surgeries; S9 - Genito Urinary Surgeries; S10 - Neurosurgery; S11 - Surgical Oncology; S14 - Plastic Surgery; S15 - Poly Trauma; S16 - Cochlear Implant Surgery; S17 - Prostheses; S20 - Unspecified Surgical Package; M1 - Critical Care; M2 - General Medicine; M3 - Infectious Diseases; M4 - Pediatrics; M5 - Cardiology; M6 - Nephrology; M7 - Neurology; M8 - Pulmonology; M9 - Dermatology; M10 - Rheumatology; M11 - Endocrinology; M12 - Gastroenterology; M14 - Thalassemia; M15 - Medical Oncology; M16 - Radiation Oncology
659,PHC Mothey,Government-DPH,Suryapet,Mothey,-,Dr Nazia Tabassum (7989143490); Dr Shivaprasad (9705939999),S1 - General Surgery; S2 - Ent Surgery; S3 - Ophthalmology Surgery; S4 - Gynaecology And Obstetrics Surgery; S5 - Orthopedic Surgery And Procedures; S6 - Surgical Gastro Enterology; S7 - Cardiac And Cardiothoracic Surgery; S8 - Pediatric Surgeries; S9 - Genito Urinary Surgeries; S10 - Neurosurgery; S11 - Surgical Oncology; S14 - Plastic Surgery; S15 - Poly Trauma; S16 - Cochlear Implant Surgery; S17 - Prostheses; S20 - Unspecified Surgical Package; M1 - Critical Care; M2 - General Medicine; M3 - Infectious Diseases; M4 - Pediatrics; M5 - Cardiology; M6 - Nephrology; M7 - Neurology; M8 - Pulmonology; M9 - Dermatology; M10 - Rheumatology; M11 - Endocrinology; M12 - Gastroenterology; M14 - Thalassemia; M15 - Medical Oncology; M16 - Radiation Oncology
660,PHC Mothkur,Government-DPH,Yadadri Bhuvanagiri,Mothkur,Mothkur,Dr.Chaityna Kumar (8096886908),S1 - General Surgery; S2 - Ent Surgery; S3 - Ophthalmology Surgery; S4 - Gynaecology And Obstetrics Surgery; S5 - Orthopedic Surgery And Procedures; S6 - Surgical Gastro Enterology; S7 - Cardiac And Cardiothoracic Surgery; S8 - Pediatric Surgeries; S9 - Genito Urinary Surgeries; S10 - Neurosurgery; S11 - Surgical Oncology; S14 - Plastic Surgery; S15 - Poly Trauma; S16 - Cochlear Implant Surgery; S17 - Prostheses; S20 - Unspecified Surgical Package; M1 - Critical Care; M2 - General Medicine; M3 - Infectious Diseases; M4 - Pediatrics; M5 - Cardiology; M6 - Nephrology; M7 - Neurology; M8 - Pulmonology; M9 - Dermatology; M10 - Rheumatology; M11 - Endocrinology; M12 - Gastroenterology; M14 - Thalassemia; M15 - Medical Oncology; M16 - Radiation Oncology
661,PHC Muchkur,Government-DPH,Nizamabad,Bheemgal,-,Dr Ajay Pawar (),S1 - General Surgery; S2 - Ent Surgery; S3 - Ophthalmology Surgery; S4 - Gynaecology And Obstetrics Surgery; S5 - Orthopedic Surgery And Procedures; S6 - Surgical Gastro Enterology; S7 - Cardiac And Cardiothoracic Surgery; S8 - Pediatric Surgeries; S9 - Genito Urinary Surgeries; S10 - Neurosurgery; S11 - Surgical Oncology; S14 - Plastic Surgery; S15 - Poly Trauma; S16 - Cochlear Implant Surgery; S17 - Prostheses; M1 - Critical Care; M2 - General Medicine; M3 - Infectious Diseases; M4 - Pediatrics; M5 - Cardiology; M6 - Nephrology; M7 - Neurology; M8 - Pulmonology; M9 - Dermatology; M10 - Rheumatology; M11 - Endocrinology; M12 - Gastroenterology; M14 - Thalassemia; S19.1 - Liver Transplantation Surgery; S19.2 - Heart Transplantation Surgery; S19.3 - Renal Transplantation Surgery; S19.4 - Lung Transplantation Surgery; S19.5 - Allogenic Stem Cell Transplantation; S19.6 - Autologous Stem Cell Transplantation; S19.7 - Heart And Lung Transplantation Surgery; M15 - Medical Oncology; M16 - Radiation Oncology
662,PHC Mudakpally,Government-DPH,Nizamabad,Mupkal,Nizamabad,Dr.G.Naveen Kumar (9441813135),S1 - General Surgery; S2 - Ent Surgery; S3 - Ophthalmology Surgery; S4 - Gynaecology And Obstetrics Surgery; S5 - Orthopedic Surgery And Procedures; S6 - Surgical Gastro Enterology; S7 - Cardiac And Cardiothoracic Surgery; S8 - Pediatric Surgeries; S9 - Genito Urinary Surgeries; S10 - Neurosurgery; S11 - Surgical Oncology; S14 - Plastic Surgery; S15 - Poly Trauma; S16 - Cochlear Implant Surgery; S17 - Prostheses; S20 - Unspecified Surgical Package; M1 - Critical Care; M2 - General Medicine; M3 - Infectious Diseases; M4 - Pediatrics; M5 - Cardiology; M6 - Nephrology; M7 - Neurology; M8 - Pulmonology; M9 - Dermatology; M10 - Rheumatology; M11 - Endocrinology; M12 - Gastroenterology; M14 - Thalassemia; M15 - Medical Oncology; M16 - Radiation Oncology
663,PHC Mudchintallpally,Government,Medchal-Malkajgiri,Muduchinthalapally,-,Dr. Damayanthi (8639240773),S1 - General Surgery; S2 - Ent Surgery; S3 - Ophthalmology Surgery; S4 - Gynaecology And Obstetrics Surgery; S5 - Orthopedic Surgery And Procedures; S6 - Surgical Gastro Enterology; S7 - Cardiac And Cardiothoracic Surgery; S8 - Pediatric Surgeries; S9 - Genito Urinary Surgeries; S10 - Neurosurgery; S11 - Surgical Oncology; S14 - Plastic Surgery; S15 - Poly Trauma; S16 - Cochlear Implant Surgery; S17 - Prostheses; S20 - Unspecified Surgical Package; M1 - Critical Care; M2 - General Medicine; M3 - Infectious Diseases; M4 - Pediatrics; M5 - Cardiology; M6 - Nephrology; M7 - Neurology; M8 - Pulmonology; M9 - Dermatology; M10 - Rheumatology; M11 - Endocrinology; M12 - Gastroenterology; M14 - Thalassemia; M15 - Medical Oncology; M16 - Radiation Oncology
664,PHC Mudigonda,Government-DPH,Khammam,Mudigonda,-,Dr Arshida Begum (9703617576),S1 - General Surgery; S2 - Ent Surgery; S3 - Ophthalmology Surgery; S4 - Gynaecology And Obstetrics Surgery; S5 - Orthopedic Surgery And Procedures; S6 - Surgical Gastro Enterology; S7 - Cardiac And Cardiothoracic Surgery; S8 - Pediatric Surgeries; S9 - Genito Urinary Surgeries; S10 - Neurosurgery; S11 - Surgical Oncology; S14 - Plastic Surgery; S15 - Poly Trauma; S16 - Cochlear Implant Surgery; S17 - Prostheses; S20 - Unspecified Surgical Package; M1 - Critical Care; M2 - General Medicine; M3 - Infectious Diseases; M4 - Pediatrics; M5 - Cardiology; M6 - Nephrology; M7 - Neurology; M8 - Pulmonology; M9 - Dermatology; M10 - Rheumatology; M11 - Endocrinology; M12 - Gastroenterology; M14 - Thalassemia; M15 - Medical Oncology; M16 - Radiation Oncology
665,PHC Mulkanoor,Government-DPH,Mahabubabad,Garla,-,Dr.M.Rajendra Prasad (),S1 - General Surgery; S2 - Ent Surgery; S3 - Ophthalmology Surgery; S4 - Gynaecology And Obstetrics Surgery; S5 - Orthopedic Surgery And Procedures; S6 - Surgical Gastro Enterology; S7 - Cardiac And Cardiothoracic Surgery; S8 - Pediatric Surgeries; S9 - Genito Urinary Surgeries; S10 - Neurosurgery; S11 - Surgical Oncology; S14 - Plastic Surgery; S15 - Poly Trauma; S16 - Cochlear Implant Surgery; S17 - Prostheses; M1 - Critical Care; M2 - General Medicine; M3 - Infectious Diseases; M4 - Pediatrics; M5 - Cardiology; M6 - Nephrology; M7 - Neurology; M8 - Pulmonology; M9 - Dermatology; M10 - Rheumatology; M11 - Endocrinology; M12 - Gastroenterology; M14 - Thalassemia; S19.1 - Liver Transplantation Surgery; S19.2 - Heart Transplantation Surgery; S19.3 - Renal Transplantation Surgery; S19.4 - Lung Transplantation Surgery; S19.5 - Allogenic Stem Cell Transplantation; S19.6 - Autologous Stem Cell Transplantation; S19.7 - Heart And Lung Transplantation Surgery; M15 - Medical Oncology; M16 - Radiation Oncology
666,PHC Mulkanur,Government-DPH,Hanumakonda,Bheemadevarapalli,-,Dr Srinivas (9948581023),S1 - General Surgery; S2 - Ent Surgery; S3 - Ophthalmology Surgery; S4 - Gynaecology And Obstetrics Surgery; S5 - Orthopedic Surgery And Procedures; S6 - Surgical Gastro Enterology; S7 - Cardiac And Cardiothoracic Surgery; S8 - Pediatric Surgeries; S9 - Genito Urinary Surgeries; S10 - Neurosurgery; S11 - Surgical Oncology; S14 - Plastic Surgery; S15 - Poly Trauma; S16 - Cochlear Implant Surgery; S17 - Prostheses; S20 - Unspecified Surgical Package; M1 - Critical Care; M2 - General Medicine; M3 - Infectious Diseases; M4 - Pediatrics; M5 - Cardiology; M6 - Nephrology; M7 - Neurology; M8 - Pulmonology; M9 - Dermatology; M10 - Rheumatology; M11 - Endocrinology; M12 - Gastroenterology; M14 - Thalassemia; M15 - Medical Oncology; M16 - Radiation Oncology
667,PHC Mulugu,Government-DPH,Siddipet,Wargal,-,P.Haritha (9866673168),S1 - General Surgery; S2 - Ent Surgery; S3 - Ophthalmology Surgery; S4 - Gynaecology And Obstetrics Surgery; S5 - Orthopedic Surgery And Procedures; S6 - Surgical Gastro Enterology; S7 - Cardiac And Cardiothoracic Surgery; S8 - Pediatric Surgeries; S9 - Genito Urinary Surgeries; S10 - Neurosurgery; S11 - Surgical Oncology; S14 - Plastic Surgery; S15 - Poly Trauma; S16 - Cochlear Implant Surgery; S17 - Prostheses; S20 - Unspecified Surgical Package; M1 - Critical Care; M2 - General Medicine; M3 - Infectious Diseases; M4 - Pediatrics; M5 - Cardiology; M6 - Nephrology; M7 - Neurology; M8 - Pulmonology; M9 - Dermatology; M10 - Rheumatology; M11 - Endocrinology; M12 - Gastroenterology; M14 - Thalassemia; M15 - Medical Oncology; M16 - Radiation Oncology
668,PHC Munagala,Government-DPH,Suryapet,Munagala,-,Dr Yada Ramesh (9989616396),S1 - General Surgery; S2 - Ent Surgery; S3 - Ophthalmology Surgery; S4 - Gynaecology And Obstetrics Surgery; S5 - Orthopedic Surgery And Procedures; S6 - Surgical Gastro Enterology; S7 - Cardiac And Cardiothoracic Surgery; S8 - Pediatric Surgeries; S9 - Genito Urinary Surgeries; S10 - Neurosurgery; S11 - Surgical Oncology; S14 - Plastic Surgery; S15 - Poly Trauma; S16 - Cochlear Implant Surgery; S17 - Prostheses; S20 - Unspecified Surgical Package; M1 - Critical Care; M2 - General Medicine; M3 - Infectious Diseases; M4 - Pediatrics; M5 - Cardiology; M6 - Nephrology; M7 - Neurology; M8 - Pulmonology; M9 - Dermatology; M10 - Rheumatology; M11 - Endocrinology; M12 - Gastroenterology; M14 - Thalassemia; M15 - Medical Oncology; M16 - Radiation Oncology
669,PHC Munipally,Government-DPH,Sangareddy,Munipally,-,Dr.Shirisha (9705213374),S1 - General Surgery; S2 - Ent Surgery; S3 - Ophthalmology Surgery; S4 - Gynaecology And Obstetrics Surgery; S5 - Orthopedic Surgery And Procedures; S6 - Surgical Gastro Enterology; S7 - Cardiac And Cardiothoracic Surgery; S8 - Pediatric Surgeries; S9 - Genito Urinary Surgeries; S10 - Neurosurgery; S11 - Surgical Oncology; S14 - Plastic Surgery; S15 - Poly Trauma; S16 - Cochlear Implant Surgery; S17 - Prostheses; S20 - Unspecified Surgical Package; M1 - Critical Care; M2 - General Medicine; M3 - Infectious Diseases; M4 - Pediatrics; M5 - Cardiology; M6 - Nephrology; M7 - Neurology; M8 - Pulmonology; M9 - Dermatology; M10 - Rheumatology; M11 - Endocrinology; M12 - Gastroenterology; M14 - Thalassemia; M15 - Medical Oncology; M16 - Radiation Oncology
670,PHC Munipampula,Government-DPH,Yadadri Bhuvanagiri,Ramannapeta,-,Dr.E Venkatesham (9618161973),S1 - General Surgery; S2 - Ent Surgery; S3 - Ophthalmology Surgery; S4 - Gynaecology And Obstetrics Surgery; S5 - Orthopedic Surgery And Procedures; S6 - Surgical Gastro Enterology; S7 - Cardiac And Cardiothoracic Surgery; S8 - Pediatric Surgeries; S9 - Genito Urinary Surgeries; S10 - Neurosurgery; S11 - Surgical Oncology; S14 - Plastic Surgery; S15 - Poly Trauma; S16 - Cochlear Implant Surgery; S17 - Prostheses; S20 - Unspecified Surgical Package; M1 - Critical Care; M2 - General Medicine; M3 - Infectious Diseases; M4 - Pediatrics; M5 - Cardiology; M6 - Nephrology; M7 - Neurology; M8 - Pulmonology; M9 - Dermatology; M10 - Rheumatology; M11 - Endocrinology; M12 - Gastroenterology; M14 - Thalassemia; M15 - Medical Oncology; M16 - Radiation Oncology
671,PHC Mutharam(MNT),Government-DPH,Peddapalli,Mutharam (Manthani),-,Dr A.Shankara Devi (9160305534); Dr.E.Vamshi Krishna (7013337814),S1 - General Surgery; S2 - Ent Surgery; S3 - Ophthalmology Surgery; S4 - Gynaecology And Obstetrics Surgery; S5 - Orthopedic Surgery And Procedures; S6 - Surgical Gastro Enterology; S7 - Cardiac And Cardiothoracic Surgery; S8 - Pediatric Surgeries; S9 - Genito Urinary Surgeries; S10 - Neurosurgery; S11 - Surgical Oncology; S14 - Plastic Surgery; S15 - Poly Trauma; S16 - Cochlear Implant Surgery; S17 - Prostheses; S20 - Unspecified Surgical Package; M1 - Critical Care; M2 - General Medicine; M3 - Infectious Diseases; M4 - Pediatrics; M5 - Cardiology; M6 - Nephrology; M7 - Neurology; M8 - Pulmonology; M9 - Dermatology; M10 - Rheumatology; M11 - Endocrinology; M12 - Gastroenterology; M14 - Thalassemia; M15 - Medical Oncology; M16 - Radiation Oncology
672,PHC Nagaram,Government-DPH,Suryapet,Nagaram,-,Dr.Murali Krishna (9052221010); Dr.Mohan (9704972412),S1 - General Surgery; S2 - Ent Surgery; S3 - Ophthalmology Surgery; S4 - Gynaecology And Obstetrics Surgery; S5 - Orthopedic Surgery And Procedures; S6 - Surgical Gastro Enterology; S7 - Cardiac And Cardiothoracic Surgery; S8 - Pediatric Surgeries; S9 - Genito Urinary Surgeries; S10 - Neurosurgery; S11 - Surgical Oncology; S14 - Plastic Surgery; S15 - Poly Trauma; S16 - Cochlear Implant Surgery; S17 - Prostheses; S20 - Unspecified Surgical Package; M1 - Critical Care; M2 - General Medicine; M3 - Infectious Diseases; M4 - Pediatrics; M5 - Cardiology; M6 - Nephrology; M7 - Neurology; M8 - Pulmonology; M9 - Dermatology; M10 - Rheumatology; M11 - Endocrinology; M12 - Gastroenterology; M14 - Thalassemia; M15 - Medical Oncology; M16 - Radiation Oncology
673,PHC Nagireddypet,Government-DPH,Kamareddy,Nagireddypet,-,Dr.Sharath Cas (9494714906),S1 - General Surgery; S2 - Ent Surgery; S3 - Ophthalmology Surgery; S4 - Gynaecology And Obstetrics Surgery; S5 - Orthopedic Surgery And Procedures; S6 - Surgical Gastro Enterology; S7 - Cardiac And Cardiothoracic Surgery; S8 - Pediatric Surgeries; S9 - Genito Urinary Surgeries; S10 - Neurosurgery; S11 - Surgical Oncology; S14 - Plastic Surgery; S15 - Poly Trauma; S16 - Cochlear Implant Surgery; S17 - Prostheses; S20 - Unspecified Surgical Package; M1 - Critical Care; M2 - General Medicine; M3 - Infectious Diseases; M4 - Pediatrics; M5 - Cardiology; M6 - Nephrology; M7 - Neurology; M8 - Pulmonology; M9 - Dermatology; M10 - Rheumatology; M11 - Endocrinology; M12 - Gastroenterology; M14 - Thalassemia; M15 - Medical Oncology; M16 - Radiation Oncology
674,PHC Nallabelly,Government-DPH,Warangal,Nalla Belli,-,Dr.G.Mahender Naik (7799994424); Dr.Jayakrishna Rajan (8886966681),S1 - General Surgery; S2 - Ent Surgery; S3 - Ophthalmology Surgery; S4 - Gynaecology And Obstetrics Surgery; S5 - Orthopedic Surgery And Procedures; S6 - Surgical Gastro Enterology; S7 - Cardiac And Cardiothoracic Surgery; S8 - Pediatric Surgeries; S9 - Genito Urinary Surgeries; S10 - Neurosurgery; S11 - Surgical Oncology; S14 - Plastic Surgery; S15 - Poly Trauma; S16 - Cochlear Implant Surgery; S17 - Prostheses; S20 - Unspecified Surgical Package; M1 - Critical Care; M2 - General Medicine; M3 - Infectious Diseases; M4 - Pediatrics; M5 - Cardiology; M6 - Nephrology; M7 - Neurology; M8 - Pulmonology; M9 - Dermatology; M10 - Rheumatology; M11 - Endocrinology; M12 - Gastroenterology; M14 - Thalassemia; M15 - Medical Oncology; M16 - Radiation Oncology
675,PHC Nandigam,Government-DPH,Rangareddy,Kothur,-,Dr.S.Kavitha (9985100050),S1 - General Surgery; S2 - Ent Surgery; S3 - Ophthalmology Surgery; S4 - Gynaecology And Obstetrics Surgery; S5 - Orthopedic Surgery And Procedures; S6 - Surgical Gastro Enterology; S7 - Cardiac And Cardiothoracic Surgery; S8 - Pediatric Surgeries; S9 - Genito Urinary Surgeries; S10 - Neurosurgery; S11 - Surgical Oncology; S14 - Plastic Surgery; S15 - Poly Trauma; S16 - Cochlear Implant Surgery; S17 - Prostheses; S20 - Unspecified Surgical Package; M1 - Critical Care; M2 - General Medicine; M3 - Infectious Diseases; M4 - Pediatrics; M5 - Cardiology; M6 - Nephrology; M7 - Neurology; M8 - Pulmonology; M9 - Dermatology; M10 - Rheumatology; M11 - Endocrinology; M12 - Gastroenterology; M14 - Thalassemia; M15 - Medical Oncology; M16 - Radiation Oncology
676,PHC Nandipet,Government-DPH,Nizamabad,Nandipet,-,Dr.A.Gangareddy (9848375991),S1 - General Surgery; S2 - Ent Surgery; S3 - Ophthalmology Surgery; S4 - Gynaecology And Obstetrics Surgery; S5 - Orthopedic Surgery And Procedures; S6 - Surgical Gastro Enterology; S7 - Cardiac And Cardiothoracic Surgery; S8 - Pediatric Surgeries; S9 - Genito Urinary Surgeries; S10 - Neurosurgery; S11 - Surgical Oncology; S14 - Plastic Surgery; S15 - Poly Trauma; S16 - Cochlear Implant Surgery; S17 - Prostheses; S20 - Unspecified Surgical Package; M1 - Critical Care; M2 - General Medicine; M3 - Infectious Diseases; M4 - Pediatrics; M5 - Cardiology; M6 - Nephrology; M7 - Neurology; M8 - Pulmonology; M9 - Dermatology; M10 - Rheumatology; M11 - Endocrinology; M12 - Gastroenterology; M14 - Thalassemia; M15 - Medical Oncology; M16 - Radiation Oncology
677,PHC Nangnoor,Government-DPH,Siddipet,Nanganoor,-,Dr.T.Radhika (9490015160),S1 - General Surgery; S2 - Ent Surgery; S3 - Ophthalmology Surgery; S4 - Gynaecology And Obstetrics Surgery; S5 - Orthopedic Surgery And Procedures; S6 - Surgical Gastro Enterology; S7 - Cardiac And Cardiothoracic Surgery; S8 - Pediatric Surgeries; S9 - Genito Urinary Surgeries; S10 - Neurosurgery; S11 - Surgical Oncology; S14 - Plastic Surgery; S15 - Poly Trauma; S16 - Cochlear Implant Surgery; S17 - Prostheses; S20 - Unspecified Surgical Package; M1 - Critical Care; M2 - General Medicine; M3 - Infectious Diseases; M4 - Pediatrics; M5 - Cardiology; M6 - Nephrology; M7 - Neurology; M8 - Pulmonology; M9 - Dermatology; M10 - Rheumatology; M11 - Endocrinology; M12 - Gastroenterology; M14 - Thalassemia; M15 - Medical Oncology; M16 - Radiation Oncology
678,PHC Narapally,Government,Medchal-Malkajgiri,Ghatkesar,Ghatkesar,Dr.Yadgiri (9652077297),S1 - General Surgery; S2 - Ent Surgery; S3 - Ophthalmology Surgery; S4 - Gynaecology And Obstetrics Surgery; S5 - Orthopedic Surgery And Procedures; S6 - Surgical Gastro Enterology; S7 - Cardiac And Cardiothoracic Surgery; S8 - Pediatric Surgeries; S9 - Genito Urinary Surgeries; S10 - Neurosurgery; S11 - Surgical Oncology; S14 - Plastic Surgery; S15 - Poly Trauma; S16 - Cochlear Implant Surgery; S17 - Prostheses; S20 - Unspecified Surgical Package; M1 - Critical Care; M2 - General Medicine; M3 - Infectious Diseases; M4 - Pediatrics; M5 - Cardiology; M6 - Nephrology; M7 - Neurology; M8 - Pulmonology; M9 - Dermatology; M10 - Rheumatology; M11 - Endocrinology; M12 - Gastroenterology; M14 - Thalassemia; M15 - Medical Oncology; M16 - Radiation Oncology
679,PHC Narasapuram,Government-DPH,Bhadradri Kothagudem,Cherla,-,Dr. B. Balaji (9493010752),S1 - General Surgery; S2 - Ent Surgery; S3 - Ophthalmology Surgery; S4 - Gynaecology And Obstetrics Surgery; S5 - Orthopedic Surgery And Procedures; S6 - Surgical Gastro Enterology; S7 - Cardiac And Cardiothoracic Surgery; S8 - Pediatric Surgeries; S9 - Genito Urinary Surgeries; S10 - Neurosurgery; S11 - Surgical Oncology; S14 - Plastic Surgery; S15 - Poly Trauma; S16 - Cochlear Implant Surgery; S17 - Prostheses; S20 - Unspecified Surgical Package; M1 - Critical Care; M2 - General Medicine; M3 - Infectious Diseases; M4 - Pediatrics; M5 - Cardiology; M6 - Nephrology; M7 - Neurology; M8 - Pulmonology; M9 - Dermatology; M10 - Rheumatology; M11 - Endocrinology; M12 - Gastroenterology; M14 - Thalassemia; M15 - Medical Oncology; M16 - Radiation Oncology
680,PHC Narayanpur,Government-DPH,Yadadri Bhuvanagiri,Narayanapur,-,Dr.Deepthi (9542620501),S1 - General Surgery; S2 - Ent Surgery; S3 - Ophthalmology Surgery; S4 - Gynaecology And Obstetrics Surgery; S5 - Orthopedic Surgery And Procedures; S6 - Surgical Gastro Enterology; S7 - Cardiac And Cardiothoracic Surgery; S8 - Pediatric Surgeries; S9 - Genito Urinary Surgeries; S10 - Neurosurgery; S11 - Surgical Oncology; S14 - Plastic Surgery; S15 - Poly Trauma; S16 - Cochlear Implant Surgery; S17 - Prostheses; S20 - Unspecified Surgical Package; M1 - Critical Care; M2 - General Medicine; M3 - Infectious Diseases; M4 - Pediatrics; M5 - Cardiology; M6 - Nephrology; M7 - Neurology; M8 - Pulmonology; M9 - Dermatology; M10 - Rheumatology; M11 - Endocrinology; M12 - Gastroenterology; M14 - Thalassemia; M15 - Medical Oncology; M16 - Radiation Oncology
681,PHC Narayanraopet,Government-DPH,Siddipet,Siddipet Urban,-,Dr.Md.Azeemudhin (7036031508),S1 - General Surgery; S2 - Ent Surgery; S3 - Ophthalmology Surgery; S4 - Gynaecology And Obstetrics Surgery; S5 - Orthopedic Surgery And Procedures; S6 - Surgical Gastro Enterology; S7 - Cardiac And Cardiothoracic Surgery; S8 - Pediatric Surgeries; S9 - Genito Urinary Surgeries; S10 - Neurosurgery; S11 - Surgical Oncology; S14 - Plastic Surgery; S15 - Poly Trauma; S16 - Cochlear Implant Surgery; S17 - Prostheses; S20 - Unspecified Surgical Package; M1 - Critical Care; M2 - General Medicine; M3 - Infectious Diseases; M4 - Pediatrics; M5 - Cardiology; M6 - Nephrology; M7 - Neurology; M8 - Pulmonology; M9 - Dermatology; M10 - Rheumatology; M11 - Endocrinology; M12 - Gastroenterology; M14 - Thalassemia; M15 - Medical Oncology; M16 - Radiation Oncology
682,PHC Narkuda,Government-DPH,Rangareddy,Shamshabad,-,Dr Divya Sri (9100003939),S1 - General Surgery; S2 - Ent Surgery; S3 - Ophthalmology Surgery; S4 - Gynaecology And Obstetrics Surgery; S5 - Orthopedic Surgery And Procedures; S6 - Surgical Gastro Enterology; S7 - Cardiac And Cardiothoracic Surgery; S8 - Pediatric Surgeries; S9 - Genito Urinary Surgeries; S10 - Neurosurgery; S11 - Surgical Oncology; S14 - Plastic Surgery; S15 - Poly Trauma; S16 - Cochlear Implant Surgery; S17 - Prostheses; S20 - Unspecified Surgical Package; M1 - Critical Care; M2 - General Medicine; M3 - Infectious Diseases; M4 - Pediatrics; M5 - Cardiology; M6 - Nephrology; M7 - Neurology; M8 - Pulmonology; M9 - Dermatology; M10 - Rheumatology; M11 - Endocrinology; M12 - Gastroenterology; M14 - Thalassemia; M15 - Medical Oncology; M16 - Radiation Oncology
683,PHC Narmetta,Government-DPH,Jangoan,Narmetta,-,Dr.Purna Chander (9989758056); Dr.Moses Raju (8309730837),S1 - General Surgery; S2 - Ent Surgery; S3 - Ophthalmology Surgery; S4 - Gynaecology And Obstetrics Surgery; S5 - Orthopedic Surgery And Procedures; S6 - Surgical Gastro Enterology; S7 - Cardiac And Cardiothoracic Surgery; S8 - Pediatric Surgeries; S9 - Genito Urinary Surgeries; S10 - Neurosurgery; S11 - Surgical Oncology; S14 - Plastic Surgery; S15 - Poly Trauma; S16 - Cochlear Implant Surgery; S17 - Prostheses; S20 - Unspecified Surgical Package; M1 - Critical Care; M2 - General Medicine; M3 - Infectious Diseases; M4 - Pediatrics; M5 - Cardiology; M6 - Nephrology; M7 - Neurology; M8 - Pulmonology; M9 - Dermatology; M10 - Rheumatology; M11 - Endocrinology; M12 - Gastroenterology; M14 - Thalassemia; M15 - Medical Oncology; M16 - Radiation Oncology
684,PHC Narsapur G,Government-DPH,Nirmal,Narsapur G,-,Dr Ashish Reddy (9640190162),S1 - General Surgery; S2 - Ent Surgery; S3 - Ophthalmology Surgery; S4 - Gynaecology And Obstetrics Surgery; S5 - Orthopedic Surgery And Procedures; S6 - Surgical Gastro Enterology; S7 - Cardiac And Cardiothoracic Surgery; S8 - Pediatric Surgeries; S9 - Genito Urinary Surgeries; S10 - Neurosurgery; S11 - Surgical Oncology; S14 - Plastic Surgery; S15 - Poly Trauma; S16 - Cochlear Implant Surgery; S17 - Prostheses; S20 - Unspecified Surgical Package; M1 - Critical Care; M2 - General Medicine; M3 - Infectious Diseases; M4 - Pediatrics; M5 - Cardiology; M6 - Nephrology; M7 - Neurology; M8 - Pulmonology; M9 - Dermatology; M10 - Rheumatology; M11 - Endocrinology; M12 - Gastroenterology; M14 - Thalassemia; M15 - Medical Oncology; M16 - Radiation Oncology
685,PHC Narsinghi,Government-DPH,Medak,Narsingi,-,Dr.Rakesh Singh (9502550027),S1 - General Surgery; S2 - Ent Surgery; S3 - Ophthalmology Surgery; S4 - Gynaecology And Obstetrics Surgery; S5 - Orthopedic Surgery And Procedures; S6 - Surgical Gastro Enterology; S7 - Cardiac And Cardiothoracic Surgery; S8 - Pediatric Surgeries; S9 - Genito Urinary Surgeries; S10 - Neurosurgery; S11 - Surgical Oncology; S14 - Plastic Surgery; S15 - Poly Trauma; S16 - Cochlear Implant Surgery; S17 - Prostheses; S20 - Unspecified Surgical Package; M1 - Critical Care; M2 - General Medicine; M3 - Infectious Diseases; M4 - Pediatrics; M5 - Cardiology; M6 - Nephrology; M7 - Neurology; M8 - Pulmonology; M9 - Dermatology; M10 - Rheumatology; M11 - Endocrinology; M12 - Gastroenterology; M14 - Thalassemia; M15 - Medical Oncology; M16 - Radiation Oncology
686,PHC Naspur,Government-DPH,Mancherial,Naspur,Naspur,Dr. Archana (8074443610),S1 - General Surgery; S2 - Ent Surgery; S3 - Ophthalmology Surgery; S4 - Gynaecology And Obstetrics Surgery; S5 - Orthopedic Surgery And Procedures; S6 - Surgical Gastro Enterology; S7 - Cardiac And Cardiothoracic Surgery; S8 - Pediatric Surgeries; S9 - Genito Urinary Surgeries; S10 - Neurosurgery; S11 - Surgical Oncology; S14 - Plastic Surgery; S15 - Poly Trauma; S16 - Cochlear Implant Surgery; S17 - Prostheses; S20 - Unspecified Surgical Package; M1 - Critical Care; M2 - General Medicine; M3 - Infectious Diseases; M4 - Pediatrics; M5 - Cardiology; M6 - Nephrology; M7 - Neurology; M8 - Pulmonology; M9 - Dermatology; M10 - Rheumatology; M11 - Endocrinology; M12 - Gastroenterology; M14 - Thalassemia; M15 - Medical Oncology; M16 - Radiation Oncology
687,PHC Navalga,Government-DPH,Vikarabad,Basheerabad,-,Dr Sara Masoor (9160584090),S1 - General Surgery; S2 - Ent Surgery; S3 - Ophthalmology Surgery; S4 - Gynaecology And Obstetrics Surgery; S5 - Orthopedic Surgery And Procedures; S6 - Surgical Gastro Enterology; S7 - Cardiac And Cardiothoracic Surgery; S8 - Pediatric Surgeries; S9 - Genito Urinary Surgeries; S10 - Neurosurgery; S11 - Surgical Oncology; S14 - Plastic Surgery; S15 - Poly Trauma; S16 - Cochlear Implant Surgery; S17 - Prostheses; S20 - Unspecified Surgical Package; M1 - Critical Care; M2 - General Medicine; M3 - Infectious Diseases; M4 - Pediatrics; M5 - Cardiology; M6 - Nephrology; M7 - Neurology; M8 - Pulmonology; M9 - Dermatology; M10 - Rheumatology; M11 - Endocrinology; M12 - Gastroenterology; M14 - Thalassemia; M15 - Medical Oncology; M16 - Radiation Oncology
688,PHC Nawabpet,Government-DPH,Mahabubnagar,Nawabpet,-,Dr Vijaya Laxmi (9948035152),S1 - General Surgery; S2 - Ent Surgery; S3 - Ophthalmology Surgery; S4 - Gynaecology And Obstetrics Surgery; S5 - Orthopedic Surgery And Procedures; S6 - Surgical Gastro Enterology; S7 - Cardiac And Cardiothoracic Surgery; S8 - Pediatric Surgeries; S9 - Genito Urinary Surgeries; S10 - Neurosurgery; S11 - Surgical Oncology; S14 - Plastic Surgery; S15 - Poly Trauma; S16 - Cochlear Implant Surgery; S17 - Prostheses; S20 - Unspecified Surgical Package; M1 - Critical Care; M2 - General Medicine; M3 - Infectious Diseases; M4 - Pediatrics; M5 - Cardiology; M6 - Nephrology; M7 - Neurology; M8 - Pulmonology; M9 - Dermatology; M10 - Rheumatology; M11 - Endocrinology; M12 - Gastroenterology; M14 - Thalassemia; M15 - Medical Oncology; M16 - Radiation Oncology
689,PHC Nekkonda,Government-DPH,Warangal,Nekkonda,-,Dr T Ramesh (9704246249),S1 - General Surgery; S2 - Ent Surgery; S3 - Ophthalmology Surgery; S4 - Gynaecology And Obstetrics Surgery; S5 - Orthopedic Surgery And Procedures; S6 - Surgical Gastro Enterology; S7 - Cardiac And Cardiothoracic Surgery; S8 - Pediatric Surgeries; S9 - Genito Urinary Surgeries; S10 - Neurosurgery; S11 - Surgical Oncology; S14 - Plastic Surgery; S15 - Poly Trauma; S16 - Cochlear Implant Surgery; S17 - Prostheses; S20 - Unspecified Surgical Package; M1 - Critical Care; M2 - General Medicine; M3 - Infectious Diseases; M4 - Pediatrics; M5 - Cardiology; M6 - Nephrology; M7 - Neurology; M8 - Pulmonology; M9 - Dermatology; M10 - Rheumatology; M11 - Endocrinology; M12 - Gastroenterology; M14 - Thalassemia; M15 - Medical Oncology; M16 - Radiation Oncology
690,PHC Nelakondapalli,Government-DPH,Khammam,Nelakondapally,-,Dr.Srinivas (),S1 - General Surgery; S2 - Ent Surgery; S3 - Ophthalmology Surgery; S4 - Gynaecology And Obstetrics Surgery; S5 - Orthopedic Surgery And Procedures; S6 - Surgical Gastro Enterology; S7 - Cardiac And Cardiothoracic Surgery; S8 - Pediatric Surgeries; S9 - Genito Urinary Surgeries; S10 - Neurosurgery; S11 - Surgical Oncology; S14 - Plastic Surgery; S15 - Poly Trauma; S16 - Cochlear Implant Surgery; S17 - Prostheses; S20 - Unspecified Surgical Package; M1 - Critical Care; M2 - General Medicine; M3 - Infectious Diseases; M4 - Pediatrics; M5 - Cardiology; M6 - Nephrology; M7 - Neurology; M8 - Pulmonology; M9 - Dermatology; M10 - Rheumatology; M11 - Endocrinology; M12 - Gastroenterology; M14 - Thalassemia; M15 - Medical Oncology; M16 - Radiation Oncology
691,PHC Nellikuduru,Government-DPH,Mahabubabad,Mahbubabad,-,Dr.Veda Kiran (9177042143); Dr.Sravan Kumar (9849553534),S1 - General Surgery; S2 - Ent Surgery; S3 - Ophthalmology Surgery; S4 - Gynaecology And Obstetrics Surgery; S5 - Orthopedic Surgery And Procedures; S6 - Surgical Gastro Enterology; S7 - Cardiac And Cardiothoracic Surgery; S8 - Pediatric Surgeries; S9 - Genito Urinary Surgeries; S10 - Neurosurgery; S11 - Surgical Oncology; S14 - Plastic Surgery; S15 - Poly Trauma; S16 - Cochlear Implant Surgery; S17 - Prostheses; S20 - Unspecified Surgical Package; M1 - Critical Care; M2 - General Medicine; M3 - Infectious Diseases; M4 - Pediatrics; M5 - Cardiology; M6 - Nephrology; M7 - Neurology; M8 - Pulmonology; M9 - Dermatology; M10 - Rheumatology; M11 - Endocrinology; M12 - Gastroenterology; M14 - Thalassemia; M15 - Medical Oncology; M16 - Radiation Oncology
692,PHC Nennal,Government-DPH,Mancherial,Nennel,-,Dr. Srinivas (9849732157),S1 - General Surgery; S2 - Ent Surgery; S3 - Ophthalmology Surgery; S4 - Gynaecology And Obstetrics Surgery; S5 - Orthopedic Surgery And Procedures; S6 - Surgical Gastro Enterology; S7 - Cardiac And Cardiothoracic Surgery; S8 - Pediatric Surgeries; S9 - Genito Urinary Surgeries; S10 - Neurosurgery; S11 - Surgical Oncology; S14 - Plastic Surgery; S15 - Poly Trauma; S16 - Cochlear Implant Surgery; S17 - Prostheses; S20 - Unspecified Surgical Package; M1 - Critical Care; M2 - General Medicine; M3 - Infectious Diseases; M4 - Pediatrics; M5 - Cardiology; M6 - Nephrology; M7 - Neurology; M8 - Pulmonology; M9 - Dermatology; M10 - Rheumatology; M11 - Endocrinology; M12 - Gastroenterology; M14 - Thalassemia; M15 - Medical Oncology; M16 - Radiation Oncology
693,PHC Neradigonda,Government-DPH,Adilabad,Neradigonda,-,Dr K Anand Kumar (9866545900); Lavanya (8328167586),S1 - General Surgery; S2 - Ent Surgery; S3 - Ophthalmology Surgery; S4 - Gynaecology And Obstetrics Surgery; S5 - Orthopedic Surgery And Procedures; S6 - Surgical Gastro Enterology; S7 - Cardiac And Cardiothoracic Surgery; S8 - Pediatric Surgeries; S9 - Genito Urinary Surgeries; S10 - Neurosurgery; S11 - Surgical Oncology; S14 - Plastic Surgery; S15 - Poly Trauma; S16 - Cochlear Implant Surgery; S17 - Prostheses; S20 - Unspecified Surgical Package; M1 - Critical Care; M2 - General Medicine; M3 - Infectious Diseases; M4 - Pediatrics; M5 - Cardiology; M6 - Nephrology; M7 - Neurology; M8 - Pulmonology; M9 - Dermatology; M10 - Rheumatology; M11 - Endocrinology; M12 - Gastroenterology; M14 - Thalassemia; M15 - Medical Oncology; M16 - Radiation Oncology
694,PHC Nereducherla,Government-DPH,Suryapet,Nereducherla,-,Dr.A.Nagaiah (9247221343),S1 - General Surgery; S2 - Ent Surgery; S3 - Ophthalmology Surgery; S4 - Gynaecology And Obstetrics Surgery; S5 - Orthopedic Surgery And Procedures; S6 - Surgical Gastro Enterology; S7 - Cardiac And Cardiothoracic Surgery; S8 - Pediatric Surgeries; S9 - Genito Urinary Surgeries; S10 - Neurosurgery; S11 - Surgical Oncology; S14 - Plastic Surgery; S15 - Poly Trauma; S16 - Cochlear Implant Surgery; S17 - Prostheses; S20 - Unspecified Surgical Package; M1 - Critical Care; M2 - General Medicine; M3 - Infectious Diseases; M4 - Pediatrics; M5 - Cardiology; M6 - Nephrology; M7 - Neurology; M8 - Pulmonology; M9 - Dermatology; M10 - Rheumatology; M11 - Endocrinology; M12 - Gastroenterology; M14 - Thalassemia; M15 - Medical Oncology; M16 - Radiation Oncology
695,PHC Nerella,Government,Jagtial,Dharmapuri,-,Dr Avanthi (9985558814),S1 - General Surgery; S2 - Ent Surgery; S3 - Ophthalmology Surgery; S4 - Gynaecology And Obstetrics Surgery; S5 - Orthopedic Surgery And Procedures; S6 - Surgical Gastro Enterology; S7 - Cardiac And Cardiothoracic Surgery; S8 - Pediatric Surgeries; S9 - Genito Urinary Surgeries; S10 - Neurosurgery; S11 - Surgical Oncology; S14 - Plastic Surgery; S15 - Poly Trauma; S16 - Cochlear Implant Surgery; S17 - Prostheses; S20 - Unspecified Surgical Package; M1 - Critical Care; M2 - General Medicine; M3 - Infectious Diseases; M4 - Pediatrics; M5 - Cardiology; M6 - Nephrology; M7 - Neurology; M8 - Pulmonology; M9 - Dermatology; M10 - Rheumatology; M11 - Endocrinology; M12 - Gastroenterology; M14 - Thalassemia; M15 - Medical Oncology; M16 - Radiation Oncology
696,PHC Nerella,Government-DPH,Rajanna Sircilla,Thangallapalli,-,Dr.B.Supriya (9160540051),S1 - General Surgery; S2 - Ent Surgery; S3 - Ophthalmology Surgery; S4 - Gynaecology And Obstetrics Surgery; S5 - Orthopedic Surgery And Procedures; S6 - Surgical Gastro Enterology; S7 - Cardiac And Cardiothoracic Surgery; S8 - Pediatric Surgeries; S9 - Genito Urinary Surgeries; S10 - Neurosurgery; S11 - Surgical Oncology; S14 - Plastic Surgery; S15 - Poly Trauma; S16 - Cochlear Implant Surgery; S17 - Prostheses; S20 - Unspecified Surgical Package; M1 - Critical Care; M2 - General Medicine; M3 - Infectious Diseases; M4 - Pediatrics; M5 - Cardiology; M6 - Nephrology; M7 - Neurology; M8 - Pulmonology; M9 - Dermatology; M10 - Rheumatology; M11 - Endocrinology; M12 - Gastroenterology; M14 - Thalassemia; M15 - Medical Oncology; M16 - Radiation Oncology
697,PHC Nizampet,Government-DPH,Sangareddy,Narayankhed,-,Dr.Rizwan (7032371732),S1 - General Surgery; S2 - Ent Surgery; S3 - Ophthalmology Surgery; S4 - Gynaecology And Obstetrics Surgery; S5 - Orthopedic Surgery And Procedures; S6 - Surgical Gastro Enterology; S7 - Cardiac And Cardiothoracic Surgery; S8 - Pediatric Surgeries; S9 - Genito Urinary Surgeries; S10 - Neurosurgery; S11 - Surgical Oncology; S14 - Plastic Surgery; S15 - Poly Trauma; S16 - Cochlear Implant Surgery; S17 - Prostheses; S20 - Unspecified Surgical Package; M1 - Critical Care; M2 - General Medicine; M3 - Infectious Diseases; M4 - Pediatrics; M5 - Cardiology; M6 - Nephrology; M7 - Neurology; M8 - Pulmonology; M9 - Dermatology; M10 - Rheumatology; M11 - Endocrinology; M12 - Gastroenterology; M14 - Thalassemia; M15 - Medical Oncology; M16 - Radiation Oncology
698,PHC Nizamsagar,Government-DPH,Kamareddy,Nizamsagar,Yellareddy,Dr.R.Radhakishan (8919226773),S1 - General Surgery; S2 - Ent Surgery; S3 - Ophthalmology Surgery; S4 - Gynaecology And Obstetrics Surgery; S5 - Orthopedic Surgery And Procedures; S6 - Surgical Gastro Enterology; S7 - Cardiac And Cardiothoracic Surgery; S8 - Pediatric Surgeries; S9 - Genito Urinary Surgeries; S10 - Neurosurgery; S11 - Surgical Oncology; S14 - Plastic Surgery; S15 - Poly Trauma; S16 - Cochlear Implant Surgery; S17 - Prostheses; S20 - Unspecified Surgical Package; M1 - Critical Care; M2 - General Medicine; M3 - Infectious Diseases; M4 - Pediatrics; M5 - Cardiology; M6 - Nephrology; M7 - Neurology; M8 - Pulmonology; M9 - Dermatology; M10 - Rheumatology; M11 - Endocrinology; M12 - Gastroenterology; M14 - Thalassemia; M15 - Medical Oncology; M16 - Radiation Oncology
699,PHC Noothankal,Government-DPH,Suryapet,Nuthankal,-,Dr.Jagadeeswar (8465842051),S1 - General Surgery; S2 - Ent Surgery; S3 - Ophthalmology Surgery; S4 - Gynaecology And Obstetrics Surgery; S5 - Orthopedic Surgery And Procedures; S6 - Surgical Gastro Enterology; S7 - Cardiac And Cardiothoracic Surgery; S8 - Pediatric Surgeries; S9 - Genito Urinary Surgeries; S10 - Neurosurgery; S11 - Surgical Oncology; S14 - Plastic Surgery; S15 - Poly Trauma; S16 - Cochlear Implant Surgery; S17 - Prostheses; S20 - Unspecified Surgical Package; M1 - Critical Care; M2 - General Medicine; M3 - Infectious Diseases; M4 - Pediatrics; M5 - Cardiology; M6 - Nephrology; M7 - Neurology; M8 - Pulmonology; M9 - Dermatology; M10 - Rheumatology; M11 - Endocrinology; M12 - Gastroenterology; M14 - Thalassemia; M15 - Medical Oncology; M16 - Radiation Oncology
700,PHC Nyalkal,Government-DPH,Sangareddy,Nyalkal,-,Dr Swetha Priya (9676353716); Dr Navaneeth (9655418808),S1 - General Surgery; S2 - Ent Surgery; S3 - Ophthalmology Surgery; S4 - Gynaecology And Obstetrics Surgery; S5 - Orthopedic Surgery And Procedures; S6 - Surgical Gastro Enterology; S7 - Cardiac And Cardiothoracic Surgery; S8 - Pediatric Surgeries; S9 - Genito Urinary Surgeries; S10 - Neurosurgery; S11 - Surgical Oncology; S14 - Plastic Surgery; S15 - Poly Trauma; S16 - Cochlear Implant Surgery; S17 - Prostheses; S20 - Unspecified Surgical Package; M1 - Critical Care; M2 - General Medicine; M3 - Infectious Diseases; M4 - Pediatrics; M5 - Cardiology; M6 - Nephrology; M7 - Neurology; M8 - Pulmonology; M9 - Dermatology; M10 - Rheumatology; M11 - Endocrinology; M12 - Gastroenterology; M14 - Thalassemia; M15 - Medical Oncology; M16 - Radiation Oncology
701,PHC Obulkeshwapur,Government-DPH,Jangoan,Jangaon,-,Dr.Ashok Kumar (9948874250),S1 - General Surgery; S2 - Ent Surgery; S3 - Ophthalmology Surgery; S4 - Gynaecology And Obstetrics Surgery; S5 - Orthopedic Surgery And Procedures; S6 - Surgical Gastro Enterology; S7 - Cardiac And Cardiothoracic Surgery; S8 - Pediatric Surgeries; S9 - Genito Urinary Surgeries; S10 - Neurosurgery; S11 - Surgical Oncology; S14 - Plastic Surgery; S15 - Poly Trauma; S16 - Cochlear Implant Surgery; S17 - Prostheses; S20 - Unspecified Surgical Package; M1 - Critical Care; M2 - General Medicine; M3 - Infectious Diseases; M4 - Pediatrics; M5 - Cardiology; M6 - Nephrology; M7 - Neurology; M8 - Pulmonology; M9 - Dermatology; M10 - Rheumatology; M11 - Endocrinology; M12 - Gastroenterology; M14 - Thalassemia; M15 - Medical Oncology; M16 - Radiation Oncology
702,PHC Odela,Government-DPH,Peddapalli,Odela,-,Dr.T.Praveen Kumar (9247198534),S1 - General Surgery; S2 - Ent Surgery; S3 - Ophthalmology Surgery; S4 - Gynaecology And Obstetrics Surgery; S5 - Orthopedic Surgery And Procedures; S6 - Surgical Gastro Enterology; S7 - Cardiac And Cardiothoracic Surgery; S8 - Pediatric Surgeries; S9 - Genito Urinary Surgeries; S10 - Neurosurgery; S11 - Surgical Oncology; S14 - Plastic Surgery; S15 - Poly Trauma; S16 - Cochlear Implant Surgery; S17 - Prostheses; S20 - Unspecified Surgical Package; M1 - Critical Care; M2 - General Medicine; M3 - Infectious Diseases; M4 - Pediatrics; M5 - Cardiology; M6 - Nephrology; M7 - Neurology; M8 - Pulmonology; M9 - Dermatology; M10 - Rheumatology; M11 - Endocrinology; M12 - Gastroenterology; M14 - Thalassemia; M15 - Medical Oncology; M16 - Radiation Oncology
703,PHC Padra,Government-DPH,Nagarkurnool,Telkapalle,-,Dr. M. Tara Singh (9848094597); Dr. K. Mounika (7995213181),S1 - General Surgery; S2 - Ent Surgery; S3 - Ophthalmology Surgery; S4 - Gynaecology And Obstetrics Surgery; S5 - Orthopedic Surgery And Procedures; S6 - Surgical Gastro Enterology; S7 - Cardiac And Cardiothoracic Surgery; S8 - Pediatric Surgeries; S9 - Genito Urinary Surgeries; S10 - Neurosurgery; S11 - Surgical Oncology; S14 - Plastic Surgery; S15 - Poly Trauma; S16 - Cochlear Implant Surgery; S17 - Prostheses; S20 - Unspecified Surgical Package; M1 - Critical Care; M2 - General Medicine; M3 - Infectious Diseases; M4 - Pediatrics; M5 - Cardiology; M6 - Nephrology; M7 - Neurology; M8 - Pulmonology; M9 - Dermatology; M10 - Rheumatology; M11 - Endocrinology; M12 - Gastroenterology; M14 - Thalassemia; M15 - Medical Oncology; M16 - Radiation Oncology
704,PHC Paidipally,Government-DPH,Hanumakonda,Hanamkonda,Warangal,Dr. G Mohan Singh (9885949508); Dr P Sushma (9573560954),S1 - General Surgery; S2 - Ent Surgery; S3 - Ophthalmology Surgery; S4 - Gynaecology And Obstetrics Surgery; S5 - Orthopedic Surgery And Procedures; S6 - Surgical Gastro Enterology; S7 - Cardiac And Cardiothoracic Surgery; S8 - Pediatric Surgeries; S9 - Genito Urinary Surgeries; S10 - Neurosurgery; S11 - Surgical Oncology; S14 - Plastic Surgery; S15 - Poly Trauma; S16 - Cochlear Implant Surgery; S17 - Prostheses; S20 - Unspecified Surgical Package; M1 - Critical Care; M2 - General Medicine; M3 - Infectious Diseases; M4 - Pediatrics; M5 - Cardiology; M6 - Nephrology; M7 - Neurology; M8 - Pulmonology; M9 - Dermatology; M10 - Rheumatology; M11 - Endocrinology; M12 - Gastroenterology; M14 - Thalassemia; M15 - Medical Oncology; M16 - Radiation Oncology
705,PHC Palem,Government-DPH,Khammam,Khammam (Rural),-,Dr G Sreedevi (7032687473),S1 - General Surgery; S2 - Ent Surgery; S3 - Ophthalmology Surgery; S4 - Gynaecology And Obstetrics Surgery; S5 - Orthopedic Surgery And Procedures; S6 - Surgical Gastro Enterology; S7 - Cardiac And Cardiothoracic Surgery; S8 - Pediatric Surgeries; S9 - Genito Urinary Surgeries; S10 - Neurosurgery; S11 - Surgical Oncology; S14 - Plastic Surgery; S15 - Poly Trauma; S16 - Cochlear Implant Surgery; S17 - Prostheses; S20 - Unspecified Surgical Package; M1 - Critical Care; M2 - General Medicine; M3 - Infectious Diseases; M4 - Pediatrics; M5 - Cardiology; M6 - Nephrology; M7 - Neurology; M8 - Pulmonology; M9 - Dermatology; M10 - Rheumatology; M11 - Endocrinology; M12 - Gastroenterology; M14 - Thalassemia; M15 - Medical Oncology; M16 - Radiation Oncology
706,PHC Pangal,Government-DPH,Wanaparthy,Pangal,-,Dr Ramu (7702701772),S1 - General Surgery; S2 - Ent Surgery; S3 - Ophthalmology Surgery; S4 - Gynaecology And Obstetrics Surgery; S5 - Orthopedic Surgery And Procedures; S6 - Surgical Gastro Enterology; S7 - Cardiac And Cardiothoracic Surgery; S8 - Pediatric Surgeries; S9 - Genito Urinary Surgeries; S10 - Neurosurgery; S11 - Surgical Oncology; S14 - Plastic Surgery; S15 - Poly Trauma; S16 - Cochlear Implant Surgery; S17 - Prostheses; S20 - Unspecified Surgical Package; M1 - Critical Care; M2 - General Medicine; M3 - Infectious Diseases; M4 - Pediatrics; M5 - Cardiology; M6 - Nephrology; M7 - Neurology; M8 - Pulmonology; M9 - Dermatology; M10 - Rheumatology; M11 - Endocrinology; M12 - Gastroenterology; M14 - Thalassemia; M15 - Medical Oncology; M16 - Radiation Oncology
707,PHC Papannapet,Government-DPH,Medak,Papannapet,-,Dr. Hariprasad (8500201229),S1 - General Surgery; S2 - Ent Surgery; S3 - Ophthalmology Surgery; S4 - Gynaecology And Obstetrics Surgery; S5 - Orthopedic Surgery And Procedures; S6 - Surgical Gastro Enterology; S7 - Cardiac And Cardiothoracic Surgery; S8 - Pediatric Surgeries; S9 - Genito Urinary Surgeries; S10 - Neurosurgery; S11 - Surgical Oncology; S14 - Plastic Surgery; S15 - Poly Trauma; S16 - Cochlear Implant Surgery; S17 - Prostheses; S20 - Unspecified Surgical Package; M1 - Critical Care; M2 - General Medicine; M3 - Infectious Diseases; M4 - Pediatrics; M5 - Cardiology; M6 - Nephrology; M7 - Neurology; M8 - Pulmonology; M9 - Dermatology; M10 - Rheumatology; M11 - Endocrinology; M12 - Gastroenterology; M14 - Thalassemia; M15 - Medical Oncology; M16 - Radiation Oncology
708,PHC Parnasala,Government-DPH,Bhadradri Kothagudem,Dummugudem,-,Dr. B. Balaji (9493010753),S1 - General Surgery; S2 - Ent Surgery; S3 - Ophthalmology Surgery; S4 - Gynaecology And Obstetrics Surgery; S5 - Orthopedic Surgery And Procedures; S6 - Surgical Gastro Enterology; S7 - Cardiac And Cardiothoracic Surgery; S8 - Pediatric Surgeries; S9 - Genito Urinary Surgeries; S10 - Neurosurgery; S11 - Surgical Oncology; S14 - Plastic Surgery; S15 - Poly Trauma; S16 - Cochlear Implant Surgery; S17 - Prostheses; S20 - Unspecified Surgical Package; M1 - Critical Care; M2 - General Medicine; M3 - Infectious Diseases; M4 - Pediatrics; M5 - Cardiology; M6 - Nephrology; M7 - Neurology; M8 - Pulmonology; M9 - Dermatology; M10 - Rheumatology; M11 - Endocrinology; M12 - Gastroenterology; M14 - Thalassemia; M15 - Medical Oncology; M16 - Radiation Oncology
709,PHC Parvathagiri,Government-DPH,Warangal,Parvathagiri,-,Dr.N.Gopal Rao (6281952139); Dr.K.Prashanthi (9553867889),S1 - General Surgery; S2 - Ent Surgery; S3 - Ophthalmology Surgery; S4 - Gynaecology And Obstetrics Surgery; S5 - Orthopedic Surgery And Procedures; S6 - Surgical Gastro Enterology; S7 - Cardiac And Cardiothoracic Surgery; S8 - Pediatric Surgeries; S9 - Genito Urinary Surgeries; S10 - Neurosurgery; S11 - Surgical Oncology; S14 - Plastic Surgery; S15 - Poly Trauma; S16 - Cochlear Implant Surgery; S17 - Prostheses; S20 - Unspecified Surgical Package; M1 - Critical Care; M2 - General Medicine; M3 - Infectious Diseases; M4 - Pediatrics; M5 - Cardiology; M6 - Nephrology; M7 - Neurology; M8 - Pulmonology; M9 - Dermatology; M10 - Rheumatology; M11 - Endocrinology; M12 - Gastroenterology; M14 - Thalassemia; M15 - Medical Oncology; M16 - Radiation Oncology
710,PHC Patloor,Government-DPH,Vikarabad,Marpally,-,Dr. Ch. Ambica (9985259140),S1 - General Surgery; S2 - Ent Surgery; S3 - Ophthalmology Surgery; S4 - Gynaecology And Obstetrics Surgery; S5 - Orthopedic Surgery And Procedures; S6 - Surgical Gastro Enterology; S7 - Cardiac And Cardiothoracic Surgery; S8 - Pediatric Surgeries; S9 - Genito Urinary Surgeries; S10 - Neurosurgery; S11 - Surgical Oncology; S14 - Plastic Surgery; S15 - Poly Trauma; S16 - Cochlear Implant Surgery; S17 - Prostheses; S20 - Unspecified Surgical Package; M1 - Critical Care; M2 - General Medicine; M3 - Infectious Diseases; M4 - Pediatrics; M5 - Cardiology; M6 - Nephrology; M7 - Neurology; M8 - Pulmonology; M9 - Dermatology; M10 - Rheumatology; M11 - Endocrinology; M12 - Gastroenterology; M14 - Thalassemia; M15 - Medical Oncology; M16 - Radiation Oncology
711,PHC Patwarigudem,Government-DPH,Bhadradri Kothagudem,Dammapeta,-,Dr. K. Prathyusha (8985337850),S1 - General Surgery; S2 - Ent Surgery; S3 - Ophthalmology Surgery; S4 - Gynaecology And Obstetrics Surgery; S5 - Orthopedic Surgery And Procedures; S6 - Surgical Gastro Enterology; S7 - Cardiac And Cardiothoracic Surgery; S8 - Pediatric Surgeries; S9 - Genito Urinary Surgeries; S10 - Neurosurgery; S11 - Surgical Oncology; S14 - Plastic Surgery; S15 - Poly Trauma; S16 - Cochlear Implant Surgery; S17 - Prostheses; S20 - Unspecified Surgical Package; M1 - Critical Care; M2 - General Medicine; M3 - Infectious Diseases; M4 - Pediatrics; M5 - Cardiology; M6 - Nephrology; M7 - Neurology; M8 - Pulmonology; M9 - Dermatology; M10 - Rheumatology; M11 - Endocrinology; M12 - Gastroenterology; M14 - Thalassemia; M15 - Medical Oncology; M16 - Radiation Oncology
712,PHC Pebbair,Government-DPH,Wanaparthy,Pebbair,Pebbair,Dr Srujana (8919656536); Dr Saisree (9550710121),S1 - General Surgery; S2 - Ent Surgery; S3 - Ophthalmology Surgery; S4 - Gynaecology And Obstetrics Surgery; S5 - Orthopedic Surgery And Procedures; S6 - Surgical Gastro Enterology; S7 - Cardiac And Cardiothoracic Surgery; S8 - Pediatric Surgeries; S9 - Genito Urinary Surgeries; S10 - Neurosurgery; S11 - Surgical Oncology; S14 - Plastic Surgery; S15 - Poly Trauma; S16 - Cochlear Implant Surgery; S17 - Prostheses; S20 - Unspecified Surgical Package; M1 - Critical Care; M2 - General Medicine; M3 - Infectious Diseases; M4 - Pediatrics; M5 - Cardiology; M6 - Nephrology; M7 - Neurology; M8 - Pulmonology; M9 - Dermatology; M10 - Rheumatology; M11 - Endocrinology; M12 - Gastroenterology; M14 - Thalassemia; M15 - Medical Oncology; M16 - Radiation Oncology
713,PHC Pedda Kodapgal,Government-DPH,Kamareddy,Pedda Kodapgal,-,Dr.B.Sharath Kumar (9494714906),S1 - General Surgery; S2 - Ent Surgery; S3 - Ophthalmology Surgery; S4 - Gynaecology And Obstetrics Surgery; S5 - Orthopedic Surgery And Procedures; S6 - Surgical Gastro Enterology; S7 - Cardiac And Cardiothoracic Surgery; S8 - Pediatric Surgeries; S9 - Genito Urinary Surgeries; S10 - Neurosurgery; S11 - Surgical Oncology; S14 - Plastic Surgery; S15 - Poly Trauma; S16 - Cochlear Implant Surgery; S17 - Prostheses; S20 - Unspecified Surgical Package; M1 - Critical Care; M2 - General Medicine; M3 - Infectious Diseases; M4 - Pediatrics; M5 - Cardiology; M6 - Nephrology; M7 - Neurology; M8 - Pulmonology; M9 - Dermatology; M10 - Rheumatology; M11 - Endocrinology; M12 - Gastroenterology; M14 - Thalassemia; M15 - Medical Oncology; M16 - Radiation Oncology
714,PHC Peddagopathi,Government-DPH,Khammam,Konijerla,-,Dr.K. Ramesh (9849185182); K. Ashok Kumar (9949684773),S1 - General Surgery; S2 - Ent Surgery; S3 - Ophthalmology Surgery; S4 - Gynaecology And Obstetrics Surgery; S5 - Orthopedic Surgery And Procedures; S6 - Surgical Gastro Enterology; S7 - Cardiac And Cardiothoracic Surgery; S8 - Pediatric Surgeries; S9 - Genito Urinary Surgeries; S10 - Neurosurgery; S11 - Surgical Oncology; S14 - Plastic Surgery; S15 - Poly Trauma; S16 - Cochlear Implant Surgery; S17 - Prostheses; S20 - Unspecified Surgical Package; M1 - Critical Care; M2 - General Medicine; M3 - Infectious Diseases; M4 - Pediatrics; M5 - Cardiology; M6 - Nephrology; M7 - Neurology; M8 - Pulmonology; M9 - Dermatology; M10 - Rheumatology; M11 - Endocrinology; M12 - Gastroenterology; M14 - Thalassemia; M15 - Medical Oncology; M16 - Radiation Oncology
715,PHC Peddakothapally,Government-DPH,Nagarkurnool,Peddakothapalle,-,Dr.B Shravan Kumar (9553942254),S1 - General Surgery; S2 - Ent Surgery; S3 - Ophthalmology Surgery; S4 - Gynaecology And Obstetrics Surgery; S5 - Orthopedic Surgery And Procedures; S6 - Surgical Gastro Enterology; S7 - Cardiac And Cardiothoracic Surgery; S8 - Pediatric Surgeries; S9 - Genito Urinary Surgeries; S10 - Neurosurgery; S11 - Surgical Oncology; S14 - Plastic Surgery; S15 - Poly Trauma; S16 - Cochlear Implant Surgery; S17 - Prostheses; S20 - Unspecified Surgical Package; M1 - Critical Care; M2 - General Medicine; M3 - Infectious Diseases; M4 - Pediatrics; M5 - Cardiology; M6 - Nephrology; M7 - Neurology; M8 - Pulmonology; M9 - Dermatology; M10 - Rheumatology; M11 - Endocrinology; M12 - Gastroenterology; M14 - Thalassemia; M15 - Medical Oncology; M16 - Radiation Oncology
716,PHC Peddamandadi,Government-DPH,Wanaparthy,Peddamandadi,-,Dr.Ismail (9059563318); Saiteja (9886503352),S1 - General Surgery; S2 - Ent Surgery; S3 - Ophthalmology Surgery; S4 - Gynaecology And Obstetrics Surgery; S5 - Orthopedic Surgery And Procedures; S6 - Surgical Gastro Enterology; S7 - Cardiac And Cardiothoracic Surgery; S8 - Pediatric Surgeries; S9 - Genito Urinary Surgeries; S10 - Neurosurgery; S11 - Surgical Oncology; S14 - Plastic Surgery; S15 - Poly Trauma; S16 - Cochlear Implant Surgery; S17 - Prostheses; S20 - Unspecified Surgical Package; M1 - Critical Care; M2 - General Medicine; M3 - Infectious Diseases; M4 - Pediatrics; M5 - Cardiology; M6 - Nephrology; M7 - Neurology; M8 - Pulmonology; M9 - Dermatology; M10 - Rheumatology; M11 - Endocrinology; M12 - Gastroenterology; M14 - Thalassemia; M15 - Medical Oncology; M16 - Radiation Oncology
717,PHC Peddamuddunoor,Government-DPH,Nagarkurnool,Nagarkurnool,-,Dr Dasaratham (9052584810),S1 - General Surgery; S2 - Ent Surgery; S3 - Ophthalmology Surgery; S4 - Gynaecology And Obstetrics Surgery; S5 - Orthopedic Surgery And Procedures; S6 - Surgical Gastro Enterology; S7 - Cardiac And Cardiothoracic Surgery; S8 - Pediatric Surgeries; S9 - Genito Urinary Surgeries; S10 - Neurosurgery; S11 - Surgical Oncology; S14 - Plastic Surgery; S15 - Poly Trauma; S16 - Cochlear Implant Surgery; S17 - Prostheses; S20 - Unspecified Surgical Package; M1 - Critical Care; M2 - General Medicine; M3 - Infectious Diseases; M4 - Pediatrics; M5 - Cardiology; M6 - Nephrology; M7 - Neurology; M8 - Pulmonology; M9 - Dermatology; M10 - Rheumatology; M11 - Endocrinology; M12 - Gastroenterology; M14 - Thalassemia; M15 - Medical Oncology; M16 - Radiation Oncology
718,PHC Peddavoora,Government-DPH,Nalgonda,Peddavoora,-,Dr. Shankar Pendem (9010605868),S1 - General Surgery; S2 - Ent Surgery; S3 - Ophthalmology Surgery; S4 - Gynaecology And Obstetrics Surgery; S5 - Orthopedic Surgery And Procedures; S6 - Surgical Gastro Enterology; S7 - Cardiac And Cardiothoracic Surgery; S8 - Pediatric Surgeries; S9 - Genito Urinary Surgeries; S10 - Neurosurgery; S11 - Surgical Oncology; S14 - Plastic Surgery; S15 - Poly Trauma; S16 - Cochlear Implant Surgery; S17 - Prostheses; S20 - Unspecified Surgical Package; M1 - Critical Care; M2 - General Medicine; M3 - Infectious Diseases; M4 - Pediatrics; M5 - Cardiology; M6 - Nephrology; M7 - Neurology; M8 - Pulmonology; M9 - Dermatology; M10 - Rheumatology; M11 - Endocrinology; M12 - Gastroenterology; M14 - Thalassemia; M15 - Medical Oncology; M16 - Radiation Oncology
719,PHC Peddemul,Government-DPH,Vikarabad,Peddemul,-,Dr. G. Nishitha (9652099435),S1 - General Surgery; S2 - Ent Surgery; S3 - Ophthalmology Surgery; S4 - Gynaecology And Obstetrics Surgery; S5 - Orthopedic Surgery And Procedures; S6 - Surgical Gastro Enterology; S7 - Cardiac And Cardiothoracic Surgery; S8 - Pediatric Surgeries; S9 - Genito Urinary Surgeries; S10 - Neurosurgery; S11 - Surgical Oncology; S14 - Plastic Surgery; S15 - Poly Trauma; S16 - Cochlear Implant Surgery; S17 - Prostheses; S20 - Unspecified Surgical Package; M1 - Critical Care; M2 - General Medicine; M3 - Infectious Diseases; M4 - Pediatrics; M5 - Cardiology; M6 - Nephrology; M7 - Neurology; M8 - Pulmonology; M9 - Dermatology; M10 - Rheumatology; M11 - Endocrinology; M12 - Gastroenterology; M14 - Thalassemia; M15 - Medical Oncology; M16 - Radiation Oncology
720,PHC Peddur,Government-DPH,Nagarkurnool,Telkapalle,-,Dr.A.Dasaratham (7013501024),S1 - General Surgery; S2 - Ent Surgery; S3 - Ophthalmology Surgery; S4 - Gynaecology And Obstetrics Surgery; S5 - Orthopedic Surgery And Procedures; S6 - Surgical Gastro Enterology; S7 - Cardiac And Cardiothoracic Surgery; S8 - Pediatric Surgeries; S9 - Genito Urinary Surgeries; S10 - Neurosurgery; S11 - Surgical Oncology; S14 - Plastic Surgery; S15 - Poly Trauma; S16 - Cochlear Implant Surgery; S17 - Prostheses; S20 - Unspecified Surgical Package; M1 - Critical Care; M2 - General Medicine; M3 - Infectious Diseases; M4 - Pediatrics; M5 - Cardiology; M6 - Nephrology; M7 - Neurology; M8 - Pulmonology; M9 - Dermatology; M10 - Rheumatology; M11 - Endocrinology; M12 - Gastroenterology; M14 - Thalassemia; M15 - Medical Oncology; M16 - Radiation Oncology
721,PHC Pegadapalli,Government-DPH,Jagtial,Pegadapalli,-,Dr.D.Naresh (9885762554); Dr.R.Chaitanya Rani (9885762554),S1 - General Surgery; S2 - Ent Surgery; S3 - Ophthalmology Surgery; S4 - Gynaecology And Obstetrics Surgery; S5 - Orthopedic Surgery And Procedures; S6 - Surgical Gastro Enterology; S7 - Cardiac And Cardiothoracic Surgery; S8 - Pediatric Surgeries; S9 - Genito Urinary Surgeries; S10 - Neurosurgery; S11 - Surgical Oncology; S14 - Plastic Surgery; S15 - Poly Trauma; S16 - Cochlear Implant Surgery; S17 - Prostheses; S20 - Unspecified Surgical Package; M1 - Critical Care; M2 - General Medicine; M3 - Infectious Diseases; M4 - Pediatrics; M5 - Cardiology; M6 - Nephrology; M7 - Neurology; M8 - Pulmonology; M9 - Dermatology; M10 - Rheumatology; M11 - Endocrinology; M12 - Gastroenterology; M14 - Thalassemia; M15 - Medical Oncology; M16 - Radiation Oncology
722,PHC Pembi,Government-DPH,Nirmal,Pembi,-,Dr Jadhav Subash (9848871196),S1 - General Surgery; S2 - Ent Surgery; S3 - Ophthalmology Surgery; S4 - Gynaecology And Obstetrics Surgery; S5 - Orthopedic Surgery And Procedures; S6 - Surgical Gastro Enterology; S7 - Cardiac And Cardiothoracic Surgery; S8 - Pediatric Surgeries; S9 - Genito Urinary Surgeries; S10 - Neurosurgery; S11 - Surgical Oncology; S14 - Plastic Surgery; S15 - Poly Trauma; S16 - Cochlear Implant Surgery; S17 - Prostheses; S20 - Unspecified Surgical Package; M1 - Critical Care; M2 - General Medicine; M3 - Infectious Diseases; M4 - Pediatrics; M5 - Cardiology; M6 - Nephrology; M7 - Neurology; M8 - Pulmonology; M9 - Dermatology; M10 - Rheumatology; M11 - Endocrinology; M12 - Gastroenterology; M14 - Thalassemia; M15 - Medical Oncology; M16 - Radiation Oncology
723,PHC Penagadapa,Government-DPH,Bhadradri Kothagudem,Chunchupalli,-,Dr.G.Vani (8309904362); Dr.L.Anudeep (9440564246),S1 - General Surgery; S2 - Ent Surgery; S3 - Ophthalmology Surgery; S4 - Gynaecology And Obstetrics Surgery; S5 - Orthopedic Surgery And Procedures; S6 - Surgical Gastro Enterology; S7 - Cardiac And Cardiothoracic Surgery; S8 - Pediatric Surgeries; S9 - Genito Urinary Surgeries; S10 - Neurosurgery; S11 - Surgical Oncology; S14 - Plastic Surgery; S15 - Poly Trauma; S16 - Cochlear Implant Surgery; S17 - Prostheses; S20 - Unspecified Surgical Package; M1 - Critical Care; M2 - General Medicine; M3 - Infectious Diseases; M4 - Pediatrics; M5 - Cardiology; M6 - Nephrology; M7 - Neurology; M8 - Pulmonology; M9 - Dermatology; M10 - Rheumatology; M11 - Endocrinology; M12 - Gastroenterology; M14 - Thalassemia; M15 - Medical Oncology; M16 - Radiation Oncology
724,PHC Penchikaldinna,Government-DPH,Suryapet,Nereducherla,-,Dr.D.Harikishan (9246532522),S1 - General Surgery; S2 - Ent Surgery; S3 - Ophthalmology Surgery; S4 - Gynaecology And Obstetrics Surgery; S5 - Orthopedic Surgery And Procedures; S6 - Surgical Gastro Enterology; S7 - Cardiac And Cardiothoracic Surgery; S8 - Pediatric Surgeries; S9 - Genito Urinary Surgeries; S10 - Neurosurgery; S11 - Surgical Oncology; S14 - Plastic Surgery; S15 - Poly Trauma; S16 - Cochlear Implant Surgery; S17 - Prostheses; S20 - Unspecified Surgical Package; M1 - Critical Care; M2 - General Medicine; M3 - Infectious Diseases; M4 - Pediatrics; M5 - Cardiology; M6 - Nephrology; M7 - Neurology; M8 - Pulmonology; M9 - Dermatology; M10 - Rheumatology; M11 - Endocrinology; M12 - Gastroenterology; M14 - Thalassemia; M15 - Medical Oncology; M16 - Radiation Oncology
725,PHC Penchikalpeta,Government-DPH,Komaram Bheem Asifabad,Penchicalpet,-,Dr .Musthafa (9885850583),S1 - General Surgery; S2 - Ent Surgery; S3 - Ophthalmology Surgery; S4 - Gynaecology And Obstetrics Surgery; S5 - Orthopedic Surgery And Procedures; S6 - Surgical Gastro Enterology; S7 - Cardiac And Cardiothoracic Surgery; S8 - Pediatric Surgeries; S9 - Genito Urinary Surgeries; S10 - Neurosurgery; S11 - Surgical Oncology; S14 - Plastic Surgery; S15 - Poly Trauma; S16 - Cochlear Implant Surgery; S17 - Prostheses; S20 - Unspecified Surgical Package; M1 - Critical Care; M2 - General Medicine; M3 - Infectious Diseases; M4 - Pediatrics; M5 - Cardiology; M6 - Nephrology; M7 - Neurology; M8 - Pulmonology; M9 - Dermatology; M10 - Rheumatology; M11 - Endocrinology; M12 - Gastroenterology; M14 - Thalassemia; M15 - Medical Oncology; M16 - Radiation Oncology
726,PHC Penpahad,Government-DPH,Suryapet,Penpahad,-,Dr.M.Vinayanand (9966321123); Dr.Ch.Manideep (6303496122),S1 - General Surgery; S2 - Ent Surgery; S3 - Ophthalmology Surgery; S4 - Gynaecology And Obstetrics Surgery; S5 - Orthopedic Surgery And Procedures; S6 - Surgical Gastro Enterology; S7 - Cardiac And Cardiothoracic Surgery; S8 - Pediatric Surgeries; S9 - Genito Urinary Surgeries; S10 - Neurosurgery; S11 - Surgical Oncology; S14 - Plastic Surgery; S15 - Poly Trauma; S16 - Cochlear Implant Surgery; S17 - Prostheses; S20 - Unspecified Surgical Package; M1 - Critical Care; M2 - General Medicine; M3 - Infectious Diseases; M4 - Pediatrics; M5 - Cardiology; M6 - Nephrology; M7 - Neurology; M8 - Pulmonology; M9 - Dermatology; M10 - Rheumatology; M11 - Endocrinology; M12 - Gastroenterology; M14 - Thalassemia; M15 - Medical Oncology; M16 - Radiation Oncology
727,PHC Pentlavelly,Government-DPH,Nagarkurnool,Pentlavelli,-,Dr.S.Chandrashekar (9652772025),S1 - General Surgery; S2 - Ent Surgery; S3 - Ophthalmology Surgery; S4 - Gynaecology And Obstetrics Surgery; S5 - Orthopedic Surgery And Procedures; S6 - Surgical Gastro Enterology; S7 - Cardiac And Cardiothoracic Surgery; S8 - Pediatric Surgeries; S9 - Genito Urinary Surgeries; S10 - Neurosurgery; S11 - Surgical Oncology; S14 - Plastic Surgery; S15 - Poly Trauma; S16 - Cochlear Implant Surgery; S17 - Prostheses; S20 - Unspecified Surgical Package; M1 - Critical Care; M2 - General Medicine; M3 - Infectious Diseases; M4 - Pediatrics; M5 - Cardiology; M6 - Nephrology; M7 - Neurology; M8 - Pulmonology; M9 - Dermatology; M10 - Rheumatology; M11 - Endocrinology; M12 - Gastroenterology; M14 - Thalassemia; M15 - Medical Oncology; M16 - Radiation Oncology
728,PHC Perur,Government-DPH,Mahabubnagar,Devarakadara,-,Dr.Nageshajmeera (9949377875),S1 - General Surgery; S2 - Ent Surgery; S3 - Ophthalmology Surgery; S4 - Gynaecology And Obstetrics Surgery; S5 - Orthopedic Surgery And Procedures; S6 - Surgical Gastro Enterology; S7 - Cardiac And Cardiothoracic Surgery; S8 - Pediatric Surgeries; S9 - Genito Urinary Surgeries; S10 - Neurosurgery; S11 - Surgical Oncology; S14 - Plastic Surgery; S15 - Poly Trauma; S16 - Cochlear Implant Surgery; S17 - Prostheses; S20 - Unspecified Surgical Package; M1 - Critical Care; M2 - General Medicine; M3 - Infectious Diseases; M4 - Pediatrics; M5 - Cardiology; M6 - Nephrology; M7 - Neurology; M8 - Pulmonology; M9 - Dermatology; M10 - Rheumatology; M11 - Endocrinology; M12 - Gastroenterology; M14 - Thalassemia; M15 - Medical Oncology; M16 - Radiation Oncology
729,PHC Pinapaka,Government-DPH,Bhadradri Kothagudem,Pinapaka,-,Dr.B Prasad (9666191991),S1 - General Surgery; S2 - Ent Surgery; S3 - Ophthalmology Surgery; S4 - Gynaecology And Obstetrics Surgery; S5 - Orthopedic Surgery And Procedures; S6 - Surgical Gastro Enterology; S7 - Cardiac And Cardiothoracic Surgery; S8 - Pediatric Surgeries; S9 - Genito Urinary Surgeries; S10 - Neurosurgery; S11 - Surgical Oncology; S14 - Plastic Surgery; S15 - Poly Trauma; S16 - Cochlear Implant Surgery; S17 - Prostheses; S20 - Unspecified Surgical Package; M1 - Critical Care; M2 - General Medicine; M3 - Infectious Diseases; M4 - Pediatrics; M5 - Cardiology; M6 - Nephrology; M7 - Neurology; M8 - Pulmonology; M9 - Dermatology; M10 - Rheumatology; M11 - Endocrinology; M12 - Gastroenterology; M14 - Thalassemia; M15 - Medical Oncology; M16 - Radiation Oncology
730,PHC Pittabongaram,Government-DPH,Adilabad,Indervelly,-,Dr. M Sridhar (6303213481),S1 - General Surgery; S2 - Ent Surgery; S3 - Ophthalmology Surgery; S4 - Gynaecology And Obstetrics Surgery; S5 - Orthopedic Surgery And Procedures; S6 - Surgical Gastro Enterology; S7 - Cardiac And Cardiothoracic Surgery; S8 - Pediatric Surgeries; S9 - Genito Urinary Surgeries; S10 - Neurosurgery; S11 - Surgical Oncology; S14 - Plastic Surgery; S15 - Poly Trauma; S16 - Cochlear Implant Surgery; S17 - Prostheses; S20 - Unspecified Surgical Package; M1 - Critical Care; M2 - General Medicine; M3 - Infectious Diseases; M4 - Pediatrics; M5 - Cardiology; M6 - Nephrology; M7 - Neurology; M8 - Pulmonology; M9 - Dermatology; M10 - Rheumatology; M11 - Endocrinology; M12 - Gastroenterology; M14 - Thalassemia; M15 - Medical Oncology; M16 - Radiation Oncology
731,PHC Pochampad,Government-DPH,Nizamabad,Mendora,-,Dr.K. Nayana Reddy (9502494740),S1 - General Surgery; S2 - Ent Surgery; S3 - Ophthalmology Surgery; S4 - Gynaecology And Obstetrics Surgery; S5 - Orthopedic Surgery And Procedures; S6 - Surgical Gastro Enterology; S7 - Cardiac And Cardiothoracic Surgery; S8 - Pediatric Surgeries; S9 - Genito Urinary Surgeries; S10 - Neurosurgery; S11 - Surgical Oncology; S14 - Plastic Surgery; S15 - Poly Trauma; S16 - Cochlear Implant Surgery; S17 - Prostheses; S20 - Unspecified Surgical Package; M1 - Critical Care; M2 - General Medicine; M3 - Infectious Diseases; M4 - Pediatrics; M5 - Cardiology; M6 - Nephrology; M7 - Neurology; M8 - Pulmonology; M9 - Dermatology; M10 - Rheumatology; M11 - Endocrinology; M12 - Gastroenterology; M14 - Thalassemia; M15 - Medical Oncology; M16 - Radiation Oncology
732,PHC Pochampally,Government-DPH,Yadadri Bhuvanagiri,Pochampally,Pochamapally,Dr. Yadagiri (9849892717); Dr. Ranjith (),S1 - General Surgery; S2 - Ent Surgery; S3 - Ophthalmology Surgery; S4 - Gynaecology And Obstetrics Surgery; S5 - Orthopedic Surgery And Procedures; S6 - Surgical Gastro Enterology; S7 - Cardiac And Cardiothoracic Surgery; S8 - Pediatric Surgeries; S9 - Genito Urinary Surgeries; S10 - Neurosurgery; S11 - Surgical Oncology; S14 - Plastic Surgery; S15 - Poly Trauma; S16 - Cochlear Implant Surgery; S17 - Prostheses; S20 - Unspecified Surgical Package; M1 - Critical Care; M2 - General Medicine; M3 - Infectious Diseases; M4 - Pediatrics; M5 - Cardiology; M6 - Nephrology; M7 - Neurology; M8 - Pulmonology; M9 - Dermatology; M10 - Rheumatology; M11 - Endocrinology; M12 - Gastroenterology; M14 - Thalassemia; M15 - Medical Oncology; M16 - Radiation Oncology
733,PHC Podichanpally,Government-DPH,Medak,Papannapet,-,Dr.Vishal (9440428018),S1 - General Surgery; S2 - Ent Surgery; S3 - Ophthalmology Surgery; S4 - Gynaecology And Obstetrics Surgery; S5 - Orthopedic Surgery And Procedures; S6 - Surgical Gastro Enterology; S7 - Cardiac And Cardiothoracic Surgery; S8 - Pediatric Surgeries; S9 - Genito Urinary Surgeries; S10 - Neurosurgery; S11 - Surgical Oncology; S14 - Plastic Surgery; S15 - Poly Trauma; S16 - Cochlear Implant Surgery; S17 - Prostheses; S20 - Unspecified Surgical Package; M1 - Critical Care; M2 - General Medicine; M3 - Infectious Diseases; M4 - Pediatrics; M5 - Cardiology; M6 - Nephrology; M7 - Neurology; M8 - Pulmonology; M9 - Dermatology; M10 - Rheumatology; M11 - Endocrinology; M12 - Gastroenterology; M14 - Thalassemia; M15 - Medical Oncology; M16 - Radiation Oncology
734,PHC Pothangal,Government-DPH,Nizamabad,Kotgiri,-,Dr.M.Vidya Ranwalkar (93922 23210),S1 - General Surgery; S2 - Ent Surgery; S3 - Ophthalmology Surgery; S4 - Gynaecology And Obstetrics Surgery; S5 - Orthopedic Surgery And Procedures; S6 - Surgical Gastro Enterology; S7 - Cardiac And Cardiothoracic Surgery; S8 - Pediatric Surgeries; S9 - Genito Urinary Surgeries; S10 - Neurosurgery; S11 - Surgical Oncology; S14 - Plastic Surgery; S15 - Poly Trauma; S16 - Cochlear Implant Surgery; S17 - Prostheses; S20 - Unspecified Surgical Package; M1 - Critical Care; M2 - General Medicine; M3 - Infectious Diseases; M4 - Pediatrics; M5 - Cardiology; M6 - Nephrology; M7 - Neurology; M8 - Pulmonology; M9 - Dermatology; M10 - Rheumatology; M11 - Endocrinology; M12 - Gastroenterology; M14 - Thalassemia; M15 - Medical Oncology; M16 - Radiation Oncology
735,PHC Pothgal,Government-DPH,Rajanna Sircilla,Mustabad,-,Dr.B.Sanjeev (8074588872); Dr.Ch.Kapila Sai (9100152973),S1 - General Surgery; S2 - Ent Surgery; S3 - Ophthalmology Surgery; S4 - Gynaecology And Obstetrics Surgery; S5 - Orthopedic Surgery And Procedures; S6 - Surgical Gastro Enterology; S7 - Cardiac And Cardiothoracic Surgery; S8 - Pediatric Surgeries; S9 - Genito Urinary Surgeries; S10 - Neurosurgery; S11 - Surgical Oncology; S14 - Plastic Surgery; S15 - Poly Trauma; S16 - Cochlear Implant Surgery; S17 - Prostheses; S20 - Unspecified Surgical Package; M1 - Critical Care; M2 - General Medicine; M3 - Infectious Diseases; M4 - Pediatrics; M5 - Cardiology; M6 - Nephrology; M7 - Neurology; M8 - Pulmonology; M9 - Dermatology; M10 - Rheumatology; M11 - Endocrinology; M12 - Gastroenterology; M14 - Thalassemia; M15 - Medical Oncology; M16 - Radiation Oncology
736,PHC Pudur,Government-DPH,Vikarabad,Pudur,-,Dr. P. Sudhakar Reddy (9441296129),S1 - General Surgery; S2 - Ent Surgery; S3 - Ophthalmology Surgery; S4 - Gynaecology And Obstetrics Surgery; S5 - Orthopedic Surgery And Procedures; S6 - Surgical Gastro Enterology; S7 - Cardiac And Cardiothoracic Surgery; S8 - Pediatric Surgeries; S9 - Genito Urinary Surgeries; S10 - Neurosurgery; S11 - Surgical Oncology; S14 - Plastic Surgery; S15 - Poly Trauma; S16 - Cochlear Implant Surgery; S17 - Prostheses; S20 - Unspecified Surgical Package; M1 - Critical Care; M2 - General Medicine; M3 - Infectious Diseases; M4 - Pediatrics; M5 - Cardiology; M6 - Nephrology; M7 - Neurology; M8 - Pulmonology; M9 - Dermatology; M10 - Rheumatology; M11 - Endocrinology; M12 - Gastroenterology; M14 - Thalassemia; M15 - Medical Oncology; M16 - Radiation Oncology
737,PHC Pulkal,Government-DPH,Kamareddy,Bichkunda,-,Dr.T.Mamatha (8019597059),S1 - General Surgery; S2 - Ent Surgery; S3 - Ophthalmology Surgery; S4 - Gynaecology And Obstetrics Surgery; S5 - Orthopedic Surgery And Procedures; S6 - Surgical Gastro Enterology; S7 - Cardiac And Cardiothoracic Surgery; S8 - Pediatric Surgeries; S9 - Genito Urinary Surgeries; S10 - Neurosurgery; S11 - Surgical Oncology; S14 - Plastic Surgery; S15 - Poly Trauma; S16 - Cochlear Implant Surgery; S17 - Prostheses; S20 - Unspecified Surgical Package; M1 - Critical Care; M2 - General Medicine; M3 - Infectious Diseases; M4 - Pediatrics; M5 - Cardiology; M6 - Nephrology; M7 - Neurology; M8 - Pulmonology; M9 - Dermatology; M10 - Rheumatology; M11 - Endocrinology; M12 - Gastroenterology; M14 - Thalassemia; M15 - Medical Oncology; M16 - Radiation Oncology
738,PHC Pulkal,Government-DPH,Sangareddy,Pulkal,-,Nrupen Chakravarthy (9000554345); Abdul Razaaq (9989060813),S1 - General Surgery; S2 - Ent Surgery; S3 - Ophthalmology Surgery; S4 - Gynaecology And Obstetrics Surgery; S5 - Orthopedic Surgery And Procedures; S6 - Surgical Gastro Enterology; S7 - Cardiac And Cardiothoracic Surgery; S8 - Pediatric Surgeries; S9 - Genito Urinary Surgeries; S10 - Neurosurgery; S11 - Surgical Oncology; S14 - Plastic Surgery; S15 - Poly Trauma; S16 - Cochlear Implant Surgery; S17 - Prostheses; S20 - Unspecified Surgical Package; M1 - Critical Care; M2 - General Medicine; M3 - Infectious Diseases; M4 - Pediatrics; M5 - Cardiology; M6 - Nephrology; M7 - Neurology; M8 - Pulmonology; M9 - Dermatology; M10 - Rheumatology; M11 - Endocrinology; M12 - Gastroenterology; M14 - Thalassemia; M15 - Medical Oncology; M16 - Radiation Oncology
739,PHC Pullur,Government-DPH,Siddipet,Siddipet Urban,-,Dr.Md.Azeemudhin (7036031508),S1 - General Surgery; S2 - Ent Surgery; S3 - Ophthalmology Surgery; S4 - Gynaecology And Obstetrics Surgery; S5 - Orthopedic Surgery And Procedures; S6 - Surgical Gastro Enterology; S7 - Cardiac And Cardiothoracic Surgery; S8 - Pediatric Surgeries; S9 - Genito Urinary Surgeries; S10 - Neurosurgery; S11 - Surgical Oncology; S14 - Plastic Surgery; S15 - Poly Trauma; S16 - Cochlear Implant Surgery; S17 - Prostheses; S20 - Unspecified Surgical Package; M1 - Critical Care; M2 - General Medicine; M3 - Infectious Diseases; M4 - Pediatrics; M5 - Cardiology; M6 - Nephrology; M7 - Neurology; M8 - Pulmonology; M9 - Dermatology; M10 - Rheumatology; M11 - Endocrinology; M12 - Gastroenterology; M14 - Thalassemia; M15 - Medical Oncology; M16 - Radiation Oncology
740,PHC Puthlibowli,Government-DPH,Adilabad,Adilabad Urban,Adilabad,Dr.A.Vamshikrshna (6302510093); Dr Alekya (9676764714),S1 - General Surgery; S2 - Ent Surgery; S3 - Ophthalmology Surgery; S4 - Gynaecology And Obstetrics Surgery; S5 - Orthopedic Surgery And Procedures; S6 - Surgical Gastro Enterology; S7 - Cardiac And Cardiothoracic Surgery; S8 - Pediatric Surgeries; S9 - Genito Urinary Surgeries; S10 - Neurosurgery; S11 - Surgical Oncology; S14 - Plastic Surgery; S15 - Poly Trauma; S16 - Cochlear Implant Surgery; S17 - Prostheses; S20 - Unspecified Surgical Package; M1 - Critical Care; M2 - General Medicine; M3 - Infectious Diseases; M4 - Pediatrics; M5 - Cardiology; M6 - Nephrology; M7 - Neurology; M8 - Pulmonology; M9 - Dermatology; M10 - Rheumatology; M11 - Endocrinology; M12 - Gastroenterology; M14 - Thalassemia; M15 - Medical Oncology; M16 - Radiation Oncology
741,PHC Putnur,Government-DPH,Peddapalli,Palakurthy,-,Dr P Swapna (8555939199),S1 - General Surgery; S2 - Ent Surgery; S3 - Ophthalmology Surgery; S4 - Gynaecology And Obstetrics Surgery; S5 - Orthopedic Surgery And Procedures; S6 - Surgical Gastro Enterology; S7 - Cardiac And Cardiothoracic Surgery; S8 - Pediatric Surgeries; S9 - Genito Urinary Surgeries; S10 - Neurosurgery; S11 - Surgical Oncology; S14 - Plastic Surgery; S15 - Poly Trauma; S16 - Cochlear Implant Surgery; S17 - Prostheses; S20 - Unspecified Surgical Package; M1 - Critical Care; M2 - General Medicine; M3 - Infectious Diseases; M4 - Pediatrics; M5 - Cardiology; M6 - Nephrology; M7 - Neurology; M8 - Pulmonology; M9 - Dermatology; M10 - Rheumatology; M11 - Endocrinology; M12 - Gastroenterology; M14 - Thalassemia; M15 - Medical Oncology; M16 - Radiation Oncology
742,PHC Quthbullapur,Government-DPH,Medchal-Malkajgiri,Dundigal Gandimaisamma,Ghmc,Dr.Y.Nirmala (94402 17455),S1 - General Surgery; S2 - Ent Surgery; S3 - Ophthalmology Surgery; S4 - Gynaecology And Obstetrics Surgery; S5 - Orthopedic Surgery And Procedures; S6 - Surgical Gastro Enterology; S7 - Cardiac And Cardiothoracic Surgery; S8 - Pediatric Surgeries; S9 - Genito Urinary Surgeries; S10 - Neurosurgery; S11 - Surgical Oncology; S14 - Plastic Surgery; S15 - Poly Trauma; S16 - Cochlear Implant Surgery; S17 - Prostheses; S20 - Unspecified Surgical Package; M1 - Critical Care; M2 - General Medicine; M3 - Infectious Diseases; M4 - Pediatrics; M5 - Cardiology; M6 - Nephrology; M7 - Neurology; M8 - Pulmonology; M9 - Dermatology; M10 - Rheumatology; M11 - Endocrinology; M12 - Gastroenterology; M14 - Thalassemia; M15 - Medical Oncology; M16 - Radiation Oncology
743,PHC RC Puram,Government-DPH,Sangareddy,Ramchandrapuram,Ghmc,Dr P. Nagaraja Kumari (9704289774),S1 - General Surgery; S2 - Ent Surgery; S3 - Ophthalmology Surgery; S4 - Gynaecology And Obstetrics Surgery; S5 - Orthopedic Surgery And Procedures; S6 - Surgical Gastro Enterology; S7 - Cardiac And Cardiothoracic Surgery; S8 - Pediatric Surgeries; S9 - Genito Urinary Surgeries; S10 - Neurosurgery; S11 - Surgical Oncology; S14 - Plastic Surgery; S15 - Poly Trauma; S16 - Cochlear Implant Surgery; S17 - Prostheses; S20 - Unspecified Surgical Package; M1 - Critical Care; M2 - General Medicine; M3 - Infectious Diseases; M4 - Pediatrics; M5 - Cardiology; M6 - Nephrology; M7 - Neurology; M8 - Pulmonology; M9 - Dermatology; M10 - Rheumatology; M11 - Endocrinology; M12 - Gastroenterology; M14 - Thalassemia; M15 - Medical Oncology; M16 - Radiation Oncology
744,PHC RHCPTC,Government-DPH,Sangareddy,Patancheru,Ghmc,Dr Gopi Kumar Naidu (9440710444); Dr Sowjanya (9985022262),S1 - General Surgery; S2 - Ent Surgery; S3 - Ophthalmology Surgery; S4 - Gynaecology And Obstetrics Surgery; S5 - Orthopedic Surgery And Procedures; S6 - Surgical Gastro Enterology; S7 - Cardiac And Cardiothoracic Surgery; S8 - Pediatric Surgeries; S9 - Genito Urinary Surgeries; S10 - Neurosurgery; S11 - Surgical Oncology; S14 - Plastic Surgery; S15 - Poly Trauma; S16 - Cochlear Implant Surgery; S17 - Prostheses; S20 - Unspecified Surgical Package; M1 - Critical Care; M2 - General Medicine; M3 - Infectious Diseases; M4 - Pediatrics; M5 - Cardiology; M6 - Nephrology; M7 - Neurology; M8 - Pulmonology; M9 - Dermatology; M10 - Rheumatology; M11 - Endocrinology; M12 - Gastroenterology; M14 - Thalassemia; M15 - Medical Oncology; M16 - Radiation Oncology
745,PHC Rachulur,Government-DPH,Rangareddy,Kandukur,-,Dr.Harinath (9885214546); Pulendra Naidu (8497961243),S1 - General Surgery; S2 - Ent Surgery; S3 - Ophthalmology Surgery; S4 - Gynaecology And Obstetrics Surgery; S5 - Orthopedic Surgery And Procedures; S6 - Surgical Gastro Enterology; S7 - Cardiac And Cardiothoracic Surgery; S8 - Pediatric Surgeries; S9 - Genito Urinary Surgeries; S10 - Neurosurgery; S11 - Surgical Oncology; S14 - Plastic Surgery; S15 - Poly Trauma; S16 - Cochlear Implant Surgery; S17 - Prostheses; S20 - Unspecified Surgical Package; M1 - Critical Care; M2 - General Medicine; M3 - Infectious Diseases; M4 - Pediatrics; M5 - Cardiology; M6 - Nephrology; M7 - Neurology; M8 - Pulmonology; M9 - Dermatology; M10 - Rheumatology; M11 - Endocrinology; M12 - Gastroenterology; M14 - Thalassemia; M15 - Medical Oncology; M16 - Radiation Oncology
746,PHC Ragavapur,Government-DPH,Peddapalli,Peddapalli,-,Dr K Mamatha (9390776865),S1 - General Surgery; S2 - Ent Surgery; S3 - Ophthalmology Surgery; S4 - Gynaecology And Obstetrics Surgery; S5 - Orthopedic Surgery And Procedures; S6 - Surgical Gastro Enterology; S7 - Cardiac And Cardiothoracic Surgery; S8 - Pediatric Surgeries; S9 - Genito Urinary Surgeries; S10 - Neurosurgery; S11 - Surgical Oncology; S14 - Plastic Surgery; S15 - Poly Trauma; S16 - Cochlear Implant Surgery; S17 - Prostheses; S20 - Unspecified Surgical Package; M1 - Critical Care; M2 - General Medicine; M3 - Infectious Diseases; M4 - Pediatrics; M5 - Cardiology; M6 - Nephrology; M7 - Neurology; M8 - Pulmonology; M9 - Dermatology; M10 - Rheumatology; M11 - Endocrinology; M12 - Gastroenterology; M14 - Thalassemia; M15 - Medical Oncology; M16 - Radiation Oncology
747,PHC Raghunathpalle,Government-DPH,Jangoan,Raghunathpalle,-,Dr.Sravanthi (8309304405); Dr.Sriteja (7032876122),S1 - General Surgery; S2 - Ent Surgery; S3 - Ophthalmology Surgery; S4 - Gynaecology And Obstetrics Surgery; S5 - Orthopedic Surgery And Procedures; S6 - Surgical Gastro Enterology; S7 - Cardiac And Cardiothoracic Surgery; S8 - Pediatric Surgeries; S9 - Genito Urinary Surgeries; S10 - Neurosurgery; S11 - Surgical Oncology; S14 - Plastic Surgery; S15 - Poly Trauma; S16 - Cochlear Implant Surgery; S17 - Prostheses; S20 - Unspecified Surgical Package; M1 - Critical Care; M2 - General Medicine; M3 - Infectious Diseases; M4 - Pediatrics; M5 - Cardiology; M6 - Nephrology; M7 - Neurology; M8 - Pulmonology; M9 - Dermatology; M10 - Rheumatology; M11 - Endocrinology; M12 - Gastroenterology; M14 - Thalassemia; M15 - Medical Oncology; M16 - Radiation Oncology
748,PHC Raghupathipet,Government-DPH,Nagarkurnool,Kalwakurthy,-,Dr Md Babar (9908765801); Dr Pradeep Kumar (9052226853),S1 - General Surgery; S2 - Ent Surgery; S3 - Ophthalmology Surgery; S4 - Gynaecology And Obstetrics Surgery; S5 - Orthopedic Surgery And Procedures; S6 - Surgical Gastro Enterology; S7 - Cardiac And Cardiothoracic Surgery; S8 - Pediatric Surgeries; S9 - Genito Urinary Surgeries; S10 - Neurosurgery; S11 - Surgical Oncology; S14 - Plastic Surgery; S15 - Poly Trauma; S16 - Cochlear Implant Surgery; S17 - Prostheses; S20 - Unspecified Surgical Package; M1 - Critical Care; M2 - General Medicine; M3 - Infectious Diseases; M4 - Pediatrics; M5 - Cardiology; M6 - Nephrology; M7 - Neurology; M8 - Pulmonology; M9 - Dermatology; M10 - Rheumatology; M11 - Endocrinology; M12 - Gastroenterology; M14 - Thalassemia; M15 - Medical Oncology; M16 - Radiation Oncology
749,PHC Raginedu,Government-DPH,Peddapalli,Peddapalli,-,Dr.P.Phanindra (9866399529),S1 - General Surgery; S2 - Ent Surgery; S3 - Ophthalmology Surgery; S4 - Gynaecology And Obstetrics Surgery; S5 - Orthopedic Surgery And Procedures; S6 - Surgical Gastro Enterology; S7 - Cardiac And Cardiothoracic Surgery; S8 - Pediatric Surgeries; S9 - Genito Urinary Surgeries; S10 - Neurosurgery; S11 - Surgical Oncology; S14 - Plastic Surgery; S15 - Poly Trauma; S16 - Cochlear Implant Surgery; S17 - Prostheses; S20 - Unspecified Surgical Package; M1 - Critical Care; M2 - General Medicine; M3 - Infectious Diseases; M4 - Pediatrics; M5 - Cardiology; M6 - Nephrology; M7 - Neurology; M8 - Pulmonology; M9 - Dermatology; M10 - Rheumatology; M11 - Endocrinology; M12 - Gastroenterology; M14 - Thalassemia; M15 - Medical Oncology; M16 - Radiation Oncology
750,PHC Raikode,Government-DPH,Sangareddy,Raikode,-,Dr Sravan Kumar V (7032704913),S1 - General Surgery; S2 - Ent Surgery; S3 - Ophthalmology Surgery; S4 - Gynaecology And Obstetrics Surgery; S5 - Orthopedic Surgery And Procedures; S6 - Surgical Gastro Enterology; S7 - Cardiac And Cardiothoracic Surgery; S8 - Pediatric Surgeries; S9 - Genito Urinary Surgeries; S10 - Neurosurgery; S11 - Surgical Oncology; S14 - Plastic Surgery; S15 - Poly Trauma; S16 - Cochlear Implant Surgery; S17 - Prostheses; S20 - Unspecified Surgical Package; M1 - Critical Care; M2 - General Medicine; M3 - Infectious Diseases; M4 - Pediatrics; M5 - Cardiology; M6 - Nephrology; M7 - Neurology; M8 - Pulmonology; M9 - Dermatology; M10 - Rheumatology; M11 - Endocrinology; M12 - Gastroenterology; M14 - Thalassemia; M15 - Medical Oncology; M16 - Radiation Oncology
751,PHC Raipole,Government-DPH,Siddipet,Raipole,-,Dr.S.Sreedhar (9963997535),S1 - General Surgery; S2 - Ent Surgery; S3 - Ophthalmology Surgery; S4 - Gynaecology And Obstetrics Surgery; S5 - Orthopedic Surgery And Procedures; S6 - Surgical Gastro Enterology; S7 - Cardiac And Cardiothoracic Surgery; S8 - Pediatric Surgeries; S9 - Genito Urinary Surgeries; S10 - Neurosurgery; S11 - Surgical Oncology; S14 - Plastic Surgery; S15 - Poly Trauma; S16 - Cochlear Implant Surgery; S17 - Prostheses; S20 - Unspecified Surgical Package; M1 - Critical Care; M2 - General Medicine; M3 - Infectious Diseases; M4 - Pediatrics; M5 - Cardiology; M6 - Nephrology; M7 - Neurology; M8 - Pulmonology; M9 - Dermatology; M10 - Rheumatology; M11 - Endocrinology; M12 - Gastroenterology; M14 - Thalassemia; M15 - Medical Oncology; M16 - Radiation Oncology
752,PHC Rajampet,Government-DPH,Kamareddy,Rajampet,-,Dr.Idris Gori (9701686723),S1 - General Surgery; S2 - Ent Surgery; S3 - Ophthalmology Surgery; S4 - Gynaecology And Obstetrics Surgery; S5 - Orthopedic Surgery And Procedures; S6 - Surgical Gastro Enterology; S7 - Cardiac And Cardiothoracic Surgery; S8 - Pediatric Surgeries; S9 - Genito Urinary Surgeries; S10 - Neurosurgery; S11 - Surgical Oncology; S14 - Plastic Surgery; S15 - Poly Trauma; S16 - Cochlear Implant Surgery; S17 - Prostheses; S20 - Unspecified Surgical Package; M1 - Critical Care; M2 - General Medicine; M3 - Infectious Diseases; M4 - Pediatrics; M5 - Cardiology; M6 - Nephrology; M7 - Neurology; M8 - Pulmonology; M9 - Dermatology; M10 - Rheumatology; M11 - Endocrinology; M12 - Gastroenterology; M14 - Thalassemia; M15 - Medical Oncology; M16 - Radiation Oncology
753,PHC Rajapet,Government-DPH,Yadadri Bhuvanagiri,Rajapet,-,Dr. Rajender (8341132053),S1 - General Surgery; S2 - Ent Surgery; S3 - Ophthalmology Surgery; S4 - Gynaecology And Obstetrics Surgery; S5 - Orthopedic Surgery And Procedures; S6 - Surgical Gastro Enterology; S7 - Cardiac And Cardiothoracic Surgery; S8 - Pediatric Surgeries; S9 - Genito Urinary Surgeries; S10 - Neurosurgery; S11 - Surgical Oncology; S14 - Plastic Surgery; S15 - Poly Trauma; S16 - Cochlear Implant Surgery; S17 - Prostheses; S20 - Unspecified Surgical Package; M1 - Critical Care; M2 - General Medicine; M3 - Infectious Diseases; M4 - Pediatrics; M5 - Cardiology; M6 - Nephrology; M7 - Neurology; M8 - Pulmonology; M9 - Dermatology; M10 - Rheumatology; M11 - Endocrinology; M12 - Gastroenterology; M14 - Thalassemia; M15 - Medical Oncology; M16 - Radiation Oncology
754,PHC Rajapur,Government-DPH,Mahabubnagar,Rajapur,-,Dr.Prathap Chauhan (6281775062),S1 - General Surgery; S2 - Ent Surgery; S3 - Ophthalmology Surgery; S4 - Gynaecology And Obstetrics Surgery; S5 - Orthopedic Surgery And Procedures; S6 - Surgical Gastro Enterology; S7 - Cardiac And Cardiothoracic Surgery; S8 - Pediatric Surgeries; S9 - Genito Urinary Surgeries; S10 - Neurosurgery; S11 - Surgical Oncology; S14 - Plastic Surgery; S15 - Poly Trauma; S16 - Cochlear Implant Surgery; S17 - Prostheses; S20 - Unspecified Surgical Package; M1 - Critical Care; M2 - General Medicine; M3 - Infectious Diseases; M4 - Pediatrics; M5 - Cardiology; M6 - Nephrology; M7 - Neurology; M8 - Pulmonology; M9 - Dermatology; M10 - Rheumatology; M11 - Endocrinology; M12 - Gastroenterology; M14 - Thalassemia; M15 - Medical Oncology; M16 - Radiation Oncology
755,PHC Rajgopalpet,Government-DPH,Siddipet,Siddipet Urban,-,Dr Radhika (9618595916),S1 - General Surgery; S2 - Ent Surgery; S3 - Ophthalmology Surgery; S4 - Gynaecology And Obstetrics Surgery; S5 - Orthopedic Surgery And Procedures; S6 - Surgical Gastro Enterology; S7 - Cardiac And Cardiothoracic Surgery; S8 - Pediatric Surgeries; S9 - Genito Urinary Surgeries; S10 - Neurosurgery; S11 - Surgical Oncology; S14 - Plastic Surgery; S15 - Poly Trauma; S16 - Cochlear Implant Surgery; S17 - Prostheses; S20 - Unspecified Surgical Package; M1 - Critical Care; M2 - General Medicine; M3 - Infectious Diseases; M4 - Pediatrics; M5 - Cardiology; M6 - Nephrology; M7 - Neurology; M8 - Pulmonology; M9 - Dermatology; M10 - Rheumatology; M11 - Endocrinology; M12 - Gastroenterology; M14 - Thalassemia; M15 - Medical Oncology; M16 - Radiation Oncology
756,PHC Rajoli,Government-DPH,Jogulamba Gadwal,Rajoli,-,Dr A.Malakondaiah (9440075451),S1 - General Surgery; S2 - Ent Surgery; S3 - Ophthalmology Surgery; S4 - Gynaecology And Obstetrics Surgery; S5 - Orthopedic Surgery And Procedures; S6 - Surgical Gastro Enterology; S7 - Cardiac And Cardiothoracic Surgery; S8 - Pediatric Surgeries; S9 - Genito Urinary Surgeries; S10 - Neurosurgery; S11 - Surgical Oncology; S14 - Plastic Surgery; S15 - Poly Trauma; S16 - Cochlear Implant Surgery; S17 - Prostheses; S20 - Unspecified Surgical Package; M1 - Critical Care; M2 - General Medicine; M3 - Infectious Diseases; M4 - Pediatrics; M5 - Cardiology; M6 - Nephrology; M7 - Neurology; M8 - Pulmonology; M9 - Dermatology; M10 - Rheumatology; M11 - Endocrinology; M12 - Gastroenterology; M14 - Thalassemia; M15 - Medical Oncology; M16 - Radiation Oncology
757,PHC Ramadugu,Government-DPH,Karimnagar,Ramadugu,-,Dr.Srinivas (9848873610),S1 - General Surgery; S2 - Ent Surgery; S3 - Ophthalmology Surgery; S4 - Gynaecology And Obstetrics Surgery; S5 - Orthopedic Surgery And Procedures; S6 - Surgical Gastro Enterology; S7 - Cardiac And Cardiothoracic Surgery; S8 - Pediatric Surgeries; S9 - Genito Urinary Surgeries; S10 - Neurosurgery; S11 - Surgical Oncology; S14 - Plastic Surgery; S15 - Poly Trauma; S16 - Cochlear Implant Surgery; S17 - Prostheses; S20 - Unspecified Surgical Package; M1 - Critical Care; M2 - General Medicine; M3 - Infectious Diseases; M4 - Pediatrics; M5 - Cardiology; M6 - Nephrology; M7 - Neurology; M8 - Pulmonology; M9 - Dermatology; M10 - Rheumatology; M11 - Endocrinology; M12 - Gastroenterology; M14 - Thalassemia; M15 - Medical Oncology; M16 - Radiation Oncology
758,PHC Ramagundam,Government-DPH,Peddapalli,Ramagundam,-,Dr.P.Krupabai (9866176563),S1 - General Surgery; S2 - Ent Surgery; S3 - Ophthalmology Surgery; S4 - Gynaecology And Obstetrics Surgery; S5 - Orthopedic Surgery And Procedures; S6 - Surgical Gastro Enterology; S7 - Cardiac And Cardiothoracic Surgery; S8 - Pediatric Surgeries; S9 - Genito Urinary Surgeries; S10 - Neurosurgery; S11 - Surgical Oncology; S14 - Plastic Surgery; S15 - Poly Trauma; S16 - Cochlear Implant Surgery; S17 - Prostheses; S20 - Unspecified Surgical Package; M1 - Critical Care; M2 - General Medicine; M3 - Infectious Diseases; M4 - Pediatrics; M5 - Cardiology; M6 - Nephrology; M7 - Neurology; M8 - Pulmonology; M9 - Dermatology; M10 - Rheumatology; M11 - Endocrinology; M12 - Gastroenterology; M14 - Thalassemia; M15 - Medical Oncology; M16 - Radiation Oncology
759,PHC Ramaiahguda,Government-DPH,Vikarabad,Vikarabad,Vikarabad,Dr C. Vinod Reddy (8179779060),S1 - General Surgery; S2 - Ent Surgery; S3 - Ophthalmology Surgery; S4 - Gynaecology And Obstetrics Surgery; S5 - Orthopedic Surgery And Procedures; S6 - Surgical Gastro Enterology; S7 - Cardiac And Cardiothoracic Surgery; S8 - Pediatric Surgeries; S9 - Genito Urinary Surgeries; S10 - Neurosurgery; S11 - Surgical Oncology; S14 - Plastic Surgery; S15 - Poly Trauma; S16 - Cochlear Implant Surgery; S17 - Prostheses; S20 - Unspecified Surgical Package; M1 - Critical Care; M2 - General Medicine; M3 - Infectious Diseases; M4 - Pediatrics; M5 - Cardiology; M6 - Nephrology; M7 - Neurology; M8 - Pulmonology; M9 - Dermatology; M10 - Rheumatology; M11 - Endocrinology; M12 - Gastroenterology; M14 - Thalassemia; M15 - Medical Oncology; M16 - Radiation Oncology
760,PHC Ramakkapet,Government-DPH,Siddipet,Dubbak,-,Dr P Karthik (8019915900),S1 - General Surgery; S2 - Ent Surgery; S3 - Ophthalmology Surgery; S4 - Gynaecology And Obstetrics Surgery; S5 - Orthopedic Surgery And Procedures; S6 - Surgical Gastro Enterology; S7 - Cardiac And Cardiothoracic Surgery; S8 - Pediatric Surgeries; S9 - Genito Urinary Surgeries; S10 - Neurosurgery; S11 - Surgical Oncology; S14 - Plastic Surgery; S15 - Poly Trauma; S16 - Cochlear Implant Surgery; S17 - Prostheses; S20 - Unspecified Surgical Package; M1 - Critical Care; M2 - General Medicine; M3 - Infectious Diseases; M4 - Pediatrics; M5 - Cardiology; M6 - Nephrology; M7 - Neurology; M8 - Pulmonology; M9 - Dermatology; M10 - Rheumatology; M11 - Endocrinology; M12 - Gastroenterology; M14 - Thalassemia; M15 - Medical Oncology; M16 - Radiation Oncology
761,PHC Ramannapet,Government-DPH,Yadadri Bhuvanagiri,Ramannapeta,-,Dr.E Venkatesham (9515942635),S1 - General Surgery; S2 - Ent Surgery; S3 - Ophthalmology Surgery; S4 - Gynaecology And Obstetrics Surgery; S5 - Orthopedic Surgery And Procedures; S6 - Surgical Gastro Enterology; S7 - Cardiac And Cardiothoracic Surgery; S8 - Pediatric Surgeries; S9 - Genito Urinary Surgeries; S10 - Neurosurgery; S11 - Surgical Oncology; S14 - Plastic Surgery; S15 - Poly Trauma; S16 - Cochlear Implant Surgery; S17 - Prostheses; S20 - Unspecified Surgical Package; M1 - Critical Care; M2 - General Medicine; M3 - Infectious Diseases; M4 - Pediatrics; M5 - Cardiology; M6 - Nephrology; M7 - Neurology; M8 - Pulmonology; M9 - Dermatology; M10 - Rheumatology; M11 - Endocrinology; M12 - Gastroenterology; M14 - Thalassemia; M15 - Medical Oncology; M16 - Radiation Oncology
762,PHC Ramareddy,Government-DPH,Kamareddy,Kamareddy,-,Dr.Shaheed Ali (9491622688),S1 - General Surgery; S2 - Ent Surgery; S3 - Ophthalmology Surgery; S4 - Gynaecology And Obstetrics Surgery; S5 - Orthopedic Surgery And Procedures; S6 - Surgical Gastro Enterology; S7 - Cardiac And Cardiothoracic Surgery; S8 - Pediatric Surgeries; S9 - Genito Urinary Surgeries; S10 - Neurosurgery; S11 - Surgical Oncology; S14 - Plastic Surgery; S15 - Poly Trauma; S16 - Cochlear Implant Surgery; S17 - Prostheses; S20 - Unspecified Surgical Package; M1 - Critical Care; M2 - General Medicine; M3 - Infectious Diseases; M4 - Pediatrics; M5 - Cardiology; M6 - Nephrology; M7 - Neurology; M8 - Pulmonology; M9 - Dermatology; M10 - Rheumatology; M11 - Endocrinology; M12 - Gastroenterology; M14 - Thalassemia; M15 - Medical Oncology; M16 - Radiation Oncology
763,PHC Ramulabanda,Government-DPH,Nalgonda,Nalgonda,-,Dr B. Nehru Naik (9848630680); Dr. B. Nithin Goutham (9573087708),S1 - General Surgery; S2 - Ent Surgery; S3 - Ophthalmology Surgery; S4 - Gynaecology And Obstetrics Surgery; S5 - Orthopedic Surgery And Procedures; S6 - Surgical Gastro Enterology; S7 - Cardiac And Cardiothoracic Surgery; S8 - Pediatric Surgeries; S9 - Genito Urinary Surgeries; S10 - Neurosurgery; S11 - Surgical Oncology; S14 - Plastic Surgery; S15 - Poly Trauma; S16 - Cochlear Implant Surgery; S17 - Prostheses; S20 - Unspecified Surgical Package; M1 - Critical Care; M2 - General Medicine; M3 - Infectious Diseases; M4 - Pediatrics; M5 - Cardiology; M6 - Nephrology; M7 - Neurology; M8 - Pulmonology; M9 - Dermatology; M10 - Rheumatology; M11 - Endocrinology; M12 - Gastroenterology; M14 - Thalassemia; M15 - Medical Oncology; M16 - Radiation Oncology
764,PHC Rangampet,Government-DPH,Medak,Kulcharam,-,Dr.Samreena Fathima (9848486169),S1 - General Surgery; S2 - Ent Surgery; S3 - Ophthalmology Surgery; S4 - Gynaecology And Obstetrics Surgery; S5 - Orthopedic Surgery And Procedures; S6 - Surgical Gastro Enterology; S7 - Cardiac And Cardiothoracic Surgery; S8 - Pediatric Surgeries; S9 - Genito Urinary Surgeries; S10 - Neurosurgery; S11 - Surgical Oncology; S14 - Plastic Surgery; S15 - Poly Trauma; S16 - Cochlear Implant Surgery; S17 - Prostheses; S20 - Unspecified Surgical Package; M1 - Critical Care; M2 - General Medicine; M3 - Infectious Diseases; M4 - Pediatrics; M5 - Cardiology; M6 - Nephrology; M7 - Neurology; M8 - Pulmonology; M9 - Dermatology; M10 - Rheumatology; M11 - Endocrinology; M12 - Gastroenterology; M14 - Thalassemia; M15 - Medical Oncology; M16 - Radiation Oncology
765,PHC Rayaparthy W,Government-DPH,Warangal,Raiparthy,-,Dr.B.Venkatesh (9676559080),S1 - General Surgery; S2 - Ent Surgery; S3 - Ophthalmology Surgery; S4 - Gynaecology And Obstetrics Surgery; S5 - Orthopedic Surgery And Procedures; S6 - Surgical Gastro Enterology; S7 - Cardiac And Cardiothoracic Surgery; S8 - Pediatric Surgeries; S9 - Genito Urinary Surgeries; S10 - Neurosurgery; S11 - Surgical Oncology; S14 - Plastic Surgery; S15 - Poly Trauma; S16 - Cochlear Implant Surgery; S17 - Prostheses; S20 - Unspecified Surgical Package; M1 - Critical Care; M2 - General Medicine; M3 - Infectious Diseases; M4 - Pediatrics; M5 - Cardiology; M6 - Nephrology; M7 - Neurology; M8 - Pulmonology; M9 - Dermatology; M10 - Rheumatology; M11 - Endocrinology; M12 - Gastroenterology; M14 - Thalassemia; M15 - Medical Oncology; M16 - Radiation Oncology
766,PHC Rebbana,Government-DPH,Komaram Bheem Asifabad,Rebbena,-,Dr J Muralidher (9121543525),S1 - General Surgery; S2 - Ent Surgery; S3 - Ophthalmology Surgery; S4 - Gynaecology And Obstetrics Surgery; S5 - Orthopedic Surgery And Procedures; S6 - Surgical Gastro Enterology; S7 - Cardiac And Cardiothoracic Surgery; S8 - Pediatric Surgeries; S9 - Genito Urinary Surgeries; S10 - Neurosurgery; S11 - Surgical Oncology; S14 - Plastic Surgery; S15 - Poly Trauma; S16 - Cochlear Implant Surgery; S17 - Prostheses; S20 - Unspecified Surgical Package; M1 - Critical Care; M2 - General Medicine; M3 - Infectious Diseases; M4 - Pediatrics; M5 - Cardiology; M6 - Nephrology; M7 - Neurology; M8 - Pulmonology; M9 - Dermatology; M10 - Rheumatology; M11 - Endocrinology; M12 - Gastroenterology; M14 - Thalassemia; M15 - Medical Oncology; M16 - Radiation Oncology
767,PHC Reddypally,Government-DPH,Medak,Narsapur,-,Dr Priya Darshini (9618131095),S1 - General Surgery; S2 - Ent Surgery; S3 - Ophthalmology Surgery; S4 - Gynaecology And Obstetrics Surgery; S5 - Orthopedic Surgery And Procedures; S6 - Surgical Gastro Enterology; S7 - Cardiac And Cardiothoracic Surgery; S8 - Pediatric Surgeries; S9 - Genito Urinary Surgeries; S10 - Neurosurgery; S11 - Surgical Oncology; S14 - Plastic Surgery; S15 - Poly Trauma; S16 - Cochlear Implant Surgery; S17 - Prostheses; S20 - Unspecified Surgical Package; M1 - Critical Care; M2 - General Medicine; M3 - Infectious Diseases; M4 - Pediatrics; M5 - Cardiology; M6 - Nephrology; M7 - Neurology; M8 - Pulmonology; M9 - Dermatology; M10 - Rheumatology; M11 - Endocrinology; M12 - Gastroenterology; M14 - Thalassemia; M15 - Medical Oncology; M16 - Radiation Oncology
768,PHC Regalla,Government-DPH,Bhadradri Kothagudem,Laxmidevipalli,-,Dr. Sudheer (9908399822),S1 - General Surgery; S2 - Ent Surgery; S3 - Ophthalmology Surgery; S4 - Gynaecology And Obstetrics Surgery; S5 - Orthopedic Surgery And Procedures; S6 - Surgical Gastro Enterology; S7 - Cardiac And Cardiothoracic Surgery; S8 - Pediatric Surgeries; S9 - Genito Urinary Surgeries; S10 - Neurosurgery; S11 - Surgical Oncology; S14 - Plastic Surgery; S15 - Poly Trauma; S16 - Cochlear Implant Surgery; S17 - Prostheses; S20 - Unspecified Surgical Package; M1 - Critical Care; M2 - General Medicine; M3 - Infectious Diseases; M4 - Pediatrics; M5 - Cardiology; M6 - Nephrology; M7 - Neurology; M8 - Pulmonology; M9 - Dermatology; M10 - Rheumatology; M11 - Endocrinology; M12 - Gastroenterology; M14 - Thalassemia; M15 - Medical Oncology; M16 - Radiation Oncology
769,PHC Regode,Government-DPH,Medak,Regode,-,Dr.Ambika Samuel (9394719370); Dr.Swetha (9494820915),S1 - General Surgery; S2 - Ent Surgery; S3 - Ophthalmology Surgery; S4 - Gynaecology And Obstetrics Surgery; S5 - Orthopedic Surgery And Procedures; S6 - Surgical Gastro Enterology; S7 - Cardiac And Cardiothoracic Surgery; S8 - Pediatric Surgeries; S9 - Genito Urinary Surgeries; S10 - Neurosurgery; S11 - Surgical Oncology; S14 - Plastic Surgery; S15 - Poly Trauma; S16 - Cochlear Implant Surgery; S17 - Prostheses; S20 - Unspecified Surgical Package; M1 - Critical Care; M2 - General Medicine; M3 - Infectious Diseases; M4 - Pediatrics; M5 - Cardiology; M6 - Nephrology; M7 - Neurology; M8 - Pulmonology; M9 - Dermatology; M10 - Rheumatology; M11 - Endocrinology; M12 - Gastroenterology; M14 - Thalassemia; M15 - Medical Oncology; M16 - Radiation Oncology
770,PHC Regonda,Government-DPH,Jayashankar Bhoopalpally,Regonda,-,Dr.K.Matha Devi (6305196669); Dr. S.Niharika (9949820050),S1 - General Surgery; S2 - Ent Surgery; S3 - Ophthalmology Surgery; S4 - Gynaecology And Obstetrics Surgery; S5 - Orthopedic Surgery And Procedures; S6 - Surgical Gastro Enterology; S7 - Cardiac And Cardiothoracic Surgery; S8 - Pediatric Surgeries; S9 - Genito Urinary Surgeries; S10 - Neurosurgery; S11 - Surgical Oncology; S14 - Plastic Surgery; S15 - Poly Trauma; S16 - Cochlear Implant Surgery; S17 - Prostheses; S20 - Unspecified Surgical Package; M1 - Critical Care; M2 - General Medicine; M3 - Infectious Diseases; M4 - Pediatrics; M5 - Cardiology; M6 - Nephrology; M7 - Neurology; M8 - Pulmonology; M9 - Dermatology; M10 - Rheumatology; M11 - Endocrinology; M12 - Gastroenterology; M14 - Thalassemia; M15 - Medical Oncology; M16 - Radiation Oncology
771,PHC Renjal,Government-DPH,Nizamabad,Renjal,-,Dr.B.Sharon Shini Christina (9666119801),S1 - General Surgery; S2 - Ent Surgery; S3 - Ophthalmology Surgery; S4 - Gynaecology And Obstetrics Surgery; S5 - Orthopedic Surgery And Procedures; S6 - Surgical Gastro Enterology; S7 - Cardiac And Cardiothoracic Surgery; S8 - Pediatric Surgeries; S9 - Genito Urinary Surgeries; S10 - Neurosurgery; S11 - Surgical Oncology; S14 - Plastic Surgery; S15 - Poly Trauma; S16 - Cochlear Implant Surgery; S17 - Prostheses; S20 - Unspecified Surgical Package; M1 - Critical Care; M2 - General Medicine; M3 - Infectious Diseases; M4 - Pediatrics; M5 - Cardiology; M6 - Nephrology; M7 - Neurology; M8 - Pulmonology; M9 - Dermatology; M10 - Rheumatology; M11 - Endocrinology; M12 - Gastroenterology; M14 - Thalassemia; M15 - Medical Oncology; M16 - Radiation Oncology
772,PHC Repala,Government-DPH,Suryapet,Munagala,-,Dr.L.Dilipkumar (9704816207),S1 - General Surgery; S2 - Ent Surgery; S3 - Ophthalmology Surgery; S4 - Gynaecology And Obstetrics Surgery; S5 - Orthopedic Surgery And Procedures; S6 - Surgical Gastro Enterology; S7 - Cardiac And Cardiothoracic Surgery; S8 - Pediatric Surgeries; S9 - Genito Urinary Surgeries; S10 - Neurosurgery; S11 - Surgical Oncology; S14 - Plastic Surgery; S15 - Poly Trauma; S16 - Cochlear Implant Surgery; S17 - Prostheses; S20 - Unspecified Surgical Package; M1 - Critical Care; M2 - General Medicine; M3 - Infectious Diseases; M4 - Pediatrics; M5 - Cardiology; M6 - Nephrology; M7 - Neurology; M8 - Pulmonology; M9 - Dermatology; M10 - Rheumatology; M11 - Endocrinology; M12 - Gastroenterology; M14 - Thalassemia; M15 - Medical Oncology; M16 - Radiation Oncology
773,PHC Rompally,Government-DPH,Komaram Bheem Asifabad,Tiryani,-,Dr.P Harshavardhan (7702822825),S1 - General Surgery; S2 - Ent Surgery; S3 - Ophthalmology Surgery; S4 - Gynaecology And Obstetrics Surgery; S5 - Orthopedic Surgery And Procedures; S6 - Surgical Gastro Enterology; S7 - Cardiac And Cardiothoracic Surgery; S8 - Pediatric Surgeries; S9 - Genito Urinary Surgeries; S10 - Neurosurgery; S11 - Surgical Oncology; S14 - Plastic Surgery; S15 - Poly Trauma; S16 - Cochlear Implant Surgery; S17 - Prostheses; S20 - Unspecified Surgical Package; M1 - Critical Care; M2 - General Medicine; M3 - Infectious Diseases; M4 - Pediatrics; M5 - Cardiology; M6 - Nephrology; M7 - Neurology; M8 - Pulmonology; M9 - Dermatology; M10 - Rheumatology; M11 - Endocrinology; M12 - Gastroenterology; M14 - Thalassemia; M15 - Medical Oncology; M16 - Radiation Oncology
774,PHC Rompedu,Government-DPH,Bhadradri Kothagudem,Yellandu,-,Dr.K. Sandhya Rani (9177990988),S1 - General Surgery; S2 - Ent Surgery; S3 - Ophthalmology Surgery; S4 - Gynaecology And Obstetrics Surgery; S5 - Orthopedic Surgery And Procedures; S6 - Surgical Gastro Enterology; S7 - Cardiac And Cardiothoracic Surgery; S8 - Pediatric Surgeries; S9 - Genito Urinary Surgeries; S10 - Neurosurgery; S11 - Surgical Oncology; S14 - Plastic Surgery; S15 - Poly Trauma; S16 - Cochlear Implant Surgery; S17 - Prostheses; S20 - Unspecified Surgical Package; M1 - Critical Care; M2 - General Medicine; M3 - Infectious Diseases; M4 - Pediatrics; M5 - Cardiology; M6 - Nephrology; M7 - Neurology; M8 - Pulmonology; M9 - Dermatology; M10 - Rheumatology; M11 - Endocrinology; M12 - Gastroenterology; M14 - Thalassemia; M15 - Medical Oncology; M16 - Radiation Oncology
775,PHC Rudrur,Government-DPH,Nizamabad,Rudrur,-,Dr.K.Dilip Kumar (9618253561),S1 - General Surgery; S2 - Ent Surgery; S3 - Ophthalmology Surgery; S4 - Gynaecology And Obstetrics Surgery; S5 - Orthopedic Surgery And Procedures; S6 - Surgical Gastro Enterology; S7 - Cardiac And Cardiothoracic Surgery; S8 - Pediatric Surgeries; S9 - Genito Urinary Surgeries; S10 - Neurosurgery; S11 - Surgical Oncology; S14 - Plastic Surgery; S15 - Poly Trauma; S16 - Cochlear Implant Surgery; S17 - Prostheses; S20 - Unspecified Surgical Package; M1 - Critical Care; M2 - General Medicine; M3 - Infectious Diseases; M4 - Pediatrics; M5 - Cardiology; M6 - Nephrology; M7 - Neurology; M8 - Pulmonology; M9 - Dermatology; M10 - Rheumatology; M11 - Endocrinology; M12 - Gastroenterology; M14 - Thalassemia; M15 - Medical Oncology; M16 - Radiation Oncology
776,PHC S. N. Puram,Government-DPH,Bhadradri Kothagudem,Cherla,-,Dr. S. Mounika (9704195556),S1 - General Surgery; S2 - Ent Surgery; S3 - Ophthalmology Surgery; S4 - Gynaecology And Obstetrics Surgery; S5 - Orthopedic Surgery And Procedures; S6 - Surgical Gastro Enterology; S7 - Cardiac And Cardiothoracic Surgery; S8 - Pediatric Surgeries; S9 - Genito Urinary Surgeries; S10 - Neurosurgery; S11 - Surgical Oncology; S14 - Plastic Surgery; S15 - Poly Trauma; S16 - Cochlear Implant Surgery; S17 - Prostheses; S20 - Unspecified Surgical Package; M1 - Critical Care; M2 - General Medicine; M3 - Infectious Diseases; M4 - Pediatrics; M5 - Cardiology; M6 - Nephrology; M7 - Neurology; M8 - Pulmonology; M9 - Dermatology; M10 - Rheumatology; M11 - Endocrinology; M12 - Gastroenterology; M14 - Thalassemia; M15 - Medical Oncology; M16 - Radiation Oncology
777,PHC Sadashiv Nagar,Government-DPH,Kamareddy,Kamareddy,-,Dr.Idris Gori (9701686723); Dr.Arjuman Nazeera (9701686720),S1 - General Surgery; S2 - Ent Surgery; S3 - Ophthalmology Surgery; S4 - Gynaecology And Obstetrics Surgery; S5 - Orthopedic Surgery And Procedures; S6 - Surgical Gastro Enterology; S7 - Cardiac And Cardiothoracic Surgery; S8 - Pediatric Surgeries; S9 - Genito Urinary Surgeries; S10 - Neurosurgery; S11 - Surgical Oncology; S14 - Plastic Surgery; S15 - Poly Trauma; S16 - Cochlear Implant Surgery; S17 - Prostheses; S20 - Unspecified Surgical Package; M1 - Critical Care; M2 - General Medicine; M3 - Infectious Diseases; M4 - Pediatrics; M5 - Cardiology; M6 - Nephrology; M7 - Neurology; M8 - Pulmonology; M9 - Dermatology; M10 - Rheumatology; M11 - Endocrinology; M12 - Gastroenterology; M14 - Thalassemia; M15 - Medical Oncology; M16 - Radiation Oncology
778,PHC Saidapur,Government-DPH,Karimnagar,V. Saidapur,-,Dr.Syed Farheen Fathima (9700376819),S1 - General Surgery; S2 - Ent Surgery; S3 - Ophthalmology Surgery; S4 - Gynaecology And Obstetrics Surgery; S5 - Orthopedic Surgery And Procedures; S6 - Surgical Gastro Enterology; S7 - Cardiac And Cardiothoracic Surgery; S8 - Pediatric Surgeries; S9 - Genito Urinary Surgeries; S10 - Neurosurgery; S11 - Surgical Oncology; S14 - Plastic Surgery; S15 - Poly Trauma; S16 - Cochlear Implant Surgery; S17 - Prostheses; S20 - Unspecified Surgical Package; M1 - Critical Care; M2 - General Medicine; M3 - Infectious Diseases; M4 - Pediatrics; M5 - Cardiology; M6 - Nephrology; M7 - Neurology; M8 - Pulmonology; M9 - Dermatology; M10 - Rheumatology; M11 - Endocrinology; M12 - Gastroenterology; M14 - Thalassemia; M15 - Medical Oncology; M16 - Radiation Oncology
779,PHC Saloora,Government-DPH,Nizamabad,Bodhan,-,Dr D Rekha (9912078910),S1 - General Surgery; S2 - Ent Surgery; S3 - Ophthalmology Surgery; S4 - Gynaecology And Obstetrics Surgery; S5 - Orthopedic Surgery And Procedures; S6 - Surgical Gastro Enterology; S7 - Cardiac And Cardiothoracic Surgery; S8 - Pediatric Surgeries; S9 - Genito Urinary Surgeries; S10 - Neurosurgery; S11 - Surgical Oncology; S14 - Plastic Surgery; S15 - Poly Trauma; S16 - Cochlear Implant Surgery; S17 - Prostheses; S20 - Unspecified Surgical Package; M1 - Critical Care; M2 - General Medicine; M3 - Infectious Diseases; M4 - Pediatrics; M5 - Cardiology; M6 - Nephrology; M7 - Neurology; M8 - Pulmonology; M9 - Dermatology; M10 - Rheumatology; M11 - Endocrinology; M12 - Gastroenterology; M14 - Thalassemia; M15 - Medical Oncology; M16 - Radiation Oncology
780,PHC Sangem,Government-DPH,Warangal,Sangem,-,Dr.P.Ashok (6305506954); Dr.B.Chinni Krishna (9704837462),S1 - General Surgery; S2 - Ent Surgery; S3 - Ophthalmology Surgery; S4 - Gynaecology And Obstetrics Surgery; S5 - Orthopedic Surgery And Procedures; S6 - Surgical Gastro Enterology; S7 - Cardiac And Cardiothoracic Surgery; S8 - Pediatric Surgeries; S9 - Genito Urinary Surgeries; S10 - Neurosurgery; S11 - Surgical Oncology; S14 - Plastic Surgery; S15 - Poly Trauma; S16 - Cochlear Implant Surgery; S17 - Prostheses; S20 - Unspecified Surgical Package; M1 - Critical Care; M2 - General Medicine; M3 - Infectious Diseases; M4 - Pediatrics; M5 - Cardiology; M6 - Nephrology; M7 - Neurology; M8 - Pulmonology; M9 - Dermatology; M10 - Rheumatology; M11 - Endocrinology; M12 - Gastroenterology; M14 - Thalassemia; M15 - Medical Oncology; M16 - Radiation Oncology
781,PHC Sardana,Government-DPH,Medak,Havelighanapur,-,Dr. Chandrashekar Rao (9390234787),S1 - General Surgery; S2 - Ent Surgery; S3 - Ophthalmology Surgery; S4 - Gynaecology And Obstetrics Surgery; S5 - Orthopedic Surgery And Procedures; S6 - Surgical Gastro Enterology; S7 - Cardiac And Cardiothoracic Surgery; S8 - Pediatric Surgeries; S9 - Genito Urinary Surgeries; S10 - Neurosurgery; S11 - Surgical Oncology; S14 - Plastic Surgery; S15 - Poly Trauma; S16 - Cochlear Implant Surgery; S17 - Prostheses; S20 - Unspecified Surgical Package; M1 - Critical Care; M2 - General Medicine; M3 - Infectious Diseases; M4 - Pediatrics; M5 - Cardiology; M6 - Nephrology; M7 - Neurology; M8 - Pulmonology; M9 - Dermatology; M10 - Rheumatology; M11 - Endocrinology; M12 - Gastroenterology; M14 - Thalassemia; M15 - Medical Oncology; M16 - Radiation Oncology
782,PHC Saroornagar,Government-DPH,Rangareddy,Saroornagar,Ghmc,Dr P Archana (9848332070); Dr Radha Krishna (9177232639),S1 - General Surgery; S2 - Ent Surgery; S3 - Ophthalmology Surgery; S4 - Gynaecology And Obstetrics Surgery; S5 - Orthopedic Surgery And Procedures; S6 - Surgical Gastro Enterology; S7 - Cardiac And Cardiothoracic Surgery; S8 - Pediatric Surgeries; S9 - Genito Urinary Surgeries; S10 - Neurosurgery; S11 - Surgical Oncology; S14 - Plastic Surgery; S15 - Poly Trauma; S16 - Cochlear Implant Surgery; S17 - Prostheses; S20 - Unspecified Surgical Package; M1 - Critical Care; M2 - General Medicine; M3 - Infectious Diseases; M4 - Pediatrics; M5 - Cardiology; M6 - Nephrology; M7 - Neurology; M8 - Pulmonology; M9 - Dermatology; M10 - Rheumatology; M11 - Endocrinology; M12 - Gastroenterology; M14 - Thalassemia; M15 - Medical Oncology; M16 - Radiation Oncology
783,PHC Sayedpur,Government-DPH,Adilabad,Bela,-,Dr Vinod (9440637877); Vacancy (),S1 - General Surgery; S2 - Ent Surgery; S3 - Ophthalmology Surgery; S4 - Gynaecology And Obstetrics Surgery; S5 - Orthopedic Surgery And Procedures; S6 - Surgical Gastro Enterology; S7 - Cardiac And Cardiothoracic Surgery; S8 - Pediatric Surgeries; S9 - Genito Urinary Surgeries; S10 - Neurosurgery; S11 - Surgical Oncology; S14 - Plastic Surgery; S15 - Poly Trauma; S16 - Cochlear Implant Surgery; S17 - Prostheses; S20 - Unspecified Surgical Package; M1 - Critical Care; M2 - General Medicine; M3 - Infectious Diseases; M4 - Pediatrics; M5 - Cardiology; M6 - Nephrology; M7 - Neurology; M8 - Pulmonology; M9 - Dermatology; M10 - Rheumatology; M11 - Endocrinology; M12 - Gastroenterology; M14 - Thalassemia; M15 - Medical Oncology; M16 - Radiation Oncology
784,PHC Shabad,Government-DPH,Rangareddy,Shabad,-,Dr P Kavitha (6309522372); Dr Indira Priya Darshini (9618044847),S1 - General Surgery; S2 - Ent Surgery; S3 - Ophthalmology Surgery; S4 - Gynaecology And Obstetrics Surgery; S5 - Orthopedic Surgery And Procedures; S6 - Surgical Gastro Enterology; S7 - Cardiac And Cardiothoracic Surgery; S8 - Pediatric Surgeries; S9 - Genito Urinary Surgeries; S10 - Neurosurgery; S11 - Surgical Oncology; S14 - Plastic Surgery; S15 - Poly Trauma; S16 - Cochlear Implant Surgery; S17 - Prostheses; S20 - Unspecified Surgical Package; M1 - Critical Care; M2 - General Medicine; M3 - Infectious Diseases; M4 - Pediatrics; M5 - Cardiology; M6 - Nephrology; M7 - Neurology; M8 - Pulmonology; M9 - Dermatology; M10 - Rheumatology; M11 - Endocrinology; M12 - Gastroenterology; M14 - Thalassemia; M15 - Medical Oncology; M16 - Radiation Oncology
785,PHC Shaligowraram,Government-DPH,Nalgonda,Shali Gouraram,-,Dr.D.Venkanna (9908540769),S1 - General Surgery; S2 - Ent Surgery; S3 - Ophthalmology Surgery; S4 - Gynaecology And Obstetrics Surgery; S5 - Orthopedic Surgery And Procedures; S6 - Surgical Gastro Enterology; S7 - Cardiac And Cardiothoracic Surgery; S8 - Pediatric Surgeries; S9 - Genito Urinary Surgeries; S10 - Neurosurgery; S11 - Surgical Oncology; S14 - Plastic Surgery; S15 - Poly Trauma; S16 - Cochlear Implant Surgery; S17 - Prostheses; S20 - Unspecified Surgical Package; M1 - Critical Care; M2 - General Medicine; M3 - Infectious Diseases; M4 - Pediatrics; M5 - Cardiology; M6 - Nephrology; M7 - Neurology; M8 - Pulmonology; M9 - Dermatology; M10 - Rheumatology; M11 - Endocrinology; M12 - Gastroenterology; M14 - Thalassemia; M15 - Medical Oncology; M16 - Radiation Oncology
786,PHC Shankarampet A,Government-DPH,Medak,Shankarampet[A],-,Dr. Pushpalatha (7416165995),S1 - General Surgery; S2 - Ent Surgery; S3 - Ophthalmology Surgery; S4 - Gynaecology And Obstetrics Surgery; S5 - Orthopedic Surgery And Procedures; S6 - Surgical Gastro Enterology; S7 - Cardiac And Cardiothoracic Surgery; S8 - Pediatric Surgeries; S9 - Genito Urinary Surgeries; S10 - Neurosurgery; S11 - Surgical Oncology; S14 - Plastic Surgery; S15 - Poly Trauma; S16 - Cochlear Implant Surgery; S17 - Prostheses; S20 - Unspecified Surgical Package; M1 - Critical Care; M2 - General Medicine; M3 - Infectious Diseases; M4 - Pediatrics; M5 - Cardiology; M6 - Nephrology; M7 - Neurology; M8 - Pulmonology; M9 - Dermatology; M10 - Rheumatology; M11 - Endocrinology; M12 - Gastroenterology; M14 - Thalassemia; M15 - Medical Oncology; M16 - Radiation Oncology
787,PHC Shankarampet R,Government-DPH,Medak,Shankarampet[R],-,Dr. Sravani (9000601696),S1 - General Surgery; S2 - Ent Surgery; S3 - Ophthalmology Surgery; S4 - Gynaecology And Obstetrics Surgery; S5 - Orthopedic Surgery And Procedures; S6 - Surgical Gastro Enterology; S7 - Cardiac And Cardiothoracic Surgery; S8 - Pediatric Surgeries; S9 - Genito Urinary Surgeries; S10 - Neurosurgery; S11 - Surgical Oncology; S14 - Plastic Surgery; S15 - Poly Trauma; S16 - Cochlear Implant Surgery; S17 - Prostheses; S20 - Unspecified Surgical Package; M1 - Critical Care; M2 - General Medicine; M3 - Infectious Diseases; M4 - Pediatrics; M5 - Cardiology; M6 - Nephrology; M7 - Neurology; M8 - Pulmonology; M9 - Dermatology; M10 - Rheumatology; M11 - Endocrinology; M12 - Gastroenterology; M14 - Thalassemia; M15 - Medical Oncology; M16 - Radiation Oncology
788,PHC Shankarapatnam,Government-DPH,Karimnagar,Shankarapatnam,-,Dr.Shakeer Ahmed (9059555705),S1 - General Surgery; S2 - Ent Surgery; S3 - Ophthalmology Surgery; S4 - Gynaecology And Obstetrics Surgery; S5 - Orthopedic Surgery And Procedures; S6 - Surgical Gastro Enterology; S7 - Cardiac And Cardiothoracic Surgery; S8 - Pediatric Surgeries; S9 - Genito Urinary Surgeries; S10 - Neurosurgery; S11 - Surgical Oncology; S14 - Plastic Surgery; S15 - Poly Trauma; S16 - Cochlear Implant Surgery; S17 - Prostheses; S20 - Unspecified Surgical Package; M1 - Critical Care; M2 - General Medicine; M3 - Infectious Diseases; M4 - Pediatrics; M5 - Cardiology; M6 - Nephrology; M7 - Neurology; M8 - Pulmonology; M9 - Dermatology; M10 - Rheumatology; M11 - Endocrinology; M12 - Gastroenterology; M14 - Thalassemia; M15 - Medical Oncology; M16 - Radiation Oncology
789,PHC Shankerpally,Government-DPH,Rangareddy,Shankarpally,Shankarpally,Dr Revathi (9703082118),S1 - General Surgery; S2 - Ent Surgery; S3 - Ophthalmology Surgery; S4 - Gynaecology And Obstetrics Surgery; S5 - Orthopedic Surgery And Procedures; S6 - Surgical Gastro Enterology; S7 - Cardiac And Cardiothoracic Surgery; S8 - Pediatric Surgeries; S9 - Genito Urinary Surgeries; S10 - Neurosurgery; S11 - Surgical Oncology; S14 - Plastic Surgery; S15 - Poly Trauma; S16 - Cochlear Implant Surgery; S17 - Prostheses; S20 - Unspecified Surgical Package; M1 - Critical Care; M2 - General Medicine; M3 - Infectious Diseases; M4 - Pediatrics; M5 - Cardiology; M6 - Nephrology; M7 - Neurology; M8 - Pulmonology; M9 - Dermatology; M10 - Rheumatology; M11 - Endocrinology; M12 - Gastroenterology; M14 - Thalassemia; M15 - Medical Oncology; M16 - Radiation Oncology
790,PHC Shanthinagar,Government-DPH,Adilabad,Adilabad Urban,Adilabad,Dr.N.Kranthi Kumar (9985154680); Dr.M.Samanth Kumar (8919820104),S1 - General Surgery; S2 - Ent Surgery; S3 - Ophthalmology Surgery; S4 - Gynaecology And Obstetrics Surgery; S5 - Orthopedic Surgery And Procedures; S6 - Surgical Gastro Enterology; S7 - Cardiac And Cardiothoracic Surgery; S8 - Pediatric Surgeries; S9 - Genito Urinary Surgeries; S10 - Neurosurgery; S11 - Surgical Oncology; S14 - Plastic Surgery; S15 - Poly Trauma; S16 - Cochlear Implant Surgery; S17 - Prostheses; S20 - Unspecified Surgical Package; M1 - Critical Care; M2 - General Medicine; M3 - Infectious Diseases; M4 - Pediatrics; M5 - Cardiology; M6 - Nephrology; M7 - Neurology; M8 - Pulmonology; M9 - Dermatology; M10 - Rheumatology; M11 - Endocrinology; M12 - Gastroenterology; M14 - Thalassemia; M15 - Medical Oncology; M16 - Radiation Oncology
791,PHC Sharajipet,Government-DPH,Yadadri Bhuvanagiri,Alair,-,Dr.Shiva Varma (9703802283),S1 - General Surgery; S2 - Ent Surgery; S3 - Ophthalmology Surgery; S4 - Gynaecology And Obstetrics Surgery; S5 - Orthopedic Surgery And Procedures; S6 - Surgical Gastro Enterology; S7 - Cardiac And Cardiothoracic Surgery; S8 - Pediatric Surgeries; S9 - Genito Urinary Surgeries; S10 - Neurosurgery; S11 - Surgical Oncology; S14 - Plastic Surgery; S15 - Poly Trauma; S16 - Cochlear Implant Surgery; S17 - Prostheses; S20 - Unspecified Surgical Package; M1 - Critical Care; M2 - General Medicine; M3 - Infectious Diseases; M4 - Pediatrics; M5 - Cardiology; M6 - Nephrology; M7 - Neurology; M8 - Pulmonology; M9 - Dermatology; M10 - Rheumatology; M11 - Endocrinology; M12 - Gastroenterology; M14 - Thalassemia; M15 - Medical Oncology; M16 - Radiation Oncology
792,PHC Shivampet,Government-DPH,Medak,Shivampet,-,Dr. Bhavani (9666408513),S1 - General Surgery; S2 - Ent Surgery; S3 - Ophthalmology Surgery; S4 - Gynaecology And Obstetrics Surgery; S5 - Orthopedic Surgery And Procedures; S6 - Surgical Gastro Enterology; S7 - Cardiac And Cardiothoracic Surgery; S8 - Pediatric Surgeries; S9 - Genito Urinary Surgeries; S10 - Neurosurgery; S11 - Surgical Oncology; S14 - Plastic Surgery; S15 - Poly Trauma; S16 - Cochlear Implant Surgery; S17 - Prostheses; S20 - Unspecified Surgical Package; M1 - Critical Care; M2 - General Medicine; M3 - Infectious Diseases; M4 - Pediatrics; M5 - Cardiology; M6 - Nephrology; M7 - Neurology; M8 - Pulmonology; M9 - Dermatology; M10 - Rheumatology; M11 - Endocrinology; M12 - Gastroenterology; M14 - Thalassemia; M15 - Medical Oncology; M16 - Radiation Oncology
793,PHC Shyampur,Government-DPH,Adilabad,Utnoor,-,Dr.Kranthi Kumar (9866615538); Dr.Nikeesha Reddy (6309554018),S1 - General Surgery; S2 - Ent Surgery; S3 - Ophthalmology Surgery; S4 - Gynaecology And Obstetrics Surgery; S5 - Orthopedic Surgery And Procedures; S6 - Surgical Gastro Enterology; S7 - Cardiac And Cardiothoracic Surgery; S8 - Pediatric Surgeries; S9 - Genito Urinary Surgeries; S10 - Neurosurgery; S11 - Surgical Oncology; S14 - Plastic Surgery; S15 - Poly Trauma; S16 - Cochlear Implant Surgery; S17 - Prostheses; S20 - Unspecified Surgical Package; M1 - Critical Care; M2 - General Medicine; M3 - Infectious Diseases; M4 - Pediatrics; M5 - Cardiology; M6 - Nephrology; M7 - Neurology; M8 - Pulmonology; M9 - Dermatology; M10 - Rheumatology; M11 - Endocrinology; M12 - Gastroenterology; M14 - Thalassemia; M15 - Medical Oncology; M16 - Radiation Oncology
794,PHC Siddaloor,Government-DPH,Vikarabad,Vikarabad,Vikarabad,Dr Mourya Prashmsa (8106123122),S1 - General Surgery; S2 - Ent Surgery; S3 - Ophthalmology Surgery; S4 - Gynaecology And Obstetrics Surgery; S5 - Orthopedic Surgery And Procedures; S6 - Surgical Gastro Enterology; S7 - Cardiac And Cardiothoracic Surgery; S8 - Pediatric Surgeries; S9 - Genito Urinary Surgeries; S10 - Neurosurgery; S11 - Surgical Oncology; S14 - Plastic Surgery; S15 - Poly Trauma; S16 - Cochlear Implant Surgery; S17 - Prostheses; S20 - Unspecified Surgical Package; M1 - Critical Care; M2 - General Medicine; M3 - Infectious Diseases; M4 - Pediatrics; M5 - Cardiology; M6 - Nephrology; M7 - Neurology; M8 - Pulmonology; M9 - Dermatology; M10 - Rheumatology; M11 - Endocrinology; M12 - Gastroenterology; M14 - Thalassemia; M15 - Medical Oncology; M16 - Radiation Oncology
795,PHC Siddapur,Government-DPH,Hanumakonda,Hasanparthy,Warangal,Dr Naresh (9966908490),S1 - General Surgery; S2 - Ent Surgery; S3 - Ophthalmology Surgery; S4 - Gynaecology And Obstetrics Surgery; S5 - Orthopedic Surgery And Procedures; S6 - Surgical Gastro Enterology; S7 - Cardiac And Cardiothoracic Surgery; S8 - Pediatric Surgeries; S9 - Genito Urinary Surgeries; S10 - Neurosurgery; S11 - Surgical Oncology; S14 - Plastic Surgery; S15 - Poly Trauma; S16 - Cochlear Implant Surgery; S17 - Prostheses; S20 - Unspecified Surgical Package; M1 - Critical Care; M2 - General Medicine; M3 - Infectious Diseases; M4 - Pediatrics; M5 - Cardiology; M6 - Nephrology; M7 - Neurology; M8 - Pulmonology; M9 - Dermatology; M10 - Rheumatology; M11 - Endocrinology; M12 - Gastroenterology; M14 - Thalassemia; M15 - Medical Oncology; M16 - Radiation Oncology
796,PHC Siddapur,Government-DPH,Nagarkurnool,Achampeta,-,Dr.R.Suresh Babu (9985659890); Dr.G.Srikanth (7013143465),S1 - General Surgery; S2 - Ent Surgery; S3 - Ophthalmology Surgery; S4 - Gynaecology And Obstetrics Surgery; S5 - Orthopedic Surgery And Procedures; S6 - Surgical Gastro Enterology; S7 - Cardiac And Cardiothoracic Surgery; S8 - Pediatric Surgeries; S9 - Genito Urinary Surgeries; S10 - Neurosurgery; S11 - Surgical Oncology; S14 - Plastic Surgery; S15 - Poly Trauma; S16 - Cochlear Implant Surgery; S17 - Prostheses; S20 - Unspecified Surgical Package; M1 - Critical Care; M2 - General Medicine; M3 - Infectious Diseases; M4 - Pediatrics; M5 - Cardiology; M6 - Nephrology; M7 - Neurology; M8 - Pulmonology; M9 - Dermatology; M10 - Rheumatology; M11 - Endocrinology; M12 - Gastroenterology; M14 - Thalassemia; M15 - Medical Oncology; M16 - Radiation Oncology
797,PHC Singannagudem,Government-DPH,Siddipet,Mulug,-,Dr.T.Padmavathi (9440486846),S1 - General Surgery; S2 - Ent Surgery; S3 - Ophthalmology Surgery; S4 - Gynaecology And Obstetrics Surgery; S5 - Orthopedic Surgery And Procedures; S6 - Surgical Gastro Enterology; S7 - Cardiac And Cardiothoracic Surgery; S8 - Pediatric Surgeries; S9 - Genito Urinary Surgeries; S10 - Neurosurgery; S11 - Surgical Oncology; S14 - Plastic Surgery; S15 - Poly Trauma; S16 - Cochlear Implant Surgery; S17 - Prostheses; S20 - Unspecified Surgical Package; M1 - Critical Care; M2 - General Medicine; M3 - Infectious Diseases; M4 - Pediatrics; M5 - Cardiology; M6 - Nephrology; M7 - Neurology; M8 - Pulmonology; M9 - Dermatology; M10 - Rheumatology; M11 - Endocrinology; M12 - Gastroenterology; M14 - Thalassemia; M15 - Medical Oncology; M16 - Radiation Oncology
798,PHC Sirgapur,Government-DPH,Sangareddy,Sirgapoor,-,Dr. Narender (7993024923); Dr. S. Nikitha (7993024923),S1 - General Surgery; S2 - Ent Surgery; S3 - Ophthalmology Surgery; S4 - Gynaecology And Obstetrics Surgery; S5 - Orthopedic Surgery And Procedures; S6 - Surgical Gastro Enterology; S7 - Cardiac And Cardiothoracic Surgery; S8 - Pediatric Surgeries; S9 - Genito Urinary Surgeries; S10 - Neurosurgery; S11 - Surgical Oncology; S14 - Plastic Surgery; S15 - Poly Trauma; S16 - Cochlear Implant Surgery; S17 - Prostheses; S20 - Unspecified Surgical Package; M1 - Critical Care; M2 - General Medicine; M3 - Infectious Diseases; M4 - Pediatrics; M5 - Cardiology; M6 - Nephrology; M7 - Neurology; M8 - Pulmonology; M9 - Dermatology; M10 - Rheumatology; M11 - Endocrinology; M12 - Gastroenterology; M14 - Thalassemia; M15 - Medical Oncology; M16 - Radiation Oncology
799,PHC Sirigaripalli,Government-DPH,Siddipet,Gajwel,-,Dr B Mahesh Kumar (9182423834),S1 - General Surgery; S2 - Ent Surgery; S3 - Ophthalmology Surgery; S4 - Gynaecology And Obstetrics Surgery; S5 - Orthopedic Surgery And Procedures; S6 - Surgical Gastro Enterology; S7 - Cardiac And Cardiothoracic Surgery; S8 - Pediatric Surgeries; S9 - Genito Urinary Surgeries; S10 - Neurosurgery; S11 - Surgical Oncology; S14 - Plastic Surgery; S15 - Poly Trauma; S16 - Cochlear Implant Surgery; S17 - Prostheses; S20 - Unspecified Surgical Package; M1 - Critical Care; M2 - General Medicine; M3 - Infectious Diseases; M4 - Pediatrics; M5 - Cardiology; M6 - Nephrology; M7 - Neurology; M8 - Pulmonology; M9 - Dermatology; M10 - Rheumatology; M11 - Endocrinology; M12 - Gastroenterology; M14 - Thalassemia; M15 - Medical Oncology; M16 - Radiation Oncology
800,PHC Sirpur-U,Government-DPH,Komaram Bheem Asifabad,Sirpur (U),-,Dr. K. Vinod Kumar (9398377984),S1 - General Surgery; S2 - Ent Surgery; S3 - Ophthalmology Surgery; S4 - Gynaecology And Obstetrics Surgery; S5 - Orthopedic Surgery And Procedures; S6 - Surgical Gastro Enterology; S7 - Cardiac And Cardiothoracic Surgery; S8 - Pediatric Surgeries; S9 - Genito Urinary Surgeries; S10 - Neurosurgery; S11 - Surgical Oncology; S14 - Plastic Surgery; S15 - Poly Trauma; S16 - Cochlear Implant Surgery; S17 - Prostheses; S20 - Unspecified Surgical Package; M1 - Critical Care; M2 - General Medicine; M3 - Infectious Diseases; M4 - Pediatrics; M5 - Cardiology; M6 - Nephrology; M7 - Neurology; M8 - Pulmonology; M9 - Dermatology; M10 - Rheumatology; M11 - Endocrinology; M12 - Gastroenterology; M14 - Thalassemia; M15 - Medical Oncology; M16 - Radiation Oncology
801,PHC Sonala,Government-DPH,Adilabad,Boath,-,Vacancy (); Vacancy (),S1 - General Surgery; S2 - Ent Surgery; S3 - Ophthalmology Surgery; S4 - Gynaecology And Obstetrics Surgery; S5 - Orthopedic Surgery And Procedures; S6 - Surgical Gastro Enterology; S7 - Cardiac And Cardiothoracic Surgery; S8 - Pediatric Surgeries; S9 - Genito Urinary Surgeries; S10 - Neurosurgery; S11 - Surgical Oncology; S14 - Plastic Surgery; S15 - Poly Trauma; S16 - Cochlear Implant Surgery; S17 - Prostheses; S20 - Unspecified Surgical Package; M1 - Critical Care; M2 - General Medicine; M3 - Infectious Diseases; M4 - Pediatrics; M5 - Cardiology; M6 - Nephrology; M7 - Neurology; M8 - Pulmonology; M9 - Dermatology; M10 - Rheumatology; M11 - Endocrinology; M12 - Gastroenterology; M14 - Thalassemia; M15 - Medical Oncology; M16 - Radiation Oncology
802,PHC Srirangapur,Government-DPH,Wanaparthy,Srirangapur,-,Dr. Pravali (),S1 - General Surgery; S2 - Ent Surgery; S3 - Ophthalmology Surgery; S4 - Gynaecology And Obstetrics Surgery; S5 - Orthopedic Surgery And Procedures; S6 - Surgical Gastro Enterology; S7 - Cardiac And Cardiothoracic Surgery; S8 - Pediatric Surgeries; S9 - Genito Urinary Surgeries; S10 - Neurosurgery; S11 - Surgical Oncology; S14 - Plastic Surgery; S15 - Poly Trauma; S16 - Cochlear Implant Surgery; S17 - Prostheses; M1 - Critical Care; M2 - General Medicine; M3 - Infectious Diseases; M4 - Pediatrics; M5 - Cardiology; M6 - Nephrology; M7 - Neurology; M8 - Pulmonology; M9 - Dermatology; M10 - Rheumatology; M11 - Endocrinology; M12 - Gastroenterology; M14 - Thalassemia; S19.1 - Liver Transplantation Surgery; S19.2 - Heart Transplantation Surgery; S19.3 - Renal Transplantation Surgery; S19.4 - Lung Transplantation Surgery; S19.5 - Allogenic Stem Cell Transplantation; S19.6 - Autologous Stem Cell Transplantation; S19.7 - Heart And Lung Transplantation Surgery; M15 - Medical Oncology; M16 - Radiation Oncology
803,PHC Srirangavaram,Government-DPH,Medchal-Malkajgiri,Medchal,-,D.Sailaja (8106584432),S1 - General Surgery; S2 - Ent Surgery; S3 - Ophthalmology Surgery; S4 - Gynaecology And Obstetrics Surgery; S5 - Orthopedic Surgery And Procedures; S6 - Surgical Gastro Enterology; S7 - Cardiac And Cardiothoracic Surgery; S8 - Pediatric Surgeries; S9 - Genito Urinary Surgeries; S10 - Neurosurgery; S11 - Surgical Oncology; S14 - Plastic Surgery; S15 - Poly Trauma; S16 - Cochlear Implant Surgery; S17 - Prostheses; S20 - Unspecified Surgical Package; M1 - Critical Care; M2 - General Medicine; M3 - Infectious Diseases; M4 - Pediatrics; M5 - Cardiology; M6 - Nephrology; M7 - Neurology; M8 - Pulmonology; M9 - Dermatology; M10 - Rheumatology; M11 - Endocrinology; M12 - Gastroenterology; M14 - Thalassemia; M15 - Medical Oncology; M16 - Radiation Oncology
804,PHC Sublaid,Government-DPH,Khammam,Thirumalayapalem,-,Dr.Anitha V.M. (9989930311),S1 - General Surgery; S2 - Ent Surgery; S3 - Ophthalmology Surgery; S4 - Gynaecology And Obstetrics Surgery; S5 - Orthopedic Surgery And Procedures; S6 - Surgical Gastro Enterology; S7 - Cardiac And Cardiothoracic Surgery; S8 - Pediatric Surgeries; S9 - Genito Urinary Surgeries; S10 - Neurosurgery; S11 - Surgical Oncology; S14 - Plastic Surgery; S15 - Poly Trauma; S16 - Cochlear Implant Surgery; S17 - Prostheses; S20 - Unspecified Surgical Package; M1 - Critical Care; M2 - General Medicine; M3 - Infectious Diseases; M4 - Pediatrics; M5 - Cardiology; M6 - Nephrology; M7 - Neurology; M8 - Pulmonology; M9 - Dermatology; M10 - Rheumatology; M11 - Endocrinology; M12 - Gastroenterology; M14 - Thalassemia; M15 - Medical Oncology; M16 - Radiation Oncology
805,PHC Sujathanagar,Government-DPH,Bhadradri Kothagudem,Sujathanagar,-,Dr.B.Nagamani (7013619658),S1 - General Surgery; S2 - Ent Surgery; S3 - Ophthalmology Surgery; S4 - Gynaecology And Obstetrics Surgery; S5 - Orthopedic Surgery And Procedures; S6 - Surgical Gastro Enterology; S7 - Cardiac And Cardiothoracic Surgery; S8 - Pediatric Surgeries; S9 - Genito Urinary Surgeries; S10 - Neurosurgery; S11 - Surgical Oncology; S14 - Plastic Surgery; S15 - Poly Trauma; S16 - Cochlear Implant Surgery; S17 - Prostheses; S20 - Unspecified Surgical Package; M1 - Critical Care; M2 - General Medicine; M3 - Infectious Diseases; M4 - Pediatrics; M5 - Cardiology; M6 - Nephrology; M7 - Neurology; M8 - Pulmonology; M9 - Dermatology; M10 - Rheumatology; M11 - Endocrinology; M12 - Gastroenterology; M14 - Thalassemia; M15 - Medical Oncology; M16 - Radiation Oncology
806,PHC Sulahnagar,Government-DPH,Bhadradri Kothagudem,Tekulapally,-,Dr.M .Sukrutha (8074147881),S1 - General Surgery; S2 - Ent Surgery; S3 - Ophthalmology Surgery; S4 - Gynaecology And Obstetrics Surgery; S5 - Orthopedic Surgery And Procedures; S6 - Surgical Gastro Enterology; S7 - Cardiac And Cardiothoracic Surgery; S8 - Pediatric Surgeries; S9 - Genito Urinary Surgeries; S10 - Neurosurgery; S11 - Surgical Oncology; S14 - Plastic Surgery; S15 - Poly Trauma; S16 - Cochlear Implant Surgery; S17 - Prostheses; S20 - Unspecified Surgical Package; M1 - Critical Care; M2 - General Medicine; M3 - Infectious Diseases; M4 - Pediatrics; M5 - Cardiology; M6 - Nephrology; M7 - Neurology; M8 - Pulmonology; M9 - Dermatology; M10 - Rheumatology; M11 - Endocrinology; M12 - Gastroenterology; M14 - Thalassemia; M15 - Medical Oncology; M16 - Radiation Oncology
807,PHC TK Pally,Government-DPH,Rangareddy,Talakondapalle,-,Dr.Saradha (9640612838),S1 - General Surgery; S2 - Ent Surgery; S3 - Ophthalmology Surgery; S4 - Gynaecology And Obstetrics Surgery; S5 - Orthopedic Surgery And Procedures; S6 - Surgical Gastro Enterology; S7 - Cardiac And Cardiothoracic Surgery; S8 - Pediatric Surgeries; S9 - Genito Urinary Surgeries; S10 - Neurosurgery; S11 - Surgical Oncology; S14 - Plastic Surgery; S15 - Poly Trauma; S16 - Cochlear Implant Surgery; S17 - Prostheses; S20 - Unspecified Surgical Package; M1 - Critical Care; M2 - General Medicine; M3 - Infectious Diseases; M4 - Pediatrics; M5 - Cardiology; M6 - Nephrology; M7 - Neurology; M8 - Pulmonology; M9 - Dermatology; M10 - Rheumatology; M11 - Endocrinology; M12 - Gastroenterology; M14 - Thalassemia; M15 - Medical Oncology; M16 - Radiation Oncology
808,PHC Tadoor,Government-DPH,Nagarkurnool,Tadoor,-,Dr.Krishnaiah (7989480954); Dr. S. Praveen (7671044196),S1 - General Surgery; S2 - Ent Surgery; S3 - Ophthalmology Surgery; S4 - Gynaecology And Obstetrics Surgery; S5 - Orthopedic Surgery And Procedures; S6 - Surgical Gastro Enterology; S7 - Cardiac And Cardiothoracic Surgery; S8 - Pediatric Surgeries; S9 - Genito Urinary Surgeries; S10 - Neurosurgery; S11 - Surgical Oncology; S14 - Plastic Surgery; S15 - Poly Trauma; S16 - Cochlear Implant Surgery; S17 - Prostheses; S20 - Unspecified Surgical Package; M1 - Critical Care; M2 - General Medicine; M3 - Infectious Diseases; M4 - Pediatrics; M5 - Cardiology; M6 - Nephrology; M7 - Neurology; M8 - Pulmonology; M9 - Dermatology; M10 - Rheumatology; M11 - Endocrinology; M12 - Gastroenterology; M14 - Thalassemia; M15 - Medical Oncology; M16 - Radiation Oncology
809,PHC Talamadugu,Government-DPH,Adilabad,Talamadugu,-,Dr .Naveen Reddy (9160375765),S1 - General Surgery; S2 - Ent Surgery; S3 - Ophthalmology Surgery; S4 - Gynaecology And Obstetrics Surgery; S5 - Orthopedic Surgery And Procedures; S6 - Surgical Gastro Enterology; S7 - Cardiac And Cardiothoracic Surgery; S8 - Pediatric Surgeries; S9 - Genito Urinary Surgeries; S10 - Neurosurgery; S11 - Surgical Oncology; S14 - Plastic Surgery; S15 - Poly Trauma; S16 - Cochlear Implant Surgery; S17 - Prostheses; S20 - Unspecified Surgical Package; M1 - Critical Care; M2 - General Medicine; M3 - Infectious Diseases; M4 - Pediatrics; M5 - Cardiology; M6 - Nephrology; M7 - Neurology; M8 - Pulmonology; M9 - Dermatology; M10 - Rheumatology; M11 - Endocrinology; M12 - Gastroenterology; M14 - Thalassemia; M15 - Medical Oncology; M16 - Radiation Oncology
810,PHC Tamsi,Government-DPH,Adilabad,Tamsi,-,Dr. Vani Devi Rathod (9494402072),S1 - General Surgery; S2 - Ent Surgery; S3 - Ophthalmology Surgery; S4 - Gynaecology And Obstetrics Surgery; S5 - Orthopedic Surgery And Procedures; S6 - Surgical Gastro Enterology; S7 - Cardiac And Cardiothoracic Surgery; S8 - Pediatric Surgeries; S9 - Genito Urinary Surgeries; S10 - Neurosurgery; S11 - Surgical Oncology; S14 - Plastic Surgery; S15 - Poly Trauma; S16 - Cochlear Implant Surgery; S17 - Prostheses; S20 - Unspecified Surgical Package; M1 - Critical Care; M2 - General Medicine; M3 - Infectious Diseases; M4 - Pediatrics; M5 - Cardiology; M6 - Nephrology; M7 - Neurology; M8 - Pulmonology; M9 - Dermatology; M10 - Rheumatology; M11 - Endocrinology; M12 - Gastroenterology; M14 - Thalassemia; M15 - Medical Oncology; M16 - Radiation Oncology
811,PHC Tandur,Government-DPH,Mancherial,Tandur,-,Dr. Jhanshi (9908232535),S1 - General Surgery; S2 - Ent Surgery; S3 - Ophthalmology Surgery; S4 - Gynaecology And Obstetrics Surgery; S5 - Orthopedic Surgery And Procedures; S6 - Surgical Gastro Enterology; S7 - Cardiac And Cardiothoracic Surgery; S8 - Pediatric Surgeries; S9 - Genito Urinary Surgeries; S10 - Neurosurgery; S11 - Surgical Oncology; S14 - Plastic Surgery; S15 - Poly Trauma; S16 - Cochlear Implant Surgery; S17 - Prostheses; S20 - Unspecified Surgical Package; M1 - Critical Care; M2 - General Medicine; M3 - Infectious Diseases; M4 - Pediatrics; M5 - Cardiology; M6 - Nephrology; M7 - Neurology; M8 - Pulmonology; M9 - Dermatology; M10 - Rheumatology; M11 - Endocrinology; M12 - Gastroenterology; M14 - Thalassemia; M15 - Medical Oncology; M16 - Radiation Oncology
812,PHC Tangutur,Government-DPH,Rangareddy,Shankarpally,Shankarpally,Dr.S.J.Phebe (9490934105),S1 - General Surgery; S2 - Ent Surgery; S3 - Ophthalmology Surgery; S4 - Gynaecology And Obstetrics Surgery; S5 - Orthopedic Surgery And Procedures; S6 - Surgical Gastro Enterology; S7 - Cardiac And Cardiothoracic Surgery; S8 - Pediatric Surgeries; S9 - Genito Urinary Surgeries; S10 - Neurosurgery; S11 - Surgical Oncology; S14 - Plastic Surgery; S15 - Poly Trauma; S16 - Cochlear Implant Surgery; S17 - Prostheses; S20 - Unspecified Surgical Package; M1 - Critical Care; M2 - General Medicine; M3 - Infectious Diseases; M4 - Pediatrics; M5 - Cardiology; M6 - Nephrology; M7 - Neurology; M8 - Pulmonology; M9 - Dermatology; M10 - Rheumatology; M11 - Endocrinology; M12 - Gastroenterology; M14 - Thalassemia; M15 - Medical Oncology; M16 - Radiation Oncology
813,PHC Tanoor,Government-DPH,Nirmal,Tanur,-,Dr Jadhav Subash (9640190162),S1 - General Surgery; S2 - Ent Surgery; S3 - Ophthalmology Surgery; S4 - Gynaecology And Obstetrics Surgery; S5 - Orthopedic Surgery And Procedures; S6 - Surgical Gastro Enterology; S7 - Cardiac And Cardiothoracic Surgery; S8 - Pediatric Surgeries; S9 - Genito Urinary Surgeries; S10 - Neurosurgery; S11 - Surgical Oncology; S14 - Plastic Surgery; S15 - Poly Trauma; S16 - Cochlear Implant Surgery; S17 - Prostheses; S20 - Unspecified Surgical Package; M1 - Critical Care; M2 - General Medicine; M3 - Infectious Diseases; M4 - Pediatrics; M5 - Cardiology; M6 - Nephrology; M7 - Neurology; M8 - Pulmonology; M9 - Dermatology; M10 - Rheumatology; M11 - Endocrinology; M12 - Gastroenterology; M14 - Thalassemia; M15 - Medical Oncology; M16 - Radiation Oncology
814,PHC Teegalaveni,Government-DPH,Mahabubabad,Gudur,-,Dr Ambareesha (9440166578),S1 - General Surgery; S2 - Ent Surgery; S3 - Ophthalmology Surgery; S4 - Gynaecology And Obstetrics Surgery; S5 - Orthopedic Surgery And Procedures; S6 - Surgical Gastro Enterology; S7 - Cardiac And Cardiothoracic Surgery; S8 - Pediatric Surgeries; S9 - Genito Urinary Surgeries; S10 - Neurosurgery; S11 - Surgical Oncology; S14 - Plastic Surgery; S15 - Poly Trauma; S16 - Cochlear Implant Surgery; S17 - Prostheses; S20 - Unspecified Surgical Package; M1 - Critical Care; M2 - General Medicine; M3 - Infectious Diseases; M4 - Pediatrics; M5 - Cardiology; M6 - Nephrology; M7 - Neurology; M8 - Pulmonology; M9 - Dermatology; M10 - Rheumatology; M11 - Endocrinology; M12 - Gastroenterology; M14 - Thalassemia; M15 - Medical Oncology; M16 - Radiation Oncology
815,PHC Tekmal,Government-DPH,Medak,Tekmal,-,Dr.Indira Banoth (8247023271),S1 - General Surgery; S2 - Ent Surgery; S3 - Ophthalmology Surgery; S4 - Gynaecology And Obstetrics Surgery; S5 - Orthopedic Surgery And Procedures; S6 - Surgical Gastro Enterology; S7 - Cardiac And Cardiothoracic Surgery; S8 - Pediatric Surgeries; S9 - Genito Urinary Surgeries; S10 - Neurosurgery; S11 - Surgical Oncology; S14 - Plastic Surgery; S15 - Poly Trauma; S16 - Cochlear Implant Surgery; S17 - Prostheses; S20 - Unspecified Surgical Package; M1 - Critical Care; M2 - General Medicine; M3 - Infectious Diseases; M4 - Pediatrics; M5 - Cardiology; M6 - Nephrology; M7 - Neurology; M8 - Pulmonology; M9 - Dermatology; M10 - Rheumatology; M11 - Endocrinology; M12 - Gastroenterology; M14 - Thalassemia; M15 - Medical Oncology; M16 - Radiation Oncology
816,PHC Telkapally,Government-DPH,Nagarkurnool,Telkapalle,-,Dr.A.Dasharatham (8897909711); Dr.P.Mounica (9849345989),S1 - General Surgery; S2 - Ent Surgery; S3 - Ophthalmology Surgery; S4 - Gynaecology And Obstetrics Surgery; S5 - Orthopedic Surgery And Procedures; S6 - Surgical Gastro Enterology; S7 - Cardiac And Cardiothoracic Surgery; S8 - Pediatric Surgeries; S9 - Genito Urinary Surgeries; S10 - Neurosurgery; S11 - Surgical Oncology; S14 - Plastic Surgery; S15 - Poly Trauma; S16 - Cochlear Implant Surgery; S17 - Prostheses; S20 - Unspecified Surgical Package; M1 - Critical Care; M2 - General Medicine; M3 - Infectious Diseases; M4 - Pediatrics; M5 - Cardiology; M6 - Nephrology; M7 - Neurology; M8 - Pulmonology; M9 - Dermatology; M10 - Rheumatology; M11 - Endocrinology; M12 - Gastroenterology; M14 - Thalassemia; M15 - Medical Oncology; M16 - Radiation Oncology
817,PHC Thallada,Government-DPH,Khammam,Thallada,-,Dr.T Sreekanth Ddo (9885523484); D Dr.V Navya Kanth Contract Mo (8465067682),S1 - General Surgery; S2 - Ent Surgery; S3 - Ophthalmology Surgery; S4 - Gynaecology And Obstetrics Surgery; S5 - Orthopedic Surgery And Procedures; S6 - Surgical Gastro Enterology; S7 - Cardiac And Cardiothoracic Surgery; S8 - Pediatric Surgeries; S9 - Genito Urinary Surgeries; S10 - Neurosurgery; S11 - Surgical Oncology; S14 - Plastic Surgery; S15 - Poly Trauma; S16 - Cochlear Implant Surgery; S17 - Prostheses; S20 - Unspecified Surgical Package; M1 - Critical Care; M2 - General Medicine; M3 - Infectious Diseases; M4 - Pediatrics; M5 - Cardiology; M6 - Nephrology; M7 - Neurology; M8 - Pulmonology; M9 - Dermatology; M10 - Rheumatology; M11 - Endocrinology; M12 - Gastroenterology; M14 - Thalassemia; M15 - Medical Oncology; M16 - Radiation Oncology
818,PHC Thallagurijala,Government-DPH,Mancherial,Bellampally,Bellampalli,Dr. Kumar Swamy (8801551953),S1 - General Surgery; S2 - Ent Surgery; S3 - Ophthalmology Surgery; S4 - Gynaecology And Obstetrics Surgery; S5 - Orthopedic Surgery And Procedures; S6 - Surgical Gastro Enterology; S7 - Cardiac And Cardiothoracic Surgery; S8 - Pediatric Surgeries; S9 - Genito Urinary Surgeries; S10 - Neurosurgery; S11 - Surgical Oncology; S14 - Plastic Surgery; S15 - Poly Trauma; S16 - Cochlear Implant Surgery; S17 - Prostheses; S20 - Unspecified Surgical Package; M1 - Critical Care; M2 - General Medicine; M3 - Infectious Diseases; M4 - Pediatrics; M5 - Cardiology; M6 - Nephrology; M7 - Neurology; M8 - Pulmonology; M9 - Dermatology; M10 - Rheumatology; M11 - Endocrinology; M12 - Gastroenterology; M14 - Thalassemia; M15 - Medical Oncology; M16 - Radiation Oncology
819,PHC Thallapet,Government-DPH,Mancherial,Dandepally,-,Dr. Sphurana (9494308936); Dr. Hareesh (9949993552),S1 - General Surgery; S2 - Ent Surgery; S3 - Ophthalmology Surgery; S4 - Gynaecology And Obstetrics Surgery; S5 - Orthopedic Surgery And Procedures; S6 - Surgical Gastro Enterology; S7 - Cardiac And Cardiothoracic Surgery; S8 - Pediatric Surgeries; S9 - Genito Urinary Surgeries; S10 - Neurosurgery; S11 - Surgical Oncology; S14 - Plastic Surgery; S15 - Poly Trauma; S16 - Cochlear Implant Surgery; S17 - Prostheses; S20 - Unspecified Surgical Package; M1 - Critical Care; M2 - General Medicine; M3 - Infectious Diseases; M4 - Pediatrics; M5 - Cardiology; M6 - Nephrology; M7 - Neurology; M8 - Pulmonology; M9 - Dermatology; M10 - Rheumatology; M11 - Endocrinology; M12 - Gastroenterology; M14 - Thalassemia; M15 - Medical Oncology; M16 - Radiation Oncology
820,PHC Thangadapally,Government-DPH,Yadadri Bhuvanagiri,Choutuppal,-,Dr. Shiva Prasad (8639746486); Dr. Harsha Reddy (9581222230),S1 - General Surgery; S2 - Ent Surgery; S3 - Ophthalmology Surgery; S4 - Gynaecology And Obstetrics Surgery; S5 - Orthopedic Surgery And Procedures; S6 - Surgical Gastro Enterology; S7 - Cardiac And Cardiothoracic Surgery; S8 - Pediatric Surgeries; S9 - Genito Urinary Surgeries; S10 - Neurosurgery; S11 - Surgical Oncology; S14 - Plastic Surgery; S15 - Poly Trauma; S16 - Cochlear Implant Surgery; S17 - Prostheses; S20 - Unspecified Surgical Package; M1 - Critical Care; M2 - General Medicine; M3 - Infectious Diseases; M4 - Pediatrics; M5 - Cardiology; M6 - Nephrology; M7 - Neurology; M8 - Pulmonology; M9 - Dermatology; M10 - Rheumatology; M11 - Endocrinology; M12 - Gastroenterology; M14 - Thalassemia; M15 - Medical Oncology; M16 - Radiation Oncology
821,PHC Thangallapalli,Government-DPH,Rajanna Sircilla,Thangallapalli,-,Dr.V.Santhosh Kumar (7981305406),S1 - General Surgery; S2 - Ent Surgery; S3 - Ophthalmology Surgery; S4 - Gynaecology And Obstetrics Surgery; S5 - Orthopedic Surgery And Procedures; S6 - Surgical Gastro Enterology; S7 - Cardiac And Cardiothoracic Surgery; S8 - Pediatric Surgeries; S9 - Genito Urinary Surgeries; S10 - Neurosurgery; S11 - Surgical Oncology; S14 - Plastic Surgery; S15 - Poly Trauma; S16 - Cochlear Implant Surgery; S17 - Prostheses; S20 - Unspecified Surgical Package; M1 - Critical Care; M2 - General Medicine; M3 - Infectious Diseases; M4 - Pediatrics; M5 - Cardiology; M6 - Nephrology; M7 - Neurology; M8 - Pulmonology; M9 - Dermatology; M10 - Rheumatology; M11 - Endocrinology; M12 - Gastroenterology; M14 - Thalassemia; M15 - Medical Oncology; M16 - Radiation Oncology
822,PHC Thatikonda,Government-DPH,Jangoan,Ghanpur(Station),-,Dr.Vijay (9951260029),S1 - General Surgery; S2 - Ent Surgery; S3 - Ophthalmology Surgery; S4 - Gynaecology And Obstetrics Surgery; S5 - Orthopedic Surgery And Procedures; S6 - Surgical Gastro Enterology; S7 - Cardiac And Cardiothoracic Surgery; S8 - Pediatric Surgeries; S9 - Genito Urinary Surgeries; S10 - Neurosurgery; S11 - Surgical Oncology; S14 - Plastic Surgery; S15 - Poly Trauma; S16 - Cochlear Implant Surgery; S17 - Prostheses; S20 - Unspecified Surgical Package; M1 - Critical Care; M2 - General Medicine; M3 - Infectious Diseases; M4 - Pediatrics; M5 - Cardiology; M6 - Nephrology; M7 - Neurology; M8 - Pulmonology; M9 - Dermatology; M10 - Rheumatology; M11 - Endocrinology; M12 - Gastroenterology; M14 - Thalassemia; M15 - Medical Oncology; M16 - Radiation Oncology
823,PHC Theegul,Government-DPH,Siddipet,Jagdevpur,-,Dr K Niveditha (9000365305),S1 - General Surgery; S2 - Ent Surgery; S3 - Ophthalmology Surgery; S4 - Gynaecology And Obstetrics Surgery; S5 - Orthopedic Surgery And Procedures; S6 - Surgical Gastro Enterology; S7 - Cardiac And Cardiothoracic Surgery; S8 - Pediatric Surgeries; S9 - Genito Urinary Surgeries; S10 - Neurosurgery; S11 - Surgical Oncology; S14 - Plastic Surgery; S15 - Poly Trauma; S16 - Cochlear Implant Surgery; S17 - Prostheses; S20 - Unspecified Surgical Package; M1 - Critical Care; M2 - General Medicine; M3 - Infectious Diseases; M4 - Pediatrics; M5 - Cardiology; M6 - Nephrology; M7 - Neurology; M8 - Pulmonology; M9 - Dermatology; M10 - Rheumatology; M11 - Endocrinology; M12 - Gastroenterology; M14 - Thalassemia; M15 - Medical Oncology; M16 - Radiation Oncology
824,PHC Thimmajipet,Government-DPH,Nagarkurnool,Thimmajipeta,-,Dr.T.Manjulavani (9866851661),S1 - General Surgery; S2 - Ent Surgery; S3 - Ophthalmology Surgery; S4 - Gynaecology And Obstetrics Surgery; S5 - Orthopedic Surgery And Procedures; S6 - Surgical Gastro Enterology; S7 - Cardiac And Cardiothoracic Surgery; S8 - Pediatric Surgeries; S9 - Genito Urinary Surgeries; S10 - Neurosurgery; S11 - Surgical Oncology; S14 - Plastic Surgery; S15 - Poly Trauma; S16 - Cochlear Implant Surgery; S17 - Prostheses; S20 - Unspecified Surgical Package; M1 - Critical Care; M2 - General Medicine; M3 - Infectious Diseases; M4 - Pediatrics; M5 - Cardiology; M6 - Nephrology; M7 - Neurology; M8 - Pulmonology; M9 - Dermatology; M10 - Rheumatology; M11 - Endocrinology; M12 - Gastroenterology; M14 - Thalassemia; M15 - Medical Oncology; M16 - Radiation Oncology
825,PHC Thimmapur,Government-DPH,Karimnagar,Thimmapur (L.M.D.),-,Dr.A.Srinivas (9492727148),S1 - General Surgery; S2 - Ent Surgery; S3 - Ophthalmology Surgery; S4 - Gynaecology And Obstetrics Surgery; S5 - Orthopedic Surgery And Procedures; S6 - Surgical Gastro Enterology; S7 - Cardiac And Cardiothoracic Surgery; S8 - Pediatric Surgeries; S9 - Genito Urinary Surgeries; S10 - Neurosurgery; S11 - Surgical Oncology; S14 - Plastic Surgery; S15 - Poly Trauma; S16 - Cochlear Implant Surgery; S17 - Prostheses; S20 - Unspecified Surgical Package; M1 - Critical Care; M2 - General Medicine; M3 - Infectious Diseases; M4 - Pediatrics; M5 - Cardiology; M6 - Nephrology; M7 - Neurology; M8 - Pulmonology; M9 - Dermatology; M10 - Rheumatology; M11 - Endocrinology; M12 - Gastroenterology; M14 - Thalassemia; M15 - Medical Oncology; M16 - Radiation Oncology
826,PHC Thimmapur,Government-DPH,Siddipet,Dubbak,-,Dr.G.Bhargavi (9550928028),S1 - General Surgery; S2 - Ent Surgery; S3 - Ophthalmology Surgery; S4 - Gynaecology And Obstetrics Surgery; S5 - Orthopedic Surgery And Procedures; S6 - Surgical Gastro Enterology; S7 - Cardiac And Cardiothoracic Surgery; S8 - Pediatric Surgeries; S9 - Genito Urinary Surgeries; S10 - Neurosurgery; S11 - Surgical Oncology; S14 - Plastic Surgery; S15 - Poly Trauma; S16 - Cochlear Implant Surgery; S17 - Prostheses; S20 - Unspecified Surgical Package; M1 - Critical Care; M2 - General Medicine; M3 - Infectious Diseases; M4 - Pediatrics; M5 - Cardiology; M6 - Nephrology; M7 - Neurology; M8 - Pulmonology; M9 - Dermatology; M10 - Rheumatology; M11 - Endocrinology; M12 - Gastroenterology; M14 - Thalassemia; M15 - Medical Oncology; M16 - Radiation Oncology
827,PHC Thipparthi,Government-DPH,Nalgonda,Thipparthi,-,Dr. N. Anusha (7093309220); Dr M. Pradeep Babu (),S1 - General Surgery; S2 - Ent Surgery; S3 - Ophthalmology Surgery; S4 - Gynaecology And Obstetrics Surgery; S5 - Orthopedic Surgery And Procedures; S6 - Surgical Gastro Enterology; S7 - Cardiac And Cardiothoracic Surgery; S8 - Pediatric Surgeries; S9 - Genito Urinary Surgeries; S10 - Neurosurgery; S11 - Surgical Oncology; S14 - Plastic Surgery; S15 - Poly Trauma; S16 - Cochlear Implant Surgery; S17 - Prostheses; S20 - Unspecified Surgical Package; M1 - Critical Care; M2 - General Medicine; M3 - Infectious Diseases; M4 - Pediatrics; M5 - Cardiology; M6 - Nephrology; M7 - Neurology; M8 - Pulmonology; M9 - Dermatology; M10 - Rheumatology; M11 - Endocrinology; M12 - Gastroenterology; M14 - Thalassemia; M15 - Medical Oncology; M16 - Radiation Oncology
828,PHC Thiryani,Government-DPH,Komaram Bheem Asifabad,Tiryani,-,K Shyam Kumar (9885485425),S1 - General Surgery; S2 - Ent Surgery; S3 - Ophthalmology Surgery; S4 - Gynaecology And Obstetrics Surgery; S5 - Orthopedic Surgery And Procedures; S6 - Surgical Gastro Enterology; S7 - Cardiac And Cardiothoracic Surgery; S8 - Pediatric Surgeries; S9 - Genito Urinary Surgeries; S10 - Neurosurgery; S11 - Surgical Oncology; S14 - Plastic Surgery; S15 - Poly Trauma; S16 - Cochlear Implant Surgery; S17 - Prostheses; S20 - Unspecified Surgical Package; M1 - Critical Care; M2 - General Medicine; M3 - Infectious Diseases; M4 - Pediatrics; M5 - Cardiology; M6 - Nephrology; M7 - Neurology; M8 - Pulmonology; M9 - Dermatology; M10 - Rheumatology; M11 - Endocrinology; M12 - Gastroenterology; M14 - Thalassemia; M15 - Medical Oncology; M16 - Radiation Oncology
829,PHC Thiumalagiri,Government-DPH,Suryapet,Thirumalagiri,-,Dr.P.Prashanth Babu (9966746477),S1 - General Surgery; S2 - Ent Surgery; S3 - Ophthalmology Surgery; S4 - Gynaecology And Obstetrics Surgery; S5 - Orthopedic Surgery And Procedures; S6 - Surgical Gastro Enterology; S7 - Cardiac And Cardiothoracic Surgery; S8 - Pediatric Surgeries; S9 - Genito Urinary Surgeries; S10 - Neurosurgery; S11 - Surgical Oncology; S14 - Plastic Surgery; S15 - Poly Trauma; S16 - Cochlear Implant Surgery; S17 - Prostheses; S20 - Unspecified Surgical Package; M1 - Critical Care; M2 - General Medicine; M3 - Infectious Diseases; M4 - Pediatrics; M5 - Cardiology; M6 - Nephrology; M7 - Neurology; M8 - Pulmonology; M9 - Dermatology; M10 - Rheumatology; M11 - Endocrinology; M12 - Gastroenterology; M14 - Thalassemia; M15 - Medical Oncology; M16 - Radiation Oncology
830,PHC Thoguta,Government-DPH,Siddipet,Thoguta,-,Dr.S.Prathibha Gayathri (9849024182),S1 - General Surgery; S2 - Ent Surgery; S3 - Ophthalmology Surgery; S4 - Gynaecology And Obstetrics Surgery; S5 - Orthopedic Surgery And Procedures; S6 - Surgical Gastro Enterology; S7 - Cardiac And Cardiothoracic Surgery; S8 - Pediatric Surgeries; S9 - Genito Urinary Surgeries; S10 - Neurosurgery; S11 - Surgical Oncology; S14 - Plastic Surgery; S15 - Poly Trauma; S16 - Cochlear Implant Surgery; S17 - Prostheses; S20 - Unspecified Surgical Package; M1 - Critical Care; M2 - General Medicine; M3 - Infectious Diseases; M4 - Pediatrics; M5 - Cardiology; M6 - Nephrology; M7 - Neurology; M8 - Pulmonology; M9 - Dermatology; M10 - Rheumatology; M11 - Endocrinology; M12 - Gastroenterology; M14 - Thalassemia; M15 - Medical Oncology; M16 - Radiation Oncology
831,PHC Thotapally,Government-DPH,Nagarkurnool,Kalwakurthy,-,Dr.D.Priyanka Rani (9866921005),S1 - General Surgery; S2 - Ent Surgery; S3 - Ophthalmology Surgery; S4 - Gynaecology And Obstetrics Surgery; S5 - Orthopedic Surgery And Procedures; S6 - Surgical Gastro Enterology; S7 - Cardiac And Cardiothoracic Surgery; S8 - Pediatric Surgeries; S9 - Genito Urinary Surgeries; S10 - Neurosurgery; S11 - Surgical Oncology; S14 - Plastic Surgery; S15 - Poly Trauma; S16 - Cochlear Implant Surgery; S17 - Prostheses; S20 - Unspecified Surgical Package; M1 - Critical Care; M2 - General Medicine; M3 - Infectious Diseases; M4 - Pediatrics; M5 - Cardiology; M6 - Nephrology; M7 - Neurology; M8 - Pulmonology; M9 - Dermatology; M10 - Rheumatology; M11 - Endocrinology; M12 - Gastroenterology; M14 - Thalassemia; M15 - Medical Oncology; M16 - Radiation Oncology
832,PHC Thotapally,Government-DPH,Siddipet,Bejjanki,-,Dr. Ps Vinod Bobji (9391174331),S1 - General Surgery; S2 - Ent Surgery; S3 - Ophthalmology Surgery; S4 - Gynaecology And Obstetrics Surgery; S5 - Orthopedic Surgery And Procedures; S6 - Surgical Gastro Enterology; S7 - Cardiac And Cardiothoracic Surgery; S8 - Pediatric Surgeries; S9 - Genito Urinary Surgeries; S10 - Neurosurgery; S11 - Surgical Oncology; S14 - Plastic Surgery; S15 - Poly Trauma; S16 - Cochlear Implant Surgery; S17 - Prostheses; S20 - Unspecified Surgical Package; M1 - Critical Care; M2 - General Medicine; M3 - Infectious Diseases; M4 - Pediatrics; M5 - Cardiology; M6 - Nephrology; M7 - Neurology; M8 - Pulmonology; M9 - Dermatology; M10 - Rheumatology; M11 - Endocrinology; M12 - Gastroenterology; M14 - Thalassemia; M15 - Medical Oncology; M16 - Radiation Oncology
833,PHC Thripuraram,Government-DPH,Nalgonda,Tripuraram,-,Dr.Ramavath Shankar (9000888497),S1 - General Surgery; S2 - Ent Surgery; S3 - Ophthalmology Surgery; S4 - Gynaecology And Obstetrics Surgery; S5 - Orthopedic Surgery And Procedures; S6 - Surgical Gastro Enterology; S7 - Cardiac And Cardiothoracic Surgery; S8 - Pediatric Surgeries; S9 - Genito Urinary Surgeries; S10 - Neurosurgery; S11 - Surgical Oncology; S14 - Plastic Surgery; S15 - Poly Trauma; S16 - Cochlear Implant Surgery; S17 - Prostheses; S20 - Unspecified Surgical Package; M1 - Critical Care; M2 - General Medicine; M3 - Infectious Diseases; M4 - Pediatrics; M5 - Cardiology; M6 - Nephrology; M7 - Neurology; M8 - Pulmonology; M9 - Dermatology; M10 - Rheumatology; M11 - Endocrinology; M12 - Gastroenterology; M14 - Thalassemia; M15 - Medical Oncology; M16 - Radiation Oncology
834,PHC Thripuravaram,Government-DPH,Suryapet,Ananthagiri,-,Dr.N.Kalyanchakravarthy (9885407703),S1 - General Surgery; S2 - Ent Surgery; S3 - Ophthalmology Surgery; S4 - Gynaecology And Obstetrics Surgery; S5 - Orthopedic Surgery And Procedures; S6 - Surgical Gastro Enterology; S7 - Cardiac And Cardiothoracic Surgery; S8 - Pediatric Surgeries; S9 - Genito Urinary Surgeries; S10 - Neurosurgery; S11 - Surgical Oncology; S14 - Plastic Surgery; S15 - Poly Trauma; S16 - Cochlear Implant Surgery; S17 - Prostheses; S20 - Unspecified Surgical Package; M1 - Critical Care; M2 - General Medicine; M3 - Infectious Diseases; M4 - Pediatrics; M5 - Cardiology; M6 - Nephrology; M7 - Neurology; M8 - Pulmonology; M9 - Dermatology; M10 - Rheumatology; M11 - Endocrinology; M12 - Gastroenterology; M14 - Thalassemia; M15 - Medical Oncology; M16 - Radiation Oncology
835,PHC Thurkapally,Government-DPH,Yadadri Bhuvanagiri,Thurkapally,-,Dr.Ravindrani (6301459408),S1 - General Surgery; S2 - Ent Surgery; S3 - Ophthalmology Surgery; S4 - Gynaecology And Obstetrics Surgery; S5 - Orthopedic Surgery And Procedures; S6 - Surgical Gastro Enterology; S7 - Cardiac And Cardiothoracic Surgery; S8 - Pediatric Surgeries; S9 - Genito Urinary Surgeries; S10 - Neurosurgery; S11 - Surgical Oncology; S14 - Plastic Surgery; S15 - Poly Trauma; S16 - Cochlear Implant Surgery; S17 - Prostheses; S20 - Unspecified Surgical Package; M1 - Critical Care; M2 - General Medicine; M3 - Infectious Diseases; M4 - Pediatrics; M5 - Cardiology; M6 - Nephrology; M7 - Neurology; M8 - Pulmonology; M9 - Dermatology; M10 - Rheumatology; M11 - Endocrinology; M12 - Gastroenterology; M14 - Thalassemia; M15 - Medical Oncology; M16 - Radiation Oncology
836,PHC Thurkapally,Government-DPH,Sangareddy,Narayankhed,-,Dr.Rajeshwar (9000333350),S1 - General Surgery; S2 - Ent Surgery; S3 - Ophthalmology Surgery; S4 - Gynaecology And Obstetrics Surgery; S5 - Orthopedic Surgery And Procedures; S6 - Surgical Gastro Enterology; S7 - Cardiac And Cardiothoracic Surgery; S8 - Pediatric Surgeries; S9 - Genito Urinary Surgeries; S10 - Neurosurgery; S11 - Surgical Oncology; S14 - Plastic Surgery; S15 - Poly Trauma; S16 - Cochlear Implant Surgery; S17 - Prostheses; S20 - Unspecified Surgical Package; M1 - Critical Care; M2 - General Medicine; M3 - Infectious Diseases; M4 - Pediatrics; M5 - Cardiology; M6 - Nephrology; M7 - Neurology; M8 - Pulmonology; M9 - Dermatology; M10 - Rheumatology; M11 - Endocrinology; M12 - Gastroenterology; M14 - Thalassemia; M15 - Medical Oncology; M16 - Radiation Oncology
837,PHC Uggampalli,Government,Mahabubabad,Gudur,-,Dr.G.Ravi (9866853995); Dr.G.Ravi (-9866853995),S1 - General Surgery; S2 - Ent Surgery; S3 - Ophthalmology Surgery; S4 - Gynaecology And Obstetrics Surgery; S5 - Orthopedic Surgery And Procedures; S6 - Surgical Gastro Enterology; S7 - Cardiac And Cardiothoracic Surgery; S8 - Pediatric Surgeries; S9 - Genito Urinary Surgeries; S10 - Neurosurgery; S11 - Surgical Oncology; S14 - Plastic Surgery; S15 - Poly Trauma; S16 - Cochlear Implant Surgery; S17 - Prostheses; S20 - Unspecified Surgical Package; M1 - Critical Care; M2 - General Medicine; M3 - Infectious Diseases; M4 - Pediatrics; M5 - Cardiology; M6 - Nephrology; M7 - Neurology; M8 - Pulmonology; M9 - Dermatology; M10 - Rheumatology; M11 - Endocrinology; M12 - Gastroenterology; M14 - Thalassemia; M15 - Medical Oncology; M16 - Radiation Oncology
838,PHC Uggampalli,Government,Mahabubabad,Gudur,-,Dr.G.Ravi (9866853995),S1 - General Surgery; S2 - Ent Surgery; S3 - Ophthalmology Surgery; S4 - Gynaecology And Obstetrics Surgery; S5 - Orthopedic Surgery And Procedures; S6 - Surgical Gastro Enterology; S7 - Cardiac And Cardiothoracic Surgery; S8 - Pediatric Surgeries; S9 - Genito Urinary Surgeries; S10 - Neurosurgery; S11 - Surgical Oncology; S14 - Plastic Surgery; S15 - Poly Trauma; S16 - Cochlear Implant Surgery; S17 - Prostheses; S20 - Unspecified Surgical Package; M1 - Critical Care; M2 - General Medicine; M3 - Infectious Diseases; M4 - Pediatrics; M5 - Cardiology; M6 - Nephrology; M7 - Neurology; M8 - Pulmonology; M9 - Dermatology; M10 - Rheumatology; M11 - Endocrinology; M12 - Gastroenterology; M14 - Thalassemia; M15 - Medical Oncology; M16 - Radiation Oncology
839,PHC Ulvanoor,Government-DPH,Bhadradri Kothagudem,Palwancha,-,Dr. Sudheer (9908399822),S1 - General Surgery; S2 - Ent Surgery; S3 - Ophthalmology Surgery; S4 - Gynaecology And Obstetrics Surgery; S5 - Orthopedic Surgery And Procedures; S6 - Surgical Gastro Enterology; S7 - Cardiac And Cardiothoracic Surgery; S8 - Pediatric Surgeries; S9 - Genito Urinary Surgeries; S10 - Neurosurgery; S11 - Surgical Oncology; S14 - Plastic Surgery; S15 - Poly Trauma; S16 - Cochlear Implant Surgery; S17 - Prostheses; S20 - Unspecified Surgical Package; M1 - Critical Care; M2 - General Medicine; M3 - Infectious Diseases; M4 - Pediatrics; M5 - Cardiology; M6 - Nephrology; M7 - Neurology; M8 - Pulmonology; M9 - Dermatology; M10 - Rheumatology; M11 - Endocrinology; M12 - Gastroenterology; M14 - Thalassemia; M15 - Medical Oncology; M16 - Radiation Oncology
840,PHC Uppair,Government-DPH,Jogulamba Gadwal,Dharur,-,Dr Shashikala (9440914257); Dr Jayaraj (8328506364),S1 - General Surgery; S2 - Ent Surgery; S3 - Ophthalmology Surgery; S4 - Gynaecology And Obstetrics Surgery; S5 - Orthopedic Surgery And Procedures; S6 - Surgical Gastro Enterology; S7 - Cardiac And Cardiothoracic Surgery; S8 - Pediatric Surgeries; S9 - Genito Urinary Surgeries; S10 - Neurosurgery; S11 - Surgical Oncology; S14 - Plastic Surgery; S15 - Poly Trauma; S16 - Cochlear Implant Surgery; S17 - Prostheses; S20 - Unspecified Surgical Package; M1 - Critical Care; M2 - General Medicine; M3 - Infectious Diseases; M4 - Pediatrics; M5 - Cardiology; M6 - Nephrology; M7 - Neurology; M8 - Pulmonology; M9 - Dermatology; M10 - Rheumatology; M11 - Endocrinology; M12 - Gastroenterology; M14 - Thalassemia; M15 - Medical Oncology; M16 - Radiation Oncology
841,PHC Uppal,Government-DPH,Hanumakonda,Kamalapur,-,Dr Rohith (9014472617),S1 - General Surgery; S2 - Ent Surgery; S3 - Ophthalmology Surgery; S4 - Gynaecology And Obstetrics Surgery; S5 - Orthopedic Surgery And Procedures; S6 - Surgical Gastro Enterology; S7 - Cardiac And Cardiothoracic Surgery; S8 - Pediatric Surgeries; S9 - Genito Urinary Surgeries; S10 - Neurosurgery; S11 - Surgical Oncology; S14 - Plastic Surgery; S15 - Poly Trauma; S16 - Cochlear Implant Surgery; S17 - Prostheses; S20 - Unspecified Surgical Package; M1 - Critical Care; M2 - General Medicine; M3 - Infectious Diseases; M4 - Pediatrics; M5 - Cardiology; M6 - Nephrology; M7 - Neurology; M8 - Pulmonology; M9 - Dermatology; M10 - Rheumatology; M11 - Endocrinology; M12 - Gastroenterology; M14 - Thalassemia; M15 - Medical Oncology; M16 - Radiation Oncology
842,PHC Ushegoam,Government-DPH,Komaram Bheem Asifabad,Jainoor,-,Dr.M.Sathyanarayana (841111356); Dr. Bharath (9515354610),S1 - General Surgery; S2 - Ent Surgery; S3 - Ophthalmology Surgery; S4 - Gynaecology And Obstetrics Surgery; S5 - Orthopedic Surgery And Procedures; S6 - Surgical Gastro Enterology; S7 - Cardiac And Cardiothoracic Surgery; S8 - Pediatric Surgeries; S9 - Genito Urinary Surgeries; S10 - Neurosurgery; S11 - Surgical Oncology; S14 - Plastic Surgery; S15 - Poly Trauma; S16 - Cochlear Implant Surgery; S17 - Prostheses; S20 - Unspecified Surgical Package; M1 - Critical Care; M2 - General Medicine; M3 - Infectious Diseases; M4 - Pediatrics; M5 - Cardiology; M6 - Nephrology; M7 - Neurology; M8 - Pulmonology; M9 - Dermatology; M10 - Rheumatology; M11 - Endocrinology; M12 - Gastroenterology; M14 - Thalassemia; M15 - Medical Oncology; M16 - Radiation Oncology
843,PHC Uthnoor,Government-DPH,Kamareddy,Sadasivanagar,Yellareddy,Dr. A. Harikrishna (7095427045),S1 - General Surgery; S2 - Ent Surgery; S3 - Ophthalmology Surgery; S4 - Gynaecology And Obstetrics Surgery; S5 - Orthopedic Surgery And Procedures; S6 - Surgical Gastro Enterology; S7 - Cardiac And Cardiothoracic Surgery; S8 - Pediatric Surgeries; S9 - Genito Urinary Surgeries; S10 - Neurosurgery; S11 - Surgical Oncology; S14 - Plastic Surgery; S15 - Poly Trauma; S16 - Cochlear Implant Surgery; S17 - Prostheses; S20 - Unspecified Surgical Package; M1 - Critical Care; M2 - General Medicine; M3 - Infectious Diseases; M4 - Pediatrics; M5 - Cardiology; M6 - Nephrology; M7 - Neurology; M8 - Pulmonology; M9 - Dermatology; M10 - Rheumatology; M11 - Endocrinology; M12 - Gastroenterology; M14 - Thalassemia; M15 - Medical Oncology; M16 - Radiation Oncology
844,PHC V.T. Nagar,Government-DPH,Nalgonda,Chintha Pally,-,Dr. Abdul Sattar Imran Md (9951975554); Dr. Chinthakindi Jamuna (8639902020),S1 - General Surgery; S2 - Ent Surgery; S3 - Ophthalmology Surgery; S4 - Gynaecology And Obstetrics Surgery; S5 - Orthopedic Surgery And Procedures; S6 - Surgical Gastro Enterology; S7 - Cardiac And Cardiothoracic Surgery; S8 - Pediatric Surgeries; S9 - Genito Urinary Surgeries; S10 - Neurosurgery; S11 - Surgical Oncology; S14 - Plastic Surgery; S15 - Poly Trauma; S16 - Cochlear Implant Surgery; S17 - Prostheses; S20 - Unspecified Surgical Package; M1 - Critical Care; M2 - General Medicine; M3 - Infectious Diseases; M4 - Pediatrics; M5 - Cardiology; M6 - Nephrology; M7 - Neurology; M8 - Pulmonology; M9 - Dermatology; M10 - Rheumatology; M11 - Endocrinology; M12 - Gastroenterology; M14 - Thalassemia; M15 - Medical Oncology; M16 - Radiation Oncology
845,PHC Valigonda,Government-DPH,Yadadri Bhuvanagiri,Valigonda,-,Dr.Pavan (9848059303),S1 - General Surgery; S2 - Ent Surgery; S3 - Ophthalmology Surgery; S4 - Gynaecology And Obstetrics Surgery; S5 - Orthopedic Surgery And Procedures; S6 - Surgical Gastro Enterology; S7 - Cardiac And Cardiothoracic Surgery; S8 - Pediatric Surgeries; S9 - Genito Urinary Surgeries; S10 - Neurosurgery; S11 - Surgical Oncology; S14 - Plastic Surgery; S15 - Poly Trauma; S16 - Cochlear Implant Surgery; S17 - Prostheses; S20 - Unspecified Surgical Package; M1 - Critical Care; M2 - General Medicine; M3 - Infectious Diseases; M4 - Pediatrics; M5 - Cardiology; M6 - Nephrology; M7 - Neurology; M8 - Pulmonology; M9 - Dermatology; M10 - Rheumatology; M11 - Endocrinology; M12 - Gastroenterology; M14 - Thalassemia; M15 - Medical Oncology; M16 - Radiation Oncology
846,PHC Vallabhi,Government-DPH,Khammam,Mudigonda,-,Dr Arshida Begum (9703617576),S1 - General Surgery; S2 - Ent Surgery; S3 - Ophthalmology Surgery; S4 - Gynaecology And Obstetrics Surgery; S5 - Orthopedic Surgery And Procedures; S6 - Surgical Gastro Enterology; S7 - Cardiac And Cardiothoracic Surgery; S8 - Pediatric Surgeries; S9 - Genito Urinary Surgeries; S10 - Neurosurgery; S11 - Surgical Oncology; S14 - Plastic Surgery; S15 - Poly Trauma; S16 - Cochlear Implant Surgery; S17 - Prostheses; S20 - Unspecified Surgical Package; M1 - Critical Care; M2 - General Medicine; M3 - Infectious Diseases; M4 - Pediatrics; M5 - Cardiology; M6 - Nephrology; M7 - Neurology; M8 - Pulmonology; M9 - Dermatology; M10 - Rheumatology; M11 - Endocrinology; M12 - Gastroenterology; M14 - Thalassemia; M15 - Medical Oncology; M16 - Radiation Oncology
847,PHC Vangara,Government-DPH,Hanumakonda,Bheemadevarapalli,-,Dr Srinath (9010109636); Dr Aravinda Reddy (9959060455),S1 - General Surgery; S2 - Ent Surgery; S3 - Ophthalmology Surgery; S4 - Gynaecology And Obstetrics Surgery; S5 - Orthopedic Surgery And Procedures; S6 - Surgical Gastro Enterology; S7 - Cardiac And Cardiothoracic Surgery; S8 - Pediatric Surgeries; S9 - Genito Urinary Surgeries; S10 - Neurosurgery; S11 - Surgical Oncology; S14 - Plastic Surgery; S15 - Poly Trauma; S16 - Cochlear Implant Surgery; S17 - Prostheses; S20 - Unspecified Surgical Package; M1 - Critical Care; M2 - General Medicine; M3 - Infectious Diseases; M4 - Pediatrics; M5 - Cardiology; M6 - Nephrology; M7 - Neurology; M8 - Pulmonology; M9 - Dermatology; M10 - Rheumatology; M11 - Endocrinology; M12 - Gastroenterology; M14 - Thalassemia; M15 - Medical Oncology; M16 - Radiation Oncology
848,PHC Vangoor,Government-DPH,Nagarkurnool,Vangoor,-,Dr.Krishnaiah (8019796766); Dr.B.Shailaja (9866647787),S1 - General Surgery; S2 - Ent Surgery; S3 - Ophthalmology Surgery; S4 - Gynaecology And Obstetrics Surgery; S5 - Orthopedic Surgery And Procedures; S6 - Surgical Gastro Enterology; S7 - Cardiac And Cardiothoracic Surgery; S8 - Pediatric Surgeries; S9 - Genito Urinary Surgeries; S10 - Neurosurgery; S11 - Surgical Oncology; S14 - Plastic Surgery; S15 - Poly Trauma; S16 - Cochlear Implant Surgery; S17 - Prostheses; S20 - Unspecified Surgical Package; M1 - Critical Care; M2 - General Medicine; M3 - Infectious Diseases; M4 - Pediatrics; M5 - Cardiology; M6 - Nephrology; M7 - Neurology; M8 - Pulmonology; M9 - Dermatology; M10 - Rheumatology; M11 - Endocrinology; M12 - Gastroenterology; M14 - Thalassemia; M15 - Medical Oncology; M16 - Radiation Oncology
849,PHC Varkatapally,Government-DPH,Yadadri Bhuvanagiri,Valigonda,-,Dr. Swamy (8978305341),S1 - General Surgery; S2 - Ent Surgery; S3 - Ophthalmology Surgery; S4 - Gynaecology And Obstetrics Surgery; S5 - Orthopedic Surgery And Procedures; S6 - Surgical Gastro Enterology; S7 - Cardiac And Cardiothoracic Surgery; S8 - Pediatric Surgeries; S9 - Genito Urinary Surgeries; S10 - Neurosurgery; S11 - Surgical Oncology; S14 - Plastic Surgery; S15 - Poly Trauma; S16 - Cochlear Implant Surgery; S17 - Prostheses; S20 - Unspecified Surgical Package; M1 - Critical Care; M2 - General Medicine; M3 - Infectious Diseases; M4 - Pediatrics; M5 - Cardiology; M6 - Nephrology; M7 - Neurology; M8 - Pulmonology; M9 - Dermatology; M10 - Rheumatology; M11 - Endocrinology; M12 - Gastroenterology; M14 - Thalassemia; M15 - Medical Oncology; M16 - Radiation Oncology
850,PHC Vatvarlapally,Government-DPH,Nagarkurnool,Amrabad,-,Dr.R.Suresh Babu (998565890); Dr.M.Mahesh Nagendra (9492815262),S1 - General Surgery; S2 - Ent Surgery; S3 - Ophthalmology Surgery; S4 - Gynaecology And Obstetrics Surgery; S5 - Orthopedic Surgery And Procedures; S6 - Surgical Gastro Enterology; S7 - Cardiac And Cardiothoracic Surgery; S8 - Pediatric Surgeries; S9 - Genito Urinary Surgeries; S10 - Neurosurgery; S11 - Surgical Oncology; S14 - Plastic Surgery; S15 - Poly Trauma; S16 - Cochlear Implant Surgery; S17 - Prostheses; S20 - Unspecified Surgical Package; M1 - Critical Care; M2 - General Medicine; M3 - Infectious Diseases; M4 - Pediatrics; M5 - Cardiology; M6 - Nephrology; M7 - Neurology; M8 - Pulmonology; M9 - Dermatology; M10 - Rheumatology; M11 - Endocrinology; M12 - Gastroenterology; M14 - Thalassemia; M15 - Medical Oncology; M16 - Radiation Oncology
851,PHC Vavilala,Government-DPH,Karimnagar,Jammikunta,-,Dr.Thulasi Das (9966590591),S1 - General Surgery; S2 - Ent Surgery; S3 - Ophthalmology Surgery; S4 - Gynaecology And Obstetrics Surgery; S5 - Orthopedic Surgery And Procedures; S6 - Surgical Gastro Enterology; S7 - Cardiac And Cardiothoracic Surgery; S8 - Pediatric Surgeries; S9 - Genito Urinary Surgeries; S10 - Neurosurgery; S11 - Surgical Oncology; S14 - Plastic Surgery; S15 - Poly Trauma; S16 - Cochlear Implant Surgery; S17 - Prostheses; S20 - Unspecified Surgical Package; M1 - Critical Care; M2 - General Medicine; M3 - Infectious Diseases; M4 - Pediatrics; M5 - Cardiology; M6 - Nephrology; M7 - Neurology; M8 - Pulmonology; M9 - Dermatology; M10 - Rheumatology; M11 - Endocrinology; M12 - Gastroenterology; M14 - Thalassemia; M15 - Medical Oncology; M16 - Radiation Oncology
852,PHC Veddelingapur,Government-DPH,Jagtial,Raikal,-,Dr.P.Praveen Kumar (9849553322); Dr.K.Sathish Kumar (6303486249),S1 - General Surgery; S2 - Ent Surgery; S3 - Ophthalmology Surgery; S4 - Gynaecology And Obstetrics Surgery; S5 - Orthopedic Surgery And Procedures; S6 - Surgical Gastro Enterology; S7 - Cardiac And Cardiothoracic Surgery; S8 - Pediatric Surgeries; S9 - Genito Urinary Surgeries; S10 - Neurosurgery; S11 - Surgical Oncology; S14 - Plastic Surgery; S15 - Poly Trauma; S16 - Cochlear Implant Surgery; S17 - Prostheses; S20 - Unspecified Surgical Package; M1 - Critical Care; M2 - General Medicine; M3 - Infectious Diseases; M4 - Pediatrics; M5 - Cardiology; M6 - Nephrology; M7 - Neurology; M8 - Pulmonology; M9 - Dermatology; M10 - Rheumatology; M11 - Endocrinology; M12 - Gastroenterology; M14 - Thalassemia; M15 - Medical Oncology; M16 - Radiation Oncology
853,PHC Veenavanka,Government-DPH,Karimnagar,Veenavanka,-,Dr.Shyam Prasad (9989916159),S1 - General Surgery; S2 - Ent Surgery; S3 - Ophthalmology Surgery; S4 - Gynaecology And Obstetrics Surgery; S5 - Orthopedic Surgery And Procedures; S6 - Surgical Gastro Enterology; S7 - Cardiac And Cardiothoracic Surgery; S8 - Pediatric Surgeries; S9 - Genito Urinary Surgeries; S10 - Neurosurgery; S11 - Surgical Oncology; S14 - Plastic Surgery; S15 - Poly Trauma; S16 - Cochlear Implant Surgery; S17 - Prostheses; S20 - Unspecified Surgical Package; M1 - Critical Care; M2 - General Medicine; M3 - Infectious Diseases; M4 - Pediatrics; M5 - Cardiology; M6 - Nephrology; M7 - Neurology; M8 - Pulmonology; M9 - Dermatology; M10 - Rheumatology; M11 - Endocrinology; M12 - Gastroenterology; M14 - Thalassemia; M15 - Medical Oncology; M16 - Radiation Oncology
854,PHC Velagatour,Government-DPH,Jagtial,Velgatoor,-,Dr. Ramesh (9848737763); Dr.G.Sravan Kumar (9866092575),S1 - General Surgery; S2 - Ent Surgery; S3 - Ophthalmology Surgery; S4 - Gynaecology And Obstetrics Surgery; S5 - Orthopedic Surgery And Procedures; S6 - Surgical Gastro Enterology; S7 - Cardiac And Cardiothoracic Surgery; S8 - Pediatric Surgeries; S9 - Genito Urinary Surgeries; S10 - Neurosurgery; S11 - Surgical Oncology; S14 - Plastic Surgery; S15 - Poly Trauma; S16 - Cochlear Implant Surgery; S17 - Prostheses; S20 - Unspecified Surgical Package; M1 - Critical Care; M2 - General Medicine; M3 - Infectious Diseases; M4 - Pediatrics; M5 - Cardiology; M6 - Nephrology; M7 - Neurology; M8 - Pulmonology; M9 - Dermatology; M10 - Rheumatology; M11 - Endocrinology; M12 - Gastroenterology; M14 - Thalassemia; M15 - Medical Oncology; M16 - Radiation Oncology
855,PHC Velair,Government-DPH,Hanumakonda,Velair,-,Dr Padmasree (81212 45874),S1 - General Surgery; S2 - Ent Surgery; S3 - Ophthalmology Surgery; S4 - Gynaecology And Obstetrics Surgery; S5 - Orthopedic Surgery And Procedures; S6 - Surgical Gastro Enterology; S7 - Cardiac And Cardiothoracic Surgery; S8 - Pediatric Surgeries; S9 - Genito Urinary Surgeries; S10 - Neurosurgery; S11 - Surgical Oncology; S14 - Plastic Surgery; S15 - Poly Trauma; S16 - Cochlear Implant Surgery; S17 - Prostheses; S20 - Unspecified Surgical Package; M1 - Critical Care; M2 - General Medicine; M3 - Infectious Diseases; M4 - Pediatrics; M5 - Cardiology; M6 - Nephrology; M7 - Neurology; M8 - Pulmonology; M9 - Dermatology; M10 - Rheumatology; M11 - Endocrinology; M12 - Gastroenterology; M14 - Thalassemia; M15 - Medical Oncology; M16 - Radiation Oncology
856,PHC Veldanda,Government-DPH,Nagarkurnool,Veldanda,-,Dr.R.Tilak Cas (9296956128),S1 - General Surgery; S2 - Ent Surgery; S3 - Ophthalmology Surgery; S4 - Gynaecology And Obstetrics Surgery; S5 - Orthopedic Surgery And Procedures; S6 - Surgical Gastro Enterology; S7 - Cardiac And Cardiothoracic Surgery; S8 - Pediatric Surgeries; S9 - Genito Urinary Surgeries; S10 - Neurosurgery; S11 - Surgical Oncology; S14 - Plastic Surgery; S15 - Poly Trauma; S16 - Cochlear Implant Surgery; S17 - Prostheses; S20 - Unspecified Surgical Package; M1 - Critical Care; M2 - General Medicine; M3 - Infectious Diseases; M4 - Pediatrics; M5 - Cardiology; M6 - Nephrology; M7 - Neurology; M8 - Pulmonology; M9 - Dermatology; M10 - Rheumatology; M11 - Endocrinology; M12 - Gastroenterology; M14 - Thalassemia; M15 - Medical Oncology; M16 - Radiation Oncology
857,PHC Veldhi,Government-DPH,Karimnagar,Manakondur,-,Dr.K.G.M.Biyabani (7702644226),S1 - General Surgery; S2 - Ent Surgery; S3 - Ophthalmology Surgery; S4 - Gynaecology And Obstetrics Surgery; S5 - Orthopedic Surgery And Procedures; S6 - Surgical Gastro Enterology; S7 - Cardiac And Cardiothoracic Surgery; S8 - Pediatric Surgeries; S9 - Genito Urinary Surgeries; S10 - Neurosurgery; S11 - Surgical Oncology; S14 - Plastic Surgery; S15 - Poly Trauma; S16 - Cochlear Implant Surgery; S17 - Prostheses; S20 - Unspecified Surgical Package; M1 - Critical Care; M2 - General Medicine; M3 - Infectious Diseases; M4 - Pediatrics; M5 - Cardiology; M6 - Nephrology; M7 - Neurology; M8 - Pulmonology; M9 - Dermatology; M10 - Rheumatology; M11 - Endocrinology; M12 - Gastroenterology; M14 - Thalassemia; M15 - Medical Oncology; M16 - Radiation Oncology
858,PHC Velminedu,Government-DPH,Nalgonda,Chityala,-,Dr.U.Narsimha (8121630217),S1 - General Surgery; S2 - Ent Surgery; S3 - Ophthalmology Surgery; S4 - Gynaecology And Obstetrics Surgery; S5 - Orthopedic Surgery And Procedures; S6 - Surgical Gastro Enterology; S7 - Cardiac And Cardiothoracic Surgery; S8 - Pediatric Surgeries; S9 - Genito Urinary Surgeries; S10 - Neurosurgery; S11 - Surgical Oncology; S14 - Plastic Surgery; S15 - Poly Trauma; S16 - Cochlear Implant Surgery; S17 - Prostheses; S20 - Unspecified Surgical Package; M1 - Critical Care; M2 - General Medicine; M3 - Infectious Diseases; M4 - Pediatrics; M5 - Cardiology; M6 - Nephrology; M7 - Neurology; M8 - Pulmonology; M9 - Dermatology; M10 - Rheumatology; M11 - Endocrinology; M12 - Gastroenterology; M14 - Thalassemia; M15 - Medical Oncology; M16 - Radiation Oncology
859,PHC Velpur,Government-DPH,Nizamabad,Velpur,-,Dr M Ashok (8639220386),S1 - General Surgery; S2 - Ent Surgery; S3 - Ophthalmology Surgery; S4 - Gynaecology And Obstetrics Surgery; S5 - Orthopedic Surgery And Procedures; S6 - Surgical Gastro Enterology; S7 - Cardiac And Cardiothoracic Surgery; S8 - Pediatric Surgeries; S9 - Genito Urinary Surgeries; S10 - Neurosurgery; S11 - Surgical Oncology; S14 - Plastic Surgery; S15 - Poly Trauma; S16 - Cochlear Implant Surgery; S17 - Prostheses; S20 - Unspecified Surgical Package; M1 - Critical Care; M2 - General Medicine; M3 - Infectious Diseases; M4 - Pediatrics; M5 - Cardiology; M6 - Nephrology; M7 - Neurology; M8 - Pulmonology; M9 - Dermatology; M10 - Rheumatology; M11 - Endocrinology; M12 - Gastroenterology; M14 - Thalassemia; M15 - Medical Oncology; M16 - Radiation Oncology
860,PHC Vemanapally,Government-DPH,Mancherial,Vemanpally,-,Dr. Jhanshi (9908232535),S1 - General Surgery; S2 - Ent Surgery; S3 - Ophthalmology Surgery; S4 - Gynaecology And Obstetrics Surgery; S5 - Orthopedic Surgery And Procedures; S6 - Surgical Gastro Enterology; S7 - Cardiac And Cardiothoracic Surgery; S8 - Pediatric Surgeries; S9 - Genito Urinary Surgeries; S10 - Neurosurgery; S11 - Surgical Oncology; S14 - Plastic Surgery; S15 - Poly Trauma; S16 - Cochlear Implant Surgery; S17 - Prostheses; S20 - Unspecified Surgical Package; M1 - Critical Care; M2 - General Medicine; M3 - Infectious Diseases; M4 - Pediatrics; M5 - Cardiology; M6 - Nephrology; M7 - Neurology; M8 - Pulmonology; M9 - Dermatology; M10 - Rheumatology; M11 - Endocrinology; M12 - Gastroenterology; M14 - Thalassemia; M15 - Medical Oncology; M16 - Radiation Oncology
861,PHC Vemsoor,Government-DPH,Khammam,Vemsoor,-,Dr. Y.L.Prasanthi (9676385666),S1 - General Surgery; S2 - Ent Surgery; S3 - Ophthalmology Surgery; S4 - Gynaecology And Obstetrics Surgery; S5 - Orthopedic Surgery And Procedures; S6 - Surgical Gastro Enterology; S7 - Cardiac And Cardiothoracic Surgery; S8 - Pediatric Surgeries; S9 - Genito Urinary Surgeries; S10 - Neurosurgery; S11 - Surgical Oncology; S14 - Plastic Surgery; S15 - Poly Trauma; S16 - Cochlear Implant Surgery; S17 - Prostheses; S20 - Unspecified Surgical Package; M1 - Critical Care; M2 - General Medicine; M3 - Infectious Diseases; M4 - Pediatrics; M5 - Cardiology; M6 - Nephrology; M7 - Neurology; M8 - Pulmonology; M9 - Dermatology; M10 - Rheumatology; M11 - Endocrinology; M12 - Gastroenterology; M14 - Thalassemia; M15 - Medical Oncology; M16 - Radiation Oncology
862,PHC Vemulakonda,Government-DPH,Yadadri Bhuvanagiri,Valigonda,-,Dr. Suman Kalyan (9701879168); Dr.Jyothi (7997579168),S1 - General Surgery; S2 - Ent Surgery; S3 - Ophthalmology Surgery; S4 - Gynaecology And Obstetrics Surgery; S5 - Orthopedic Surgery And Procedures; S6 - Surgical Gastro Enterology; S7 - Cardiac And Cardiothoracic Surgery; S8 - Pediatric Surgeries; S9 - Genito Urinary Surgeries; S10 - Neurosurgery; S11 - Surgical Oncology; S14 - Plastic Surgery; S15 - Poly Trauma; S16 - Cochlear Implant Surgery; S17 - Prostheses; S20 - Unspecified Surgical Package; M1 - Critical Care; M2 - General Medicine; M3 - Infectious Diseases; M4 - Pediatrics; M5 - Cardiology; M6 - Nephrology; M7 - Neurology; M8 - Pulmonology; M9 - Dermatology; M10 - Rheumatology; M11 - Endocrinology; M12 - Gastroenterology; M14 - Thalassemia; M15 - Medical Oncology; M16 - Radiation Oncology
863,PHC Venkatraopet,Government-DPH,Mancherial,Luxettipet,-,Dr. Satish (8686775166),S1 - General Surgery; S2 - Ent Surgery; S3 - Ophthalmology Surgery; S4 - Gynaecology And Obstetrics Surgery; S5 - Orthopedic Surgery And Procedures; S6 - Surgical Gastro Enterology; S7 - Cardiac And Cardiothoracic Surgery; S8 - Pediatric Surgeries; S9 - Genito Urinary Surgeries; S10 - Neurosurgery; S11 - Surgical Oncology; S14 - Plastic Surgery; S15 - Poly Trauma; S16 - Cochlear Implant Surgery; S17 - Prostheses; S20 - Unspecified Surgical Package; M1 - Critical Care; M2 - General Medicine; M3 - Infectious Diseases; M4 - Pediatrics; M5 - Cardiology; M6 - Nephrology; M7 - Neurology; M8 - Pulmonology; M9 - Dermatology; M10 - Rheumatology; M11 - Endocrinology; M12 - Gastroenterology; M14 - Thalassemia; M15 - Medical Oncology; M16 - Radiation Oncology
864,PHC Vennacherla,Government-DPH,Nagarkurnool,Peddakothapalle,-,Dr G.Rajashekar (8978218676),S1 - General Surgery; S2 - Ent Surgery; S3 - Ophthalmology Surgery; S4 - Gynaecology And Obstetrics Surgery; S5 - Orthopedic Surgery And Procedures; S6 - Surgical Gastro Enterology; S7 - Cardiac And Cardiothoracic Surgery; S8 - Pediatric Surgeries; S9 - Genito Urinary Surgeries; S10 - Neurosurgery; S11 - Surgical Oncology; S14 - Plastic Surgery; S15 - Poly Trauma; S16 - Cochlear Implant Surgery; S17 - Prostheses; S20 - Unspecified Surgical Package; M1 - Critical Care; M2 - General Medicine; M3 - Infectious Diseases; M4 - Pediatrics; M5 - Cardiology; M6 - Nephrology; M7 - Neurology; M8 - Pulmonology; M9 - Dermatology; M10 - Rheumatology; M11 - Endocrinology; M12 - Gastroenterology; M14 - Thalassemia; M15 - Medical Oncology; M16 - Radiation Oncology
865,PHC Vilasagar,Government-DPH,Rajanna Sircilla,Boinpalli,-,Dr.K Srikar (9701824105),S1 - General Surgery; S2 - Ent Surgery; S3 - Ophthalmology Surgery; S4 - Gynaecology And Obstetrics Surgery; S5 - Orthopedic Surgery And Procedures; S6 - Surgical Gastro Enterology; S7 - Cardiac And Cardiothoracic Surgery; S8 - Pediatric Surgeries; S9 - Genito Urinary Surgeries; S10 - Neurosurgery; S11 - Surgical Oncology; S14 - Plastic Surgery; S15 - Poly Trauma; S16 - Cochlear Implant Surgery; S17 - Prostheses; S20 - Unspecified Surgical Package; M1 - Critical Care; M2 - General Medicine; M3 - Infectious Diseases; M4 - Pediatrics; M5 - Cardiology; M6 - Nephrology; M7 - Neurology; M8 - Pulmonology; M9 - Dermatology; M10 - Rheumatology; M11 - Endocrinology; M12 - Gastroenterology; M14 - Thalassemia; M15 - Medical Oncology; M16 - Radiation Oncology
866,PHC Vinayakapuram,Government,Bhadradri Kothagudem,Aswaraopeta,-,Dr. Harish (9603916006); Dr.Rambabu (8328169943),S1 - General Surgery; S2 - Ent Surgery; S3 - Ophthalmology Surgery; S4 - Gynaecology And Obstetrics Surgery; S5 - Orthopedic Surgery And Procedures; S6 - Surgical Gastro Enterology; S7 - Cardiac And Cardiothoracic Surgery; S8 - Pediatric Surgeries; S9 - Genito Urinary Surgeries; S10 - Neurosurgery; S11 - Surgical Oncology; S14 - Plastic Surgery; S15 - Poly Trauma; S16 - Cochlear Implant Surgery; S17 - Prostheses; S20 - Unspecified Surgical Package; M1 - Critical Care; M2 - General Medicine; M3 - Infectious Diseases; M4 - Pediatrics; M5 - Cardiology; M6 - Nephrology; M7 - Neurology; M8 - Pulmonology; M9 - Dermatology; M10 - Rheumatology; M11 - Endocrinology; M12 - Gastroenterology; M14 - Thalassemia; M15 - Medical Oncology; M16 - Radiation Oncology
867,PHC Waddepally,Government-DPH,Jogulamba Gadwal,Waddepalle,Waddepalle,Dr A.Malakondaiah (9440075451); Dr Mansoor Ali (9059274589),S1 - General Surgery; S2 - Ent Surgery; S3 - Ophthalmology Surgery; S4 - Gynaecology And Obstetrics Surgery; S5 - Orthopedic Surgery And Procedures; S6 - Surgical Gastro Enterology; S7 - Cardiac And Cardiothoracic Surgery; S8 - Pediatric Surgeries; S9 - Genito Urinary Surgeries; S10 - Neurosurgery; S11 - Surgical Oncology; S14 - Plastic Surgery; S15 - Poly Trauma; S16 - Cochlear Implant Surgery; S17 - Prostheses; S20 - Unspecified Surgical Package; M1 - Critical Care; M2 - General Medicine; M3 - Infectious Diseases; M4 - Pediatrics; M5 - Cardiology; M6 - Nephrology; M7 - Neurology; M8 - Pulmonology; M9 - Dermatology; M10 - Rheumatology; M11 - Endocrinology; M12 - Gastroenterology; M14 - Thalassemia; M15 - Medical Oncology; M16 - Radiation Oncology
868,PHC Wankidi,Government-DPH,Komaram Bheem Asifabad,Wankidi,-,Dr Sathish Koppula (9030634547); Dr Vinay Upre (9866261614),S1 - General Surgery; S2 - Ent Surgery; S3 - Ophthalmology Surgery; S4 - Gynaecology And Obstetrics Surgery; S5 - Orthopedic Surgery And Procedures; S6 - Surgical Gastro Enterology; S7 - Cardiac And Cardiothoracic Surgery; S8 - Pediatric Surgeries; S9 - Genito Urinary Surgeries; S10 - Neurosurgery; S11 - Surgical Oncology; S14 - Plastic Surgery; S15 - Poly Trauma; S16 - Cochlear Implant Surgery; S17 - Prostheses; S20 - Unspecified Surgical Package; M1 - Critical Care; M2 - General Medicine; M3 - Infectious Diseases; M4 - Pediatrics; M5 - Cardiology; M6 - Nephrology; M7 - Neurology; M8 - Pulmonology; M9 - Dermatology; M10 - Rheumatology; M11 - Endocrinology; M12 - Gastroenterology; M14 - Thalassemia; M15 - Medical Oncology; M16 - Radiation Oncology
869,PHC Wargal,Government-DPH,Siddipet,Wargal,-,Dr. P.Haritha (9866673168); Dr.Sirisha (7997503888),S1 - General Surgery; S2 - Ent Surgery; S3 - Ophthalmology Surgery; S4 - Gynaecology And Obstetrics Surgery; S5 - Orthopedic Surgery And Procedures; S6 - Surgical Gastro Enterology; S7 - Cardiac And Cardiothoracic Surgery; S8 - Pediatric Surgeries; S9 - Genito Urinary Surgeries; S10 - Neurosurgery; S11 - Surgical Oncology; S14 - Plastic Surgery; S15 - Poly Trauma; S16 - Cochlear Implant Surgery; S17 - Prostheses; S20 - Unspecified Surgical Package; M1 - Critical Care; M2 - General Medicine; M3 - Infectious Diseases; M4 - Pediatrics; M5 - Cardiology; M6 - Nephrology; M7 - Neurology; M8 - Pulmonology; M9 - Dermatology; M10 - Rheumatology; M11 - Endocrinology; M12 - Gastroenterology; M14 - Thalassemia; M15 - Medical Oncology; M16 - Radiation Oncology
870,PHC Yacharam,Government-DPH,Rangareddy,Yacharam,-,Dr. G. Uma Devi (9000280101),S1 - General Surgery; S2 - Ent Surgery; S3 - Ophthalmology Surgery; S4 - Gynaecology And Obstetrics Surgery; S5 - Orthopedic Surgery And Procedures; S6 - Surgical Gastro Enterology; S7 - Cardiac And Cardiothoracic Surgery; S8 - Pediatric Surgeries; S9 - Genito Urinary Surgeries; S10 - Neurosurgery; S11 - Surgical Oncology; S14 - Plastic Surgery; S15 - Poly Trauma; S16 - Cochlear Implant Surgery; S17 - Prostheses; S20 - Unspecified Surgical Package; M1 - Critical Care; M2 - General Medicine; M3 - Infectious Diseases; M4 - Pediatrics; M5 - Cardiology; M6 - Nephrology; M7 - Neurology; M8 - Pulmonology; M9 - Dermatology; M10 - Rheumatology; M11 - Endocrinology; M12 - Gastroenterology; M14 - Thalassemia; M15 - Medical Oncology; M16 - Radiation Oncology
871,PHC Yalal,Government-DPH,Vikarabad,Yalal,-,Dr. M Ashwini (7013792317),S1 - General Surgery; S2 - Ent Surgery; S3 - Ophthalmology Surgery; S4 - Gynaecology And Obstetrics Surgery; S5 - Orthopedic Surgery And Procedures; S6 - Surgical Gastro Enterology; S7 - Cardiac And Cardiothoracic Surgery; S8 - Pediatric Surgeries; S9 - Genito Urinary Surgeries; S10 - Neurosurgery; S11 - Surgical Oncology; S14 - Plastic Surgery; S15 - Poly Trauma; S16 - Cochlear Implant Surgery; S17 - Prostheses; S20 - Unspecified Surgical Package; M1 - Critical Care; M2 - General Medicine; M3 - Infectious Diseases; M4 - Pediatrics; M5 - Cardiology; M6 - Nephrology; M7 - Neurology; M8 - Pulmonology; M9 - Dermatology; M10 - Rheumatology; M11 - Endocrinology; M12 - Gastroenterology; M14 - Thalassemia; M15 - Medical Oncology; M16 - Radiation Oncology
872,PHC Yedapally,Government-DPH,Nizamabad,Yedapalle,-,Dr.P.Madhusudan (9014273732),S1 - General Surgery; S2 - Ent Surgery; S3 - Ophthalmology Surgery; S4 - Gynaecology And Obstetrics Surgery; S5 - Orthopedic Surgery And Procedures; S6 - Surgical Gastro Enterology; S7 - Cardiac And Cardiothoracic Surgery; S8 - Pediatric Surgeries; S9 - Genito Urinary Surgeries; S10 - Neurosurgery; S11 - Surgical Oncology; S14 - Plastic Surgery; S15 - Poly Trauma; S16 - Cochlear Implant Surgery; S17 - Prostheses; S20 - Unspecified Surgical Package; M1 - Critical Care; M2 - General Medicine; M3 - Infectious Diseases; M4 - Pediatrics; M5 - Cardiology; M6 - Nephrology; M7 - Neurology; M8 - Pulmonology; M9 - Dermatology; M10 - Rheumatology; M11 - Endocrinology; M12 - Gastroenterology; M14 - Thalassemia; M15 - Medical Oncology; M16 - Radiation Oncology
873,PHC Yeldurthy,Government-DPH,Medak,Yeldurthy,-,Dr.Pravalika (9390096905); K. Shirisha(9705213374),S1 - General Surgery; S2 - Ent Surgery; S3 - Ophthalmology Surgery; S4 - Gynaecology And Obstetrics Surgery; S5 - Orthopedic Surgery And Procedures; S6 - Surgical Gastro Enterology; S7 - Cardiac And Cardiothoracic Surgery; S8 - Pediatric Surgeries; S9 - Genito Urinary Surgeries; S10 - Neurosurgery; S11 - Surgical Oncology; S14 - Plastic Surgery; S15 - Poly Trauma; S16 - Cochlear Implant Surgery; S17 - Prostheses; S20 - Unspecified Surgical Package; M1 - Critical Care; M2 - General Medicine; M3 - Infectious Diseases; M4 - Pediatrics; M5 - Cardiology; M6 - Nephrology; M7 - Neurology; M8 - Pulmonology; M9 - Dermatology; M10 - Rheumatology; M11 - Endocrinology; M12 - Gastroenterology; M14 - Thalassemia; M15 - Medical Oncology; M16 - Radiation Oncology
874,PHC Yergatla,Government-DPH,Nizamabad,Yergatla,-,Dr Stefi Rani (),S1 - General Surgery; S2 - Ent Surgery; S3 - Ophthalmology Surgery; S4 - Gynaecology And Obstetrics Surgery; S5 - Orthopedic Surgery And Procedures; S6 - Surgical Gastro Enterology; S7 - Cardiac And Cardiothoracic Surgery; S8 - Pediatric Surgeries; S9 - Genito Urinary Surgeries; S10 - Neurosurgery; S11 - Surgical Oncology; S14 - Plastic Surgery; S15 - Poly Trauma; S16 - Cochlear Implant Surgery; S17 - Prostheses; M1 - Critical Care; M2 - General Medicine; M3 - Infectious Diseases; M4 - Pediatrics; M5 - Cardiology; M6 - Nephrology; M7 - Neurology; M8 - Pulmonology; M9 - Dermatology; M10 - Rheumatology; M11 - Endocrinology; M12 - Gastroenterology; M14 - Thalassemia; S19.1 - Liver Transplantation Surgery; S19.2 - Heart Transplantation Surgery; S19.3 - Renal Transplantation Surgery; S19.4 - Lung Transplantation Surgery; S19.5 - Allogenic Stem Cell Transplantation; S19.6 - Autologous Stem Cell Transplantation; S19.7 - Heart And Lung Transplantation Surgery; M15 - Medical Oncology; M16 - Radiation Oncology
875,PHC eddashapur,Government-DPH,Rangareddy,Shamshabad,-,Dr Mariyam Fatima (9542068046),S1 - General Surgery; S2 - Ent Surgery; S3 - Ophthalmology Surgery; S4 - Gynaecology And Obstetrics Surgery; S5 - Orthopedic Surgery And Procedures; S6 - Surgical Gastro Enterology; S7 - Cardiac And Cardiothoracic Surgery; S8 - Pediatric Surgeries; S9 - Genito Urinary Surgeries; S10 - Neurosurgery; S11 - Surgical Oncology; S14 - Plastic Surgery; S15 - Poly Trauma; S16 - Cochlear Implant Surgery; S17 - Prostheses; S20 - Unspecified Surgical Package; M1 - Critical Care; M2 - General Medicine; M3 - Infectious Diseases; M4 - Pediatrics; M5 - Cardiology; M6 - Nephrology; M7 - Neurology; M8 - Pulmonology; M9 - Dermatology; M10 - Rheumatology; M11 - Endocrinology; M12 - Gastroenterology; M14 - Thalassemia; M15 - Medical Oncology; M16 - Radiation Oncology
876,PRK Hospitals,Corporate,Rangareddy,Serilingampalli,Ghmc,Ananthaiah. M(9963950628),S1 - General Surgery; S5 - Orthopedic Surgery And Procedures; S6 - Surgical Gastro Enterology; S7 - Cardiac And Cardiothoracic Surgery; S9 - Genito Urinary Surgeries; S10 - Neurosurgery; S15 - Poly Trauma; M1 - Critical Care; M2 - General Medicine; M5 - Cardiology; M6 - Nephrology; M7 - Neurology; M8 - Pulmonology
877,"Pace Hospitals A Unit of OMRV Hospitals Pvt Ltd, Hitech City",Corporate,Rangareddy,Serilingampalli,Ghmc,K. Chiranjeevi(8333817240),S5 - Orthopedic Surgery And Procedures; S10 - Neurosurgery; S15 - Poly Trauma; M7 - Neurology
878,Padmaja Hospital,Corporate,Medak,Narsapur,-,Shyam Prasad (9676604162),S1 - General Surgery; S5 - Orthopedic Surgery And Procedures; S9 - Genito Urinary Surgeries; S15 - Poly Trauma; M2 - General Medicine
879,"Panacea Meridian Hospital, Sangareddy",Corporate,Sangareddy,Ramchandrapuram,Ghmc,Dapu Ashok (9347091947),S5 - Orthopedic Surgery And Procedures; S9 - Genito Urinary Surgeries; S15 - Poly Trauma; M6 - Nephrology
880,Paramitha Childrens Hospitals Kompally Pvt Ltd,Corporate,Medchal-Malkajgiri,Medchal,Ghmc,Sudheer T(9704886795); Gudisa.Suman (9949402761),S5 - Orthopedic Surgery And Procedures; S8 - Pediatric Surgeries; S15 - Poly Trauma; M4 - Pediatrics
881,Pavani Eye Hospital,Corporate,Jagtial,Jagitial Rural,Jagtial,Nerella Satish (9701704676),S3 - Ophthalmology Surgery
882,Phc Thadicharla,Government-DPH,Jayashankar Bhoopalpally,Malhar Rao,-,Dr.Domakuntla.Deepak (7670867046),S1 - General Surgery; S2 - Ent Surgery; S3 - Ophthalmology Surgery; S4 - Gynaecology And Obstetrics Surgery; S5 - Orthopedic Surgery And Procedures; S6 - Surgical Gastro Enterology; S7 - Cardiac And Cardiothoracic Surgery; S8 - Pediatric Surgeries; S9 - Genito Urinary Surgeries; S10 - Neurosurgery; S11 - Surgical Oncology; S14 - Plastic Surgery; S15 - Poly Trauma; S16 - Cochlear Implant Surgery; S17 - Prostheses; S20 - Unspecified Surgical Package; M1 - Critical Care; M2 - General Medicine; M3 - Infectious Diseases; M4 - Pediatrics; M5 - Cardiology; M6 - Nephrology; M7 - Neurology; M8 - Pulmonology; M9 - Dermatology; M10 - Rheumatology; M11 - Endocrinology; M12 - Gastroenterology; M14 - Thalassemia; M15 - Medical Oncology; M16 - Radiation Oncology
883,Pragathi Hospital,Corporate,Nizamabad,Nizamabad (North),Nizamabad,T Sravan Kumar (9533644382); Chandrapalaka Sumalatha (9912631143),S1 - General Surgery; S4 - Gynaecology And Obstetrics Surgery; S5 - Orthopedic Surgery And Procedures; S9 - Genito Urinary Surgeries; S15 - Poly Trauma; M4 - Pediatrics; M5 - Cardiology; M6 - Nephrology
884,Pragma Hospitals A Unit of Vamsi Pragma Hospitals Pvt Ltd,Corporate,Rangareddy,Hayathnagar,Ghmc,P.Sathish Reddy (8374921234),S5 - Orthopedic Surgery And Procedures; S7 - Cardiac And Cardiothoracic Surgery; S9 - Genito Urinary Surgeries; S15 - Poly Trauma; M5 - Cardiology; M6 - Nephrology
885,Pramoda Hospital,Corporate,Hanumakonda,Hanamkonda,Warangal,Maraboina Swapna (7989739728),S1 - General Surgery; S4 - Gynaecology And Obstetrics Surgery; S5 - Orthopedic Surgery And Procedures; S9 - Genito Urinary Surgeries; S15 - Poly Trauma; M2 - General Medicine; M4 - Pediatrics; M7 - Neurology
886,Prashanths GK Hospitals,Corporate,Nirmal,Nirmal,Nirmal,Munde.Godavari (9347523064); Smt.Mamilla Gangamani(8919336681),S1 - General Surgery; S5 - Orthopedic Surgery And Procedures; S9 - Genito Urinary Surgeries; S14 - Plastic Surgery; S15 - Poly Trauma; M2 - General Medicine
887,Prasuna Orthopaedic and Multispeciality Hospital,Corporate,Khammam,Khammam (Urban),Khammam,Chirra.Ramesh (9603619492),S5 - Orthopedic Surgery And Procedures; S9 - Genito Urinary Surgeries; S10 - Neurosurgery; S14 - Plastic Surgery; S15 - Poly Trauma; M2 - General Medicine; M5 - Cardiology; M7 - Neurology
888,"Prathima Hospitals ( A Unit of Sri Sai Balaji Health Care India Pvt Ltd), Kachiguda",Corporate,Hyderabad,Amberpet,Ghmc,Murikipudi Bharathi (7416362738),S5 - Orthopedic Surgery And Procedures; S7 - Cardiac And Cardiothoracic Surgery; S9 - Genito Urinary Surgeries; S10 - Neurosurgery; M2 - General Medicine; M5 - Cardiology; M6 - Nephrology; M7 - Neurology
889,Prathima Hospitals (A Unit of Mamatha Medicare Pvt. Ltd.),Corporate,Medchal-Malkajgiri,Kukatpally,Ghmc,Laxmaiah. E(9705516614),S1 - General Surgery; S2 - Ent Surgery; S4 - Gynaecology And Obstetrics Surgery; S5 - Orthopedic Surgery And Procedures; S6 - Surgical Gastro Enterology; S8 - Pediatric Surgeries; S9 - Genito Urinary Surgeries; S10 - Neurosurgery; S14 - Plastic Surgery; S15 - Poly Trauma; M1 - Critical Care; M2 - General Medicine; M4 - Pediatrics; M5 - Cardiology; M6 - Nephrology; M7 - Neurology; M8 - Pulmonology; M9 - Dermatology; M11 - Endocrinology; M12 - Gastroenterology
890,Prathima Insitute of Medical Science,Corporate,Karimnagar,Karimnagar,-,Puramshetty Rameshwar Rao (8500090556); Thandra Ravinder (9866293405); Kolakani Sanjeev Kumar (9963458542); Md.Rafeeq Pasha (9490322678),S1 - General Surgery; S2 - Ent Surgery; S3 - Ophthalmology Surgery; S4 - Gynaecology And Obstetrics Surgery; S5 - Orthopedic Surgery And Procedures; S6 - Surgical Gastro Enterology; S7 - Cardiac And Cardiothoracic Surgery; S7 - Cardiac And Cardiothoracic Surgery; S8 - Pediatric Surgeries; S9 - Genito Urinary Surgeries; S10 - Neurosurgery; S15 - Poly Trauma; M1 - Critical Care; M2 - General Medicine; M3 - Infectious Diseases; M4 - Pediatrics; M5 - Cardiology; M6 - Nephrology; M7 - Neurology; M8 - Pulmonology; M9 - Dermatology; M12 - Gastroenterology
891,Prathima Relief Institute of Medical Sciences (A Unit of Sahasra Educational Society),Corporate,Hanumakonda,Hanamkonda,Warangal,O. Nagarjuna(9848223148); S.Satheesh (9652300910),S1 - General Surgery; S2 - Ent Surgery; S3 - Ophthalmology Surgery; S4 - Gynaecology And Obstetrics Surgery; S5 - Orthopedic Surgery And Procedures; S6 - Surgical Gastro Enterology; S7 - Cardiac And Cardiothoracic Surgery; S9 - Genito Urinary Surgeries; S10 - Neurosurgery; S15 - Poly Trauma; M1 - Critical Care; M2 - General Medicine; M4 - Pediatrics; M5 - Cardiology; M6 - Nephrology; M7 - Neurology; M8 - Pulmonology
892,Pratibha Super Speciality Hospital,Corporate,Nizamabad,Nizamabad (North),Nizamabad,Sharala Ambika(8143304069),S5 - Orthopedic Surgery And Procedures; S9 - Genito Urinary Surgeries; S15 - Poly Trauma; M2 - General Medicine; M4 - Pediatrics; M5 - Cardiology; M6 - Nephrology; M14 - Thalassemia
893,Prime Asha Super Speciality Hospital,Corporate,Nizamabad,Armur,Armoor,Tappa Susheela (9032526550),S1 - General Surgery; S5 - Orthopedic Surgery And Procedures; S9 - Genito Urinary Surgeries; S15 - Poly Trauma; M1 - Critical Care; M2 - General Medicine
894,Prime Hospitals,Corporate,Hyderabad,Ameerpet,Ghmc,Saraswathi (9703919494),S1 - General Surgery; S2 - Ent Surgery; S5 - Orthopedic Surgery And Procedures; S6 - Surgical Gastro Enterology; S7 - Cardiac And Cardiothoracic Surgery; S9 - Genito Urinary Surgeries; S10 - Neurosurgery; S15 - Poly Trauma; M1 - Critical Care; M2 - General Medicine; M3 - Infectious Diseases; M5 - Cardiology; M6 - Nephrology; M12 - Gastroenterology
895,Princess Esra Hospital (DCMS),Corporate,Hyderabad,Charminar,Ghmc,Quader Shareef Quader Shareef(8309664756); Kareemunnisa Begum (8464820013); Jayalaxmi (8919700632),S1 - General Surgery; S2 - Ent Surgery; S3 - Ophthalmology Surgery; S4 - Gynaecology And Obstetrics Surgery; S5 - Orthopedic Surgery And Procedures; S6 - Surgical Gastro Enterology; S7 - Cardiac And Cardiothoracic Surgery; S8 - Pediatric Surgeries; S9 - Genito Urinary Surgeries; S10 - Neurosurgery; S14 - Plastic Surgery; S15 - Poly Trauma; S16 - Cochlear Implant Surgery; M1 - Critical Care; M2 - General Medicine; M3 - Infectious Diseases; M4 - Pediatrics; M5 - Cardiology; M6 - Nephrology; M7 - Neurology; M8 - Pulmonology; M12 - Gastroenterology
896,Pushpagiri Eye Hospital,Corporate,Hyderabad,Marredpally,Ghmc,A.Narsing Rao(9989923481); Durga Bai (7386366410),S3 - Ophthalmology Surgery; S14 - Plastic Surgery
897,Quality Care India Ltd (Care Hospitals Nampally),Corporate,Hyderabad,Nampally,Ghmc,Vikram G(8919397123),S5 - Orthopedic Surgery And Procedures; S6 - Surgical Gastro Enterology; S7 - Cardiac And Cardiothoracic Surgery; S9 - Genito Urinary Surgeries; S10 - Neurosurgery; S15 - Poly Trauma; M5 - Cardiology; S19 - Organ Transplantation Surgery
898,RIMS Hospital,Government-DME,Adilabad,Adilabad Urban,Adilabad,Koutika Srinivas (7306056333); Murari Srinivas (9441741870); Sirigiri Viswanath (9908106595); Rathod.Ulas (9490354332); Alluri Dathatry (8106773941); Kursingh Beem Rao (9110767711); Rathod Laxmi (9014750463); Durge Ramesh (9908275582),S1 - General Surgery; S2 - Ent Surgery; S3 - Ophthalmology Surgery; S4 - Gynaecology And Obstetrics Surgery; S5 - Orthopedic Surgery And Procedures; S6 - Surgical Gastro Enterology; S7 - Cardiac And Cardiothoracic Surgery; S8 - Pediatric Surgeries; S9 - Genito Urinary Surgeries; S10 - Neurosurgery; S11 - Surgical Oncology; S14 - Plastic Surgery; S15 - Poly Trauma; S16 - Cochlear Implant Surgery; S17 - Prostheses; S20 - Unspecified Surgical Package; M1 - Critical Care; M2 - General Medicine; M2 - General Medicine; M3 - Infectious Diseases; M4 - Pediatrics; M5 - Cardiology; M6 - Nephrology; M7 - Neurology; M8 - Pulmonology; M9 - Dermatology; M10 - Rheumatology; M12 - Gastroenterology; M14 - Thalassemia; M14 - Thalassemia; S19.1 - Liver Transplantation Surgery; S19.2 - Heart Transplantation Surgery; S19.3 - Renal Transplantation Surgery; S19.4 - Lung Transplantation Surgery; S19.5 - Allogenic Stem Cell Transplantation; S19.6 - Autologous Stem Cell Transplantation; S19.7 - Heart And Lung Transplantation Surgery; M15 - Medical Oncology; M16 - Radiation Oncology
899,RR Lifeline Hospital,Corporate,Nizamabad,Nizamabad (North),Nizamabad,Dadipogu Bhagyalaxmi (9392155724),S5 - Orthopedic Surgery And Procedures; S9 - Genito Urinary Surgeries; S15 - Poly Trauma; M2 - General Medicine
900,RVM Charitable Trust Hospital,Corporate,Siddipet,Mulug,-,Narsimlu.K (9542924775); A.Anjaneyulu (8008809126); Swamy.G (9866728815),S1 - General Surgery; S2 - Ent Surgery; S3 - Ophthalmology Surgery; S4 - Gynaecology And Obstetrics Surgery; S5 - Orthopedic Surgery And Procedures; S6 - Surgical Gastro Enterology; S7 - Cardiac And Cardiothoracic Surgery; S8 - Pediatric Surgeries; S9 - Genito Urinary Surgeries; S10 - Neurosurgery; S11 - Surgical Oncology; S14 - Plastic Surgery; S15 - Poly Trauma; M1 - Critical Care; M2 - General Medicine; M4 - Pediatrics; M5 - Cardiology; M6 - Nephrology; M7 - Neurology; M8 - Pulmonology; M9 - Dermatology; M11 - Endocrinology; M12 - Gastroenterology; M15 - Medical Oncology; M16 - Radiation Oncology
901,RVR Hospital,Corporate,Mahabubnagar,Mahabubnagar Urban,Mahabubnagar,Mannam Naresh Kumar (9652866556); Laxmanna (9010968585); Sivaramakrishna (9618862110); Karunakar Reddy (9666000292); Vanam Ramulu (9966266369),S5 - Orthopedic Surgery And Procedures; S9 - Genito Urinary Surgeries; S15 - Poly Trauma; M2 - General Medicine
902,Raghavendra Hospitals (A Unit of SKHC Pvt Ltd),Corporate,Hyderabad,Secunderabad,Ghmc,A.Narsing Rao(9989923481),S5 - Orthopedic Surgery And Procedures; S9 - Genito Urinary Surgeries; S15 - Poly Trauma; M6 - Nephrology
903,Rahul Multi Speciality Hospital Archana Medical Services Pvt Ltd,Corporate,Wanaparthy,Kothakota,Kothakota,Suvarna (6304698403); Mahender (8142384880),S5 - Orthopedic Surgery And Procedures; S15 - Poly Trauma
904,Rajesh Kumar Orthopaedic Hospital,Corporate,Siddipet,Gajwel,Gajwel,Y.Narsimlu (9704957581),S5 - Orthopedic Surgery And Procedures; S9 - Genito Urinary Surgeries; S15 - Poly Trauma; M2 - General Medicine
905,Ramdevrao Hospital,Corporate,Medchal-Malkajgiri,Kukatpally,Ghmc,M.Ramulu (6302575846),S1 - General Surgery; S3 - Ophthalmology Surgery; S4 - Gynaecology And Obstetrics Surgery; S5 - Orthopedic Surgery And Procedures; S9 - Genito Urinary Surgeries; S14 - Plastic Surgery; S15 - Poly Trauma; M2 - General Medicine; M3 - Infectious Diseases; M6 - Nephrology
906,Ravi Childrens Hospital,Corporate,Mahabubnagar,Mahabubnagar Urban,Mahabubnagar,Chandraiah (6303200942),S8 - Pediatric Surgeries; M4 - Pediatrics; M14 - Thalassemia
907,Red Cross Saraswathi Rao Memorial Hospital,Corporate,Hyderabad,Secunderabad,Ghmc,Safia Begum(7013910121),M14 - Thalassemia
908,Renee Hospital A Unit of Renee Medical Center Pvt Ltd,Corporate,Karimnagar,Karimnagar,Karimnagar,Naroju Nagaraju (9000224849),S5 - Orthopedic Surgery And Procedures; S7 - Cardiac And Cardiothoracic Surgery; S9 - Genito Urinary Surgeries; S10 - Neurosurgery; S15 - Poly Trauma; M5 - Cardiology; M6 - Nephrology; M7 - Neurology
909,Renova Bannu Hospitals (A Unit Of Bhagyalakshmi Healthcare Services Private Limited),Corporate,Hanumakonda,Hanamkonda,Warangal,Suresh B.H(9160612105); Ramadan V(9949438976),S11 - Surgical Oncology; M14 - Thalassemia; M15 - Medical Oncology; M16 - Radiation Oncology
910,Renova Bibi Cancer Hospital (A Unit of Mitakshi Health Care Services Pvt Ltd),Corporate,Hyderabad,Saidabad,Ghmc,Abhijith Adhikam (8074135170),S11 - Surgical Oncology; M15 - Medical Oncology; M16 - Radiation Oncology
911,Renova Century Hospitals (A Unit of Bhargavi Health Care Services Pvt. Ltd),Corporate,Hyderabad,Khairthabad,Ghmc,Jajaraapu Narsimha Rao (9553146406),S1 - General Surgery; S3 - Ophthalmology Surgery; S6 - Surgical Gastro Enterology; S7 - Cardiac And Cardiothoracic Surgery; S9 - Genito Urinary Surgeries; S10 - Neurosurgery; S11 - Surgical Oncology; M5 - Cardiology; M6 - Nephrology; M8 - Pulmonology; S19 - Organ Transplantation Surgery; M15 - Medical Oncology; M16 - Radiation Oncology
912,Renovo Neelima Hospital (A Unit of Manaswini Health Care Services Pvt.Ltd),Corporate,Hyderabad,Khairthabad,Ghmc,Yashoda (8121275384),S4 - Gynaecology And Obstetrics Surgery; S5 - Orthopedic Surgery And Procedures; S9 - Genito Urinary Surgeries; S15 - Poly Trauma; M4 - Pediatrics; M6 - Nephrology
913,Rishab Eye Centre,Corporate,Medchal-Malkajgiri,Malkajgiri,Ghmc,M.Nagalaxmi (9848741553),S3 - Ophthalmology Surgery
914,Rithanya Hospital Diagnostics,Corporate,Khammam,Khammam (Urban),Khammam,Rukmini. K(7396090290),M14 - Thalassemia
915,Rohini Medicare Pvt. Ltd.,Corporate,Hanumakonda,Hanamkonda,Warangal,Syed . Imtiyazuddin (9618721228); Palakuthy Anilkumar (9490396131); Rama B(8008411711); Kummari Srinivas (9949455617); Gaddam Sagarika(8919642560),S1 - General Surgery; S2 - Ent Surgery; S4 - Gynaecology And Obstetrics Surgery; S5 - Orthopedic Surgery And Procedures; S7 - Cardiac And Cardiothoracic Surgery; S8 - Pediatric Surgeries; S9 - Genito Urinary Surgeries; S10 - Neurosurgery; S14 - Plastic Surgery; S15 - Poly Trauma; M1 - Critical Care; M2 - General Medicine; M3 - Infectious Diseases; M4 - Pediatrics; M5 - Cardiology; M6 - Nephrology; M7 - Neurology; M12 - Gastroenterology; 6 - Polytrauma
916,S R R I T C D Government Fever Hospital,Government-DME,Hyderabad,Amberpet,Ghmc,Madhavi (8074463582); Akil Manendra (9154765994); Ramco Govt Fever Hospital (); Laxmi Bai (6302858217),S1 - General Surgery; S2 - Ent Surgery; S3 - Ophthalmology Surgery; S4 - Gynaecology And Obstetrics Surgery; S5 - Orthopedic Surgery And Procedures; S6 - Surgical Gastro Enterology; S7 - Cardiac And Cardiothoracic Surgery; S8 - Pediatric Surgeries; S9 - Genito Urinary Surgeries; S10 - Neurosurgery; S11 - Surgical Oncology; S14 - Plastic Surgery; S15 - Poly Trauma; S16 - Cochlear Implant Surgery; S17 - Prostheses; S20 - Unspecified Surgical Package; M1 - Critical Care; M2 - General Medicine; M3 - Infectious Diseases; M4 - Pediatrics; M5 - Cardiology; M6 - Nephrology; M7 - Neurology; M8 - Pulmonology; M9 - Dermatology; M10 - Rheumatology; M11 - Endocrinology; M12 - Gastroenterology; M14 - Thalassemia; S19.1 - Liver Transplantation Surgery; S19.2 - Heart Transplantation Surgery; S19.3 - Renal Transplantation Surgery; S19.4 - Lung Transplantation Surgery; S19.5 - Allogenic Stem Cell Transplantation; S19.6 - Autologous Stem Cell Transplantation; S19.7 - Heart And Lung Transplantation Surgery; M15 - Medical Oncology; M16 - Radiation Oncology
917,S S K Hospital,Corporate,Jangoan,Jangaon,Jangaon,Tallapalli Chandra Mouli (8309304405),S1 - General Surgery; S5 - Orthopedic Surgery And Procedures; S9 - Genito Urinary Surgeries; S15 - Poly Trauma; M2 - General Medicine; M5 - Cardiology; M6 - Nephrology
918,S.V.S Hospital,Corporate,Mahabubnagar,Mahabubnagar Urban,Mahabubnagar,Mangali Murali Mohan (9959419235); A.Aruna (9642044790); M Bhaghawanthu (9949582036); Kanduri Anjaneyulu (9121842463); Venkat Ram Reddy (9440690298); A Ramakrishna Goud(9059778884); H. Naresh(7995701485),S1 - General Surgery; S2 - Ent Surgery; S3 - Ophthalmology Surgery; S4 - Gynaecology And Obstetrics Surgery; S5 - Orthopedic Surgery And Procedures; S7 - Cardiac And Cardiothoracic Surgery; S8 - Pediatric Surgeries; S9 - Genito Urinary Surgeries; S10 - Neurosurgery; S14 - Plastic Surgery; S15 - Poly Trauma; S17 - Prostheses; M1 - Critical Care; M2 - General Medicine; M3 - Infectious Diseases; M4 - Pediatrics; M5 - Cardiology; M6 - Nephrology; M8 - Pulmonology; M9 - Dermatology
919,SBR Pulse Hospital,Corporate,Rangareddy,Saroornagar,Ghmc,D.Prema Latha(9581133273),S1 - General Surgery; S5 - Orthopedic Surgery And Procedures; S9 - Genito Urinary Surgeries; S10 - Neurosurgery; S11 - Surgical Oncology; S15 - Poly Trauma; M1 - Critical Care; M2 - General Medicine; M3 - Infectious Diseases; M6 - Nephrology; M15 - Medical Oncology
920,Saanvi Multi Speciality Hospital,Corporate,Mahabubnagar,Mahabubnagar Urban,Mahabubnagar,Mudhanoor Saritha Rani (9490986322),S5 - Orthopedic Surgery And Procedures; S9 - Genito Urinary Surgeries; S15 - Poly Trauma; M2 - General Medicine; M4 - Pediatrics
921,"Sai Multi Speciality Hospital,Torrur",Corporate,Mahabubabad,Thorrur,Thorrur,Ch. Ramu (8985560295),S5 - Orthopedic Surgery And Procedures; S10 - Neurosurgery; S15 - Poly Trauma; M6 - Nephrology; M7 - Neurology
922,Sai Nursing Home,Corporate,Hyderabad,Saidabad,Ghmc,A.Krishna (7989737880),S1 - General Surgery; S5 - Orthopedic Surgery And Procedures; S9 - Genito Urinary Surgeries; S15 - Poly Trauma; M1 - Critical Care; M2 - General Medicine; M6 - Nephrology
923,"Sai Shubha Multispeciality Hospital, Bodhan",Corporate,Nizamabad,Bodhan,Bodhan,G Srinivas (9912633841),S1 - General Surgery; S5 - Orthopedic Surgery And Procedures; S15 - Poly Trauma; M2 - General Medicine
924,Sai Srinivasa Multispeciality Hospital,Corporate,Nalgonda,Nalgonda,Nalgonda,Cheukupally Ramalingaiah (9010167345),S5 - Orthopedic Surgery And Procedures; S6 - Surgical Gastro Enterology; S9 - Genito Urinary Surgeries; S15 - Poly Trauma; M6 - Nephrology; M12 - Gastroenterology
925,Saisanjeevini Hospitals (A Unit of Singapanga Health Care India),Corporate,Rangareddy,Saroornagar,Ghmc,Karingu.Chandra Sekhar (9533153535),S5 - Orthopedic Surgery And Procedures; S5 - Orthopedic Surgery And Procedures; S9 - Genito Urinary Surgeries; S9 - Genito Urinary Surgeries; S15 - Poly Trauma; S15 - Poly Trauma; M6 - Nephrology
926,Samraksha Multispeciality Hospital,Corporate,Nalgonda,Nalgonda,Nalgonda,Chanda Kavitha (9989983098),S5 - Orthopedic Surgery And Procedures; S6 - Surgical Gastro Enterology; S9 - Genito Urinary Surgeries; S15 - Poly Trauma; M6 - Nephrology; M12 - Gastroenterology
927,Sanjana Palamoor Nursing Home,Corporate,Mahabubnagar,Mahabubnagar Urban,Mahabubnagar,Y.Pradeepkumar (9703165082); Sanjeeva D(9491528360),S1 - General Surgery; S4 - Gynaecology And Obstetrics Surgery; S5 - Orthopedic Surgery And Procedures; S15 - Poly Trauma; M2 - General Medicine; M4 - Pediatrics
928,Sanjeevanee Nursing Home,Corporate,Karimnagar,Karimnagar,Karimnagar,Kondu Neeraja (7893372438); Galipelli Sharada(8500782332),S1 - General Surgery; S5 - Orthopedic Surgery And Procedures; S9 - Genito Urinary Surgeries; S15 - Poly Trauma; M2 - General Medicine
929,"Sanjeevini Multi Speciality Hospital, Devarakonda",Corporate,Nalgonda,Devarakonda,Devarakonda,Godugu Manjula (8367651726),S5 - Orthopedic Surgery And Procedures; S9 - Genito Urinary Surgeries; S15 - Poly Trauma; M2 - General Medicine
930,Sankalpa C Star Hospital A Unit of Sankalpa Healthcare,Corporate,Khammam,Khammam (Urban),Khammam,R.Kishan (7396104108),S5 - Orthopedic Surgery And Procedures; S7 - Cardiac And Cardiothoracic Surgery; S9 - Genito Urinary Surgeries; S10 - Neurosurgery; S15 - Poly Trauma; M2 - General Medicine; M5 - Cardiology; M7 - Neurology
931,Sarojini Devi Eye Hospital,Government-DME,Hyderabad,Asifnagar,Ghmc,Mr. Prashanth(6301221375); Dr.Srinivas (8333848191); Nuzahat Feroz (7337260552),S3 - Ophthalmology Surgery; S20 - Unspecified Surgical Package
932,Sarojini Hospital,Corporate,Karimnagar,Karimnagar,Karimnagar,Thallapelly Ravindar (9642836235),S1 - General Surgery; S4 - Gynaecology And Obstetrics Surgery; S5 - Orthopedic Surgery And Procedures; S15 - Poly Trauma
933,Shadan Medical College,Corporate,Rangareddy,Gandipet,Ghmc,A.Mallesham (7288085496),S1 - General Surgery; S2 - Ent Surgery; S3 - Ophthalmology Surgery; S4 - Gynaecology And Obstetrics Surgery; S5 - Orthopedic Surgery And Procedures; S6 - Surgical Gastro Enterology; S7 - Cardiac And Cardiothoracic Surgery; S8 - Pediatric Surgeries; S9 - Genito Urinary Surgeries; S10 - Neurosurgery; S14 - Plastic Surgery; S15 - Poly Trauma; M1 - Critical Care; M2 - General Medicine; M3 - Infectious Diseases; M4 - Pediatrics; M5 - Cardiology; M7 - Neurology; M8 - Pulmonology; M9 - Dermatology; M10 - Rheumatology; M12 - Gastroenterology
934,Shanmukha Vaishnavi Hospitals Pvt Ltd,Corporate,Rangareddy,Saroornagar,Ghmc,Saritha A(8801354449); Kotturi Sravan Kumar(9963203210),S5 - Orthopedic Surgery And Procedures; S9 - Genito Urinary Surgeries; S10 - Neurosurgery; S15 - Poly Trauma; M6 - Nephrology; M7 - Neurology
935,Shashank Hospital,Corporate,Nizamabad,Nizamabad (North),Nizamabad,M Josphin (8008764373),S5 - Orthopedic Surgery And Procedures; S15 - Poly Trauma
936,Shiva Sai Emergency & Multispeciality Hospital,Corporate,Nizamabad,Nizamabad (North),Nizamabad,Remma Radhika (8341859349),S1 - General Surgery; S5 - Orthopedic Surgery And Procedures; S5 - Orthopedic Surgery And Procedures; S9 - Genito Urinary Surgeries; S9 - Genito Urinary Surgeries; S15 - Poly Trauma; S15 - Poly Trauma
937,Shiva Sai Hospital,Corporate,Jagtial,Korutla,Korutla,Duvvaka Rajesh (9704221619),S5 - Orthopedic Surgery And Procedures; S9 - Genito Urinary Surgeries; S15 - Poly Trauma; M2 - General Medicine
938,Shree Healthcare Multi Speciality Hospital,Corporate,Medchal-Malkajgiri,Uppal,Boduppal,Swapna D(9701393564),S5 - Orthopedic Surgery And Procedures; S15 - Poly Trauma
939,Shri Aditya Multi Speciality Hospital,Corporate,Nirmal,Nirmal,Nirmal,Sunkari Mukesh Kumar(9440528737); Gujala Vijaya Laxmi (8247676108); Chippa Kalpana (8500747270),S4 - Gynaecology And Obstetrics Surgery; S5 - Orthopedic Surgery And Procedures; S9 - Genito Urinary Surgeries; S15 - Poly Trauma; M2 - General Medicine; M4 - Pediatrics; M5 - Cardiology
940,Shri Gajanan Multispeciality Hospital,Corporate,Adilabad,Adilabad Urban,Adilabad,Koutika Srinivas (7306056333); Jenjarla.Sumalatha (9502363193),S5 - Orthopedic Surgery And Procedures; S8 - Pediatric Surgeries; S9 - Genito Urinary Surgeries; S15 - Poly Trauma; M4 - Pediatrics; M5 - Cardiology; M6 - Nephrology; M8 - Pulmonology
941,Shri Sarojini Multi Speciality Hospital,Corporate,Wanaparthy,Pebbair,Pebbair,B.Madhau (7675848651),S5 - Orthopedic Surgery And Procedures; S9 - Genito Urinary Surgeries; S15 - Poly Trauma; M2 - General Medicine; M6 - Nephrology
942,Shubham Institute of Medical Sciences,Corporate,Mahabubnagar,Mahabubnagar Urban,Mahabubnagar,K.Varaprasad (9966336616),S1 - General Surgery; S4 - Gynaecology And Obstetrics Surgery; S5 - Orthopedic Surgery And Procedures; S8 - Pediatric Surgeries; S9 - Genito Urinary Surgeries; S10 - Neurosurgery; S11 - Surgical Oncology; S15 - Poly Trauma; M1 - Critical Care; M2 - General Medicine; M4 - Pediatrics; M6 - Nephrology; M7 - Neurology; M8 - Pulmonology; M10 - Rheumatology; M14 - Thalassemia
943,Siddartha Hospital,Corporate,Mahabubabad,Mahbubabad,-,K.Vijay (7075852766); B. Balaji (8309332689),S5 - Orthopedic Surgery And Procedures; S9 - Genito Urinary Surgeries; S15 - Poly Trauma; M2 - General Medicine
944,Siddhartha Hospital,Corporate,Siddipet,Siddipet Urban,Siddipet,P Kotilingam (9704840871); Bommakanti Bala Narasimhulu (9704382963),S5 - Orthopedic Surgery And Procedures; S15 - Poly Trauma
945,Sindhura Hospital,Corporate,Nalgonda,Nalgonda,Nalgonda,K.Naresh Kumar (9701333853),S5 - Orthopedic Surgery And Procedures; S15 - Poly Trauma
946,Siri Hospital,Corporate,Rajanna Sircilla,Sircilla,Sircilla,Penchala Ravi (9701824105),S1 - General Surgery; S4 - Gynaecology And Obstetrics Surgery; S5 - Orthopedic Surgery And Procedures; S9 - Genito Urinary Surgeries; S10 - Neurosurgery; S15 - Poly Trauma; M2 - General Medicine; M4 - Pediatrics; M6 - Nephrology; M7 - Neurology
947,Siri Speciality Hospital,Corporate,Hanumakonda,Hanamkonda,Warangal,L. Shashikumari(9032028378),S5 - Orthopedic Surgery And Procedures; S15 - Poly Trauma
948,Siva Emergency and Multispeciality Hospital,Corporate,Khammam,Khammam (Urban),Khammam,Pagilla.Seetharamamma (8143940024),S5 - Orthopedic Surgery And Procedures; S15 - Poly Trauma
949,Sowmya Hospital Ramnagar,Corporate,Hyderabad,Secunderabad,Ghmc,Gulagattu Emima (7842232765),S1 - General Surgery; S2 - Ent Surgery; S3 - Ophthalmology Surgery; S4 - Gynaecology And Obstetrics Surgery; S6 - Surgical Gastro Enterology; S8 - Pediatric Surgeries; S9 - Genito Urinary Surgeries; S10 - Neurosurgery; S14 - Plastic Surgery; S15 - Poly Trauma; M1 - Critical Care; M2 - General Medicine; M3 - Infectious Diseases; M4 - Pediatrics; M5 - Cardiology
950,Spark Hospitals,Corporate,Medchal-Malkajgiri,Medipally,Perrzadiguda,Vijaya Kumar(8106621302),S1 - General Surgery; S4 - Gynaecology And Obstetrics Surgery; S5 - Orthopedic Surgery And Procedures; S8 - Pediatric Surgeries; S9 - Genito Urinary Surgeries; S15 - Poly Trauma; M1 - Critical Care; M2 - General Medicine; M4 - Pediatrics
951,Sravanthi Multispeciality Hospital,Corporate,Jogulamba Gadwal,Gadwal,Gadwal,Vijayudu (7780466424),S1 - General Surgery; S5 - Orthopedic Surgery And Procedures; S9 - Genito Urinary Surgeries; S15 - Poly Trauma; M2 - General Medicine; M6 - Nephrology
952,Sree Balaji Hospital,Corporate,Hanumakonda,Hanamkonda,Warangal,J..Radhika (9398171812),S1 - General Surgery; S5 - Orthopedic Surgery And Procedures; S9 - Genito Urinary Surgeries; S10 - Neurosurgery; S15 - Poly Trauma; M2 - General Medicine; M7 - Neurology
953,Sree Lakshmi Gayatri Hospitals Pvt Ltd,Corporate,Medchal-Malkajgiri,Bachupally,Ghmc,Satish Babu.G (9866885477),S5 - Orthopedic Surgery And Procedures; S7 - Cardiac And Cardiothoracic Surgery; S9 - Genito Urinary Surgeries; S10 - Neurosurgery; S11 - Surgical Oncology; S15 - Poly Trauma; M5 - Cardiology; M6 - Nephrology; M7 - Neurology; M15 - Medical Oncology; M16 - Radiation Oncology
954,Sree Netralaya Eye Hospital and Laser Centre,Corporate,Rangareddy,Saroornagar,Ghmc,Geetha D(7386921257),S3 - Ophthalmology Surgery
955,Sree Suraksha Critical Care Hospital,Corporate,Siddipet,Siddipet Urban,Siddipet,K.Raju (9912792644),S1 - General Surgery; S5 - Orthopedic Surgery And Procedures; S9 - Genito Urinary Surgeries; S15 - Poly Trauma; M1 - Critical Care; M2 - General Medicine
956,Sreshta Orange Hospitals,Corporate,Rangareddy,Hayathnagar,Ghmc,Sony P(8019371287),S1 - General Surgery; S5 - Orthopedic Surgery And Procedures; S9 - Genito Urinary Surgeries; S9 - Genito Urinary Surgeries; S15 - Poly Trauma; M5 - Cardiology; M6 - Nephrology
957,Sreshta Sri Kamala Hospitals,Corporate,Rangareddy,Saroornagar,Ghmc,Ch.Vinoda (9704142599),S1 - General Surgery; S2 - Ent Surgery; S5 - Orthopedic Surgery And Procedures; S9 - Genito Urinary Surgeries; S10 - Neurosurgery; S15 - Poly Trauma; M1 - Critical Care; M2 - General Medicine
958,Sri Ananth Multi Speciality Hospital,Corporate,Vikarabad,Vikarabad,Vikarabad,T.Arundathi (7032727751),S1 - General Surgery; S5 - Orthopedic Surgery And Procedures; S9 - Genito Urinary Surgeries; S11 - Surgical Oncology; S15 - Poly Trauma; M2 - General Medicine; M4 - Pediatrics
959,Sri Ganesh Orthopaedic Hospital,Corporate,Hanumakonda,Hanamkonda,Warangal,L. Shashikumari(9032028378),S5 - Orthopedic Surgery And Procedures; S15 - Poly Trauma
960,Sri Guru Raghavendra Sunrise Super Speciality Hospital,Corporate,Nizamabad,Nizamabad (North),Nizamabad,Swamy Peddi (7386452165),S5 - Orthopedic Surgery And Procedures; S9 - Genito Urinary Surgeries; S15 - Poly Trauma; M2 - General Medicine; M5 - Cardiology
961,Sri Harsha Neuro Psychiatry Multy Specialty Hospital,Corporate,Mahabubnagar,Mahabubnagar Urban,Mahabubnagar,Sanjeeva D(9491528360),S5 - Orthopedic Surgery And Procedures; S9 - Genito Urinary Surgeries; S10 - Neurosurgery; S15 - Poly Trauma; M2 - General Medicine; M7 - Neurology
962,Sri Krishna Neuro Super Speciality Hospital,Corporate,Nizamabad,Nizamabad (North),Nizamabad,Doopathi Veeraiah (9948430737),S5 - Orthopedic Surgery And Procedures; S9 - Genito Urinary Surgeries; S15 - Poly Trauma; M5 - Cardiology; M6 - Nephrology
963,Sri Krishnasai Multi Speciality Hospital,Corporate,Karimnagar,Karimnagar,Karimnagar,Mogili Rajesham (9553535871),S1 - General Surgery; S5 - Orthopedic Surgery And Procedures; S9 - Genito Urinary Surgeries; S15 - Poly Trauma; M2 - General Medicine
964,Sri Lakshmi Hospital,Corporate,Mahabubnagar,Mahabubnagar Urban,Mahabubnagar,Mannam Naresh Kumar (9652866556),S1 - General Surgery; S4 - Gynaecology And Obstetrics Surgery; S5 - Orthopedic Surgery And Procedures; S9 - Genito Urinary Surgeries; S15 - Poly Trauma; M2 - General Medicine; M4 - Pediatrics
965,Sri Lakshmi Nursing Home,Corporate,Hanumakonda,Hanamkonda,Warangal,Mamidepally Kumaraswamy (9959019567),S2 - Ent Surgery; S5 - Orthopedic Surgery And Procedures; S15 - Poly Trauma
966,Sri Lasya Hospital,Corporate,Hanumakonda,Hanamkonda,Warangal,Satish K(9700060778),S5 - Orthopedic Surgery And Procedures; S15 - Poly Trauma
967,Sri Mahalaxmi Maxivision Eye Hospital Private Limited,Corporate,Rangareddy,Saroornagar,Ghmc,V.Surya Kumari (7396113637),S3 - Ophthalmology Surgery
968,Sri Malika Hospital,Corporate,Siddipet,Siddipet Urban,Siddipet,Dyajiti Rajitha (9491480795); K.Raju (9912792644),S5 - Orthopedic Surgery And Procedures; S15 - Poly Trauma
969,Sri Medicare Hospital,Corporate,Kamareddy,Kamareddy,Kamareddy,G Swamy (9666067823); Kummari Anjaiah (9393111650); Dandu Nirmala (8074267930); Badugu Madhusudan (9603175330); Pokkili Narsavva (7013398692); Gantambotla Anil Kumar (9494628650),S1 - General Surgery; S4 - Gynaecology And Obstetrics Surgery; S5 - Orthopedic Surgery And Procedures; S9 - Genito Urinary Surgeries; S15 - Poly Trauma; M1 - Critical Care; M2 - General Medicine; M3 - Infectious Diseases; M4 - Pediatrics; M5 - Cardiology; M6 - Nephrology
970,Sri Navodaya Institute of Medical Sciences Pvt Ltd,Corporate,Mahabubnagar,Mahabubnagar Urban,Mahabubnagar,Mohammed Akbar Ali (9642387048); Manjula (9705913244),S1 - General Surgery; S4 - Gynaecology And Obstetrics Surgery; S5 - Orthopedic Surgery And Procedures; S8 - Pediatric Surgeries; S9 - Genito Urinary Surgeries; S10 - Neurosurgery; S15 - Poly Trauma; M2 - General Medicine; M4 - Pediatrics; M6 - Nephrology; M7 - Neurology
971,Sri Radhika Multy Speciality Hospital,Corporate,Rangareddy,Balapur,Meerpet,Gandipally.Kiran (9701914612),S5 - Orthopedic Surgery And Procedures; S9 - Genito Urinary Surgeries; S15 - Poly Trauma; M2 - General Medicine
972,Sri Raghavendra Hospital,Corporate,Medchal-Malkajgiri,Kapra,Ghmc,S.Satheesh (9963438244); Mazharuddin.Md (9573141245),S1 - General Surgery; S2 - Ent Surgery; S4 - Gynaecology And Obstetrics Surgery; S5 - Orthopedic Surgery And Procedures; S6 - Surgical Gastro Enterology; S8 - Pediatric Surgeries; S9 - Genito Urinary Surgeries; S10 - Neurosurgery; S14 - Plastic Surgery; S15 - Poly Trauma; M1 - Critical Care; M2 - General Medicine; M3 - Infectious Diseases; M4 - Pediatrics; M5 - Cardiology; M6 - Nephrology; M7 - Neurology; M8 - Pulmonology; M9 - Dermatology; M11 - Endocrinology; M12 - Gastroenterology
973,Sri Raghuram Hospital,Corporate,Khammam,Sathupally,Sathupally,Akshintala.Anuradha (9966299640),S5 - Orthopedic Surgery And Procedures; S15 - Poly Trauma
974,Sri Raksha Hospitals,Corporate,Khammam,Khammam (Urban),Khammam,Chowdavarapu .Srikanth (9014159154),S1 - General Surgery; S5 - Orthopedic Surgery And Procedures; S5 - Orthopedic Surgery And Procedures; S9 - Genito Urinary Surgeries; S10 - Neurosurgery; S15 - Poly Trauma; S15 - Poly Trauma; M1 - Critical Care; M2 - General Medicine; M6 - Nephrology; M7 - Neurology; M8 - Pulmonology; M14 - Thalassemia
975,Sri Ram Kidney Infertility and Laparoscopic Centre,Corporate,Khammam,Khammam (Urban),Khammam,J.Vekanna (9704987683); T.Usha Rani (9381555138),S1 - General Surgery; S9 - Genito Urinary Surgeries
976,Sri Rama Multi Speciality Hospital,Corporate,Karimnagar,Jammikunta,Jammikunta,Sampath Boddupally (9966590591),S1 - General Surgery; S4 - Gynaecology And Obstetrics Surgery; S5 - Orthopedic Surgery And Procedures; S15 - Poly Trauma; M6 - Nephrology
977,Sri Sai Hospital,Corporate,Sangareddy,Sadasivpet,Sadasivpet,Khairunnisa Begum (9553223448),S5 - Orthopedic Surgery And Procedures; S9 - Genito Urinary Surgeries; S15 - Poly Trauma; M2 - General Medicine
978,Sri Sai Krishna Nursing Home,Corporate,Jangoan,Jangaon,Jangaon,Nalla Ramesh (9396723283),S5 - Orthopedic Surgery And Procedures; S9 - Genito Urinary Surgeries; S15 - Poly Trauma; M2 - General Medicine
979,Sri Sai Maruthi Super Specialty Hospital,Corporate,Khammam,Khammam (Urban),Khammam,Sivarathri.Srinivas Rao (9618895825),S2 - Ent Surgery; S3 - Ophthalmology Surgery; S5 - Orthopedic Surgery And Procedures; S9 - Genito Urinary Surgeries; S10 - Neurosurgery; S15 - Poly Trauma; M6 - Nephrology; M7 - Neurology; M14 - Thalassemia
980,Sri Sai Multi Speciality Hospital,Corporate,Mahabubabad,Mahbubabad,Mahabubabad,V. Saraswathy (9640462283),S5 - Orthopedic Surgery And Procedures; S9 - Genito Urinary Surgeries; S10 - Neurosurgery; S15 - Poly Trauma; M6 - Nephrology; M7 - Neurology
981,Sri Sai Raksha Multispeciality Hospital,Corporate,Nalgonda,Nalgonda,Nalgonda,Vavilla Saritha(7386402516),S1 - General Surgery; S3 - Ophthalmology Surgery; S5 - Orthopedic Surgery And Procedures; S6 - Surgical Gastro Enterology; S9 - Genito Urinary Surgeries; S10 - Neurosurgery; S15 - Poly Trauma; M2 - General Medicine; M6 - Nephrology; M7 - Neurology; M12 - Gastroenterology
982,Sri Sathyavathi Multi Speciality Hospital,Corporate,Nalgonda,Nalgonda,Nalgonda,Chanda Kavitha (9989983098),S5 - Orthopedic Surgery And Procedures; S15 - Poly Trauma
983,Sri Seetharam Memorial Hospital,Corporate,Mahabubabad,Mahbubabad,Mahabubabad,M.Vasantha (9618349047),S4 - Gynaecology And Obstetrics Surgery; M4 - Pediatrics; M14 - Thalassemia
984,Sri Sharanya Nursing Home and Critical Care,Corporate,Hanumakonda,Hanamkonda,Warangal,Jali . Pranitha (9989752668),S1 - General Surgery; S4 - Gynaecology And Obstetrics Surgery; S5 - Orthopedic Surgery And Procedures; S9 - Genito Urinary Surgeries; S10 - Neurosurgery; S15 - Poly Trauma; M1 - Critical Care; M2 - General Medicine; M4 - Pediatrics
985,"Sri Sri Holistic Hospitals A Unit of Sree Ramachandra Health Services Pvt Ltd, KPHB Branch, Kukatpally",Corporate,Medchal-Malkajgiri,Kukatpally,Ghmc,B.Sowjanya (9502038349),S5 - Orthopedic Surgery And Procedures; S6 - Surgical Gastro Enterology; S7 - Cardiac And Cardiothoracic Surgery; S9 - Genito Urinary Surgeries; S15 - Poly Trauma; M5 - Cardiology; M6 - Nephrology; M12 - Gastroenterology
986,Sri Srinivas Nursing Home,Corporate,Bhadradri Kothagudem,Bhadrachalam,-,B.Lalu (9705111346); Ramisetti.Venkata Lakshmi (9640249568),S1 - General Surgery; S5 - Orthopedic Surgery And Procedures; S9 - Genito Urinary Surgeries; S15 - Poly Trauma; M2 - General Medicine; M6 - Nephrology
987,Sri Srinivasa Kidney and Maternity Center,Corporate,Hanumakonda,Hanamkonda,Warangal,Anand N(9110353358); Veda Kishore Kumar (9849375622),S1 - General Surgery; S4 - Gynaecology And Obstetrics Surgery; S9 - Genito Urinary Surgeries
988,"Sri Tirumala Hospital, Kodad",Corporate,Suryapet,Kodad,Kodad,Komaraju Radha (9182566829); Vudum Venkat Laxmi (7989364735),S1 - General Surgery; S4 - Gynaecology And Obstetrics Surgery; S5 - Orthopedic Surgery And Procedures; S9 - Genito Urinary Surgeries; S15 - Poly Trauma; M1 - Critical Care; M2 - General Medicine; M4 - Pediatrics; M6 - Nephrology; M14 - Thalassemia
989,Sri Vijaya Durga Multi Speciality Hospital,Corporate,Nalgonda,Nalgonda,Nalgonda,Sama Radha (8978439060),S5 - Orthopedic Surgery And Procedures; S9 - Genito Urinary Surgeries; S10 - Neurosurgery; S15 - Poly Trauma; M6 - Nephrology; M7 - Neurology; M8 - Pulmonology
990,Sri Vishnu Super Speciality Hospital,Corporate,Nizamabad,Nizamabad (North),Nizamabad,Dommata Yadamma (8333816938),S5 - Orthopedic Surgery And Procedures; S15 - Poly Trauma
991,"Srikara Hospital, Peerjadiguda",Corporate,Medchal-Malkajgiri,Medipally,Perrzadiguda,Vijaya Kumar(8106621302),S5 - Orthopedic Surgery And Procedures; S9 - Genito Urinary Surgeries; S15 - Poly Trauma; M5 - Cardiology
992,"Srikara Hospitals, Kompally",Corporate,Medchal-Malkajgiri,Medchal,Ghmc,Sudheer T(9704886795); Gudisa.Suman (9949402761),S5 - Orthopedic Surgery And Procedures; S9 - Genito Urinary Surgeries; S15 - Poly Trauma; M2 - General Medicine; M5 - Cardiology
993,"Srikara Hospitals, Miyapur",Corporate,Rangareddy,Serilingampalli,Ghmc,K.Gowthami (7207183930),S5 - Orthopedic Surgery And Procedures; S7 - Cardiac And Cardiothoracic Surgery; S15 - Poly Trauma; M5 - Cardiology
994,"Srikara Hospitals, Musheerabad, RTC X Road",Corporate,Hyderabad,Secunderabad,Ghmc,Swapna Rani (9063433560),S5 - Orthopedic Surgery And Procedures; S15 - Poly Trauma; M5 - Cardiology
995,Srujan Ortho and Accident Care Hospital,Corporate,Khammam,Khammam (Urban),Khammam,Vurugonda.Usharani (9490464763),S5 - Orthopedic Surgery And Procedures; S15 - Poly Trauma
996,St Anns Hospital,Corporate,Hanumakonda,Khazipet,Warangal,Srikanth S(9701579036),S11 - Surgical Oncology; M15 - Medical Oncology; M16 - Radiation Oncology
997,St Theresa Hospital,Corporate,Hyderabad,Ameerpet,Ghmc,Sharada (7989462932),S1 - General Surgery; S3 - Ophthalmology Surgery; S4 - Gynaecology And Obstetrics Surgery; S5 - Orthopedic Surgery And Procedures; S7 - Cardiac And Cardiothoracic Surgery; S8 - Pediatric Surgeries; S9 - Genito Urinary Surgeries; S14 - Plastic Surgery; S15 - Poly Trauma; M2 - General Medicine; M3 - Infectious Diseases; M4 - Pediatrics; M5 - Cardiology; M6 - Nephrology
998,Subhakara Hospitals,Corporate,Jogulamba Gadwal,Gadwal,Gadwal,Vijayudu (7780466424),S9 - Genito Urinary Surgeries; M6 - Nephrology
999,Sudha Nursing Home,Corporate,Wanaparthy,Wanaparthy,Wanaparthy,Chitakayala Vijay Kumar (9573955227),S1 - General Surgery; S4 - Gynaecology And Obstetrics Surgery; S5 - Orthopedic Surgery And Procedures; S9 - Genito Urinary Surgeries; S15 - Poly Trauma; M2 - General Medicine; M4 - Pediatrics
1000,Suneetha Hospital,Corporate,Mahabubnagar,Mahabubnagar Urban,Mahabubnagar,Narsimha (8121337446),S1 - General Surgery; S4 - Gynaecology And Obstetrics Surgery; S5 - Orthopedic Surgery And Procedures; S15 - Poly Trauma; M2 - General Medicine; M4 - Pediatrics
1001,Sunridge Multi Specality Hospital A Unit of Varalaxmi Healthcare Pvt Ltd,Corporate,Medchal-Malkajgiri,Kukatpally,Ghmc,Satish Babu.G (9866885477),S5 - Orthopedic Surgery And Procedures; S15 - Poly Trauma
1002,Sunshine Hospital (A Unit of Suryateja Health Care Pvt. Ltd),Corporate,Karimnagar,Karimnagar,Karimnagar,K.Kiran Kumar (9849567046),S3 - Ophthalmology Surgery; S5 - Orthopedic Surgery And Procedures; S7 - Cardiac And Cardiothoracic Surgery; S9 - Genito Urinary Surgeries; S10 - Neurosurgery; S15 - Poly Trauma; M5 - Cardiology; M6 - Nephrology; M7 - Neurology
1003,Surabhi Multi Speciality Hospital,Corporate,Siddipet,Siddipet Urban,-,Bommakanti Bala Narasimhulu (9704382963); Ammigalla Rajaiah (9704335546),S1 - General Surgery; S2 - Ent Surgery; S3 - Ophthalmology Surgery; S4 - Gynaecology And Obstetrics Surgery; S5 - Orthopedic Surgery And Procedures; S6 - Surgical Gastro Enterology; S7 - Cardiac And Cardiothoracic Surgery; S8 - Pediatric Surgeries; S9 - Genito Urinary Surgeries; S10 - Neurosurgery; S15 - Poly Trauma; M1 - Critical Care; M2 - General Medicine; M3 - Infectious Diseases; M4 - Pediatrics; M5 - Cardiology; M6 - Nephrology; M7 - Neurology; M8 - Pulmonology; M9 - Dermatology; M12 - Gastroenterology
1004,Surajbhan Bhagavati Bai Maternity and Children Hospital,Government-TVVP,Hyderabad,Charminar,Ghmc,Dr.Lakshmi Narayana (9440212117); Dr.Lakshmi Narayana (9440212117); Dr. B.Uma Devi(6305367263),S1 - General Surgery; S2 - Ent Surgery; S3 - Ophthalmology Surgery; S4 - Gynaecology And Obstetrics Surgery; S5 - Orthopedic Surgery And Procedures; S6 - Surgical Gastro Enterology; S7 - Cardiac And Cardiothoracic Surgery; S8 - Pediatric Surgeries; S9 - Genito Urinary Surgeries; S10 - Neurosurgery; S11 - Surgical Oncology; S14 - Plastic Surgery; S15 - Poly Trauma; S16 - Cochlear Implant Surgery; S17 - Prostheses; S20 - Unspecified Surgical Package; M1 - Critical Care; M2 - General Medicine; M3 - Infectious Diseases; M4 - Pediatrics; M5 - Cardiology; M6 - Nephrology; M7 - Neurology; M8 - Pulmonology; M9 - Dermatology; M10 - Rheumatology; M11 - Endocrinology; M12 - Gastroenterology; M14 - Thalassemia; S19.1 - Liver Transplantation Surgery; S19.2 - Heart Transplantation Surgery; S19.3 - Renal Transplantation Surgery; S19.4 - Lung Transplantation Surgery; S19.5 - Allogenic Stem Cell Transplantation; S19.6 - Autologous Stem Cell Transplantation; S19.7 - Heart And Lung Transplantation Surgery; M15 - Medical Oncology; M16 - Radiation Oncology
1005,Suraksha Multi Speciality Hospital,Corporate,Nalgonda,Nalgonda,Nalgonda,A.Venu (9966563142),S1 - General Surgery; S5 - Orthopedic Surgery And Procedures; S9 - Genito Urinary Surgeries; S10 - Neurosurgery; S15 - Poly Trauma; M2 - General Medicine; M6 - Nephrology; M7 - Neurology
1006,Surekha Hospital,Corporate,Medchal-Malkajgiri,Medchal,Medchal,Gudisa.Suman (9949402761),S3 - Ophthalmology Surgery
1007,Surya Nursing Home,Corporate,Karimnagar,Karimnagar,Karimnagar,Kamalakar Reddy (9550499934),S1 - General Surgery; S5 - Orthopedic Surgery And Procedures; S5 - Orthopedic Surgery And Procedures; S9 - Genito Urinary Surgeries; S10 - Neurosurgery; S10 - Neurosurgery; S15 - Poly Trauma; S15 - Poly Trauma; M1 - Critical Care; M2 - General Medicine; M6 - Nephrology; M7 - Neurology; M12 - Gastroenterology
1008,Sushrutha Hospital,Corporate,Siddipet,Siddipet Urban,Siddipet,G.Anjaneyulu (9550262064),S1 - General Surgery; S2 - Ent Surgery; S5 - Orthopedic Surgery And Procedures; S9 - Genito Urinary Surgeries; S10 - Neurosurgery; S15 - Poly Trauma; M1 - Critical Care; M2 - General Medicine; M3 - Infectious Diseases; M6 - Nephrology; M8 - Pulmonology
1009,Susrutha Peoples Hospital,Corporate,Mahabubnagar,Mahabubnagar Urban,Mahabubnagar,Saga Suredar Goud (8074786955); Chandraiah (6303200942),S1 - General Surgery; S2 - Ent Surgery; S3 - Ophthalmology Surgery; S4 - Gynaecology And Obstetrics Surgery; S5 - Orthopedic Surgery And Procedures; S7 - Cardiac And Cardiothoracic Surgery; S8 - Pediatric Surgeries; S8 - Pediatric Surgeries; S9 - Genito Urinary Surgeries; S9 - Genito Urinary Surgeries; S10 - Neurosurgery; S14 - Plastic Surgery; S14 - Plastic Surgery; S15 - Poly Trauma; M1 - Critical Care; M2 - General Medicine; M4 - Pediatrics; M5 - Cardiology; M6 - Nephrology
1010,Swapna Multispeciality Hospital,Corporate,Nirmal,Nirmal,Nirmal,Sunkari Mukesh Kumar(9440528737); M. Swapna (9390533566),S1 - General Surgery; S4 - Gynaecology And Obstetrics Surgery; S5 - Orthopedic Surgery And Procedures; S8 - Pediatric Surgeries; S9 - Genito Urinary Surgeries; S10 - Neurosurgery; S11 - Surgical Oncology; S15 - Poly Trauma; M1 - Critical Care; M2 - General Medicine; M4 - Pediatrics; M5 - Cardiology; M7 - Neurology; M15 - Medical Oncology
1011,"Swarup Eye Centre, Panjagutta",Corporate,Hyderabad,Khairthabad,Ghmc,Shaik Abdullah (9030905149),S3 - Ophthalmology Surgery
1012,Swathi Hospital and Diagnostic Centre,Corporate,Khammam,Khammam (Urban),Khammam,Rukmini. K(7396090290),S1 - General Surgery; S3 - Ophthalmology Surgery; S5 - Orthopedic Surgery And Procedures; S9 - Genito Urinary Surgeries; S10 - Neurosurgery; S15 - Poly Trauma; M2 - General Medicine; M6 - Nephrology
1013,TRR General Hospital (A Unit of St.Augustin Educational Society),Corporate,Sangareddy,Patancheru,-,Narayanolla Sathyanayana Goud (9989215147); Dapu Ashok (9347091947),S1 - General Surgery; S2 - Ent Surgery; S3 - Ophthalmology Surgery; S4 - Gynaecology And Obstetrics Surgery; S5 - Orthopedic Surgery And Procedures; S8 - Pediatric Surgeries; S9 - Genito Urinary Surgeries; S10 - Neurosurgery; S15 - Poly Trauma; M1 - Critical Care; M2 - General Medicine; M3 - Infectious Diseases; M4 - Pediatrics; M8 - Pulmonology; M9 - Dermatology; M11 - Endocrinology; M14 - Thalassemia
1014,Tarun Orthopedic and Accident Care Hospital,Corporate,Khammam,Khammam (Urban),Khammam,Pagilla.Seetharamamma (8143940024),S1 - General Surgery; S5 - Orthopedic Surgery And Procedures; S9 - Genito Urinary Surgeries; S15 - Poly Trauma; M6 - Nephrology
1015,Thirumal Nursing Home,Corporate,Nirmal,Nirmal,Nirmal,M. Swapna (9390533566); Durla.Rekha (8185070236),S5 - Orthopedic Surgery And Procedures; S9 - Genito Urinary Surgeries; S15 - Poly Trauma; M2 - General Medicine; M4 - Pediatrics; M6 - Nephrology
1016,Thirumala Nursing Home,Corporate,Jagtial,Metpalli,Metpalli,Bhukya Mohan (9908294476),S5 - Orthopedic Surgery And Procedures; S15 - Poly Trauma
1017,UCHC Amberpet,Government-TVVP,Hyderabad,Amberpet,Ghmc,D Srinivas (9502316717); Dr.Suneetha Katta(8790259298),S1 - General Surgery; S2 - Ent Surgery; S3 - Ophthalmology Surgery; S4 - Gynaecology And Obstetrics Surgery; S5 - Orthopedic Surgery And Procedures; S6 - Surgical Gastro Enterology; S7 - Cardiac And Cardiothoracic Surgery; S8 - Pediatric Surgeries; S9 - Genito Urinary Surgeries; S10 - Neurosurgery; S11 - Surgical Oncology; S14 - Plastic Surgery; S15 - Poly Trauma; S16 - Cochlear Implant Surgery; S17 - Prostheses; S20 - Unspecified Surgical Package; M1 - Critical Care; M2 - General Medicine; M3 - Infectious Diseases; M4 - Pediatrics; M5 - Cardiology; M6 - Nephrology; M7 - Neurology; M8 - Pulmonology; M9 - Dermatology; M10 - Rheumatology; M11 - Endocrinology; M12 - Gastroenterology; M14 - Thalassemia; S19.1 - Liver Transplantation Surgery; S19.2 - Heart Transplantation Surgery; S19.3 - Renal Transplantation Surgery; S19.4 - Lung Transplantation Surgery; S19.5 - Allogenic Stem Cell Transplantation; S19.6 - Autologous Stem Cell Transplantation; S19.7 - Heart And Lung Transplantation Surgery; M15 - Medical Oncology; M16 - Radiation Oncology
1018,UCHC Jangammet,Government-TVVP,Hyderabad,Bandlaguda,Ghmc,Dr. Surender Singh(9848797294); Dr.Veena S.J(8121432218),S1 - General Surgery; S2 - Ent Surgery; S3 - Ophthalmology Surgery; S4 - Gynaecology And Obstetrics Surgery; S5 - Orthopedic Surgery And Procedures; S6 - Surgical Gastro Enterology; S7 - Cardiac And Cardiothoracic Surgery; S8 - Pediatric Surgeries; S9 - Genito Urinary Surgeries; S10 - Neurosurgery; S11 - Surgical Oncology; S14 - Plastic Surgery; S15 - Poly Trauma; S16 - Cochlear Implant Surgery; S17 - Prostheses; S20 - Unspecified Surgical Package; M1 - Critical Care; M2 - General Medicine; M3 - Infectious Diseases; M4 - Pediatrics; M5 - Cardiology; M6 - Nephrology; M7 - Neurology; M8 - Pulmonology; M9 - Dermatology; M10 - Rheumatology; M11 - Endocrinology; M12 - Gastroenterology; M14 - Thalassemia; S19.1 - Liver Transplantation Surgery; S19.2 - Heart Transplantation Surgery; S19.3 - Renal Transplantation Surgery; S19.4 - Lung Transplantation Surgery; S19.5 - Allogenic Stem Cell Transplantation; S19.6 - Autologous Stem Cell Transplantation; S19.7 - Heart And Lung Transplantation Surgery; M15 - Medical Oncology; M16 - Radiation Oncology
1019,UCHC Lalapet,Government-TVVP,Hyderabad,Secunderabad,Ghmc,Dr.Bhukya Balaji(9494566690),S1 - General Surgery; S2 - Ent Surgery; S3 - Ophthalmology Surgery; S4 - Gynaecology And Obstetrics Surgery; S5 - Orthopedic Surgery And Procedures; S6 - Surgical Gastro Enterology; S7 - Cardiac And Cardiothoracic Surgery; S8 - Pediatric Surgeries; S9 - Genito Urinary Surgeries; S10 - Neurosurgery; S11 - Surgical Oncology; S14 - Plastic Surgery; S15 - Poly Trauma; S16 - Cochlear Implant Surgery; S17 - Prostheses; S20 - Unspecified Surgical Package; M1 - Critical Care; M2 - General Medicine; M3 - Infectious Diseases; M4 - Pediatrics; M5 - Cardiology; M6 - Nephrology; M7 - Neurology; M8 - Pulmonology; M9 - Dermatology; M10 - Rheumatology; M11 - Endocrinology; M12 - Gastroenterology; M14 - Thalassemia; S19.1 - Liver Transplantation Surgery; S19.2 - Heart Transplantation Surgery; S19.3 - Renal Transplantation Surgery; S19.4 - Lung Transplantation Surgery; S19.5 - Allogenic Stem Cell Transplantation; S19.6 - Autologous Stem Cell Transplantation; S19.7 - Heart And Lung Transplantation Surgery; M15 - Medical Oncology; M16 - Radiation Oncology
1020,UCHC Panipura,Government-TVVP,Hyderabad,Asifnagar,Ghmc,Dr.Haseeb Jahan(9885492303),S1 - General Surgery; S2 - Ent Surgery; S3 - Ophthalmology Surgery; S4 - Gynaecology And Obstetrics Surgery; S5 - Orthopedic Surgery And Procedures; S6 - Surgical Gastro Enterology; S7 - Cardiac And Cardiothoracic Surgery; S8 - Pediatric Surgeries; S9 - Genito Urinary Surgeries; S10 - Neurosurgery; S11 - Surgical Oncology; S14 - Plastic Surgery; S15 - Poly Trauma; S16 - Cochlear Implant Surgery; S17 - Prostheses; S20 - Unspecified Surgical Package; M1 - Critical Care; M2 - General Medicine; M3 - Infectious Diseases; M4 - Pediatrics; M5 - Cardiology; M6 - Nephrology; M7 - Neurology; M8 - Pulmonology; M9 - Dermatology; M10 - Rheumatology; M11 - Endocrinology; M12 - Gastroenterology; M14 - Thalassemia; S19.1 - Liver Transplantation Surgery; S19.2 - Heart Transplantation Surgery; S19.3 - Renal Transplantation Surgery; S19.4 - Lung Transplantation Surgery; S19.5 - Allogenic Stem Cell Transplantation; S19.6 - Autologous Stem Cell Transplantation; S19.7 - Heart And Lung Transplantation Surgery; M15 - Medical Oncology; M16 - Radiation Oncology
1021,UCHC Sitaphalmandi,Government-TVVP,Hyderabad,Secunderabad,Ghmc,Dr. R Narendar (9985987116),S1 - General Surgery; S2 - Ent Surgery; S3 - Ophthalmology Surgery; S4 - Gynaecology And Obstetrics Surgery; S5 - Orthopedic Surgery And Procedures; S6 - Surgical Gastro Enterology; S7 - Cardiac And Cardiothoracic Surgery; S8 - Pediatric Surgeries; S9 - Genito Urinary Surgeries; S10 - Neurosurgery; S11 - Surgical Oncology; S14 - Plastic Surgery; S15 - Poly Trauma; S16 - Cochlear Implant Surgery; S17 - Prostheses; S20 - Unspecified Surgical Package; M1 - Critical Care; M2 - General Medicine; M3 - Infectious Diseases; M4 - Pediatrics; M5 - Cardiology; M6 - Nephrology; M7 - Neurology; M8 - Pulmonology; M9 - Dermatology; M10 - Rheumatology; M11 - Endocrinology; M12 - Gastroenterology; M14 - Thalassemia; S19.1 - Liver Transplantation Surgery; S19.2 - Heart Transplantation Surgery; S19.3 - Renal Transplantation Surgery; S19.4 - Lung Transplantation Surgery; S19.5 - Allogenic Stem Cell Transplantation; S19.6 - Autologous Stem Cell Transplantation; S19.7 - Heart And Lung Transplantation Surgery; M15 - Medical Oncology; M16 - Radiation Oncology
1022,UCHC Sriramnagar,Government-TVVP,Hyderabad,Khairthabad,Ghmc,Dr.Rasheeda Begum Gaguturu(9391062648); Dr.V. Ramakrishna(8106788861),S1 - General Surgery; S2 - Ent Surgery; S3 - Ophthalmology Surgery; S4 - Gynaecology And Obstetrics Surgery; S5 - Orthopedic Surgery And Procedures; S6 - Surgical Gastro Enterology; S7 - Cardiac And Cardiothoracic Surgery; S8 - Pediatric Surgeries; S9 - Genito Urinary Surgeries; S10 - Neurosurgery; S11 - Surgical Oncology; S14 - Plastic Surgery; S15 - Poly Trauma; S16 - Cochlear Implant Surgery; S17 - Prostheses; S20 - Unspecified Surgical Package; M1 - Critical Care; M2 - General Medicine; M3 - Infectious Diseases; M4 - Pediatrics; M5 - Cardiology; M6 - Nephrology; M7 - Neurology; M8 - Pulmonology; M9 - Dermatology; M10 - Rheumatology; M11 - Endocrinology; M12 - Gastroenterology; M14 - Thalassemia; S19.1 - Liver Transplantation Surgery; S19.2 - Heart Transplantation Surgery; S19.3 - Renal Transplantation Surgery; S19.4 - Lung Transplantation Surgery; S19.5 - Allogenic Stem Cell Transplantation; S19.6 - Autologous Stem Cell Transplantation; S19.7 - Heart And Lung Transplantation Surgery; M15 - Medical Oncology; M16 - Radiation Oncology
1023,UPHC /RHC Narsingi,Government-DPH,Rangareddy,Gandipet,-,Dr.T.Padma (9505086444); Dr .Ch. Rakesh (8978989998),S1 - General Surgery; S2 - Ent Surgery; S3 - Ophthalmology Surgery; S4 - Gynaecology And Obstetrics Surgery; S5 - Orthopedic Surgery And Procedures; S6 - Surgical Gastro Enterology; S7 - Cardiac And Cardiothoracic Surgery; S8 - Pediatric Surgeries; S9 - Genito Urinary Surgeries; S10 - Neurosurgery; S11 - Surgical Oncology; S14 - Plastic Surgery; S15 - Poly Trauma; S16 - Cochlear Implant Surgery; S17 - Prostheses; S20 - Unspecified Surgical Package; M1 - Critical Care; M2 - General Medicine; M3 - Infectious Diseases; M4 - Pediatrics; M5 - Cardiology; M6 - Nephrology; M7 - Neurology; M8 - Pulmonology; M9 - Dermatology; M10 - Rheumatology; M11 - Endocrinology; M12 - Gastroenterology; M14 - Thalassemia; M15 - Medical Oncology; M16 - Radiation Oncology
1024,UPHC AB Nagar,Government-DPH,Rajanna Sircilla,Sircilla,Sircilla,Dr. Ch Kapila Sai (9705933397),S1 - General Surgery; S2 - Ent Surgery; S3 - Ophthalmology Surgery; S4 - Gynaecology And Obstetrics Surgery; S5 - Orthopedic Surgery And Procedures; S6 - Surgical Gastro Enterology; S7 - Cardiac And Cardiothoracic Surgery; S8 - Pediatric Surgeries; S9 - Genito Urinary Surgeries; S10 - Neurosurgery; S11 - Surgical Oncology; S14 - Plastic Surgery; S15 - Poly Trauma; S16 - Cochlear Implant Surgery; S17 - Prostheses; S20 - Unspecified Surgical Package; M1 - Critical Care; M2 - General Medicine; M3 - Infectious Diseases; M4 - Pediatrics; M5 - Cardiology; M6 - Nephrology; M7 - Neurology; M8 - Pulmonology; M9 - Dermatology; M10 - Rheumatology; M11 - Endocrinology; M12 - Gastroenterology; M14 - Thalassemia; M15 - Medical Oncology; M16 - Radiation Oncology
1025,UPHC AMS,Government-DPH,Hyderabad,Amberpet,Ghmc,Dr. Harisree (9908981504),S1 - General Surgery; S2 - Ent Surgery; S3 - Ophthalmology Surgery; S4 - Gynaecology And Obstetrics Surgery; S5 - Orthopedic Surgery And Procedures; S6 - Surgical Gastro Enterology; S7 - Cardiac And Cardiothoracic Surgery; S8 - Pediatric Surgeries; S9 - Genito Urinary Surgeries; S10 - Neurosurgery; S11 - Surgical Oncology; S14 - Plastic Surgery; S15 - Poly Trauma; S16 - Cochlear Implant Surgery; S17 - Prostheses; S20 - Unspecified Surgical Package; M1 - Critical Care; M2 - General Medicine; M3 - Infectious Diseases; M4 - Pediatrics; M5 - Cardiology; M6 - Nephrology; M7 - Neurology; M8 - Pulmonology; M9 - Dermatology; M10 - Rheumatology; M11 - Endocrinology; M12 - Gastroenterology; M14 - Thalassemia; M15 - Medical Oncology; M16 - Radiation Oncology
1026,UPHC Afzal Sagar,Government-DPH,Hyderabad,Khairthabad,Ghmc,Dr.Tazyeen Kouser (9966403133),S1 - General Surgery; S2 - Ent Surgery; S3 - Ophthalmology Surgery; S4 - Gynaecology And Obstetrics Surgery; S5 - Orthopedic Surgery And Procedures; S6 - Surgical Gastro Enterology; S7 - Cardiac And Cardiothoracic Surgery; S8 - Pediatric Surgeries; S9 - Genito Urinary Surgeries; S10 - Neurosurgery; S11 - Surgical Oncology; S14 - Plastic Surgery; S15 - Poly Trauma; S16 - Cochlear Implant Surgery; S17 - Prostheses; S20 - Unspecified Surgical Package; M1 - Critical Care; M2 - General Medicine; M3 - Infectious Diseases; M4 - Pediatrics; M5 - Cardiology; M6 - Nephrology; M7 - Neurology; M8 - Pulmonology; M9 - Dermatology; M10 - Rheumatology; M11 - Endocrinology; M12 - Gastroenterology; M14 - Thalassemia; M15 - Medical Oncology; M16 - Radiation Oncology
1027,UPHC Aliyabad,Government-DPH,Hyderabad,Bahadurpura,Ghmc,Dr .Annapurna (8688365060),S1 - General Surgery; S2 - Ent Surgery; S3 - Ophthalmology Surgery; S4 - Gynaecology And Obstetrics Surgery; S5 - Orthopedic Surgery And Procedures; S6 - Surgical Gastro Enterology; S7 - Cardiac And Cardiothoracic Surgery; S8 - Pediatric Surgeries; S9 - Genito Urinary Surgeries; S10 - Neurosurgery; S11 - Surgical Oncology; S14 - Plastic Surgery; S15 - Poly Trauma; S16 - Cochlear Implant Surgery; S17 - Prostheses; S20 - Unspecified Surgical Package; M1 - Critical Care; M2 - General Medicine; M3 - Infectious Diseases; M4 - Pediatrics; M5 - Cardiology; M6 - Nephrology; M7 - Neurology; M8 - Pulmonology; M9 - Dermatology; M10 - Rheumatology; M11 - Endocrinology; M12 - Gastroenterology; M14 - Thalassemia; M15 - Medical Oncology; M16 - Radiation Oncology
1028,UPHC Aman Nagar,Government-DPH,Hyderabad,Charminar,Ghmc,Dr Arun Kumar Joshi (9966082116),S1 - General Surgery; S2 - Ent Surgery; S3 - Ophthalmology Surgery; S4 - Gynaecology And Obstetrics Surgery; S5 - Orthopedic Surgery And Procedures; S6 - Surgical Gastro Enterology; S7 - Cardiac And Cardiothoracic Surgery; S8 - Pediatric Surgeries; S9 - Genito Urinary Surgeries; S10 - Neurosurgery; S11 - Surgical Oncology; S14 - Plastic Surgery; S15 - Poly Trauma; S16 - Cochlear Implant Surgery; S17 - Prostheses; S20 - Unspecified Surgical Package; M1 - Critical Care; M2 - General Medicine; M3 - Infectious Diseases; M4 - Pediatrics; M5 - Cardiology; M6 - Nephrology; M7 - Neurology; M8 - Pulmonology; M9 - Dermatology; M10 - Rheumatology; M11 - Endocrinology; M12 - Gastroenterology; M14 - Thalassemia; M15 - Medical Oncology; M16 - Radiation Oncology
1029,UPHC Ambedkar Nagar,Government-DPH,Suryapet,Suryapet,Suryapet,Dr.J. Ramya (7013490336); Dr.K. Ranga Reddy (9396814032),S1 - General Surgery; S2 - Ent Surgery; S3 - Ophthalmology Surgery; S4 - Gynaecology And Obstetrics Surgery; S5 - Orthopedic Surgery And Procedures; S6 - Surgical Gastro Enterology; S7 - Cardiac And Cardiothoracic Surgery; S8 - Pediatric Surgeries; S9 - Genito Urinary Surgeries; S10 - Neurosurgery; S11 - Surgical Oncology; S14 - Plastic Surgery; S15 - Poly Trauma; S16 - Cochlear Implant Surgery; S17 - Prostheses; S20 - Unspecified Surgical Package; M1 - Critical Care; M2 - General Medicine; M3 - Infectious Diseases; M4 - Pediatrics; M5 - Cardiology; M6 - Nephrology; M7 - Neurology; M8 - Pulmonology; M9 - Dermatology; M10 - Rheumatology; M11 - Endocrinology; M12 - Gastroenterology; M14 - Thalassemia; M15 - Medical Oncology; M16 - Radiation Oncology
1030,UPHC Ameerpet,Government-DPH,Hyderabad,Ameerpet,Ghmc,Dr. Naresh (9666140473),S1 - General Surgery; S2 - Ent Surgery; S3 - Ophthalmology Surgery; S4 - Gynaecology And Obstetrics Surgery; S5 - Orthopedic Surgery And Procedures; S6 - Surgical Gastro Enterology; S7 - Cardiac And Cardiothoracic Surgery; S8 - Pediatric Surgeries; S9 - Genito Urinary Surgeries; S10 - Neurosurgery; S11 - Surgical Oncology; S14 - Plastic Surgery; S15 - Poly Trauma; S16 - Cochlear Implant Surgery; S17 - Prostheses; S20 - Unspecified Surgical Package; M1 - Critical Care; M2 - General Medicine; M3 - Infectious Diseases; M4 - Pediatrics; M5 - Cardiology; M6 - Nephrology; M7 - Neurology; M8 - Pulmonology; M9 - Dermatology; M10 - Rheumatology; M11 - Endocrinology; M12 - Gastroenterology; M14 - Thalassemia; M15 - Medical Oncology; M16 - Radiation Oncology
1031,UPHC Arsapally,Government-DPH,Nizamabad,Nizamabad (South),Nizamabad,Dr.Ateef Uddin (),S1 - General Surgery; S2 - Ent Surgery; S3 - Ophthalmology Surgery; S4 - Gynaecology And Obstetrics Surgery; S5 - Orthopedic Surgery And Procedures; S6 - Surgical Gastro Enterology; S7 - Cardiac And Cardiothoracic Surgery; S8 - Pediatric Surgeries; S9 - Genito Urinary Surgeries; S10 - Neurosurgery; S11 - Surgical Oncology; S14 - Plastic Surgery; S15 - Poly Trauma; S16 - Cochlear Implant Surgery; S17 - Prostheses; M1 - Critical Care; M2 - General Medicine; M3 - Infectious Diseases; M4 - Pediatrics; M5 - Cardiology; M6 - Nephrology; M7 - Neurology; M8 - Pulmonology; M9 - Dermatology; M10 - Rheumatology; M11 - Endocrinology; M12 - Gastroenterology; M14 - Thalassemia; S19.1 - Liver Transplantation Surgery; S19.2 - Heart Transplantation Surgery; S19.3 - Renal Transplantation Surgery; S19.4 - Lung Transplantation Surgery; S19.5 - Allogenic Stem Cell Transplantation; S19.6 - Autologous Stem Cell Transplantation; S19.7 - Heart And Lung Transplantation Surgery; M15 - Medical Oncology; M16 - Radiation Oncology
1032,UPHC Azampura,Government-DPH,Hyderabad,Saidabad,Ghmc,Dr.Anuradha (9849115947),S1 - General Surgery; S2 - Ent Surgery; S3 - Ophthalmology Surgery; S4 - Gynaecology And Obstetrics Surgery; S5 - Orthopedic Surgery And Procedures; S6 - Surgical Gastro Enterology; S7 - Cardiac And Cardiothoracic Surgery; S8 - Pediatric Surgeries; S9 - Genito Urinary Surgeries; S10 - Neurosurgery; S11 - Surgical Oncology; S14 - Plastic Surgery; S15 - Poly Trauma; S16 - Cochlear Implant Surgery; S17 - Prostheses; S20 - Unspecified Surgical Package; M1 - Critical Care; M2 - General Medicine; M3 - Infectious Diseases; M4 - Pediatrics; M5 - Cardiology; M6 - Nephrology; M7 - Neurology; M8 - Pulmonology; M9 - Dermatology; M10 - Rheumatology; M11 - Endocrinology; M12 - Gastroenterology; M14 - Thalassemia; M15 - Medical Oncology; M16 - Radiation Oncology
1033,UPHC Balagunj,Government-DPH,Hyderabad,Bandlaguda,Ghmc,Dr. Waseem Sultana (8328341355),S1 - General Surgery; S2 - Ent Surgery; S3 - Ophthalmology Surgery; S4 - Gynaecology And Obstetrics Surgery; S5 - Orthopedic Surgery And Procedures; S6 - Surgical Gastro Enterology; S7 - Cardiac And Cardiothoracic Surgery; S8 - Pediatric Surgeries; S9 - Genito Urinary Surgeries; S10 - Neurosurgery; S11 - Surgical Oncology; S14 - Plastic Surgery; S15 - Poly Trauma; S16 - Cochlear Implant Surgery; S17 - Prostheses; S20 - Unspecified Surgical Package; M1 - Critical Care; M2 - General Medicine; M3 - Infectious Diseases; M4 - Pediatrics; M5 - Cardiology; M6 - Nephrology; M7 - Neurology; M8 - Pulmonology; M9 - Dermatology; M10 - Rheumatology; M11 - Endocrinology; M12 - Gastroenterology; M14 - Thalassemia; M15 - Medical Oncology; M16 - Radiation Oncology
1034,UPHC Balapur,Government-DPH,Rangareddy,Balapur,Ghmc,Dr.Ravikumar (9000092928); Dr.Sharadha (9989949153),S1 - General Surgery; S2 - Ent Surgery; S3 - Ophthalmology Surgery; S4 - Gynaecology And Obstetrics Surgery; S5 - Orthopedic Surgery And Procedures; S6 - Surgical Gastro Enterology; S7 - Cardiac And Cardiothoracic Surgery; S8 - Pediatric Surgeries; S9 - Genito Urinary Surgeries; S10 - Neurosurgery; S11 - Surgical Oncology; S14 - Plastic Surgery; S15 - Poly Trauma; S16 - Cochlear Implant Surgery; S17 - Prostheses; S20 - Unspecified Surgical Package; M1 - Critical Care; M2 - General Medicine; M3 - Infectious Diseases; M4 - Pediatrics; M5 - Cardiology; M6 - Nephrology; M7 - Neurology; M8 - Pulmonology; M9 - Dermatology; M10 - Rheumatology; M11 - Endocrinology; M12 - Gastroenterology; M14 - Thalassemia; M15 - Medical Oncology; M16 - Radiation Oncology
1035,UPHC Bangalpet,Government-DPH,Nirmal,Nirmal,Nirmal,Dr Srinivas (9441808379),S1 - General Surgery; S2 - Ent Surgery; S3 - Ophthalmology Surgery; S4 - Gynaecology And Obstetrics Surgery; S5 - Orthopedic Surgery And Procedures; S6 - Surgical Gastro Enterology; S7 - Cardiac And Cardiothoracic Surgery; S8 - Pediatric Surgeries; S9 - Genito Urinary Surgeries; S10 - Neurosurgery; S11 - Surgical Oncology; S14 - Plastic Surgery; S15 - Poly Trauma; S16 - Cochlear Implant Surgery; S17 - Prostheses; S20 - Unspecified Surgical Package; M1 - Critical Care; M2 - General Medicine; M3 - Infectious Diseases; M4 - Pediatrics; M5 - Cardiology; M6 - Nephrology; M7 - Neurology; M8 - Pulmonology; M9 - Dermatology; M10 - Rheumatology; M11 - Endocrinology; M12 - Gastroenterology; M14 - Thalassemia; M15 - Medical Oncology; M16 - Radiation Oncology
1036,UPHC Bangarigadda,Government-DPH,Nalgonda,Miryalaguda,Miryalaguda,Dr Prathyusha (8919092221),S1 - General Surgery; S2 - Ent Surgery; S3 - Ophthalmology Surgery; S4 - Gynaecology And Obstetrics Surgery; S5 - Orthopedic Surgery And Procedures; S6 - Surgical Gastro Enterology; S7 - Cardiac And Cardiothoracic Surgery; S8 - Pediatric Surgeries; S9 - Genito Urinary Surgeries; S10 - Neurosurgery; S11 - Surgical Oncology; S14 - Plastic Surgery; S15 - Poly Trauma; S16 - Cochlear Implant Surgery; S17 - Prostheses; S20 - Unspecified Surgical Package; M1 - Critical Care; M2 - General Medicine; M3 - Infectious Diseases; M4 - Pediatrics; M5 - Cardiology; M6 - Nephrology; M7 - Neurology; M8 - Pulmonology; M9 - Dermatology; M10 - Rheumatology; M11 - Endocrinology; M12 - Gastroenterology; M14 - Thalassemia; M15 - Medical Oncology; M16 - Radiation Oncology
1037,UPHC Banjarahills,Government-DPH,Hyderabad,Khairthabad,Ghmc,Dr.Sheema Rehman (9052655279),S1 - General Surgery; S2 - Ent Surgery; S3 - Ophthalmology Surgery; S4 - Gynaecology And Obstetrics Surgery; S5 - Orthopedic Surgery And Procedures; S6 - Surgical Gastro Enterology; S7 - Cardiac And Cardiothoracic Surgery; S8 - Pediatric Surgeries; S9 - Genito Urinary Surgeries; S10 - Neurosurgery; S11 - Surgical Oncology; S14 - Plastic Surgery; S15 - Poly Trauma; S16 - Cochlear Implant Surgery; S17 - Prostheses; S20 - Unspecified Surgical Package; M1 - Critical Care; M2 - General Medicine; M3 - Infectious Diseases; M4 - Pediatrics; M5 - Cardiology; M6 - Nephrology; M7 - Neurology; M8 - Pulmonology; M9 - Dermatology; M10 - Rheumatology; M11 - Endocrinology; M12 - Gastroenterology; M14 - Thalassemia; M15 - Medical Oncology; M16 - Radiation Oncology
1038,UPHC Barkas,Government-DPH,Hyderabad,Bandlaguda,Ghmc,Dr A Jhansi Rani (7989310844),S1 - General Surgery; S2 - Ent Surgery; S3 - Ophthalmology Surgery; S4 - Gynaecology And Obstetrics Surgery; S5 - Orthopedic Surgery And Procedures; S6 - Surgical Gastro Enterology; S7 - Cardiac And Cardiothoracic Surgery; S8 - Pediatric Surgeries; S9 - Genito Urinary Surgeries; S10 - Neurosurgery; S11 - Surgical Oncology; S14 - Plastic Surgery; S15 - Poly Trauma; S16 - Cochlear Implant Surgery; S17 - Prostheses; S20 - Unspecified Surgical Package; M1 - Critical Care; M2 - General Medicine; M3 - Infectious Diseases; M4 - Pediatrics; M5 - Cardiology; M6 - Nephrology; M7 - Neurology; M8 - Pulmonology; M9 - Dermatology; M10 - Rheumatology; M11 - Endocrinology; M12 - Gastroenterology; M14 - Thalassemia; M15 - Medical Oncology; M16 - Radiation Oncology
1039,UPHC Bhainsa,Government-DPH,Nirmal,Bhainsa,Bhainsa,Dr Ashish Reddy (8125745869),S1 - General Surgery; S2 - Ent Surgery; S3 - Ophthalmology Surgery; S4 - Gynaecology And Obstetrics Surgery; S5 - Orthopedic Surgery And Procedures; S6 - Surgical Gastro Enterology; S7 - Cardiac And Cardiothoracic Surgery; S8 - Pediatric Surgeries; S9 - Genito Urinary Surgeries; S10 - Neurosurgery; S11 - Surgical Oncology; S14 - Plastic Surgery; S15 - Poly Trauma; S16 - Cochlear Implant Surgery; S17 - Prostheses; S20 - Unspecified Surgical Package; M1 - Critical Care; M2 - General Medicine; M3 - Infectious Diseases; M4 - Pediatrics; M5 - Cardiology; M6 - Nephrology; M7 - Neurology; M8 - Pulmonology; M9 - Dermatology; M10 - Rheumatology; M11 - Endocrinology; M12 - Gastroenterology; M14 - Thalassemia; M15 - Medical Oncology; M16 - Radiation Oncology
1040,UPHC Bhoiguda,Government-DPH,Hyderabad,Secunderabad,Ghmc,Dr Srimannarayana (9440378185),S1 - General Surgery; S2 - Ent Surgery; S3 - Ophthalmology Surgery; S4 - Gynaecology And Obstetrics Surgery; S5 - Orthopedic Surgery And Procedures; S6 - Surgical Gastro Enterology; S7 - Cardiac And Cardiothoracic Surgery; S8 - Pediatric Surgeries; S9 - Genito Urinary Surgeries; S10 - Neurosurgery; S11 - Surgical Oncology; S14 - Plastic Surgery; S15 - Poly Trauma; S16 - Cochlear Implant Surgery; S17 - Prostheses; S20 - Unspecified Surgical Package; M1 - Critical Care; M2 - General Medicine; M3 - Infectious Diseases; M4 - Pediatrics; M5 - Cardiology; M6 - Nephrology; M7 - Neurology; M8 - Pulmonology; M9 - Dermatology; M10 - Rheumatology; M11 - Endocrinology; M12 - Gastroenterology; M14 - Thalassemia; M15 - Medical Oncology; M16 - Radiation Oncology
1041,UPHC Bholakpur,Government-DPH,Hyderabad,Secunderabad,Ghmc,Plv Krishnamohan (8500120137),S1 - General Surgery; S2 - Ent Surgery; S3 - Ophthalmology Surgery; S4 - Gynaecology And Obstetrics Surgery; S5 - Orthopedic Surgery And Procedures; S6 - Surgical Gastro Enterology; S7 - Cardiac And Cardiothoracic Surgery; S8 - Pediatric Surgeries; S9 - Genito Urinary Surgeries; S10 - Neurosurgery; S11 - Surgical Oncology; S14 - Plastic Surgery; S15 - Poly Trauma; S16 - Cochlear Implant Surgery; S17 - Prostheses; S20 - Unspecified Surgical Package; M1 - Critical Care; M2 - General Medicine; M3 - Infectious Diseases; M4 - Pediatrics; M5 - Cardiology; M6 - Nephrology; M7 - Neurology; M8 - Pulmonology; M9 - Dermatology; M10 - Rheumatology; M11 - Endocrinology; M12 - Gastroenterology; M14 - Thalassemia; M15 - Medical Oncology; M16 - Radiation Oncology
1042,UPHC Bhongir (Hanumanwada),Government-DPH,Yadadri Bhuvanagiri,Bhongir,Bhongir,Dr. Vivek (9492036087); Dr.Leelavathi (9676120726),S1 - General Surgery; S2 - Ent Surgery; S3 - Ophthalmology Surgery; S4 - Gynaecology And Obstetrics Surgery; S5 - Orthopedic Surgery And Procedures; S6 - Surgical Gastro Enterology; S7 - Cardiac And Cardiothoracic Surgery; S8 - Pediatric Surgeries; S9 - Genito Urinary Surgeries; S10 - Neurosurgery; S11 - Surgical Oncology; S14 - Plastic Surgery; S15 - Poly Trauma; S16 - Cochlear Implant Surgery; S17 - Prostheses; S20 - Unspecified Surgical Package; M1 - Critical Care; M2 - General Medicine; M3 - Infectious Diseases; M4 - Pediatrics; M5 - Cardiology; M6 - Nephrology; M7 - Neurology; M8 - Pulmonology; M9 - Dermatology; M10 - Rheumatology; M11 - Endocrinology; M12 - Gastroenterology; M14 - Thalassemia; M15 - Medical Oncology; M16 - Radiation Oncology
1043,UPHC Bible House,Government-DPH,Hyderabad,Secunderabad,Ghmc,Dr.Shruthi (7032735326),S1 - General Surgery; S2 - Ent Surgery; S3 - Ophthalmology Surgery; S4 - Gynaecology And Obstetrics Surgery; S5 - Orthopedic Surgery And Procedures; S6 - Surgical Gastro Enterology; S7 - Cardiac And Cardiothoracic Surgery; S8 - Pediatric Surgeries; S9 - Genito Urinary Surgeries; S10 - Neurosurgery; S11 - Surgical Oncology; S14 - Plastic Surgery; S15 - Poly Trauma; S16 - Cochlear Implant Surgery; S17 - Prostheses; S20 - Unspecified Surgical Package; M1 - Critical Care; M2 - General Medicine; M3 - Infectious Diseases; M4 - Pediatrics; M5 - Cardiology; M6 - Nephrology; M7 - Neurology; M8 - Pulmonology; M9 - Dermatology; M10 - Rheumatology; M11 - Endocrinology; M12 - Gastroenterology; M14 - Thalassemia; M15 - Medical Oncology; M16 - Radiation Oncology
1044,UPHC Boduppal,Government-DPH,Medchal-Malkajgiri,Medipally,Boduppal,Dr.A.Sujatha Rao (9493104626),S1 - General Surgery; S2 - Ent Surgery; S3 - Ophthalmology Surgery; S4 - Gynaecology And Obstetrics Surgery; S5 - Orthopedic Surgery And Procedures; S6 - Surgical Gastro Enterology; S7 - Cardiac And Cardiothoracic Surgery; S8 - Pediatric Surgeries; S9 - Genito Urinary Surgeries; S10 - Neurosurgery; S11 - Surgical Oncology; S14 - Plastic Surgery; S15 - Poly Trauma; S16 - Cochlear Implant Surgery; S17 - Prostheses; S20 - Unspecified Surgical Package; M1 - Critical Care; M2 - General Medicine; M3 - Infectious Diseases; M4 - Pediatrics; M5 - Cardiology; M6 - Nephrology; M7 - Neurology; M8 - Pulmonology; M9 - Dermatology; M10 - Rheumatology; M11 - Endocrinology; M12 - Gastroenterology; M14 - Thalassemia; M15 - Medical Oncology; M16 - Radiation Oncology
1045,UPHC Boggulkunta,Government-DPH,Hyderabad,Nampally,Ghmc,Dr.Deepthi Priyanka (8688137667),S1 - General Surgery; S2 - Ent Surgery; S3 - Ophthalmology Surgery; S4 - Gynaecology And Obstetrics Surgery; S5 - Orthopedic Surgery And Procedures; S6 - Surgical Gastro Enterology; S7 - Cardiac And Cardiothoracic Surgery; S8 - Pediatric Surgeries; S9 - Genito Urinary Surgeries; S10 - Neurosurgery; S11 - Surgical Oncology; S14 - Plastic Surgery; S15 - Poly Trauma; S16 - Cochlear Implant Surgery; S17 - Prostheses; S20 - Unspecified Surgical Package; M1 - Critical Care; M2 - General Medicine; M3 - Infectious Diseases; M4 - Pediatrics; M5 - Cardiology; M6 - Nephrology; M7 - Neurology; M8 - Pulmonology; M9 - Dermatology; M10 - Rheumatology; M11 - Endocrinology; M12 - Gastroenterology; M14 - Thalassemia; M15 - Medical Oncology; M16 - Radiation Oncology
1046,UPHC Bollaram,Government,Hyderabad,Tirumalagiry,Ghmc,Dr Arun Kumar Joshi (9966082116); Drramesh Regular Mo (9676808102),S1 - General Surgery; S2 - Ent Surgery; S3 - Ophthalmology Surgery; S4 - Gynaecology And Obstetrics Surgery; S5 - Orthopedic Surgery And Procedures; S6 - Surgical Gastro Enterology; S7 - Cardiac And Cardiothoracic Surgery; S8 - Pediatric Surgeries; S9 - Genito Urinary Surgeries; S10 - Neurosurgery; S11 - Surgical Oncology; S14 - Plastic Surgery; S15 - Poly Trauma; S16 - Cochlear Implant Surgery; S17 - Prostheses; S20 - Unspecified Surgical Package; M1 - Critical Care; M2 - General Medicine; M3 - Infectious Diseases; M4 - Pediatrics; M5 - Cardiology; M6 - Nephrology; M7 - Neurology; M8 - Pulmonology; M9 - Dermatology; M10 - Rheumatology; M11 - Endocrinology; M12 - Gastroenterology; M14 - Thalassemia; M15 - Medical Oncology; M16 - Radiation Oncology
1047,UPHC Borabanda,Government-DPH,Hyderabad,Ameerpet,Ghmc,Dr.Sri Valli.I (9949871794),S1 - General Surgery; S2 - Ent Surgery; S3 - Ophthalmology Surgery; S4 - Gynaecology And Obstetrics Surgery; S5 - Orthopedic Surgery And Procedures; S6 - Surgical Gastro Enterology; S7 - Cardiac And Cardiothoracic Surgery; S8 - Pediatric Surgeries; S9 - Genito Urinary Surgeries; S10 - Neurosurgery; S11 - Surgical Oncology; S14 - Plastic Surgery; S15 - Poly Trauma; S16 - Cochlear Implant Surgery; S17 - Prostheses; S20 - Unspecified Surgical Package; M1 - Critical Care; M2 - General Medicine; M3 - Infectious Diseases; M4 - Pediatrics; M5 - Cardiology; M6 - Nephrology; M7 - Neurology; M8 - Pulmonology; M9 - Dermatology; M10 - Rheumatology; M11 - Endocrinology; M12 - Gastroenterology; M14 - Thalassemia; M15 - Medical Oncology; M16 - Radiation Oncology
1048,UPHC Bowenpally,Government-DPH,Hyderabad,Tirumalagiry,Ghmc,Dr Arun Kumar Joshi (9966082116); Dr Seema (8919697033),S1 - General Surgery; S2 - Ent Surgery; S3 - Ophthalmology Surgery; S4 - Gynaecology And Obstetrics Surgery; S5 - Orthopedic Surgery And Procedures; S6 - Surgical Gastro Enterology; S7 - Cardiac And Cardiothoracic Surgery; S8 - Pediatric Surgeries; S9 - Genito Urinary Surgeries; S10 - Neurosurgery; S11 - Surgical Oncology; S14 - Plastic Surgery; S15 - Poly Trauma; S16 - Cochlear Implant Surgery; S17 - Prostheses; S20 - Unspecified Surgical Package; M1 - Critical Care; M2 - General Medicine; M3 - Infectious Diseases; M4 - Pediatrics; M5 - Cardiology; M6 - Nephrology; M7 - Neurology; M8 - Pulmonology; M9 - Dermatology; M10 - Rheumatology; M11 - Endocrinology; M12 - Gastroenterology; M14 - Thalassemia; M15 - Medical Oncology; M16 - Radiation Oncology
1049,UPHC Buttirajaram Colony,Government-DPH,Karimnagar,Karimnagar,-,Dr.Satyajith Ray (8309972941),S1 - General Surgery; S2 - Ent Surgery; S3 - Ophthalmology Surgery; S4 - Gynaecology And Obstetrics Surgery; S5 - Orthopedic Surgery And Procedures; S6 - Surgical Gastro Enterology; S7 - Cardiac And Cardiothoracic Surgery; S8 - Pediatric Surgeries; S9 - Genito Urinary Surgeries; S10 - Neurosurgery; S11 - Surgical Oncology; S14 - Plastic Surgery; S15 - Poly Trauma; S16 - Cochlear Implant Surgery; S17 - Prostheses; S20 - Unspecified Surgical Package; M1 - Critical Care; M2 - General Medicine; M3 - Infectious Diseases; M4 - Pediatrics; M5 - Cardiology; M6 - Nephrology; M7 - Neurology; M8 - Pulmonology; M9 - Dermatology; M10 - Rheumatology; M11 - Endocrinology; M12 - Gastroenterology; M14 - Thalassemia; M15 - Medical Oncology; M16 - Radiation Oncology
1050,UPHC Champapet,Government-DPH,Rangareddy,Balapur,Ghmc,Dr Ranganath (9704142599),S1 - General Surgery; S2 - Ent Surgery; S3 - Ophthalmology Surgery; S4 - Gynaecology And Obstetrics Surgery; S5 - Orthopedic Surgery And Procedures; S6 - Surgical Gastro Enterology; S7 - Cardiac And Cardiothoracic Surgery; S8 - Pediatric Surgeries; S9 - Genito Urinary Surgeries; S10 - Neurosurgery; S11 - Surgical Oncology; S14 - Plastic Surgery; S15 - Poly Trauma; S16 - Cochlear Implant Surgery; S17 - Prostheses; S20 - Unspecified Surgical Package; M1 - Critical Care; M2 - General Medicine; M3 - Infectious Diseases; M4 - Pediatrics; M5 - Cardiology; M6 - Nephrology; M7 - Neurology; M8 - Pulmonology; M9 - Dermatology; M10 - Rheumatology; M11 - Endocrinology; M12 - Gastroenterology; M14 - Thalassemia; M15 - Medical Oncology; M16 - Radiation Oncology
1051,UPHC Chandrashekar Colony,Government-DPH,Nizamabad,Nizamabad (North),Nizamabad,Dr B. Saritha (),S1 - General Surgery; S2 - Ent Surgery; S3 - Ophthalmology Surgery; S4 - Gynaecology And Obstetrics Surgery; S5 - Orthopedic Surgery And Procedures; S6 - Surgical Gastro Enterology; S7 - Cardiac And Cardiothoracic Surgery; S8 - Pediatric Surgeries; S9 - Genito Urinary Surgeries; S10 - Neurosurgery; S11 - Surgical Oncology; S14 - Plastic Surgery; S15 - Poly Trauma; S16 - Cochlear Implant Surgery; S17 - Prostheses; M1 - Critical Care; M2 - General Medicine; M3 - Infectious Diseases; M4 - Pediatrics; M5 - Cardiology; M6 - Nephrology; M7 - Neurology; M8 - Pulmonology; M9 - Dermatology; M10 - Rheumatology; M11 - Endocrinology; M12 - Gastroenterology; M14 - Thalassemia; S19.1 - Liver Transplantation Surgery; S19.2 - Heart Transplantation Surgery; S19.3 - Renal Transplantation Surgery; S19.4 - Lung Transplantation Surgery; S19.5 - Allogenic Stem Cell Transplantation; S19.6 - Autologous Stem Cell Transplantation; S19.7 - Heart And Lung Transplantation Surgery; M15 - Medical Oncology; M16 - Radiation Oncology
1052,UPHC Chandulal Baradari,Government-DPH,Hyderabad,Bahadurpura,Ghmc,Dr Sai Ram (9494077660),S1 - General Surgery; S2 - Ent Surgery; S3 - Ophthalmology Surgery; S4 - Gynaecology And Obstetrics Surgery; S5 - Orthopedic Surgery And Procedures; S6 - Surgical Gastro Enterology; S7 - Cardiac And Cardiothoracic Surgery; S8 - Pediatric Surgeries; S9 - Genito Urinary Surgeries; S10 - Neurosurgery; S11 - Surgical Oncology; S14 - Plastic Surgery; S15 - Poly Trauma; S16 - Cochlear Implant Surgery; S17 - Prostheses; S20 - Unspecified Surgical Package; M1 - Critical Care; M2 - General Medicine; M3 - Infectious Diseases; M4 - Pediatrics; M5 - Cardiology; M6 - Nephrology; M7 - Neurology; M8 - Pulmonology; M9 - Dermatology; M10 - Rheumatology; M11 - Endocrinology; M12 - Gastroenterology; M14 - Thalassemia; M15 - Medical Oncology; M16 - Radiation Oncology
1053,UPHC Charminar,Government-DPH,Hyderabad,Bahadurpura,Ghmc,Dr Maimoona Begum (6304121855),S1 - General Surgery; S2 - Ent Surgery; S3 - Ophthalmology Surgery; S4 - Gynaecology And Obstetrics Surgery; S5 - Orthopedic Surgery And Procedures; S6 - Surgical Gastro Enterology; S7 - Cardiac And Cardiothoracic Surgery; S8 - Pediatric Surgeries; S9 - Genito Urinary Surgeries; S10 - Neurosurgery; S11 - Surgical Oncology; S14 - Plastic Surgery; S15 - Poly Trauma; S16 - Cochlear Implant Surgery; S17 - Prostheses; S20 - Unspecified Surgical Package; M1 - Critical Care; M2 - General Medicine; M3 - Infectious Diseases; M4 - Pediatrics; M5 - Cardiology; M6 - Nephrology; M7 - Neurology; M8 - Pulmonology; M9 - Dermatology; M10 - Rheumatology; M11 - Endocrinology; M12 - Gastroenterology; M14 - Thalassemia; M15 - Medical Oncology; M16 - Radiation Oncology
1054,UPHC Cherpally,Government-DPH,Medchal-Malkajgiri,Kapra,Ghmc,D.V.Koushik (8897534998),S1 - General Surgery; S2 - Ent Surgery; S3 - Ophthalmology Surgery; S4 - Gynaecology And Obstetrics Surgery; S5 - Orthopedic Surgery And Procedures; S6 - Surgical Gastro Enterology; S7 - Cardiac And Cardiothoracic Surgery; S8 - Pediatric Surgeries; S9 - Genito Urinary Surgeries; S10 - Neurosurgery; S11 - Surgical Oncology; S14 - Plastic Surgery; S15 - Poly Trauma; S16 - Cochlear Implant Surgery; S17 - Prostheses; S20 - Unspecified Surgical Package; M1 - Critical Care; M2 - General Medicine; M3 - Infectious Diseases; M4 - Pediatrics; M5 - Cardiology; M6 - Nephrology; M7 - Neurology; M8 - Pulmonology; M9 - Dermatology; M10 - Rheumatology; M11 - Endocrinology; M12 - Gastroenterology; M14 - Thalassemia; M15 - Medical Oncology; M16 - Radiation Oncology
1055,UPHC Chilkalguda,Government-DPH,Hyderabad,Secunderabad,Ghmc,Rajkumar (9666364525),S1 - General Surgery; S2 - Ent Surgery; S3 - Ophthalmology Surgery; S4 - Gynaecology And Obstetrics Surgery; S5 - Orthopedic Surgery And Procedures; S6 - Surgical Gastro Enterology; S7 - Cardiac And Cardiothoracic Surgery; S8 - Pediatric Surgeries; S9 - Genito Urinary Surgeries; S10 - Neurosurgery; S11 - Surgical Oncology; S14 - Plastic Surgery; S15 - Poly Trauma; S16 - Cochlear Implant Surgery; S17 - Prostheses; S20 - Unspecified Surgical Package; M1 - Critical Care; M2 - General Medicine; M3 - Infectious Diseases; M4 - Pediatrics; M5 - Cardiology; M6 - Nephrology; M7 - Neurology; M8 - Pulmonology; M9 - Dermatology; M10 - Rheumatology; M11 - Endocrinology; M12 - Gastroenterology; M14 - Thalassemia; M15 - Medical Oncology; M16 - Radiation Oncology
1056,UPHC ChinthalBasthi,Government-DPH,Hyderabad,Khairthabad,Ghmc,Dr.A.Shilpa (9247397094); Dr.Sandhya (8374304036),S1 - General Surgery; S2 - Ent Surgery; S3 - Ophthalmology Surgery; S4 - Gynaecology And Obstetrics Surgery; S5 - Orthopedic Surgery And Procedures; S6 - Surgical Gastro Enterology; S7 - Cardiac And Cardiothoracic Surgery; S8 - Pediatric Surgeries; S9 - Genito Urinary Surgeries; S10 - Neurosurgery; S11 - Surgical Oncology; S14 - Plastic Surgery; S15 - Poly Trauma; S16 - Cochlear Implant Surgery; S17 - Prostheses; S20 - Unspecified Surgical Package; M1 - Critical Care; M2 - General Medicine; M3 - Infectious Diseases; M4 - Pediatrics; M5 - Cardiology; M6 - Nephrology; M7 - Neurology; M8 - Pulmonology; M9 - Dermatology; M10 - Rheumatology; M11 - Endocrinology; M12 - Gastroenterology; M14 - Thalassemia; M15 - Medical Oncology; M16 - Radiation Oncology
1057,UPHC ChuttalBasthi,Government-DPH,Hyderabad,Secunderabad,Ghmc,Dr G Srimannarayana (7799591742); Dr D Prashanthi (9493433601),S1 - General Surgery; S2 - Ent Surgery; S3 - Ophthalmology Surgery; S4 - Gynaecology And Obstetrics Surgery; S5 - Orthopedic Surgery And Procedures; S6 - Surgical Gastro Enterology; S7 - Cardiac And Cardiothoracic Surgery; S8 - Pediatric Surgeries; S9 - Genito Urinary Surgeries; S10 - Neurosurgery; S11 - Surgical Oncology; S14 - Plastic Surgery; S15 - Poly Trauma; S16 - Cochlear Implant Surgery; S17 - Prostheses; S20 - Unspecified Surgical Package; M1 - Critical Care; M2 - General Medicine; M3 - Infectious Diseases; M4 - Pediatrics; M5 - Cardiology; M6 - Nephrology; M7 - Neurology; M8 - Pulmonology; M9 - Dermatology; M10 - Rheumatology; M11 - Endocrinology; M12 - Gastroenterology; M14 - Thalassemia; M15 - Medical Oncology; M16 - Radiation Oncology
1058,UPHC DBR Mills,Government-DPH,Hyderabad,Secunderabad,Ghmc,Dr.Ravi Kumar (9989056510); Dr.Avanthi (9989056510),S1 - General Surgery; S2 - Ent Surgery; S3 - Ophthalmology Surgery; S4 - Gynaecology And Obstetrics Surgery; S5 - Orthopedic Surgery And Procedures; S6 - Surgical Gastro Enterology; S7 - Cardiac And Cardiothoracic Surgery; S8 - Pediatric Surgeries; S9 - Genito Urinary Surgeries; S10 - Neurosurgery; S11 - Surgical Oncology; S14 - Plastic Surgery; S15 - Poly Trauma; S16 - Cochlear Implant Surgery; S17 - Prostheses; S20 - Unspecified Surgical Package; M1 - Critical Care; M2 - General Medicine; M3 - Infectious Diseases; M4 - Pediatrics; M5 - Cardiology; M6 - Nephrology; M7 - Neurology; M8 - Pulmonology; M9 - Dermatology; M10 - Rheumatology; M11 - Endocrinology; M12 - Gastroenterology; M14 - Thalassemia; M15 - Medical Oncology; M16 - Radiation Oncology
1059,UPHC Dabeerpura,Government-DPH,Hyderabad,Charminar,Ghmc,Dr.Sana Yasmeen (9666220787),S1 - General Surgery; S2 - Ent Surgery; S3 - Ophthalmology Surgery; S4 - Gynaecology And Obstetrics Surgery; S5 - Orthopedic Surgery And Procedures; S6 - Surgical Gastro Enterology; S7 - Cardiac And Cardiothoracic Surgery; S8 - Pediatric Surgeries; S9 - Genito Urinary Surgeries; S10 - Neurosurgery; S11 - Surgical Oncology; S14 - Plastic Surgery; S15 - Poly Trauma; S16 - Cochlear Implant Surgery; S17 - Prostheses; S20 - Unspecified Surgical Package; M1 - Critical Care; M2 - General Medicine; M3 - Infectious Diseases; M4 - Pediatrics; M5 - Cardiology; M6 - Nephrology; M7 - Neurology; M8 - Pulmonology; M9 - Dermatology; M10 - Rheumatology; M11 - Endocrinology; M12 - Gastroenterology; M14 - Thalassemia; M15 - Medical Oncology; M16 - Radiation Oncology
1060,UPHC Darmakancha,Government-DPH,Jangoan,Jangaon,-,Dr.Kalpana (7660856725),S1 - General Surgery; S2 - Ent Surgery; S3 - Ophthalmology Surgery; S4 - Gynaecology And Obstetrics Surgery; S5 - Orthopedic Surgery And Procedures; S6 - Surgical Gastro Enterology; S7 - Cardiac And Cardiothoracic Surgery; S8 - Pediatric Surgeries; S9 - Genito Urinary Surgeries; S10 - Neurosurgery; S11 - Surgical Oncology; S14 - Plastic Surgery; S15 - Poly Trauma; S16 - Cochlear Implant Surgery; S17 - Prostheses; S20 - Unspecified Surgical Package; M1 - Critical Care; M2 - General Medicine; M3 - Infectious Diseases; M4 - Pediatrics; M5 - Cardiology; M6 - Nephrology; M7 - Neurology; M8 - Pulmonology; M9 - Dermatology; M10 - Rheumatology; M11 - Endocrinology; M12 - Gastroenterology; M14 - Thalassemia; M15 - Medical Oncology; M16 - Radiation Oncology
1061,UPHC Deepaknagar,Government-DPH,Mancherial,Mandamarri,Mandamarri,Dr. Shiva Prathap (6302566997),S1 - General Surgery; S2 - Ent Surgery; S3 - Ophthalmology Surgery; S4 - Gynaecology And Obstetrics Surgery; S5 - Orthopedic Surgery And Procedures; S6 - Surgical Gastro Enterology; S7 - Cardiac And Cardiothoracic Surgery; S8 - Pediatric Surgeries; S9 - Genito Urinary Surgeries; S10 - Neurosurgery; S11 - Surgical Oncology; S14 - Plastic Surgery; S15 - Poly Trauma; S16 - Cochlear Implant Surgery; S17 - Prostheses; S20 - Unspecified Surgical Package; M1 - Critical Care; M2 - General Medicine; M3 - Infectious Diseases; M4 - Pediatrics; M5 - Cardiology; M6 - Nephrology; M7 - Neurology; M8 - Pulmonology; M9 - Dermatology; M10 - Rheumatology; M11 - Endocrinology; M12 - Gastroenterology; M14 - Thalassemia; M15 - Medical Oncology; M16 - Radiation Oncology
1062,UPHC Dhoodbowli,Government-DPH,Hyderabad,Nampally,Ghmc,Dr.A.Annapurna (9948084946),S1 - General Surgery; S2 - Ent Surgery; S3 - Ophthalmology Surgery; S4 - Gynaecology And Obstetrics Surgery; S5 - Orthopedic Surgery And Procedures; S6 - Surgical Gastro Enterology; S7 - Cardiac And Cardiothoracic Surgery; S8 - Pediatric Surgeries; S9 - Genito Urinary Surgeries; S10 - Neurosurgery; S11 - Surgical Oncology; S14 - Plastic Surgery; S15 - Poly Trauma; S16 - Cochlear Implant Surgery; S17 - Prostheses; S20 - Unspecified Surgical Package; M1 - Critical Care; M2 - General Medicine; M3 - Infectious Diseases; M4 - Pediatrics; M5 - Cardiology; M6 - Nephrology; M7 - Neurology; M8 - Pulmonology; M9 - Dermatology; M10 - Rheumatology; M11 - Endocrinology; M12 - Gastroenterology; M14 - Thalassemia; M15 - Medical Oncology; M16 - Radiation Oncology
1063,UPHC Dr Paul Das,Government-DPH,Hyderabad,Secunderabad,Ghmc,Dr Lakshmi (9392332342),S1 - General Surgery; S2 - Ent Surgery; S3 - Ophthalmology Surgery; S4 - Gynaecology And Obstetrics Surgery; S5 - Orthopedic Surgery And Procedures; S6 - Surgical Gastro Enterology; S7 - Cardiac And Cardiothoracic Surgery; S8 - Pediatric Surgeries; S9 - Genito Urinary Surgeries; S10 - Neurosurgery; S11 - Surgical Oncology; S14 - Plastic Surgery; S15 - Poly Trauma; S16 - Cochlear Implant Surgery; S17 - Prostheses; S20 - Unspecified Surgical Package; M1 - Critical Care; M2 - General Medicine; M3 - Infectious Diseases; M4 - Pediatrics; M5 - Cardiology; M6 - Nephrology; M7 - Neurology; M8 - Pulmonology; M9 - Dermatology; M10 - Rheumatology; M11 - Endocrinology; M12 - Gastroenterology; M14 - Thalassemia; M15 - Medical Oncology; M16 - Radiation Oncology
1064,UPHC Dubba,Government-DPH,Nizamabad,Nizamabad (North),Nizamabad,Dr. Srilatha (),S1 - General Surgery; S2 - Ent Surgery; S3 - Ophthalmology Surgery; S4 - Gynaecology And Obstetrics Surgery; S5 - Orthopedic Surgery And Procedures; S6 - Surgical Gastro Enterology; S7 - Cardiac And Cardiothoracic Surgery; S8 - Pediatric Surgeries; S9 - Genito Urinary Surgeries; S10 - Neurosurgery; S11 - Surgical Oncology; S14 - Plastic Surgery; S15 - Poly Trauma; S16 - Cochlear Implant Surgery; S17 - Prostheses; M1 - Critical Care; M2 - General Medicine; M3 - Infectious Diseases; M4 - Pediatrics; M5 - Cardiology; M6 - Nephrology; M7 - Neurology; M8 - Pulmonology; M9 - Dermatology; M10 - Rheumatology; M11 - Endocrinology; M12 - Gastroenterology; M14 - Thalassemia; S19.1 - Liver Transplantation Surgery; S19.2 - Heart Transplantation Surgery; S19.3 - Renal Transplantation Surgery; S19.4 - Lung Transplantation Surgery; S19.5 - Allogenic Stem Cell Transplantation; S19.6 - Autologous Stem Cell Transplantation; S19.7 - Heart And Lung Transplantation Surgery; M15 - Medical Oncology; M16 - Radiation Oncology
1065,UPHC ESI,Government-DPH,Hyderabad,Ameerpet,Ghmc,Dr Rekha Chandrika (9247397094),S1 - General Surgery; S2 - Ent Surgery; S3 - Ophthalmology Surgery; S4 - Gynaecology And Obstetrics Surgery; S5 - Orthopedic Surgery And Procedures; S6 - Surgical Gastro Enterology; S7 - Cardiac And Cardiothoracic Surgery; S8 - Pediatric Surgeries; S9 - Genito Urinary Surgeries; S10 - Neurosurgery; S11 - Surgical Oncology; S14 - Plastic Surgery; S15 - Poly Trauma; S16 - Cochlear Implant Surgery; S17 - Prostheses; S20 - Unspecified Surgical Package; M1 - Critical Care; M2 - General Medicine; M3 - Infectious Diseases; M4 - Pediatrics; M5 - Cardiology; M6 - Nephrology; M7 - Neurology; M8 - Pulmonology; M9 - Dermatology; M10 - Rheumatology; M11 - Endocrinology; M12 - Gastroenterology; M14 - Thalassemia; M15 - Medical Oncology; M16 - Radiation Oncology
1066,UPHC Edi Bazar,Government-DPH,Hyderabad,Bandlaguda,Ghmc,Dr Arun Kumar Joshi (9966082116); Dr Pragnya (8185027847),S1 - General Surgery; S2 - Ent Surgery; S3 - Ophthalmology Surgery; S4 - Gynaecology And Obstetrics Surgery; S5 - Orthopedic Surgery And Procedures; S6 - Surgical Gastro Enterology; S7 - Cardiac And Cardiothoracic Surgery; S8 - Pediatric Surgeries; S9 - Genito Urinary Surgeries; S10 - Neurosurgery; S11 - Surgical Oncology; S14 - Plastic Surgery; S15 - Poly Trauma; S16 - Cochlear Implant Surgery; S17 - Prostheses; S20 - Unspecified Surgical Package; M1 - Critical Care; M2 - General Medicine; M3 - Infectious Diseases; M4 - Pediatrics; M5 - Cardiology; M6 - Nephrology; M7 - Neurology; M8 - Pulmonology; M9 - Dermatology; M10 - Rheumatology; M11 - Endocrinology; M12 - Gastroenterology; M14 - Thalassemia; M15 - Medical Oncology; M16 - Radiation Oncology
1067,UPHC Eklayanagar,Government-DPH,Medchal-Malkajgiri,Malkajgiri,Ghmc,Dr Yael Kapoor (9441390139),S1 - General Surgery; S2 - Ent Surgery; S3 - Ophthalmology Surgery; S4 - Gynaecology And Obstetrics Surgery; S5 - Orthopedic Surgery And Procedures; S6 - Surgical Gastro Enterology; S7 - Cardiac And Cardiothoracic Surgery; S8 - Pediatric Surgeries; S9 - Genito Urinary Surgeries; S10 - Neurosurgery; S11 - Surgical Oncology; S14 - Plastic Surgery; S15 - Poly Trauma; S16 - Cochlear Implant Surgery; S17 - Prostheses; S20 - Unspecified Surgical Package; M1 - Critical Care; M2 - General Medicine; M3 - Infectious Diseases; M4 - Pediatrics; M5 - Cardiology; M6 - Nephrology; M7 - Neurology; M8 - Pulmonology; M9 - Dermatology; M10 - Rheumatology; M11 - Endocrinology; M12 - Gastroenterology; M14 - Thalassemia; M15 - Medical Oncology; M16 - Radiation Oncology
1068,UPHC Esamia Bazar,Government-DPH,Hyderabad,Nampally,Ghmc,Dr Snehika (8125642907),S1 - General Surgery; S2 - Ent Surgery; S3 - Ophthalmology Surgery; S4 - Gynaecology And Obstetrics Surgery; S5 - Orthopedic Surgery And Procedures; S6 - Surgical Gastro Enterology; S7 - Cardiac And Cardiothoracic Surgery; S8 - Pediatric Surgeries; S9 - Genito Urinary Surgeries; S10 - Neurosurgery; S11 - Surgical Oncology; S14 - Plastic Surgery; S15 - Poly Trauma; S16 - Cochlear Implant Surgery; S17 - Prostheses; S20 - Unspecified Surgical Package; M1 - Critical Care; M2 - General Medicine; M3 - Infectious Diseases; M4 - Pediatrics; M5 - Cardiology; M6 - Nephrology; M7 - Neurology; M8 - Pulmonology; M9 - Dermatology; M10 - Rheumatology; M11 - Endocrinology; M12 - Gastroenterology; M14 - Thalassemia; M15 - Medical Oncology; M16 - Radiation Oncology
1069,UPHC Gagan Mahal,Government-DPH,Hyderabad,Himayathnagar,Ghmc,Dr. G. Rajalakshmi (9849107473); Dr. Adheip (9603861951),S1 - General Surgery; S2 - Ent Surgery; S3 - Ophthalmology Surgery; S4 - Gynaecology And Obstetrics Surgery; S5 - Orthopedic Surgery And Procedures; S6 - Surgical Gastro Enterology; S7 - Cardiac And Cardiothoracic Surgery; S8 - Pediatric Surgeries; S9 - Genito Urinary Surgeries; S10 - Neurosurgery; S11 - Surgical Oncology; S14 - Plastic Surgery; S15 - Poly Trauma; S16 - Cochlear Implant Surgery; S17 - Prostheses; S20 - Unspecified Surgical Package; M1 - Critical Care; M2 - General Medicine; M3 - Infectious Diseases; M4 - Pediatrics; M5 - Cardiology; M6 - Nephrology; M7 - Neurology; M8 - Pulmonology; M9 - Dermatology; M10 - Rheumatology; M11 - Endocrinology; M12 - Gastroenterology; M14 - Thalassemia; M15 - Medical Oncology; M16 - Radiation Oncology
1070,UPHC Gajula Ramaram,Government-DPH,Medchal-Malkajgiri,Quthbullapur,Ghmc,Dr Raveena (9550039933),S1 - General Surgery; S2 - Ent Surgery; S3 - Ophthalmology Surgery; S4 - Gynaecology And Obstetrics Surgery; S5 - Orthopedic Surgery And Procedures; S6 - Surgical Gastro Enterology; S7 - Cardiac And Cardiothoracic Surgery; S8 - Pediatric Surgeries; S9 - Genito Urinary Surgeries; S10 - Neurosurgery; S11 - Surgical Oncology; S14 - Plastic Surgery; S15 - Poly Trauma; S16 - Cochlear Implant Surgery; S17 - Prostheses; S20 - Unspecified Surgical Package; M1 - Critical Care; M2 - General Medicine; M3 - Infectious Diseases; M4 - Pediatrics; M5 - Cardiology; M6 - Nephrology; M7 - Neurology; M8 - Pulmonology; M9 - Dermatology; M10 - Rheumatology; M11 - Endocrinology; M12 - Gastroenterology; M14 - Thalassemia; M15 - Medical Oncology; M16 - Radiation Oncology
1071,UPHC Gandhi,Government-DPH,Hyderabad,Secunderabad,Ghmc,Dr G Srimannarayana (6303943206),S1 - General Surgery; S2 - Ent Surgery; S3 - Ophthalmology Surgery; S4 - Gynaecology And Obstetrics Surgery; S5 - Orthopedic Surgery And Procedures; S6 - Surgical Gastro Enterology; S7 - Cardiac And Cardiothoracic Surgery; S8 - Pediatric Surgeries; S9 - Genito Urinary Surgeries; S10 - Neurosurgery; S11 - Surgical Oncology; S14 - Plastic Surgery; S15 - Poly Trauma; S16 - Cochlear Implant Surgery; S17 - Prostheses; S20 - Unspecified Surgical Package; M1 - Critical Care; M2 - General Medicine; M3 - Infectious Diseases; M4 - Pediatrics; M5 - Cardiology; M6 - Nephrology; M7 - Neurology; M8 - Pulmonology; M9 - Dermatology; M10 - Rheumatology; M11 - Endocrinology; M12 - Gastroenterology; M14 - Thalassemia; M15 - Medical Oncology; M16 - Radiation Oncology
1072,UPHC Gandhinagar,Government-DPH,Wanaparthy,Wanaparthy,Wanaparthy,Dr Sravani (8897890363),S1 - General Surgery; S2 - Ent Surgery; S3 - Ophthalmology Surgery; S4 - Gynaecology And Obstetrics Surgery; S5 - Orthopedic Surgery And Procedures; S6 - Surgical Gastro Enterology; S7 - Cardiac And Cardiothoracic Surgery; S8 - Pediatric Surgeries; S9 - Genito Urinary Surgeries; S10 - Neurosurgery; S11 - Surgical Oncology; S14 - Plastic Surgery; S15 - Poly Trauma; S16 - Cochlear Implant Surgery; S17 - Prostheses; S20 - Unspecified Surgical Package; M1 - Critical Care; M2 - General Medicine; M3 - Infectious Diseases; M4 - Pediatrics; M5 - Cardiology; M6 - Nephrology; M7 - Neurology; M8 - Pulmonology; M9 - Dermatology; M10 - Rheumatology; M11 - Endocrinology; M12 - Gastroenterology; M14 - Thalassemia; M15 - Medical Oncology; M16 - Radiation Oncology
1073,UPHC Gareeb Nagar,Government-DPH,Hyderabad,Secunderabad,Ghmc,Dr N Narmada (8919885785),S1 - General Surgery; S2 - Ent Surgery; S3 - Ophthalmology Surgery; S4 - Gynaecology And Obstetrics Surgery; S5 - Orthopedic Surgery And Procedures; S6 - Surgical Gastro Enterology; S7 - Cardiac And Cardiothoracic Surgery; S8 - Pediatric Surgeries; S9 - Genito Urinary Surgeries; S10 - Neurosurgery; S11 - Surgical Oncology; S14 - Plastic Surgery; S15 - Poly Trauma; S16 - Cochlear Implant Surgery; S17 - Prostheses; S20 - Unspecified Surgical Package; M1 - Critical Care; M2 - General Medicine; M3 - Infectious Diseases; M4 - Pediatrics; M5 - Cardiology; M6 - Nephrology; M7 - Neurology; M8 - Pulmonology; M9 - Dermatology; M10 - Rheumatology; M11 - Endocrinology; M12 - Gastroenterology; M14 - Thalassemia; M15 - Medical Oncology; M16 - Radiation Oncology
1074,UPHC Giri Nagar,Government-DPH,Suryapet,Suryapet,Suryapet,Dr P Srikanth Varma (6304814898),S1 - General Surgery; S2 - Ent Surgery; S3 - Ophthalmology Surgery; S4 - Gynaecology And Obstetrics Surgery; S5 - Orthopedic Surgery And Procedures; S6 - Surgical Gastro Enterology; S7 - Cardiac And Cardiothoracic Surgery; S8 - Pediatric Surgeries; S9 - Genito Urinary Surgeries; S10 - Neurosurgery; S11 - Surgical Oncology; S14 - Plastic Surgery; S15 - Poly Trauma; S16 - Cochlear Implant Surgery; S17 - Prostheses; S20 - Unspecified Surgical Package; M1 - Critical Care; M2 - General Medicine; M3 - Infectious Diseases; M4 - Pediatrics; M5 - Cardiology; M6 - Nephrology; M7 - Neurology; M8 - Pulmonology; M9 - Dermatology; M10 - Rheumatology; M11 - Endocrinology; M12 - Gastroenterology; M14 - Thalassemia; M15 - Medical Oncology; M16 - Radiation Oncology
1075,UPHC Golconda,Government-DPH,Hyderabad,Golconda,Ghmc,Dr Abhilash (8686850083),S1 - General Surgery; S2 - Ent Surgery; S3 - Ophthalmology Surgery; S4 - Gynaecology And Obstetrics Surgery; S5 - Orthopedic Surgery And Procedures; S6 - Surgical Gastro Enterology; S7 - Cardiac And Cardiothoracic Surgery; S8 - Pediatric Surgeries; S9 - Genito Urinary Surgeries; S10 - Neurosurgery; S11 - Surgical Oncology; S14 - Plastic Surgery; S15 - Poly Trauma; S16 - Cochlear Implant Surgery; S17 - Prostheses; S20 - Unspecified Surgical Package; M1 - Critical Care; M2 - General Medicine; M3 - Infectious Diseases; M4 - Pediatrics; M5 - Cardiology; M6 - Nephrology; M7 - Neurology; M8 - Pulmonology; M9 - Dermatology; M10 - Rheumatology; M11 - Endocrinology; M12 - Gastroenterology; M14 - Thalassemia; M15 - Medical Oncology; M16 - Radiation Oncology
1076,UPHC Gouthamnagar,Government-DPH,Nizamabad,Nizamabad (North),Nizamabad,Dr.M.Ganga Dinesh (),S1 - General Surgery; S2 - Ent Surgery; S3 - Ophthalmology Surgery; S4 - Gynaecology And Obstetrics Surgery; S5 - Orthopedic Surgery And Procedures; S6 - Surgical Gastro Enterology; S7 - Cardiac And Cardiothoracic Surgery; S8 - Pediatric Surgeries; S9 - Genito Urinary Surgeries; S10 - Neurosurgery; S11 - Surgical Oncology; S14 - Plastic Surgery; S15 - Poly Trauma; S16 - Cochlear Implant Surgery; S17 - Prostheses; M1 - Critical Care; M2 - General Medicine; M3 - Infectious Diseases; M4 - Pediatrics; M5 - Cardiology; M6 - Nephrology; M7 - Neurology; M8 - Pulmonology; M9 - Dermatology; M10 - Rheumatology; M11 - Endocrinology; M12 - Gastroenterology; M14 - Thalassemia; S19.1 - Liver Transplantation Surgery; S19.2 - Heart Transplantation Surgery; S19.3 - Renal Transplantation Surgery; S19.4 - Lung Transplantation Surgery; S19.5 - Allogenic Stem Cell Transplantation; S19.6 - Autologous Stem Cell Transplantation; S19.7 - Heart And Lung Transplantation Surgery; M15 - Medical Oncology; M16 - Radiation Oncology
1077,UPHC Govt.N.S. Canals Hospital Miryalaguda,Government,Nalgonda,Miryalaguda,Miryalaguda,Dr Ch. Upendar (98859 26458),S1 - General Surgery; S2 - Ent Surgery; S3 - Ophthalmology Surgery; S4 - Gynaecology And Obstetrics Surgery; S5 - Orthopedic Surgery And Procedures; S6 - Surgical Gastro Enterology; S7 - Cardiac And Cardiothoracic Surgery; S8 - Pediatric Surgeries; S9 - Genito Urinary Surgeries; S10 - Neurosurgery; S11 - Surgical Oncology; S14 - Plastic Surgery; S15 - Poly Trauma; S16 - Cochlear Implant Surgery; S17 - Prostheses; S20 - Unspecified Surgical Package; M1 - Critical Care; M2 - General Medicine; M3 - Infectious Diseases; M4 - Pediatrics; M5 - Cardiology; M6 - Nephrology; M7 - Neurology; M8 - Pulmonology; M9 - Dermatology; M10 - Rheumatology; M11 - Endocrinology; M12 - Gastroenterology; M14 - Thalassemia; M15 - Medical Oncology; M16 - Radiation Oncology
1078,UPHC Gudimalkapur,Government-DPH,Hyderabad,Asifnagar,Ghmc,Dr G Sushma Rao (9550539353),S1 - General Surgery; S2 - Ent Surgery; S3 - Ophthalmology Surgery; S4 - Gynaecology And Obstetrics Surgery; S5 - Orthopedic Surgery And Procedures; S6 - Surgical Gastro Enterology; S7 - Cardiac And Cardiothoracic Surgery; S8 - Pediatric Surgeries; S9 - Genito Urinary Surgeries; S10 - Neurosurgery; S11 - Surgical Oncology; S14 - Plastic Surgery; S15 - Poly Trauma; S16 - Cochlear Implant Surgery; S17 - Prostheses; S20 - Unspecified Surgical Package; M1 - Critical Care; M2 - General Medicine; M3 - Infectious Diseases; M4 - Pediatrics; M5 - Cardiology; M6 - Nephrology; M7 - Neurology; M8 - Pulmonology; M9 - Dermatology; M10 - Rheumatology; M11 - Endocrinology; M12 - Gastroenterology; M14 - Thalassemia; M15 - Medical Oncology; M16 - Radiation Oncology
1079,UPHC Gunti Jangaiah Nagar Colony,Government-DPH,Rangareddy,Saroornagar,Ghmc,Dr M Sanjay (8555822470),S1 - General Surgery; S2 - Ent Surgery; S3 - Ophthalmology Surgery; S4 - Gynaecology And Obstetrics Surgery; S5 - Orthopedic Surgery And Procedures; S6 - Surgical Gastro Enterology; S7 - Cardiac And Cardiothoracic Surgery; S8 - Pediatric Surgeries; S9 - Genito Urinary Surgeries; S10 - Neurosurgery; S11 - Surgical Oncology; S14 - Plastic Surgery; S15 - Poly Trauma; S16 - Cochlear Implant Surgery; S17 - Prostheses; S20 - Unspecified Surgical Package; M1 - Critical Care; M2 - General Medicine; M3 - Infectious Diseases; M4 - Pediatrics; M5 - Cardiology; M6 - Nephrology; M7 - Neurology; M8 - Pulmonology; M9 - Dermatology; M10 - Rheumatology; M11 - Endocrinology; M12 - Gastroenterology; M14 - Thalassemia; M15 - Medical Oncology; M16 - Radiation Oncology
1080,UPHC Hafeezpet,Government-DPH,Rangareddy,Serilingampalli,Ghmc,Dr Rakesh (8978989998),S1 - General Surgery; S2 - Ent Surgery; S3 - Ophthalmology Surgery; S4 - Gynaecology And Obstetrics Surgery; S5 - Orthopedic Surgery And Procedures; S6 - Surgical Gastro Enterology; S7 - Cardiac And Cardiothoracic Surgery; S8 - Pediatric Surgeries; S9 - Genito Urinary Surgeries; S10 - Neurosurgery; S11 - Surgical Oncology; S14 - Plastic Surgery; S15 - Poly Trauma; S16 - Cochlear Implant Surgery; S17 - Prostheses; S20 - Unspecified Surgical Package; M1 - Critical Care; M2 - General Medicine; M3 - Infectious Diseases; M4 - Pediatrics; M5 - Cardiology; M6 - Nephrology; M7 - Neurology; M8 - Pulmonology; M9 - Dermatology; M10 - Rheumatology; M11 - Endocrinology; M12 - Gastroenterology; M14 - Thalassemia; M15 - Medical Oncology; M16 - Radiation Oncology
1081,UPHC Hamsapet,Government-DPH,Medchal-Malkajgiri,Dundigal Gandimaisamma,Ghmc,Ravi Kanth (8328582197),S1 - General Surgery; S2 - Ent Surgery; S3 - Ophthalmology Surgery; S4 - Gynaecology And Obstetrics Surgery; S5 - Orthopedic Surgery And Procedures; S6 - Surgical Gastro Enterology; S7 - Cardiac And Cardiothoracic Surgery; S8 - Pediatric Surgeries; S9 - Genito Urinary Surgeries; S10 - Neurosurgery; S11 - Surgical Oncology; S14 - Plastic Surgery; S15 - Poly Trauma; S16 - Cochlear Implant Surgery; S17 - Prostheses; S20 - Unspecified Surgical Package; M1 - Critical Care; M2 - General Medicine; M3 - Infectious Diseases; M4 - Pediatrics; M5 - Cardiology; M6 - Nephrology; M7 - Neurology; M8 - Pulmonology; M9 - Dermatology; M10 - Rheumatology; M11 - Endocrinology; M12 - Gastroenterology; M14 - Thalassemia; M15 - Medical Oncology; M16 - Radiation Oncology
1082,UPHC Harrajpenta,Government-DPH,Hyderabad,Amberpet,Ghmc,Dr.Narender Reddy (7780164922),S1 - General Surgery; S2 - Ent Surgery; S3 - Ophthalmology Surgery; S4 - Gynaecology And Obstetrics Surgery; S5 - Orthopedic Surgery And Procedures; S6 - Surgical Gastro Enterology; S7 - Cardiac And Cardiothoracic Surgery; S8 - Pediatric Surgeries; S9 - Genito Urinary Surgeries; S10 - Neurosurgery; S11 - Surgical Oncology; S14 - Plastic Surgery; S15 - Poly Trauma; S16 - Cochlear Implant Surgery; S17 - Prostheses; S20 - Unspecified Surgical Package; M1 - Critical Care; M2 - General Medicine; M3 - Infectious Diseases; M4 - Pediatrics; M5 - Cardiology; M6 - Nephrology; M7 - Neurology; M8 - Pulmonology; M9 - Dermatology; M10 - Rheumatology; M11 - Endocrinology; M12 - Gastroenterology; M14 - Thalassemia; M15 - Medical Oncology; M16 - Radiation Oncology
1083,UPHC Hassannagar,Government-DPH,Rangareddy,Rajendranagar,Ghmc,Dr Nishath Fatima (9866741911),S1 - General Surgery; S2 - Ent Surgery; S3 - Ophthalmology Surgery; S4 - Gynaecology And Obstetrics Surgery; S5 - Orthopedic Surgery And Procedures; S6 - Surgical Gastro Enterology; S7 - Cardiac And Cardiothoracic Surgery; S8 - Pediatric Surgeries; S9 - Genito Urinary Surgeries; S10 - Neurosurgery; S11 - Surgical Oncology; S14 - Plastic Surgery; S15 - Poly Trauma; S16 - Cochlear Implant Surgery; S17 - Prostheses; S20 - Unspecified Surgical Package; M1 - Critical Care; M2 - General Medicine; M3 - Infectious Diseases; M4 - Pediatrics; M5 - Cardiology; M6 - Nephrology; M7 - Neurology; M8 - Pulmonology; M9 - Dermatology; M10 - Rheumatology; M11 - Endocrinology; M12 - Gastroenterology; M14 - Thalassemia; M15 - Medical Oncology; M16 - Radiation Oncology
1084,UPHC Housing Board Colony,Government-DPH,Karimnagar,Karimnagar,-,Dr.Greeshmanya (8096386727),S1 - General Surgery; S2 - Ent Surgery; S3 - Ophthalmology Surgery; S4 - Gynaecology And Obstetrics Surgery; S5 - Orthopedic Surgery And Procedures; S6 - Surgical Gastro Enterology; S7 - Cardiac And Cardiothoracic Surgery; S8 - Pediatric Surgeries; S9 - Genito Urinary Surgeries; S10 - Neurosurgery; S11 - Surgical Oncology; S14 - Plastic Surgery; S15 - Poly Trauma; S16 - Cochlear Implant Surgery; S17 - Prostheses; S20 - Unspecified Surgical Package; M1 - Critical Care; M2 - General Medicine; M3 - Infectious Diseases; M4 - Pediatrics; M5 - Cardiology; M6 - Nephrology; M7 - Neurology; M8 - Pulmonology; M9 - Dermatology; M10 - Rheumatology; M11 - Endocrinology; M12 - Gastroenterology; M14 - Thalassemia; M15 - Medical Oncology; M16 - Radiation Oncology
1085,UPHC Housing board Armoor,Government-DPH,Nizamabad,Armur,Armoor,Dr Ayesha Firdouse (),S1 - General Surgery; S2 - Ent Surgery; S3 - Ophthalmology Surgery; S4 - Gynaecology And Obstetrics Surgery; S5 - Orthopedic Surgery And Procedures; S6 - Surgical Gastro Enterology; S7 - Cardiac And Cardiothoracic Surgery; S8 - Pediatric Surgeries; S9 - Genito Urinary Surgeries; S10 - Neurosurgery; S11 - Surgical Oncology; S14 - Plastic Surgery; S15 - Poly Trauma; S16 - Cochlear Implant Surgery; S17 - Prostheses; M1 - Critical Care; M2 - General Medicine; M3 - Infectious Diseases; M4 - Pediatrics; M5 - Cardiology; M6 - Nephrology; M7 - Neurology; M8 - Pulmonology; M9 - Dermatology; M10 - Rheumatology; M11 - Endocrinology; M12 - Gastroenterology; M14 - Thalassemia; S19.1 - Liver Transplantation Surgery; S19.2 - Heart Transplantation Surgery; S19.3 - Renal Transplantation Surgery; S19.4 - Lung Transplantation Surgery; S19.5 - Allogenic Stem Cell Transplantation; S19.6 - Autologous Stem Cell Transplantation; S19.7 - Heart And Lung Transplantation Surgery; M15 - Medical Oncology; M16 - Radiation Oncology
1086,UPHC Indira Nagar,Government-DPH,Sangareddy,Sangareddy,Sangareddy,Dr Rajini (9491671707),S1 - General Surgery; S2 - Ent Surgery; S3 - Ophthalmology Surgery; S4 - Gynaecology And Obstetrics Surgery; S5 - Orthopedic Surgery And Procedures; S6 - Surgical Gastro Enterology; S7 - Cardiac And Cardiothoracic Surgery; S8 - Pediatric Surgeries; S9 - Genito Urinary Surgeries; S10 - Neurosurgery; S11 - Surgical Oncology; S14 - Plastic Surgery; S15 - Poly Trauma; S16 - Cochlear Implant Surgery; S17 - Prostheses; S20 - Unspecified Surgical Package; M1 - Critical Care; M2 - General Medicine; M3 - Infectious Diseases; M4 - Pediatrics; M5 - Cardiology; M6 - Nephrology; M7 - Neurology; M8 - Pulmonology; M9 - Dermatology; M10 - Rheumatology; M11 - Endocrinology; M12 - Gastroenterology; M14 - Thalassemia; M15 - Medical Oncology; M16 - Radiation Oncology
1087,UPHC Jadcherla,Government-DPH,Mahabubnagar,Jadcherla,Jadcherla,Dr.Shivakanth (8465844772),S1 - General Surgery; S2 - Ent Surgery; S3 - Ophthalmology Surgery; S4 - Gynaecology And Obstetrics Surgery; S5 - Orthopedic Surgery And Procedures; S6 - Surgical Gastro Enterology; S7 - Cardiac And Cardiothoracic Surgery; S8 - Pediatric Surgeries; S9 - Genito Urinary Surgeries; S10 - Neurosurgery; S11 - Surgical Oncology; S14 - Plastic Surgery; S15 - Poly Trauma; S16 - Cochlear Implant Surgery; S17 - Prostheses; S20 - Unspecified Surgical Package; M1 - Critical Care; M2 - General Medicine; M3 - Infectious Diseases; M4 - Pediatrics; M5 - Cardiology; M6 - Nephrology; M7 - Neurology; M8 - Pulmonology; M9 - Dermatology; M10 - Rheumatology; M11 - Endocrinology; M12 - Gastroenterology; M14 - Thalassemia; M15 - Medical Oncology; M16 - Radiation Oncology
1088,UPHC Jagadhgiri Gutta/Deenabandu Colony,Government-DPH,Medchal-Malkajgiri,Kukatpally,Ghmc,Dr Teerthasi (9885099614),S1 - General Surgery; S2 - Ent Surgery; S3 - Ophthalmology Surgery; S4 - Gynaecology And Obstetrics Surgery; S5 - Orthopedic Surgery And Procedures; S6 - Surgical Gastro Enterology; S7 - Cardiac And Cardiothoracic Surgery; S8 - Pediatric Surgeries; S9 - Genito Urinary Surgeries; S10 - Neurosurgery; S11 - Surgical Oncology; S14 - Plastic Surgery; S15 - Poly Trauma; S16 - Cochlear Implant Surgery; S17 - Prostheses; S20 - Unspecified Surgical Package; M1 - Critical Care; M2 - General Medicine; M3 - Infectious Diseases; M4 - Pediatrics; M5 - Cardiology; M6 - Nephrology; M7 - Neurology; M8 - Pulmonology; M9 - Dermatology; M10 - Rheumatology; M11 - Endocrinology; M12 - Gastroenterology; M14 - Thalassemia; M15 - Medical Oncology; M16 - Radiation Oncology
1089,UPHC Jahanuma,Government-DPH,Hyderabad,Bahadurpura,Ghmc,Dr Bushra Nousheen (9866291133),S1 - General Surgery; S2 - Ent Surgery; S3 - Ophthalmology Surgery; S4 - Gynaecology And Obstetrics Surgery; S5 - Orthopedic Surgery And Procedures; S6 - Surgical Gastro Enterology; S7 - Cardiac And Cardiothoracic Surgery; S8 - Pediatric Surgeries; S9 - Genito Urinary Surgeries; S10 - Neurosurgery; S11 - Surgical Oncology; S14 - Plastic Surgery; S15 - Poly Trauma; S16 - Cochlear Implant Surgery; S17 - Prostheses; S20 - Unspecified Surgical Package; M1 - Critical Care; M2 - General Medicine; M3 - Infectious Diseases; M4 - Pediatrics; M5 - Cardiology; M6 - Nephrology; M7 - Neurology; M8 - Pulmonology; M9 - Dermatology; M10 - Rheumatology; M11 - Endocrinology; M12 - Gastroenterology; M14 - Thalassemia; M15 - Medical Oncology; M16 - Radiation Oncology
1090,UPHC Jainoor,Government-TVVP,Komaram Bheem Asifabad,Jainoor,-,Chowdary.Jairam (9515354610); Jadav Ambaji (9381217907),S1 - General Surgery; S2 - Ent Surgery; S3 - Ophthalmology Surgery; S4 - Gynaecology And Obstetrics Surgery; S5 - Orthopedic Surgery And Procedures; S6 - Surgical Gastro Enterology; S7 - Cardiac And Cardiothoracic Surgery; S8 - Pediatric Surgeries; S9 - Genito Urinary Surgeries; S10 - Neurosurgery; S11 - Surgical Oncology; S14 - Plastic Surgery; S15 - Poly Trauma; S16 - Cochlear Implant Surgery; S17 - Prostheses; M1 - Critical Care; M2 - General Medicine; M3 - Infectious Diseases; M4 - Pediatrics; M5 - Cardiology; M6 - Nephrology; M7 - Neurology; M8 - Pulmonology; M9 - Dermatology; M10 - Rheumatology; M11 - Endocrinology; M12 - Gastroenterology; M14 - Thalassemia; S19.1 - Liver Transplantation Surgery; S19.2 - Heart Transplantation Surgery; S19.3 - Renal Transplantation Surgery; S19.4 - Lung Transplantation Surgery; S19.5 - Allogenic Stem Cell Transplantation; S19.6 - Autologous Stem Cell Transplantation; S19.7 - Heart And Lung Transplantation Surgery; M15 - Medical Oncology; M16 - Radiation Oncology
1091,UPHC Jambagh Park,Government-DPH,Hyderabad,Nampally,Ghmc,Dr Geetha (9441024463),S1 - General Surgery; S2 - Ent Surgery; S3 - Ophthalmology Surgery; S4 - Gynaecology And Obstetrics Surgery; S5 - Orthopedic Surgery And Procedures; S6 - Surgical Gastro Enterology; S7 - Cardiac And Cardiothoracic Surgery; S8 - Pediatric Surgeries; S9 - Genito Urinary Surgeries; S10 - Neurosurgery; S11 - Surgical Oncology; S14 - Plastic Surgery; S15 - Poly Trauma; S16 - Cochlear Implant Surgery; S17 - Prostheses; S20 - Unspecified Surgical Package; M1 - Critical Care; M2 - General Medicine; M3 - Infectious Diseases; M4 - Pediatrics; M5 - Cardiology; M6 - Nephrology; M7 - Neurology; M8 - Pulmonology; M9 - Dermatology; M10 - Rheumatology; M11 - Endocrinology; M12 - Gastroenterology; M14 - Thalassemia; M15 - Medical Oncology; M16 - Radiation Oncology
1092,UPHC Jublihills,Government-DPH,Hyderabad,Shaikpet,Ghmc,Dr Seema Rahman (9052655279),S1 - General Surgery; S2 - Ent Surgery; S3 - Ophthalmology Surgery; S4 - Gynaecology And Obstetrics Surgery; S5 - Orthopedic Surgery And Procedures; S6 - Surgical Gastro Enterology; S7 - Cardiac And Cardiothoracic Surgery; S8 - Pediatric Surgeries; S9 - Genito Urinary Surgeries; S10 - Neurosurgery; S11 - Surgical Oncology; S14 - Plastic Surgery; S15 - Poly Trauma; S16 - Cochlear Implant Surgery; S17 - Prostheses; S20 - Unspecified Surgical Package; M1 - Critical Care; M2 - General Medicine; M3 - Infectious Diseases; M4 - Pediatrics; M5 - Cardiology; M6 - Nephrology; M7 - Neurology; M8 - Pulmonology; M9 - Dermatology; M10 - Rheumatology; M11 - Endocrinology; M12 - Gastroenterology; M14 - Thalassemia; M15 - Medical Oncology; M16 - Radiation Oncology
1093,UPHC Karwan I,Government-DPH,Hyderabad,Nampally,Ghmc,Dr.Srikanth (8801609558),S1 - General Surgery; S2 - Ent Surgery; S3 - Ophthalmology Surgery; S4 - Gynaecology And Obstetrics Surgery; S5 - Orthopedic Surgery And Procedures; S6 - Surgical Gastro Enterology; S7 - Cardiac And Cardiothoracic Surgery; S8 - Pediatric Surgeries; S9 - Genito Urinary Surgeries; S10 - Neurosurgery; S11 - Surgical Oncology; S14 - Plastic Surgery; S15 - Poly Trauma; S16 - Cochlear Implant Surgery; S17 - Prostheses; S20 - Unspecified Surgical Package; M1 - Critical Care; M2 - General Medicine; M3 - Infectious Diseases; M4 - Pediatrics; M5 - Cardiology; M6 - Nephrology; M7 - Neurology; M8 - Pulmonology; M9 - Dermatology; M10 - Rheumatology; M11 - Endocrinology; M12 - Gastroenterology; M14 - Thalassemia; M15 - Medical Oncology; M16 - Radiation Oncology
1094,UPHC Karwan II,Government-DPH,Hyderabad,Nampally,Ghmc,Dr. Hyder (9059008343),S1 - General Surgery; S2 - Ent Surgery; S3 - Ophthalmology Surgery; S4 - Gynaecology And Obstetrics Surgery; S5 - Orthopedic Surgery And Procedures; S6 - Surgical Gastro Enterology; S7 - Cardiac And Cardiothoracic Surgery; S8 - Pediatric Surgeries; S9 - Genito Urinary Surgeries; S10 - Neurosurgery; S11 - Surgical Oncology; S14 - Plastic Surgery; S15 - Poly Trauma; S16 - Cochlear Implant Surgery; S17 - Prostheses; S20 - Unspecified Surgical Package; M1 - Critical Care; M2 - General Medicine; M3 - Infectious Diseases; M4 - Pediatrics; M5 - Cardiology; M6 - Nephrology; M7 - Neurology; M8 - Pulmonology; M9 - Dermatology; M10 - Rheumatology; M11 - Endocrinology; M12 - Gastroenterology; M14 - Thalassemia; M15 - Medical Oncology; M16 - Radiation Oncology
1095,UPHC Kattarampur,Government-DPH,Karimnagar,Karimnagar,-,Dr.Ayesh Begum (9949950360),S1 - General Surgery; S2 - Ent Surgery; S3 - Ophthalmology Surgery; S4 - Gynaecology And Obstetrics Surgery; S5 - Orthopedic Surgery And Procedures; S6 - Surgical Gastro Enterology; S7 - Cardiac And Cardiothoracic Surgery; S8 - Pediatric Surgeries; S9 - Genito Urinary Surgeries; S10 - Neurosurgery; S11 - Surgical Oncology; S14 - Plastic Surgery; S15 - Poly Trauma; S16 - Cochlear Implant Surgery; S17 - Prostheses; S20 - Unspecified Surgical Package; M1 - Critical Care; M2 - General Medicine; M3 - Infectious Diseases; M4 - Pediatrics; M5 - Cardiology; M6 - Nephrology; M7 - Neurology; M8 - Pulmonology; M9 - Dermatology; M10 - Rheumatology; M11 - Endocrinology; M12 - Gastroenterology; M14 - Thalassemia; M15 - Medical Oncology; M16 - Radiation Oncology
1096,UPHC Khairtabad,Government-DPH,Hyderabad,Khairthabad,Ghmc,Dr.L.Nagender Babu (9959569396); Dr.P.Suvarna (9618740827),S1 - General Surgery; S2 - Ent Surgery; S3 - Ophthalmology Surgery; S4 - Gynaecology And Obstetrics Surgery; S5 - Orthopedic Surgery And Procedures; S6 - Surgical Gastro Enterology; S7 - Cardiac And Cardiothoracic Surgery; S8 - Pediatric Surgeries; S9 - Genito Urinary Surgeries; S10 - Neurosurgery; S11 - Surgical Oncology; S14 - Plastic Surgery; S15 - Poly Trauma; S16 - Cochlear Implant Surgery; S17 - Prostheses; S20 - Unspecified Surgical Package; M1 - Critical Care; M2 - General Medicine; M3 - Infectious Diseases; M4 - Pediatrics; M5 - Cardiology; M6 - Nephrology; M7 - Neurology; M8 - Pulmonology; M9 - Dermatology; M10 - Rheumatology; M11 - Endocrinology; M12 - Gastroenterology; M14 - Thalassemia; M15 - Medical Oncology; M16 - Radiation Oncology
1097,UPHC Kishanbagh,Government-DPH,Hyderabad,Bahadurpura,Ghmc,Dr. Ramakrishna (9440385551); Dr Ramakrishna (9440385551),S1 - General Surgery; S2 - Ent Surgery; S3 - Ophthalmology Surgery; S4 - Gynaecology And Obstetrics Surgery; S5 - Orthopedic Surgery And Procedures; S6 - Surgical Gastro Enterology; S7 - Cardiac And Cardiothoracic Surgery; S8 - Pediatric Surgeries; S9 - Genito Urinary Surgeries; S10 - Neurosurgery; S11 - Surgical Oncology; S14 - Plastic Surgery; S15 - Poly Trauma; S16 - Cochlear Implant Surgery; S17 - Prostheses; S20 - Unspecified Surgical Package; M1 - Critical Care; M2 - General Medicine; M3 - Infectious Diseases; M4 - Pediatrics; M5 - Cardiology; M6 - Nephrology; M7 - Neurology; M8 - Pulmonology; M9 - Dermatology; M10 - Rheumatology; M11 - Endocrinology; M12 - Gastroenterology; M14 - Thalassemia; M15 - Medical Oncology; M16 - Radiation Oncology
1098,UPHC Kothapet,Government-DPH,Medchal-Malkajgiri,Uppal,Ghmc,Dr.K.Venkata Naresh (9640382691); Dr.Reshma Rani (98858 51200),S1 - General Surgery; S2 - Ent Surgery; S3 - Ophthalmology Surgery; S4 - Gynaecology And Obstetrics Surgery; S5 - Orthopedic Surgery And Procedures; S6 - Surgical Gastro Enterology; S7 - Cardiac And Cardiothoracic Surgery; S8 - Pediatric Surgeries; S9 - Genito Urinary Surgeries; S10 - Neurosurgery; S11 - Surgical Oncology; S14 - Plastic Surgery; S15 - Poly Trauma; S16 - Cochlear Implant Surgery; S17 - Prostheses; S20 - Unspecified Surgical Package; M1 - Critical Care; M2 - General Medicine; M3 - Infectious Diseases; M4 - Pediatrics; M5 - Cardiology; M6 - Nephrology; M7 - Neurology; M8 - Pulmonology; M9 - Dermatology; M10 - Rheumatology; M11 - Endocrinology; M12 - Gastroenterology; M14 - Thalassemia; M15 - Medical Oncology; M16 - Radiation Oncology
1099,UPHC Kothapet Harijanawada,Government-DPH,Rangareddy,Saroornagar,Ghmc,Dr Dhage Divya Sree (9052613967),S1 - General Surgery; S2 - Ent Surgery; S3 - Ophthalmology Surgery; S4 - Gynaecology And Obstetrics Surgery; S5 - Orthopedic Surgery And Procedures; S6 - Surgical Gastro Enterology; S7 - Cardiac And Cardiothoracic Surgery; S8 - Pediatric Surgeries; S9 - Genito Urinary Surgeries; S10 - Neurosurgery; S11 - Surgical Oncology; S14 - Plastic Surgery; S15 - Poly Trauma; S16 - Cochlear Implant Surgery; S17 - Prostheses; S20 - Unspecified Surgical Package; M1 - Critical Care; M2 - General Medicine; M3 - Infectious Diseases; M4 - Pediatrics; M5 - Cardiology; M6 - Nephrology; M7 - Neurology; M8 - Pulmonology; M9 - Dermatology; M10 - Rheumatology; M11 - Endocrinology; M12 - Gastroenterology; M14 - Thalassemia; M15 - Medical Oncology; M16 - Radiation Oncology
1100,UPHC Krishna Nagar,Government,Nalgonda,Miryalaguda,Miryalaguda,Dr Qusiam (8121706769),S1 - General Surgery; S2 - Ent Surgery; S3 - Ophthalmology Surgery; S4 - Gynaecology And Obstetrics Surgery; S5 - Orthopedic Surgery And Procedures; S6 - Surgical Gastro Enterology; S7 - Cardiac And Cardiothoracic Surgery; S8 - Pediatric Surgeries; S9 - Genito Urinary Surgeries; S10 - Neurosurgery; S11 - Surgical Oncology; S14 - Plastic Surgery; S15 - Poly Trauma; S16 - Cochlear Implant Surgery; S17 - Prostheses; S20 - Unspecified Surgical Package; M1 - Critical Care; M2 - General Medicine; M3 - Infectious Diseases; M4 - Pediatrics; M5 - Cardiology; M6 - Nephrology; M7 - Neurology; M8 - Pulmonology; M9 - Dermatology; M10 - Rheumatology; M11 - Endocrinology; M12 - Gastroenterology; M14 - Thalassemia; M15 - Medical Oncology; M16 - Radiation Oncology
1101,UPHC Kukatpally,Government-DPH,Medchal-Malkajgiri,Kukatpally,Ghmc,Dr. M. Shiva Kumar (9346587567); Dr. B. Rajitha (8500375578),S1 - General Surgery; S2 - Ent Surgery; S3 - Ophthalmology Surgery; S4 - Gynaecology And Obstetrics Surgery; S5 - Orthopedic Surgery And Procedures; S6 - Surgical Gastro Enterology; S7 - Cardiac And Cardiothoracic Surgery; S8 - Pediatric Surgeries; S9 - Genito Urinary Surgeries; S10 - Neurosurgery; S11 - Surgical Oncology; S14 - Plastic Surgery; S15 - Poly Trauma; S16 - Cochlear Implant Surgery; S17 - Prostheses; S20 - Unspecified Surgical Package; M1 - Critical Care; M2 - General Medicine; M3 - Infectious Diseases; M4 - Pediatrics; M5 - Cardiology; M6 - Nephrology; M7 - Neurology; M8 - Pulmonology; M9 - Dermatology; M10 - Rheumatology; M11 - Endocrinology; M12 - Gastroenterology; M14 - Thalassemia; M15 - Medical Oncology; M16 - Radiation Oncology
1102,UPHC Kummariwadi,Government-DPH,Mahabubnagar,Mahabubnagar Urban,Mahabubnagar,Dr.K.Khaja (7780323491); Dr.Nagamani (9440033993),S1 - General Surgery; S2 - Ent Surgery; S3 - Ophthalmology Surgery; S4 - Gynaecology And Obstetrics Surgery; S5 - Orthopedic Surgery And Procedures; S6 - Surgical Gastro Enterology; S7 - Cardiac And Cardiothoracic Surgery; S8 - Pediatric Surgeries; S9 - Genito Urinary Surgeries; S10 - Neurosurgery; S11 - Surgical Oncology; S14 - Plastic Surgery; S15 - Poly Trauma; S16 - Cochlear Implant Surgery; S17 - Prostheses; S20 - Unspecified Surgical Package; M1 - Critical Care; M2 - General Medicine; M3 - Infectious Diseases; M4 - Pediatrics; M5 - Cardiology; M6 - Nephrology; M7 - Neurology; M8 - Pulmonology; M9 - Dermatology; M10 - Rheumatology; M11 - Endocrinology; M12 - Gastroenterology; M14 - Thalassemia; M15 - Medical Oncology; M16 - Radiation Oncology
1103,UPHC Kummarwadi,Government-DPH,Hyderabad,Golconda,Ghmc,Dr.Anuradha (9000100058),S1 - General Surgery; S2 - Ent Surgery; S3 - Ophthalmology Surgery; S4 - Gynaecology And Obstetrics Surgery; S5 - Orthopedic Surgery And Procedures; S6 - Surgical Gastro Enterology; S7 - Cardiac And Cardiothoracic Surgery; S8 - Pediatric Surgeries; S9 - Genito Urinary Surgeries; S10 - Neurosurgery; S11 - Surgical Oncology; S14 - Plastic Surgery; S15 - Poly Trauma; S16 - Cochlear Implant Surgery; S17 - Prostheses; S20 - Unspecified Surgical Package; M1 - Critical Care; M2 - General Medicine; M3 - Infectious Diseases; M4 - Pediatrics; M5 - Cardiology; M6 - Nephrology; M7 - Neurology; M8 - Pulmonology; M9 - Dermatology; M10 - Rheumatology; M11 - Endocrinology; M12 - Gastroenterology; M14 - Thalassemia; M15 - Medical Oncology; M16 - Radiation Oncology
1104,UPHC Kuttivellodi,Government-DPH,Hyderabad,Secunderabad,Ghmc,Dr Raj Kumar (9666364525),S1 - General Surgery; S2 - Ent Surgery; S3 - Ophthalmology Surgery; S4 - Gynaecology And Obstetrics Surgery; S5 - Orthopedic Surgery And Procedures; S6 - Surgical Gastro Enterology; S7 - Cardiac And Cardiothoracic Surgery; S8 - Pediatric Surgeries; S9 - Genito Urinary Surgeries; S10 - Neurosurgery; S11 - Surgical Oncology; S14 - Plastic Surgery; S15 - Poly Trauma; S16 - Cochlear Implant Surgery; S17 - Prostheses; S20 - Unspecified Surgical Package; M1 - Critical Care; M2 - General Medicine; M3 - Infectious Diseases; M4 - Pediatrics; M5 - Cardiology; M6 - Nephrology; M7 - Neurology; M8 - Pulmonology; M9 - Dermatology; M10 - Rheumatology; M11 - Endocrinology; M12 - Gastroenterology; M14 - Thalassemia; M15 - Medical Oncology; M16 - Radiation Oncology
1105,UPHC Lashkarsingaram,Government-DPH,Hanumakonda,Hanamkonda,Warangal,Dr.N.Ravali (8309345723); Dr.M.Soujanya (7702854580),S1 - General Surgery; S2 - Ent Surgery; S3 - Ophthalmology Surgery; S4 - Gynaecology And Obstetrics Surgery; S5 - Orthopedic Surgery And Procedures; S6 - Surgical Gastro Enterology; S7 - Cardiac And Cardiothoracic Surgery; S8 - Pediatric Surgeries; S9 - Genito Urinary Surgeries; S10 - Neurosurgery; S11 - Surgical Oncology; S14 - Plastic Surgery; S15 - Poly Trauma; S16 - Cochlear Implant Surgery; S17 - Prostheses; S20 - Unspecified Surgical Package; M1 - Critical Care; M2 - General Medicine; M3 - Infectious Diseases; M4 - Pediatrics; M5 - Cardiology; M6 - Nephrology; M7 - Neurology; M8 - Pulmonology; M9 - Dermatology; M10 - Rheumatology; M11 - Endocrinology; M12 - Gastroenterology; M14 - Thalassemia; M15 - Medical Oncology; M16 - Radiation Oncology
1106,UPHC Linewada,Government-DPH,Nalgonda,Miryalaguda,Miryalaguda,Dr Vishwa Jyothi (9963924012),S1 - General Surgery; S2 - Ent Surgery; S3 - Ophthalmology Surgery; S4 - Gynaecology And Obstetrics Surgery; S5 - Orthopedic Surgery And Procedures; S6 - Surgical Gastro Enterology; S7 - Cardiac And Cardiothoracic Surgery; S8 - Pediatric Surgeries; S9 - Genito Urinary Surgeries; S10 - Neurosurgery; S11 - Surgical Oncology; S14 - Plastic Surgery; S15 - Poly Trauma; S16 - Cochlear Implant Surgery; S17 - Prostheses; S20 - Unspecified Surgical Package; M1 - Critical Care; M2 - General Medicine; M3 - Infectious Diseases; M4 - Pediatrics; M5 - Cardiology; M6 - Nephrology; M7 - Neurology; M8 - Pulmonology; M9 - Dermatology; M10 - Rheumatology; M11 - Endocrinology; M12 - Gastroenterology; M14 - Thalassemia; M15 - Medical Oncology; M16 - Radiation Oncology
1107,UPHC Macha Bollaram,Government-DPH,Medchal-Malkajgiri,Medchal,Ghmc,Dr.K.Srikanth (8106366809); Dr.Manupappan (7702735051),S1 - General Surgery; S2 - Ent Surgery; S3 - Ophthalmology Surgery; S4 - Gynaecology And Obstetrics Surgery; S5 - Orthopedic Surgery And Procedures; S6 - Surgical Gastro Enterology; S7 - Cardiac And Cardiothoracic Surgery; S8 - Pediatric Surgeries; S9 - Genito Urinary Surgeries; S10 - Neurosurgery; S11 - Surgical Oncology; S14 - Plastic Surgery; S15 - Poly Trauma; S16 - Cochlear Implant Surgery; S17 - Prostheses; S20 - Unspecified Surgical Package; M1 - Critical Care; M2 - General Medicine; M3 - Infectious Diseases; M4 - Pediatrics; M5 - Cardiology; M6 - Nephrology; M7 - Neurology; M8 - Pulmonology; M9 - Dermatology; M10 - Rheumatology; M11 - Endocrinology; M12 - Gastroenterology; M14 - Thalassemia; M15 - Medical Oncology; M16 - Radiation Oncology
1108,UPHC Madannapet,Government-DPH,Hyderabad,Saidabad,Ghmc,Dr. M.Geetha (9441024463),S1 - General Surgery; S2 - Ent Surgery; S3 - Ophthalmology Surgery; S4 - Gynaecology And Obstetrics Surgery; S5 - Orthopedic Surgery And Procedures; S6 - Surgical Gastro Enterology; S7 - Cardiac And Cardiothoracic Surgery; S8 - Pediatric Surgeries; S9 - Genito Urinary Surgeries; S10 - Neurosurgery; S11 - Surgical Oncology; S14 - Plastic Surgery; S15 - Poly Trauma; S16 - Cochlear Implant Surgery; S17 - Prostheses; S20 - Unspecified Surgical Package; M1 - Critical Care; M2 - General Medicine; M3 - Infectious Diseases; M4 - Pediatrics; M5 - Cardiology; M6 - Nephrology; M7 - Neurology; M8 - Pulmonology; M9 - Dermatology; M10 - Rheumatology; M11 - Endocrinology; M12 - Gastroenterology; M14 - Thalassemia; M15 - Medical Oncology; M16 - Radiation Oncology
1109,UPHC Maharajgunj,Government-DPH,Hyderabad,Nampally,Ghmc,Dr. P. Rajasekhar (9866370222),S1 - General Surgery; S2 - Ent Surgery; S3 - Ophthalmology Surgery; S4 - Gynaecology And Obstetrics Surgery; S5 - Orthopedic Surgery And Procedures; S6 - Surgical Gastro Enterology; S7 - Cardiac And Cardiothoracic Surgery; S8 - Pediatric Surgeries; S9 - Genito Urinary Surgeries; S10 - Neurosurgery; S11 - Surgical Oncology; S14 - Plastic Surgery; S15 - Poly Trauma; S16 - Cochlear Implant Surgery; S17 - Prostheses; S20 - Unspecified Surgical Package; M1 - Critical Care; M2 - General Medicine; M3 - Infectious Diseases; M4 - Pediatrics; M5 - Cardiology; M6 - Nephrology; M7 - Neurology; M8 - Pulmonology; M9 - Dermatology; M10 - Rheumatology; M11 - Endocrinology; M12 - Gastroenterology; M14 - Thalassemia; M15 - Medical Oncology; M16 - Radiation Oncology
1110,UPHC Mailardevpally,Government-DPH,Rangareddy,Rajendranagar,Ghmc,Dr Yashwant Reddy (6309393339); Dr Vaman Rao (9441843434),S1 - General Surgery; S2 - Ent Surgery; S3 - Ophthalmology Surgery; S4 - Gynaecology And Obstetrics Surgery; S5 - Orthopedic Surgery And Procedures; S6 - Surgical Gastro Enterology; S7 - Cardiac And Cardiothoracic Surgery; S8 - Pediatric Surgeries; S9 - Genito Urinary Surgeries; S10 - Neurosurgery; S11 - Surgical Oncology; S14 - Plastic Surgery; S15 - Poly Trauma; S16 - Cochlear Implant Surgery; S17 - Prostheses; S20 - Unspecified Surgical Package; M1 - Critical Care; M2 - General Medicine; M3 - Infectious Diseases; M4 - Pediatrics; M5 - Cardiology; M6 - Nephrology; M7 - Neurology; M8 - Pulmonology; M9 - Dermatology; M10 - Rheumatology; M11 - Endocrinology; M12 - Gastroenterology; M14 - Thalassemia; M15 - Medical Oncology; M16 - Radiation Oncology
1111,UPHC Maisaram,Government-DPH,Hyderabad,Bandlaguda,Ghmc,Dr Jhansi Rani (7989310844),S1 - General Surgery; S2 - Ent Surgery; S3 - Ophthalmology Surgery; S4 - Gynaecology And Obstetrics Surgery; S5 - Orthopedic Surgery And Procedures; S6 - Surgical Gastro Enterology; S7 - Cardiac And Cardiothoracic Surgery; S8 - Pediatric Surgeries; S9 - Genito Urinary Surgeries; S10 - Neurosurgery; S11 - Surgical Oncology; S14 - Plastic Surgery; S15 - Poly Trauma; S16 - Cochlear Implant Surgery; S17 - Prostheses; S20 - Unspecified Surgical Package; M1 - Critical Care; M2 - General Medicine; M3 - Infectious Diseases; M4 - Pediatrics; M5 - Cardiology; M6 - Nephrology; M7 - Neurology; M8 - Pulmonology; M9 - Dermatology; M10 - Rheumatology; M11 - Endocrinology; M12 - Gastroenterology; M14 - Thalassemia; M15 - Medical Oncology; M16 - Radiation Oncology
1112,UPHC Malakpet,Government-DPH,Hyderabad,Saidabad,Ghmc,Dr.Jyothi (9866303093),S1 - General Surgery; S2 - Ent Surgery; S3 - Ophthalmology Surgery; S4 - Gynaecology And Obstetrics Surgery; S5 - Orthopedic Surgery And Procedures; S6 - Surgical Gastro Enterology; S7 - Cardiac And Cardiothoracic Surgery; S8 - Pediatric Surgeries; S9 - Genito Urinary Surgeries; S10 - Neurosurgery; S11 - Surgical Oncology; S14 - Plastic Surgery; S15 - Poly Trauma; S16 - Cochlear Implant Surgery; S17 - Prostheses; S20 - Unspecified Surgical Package; M1 - Critical Care; M2 - General Medicine; M3 - Infectious Diseases; M4 - Pediatrics; M5 - Cardiology; M6 - Nephrology; M7 - Neurology; M8 - Pulmonology; M9 - Dermatology; M10 - Rheumatology; M11 - Endocrinology; M12 - Gastroenterology; M14 - Thalassemia; M15 - Medical Oncology; M16 - Radiation Oncology
1113,UPHC Malapally,Government-DPH,Nizamabad,Nizamabad (South),Nizamabad,Dr Tarunum Naaz (),S1 - General Surgery; S2 - Ent Surgery; S3 - Ophthalmology Surgery; S4 - Gynaecology And Obstetrics Surgery; S5 - Orthopedic Surgery And Procedures; S6 - Surgical Gastro Enterology; S7 - Cardiac And Cardiothoracic Surgery; S8 - Pediatric Surgeries; S9 - Genito Urinary Surgeries; S10 - Neurosurgery; S11 - Surgical Oncology; S14 - Plastic Surgery; S15 - Poly Trauma; S16 - Cochlear Implant Surgery; S17 - Prostheses; M1 - Critical Care; M2 - General Medicine; M3 - Infectious Diseases; M4 - Pediatrics; M5 - Cardiology; M6 - Nephrology; M7 - Neurology; M8 - Pulmonology; M9 - Dermatology; M10 - Rheumatology; M11 - Endocrinology; M12 - Gastroenterology; M14 - Thalassemia; S19.1 - Liver Transplantation Surgery; S19.2 - Heart Transplantation Surgery; S19.3 - Renal Transplantation Surgery; S19.4 - Lung Transplantation Surgery; S19.5 - Allogenic Stem Cell Transplantation; S19.6 - Autologous Stem Cell Transplantation; S19.7 - Heart And Lung Transplantation Surgery; M15 - Medical Oncology; M16 - Radiation Oncology
1114,UPHC Mallapur,Government-DPH,Medchal-Malkajgiri,Uppal,Ghmc,Dr.Ch Pooja (9866840297),S1 - General Surgery; S2 - Ent Surgery; S3 - Ophthalmology Surgery; S4 - Gynaecology And Obstetrics Surgery; S5 - Orthopedic Surgery And Procedures; S6 - Surgical Gastro Enterology; S7 - Cardiac And Cardiothoracic Surgery; S8 - Pediatric Surgeries; S9 - Genito Urinary Surgeries; S10 - Neurosurgery; S11 - Surgical Oncology; S14 - Plastic Surgery; S15 - Poly Trauma; S16 - Cochlear Implant Surgery; S17 - Prostheses; S20 - Unspecified Surgical Package; M1 - Critical Care; M2 - General Medicine; M3 - Infectious Diseases; M4 - Pediatrics; M5 - Cardiology; M6 - Nephrology; M7 - Neurology; M8 - Pulmonology; M9 - Dermatology; M10 - Rheumatology; M11 - Endocrinology; M12 - Gastroenterology; M14 - Thalassemia; M15 - Medical Oncology; M16 - Radiation Oncology
1115,UPHC Mamillagudem,Government-DPH,Khammam,Khammam (Urban),Khammam,Dr Nelluri Chandana (9581568887); Dr Harinath Babu (8328433695),S1 - General Surgery; S2 - Ent Surgery; S3 - Ophthalmology Surgery; S4 - Gynaecology And Obstetrics Surgery; S5 - Orthopedic Surgery And Procedures; S6 - Surgical Gastro Enterology; S7 - Cardiac And Cardiothoracic Surgery; S8 - Pediatric Surgeries; S9 - Genito Urinary Surgeries; S10 - Neurosurgery; S11 - Surgical Oncology; S14 - Plastic Surgery; S15 - Poly Trauma; S16 - Cochlear Implant Surgery; S17 - Prostheses; S20 - Unspecified Surgical Package; M1 - Critical Care; M2 - General Medicine; M3 - Infectious Diseases; M4 - Pediatrics; M5 - Cardiology; M6 - Nephrology; M7 - Neurology; M8 - Pulmonology; M9 - Dermatology; M10 - Rheumatology; M11 - Endocrinology; M12 - Gastroenterology; M14 - Thalassemia; M15 - Medical Oncology; M16 - Radiation Oncology
1116,UPHC Mansoorabad,Government-DPH,Rangareddy,Hayathnagar,Ghmc,Pulendra Naidu (8497961243); Dr.Shalini (6302446437),S1 - General Surgery; S2 - Ent Surgery; S3 - Ophthalmology Surgery; S4 - Gynaecology And Obstetrics Surgery; S5 - Orthopedic Surgery And Procedures; S6 - Surgical Gastro Enterology; S7 - Cardiac And Cardiothoracic Surgery; S8 - Pediatric Surgeries; S9 - Genito Urinary Surgeries; S10 - Neurosurgery; S11 - Surgical Oncology; S14 - Plastic Surgery; S15 - Poly Trauma; S16 - Cochlear Implant Surgery; S17 - Prostheses; S20 - Unspecified Surgical Package; M1 - Critical Care; M2 - General Medicine; M3 - Infectious Diseases; M4 - Pediatrics; M5 - Cardiology; M6 - Nephrology; M7 - Neurology; M8 - Pulmonology; M9 - Dermatology; M10 - Rheumatology; M11 - Endocrinology; M12 - Gastroenterology; M14 - Thalassemia; M15 - Medical Oncology; M16 - Radiation Oncology
1117,UPHC Manyamchelka,Government-DPH,Nalgonda,Nalgonda,Nalgonda,Dr Md. Raffi (8340936364),S1 - General Surgery; S2 - Ent Surgery; S3 - Ophthalmology Surgery; S4 - Gynaecology And Obstetrics Surgery; S5 - Orthopedic Surgery And Procedures; S6 - Surgical Gastro Enterology; S7 - Cardiac And Cardiothoracic Surgery; S8 - Pediatric Surgeries; S9 - Genito Urinary Surgeries; S10 - Neurosurgery; S11 - Surgical Oncology; S14 - Plastic Surgery; S15 - Poly Trauma; S16 - Cochlear Implant Surgery; S17 - Prostheses; S20 - Unspecified Surgical Package; M1 - Critical Care; M2 - General Medicine; M3 - Infectious Diseases; M4 - Pediatrics; M5 - Cardiology; M6 - Nephrology; M7 - Neurology; M8 - Pulmonology; M9 - Dermatology; M10 - Rheumatology; M11 - Endocrinology; M12 - Gastroenterology; M14 - Thalassemia; M15 - Medical Oncology; M16 - Radiation Oncology
1118,UPHC Marksnagar,Government-DPH,Sangareddy,Sangareddy,Sangareddy,Dr.K Harshitha (9963337075),S1 - General Surgery; S2 - Ent Surgery; S3 - Ophthalmology Surgery; S4 - Gynaecology And Obstetrics Surgery; S5 - Orthopedic Surgery And Procedures; S6 - Surgical Gastro Enterology; S7 - Cardiac And Cardiothoracic Surgery; S8 - Pediatric Surgeries; S9 - Genito Urinary Surgeries; S10 - Neurosurgery; S11 - Surgical Oncology; S14 - Plastic Surgery; S15 - Poly Trauma; S16 - Cochlear Implant Surgery; S17 - Prostheses; S20 - Unspecified Surgical Package; M1 - Critical Care; M2 - General Medicine; M3 - Infectious Diseases; M4 - Pediatrics; M5 - Cardiology; M6 - Nephrology; M7 - Neurology; M8 - Pulmonology; M9 - Dermatology; M10 - Rheumatology; M11 - Endocrinology; M12 - Gastroenterology; M14 - Thalassemia; M15 - Medical Oncology; M16 - Radiation Oncology
1119,UPHC Medak,Government,Medak,Medak,Medak,Dr. Manikanta (8390270029),S1 - General Surgery; S2 - Ent Surgery; S3 - Ophthalmology Surgery; S4 - Gynaecology And Obstetrics Surgery; S5 - Orthopedic Surgery And Procedures; S6 - Surgical Gastro Enterology; S7 - Cardiac And Cardiothoracic Surgery; S8 - Pediatric Surgeries; S9 - Genito Urinary Surgeries; S10 - Neurosurgery; S11 - Surgical Oncology; S14 - Plastic Surgery; S15 - Poly Trauma; S16 - Cochlear Implant Surgery; S17 - Prostheses; S20 - Unspecified Surgical Package; M1 - Critical Care; M2 - General Medicine; M3 - Infectious Diseases; M4 - Pediatrics; M5 - Cardiology; M6 - Nephrology; M7 - Neurology; M8 - Pulmonology; M9 - Dermatology; M10 - Rheumatology; M11 - Endocrinology; M12 - Gastroenterology; M14 - Thalassemia; M15 - Medical Oncology; M16 - Radiation Oncology
1120,UPHC Mettuguda,Government-DPH,Hyderabad,Secunderabad,Ghmc,Dr Raj Kumar (9666364525),S1 - General Surgery; S2 - Ent Surgery; S3 - Ophthalmology Surgery; S4 - Gynaecology And Obstetrics Surgery; S5 - Orthopedic Surgery And Procedures; S6 - Surgical Gastro Enterology; S7 - Cardiac And Cardiothoracic Surgery; S8 - Pediatric Surgeries; S9 - Genito Urinary Surgeries; S10 - Neurosurgery; S11 - Surgical Oncology; S14 - Plastic Surgery; S15 - Poly Trauma; S16 - Cochlear Implant Surgery; S17 - Prostheses; S20 - Unspecified Surgical Package; M1 - Critical Care; M2 - General Medicine; M3 - Infectious Diseases; M4 - Pediatrics; M5 - Cardiology; M6 - Nephrology; M7 - Neurology; M8 - Pulmonology; M9 - Dermatology; M10 - Rheumatology; M11 - Endocrinology; M12 - Gastroenterology; M14 - Thalassemia; M15 - Medical Oncology; M16 - Radiation Oncology
1121,UPHC Miryalaguda,Government,Nalgonda,Miryalaguda,Miryalaguda,Dr Ch. Upendar (98859 26458),S1 - General Surgery; S2 - Ent Surgery; S3 - Ophthalmology Surgery; S4 - Gynaecology And Obstetrics Surgery; S5 - Orthopedic Surgery And Procedures; S6 - Surgical Gastro Enterology; S7 - Cardiac And Cardiothoracic Surgery; S8 - Pediatric Surgeries; S9 - Genito Urinary Surgeries; S10 - Neurosurgery; S11 - Surgical Oncology; S14 - Plastic Surgery; S15 - Poly Trauma; S16 - Cochlear Implant Surgery; S17 - Prostheses; S20 - Unspecified Surgical Package; M1 - Critical Care; M2 - General Medicine; M3 - Infectious Diseases; M4 - Pediatrics; M5 - Cardiology; M6 - Nephrology; M7 - Neurology; M8 - Pulmonology; M9 - Dermatology; M10 - Rheumatology; M11 - Endocrinology; M12 - Gastroenterology; M14 - Thalassemia; M15 - Medical Oncology; M16 - Radiation Oncology
1122,UPHC Mohammadguda,Government-DPH,Hyderabad,Secunderabad,Ghmc,Dr. G. Sudha Rani (7207406982),S1 - General Surgery; S2 - Ent Surgery; S3 - Ophthalmology Surgery; S4 - Gynaecology And Obstetrics Surgery; S5 - Orthopedic Surgery And Procedures; S6 - Surgical Gastro Enterology; S7 - Cardiac And Cardiothoracic Surgery; S8 - Pediatric Surgeries; S9 - Genito Urinary Surgeries; S10 - Neurosurgery; S11 - Surgical Oncology; S14 - Plastic Surgery; S15 - Poly Trauma; S16 - Cochlear Implant Surgery; S17 - Prostheses; S20 - Unspecified Surgical Package; M1 - Critical Care; M2 - General Medicine; M3 - Infectious Diseases; M4 - Pediatrics; M5 - Cardiology; M6 - Nephrology; M7 - Neurology; M8 - Pulmonology; M9 - Dermatology; M10 - Rheumatology; M11 - Endocrinology; M12 - Gastroenterology; M14 - Thalassemia; M15 - Medical Oncology; M16 - Radiation Oncology
1123,UPHC Moosapet,Government-DPH,Medchal-Malkajgiri,Kukatpally,Ghmc,Dr Rishitha (7997660003),S1 - General Surgery; S2 - Ent Surgery; S3 - Ophthalmology Surgery; S4 - Gynaecology And Obstetrics Surgery; S5 - Orthopedic Surgery And Procedures; S6 - Surgical Gastro Enterology; S7 - Cardiac And Cardiothoracic Surgery; S8 - Pediatric Surgeries; S9 - Genito Urinary Surgeries; S10 - Neurosurgery; S11 - Surgical Oncology; S14 - Plastic Surgery; S15 - Poly Trauma; S16 - Cochlear Implant Surgery; S17 - Prostheses; S20 - Unspecified Surgical Package; M1 - Critical Care; M2 - General Medicine; M3 - Infectious Diseases; M4 - Pediatrics; M5 - Cardiology; M6 - Nephrology; M7 - Neurology; M8 - Pulmonology; M9 - Dermatology; M10 - Rheumatology; M11 - Endocrinology; M12 - Gastroenterology; M14 - Thalassemia; M15 - Medical Oncology; M16 - Radiation Oncology
1124,UPHC Mothazkhana,Government-DPH,Karimnagar,Karimnagar,-,Dr.Varuna (8008963173),S1 - General Surgery; S2 - Ent Surgery; S3 - Ophthalmology Surgery; S4 - Gynaecology And Obstetrics Surgery; S5 - Orthopedic Surgery And Procedures; S6 - Surgical Gastro Enterology; S7 - Cardiac And Cardiothoracic Surgery; S8 - Pediatric Surgeries; S9 - Genito Urinary Surgeries; S10 - Neurosurgery; S11 - Surgical Oncology; S14 - Plastic Surgery; S15 - Poly Trauma; S16 - Cochlear Implant Surgery; S17 - Prostheses; S20 - Unspecified Surgical Package; M1 - Critical Care; M2 - General Medicine; M3 - Infectious Diseases; M4 - Pediatrics; M5 - Cardiology; M6 - Nephrology; M7 - Neurology; M8 - Pulmonology; M9 - Dermatology; M10 - Rheumatology; M11 - Endocrinology; M12 - Gastroenterology; M14 - Thalassemia; M15 - Medical Oncology; M16 - Radiation Oncology
1125,UPHC Mothinagar,Government-DPH,Mahabubnagar,Mahabubnagar Urban,Mahabubnagar,Dr.Pragathi (9666633813),S1 - General Surgery; S2 - Ent Surgery; S3 - Ophthalmology Surgery; S4 - Gynaecology And Obstetrics Surgery; S5 - Orthopedic Surgery And Procedures; S6 - Surgical Gastro Enterology; S7 - Cardiac And Cardiothoracic Surgery; S8 - Pediatric Surgeries; S9 - Genito Urinary Surgeries; S10 - Neurosurgery; S11 - Surgical Oncology; S14 - Plastic Surgery; S15 - Poly Trauma; S16 - Cochlear Implant Surgery; S17 - Prostheses; S20 - Unspecified Surgical Package; M1 - Critical Care; M2 - General Medicine; M3 - Infectious Diseases; M4 - Pediatrics; M5 - Cardiology; M6 - Nephrology; M7 - Neurology; M8 - Pulmonology; M9 - Dermatology; M10 - Rheumatology; M11 - Endocrinology; M12 - Gastroenterology; M14 - Thalassemia; M15 - Medical Oncology; M16 - Radiation Oncology
1126,UPHC Moulali,Government-DPH,Medchal-Malkajgiri,Malkajgiri,Ghmc,Dr M. Saritha (9989189133),S1 - General Surgery; S2 - Ent Surgery; S3 - Ophthalmology Surgery; S4 - Gynaecology And Obstetrics Surgery; S5 - Orthopedic Surgery And Procedures; S6 - Surgical Gastro Enterology; S7 - Cardiac And Cardiothoracic Surgery; S8 - Pediatric Surgeries; S9 - Genito Urinary Surgeries; S10 - Neurosurgery; S11 - Surgical Oncology; S14 - Plastic Surgery; S15 - Poly Trauma; S16 - Cochlear Implant Surgery; S17 - Prostheses; S20 - Unspecified Surgical Package; M1 - Critical Care; M2 - General Medicine; M3 - Infectious Diseases; M4 - Pediatrics; M5 - Cardiology; M6 - Nephrology; M7 - Neurology; M8 - Pulmonology; M9 - Dermatology; M10 - Rheumatology; M11 - Endocrinology; M12 - Gastroenterology; M14 - Thalassemia; M15 - Medical Oncology; M16 - Radiation Oncology
1127,UPHC Musheerabad,Government-DPH,Hyderabad,Secunderabad,Ghmc,Plv Krishna Mohan (8500120137); Mounika Vandana (9966513377),S1 - General Surgery; S2 - Ent Surgery; S3 - Ophthalmology Surgery; S4 - Gynaecology And Obstetrics Surgery; S5 - Orthopedic Surgery And Procedures; S6 - Surgical Gastro Enterology; S7 - Cardiac And Cardiothoracic Surgery; S8 - Pediatric Surgeries; S9 - Genito Urinary Surgeries; S10 - Neurosurgery; S11 - Surgical Oncology; S14 - Plastic Surgery; S15 - Poly Trauma; S16 - Cochlear Implant Surgery; S17 - Prostheses; S20 - Unspecified Surgical Package; M1 - Critical Care; M2 - General Medicine; M3 - Infectious Diseases; M4 - Pediatrics; M5 - Cardiology; M6 - Nephrology; M7 - Neurology; M8 - Pulmonology; M9 - Dermatology; M10 - Rheumatology; M11 - Endocrinology; M12 - Gastroenterology; M14 - Thalassemia; M15 - Medical Oncology; M16 - Radiation Oncology
1128,UPHC Mustafanagar,Government,Khammam,Khammam (Urban),Khammam,G Sowmya (8985210800); M Rangya Nayaki (9032047350),S1 - General Surgery; S2 - Ent Surgery; S3 - Ophthalmology Surgery; S4 - Gynaecology And Obstetrics Surgery; S5 - Orthopedic Surgery And Procedures; S6 - Surgical Gastro Enterology; S7 - Cardiac And Cardiothoracic Surgery; S8 - Pediatric Surgeries; S9 - Genito Urinary Surgeries; S10 - Neurosurgery; S11 - Surgical Oncology; S14 - Plastic Surgery; S15 - Poly Trauma; S16 - Cochlear Implant Surgery; S17 - Prostheses; S20 - Unspecified Surgical Package; M1 - Critical Care; M2 - General Medicine; M3 - Infectious Diseases; M4 - Pediatrics; M5 - Cardiology; M6 - Nephrology; M7 - Neurology; M8 - Pulmonology; M9 - Dermatology; M10 - Rheumatology; M11 - Endocrinology; M12 - Gastroenterology; M14 - Thalassemia; M15 - Medical Oncology; M16 - Radiation Oncology
1129,UPHC Nagole,Government-DPH,Medchal-Malkajgiri,Uppal,Ghmc,Dr.P.Praveen Kumar (9553473294),S1 - General Surgery; S2 - Ent Surgery; S3 - Ophthalmology Surgery; S4 - Gynaecology And Obstetrics Surgery; S5 - Orthopedic Surgery And Procedures; S6 - Surgical Gastro Enterology; S7 - Cardiac And Cardiothoracic Surgery; S8 - Pediatric Surgeries; S9 - Genito Urinary Surgeries; S10 - Neurosurgery; S11 - Surgical Oncology; S14 - Plastic Surgery; S15 - Poly Trauma; S16 - Cochlear Implant Surgery; S17 - Prostheses; S20 - Unspecified Surgical Package; M1 - Critical Care; M2 - General Medicine; M3 - Infectious Diseases; M4 - Pediatrics; M5 - Cardiology; M6 - Nephrology; M7 - Neurology; M8 - Pulmonology; M9 - Dermatology; M10 - Rheumatology; M11 - Endocrinology; M12 - Gastroenterology; M14 - Thalassemia; M15 - Medical Oncology; M16 - Radiation Oncology
1130,UPHC Nampally,Government-DPH,Hyderabad,Nampally,Ghmc,Dr Syeda Huma Kausar (8374715968),S1 - General Surgery; S2 - Ent Surgery; S3 - Ophthalmology Surgery; S4 - Gynaecology And Obstetrics Surgery; S5 - Orthopedic Surgery And Procedures; S6 - Surgical Gastro Enterology; S7 - Cardiac And Cardiothoracic Surgery; S8 - Pediatric Surgeries; S9 - Genito Urinary Surgeries; S10 - Neurosurgery; S11 - Surgical Oncology; S14 - Plastic Surgery; S15 - Poly Trauma; S16 - Cochlear Implant Surgery; S17 - Prostheses; S20 - Unspecified Surgical Package; M1 - Critical Care; M2 - General Medicine; M3 - Infectious Diseases; M4 - Pediatrics; M5 - Cardiology; M6 - Nephrology; M7 - Neurology; M8 - Pulmonology; M9 - Dermatology; M10 - Rheumatology; M11 - Endocrinology; M12 - Gastroenterology; M14 - Thalassemia; M15 - Medical Oncology; M16 - Radiation Oncology
1131,UPHC Nandanavanam,Government-DPH,Rangareddy,Saroornagar,Ghmc,Dr K Taruni (9398931318),S1 - General Surgery; S2 - Ent Surgery; S3 - Ophthalmology Surgery; S4 - Gynaecology And Obstetrics Surgery; S5 - Orthopedic Surgery And Procedures; S6 - Surgical Gastro Enterology; S7 - Cardiac And Cardiothoracic Surgery; S8 - Pediatric Surgeries; S9 - Genito Urinary Surgeries; S10 - Neurosurgery; S11 - Surgical Oncology; S14 - Plastic Surgery; S15 - Poly Trauma; S16 - Cochlear Implant Surgery; S17 - Prostheses; S20 - Unspecified Surgical Package; M1 - Critical Care; M2 - General Medicine; M3 - Infectious Diseases; M4 - Pediatrics; M5 - Cardiology; M6 - Nephrology; M7 - Neurology; M8 - Pulmonology; M9 - Dermatology; M10 - Rheumatology; M11 - Endocrinology; M12 - Gastroenterology; M14 - Thalassemia; M15 - Medical Oncology; M16 - Radiation Oncology
1132,UPHC Nasarpura,Government-DPH,Siddipet,Siddipet Urban,Siddipet,Dr .G.Srikanth Yadav (8106836019); Dr.R.Gourishankar (9912741865),S1 - General Surgery; S2 - Ent Surgery; S3 - Ophthalmology Surgery; S4 - Gynaecology And Obstetrics Surgery; S5 - Orthopedic Surgery And Procedures; S6 - Surgical Gastro Enterology; S7 - Cardiac And Cardiothoracic Surgery; S8 - Pediatric Surgeries; S9 - Genito Urinary Surgeries; S10 - Neurosurgery; S11 - Surgical Oncology; S14 - Plastic Surgery; S15 - Poly Trauma; S16 - Cochlear Implant Surgery; S17 - Prostheses; S20 - Unspecified Surgical Package; M1 - Critical Care; M2 - General Medicine; M3 - Infectious Diseases; M4 - Pediatrics; M5 - Cardiology; M6 - Nephrology; M7 - Neurology; M8 - Pulmonology; M9 - Dermatology; M10 - Rheumatology; M11 - Endocrinology; M12 - Gastroenterology; M14 - Thalassemia; M15 - Medical Oncology; M16 - Radiation Oncology
1133,UPHC Navegaon Basthi,Government-DPH,Komaram Bheem Asifabad,Kagaznagar,Kagaz Nagar,Dr. Seetharam (7893044538),S1 - General Surgery; S2 - Ent Surgery; S3 - Ophthalmology Surgery; S4 - Gynaecology And Obstetrics Surgery; S5 - Orthopedic Surgery And Procedures; S6 - Surgical Gastro Enterology; S7 - Cardiac And Cardiothoracic Surgery; S8 - Pediatric Surgeries; S9 - Genito Urinary Surgeries; S10 - Neurosurgery; S11 - Surgical Oncology; S14 - Plastic Surgery; S15 - Poly Trauma; S16 - Cochlear Implant Surgery; S17 - Prostheses; S20 - Unspecified Surgical Package; M1 - Critical Care; M2 - General Medicine; M3 - Infectious Diseases; M4 - Pediatrics; M5 - Cardiology; M6 - Nephrology; M7 - Neurology; M8 - Pulmonology; M9 - Dermatology; M10 - Rheumatology; M11 - Endocrinology; M12 - Gastroenterology; M14 - Thalassemia; M15 - Medical Oncology; M16 - Radiation Oncology
1134,UPHC Nayapool,Government-DPH,Hyderabad,Bahadurpura,Ghmc,Dr Khurram Saxena (8106815055),S1 - General Surgery; S2 - Ent Surgery; S3 - Ophthalmology Surgery; S4 - Gynaecology And Obstetrics Surgery; S5 - Orthopedic Surgery And Procedures; S6 - Surgical Gastro Enterology; S7 - Cardiac And Cardiothoracic Surgery; S8 - Pediatric Surgeries; S9 - Genito Urinary Surgeries; S10 - Neurosurgery; S11 - Surgical Oncology; S14 - Plastic Surgery; S15 - Poly Trauma; S16 - Cochlear Implant Surgery; S17 - Prostheses; S20 - Unspecified Surgical Package; M1 - Critical Care; M2 - General Medicine; M3 - Infectious Diseases; M4 - Pediatrics; M5 - Cardiology; M6 - Nephrology; M7 - Neurology; M8 - Pulmonology; M9 - Dermatology; M10 - Rheumatology; M11 - Endocrinology; M12 - Gastroenterology; M14 - Thalassemia; M15 - Medical Oncology; M16 - Radiation Oncology
1135,UPHC Niloufer,Government-DPH,Hyderabad,Nampally,Ghmc,Dr Raj Kumar (9014902611),S1 - General Surgery; S2 - Ent Surgery; S3 - Ophthalmology Surgery; S4 - Gynaecology And Obstetrics Surgery; S5 - Orthopedic Surgery And Procedures; S6 - Surgical Gastro Enterology; S7 - Cardiac And Cardiothoracic Surgery; S8 - Pediatric Surgeries; S9 - Genito Urinary Surgeries; S10 - Neurosurgery; S11 - Surgical Oncology; S14 - Plastic Surgery; S15 - Poly Trauma; S16 - Cochlear Implant Surgery; S17 - Prostheses; S20 - Unspecified Surgical Package; M1 - Critical Care; M2 - General Medicine; M3 - Infectious Diseases; M4 - Pediatrics; M5 - Cardiology; M6 - Nephrology; M7 - Neurology; M8 - Pulmonology; M9 - Dermatology; M10 - Rheumatology; M11 - Endocrinology; M12 - Gastroenterology; M14 - Thalassemia; M15 - Medical Oncology; M16 - Radiation Oncology
1136,UPHC No 1 Rajeev Nagar,Government,Suryapet,Suryapet,Suryapet,Dr. Usharani (6309839764),S1 - General Surgery; S2 - Ent Surgery; S3 - Ophthalmology Surgery; S4 - Gynaecology And Obstetrics Surgery; S5 - Orthopedic Surgery And Procedures; S6 - Surgical Gastro Enterology; S7 - Cardiac And Cardiothoracic Surgery; S8 - Pediatric Surgeries; S9 - Genito Urinary Surgeries; S10 - Neurosurgery; S11 - Surgical Oncology; S14 - Plastic Surgery; S15 - Poly Trauma; S16 - Cochlear Implant Surgery; S17 - Prostheses; S20 - Unspecified Surgical Package; M1 - Critical Care; M2 - General Medicine; M3 - Infectious Diseases; M4 - Pediatrics; M5 - Cardiology; M6 - Nephrology; M7 - Neurology; M8 - Pulmonology; M9 - Dermatology; M10 - Rheumatology; M11 - Endocrinology; M12 - Gastroenterology; M14 - Thalassemia; M15 - Medical Oncology; M16 - Radiation Oncology
1137,UPHC Old Mancherial,Government-DPH,Mancherial,Mancherial,Mancherial,Dr. Ramesh (9966509444),S1 - General Surgery; S2 - Ent Surgery; S3 - Ophthalmology Surgery; S4 - Gynaecology And Obstetrics Surgery; S5 - Orthopedic Surgery And Procedures; S6 - Surgical Gastro Enterology; S7 - Cardiac And Cardiothoracic Surgery; S8 - Pediatric Surgeries; S9 - Genito Urinary Surgeries; S10 - Neurosurgery; S11 - Surgical Oncology; S14 - Plastic Surgery; S15 - Poly Trauma; S16 - Cochlear Implant Surgery; S17 - Prostheses; S20 - Unspecified Surgical Package; M1 - Critical Care; M2 - General Medicine; M3 - Infectious Diseases; M4 - Pediatrics; M5 - Cardiology; M6 - Nephrology; M7 - Neurology; M8 - Pulmonology; M9 - Dermatology; M10 - Rheumatology; M11 - Endocrinology; M12 - Gastroenterology; M14 - Thalassemia; M15 - Medical Oncology; M16 - Radiation Oncology
1138,UPHC PS Nagar,Government-DPH,Rajanna Sircilla,Sircilla,Sircilla,Dr. Ch Kapila Sai (9705933397),S1 - General Surgery; S2 - Ent Surgery; S3 - Ophthalmology Surgery; S4 - Gynaecology And Obstetrics Surgery; S5 - Orthopedic Surgery And Procedures; S6 - Surgical Gastro Enterology; S7 - Cardiac And Cardiothoracic Surgery; S8 - Pediatric Surgeries; S9 - Genito Urinary Surgeries; S10 - Neurosurgery; S11 - Surgical Oncology; S14 - Plastic Surgery; S15 - Poly Trauma; S16 - Cochlear Implant Surgery; S17 - Prostheses; S20 - Unspecified Surgical Package; M1 - Critical Care; M2 - General Medicine; M3 - Infectious Diseases; M4 - Pediatrics; M5 - Cardiology; M6 - Nephrology; M7 - Neurology; M8 - Pulmonology; M9 - Dermatology; M10 - Rheumatology; M11 - Endocrinology; M12 - Gastroenterology; M14 - Thalassemia; M15 - Medical Oncology; M16 - Radiation Oncology
1139,UPHC Pan Bazar,Government-DPH,Hyderabad,Secunderabad,Ghmc,Dr.Narmada (9704216480),S1 - General Surgery; S2 - Ent Surgery; S3 - Ophthalmology Surgery; S4 - Gynaecology And Obstetrics Surgery; S5 - Orthopedic Surgery And Procedures; S6 - Surgical Gastro Enterology; S7 - Cardiac And Cardiothoracic Surgery; S8 - Pediatric Surgeries; S9 - Genito Urinary Surgeries; S10 - Neurosurgery; S11 - Surgical Oncology; S14 - Plastic Surgery; S15 - Poly Trauma; S16 - Cochlear Implant Surgery; S17 - Prostheses; S20 - Unspecified Surgical Package; M1 - Critical Care; M2 - General Medicine; M3 - Infectious Diseases; M4 - Pediatrics; M5 - Cardiology; M6 - Nephrology; M7 - Neurology; M8 - Pulmonology; M9 - Dermatology; M10 - Rheumatology; M11 - Endocrinology; M12 - Gastroenterology; M14 - Thalassemia; M15 - Medical Oncology; M16 - Radiation Oncology
1140,UPHC Pangally,Government-DPH,Nizamabad,Bodhan,Bodhan,Dr.D.Samatha (),S1 - General Surgery; S2 - Ent Surgery; S3 - Ophthalmology Surgery; S4 - Gynaecology And Obstetrics Surgery; S5 - Orthopedic Surgery And Procedures; S6 - Surgical Gastro Enterology; S7 - Cardiac And Cardiothoracic Surgery; S8 - Pediatric Surgeries; S9 - Genito Urinary Surgeries; S10 - Neurosurgery; S11 - Surgical Oncology; S14 - Plastic Surgery; S15 - Poly Trauma; S16 - Cochlear Implant Surgery; S17 - Prostheses; M1 - Critical Care; M2 - General Medicine; M3 - Infectious Diseases; M4 - Pediatrics; M5 - Cardiology; M6 - Nephrology; M7 - Neurology; M8 - Pulmonology; M9 - Dermatology; M10 - Rheumatology; M11 - Endocrinology; M12 - Gastroenterology; M14 - Thalassemia; S19.1 - Liver Transplantation Surgery; S19.2 - Heart Transplantation Surgery; S19.3 - Renal Transplantation Surgery; S19.4 - Lung Transplantation Surgery; S19.5 - Allogenic Stem Cell Transplantation; S19.6 - Autologous Stem Cell Transplantation; S19.7 - Heart And Lung Transplantation Surgery; M15 - Medical Oncology; M16 - Radiation Oncology
1141,UPHC Panipura,Government-DPH,Hyderabad,Nampally,Ghmc,Dr Bushra Anjum (9959064374),S1 - General Surgery; S2 - Ent Surgery; S3 - Ophthalmology Surgery; S4 - Gynaecology And Obstetrics Surgery; S5 - Orthopedic Surgery And Procedures; S6 - Surgical Gastro Enterology; S7 - Cardiac And Cardiothoracic Surgery; S8 - Pediatric Surgeries; S9 - Genito Urinary Surgeries; S10 - Neurosurgery; S11 - Surgical Oncology; S14 - Plastic Surgery; S15 - Poly Trauma; S16 - Cochlear Implant Surgery; S17 - Prostheses; S20 - Unspecified Surgical Package; M1 - Critical Care; M2 - General Medicine; M3 - Infectious Diseases; M4 - Pediatrics; M5 - Cardiology; M6 - Nephrology; M7 - Neurology; M8 - Pulmonology; M9 - Dermatology; M10 - Rheumatology; M11 - Endocrinology; M12 - Gastroenterology; M14 - Thalassemia; M15 - Medical Oncology; M16 - Radiation Oncology
1142,UPHC Panjesha I,Government-DPH,Hyderabad,Charminar,Ghmc,Dr Raja Shaker Reddy (6374248339),S1 - General Surgery; S2 - Ent Surgery; S3 - Ophthalmology Surgery; S4 - Gynaecology And Obstetrics Surgery; S5 - Orthopedic Surgery And Procedures; S6 - Surgical Gastro Enterology; S7 - Cardiac And Cardiothoracic Surgery; S8 - Pediatric Surgeries; S9 - Genito Urinary Surgeries; S10 - Neurosurgery; S11 - Surgical Oncology; S14 - Plastic Surgery; S15 - Poly Trauma; S16 - Cochlear Implant Surgery; S17 - Prostheses; S20 - Unspecified Surgical Package; M1 - Critical Care; M2 - General Medicine; M3 - Infectious Diseases; M4 - Pediatrics; M5 - Cardiology; M6 - Nephrology; M7 - Neurology; M8 - Pulmonology; M9 - Dermatology; M10 - Rheumatology; M11 - Endocrinology; M12 - Gastroenterology; M14 - Thalassemia; M15 - Medical Oncology; M16 - Radiation Oncology
1143,UPHC Panjesha II,Government-DPH,Hyderabad,Charminar,Ghmc,Dr Khurram Saxena (9010391399); Dr T Sushanth Reddy (9010391399),S1 - General Surgery; S2 - Ent Surgery; S3 - Ophthalmology Surgery; S4 - Gynaecology And Obstetrics Surgery; S5 - Orthopedic Surgery And Procedures; S6 - Surgical Gastro Enterology; S7 - Cardiac And Cardiothoracic Surgery; S8 - Pediatric Surgeries; S9 - Genito Urinary Surgeries; S10 - Neurosurgery; S11 - Surgical Oncology; S14 - Plastic Surgery; S15 - Poly Trauma; S16 - Cochlear Implant Surgery; S17 - Prostheses; S20 - Unspecified Surgical Package; M1 - Critical Care; M2 - General Medicine; M3 - Infectious Diseases; M4 - Pediatrics; M5 - Cardiology; M6 - Nephrology; M7 - Neurology; M8 - Pulmonology; M9 - Dermatology; M10 - Rheumatology; M11 - Endocrinology; M12 - Gastroenterology; M14 - Thalassemia; M15 - Medical Oncology; M16 - Radiation Oncology
1144,UPHC Parvathi Nagar,Government-DPH,Hyderabad,Bandlaguda,Ghmc,Dr.N.Muralidhar (9441136611),S1 - General Surgery; S2 - Ent Surgery; S3 - Ophthalmology Surgery; S4 - Gynaecology And Obstetrics Surgery; S5 - Orthopedic Surgery And Procedures; S6 - Surgical Gastro Enterology; S7 - Cardiac And Cardiothoracic Surgery; S8 - Pediatric Surgeries; S9 - Genito Urinary Surgeries; S10 - Neurosurgery; S11 - Surgical Oncology; S14 - Plastic Surgery; S15 - Poly Trauma; S16 - Cochlear Implant Surgery; S17 - Prostheses; S20 - Unspecified Surgical Package; M1 - Critical Care; M2 - General Medicine; M3 - Infectious Diseases; M4 - Pediatrics; M5 - Cardiology; M6 - Nephrology; M7 - Neurology; M8 - Pulmonology; M9 - Dermatology; M10 - Rheumatology; M11 - Endocrinology; M12 - Gastroenterology; M14 - Thalassemia; M15 - Medical Oncology; M16 - Radiation Oncology
1145,UPHC Parvatnagar,Government-DPH,Medchal-Malkajgiri,Kukatpally,Ghmc,Dr Komal Taraka (9581936877),S1 - General Surgery; S2 - Ent Surgery; S3 - Ophthalmology Surgery; S4 - Gynaecology And Obstetrics Surgery; S5 - Orthopedic Surgery And Procedures; S6 - Surgical Gastro Enterology; S7 - Cardiac And Cardiothoracic Surgery; S8 - Pediatric Surgeries; S9 - Genito Urinary Surgeries; S10 - Neurosurgery; S11 - Surgical Oncology; S14 - Plastic Surgery; S15 - Poly Trauma; S16 - Cochlear Implant Surgery; S17 - Prostheses; S20 - Unspecified Surgical Package; M1 - Critical Care; M2 - General Medicine; M3 - Infectious Diseases; M4 - Pediatrics; M5 - Cardiology; M6 - Nephrology; M7 - Neurology; M8 - Pulmonology; M9 - Dermatology; M10 - Rheumatology; M11 - Endocrinology; M12 - Gastroenterology; M14 - Thalassemia; M15 - Medical Oncology; M16 - Radiation Oncology
1146,UPHC Pathapalamoor,Government-DPH,Mahabubnagar,Mahabubnagar Urban,Mahabubnagar,Dr.Esinmushtaq (9642837557),S1 - General Surgery; S2 - Ent Surgery; S3 - Ophthalmology Surgery; S4 - Gynaecology And Obstetrics Surgery; S5 - Orthopedic Surgery And Procedures; S6 - Surgical Gastro Enterology; S7 - Cardiac And Cardiothoracic Surgery; S8 - Pediatric Surgeries; S9 - Genito Urinary Surgeries; S10 - Neurosurgery; S11 - Surgical Oncology; S14 - Plastic Surgery; S15 - Poly Trauma; S16 - Cochlear Implant Surgery; S17 - Prostheses; S20 - Unspecified Surgical Package; M1 - Critical Care; M2 - General Medicine; M3 - Infectious Diseases; M4 - Pediatrics; M5 - Cardiology; M6 - Nephrology; M7 - Neurology; M8 - Pulmonology; M9 - Dermatology; M10 - Rheumatology; M11 - Endocrinology; M12 - Gastroenterology; M14 - Thalassemia; M15 - Medical Oncology; M16 - Radiation Oncology
1147,UPHC PeddammagaddaI,Government-DPH,Hanumakonda,Hanamkonda,Warangal,Dr.Priyanka (8008754788); Shahela Masood (9490563255),S1 - General Surgery; S2 - Ent Surgery; S3 - Ophthalmology Surgery; S4 - Gynaecology And Obstetrics Surgery; S5 - Orthopedic Surgery And Procedures; S6 - Surgical Gastro Enterology; S7 - Cardiac And Cardiothoracic Surgery; S8 - Pediatric Surgeries; S9 - Genito Urinary Surgeries; S10 - Neurosurgery; S11 - Surgical Oncology; S14 - Plastic Surgery; S15 - Poly Trauma; S16 - Cochlear Implant Surgery; S17 - Prostheses; S20 - Unspecified Surgical Package; M1 - Critical Care; M2 - General Medicine; M3 - Infectious Diseases; M4 - Pediatrics; M5 - Cardiology; M6 - Nephrology; M7 - Neurology; M8 - Pulmonology; M9 - Dermatology; M10 - Rheumatology; M11 - Endocrinology; M12 - Gastroenterology; M14 - Thalassemia; M15 - Medical Oncology; M16 - Radiation Oncology
1148,UPHC Peerlagutta,Government-DPH,Wanaparthy,Wanaparthy,Wanaparthy,Dr Balamani (9951666091),S1 - General Surgery; S2 - Ent Surgery; S3 - Ophthalmology Surgery; S4 - Gynaecology And Obstetrics Surgery; S5 - Orthopedic Surgery And Procedures; S6 - Surgical Gastro Enterology; S7 - Cardiac And Cardiothoracic Surgery; S8 - Pediatric Surgeries; S9 - Genito Urinary Surgeries; S10 - Neurosurgery; S11 - Surgical Oncology; S14 - Plastic Surgery; S15 - Poly Trauma; S16 - Cochlear Implant Surgery; S17 - Prostheses; S20 - Unspecified Surgical Package; M1 - Critical Care; M2 - General Medicine; M3 - Infectious Diseases; M4 - Pediatrics; M5 - Cardiology; M6 - Nephrology; M7 - Neurology; M8 - Pulmonology; M9 - Dermatology; M10 - Rheumatology; M11 - Endocrinology; M12 - Gastroenterology; M14 - Thalassemia; M15 - Medical Oncology; M16 - Radiation Oncology
1149,UPHC Peerzadiguda,Government-DPH,Medchal-Malkajgiri,Medipally,Perrzadiguda,Dr. M. V.Prathibha (7386369553),S1 - General Surgery; S2 - Ent Surgery; S3 - Ophthalmology Surgery; S4 - Gynaecology And Obstetrics Surgery; S5 - Orthopedic Surgery And Procedures; S6 - Surgical Gastro Enterology; S7 - Cardiac And Cardiothoracic Surgery; S8 - Pediatric Surgeries; S9 - Genito Urinary Surgeries; S10 - Neurosurgery; S11 - Surgical Oncology; S14 - Plastic Surgery; S15 - Poly Trauma; S16 - Cochlear Implant Surgery; S17 - Prostheses; S20 - Unspecified Surgical Package; M1 - Critical Care; M2 - General Medicine; M3 - Infectious Diseases; M4 - Pediatrics; M5 - Cardiology; M6 - Nephrology; M7 - Neurology; M8 - Pulmonology; M9 - Dermatology; M10 - Rheumatology; M11 - Endocrinology; M12 - Gastroenterology; M14 - Thalassemia; M15 - Medical Oncology; M16 - Radiation Oncology
1150,UPHC Pet Basheerabad/Medchal,Government-DPH,Medchal-Malkajgiri,Medchal,Medchal,Dr.Keerthana Deepthi (9886837950),S1 - General Surgery; S2 - Ent Surgery; S3 - Ophthalmology Surgery; S4 - Gynaecology And Obstetrics Surgery; S5 - Orthopedic Surgery And Procedures; S6 - Surgical Gastro Enterology; S7 - Cardiac And Cardiothoracic Surgery; S8 - Pediatric Surgeries; S9 - Genito Urinary Surgeries; S10 - Neurosurgery; S11 - Surgical Oncology; S14 - Plastic Surgery; S15 - Poly Trauma; S16 - Cochlear Implant Surgery; S17 - Prostheses; S20 - Unspecified Surgical Package; M1 - Critical Care; M2 - General Medicine; M3 - Infectious Diseases; M4 - Pediatrics; M5 - Cardiology; M6 - Nephrology; M7 - Neurology; M8 - Pulmonology; M9 - Dermatology; M10 - Rheumatology; M11 - Endocrinology; M12 - Gastroenterology; M14 - Thalassemia; M15 - Medical Oncology; M16 - Radiation Oncology
1151,UPHC Picket,Government,Hyderabad,Tirumalagiry,Ghmc,Dr Arun Kumar Joshi (9966082116); Dr Meena Kumari (9908510527),S1 - General Surgery; S2 - Ent Surgery; S3 - Ophthalmology Surgery; S4 - Gynaecology And Obstetrics Surgery; S5 - Orthopedic Surgery And Procedures; S6 - Surgical Gastro Enterology; S7 - Cardiac And Cardiothoracic Surgery; S8 - Pediatric Surgeries; S9 - Genito Urinary Surgeries; S10 - Neurosurgery; S11 - Surgical Oncology; S14 - Plastic Surgery; S15 - Poly Trauma; S16 - Cochlear Implant Surgery; S17 - Prostheses; S20 - Unspecified Surgical Package; M1 - Critical Care; M2 - General Medicine; M3 - Infectious Diseases; M4 - Pediatrics; M5 - Cardiology; M6 - Nephrology; M7 - Neurology; M8 - Pulmonology; M9 - Dermatology; M10 - Rheumatology; M11 - Endocrinology; M12 - Gastroenterology; M14 - Thalassemia; M15 - Medical Oncology; M16 - Radiation Oncology
1152,UPHC Prakashnagar,Government-DPH,Nalgonda,Miryalaguda,Miryalaguda,Dr P. Laxmi Prasanna (9515389792),S1 - General Surgery; S2 - Ent Surgery; S3 - Ophthalmology Surgery; S4 - Gynaecology And Obstetrics Surgery; S5 - Orthopedic Surgery And Procedures; S6 - Surgical Gastro Enterology; S7 - Cardiac And Cardiothoracic Surgery; S8 - Pediatric Surgeries; S9 - Genito Urinary Surgeries; S10 - Neurosurgery; S11 - Surgical Oncology; S14 - Plastic Surgery; S15 - Poly Trauma; S16 - Cochlear Implant Surgery; S17 - Prostheses; S20 - Unspecified Surgical Package; M1 - Critical Care; M2 - General Medicine; M3 - Infectious Diseases; M4 - Pediatrics; M5 - Cardiology; M6 - Nephrology; M7 - Neurology; M8 - Pulmonology; M9 - Dermatology; M10 - Rheumatology; M11 - Endocrinology; M12 - Gastroenterology; M14 - Thalassemia; M15 - Medical Oncology; M16 - Radiation Oncology
1153,UPHC Punjagutta,Government-DPH,Hyderabad,Khairthabad,Ghmc,Dr J Isaac Newton (7207685640),S1 - General Surgery; S2 - Ent Surgery; S3 - Ophthalmology Surgery; S4 - Gynaecology And Obstetrics Surgery; S5 - Orthopedic Surgery And Procedures; S6 - Surgical Gastro Enterology; S7 - Cardiac And Cardiothoracic Surgery; S8 - Pediatric Surgeries; S9 - Genito Urinary Surgeries; S10 - Neurosurgery; S11 - Surgical Oncology; S14 - Plastic Surgery; S15 - Poly Trauma; S16 - Cochlear Implant Surgery; S17 - Prostheses; S20 - Unspecified Surgical Package; M1 - Critical Care; M2 - General Medicine; M3 - Infectious Diseases; M4 - Pediatrics; M5 - Cardiology; M6 - Nephrology; M7 - Neurology; M8 - Pulmonology; M9 - Dermatology; M10 - Rheumatology; M11 - Endocrinology; M12 - Gastroenterology; M14 - Thalassemia; M15 - Medical Oncology; M16 - Radiation Oncology
1154,UPHC Puranapool I,Government-DPH,Hyderabad,Bahadurpura,Ghmc,Dr. K. Ramakrishna (9440385551),S1 - General Surgery; S2 - Ent Surgery; S3 - Ophthalmology Surgery; S4 - Gynaecology And Obstetrics Surgery; S5 - Orthopedic Surgery And Procedures; S6 - Surgical Gastro Enterology; S7 - Cardiac And Cardiothoracic Surgery; S8 - Pediatric Surgeries; S9 - Genito Urinary Surgeries; S10 - Neurosurgery; S11 - Surgical Oncology; S14 - Plastic Surgery; S15 - Poly Trauma; S16 - Cochlear Implant Surgery; S17 - Prostheses; S20 - Unspecified Surgical Package; M1 - Critical Care; M2 - General Medicine; M3 - Infectious Diseases; M4 - Pediatrics; M5 - Cardiology; M6 - Nephrology; M7 - Neurology; M8 - Pulmonology; M9 - Dermatology; M10 - Rheumatology; M11 - Endocrinology; M12 - Gastroenterology; M14 - Thalassemia; M15 - Medical Oncology; M16 - Radiation Oncology
1155,UPHC Puranapool II,Government-DPH,Hyderabad,Bahadurpura,Ghmc,Dr. K Ramakrishna (9440385551),S1 - General Surgery; S2 - Ent Surgery; S3 - Ophthalmology Surgery; S4 - Gynaecology And Obstetrics Surgery; S5 - Orthopedic Surgery And Procedures; S6 - Surgical Gastro Enterology; S7 - Cardiac And Cardiothoracic Surgery; S8 - Pediatric Surgeries; S9 - Genito Urinary Surgeries; S10 - Neurosurgery; S11 - Surgical Oncology; S14 - Plastic Surgery; S15 - Poly Trauma; S16 - Cochlear Implant Surgery; S17 - Prostheses; S20 - Unspecified Surgical Package; M1 - Critical Care; M2 - General Medicine; M3 - Infectious Diseases; M4 - Pediatrics; M5 - Cardiology; M6 - Nephrology; M7 - Neurology; M8 - Pulmonology; M9 - Dermatology; M10 - Rheumatology; M11 - Endocrinology; M12 - Gastroenterology; M14 - Thalassemia; M15 - Medical Oncology; M16 - Radiation Oncology
1156,UPHC Quthubullapur,Government,Medchal-Malkajgiri,Quthbullapur,Ghmc,Dr Esk Venumadhavi (9912207244),S1 - General Surgery; S2 - Ent Surgery; S3 - Ophthalmology Surgery; S4 - Gynaecology And Obstetrics Surgery; S5 - Orthopedic Surgery And Procedures; S6 - Surgical Gastro Enterology; S7 - Cardiac And Cardiothoracic Surgery; S8 - Pediatric Surgeries; S9 - Genito Urinary Surgeries; S10 - Neurosurgery; S11 - Surgical Oncology; S14 - Plastic Surgery; S15 - Poly Trauma; S16 - Cochlear Implant Surgery; S17 - Prostheses; S20 - Unspecified Surgical Package; M1 - Critical Care; M2 - General Medicine; M3 - Infectious Diseases; M4 - Pediatrics; M5 - Cardiology; M6 - Nephrology; M7 - Neurology; M8 - Pulmonology; M9 - Dermatology; M10 - Rheumatology; M11 - Endocrinology; M12 - Gastroenterology; M14 - Thalassemia; M15 - Medical Oncology; M16 - Radiation Oncology
1157,UPHC RH and FWTC,Government,Hyderabad,Nampally,Ghmc,Dr B Shailaja (9866647787),S1 - General Surgery; S2 - Ent Surgery; S3 - Ophthalmology Surgery; S4 - Gynaecology And Obstetrics Surgery; S5 - Orthopedic Surgery And Procedures; S6 - Surgical Gastro Enterology; S7 - Cardiac And Cardiothoracic Surgery; S8 - Pediatric Surgeries; S9 - Genito Urinary Surgeries; S10 - Neurosurgery; S11 - Surgical Oncology; S14 - Plastic Surgery; S15 - Poly Trauma; S16 - Cochlear Implant Surgery; S17 - Prostheses; S20 - Unspecified Surgical Package; M1 - Critical Care; M2 - General Medicine; M3 - Infectious Diseases; M4 - Pediatrics; M5 - Cardiology; M6 - Nephrology; M7 - Neurology; M8 - Pulmonology; M9 - Dermatology; M10 - Rheumatology; M11 - Endocrinology; M12 - Gastroenterology; M14 - Thalassemia; M15 - Medical Oncology; M16 - Radiation Oncology
1158,UPHC Rajeevnagar,Government-DPH,Mancherial,Mancherial,Mancherial,Dr. Fayaz Khan (9849727336),S1 - General Surgery; S2 - Ent Surgery; S3 - Ophthalmology Surgery; S4 - Gynaecology And Obstetrics Surgery; S5 - Orthopedic Surgery And Procedures; S6 - Surgical Gastro Enterology; S7 - Cardiac And Cardiothoracic Surgery; S8 - Pediatric Surgeries; S9 - Genito Urinary Surgeries; S10 - Neurosurgery; S11 - Surgical Oncology; S14 - Plastic Surgery; S15 - Poly Trauma; S16 - Cochlear Implant Surgery; S17 - Prostheses; S20 - Unspecified Surgical Package; M1 - Critical Care; M2 - General Medicine; M3 - Infectious Diseases; M4 - Pediatrics; M5 - Cardiology; M6 - Nephrology; M7 - Neurology; M8 - Pulmonology; M9 - Dermatology; M10 - Rheumatology; M11 - Endocrinology; M12 - Gastroenterology; M14 - Thalassemia; M15 - Medical Oncology; M16 - Radiation Oncology
1159,"UPHC Rajeevnagar, Kamareddy",Government-DPH,Kamareddy,Kamareddy,Kamareddy,Dr.Shujayath Ali (8179939916),S1 - General Surgery; S2 - Ent Surgery; S3 - Ophthalmology Surgery; S4 - Gynaecology And Obstetrics Surgery; S5 - Orthopedic Surgery And Procedures; S6 - Surgical Gastro Enterology; S7 - Cardiac And Cardiothoracic Surgery; S8 - Pediatric Surgeries; S9 - Genito Urinary Surgeries; S10 - Neurosurgery; S11 - Surgical Oncology; S14 - Plastic Surgery; S15 - Poly Trauma; S16 - Cochlear Implant Surgery; S17 - Prostheses; S20 - Unspecified Surgical Package; M1 - Critical Care; M2 - General Medicine; M3 - Infectious Diseases; M4 - Pediatrics; M5 - Cardiology; M6 - Nephrology; M7 - Neurology; M8 - Pulmonology; M9 - Dermatology; M10 - Rheumatology; M11 - Endocrinology; M12 - Gastroenterology; M14 - Thalassemia; M15 - Medical Oncology; M16 - Radiation Oncology
1160,UPHC Rakasipet,Government-DPH,Nizamabad,Bodhan,Bodhan,Dr Ayesha Siddiqua (),S1 - General Surgery; S2 - Ent Surgery; S3 - Ophthalmology Surgery; S4 - Gynaecology And Obstetrics Surgery; S5 - Orthopedic Surgery And Procedures; S6 - Surgical Gastro Enterology; S7 - Cardiac And Cardiothoracic Surgery; S8 - Pediatric Surgeries; S9 - Genito Urinary Surgeries; S10 - Neurosurgery; S11 - Surgical Oncology; S14 - Plastic Surgery; S15 - Poly Trauma; S16 - Cochlear Implant Surgery; S17 - Prostheses; M1 - Critical Care; M2 - General Medicine; M3 - Infectious Diseases; M4 - Pediatrics; M5 - Cardiology; M6 - Nephrology; M7 - Neurology; M8 - Pulmonology; M9 - Dermatology; M10 - Rheumatology; M11 - Endocrinology; M12 - Gastroenterology; M14 - Thalassemia; S19.1 - Liver Transplantation Surgery; S19.2 - Heart Transplantation Surgery; S19.3 - Renal Transplantation Surgery; S19.4 - Lung Transplantation Surgery; S19.5 - Allogenic Stem Cell Transplantation; S19.6 - Autologous Stem Cell Transplantation; S19.7 - Heart And Lung Transplantation Surgery; M15 - Medical Oncology; M16 - Radiation Oncology
1161,UPHC Ramaiahbowli,Government-DPH,Mahabubnagar,Mahabubnagar Urban,Mahabubnagar,Dr Manu Priya (8179798671),S1 - General Surgery; S2 - Ent Surgery; S3 - Ophthalmology Surgery; S4 - Gynaecology And Obstetrics Surgery; S5 - Orthopedic Surgery And Procedures; S6 - Surgical Gastro Enterology; S7 - Cardiac And Cardiothoracic Surgery; S8 - Pediatric Surgeries; S9 - Genito Urinary Surgeries; S10 - Neurosurgery; S11 - Surgical Oncology; S14 - Plastic Surgery; S15 - Poly Trauma; S16 - Cochlear Implant Surgery; S17 - Prostheses; S20 - Unspecified Surgical Package; M1 - Critical Care; M2 - General Medicine; M3 - Infectious Diseases; M4 - Pediatrics; M5 - Cardiology; M6 - Nephrology; M7 - Neurology; M8 - Pulmonology; M9 - Dermatology; M10 - Rheumatology; M11 - Endocrinology; M12 - Gastroenterology; M14 - Thalassemia; M15 - Medical Oncology; M16 - Radiation Oncology
1162,UPHC Ramnagar,Government-DPH,Nirmal,Nirmal,Nirmal,Dr Srinivas (9948764746),S1 - General Surgery; S2 - Ent Surgery; S3 - Ophthalmology Surgery; S4 - Gynaecology And Obstetrics Surgery; S5 - Orthopedic Surgery And Procedures; S6 - Surgical Gastro Enterology; S7 - Cardiac And Cardiothoracic Surgery; S8 - Pediatric Surgeries; S9 - Genito Urinary Surgeries; S10 - Neurosurgery; S11 - Surgical Oncology; S14 - Plastic Surgery; S15 - Poly Trauma; S16 - Cochlear Implant Surgery; S17 - Prostheses; S20 - Unspecified Surgical Package; M1 - Critical Care; M2 - General Medicine; M3 - Infectious Diseases; M4 - Pediatrics; M5 - Cardiology; M6 - Nephrology; M7 - Neurology; M8 - Pulmonology; M9 - Dermatology; M10 - Rheumatology; M11 - Endocrinology; M12 - Gastroenterology; M14 - Thalassemia; M15 - Medical Oncology; M16 - Radiation Oncology
1163,UPHC Rasoolpura,Government,Hyderabad,Ameerpet,Ghmc,Dr Arun Kumar Joshi (9966082116),S1 - General Surgery; S2 - Ent Surgery; S3 - Ophthalmology Surgery; S4 - Gynaecology And Obstetrics Surgery; S5 - Orthopedic Surgery And Procedures; S6 - Surgical Gastro Enterology; S7 - Cardiac And Cardiothoracic Surgery; S8 - Pediatric Surgeries; S9 - Genito Urinary Surgeries; S10 - Neurosurgery; S11 - Surgical Oncology; S14 - Plastic Surgery; S15 - Poly Trauma; S16 - Cochlear Implant Surgery; S17 - Prostheses; S20 - Unspecified Surgical Package; M1 - Critical Care; M2 - General Medicine; M3 - Infectious Diseases; M4 - Pediatrics; M5 - Cardiology; M6 - Nephrology; M7 - Neurology; M8 - Pulmonology; M9 - Dermatology; M10 - Rheumatology; M11 - Endocrinology; M12 - Gastroenterology; M14 - Thalassemia; M15 - Medical Oncology; M16 - Radiation Oncology
1164,UPHC Safilguda,Government-DPH,Medchal-Malkajgiri,Malkajgiri,Ghmc,Dr. S Amaravathi (9959449129),S1 - General Surgery; S2 - Ent Surgery; S3 - Ophthalmology Surgery; S4 - Gynaecology And Obstetrics Surgery; S5 - Orthopedic Surgery And Procedures; S6 - Surgical Gastro Enterology; S7 - Cardiac And Cardiothoracic Surgery; S8 - Pediatric Surgeries; S9 - Genito Urinary Surgeries; S10 - Neurosurgery; S11 - Surgical Oncology; S14 - Plastic Surgery; S15 - Poly Trauma; S16 - Cochlear Implant Surgery; S17 - Prostheses; S20 - Unspecified Surgical Package; M1 - Critical Care; M2 - General Medicine; M3 - Infectious Diseases; M4 - Pediatrics; M5 - Cardiology; M6 - Nephrology; M7 - Neurology; M8 - Pulmonology; M9 - Dermatology; M10 - Rheumatology; M11 - Endocrinology; M12 - Gastroenterology; M14 - Thalassemia; M15 - Medical Oncology; M16 - Radiation Oncology
1165,UPHC Sanath Nagar,Government-DPH,Hyderabad,Ameerpet,Ghmc,Dr Kalyani (8639174719),S1 - General Surgery; S2 - Ent Surgery; S3 - Ophthalmology Surgery; S4 - Gynaecology And Obstetrics Surgery; S5 - Orthopedic Surgery And Procedures; S6 - Surgical Gastro Enterology; S7 - Cardiac And Cardiothoracic Surgery; S8 - Pediatric Surgeries; S9 - Genito Urinary Surgeries; S10 - Neurosurgery; S11 - Surgical Oncology; S14 - Plastic Surgery; S15 - Poly Trauma; S16 - Cochlear Implant Surgery; S17 - Prostheses; S20 - Unspecified Surgical Package; M1 - Critical Care; M2 - General Medicine; M3 - Infectious Diseases; M4 - Pediatrics; M5 - Cardiology; M6 - Nephrology; M7 - Neurology; M8 - Pulmonology; M9 - Dermatology; M10 - Rheumatology; M11 - Endocrinology; M12 - Gastroenterology; M14 - Thalassemia; M15 - Medical Oncology; M16 - Radiation Oncology
1166,UPHC Sapthagiri Colony,Government-DPH,Karimnagar,Karimnagar,-,Dr.Nazia Fathima (9000715526),S1 - General Surgery; S2 - Ent Surgery; S3 - Ophthalmology Surgery; S4 - Gynaecology And Obstetrics Surgery; S5 - Orthopedic Surgery And Procedures; S6 - Surgical Gastro Enterology; S7 - Cardiac And Cardiothoracic Surgery; S8 - Pediatric Surgeries; S9 - Genito Urinary Surgeries; S10 - Neurosurgery; S11 - Surgical Oncology; S14 - Plastic Surgery; S15 - Poly Trauma; S16 - Cochlear Implant Surgery; S17 - Prostheses; S20 - Unspecified Surgical Package; M1 - Critical Care; M2 - General Medicine; M3 - Infectious Diseases; M4 - Pediatrics; M5 - Cardiology; M6 - Nephrology; M7 - Neurology; M8 - Pulmonology; M9 - Dermatology; M10 - Rheumatology; M11 - Endocrinology; M12 - Gastroenterology; M14 - Thalassemia; M15 - Medical Oncology; M16 - Radiation Oncology
1167,UPHC Seetharamnagar Colony,Government-DPH,Nizamabad,Nizamabad (South),Nizamabad,Dr. Samrat Yadav (),S1 - General Surgery; S2 - Ent Surgery; S3 - Ophthalmology Surgery; S4 - Gynaecology And Obstetrics Surgery; S5 - Orthopedic Surgery And Procedures; S6 - Surgical Gastro Enterology; S7 - Cardiac And Cardiothoracic Surgery; S8 - Pediatric Surgeries; S9 - Genito Urinary Surgeries; S10 - Neurosurgery; S11 - Surgical Oncology; S14 - Plastic Surgery; S15 - Poly Trauma; S16 - Cochlear Implant Surgery; S17 - Prostheses; M1 - Critical Care; M2 - General Medicine; M3 - Infectious Diseases; M4 - Pediatrics; M5 - Cardiology; M6 - Nephrology; M7 - Neurology; M8 - Pulmonology; M9 - Dermatology; M10 - Rheumatology; M11 - Endocrinology; M12 - Gastroenterology; M14 - Thalassemia; S19.1 - Liver Transplantation Surgery; S19.2 - Heart Transplantation Surgery; S19.3 - Renal Transplantation Surgery; S19.4 - Lung Transplantation Surgery; S19.5 - Allogenic Stem Cell Transplantation; S19.6 - Autologous Stem Cell Transplantation; S19.7 - Heart And Lung Transplantation Surgery; M15 - Medical Oncology; M16 - Radiation Oncology
1168,UPHC Serilingampally,Government-DPH,Rangareddy,Serilingampalli,Ghmc,Dr.P.Ram Reddy (8498991109),S1 - General Surgery; S2 - Ent Surgery; S3 - Ophthalmology Surgery; S4 - Gynaecology And Obstetrics Surgery; S5 - Orthopedic Surgery And Procedures; S6 - Surgical Gastro Enterology; S7 - Cardiac And Cardiothoracic Surgery; S8 - Pediatric Surgeries; S9 - Genito Urinary Surgeries; S10 - Neurosurgery; S11 - Surgical Oncology; S14 - Plastic Surgery; S15 - Poly Trauma; S16 - Cochlear Implant Surgery; S17 - Prostheses; S20 - Unspecified Surgical Package; M1 - Critical Care; M2 - General Medicine; M3 - Infectious Diseases; M4 - Pediatrics; M5 - Cardiology; M6 - Nephrology; M7 - Neurology; M8 - Pulmonology; M9 - Dermatology; M10 - Rheumatology; M11 - Endocrinology; M12 - Gastroenterology; M14 - Thalassemia; M15 - Medical Oncology; M16 - Radiation Oncology
1169,UPHC Shamsheernagar,Government-DPH,Mancherial,Bellampally,Bellampalli,Dr. Krishna (9494432349),S1 - General Surgery; S2 - Ent Surgery; S3 - Ophthalmology Surgery; S4 - Gynaecology And Obstetrics Surgery; S5 - Orthopedic Surgery And Procedures; S6 - Surgical Gastro Enterology; S7 - Cardiac And Cardiothoracic Surgery; S8 - Pediatric Surgeries; S9 - Genito Urinary Surgeries; S10 - Neurosurgery; S11 - Surgical Oncology; S14 - Plastic Surgery; S15 - Poly Trauma; S16 - Cochlear Implant Surgery; S17 - Prostheses; S20 - Unspecified Surgical Package; M1 - Critical Care; M2 - General Medicine; M3 - Infectious Diseases; M4 - Pediatrics; M5 - Cardiology; M6 - Nephrology; M7 - Neurology; M8 - Pulmonology; M9 - Dermatology; M10 - Rheumatology; M11 - Endocrinology; M12 - Gastroenterology; M14 - Thalassemia; M15 - Medical Oncology; M16 - Radiation Oncology
1170,UPHC Shanti Nagar,Government-DPH,Hyderabad,Bahadurpura,Ghmc,Dr.Maheshwar (9966661530),S1 - General Surgery; S2 - Ent Surgery; S3 - Ophthalmology Surgery; S4 - Gynaecology And Obstetrics Surgery; S5 - Orthopedic Surgery And Procedures; S6 - Surgical Gastro Enterology; S7 - Cardiac And Cardiothoracic Surgery; S8 - Pediatric Surgeries; S9 - Genito Urinary Surgeries; S10 - Neurosurgery; S11 - Surgical Oncology; S14 - Plastic Surgery; S15 - Poly Trauma; S16 - Cochlear Implant Surgery; S17 - Prostheses; S20 - Unspecified Surgical Package; M1 - Critical Care; M2 - General Medicine; M3 - Infectious Diseases; M4 - Pediatrics; M5 - Cardiology; M6 - Nephrology; M7 - Neurology; M8 - Pulmonology; M9 - Dermatology; M10 - Rheumatology; M11 - Endocrinology; M12 - Gastroenterology; M14 - Thalassemia; M15 - Medical Oncology; M16 - Radiation Oncology
1171,UPHC Shapur Nagar,Government-DPH,Medchal-Malkajgiri,Quthbullapur,Ghmc,B .Navaneetha (99599 91981),S1 - General Surgery; S2 - Ent Surgery; S3 - Ophthalmology Surgery; S4 - Gynaecology And Obstetrics Surgery; S5 - Orthopedic Surgery And Procedures; S6 - Surgical Gastro Enterology; S7 - Cardiac And Cardiothoracic Surgery; S8 - Pediatric Surgeries; S9 - Genito Urinary Surgeries; S10 - Neurosurgery; S11 - Surgical Oncology; S14 - Plastic Surgery; S15 - Poly Trauma; S16 - Cochlear Implant Surgery; S17 - Prostheses; S20 - Unspecified Surgical Package; M1 - Critical Care; M2 - General Medicine; M3 - Infectious Diseases; M4 - Pediatrics; M5 - Cardiology; M6 - Nephrology; M7 - Neurology; M8 - Pulmonology; M9 - Dermatology; M10 - Rheumatology; M11 - Endocrinology; M12 - Gastroenterology; M14 - Thalassemia; M15 - Medical Oncology; M16 - Radiation Oncology
1172,UPHC Shayampet,Government-DPH,Hanumakonda,Hanamkonda,Warangal,Dr.B.Mounika (6309610848); Dr.Priyanka (7013492833),S1 - General Surgery; S2 - Ent Surgery; S3 - Ophthalmology Surgery; S4 - Gynaecology And Obstetrics Surgery; S5 - Orthopedic Surgery And Procedures; S6 - Surgical Gastro Enterology; S7 - Cardiac And Cardiothoracic Surgery; S8 - Pediatric Surgeries; S9 - Genito Urinary Surgeries; S10 - Neurosurgery; S11 - Surgical Oncology; S14 - Plastic Surgery; S15 - Poly Trauma; S16 - Cochlear Implant Surgery; S17 - Prostheses; S20 - Unspecified Surgical Package; M1 - Critical Care; M2 - General Medicine; M3 - Infectious Diseases; M4 - Pediatrics; M5 - Cardiology; M6 - Nephrology; M7 - Neurology; M8 - Pulmonology; M9 - Dermatology; M10 - Rheumatology; M11 - Endocrinology; M12 - Gastroenterology; M14 - Thalassemia; M15 - Medical Oncology; M16 - Radiation Oncology
1173,UPHC Shivarampally,Government-DPH,Rangareddy,Rajendranagar,Ghmc,Dr. Vandana Rajan (7989015578),S1 - General Surgery; S2 - Ent Surgery; S3 - Ophthalmology Surgery; S4 - Gynaecology And Obstetrics Surgery; S5 - Orthopedic Surgery And Procedures; S6 - Surgical Gastro Enterology; S7 - Cardiac And Cardiothoracic Surgery; S8 - Pediatric Surgeries; S9 - Genito Urinary Surgeries; S10 - Neurosurgery; S11 - Surgical Oncology; S14 - Plastic Surgery; S15 - Poly Trauma; S16 - Cochlear Implant Surgery; S17 - Prostheses; S20 - Unspecified Surgical Package; M1 - Critical Care; M2 - General Medicine; M3 - Infectious Diseases; M4 - Pediatrics; M5 - Cardiology; M6 - Nephrology; M7 - Neurology; M8 - Pulmonology; M9 - Dermatology; M10 - Rheumatology; M11 - Endocrinology; M12 - Gastroenterology; M14 - Thalassemia; M15 - Medical Oncology; M16 - Radiation Oncology
1174,UPHC Showkath Nagar,Government-DPH,Hyderabad,Shaikpet,Ghmc,Dr.M.Venkatram (9052655279),S1 - General Surgery; S2 - Ent Surgery; S3 - Ophthalmology Surgery; S4 - Gynaecology And Obstetrics Surgery; S5 - Orthopedic Surgery And Procedures; S6 - Surgical Gastro Enterology; S7 - Cardiac And Cardiothoracic Surgery; S8 - Pediatric Surgeries; S9 - Genito Urinary Surgeries; S10 - Neurosurgery; S11 - Surgical Oncology; S14 - Plastic Surgery; S15 - Poly Trauma; S16 - Cochlear Implant Surgery; S17 - Prostheses; S20 - Unspecified Surgical Package; M1 - Critical Care; M2 - General Medicine; M3 - Infectious Diseases; M4 - Pediatrics; M5 - Cardiology; M6 - Nephrology; M7 - Neurology; M8 - Pulmonology; M9 - Dermatology; M10 - Rheumatology; M11 - Endocrinology; M12 - Gastroenterology; M14 - Thalassemia; M15 - Medical Oncology; M16 - Radiation Oncology
1175,UPHC Sirsilk Colony,Government-DPH,Komaram Bheem Asifabad,Kagaznagar,Kagaz Nagar,Dr. Seetharam (7893044538),S1 - General Surgery; S2 - Ent Surgery; S3 - Ophthalmology Surgery; S4 - Gynaecology And Obstetrics Surgery; S5 - Orthopedic Surgery And Procedures; S6 - Surgical Gastro Enterology; S7 - Cardiac And Cardiothoracic Surgery; S8 - Pediatric Surgeries; S9 - Genito Urinary Surgeries; S10 - Neurosurgery; S11 - Surgical Oncology; S14 - Plastic Surgery; S15 - Poly Trauma; S16 - Cochlear Implant Surgery; S17 - Prostheses; S20 - Unspecified Surgical Package; M1 - Critical Care; M2 - General Medicine; M3 - Infectious Diseases; M4 - Pediatrics; M5 - Cardiology; M6 - Nephrology; M7 - Neurology; M8 - Pulmonology; M9 - Dermatology; M10 - Rheumatology; M11 - Endocrinology; M12 - Gastroenterology; M14 - Thalassemia; M15 - Medical Oncology; M16 - Radiation Oncology
1176,UPHC Somidi,Government-DPH,Hanumakonda,Khazipet,Warangal,Dr.M.Archana (7799679728); Dr.Madhu Latha (7893671176),S1 - General Surgery; S2 - Ent Surgery; S3 - Ophthalmology Surgery; S4 - Gynaecology And Obstetrics Surgery; S5 - Orthopedic Surgery And Procedures; S6 - Surgical Gastro Enterology; S7 - Cardiac And Cardiothoracic Surgery; S8 - Pediatric Surgeries; S9 - Genito Urinary Surgeries; S10 - Neurosurgery; S11 - Surgical Oncology; S14 - Plastic Surgery; S15 - Poly Trauma; S16 - Cochlear Implant Surgery; S17 - Prostheses; S20 - Unspecified Surgical Package; M1 - Critical Care; M2 - General Medicine; M3 - Infectious Diseases; M4 - Pediatrics; M5 - Cardiology; M6 - Nephrology; M7 - Neurology; M8 - Pulmonology; M9 - Dermatology; M10 - Rheumatology; M11 - Endocrinology; M12 - Gastroenterology; M14 - Thalassemia; M15 - Medical Oncology; M16 - Radiation Oncology
1177,UPHC Sri Ram Nagar,Government-DPH,Hyderabad,Khairthabad,Ghmc,Dr L. Prem Ashritha (8790594868),S1 - General Surgery; S2 - Ent Surgery; S3 - Ophthalmology Surgery; S4 - Gynaecology And Obstetrics Surgery; S5 - Orthopedic Surgery And Procedures; S6 - Surgical Gastro Enterology; S7 - Cardiac And Cardiothoracic Surgery; S8 - Pediatric Surgeries; S9 - Genito Urinary Surgeries; S10 - Neurosurgery; S11 - Surgical Oncology; S14 - Plastic Surgery; S15 - Poly Trauma; S16 - Cochlear Implant Surgery; S17 - Prostheses; S20 - Unspecified Surgical Package; M1 - Critical Care; M2 - General Medicine; M3 - Infectious Diseases; M4 - Pediatrics; M5 - Cardiology; M6 - Nephrology; M7 - Neurology; M8 - Pulmonology; M9 - Dermatology; M10 - Rheumatology; M11 - Endocrinology; M12 - Gastroenterology; M14 - Thalassemia; M15 - Medical Oncology; M16 - Radiation Oncology
1178,UPHC Srinivasa Nagar,Government-DPH,Khammam,Khammam (Urban),Khammam,T. Sreshta Saphalya (8790713040),S1 - General Surgery; S2 - Ent Surgery; S3 - Ophthalmology Surgery; S4 - Gynaecology And Obstetrics Surgery; S5 - Orthopedic Surgery And Procedures; S6 - Surgical Gastro Enterology; S7 - Cardiac And Cardiothoracic Surgery; S8 - Pediatric Surgeries; S9 - Genito Urinary Surgeries; S10 - Neurosurgery; S11 - Surgical Oncology; S14 - Plastic Surgery; S15 - Poly Trauma; S16 - Cochlear Implant Surgery; S17 - Prostheses; S20 - Unspecified Surgical Package; M1 - Critical Care; M2 - General Medicine; M3 - Infectious Diseases; M4 - Pediatrics; M5 - Cardiology; M6 - Nephrology; M7 - Neurology; M8 - Pulmonology; M9 - Dermatology; M10 - Rheumatology; M11 - Endocrinology; M12 - Gastroenterology; M14 - Thalassemia; M15 - Medical Oncology; M16 - Radiation Oncology
1179,UPHC Subhash Nagar,Government-DPH,Medchal-Malkajgiri,Secundrabad,Ghmc,Dr.Ajay Goud (7981238439),S1 - General Surgery; S2 - Ent Surgery; S3 - Ophthalmology Surgery; S4 - Gynaecology And Obstetrics Surgery; S5 - Orthopedic Surgery And Procedures; S6 - Surgical Gastro Enterology; S7 - Cardiac And Cardiothoracic Surgery; S8 - Pediatric Surgeries; S9 - Genito Urinary Surgeries; S10 - Neurosurgery; S11 - Surgical Oncology; S14 - Plastic Surgery; S15 - Poly Trauma; S16 - Cochlear Implant Surgery; S17 - Prostheses; S20 - Unspecified Surgical Package; M1 - Critical Care; M2 - General Medicine; M3 - Infectious Diseases; M4 - Pediatrics; M5 - Cardiology; M6 - Nephrology; M7 - Neurology; M8 - Pulmonology; M9 - Dermatology; M10 - Rheumatology; M11 - Endocrinology; M12 - Gastroenterology; M14 - Thalassemia; M15 - Medical Oncology; M16 - Radiation Oncology
1180,UPHC Sulthan Bazar,Government-DPH,Hyderabad,Nampally,Ghmc,Dr. G. Vasanth Kumar (7416549495),S1 - General Surgery; S2 - Ent Surgery; S3 - Ophthalmology Surgery; S4 - Gynaecology And Obstetrics Surgery; S5 - Orthopedic Surgery And Procedures; S6 - Surgical Gastro Enterology; S7 - Cardiac And Cardiothoracic Surgery; S8 - Pediatric Surgeries; S9 - Genito Urinary Surgeries; S10 - Neurosurgery; S11 - Surgical Oncology; S14 - Plastic Surgery; S15 - Poly Trauma; S16 - Cochlear Implant Surgery; S17 - Prostheses; S20 - Unspecified Surgical Package; M1 - Critical Care; M2 - General Medicine; M3 - Infectious Diseases; M4 - Pediatrics; M5 - Cardiology; M6 - Nephrology; M7 - Neurology; M8 - Pulmonology; M9 - Dermatology; M10 - Rheumatology; M11 - Endocrinology; M12 - Gastroenterology; M14 - Thalassemia; M15 - Medical Oncology; M16 - Radiation Oncology
1181,UPHC Suraram Colony,Government-DPH,Medchal-Malkajgiri,Quthbullapur,Ghmc,Dr.Sheeranaz (99080 45405),S1 - General Surgery; S2 - Ent Surgery; S3 - Ophthalmology Surgery; S4 - Gynaecology And Obstetrics Surgery; S5 - Orthopedic Surgery And Procedures; S6 - Surgical Gastro Enterology; S7 - Cardiac And Cardiothoracic Surgery; S8 - Pediatric Surgeries; S9 - Genito Urinary Surgeries; S10 - Neurosurgery; S11 - Surgical Oncology; S14 - Plastic Surgery; S15 - Poly Trauma; S16 - Cochlear Implant Surgery; S17 - Prostheses; S20 - Unspecified Surgical Package; M1 - Critical Care; M2 - General Medicine; M3 - Infectious Diseases; M4 - Pediatrics; M5 - Cardiology; M6 - Nephrology; M7 - Neurology; M8 - Pulmonology; M9 - Dermatology; M10 - Rheumatology; M11 - Endocrinology; M12 - Gastroenterology; M14 - Thalassemia; M15 - Medical Oncology; M16 - Radiation Oncology
1182,UPHC Syed Nagar,Government-DPH,Hyderabad,Nampally,Ghmc,Dr.M.Pavani (9490738605),S1 - General Surgery; S2 - Ent Surgery; S3 - Ophthalmology Surgery; S4 - Gynaecology And Obstetrics Surgery; S5 - Orthopedic Surgery And Procedures; S6 - Surgical Gastro Enterology; S7 - Cardiac And Cardiothoracic Surgery; S8 - Pediatric Surgeries; S9 - Genito Urinary Surgeries; S10 - Neurosurgery; S11 - Surgical Oncology; S14 - Plastic Surgery; S15 - Poly Trauma; S16 - Cochlear Implant Surgery; S17 - Prostheses; S20 - Unspecified Surgical Package; M1 - Critical Care; M2 - General Medicine; M3 - Infectious Diseases; M4 - Pediatrics; M5 - Cardiology; M6 - Nephrology; M7 - Neurology; M8 - Pulmonology; M9 - Dermatology; M10 - Rheumatology; M11 - Endocrinology; M12 - Gastroenterology; M14 - Thalassemia; M15 - Medical Oncology; M16 - Radiation Oncology
1183,UPHC Taramaidan,Government-DPH,Hyderabad,Bahadurpura,Ghmc,Dr. Rajashekar Reddy (7382058478),S1 - General Surgery; S2 - Ent Surgery; S3 - Ophthalmology Surgery; S4 - Gynaecology And Obstetrics Surgery; S5 - Orthopedic Surgery And Procedures; S6 - Surgical Gastro Enterology; S7 - Cardiac And Cardiothoracic Surgery; S8 - Pediatric Surgeries; S9 - Genito Urinary Surgeries; S10 - Neurosurgery; S11 - Surgical Oncology; S14 - Plastic Surgery; S15 - Poly Trauma; S16 - Cochlear Implant Surgery; S17 - Prostheses; S20 - Unspecified Surgical Package; M1 - Critical Care; M2 - General Medicine; M3 - Infectious Diseases; M4 - Pediatrics; M5 - Cardiology; M6 - Nephrology; M7 - Neurology; M8 - Pulmonology; M9 - Dermatology; M10 - Rheumatology; M11 - Endocrinology; M12 - Gastroenterology; M14 - Thalassemia; M15 - Medical Oncology; M16 - Radiation Oncology
1184,UPHC Teegalkunta,Government-DPH,Hyderabad,Bahadurpura,Ghmc,Dr. M. Santhoshi Jaha (8309731335),S1 - General Surgery; S2 - Ent Surgery; S3 - Ophthalmology Surgery; S4 - Gynaecology And Obstetrics Surgery; S5 - Orthopedic Surgery And Procedures; S6 - Surgical Gastro Enterology; S7 - Cardiac And Cardiothoracic Surgery; S8 - Pediatric Surgeries; S9 - Genito Urinary Surgeries; S10 - Neurosurgery; S11 - Surgical Oncology; S14 - Plastic Surgery; S15 - Poly Trauma; S16 - Cochlear Implant Surgery; S17 - Prostheses; S20 - Unspecified Surgical Package; M1 - Critical Care; M2 - General Medicine; M3 - Infectious Diseases; M4 - Pediatrics; M5 - Cardiology; M6 - Nephrology; M7 - Neurology; M8 - Pulmonology; M9 - Dermatology; M10 - Rheumatology; M11 - Endocrinology; M12 - Gastroenterology; M14 - Thalassemia; M15 - Medical Oncology; M16 - Radiation Oncology
1185,UPHC Tilak Nagar,Government-DPH,Hyderabad,Amberpet,Ghmc,Dr. Asritha (8106147399); Dr. Deepthi Patel (7730036242),S1 - General Surgery; S2 - Ent Surgery; S3 - Ophthalmology Surgery; S4 - Gynaecology And Obstetrics Surgery; S5 - Orthopedic Surgery And Procedures; S6 - Surgical Gastro Enterology; S7 - Cardiac And Cardiothoracic Surgery; S8 - Pediatric Surgeries; S9 - Genito Urinary Surgeries; S10 - Neurosurgery; S11 - Surgical Oncology; S14 - Plastic Surgery; S15 - Poly Trauma; S16 - Cochlear Implant Surgery; S17 - Prostheses; S20 - Unspecified Surgical Package; M1 - Critical Care; M2 - General Medicine; M3 - Infectious Diseases; M4 - Pediatrics; M5 - Cardiology; M6 - Nephrology; M7 - Neurology; M8 - Pulmonology; M9 - Dermatology; M10 - Rheumatology; M11 - Endocrinology; M12 - Gastroenterology; M14 - Thalassemia; M15 - Medical Oncology; M16 - Radiation Oncology
1186,UPHC Tirumalgiri,Government,Hyderabad,Tirumalagiry,Ghmc,Dr Arun Kumar Joshi (9849192594); Dr K Sushmitha (9502031613),S1 - General Surgery; S2 - Ent Surgery; S3 - Ophthalmology Surgery; S4 - Gynaecology And Obstetrics Surgery; S5 - Orthopedic Surgery And Procedures; S6 - Surgical Gastro Enterology; S7 - Cardiac And Cardiothoracic Surgery; S8 - Pediatric Surgeries; S9 - Genito Urinary Surgeries; S10 - Neurosurgery; S11 - Surgical Oncology; S14 - Plastic Surgery; S15 - Poly Trauma; S16 - Cochlear Implant Surgery; S17 - Prostheses; S20 - Unspecified Surgical Package; M1 - Critical Care; M2 - General Medicine; M3 - Infectious Diseases; M4 - Pediatrics; M5 - Cardiology; M6 - Nephrology; M7 - Neurology; M8 - Pulmonology; M9 - Dermatology; M10 - Rheumatology; M11 - Endocrinology; M12 - Gastroenterology; M14 - Thalassemia; M15 - Medical Oncology; M16 - Radiation Oncology
1187,UPHC Tukaram Gate,Government-DPH,Hyderabad,Marredpally,Ghmc,Dr. D Sousheelya Rani (6301332649),S1 - General Surgery; S2 - Ent Surgery; S3 - Ophthalmology Surgery; S4 - Gynaecology And Obstetrics Surgery; S5 - Orthopedic Surgery And Procedures; S6 - Surgical Gastro Enterology; S7 - Cardiac And Cardiothoracic Surgery; S8 - Pediatric Surgeries; S9 - Genito Urinary Surgeries; S10 - Neurosurgery; S11 - Surgical Oncology; S14 - Plastic Surgery; S15 - Poly Trauma; S16 - Cochlear Implant Surgery; S17 - Prostheses; S20 - Unspecified Surgical Package; M1 - Critical Care; M2 - General Medicine; M3 - Infectious Diseases; M4 - Pediatrics; M5 - Cardiology; M6 - Nephrology; M7 - Neurology; M8 - Pulmonology; M9 - Dermatology; M10 - Rheumatology; M11 - Endocrinology; M12 - Gastroenterology; M14 - Thalassemia; M15 - Medical Oncology; M16 - Radiation Oncology
1188,UPHC Umda Bazar,Government-DPH,Hyderabad,Bahadurpura,Ghmc,Dr.A.Veena (9441314007),S1 - General Surgery; S2 - Ent Surgery; S3 - Ophthalmology Surgery; S4 - Gynaecology And Obstetrics Surgery; S5 - Orthopedic Surgery And Procedures; S6 - Surgical Gastro Enterology; S7 - Cardiac And Cardiothoracic Surgery; S8 - Pediatric Surgeries; S9 - Genito Urinary Surgeries; S10 - Neurosurgery; S11 - Surgical Oncology; S14 - Plastic Surgery; S15 - Poly Trauma; S16 - Cochlear Implant Surgery; S17 - Prostheses; S20 - Unspecified Surgical Package; M1 - Critical Care; M2 - General Medicine; M3 - Infectious Diseases; M4 - Pediatrics; M5 - Cardiology; M6 - Nephrology; M7 - Neurology; M8 - Pulmonology; M9 - Dermatology; M10 - Rheumatology; M11 - Endocrinology; M12 - Gastroenterology; M14 - Thalassemia; M15 - Medical Oncology; M16 - Radiation Oncology
1189,UPHC Uppuguda,Government-DPH,Hyderabad,Bandlaguda,Ghmc,I-C Dr .N Muralidhar (8328478068),S1 - General Surgery; S2 - Ent Surgery; S3 - Ophthalmology Surgery; S4 - Gynaecology And Obstetrics Surgery; S5 - Orthopedic Surgery And Procedures; S6 - Surgical Gastro Enterology; S7 - Cardiac And Cardiothoracic Surgery; S8 - Pediatric Surgeries; S9 - Genito Urinary Surgeries; S10 - Neurosurgery; S11 - Surgical Oncology; S14 - Plastic Surgery; S15 - Poly Trauma; S16 - Cochlear Implant Surgery; S17 - Prostheses; S20 - Unspecified Surgical Package; M1 - Critical Care; M2 - General Medicine; M3 - Infectious Diseases; M4 - Pediatrics; M5 - Cardiology; M6 - Nephrology; M7 - Neurology; M8 - Pulmonology; M9 - Dermatology; M10 - Rheumatology; M11 - Endocrinology; M12 - Gastroenterology; M14 - Thalassemia; M15 - Medical Oncology; M16 - Radiation Oncology
1190,UPHC Vemulawada,Government-DPH,Rajanna Sircilla,Vemulawada,Vemulawada,Dr.M.Mahesh (9533077882); Dr.E.Venkatesh (7702485132),S1 - General Surgery; S2 - Ent Surgery; S3 - Ophthalmology Surgery; S4 - Gynaecology And Obstetrics Surgery; S5 - Orthopedic Surgery And Procedures; S6 - Surgical Gastro Enterology; S7 - Cardiac And Cardiothoracic Surgery; S8 - Pediatric Surgeries; S9 - Genito Urinary Surgeries; S10 - Neurosurgery; S11 - Surgical Oncology; S14 - Plastic Surgery; S15 - Poly Trauma; S16 - Cochlear Implant Surgery; S17 - Prostheses; S20 - Unspecified Surgical Package; M1 - Critical Care; M2 - General Medicine; M3 - Infectious Diseases; M4 - Pediatrics; M5 - Cardiology; M6 - Nephrology; M7 - Neurology; M8 - Pulmonology; M9 - Dermatology; M10 - Rheumatology; M11 - Endocrinology; M12 - Gastroenterology; M14 - Thalassemia; M15 - Medical Oncology; M16 - Radiation Oncology
1191,UPHC Venkateshwara Nagar,Government-DPH,Khammam,Khammam (Urban),Khammam,Dr.A.Thribhuvana Bhargavi (9908171127),S1 - General Surgery; S2 - Ent Surgery; S3 - Ophthalmology Surgery; S4 - Gynaecology And Obstetrics Surgery; S5 - Orthopedic Surgery And Procedures; S6 - Surgical Gastro Enterology; S7 - Cardiac And Cardiothoracic Surgery; S8 - Pediatric Surgeries; S9 - Genito Urinary Surgeries; S10 - Neurosurgery; S11 - Surgical Oncology; S14 - Plastic Surgery; S15 - Poly Trauma; S16 - Cochlear Implant Surgery; S17 - Prostheses; S20 - Unspecified Surgical Package; M1 - Critical Care; M2 - General Medicine; M3 - Infectious Diseases; M4 - Pediatrics; M5 - Cardiology; M6 - Nephrology; M7 - Neurology; M8 - Pulmonology; M9 - Dermatology; M10 - Rheumatology; M11 - Endocrinology; M12 - Gastroenterology; M14 - Thalassemia; M15 - Medical Oncology; M16 - Radiation Oncology
1192,UPHC Venkatreddy Nagar,Government-DPH,Medchal-Malkajgiri,Uppal,Boduppal,Dr Mamatha (9441593042),S1 - General Surgery; S2 - Ent Surgery; S3 - Ophthalmology Surgery; S4 - Gynaecology And Obstetrics Surgery; S5 - Orthopedic Surgery And Procedures; S6 - Surgical Gastro Enterology; S7 - Cardiac And Cardiothoracic Surgery; S8 - Pediatric Surgeries; S9 - Genito Urinary Surgeries; S10 - Neurosurgery; S11 - Surgical Oncology; S14 - Plastic Surgery; S15 - Poly Trauma; S16 - Cochlear Implant Surgery; S17 - Prostheses; S20 - Unspecified Surgical Package; M1 - Critical Care; M2 - General Medicine; M3 - Infectious Diseases; M4 - Pediatrics; M5 - Cardiology; M6 - Nephrology; M7 - Neurology; M8 - Pulmonology; M9 - Dermatology; M10 - Rheumatology; M11 - Endocrinology; M12 - Gastroenterology; M14 - Thalassemia; M15 - Medical Oncology; M16 - Radiation Oncology
1193,UPHC Vidyanagar,Government-DPH,Karimnagar,Karimnagar,-,Dr.Sharanya (7799636639),S1 - General Surgery; S2 - Ent Surgery; S3 - Ophthalmology Surgery; S4 - Gynaecology And Obstetrics Surgery; S5 - Orthopedic Surgery And Procedures; S6 - Surgical Gastro Enterology; S7 - Cardiac And Cardiothoracic Surgery; S8 - Pediatric Surgeries; S9 - Genito Urinary Surgeries; S10 - Neurosurgery; S11 - Surgical Oncology; S14 - Plastic Surgery; S15 - Poly Trauma; S16 - Cochlear Implant Surgery; S17 - Prostheses; S20 - Unspecified Surgical Package; M1 - Critical Care; M2 - General Medicine; M3 - Infectious Diseases; M4 - Pediatrics; M5 - Cardiology; M6 - Nephrology; M7 - Neurology; M8 - Pulmonology; M9 - Dermatology; M10 - Rheumatology; M11 - Endocrinology; M12 - Gastroenterology; M14 - Thalassemia; M15 - Medical Oncology; M16 - Radiation Oncology
1194,UPHC Vinayak Nagar,Government-DPH,Hyderabad,Shaikpet,Ghmc,Dr. Javaria Begum (8500111195),S1 - General Surgery; S2 - Ent Surgery; S3 - Ophthalmology Surgery; S4 - Gynaecology And Obstetrics Surgery; S5 - Orthopedic Surgery And Procedures; S6 - Surgical Gastro Enterology; S7 - Cardiac And Cardiothoracic Surgery; S8 - Pediatric Surgeries; S9 - Genito Urinary Surgeries; S10 - Neurosurgery; S11 - Surgical Oncology; S14 - Plastic Surgery; S15 - Poly Trauma; S16 - Cochlear Implant Surgery; S17 - Prostheses; S20 - Unspecified Surgical Package; M1 - Critical Care; M2 - General Medicine; M3 - Infectious Diseases; M4 - Pediatrics; M5 - Cardiology; M6 - Nephrology; M7 - Neurology; M8 - Pulmonology; M9 - Dermatology; M10 - Rheumatology; M11 - Endocrinology; M12 - Gastroenterology; M14 - Thalassemia; M15 - Medical Oncology; M16 - Radiation Oncology
1195,UPHC Vinayaknagar,Government-DPH,Medchal-Malkajgiri,Malkajgiri,Ghmc,Dr Asra Ameen (9052208035),S1 - General Surgery; S2 - Ent Surgery; S3 - Ophthalmology Surgery; S4 - Gynaecology And Obstetrics Surgery; S5 - Orthopedic Surgery And Procedures; S6 - Surgical Gastro Enterology; S7 - Cardiac And Cardiothoracic Surgery; S8 - Pediatric Surgeries; S9 - Genito Urinary Surgeries; S10 - Neurosurgery; S11 - Surgical Oncology; S14 - Plastic Surgery; S15 - Poly Trauma; S16 - Cochlear Implant Surgery; S17 - Prostheses; S20 - Unspecified Surgical Package; M1 - Critical Care; M2 - General Medicine; M3 - Infectious Diseases; M4 - Pediatrics; M5 - Cardiology; M6 - Nephrology; M7 - Neurology; M8 - Pulmonology; M9 - Dermatology; M10 - Rheumatology; M11 - Endocrinology; M12 - Gastroenterology; M14 - Thalassemia; M15 - Medical Oncology; M16 - Radiation Oncology
1196,UPHC Vinayaknagar,Government-DPH,Nizamabad,Nizamabad (North),Nizamabad,Dr.Vidya Sagar (),S1 - General Surgery; S2 - Ent Surgery; S3 - Ophthalmology Surgery; S4 - Gynaecology And Obstetrics Surgery; S5 - Orthopedic Surgery And Procedures; S6 - Surgical Gastro Enterology; S7 - Cardiac And Cardiothoracic Surgery; S8 - Pediatric Surgeries; S9 - Genito Urinary Surgeries; S10 - Neurosurgery; S11 - Surgical Oncology; S14 - Plastic Surgery; S15 - Poly Trauma; S16 - Cochlear Implant Surgery; S17 - Prostheses; M1 - Critical Care; M2 - General Medicine; M3 - Infectious Diseases; M4 - Pediatrics; M5 - Cardiology; M6 - Nephrology; M7 - Neurology; M8 - Pulmonology; M9 - Dermatology; M10 - Rheumatology; M11 - Endocrinology; M12 - Gastroenterology; M14 - Thalassemia; S19.1 - Liver Transplantation Surgery; S19.2 - Heart Transplantation Surgery; S19.3 - Renal Transplantation Surgery; S19.4 - Lung Transplantation Surgery; S19.5 - Allogenic Stem Cell Transplantation; S19.6 - Autologous Stem Cell Transplantation; S19.7 - Heart And Lung Transplantation Surgery; M15 - Medical Oncology; M16 - Radiation Oncology
1197,UPHC Waddepally,Government-DPH,Hanumakonda,Hanamkonda,Warangal,Dr.Malika (7981319343); Dr.P.Tejaswi (9701461635),S1 - General Surgery; S2 - Ent Surgery; S3 - Ophthalmology Surgery; S4 - Gynaecology And Obstetrics Surgery; S5 - Orthopedic Surgery And Procedures; S6 - Surgical Gastro Enterology; S7 - Cardiac And Cardiothoracic Surgery; S8 - Pediatric Surgeries; S9 - Genito Urinary Surgeries; S10 - Neurosurgery; S11 - Surgical Oncology; S14 - Plastic Surgery; S15 - Poly Trauma; S16 - Cochlear Implant Surgery; S17 - Prostheses; S20 - Unspecified Surgical Package; M1 - Critical Care; M2 - General Medicine; M3 - Infectious Diseases; M4 - Pediatrics; M5 - Cardiology; M6 - Nephrology; M7 - Neurology; M8 - Pulmonology; M9 - Dermatology; M10 - Rheumatology; M11 - Endocrinology; M12 - Gastroenterology; M14 - Thalassemia; M15 - Medical Oncology; M16 - Radiation Oncology
1198,UPHC Wankidi,Government-TVVP,Komaram Bheem Asifabad,Wankidi,-,Ade Shankar (9502454514); Dougre Darmashela (8897511196),S1 - General Surgery; S2 - Ent Surgery; S3 - Ophthalmology Surgery; S4 - Gynaecology And Obstetrics Surgery; S5 - Orthopedic Surgery And Procedures; S6 - Surgical Gastro Enterology; S7 - Cardiac And Cardiothoracic Surgery; S8 - Pediatric Surgeries; S9 - Genito Urinary Surgeries; S10 - Neurosurgery; S11 - Surgical Oncology; S14 - Plastic Surgery; S15 - Poly Trauma; S16 - Cochlear Implant Surgery; S17 - Prostheses; M1 - Critical Care; M2 - General Medicine; M3 - Infectious Diseases; M4 - Pediatrics; M5 - Cardiology; M6 - Nephrology; M7 - Neurology; M8 - Pulmonology; M9 - Dermatology; M10 - Rheumatology; M11 - Endocrinology; M12 - Gastroenterology; M14 - Thalassemia; S19.1 - Liver Transplantation Surgery; S19.2 - Heart Transplantation Surgery; S19.3 - Renal Transplantation Surgery; S19.4 - Lung Transplantation Surgery; S19.5 - Allogenic Stem Cell Transplantation; S19.6 - Autologous Stem Cell Transplantation; S19.7 - Heart And Lung Transplantation Surgery; M15 - Medical Oncology; M16 - Radiation Oncology
1199,UPHC Yakutpura I,Government-DPH,Hyderabad,Charminar,Ghmc,Dr Hafsa Saleem (9000801605),S1 - General Surgery; S2 - Ent Surgery; S3 - Ophthalmology Surgery; S4 - Gynaecology And Obstetrics Surgery; S5 - Orthopedic Surgery And Procedures; S6 - Surgical Gastro Enterology; S7 - Cardiac And Cardiothoracic Surgery; S8 - Pediatric Surgeries; S9 - Genito Urinary Surgeries; S10 - Neurosurgery; S11 - Surgical Oncology; S14 - Plastic Surgery; S15 - Poly Trauma; S16 - Cochlear Implant Surgery; S17 - Prostheses; S20 - Unspecified Surgical Package; M1 - Critical Care; M2 - General Medicine; M3 - Infectious Diseases; M4 - Pediatrics; M5 - Cardiology; M6 - Nephrology; M7 - Neurology; M8 - Pulmonology; M9 - Dermatology; M10 - Rheumatology; M11 - Endocrinology; M12 - Gastroenterology; M14 - Thalassemia; M15 - Medical Oncology; M16 - Radiation Oncology
1200,UPHC Yakutpura II,Government-DPH,Hyderabad,Charminar,Ghmc,Dr Ayesha Mudassir (9160788872),S1 - General Surgery; S2 - Ent Surgery; S3 - Ophthalmology Surgery; S4 - Gynaecology And Obstetrics Surgery; S5 - Orthopedic Surgery And Procedures; S6 - Surgical Gastro Enterology; S7 - Cardiac And Cardiothoracic Surgery; S8 - Pediatric Surgeries; S9 - Genito Urinary Surgeries; S10 - Neurosurgery; S11 - Surgical Oncology; S14 - Plastic Surgery; S15 - Poly Trauma; S16 - Cochlear Implant Surgery; S17 - Prostheses; S20 - Unspecified Surgical Package; M1 - Critical Care; M2 - General Medicine; M3 - Infectious Diseases; M4 - Pediatrics; M5 - Cardiology; M6 - Nephrology; M7 - Neurology; M8 - Pulmonology; M9 - Dermatology; M10 - Rheumatology; M11 - Endocrinology; M12 - Gastroenterology; M14 - Thalassemia; M15 - Medical Oncology; M16 - Radiation Oncology
1201,UPHC Zaheerabad,Government-DPH,Sangareddy,Zahirabad,Zaheerabad,Dr Prashanthi (9959001154); Dr Hameeda (8328108568),S1 - General Surgery; S2 - Ent Surgery; S3 - Ophthalmology Surgery; S4 - Gynaecology And Obstetrics Surgery; S5 - Orthopedic Surgery And Procedures; S6 - Surgical Gastro Enterology; S7 - Cardiac And Cardiothoracic Surgery; S8 - Pediatric Surgeries; S9 - Genito Urinary Surgeries; S10 - Neurosurgery; S11 - Surgical Oncology; S14 - Plastic Surgery; S15 - Poly Trauma; S16 - Cochlear Implant Surgery; S17 - Prostheses; S20 - Unspecified Surgical Package; M1 - Critical Care; M2 - General Medicine; M3 - Infectious Diseases; M4 - Pediatrics; M5 - Cardiology; M6 - Nephrology; M7 - Neurology; M8 - Pulmonology; M9 - Dermatology; M10 - Rheumatology; M11 - Endocrinology; M12 - Gastroenterology; M14 - Thalassemia; M15 - Medical Oncology; M16 - Radiation Oncology
1202,Unimed Healthcare Pvt Ltd (Star Hospitals),Corporate,Hyderabad,Khairthabad,Ghmc,N.Srishailam (9640053370),S7 - Cardiac And Cardiothoracic Surgery; S9 - Genito Urinary Surgeries; S10 - Neurosurgery; M5 - Cardiology; M6 - Nephrology; M7 - Neurology; S19 - Organ Transplantation Surgery
1203,Vanitha Hospital,Corporate,Narayanpet,Narayanpet,Narayanpet,Sidram Reddy (9491527257),S1 - General Surgery; S4 - Gynaecology And Obstetrics Surgery; S5 - Orthopedic Surgery And Procedures; S15 - Poly Trauma; M2 - General Medicine; M4 - Pediatrics
1204,Varshitha Hospital,Corporate,Nalgonda,Miryalaguda,Miryalaguda,Chndrala Indira Rani (6305334202); Kampasati Nagarau (8886912206),S5 - Orthopedic Surgery And Procedures; S9 - Genito Urinary Surgeries; S15 - Poly Trauma; M6 - Nephrology
1205,"Vasanthi Hospital,Miryalaguda",Corporate,Nalgonda,Miryalaguda,Miryalaguda,Parini Sunitha (7993004544),S5 - Orthopedic Surgery And Procedures; S15 - Poly Trauma
1206,Vasavi Eye Hospital,Corporate,Nizamabad,Nizamabad (North),Nizamabad,M Josphin (8008764373),S3 - Ophthalmology Surgery
1207,Vasavi Hospital,Corporate,Hyderabad,Khairthabad,Ghmc,Rayapati Khasimpeera (8790551898),S1 - General Surgery; S3 - Ophthalmology Surgery; S4 - Gynaecology And Obstetrics Surgery; S5 - Orthopedic Surgery And Procedures; S6 - Surgical Gastro Enterology; S7 - Cardiac And Cardiothoracic Surgery; S8 - Pediatric Surgeries; S9 - Genito Urinary Surgeries; S10 - Neurosurgery; S14 - Plastic Surgery; S15 - Poly Trauma; M1 - Critical Care; M2 - General Medicine; M5 - Cardiology; M6 - Nephrology; M7 - Neurology; M8 - Pulmonology; M11 - Endocrinology; M12 - Gastroenterology
1208,Vascular Care Centre,Corporate,Hyderabad,Khairthabad,Ghmc,Swarnalatha (9346556123),S7 - Cardiac And Cardiothoracic Surgery; S9 - Genito Urinary Surgeries; M5 - Cardiology; M6 - Nephrology
1209,Veena Medicares,Corporate,Hanumakonda,Hanamkonda,Warangal,Satish K(9700060778),S5 - Orthopedic Surgery And Procedures; S15 - Poly Trauma
1210,Venkateshwara Kidney Center,Corporate,Karimnagar,Karimnagar,Karimnagar,Chetti Ugender (9948631384),S1 - General Surgery; S2 - Ent Surgery; S4 - Gynaecology And Obstetrics Surgery; S5 - Orthopedic Surgery And Procedures; S8 - Pediatric Surgeries; S9 - Genito Urinary Surgeries; S10 - Neurosurgery; S15 - Poly Trauma; M2 - General Medicine; M4 - Pediatrics; M6 - Nephrology
1211,Venkateshwara Multispecialty Hospital,Corporate,Warangal,Wardhanna Pet,Wardhannapet,Maheswarapu Sripal (9866778256),S5 - Orthopedic Surgery And Procedures; S15 - Poly Trauma
1212,Venkateswara Hospital,Corporate,Khammam,Khammam (Urban),Khammam,Udutha. Gopi (9705291282),S1 - General Surgery; S5 - Orthopedic Surgery And Procedures; S7 - Cardiac And Cardiothoracic Surgery; S9 - Genito Urinary Surgeries; S15 - Poly Trauma; M5 - Cardiology; M6 - Nephrology
1213,"Vijaya Hospital, Nagaram",Corporate,Medchal-Malkajgiri,Keesara,Nagaram,N.Sandhya Rani (8185809919),S1 - General Surgery; S2 - Ent Surgery; S4 - Gynaecology And Obstetrics Surgery; S5 - Orthopedic Surgery And Procedures; S9 - Genito Urinary Surgeries; S14 - Plastic Surgery; S15 - Poly Trauma; M1 - Critical Care; M2 - General Medicine
1214,Vijaya Hospitals,Corporate,Peddapalli,Peddapalli,Peddapalli,Tandra Chendraiah (9441887701),S1 - General Surgery; S4 - Gynaecology And Obstetrics Surgery; S5 - Orthopedic Surgery And Procedures; S15 - Poly Trauma
1215,Vijayakrishna Multispeciality Hospital,Corporate,Suryapet,Suryapet,Suryapet,Srirangam Ramesh (9989159833); Mudu Sujatha (7989507465),S1 - General Surgery; S4 - Gynaecology And Obstetrics Surgery; S5 - Orthopedic Surgery And Procedures; S9 - Genito Urinary Surgeries; S15 - Poly Trauma; M1 - Critical Care; M2 - General Medicine; M4 - Pediatrics; M6 - Nephrology
1216,Virinchi Heathcare Private Limited,Corporate,Hyderabad,Khairthabad,Ghmc,Togari Vajra (9912254082),S1 - General Surgery; S2 - Ent Surgery; S3 - Ophthalmology Surgery; S5 - Orthopedic Surgery And Procedures; S7 - Cardiac And Cardiothoracic Surgery; S9 - Genito Urinary Surgeries; S10 - Neurosurgery; S15 - Poly Trauma; M1 - Critical Care; M2 - General Medicine; M5 - Cardiology; M6 - Nephrology; M7 - Neurology; M8 - Pulmonology; M12 - Gastroenterology
1217,Vishwas Super Speciality Hospital And Dialysis Centre,Corporate,Hanumakonda,Hanamkonda,Warangal,Pulugu Shirisha (9700792388),S9 - Genito Urinary Surgeries; M6 - Nephrology
1218,Viswa Hrudaya Hospitals,Corporate,Nalgonda,Nalgonda,Nalgonda,V.Nagaraju (9704051568),S7 - Cardiac And Cardiothoracic Surgery; M5 - Cardiology
1219,Viswas Hospitals,Corporate,Rangareddy,Balapur,Meerpet,V.G.S.Prasunamba (9492755077); G.Anil Kumar (9959390394),S1 - General Surgery; S5 - Orthopedic Surgery And Procedures; S5 - Orthopedic Surgery And Procedures; S9 - Genito Urinary Surgeries; S9 - Genito Urinary Surgeries; S15 - Poly Trauma; S15 - Poly Trauma; M1 - Critical Care; M2 - General Medicine; M6 - Nephrology; M14 - Thalassemia
1220,Vittal Multi Speciality Hospital,Corporate,Nalgonda,Nalgonda,Nalgonda,Devireddy Vinodha (9951203261),S5 - Orthopedic Surgery And Procedures; S9 - Genito Urinary Surgeries; S15 - Poly Trauma; M6 - Nephrology
1221,Wellness Hospitals (A Unit of Swasth Medical Associates),Corporate,Rangareddy,Saroornagar,Ghmc,G.Anil Kumar (9959390394); E.Anitha (8919604430),S5 - Orthopedic Surgery And Procedures; S9 - Genito Urinary Surgeries; S10 - Neurosurgery; S15 - Poly Trauma; M6 - Nephrology; M7 - Neurology
1222,Yashoda Hospital (Malakpet),Corporate,Hyderabad,Amberpet,Ghmc,D.Prema Latha(9581133273); Sharath Chandra N(7659091548); M.Swathi (6281558610),S7 - Cardiac And Cardiothoracic Surgery; S11 - Surgical Oncology; S14 - Plastic Surgery; M5 - Cardiology; M5 - Cardiology; M15 - Medical Oncology; M16 - Radiation Oncology
1223,Yashoda Hospitals,Corporate,Hyderabad,Secunderabad,Ghmc,G.Mahesh (8019695856),S7 - Cardiac And Cardiothoracic Surgery; S11 - Surgical Oncology; M5 - Cardiology; S19 - Organ Transplantation Surgery; M15 - Medical Oncology; M16 - Radiation Oncology
1224,Yashoda Hospitals Somajiguda,Corporate,Hyderabad,Khairthabad,Ghmc,Bhutharaju Saidulu (8686585908),S7 - Cardiac And Cardiothoracic Surgery; S9 - Genito Urinary Surgeries; S11 - Surgical Oncology; M5 - Cardiology; M15 - Medical Oncology; M16 - Radiation Oncology
