Sno,Hospital Id,Hospital Name,State,District,,,,Hospital Contact,Specialities Selected,Hospital Type,Empanelment Type,Submitted Date,Status Updated Date,Application Status,OnBoarded For Convergence Scheme,Upgraded Specialities,Current Specialities
1,HOSP36G129420,APOLLO HOSPITALS DRDO,TELANGANA,RANGA REDDY,,,,9949569678,"M1,M1,M2,S8,M1,M7,M1,S7,M2,M3,M4,M5,M6,M8,S1,S10,S11,S12,S13,S14,S15,S16,S2,S3,S4,S5,S6,S7,S8,S9,",Public,Only CGHS,-NA-,-NA-,Hospital Approved for Empanelment,No,NA,"M1, M2, S8, M7, S7, M3, M4, M5, M6, M8, S1, S10, S11, S12, S13, S14, S15, S16, S2, S3, S4, S5, S6, S9"
2,HOSP36G129428,APOLLO HOSPITALS ENTERPRISE LTD HYDERGUDA,TELANGANA,HYDERABAD,,,,9949569678,"M1,M1,M2,S8,M1,M7,M1,S7,S1,S12,S13,S2,S5,S6,S7,S8,S9,",Public,Only CGHS,-NA-,-NA-,Hospital Approved for Empanelment,No,NA,"M1, M2, S8, M7, S7, S1, S12, S13, S2, S5, S6, S9"
3,HOSP36G129517,APOLLO HOSPITALS SECUNDERABAD,TELANGANA,HYDERABAD,,,,9949569678,"M1,M1,M2,S8,M1,M7,M1,S7,S1,S12,S13,S2,S5,S6,S7,S8,S9,",Public,Only CGHS,-NA-,-NA-,Hospital Approved for Empanelment,No,NA,"M1, M2, S8, M7, S7, S1, S12, S13, S2, S5, S6, S9"
4,HOSP36G132844,Gandhi Hospitals,TELANGANA,HYDERABAD,,,,9849902979,"M1,M1,M2,S8,M1,M7,M1,S7,M2,M3,M4,M5,M6,M8,S1,S10,S11,S12,S13,S14,S15,S16,S2,S3,S4,S5,S6,S7,S8,S9,",Public,PMJAY,-NA-,-NA-,Hospital Approved for Empanelment,No,NA,"M1, M2, S8, M7, S7, M3, M4, M5, M6, M8, S1, S10, S11, S12, S13, S14, S15, S16, S2, S3, S4, S5, S6, S9"
5,HOSP36G132845,Niloufer Hospital,TELANGANA,HYDERABAD,,,,9866894898,"M1,M1,M2,S8,M1,M7,M1,S7,M2,M3,M4,M5,M6,M8,S1,S10,S11,S12,S13,S14,S15,S16,S2,S3,S4,S5,S6,S7,S8,S9,",Public,PMJAY,-NA-,-NA-,Hospital Approved for Empanelment,No,NA,"M1, M2, S8, M7, S7, M3, M4, M5, M6, M8, S1, S10, S11, S12, S13, S14, S15, S16, S2, S3, S4, S5, S6, S9"
6,HOSP36G132846,M.N.J.Hospitals,TELANGANA,HYDERABAD,,,,9393723397,"M1,M1,M2,S8,M1,M7,M1,S7,M2,M3,M4,M5,M6,M8,S1,S10,S11,S12,S13,S14,S15,S16,S2,S3,S4,S5,S6,S7,S8,S9,",Public,PMJAY,-NA-,-NA-,Hospital Approved for Empanelment,No,NA,"M1, M2, S8, M7, S7, M3, M4, M5, M6, M8, S1, S10, S11, S12, S13, S14, S15, S16, S2, S3, S4, S5, S6, S9"
7,HOSP36G132847,Govt. Genl. And Chest Hospital,TELANGANA,HYDERABAD,,,,9849902995,"M1,M1,M2,S8,M1,M7,M1,S7,M2,M3,M4,M5,M6,S1,S10,S11,S12,S13,S14,S15,S16,S2,S3,S4,S5,S6,S7,S8,S9,",Public,PMJAY,-NA-,-NA-,Hospital Approved for Empanelment,No,NA,"M1, M2, S8, M7, S7, M3, M4, M5, M6, S1, S10, S11, S12, S13, S14, S15, S16, S2, S3, S4, S5, S6, S9"
8,HOSP36G132848,Osmania General Hospital,TELANGANA,HYDERABAD,,,,9849902978,"M1,M1,M2,S8,M1,M7,M1,S7,M2,M3,M4,M5,M6,M8,S1,S10,S11,S12,S13,S14,S15,S16,S2,S3,S4,S5,S6,S7,S8,S9,",Public,PMJAY,-NA-,-NA-,Hospital Approved for Empanelment,No,NA,"M1, M2, S8, M7, S7, M3, M4, M5, M6, M8, S1, S10, S11, S12, S13, S14, S15, S16, S2, S3, S4, S5, S6, S9"
9,HOSP36G132849,"Govt General Hosptial, Nalgonda",TELANGANA,NALGONDA,,,,9989790036,"M1,M1,M2,S8,M1,M7,M1,S7,M2,S1,S10,S11,S2,S3,S5,S6,",Public,PMJAY,-NA-,-NA-,Hospital Approved for Empanelment,No,NA,"M1, M2, S8, M7, S7, S1, S10, S11, S2, S3, S5, S6"
10,HOSP36G132850,Govt Maternity Hospital Hanmakonda,TELANGANA,WARANGAL URBAN,,,,9849305675,"M2,S15,",Public,PMJAY,-NA-,-NA-,Hospital Approved for Empanelment,No,NA,"M2, S15"
11,HOSP36G132851,Sarojini Devi Eye Hospital,TELANGANA,HYDERABAD,,,,4023317274,"M1,M1,M2,S8,M1,M7,M1,S7,M2,M3,M4,M5,M6,M8,S1,S10,S11,S12,S13,S14,S15,S16,S2,S3,S4,S5,S6,S7,S8,S9,",Public,PMJAY,-NA-,-NA-,Hospital Approved for Empanelment,No,NA,"M1, M2, S8, M7, S7, M3, M4, M5, M6, M8, S1, S10, S11, S12, S13, S14, S15, S16, S2, S3, S4, S5, S6, S9"
12,HOSP36G132852,Dist Hospital Sanga Reddy,TELANGANA,SANGAREDDY,,,,9701800034,"M1,M7,M1,S7,M2,S1,S10,S11,S3,S5,S6,",Public,PMJAY,-NA-,-NA-,Hospital Approved for Empanelment,No,NA,"M1, M7, S7, M2, S1, S10, S11, S3, S5, S6"
13,HOSP36G132853,Area Hospital Medak,TELANGANA,MEDAK,,,,9440383819,"M1,M7,M1,S7,M2,S1,S5,S6,",Public,PMJAY,-NA-,-NA-,Hospital Approved for Empanelment,No,NA,"M1, M7, S7, M2, S1, S5, S6"
14,HOSP36G132854,"Govt Meternity Hospital,Koti",TELANGANA,HYDERABAD,,,,9849902987,"M1,M1,M2,S8,M1,M7,M1,S7,M2,M3,M4,M5,M6,M8,S1,S10,S11,S12,S13,S14,S15,S16,S2,S3,S4,S5,S6,S7,S8,S9,",Public,PMJAY,-NA-,-NA-,Hospital Approved for Empanelment,No,NA,"M1, M2, S8, M7, S7, M3, M4, M5, M6, M8, S1, S10, S11, S12, S13, S14, S15, S16, S2, S3, S4, S5, S6, S9"
15,HOSP36G132855,Superintendent- Govt. Maternity Hospital- Nayapul,TELANGANA,HYDERABAD,,,,9848028160,"M1,M1,M2,S8,M1,M7,M1,S7,M2,M3,M4,M5,M6,M8,S1,S10,S11,S12,S13,S14,S15,S16,S2,S3,S4,S5,S6,S7,S8,S9,",Public,PMJAY,-NA-,-NA-,Hospital Approved for Empanelment,No,NA,"M1, M2, S8, M7, S7, M3, M4, M5, M6, M8, S1, S10, S11, S12, S13, S14, S15, S16, S2, S3, S4, S5, S6, S9"
16,HOSP36G132856,Area Hospital - Mancherial,TELANGANA,MANCHERIAL,,,,9440093820,"M1,M7,M2,S1,S2,S3,S5,S6,",Public,PMJAY,-NA-,-NA-,Hospital Approved for Empanelment,No,NA,"M1, M7, M2, S1, S2, S3, S5, S6"
17,HOSP36G132857,Area Hospital - Gadwal,TELANGANA,JOGULAMBA GADWAL,,,,8008553810,"M1,S7,S10,S11,S4,",Public,PMJAY,-NA-,-NA-,Hospital Approved for Empanelment,No,NA,"M1, S7, S10, S11, S4"
18,HOSP36G132858,GOVERNMENT GENERAL HOSPITAL - SURYAPET,TELANGANA,SURYAPET,,,,9603366863,"M1,M1,M2,S8,M1,M7,M1,S7,M2,S1,S10,S11,S15,S2,S4,S5,S6,S7,",Public,PMJAY,-NA-,-NA-,Hospital Approved for Empanelment,No,NA,"M1, M2, S8, M7, S7, S1, S10, S11, S15, S2, S4, S5, S6"
19,HOSP36G132859,Nims Hospitals,TELANGANA,HYDERABAD,,,,9490076060,"M1,M1,M2,S8,M1,M7,M1,S7,M4,M5,M6,S1,S10,S11,S12,S13,S14,S15,S2,S3,S5,S6,S7,S8,S9,",Public,PMJAY,-NA-,-NA-,Hospital Approved for Empanelment,No,NA,"M1, M2, S8, M7, S7, M4, M5, M6, S1, S10, S11, S12, S13, S14, S15, S2, S3, S5, S6, S9"
20,HOSP36G132860,District Hospital -  Kingkoti,TELANGANA,HYDERABAD,,,,9848136841,"S1,S2,S3,S4,S5,S6,",Public,PMJAY,-NA-,-NA-,Hospital Approved for Empanelment,No,NA,"S1, S2, S3, S4, S5, S6"
21,HOSP36G132861,District Hospital - Karimnagar,TELANGANA,KARIMNAGAR,,,,9603366760,"M1,M7,M1,S7,M2,S1,S2,S3,S4,S5,S6,",Public,PMJAY,-NA-,-NA-,Hospital Approved for Empanelment,No,NA,"M1, M7, S7, M2, S1, S2, S3, S4, S5, S6"
22,HOSP36G132862,District Hospital-Khammam-,TELANGANA,KHAMMAM,,,,9849177140,"M1,M1,M2,S8,M1,M7,M1,S7,M2,S1,S10,S11,S2,S3,S4,S5,S6,",Public,PMJAY,-NA-,-NA-,Hospital Approved for Empanelment,No,NA,"M1, M2, S8, M7, S7, S1, S10, S11, S2, S3, S4, S5, S6"
23,HOSP36G132863,GOVERNMENT GENERAL HOSPITAL  - Nizamabad,TELANGANA,NIZAMABAD,,,,9440723798,"M1,M2,S8,M1,M7,M2,S1,S2,S3,S4,S5,S6,",Public,PMJAY,-NA-,-NA-,Hospital Approved for Empanelment,No,NA,"M1, M2, S8, M7, S1, S2, S3, S4, S5, S6"
24,HOSP36G132864,Government Maternity Hospital Warangal,TELANGANA,WARANGAL URBAN,,,,9849903034,"S15,S4,",Public,PMJAY,-NA-,-NA-,Hospital Approved for Empanelment,No,NA,"S15, S4"
25,HOSP36G132865,Area Hospital - Nampally,TELANGANA,HYDERABAD,,,,8008553890,"M1,M7,M2,M3,S1,S2,S3,S4,S5,",Public,PMJAY,-NA-,-NA-,Hospital Approved for Empanelment,No,NA,"M1, M7, M2, M3, S1, S2, S3, S4, S5"
26,HOSP36G132866,Area Hospital - Kondapur,TELANGANA,RANGA REDDY,,,,9603366540,"M1,M7,M2,S1,S2,S4,S5,S6,",Public,PMJAY,-NA-,-NA-,Hospital Approved for Empanelment,No,NA,"M1, M7, M2, S1, S2, S4, S5, S6"
27,HOSP36G132867,Area Hospital - Golconda,TELANGANA,HYDERABAD,,,,8008553903,"M1,M7,M2,S1,S2,S3,S4,S5,S6,",Public,PMJAY,-NA-,-NA-,Hospital Approved for Empanelment,No,NA,"M1, M7, M2, S1, S2, S3, S4, S5, S6"
28,HOSP36G132868,Area Hospital - Vanasthalipuram,TELANGANA,RANGA REDDY,,,,8008553919,"M1,S7,M2,S1,S4,S5,",Public,PMJAY,-NA-,-NA-,Hospital Approved for Empanelment,No,NA,"M1, S7, M2, S1, S4, S5"
29,HOSP36G132869,Mahatma Gandhi Memorial Hospital,TELANGANA,WARANGAL URBAN,,,,9849903030,"M1,M2,S8,M1,M7,M1,S7,M2,M5,M6,S1,S10,S11,S12,S13,S15,S2,S5,S6,S7,S8,S9,",Public,PMJAY,-NA-,-NA-,Hospital Approved for Empanelment,No,NA,"M1, M2, S8, M7, S7, M5, M6, S1, S10, S11, S12, S13, S15, S2, S5, S6, S9"
30,HOSP36G132870,Mn Area Hospital Hospital Apvvp,TELANGANA,HYDERABAD,,,,9000363708,"M1,M1,M2,S8,M1,M7,M1,S7,M2,M3,M8,S1,S10,S11,S12,S16,S2,S3,S4,S5,S6,S7,S8,S9,",Public,PMJAY,-NA-,-NA-,Hospital Approved for Empanelment,No,NA,"M1, M2, S8, M7, S7, M3, M8, S1, S10, S11, S12, S16, S2, S3, S4, S5, S6, S9"
31,HOSP36G132871,Rims  Hospital,TELANGANA,ADILABAD,,,,9701501055,"M1,M1,M7,M1,S7,M2,M3,M5,S1,S14,S16,S2,S3,S4,S5,S6,S7,",Public,PMJAY,-NA-,-NA-,Hospital Approved for Empanelment,No,NA,"M1, M7, S7, M2, M3, M5, S1, S14, S16, S2, S3, S4, S5, S6"
32,HOSP36G132872,Govt Ent Hospital  - Koti,TELANGANA,HYDERABAD,,,,9885258130,"M1,M1,M2,S8,M1,M7,M1,S7,M2,M3,M4,M5,M6,M8,S1,S10,S11,S12,S13,S14,S15,S16,S2,S3,S4,S5,S6,S7,S8,S9,",Public,PMJAY,-NA-,-NA-,Hospital Approved for Empanelment,No,NA,"M1, M2, S8, M7, S7, M3, M4, M5, M6, M8, S1, S10, S11, S12, S13, S14, S15, S16, S2, S3, S4, S5, S6, S9"
33,HOSP36G132873,Area Hospital - Jagityal,TELANGANA,Jagitial,,,,9948221822,"M1,M7,M1,S7,M2,S1,S10,S11,S14,S2,S4,S5,S6,",Public,PMJAY,-NA-,-NA-,Hospital Approved for Empanelment,No,NA,"M1, M7, S7, M2, S1, S10, S11, S14, S2, S4, S5, S6"
34,HOSP36G132874,Area Hospital - Kothagudem,TELANGANA,BHADRADRI KOTHAGUDEM,,,,8008553195,"M1,M7,M1,S7,M2,S1,S16,S2,S4,S5,S6,",Public,PMJAY,-NA-,-NA-,Hospital Approved for Empanelment,No,NA,"M1, M7, S7, M2, S1, S16, S2, S4, S5, S6"
35,HOSP36G132875,Area Hospital - Badrachalam,TELANGANA,BHADRADRI KOTHAGUDEM,,,,9848076611,"M1,M7,M1,S7,M2,S1,S16,S2,S4,S5,S6,",Public,PMJAY,-NA-,-NA-,Hospital Approved for Empanelment,No,NA,"M1, M7, S7, M2, S1, S16, S2, S4, S5, S6"
36,HOSP36G132876,Shadnagar-Chc,TELANGANA,RANGA REDDY,,,,9848288697,"S4,",Public,PMJAY,-NA-,-NA-,Hospital Approved for Empanelment,No,NA,S4
37,HOSP36G132877,Government Medical college and General Hospital Siddipet,TELANGANA,SIDDIPET,,,,9440785290,"M1,M1,M2,S8,M1,M7,M1,S7,S1,S12,S2,S3,S4,S5,S6,",Public,PMJAY,-NA-,-NA-,Hospital Approved for Empanelment,No,NA,"M1, M2, S8, M7, S7, S1, S12, S2, S3, S4, S5, S6"
38,HOSP36G132878,Area Hospital - Miriyalaguda,TELANGANA,NALGONDA,,,,9848885672,"M1,M2,S8,M1,M7,M1,S7,M2,S2,S5,S6,",Public,PMJAY,-NA-,-NA-,Hospital Approved for Empanelment,No,NA,"M1, M2, S8, M7, S7, S2, S5, S6"
39,HOSP36G132879,Area Hospital - Bongir,TELANGANA,YADADRI BHUVANAGIRI,,,,8008553176,"M2,S1,S2,S4,S5,",Public,PMJAY,-NA-,-NA-,Hospital Approved for Empanelment,No,NA,"M2, S1, S2, S4, S5"
40,HOSP36G132880,Area Hospital - Kamareddy,TELANGANA,KAMAREDDY,,,,8008553963,"M1,M1,M2,S8,M1,M7,M1,S7,M2,S1,S14,S4,S5,",Public,PMJAY,-NA-,-NA-,Hospital Approved for Empanelment,No,NA,"M1, M2, S8, M7, S7, S1, S14, S4, S5"
41,HOSP36G132881,Area Hospital - Banswada,TELANGANA,KAMAREDDY,,,,9985708151,"M1,S7,S1,S4,",Public,PMJAY,-NA-,-NA-,Hospital Approved for Empanelment,No,NA,"M1, S7, S1, S4"
42,HOSP36G132882,Area Hospital - Bodhan,TELANGANA,NIZAMABAD,,,,9392243999,"M1,M2,S8,M1,S7,M2,S1,",Public,PMJAY,-NA-,-NA-,Hospital Approved for Empanelment,No,NA,"M1, M2, S8, S7, S1"
43,HOSP36G132883,Area Hospital - Jangoan,TELANGANA,JANGOAN,,,,9440170178,"M1,M7,M1,S7,M2,S1,S2,S3,S4,S5,",Public,PMJAY,-NA-,-NA-,Hospital Approved for Empanelment,No,NA,"M1, M7, S7, M2, S1, S2, S3, S4, S5"
44,HOSP36G132884,Area Hospital - Mahaboobabad,TELANGANA,MAHABUBABAD,,,,8719246197,"M1,M2,S8,M1,M7,M1,S7,M2,S1,S5,S6,",Public,PMJAY,-NA-,-NA-,Hospital Approved for Empanelment,No,NA,"M1, M2, S8, M7, S7, S1, S5, S6"
45,HOSP36G132885,Govt General Hospital- Mahaboobnagar,TELANGANA,MAHABUBNAGAR,,,,9848225765,"M1,M1,M2,S8,M1,M7,M1,S7,M2,M5,S1,S10,S11,S2,S3,S4,S5,S8,S9,",Public,PMJAY,-NA-,-NA-,Hospital Approved for Empanelment,No,NA,"M1, M2, S8, M7, S7, M5, S1, S10, S11, S2, S3, S4, S5, S9"
46,HOSP36G132886,Govt Area Hospital,TELANGANA,PEDDAPALLI,,,,9347194799,"M1,M7,M1,S7,M2,S1,S3,S4,S5,S6,",Public,PMJAY,-NA-,-NA-,Hospital Approved for Empanelment,No,NA,"M1, M7, S7, M2, S1, S3, S4, S5, S6"
47,HOSP36G132887,Community Health Centre Malkajgiri,TELANGANA,MEDCHAL MALKAJGIRI,,,,6303720053,"M1,M1,M2,S8,M1,M7,M1,S7,M2,M3,M4,M5,M6,M8,S1,S10,S11,S12,S13,S14,S15,S2,S3,S4,S5,S6,S7,S8,S9,",Public,PMJAY,-NA-,-NA-,Hospital Approved for Empanelment,No,NA,"M1, M2, S8, M7, S7, M3, M4, M5, M6, M8, S1, S10, S11, S12, S13, S14, S15, S2, S3, S4, S5, S6, S9"
48,HOSP36G132888,Area hospital Huzurnagar,TELANGANA,SURYAPET,,,,9949420693,"M2,S1,S4,S5,S6,",Public,PMJAY,-NA-,-NA-,Hospital Approved for Empanelment,No,NA,"M2, S1, S4, S5, S6"
49,HOSP36G132889,KN Area Hospital,TELANGANA,NALGONDA,,,,8008553230,"M1,M1,M2,S8,M1,M7,M2,M4,M5,M6,S1,S10,S11,S13,S14,S15,S2,S3,S4,S5,S6,S7,S8,S9,",Public,PMJAY,-NA-,-NA-,Hospital Approved for Empanelment,No,NA,"M1, M2, S8, M7, M4, M5, M6, S1, S10, S11, S13, S14, S15, S2, S3, S4, S5, S6, S7, S9"
50,HOSP36G132890,Area Hospital Ramannapet,TELANGANA,YADADRI BHUVANAGIRI,,,,9848660300,"M2,S4,",Public,PMJAY,-NA-,-NA-,Hospital Approved for Empanelment,No,NA,"M2, S4"
51,HOSP36G132891,Area hospital Devarakonda,TELANGANA,NALGONDA,,,,9440525406,"M2,S10,S11,S4,S5,S6,",Public,PMJAY,-NA-,-NA-,Hospital Approved for Empanelment,No,NA,"M2, S10, S11, S4, S5, S6"
52,HOSP36G132892,Area hospital Gajwel,TELANGANA,SIDDIPET,,,,8454232362,"M1,M7,M1,S7,M2,S1,S2,S4,S6,S7,",Public,PMJAY,-NA-,-NA-,Hospital Approved for Empanelment,No,NA,"M1, M7, S7, M2, S1, S2, S4, S6"
53,HOSP36G132893,AREA HOSPITAL Huzurabad,TELANGANA,KARIMNAGAR,,,,9849141258,"M1,M7,M1,S7,M2,S4,S5,S6,",Public,PMJAY,-NA-,-NA-,Hospital Approved for Empanelment,No,NA,"M1, M7, S7, M2, S4, S5, S6"
54,HOSP36G132894,Area hospital Nirmal,TELANGANA,Nirmal,,,,8008553104,"M1,M7,S1,S4,S5,S6,",Public,PMJAY,-NA-,-NA-,Hospital Approved for Empanelment,No,NA,"M1, M7, S1, S4, S5, S6"
55,HOSP36G132895,Area hospital Zahirabad,TELANGANA,SANGAREDDY,,,,9949711131,"M2,S1,S4,S5,S6,",Public,PMJAY,-NA-,-NA-,Hospital Approved for Empanelment,No,NA,"M2, S1, S4, S5, S6"
56,HOSP36G132896,Area Hospital - Sathupally,TELANGANA,KHAMMAM,,,,9177770275,"M2,S1,S4,S5,S6,",Public,PMJAY,-NA-,-NA-,Hospital Approved for Empanelment,No,NA,"M2, S1, S4, S5, S6"
57,HOSP36G132897,Area hospital - Nagarkurnool,TELANGANA,NAGARKURNOOL,,,,8008553820,"M1,M7,M1,S7,M2,S1,S4,S5,S6,",Public,PMJAY,-NA-,-NA-,Hospital Approved for Empanelment,No,NA,"M1, M7, S7, M2, S1, S4, S5, S6"
58,HOSP36G132898,CHC - Peddapally,TELANGANA,PEDDAPALLI,,,,8008553156,"M1,M1,M2,S8,M1,M7,M1,S7,M2,M3,M4,M5,M6,M8,S1,S10,S11,S12,S13,S14,S15,S2,S3,S4,S5,S6,S7,S8,S9,",Public,PMJAY,-NA-,-NA-,Hospital Approved for Empanelment,No,NA,"M1, M2, S8, M7, S7, M3, M4, M5, M6, M8, S1, S10, S11, S12, S13, S14, S15, S2, S3, S4, S5, S6, S9"
59,HOSP36G132899,Area hospital - Penuballi,TELANGANA,KHAMMAM,,,,9989024373,"M2,S3,S4,",Public,PMJAY,-NA-,-NA-,Hospital Approved for Empanelment,No,NA,"M2, S3, S4"
60,HOSP36G132900,Area hospital - Narsampet,TELANGANA,WARANGAL RURAL,,,,8008553162,"M1,S7,M2,S1,",Public,PMJAY,-NA-,-NA-,Hospital Approved for Empanelment,No,NA,"M1, S7, M2, S1"
61,HOSP36G132901,Govt.CD and TB hospital,TELANGANA,WARANGAL URBAN,,,,9849903046,NA,Public,PMJAY,-NA-,-NA-,Hospital Approved for Empanelment,No,NA,-NA-
62,HOSP36G132902,Area hospital - Siricilla,TELANGANA,RAJANNA SIRCILLA,,,,8008553150,"M1,M1,M2,S8,M1,M7,M1,S7,S1,S2,S4,S5,S6,",Public,PMJAY,-NA-,-NA-,Hospital Approved for Empanelment,No,NA,"M1, M2, S8, M7, S7, S1, S2, S4, S5, S6"
63,HOSP36G132903,Govt.Regional Eye Hospital,TELANGANA,WARANGAL URBAN,,,,9849248504,"S3,",Public,PMJAY,-NA-,-NA-,Hospital Approved for Empanelment,No,NA,S3
64,HOSP36G136356,CHC- Bachannapet,TELANGANA,JANGOAN,,,,NA,"M1,M1,M2,S8,M1,M7,M1,S7,M2,M3,M4,M5,M6,M8,S1,S10,S11,S12,S13,S14,S15,S2,S3,S4,S5,S6,S7,S8,S9,",Public,PMJAY,-NA-,-NA-,Hospital Approved for Empanelment,No,NA,"M1, M2, S8, M7, S7, M3, M4, M5, M6, M8, S1, S10, S11, S12, S13, S14, S15, S2, S3, S4, S5, S6, S9"
65,HOSP36G136475,Community Health Center-Khanapur,TELANGANA,Nirmal,,,,NA,"M1,M1,M2,S8,M1,M7,M1,S7,M2,M3,M4,M5,M6,M8,S1,S10,S11,S12,S13,S14,S15,S2,S3,S4,S5,S6,S7,S8,S9,",Public,PMJAY,-NA-,-NA-,Hospital Approved for Empanelment,No,NA,"M1, M2, S8, M7, S7, M3, M4, M5, M6, M8, S1, S10, S11, S12, S13, S14, S15, S2, S3, S4, S5, S6, S9"
66,HOSP36G136476,"Area hospital,Narayankhed",TELANGANA,SANGAREDDY,,,,NA,NA,Public,PMJAY,-NA-,-NA-,Hospital Approved for Empanelment,No,NA,-NA-
67,HOSP36G136477,CHC -  BOATH,TELANGANA,ADILABAD,,,,NA,"M1,M1,M2,S8,M1,M7,M1,S7,M2,M3,M4,M5,M6,M8,S1,S10,S11,S12,S13,S14,S15,S2,S3,S4,S5,S6,S7,S8,S9,",Public,PMJAY,-NA-,-NA-,Hospital Approved for Empanelment,No,NA,"M1, M2, S8, M7, S7, M3, M4, M5, M6, M8, S1, S10, S11, S12, S13, S14, S15, S2, S3, S4, S5, S6, S9"
68,HOSP36G136478,CHC -  Metpally,TELANGANA,Jagitial,,,,NA,"M1,M1,M2,S8,M1,M7,M1,S7,M2,M3,M4,M5,M6,M8,S1,S10,S11,S12,S13,S14,S15,S2,S3,S4,S5,S6,S7,S8,S9,",Public,PMJAY,-NA-,-NA-,Hospital Approved for Empanelment,No,NA,"M1, M2, S8, M7, S7, M3, M4, M5, M6, M8, S1, S10, S11, S12, S13, S14, S15, S2, S3, S4, S5, S6, S9"
69,HOSP36G136479,CHC - Kadangal,TELANGANA,MEDCHAL MALKAJGIRI,,,,NA,"M1,M1,M2,S8,M1,M7,M1,S7,M2,M3,M4,M5,M6,M8,S1,S10,S11,S12,S13,S14,S15,S2,S3,S4,S5,S6,S7,S8,S9,",Public,PMJAY,-NA-,-NA-,Hospital Approved for Empanelment,No,NA,"M1, M2, S8, M7, S7, M3, M4, M5, M6, M8, S1, S10, S11, S12, S13, S14, S15, S2, S3, S4, S5, S6, S9"
70,HOSP36G136480,CHC - Kodad,TELANGANA,SURYAPET,,,,NA,"M1,M1,M2,S8,M1,M7,M1,S7,M2,M3,M4,M5,M6,M8,S1,S10,S11,S12,S13,S14,S15,S2,S3,S4,S5,S6,S7,S8,S9,",Public,PMJAY,-NA-,-NA-,Hospital Approved for Empanelment,No,NA,"M1, M2, S8, M7, S7, M3, M4, M5, M6, M8, S1, S10, S11, S12, S13, S14, S15, S2, S3, S4, S5, S6, S9"
71,HOSP36G136481,CHC - Korutla,TELANGANA,Jagitial,,,,NA,"M1,M1,M2,S8,M1,M7,M1,S7,M2,M3,M4,M5,M6,M8,S1,S10,S11,S12,S13,S14,S15,S2,S3,S4,S5,S6,S7,S8,S9,",Public,PMJAY,-NA-,-NA-,Hospital Approved for Empanelment,No,NA,"M1, M2, S8, M7, S7, M3, M4, M5, M6, M8, S1, S10, S11, S12, S13, S14, S15, S2, S3, S4, S5, S6, S9"
72,HOSP36G136482,CHC - Palem,TELANGANA,NAGARKURNOOL,,,,NA,"M1,M1,M2,S8,M1,M7,M1,S7,M2,M3,M4,M5,M6,M8,S1,S10,S11,S12,S13,S14,S15,S2,S3,S4,S5,S6,S7,S8,S9,",Public,PMJAY,-NA-,-NA-,Hospital Approved for Empanelment,No,NA,"M1, M2, S8, M7, S7, M3, M4, M5, M6, M8, S1, S10, S11, S12, S13, S14, S15, S2, S3, S4, S5, S6, S9"
73,HOSP36G136483,CHC - Pitlam,TELANGANA,KAMAREDDY,,,,NA,"M1,M1,M2,S8,M1,M7,M1,S7,M2,M3,M4,M5,M6,M8,S1,S10,S11,S12,S13,S14,S15,S2,S3,S4,S5,S6,S7,S8,S9,",Public,PMJAY,-NA-,-NA-,Hospital Approved for Empanelment,No,NA,"M1, M2, S8, M7, S7, M3, M4, M5, M6, M8, S1, S10, S11, S12, S13, S14, S15, S2, S3, S4, S5, S6, S9"
74,HOSP36G136484,CHC - Ramayampet,TELANGANA,MEDAK,,,,NA,"M1,M1,M2,S8,M1,M7,M1,S7,M2,M3,M4,M5,M6,M8,S1,S10,S11,S12,S13,S14,S15,S2,S3,S4,S5,S6,S7,S8,S9,",Public,PMJAY,-NA-,-NA-,Hospital Approved for Empanelment,No,NA,"M1, M2, S8, M7, S7, M3, M4, M5, M6, M8, S1, S10, S11, S12, S13, S14, S15, S2, S3, S4, S5, S6, S9"
75,HOSP36G136485,CHC - Srirampur,TELANGANA,PEDDAPALLI,,,,NA,"M1,M1,M2,S8,M1,M7,M1,S7,M2,M3,M4,M5,M6,M8,S1,S10,S11,S12,S13,S14,S15,S2,S3,S4,S5,S6,S7,S8,S9,",Public,PMJAY,-NA-,-NA-,Hospital Approved for Empanelment,No,NA,"M1, M2, S8, M7, S7, M3, M4, M5, M6, M8, S1, S10, S11, S12, S13, S14, S15, S2, S3, S4, S5, S6, S9"
76,HOSP36G136486,CHC - TIRYANI,TELANGANA,KUMURAM BHEEM ASIFABAD,,,,NA,"M1,M1,M2,S8,M1,M7,M1,S7,M2,M3,M4,M5,M6,M8,S1,S10,S11,S12,S13,S14,S15,S2,S3,S4,S5,S6,S7,S8,S9,",Public,PMJAY,-NA-,-NA-,Hospital Approved for Empanelment,No,NA,"M1, M2, S8, M7, S7, M3, M4, M5, M6, M8, S1, S10, S11, S12, S13, S14, S15, S2, S3, S4, S5, S6, S9"
77,HOSP36G136487,CHC - Toopran,TELANGANA,MEDAK,,,,NA,"M1,M1,M2,S8,M1,M7,M1,S7,M2,M3,M4,M5,M6,M8,S1,S10,S11,S12,S13,S14,S15,S2,S3,S4,S5,S6,S7,S8,S9,",Public,PMJAY,-NA-,-NA-,Hospital Approved for Empanelment,No,NA,"M1, M2, S8, M7, S7, M3, M4, M5, M6, M8, S1, S10, S11, S12, S13, S14, S15, S2, S3, S4, S5, S6, S9"
78,HOSP36G136488,CHC - Varni,TELANGANA,NIZAMABAD,,,,NA,"M1,M1,M2,S8,M1,M7,M1,S7,M2,M3,M4,M5,M6,M8,S1,S10,S11,S12,S13,S14,S15,S2,S3,S4,S5,S6,S7,S8,S9,",Public,PMJAY,-NA-,-NA-,Hospital Approved for Empanelment,No,NA,"M1, M2, S8, M7, S7, M3, M4, M5, M6, M8, S1, S10, S11, S12, S13, S14, S15, S2, S3, S4, S5, S6, S9"
79,HOSP36G136489,Community Health Center-Utnoor,TELANGANA,ADILABAD,,,,NA,"M1,M1,M2,S8,M1,M7,M1,S7,M2,M3,M4,M5,M6,M8,S1,S10,S11,S12,S13,S14,S15,S2,S3,S4,S5,S6,S7,S8,S9,",Public,PMJAY,-NA-,-NA-,Hospital Approved for Empanelment,No,NA,"M1, M2, S8, M7, S7, M3, M4, M5, M6, M8, S1, S10, S11, S12, S13, S14, S15, S2, S3, S4, S5, S6, S9"
80,HOSP36G136490,CHC -  Sulthanabd,TELANGANA,PEDDAPALLI,,,,NA,"M1,M1,M2,S8,M1,M7,M1,S7,M2,M3,M4,M5,M6,M8,S1,S10,S11,S12,S13,S14,S15,S2,S3,S4,S5,S6,S7,S8,S9,",Public,PMJAY,-NA-,-NA-,Hospital Approved for Empanelment,No,NA,"M1, M2, S8, M7, S7, M3, M4, M5, M6, M8, S1, S10, S11, S12, S13, S14, S15, S2, S3, S4, S5, S6, S9"
81,HOSP36G136491,CHC - Achampet,TELANGANA,NAGARKURNOOL,,,,NA,"M1,M1,M2,S8,M1,M7,M1,S7,M2,M3,M4,M5,M6,M8,S1,S10,S11,S12,S13,S14,S15,S2,S3,S4,S5,S6,S7,S8,S9,",Public,PMJAY,-NA-,-NA-,Hospital Approved for Empanelment,No,NA,"M1, M2, S8, M7, S7, M3, M4, M5, M6, M8, S1, S10, S11, S12, S13, S14, S15, S2, S3, S4, S5, S6, S9"
82,HOSP36G136492,CHC - Atamakur,TELANGANA,WANAPARTHY,,,,NA,"M1,M1,M2,S8,M1,M7,M1,S7,M2,M3,M4,M5,M6,M8,S1,S10,S11,S12,S13,S14,S15,S2,S3,S4,S5,S6,S7,S8,S9,",Public,PMJAY,-NA-,-NA-,Hospital Approved for Empanelment,No,NA,"M1, M2, S8, M7, S7, M3, M4, M5, M6, M8, S1, S10, S11, S12, S13, S14, S15, S2, S3, S4, S5, S6, S9"
83,HOSP36G136493,CHC - Ebrahimpatnam,TELANGANA,MEDCHAL MALKAJGIRI,,,,NA,"M1,M1,M2,S8,M1,M7,M1,S7,M2,M3,M4,M5,M6,M8,S1,S10,S11,S12,S13,S14,S15,S2,S3,S4,S5,S6,S7,S8,S9,",Public,PMJAY,-NA-,-NA-,Hospital Approved for Empanelment,No,NA,"M1, M2, S8, M7, S7, M3, M4, M5, M6, M8, S1, S10, S11, S12, S13, S14, S15, S2, S3, S4, S5, S6, S9"
84,HOSP36G136494,CHC - Gandhari,TELANGANA,KAMAREDDY,,,,NA,"M1,M1,M2,S8,M1,M7,M1,S7,M2,M3,M4,M5,M6,M8,S1,S10,S11,S12,S13,S14,S15,S2,S3,S4,S5,S6,S7,S8,S9,",Public,PMJAY,-NA-,-NA-,Hospital Approved for Empanelment,No,NA,"M1, M2, S8, M7, S7, M3, M4, M5, M6, M8, S1, S10, S11, S12, S13, S14, S15, S2, S3, S4, S5, S6, S9"
85,HOSP36G136495,CHC - Balkonda,TELANGANA,NIZAMABAD,,,,NA,"M1,M1,M2,S8,M1,M7,M1,S7,M2,M3,M4,M5,M6,M8,S1,S10,S11,S12,S13,S14,S15,S2,S3,S4,S5,S6,S7,S8,S9,",Public,PMJAY,-NA-,-NA-,Hospital Approved for Empanelment,No,NA,"M1, M2, S8, M7, S7, M3, M4, M5, M6, M8, S1, S10, S11, S12, S13, S14, S15, S2, S3, S4, S5, S6, S9"
86,HOSP36G136496,CHC - Barkas,TELANGANA,HYDERABAD,,,,NA,"M1,M1,M2,S8,M1,M7,M1,S7,M2,M3,M4,M5,M6,M8,S1,S10,S11,S12,S13,S14,S15,S2,S3,S4,S5,S6,S7,S8,S9,",Public,PMJAY,-NA-,-NA-,Hospital Approved for Empanelment,No,NA,"M1, M2, S8, M7, S7, M3, M4, M5, M6, M8, S1, S10, S11, S12, S13, S14, S15, S2, S3, S4, S5, S6, S9"
87,HOSP36G136497,CHC - Bichkunda,TELANGANA,KAMAREDDY,,,,NA,"M1,M1,M2,S8,M1,M7,M1,S7,M2,M3,M4,M5,M6,M8,S1,S10,S11,S12,S13,S14,S15,S2,S3,S4,S5,S6,S7,S8,S9,",Public,PMJAY,-NA-,-NA-,Hospital Approved for Empanelment,No,NA,"M1, M2, S8, M7, S7, M3, M4, M5, M6, M8, S1, S10, S11, S12, S13, S14, S15, S2, S3, S4, S5, S6, S9"
88,HOSP36G136498,CHC - CHENNUR,TELANGANA,MANCHERIAL,,,,NA,"M1,M1,M2,S8,M1,M7,M1,S7,M2,M3,M4,M5,M6,M8,S1,S10,S11,S12,S13,S14,S15,S2,S3,S4,S5,S6,S7,S8,S9,",Public,PMJAY,-NA-,-NA-,Hospital Approved for Empanelment,No,NA,"M1, M2, S8, M7, S7, M3, M4, M5, M6, M8, S1, S10, S11, S12, S13, S14, S15, S2, S3, S4, S5, S6, S9"
89,HOSP36G136499,CHC - Cherla,TELANGANA,BHADRADRI KOTHAGUDEM,,,,NA,"M1,M1,M2,S8,M1,M7,M1,S7,M2,M3,M4,M5,M6,M8,S1,S10,S11,S12,S13,S14,S15,S2,S3,S4,S5,S6,S7,S8,S9,",Public,PMJAY,-NA-,-NA-,Hospital Approved for Empanelment,No,NA,"M1, M2, S8, M7, S7, M3, M4, M5, M6, M8, S1, S10, S11, S12, S13, S14, S15, S2, S3, S4, S5, S6, S9"
90,HOSP36G136500,CHC - Hasanparthy,TELANGANA,WARANGAL URBAN,,,,NA,"M1,M1,M2,S8,M1,M7,M1,S7,M2,M3,M4,M5,M6,M8,S1,S10,S11,S12,S13,S14,S15,S2,S3,S4,S5,S6,S7,S8,S9,",Public,PMJAY,-NA-,-NA-,Hospital Approved for Empanelment,No,NA,"M1, M2, S8, M7, S7, M3, M4, M5, M6, M8, S1, S10, S11, S12, S13, S14, S15, S2, S3, S4, S5, S6, S9"
91,HOSP36G136501,CHC - Julurupadu,TELANGANA,BHADRADRI KOTHAGUDEM,,,,NA,"M1,M1,M2,S8,M1,M7,M1,S7,M2,M3,M4,M5,M6,M8,S1,S10,S11,S12,S13,S14,S15,S2,S3,S4,S5,S6,S7,S8,S9,",Public,PMJAY,-NA-,-NA-,Hospital Approved for Empanelment,No,NA,"M1, M2, S8, M7, S7, M3, M4, M5, M6, M8, S1, S10, S11, S12, S13, S14, S15, S2, S3, S4, S5, S6, S9"
92,HOSP36G136502,CHC - Khairatabad,TELANGANA,HYDERABAD,,,,NA,"M1,M1,M2,S8,M1,M7,M1,S7,M2,M3,M4,M5,M6,M8,S1,S10,S11,S12,S13,S14,S15,S2,S3,S4,S5,S6,S7,S8,S9,",Public,PMJAY,-NA-,-NA-,Hospital Approved for Empanelment,No,NA,"M1, M2, S8, M7, S7, M3, M4, M5, M6, M8, S1, S10, S11, S12, S13, S14, S15, S2, S3, S4, S5, S6, S9"
93,HOSP36G136503,CHC - Kotagiri,TELANGANA,NIZAMABAD,,,,NA,"M1,M1,M2,S8,M1,M7,M1,S7,M2,M3,M4,M5,M6,M8,S1,S10,S11,S12,S13,S14,S15,S2,S3,S4,S5,S6,S7,S8,S9,",Public,PMJAY,-NA-,-NA-,Hospital Approved for Empanelment,No,NA,"M1, M2, S8, M7, S7, M3, M4, M5, M6, M8, S1, S10, S11, S12, S13, S14, S15, S2, S3, S4, S5, S6, S9"
94,HOSP36G136504,CHC - LUXETTIPET,TELANGANA,MANCHERIAL,,,,NA,"M1,M1,M2,S8,M1,M7,M1,S7,M2,M3,M4,M5,M6,M8,S1,S10,S11,S12,S13,S14,S15,S2,S3,S4,S5,S6,S7,S8,S9,",Public,PMJAY,-NA-,-NA-,Hospital Approved for Empanelment,No,NA,"M1, M2, S8, M7, S7, M3, M4, M5, M6, M8, S1, S10, S11, S12, S13, S14, S15, S2, S3, S4, S5, S6, S9"
95,HOSP36G136505,CHC - Navipet,TELANGANA,NIZAMABAD,,,,NA,"M1,M1,M2,S8,M1,M7,M1,S7,M2,M3,M4,M5,M6,M8,S1,S10,S11,S12,S13,S14,S15,S2,S3,S4,S5,S6,S7,S8,S9,",Public,PMJAY,-NA-,-NA-,Hospital Approved for Empanelment,No,NA,"M1, M2, S8, M7, S7, M3, M4, M5, M6, M8, S1, S10, S11, S12, S13, S14, S15, S2, S3, S4, S5, S6, S9"
96,HOSP36G136506,CHC - Choppadhandi,TELANGANA,KARIMNAGAR,,,,NA,"M1,M1,M2,S8,M1,M7,M1,S7,M2,M3,M4,M5,M6,M8,S1,S10,S11,S12,S13,S14,S15,S2,S3,S4,S5,S6,S7,S8,S9,",Public,PMJAY,-NA-,-NA-,Hospital Approved for Empanelment,No,NA,"M1, M2, S8, M7, S7, M3, M4, M5, M6, M8, S1, S10, S11, S12, S13, S14, S15, S2, S3, S4, S5, S6, S9"
97,HOSP36G136507,CHC - Dharmapuri,TELANGANA,Jagitial,,,,NA,"M1,M1,M2,S8,M1,M7,M1,S7,M2,M3,M4,M5,M6,M8,S1,S10,S11,S12,S13,S14,S15,S2,S3,S4,S5,S6,S7,S8,S9,",Public,PMJAY,-NA-,-NA-,Hospital Approved for Empanelment,No,NA,"M1, M2, S8, M7, S7, M3, M4, M5, M6, M8, S1, S10, S11, S12, S13, S14, S15, S2, S3, S4, S5, S6, S9"
98,HOSP36G136508,CHC - Dharpally,TELANGANA,NIZAMABAD,,,,NA,"M1,M1,M2,S8,M1,M7,M1,S7,M2,M3,M4,M5,M6,M8,S1,S10,S11,S12,S13,S14,S15,S2,S3,S4,S5,S6,S7,S8,S9,",Public,PMJAY,-NA-,-NA-,Hospital Approved for Empanelment,No,NA,"M1, M2, S8, M7, S7, M3, M4, M5, M6, M8, S1, S10, S11, S12, S13, S14, S15, S2, S3, S4, S5, S6, S9"
99,HOSP36G136509,CHC - Dichpally,TELANGANA,NIZAMABAD,,,,NA,"M1,M1,M2,S8,M1,M7,M1,S7,M2,M3,M4,M5,M6,M8,S1,S10,S11,S12,S13,S14,S15,S2,S3,S4,S5,S6,S7,S8,S9,",Public,PMJAY,-NA-,-NA-,Hospital Approved for Empanelment,No,NA,"M1, M2, S8, M7, S7, M3, M4, M5, M6, M8, S1, S10, S11, S12, S13, S14, S15, S2, S3, S4, S5, S6, S9"
100,HOSP36G136510,CHC - Domakonda,TELANGANA,KAMAREDDY,,,,NA,"M1,M1,M2,S8,M1,M7,M1,S7,M2,M3,M4,M5,M6,M8,S1,S10,S11,S12,S13,S14,S15,S2,S3,S4,S5,S6,S7,S8,S9,",Public,PMJAY,-NA-,-NA-,Hospital Approved for Empanelment,No,NA,"M1, M2, S8, M7, S7, M3, M4, M5, M6, M8, S1, S10, S11, S12, S13, S14, S15, S2, S3, S4, S5, S6, S9"
101,HOSP36G136511,CHC - Guduru,TELANGANA,MAHABUBABAD,,,,NA,"M1,M1,M2,S8,M1,M7,M1,S7,M2,M3,M4,M5,M6,M8,S1,S10,S11,S12,S13,S14,S15,S2,S3,S4,S5,S6,S7,S8,S9,",Public,PMJAY,-NA-,-NA-,Hospital Approved for Empanelment,No,NA,"M1, M2, S8, M7, S7, M3, M4, M5, M6, M8, S1, S10, S11, S12, S13, S14, S15, S2, S3, S4, S5, S6, S9"
102,HOSP36G136512,CHC - HayathNagar,TELANGANA,RANGA REDDY,,,,NA,"M1,M1,M2,S8,M1,M7,M1,S7,M2,M3,M4,M5,M6,M8,S1,S10,S11,S12,S13,S14,S15,S2,S3,S4,S5,S6,S7,S8,S9,",Public,PMJAY,-NA-,-NA-,Hospital Approved for Empanelment,No,NA,"M1, M2, S8, M7, S7, M3, M4, M5, M6, M8, S1, S10, S11, S12, S13, S14, S15, S2, S3, S4, S5, S6, S9"
103,HOSP36G136513,CHC - Jammikunta,TELANGANA,KARIMNAGAR,,,,NA,"M1,M1,M2,S8,M1,M7,M1,S7,M2,M3,M4,M5,M6,M8,S1,S10,S11,S12,S13,S14,S15,S2,S3,S4,S5,S6,S7,S8,S9,",Public,PMJAY,-NA-,-NA-,Hospital Approved for Empanelment,No,NA,"M1, M2, S8, M7, S7, M3, M4, M5, M6, M8, S1, S10, S11, S12, S13, S14, S15, S2, S3, S4, S5, S6, S9"
104,HOSP36G136514,CHC - Jukkal,TELANGANA,KAMAREDDY,,,,NA,"M1,M1,M2,S8,M1,M7,M1,S7,M2,M3,M4,M5,M6,M8,S1,S10,S11,S12,S13,S14,S15,S2,S3,S4,S5,S6,S7,S8,S9,",Public,PMJAY,-NA-,-NA-,Hospital Approved for Empanelment,No,NA,"M1, M2, S8, M7, S7, M3, M4, M5, M6, M8, S1, S10, S11, S12, S13, S14, S15, S2, S3, S4, S5, S6, S9"
105,HOSP36G136515,CHC - Garla,TELANGANA,MAHABUBABAD,,,,NA,"M1,M1,M2,S8,M1,M7,M1,S7,M2,M3,M4,M5,M6,M8,S1,S10,S11,S12,S13,S14,S15,S2,S3,S4,S5,S6,S7,S8,S9,",Public,PMJAY,-NA-,-NA-,Hospital Approved for Empanelment,No,NA,"M1, M2, S8, M7, S7, M3, M4, M5, M6, M8, S1, S10, S11, S12, S13, S14, S15, S2, S3, S4, S5, S6, S9"
106,HOSP36G136516,CHC - Ghambiraopet,TELANGANA,RAJANNA SIRCILLA,,,,NA,"M1,M1,M2,S8,M1,M7,M1,S7,M2,M3,M4,M5,M6,M8,S1,S10,S11,S12,S13,S14,S15,S2,S3,S4,S5,S6,S7,S8,S9,",Public,PMJAY,-NA-,-NA-,Hospital Approved for Empanelment,No,NA,"M1, M2, S8, M7, S7, M3, M4, M5, M6, M8, S1, S10, S11, S12, S13, S14, S15, S2, S3, S4, S5, S6, S9"
107,HOSP36G136517,CHC - MUDHOLE,TELANGANA,Nirmal,,,,NA,"M1,M1,M2,S8,M1,M7,M1,S7,M2,M3,M4,M5,M6,M8,S1,S10,S11,S12,S13,S14,S15,S2,S3,S4,S5,S6,S7,S8,S9,",Public,PMJAY,-NA-,-NA-,Hospital Approved for Empanelment,No,NA,"M1, M2, S8, M7, S7, M3, M4, M5, M6, M8, S1, S10, S11, S12, S13, S14, S15, S2, S3, S4, S5, S6, S9"
108,HOSP36G136518,CHC - Madhira,TELANGANA,KHAMMAM,,,,NA,"M1,M1,M2,S8,M1,M7,M1,S7,M2,M3,M4,M5,M6,M8,S1,S10,S11,S12,S13,S14,S15,S2,S3,S4,S5,S6,S7,S8,S9,",Public,PMJAY,-NA-,-NA-,Hospital Approved for Empanelment,No,NA,"M1, M2, S8, M7, S7, M3, M4, M5, M6, M8, S1, S10, S11, S12, S13, S14, S15, S2, S3, S4, S5, S6, S9"
109,HOSP36G136519,CHC - Madnur,TELANGANA,KAMAREDDY,,,,NA,"M1,M1,M2,S8,M1,M7,M1,S7,M2,M3,M4,M5,M6,M8,S1,S10,S11,S12,S13,S14,S15,S2,S3,S4,S5,S6,S7,S8,S9,",Public,PMJAY,-NA-,-NA-,Hospital Approved for Empanelment,No,NA,"M1, M2, S8, M7, S7, M3, M4, M5, M6, M8, S1, S10, S11, S12, S13, S14, S15, S2, S3, S4, S5, S6, S9"
110,HOSP36G136520,CHC - Medchal,TELANGANA,MEDCHAL MALKAJGIRI,,,,NA,"M1,M1,M2,S8,M1,M7,M1,S7,M2,M3,M4,M5,M6,M8,S1,S10,S11,S12,S13,S14,S15,S2,S3,S4,S5,S6,S7,S8,S9,",Public,PMJAY,-NA-,-NA-,Hospital Approved for Empanelment,No,NA,"M1, M2, S8, M7, S7, M3, M4, M5, M6, M8, S1, S10, S11, S12, S13, S14, S15, S2, S3, S4, S5, S6, S9"
111,HOSP36G136521,CHC - Morthad,TELANGANA,NIZAMABAD,,,,NA,"M1,M1,M2,S8,M1,M7,M1,S7,M2,M3,M4,M5,M6,M8,S1,S10,S11,S12,S13,S14,S15,S2,S3,S4,S5,S6,S7,S8,S9,",Public,PMJAY,-NA-,-NA-,Hospital Approved for Empanelment,No,NA,"M1, M2, S8, M7, S7, M3, M4, M5, M6, M8, S1, S10, S11, S12, S13, S14, S15, S2, S3, S4, S5, S6, S9"
112,HOSP36G136522,CHC-Dubbaka,TELANGANA,SIDDIPET,,,,NA,"M1,M1,M2,S8,M1,M7,M1,S7,M2,M3,M4,M5,M6,M8,S1,S10,S11,S12,S13,S14,S15,S2,S3,S4,S5,S6,S7,S8,S9,",Public,PMJAY,-NA-,-NA-,Hospital Approved for Empanelment,No,NA,"M1, M2, S8, M7, S7, M3, M4, M5, M6, M8, S1, S10, S11, S12, S13, S14, S15, S2, S3, S4, S5, S6, S9"
113,HOSP36G136523,CHC-Nakrekal,TELANGANA,NALGONDA,,,,NA,"M1,M1,M2,S8,M1,M7,M1,S7,M2,M3,M4,M5,M6,M8,S1,S10,S11,S12,S13,S14,S15,S2,S3,S4,S5,S6,S7,S8,S9,",Public,PMJAY,-NA-,-NA-,Hospital Approved for Empanelment,No,NA,"M1, M2, S8, M7, S7, M3, M4, M5, M6, M8, S1, S10, S11, S12, S13, S14, S15, S2, S3, S4, S5, S6, S9"
114,HOSP36G136524,Community Health Center Alampur,TELANGANA,JOGULAMBA GADWAL,,,,NA,"M1,M1,M2,S8,M1,M7,M1,S7,M2,M3,M4,M5,M6,M8,S1,S10,S11,S12,S13,S14,S15,S2,S3,S4,S5,S6,S7,S8,S9,",Public,PMJAY,-NA-,-NA-,Hospital Approved for Empanelment,No,NA,"M1, M2, S8, M7, S7, M3, M4, M5, M6, M8, S1, S10, S11, S12, S13, S14, S15, S2, S3, S4, S5, S6, S9"
115,HOSP36G136527,CHC - NelakondaPally,TELANGANA,KHAMMAM,,,,NA,"M1,M1,M2,S8,M1,M7,M1,S7,M2,M3,M4,M5,M6,M8,S1,S10,S11,S12,S13,S14,S15,S2,S3,S4,S5,S6,S7,S8,S9,",Public,PMJAY,-NA-,-NA-,Hospital Approved for Empanelment,No,NA,"M1, M2, S8, M7, S7, M3, M4, M5, M6, M8, S1, S10, S11, S12, S13, S14, S15, S2, S3, S4, S5, S6, S9"
116,HOSP36G136528,CHC - Parigi,TELANGANA,MEDCHAL MALKAJGIRI,,,,NA,"M1,M1,M2,S8,M1,M7,M1,S7,M2,M3,M4,M5,M6,M8,S1,S10,S11,S12,S13,S14,S15,S2,S3,S4,S5,S6,S7,S8,S9,",Public,PMJAY,-NA-,-NA-,Hospital Approved for Empanelment,No,NA,"M1, M2, S8, M7, S7, M3, M4, M5, M6, M8, S1, S10, S11, S12, S13, S14, S15, S2, S3, S4, S5, S6, S9"
117,HOSP36G136529,CHC - Sadashivepet,TELANGANA,SANGAREDDY,,,,NA,"M1,M1,M2,S8,M1,M7,M1,S7,M2,M3,M4,M5,M6,M8,S1,S10,S11,S12,S13,S14,S15,S2,S3,S4,S5,S6,S7,S8,S9,",Public,PMJAY,-NA-,-NA-,Hospital Approved for Empanelment,No,NA,"M1, M2, S8, M7, S7, M3, M4, M5, M6, M8, S1, S10, S11, S12, S13, S14, S15, S2, S3, S4, S5, S6, S9"
118,HOSP36G136530,CHC - Shamshabad,TELANGANA,MEDCHAL MALKAJGIRI,,,,NA,"M1,M1,M2,S8,M1,M7,M1,S7,M2,M3,M4,M5,M6,M8,S1,S10,S11,S12,S13,S14,S15,S2,S3,S4,S5,S6,S7,S8,S9,",Public,PMJAY,-NA-,-NA-,Hospital Approved for Empanelment,No,NA,"M1, M2, S8, M7, S7, M3, M4, M5, M6, M8, S1, S10, S11, S12, S13, S14, S15, S2, S3, S4, S5, S6, S9"
119,HOSP36G136531,CHC - Vemulawada,TELANGANA,RAJANNA SIRCILLA,,,,NA,"M1,M1,M2,S8,M1,M7,M1,S7,M2,M3,M4,M5,M6,M8,S1,S10,S11,S12,S13,S14,S15,S2,S3,S4,S5,S6,S7,S8,S9,",Public,PMJAY,-NA-,-NA-,Hospital Approved for Empanelment,No,NA,"M1, M2, S8, M7, S7, M3, M4, M5, M6, M8, S1, S10, S11, S12, S13, S14, S15, S2, S3, S4, S5, S6, S9"
120,HOSP36G136532,CHC - Yellandu,TELANGANA,BHADRADRI KOTHAGUDEM,,,,NA,"M1,M1,M2,S8,M1,M7,M1,S7,M2,M3,M4,M5,M6,M8,S1,S10,S11,S12,S13,S14,S15,S2,S3,S4,S5,S6,S7,S8,S9,",Public,PMJAY,-NA-,-NA-,Hospital Approved for Empanelment,No,NA,"M1, M2, S8, M7, S7, M3, M4, M5, M6, M8, S1, S10, S11, S12, S13, S14, S15, S2, S3, S4, S5, S6, S9"
121,HOSP36G136533,CHC - Yellareddy,TELANGANA,KAMAREDDY,,,,NA,"M1,M1,M2,S8,M1,M7,M1,S7,M2,M3,M4,M5,M6,M8,S1,S10,S11,S12,S13,S14,S15,S2,S3,S4,S5,S6,S7,S8,S9,",Public,PMJAY,-NA-,-NA-,Hospital Approved for Empanelment,No,NA,"M1, M2, S8, M7, S7, M3, M4, M5, M6, M8, S1, S10, S11, S12, S13, S14, S15, S2, S3, S4, S5, S6, S9"
122,HOSP36G136534,CHC Chityala,TELANGANA,JAYASHANKAR BHUPALAPALLY,,,,NA,"M1,M1,M2,S8,M1,M7,M1,S7,M2,M3,M4,M5,M6,M8,S1,S10,S11,S12,S13,S14,S15,S2,S3,S4,S5,S6,S7,S8,S9,",Public,PMJAY,-NA-,-NA-,Hospital Approved for Empanelment,No,NA,"M1, M2, S8, M7, S7, M3, M4, M5, M6, M8, S1, S10, S11, S12, S13, S14, S15, S2, S3, S4, S5, S6, S9"
123,HOSP36G136535,CHC Parakal,TELANGANA,WARANGAL RURAL,,,,NA,"M1,M1,M2,S8,M1,M7,M1,S7,M2,M3,M4,M5,M6,M8,S1,S10,S11,S12,S13,S14,S15,S2,S3,S4,S5,S6,S7,S8,S9,",Public,PMJAY,-NA-,-NA-,Hospital Approved for Empanelment,No,NA,"M1, M2, S8, M7, S7, M3, M4, M5, M6, M8, S1, S10, S11, S12, S13, S14, S15, S2, S3, S4, S5, S6, S9"
124,HOSP36G136537,CHC Wardannapet,TELANGANA,WARANGAL RURAL,,,,NA,"M1,M1,M2,S8,M1,M7,M1,S7,M2,M3,M4,M5,M6,M8,S1,S10,S11,S12,S13,S14,S15,S2,S3,S4,S5,S6,S7,S8,S9,",Public,PMJAY,-NA-,-NA-,Hospital Approved for Empanelment,No,NA,"M1, M2, S8, M7, S7, M3, M4, M5, M6, M8, S1, S10, S11, S12, S13, S14, S15, S2, S3, S4, S5, S6, S9"
125,HOSP36G136538,Community Health Centre - Revelly,TELANGANA,WANAPARTHY,,,,NA,"M1,M1,M2,S8,M1,M7,M1,S7,M2,M3,M4,M5,M6,M8,S1,S10,S11,S12,S13,S14,S15,S2,S3,S4,S5,S6,S7,S8,S9,",Public,PMJAY,-NA-,-NA-,Hospital Approved for Empanelment,No,NA,"M1, M2, S8, M7, S7, M3, M4, M5, M6, M8, S1, S10, S11, S12, S13, S14, S15, S2, S3, S4, S5, S6, S9"
126,HOSP36G136539,Community Health Centre Rajendra Nagar,TELANGANA,RANGA REDDY,,,,NA,"M1,M1,M2,S8,M1,M7,M1,S7,M2,M3,M4,M5,M6,M8,S1,S10,S11,S12,S13,S14,S15,S2,S3,S4,S5,S6,S7,S8,S9,",Public,PMJAY,-NA-,-NA-,Hospital Approved for Empanelment,No,NA,"M1, M2, S8, M7, S7, M3, M4, M5, M6, M8, S1, S10, S11, S12, S13, S14, S15, S2, S3, S4, S5, S6, S9"
127,HOSP36G136540,Community Health Centre – Marapally,TELANGANA,VIKARABAD,,,,NA,"M1,M1,M2,S8,M1,M7,M1,S7,M2,M3,M4,M5,M6,M8,S1,S10,S11,S12,S13,S14,S15,S2,S3,S4,S5,S6,S7,S8,S9,",Public,PMJAY,-NA-,-NA-,Hospital Approved for Empanelment,No,NA,"M1, M2, S8, M7, S7, M3, M4, M5, M6, M8, S1, S10, S11, S12, S13, S14, S15, S2, S3, S4, S5, S6, S9"
128,HOSP36G136541,"Community Health Centre, Badepally",TELANGANA,MAHABUBNAGAR,,,,NA,"M1,M1,M2,S8,M1,M7,M1,S7,M2,M3,M4,M5,M6,M8,S1,S10,S11,S12,S13,S14,S15,S2,S3,S4,S5,S6,S7,S8,S9,",Public,PMJAY,-NA-,-NA-,Hospital Approved for Empanelment,No,NA,"M1, M2, S8, M7, S7, M3, M4, M5, M6, M8, S1, S10, S11, S12, S13, S14, S15, S2, S3, S4, S5, S6, S9"
129,HOSP36G136544,MCH-Nirmal,TELANGANA,Nirmal,,,,NA,NA,Public,PMJAY,-NA-,-NA-,Hospital Approved for Empanelment,No,NA,-NA-
130,HOSP36G136545,"MPHC,Manuguru",TELANGANA,BHADRADRI KOTHAGUDEM,,,,NA,"M2,S1,S16,",Public,PMJAY,-NA-,-NA-,Hospital Approved for Empanelment,No,NA,"M2, S1, S16"
131,HOSP36G136546,"TVVP Community hospital, Asifabad",TELANGANA,KUMURAM BHEEM ASIFABAD,,,,NA,NA,Public,PMJAY,-NA-,-NA-,Hospital Approved for Empanelment,No,NA,-NA-
132,HOSP36G136547,UCHC - Amberpet,TELANGANA,HYDERABAD,,,,NA,"M1,M1,M2,S8,M1,M7,M1,S7,M2,M3,M4,M5,M6,M8,S1,S10,S11,S12,S13,S14,S15,S16,S2,S3,S4,S5,S6,S7,S8,S9,",Public,PMJAY,-NA-,-NA-,Hospital Approved for Empanelment,No,NA,"M1, M2, S8, M7, S7, M3, M4, M5, M6, M8, S1, S10, S11, S12, S13, S14, S15, S16, S2, S3, S4, S5, S6, S9"
133,HOSP36G136548,UCHC - Lalapet,TELANGANA,HYDERABAD,,,,NA,"M1,M1,M2,S8,M1,M7,M1,S7,M2,M3,S12,S2,S3,S4,S5,S6,",Public,PMJAY,-NA-,-NA-,Hospital Approved for Empanelment,No,NA,"M1, M2, S8, M7, S7, M3, S12, S2, S3, S4, S5, S6"
134,HOSP36G136549,"Community Health Centre, Aswaraopet",TELANGANA,BHADRADRI KOTHAGUDEM,,,,NA,"M1,M1,M2,S8,M1,M7,M1,S7,M2,M3,M4,M5,M6,M8,S1,S10,S11,S12,S13,S14,S15,S2,S3,S4,S5,S6,S7,S8,S9,",Public,PMJAY,-NA-,-NA-,Hospital Approved for Empanelment,No,NA,"M1, M2, S8, M7, S7, M3, M4, M5, M6, M8, S1, S10, S11, S12, S13, S14, S15, S2, S3, S4, S5, S6, S9"
135,HOSP36G136550,Community Health Centre- Maheshwaram,TELANGANA,RANGA REDDY,,,,NA,"M1,M1,M2,S8,M1,M7,M1,S7,M2,M3,M4,M5,M6,M8,S1,S10,S11,S12,S13,S14,S15,S2,S3,S4,S5,S6,S7,S8,S9,",Public,PMJAY,-NA-,-NA-,Hospital Approved for Empanelment,No,NA,"M1, M2, S8, M7, S7, M3, M4, M5, M6, M8, S1, S10, S11, S12, S13, S14, S15, S2, S3, S4, S5, S6, S9"
136,HOSP36G136551,DISTRICT HOSPITAL WANAPARTHY,TELANGANA,WANAPARTHY,,,,NA,"M1,M1,M7,M1,S7,M2,M3,S1,S16,S2,S3,S4,S5,S6,",Public,PMJAY,-NA-,-NA-,Hospital Approved for Empanelment,No,NA,"M1, M7, S7, M2, M3, S1, S16, S2, S3, S4, S5, S6"
137,HOSP36G136553,TVVP Community Health Center Bellampally,TELANGANA,MANCHERIAL,,,,NA,NA,Public,PMJAY,-NA-,-NA-,Hospital Approved for Empanelment,No,NA,-NA-
138,HOSP36G136554,TVVP Community Health Centre Sirpur,TELANGANA,KUMURAM BHEEM ASIFABAD,,,,NA,NA,Public,PMJAY,-NA-,-NA-,Hospital Approved for Empanelment,No,NA,-NA-
139,HOSP36G136555,UCHC - Jangammet,TELANGANA,HYDERABAD,,,,NA,"M1,M1,M2,S8,M1,M7,M1,S7,M2,M3,M4,M5,M6,M8,S1,S10,S11,S12,S13,S14,S15,S16,S2,S3,S4,S5,S6,S7,S8,S9,",Public,PMJAY,-NA-,-NA-,Hospital Approved for Empanelment,No,NA,"M1, M2, S8, M7, S7, M3, M4, M5, M6, M8, S1, S10, S11, S12, S13, S14, S15, S16, S2, S3, S4, S5, S6, S9"
140,HOSP36G136556,UCHC - Sitaphalmandi,TELANGANA,HYDERABAD,,,,NA,"M1,M1,M2,S8,M1,M7,M1,S7,M2,M3,M4,M5,M6,M8,S1,S10,S11,S12,S13,S14,S15,S16,S2,S3,S4,S5,S6,S7,S8,S9,",Public,PMJAY,-NA-,-NA-,Hospital Approved for Empanelment,No,NA,"M1, M2, S8, M7, S7, M3, M4, M5, M6, M8, S1, S10, S11, S12, S13, S14, S15, S16, S2, S3, S4, S5, S6, S9"
141,HOSP36G136557,UCHC - Panipura,TELANGANA,HYDERABAD,,,,NA,"M1,M7,S4,",Public,PMJAY,-NA-,-NA-,Hospital Approved for Empanelment,No,NA,"M1, M7, S4"
142,HOSP36G136558,UCHC - Sriramnagar,TELANGANA,HYDERABAD,,,,NA,"M1,M1,M2,S8,M1,M7,M1,S7,M2,M3,S1,S12,S2,S3,S4,S5,S6,",Public,PMJAY,-NA-,-NA-,Hospital Approved for Empanelment,No,NA,"M1, M2, S8, M7, S7, M3, S1, S12, S2, S3, S4, S5, S6"
143,HOSP36G136559,Area Hospital Paloncha,TELANGANA,BHADRADRI KOTHAGUDEM,,,,NA,"M2,S1,S16,S4,S5,",Public,PMJAY,-NA-,-NA-,Hospital Approved for Empanelment,No,NA,"M2, S1, S16, S4, S5"
144,HOSP36G136560,CHC - Dabeerpura,TELANGANA,HYDERABAD,,,,NA,"M1,M1,M2,S8,M1,M7,M1,S7,M2,M3,M4,M5,M6,M8,S1,S10,S11,S12,S13,S14,S15,S2,S3,S4,S5,S6,S7,S8,S9,",Public,PMJAY,-NA-,-NA-,Hospital Approved for Empanelment,No,NA,"M1, M2, S8, M7, S7, M3, M4, M5, M6, M8, S1, S10, S11, S12, S13, S14, S15, S2, S3, S4, S5, S6, S9"
145,HOSP36G137222,Area hospital - Ghatkesar,TELANGANA,MEDCHAL MALKAJGIRI,,,,NA,NA,Public,PMJAY,-NA-,-NA-,Hospital Approved for Empanelment,No,NA,-NA-
146,HOSP36G137223,CHC - Husnabad,TELANGANA,SIDDIPET,,,,NA,"M1,M1,M2,S8,M1,M7,M1,S7,M2,M3,M4,M5,M6,M8,S1,S10,S11,S12,S13,S14,S15,S2,S3,S4,S5,S6,S7,S8,S9,",Public,PMJAY,-NA-,-NA-,Hospital Approved for Empanelment,No,NA,"M1, M2, S8, M7, S7, M3, M4, M5, M6, M8, S1, S10, S11, S12, S13, S14, S15, S2, S3, S4, S5, S6, S9"
147,HOSP36G137224,CHC - Raikal,TELANGANA,Jagitial,,,,NA,"M1,M1,M2,S8,M1,M7,M1,S7,M2,M3,M4,M5,M6,M8,S1,S10,S11,S12,S13,S14,S15,S2,S3,S4,S5,S6,S7,S8,S9,",Public,PMJAY,-NA-,-NA-,Hospital Approved for Empanelment,No,NA,"M1, M2, S8, M7, S7, M3, M4, M5, M6, M8, S1, S10, S11, S12, S13, S14, S15, S2, S3, S4, S5, S6, S9"
148,HOSP36G137225,Community Health Centre Jogipet,TELANGANA,SANGAREDDY,,,,NA,"M1,M1,M2,S8,M1,M7,M1,S7,M2,M3,M4,M5,M6,M8,S1,S10,S11,S12,S13,S14,S15,S2,S3,S4,S5,S6,S7,S8,S9,",Public,PMJAY,-NA-,-NA-,Hospital Approved for Empanelment,No,NA,"M1, M2, S8, M7, S7, M3, M4, M5, M6, M8, S1, S10, S11, S12, S13, S14, S15, S2, S3, S4, S5, S6, S9"
149,HOSP36G137226,Government Hospital for Mental Care,TELANGANA,HYDERABAD,,,,NA,"M8,",Public,PMJAY,-NA-,-NA-,Hospital Approved for Empanelment,No,NA,M8
150,HOSP36G137227,Surajbhan bhagavati bai maternity and children hospital,TELANGANA,HYDERABAD,,,,NA,"M1,M1,M2,S8,M1,M7,M1,S7,M2,M3,M4,M5,M6,M8,S1,S10,S11,S12,S13,S14,S15,S16,S2,S3,S4,S5,S6,S7,S8,S9,",Public,PMJAY,-NA-,-NA-,Hospital Approved for Empanelment,No,NA,"M1, M2, S8, M7, S7, M3, M4, M5, M6, M8, S1, S10, S11, S12, S13, S14, S15, S16, S2, S3, S4, S5, S6, S9"
151,HOSP36G138571,ESIC Medical College Hospital,TELANGANA,HYDERABAD,,,,9676865151,"M1,M1,M2,S8,M1,M7,M1,S7,M2,M3,M4,M5,M6,M8,S1,S10,S11,S12,S13,S14,S15,S16,S2,S3,S4,S5,S6,S7,S8,S9,",GOI,PMJAY,-NA-,-NA-,Hospital Approved for Empanelment,No,NA,"M1, M2, S8, M7, S7, M3, M4, M5, M6, M8, S1, S10, S11, S12, S13, S14, S15, S16, S2, S3, S4, S5, S6, S9"
152,HOSP36G139324,CHC - KOLLAPUR,TELANGANA,NAGARKURNOOL,,,,NA,"M1,M1,M2,S8,M1,M7,M1,S7,M2,M3,M4,M5,M6,M8,S1,S10,S11,S12,S13,S14,S15,S2,S3,S4,S5,S6,S7,S8,S9,",Public,PMJAY,-NA-,-NA-,Hospital Approved for Empanelment,No,NA,"M1, M2, S8, M7, S7, M3, M4, M5, M6, M8, S1, S10, S11, S12, S13, S14, S15, S2, S3, S4, S5, S6, S9"
153,HOSP36G139327,Telangana Institute of Medical Sciences and Research,TELANGANA,RANGA REDDY,,,,NA,NA,Public,PMJAY,-NA-,-NA-,Hospital Approved for Empanelment,No,NA,-NA-
154,HOSP36G139328,CHC - Kamalapur,TELANGANA,WARANGAL URBAN,,,,NA,"M1,M1,M2,S8,M1,M7,M1,S7,M2,M3,M4,M5,M6,M8,S1,S10,S11,S12,S13,S14,S15,S2,S3,S4,S5,S6,S7,S8,S9,",Public,PMJAY,-NA-,-NA-,Hospital Approved for Empanelment,No,NA,"M1, M2, S8, M7, S7, M3, M4, M5, M6, M8, S1, S10, S11, S12, S13, S14, S15, S2, S3, S4, S5, S6, S9"
155,HOSP36G139413,Area Hospital - Chevella,TELANGANA,RANGA REDDY,,,,NA,NA,Public,PMJAY,-NA-,-NA-,Hospital Approved for Empanelment,No,NA,-NA-
156,HOSP36G139429,AREA HOSPITAL VIKARABAD,TELANGANA,VIKARABAD,,,,NA,NA,Public,PMJAY,-NA-,-NA-,Hospital Approved for Empanelment,No,NA,-NA-
157,HOSP36G139430,Area Hospital - Bhinsa,TELANGANA,Nirmal,,,,NA,NA,Public,PMJAY,-NA-,-NA-,Hospital Approved for Empanelment,No,NA,-NA-
158,HOSP36G139431,Area Hospital Patancheru,TELANGANA,SANGAREDDY,,,,NA,NA,Public,PMJAY,-NA-,-NA-,Hospital Approved for Empanelment,No,NA,-NA-
159,HOSP36G139432,CHC - Armur,TELANGANA,NIZAMABAD,,,,NA,"M1,M1,M2,S8,M1,M7,M1,S7,M2,M3,M4,M5,M6,M8,S1,S10,S11,S12,S13,S14,S15,S2,S3,S4,S5,S6,S7,S8,S9,",Public,PMJAY,-NA-,-NA-,Hospital Approved for Empanelment,No,NA,"M1, M2, S8, M7, S7, M3, M4, M5, M6, M8, S1, S10, S11, S12, S13, S14, S15, S2, S3, S4, S5, S6, S9"
160,HOSP36G139433,CHC - Kalwakurthy,TELANGANA,NAGARKURNOOL,,,,NA,"M1,M1,M2,S8,M1,M7,M1,S7,M2,M3,M4,M5,M6,M8,S1,S10,S11,S12,S13,S14,S15,S2,S3,S4,S5,S6,S7,S8,S9,",Public,PMJAY,-NA-,-NA-,Hospital Approved for Empanelment,No,NA,"M1, M2, S8, M7, S7, M3, M4, M5, M6, M8, S1, S10, S11, S12, S13, S14, S15, S2, S3, S4, S5, S6, S9"
161,HOSP36G139434,CHC - Mahadevapur,TELANGANA,JAYASHANKAR BHUPALAPALLY,,,,NA,"M1,M1,M2,S8,M1,M7,M1,S7,M2,M3,M4,M5,M6,M8,S1,S10,S11,S12,S13,S14,S15,S2,S3,S4,S5,S6,S7,S8,S9,",Public,PMJAY,-NA-,-NA-,Hospital Approved for Empanelment,No,NA,"M1, M2, S8, M7, S7, M3, M4, M5, M6, M8, S1, S10, S11, S12, S13, S14, S15, S2, S3, S4, S5, S6, S9"
162,HOSP36G139435,CHC - Narsapur,TELANGANA,MEDAK,,,,NA,"M1,M1,M2,S8,M1,M7,M1,S7,M2,M3,M4,M5,M6,M8,S1,S10,S11,S12,S13,S14,S15,S2,S3,S4,S5,S6,S7,S8,S9,",Public,PMJAY,-NA-,-NA-,Hospital Approved for Empanelment,No,NA,"M1, M2, S8, M7, S7, M3, M4, M5, M6, M8, S1, S10, S11, S12, S13, S14, S15, S2, S3, S4, S5, S6, S9"
163,HOSP36G139436,CHC-Choutuppal,TELANGANA,YADADRI BHUVANAGIRI,,,,NA,"M1,M1,M2,S8,M1,M7,M1,S7,M2,M3,M4,M5,M6,M8,S1,S10,S11,S12,S13,S14,S15,S2,S3,S4,S5,S6,S7,S8,S9,",Public,PMJAY,-NA-,-NA-,Hospital Approved for Empanelment,No,NA,"M1, M2, S8, M7, S7, M3, M4, M5, M6, M8, S1, S10, S11, S12, S13, S14, S15, S2, S3, S4, S5, S6, S9"
164,HOSP36G139437,"Community Health Center, Cherial Siddipet",TELANGANA,SIDDIPET,,,,NA,"M1,M1,M2,S8,M1,M7,M1,S7,M2,M3,M4,M5,M6,M8,S1,S10,S11,S12,S13,S14,S15,S2,S3,S4,S5,S6,S7,S8,S9,",Public,PMJAY,-NA-,-NA-,Hospital Approved for Empanelment,No,NA,"M1, M2, S8, M7, S7, M3, M4, M5, M6, M8, S1, S10, S11, S12, S13, S14, S15, S2, S3, S4, S5, S6, S9"
165,HOSP36G139442,CHC - Mantani,TELANGANA,PEDDAPALLI,,,,NA,"M1,M1,M2,S8,M1,M7,M1,S7,M2,M3,M4,M5,M6,M8,S1,S10,S11,S12,S13,S14,S15,S2,S3,S4,S5,S6,S7,S8,S9,",Public,PMJAY,-NA-,-NA-,Hospital Approved for Empanelment,No,NA,"M1, M2, S8, M7, S7, M3, M4, M5, M6, M8, S1, S10, S11, S12, S13, S14, S15, S2, S3, S4, S5, S6, S9"
166,HOSP36G139443,CHC Alair,TELANGANA,YADADRI BHUVANAGIRI,,,,NA,"M1,M1,M2,S8,M1,M7,M1,S7,M2,M3,M4,M5,M6,M8,S1,S10,S11,S12,S13,S14,S15,S2,S3,S4,S5,S6,S7,S8,S9,",Public,PMJAY,-NA-,-NA-,Hospital Approved for Empanelment,No,NA,"M1, M2, S8, M7, S7, M3, M4, M5, M6, M8, S1, S10, S11, S12, S13, S14, S15, S2, S3, S4, S5, S6, S9"
167,HOSP36G139444,District Hospital - Tandur,TELANGANA,VIKARABAD,,,,NA,"M1,M1,M7,M1,S7,M2,M3,S1,S16,S2,S3,S4,S5,S6,",Public,PMJAY,-NA-,-NA-,Hospital Approved for Empanelment,No,NA,"M1, M7, S7, M2, M3, S1, S16, S2, S3, S4, S5, S6"
168,HOSP36G139452,MATERNITY AND CHILD HEALTH HOSPITAL JANGAON,TELANGANA,JANGOAN,,,,NA,"M1,M1,M2,S8,M1,M7,M1,S7,M2,M3,M4,M5,M6,S1,S10,S11,S12,S13,S14,S15,S16,S2,S3,S4,S5,S6,S7,S8,S9,",Public,PMJAY,-NA-,-NA-,Hospital Approved for Empanelment,No,NA,"M1, M2, S8, M7, S7, M3, M4, M5, M6, S1, S10, S11, S12, S13, S14, S15, S16, S2, S3, S4, S5, S6, S9"
169,HOSP36G139453,S R R I T  C D Govt Fever Hospital,TELANGANA,HYDERABAD,,,,NA,"M1,M1,M2,S8,M1,M7,M1,S7,M2,M3,M4,M5,M6,S1,S10,S11,S12,S13,S14,S15,S16,S2,S3,S4,S5,S6,S7,S8,S9,",Public,PMJAY,-NA-,-NA-,Hospital Approved for Empanelment,No,NA,"M1, M2, S8, M7, S7, M3, M4, M5, M6, S1, S10, S11, S12, S13, S14, S15, S16, S2, S3, S4, S5, S6, S9"
170,HOSP36G142523,CHC-PALAKURTHY,TELANGANA,JANGOAN,,,,NA,"M1,M1,M2,S8,M1,M7,M1,S7,M2,M3,M4,M5,M6,M8,S1,S10,S11,S12,S13,S14,S15,S2,S3,S4,S5,S6,S7,S8,S9,",Public,PMJAY,-NA-,-NA-,Hospital Approved for Empanelment,No,NA,"M1, M2, S8, M7, S7, M3, M4, M5, M6, M8, S1, S10, S11, S12, S13, S14, S15, S2, S3, S4, S5, S6, S9"
171,HOSP36G142526,CHC-ZAFFERGADH,TELANGANA,JANGOAN,,,,NA,"M1,M1,M2,S8,M1,M7,M1,S7,M2,M3,M4,M5,M6,M8,S1,S10,S11,S12,S13,S14,S15,S2,S3,S4,S5,S6,S7,S8,S9,",Public,PMJAY,-NA-,-NA-,Hospital Approved for Empanelment,No,NA,"M1, M2, S8, M7, S7, M3, M4, M5, M6, M8, S1, S10, S11, S12, S13, S14, S15, S2, S3, S4, S5, S6, S9"
172,HOSP36G142529,CHC-KOILKONDA,TELANGANA,MAHABUBNAGAR,,,,NA,"M1,M1,M2,S8,M1,M7,M1,S7,M2,M3,M4,M5,M6,M8,S1,S10,S11,S12,S13,S14,S15,S2,S3,S4,S5,S6,S7,S8,S9,",Public,PMJAY,-NA-,-NA-,Hospital Approved for Empanelment,No,NA,"M1, M2, S8, M7, S7, M3, M4, M5, M6, M8, S1, S10, S11, S12, S13, S14, S15, S2, S3, S4, S5, S6, S9"
173,HOSP36G142538,CHC-KALLURU,TELANGANA,KHAMMAM,,,,NA,"M1,M1,M2,S8,M1,M7,M1,S7,M2,M3,M4,M5,M6,M8,S1,S10,S11,S12,S13,S14,S15,S2,S3,S4,S5,S6,S7,S8,S9,",Public,PMJAY,-NA-,-NA-,Hospital Approved for Empanelment,No,NA,"M1, M2, S8, M7, S7, M3, M4, M5, M6, M8, S1, S10, S11, S12, S13, S14, S15, S2, S3, S4, S5, S6, S9"
174,HOSP36G142540,CHC-GHANPUR STN,TELANGANA,JANGOAN,,,,NA,"M1,M1,M2,S8,M1,M7,M1,S7,M2,M3,M4,M5,M6,M8,S1,S10,S11,S12,S13,S14,S15,S2,S3,S4,S5,S6,S7,S8,S9,",Public,PMJAY,-NA-,-NA-,Hospital Approved for Empanelment,No,NA,"M1, M2, S8, M7, S7, M3, M4, M5, M6, M8, S1, S10, S11, S12, S13, S14, S15, S2, S3, S4, S5, S6, S9"
175,HOSP36G142544,MPHC-M.P.Banjara,TELANGANA,BHADRADRI KOTHAGUDEM,,,,NA,"M1,M7,",Public,PMJAY,-NA-,-NA-,Hospital Approved for Empanelment,No,NA,"M1, M7"
176,HOSP36G142545,PHC -  Shyampur,TELANGANA,ADILABAD,,,,NA,"M1,M7,",Public,PMJAY,-NA-,-NA-,Hospital Approved for Empanelment,No,NA,"M1, M7"
177,HOSP36G142547,PHC - KESHAVAPUR,TELANGANA,WARANGAL URBAN,,,,NA,"M1,M7,",Public,PMJAY,-NA-,-NA-,Hospital Approved for Empanelment,No,NA,"M1, M7"
178,HOSP36G142548,PHC - P.D.PALLY,TELANGANA,NALGONDA,,,,NA,"M1,M7,",Public,PMJAY,-NA-,-NA-,Hospital Approved for Empanelment,No,NA,"M1, M7"
179,HOSP36G142549,PHC - THRIPURARAM,TELANGANA,NALGONDA,,,,NA,"M1,M7,",Public,PMJAY,-NA-,-NA-,Hospital Approved for Empanelment,No,NA,"M1, M7"
180,HOSP36G142550,PHC- BODDUPALLY,TELANGANA,NALGONDA,,,,NA,"M1,M7,",Public,PMJAY,-NA-,-NA-,Hospital Approved for Empanelment,No,NA,"M1, M7"
181,HOSP36G142551,PHC- LONAVELLI,TELANGANA,KUMURAM BHEEM ASIFABAD,,,,NA,"M1,M7,",Public,PMJAY,-NA-,-NA-,Hospital Approved for Empanelment,No,NA,"M1, M7"
182,HOSP36G142552,PHC-A.D.PALLY,TELANGANA,NALGONDA,,,,NA,"M1,M7,",Public,PMJAY,-NA-,-NA-,Hospital Approved for Empanelment,No,NA,"M1, M7"
183,HOSP36G142553,PHC-ABDULLAPURMET,TELANGANA,NALGONDA,,,,NA,"M1,M7,",Public,PMJAY,-NA-,-NA-,Hospital Approved for Empanelment,No,NA,"M1, M7"
184,HOSP36G142554,PHC-AHMADIPUR,TELANGANA,SIDDIPET,,,,NA,"M1,M7,",Public,PMJAY,-NA-,-NA-,Hospital Approved for Empanelment,No,NA,"M1, M7"
185,HOSP36G142555,PHC-AKKANNAPET,TELANGANA,SIDDIPET,,,,NA,"M1,M7,",Public,PMJAY,-NA-,-NA-,Hospital Approved for Empanelment,No,NA,"M1, M7"
186,HOSP36G142556,PHC-ALAGADAPA,TELANGANA,NALGONDA,,,,NA,"M1,M7,",Public,PMJAY,-NA-,-NA-,Hospital Approved for Empanelment,No,NA,"M1, M7"
187,HOSP36G142557,PHC-ALANKHANIPET,TELANGANA,WARANGAL URBAN,,,,NA,"M1,M7,",Public,PMJAY,-NA-,-NA-,Hospital Approved for Empanelment,No,NA,"M1, M7"
188,HOSP36G142558,PHC-ARUTLA,TELANGANA,NALGONDA,,,,NA,"M1,M7,",Public,PMJAY,-NA-,-NA-,Hospital Approved for Empanelment,No,NA,"M1, M7"
189,HOSP36G142559,PHC-ADDAKAL,TELANGANA,MAHABUBNAGAR,,,,NA,"M1,M7,",Public,PMJAY,-NA-,-NA-,Hospital Approved for Empanelment,No,NA,"M1, M7"
190,HOSP36G142560,PHC-AKKINEPALLY,TELANGANA,NALGONDA,,,,NA,"M1,M7,",Public,PMJAY,-NA-,-NA-,Hospital Approved for Empanelment,No,NA,"M1, M7"
191,HOSP36G142561,PHC-ALOOR,TELANGANA,NALGONDA,,,,NA,"M1,M7,",Public,PMJAY,-NA-,-NA-,Hospital Approved for Empanelment,No,NA,"M1, M7"
192,HOSP36G142563,PHC-AMANGAL,TELANGANA,NALGONDA,,,,NA,"M1,M7,",Public,PMJAY,-NA-,-NA-,Hospital Approved for Empanelment,No,NA,"M1, M7"
193,HOSP36G142564,PHC-AMBARIPET NEW,TELANGANA,Jagitial,,,,NA,"M1,M7,",Public,PMJAY,-NA-,-NA-,Hospital Approved for Empanelment,No,NA,"M1, M7"
194,HOSP36G142565,PHC-AMBATPALLY,TELANGANA,NAGARKURNOOL,,,,NA,"M1,M7,",Public,PMJAY,-NA-,-NA-,Hospital Approved for Empanelment,No,NA,"M1, M7"
195,HOSP36G142566,PHC-ANANTHAGIRI,TELANGANA,SURYAPET,,,,NA,"M1,M7,",Public,PMJAY,-NA-,-NA-,Hospital Approved for Empanelment,No,NA,"M1, M7"
196,HOSP36G142567,PHC-CHEERLAVANCHA,TELANGANA,RAJANNA SIRCILLA,,,,NA,"M1,M7,",Public,PMJAY,-NA-,-NA-,Hospital Approved for Empanelment,No,NA,"M1, M7"
197,HOSP36G142568,PHC-ERRAPAHAD,TELANGANA,KAMAREDDY,,,,NA,"M1,M7,",Public,PMJAY,-NA-,-NA-,Hospital Approved for Empanelment,No,NA,"M1, M7"
198,HOSP36G142569,PHC-ANGADI RAICHUR,TELANGANA,VIKARABAD,,,,NA,"M1,M7,",Public,PMJAY,-NA-,-NA-,Hospital Approved for Empanelment,No,NA,"M1, M7"
199,HOSP36G142570,PHC-Cherla,TELANGANA,BHADRADRI KOTHAGUDEM,,,,NA,"M1,M7,",Public,PMJAY,-NA-,-NA-,Hospital Approved for Empanelment,No,NA,"M1, M7"
200,HOSP36G142571,PHC-D.DHARMARAM,TELANGANA,MEDAK,,,,NA,"M1,M7,",Public,PMJAY,-NA-,-NA-,Hospital Approved for Empanelment,No,NA,"M1, M7"
201,HOSP36G142572,PHC-DASTURABAD,TELANGANA,Nirmal,,,,NA,"M1,M7,",Public,PMJAY,-NA-,-NA-,Hospital Approved for Empanelment,No,NA,"M1, M7"
202,HOSP36G142573,PHC-ANGAJAJPALLY,TELANGANA,MANCHERIAL,,,,NA,"M1,M7,",Public,PMJAY,-NA-,-NA-,Hospital Approved for Empanelment,No,NA,"M1, M7"
203,HOSP36G142574,PHC-ANNARAM,TELANGANA,KAMAREDDY,,,,NA,"M1,M7,",Public,PMJAY,-NA-,-NA-,Hospital Approved for Empanelment,No,NA,"M1, M7"
204,HOSP36G142575,PHC-ANTHERGOAN,TELANGANA,PEDDAPALLI,,,,NA,"M1,M7,",Public,PMJAY,-NA-,-NA-,Hospital Approved for Empanelment,No,NA,"M1, M7"
205,HOSP36G142576,PHC-APPARALA,TELANGANA,WANAPARTHY,,,,NA,"M1,M7,",Public,PMJAY,-NA-,-NA-,Hospital Approved for Empanelment,No,NA,"M1, M7"
206,HOSP36G142577,PHC-ARVAPALLY,TELANGANA,SURYAPET,,,,NA,"M1,M7,",Public,PMJAY,-NA-,-NA-,Hospital Approved for Empanelment,No,NA,"M1, M7"
207,HOSP36G142578,PHC-ATMAKUR,TELANGANA,SANGAREDDY,,,,NA,"M1,M7,",Public,PMJAY,-NA-,-NA-,Hospital Approved for Empanelment,No,NA,"M1, M7"
208,HOSP36G142579,CHC-Burgampahad,TELANGANA,BHADRADRI KOTHAGUDEM,,,,NA,"M1,M1,M2,S8,M1,M7,M1,S7,M2,M3,M4,M5,M6,M8,S1,S10,S11,S12,S13,S14,S15,S2,S3,S4,S5,S6,S7,S8,S9,",Public,PMJAY,-NA-,-NA-,Hospital Approved for Empanelment,No,NA,"M1, M2, S8, M7, S7, M3, M4, M5, M6, M8, S1, S10, S11, S12, S13, S14, S15, S2, S3, S4, S5, S6, S9"
209,HOSP36G142582,PHC-AZAMNAGAR,TELANGANA,JAYASHANKAR BHUPALAPALLY,,,,NA,"M1,M7,",Public,PMJAY,-NA-,-NA-,Hospital Approved for Empanelment,No,NA,"M1, M7"
210,HOSP36G142583,PHC-ADA,TELANGANA,KUMURAM BHEEM ASIFABAD,,,,NA,"M1,M7,",Public,PMJAY,-NA-,-NA-,Hospital Approved for Empanelment,No,NA,"M1, M7"
211,HOSP36G142584,PHC-ATMAKUR S,TELANGANA,SURYAPET,,,,NA,"M1,M7,",Public,PMJAY,-NA-,-NA-,Hospital Approved for Empanelment,No,NA,"M1, M7"
212,HOSP36G142586,PHC-Ailapoor,TELANGANA,Jagitial,,,,NA,"M1,M7,",Public,PMJAY,-NA-,-NA-,Hospital Approved for Empanelment,No,NA,"M1, M7"
213,HOSP36G142589,PHC-BANTWARAM,TELANGANA,VIKARABAD,,,,NA,"M1,M7,",Public,PMJAY,-NA-,-NA-,Hospital Approved for Empanelment,No,NA,"M1, M7"
214,HOSP36G142590,PHC-Allapalli,TELANGANA,BHADRADRI KOTHAGUDEM,,,,NA,"M1,M7,",Public,PMJAY,-NA-,-NA-,Hospital Approved for Empanelment,No,NA,"M1, M7"
215,HOSP36G142591,PHC-BANOJIPET,TELANGANA,WARANGAL URBAN,,,,NA,"M1,M7,",Public,PMJAY,-NA-,-NA-,Hospital Approved for Empanelment,No,NA,"M1, M7"
216,HOSP36G142592,PHC-Ambaripet(Old),TELANGANA,Jagitial,,,,NA,"M1,M7,",Public,PMJAY,-NA-,-NA-,Hospital Approved for Empanelment,No,NA,"M1, M7"
217,HOSP36G142593,PHC-Ambatpally,TELANGANA,JAYASHANKAR BHUPALAPALLY,,,,NA,"M1,M7,",Public,PMJAY,-NA-,-NA-,Hospital Approved for Empanelment,No,NA,"M1, M7"
218,HOSP36G142594,PHC-BHEEMGAL,TELANGANA,NIZAMABAD,,,,NA,"M1,M7,",Public,PMJAY,-NA-,-NA-,Hospital Approved for Empanelment,No,NA,"M1, M7"
219,HOSP36G142595,PHC-Aswapuram,TELANGANA,BHADRADRI KOTHAGUDEM,,,,NA,"M1,M7,",Public,PMJAY,-NA-,-NA-,Hospital Approved for Empanelment,No,NA,"M1, M7"
220,HOSP36G142596,PHC-BABAPUR GANGAPUR,TELANGANA,KUMURAM BHEEM ASIFABAD,,,,NA,"M1,M7,",Public,PMJAY,-NA-,-NA-,Hospital Approved for Empanelment,No,NA,"M1, M7"
221,HOSP36G142597,PHC-BALAPALA,TELANGANA,MAHABUBABAD,,,,NA,"M1,M7,",Public,PMJAY,-NA-,-NA-,Hospital Approved for Empanelment,No,NA,"M1, M7"
222,HOSP36G142598,PHC-BALMOOR,TELANGANA,NAGARKURNOOL,,,,NA,"M1,M7,",Public,PMJAY,-NA-,-NA-,Hospital Approved for Empanelment,No,NA,"M1, M7"
223,HOSP36G142599,PHC-BANIGANDLAPADU,TELANGANA,KHAMMAM,,,,NA,"M1,M7,",Public,PMJAY,-NA-,-NA-,Hospital Approved for Empanelment,No,NA,"M1, M7"
224,HOSP36G142600,PHC-BALANAGAR,TELANGANA,MAHABUBNAGAR,,,,NA,"M1,M7,",Public,PMJAY,-NA-,-NA-,Hospital Approved for Empanelment,No,NA,"M1, M7"
225,HOSP36G142601,PHC-BIBIPET,TELANGANA,KAMAREDDY,,,,NA,"M1,M7,",Public,PMJAY,-NA-,-NA-,Hospital Approved for Empanelment,No,NA,"M1, M7"
226,HOSP36G142602,PHC-BIJNAPALLY,TELANGANA,NAGARKURNOOL,,,,NA,"M1,M7,",Public,PMJAY,-NA-,-NA-,Hospital Approved for Empanelment,No,NA,"M1, M7"
227,HOSP36G142603,PHC-BASANTHNAGAR,TELANGANA,PEDDAPALLI,,,,NA,"M1,M7,",Public,PMJAY,-NA-,-NA-,Hospital Approved for Empanelment,No,NA,"M1, M7"
228,HOSP36G142604,PHC-BEGUMPET,TELANGANA,PEDDAPALLI,,,,NA,"M1,M7,",Public,PMJAY,-NA-,-NA-,Hospital Approved for Empanelment,No,NA,"M1, M7"
229,HOSP36G142605,PHC-BHATPALLY,TELANGANA,KUMURAM BHEEM ASIFABAD,,,,NA,"M1,M7,",Public,PMJAY,-NA-,-NA-,Hospital Approved for Empanelment,No,NA,"M1, M7"
230,HOSP36G142606,PHC-BELA,TELANGANA,ADILABAD,,,,NA,"M1,M7,",Public,PMJAY,-NA-,-NA-,Hospital Approved for Empanelment,No,NA,"M1, M7"
231,HOSP36G142607,PHC-BHOOMPALLY,TELANGANA,SIDDIPET,,,,NA,"M1,M7,",Public,PMJAY,-NA-,-NA-,Hospital Approved for Empanelment,No,NA,"M1, M7"
232,HOSP36G142608,PHC-BASAR,TELANGANA,Nirmal,,,,NA,"M1,M7,",Public,PMJAY,-NA-,-NA-,Hospital Approved for Empanelment,No,NA,"M1, M7"
233,HOSP36G142609,PHC-BHEEMINI,TELANGANA,MANCHERIAL,,,,NA,"M1,M7,",Public,PMJAY,-NA-,-NA-,Hospital Approved for Empanelment,No,NA,"M1, M7"
234,HOSP36G142610,PHC-CHENNUR,TELANGANA,KHAMMAM,,,,NA,"M1,M7,",Public,PMJAY,-NA-,-NA-,Hospital Approved for Empanelment,No,NA,"M1, M7"
235,HOSP36G142611,PHC-BASHEERABAD,TELANGANA,VIKARABAD,,,,NA,"M1,M7,",Public,PMJAY,-NA-,-NA-,Hospital Approved for Empanelment,No,NA,"M1, M7"
236,HOSP36G142613,PHC-BAYYARAM,TELANGANA,MAHABUBABAD,,,,NA,"M1,M7,",Public,PMJAY,-NA-,-NA-,Hospital Approved for Empanelment,No,NA,"M1, M7"
237,HOSP36G142614,PHC-BHIKNOOR,TELANGANA,KAMAREDDY,,,,NA,"M1,M7,",Public,PMJAY,-NA-,-NA-,Hospital Approved for Empanelment,No,NA,"M1, M7"
238,HOSP36G142615,PHC-BEJJUR,TELANGANA,KUMURAM BHEEM ASIFABAD,,,,NA,"M1,M7,",Public,PMJAY,-NA-,-NA-,Hospital Approved for Empanelment,No,NA,"M1, M7"
239,HOSP36G142617,PHC-BHOOTHPUR,TELANGANA,MAHABUBNAGAR,,,,NA,"M1,M7,",Public,PMJAY,-NA-,-NA-,Hospital Approved for Empanelment,No,NA,"M1, M7"
240,HOSP36G142618,PHC-BODULABANDA,TELANGANA,KHAMMAM,,,,NA,"M1,M7,",Public,PMJAY,-NA-,-NA-,Hospital Approved for Empanelment,No,NA,"M1, M7"
241,HOSP36G142619,PHC-BOLLARAM,TELANGANA,SANGAREDDY,,,,NA,"M1,M7,",Public,PMJAY,-NA-,-NA-,Hospital Approved for Empanelment,No,NA,"M1, M7"
242,HOSP36G142620,PHC-BHANOOR,TELANGANA,SANGAREDDY,,,,NA,"M1,M7,",Public,PMJAY,-NA-,-NA-,Hospital Approved for Empanelment,No,NA,"M1, M7"
243,HOSP36G142621,PHC-BOINPALLY,TELANGANA,RAJANNA SIRCILLA,,,,NA,"M1,M7,",Public,PMJAY,-NA-,-NA-,Hospital Approved for Empanelment,No,NA,"M1, M7"
244,HOSP36G142622,PHC-BURGULA,TELANGANA,NALGONDA,,,,NA,"M1,M7,",Public,PMJAY,-NA-,-NA-,Hospital Approved for Empanelment,No,NA,"M1, M7"
245,HOSP36G142623,PHC-CHALLUR,TELANGANA,KARIMNAGAR,,,,NA,"M1,M7,",Public,PMJAY,-NA-,-NA-,Hospital Approved for Empanelment,No,NA,"M1, M7"
246,HOSP36G142624,PHC-BHEEMPUR,TELANGANA,ADILABAD,,,,NA,"M1,M7,",Public,PMJAY,-NA-,-NA-,Hospital Approved for Empanelment,No,NA,"M1, M7"
247,HOSP36G142625,PHC-BILALPUR,TELANGANA,SANGAREDDY,,,,NA,"M1,M7,",Public,PMJAY,-NA-,-NA-,Hospital Approved for Empanelment,No,NA,"M1, M7"
248,HOSP36G142626,PHC-BOMRASPET,TELANGANA,VIKARABAD,,,,NA,"M1,M7,",Public,PMJAY,-NA-,-NA-,Hospital Approved for Empanelment,No,NA,"M1, M7"
249,HOSP36G142627,PHC-BOPPALLY,TELANGANA,NAGARKURNOOL,,,,NA,"M1,M7,",Public,PMJAY,-NA-,-NA-,Hospital Approved for Empanelment,No,NA,"M1, M7"
250,HOSP36G142628,PHC-BIRKOOR,TELANGANA,KAMAREDDY,,,,NA,"M1,M7,",Public,PMJAY,-NA-,-NA-,Hospital Approved for Empanelment,No,NA,"M1, M7"
251,HOSP36G142630,PHC-BONAKAL,TELANGANA,KHAMMAM,,,,NA,"M1,M7,",Public,PMJAY,-NA-,-NA-,Hospital Approved for Empanelment,No,NA,"M1, M7"
252,HOSP36G142631,PHC-CC.KUNTA,TELANGANA,MAHABUBNAGAR,,,,NA,"M1,M7,",Public,PMJAY,-NA-,-NA-,Hospital Approved for Empanelment,No,NA,"M1, M7"
253,HOSP36G142632,PHC-CHANDAMPET,TELANGANA,NALGONDA,,,,NA,"M1,M7,",Public,PMJAY,-NA-,-NA-,Hospital Approved for Empanelment,No,NA,"M1, M7"
254,HOSP36G142633,PHC-CHANDRUGONDA,TELANGANA,BHADRADRI KOTHAGUDEM,,,,NA,"M1,M7,",Public,PMJAY,-NA-,-NA-,Hospital Approved for Empanelment,No,NA,"M1, M7"
255,HOSP36G142634,PHC-Bhupalapally,TELANGANA,JAYASHANKAR BHUPALAPALLY,,,,NA,"M1,M7,",Public,PMJAY,-NA-,-NA-,Hospital Approved for Empanelment,No,NA,"M1, M7"
256,HOSP36G142635,PHC-CHANDANVALLY,TELANGANA,NALGONDA,,,,NA,"M1,M7,",Public,PMJAY,-NA-,-NA-,Hospital Approved for Empanelment,No,NA,"M1, M7"
257,HOSP36G142636,PHC-CHANDUR,TELANGANA,NALGONDA,,,,NA,"M1,M7,",Public,PMJAY,-NA-,-NA-,Hospital Approved for Empanelment,No,NA,"M1, M7"
258,HOSP36G142637,PHC-CHAMANPALLY,TELANGANA,KARIMNAGAR,,,,NA,"M1,M7,",Public,PMJAY,-NA-,-NA-,Hospital Approved for Empanelment,No,NA,"M1, M7"
259,HOSP36G142638,PHC-CHEGUNTA,TELANGANA,MEDAK,,,,NA,"M1,M7,",Public,PMJAY,-NA-,-NA-,Hospital Approved for Empanelment,No,NA,"M1, M7"
260,HOSP36G142640,PHC-CHARAKONDA,TELANGANA,NAGARKURNOOL,,,,NA,"M1,M7,",Public,PMJAY,-NA-,-NA-,Hospital Approved for Empanelment,No,NA,"M1, M7"
261,HOSP36G142641,PHC-CHENNARAOPET,TELANGANA,WARANGAL URBAN,,,,NA,"M1,M7,",Public,PMJAY,-NA-,-NA-,Hospital Approved for Empanelment,No,NA,"M1, M7"
262,HOSP36G142643,PHC-CHENGOMUL,TELANGANA,VIKARABAD,,,,NA,"M1,M7,",Public,PMJAY,-NA-,-NA-,Hospital Approved for Empanelment,No,NA,"M1, M7"
263,HOSP36G142644,PHC-CHINTHAPALLY,TELANGANA,NALGONDA,,,,NA,"M1,M7,",Public,PMJAY,-NA-,-NA-,Hospital Approved for Empanelment,No,NA,"M1, M7"
264,HOSP36G142645,PHC-CHITYAL,TELANGANA,NALGONDA,,,,NA,"M1,M7,",Public,PMJAY,-NA-,-NA-,Hospital Approved for Empanelment,No,NA,"M1, M7"
265,HOSP36G142646,PHC-CHELPUR,TELANGANA,KARIMNAGAR,,,,NA,"M1,M7,",Public,PMJAY,-NA-,-NA-,Hospital Approved for Empanelment,No,NA,"M1, M7"
266,HOSP36G142647,PHC-CHILKUR,TELANGANA,SURYAPET,,,,NA,"M1,M7,",Public,PMJAY,-NA-,-NA-,Hospital Approved for Empanelment,No,NA,"M1, M7"
267,HOSP36G142648,PHC-CHINNAKODUR,TELANGANA,SIDDIPET,,,,NA,"M1,M7,",Public,PMJAY,-NA-,-NA-,Hospital Approved for Empanelment,No,NA,"M1, M7"
268,HOSP36G142649,PHC-CHIVVEMLA,TELANGANA,SURYAPET,,,,NA,"M1,M7,",Public,PMJAY,-NA-,-NA-,Hospital Approved for Empanelment,No,NA,"M1, M7"
269,HOSP36G142651,PHC-CHIGURUMAMIDI,TELANGANA,KARIMNAGAR,,,,NA,"M1,M7,",Public,PMJAY,-NA-,-NA-,Hospital Approved for Empanelment,No,NA,"M1, M7"
270,HOSP36G142652,PHC-CHINCHODE,TELANGANA,NALGONDA,,,,NA,"M1,M7,",Public,PMJAY,-NA-,-NA-,Hospital Approved for Empanelment,No,NA,"M1, M7"
271,HOSP36G142653,PHC-CHINTAKANI,TELANGANA,KHAMMAM,,,,NA,"M1,M7,",Public,PMJAY,-NA-,-NA-,Hospital Approved for Empanelment,No,NA,"M1, M7"
272,HOSP36G142654,PHC-CHOPPADANDI,TELANGANA,KARIMNAGAR,,,,NA,"M1,M7,",Public,PMJAY,-NA-,-NA-,Hospital Approved for Empanelment,No,NA,"M1, M7"
273,HOSP36G142655,PHC-Chelpur,TELANGANA,JAYASHANKAR BHUPALAPALLY,,,,NA,"M1,M7,",Public,PMJAY,-NA-,-NA-,Hospital Approved for Empanelment,No,NA,"M1, M7"
274,HOSP36G142656,PHC-Chilkuri Laxmi Nagar,TELANGANA,ADILABAD,,,,NA,"M1,M7,",Public,PMJAY,-NA-,-NA-,Hospital Approved for Empanelment,No,NA,"M1, M7"
275,HOSP36G142657,PHC-CHITYAL,TELANGANA,VIKARABAD,,,,NA,"M1,M7,",Public,PMJAY,-NA-,-NA-,Hospital Approved for Empanelment,No,NA,"M1, M7"
276,HOSP36G142658,PHC-DAMARACHERLA,TELANGANA,NALGONDA,,,,NA,"M1,M7,",Public,PMJAY,-NA-,-NA-,Hospital Approved for Empanelment,No,NA,"M1, M7"
277,HOSP36G142659,PHC-DANDEPALLY,TELANGANA,MANCHERIAL,,,,NA,"M1,M7,",Public,PMJAY,-NA-,-NA-,Hospital Approved for Empanelment,No,NA,"M1, M7"
278,HOSP36G142661,PHC-DANDUMAILARAM,TELANGANA,NALGONDA,,,,NA,"M1,M7,",Public,PMJAY,-NA-,-NA-,Hospital Approved for Empanelment,No,NA,"M1, M7"
279,HOSP36G142662,PHC-DUGGONDI,TELANGANA,WARANGAL URBAN,,,,NA,"M1,M7,",Public,PMJAY,-NA-,-NA-,Hospital Approved for Empanelment,No,NA,"M1, M7"
280,HOSP36G142663,PHC-DAHEGAON,TELANGANA,KUMURAM BHEEM ASIFABAD,,,,NA,"M1,M7,",Public,PMJAY,-NA-,-NA-,Hospital Approved for Empanelment,No,NA,"M1, M7"
281,HOSP36G142664,PHC-DENDUKURU,TELANGANA,KHAMMAM,,,,NA,"M1,M7,",Public,PMJAY,-NA-,-NA-,Hospital Approved for Empanelment,No,NA,"M1, M7"
282,HOSP36G142665,PHC-DEVANPALLY,TELANGANA,KAMAREDDY,,,,NA,"M1,M7,",Public,PMJAY,-NA-,-NA-,Hospital Approved for Empanelment,No,NA,"M1, M7"
283,HOSP36G142666,PHC-DANTHALAPALLY,TELANGANA,MAHABUBABAD,,,,NA,"M1,M7,",Public,PMJAY,-NA-,-NA-,Hospital Approved for Empanelment,No,NA,"M1, M7"
284,HOSP36G142667,PHC-DEVARUPPULA,TELANGANA,JANGOAN,,,,NA,"M1,M7,",Public,PMJAY,-NA-,-NA-,Hospital Approved for Empanelment,No,NA,"M1, M7"
285,HOSP36G142668,PHC-DEVERKADRA,TELANGANA,MAHABUBNAGAR,,,,NA,"M1,M7,",Public,PMJAY,-NA-,-NA-,Hospital Approved for Empanelment,No,NA,"M1, M7"
286,HOSP36G142669,PHC-DHARMAPURI,TELANGANA,Jagitial,,,,NA,"M1,M7,",Public,PMJAY,-NA-,-NA-,Hospital Approved for Empanelment,No,NA,"M1, M7"
287,HOSP36G142670,PHC-DEVGOAN,TELANGANA,NIZAMABAD,,,,NA,"M1,M7,",Public,PMJAY,-NA-,-NA-,Hospital Approved for Empanelment,No,NA,"M1, M7"
288,HOSP36G142671,PHC-DHAROOR,TELANGANA,JOGULAMBA GADWAL,,,,NA,"M1,M7,",Public,PMJAY,-NA-,-NA-,Hospital Approved for Empanelment,No,NA,"M1, M7"
289,HOSP36G142672,PHC-DHARUR,TELANGANA,VIKARABAD,,,,NA,"M1,M7,",Public,PMJAY,-NA-,-NA-,Hospital Approved for Empanelment,No,NA,"M1, M7"
290,HOSP36G142674,PHC-DIGWAL,TELANGANA,SANGAREDDY,,,,NA,"M1,M7,",Public,PMJAY,-NA-,-NA-,Hospital Approved for Empanelment,No,NA,"M1, M7"
291,HOSP36G142675,PHC-DINDI,TELANGANA,NALGONDA,,,,NA,"M1,M7,",Public,PMJAY,-NA-,-NA-,Hospital Approved for Empanelment,No,NA,"M1, M7"
292,HOSP36G142676,PHC-DONKESHSWAR,TELANGANA,NIZAMABAD,,,,NA,"M1,M7,",Public,PMJAY,-NA-,-NA-,Hospital Approved for Empanelment,No,NA,"M1, M7"
293,HOSP36G142678,PHC-DOULATHABAD,TELANGANA,SIDDIPET,,,,NA,"M1,M7,",Public,PMJAY,-NA-,-NA-,Hospital Approved for Empanelment,No,NA,"M1, M7"
294,HOSP36G142679,PHC-DILWARPUR,TELANGANA,Nirmal,,,,NA,"M1,M7,",Public,PMJAY,-NA-,-NA-,Hospital Approved for Empanelment,No,NA,"M1, M7"
295,HOSP36G142680,PHC-DOMA,TELANGANA,VIKARABAD,,,,NA,"M1,M7,",Public,PMJAY,-NA-,-NA-,Hospital Approved for Empanelment,No,NA,"M1, M7"
296,HOSP36G142681,PHC-DONGLI,TELANGANA,KAMAREDDY,,,,NA,"M1,M7,",Public,PMJAY,-NA-,-NA-,Hospital Approved for Empanelment,No,NA,"M1, M7"
297,HOSP36G142683,PHC-DORNAKAL,TELANGANA,MAHABUBABAD,,,,NA,"M1,M7,",Public,PMJAY,-NA-,-NA-,Hospital Approved for Empanelment,No,NA,"M1, M7"
298,HOSP36G142684,PHC-DOULTHABAD,TELANGANA,VIKARABAD,,,,NA,"M1,M7,",Public,PMJAY,-NA-,-NA-,Hospital Approved for Empanelment,No,NA,"M1, M7"
299,HOSP36G142685,PHC-DOULTHABAD-H,TELANGANA,SANGAREDDY,,,,NA,"M1,M7,",Public,PMJAY,-NA-,-NA-,Hospital Approved for Empanelment,No,NA,"M1, M7"
300,HOSP36G142686,PHC-Danthanpalli,TELANGANA,ADILABAD,,,,NA,"M1,M7,",Public,PMJAY,-NA-,-NA-,Hospital Approved for Empanelment,No,NA,"M1, M7"
301,HOSP36G142687,PHC-Dharmasagar,TELANGANA,WARANGAL RURAL,,,,NA,"M1,M7,",Public,PMJAY,-NA-,-NA-,Hospital Approved for Empanelment,No,NA,"M1, M7"
302,HOSP36G142688,PHC-Dummugudem,TELANGANA,BHADRADRI KOTHAGUDEM,,,,NA,"M1,M7,",Public,PMJAY,-NA-,-NA-,Hospital Approved for Empanelment,No,NA,"M1, M7"
303,HOSP36G142690,PHC-DUBBACHERLA,TELANGANA,NALGONDA,,,,NA,"M1,M7,",Public,PMJAY,-NA-,-NA-,Hospital Approved for Empanelment,No,NA,"M1, M7"
304,HOSP36G142691,PHC-Damera,TELANGANA,WARANGAL RURAL,,,,NA,"M1,M7,",Public,PMJAY,-NA-,-NA-,Hospital Approved for Empanelment,No,NA,"M1, M7"
305,HOSP36G142692,PHC-Dammapeta,TELANGANA,BHADRADRI KOTHAGUDEM,,,,NA,"M1,M7,",Public,PMJAY,-NA-,-NA-,Hospital Approved for Empanelment,No,NA,"M1, M7"
306,HOSP36G142693,PHC-GANDHAMPALLY,TELANGANA,MAHABUBABAD,,,,NA,"M1,M7,",Public,PMJAY,-NA-,-NA-,Hospital Approved for Empanelment,No,NA,"M1, M7"
307,HOSP36G142694,PHC-GANGADHARA,TELANGANA,KARIMNAGAR,,,,NA,"M1,M7,",Public,PMJAY,-NA-,-NA-,Hospital Approved for Empanelment,No,NA,"M1, M7"
308,HOSP36G142695,PHC-EASGAON,TELANGANA,KUMURAM BHEEM ASIFABAD,,,,NA,"M1,M7,",Public,PMJAY,-NA-,-NA-,Hospital Approved for Empanelment,No,NA,"M1, M7"
309,HOSP36G142696,PHC-EDIRA,TELANGANA,MAHABUBNAGAR,,,,NA,"M1,M7,",Public,PMJAY,-NA-,-NA-,Hospital Approved for Empanelment,No,NA,"M1, M7"
310,HOSP36G142697,PHC-ELLANDAKUNTA,TELANGANA,KARIMNAGAR,,,,NA,"M1,M7,",Public,PMJAY,-NA-,-NA-,Hospital Approved for Empanelment,No,NA,"M1, M7"
311,HOSP36G142698,PHC-GADDALAPALLY,TELANGANA,PEDDAPALLI,,,,NA,"M1,M7,",Public,PMJAY,-NA-,-NA-,Hospital Approved for Empanelment,No,NA,"M1, M7"
312,HOSP36G142699,PHC-GANDEED,TELANGANA,MAHABUBNAGAR,,,,NA,"M1,M7,",Public,PMJAY,-NA-,-NA-,Hospital Approved for Empanelment,No,NA,"M1, M7"
313,HOSP36G142700,PHC-GANGAPUR,TELANGANA,MAHABUBNAGAR,,,,NA,"M1,M7,",Public,PMJAY,-NA-,-NA-,Hospital Approved for Empanelment,No,NA,"M1, M7"
314,HOSP36G142701,PHC-ELIGAID,TELANGANA,PEDDAPALLI,,,,NA,"M1,M7,",Public,PMJAY,-NA-,-NA-,Hospital Approved for Empanelment,No,NA,"M1, M7"
315,HOSP36G142702,PHC-ELIMINEDU,TELANGANA,NALGONDA,,,,NA,"M1,M7,",Public,PMJAY,-NA-,-NA-,Hospital Approved for Empanelment,No,NA,"M1, M7"
316,HOSP36G142703,PHC-ELLANTHAKUNTA,TELANGANA,RAJANNA SIRCILLA,,,,NA,"M1,M7,",Public,PMJAY,-NA-,-NA-,Hospital Approved for Empanelment,No,NA,"M1, M7"
317,HOSP36G142704,PHC-ENKOOR,TELANGANA,KHAMMAM,,,,NA,"M1,M7,",Public,PMJAY,-NA-,-NA-,Hospital Approved for Empanelment,No,NA,"M1, M7"
318,HOSP36G142705,PHC-ERRAGUNTA,TELANGANA,BHADRADRI KOTHAGUDEM,,,,NA,"M1,M7,",Public,PMJAY,-NA-,-NA-,Hospital Approved for Empanelment,No,NA,"M1, M7"
319,HOSP36G142706,PHC-Elkathurthy,TELANGANA,WARANGAL RURAL,,,,NA,"M1,M7,",Public,PMJAY,-NA-,-NA-,Hospital Approved for Empanelment,No,NA,"M1, M7"
320,HOSP36G142707,PHC-GANGARAM,TELANGANA,MAHABUBABAD,,,,NA,"M1,M7,",Public,PMJAY,-NA-,-NA-,Hospital Approved for Empanelment,No,NA,"M1, M7"
321,HOSP36G142708,PHC-GARREPALLY,TELANGANA,PEDDAPALLI,,,,NA,"M1,M7,",Public,PMJAY,-NA-,-NA-,Hospital Approved for Empanelment,No,NA,"M1, M7"
322,HOSP36G142709,PHC-GHANPOOR,TELANGANA,WANAPARTHY,,,,NA,"M1,M7,",Public,PMJAY,-NA-,-NA-,Hospital Approved for Empanelment,No,NA,"M1, M7"
323,HOSP36G142710,PHC-GINNEDARI,TELANGANA,KUMURAM BHEEM ASIFABAD,,,,NA,"M1,M7,",Public,PMJAY,-NA-,-NA-,Hospital Approved for Empanelment,No,NA,"M1, M7"
324,HOSP36G142711,PHC-GOLLAPALLY,TELANGANA,Jagitial,,,,NA,"M1,M7,",Public,PMJAY,-NA-,-NA-,Hospital Approved for Empanelment,No,NA,"M1, M7"
325,HOSP36G142712,PHC-GOPALPET,TELANGANA,WANAPARTHY,,,,NA,"M1,M7,",Public,PMJAY,-NA-,-NA-,Hospital Approved for Empanelment,No,NA,"M1, M7"
326,HOSP36G142713,PHC-GOVINDPET,TELANGANA,NIZAMABAD,,,,NA,"M1,M7,",Public,PMJAY,-NA-,-NA-,Hospital Approved for Empanelment,No,NA,"M1, M7"
327,HOSP36G142714,PHC-GANGARAM,TELANGANA,KHAMMAM,,,,NA,"M1,M7,",Public,PMJAY,-NA-,-NA-,Hospital Approved for Empanelment,No,NA,"M1, M7"
328,HOSP36G142715,PHC-GUDUR,TELANGANA,MAHABUBABAD,,,,NA,"M1,M7,",Public,PMJAY,-NA-,-NA-,Hospital Approved for Empanelment,No,NA,"M1, M7"
329,HOSP36G142716,PHC-Ghattu,TELANGANA,JOGULAMBA GADWAL,,,,NA,"M1,M7,",Public,PMJAY,-NA-,-NA-,Hospital Approved for Empanelment,No,NA,"M1, M7"
330,HOSP36G142717,PHC-GUMLAPUR,TELANGANA,KARIMNAGAR,,,,NA,"M1,M7,",Public,PMJAY,-NA-,-NA-,Hospital Approved for Empanelment,No,NA,"M1, M7"
331,HOSP36G142718,PHC-Gimma,TELANGANA,ADILABAD,,,,NA,"M1,M7,",Public,PMJAY,-NA-,-NA-,Hospital Approved for Empanelment,No,NA,"M1, M7"
332,HOSP36G142719,PHC-Gopalpur,TELANGANA,WARANGAL RURAL,,,,NA,"M1,M7,",Public,PMJAY,-NA-,-NA-,Hospital Approved for Empanelment,No,NA,"M1, M7"
333,HOSP36G142720,PHC-Gummadivalli,TELANGANA,BHADRADRI KOTHAGUDEM,,,,NA,"M1,M7,",Public,PMJAY,-NA-,-NA-,Hospital Approved for Empanelment,No,NA,"M1, M7"
334,HOSP36G142721,PHC-GINGURTHY,TELANGANA,VIKARABAD,,,,NA,"M1,M7,",Public,PMJAY,-NA-,-NA-,Hospital Approved for Empanelment,No,NA,"M1, M7"
335,HOSP36G142722,PHC-GUDIPALLY,TELANGANA,NALGONDA,,,,NA,"M1,M7,",Public,PMJAY,-NA-,-NA-,Hospital Approved for Empanelment,No,NA,"M1, M7"
336,HOSP36G142723,PHC-GUMMADIDALA,TELANGANA,SANGAREDDY,,,,NA,"M1,M7,",Public,PMJAY,-NA-,-NA-,Hospital Approved for Empanelment,No,NA,"M1, M7"
337,HOSP36G142724,PHC-Gudihatnoor,TELANGANA,ADILABAD,,,,NA,"M1,M7,",Public,PMJAY,-NA-,-NA-,Hospital Approved for Empanelment,No,NA,"M1, M7"
338,HOSP36G142725,PHC-GURRAMPODE,TELANGANA,NALGONDA,,,,NA,"M1,M7,",Public,PMJAY,-NA-,-NA-,Hospital Approved for Empanelment,No,NA,"M1, M7"
339,HOSP36G142726,PHC-Gadiguda,TELANGANA,ADILABAD,,,,NA,"M1,M7,",Public,PMJAY,-NA-,-NA-,Hospital Approved for Empanelment,No,NA,"M1, M7"
340,HOSP36G142727,PHC-Ghanpur,TELANGANA,JAYASHANKAR BHUPALAPALLY,,,,NA,"M1,M7,",Public,PMJAY,-NA-,-NA-,Hospital Approved for Empanelment,No,NA,"M1, M7"
341,HOSP36G142729,PHC-GUNDI,TELANGANA,KARIMNAGAR,,,,NA,"M1,M7,",Public,PMJAY,-NA-,-NA-,Hospital Approved for Empanelment,No,NA,"M1, M7"
342,HOSP36G143202,PHC-POTHANGAL,TELANGANA,NIZAMABAD,,,,NA,"M1,M7,",Public,PMJAY,-NA-,-NA-,Hospital Approved for Empanelment,No,NA,"M1, M7"
343,HOSP36G143206,PHC-BIBINAGAR,TELANGANA,YADADRI BHUVANAGIRI,,,,NA,"M1,M7,",Public,PMJAY,-NA-,-NA-,Hospital Approved for Empanelment,No,NA,"M1, M7"
344,HOSP36G143207,PHC-GADIPEDDAPUR,TELANGANA,MEDAK,,,,NA,"M1,M7,",Public,PMJAY,-NA-,-NA-,Hospital Approved for Empanelment,No,NA,"M1, M7"
345,HOSP36G143208,UPHC-MOOSAPET,TELANGANA,MEDCHAL MALKAJGIRI,,,,NA,NA,Public,PMJAY,-NA-,-NA-,Hospital Approved for Empanelment,No,NA,-NA-
346,HOSP36G152483,CHC YELLAREDDIPET,TELANGANA,RAJANNA SIRCILLA,,,,9490972949,"M1,M1,M2,S8,M1,M7,M1,S7,M2,M3,M4,M5,M6,M8,S1,S10,S11,S12,S13,S14,S15,S2,S3,S4,S5,S6,S7,S8,S9,",Public,PMJAY,-NA-,-NA-,Hospital Approved for Empanelment,No,NA,"M1, M2, S8, M7, S7, M3, M4, M5, M6, M8, S1, S10, S11, S12, S13, S14, S15, S2, S3, S4, S5, S6, S9"
347,HOSP36G157459,CHC WANKIDI,TELANGANA,KUMURAM BHEEM ASIFABAD,,,,9030634547,"M1,M1,M2,S8,M1,M7,M1,S7,M2,M3,M4,M5,M6,M8,S1,S10,S11,S12,S13,S14,S15,S2,S3,S4,S5,S6,S7,S8,S9,",Public,PMJAY,-NA-,-NA-,Hospital Approved for Empanelment,No,NA,"M1, M2, S8, M7, S7, M3, M4, M5, M6, M8, S1, S10, S11, S12, S13, S14, S15, S2, S3, S4, S5, S6, S9"
348,HOSP36G157467,CHC JAINOOR,TELANGANA,KUMURAM BHEEM ASIFABAD,,,,9441490311,"M1,M7,M2,M3,M4,M5,M6,S1,S10,S11,S12,S13,S14,S15,S2,S3,S4,S5,S6,S7,S8,S9,",Public,PMJAY,-NA-,-NA-,Hospital Approved for Empanelment,No,NA,"M1, M7, M2, M3, M4, M5, M6, S1, S10, S11, S12, S13, S14, S15, S2, S3, S4, S5, S6, S7, S8, S9"
349,HOSP36G157468,Community health Center BEJJUR,TELANGANA,KUMURAM BHEEM ASIFABAD,,,,7207465697,"M1,M7,M2,",Public,PMJAY,-NA-,-NA-,Hospital Approved for Empanelment,No,NA,"M1, M7, M2"
350,HOSP36G157636,CHC NARNOOR,TELANGANA,ADILABAD,,,,9492502862,"M1,M7,M2,M3,M4,M5,M6,S1,S10,S11,S12,S13,S14,S15,S2,S3,S4,S5,S6,S7,S8,S9,",Public,PMJAY,-NA-,-NA-,Hospital Approved for Empanelment,No,NA,"M1, M7, M2, M3, M4, M5, M6, S1, S10, S11, S12, S13, S14, S15, S2, S3, S4, S5, S6, S7, S8, S9"
351,HOSP36G160612,PHC-ODELA,TELANGANA,PEDDAPALLI,,,,NA,NA,Public,PMJAY,-NA-,-NA-,Hospital Approved for Empanelment,No,NA,-NA-
352,HOSP36G160613,PHC-PANGAL,TELANGANA,WANAPARTHY,,,,NA,NA,Public,PMJAY,-NA-,-NA-,Hospital Approved for Empanelment,No,NA,-NA-
353,HOSP36G160615,PHC-PHC NIDMANOOR,TELANGANA,NALGONDA,,,,NA,NA,Public,PMJAY,-NA-,-NA-,Hospital Approved for Empanelment,No,NA,-NA-
354,HOSP36G160616,PHC-PEBBAIR,TELANGANA,WANAPARTHY,,,,NA,NA,Public,PMJAY,-NA-,-NA-,Hospital Approved for Empanelment,No,NA,-NA-
355,HOSP36G160617,PHC-PATLOOR,TELANGANA,VIKARABAD,,,,NA,NA,Public,PMJAY,-NA-,-NA-,Hospital Approved for Empanelment,No,NA,-NA-
356,HOSP36G160629,PHC-PEDDAKOTHAPALLY,TELANGANA,NAGARKURNOOL,,,,NA,NA,Public,PMJAY,-NA-,-NA-,Hospital Approved for Empanelment,No,NA,-NA-
357,HOSP36G160630,PHC-RAYAPARTHY W,TELANGANA,WARANGAL URBAN,,,,NA,NA,Public,PMJAY,-NA-,-NA-,Hospital Approved for Empanelment,No,NA,-NA-
358,HOSP36G160631,PHC-PADRA,TELANGANA,NAGARKURNOOL,,,,NA,NA,Public,PMJAY,-NA-,-NA-,Hospital Approved for Empanelment,No,NA,-NA-
359,HOSP36G160632,PHC-P.A. PALLY,TELANGANA,NALGONDA,,,,NA,NA,Public,PMJAY,-NA-,-NA-,Hospital Approved for Empanelment,No,NA,-NA-
360,HOSP36G160633,PHC-PARVATHAGIRI,TELANGANA,WARANGAL URBAN,,,,NA,NA,Public,PMJAY,-NA-,-NA-,Hospital Approved for Empanelment,No,NA,-NA-
361,HOSP36G160634,PHC-PEDDAGOPATHI,TELANGANA,KHAMMAM,,,,NA,NA,Public,PMJAY,-NA-,-NA-,Hospital Approved for Empanelment,No,NA,-NA-
362,HOSP36G160635,PHC-PEMBI,TELANGANA,Nirmal,,,,NA,NA,Public,PMJAY,-NA-,-NA-,Hospital Approved for Empanelment,No,NA,-NA-
363,HOSP36G160636,PHC-PENPAHAD,TELANGANA,SURYAPET,,,,NA,NA,Public,PMJAY,-NA-,-NA-,Hospital Approved for Empanelment,No,NA,-NA-
364,HOSP36G160637,PHC-PEDDAMANDADI,TELANGANA,WANAPARTHY,,,,NA,NA,Public,PMJAY,-NA-,-NA-,Hospital Approved for Empanelment,No,NA,-NA-
365,HOSP36G160638,PHC-Pinapaka,TELANGANA,BHADRADRI KOTHAGUDEM,,,,NA,NA,Public,PMJAY,-NA-,-NA-,Hospital Approved for Empanelment,No,NA,-NA-
366,HOSP36G160639,PHC-RACHULUR,TELANGANA,NALGONDA,,,,NA,NA,Public,PMJAY,-NA-,-NA-,Hospital Approved for Empanelment,No,NA,-NA-
367,HOSP36G160640,PHC-RANGAMPET,TELANGANA,MEDAK,,,,NA,NA,Public,PMJAY,-NA-,-NA-,Hospital Approved for Empanelment,No,NA,-NA-
368,HOSP36G160641,PHC-RAMULABANDA,TELANGANA,NALGONDA,,,,NA,NA,Public,PMJAY,-NA-,-NA-,Hospital Approved for Empanelment,No,NA,-NA-
369,HOSP36G160642,PHC-RENJAL,TELANGANA,NIZAMABAD,,,,NA,NA,Public,PMJAY,-NA-,-NA-,Hospital Approved for Empanelment,No,NA,-NA-
370,HOSP36G160643,PHC-ROMPALLY,TELANGANA,KUMURAM BHEEM ASIFABAD,,,,NA,NA,Public,PMJAY,-NA-,-NA-,Hospital Approved for Empanelment,No,NA,-NA-
371,HOSP36G160644,PHC-Raiparthy(P),TELANGANA,WARANGAL RURAL,,,,NA,NA,Public,PMJAY,-NA-,-NA-,Hospital Approved for Empanelment,No,NA,-NA-
372,HOSP36G160646,PHC-SHANKERPALLY,TELANGANA,NALGONDA,,,,NA,NA,Public,PMJAY,-NA-,-NA-,Hospital Approved for Empanelment,No,NA,-NA-
373,HOSP36G160647,PHC-TANGUTUR,TELANGANA,NALGONDA,,,,NA,NA,Public,PMJAY,-NA-,-NA-,Hospital Approved for Empanelment,No,NA,-NA-
374,HOSP36G160648,PHC-THEEGUL,TELANGANA,SIDDIPET,,,,NA,NA,Public,PMJAY,-NA-,-NA-,Hospital Approved for Empanelment,No,NA,-NA-
375,HOSP36G160649,PHC-Talamadugu,TELANGANA,ADILABAD,,,,NA,NA,Public,PMJAY,-NA-,-NA-,Hospital Approved for Empanelment,No,NA,-NA-
376,HOSP36G160650,PHC-VEENAVANKA,TELANGANA,KARIMNAGAR,,,,NA,NA,Public,PMJAY,-NA-,-NA-,Hospital Approved for Empanelment,No,NA,-NA-
377,HOSP36G160651,PHC-WARGAL,TELANGANA,SIDDIPET,,,,NA,NA,Public,PMJAY,-NA-,-NA-,Hospital Approved for Empanelment,No,NA,-NA-
378,HOSP36G160652,PHC-MAKLOOR,TELANGANA,NIZAMABAD,,,,NA,NA,Public,PMJAY,-NA-,-NA-,Hospital Approved for Empanelment,No,NA,-NA-
379,HOSP36G160653,UPHC-VEMULAWADA,TELANGANA,RAJANNA SIRCILLA,,,,NA,NA,Public,PMJAY,-NA-,-NA-,Hospital Approved for Empanelment,No,NA,-NA-
380,HOSP36G160654,PHC-OGODE,TELANGANA,NALGONDA,,,,NA,NA,Public,PMJAY,-NA-,-NA-,Hospital Approved for Empanelment,No,NA,-NA-
381,HOSP36G160656,PHC-PAIDIPALLY,TELANGANA,WARANGAL URBAN,,,,NA,NA,Public,PMJAY,-NA-,-NA-,Hospital Approved for Empanelment,No,NA,-NA-
382,HOSP36G160657,PHC-PENCHIKALPETA,TELANGANA,KUMURAM BHEEM ASIFABAD,,,,NA,NA,Public,PMJAY,-NA-,-NA-,Hospital Approved for Empanelment,No,NA,-NA-
383,HOSP36G160658,PHC-PHCTALELMA,TELANGANA,SANGAREDDY,,,,NA,NA,Public,PMJAY,-NA-,-NA-,Hospital Approved for Empanelment,No,NA,-NA-
384,HOSP36G160659,PHC-POTHGAL,TELANGANA,RAJANNA SIRCILLA,,,,NA,NA,Public,PMJAY,-NA-,-NA-,Hospital Approved for Empanelment,No,NA,-NA-
385,HOSP36G160660,PHC-PUDUR,TELANGANA,VIKARABAD,,,,NA,NA,Public,PMJAY,-NA-,-NA-,Hospital Approved for Empanelment,No,NA,-NA-
386,HOSP36G160661,PHC-Patwarigudem,TELANGANA,BHADRADRI KOTHAGUDEM,,,,NA,NA,Public,PMJAY,-NA-,-NA-,Hospital Approved for Empanelment,No,NA,-NA-
387,HOSP36G160662,PHC-PALEM,TELANGANA,KHAMMAM,,,,NA,NA,Public,PMJAY,-NA-,-NA-,Hospital Approved for Empanelment,No,NA,-NA-
388,HOSP36G160663,PHC-PAMULAPAHAD,TELANGANA,NALGONDA,,,,NA,NA,Public,PMJAY,-NA-,-NA-,Hospital Approved for Empanelment,No,NA,-NA-
389,HOSP36G160664,PHC-PAPANNAPET,TELANGANA,MEDAK,,,,NA,NA,Public,PMJAY,-NA-,-NA-,Hospital Approved for Empanelment,No,NA,-NA-
390,HOSP36G160665,PHC-PENTLAVELLY,TELANGANA,NAGARKURNOOL,,,,NA,NA,Public,PMJAY,-NA-,-NA-,Hospital Approved for Empanelment,No,NA,-NA-
391,HOSP36G160666,PHC-PERUR,TELANGANA,MAHABUBNAGAR,,,,NA,NA,Public,PMJAY,-NA-,-NA-,Hospital Approved for Empanelment,No,NA,-NA-
392,HOSP36G160668,PHC-PUTNUR,TELANGANA,PEDDAPALLI,,,,NA,NA,Public,PMJAY,-NA-,-NA-,Hospital Approved for Empanelment,No,NA,-NA-
393,HOSP36G160669,PHC-RAIKODE,TELANGANA,SANGAREDDY,,,,NA,NA,Public,PMJAY,-NA-,-NA-,Hospital Approved for Empanelment,No,NA,-NA-
394,HOSP36G160670,PHC-PEDDAMUDDUNOOR,TELANGANA,NAGARKURNOOL,,,,NA,NA,Public,PMJAY,-NA-,-NA-,Hospital Approved for Empanelment,No,NA,-NA-
395,HOSP36G160671,PHC-PEDDASHAPUR,TELANGANA,NALGONDA,,,,NA,NA,Public,PMJAY,-NA-,-NA-,Hospital Approved for Empanelment,No,NA,-NA-
396,HOSP36G160672,PHC-PEDDEMUL,TELANGANA,VIKARABAD,,,,NA,NA,Public,PMJAY,-NA-,-NA-,Hospital Approved for Empanelment,No,NA,-NA-
397,HOSP36G160673,PHC-PEDDUR,TELANGANA,NAGARKURNOOL,,,,NA,NA,Public,PMJAY,-NA-,-NA-,Hospital Approved for Empanelment,No,NA,-NA-
398,HOSP36G160674,PHC-PHC PEDDAVOORA,TELANGANA,NALGONDA,,,,NA,NA,Public,PMJAY,-NA-,-NA-,Hospital Approved for Empanelment,No,NA,-NA-
399,HOSP36G160675,PHC-POCHAMPAD,TELANGANA,NIZAMABAD,,,,NA,NA,Public,PMJAY,-NA-,-NA-,Hospital Approved for Empanelment,No,NA,-NA-
400,HOSP36G160676,PHC-PODICHANPALLY,TELANGANA,MEDAK,,,,NA,NA,Public,PMJAY,-NA-,-NA-,Hospital Approved for Empanelment,No,NA,-NA-
401,HOSP36G160677,PHC-PULKAL,TELANGANA,KAMAREDDY,,,,NA,NA,Public,PMJAY,-NA-,-NA-,Hospital Approved for Empanelment,No,NA,-NA-
402,HOSP36G160678,PHC-PULKAL,TELANGANA,SANGAREDDY,,,,NA,NA,Public,PMJAY,-NA-,-NA-,Hospital Approved for Empanelment,No,NA,-NA-
403,HOSP36G160679,PHC-Parnasala,TELANGANA,BHADRADRI KOTHAGUDEM,,,,NA,NA,Public,PMJAY,-NA-,-NA-,Hospital Approved for Empanelment,No,NA,-NA-
404,HOSP36G160680,PHC-Pegadapalli,TELANGANA,Jagitial,,,,NA,NA,Public,PMJAY,-NA-,-NA-,Hospital Approved for Empanelment,No,NA,-NA-
405,HOSP36G160681,PHC-PHC HALIYA,TELANGANA,NALGONDA,,,,NA,NA,Public,PMJAY,-NA-,-NA-,Hospital Approved for Empanelment,No,NA,-NA-
406,HOSP36G160682,PHC-Penagadapa,TELANGANA,BHADRADRI KOTHAGUDEM,,,,NA,NA,Public,PMJAY,-NA-,-NA-,Hospital Approved for Empanelment,No,NA,-NA-
407,HOSP36G160683,PHC-Pittabongaram,TELANGANA,ADILABAD,,,,NA,NA,Public,PMJAY,-NA-,-NA-,Hospital Approved for Empanelment,No,NA,-NA-
408,HOSP36G160684,PHC-Puthlibowli,TELANGANA,ADILABAD,,,,NA,NA,Public,PMJAY,-NA-,-NA-,Hospital Approved for Empanelment,No,NA,-NA-
409,HOSP36G160685,PHC-RAGAVAPUR,TELANGANA,PEDDAPALLI,,,,NA,NA,Public,PMJAY,-NA-,-NA-,Hospital Approved for Empanelment,No,NA,-NA-
410,HOSP36G160686,PHC-RAGHUNATHPALLE,TELANGANA,JANGOAN,,,,NA,NA,Public,PMJAY,-NA-,-NA-,Hospital Approved for Empanelment,No,NA,-NA-
411,HOSP36G160687,PHC-RAGHUPATHIPET,TELANGANA,NAGARKURNOOL,,,,NA,NA,Public,PMJAY,-NA-,-NA-,Hospital Approved for Empanelment,No,NA,-NA-
412,HOSP36G160688,PHC-RAGINEDU,TELANGANA,PEDDAPALLI,,,,NA,NA,Public,PMJAY,-NA-,-NA-,Hospital Approved for Empanelment,No,NA,-NA-
413,HOSP36G160689,PHC-RAJAMPET,TELANGANA,KAMAREDDY,,,,NA,NA,Public,PMJAY,-NA-,-NA-,Hospital Approved for Empanelment,No,NA,-NA-
414,HOSP36G160690,PHC-RAJGOPALPET,TELANGANA,SIDDIPET,,,,NA,NA,Public,PMJAY,-NA-,-NA-,Hospital Approved for Empanelment,No,NA,-NA-
415,HOSP36G160691,PHC-RAJOLI,TELANGANA,JOGULAMBA GADWAL,,,,NA,NA,Public,PMJAY,-NA-,-NA-,Hospital Approved for Empanelment,No,NA,-NA-
416,HOSP36G160692,PHC-RAMADUGU,TELANGANA,KARIMNAGAR,,,,NA,NA,Public,PMJAY,-NA-,-NA-,Hospital Approved for Empanelment,No,NA,-NA-
417,HOSP36G160693,PHC-RAMAIAHGUDA,TELANGANA,VIKARABAD,,,,NA,NA,Public,PMJAY,-NA-,-NA-,Hospital Approved for Empanelment,No,NA,-NA-
418,HOSP36G160694,PHC-RAMAKKAPET,TELANGANA,SIDDIPET,,,,NA,NA,Public,PMJAY,-NA-,-NA-,Hospital Approved for Empanelment,No,NA,-NA-
419,HOSP36G160695,PHC-RAMANNAPET,TELANGANA,YADADRI BHUVANAGIRI,,,,NA,NA,Public,PMJAY,-NA-,-NA-,Hospital Approved for Empanelment,No,NA,-NA-
420,HOSP36G160696,PHC-REGONDA,TELANGANA,JAYASHANKAR BHUPALAPALLY,,,,NA,NA,Public,PMJAY,-NA-,-NA-,Hospital Approved for Empanelment,No,NA,-NA-
421,HOSP36G160697,PHC-RAJAPUR,TELANGANA,MAHABUBNAGAR,,,,NA,NA,Public,PMJAY,-NA-,-NA-,Hospital Approved for Empanelment,No,NA,-NA-
422,HOSP36G160698,PHC-RAMAGUNDAM,TELANGANA,PEDDAPALLI,,,,NA,NA,Public,PMJAY,-NA-,-NA-,Hospital Approved for Empanelment,No,NA,-NA-
423,HOSP36G160699,PHC-RCPURAM,TELANGANA,SANGAREDDY,,,,NA,NA,Public,PMJAY,-NA-,-NA-,Hospital Approved for Empanelment,No,NA,-NA-
424,HOSP36G160700,PHC-RAMAREDDY,TELANGANA,KAMAREDDY,,,,NA,NA,Public,PMJAY,-NA-,-NA-,Hospital Approved for Empanelment,No,NA,-NA-
425,HOSP36G160701,PHC-REBBANA,TELANGANA,KUMURAM BHEEM ASIFABAD,,,,NA,NA,Public,PMJAY,-NA-,-NA-,Hospital Approved for Empanelment,No,NA,-NA-
426,HOSP36G160702,PHC-Regalla,TELANGANA,BHADRADRI KOTHAGUDEM,,,,NA,NA,Public,PMJAY,-NA-,-NA-,Hospital Approved for Empanelment,No,NA,-NA-
427,HOSP36G160703,PHC-Rompedu,TELANGANA,BHADRADRI KOTHAGUDEM,,,,NA,NA,Public,PMJAY,-NA-,-NA-,Hospital Approved for Empanelment,No,NA,-NA-
428,HOSP36G160704,UPHC - JADCHERLA,TELANGANA,MAHABUBNAGAR,,,,NA,NA,Public,PMJAY,-NA-,-NA-,Hospital Approved for Empanelment,No,NA,-NA-
429,HOSP36G160705,PHC-S. N. Puram,TELANGANA,BHADRADRI KOTHAGUDEM,,,,NA,NA,Public,PMJAY,-NA-,-NA-,Hospital Approved for Empanelment,No,NA,-NA-
430,HOSP36G160706,PHC-SARANGAPUR,TELANGANA,Nirmal,,,,NA,NA,Public,PMJAY,-NA-,-NA-,Hospital Approved for Empanelment,No,NA,-NA-
431,HOSP36G160707,PHC-SHANKARAMPET R,TELANGANA,MEDAK,,,,NA,NA,Public,PMJAY,-NA-,-NA-,Hospital Approved for Empanelment,No,NA,-NA-
432,HOSP36G160708,PHC-REPALA,TELANGANA,SURYAPET,,,,NA,NA,Public,PMJAY,-NA-,-NA-,Hospital Approved for Empanelment,No,NA,-NA-
433,HOSP36G160709,PHC-RHCPTC,TELANGANA,SANGAREDDY,,,,NA,NA,Public,PMJAY,-NA-,-NA-,Hospital Approved for Empanelment,No,NA,-NA-
434,HOSP36G160710,PHC-SADASHIV NAGAR,TELANGANA,KAMAREDDY,,,,NA,NA,Public,PMJAY,-NA-,-NA-,Hospital Approved for Empanelment,No,NA,-NA-
435,HOSP36G160711,PHC-RUDRUR,TELANGANA,NIZAMABAD,,,,NA,NA,Public,PMJAY,-NA-,-NA-,Hospital Approved for Empanelment,No,NA,-NA-
436,HOSP36G160712,PHC-THALLADA,TELANGANA,KHAMMAM,,,,NA,NA,Public,PMJAY,-NA-,-NA-,Hospital Approved for Empanelment,No,NA,-NA-
437,HOSP36G160713,PHC-SAIDAPUR,TELANGANA,KARIMNAGAR,,,,NA,NA,Public,PMJAY,-NA-,-NA-,Hospital Approved for Empanelment,No,NA,-NA-
438,HOSP36G160714,PHC-SALOORA,TELANGANA,NIZAMABAD,,,,NA,NA,Public,PMJAY,-NA-,-NA-,Hospital Approved for Empanelment,No,NA,-NA-
439,HOSP36G160715,PHC-SHANKARAMPET A,TELANGANA,MEDAK,,,,NA,NA,Public,PMJAY,-NA-,-NA-,Hospital Approved for Empanelment,No,NA,-NA-
440,HOSP36G160716,PHC-SANGEM,TELANGANA,WARANGAL URBAN,,,,NA,NA,Public,PMJAY,-NA-,-NA-,Hospital Approved for Empanelment,No,NA,-NA-
441,HOSP36G160717,PHC-SARANGAPUR,TELANGANA,Jagitial,,,,NA,NA,Public,PMJAY,-NA-,-NA-,Hospital Approved for Empanelment,No,NA,-NA-
442,HOSP36G160718,PHC-SHANKARAPATNAM,TELANGANA,KARIMNAGAR,,,,NA,NA,Public,PMJAY,-NA-,-NA-,Hospital Approved for Empanelment,No,NA,-NA-
443,HOSP36G160719,PHC-SHIVAMPET,TELANGANA,MEDAK,,,,NA,NA,Public,PMJAY,-NA-,-NA-,Hospital Approved for Empanelment,No,NA,-NA-
444,HOSP36G160720,PHC-SIRIGARIPALLI,TELANGANA,SIDDIPET,,,,NA,NA,Public,PMJAY,-NA-,-NA-,Hospital Approved for Empanelment,No,NA,-NA-
445,HOSP36G160721,PHC-SIRPUR-U,TELANGANA,KUMURAM BHEEM ASIFABAD,,,,NA,NA,Public,PMJAY,-NA-,-NA-,Hospital Approved for Empanelment,No,NA,-NA-
446,HOSP36G160722,PHC-SAROORNAGAR,TELANGANA,NALGONDA,,,,NA,NA,Public,PMJAY,-NA-,-NA-,Hospital Approved for Empanelment,No,NA,-NA-
447,HOSP36G160723,PHC-SHABAD,TELANGANA,NALGONDA,,,,NA,NA,Public,PMJAY,-NA-,-NA-,Hospital Approved for Empanelment,No,NA,-NA-
448,HOSP36G160724,PHC-TANOOR,TELANGANA,Nirmal,,,,NA,NA,Public,PMJAY,-NA-,-NA-,Hospital Approved for Empanelment,No,NA,-NA-
449,HOSP36G160725,PHC-TELKAPALLY,TELANGANA,NAGARKURNOOL,,,,NA,NA,Public,PMJAY,-NA-,-NA-,Hospital Approved for Empanelment,No,NA,-NA-
450,HOSP36G160726,PHC-SHALIGOWRARAM,TELANGANA,NALGONDA,,,,NA,NA,Public,PMJAY,-NA-,-NA-,Hospital Approved for Empanelment,No,NA,-NA-
451,HOSP36G160727,PHC-SIDDALOOR,TELANGANA,VIKARABAD,,,,NA,NA,Public,PMJAY,-NA-,-NA-,Hospital Approved for Empanelment,No,NA,-NA-
452,HOSP36G160728,PHC-SINGARENI,TELANGANA,KHAMMAM,,,,NA,NA,Public,PMJAY,-NA-,-NA-,Hospital Approved for Empanelment,No,NA,-NA-
453,HOSP36G160729,PHC-SRIRAMPUR,TELANGANA,PEDDAPALLI,,,,NA,NA,Public,PMJAY,-NA-,-NA-,Hospital Approved for Empanelment,No,NA,-NA-
454,HOSP36G160730,PHC-Siddapur,TELANGANA,WARANGAL RURAL,,,,NA,NA,Public,PMJAY,-NA-,-NA-,Hospital Approved for Empanelment,No,NA,-NA-
455,HOSP36G160731,PHC-SIRGAPUR,TELANGANA,SANGAREDDY,,,,NA,NA,Public,PMJAY,-NA-,-NA-,Hospital Approved for Empanelment,No,NA,-NA-
456,HOSP36G160732,PHC-SIRIKONDA,TELANGANA,NIZAMABAD,,,,NA,NA,Public,PMJAY,-NA-,-NA-,Hospital Approved for Empanelment,No,NA,-NA-
457,HOSP36G160733,PHC-SOAN,TELANGANA,Nirmal,,,,NA,NA,Public,PMJAY,-NA-,-NA-,Hospital Approved for Empanelment,No,NA,-NA-
458,HOSP36G160734,PHC-Sayedpur,TELANGANA,ADILABAD,,,,NA,NA,Public,PMJAY,-NA-,-NA-,Hospital Approved for Empanelment,No,NA,-NA-
459,HOSP36G160735,PHC-Sonala,TELANGANA,ADILABAD,,,,NA,NA,Public,PMJAY,-NA-,-NA-,Hospital Approved for Empanelment,No,NA,-NA-
460,HOSP36G160736,PHC-SRIRANGAVARAM,TELANGANA,MEDCHAL MALKAJGIRI,,,,NA,NA,Public,PMJAY,-NA-,-NA-,Hospital Approved for Empanelment,No,NA,-NA-
461,HOSP36G160737,PHC-Sulahnagar,TELANGANA,BHADRADRI KOTHAGUDEM,,,,NA,NA,Public,PMJAY,-NA-,-NA-,Hospital Approved for Empanelment,No,NA,-NA-
462,HOSP36G160738,PHC-SUBLAID,TELANGANA,KHAMMAM,,,,NA,NA,Public,PMJAY,-NA-,-NA-,Hospital Approved for Empanelment,No,NA,-NA-
463,HOSP36G160739,PHC-Shanthinagar,TELANGANA,ADILABAD,,,,NA,NA,Public,PMJAY,-NA-,-NA-,Hospital Approved for Empanelment,No,NA,-NA-
464,HOSP36G160740,PHC-Sujathanagar,TELANGANA,BHADRADRI KOTHAGUDEM,,,,NA,NA,Public,PMJAY,-NA-,-NA-,Hospital Approved for Empanelment,No,NA,-NA-
465,HOSP36G160741,PHC-TAMSI,TELANGANA,ADILABAD,,,,NA,NA,Public,PMJAY,-NA-,-NA-,Hospital Approved for Empanelment,No,NA,-NA-
466,HOSP36G160742,PHC-TANDUR,TELANGANA,VIKARABAD,,,,NA,NA,Public,PMJAY,-NA-,-NA-,Hospital Approved for Empanelment,No,NA,-NA-
467,HOSP36G160743,PHC-TANDUR,TELANGANA,MANCHERIAL,,,,NA,NA,Public,PMJAY,-NA-,-NA-,Hospital Approved for Empanelment,No,NA,-NA-
468,HOSP36G160744,PHC-Shayampet,TELANGANA,WARANGAL RURAL,,,,NA,NA,Public,PMJAY,-NA-,-NA-,Hospital Approved for Empanelment,No,NA,-NA-
469,HOSP36G160745,PHC-TADOOR,TELANGANA,NAGARKURNOOL,,,,NA,NA,Public,PMJAY,-NA-,-NA-,Hospital Approved for Empanelment,No,NA,-NA-
470,HOSP36G160746,PHC-THANGADAPALLY,TELANGANA,YADADRI BHUVANAGIRI,,,,NA,NA,Public,PMJAY,-NA-,-NA-,Hospital Approved for Empanelment,No,NA,-NA-
471,HOSP36G160747,PHC-THATIKONDA,TELANGANA,JANGOAN,,,,NA,NA,Public,PMJAY,-NA-,-NA-,Hospital Approved for Empanelment,No,NA,-NA-
472,HOSP36G160748,PHC-THANGALLAPALLI,TELANGANA,RAJANNA SIRCILLA,,,,NA,NA,Public,PMJAY,-NA-,-NA-,Hospital Approved for Empanelment,No,NA,-NA-
473,HOSP36G160749,PHC-THIRUMALAYAPALEM,TELANGANA,KHAMMAM,,,,NA,NA,Public,PMJAY,-NA-,-NA-,Hospital Approved for Empanelment,No,NA,-NA-
474,HOSP36G160750,PHC-VELPUR,TELANGANA,NIZAMABAD,,,,NA,NA,Public,PMJAY,-NA-,-NA-,Hospital Approved for Empanelment,No,NA,-NA-
475,HOSP36G160751,PHC-VEMSOOR,TELANGANA,KHAMMAM,,,,NA,NA,Public,PMJAY,-NA-,-NA-,Hospital Approved for Empanelment,No,NA,-NA-
476,HOSP36G160752,PHC-THIMMAJIPET,TELANGANA,NAGARKURNOOL,,,,NA,NA,Public,PMJAY,-NA-,-NA-,Hospital Approved for Empanelment,No,NA,-NA-
477,HOSP36G160753,PHC-THIMMAPUR,TELANGANA,KARIMNAGAR,,,,NA,NA,Public,PMJAY,-NA-,-NA-,Hospital Approved for Empanelment,No,NA,-NA-
478,HOSP36G160754,PHC-THIPPADAMPALLY,TELANGANA,WANAPARTHY,,,,NA,NA,Public,PMJAY,-NA-,-NA-,Hospital Approved for Empanelment,No,NA,-NA-
479,HOSP36G160755,PHC-THALLAGURIJALA,TELANGANA,MANCHERIAL,,,,NA,NA,Public,PMJAY,-NA-,-NA-,Hospital Approved for Empanelment,No,NA,-NA-
480,HOSP36G160756,PHC-THALLAPET,TELANGANA,MANCHERIAL,,,,NA,NA,Public,PMJAY,-NA-,-NA-,Hospital Approved for Empanelment,No,NA,-NA-
481,HOSP36G160757,PHC-THIMMAPUR,TELANGANA,SIDDIPET,,,,NA,NA,Public,PMJAY,-NA-,-NA-,Hospital Approved for Empanelment,No,NA,-NA-
482,HOSP36G160758,PHC-THIPPARTHI,TELANGANA,NALGONDA,,,,NA,NA,Public,PMJAY,-NA-,-NA-,Hospital Approved for Empanelment,No,NA,-NA-
483,HOSP36G160759,PHC-TK PALLY,TELANGANA,NALGONDA,,,,NA,NA,Public,PMJAY,-NA-,-NA-,Hospital Approved for Empanelment,No,NA,-NA-
484,HOSP36G160760,PHC-THIRYANI,TELANGANA,KUMURAM BHEEM ASIFABAD,,,,NA,NA,Public,PMJAY,-NA-,-NA-,Hospital Approved for Empanelment,No,NA,-NA-
485,HOSP36G160761,PHC-THOGUTA,TELANGANA,SIDDIPET,,,,NA,NA,Public,PMJAY,-NA-,-NA-,Hospital Approved for Empanelment,No,NA,-NA-
486,HOSP36G160762,PHC-THORRUR,TELANGANA,MAHABUBABAD,,,,NA,NA,Public,PMJAY,-NA-,-NA-,Hospital Approved for Empanelment,No,NA,-NA-
487,HOSP36G160763,PHC-THOTAPALLY,TELANGANA,SIDDIPET,,,,NA,NA,Public,PMJAY,-NA-,-NA-,Hospital Approved for Empanelment,No,NA,-NA-
488,HOSP36G160764,PHC-THRIPURAVARAM,TELANGANA,SURYAPET,,,,NA,NA,Public,PMJAY,-NA-,-NA-,Hospital Approved for Empanelment,No,NA,-NA-
489,HOSP36G160769,PHC-UPPUNUNTHALA,TELANGANA,NAGARKURNOOL,,,,NA,NA,Public,PMJAY,-NA-,-NA-,Hospital Approved for Empanelment,No,NA,-NA-
490,HOSP36G160771,PHC-THURKAPALLY,TELANGANA,SANGAREDDY,,,,NA,NA,Public,PMJAY,-NA-,-NA-,Hospital Approved for Empanelment,No,NA,-NA-
491,HOSP36G160773,PHC-UPPAIR,TELANGANA,JOGULAMBA GADWAL,,,,NA,NA,Public,PMJAY,-NA-,-NA-,Hospital Approved for Empanelment,No,NA,-NA-
492,HOSP36G160774,PHC-UTHNOOR,TELANGANA,KAMAREDDY,,,,NA,NA,Public,PMJAY,-NA-,-NA-,Hospital Approved for Empanelment,No,NA,-NA-
493,HOSP36G160775,PHC-V.T. NAGAR,TELANGANA,NALGONDA,,,,NA,NA,Public,PMJAY,-NA-,-NA-,Hospital Approved for Empanelment,No,NA,-NA-
494,HOSP36G160776,PHC-Ulvanoor,TELANGANA,BHADRADRI KOTHAGUDEM,,,,NA,NA,Public,PMJAY,-NA-,-NA-,Hospital Approved for Empanelment,No,NA,-NA-
495,HOSP36G160777,PHC-Uppal,TELANGANA,WARANGAL RURAL,,,,NA,NA,Public,PMJAY,-NA-,-NA-,Hospital Approved for Empanelment,No,NA,-NA-
496,HOSP36G160778,PHC-USHEGOAM,TELANGANA,KUMURAM BHEEM ASIFABAD,,,,NA,NA,Public,PMJAY,-NA-,-NA-,Hospital Approved for Empanelment,No,NA,-NA-
497,HOSP36G160779,PHC-VEDDELINGAPUR,TELANGANA,Jagitial,,,,NA,NA,Public,PMJAY,-NA-,-NA-,Hospital Approved for Empanelment,No,NA,-NA-
498,HOSP36G160780,PHC-VALLABHI,TELANGANA,KHAMMAM,,,,NA,NA,Public,PMJAY,-NA-,-NA-,Hospital Approved for Empanelment,No,NA,-NA-
499,HOSP36G160781,PHC-VANGOOR,TELANGANA,NAGARKURNOOL,,,,NA,NA,Public,PMJAY,-NA-,-NA-,Hospital Approved for Empanelment,No,NA,-NA-
500,HOSP36G160782,PHC-VATVARLAPALLY,TELANGANA,NAGARKURNOOL,,,,NA,NA,Public,PMJAY,-NA-,-NA-,Hospital Approved for Empanelment,No,NA,-NA-
501,HOSP36G160783,PHC-VAVILALA,TELANGANA,KARIMNAGAR,,,,NA,NA,Public,PMJAY,-NA-,-NA-,Hospital Approved for Empanelment,No,NA,-NA-
502,HOSP36G160784,PHC-VEEPANAGANDLA,TELANGANA,WANAPARTHY,,,,NA,NA,Public,PMJAY,-NA-,-NA-,Hospital Approved for Empanelment,No,NA,-NA-
503,HOSP36G160785,PHC-VELMALBOPPARAM,TELANGANA,Nirmal,,,,NA,NA,Public,PMJAY,-NA-,-NA-,Hospital Approved for Empanelment,No,NA,-NA-
504,HOSP36G160786,PHC-VELDANDA,TELANGANA,NAGARKURNOOL,,,,NA,NA,Public,PMJAY,-NA-,-NA-,Hospital Approved for Empanelment,No,NA,-NA-
505,HOSP36G160787,PHC-VELDHI,TELANGANA,KARIMNAGAR,,,,NA,NA,Public,PMJAY,-NA-,-NA-,Hospital Approved for Empanelment,No,NA,-NA-
506,HOSP36G160788,PHC-VELMINEDU,TELANGANA,NALGONDA,,,,NA,NA,Public,PMJAY,-NA-,-NA-,Hospital Approved for Empanelment,No,NA,-NA-
507,HOSP36G160789,CHC - MARRIGUDA,TELANGANA,NALGONDA,,,,NA,NA,Public,PMJAY,-NA-,-NA-,Hospital Approved for Empanelment,No,NA,-NA-
508,HOSP36G160790,PHC-VEMANAPALLY,TELANGANA,MANCHERIAL,,,,NA,NA,Public,PMJAY,-NA-,-NA-,Hospital Approved for Empanelment,No,NA,-NA-
509,HOSP36G160791,PHC-VENNACHERLA,TELANGANA,NAGARKURNOOL,,,,NA,NA,Public,PMJAY,-NA-,-NA-,Hospital Approved for Empanelment,No,NA,-NA-
510,HOSP36G160792,PHC-VILASAGAR,TELANGANA,RAJANNA SIRCILLA,,,,NA,NA,Public,PMJAY,-NA-,-NA-,Hospital Approved for Empanelment,No,NA,-NA-
511,HOSP36G160793,PHC-Voditha,TELANGANA,JAYASHANKAR BHUPALAPALLY,,,,NA,NA,Public,PMJAY,-NA-,-NA-,Hospital Approved for Empanelment,No,NA,-NA-
512,HOSP36G160794,PHC-VEMULAPALLY,TELANGANA,NALGONDA,,,,NA,NA,Public,PMJAY,-NA-,-NA-,Hospital Approved for Empanelment,No,NA,-NA-
513,HOSP36G160795,PHC-VENKATRAOPET,TELANGANA,MANCHERIAL,,,,NA,NA,Public,PMJAY,-NA-,-NA-,Hospital Approved for Empanelment,No,NA,-NA-
514,HOSP36G160796,PHC-Velishala,TELANGANA,JAYASHANKAR BHUPALAPALLY,,,,NA,NA,Public,PMJAY,-NA-,-NA-,Hospital Approved for Empanelment,No,NA,-NA-
515,HOSP36G160797,PHC-Waddepally,TELANGANA,JOGULAMBA GADWAL,,,,NA,NA,Public,PMJAY,-NA-,-NA-,Hospital Approved for Empanelment,No,NA,-NA-
516,HOSP36G160798,PHC-YACHARAM,TELANGANA,NALGONDA,,,,NA,NA,Public,PMJAY,-NA-,-NA-,Hospital Approved for Empanelment,No,NA,-NA-
517,HOSP36G160799,PHC-YALAL,TELANGANA,VIKARABAD,,,,NA,NA,Public,PMJAY,-NA-,-NA-,Hospital Approved for Empanelment,No,NA,-NA-
518,HOSP36G160802,CHC – AMANGAL,TELANGANA,RANGA REDDY,,,,NA,NA,Public,PMJAY,-NA-,-NA-,Hospital Approved for Empanelment,No,NA,-NA-
519,HOSP36G160803,CHC – YACHARAM,TELANGANA,RANGA REDDY,,,,NA,NA,Public,PMJAY,-NA-,-NA-,Hospital Approved for Empanelment,No,NA,-NA-
520,HOSP36G160804,CHC – KARASGUTHI,TELANGANA,SANGAREDDY,,,,NA,NA,Public,PMJAY,-NA-,-NA-,Hospital Approved for Empanelment,No,NA,-NA-
521,HOSP36G160805,CHC – KHAGAZNAGAR,TELANGANA,KUMURAM BHEEM ASIFABAD,,,,NA,NA,Public,PMJAY,-NA-,-NA-,Hospital Approved for Empanelment,No,NA,-NA-
522,HOSP36G160806,CHC – MANOOR,TELANGANA,SANGAREDDY,,,,NA,NA,Public,PMJAY,-NA-,-NA-,Hospital Approved for Empanelment,No,NA,-NA-
523,HOSP36G160807,PHC-Vangara,TELANGANA,WARANGAL RURAL,,,,NA,NA,Public,PMJAY,-NA-,-NA-,Hospital Approved for Empanelment,No,NA,-NA-
524,HOSP36G160808,PHC-Velagatour,TELANGANA,Jagitial,,,,NA,NA,Public,PMJAY,-NA-,-NA-,Hospital Approved for Empanelment,No,NA,-NA-
525,HOSP36G160811,PHC-WYRA,TELANGANA,KHAMMAM,,,,NA,NA,Public,PMJAY,-NA-,-NA-,Hospital Approved for Empanelment,No,NA,-NA-
526,HOSP36G160812,Phc-Thadicharla,TELANGANA,JAYASHANKAR BHUPALAPALLY,,,,NA,NA,Public,PMJAY,-NA-,-NA-,Hospital Approved for Empanelment,No,NA,-NA-
527,HOSP36G160813,UPHC - NAVEGAON BASTHI,TELANGANA,KUMURAM BHEEM ASIFABAD,,,,NA,NA,Public,PMJAY,-NA-,-NA-,Hospital Approved for Empanelment,No,NA,-NA-
528,HOSP36G160815,UPHC - SIRSILK COLONY,TELANGANA,KUMURAM BHEEM ASIFABAD,,,,NA,NA,Public,PMJAY,-NA-,-NA-,Hospital Approved for Empanelment,No,NA,-NA-
529,HOSP36G160816,UPHC-AB NAGAR,TELANGANA,RAJANNA SIRCILLA,,,,NA,NA,Public,PMJAY,-NA-,-NA-,Hospital Approved for Empanelment,No,NA,-NA-
530,HOSP36G160817,PHC-YELDURTHY,TELANGANA,MEDAK,,,,NA,NA,Public,PMJAY,-NA-,-NA-,Hospital Approved for Empanelment,No,NA,-NA-
531,HOSP36G160820,PHC -  Mulkanoor,TELANGANA,MAHABUBABAD,,,,NA,NA,Public,PMJAY,-NA-,-NA-,Hospital Approved for Empanelment,No,NA,-NA-
532,HOSP36G160822,UPHC-Agapura,TELANGANA,HYDERABAD,,,,NA,NA,Public,PMJAY,-NA-,-NA-,Hospital Approved for Empanelment,No,NA,-NA-
533,HOSP36G160823,UPHC-Aliyabad,TELANGANA,HYDERABAD,,,,NA,NA,Public,PMJAY,-NA-,-NA-,Hospital Approved for Empanelment,No,NA,-NA-
534,HOSP36G160824,UPHC-Aman Nagar,TELANGANA,HYDERABAD,,,,NA,NA,Public,PMJAY,-NA-,-NA-,Hospital Approved for Empanelment,No,NA,-NA-
535,HOSP36G160825,PHC - Binola,TELANGANA,NIZAMABAD,,,,NA,NA,Public,PMJAY,-NA-,-NA-,Hospital Approved for Empanelment,No,NA,-NA-
536,HOSP36G160826,UPHC-AMBEDKAR NAGAR,TELANGANA,SURYAPET,,,,NA,NA,Public,PMJAY,-NA-,-NA-,Hospital Approved for Empanelment,No,NA,-NA-
537,HOSP36G160827,PHC - Muchkur,TELANGANA,NIZAMABAD,,,,NA,NA,Public,PMJAY,-NA-,-NA-,Hospital Approved for Empanelment,No,NA,-NA-
538,HOSP36G160828,PHC - Yergatla,TELANGANA,NIZAMABAD,,,,NA,NA,Public,PMJAY,-NA-,-NA-,Hospital Approved for Empanelment,No,NA,-NA-
539,HOSP36G160829,PHC – Srirangapur,TELANGANA,WANAPARTHY,,,,NA,NA,Public,PMJAY,-NA-,-NA-,Hospital Approved for Empanelment,No,NA,-NA-
540,HOSP36G160830,PHC-CHINTHALCHERU,TELANGANA,SANGAREDDY,,,,NA,NA,Public,PMJAY,-NA-,-NA-,Hospital Approved for Empanelment,No,NA,-NA-
541,HOSP36G160833,UPHC - Armoor,TELANGANA,NIZAMABAD,,,,NA,NA,Public,PMJAY,-NA-,-NA-,Hospital Approved for Empanelment,No,NA,-NA-
542,HOSP36G160834,UPHC - Arsapally,TELANGANA,NIZAMABAD,,,,NA,NA,Public,PMJAY,-NA-,-NA-,Hospital Approved for Empanelment,No,NA,-NA-
543,HOSP36G160835,UPHC - Chandrashekar Colony,TELANGANA,NIZAMABAD,,,,NA,NA,Public,PMJAY,-NA-,-NA-,Hospital Approved for Empanelment,No,NA,-NA-
544,HOSP36G160836,UPHC - Dubba,TELANGANA,NIZAMABAD,,,,NA,NA,Public,PMJAY,-NA-,-NA-,Hospital Approved for Empanelment,No,NA,-NA-
545,HOSP36G160837,UPHC - Gouthamnagar,TELANGANA,NIZAMABAD,,,,NA,NA,Public,PMJAY,-NA-,-NA-,Hospital Approved for Empanelment,No,NA,-NA-
546,HOSP36G160838,UPHC - Rakasipet,TELANGANA,NIZAMABAD,,,,NA,NA,Public,PMJAY,-NA-,-NA-,Hospital Approved for Empanelment,No,NA,-NA-
547,HOSP36G160839,UPHC – Malapally,TELANGANA,NIZAMABAD,,,,NA,NA,Public,PMJAY,-NA-,-NA-,Hospital Approved for Empanelment,No,NA,-NA-
548,HOSP36G160840,UPHC – Seetharamnagar Colony,TELANGANA,NIZAMABAD,,,,NA,NA,Public,PMJAY,-NA-,-NA-,Hospital Approved for Empanelment,No,NA,-NA-
549,HOSP36G160841,UPHC – Vinayaknagar,TELANGANA,NIZAMABAD,,,,NA,NA,Public,PMJAY,-NA-,-NA-,Hospital Approved for Empanelment,No,NA,-NA-
550,HOSP36G160842,UPHC-AMS,TELANGANA,HYDERABAD,,,,NA,NA,Public,PMJAY,-NA-,-NA-,Hospital Approved for Empanelment,No,NA,-NA-
551,HOSP36G160843,UPHC-Afzal Sagar,TELANGANA,HYDERABAD,,,,NA,NA,Public,PMJAY,-NA-,-NA-,Hospital Approved for Empanelment,No,NA,-NA-
552,HOSP36G160844,UPHC-BANGARIGADDA,TELANGANA,NALGONDA,,,,NA,NA,Public,PMJAY,-NA-,-NA-,Hospital Approved for Empanelment,No,NA,-NA-
553,HOSP36G160845,UPHC-Bhoiguda,TELANGANA,HYDERABAD,,,,NA,NA,Public,PMJAY,-NA-,-NA-,Hospital Approved for Empanelment,No,NA,-NA-
554,HOSP36G160846,UPHC-Addagutta,TELANGANA,HYDERABAD,,,,NA,NA,Public,PMJAY,-NA-,-NA-,Hospital Approved for Empanelment,No,NA,-NA-
555,HOSP36G160847,UPHC-BANGALPET,TELANGANA,Nirmal,,,,NA,NA,Public,PMJAY,-NA-,-NA-,Hospital Approved for Empanelment,No,NA,-NA-
556,HOSP36G160848,UPHC-BUTTIRAJARAM COLONY,TELANGANA,KARIMNAGAR,,,,NA,NA,Public,PMJAY,-NA-,-NA-,Hospital Approved for Empanelment,No,NA,-NA-
557,HOSP36G160849,UPHC-Bagh Amberpet,TELANGANA,HYDERABAD,,,,NA,NA,Public,PMJAY,-NA-,-NA-,Hospital Approved for Empanelment,No,NA,-NA-
558,HOSP36G160850,UPHC-Balagunj,TELANGANA,HYDERABAD,,,,NA,NA,Public,PMJAY,-NA-,-NA-,Hospital Approved for Empanelment,No,NA,-NA-
559,HOSP36G160851,UPHC-Ameerpet,TELANGANA,HYDERABAD,,,,NA,NA,Public,PMJAY,-NA-,-NA-,Hospital Approved for Empanelment,No,NA,-NA-
560,HOSP36G160852,UPHC-Bowenpally,TELANGANA,HYDERABAD,,,,NA,NA,Public,PMJAY,-NA-,-NA-,Hospital Approved for Empanelment,No,NA,-NA-
561,HOSP36G160853,UPHC-CHAMPAPET,TELANGANA,NALGONDA,,,,NA,NA,Public,PMJAY,-NA-,-NA-,Hospital Approved for Empanelment,No,NA,-NA-
562,HOSP36G160854,UPHC-ChuttalBasthi,TELANGANA,HYDERABAD,,,,NA,NA,Public,PMJAY,-NA-,-NA-,Hospital Approved for Empanelment,No,NA,-NA-
563,HOSP36G160855,UPHC-DARMAKANCHA,TELANGANA,JANGOAN,,,,NA,NA,Public,PMJAY,-NA-,-NA-,Hospital Approved for Empanelment,No,NA,-NA-
564,HOSP36G160856,UPHC-Darulshifa,TELANGANA,HYDERABAD,,,,NA,NA,Public,PMJAY,-NA-,-NA-,Hospital Approved for Empanelment,No,NA,-NA-
565,HOSP36G160857,UPHC-Dr. Paul Das,TELANGANA,HYDERABAD,,,,NA,NA,Public,PMJAY,-NA-,-NA-,Hospital Approved for Empanelment,No,NA,-NA-
566,HOSP36G160858,UPHC-EKLAYANAGAR,TELANGANA,MEDCHAL MALKAJGIRI,,,,NA,NA,Public,PMJAY,-NA-,-NA-,Hospital Approved for Empanelment,No,NA,-NA-
567,HOSP36G160859,UPHC-ESI,TELANGANA,HYDERABAD,,,,NA,NA,Public,PMJAY,-NA-,-NA-,Hospital Approved for Empanelment,No,NA,-NA-
568,HOSP36G160860,UPHC-BALAPUR,TELANGANA,NALGONDA,,,,NA,NA,Public,PMJAY,-NA-,-NA-,Hospital Approved for Empanelment,No,NA,-NA-
569,HOSP36G160861,CHC - Amrabad,TELANGANA,NAGARKURNOOL,,,,NA,NA,Public,PMJAY,-NA-,-NA-,Hospital Approved for Empanelment,No,NA,-NA-
570,HOSP36G160862,UPHC-BHAINSA,TELANGANA,Nirmal,,,,NA,NA,Public,PMJAY,-NA-,-NA-,Hospital Approved for Empanelment,No,NA,-NA-
571,HOSP36G160863,UPHC-Barkas,TELANGANA,HYDERABAD,,,,NA,NA,Public,PMJAY,-NA-,-NA-,Hospital Approved for Empanelment,No,NA,-NA-
572,HOSP36G160864,UPHC-Begum Bazar,TELANGANA,HYDERABAD,,,,NA,NA,Public,PMJAY,-NA-,-NA-,Hospital Approved for Empanelment,No,NA,-NA-
573,HOSP36G160865,UPHC-CHINTHAL,TELANGANA,WARANGAL URBAN,,,,NA,NA,Public,PMJAY,-NA-,-NA-,Hospital Approved for Empanelment,No,NA,-NA-
574,HOSP36G160866,UPHC-DEEPAKNAGAR,TELANGANA,MANCHERIAL,,,,NA,NA,Public,PMJAY,-NA-,-NA-,Hospital Approved for Empanelment,No,NA,-NA-
575,HOSP36G160867,UPHC-Bandlaguda,TELANGANA,HYDERABAD,,,,NA,NA,Public,PMJAY,-NA-,-NA-,Hospital Approved for Empanelment,No,NA,-NA-
576,HOSP36G160868,UPHC-Banjarahills,TELANGANA,HYDERABAD,,,,NA,NA,Public,PMJAY,-NA-,-NA-,Hospital Approved for Empanelment,No,NA,-NA-
577,HOSP36G160869,UPHC-Bodagutta,TELANGANA,WARANGAL RURAL,,,,NA,NA,Public,PMJAY,-NA-,-NA-,Hospital Approved for Empanelment,No,NA,-NA-
578,HOSP36G160871,UPHC-Borabanda,TELANGANA,HYDERABAD,,,,NA,NA,Public,PMJAY,-NA-,-NA-,Hospital Approved for Empanelment,No,NA,-NA-
579,HOSP36G160872,UPHC-Chilkalguda,TELANGANA,HYDERABAD,,,,NA,NA,Public,PMJAY,-NA-,-NA-,Hospital Approved for Empanelment,No,NA,-NA-
580,HOSP36G160873,UPHC-ChinthalBasthi,TELANGANA,HYDERABAD,,,,NA,NA,Public,PMJAY,-NA-,-NA-,Hospital Approved for Empanelment,No,NA,-NA-
581,HOSP36G160874,UPHC-DBR Mills,TELANGANA,HYDERABAD,,,,NA,NA,Public,PMJAY,-NA-,-NA-,Hospital Approved for Empanelment,No,NA,-NA-
582,HOSP36G160875,UPHC-Dhoodbowli,TELANGANA,HYDERABAD,,,,NA,NA,Public,PMJAY,-NA-,-NA-,Hospital Approved for Empanelment,No,NA,-NA-
583,HOSP36G160876,UPHC-Edi Bazar,TELANGANA,HYDERABAD,,,,NA,NA,Public,PMJAY,-NA-,-NA-,Hospital Approved for Empanelment,No,NA,-NA-
584,HOSP36G160877,UPHC-FORT WARANGAL,TELANGANA,WARANGAL URBAN,,,,NA,NA,Public,PMJAY,-NA-,-NA-,Hospital Approved for Empanelment,No,NA,-NA-
585,HOSP36G160878,UPHC-Bholakpur,TELANGANA,HYDERABAD,,,,NA,NA,Public,PMJAY,-NA-,-NA-,Hospital Approved for Empanelment,No,NA,-NA-
586,HOSP36G160879,UPHC-Bible House,TELANGANA,HYDERABAD,,,,NA,NA,Public,PMJAY,-NA-,-NA-,Hospital Approved for Empanelment,No,NA,-NA-
587,HOSP36G160880,PHC-KATTANGUR,TELANGANA,NALGONDA,,,,NA,NA,Public,PMJAY,-NA-,-NA-,Hospital Approved for Empanelment,No,NA,-NA-
588,HOSP36G160881,PHC-KEESARA,TELANGANA,MEDCHAL MALKAJGIRI,,,,NA,NA,Public,PMJAY,-NA-,-NA-,Hospital Approved for Empanelment,No,NA,-NA-
589,HOSP36G160882,PHC-KERAMERI,TELANGANA,KUMURAM BHEEM ASIFABAD,,,,NA,NA,Public,PMJAY,-NA-,-NA-,Hospital Approved for Empanelment,No,NA,-NA-
590,HOSP36G160883,PHC-KESAMUDRAM,TELANGANA,MAHABUBABAD,,,,NA,NA,Public,PMJAY,-NA-,-NA-,Hospital Approved for Empanelment,No,NA,-NA-
591,HOSP36G160884,PHC-HANMAJIPET,TELANGANA,KAMAREDDY,,,,NA,NA,Public,PMJAY,-NA-,-NA-,Hospital Approved for Empanelment,No,NA,-NA-
592,HOSP36G160885,PHC-HANWADA,TELANGANA,MAHABUBNAGAR,,,,NA,NA,Public,PMJAY,-NA-,-NA-,Hospital Approved for Empanelment,No,NA,-NA-
593,HOSP36G160886,CHC - Khilaghanpur,TELANGANA,WANAPARTHY,,,,NA,NA,Public,PMJAY,-NA-,-NA-,Hospital Approved for Empanelment,No,NA,-NA-
594,HOSP36G160887,PHC-Hamaliwada,TELANGANA,ADILABAD,,,,NA,NA,Public,PMJAY,-NA-,-NA-,Hospital Approved for Empanelment,No,NA,-NA-
595,HOSP36G160888,PHC-Hasanparthy,TELANGANA,WARANGAL RURAL,,,,NA,NA,Public,PMJAY,-NA-,-NA-,Hospital Approved for Empanelment,No,NA,-NA-
596,HOSP36G160889,PHC-Hasnapur,TELANGANA,ADILABAD,,,,NA,NA,Public,PMJAY,-NA-,-NA-,Hospital Approved for Empanelment,No,NA,-NA-
597,HOSP36G160890,PHC-IEEJA,TELANGANA,JOGULAMBA GADWAL,,,,NA,NA,Public,PMJAY,-NA-,-NA-,Hospital Approved for Empanelment,No,NA,-NA-
598,HOSP36G160891,PHC-IPPAGUDEM,TELANGANA,JANGOAN,,,,NA,NA,Public,PMJAY,-NA-,-NA-,Hospital Approved for Empanelment,No,NA,-NA-
599,HOSP36G160892,CHC - Lingal,TELANGANA,NAGARKURNOOL,,,,NA,NA,Public,PMJAY,-NA-,-NA-,Hospital Approved for Empanelment,No,NA,-NA-
600,HOSP36G160893,PHC-Gundala,TELANGANA,BHADRADRI KOTHAGUDEM,,,,NA,NA,Public,PMJAY,-NA-,-NA-,Hospital Approved for Empanelment,No,NA,-NA-
601,HOSP36G160894,PHC-HATHNOORA,TELANGANA,SANGAREDDY,,,,NA,NA,Public,PMJAY,-NA-,-NA-,Hospital Approved for Empanelment,No,NA,-NA-
602,HOSP36G160896,PHC-IBRAHIMNAGAR,TELANGANA,SIDDIPET,,,,NA,NA,Public,PMJAY,-NA-,-NA-,Hospital Approved for Empanelment,No,NA,-NA-
603,HOSP36G160897,CHC - Uppununthala,TELANGANA,NAGARKURNOOL,,,,NA,NA,Public,PMJAY,-NA-,-NA-,Hospital Approved for Empanelment,No,NA,-NA-
604,HOSP36G160898,CHC - Veepangandla,TELANGANA,WANAPARTHY,,,,NA,NA,Public,PMJAY,-NA-,-NA-,Hospital Approved for Empanelment,No,NA,-NA-
605,HOSP36G160899,PHC-HAZIPUR,TELANGANA,MANCHERIAL,,,,NA,NA,Public,PMJAY,-NA-,-NA-,Hospital Approved for Empanelment,No,NA,-NA-
606,HOSP36G160900,PHC-INUGURTHY,TELANGANA,MAHABUBABAD,,,,NA,NA,Public,PMJAY,-NA-,-NA-,Hospital Approved for Empanelment,No,NA,-NA-
607,HOSP36G160901,UPHC-Chandulal Baradari,TELANGANA,HYDERABAD,,,,NA,NA,Public,PMJAY,-NA-,-NA-,Hospital Approved for Empanelment,No,NA,-NA-
608,HOSP36G160902,UPHC-KUKATPALLY,TELANGANA,MEDCHAL MALKAJGIRI,,,,NA,NA,Public,PMJAY,-NA-,-NA-,Hospital Approved for Empanelment,No,NA,-NA-
609,HOSP36G160903,UPHC-Charminar,TELANGANA,HYDERABAD,,,,NA,NA,Public,PMJAY,-NA-,-NA-,Hospital Approved for Empanelment,No,NA,-NA-
610,HOSP36G160904,PHC-INDALWAI,TELANGANA,NIZAMABAD,,,,NA,NA,Public,PMJAY,-NA-,-NA-,Hospital Approved for Empanelment,No,NA,-NA-
611,HOSP36G160905,UPHC-Dabeerpura,TELANGANA,HYDERABAD,,,,NA,NA,Public,PMJAY,-NA-,-NA-,Hospital Approved for Empanelment,No,NA,-NA-
612,HOSP36G160906,PHC-IRWIN,TELANGANA,NALGONDA,,,,NA,NA,Public,PMJAY,-NA-,-NA-,Hospital Approved for Empanelment,No,NA,-NA-
613,HOSP36G160907,UPHC-Film Nagar,TELANGANA,HYDERABAD,,,,NA,NA,Public,PMJAY,-NA-,-NA-,Hospital Approved for Empanelment,No,NA,-NA-
614,HOSP36G160908,PHC-Ibrahimpatnam,TELANGANA,Jagitial,,,,NA,NA,Public,PMJAY,-NA-,-NA-,Hospital Approved for Empanelment,No,NA,-NA-
615,HOSP36G160909,PHC-Indervelly,TELANGANA,ADILABAD,,,,NA,NA,Public,PMJAY,-NA-,-NA-,Hospital Approved for Empanelment,No,NA,-NA-
616,HOSP36G160910,PHC-JAIPUR,TELANGANA,MANCHERIAL,,,,NA,NA,Public,PMJAY,-NA-,-NA-,Hospital Approved for Empanelment,No,NA,-NA-
617,HOSP36G160911,UPHC-GAMBHIRAOPET,TELANGANA,RAJANNA SIRCILLA,,,,NA,NA,Public,PMJAY,-NA-,-NA-,Hospital Approved for Empanelment,No,NA,-NA-
618,HOSP36G160912,UPHC-GUNTI JANGAIAH NAGAR COLONY,TELANGANA,NALGONDA,,,,NA,NA,Public,PMJAY,-NA-,-NA-,Hospital Approved for Empanelment,No,NA,-NA-
619,HOSP36G160913,UPHC-HOUSING BOARD COLONY,TELANGANA,KARIMNAGAR,,,,NA,NA,Public,PMJAY,-NA-,-NA-,Hospital Approved for Empanelment,No,NA,-NA-
620,HOSP36G160914,PHC-JANAMPET,TELANGANA,MAHABUBNAGAR,,,,NA,NA,Public,PMJAY,-NA-,-NA-,Hospital Approved for Empanelment,No,NA,-NA-
621,HOSP36G160915,PHC-JANNARAM,TELANGANA,MANCHERIAL,,,,NA,NA,Public,PMJAY,-NA-,-NA-,Hospital Approved for Empanelment,No,NA,-NA-
622,HOSP36G160916,PHC-KADUKUNTLA,TELANGANA,WANAPARTHY,,,,NA,NA,Public,PMJAY,-NA-,-NA-,Hospital Approved for Empanelment,No,NA,-NA-
623,HOSP36G160917,PHC-KALLEDA,TELANGANA,Jagitial,,,,NA,NA,Public,PMJAY,-NA-,-NA-,Hospital Approved for Empanelment,No,NA,-NA-
624,HOSP36G160918,PHC-KAPUGALLU,TELANGANA,SURYAPET,,,,NA,NA,Public,PMJAY,-NA-,-NA-,Hospital Approved for Empanelment,No,NA,-NA-
625,HOSP36G160919,PHC-KESHAMPET,TELANGANA,NALGONDA,,,,NA,NA,Public,PMJAY,-NA-,-NA-,Hospital Approved for Empanelment,No,NA,-NA-
626,HOSP36G160920,PHC-ITIKYAL,TELANGANA,JOGULAMBA GADWAL,,,,NA,NA,Public,PMJAY,-NA-,-NA-,Hospital Approved for Empanelment,No,NA,-NA-
627,HOSP36G160921,PHC-Inavole,TELANGANA,WARANGAL RURAL,,,,NA,NA,Public,PMJAY,-NA-,-NA-,Hospital Approved for Empanelment,No,NA,-NA-
628,HOSP36G160922,PHC-JHARASANGAM,TELANGANA,SANGAREDDY,,,,NA,NA,Public,PMJAY,-NA-,-NA-,Hospital Approved for Empanelment,No,NA,-NA-
629,HOSP36G160923,PHC-JINNARAM,TELANGANA,SANGAREDDY,,,,NA,NA,Public,PMJAY,-NA-,-NA-,Hospital Approved for Empanelment,No,NA,-NA-
630,HOSP36G160924,PHC-JUKKAL,TELANGANA,KAMAREDDY,,,,NA,NA,Public,PMJAY,-NA-,-NA-,Hospital Approved for Empanelment,No,NA,-NA-
631,HOSP36G160925,PHC-KOHEDA,TELANGANA,SIDDIPET,,,,NA,NA,Public,PMJAY,-NA-,-NA-,Hospital Approved for Empanelment,No,NA,-NA-
632,HOSP36G160926,PHC-KONDURGU,TELANGANA,NALGONDA,,,,NA,NA,Public,PMJAY,-NA-,-NA-,Hospital Approved for Empanelment,No,NA,-NA-
633,HOSP36G160927,PHC-KONIJERLA,TELANGANA,KHAMMAM,,,,NA,NA,Public,PMJAY,-NA-,-NA-,Hospital Approved for Empanelment,No,NA,-NA-
634,HOSP36G160928,PHC-KOUTALA,TELANGANA,KUMURAM BHEEM ASIFABAD,,,,NA,NA,Public,PMJAY,-NA-,-NA-,Hospital Approved for Empanelment,No,NA,-NA-
635,HOSP36G160929,PHC-KUNDARAM,TELANGANA,MANCHERIAL,,,,NA,NA,Public,PMJAY,-NA-,-NA-,Hospital Approved for Empanelment,No,NA,-NA-
636,HOSP36G160930,PHC-KUNOOR,TELANGANA,JANGOAN,,,,NA,NA,Public,PMJAY,-NA-,-NA-,Hospital Approved for Empanelment,No,NA,-NA-
637,HOSP36G160931,UPHC-GANDHINAGAR(UPHC),TELANGANA,WANAPARTHY,,,,NA,NA,Public,PMJAY,-NA-,-NA-,Hospital Approved for Empanelment,No,NA,-NA-
638,HOSP36G160932,PHC-LADNOOR,TELANGANA,SIDDIPET,,,,NA,NA,Public,PMJAY,-NA-,-NA-,Hospital Approved for Empanelment,No,NA,-NA-
639,HOSP36G160933,CHC - NADIGUDEM,TELANGANA,SURYAPET,,,,NA,NA,Public,PMJAY,-NA-,-NA-,Hospital Approved for Empanelment,No,NA,-NA-
640,HOSP36G160934,CHC - THUNGATHURTHY,TELANGANA,SURYAPET,,,,NA,NA,Public,PMJAY,-NA-,-NA-,Hospital Approved for Empanelment,No,NA,-NA-
641,HOSP36G160935,PHC-Ankoli,TELANGANA,ADILABAD,,,,NA,NA,Public,PMJAY,-NA-,-NA-,Hospital Approved for Empanelment,No,NA,-NA-
642,HOSP36G160936,CHC - NARSAPUR,TELANGANA,Nirmal,,,,NA,NA,Public,PMJAY,-NA-,-NA-,Hospital Approved for Empanelment,No,NA,-NA-
643,HOSP36G160937,PHC-AMBEDKARNAGAR,TELANGANA,SIDDIPET,,,,NA,NA,Public,PMJAY,-NA-,-NA-,Hospital Approved for Empanelment,No,NA,-NA-
644,HOSP36G160938,PHC-ATHMAKUR,TELANGANA,YADADRI BHUVANAGIRI,,,,NA,NA,Public,PMJAY,-NA-,-NA-,Hospital Approved for Empanelment,No,NA,-NA-
645,HOSP36G160939,PHC-ADDAGUDUR,TELANGANA,YADADRI BHUVANAGIRI,,,,NA,NA,Public,PMJAY,-NA-,-NA-,Hospital Approved for Empanelment,No,NA,-NA-
646,HOSP36G160940,PHC-ALLADURGH,TELANGANA,MEDAK,,,,NA,NA,Public,PMJAY,-NA-,-NA-,Hospital Approved for Empanelment,No,NA,-NA-
647,HOSP36G160941,PHC-Athmakur,TELANGANA,WARANGAL RURAL,,,,NA,NA,Public,PMJAY,-NA-,-NA-,Hospital Approved for Empanelment,No,NA,-NA-
648,HOSP36G160944,UPHC-GIRI NAGAR,TELANGANA,SURYAPET,,,,NA,NA,Public,PMJAY,-NA-,-NA-,Hospital Approved for Empanelment,No,NA,-NA-
649,HOSP36G160945,PHC-JAKRANPALLY,TELANGANA,NIZAMABAD,,,,NA,NA,Public,PMJAY,-NA-,-NA-,Hospital Approved for Empanelment,No,NA,-NA-
650,HOSP36G160946,PHC-Jagannadhapuram,TELANGANA,BHADRADRI KOTHAGUDEM,,,,NA,NA,Public,PMJAY,-NA-,-NA-,Hospital Approved for Empanelment,No,NA,-NA-
651,HOSP36G160947,PHC-KADEM,TELANGANA,Nirmal,,,,NA,NA,Public,PMJAY,-NA-,-NA-,Hospital Approved for Empanelment,No,NA,-NA-
652,HOSP36G160948,PHC-KALMALCHERUVU,TELANGANA,SURYAPET,,,,NA,NA,Public,PMJAY,-NA-,-NA-,Hospital Approved for Empanelment,No,NA,-NA-
653,HOSP36G160949,PHC-KAMMARPALLY,TELANGANA,NIZAMABAD,,,,NA,NA,Public,PMJAY,-NA-,-NA-,Hospital Approved for Empanelment,No,NA,-NA-
654,HOSP36G160950,PHC-KANAGAL,TELANGANA,NALGONDA,,,,NA,NA,Public,PMJAY,-NA-,-NA-,Hospital Approved for Empanelment,No,NA,-NA-
655,HOSP36G160951,PHC-JULAPALLY,TELANGANA,PEDDAPALLI,,,,NA,NA,Public,PMJAY,-NA-,-NA-,Hospital Approved for Empanelment,No,NA,-NA-
656,HOSP36G160952,PHC-Jaggasagar,TELANGANA,Jagitial,,,,NA,NA,Public,PMJAY,-NA-,-NA-,Hospital Approved for Empanelment,No,NA,-NA-
657,HOSP36G160953,PHC-Jainad,TELANGANA,ADILABAD,,,,NA,NA,Public,PMJAY,-NA-,-NA-,Hospital Approved for Empanelment,No,NA,-NA-
658,HOSP36G160954,PHC-KALHER,TELANGANA,SANGAREDDY,,,,NA,NA,Public,PMJAY,-NA-,-NA-,Hospital Approved for Empanelment,No,NA,-NA-
659,HOSP36G160955,PHC-Janampeta,TELANGANA,BHADRADRI KOTHAGUDEM,,,,NA,NA,Public,PMJAY,-NA-,-NA-,Hospital Approved for Empanelment,No,NA,-NA-
660,HOSP36G160956,PHC-Jhari,TELANGANA,ADILABAD,,,,NA,NA,Public,PMJAY,-NA-,-NA-,Hospital Approved for Empanelment,No,NA,-NA-
661,HOSP36G160957,UPHC-Gaddiannaram,TELANGANA,HYDERABAD,,,,NA,NA,Public,PMJAY,-NA-,-NA-,Hospital Approved for Empanelment,No,NA,-NA-
662,HOSP36G160958,PHC-Julurupadu,TELANGANA,BHADRADRI KOTHAGUDEM,,,,NA,NA,Public,PMJAY,-NA-,-NA-,Hospital Approved for Empanelment,No,NA,-NA-
663,HOSP36G160959,UPHC-Gagan Mahal,TELANGANA,HYDERABAD,,,,NA,NA,Public,PMJAY,-NA-,-NA-,Hospital Approved for Empanelment,No,NA,-NA-
664,HOSP36G160960,PHC-K.M. PALLY,TELANGANA,NALGONDA,,,,NA,NA,Public,PMJAY,-NA-,-NA-,Hospital Approved for Empanelment,No,NA,-NA-
665,HOSP36G160961,PHC-KALLEDI,TELANGANA,NIZAMABAD,,,,NA,NA,Public,PMJAY,-NA-,-NA-,Hospital Approved for Empanelment,No,NA,-NA-
666,HOSP36G160962,UPHC-Gandhi,TELANGANA,HYDERABAD,,,,NA,NA,Public,PMJAY,-NA-,-NA-,Hospital Approved for Empanelment,No,NA,-NA-
667,HOSP36G160963,PHC-KAMALUDDINPUR(PHC),TELANGANA,WANAPARTHY,,,,NA,NA,Public,PMJAY,-NA-,-NA-,Hospital Approved for Empanelment,No,NA,-NA-
668,HOSP36G160964,PHC-KAMANPUR,TELANGANA,PEDDAPALLI,,,,NA,NA,Public,PMJAY,-NA-,-NA-,Hospital Approved for Empanelment,No,NA,-NA-
669,HOSP36G160965,PHC-KAMEPALLI,TELANGANA,KHAMMAM,,,,NA,NA,Public,PMJAY,-NA-,-NA-,Hospital Approved for Empanelment,No,NA,-NA-
670,HOSP36G160966,PHC-KANUKUNTA,TELANGANA,SANGAREDDY,,,,NA,NA,Public,PMJAY,-NA-,-NA-,Hospital Approved for Empanelment,No,NA,-NA-
671,HOSP36G160967,PHC-KAMBALAPALLY,TELANGANA,MAHABUBABAD,,,,NA,NA,Public,PMJAY,-NA-,-NA-,Hospital Approved for Empanelment,No,NA,-NA-
672,HOSP36G160968,UPHC-Gareeb Nagar,TELANGANA,HYDERABAD,,,,NA,NA,Public,PMJAY,-NA-,-NA-,Hospital Approved for Empanelment,No,NA,-NA-
673,HOSP36G160969,PHC-KANDUKUR,TELANGANA,NALGONDA,,,,NA,NA,Public,PMJAY,-NA-,-NA-,Hospital Approved for Empanelment,No,NA,-NA-
674,HOSP36G160970,PHC-KANGTI,TELANGANA,SANGAREDDY,,,,NA,NA,Public,PMJAY,-NA-,-NA-,Hospital Approved for Empanelment,No,NA,-NA-
675,HOSP36G160971,UPHC-Golconda,TELANGANA,HYDERABAD,,,,NA,NA,Public,PMJAY,-NA-,-NA-,Hospital Approved for Empanelment,No,NA,-NA-
676,HOSP36G160972,UPHC-JAGADHGIRI GUTTA/DEENABANDU COLONY,TELANGANA,MEDCHAL MALKAJGIRI,,,,NA,NA,Public,PMJAY,-NA-,-NA-,Hospital Approved for Empanelment,No,NA,-NA-
677,HOSP36G160973,UPHC-Jahanuma,TELANGANA,HYDERABAD,,,,NA,NA,Public,PMJAY,-NA-,-NA-,Hospital Approved for Empanelment,No,NA,-NA-
678,HOSP36G160974,UPHC-KOTHAPET HARIJANAWADA,TELANGANA,NALGONDA,,,,NA,NA,Public,PMJAY,-NA-,-NA-,Hospital Approved for Empanelment,No,NA,-NA-
679,HOSP36G160975,UPHC-Nayapool,TELANGANA,HYDERABAD,,,,NA,NA,Public,PMJAY,-NA-,-NA-,Hospital Approved for Empanelment,No,NA,-NA-
680,HOSP36G160976,UPHC-PEERLAGUTTA(UPHC),TELANGANA,WANAPARTHY,,,,NA,NA,Public,PMJAY,-NA-,-NA-,Hospital Approved for Empanelment,No,NA,-NA-
681,HOSP36G160977,UPHC-Gudimalkapur,TELANGANA,HYDERABAD,,,,NA,NA,Public,PMJAY,-NA-,-NA-,Hospital Approved for Empanelment,No,NA,-NA-
682,HOSP36G160978,UPHC-HAMSAPET,TELANGANA,MEDCHAL MALKAJGIRI,,,,NA,NA,Public,PMJAY,-NA-,-NA-,Hospital Approved for Empanelment,No,NA,-NA-
683,HOSP36G160979,UPHC-Jambagh Park,TELANGANA,HYDERABAD,,,,NA,NA,Public,PMJAY,-NA-,-NA-,Hospital Approved for Empanelment,No,NA,-NA-
684,HOSP36G160980,UPHC-HASSANNAGAR,TELANGANA,NALGONDA,,,,NA,NA,Public,PMJAY,-NA-,-NA-,Hospital Approved for Empanelment,No,NA,-NA-
685,HOSP36G160982,UPHC-INDIRA NAGAR,TELANGANA,SANGAREDDY,,,,NA,NA,Public,PMJAY,-NA-,-NA-,Hospital Approved for Empanelment,No,NA,-NA-
686,HOSP36G160983,UPHC-Jublihills,TELANGANA,HYDERABAD,,,,NA,NA,Public,PMJAY,-NA-,-NA-,Hospital Approved for Empanelment,No,NA,-NA-
687,HOSP36G160984,UPHC-JAINOOR,TELANGANA,KUMURAM BHEEM ASIFABAD,,,,NA,NA,Public,PMJAY,-NA-,-NA-,Hospital Approved for Empanelment,No,NA,-NA-
688,HOSP36G160986,UPHC-Karwan-II,TELANGANA,HYDERABAD,,,,NA,NA,Public,PMJAY,-NA-,-NA-,Hospital Approved for Empanelment,No,NA,-NA-
689,HOSP36G160987,UPHC-MANYAMCHELKA,TELANGANA,NALGONDA,,,,NA,NA,Public,PMJAY,-NA-,-NA-,Hospital Approved for Empanelment,No,NA,-NA-
690,HOSP36G160988,UPHC-MOTHAZKHANA,TELANGANA,KARIMNAGAR,,,,NA,NA,Public,PMJAY,-NA-,-NA-,Hospital Approved for Empanelment,No,NA,-NA-
691,HOSP36G160989,UPHC-MOTHINAGAR,TELANGANA,MAHABUBNAGAR,,,,NA,NA,Public,PMJAY,-NA-,-NA-,Hospital Approved for Empanelment,No,NA,-NA-
692,HOSP36G160991,UPHC-KASHIBUGGA,TELANGANA,WARANGAL URBAN,,,,NA,NA,Public,PMJAY,-NA-,-NA-,Hospital Approved for Empanelment,No,NA,-NA-
693,HOSP36G160992,UPHC-KATTARAMPUR,TELANGANA,KARIMNAGAR,,,,NA,NA,Public,PMJAY,-NA-,-NA-,Hospital Approved for Empanelment,No,NA,-NA-
694,HOSP36G160993,UPHC-KEERTHINAGAR,TELANGANA,WARANGAL URBAN,,,,NA,NA,Public,PMJAY,-NA-,-NA-,Hospital Approved for Empanelment,No,NA,-NA-
695,HOSP36G160994,PHC-KANDI,TELANGANA,SANGAREDDY,,,,NA,NA,Public,PMJAY,-NA-,-NA-,Hospital Approved for Empanelment,No,NA,-NA-
696,HOSP36G160995,PHC-KASARABAD,TELANGANA,SURYAPET,,,,NA,NA,Public,PMJAY,-NA-,-NA-,Hospital Approved for Empanelment,No,NA,-NA-
697,HOSP36G160996,PHC-KETHEPALLY,TELANGANA,NALGONDA,,,,NA,NA,Public,PMJAY,-NA-,-NA-,Hospital Approved for Empanelment,No,NA,-NA-
698,HOSP36G160997,PHC-KISANNAGAR,TELANGANA,NIZAMABAD,,,,NA,NA,Public,PMJAY,-NA-,-NA-,Hospital Approved for Empanelment,No,NA,-NA-
699,HOSP36G160998,PHC-KODAIR,TELANGANA,NAGARKURNOOL,,,,NA,NA,Public,PMJAY,-NA-,-NA-,Hospital Approved for Empanelment,No,NA,-NA-
700,HOSP36G160999,PHC-KOLANUR,TELANGANA,PEDDAPALLI,,,,NA,NA,Public,PMJAY,-NA-,-NA-,Hospital Approved for Empanelment,No,NA,-NA-
701,HOSP36G161000,PHC-KOMURAVELLI,TELANGANA,SIDDIPET,,,,NA,NA,Public,PMJAY,-NA-,-NA-,Hospital Approved for Empanelment,No,NA,-NA-
702,HOSP36G161001,PHC-KONARAOPET,TELANGANA,RAJANNA SIRCILLA,,,,NA,NA,Public,PMJAY,-NA-,-NA-,Hospital Approved for Empanelment,No,NA,-NA-
703,HOSP36G161002,PHC-KUBEER,TELANGANA,Nirmal,,,,NA,NA,Public,PMJAY,-NA-,-NA-,Hospital Approved for Empanelment,No,NA,-NA-
704,HOSP36G161003,PHC-KUNTALA,TELANGANA,Nirmal,,,,NA,NA,Public,PMJAY,-NA-,-NA-,Hospital Approved for Empanelment,No,NA,-NA-
705,HOSP36G161004,PHC-KASIPET,TELANGANA,MANCHERIAL,,,,NA,NA,Public,PMJAY,-NA-,-NA-,Hospital Approved for Empanelment,No,NA,-NA-
706,HOSP36G161005,UPHC-KUMMARIWADI,TELANGANA,MAHABUBNAGAR,,,,NA,NA,Public,PMJAY,-NA-,-NA-,Hospital Approved for Empanelment,No,NA,-NA-
707,HOSP36G161006,PHC-KHANAPUR,TELANGANA,WARANGAL URBAN,,,,NA,NA,Public,PMJAY,-NA-,-NA-,Hospital Approved for Empanelment,No,NA,-NA-
708,HOSP36G161007,PHC-KODAKANDLA,TELANGANA,JANGOAN,,,,NA,NA,Public,PMJAY,-NA-,-NA-,Hospital Approved for Empanelment,No,NA,-NA-
709,HOSP36G161008,PHC-KODIMIAL,TELANGANA,Jagitial,,,,NA,NA,Public,PMJAY,-NA-,-NA-,Hospital Approved for Empanelment,No,NA,-NA-
710,HOSP36G161009,PHC-KODURUPAKA,TELANGANA,RAJANNA SIRCILLA,,,,NA,NA,Public,PMJAY,-NA-,-NA-,Hospital Approved for Empanelment,No,NA,-NA-
711,HOSP36G161010,PHC-KOMALLA,TELANGANA,JANGOAN,,,,NA,NA,Public,PMJAY,-NA-,-NA-,Hospital Approved for Empanelment,No,NA,-NA-
712,HOSP36G161011,PHC-KOMATLAGUDEM,TELANGANA,MAHABUBABAD,,,,NA,NA,Public,PMJAY,-NA-,-NA-,Hospital Approved for Empanelment,No,NA,-NA-
713,HOSP36G161012,PHC-KYATHUR,TELANGANA,JOGULAMBA GADWAL,,,,NA,NA,Public,PMJAY,-NA-,-NA-,Hospital Approved for Empanelment,No,NA,-NA-
714,HOSP36G161013,PHC-Kondaparthy,TELANGANA,WARANGAL RURAL,,,,NA,NA,Public,PMJAY,-NA-,-NA-,Hospital Approved for Empanelment,No,NA,-NA-
715,HOSP36G161014,PHC-LANKASAGAR,TELANGANA,KHAMMAM,,,,NA,NA,Public,PMJAY,-NA-,-NA-,Hospital Approved for Empanelment,No,NA,-NA-
716,HOSP36G161015,UPHC-Kamatipura,TELANGANA,HYDERABAD,,,,NA,NA,Public,PMJAY,-NA-,-NA-,Hospital Approved for Empanelment,No,NA,-NA-
717,HOSP36G161016,UPHC-Kummarwadi,TELANGANA,HYDERABAD,,,,NA,NA,Public,PMJAY,-NA-,-NA-,Hospital Approved for Empanelment,No,NA,-NA-
718,HOSP36G161017,UPHC-Lashkarsingaram,TELANGANA,WARANGAL RURAL,,,,NA,NA,Public,PMJAY,-NA-,-NA-,Hospital Approved for Empanelment,No,NA,-NA-
719,HOSP36G161018,PHC-BOLLEPALLY,TELANGANA,YADADRI BHUVANAGIRI,,,,NA,NA,Public,PMJAY,-NA-,-NA-,Hospital Approved for Empanelment,No,NA,-NA-
720,HOSP36G161019,PHC-BOMMALARAMARAM,TELANGANA,YADADRI BHUVANAGIRI,,,,NA,NA,Public,PMJAY,-NA-,-NA-,Hospital Approved for Empanelment,No,NA,-NA-
721,HOSP36G161020,PHC-CHANDURTHI,TELANGANA,RAJANNA SIRCILLA,,,,NA,NA,Public,PMJAY,-NA-,-NA-,Hospital Approved for Empanelment,No,NA,-NA-
722,HOSP36G161021,PHC-GAREDEPALLY,TELANGANA,SURYAPET,,,,NA,NA,Public,PMJAY,-NA-,-NA-,Hospital Approved for Empanelment,No,NA,-NA-
723,HOSP36G161022,PHC-GEESUGONDA,TELANGANA,WARANGAL URBAN,,,,NA,NA,Public,PMJAY,-NA-,-NA-,Hospital Approved for Empanelment,No,NA,-NA-
724,HOSP36G161023,PHC-JAWAHAR NAGAR,TELANGANA,MEDCHAL MALKAJGIRI,,,,NA,NA,Public,PMJAY,-NA-,-NA-,Hospital Approved for Empanelment,No,NA,-NA-
725,HOSP36G161024,PHC-KARASGUTHI,TELANGANA,SANGAREDDY,,,,NA,NA,Public,PMJAY,-NA-,-NA-,Hospital Approved for Empanelment,No,NA,-NA-
726,HOSP36G161025,PHC-LINGAL,TELANGANA,NAGARKURNOOL,,,,NA,NA,Public,PMJAY,-NA-,-NA-,Hospital Approved for Empanelment,No,NA,-NA-
727,HOSP36G161026,PHC-MALKAJGIRI,TELANGANA,MEDCHAL MALKAJGIRI,,,,NA,NA,Public,PMJAY,-NA-,-NA-,Hospital Approved for Empanelment,No,NA,-NA-
728,HOSP36G161027,PHC-MANCHUKONDA,TELANGANA,KHAMMAM,,,,NA,NA,Public,PMJAY,-NA-,-NA-,Hospital Approved for Empanelment,No,NA,-NA-
729,HOSP36G161028,PHC-PULLUR,TELANGANA,SIDDIPET,,,,NA,NA,Public,PMJAY,-NA-,-NA-,Hospital Approved for Empanelment,No,NA,-NA-
730,HOSP36G161029,PHC-REDDYPALLY,TELANGANA,MEDAK,,,,NA,NA,Public,PMJAY,-NA-,-NA-,Hospital Approved for Empanelment,No,NA,-NA-
731,HOSP36G161030,PHC-REGODE,TELANGANA,MEDAK,,,,NA,NA,Public,PMJAY,-NA-,-NA-,Hospital Approved for Empanelment,No,NA,-NA-
732,HOSP36G161031,UPHC-Boggulkunta,TELANGANA,HYDERABAD,,,,NA,NA,Public,PMJAY,-NA-,-NA-,Hospital Approved for Empanelment,No,NA,-NA-
733,HOSP36G161032,UPHC-KOTHAPET,TELANGANA,MEDCHAL MALKAJGIRI,,,,NA,NA,Public,PMJAY,-NA-,-NA-,Hospital Approved for Empanelment,No,NA,-NA-
734,HOSP36G161034,UPHC-PARVATNAGAR,TELANGANA,MEDCHAL MALKAJGIRI,,,,NA,NA,Public,PMJAY,-NA-,-NA-,Hospital Approved for Empanelment,No,NA,-NA-
735,HOSP36G161035,UPHC-Karwan-I,TELANGANA,HYDERABAD,,,,NA,NA,Public,PMJAY,-NA-,-NA-,Hospital Approved for Empanelment,No,NA,-NA-
736,HOSP36G161036,UPHC-Khairtabad,TELANGANA,HYDERABAD,,,,NA,NA,Public,PMJAY,-NA-,-NA-,Hospital Approved for Empanelment,No,NA,-NA-
737,HOSP36G161037,UPHC-Kishanbagh,TELANGANA,HYDERABAD,,,,NA,NA,Public,PMJAY,-NA-,-NA-,Hospital Approved for Empanelment,No,NA,-NA-
738,HOSP36G161038,UPHC-LINEWADA,TELANGANA,NALGONDA,,,,NA,NA,Public,PMJAY,-NA-,-NA-,Hospital Approved for Empanelment,No,NA,-NA-
739,HOSP36G161039,UPHC-MACHA BOLLARAM,TELANGANA,MEDCHAL MALKAJGIRI,,,,NA,NA,Public,PMJAY,-NA-,-NA-,Hospital Approved for Empanelment,No,NA,-NA-
740,HOSP36G161040,UPHC-MAILARDEVPALLY,TELANGANA,NALGONDA,,,,NA,NA,Public,PMJAY,-NA-,-NA-,Hospital Approved for Empanelment,No,NA,-NA-
741,HOSP36G161041,UPHC-MALLAPUR,TELANGANA,MEDCHAL MALKAJGIRI,,,,NA,NA,Public,PMJAY,-NA-,-NA-,Hospital Approved for Empanelment,No,NA,-NA-
742,HOSP36G161042,UPHC-MANSOORABAD,TELANGANA,NALGONDA,,,,NA,NA,Public,PMJAY,-NA-,-NA-,Hospital Approved for Empanelment,No,NA,-NA-
743,HOSP36G161043,UPHC-MOULALI,TELANGANA,MEDCHAL MALKAJGIRI,,,,NA,NA,Public,PMJAY,-NA-,-NA-,Hospital Approved for Empanelment,No,NA,-NA-
744,HOSP36G161044,PHC-KONDAMADUGU,TELANGANA,YADADRI BHUVANAGIRI,,,,NA,NA,Public,PMJAY,-NA-,-NA-,Hospital Approved for Empanelment,No,NA,-NA-
745,HOSP36G161045,UPHC-Kuttivellodi,TELANGANA,HYDERABAD,,,,NA,NA,Public,PMJAY,-NA-,-NA-,Hospital Approved for Empanelment,No,NA,-NA-
746,HOSP36G161046,PHC-KONDAPAK,TELANGANA,SIDDIPET,,,,NA,NA,Public,PMJAY,-NA-,-NA-,Hospital Approved for Empanelment,No,NA,-NA-
747,HOSP36G161047,PHC-KONDAPUR,TELANGANA,SANGAREDDY,,,,NA,NA,Public,PMJAY,-NA-,-NA-,Hospital Approved for Empanelment,No,NA,-NA-
748,HOSP36G161048,PHC-KOTAPALLY,TELANGANA,MANCHERIAL,,,,NA,NA,Public,PMJAY,-NA-,-NA-,Hospital Approved for Empanelment,No,NA,-NA-
749,HOSP36G161049,PHC-KOTAPALLY,TELANGANA,VIKARABAD,,,,NA,NA,Public,PMJAY,-NA-,-NA-,Hospital Approved for Empanelment,No,NA,-NA-
750,HOSP36G161050,PHC-KOTHAPALLY,TELANGANA,KARIMNAGAR,,,,NA,NA,Public,PMJAY,-NA-,-NA-,Hospital Approved for Empanelment,No,NA,-NA-
751,HOSP36G161051,PHC-KOTHLABAD,TELANGANA,MAHABUBNAGAR,,,,NA,NA,Public,PMJAY,-NA-,-NA-,Hospital Approved for Empanelment,No,NA,-NA-
752,HOSP36G161052,PHC-KOTHUR,TELANGANA,NALGONDA,,,,NA,NA,Public,PMJAY,-NA-,-NA-,Hospital Approved for Empanelment,No,NA,-NA-
753,HOSP36G161053,PHC-KUKUNOORPALLI,TELANGANA,SIDDIPET,,,,NA,NA,Public,PMJAY,-NA-,-NA-,Hospital Approved for Empanelment,No,NA,-NA-
754,HOSP36G161055,PHC-KUNARAM,TELANGANA,PEDDAPALLI,,,,NA,NA,Public,PMJAY,-NA-,-NA-,Hospital Approved for Empanelment,No,NA,-NA-
755,HOSP36G161056,PHC-Kamalapur,TELANGANA,WARANGAL RURAL,,,,NA,NA,Public,PMJAY,-NA-,-NA-,Hospital Approved for Empanelment,No,NA,-NA-
756,HOSP36G161057,PHC-Karakagudem,TELANGANA,BHADRADRI KOTHAGUDEM,,,,NA,NA,Public,PMJAY,-NA-,-NA-,Hospital Approved for Empanelment,No,NA,-NA-
757,HOSP36G161058,PHC-Kurshidnagar,TELANGANA,ADILABAD,,,,NA,NA,Public,PMJAY,-NA-,-NA-,Hospital Approved for Empanelment,No,NA,-NA-
758,HOSP36G161059,PHC-LAXMANCHANDA,TELANGANA,Nirmal,,,,NA,NA,Public,PMJAY,-NA-,-NA-,Hospital Approved for Empanelment,No,NA,-NA-
759,HOSP36G161060,PHC-LINGALAGHANPUR,TELANGANA,JANGOAN,,,,NA,NA,Public,PMJAY,-NA-,-NA-,Hospital Approved for Empanelment,No,NA,-NA-
760,HOSP36G161061,PHC-KOTHAKOTA,TELANGANA,WANAPARTHY,,,,NA,NA,Public,PMJAY,-NA-,-NA-,Hospital Approved for Empanelment,No,NA,-NA-
761,HOSP36G161063,PHC-KUSUMANCHI,TELANGANA,KHAMMAM,,,,NA,NA,Public,PMJAY,-NA-,-NA-,Hospital Approved for Empanelment,No,NA,-NA-
762,HOSP36G161064,PHC-KOWDIPALLY,TELANGANA,MEDAK,,,,NA,NA,Public,PMJAY,-NA-,-NA-,Hospital Approved for Empanelment,No,NA,-NA-
763,HOSP36G161065,PHC-KULAKCHERLA,TELANGANA,VIKARABAD,,,,NA,NA,Public,PMJAY,-NA-,-NA-,Hospital Approved for Empanelment,No,NA,-NA-
764,HOSP36G161067,PHC-Kataram,TELANGANA,JAYASHANKAR BHUPALAPALLY,,,,NA,NA,Public,PMJAY,-NA-,-NA-,Hospital Approved for Empanelment,No,NA,-NA-
765,HOSP36G161068,PHC-Kathalapur,TELANGANA,Jagitial,,,,NA,NA,Public,PMJAY,-NA-,-NA-,Hospital Approved for Empanelment,No,NA,-NA-
766,HOSP36G161069,PHC-Komararam,TELANGANA,BHADRADRI KOTHAGUDEM,,,,NA,NA,Public,PMJAY,-NA-,-NA-,Hospital Approved for Empanelment,No,NA,-NA-
767,HOSP36G161070,PHC-LATTUPALLY,TELANGANA,NAGARKURNOOL,,,,NA,NA,Public,PMJAY,-NA-,-NA-,Hospital Approved for Empanelment,No,NA,-NA-
768,HOSP36G161072,PHC-LINGAGIRI,TELANGANA,SURYAPET,,,,NA,NA,Public,PMJAY,-NA-,-NA-,Hospital Approved for Empanelment,No,NA,-NA-
769,HOSP36G161073,UPHC-MARKSNAGAR,TELANGANA,SANGAREDDY,,,,NA,NA,Public,PMJAY,-NA-,-NA-,Hospital Approved for Empanelment,No,NA,-NA-
770,HOSP36G161075,PHC-KOTHAGUDA,TELANGANA,MAHABUBABAD,,,,NA,NA,Public,PMJAY,-NA-,-NA-,Hospital Approved for Empanelment,No,NA,-NA-
771,HOSP36G161076,PHC-MOTAKONDUR,TELANGANA,YADADRI BHUVANAGIRI,,,,NA,NA,Public,PMJAY,-NA-,-NA-,Hospital Approved for Empanelment,No,NA,-NA-
772,HOSP36G161077,PHC-KULCHARAM,TELANGANA,MEDAK,,,,NA,NA,Public,PMJAY,-NA-,-NA-,Hospital Approved for Empanelment,No,NA,-NA-
773,HOSP36G161078,PHC-Kadipikonda,TELANGANA,WARANGAL RURAL,,,,NA,NA,Public,PMJAY,-NA-,-NA-,Hospital Approved for Empanelment,No,NA,-NA-
774,HOSP36G161079,PHC-MACHAREDDY,TELANGANA,KAMAREDDY,,,,NA,NA,Public,PMJAY,-NA-,-NA-,Hospital Approved for Empanelment,No,NA,-NA-
775,HOSP36G161080,PHC-MAISIGANDI,TELANGANA,NALGONDA,,,,NA,NA,Public,PMJAY,-NA-,-NA-,Hospital Approved for Empanelment,No,NA,-NA-
776,HOSP36G161081,UPHC-Maisaram,TELANGANA,HYDERABAD,,,,NA,NA,Public,PMJAY,-NA-,-NA-,Hospital Approved for Empanelment,No,NA,-NA-
777,HOSP36G161082,PHC-KURAVI,TELANGANA,MAHABUBABAD,,,,NA,NA,Public,PMJAY,-NA-,-NA-,Hospital Approved for Empanelment,No,NA,-NA-
778,HOSP36G161083,PHC-KUSHAIGUDA,TELANGANA,MEDCHAL MALKAJGIRI,,,,NA,NA,Public,PMJAY,-NA-,-NA-,Hospital Approved for Empanelment,No,NA,-NA-
779,HOSP36G161084,PHC-LINGAPUR,TELANGANA,KUMURAM BHEEM ASIFABAD,,,,NA,NA,Public,PMJAY,-NA-,-NA-,Hospital Approved for Empanelment,No,NA,-NA-
780,HOSP36G161085,PHC-MADDUR,TELANGANA,SIDDIPET,,,,NA,NA,Public,PMJAY,-NA-,-NA-,Hospital Approved for Empanelment,No,NA,-NA-
781,HOSP36G161086,PHC-MADGUL,TELANGANA,NALGONDA,,,,NA,NA,Public,PMJAY,-NA-,-NA-,Hospital Approved for Empanelment,No,NA,-NA-
782,HOSP36G161087,PHC-MANAKONDUR,TELANGANA,KARIMNAGAR,,,,NA,NA,Public,PMJAY,-NA-,-NA-,Hospital Approved for Empanelment,No,NA,-NA-
783,HOSP36G161088,PHC-MANCHAL,TELANGANA,NALGONDA,,,,NA,NA,Public,PMJAY,-NA-,-NA-,Hospital Approved for Empanelment,No,NA,-NA-
784,HOSP36G161089,UPHC-Maharajgunj,TELANGANA,HYDERABAD,,,,NA,NA,Public,PMJAY,-NA-,-NA-,Hospital Approved for Empanelment,No,NA,-NA-
785,HOSP36G161090,UPHC-Mohammadguda,TELANGANA,HYDERABAD,,,,NA,NA,Public,PMJAY,-NA-,-NA-,Hospital Approved for Empanelment,No,NA,-NA-
786,HOSP36G161091,UPHC-Nampally,TELANGANA,HYDERABAD,,,,NA,NA,Public,PMJAY,-NA-,-NA-,Hospital Approved for Empanelment,No,NA,-NA-
787,HOSP36G161092,UPHC-PATHAPALAMOOR,TELANGANA,MAHABUBNAGAR,,,,NA,NA,Public,PMJAY,-NA-,-NA-,Hospital Approved for Empanelment,No,NA,-NA-
788,HOSP36G161093,UPHC-PET BASHEERABAD/MEDCHAL,TELANGANA,MEDCHAL MALKAJGIRI,,,,NA,NA,Public,PMJAY,-NA-,-NA-,Hospital Approved for Empanelment,No,NA,-NA-
789,HOSP36G161094,UPHC-Madannapet,TELANGANA,HYDERABAD,,,,NA,NA,Public,PMJAY,-NA-,-NA-,Hospital Approved for Empanelment,No,NA,-NA-
790,HOSP36G161095,UPHC-Mettuguda,TELANGANA,HYDERABAD,,,,NA,NA,Public,PMJAY,-NA-,-NA-,Hospital Approved for Empanelment,No,NA,-NA-
791,HOSP36G161096,UPHC-NASARPURA,TELANGANA,SIDDIPET,,,,NA,NA,Public,PMJAY,-NA-,-NA-,Hospital Approved for Empanelment,No,NA,-NA-
792,HOSP36G161097,PHC-MOTHKUR,TELANGANA,YADADRI BHUVANAGIRI,,,,NA,NA,Public,PMJAY,-NA-,-NA-,Hospital Approved for Empanelment,No,NA,-NA-
793,HOSP36G161098,PHC-MUNIPAMPULA,TELANGANA,YADADRI BHUVANAGIRI,,,,NA,NA,Public,PMJAY,-NA-,-NA-,Hospital Approved for Empanelment,No,NA,-NA-
794,HOSP36G161099,PHC-NYALKAL,TELANGANA,SANGAREDDY,,,,NA,NA,Public,PMJAY,-NA-,-NA-,Hospital Approved for Empanelment,No,NA,-NA-
795,HOSP36G161100,PHC-NANDIPET,TELANGANA,NIZAMABAD,,,,NA,NA,Public,PMJAY,-NA-,-NA-,Hospital Approved for Empanelment,No,NA,-NA-
796,HOSP36G161101,PHC-NARAYANPUR,TELANGANA,YADADRI BHUVANAGIRI,,,,NA,NA,Public,PMJAY,-NA-,-NA-,Hospital Approved for Empanelment,No,NA,-NA-
797,HOSP36G161102,PHC-NARAYANRAOPET,TELANGANA,SIDDIPET,,,,NA,NA,Public,PMJAY,-NA-,-NA-,Hospital Approved for Empanelment,No,NA,-NA-
798,HOSP36G161104,PHC-Velair,TELANGANA,WARANGAL RURAL,,,,NA,NA,Public,PMJAY,-NA-,-NA-,Hospital Approved for Empanelment,No,NA,-NA-
799,HOSP36G161105,PHC-LEMOOR,TELANGANA,NALGONDA,,,,NA,NA,Public,PMJAY,-NA-,-NA-,Hospital Approved for Empanelment,No,NA,-NA-
800,HOSP36G161106,PHC-LOKESHWARAM,TELANGANA,Nirmal,,,,NA,NA,Public,PMJAY,-NA-,-NA-,Hospital Approved for Empanelment,No,NA,-NA-
801,HOSP36G161107,PHC-MADANAPUR,TELANGANA,WANAPARTHY,,,,NA,NA,Public,PMJAY,-NA-,-NA-,Hospital Approved for Empanelment,No,NA,-NA-
802,HOSP36G161108,PHC-LINGAMPET,TELANGANA,KAMAREDDY,,,,NA,NA,Public,PMJAY,-NA-,-NA-,Hospital Approved for Empanelment,No,NA,-NA-
803,HOSP36G161109,PHC-MAIDARAM,TELANGANA,PEDDAPALLI,,,,NA,NA,Public,PMJAY,-NA-,-NA-,Hospital Approved for Empanelment,No,NA,-NA-
804,HOSP36G161110,PHC-MAILARDEV PALLY,TELANGANA,NALGONDA,,,,NA,NA,Public,PMJAY,-NA-,-NA-,Hospital Approved for Empanelment,No,NA,-NA-
805,HOSP36G161111,PHC-MAILARDEV PALLY,TELANGANA,NALGONDA,,,,NA,NA,Public,PMJAY,-NA-,-NA-,Hospital Approved for Empanelment,No,NA,-NA-
806,HOSP36G161112,PHC-MAMADA,TELANGANA,Nirmal,,,,NA,NA,Public,PMJAY,-NA-,-NA-,Hospital Approved for Empanelment,No,NA,-NA-
807,HOSP36G161113,PHC-MAHAGAON,TELANGANA,Nirmal,,,,NA,NA,Public,PMJAY,-NA-,-NA-,Hospital Approved for Empanelment,No,NA,-NA-
808,HOSP36G161114,PHC-MALKAPUR,TELANGANA,JANGOAN,,,,NA,NA,Public,PMJAY,-NA-,-NA-,Hospital Approved for Empanelment,No,NA,-NA-
809,HOSP36G161115,UPHC-Musheerabad,TELANGANA,HYDERABAD,,,,NA,NA,Public,PMJAY,-NA-,-NA-,Hospital Approved for Empanelment,No,NA,-NA-
810,HOSP36G161116,UPHC-Niloufer,TELANGANA,HYDERABAD,,,,NA,NA,Public,PMJAY,-NA-,-NA-,Hospital Approved for Empanelment,No,NA,-NA-
811,HOSP36G161117,UPHC-OLD MANCHERIAL,TELANGANA,MANCHERIAL,,,,NA,NA,Public,PMJAY,-NA-,-NA-,Hospital Approved for Empanelment,No,NA,-NA-
812,HOSP36G161118,UPHC-PALEM,TELANGANA,NAGARKURNOOL,,,,NA,NA,Public,PMJAY,-NA-,-NA-,Hospital Approved for Empanelment,No,NA,-NA-
813,HOSP36G161119,UPHC-PANAGAL,TELANGANA,NALGONDA,,,,NA,NA,Public,PMJAY,-NA-,-NA-,Hospital Approved for Empanelment,No,NA,-NA-
814,HOSP36G161120,UPHC-SHAMSHEERNAGAR,TELANGANA,MANCHERIAL,,,,NA,NA,Public,PMJAY,-NA-,-NA-,Hospital Approved for Empanelment,No,NA,-NA-
815,HOSP36G161121,UPHC-SHIVARAMPALLY,TELANGANA,NALGONDA,,,,NA,NA,Public,PMJAY,-NA-,-NA-,Hospital Approved for Empanelment,No,NA,-NA-
816,HOSP36G161122,UPHC-Shalivahana Nagar,TELANGANA,HYDERABAD,,,,NA,NA,Public,PMJAY,-NA-,-NA-,Hospital Approved for Empanelment,No,NA,-NA-
817,HOSP36G161123,UPHC-Shanti Nagar,TELANGANA,HYDERABAD,,,,NA,NA,Public,PMJAY,-NA-,-NA-,Hospital Approved for Empanelment,No,NA,-NA-
818,HOSP36G161124,UPHC-Shayampet,TELANGANA,WARANGAL RURAL,,,,NA,NA,Public,PMJAY,-NA-,-NA-,Hospital Approved for Empanelment,No,NA,-NA-
819,HOSP36G161125,UPHC-Showkath Nagar,TELANGANA,HYDERABAD,,,,NA,NA,Public,PMJAY,-NA-,-NA-,Hospital Approved for Empanelment,No,NA,-NA-
820,HOSP36G161126,PHC-PEDDAKODAPGAL,TELANGANA,KAMAREDDY,,,,NA,NA,Public,PMJAY,-NA-,-NA-,Hospital Approved for Empanelment,No,NA,-NA-
821,HOSP36G161127,PHC-SIDDAPUR,TELANGANA,NAGARKURNOOL,,,,NA,NA,Public,PMJAY,-NA-,-NA-,Hospital Approved for Empanelment,No,NA,-NA-
822,HOSP36G161128,PHC-TEEGALAVENI,TELANGANA,MAHABUBABAD,,,,NA,NA,Public,PMJAY,-NA-,-NA-,Hospital Approved for Empanelment,No,NA,-NA-
823,HOSP36G161129,PHC-POCHAMPALLY,TELANGANA,YADADRI BHUVANAGIRI,,,,NA,NA,Public,PMJAY,-NA-,-NA-,Hospital Approved for Empanelment,No,NA,-NA-
824,HOSP36G161130,PHC-MALCHELMA,TELANGANA,SANGAREDDY,,,,NA,NA,Public,PMJAY,-NA-,-NA-,Hospital Approved for Empanelment,No,NA,-NA-
825,HOSP36G161131,PHC-MALDAKAL,TELANGANA,JOGULAMBA GADWAL,,,,NA,NA,Public,PMJAY,-NA-,-NA-,Hospital Approved for Empanelment,No,NA,-NA-
826,HOSP36G161132,PHC-MANNANUR,TELANGANA,NAGARKURNOOL,,,,NA,NA,Public,PMJAY,-NA-,-NA-,Hospital Approved for Empanelment,No,NA,-NA-
827,HOSP36G161133,PHC-MATOORPETA,TELANGANA,KHAMMAM,,,,NA,NA,Public,PMJAY,-NA-,-NA-,Hospital Approved for Empanelment,No,NA,-NA-
828,HOSP36G161134,PHC-MATTAMPALLY,TELANGANA,SURYAPET,,,,NA,NA,Public,PMJAY,-NA-,-NA-,Hospital Approved for Empanelment,No,NA,-NA-
829,HOSP36G161135,UPHC-NAGOLE,TELANGANA,MEDCHAL MALKAJGIRI,,,,NA,NA,Public,PMJAY,-NA-,-NA-,Hospital Approved for Empanelment,No,NA,-NA-
830,HOSP36G161136,PHC-QUTHBULLAPUR,TELANGANA,MEDCHAL MALKAJGIRI,,,,NA,NA,Public,PMJAY,-NA-,-NA-,Hospital Approved for Empanelment,No,NA,-NA-
831,HOSP36G161137,PHC-RAJAPET,TELANGANA,YADADRI BHUVANAGIRI,,,,NA,NA,Public,PMJAY,-NA-,-NA-,Hospital Approved for Empanelment,No,NA,-NA-
832,HOSP36G161138,PHC-MANDHAMARRI,TELANGANA,MANCHERIAL,,,,NA,NA,Public,PMJAY,-NA-,-NA-,Hospital Approved for Empanelment,No,NA,-NA-
833,HOSP36G161139,PHC-MANIKONDA,TELANGANA,MAHABUBNAGAR,,,,NA,NA,Public,PMJAY,-NA-,-NA-,Hospital Approved for Empanelment,No,NA,-NA-
834,HOSP36G161140,PHC-MUTHARAM(MNT),TELANGANA,PEDDAPALLI,,,,NA,NA,Public,PMJAY,-NA-,-NA-,Hospital Approved for Empanelment,No,NA,-NA-
835,HOSP36G161141,PHC-MALYALA,TELANGANA,MAHABUBABAD,,,,NA,NA,Public,PMJAY,-NA-,-NA-,Hospital Approved for Empanelment,No,NA,-NA-
836,HOSP36G161142,PHC-SARDANA,TELANGANA,MEDAK,,,,NA,NA,Public,PMJAY,-NA-,-NA-,Hospital Approved for Empanelment,No,NA,-NA-
837,HOSP36G161143,PHC-MARIPEDA,TELANGANA,MAHABUBABAD,,,,NA,NA,Public,PMJAY,-NA-,-NA-,Hospital Approved for Empanelment,No,NA,-NA-
838,HOSP36G161144,PHC-MARKOOK,TELANGANA,SIDDIPET,,,,NA,NA,Public,PMJAY,-NA-,-NA-,Hospital Approved for Empanelment,No,NA,-NA-
839,HOSP36G161145,PHC-MATHMAL,TELANGANA,KAMAREDDY,,,,NA,NA,Public,PMJAY,-NA-,-NA-,Hospital Approved for Empanelment,No,NA,-NA-
840,HOSP36G161146,PHC-MELLACHERVU,TELANGANA,SURYAPET,,,,NA,NA,Public,PMJAY,-NA-,-NA-,Hospital Approved for Empanelment,No,NA,-NA-
841,HOSP36G161147,PHC-MENDORA,TELANGANA,NIZAMABAD,,,,NA,NA,Public,PMJAY,-NA-,-NA-,Hospital Approved for Empanelment,No,NA,-NA-
842,HOSP36G161148,PHC-MIRDODDI,TELANGANA,SIDDIPET,,,,NA,NA,Public,PMJAY,-NA-,-NA-,Hospital Approved for Empanelment,No,NA,-NA-
843,HOSP36G161149,PHC-MIRZAPUR,TELANGANA,SANGAREDDY,,,,NA,NA,Public,PMJAY,-NA-,-NA-,Hospital Approved for Empanelment,No,NA,-NA-
844,HOSP36G161150,PHC-MOINABAD,TELANGANA,NALGONDA,,,,NA,NA,Public,PMJAY,-NA-,-NA-,Hospital Approved for Empanelment,No,NA,-NA-
845,HOSP36G161151,PHC-MUDAKPALLY,TELANGANA,NIZAMABAD,,,,NA,NA,Public,PMJAY,-NA-,-NA-,Hospital Approved for Empanelment,No,NA,-NA-
846,HOSP36G161153,PHC-MUDIGONDA,TELANGANA,KHAMMAM,,,,NA,NA,Public,PMJAY,-NA-,-NA-,Hospital Approved for Empanelment,No,NA,-NA-
847,HOSP36G161154,UPHC-NANDANAVANAM,TELANGANA,NALGONDA,,,,NA,NA,Public,PMJAY,-NA-,-NA-,Hospital Approved for Empanelment,No,NA,-NA-
848,HOSP36G161156,PHC-MANOOR,TELANGANA,SANGAREDDY,,,,NA,NA,Public,PMJAY,-NA-,-NA-,Hospital Approved for Empanelment,No,NA,-NA-
849,HOSP36G161157,PHC-MEDIPALLI,TELANGANA,Jagitial,,,,NA,NA,Public,PMJAY,-NA-,-NA-,Hospital Approved for Empanelment,No,NA,-NA-
850,HOSP36G161158,PHC-MANOPAD,TELANGANA,JOGULAMBA GADWAL,,,,NA,NA,Public,PMJAY,-NA-,-NA-,Hospital Approved for Empanelment,No,NA,-NA-
851,HOSP36G161160,PHC-MIDIJIL,TELANGANA,MAHABUBNAGAR,,,,NA,NA,Public,PMJAY,-NA-,-NA-,Hospital Approved for Empanelment,No,NA,-NA-
852,HOSP36G161161,PHC-MOGUDAMPALLY,TELANGANA,SANGAREDDY,,,,NA,NA,Public,PMJAY,-NA-,-NA-,Hospital Approved for Empanelment,No,NA,-NA-
853,HOSP36G161162,PHC-MEDAPALLY,TELANGANA,WARANGAL URBAN,,,,NA,NA,Public,PMJAY,-NA-,-NA-,Hospital Approved for Empanelment,No,NA,-NA-
854,HOSP36G161163,PHC-MUZIGI,TELANGANA,Nirmal,,,,NA,NA,Public,PMJAY,-NA-,-NA-,Hospital Approved for Empanelment,No,NA,-NA-
855,HOSP36G161164,PHC-Mallapur,TELANGANA,Jagitial,,,,NA,NA,Public,PMJAY,-NA-,-NA-,Hospital Approved for Empanelment,No,NA,-NA-
856,HOSP36G161165,PHC-Mallial,TELANGANA,Jagitial,,,,NA,NA,Public,PMJAY,-NA-,-NA-,Hospital Approved for Empanelment,No,NA,-NA-
857,HOSP36G161166,PHC-NAVALGA,TELANGANA,VIKARABAD,,,,NA,NA,Public,PMJAY,-NA-,-NA-,Hospital Approved for Empanelment,No,NA,-NA-
858,HOSP36G161167,PHC-NERELLA,TELANGANA,RAJANNA SIRCILLA,,,,NA,NA,Public,PMJAY,-NA-,-NA-,Hospital Approved for Empanelment,No,NA,-NA-
859,HOSP36G161168,PHC-Narsapur t,TELANGANA,ADILABAD,,,,NA,NA,Public,PMJAY,-NA-,-NA-,Hospital Approved for Empanelment,No,NA,-NA-
860,HOSP36G161169,PHC-MOHAMMADBAD,TELANGANA,MAHABUBNAGAR,,,,NA,NA,Public,PMJAY,-NA-,-NA-,Hospital Approved for Empanelment,No,NA,-NA-
861,HOSP36G161170,PHC-MOMINPET,TELANGANA,VIKARABAD,,,,NA,NA,Public,PMJAY,-NA-,-NA-,Hospital Approved for Empanelment,No,NA,-NA-
862,HOSP36G161171,PHC-MOSRA,TELANGANA,NIZAMABAD,,,,NA,NA,Public,PMJAY,-NA-,-NA-,Hospital Approved for Empanelment,No,NA,-NA-
863,HOSP36G161172,PHC-MOTHEY,TELANGANA,SURYAPET,,,,NA,NA,Public,PMJAY,-NA-,-NA-,Hospital Approved for Empanelment,No,NA,-NA-
864,HOSP36G161173,PHC-NANDIGAM,TELANGANA,NALGONDA,,,,NA,NA,Public,PMJAY,-NA-,-NA-,Hospital Approved for Empanelment,No,NA,-NA-
865,HOSP36G161174,PHC-NANGNOOR,TELANGANA,SIDDIPET,,,,NA,NA,Public,PMJAY,-NA-,-NA-,Hospital Approved for Empanelment,No,NA,-NA-
866,HOSP36G161176,PHC-NARKATPALLY,TELANGANA,NALGONDA,,,,NA,NA,Public,PMJAY,-NA-,-NA-,Hospital Approved for Empanelment,No,NA,-NA-
867,HOSP36G161177,PHC-NARKUDA PHC,TELANGANA,NALGONDA,,,,NA,NA,Public,PMJAY,-NA-,-NA-,Hospital Approved for Empanelment,No,NA,-NA-
868,HOSP36G161178,PHC-NARMETTA,TELANGANA,JANGOAN,,,,NA,NA,Public,PMJAY,-NA-,-NA-,Hospital Approved for Empanelment,No,NA,-NA-
869,HOSP36G161179,PHC-NARSAPUR G,TELANGANA,Nirmal,,,,NA,NA,Public,PMJAY,-NA-,-NA-,Hospital Approved for Empanelment,No,NA,-NA-
870,HOSP36G161180,PHC-SHARAJIPET,TELANGANA,YADADRI BHUVANAGIRI,,,,NA,NA,Public,PMJAY,-NA-,-NA-,Hospital Approved for Empanelment,No,NA,-NA-
871,HOSP36G161181,PHC-TEKMAL,TELANGANA,MEDAK,,,,NA,NA,Public,PMJAY,-NA-,-NA-,Hospital Approved for Empanelment,No,NA,-NA-
872,HOSP36G161182,UPHC-PRAKASHNAGAR,TELANGANA,NALGONDA,,,,NA,NA,Public,PMJAY,-NA-,-NA-,Hospital Approved for Empanelment,No,NA,-NA-
873,HOSP36G161183,UPHC-Pan Bazar,TELANGANA,HYDERABAD,,,,NA,NA,Public,PMJAY,-NA-,-NA-,Hospital Approved for Empanelment,No,NA,-NA-
874,HOSP36G161184,UPHC-Panipura,TELANGANA,HYDERABAD,,,,NA,NA,Public,PMJAY,-NA-,-NA-,Hospital Approved for Empanelment,No,NA,-NA-
875,HOSP36G161185,UPHC-Panjesha-I,TELANGANA,HYDERABAD,,,,NA,NA,Public,PMJAY,-NA-,-NA-,Hospital Approved for Empanelment,No,NA,-NA-
876,HOSP36G161187,UPHC-PATANCHERU,TELANGANA,SANGAREDDY,,,,NA,NA,Public,PMJAY,-NA-,-NA-,Hospital Approved for Empanelment,No,NA,-NA-
877,HOSP36G161188,UPHC-PeddammagaddaI,TELANGANA,WARANGAL RURAL,,,,NA,NA,Public,PMJAY,-NA-,-NA-,Hospital Approved for Empanelment,No,NA,-NA-
878,HOSP36G161190,UPHC-RAMNAGAR,TELANGANA,Nirmal,,,,NA,NA,Public,PMJAY,-NA-,-NA-,Hospital Approved for Empanelment,No,NA,-NA-
879,HOSP36G161192,PHC-THOTAPALLY,TELANGANA,NAGARKURNOOL,,,,NA,NA,Public,PMJAY,-NA-,-NA-,Hospital Approved for Empanelment,No,NA,-NA-
880,HOSP36G161193,UPHC-BODUPPAL,TELANGANA,MEDCHAL MALKAJGIRI,,,,NA,NA,Public,PMJAY,-NA-,-NA-,Hospital Approved for Empanelment,No,NA,-NA-
881,HOSP36G161194,UPHC-Punjagutta,TELANGANA,HYDERABAD,,,,NA,NA,Public,PMJAY,-NA-,-NA-,Hospital Approved for Empanelment,No,NA,-NA-
882,HOSP36G161195,UPHC-RAJEEVNAGAR,TELANGANA,MANCHERIAL,,,,NA,NA,Public,PMJAY,-NA-,-NA-,Hospital Approved for Empanelment,No,NA,-NA-
883,HOSP36G161196,"UPHC-RAJEEVNAGAR,KAMAREDDY",TELANGANA,KAMAREDDY,,,,NA,NA,Public,PMJAY,-NA-,-NA-,Hospital Approved for Empanelment,No,NA,-NA-
884,HOSP36G161197,UPHC-RAMAIAHBOWLI,TELANGANA,MAHABUBNAGAR,,,,NA,NA,Public,PMJAY,-NA-,-NA-,Hospital Approved for Empanelment,No,NA,-NA-
885,HOSP36G161198,UPHC-SERILINGAMPALLY,TELANGANA,NALGONDA,,,,NA,NA,Public,PMJAY,-NA-,-NA-,Hospital Approved for Empanelment,No,NA,-NA-
886,HOSP36G161199,PHC-THURKAPALLY,TELANGANA,YADADRI BHUVANAGIRI,,,,NA,NA,Public,PMJAY,-NA-,-NA-,Hospital Approved for Empanelment,No,NA,-NA-
887,HOSP36G161200,UPHC-Sulthan Bazar,TELANGANA,HYDERABAD,,,,NA,NA,Public,PMJAY,-NA-,-NA-,Hospital Approved for Empanelment,No,NA,-NA-
888,HOSP36G161201,UPHC-Taramaidan,TELANGANA,HYDERABAD,,,,NA,NA,Public,PMJAY,-NA-,-NA-,Hospital Approved for Empanelment,No,NA,-NA-
889,HOSP36G161202,UPHC-Teegalkunta,TELANGANA,HYDERABAD,,,,NA,NA,Public,PMJAY,-NA-,-NA-,Hospital Approved for Empanelment,No,NA,-NA-
890,HOSP36G161203,UPHC-Uppuguda,TELANGANA,HYDERABAD,,,,NA,NA,Public,PMJAY,-NA-,-NA-,Hospital Approved for Empanelment,No,NA,-NA-
891,HOSP36G161204,PHC-VALIGONDA,TELANGANA,YADADRI BHUVANAGIRI,,,,NA,NA,Public,PMJAY,-NA-,-NA-,Hospital Approved for Empanelment,No,NA,-NA-
892,HOSP36G161205,UPHC-Panjesha-II,TELANGANA,HYDERABAD,,,,NA,NA,Public,PMJAY,-NA-,-NA-,Hospital Approved for Empanelment,No,NA,-NA-
893,HOSP36G161206,UPHC-Puranapool-I,TELANGANA,HYDERABAD,,,,NA,NA,Public,PMJAY,-NA-,-NA-,Hospital Approved for Empanelment,No,NA,-NA-
894,HOSP36G161207,UPHC-RANGASHAIPET,TELANGANA,WARANGAL URBAN,,,,NA,NA,Public,PMJAY,-NA-,-NA-,Hospital Approved for Empanelment,No,NA,-NA-
895,HOSP36G161209,UPHC-SAPTHAGIRI COLONY,TELANGANA,KARIMNAGAR,,,,NA,NA,Public,PMJAY,-NA-,-NA-,Hospital Approved for Empanelment,No,NA,-NA-
896,HOSP36G161210,UPHC-VENKATESHWARA NAGAR,TELANGANA,KHAMMAM,,,,NA,NA,Public,PMJAY,-NA-,-NA-,Hospital Approved for Empanelment,No,NA,-NA-
897,HOSP36G161211,UPHC-VINAYAKNAGAR,TELANGANA,MEDCHAL MALKAJGIRI,,,,NA,NA,Public,PMJAY,-NA-,-NA-,Hospital Approved for Empanelment,No,NA,-NA-
898,HOSP36G161212,UPHC-Yakutpura-I,TELANGANA,HYDERABAD,,,,NA,NA,Public,PMJAY,-NA-,-NA-,Hospital Approved for Empanelment,No,NA,-NA-
899,HOSP36G161213,UPHC-Yakutpura-II,TELANGANA,HYDERABAD,,,,NA,NA,Public,PMJAY,-NA-,-NA-,Hospital Approved for Empanelment,No,NA,-NA-
900,HOSP36G161214,UPHC-ZAHEERABAD,TELANGANA,SANGAREDDY,,,,NA,NA,Public,PMJAY,-NA-,-NA-,Hospital Approved for Empanelment,No,NA,-NA-
901,HOSP36G161215,PHC-VARKATAPALLY,TELANGANA,YADADRI BHUVANAGIRI,,,,NA,NA,Public,PMJAY,-NA-,-NA-,Hospital Approved for Empanelment,No,NA,-NA-
902,HOSP36G161216,PHC-VEMULAKONDA,TELANGANA,YADADRI BHUVANAGIRI,,,,NA,NA,Public,PMJAY,-NA-,-NA-,Hospital Approved for Empanelment,No,NA,-NA-
903,HOSP36G161217,PHC-YADAGIRIGUTTA,TELANGANA,YADADRI BHUVANAGIRI,,,,NA,NA,Public,PMJAY,-NA-,-NA-,Hospital Approved for Empanelment,No,NA,-NA-
904,HOSP36G161218,PHC-YEDAPALLY,TELANGANA,NIZAMABAD,,,,NA,NA,Public,PMJAY,-NA-,-NA-,Hospital Approved for Empanelment,No,NA,-NA-
905,HOSP36G161220,UPHC-Azampura,TELANGANA,HYDERABAD,,,,NA,NA,Public,PMJAY,-NA-,-NA-,Hospital Approved for Empanelment,No,NA,-NA-
906,HOSP36G161221,UPHC-Esamia Bazar,TELANGANA,HYDERABAD,,,,NA,NA,Public,PMJAY,-NA-,-NA-,Hospital Approved for Empanelment,No,NA,-NA-
907,HOSP36G161222,PHC-MUNAGALA,TELANGANA,SURYAPET,,,,NA,NA,Public,PMJAY,-NA-,-NA-,Hospital Approved for Empanelment,No,NA,-NA-
908,HOSP36G161223,PHC-MUNIPALLY,TELANGANA,SANGAREDDY,,,,NA,NA,Public,PMJAY,-NA-,-NA-,Hospital Approved for Empanelment,No,NA,-NA-
909,HOSP36G161224,PHC-MUNUGODE,TELANGANA,NALGONDA,,,,NA,NA,Public,PMJAY,-NA-,-NA-,Hospital Approved for Empanelment,No,NA,-NA-
910,HOSP36G161225,PHC-NAGASAMUNDER,TELANGANA,VIKARABAD,,,,NA,NA,Public,PMJAY,-NA-,-NA-,Hospital Approved for Empanelment,No,NA,-NA-
911,HOSP36G161226,PHC-Mahamutharam,TELANGANA,JAYASHANKAR BHUPALAPALLY,,,,NA,NA,Public,PMJAY,-NA-,-NA-,Hospital Approved for Empanelment,No,NA,-NA-
912,HOSP36G161227,PHC-Mangapeta,TELANGANA,BHADRADRI KOTHAGUDEM,,,,NA,NA,Public,PMJAY,-NA-,-NA-,Hospital Approved for Empanelment,No,NA,-NA-
913,HOSP36G161228,PHC-Mogullapally,TELANGANA,JAYASHANKAR BHUPALAPALLY,,,,NA,NA,Public,PMJAY,-NA-,-NA-,Hospital Approved for Empanelment,No,NA,-NA-
914,HOSP36G161229,PHC-Mulkanur,TELANGANA,WARANGAL RURAL,,,,NA,NA,Public,PMJAY,-NA-,-NA-,Hospital Approved for Empanelment,No,NA,-NA-
915,HOSP36G161230,PHC-NAGARAM,TELANGANA,SURYAPET,,,,NA,NA,Public,PMJAY,-NA-,-NA-,Hospital Approved for Empanelment,No,NA,-NA-
916,HOSP36G161231,PHC-NAGIREDDYPET,TELANGANA,KAMAREDDY,,,,NA,NA,Public,PMJAY,-NA-,-NA-,Hospital Approved for Empanelment,No,NA,-NA-
917,HOSP36G161232,PHC-NASPUR,TELANGANA,MANCHERIAL,,,,NA,NA,Public,PMJAY,-NA-,-NA-,Hospital Approved for Empanelment,No,NA,-NA-
918,HOSP36G161233,PHC-NALLABELLY,TELANGANA,WARANGAL URBAN,,,,NA,NA,Public,PMJAY,-NA-,-NA-,Hospital Approved for Empanelment,No,NA,-NA-
919,HOSP36G161234,PHC-NAMPALLY,TELANGANA,NALGONDA,,,,NA,NA,Public,PMJAY,-NA-,-NA-,Hospital Approved for Empanelment,No,NA,-NA-
920,HOSP36G161235,PHC-NIZAMPET,TELANGANA,SANGAREDDY,,,,NA,NA,Public,PMJAY,-NA-,-NA-,Hospital Approved for Empanelment,No,NA,-NA-
921,HOSP36G161236,PHC-OBULKESHWAPUR,TELANGANA,JANGOAN,,,,NA,NA,Public,PMJAY,-NA-,-NA-,Hospital Approved for Empanelment,No,NA,-NA-
922,HOSP36G161237,PHC-NARSINGHI,TELANGANA,MEDAK,,,,NA,NA,Public,PMJAY,-NA-,-NA-,Hospital Approved for Empanelment,No,NA,-NA-
923,HOSP36G161238,PHC-NAWABPET,TELANGANA,MAHABUBNAGAR,,,,NA,NA,Public,PMJAY,-NA-,-NA-,Hospital Approved for Empanelment,No,NA,-NA-
924,HOSP36G161239,UPHC-BHONGIR,TELANGANA,YADADRI BHUVANAGIRI,,,,NA,NA,Public,PMJAY,-NA-,-NA-,Hospital Approved for Empanelment,No,NA,-NA-
925,HOSP36G161240,PHC-NAWABPET,TELANGANA,VIKARABAD,,,,NA,NA,Public,PMJAY,-NA-,-NA-,Hospital Approved for Empanelment,No,NA,-NA-
926,HOSP36G161241,PHC-NEREDUCHERLA,TELANGANA,SURYAPET,,,,NA,NA,Public,PMJAY,-NA-,-NA-,Hospital Approved for Empanelment,No,NA,-NA-
927,HOSP36G161242,UPHC-SRINIVASA NAGAR,TELANGANA,KHAMMAM,,,,NA,NA,Public,PMJAY,-NA-,-NA-,Hospital Approved for Empanelment,No,NA,-NA-
928,HOSP36G161243,UPHC-CHERPALLY,TELANGANA,MEDCHAL MALKAJGIRI,,,,NA,NA,Public,PMJAY,-NA-,-NA-,Hospital Approved for Empanelment,No,NA,-NA-
929,HOSP36G161244,PHC-NELAKONDAPALLI,TELANGANA,KHAMMAM,,,,NA,NA,Public,PMJAY,-NA-,-NA-,Hospital Approved for Empanelment,No,NA,-NA-
930,HOSP36G161245,PHC-NELLIKUDURU,TELANGANA,MAHABUBABAD,,,,NA,NA,Public,PMJAY,-NA-,-NA-,Hospital Approved for Empanelment,No,NA,-NA-
931,HOSP36G161246,PHC-NENNAL,TELANGANA,MANCHERIAL,,,,NA,NA,Public,PMJAY,-NA-,-NA-,Hospital Approved for Empanelment,No,NA,-NA-
932,HOSP36G161247,PHC-NERADIGONDA,TELANGANA,ADILABAD,,,,NA,NA,Public,PMJAY,-NA-,-NA-,Hospital Approved for Empanelment,No,NA,-NA-
933,HOSP36G161248,PHC-NOOTHANKAL,TELANGANA,SURYAPET,,,,NA,NA,Public,PMJAY,-NA-,-NA-,Hospital Approved for Empanelment,No,NA,-NA-
934,HOSP36G161249,UPHC-DESHAIPET,TELANGANA,WARANGAL URBAN,,,,NA,NA,Public,PMJAY,-NA-,-NA-,Hospital Approved for Empanelment,No,NA,-NA-
935,HOSP36G161250,UPHC-SRRRTHOTA,TELANGANA,WARANGAL URBAN,,,,NA,NA,Public,PMJAY,-NA-,-NA-,Hospital Approved for Empanelment,No,NA,-NA-
936,HOSP36G161251,UPHC-Harrajpenta,TELANGANA,HYDERABAD,,,,NA,NA,Public,PMJAY,-NA-,-NA-,Hospital Approved for Empanelment,No,NA,-NA-
937,HOSP36G161252,UPHC-SUBHASH NAGAR,TELANGANA,MEDCHAL MALKAJGIRI,,,,NA,NA,Public,PMJAY,-NA-,-NA-,Hospital Approved for Empanelment,No,NA,-NA-
938,HOSP36G161253,UPHC-Sanath Nagar,TELANGANA,HYDERABAD,,,,NA,NA,Public,PMJAY,-NA-,-NA-,Hospital Approved for Empanelment,No,NA,-NA-
939,HOSP36G161254,UPHC-SHAPUR NAGAR,TELANGANA,MEDCHAL MALKAJGIRI,,,,NA,NA,Public,PMJAY,-NA-,-NA-,Hospital Approved for Empanelment,No,NA,-NA-
940,HOSP36G161255,UPHC-GAJULA RAMARAM,TELANGANA,MEDCHAL MALKAJGIRI,,,,NA,NA,Public,PMJAY,-NA-,-NA-,Hospital Approved for Empanelment,No,NA,-NA-
941,HOSP36G161256,PHC-NEKKONDA,TELANGANA,WARANGAL URBAN,,,,NA,NA,Public,PMJAY,-NA-,-NA-,Hospital Approved for Empanelment,No,NA,-NA-
942,HOSP36G161257,PHC-NIZAMSAGAR,TELANGANA,KAMAREDDY,,,,NA,NA,Public,PMJAY,-NA-,-NA-,Hospital Approved for Empanelment,No,NA,-NA-
943,HOSP36G161258,PHC-Narasapuram,TELANGANA,BHADRADRI KOTHAGUDEM,,,,NA,NA,Public,PMJAY,-NA-,-NA-,Hospital Approved for Empanelment,No,NA,-NA-
944,HOSP36G161259,PHC-Narnoor,TELANGANA,ADILABAD,,,,NA,NA,Public,PMJAY,-NA-,-NA-,Hospital Approved for Empanelment,No,NA,-NA-
945,HOSP36G161261,UPHC-Tilak Nagar,TELANGANA,HYDERABAD,,,,NA,NA,Public,PMJAY,-NA-,-NA-,Hospital Approved for Empanelment,No,NA,-NA-
946,HOSP36G161262,UPHC-UPHC HAFEEZPET,TELANGANA,NALGONDA,,,,NA,NA,Public,PMJAY,-NA-,-NA-,Hospital Approved for Empanelment,No,NA,-NA-
947,HOSP36G161263,UPHC-UPHC/RHC NARSINGI,TELANGANA,NALGONDA,,,,NA,NA,Public,PMJAY,-NA-,-NA-,Hospital Approved for Empanelment,No,NA,-NA-
948,HOSP36G161264,UPHC-MAMILLAGUDEM,TELANGANA,KHAMMAM,,,,NA,NA,Public,PMJAY,-NA-,-NA-,Hospital Approved for Empanelment,No,NA,-NA-
949,HOSP36G161266,UPHC-Parvathi Nagar,TELANGANA,HYDERABAD,,,,NA,NA,Public,PMJAY,-NA-,-NA-,Hospital Approved for Empanelment,No,NA,-NA-
950,HOSP36G161267,UPHC-PEERZADIGUDA,TELANGANA,MEDCHAL MALKAJGIRI,,,,NA,NA,Public,PMJAY,-NA-,-NA-,Hospital Approved for Empanelment,No,NA,-NA-
951,HOSP36G161268,UPHC-SAFILGUDA,TELANGANA,MEDCHAL MALKAJGIRI,,,,NA,NA,Public,PMJAY,-NA-,-NA-,Hospital Approved for Empanelment,No,NA,-NA-
952,HOSP36G161269,UPHC-Puranapool-II,TELANGANA,HYDERABAD,,,,NA,NA,Public,PMJAY,-NA-,-NA-,Hospital Approved for Empanelment,No,NA,-NA-
953,HOSP36G161270,UPHC-SURARAM COLONY,TELANGANA,MEDCHAL MALKAJGIRI,,,,NA,NA,Public,PMJAY,-NA-,-NA-,Hospital Approved for Empanelment,No,NA,-NA-
954,HOSP36G161271,UPHC-Sri Ram Nagar,TELANGANA,HYDERABAD,,,,NA,NA,Public,PMJAY,-NA-,-NA-,Hospital Approved for Empanelment,No,NA,-NA-
955,HOSP36G161272,UPHC-VENKATREDDY NAGAR,TELANGANA,MEDCHAL MALKAJGIRI,,,,NA,NA,Public,PMJAY,-NA-,-NA-,Hospital Approved for Empanelment,No,NA,-NA-
956,HOSP36G161273,UPHC-Somidi,TELANGANA,WARANGAL RURAL,,,,NA,NA,Public,PMJAY,-NA-,-NA-,Hospital Approved for Empanelment,No,NA,-NA-
957,HOSP36G161274,UPHC-Syed Nagar,TELANGANA,HYDERABAD,,,,NA,NA,Public,PMJAY,-NA-,-NA-,Hospital Approved for Empanelment,No,NA,-NA-
958,HOSP36G161276,UPHC-Tukaram Gate,TELANGANA,HYDERABAD,,,,NA,NA,Public,PMJAY,-NA-,-NA-,Hospital Approved for Empanelment,No,NA,-NA-
959,HOSP36G161277,UPHC-Umda Bazar,TELANGANA,HYDERABAD,,,,NA,NA,Public,PMJAY,-NA-,-NA-,Hospital Approved for Empanelment,No,NA,-NA-
960,HOSP36G161278,UPHC-VIDYANAGAR,TELANGANA,KARIMNAGAR,,,,NA,NA,Public,PMJAY,-NA-,-NA-,Hospital Approved for Empanelment,No,NA,-NA-
961,HOSP36G161279,UPHC-Vinayak Nagar,TELANGANA,HYDERABAD,,,,NA,NA,Public,PMJAY,-NA-,-NA-,Hospital Approved for Empanelment,No,NA,-NA-
962,HOSP36G161280,UPHC-WANKIDI,TELANGANA,KUMURAM BHEEM ASIFABAD,,,,NA,NA,Public,PMJAY,-NA-,-NA-,Hospital Approved for Empanelment,No,NA,-NA-
963,HOSP36G161281,UPHC-Waddepally,TELANGANA,WARANGAL RURAL,,,,NA,NA,Public,PMJAY,-NA-,-NA-,Hospital Approved for Empanelment,No,NA,-NA-
964,HOSP36G161282,UPHC-YELLAMABANDA,TELANGANA,MEDCHAL MALKAJGIRI,,,,NA,NA,Public,PMJAY,-NA-,-NA-,Hospital Approved for Empanelment,No,NA,-NA-
965,HOSP36G161283,PHC-BEJJANKI,TELANGANA,SIDDIPET,,,,NA,NA,Public,PMJAY,-NA-,-NA-,Hospital Approved for Empanelment,No,NA,-NA-
966,HOSP36G161284,PHC-GI PALLY,TELANGANA,RANGA REDDY,,,,NA,NA,Public,PMJAY,-NA-,-NA-,Hospital Approved for Empanelment,No,NA,-NA-
967,HOSP36G161289,UPHC - Pangally,TELANGANA,NIZAMABAD,,,,NA,NA,Public,PMJAY,-NA-,-NA-,Hospital Approved for Empanelment,No,NA,-NA-
968,HOSP36G161290,PHC-ICHODA,TELANGANA,ADILABAD,,,,NA,NA,Public,PMJAY,-NA-,-NA-,Hospital Approved for Empanelment,No,NA,-NA-
969,HOSP36G161291,PHC-MULUGU,TELANGANA,SIDDIPET,,,,NA,NA,Public,PMJAY,-NA-,-NA-,Hospital Approved for Empanelment,No,NA,-NA-
970,HOSP36G161292,PHC-RAIPOLE,TELANGANA,SIDDIPET,,,,NA,NA,Public,PMJAY,-NA-,-NA-,Hospital Approved for Empanelment,No,NA,-NA-
971,HOSP36G161293,PHC-INDUPRIYAL,TELANGANA,SIDDIPET,,,,NA,NA,Public,PMJAY,-NA-,-NA-,Hospital Approved for Empanelment,No,NA,-NA-
972,HOSP36G161294,PHC-SINGANNAGUDEM,TELANGANA,SIDDIPET,,,,NA,NA,Public,PMJAY,-NA-,-NA-,Hospital Approved for Empanelment,No,NA,-NA-
973,HOSP36G161295,PHC-THIUMALAGIRI,TELANGANA,SURYAPET,,,,NA,NA,Public,PMJAY,-NA-,-NA-,Hospital Approved for Empanelment,No,NA,-NA-
974,HOSP36G161297,PHC-PENCHIKALDINNA,TELANGANA,SURYAPET,,,,NA,NA,Public,PMJAY,-NA-,-NA-,Hospital Approved for Empanelment,No,NA,-NA-
975,HOSP36G161298,UPHC-Malakpet,TELANGANA,HYDERABAD,,,,NA,NA,Public,PMJAY,-NA-,-NA-,Hospital Approved for Empanelment,No,NA,-NA-
976,HOSP36G161299,UPHC-PS NAGAR,TELANGANA,RAJANNA SIRCILLA,,,,NA,NA,Public,PMJAY,-NA-,-NA-,Hospital Approved for Empanelment,No,NA,-NA-
977,HOSP36G161301,CHC - BALANAGAR,TELANGANA,MAHABUBNAGAR,,,,NA,NA,Public,PMJAY,-NA-,-NA-,Hospital Approved for Empanelment,No,NA,-NA-
978,HOSP36G161303,CHC-AMEERPET,TELANGANA,HYDERABAD,,,,NA,NA,Public,PMJAY,-NA-,-NA-,Hospital Approved for Empanelment,No,NA,-NA-
979,HOSP36G161306,PHC - Bazarahatnoor,TELANGANA,ADILABAD,,,,NA,NA,Public,PMJAY,-NA-,-NA-,Hospital Approved for Empanelment,No,NA,-NA-
980,HOSP36G161354,AREA HOSPITAL MULUGU,TELANGANA,Mulugu,,,,NA,NA,Public,PMJAY,-NA-,-NA-,Hospital Approved for Empanelment,No,NA,-NA-
981,HOSP36G161357,CHC  - Venkatapuram,TELANGANA,Mulugu,,,,NA,NA,Public,PMJAY,-NA-,-NA-,Hospital Approved for Empanelment,No,NA,-NA-
982,HOSP36G161358,CHC - Maddur,TELANGANA,Narayanpet,,,,NA,NA,Public,PMJAY,-NA-,-NA-,Hospital Approved for Empanelment,No,NA,-NA-
983,HOSP36G161359,CHC - Makthal,TELANGANA,Narayanpet,,,,NA,NA,Public,PMJAY,-NA-,-NA-,Hospital Approved for Empanelment,No,NA,-NA-
984,HOSP36G161360,CHC- Eturunagaram,TELANGANA,Mulugu,,,,NA,NA,Public,PMJAY,-NA-,-NA-,Hospital Approved for Empanelment,No,NA,-NA-
985,HOSP36G161363,DISTRICT HOSPITAL-NARAYANPET,TELANGANA,Narayanpet,,,,NA,NA,Public,PMJAY,-NA-,-NA-,Hospital Approved for Empanelment,No,NA,-NA-
986,HOSP36G161374,PHC-CHUNCHUPALLI,TELANGANA,JAYASHANKAR BHUPALAPALLY,,,,NA,NA,Public,PMJAY,-NA-,-NA-,Hospital Approved for Empanelment,No,NA,-NA-
987,HOSP36G161375,PHC-Gundumal,TELANGANA,MAHABUBNAGAR,,,,NA,NA,Public,PMJAY,-NA-,-NA-,Hospital Approved for Empanelment,No,NA,-NA-
988,HOSP36G161376,PHC-BRAMANAPALLI,TELANGANA,JAYASHANKAR BHUPALAPALLY,,,,NA,NA,Public,PMJAY,-NA-,-NA-,Hospital Approved for Empanelment,No,NA,-NA-
989,HOSP36G161377,PHC-Damargidda,TELANGANA,MAHABUBNAGAR,,,,NA,NA,Public,PMJAY,-NA-,-NA-,Hospital Approved for Empanelment,No,NA,-NA-
990,HOSP36G161378,PHC-Dhanwada,TELANGANA,MAHABUBNAGAR,,,,NA,NA,Public,PMJAY,-NA-,-NA-,Hospital Approved for Empanelment,No,NA,-NA-
991,HOSP36G161379,PHC-EDIRA,TELANGANA,JAYASHANKAR BHUPALAPALLY,,,,NA,NA,Public,PMJAY,-NA-,-NA-,Hospital Approved for Empanelment,No,NA,-NA-
992,HOSP36G161380,PHC-GOVINDARAOPET,TELANGANA,JAYASHANKAR BHUPALAPALLY,,,,NA,NA,Public,PMJAY,-NA-,-NA-,Hospital Approved for Empanelment,No,NA,-NA-
993,HOSP36G161381,PHC-Karne,TELANGANA,MAHABUBNAGAR,,,,NA,NA,Public,PMJAY,-NA-,-NA-,Hospital Approved for Empanelment,No,NA,-NA-
994,HOSP36G161382,PHC-Maddur,TELANGANA,MAHABUBNAGAR,,,,NA,NA,Public,PMJAY,-NA-,-NA-,Hospital Approved for Empanelment,No,NA,-NA-
995,HOSP36G161383,PHC-Maganoor,TELANGANA,MAHABUBNAGAR,,,,NA,NA,Public,PMJAY,-NA-,-NA-,Hospital Approved for Empanelment,No,NA,-NA-
996,HOSP36G161384,PHC-Marikal,TELANGANA,MAHABUBNAGAR,,,,NA,NA,Public,PMJAY,-NA-,-NA-,Hospital Approved for Empanelment,No,NA,-NA-
997,HOSP36G161385,PHC-KANNAIGUDEM,TELANGANA,JAYASHANKAR BHUPALAPALLY,,,,NA,NA,Public,PMJAY,-NA-,-NA-,Hospital Approved for Empanelment,No,NA,-NA-
998,HOSP36G161386,PHC-KATAPUR,TELANGANA,JAYASHANKAR BHUPALAPALLY,,,,NA,NA,Public,PMJAY,-NA-,-NA-,Hospital Approved for Empanelment,No,NA,-NA-
999,HOSP36G161387,PHC-KODISHALA,TELANGANA,JAYASHANKAR BHUPALAPALLY,,,,NA,NA,Public,PMJAY,-NA-,-NA-,Hospital Approved for Empanelment,No,NA,-NA-
1000,HOSP36G161388,PHC-Kotakonda,TELANGANA,MAHABUBNAGAR,,,,NA,NA,Public,PMJAY,-NA-,-NA-,Hospital Approved for Empanelment,No,NA,-NA-
1001,HOSP36G161389,PHC-Narwa,TELANGANA,MAHABUBNAGAR,,,,NA,NA,Public,PMJAY,-NA-,-NA-,Hospital Approved for Empanelment,No,NA,-NA-
1002,HOSP36G161390,PHC-PASRA,TELANGANA,JAYASHANKAR BHUPALAPALLY,,,,NA,NA,Public,PMJAY,-NA-,-NA-,Hospital Approved for Empanelment,No,NA,-NA-
1003,HOSP36G161391,PHC-PERURU,TELANGANA,JAYASHANKAR BHUPALAPALLY,,,,NA,NA,Public,PMJAY,-NA-,-NA-,Hospital Approved for Empanelment,No,NA,-NA-
1004,HOSP36G161392,PHC-Pulimamidi,TELANGANA,MAHABUBNAGAR,,,,NA,NA,Public,PMJAY,-NA-,-NA-,Hospital Approved for Empanelment,No,NA,-NA-
1005,HOSP36G161393,PHC-RAINIGUDEM,TELANGANA,JAYASHANKAR BHUPALAPALLY,,,,NA,NA,Public,PMJAY,-NA-,-NA-,Hospital Approved for Empanelment,No,NA,-NA-
1006,HOSP36G161394,PHC-TADVAI,TELANGANA,JAYASHANKAR BHUPALAPALLY,,,,NA,NA,Public,PMJAY,-NA-,-NA-,Hospital Approved for Empanelment,No,NA,-NA-
1007,HOSP36G161395,PHC-Utkoor,TELANGANA,MAHABUBNAGAR,,,,NA,NA,Public,PMJAY,-NA-,-NA-,Hospital Approved for Empanelment,No,NA,-NA-
1008,HOSP36G161396,PHC-VENKATAPUR,TELANGANA,JAYASHANKAR BHUPALAPALLY,,,,NA,NA,Public,PMJAY,-NA-,-NA-,Hospital Approved for Empanelment,No,NA,-NA-
1009,HOSP36G162118,PHC-MANGAPETA,TELANGANA,JAYASHANKAR BHUPALAPALLY,,,,NA,NA,Public,PMJAY,-NA-,-NA-,Hospital Approved for Empanelment,No,NA,-NA-
1010,HOSP36G162119,PHC-ROYYURU,TELANGANA,JAYASHANKAR BHUPALAPALLY,,,,NA,NA,Public,PMJAY,-NA-,-NA-,Hospital Approved for Empanelment,No,NA,-NA-
1011,HOSP36G162121,PHC-WAZEEDU,TELANGANA,JAYASHANKAR BHUPALAPALLY,,,,NA,NA,Public,PMJAY,-NA-,-NA-,Hospital Approved for Empanelment,No,NA,-NA-
1012,HOSP36G183735,ALL INDIA INSTITUTE OF MEDICAL SCIENCES,TELANGANA,YADADRI BHUVANAGIRI,,,,NA,NA,Public,PMJAY,-NA-,-NA-,Hospital Approved for Empanelment,No,NA,-NA-
1013,HOSP36G183738,COMMUNITY HEALTH CENTRE KOSGI,TELANGANA,Narayanpet,,,,NA,NA,Public,PMJAY,-NA-,-NA-,Hospital Approved for Empanelment,No,NA,-NA-
1014,HOSP36G205615,Cantonment General Hospital-Bollaram,TELANGANA,MEDCHAL MALKAJGIRI,,,,NA,NA,Public,PMJAY,-NA-,-NA-,Hospital Approved for Empanelment,No,NA,-NA-
1015,HOSP36G212228,Area Hospital - Alampur,TELANGANA,JOGULAMBA GADWAL,,,,NA,NA,Public,PMJAY,-NA-,-NA-,Hospital Approved for Empanelment,No,NA,-NA-
1016,HOSP36G212458,Eye Care Hyderabad,TELANGANA,HYDERABAD,,,,NA,NA,Public,PMJAY,-NA-,-NA-,Hospital Approved for Empanelment,No,NA,-NA-
1017,HOSP36G212572,ESIC MEDICAL COLLEGE AND HOSPITAL,TELANGANA,HYDERABAD,,,,NA,NA,Public,PMJAY,-NA-,-NA-,Hospital Approved for Empanelment,No,NA,-NA-
1018,HOSP36P125945,AAYUSH NRI LEPL HEALTHCARE PVT LTD,TELANGANA,HYDERABAD,,,,9494056597,",CP,MC,MG,OC,SB,SG,SN,SO,SU,SV,",Private(For Profit),Only CGHS,-NA-,-NA-,Hospital Approved for Empanelment,No,NA,"CP, MC, MG, OC, SB, SG, SN, SO, SU, SV"
1019,HOSP36P125950,DR AGARWAL S EYE HOSPITAL - PANJAGUTTA,TELANGANA,HYDERABAD,,,,7702355562,"S3,",,Only CGHS,-NA-,-NA-,Hospital Approved for Empanelment,Yes,NA,S3
1020,HOSP36P125951,DR AGARWALS EYE HOSPITAL- NELLORE,TELANGANA,HYDERABAD,,,,9573518435,"SE,",Private(For Profit),Only CGHS,-NA-,-NA-,Hospital Approved for Empanelment,Yes,NA,SE
1021,HOSP36P125953,DR. AGARWALS EYE HOSPITAL- GUNTUR,TELANGANA,HYDERABAD,,,,7019884511,"SE,",,Only CGHS,-NA-,-NA-,Hospital Approved for Empanelment,Yes,NA,SE
1022,HOSP36P125955,HARNI DENTAL/HARNI HEALTH CARE,TELANGANA,HYDERABAD,,,,7207411122,"S16,",,Only CGHS,-NA-,-NA-,Hospital Approved for Empanelment,Yes,NA,S16
1023,HOSP36P125959,BASAVATARAKAM INDO AMERICAN CANCER HOSPITAL & RESEARCH INSTITUTE,TELANGANA,HYDERABAD,,,,7731948885,"M5,M6,S15,",Private(Not For Profit),Only CGHS,-NA-,-NA-,Hospital Approved for Empanelment,Yes,NA,"M5, M6, S15"
1024,HOSP36P125965,NETHRA EYE INSTITUTE (A UNIT OF SOWRYA HOSPITALS),TELANGANA,HYDERABAD,,,,9989570052,"SE,",,Only CGHS,-NA-,-NA-,Hospital Approved for Empanelment,Yes,NA,SE
1025,HOSP36P125968,PACE HOSPITAL,TELANGANA,HYDERABAD,,,,8919550187,",BM,CP,MG,MO,OC,SB,SG,SL,SM,SN,SO,SP,SU,",Private(For Profit),Only CGHS,-NA-,-NA-,Hospital Approved for Empanelment,No,NA,"BM, CP, MG, MO, OC, SB, SG, SL, SM, SN, SO, SP, SU"
1026,HOSP36P125975,SRIKARA HOSPITAL,TELANGANA,HYDERABAD,,,,8886755004,"M1,M1,M2,S8,M1,M7,M1,S7,M5,S1,S10,S11,S12,S13,S15,S2,S4,S5,S6,S8,S9,",Private(For Profit),Only CGHS,-NA-,-NA-,Hospital Approved for Empanelment,No,NA,"M1, M2, S8, M7, S7, M5, S1, S10, S11, S12, S13, S15, S2, S4, S5, S6, S9"
1027,HOSP36P126200,ANAND EYE INSTITUTE PVT LTD,TELANGANA,HYDERABAD,,,,9989658625,"S3,",Private(For Profit),Only CGHS,-NA-,-NA-,Hospital Approved for Empanelment,No,NA,S3
1028,HOSP36P126202,DR ANUS DENTAL CARE,TELANGANA,HYDERABAD,,,,7569999199,"S16,",,Only CGHS,-NA-,-NA-,Hospital Approved for Empanelment,Yes,NA,S16
1029,HOSP36P126204,HIMAGIRI HOSPITALS PVT LTD,TELANGANA,HYDERABAD,,,,8179854240,"M1,M1,M7,M1,S7,S1,S10,S11,S2,S4,S5,S6,S7,S8,S9,",Private(For Profit),Only CGHS,-NA-,-NA-,Hospital Approved for Empanelment,Yes,NA,"M1, M7, S7, S1, S10, S11, S2, S4, S5, S6, S8, S9"
1030,HOSP36P126207,SRI MAHALAXMI MAXIVISION EYE HOSPITAL PVT LTD,TELANGANA,RANGA REDDY,,,,9133444039,"S3,",,Only CGHS,-NA-,-NA-,Hospital Approved for Empanelment,No,"SE,","S3, SE"
1031,HOSP36P126344,INDUS HOSPITALS (UNIT OF VASUGAN MEDICALS SPECIALI,TELANGANA,HYDERABAD,,,,9848019164,"M1,M1,M2,S8,M1,M7,M1,S7,M2,M3,M4,M5,S12,S13,S15,S5,",Private(For Profit),Only CGHS,-NA-,-NA-,Hospital Approved for Empanelment,Yes,NA,"M1, M2, S8, M7, S7, M3, M4, M5, S12, S13, S15, S5"
1032,HOSP36P126346,SAI JYOTHI EYE INSTITUTE-MARREDPALLY,TELANGANA,HYDERABAD,,,,9885535111,"S3,",,Only CGHS,-NA-,-NA-,Hospital Approved for Empanelment,Yes,NA,S3
1033,HOSP36P126347,SAI SANJEEVINI HOSPITALS,TELANGANA,RANGA REDDY,,,,9248045089,"M1,M1,M2,S8,M1,M7,M1,S7,M5,S1,S10,S11,S2,S5,S6,S7,S8,S9,",Private(For Profit),Only CGHS,-NA-,-NA-,Hospital Approved for Empanelment,Yes,NA,"M1, M2, S8, M7, S7, M5, S1, S10, S11, S2, S5, S6, S9"
1034,HOSP36P126348,SECUNDERABAD DIAGNOSTIC & RESEARCH CENTRE,TELANGANA,HYDERABAD,,,,9866667912,NA,,Only CGHS,-NA-,-NA-,Hospital Approved for Empanelment,No,NA,-NA-
1035,HOSP36P126349,TESLA DIAGNOSTICS,TELANGANA,HYDERABAD,,,,8919896946,NA,,Only CGHS,-NA-,-NA-,Hospital Approved for Empanelment,Yes,NA,-NA-
1036,HOSP36P126350,VIJAYA DIAGNOSTICS CENTRE PVT LTD,TELANGANA,HYDERABAD,,,,8008102271,NA,,Only CGHS,-NA-,-NA-,Hospital Approved for Empanelment,Yes,NA,-NA-
1037,HOSP36P126498,KIMS HOSPITAL ENTERPRISES PVT LTD,TELANGANA,HYDERABAD,,,,9700063640,"M1,M1,M2,S8,M1,M7,M1,S7,M2,M3,S1,S12,S13,S14,S2,S3,S4,S5,S7,S8,S9,",Private(For Profit),Only CGHS,-NA-,-NA-,Hospital Approved for Empanelment,No,NA,"M1, M2, S8, M7, S7, M3, S1, S12, S13, S14, S2, S3, S4, S5, S9"
1038,HOSP36P126503,SOLIS EYE CARE HOSPITALS PVT LTD,TELANGANA,HYDERABAD,,,,9515999402,"S3,",,Only CGHS,-NA-,-NA-,Hospital Approved for Empanelment,No,NA,S3
1039,HOSP36P126506,SRI SHANKARA NETHRALAYA,TELANGANA,HYDERABAD,,,,7673934444,"SE,",Private(For Profit),Only CGHS,-NA-,-NA-,Hospital Approved for Empanelment,No,NA,SE
1040,HOSP36P126508,NEO VISION EYE CARE AND LASER CENTRE PVT LTD,TELANGANA,HYDERABAD,,,,9381846266,"S3,",,Only CGHS,-NA-,-NA-,Hospital Approved for Empanelment,No,NA,S3
1041,HOSP36P126691,MEDIVISTA EYE CARE CENTRE(UNIT OF SUDHA HOSPITAL),TELANGANA,HYDERABAD,,,,9121432012,"S3,",,Only CGHS,-NA-,-NA-,Hospital Approved for Empanelment,Yes,"SE,","S3, SE"
1042,HOSP36P126693,USHA MULLAPUDI CARDIAC CENTRE,TELANGANA,HYDERABAD,,,,9963027831,"S12,S13,",Private(For Profit),Only CGHS,-NA-,-NA-,Hospital Approved for Empanelment,Yes,NA,"S12, S13"
1043,HOSP36P126694,VINN HOSPITAL (UNIT OF VINN HEALTH CARE PVT. LTD),TELANGANA,HYDERABAD,,,,9100099382,"M1,M1,M2,S8,M1,M7,M1,S7,S1,S12,S13,S14,S2,S4,S5,S7,S8,S9,",Private(Not For Profit),Only CGHS,-NA-,-NA-,Hospital Approved for Empanelment,No,NA,"M1, M2, S8, M7, S7, S1, S12, S13, S14, S2, S4, S5, S9"
1044,HOSP36P126850,OMEGA HOSPITALS,TELANGANA,HYDERABAD,,,,9160900049,"M1,M2,S8,M5,M6,S15,S5,S8,S9,",Private(For Profit),Only CGHS,-NA-,-NA-,Hospital Approved for Empanelment,Yes,NA,"M1, M2, S8, M5, M6, S15, S5, S9"
1045,HOSP36P126852,SATHYA DIAGNOSTIC CENTRE,TELANGANA,HYDERABAD,,,,7306941009,NA,,Only CGHS,-NA-,-NA-,Hospital Approved for Empanelment,No,NA,-NA-
1046,HOSP36P127046,PUSHPAGIRI EYE INSTITUTE,TELANGANA,HYDERABAD,,,,8688820131,"S3,",,Only CGHS,-NA-,-NA-,Hospital Approved for Empanelment,No,NA,S3
1047,HOSP36P127048,MEDIVISION EYE AND HEALTHCARE CENTRE PVT LTD,TELANGANA,HYDERABAD,,,,9000180036,"SE,",,Only CGHS,-NA-,-NA-,Hospital Approved for Empanelment,Yes,NA,SE
1048,HOSP36P127049,ARAVIND EYE HOSPITAL PRIVATE LIMITED,TELANGANA,HYDERABAD,,,,9390069495,"SE,",Private(For Profit),Only CGHS,-NA-,-NA-,Hospital Approved for Empanelment,Yes,NA,SE
1049,HOSP36P127672,CENTRE FOR SIGHT HYDERABAD A UNIT OF NEW DELHI CENTRE FOR SIGHT LTD.,TELANGANA,HYDERABAD,,,,9810423972,"S3,",Private(For Profit),Only CGHS,-NA-,-NA-,Hospital Approved for Empanelment,Yes,NA,S3
1050,HOSP36P127673,CENTRE FOR SIGHT KUKATPALLY A UNIT OF NEW DELHI CENTRE FOR SIGHT LTD.,TELANGANA,HYDERABAD,,,,9810423972,"S3,",Private(For Profit),Only CGHS,-NA-,-NA-,Hospital Approved for Empanelment,Yes,NA,S3
1051,HOSP36P127688,NEORETINA EYECARE INSTITUTE,TELANGANA,HYDERABAD,,,,9810423972,"S3,",Private(For Profit),Only CGHS,-NA-,-NA-,Hospital Approved for Empanelment,Yes,NA,S3
1052,HOSP36P127866,KRISHNA INSTITUTE OF MEDICAL SCIENCES LTD,TELANGANA,HYDERABAD,,,,9866079847,"M1,M2,S8,M1,M7,M1,S7,M2,M3,M5,M6,S1,S12,S13,S14,S15,S2,S3,S4,S5,S6,S7,S8,S9,",Private(For Profit),Only CGHS,-NA-,-NA-,Hospital Approved for Empanelment,No,NA,"M1, M2, S8, M7, S7, M3, M5, M6, S1, S12, S13, S14, S15, S2, S3, S4, S5, S6, S9"
1053,HOSP36P127902,MAXIVISION EYE HOSPITALS PRIVATE LIMITED,TELANGANA,HYDERABAD,,,,9390035948,"S3,",Private(For Profit),Only CGHS,-NA-,-NA-,Hospital Approved for Empanelment,No,NA,S3
1054,HOSP36P127923,CARE HOSPITALS HITECH CITY,TELANGANA,HYDERABAD,,,,8790977022,"M1,M2,S8,M1,M7,M1,S7,M5,M6,S12,S13,S15,S2,S5,",Private(For Profit),Only CGHS,-NA-,-NA-,Hospital Approved for Empanelment,No,NA,"M1, M2, S8, M7, S7, M5, M6, S12, S13, S15, S2, S5"
1055,HOSP36P127924,GURUNANK CARE HOSPITAL MUSHEERABAD,TELANGANA,HYDERABAD,,,,9154710023,"M1,M1,M2,S8,M1,M7,M1,S7,S1,S12,S13,S2,S4,S5,S7,S8,S9,",Private(For Profit),Only CGHS,-NA-,-NA-,Hospital Approved for Empanelment,Yes,NA,"M1, M2, S8, M7, S7, S1, S12, S13, S2, S4, S5, S9"
1056,HOSP36P127946,Continental Hospitals Private Limited ,TELANGANA,HYDERABAD,,,,8498094457,"M1,M1,M2,S8,M1,M7,M1,S7,M2,M4,M5,M6,S1,S12,S13,S15,S5,S6,S7,S8,S9,",Private(For Profit),Only CGHS,-NA-,-NA-,Hospital Approved for Empanelment,No,NA,"M1, M2, S8, M7, S7, M4, M5, M6, S1, S12, S13, S15, S5, S6, S9"
1057,HOSP36P127952,KAMINENI HOSPIALS PVT LTD,TELANGANA,RANGA REDDY,,,,9490294942,"M1,M1,M2,S8,M1,M7,M1,S7,M2,M3,M4,M5,M6,S1,S10,S11,S12,S13,S14,S15,S16,S2,S3,S4,S5,S6,S7,S8,S9,",Private(Not For Profit),Only CGHS,-NA-,-NA-,Hospital Approved for Empanelment,Yes,NA,"M1, M2, S8, M7, S7, M3, M4, M5, M6, S1, S10, S11, S12, S13, S14, S15, S16, S2, S3, S4, S5, S6, S9"
1058,HOSP36P127956,ADITYA HOSPITAL,TELANGANA,HYDERABAD,,,,9390996345,"M1,M1,M2,S8,M1,M7,M1,S7,M2,M3,",Private(For Profit),Only CGHS,-NA-,-NA-,Hospital Approved for Empanelment,Yes,",CP,MG,MN,MP,OC,SU,","M1, M2, S8, M7, S7, M3, CP, MG, MN, MP, OC, SU"
1059,HOSP36P128133,CITIZENS SPECIALTY HOSPITAL,TELANGANA,HYDERABAD,,,,9154242194,"M1,M1,M2,S8,M1,M7,M1,S7,M2,S1,S12,S13,S2,S4,S5,S7,S8,S9,",Private(For Profit),Only CGHS,-NA-,-NA-,Hospital Approved for Empanelment,Yes,"M5,M6,S15,","M1, M2, S8, M7, S7, S1, S12, S13, S2, S4, S5, S9, M5, M6, S15"
1060,HOSP36P128258,SREE NETRALAYA EYE HOSPITAL AND LASER CENTRE PVT LTD,TELANGANA,RANGA REDDY,,,,9441957557,"S3,",Private(For Profit),Only CGHS,-NA-,-NA-,Hospital Approved for Empanelment,Yes,NA,S3
1061,HOSP36P128288,CARE Hospitals Nampally,TELANGANA,HYDERABAD,,,,8008020987,"M1,M1,M2,S8,M1,M7,M1,S7,M5,S1,S12,S13,S15,S2,S4,S5,S6,S7,S8,S9,",Private(For Profit),Only CGHS,-NA-,-NA-,Hospital Approved for Empanelment,No,NA,"M1, M2, S8, M7, S7, M5, S1, S12, S13, S15, S2, S4, S5, S6, S9"
1062,HOSP36P128304,THE DECCAN HOSPITAL,TELANGANA,HYDERABAD,,,,8688316669,"M1,M1,M2,S8,M1,M7,M1,S7,S1,S10,S11,S2,S5,S6,S7,S8,S9,",Private(For Profit),Only CGHS,-NA-,-NA-,Hospital Approved for Empanelment,No,NA,"M1, M2, S8, M7, S7, S1, S10, S11, S2, S5, S6, S9"
1063,HOSP36P128891,MALLAREDDY NARAYANA MULTISPECIALITY HOSPITAL,TELANGANA,MEDCHAL MALKAJGIRI,,,,8886641480,"M1,M1,M2,S8,M1,M7,M1,S7,M2,M3,M4,M5,M6,S1,S10,S11,S12,S13,S14,S15,S16,S2,S3,S4,S5,S6,S7,S8,S9,",Private(For Profit),Only CGHS,-NA-,-NA-,Hospital Approved for Empanelment,Yes,NA,"M1, M2, S8, M7, S7, M3, M4, M5, M6, S1, S10, S11, S12, S13, S14, S15, S16, S2, S3, S4, S5, S6, S9"
1064,HOSP36P128930,Srikara Hospitals Miyapur,TELANGANA,HYDERABAD,,,,7989147870,"M1,M1,M2,S8,M1,M7,M1,S7,M5,S1,S10,S11,S12,S13,S16,S2,S4,S5,S6,S8,S9,",Private(For Profit),Only CGHS,-NA-,-NA-,Hospital Approved for Empanelment,No,NA,"M1, M2, S8, M7, S7, M5, S1, S10, S11, S12, S13, S16, S2, S4, S5, S6, S9"
1065,HOSP36P129211,Care Hospital Banjara Hills,TELANGANA,HYDERABAD,,,,8008277508,"M1,M1,M2,S8,M1,M7,M1,S7,M2,M3,M4,M5,S1,S10,S11,S12,S13,S14,S15,S16,S2,S3,S4,S5,S6,S7,S8,S9,",Private(For Profit),Only CGHS,-NA-,-NA-,Hospital Approved for Empanelment,No,NA,"M1, M2, S8, M7, S7, M3, M4, M5, S1, S10, S11, S12, S13, S14, S15, S16, S2, S3, S4, S5, S6, S9"
1066,HOSP36P129356,kims sunshine hospitals,TELANGANA,HYDERABAD,,,,8008723535,"M1,M1,M2,S8,M1,M7,M1,S7,S1,S12,S13,S2,S5,S6,S7,S8,S9,",Private(For Profit),Only CGHS,-NA-,-NA-,Hospital Approved for Empanelment,No,",CP,MC,MG,MO,OC,SB,SG,SN,SP,SU,SV,","M1, M2, S8, M7, S7, S1, S12, S13, S2, S5, S6, S9, CP, MC, MG, MO, OC, SB, SG, SN, SP, SU, SV"
1067,HOSP36P129373,Renova Neelima Hospital,TELANGANA,HYDERABAD,,,,9000230724,"M1,M1,M2,S8,M1,M7,M1,S7,M2,S1,S4,S5,S8,S9,",Private(For Profit),Only CGHS,-NA-,-NA-,Hospital Approved for Empanelment,Yes,NA,"M1, M2, S8, M7, S7, S1, S4, S5, S9"
1068,HOSP36P129442,Aster Prime Hospital A Unit of Sri Sainatha Multispeciality Hospitals Private Limited ,TELANGANA,HYDERABAD,,,,9666602871,",BM,CP,MC,MG,OC,SB,SE,SG,SL,SN,SO,SP,SU,SV,",Private(For Profit),Only CGHS,-NA-,-NA-,Hospital Approved for Empanelment,Yes,NA,"BM, CP, MC, MG, OC, SB, SE, SG, SL, SN, SO, SP, SU, SV"
1069,HOSP36P129461,VIRINCHI HOSPITALS (A UNIT OF VIRINCHI HEALTH CARE PRIVATE LIMITED),TELANGANA,HYDERABAD,,,,9063542247,"M1,M1,M7,M1,S7,M2,M5,S1,S10,S11,S12,S13,S15,S16,S2,S3,S4,S5,S6,S8,S9,",Private(For Profit),Only CGHS,-NA-,-NA-,Hospital Approved for Empanelment,No,NA,"M1, M7, S7, M2, M5, S1, S10, S11, S12, S13, S15, S16, S2, S3, S4, S5, S6, S8, S9"
1070,HOSP36P129770,SATHYA KIDNEY CENTRE & SUPER SPECIALITY HOSPITALS,TELANGANA,HYDERABAD,,,,9398290661,"M1,M7,M1,S7,S1,S2,S5,S7,",Private(For Profit),Only CGHS,-NA-,-NA-,Hospital Approved for Empanelment,No,NA,"M1, M7, S7, S1, S2, S5"
1071,HOSP36P129791,Padmaja hospital,TELANGANA,HYDERABAD,,,,7288803555,"M1,M2,S8,M1,M7,M2,S1,S4,S5,S6,S8,S9,",Private(For Profit),Only CGHS,-NA-,-NA-,Hospital Approved for Empanelment,Yes,NA,"M1, M2, S8, M7, S1, S4, S5, S6, S9"
1072,HOSP36P129872,Sai Vani Superspecialty Hospital ,TELANGANA,HYDERABAD,,,,8801260817,"M1,M7,S1,",Private(For Profit),Only CGHS,-NA-,-NA-,Hospital Approved for Empanelment,No,NA,"M1, M7, S1"
1073,HOSP36P129884,WIN VISION EYE HOSPITAL,TELANGANA,HYDERABAD,,,,9912018333,"SE,",Private(For Profit),Only CGHS,-NA-,-NA-,Hospital Approved for Empanelment,Yes,NA,SE
1074,HOSP36P129890,GEMCARE PULOMI HOSPITALS (A UNIT OF GEMCARE HOSPITALS PVT LTD),TELANGANA,HYDERABAD,,,,7780405050,"M1,M1,M2,S8,M1,M7,M1,S7,M2,S1,S10,S11,S12,S13,S2,S4,S5,S6,S7,S8,S9,",Private(For Profit),Only CGHS,-NA-,-NA-,Hospital Approved for Empanelment,Yes,NA,"M1, M2, S8, M7, S7, S1, S10, S11, S12, S13, S2, S4, S5, S6, S9"
1075,HOSP36P129892,SMART VISION EYE SPECIALITIES PRIVATE LIMITED,TELANGANA,HYDERABAD,,,,7013976640,"S3,",Private(For Profit),Only CGHS,-NA-,-NA-,Hospital Approved for Empanelment,Yes,NA,S3
1076,HOSP36P129913,MEDICOVER HOSPITALS PRIVATE LIMITED A UNIT OF SAHRUDAYA HEALTH CARE PRIVATE LIMITED,TELANGANA,HYDERABAD,,,,8885594988,"M1,M1,M2,S8,M1,M7,M1,S7,M5,S1,S10,S11,S12,S13,S14,S15,S2,S4,S5,S6,S7,S8,S9,",Private(For Profit),Only CGHS,-NA-,-NA-,Hospital Approved for Empanelment,Yes,NA,"M1, M2, S8, M7, S7, M5, S1, S10, S11, S12, S13, S14, S15, S2, S4, S5, S6, S9"
1077,HOSP36P130039,REMEDY HOSPITALS A UNIT OF ALBHA HEALTH CARE PVT LTD,TELANGANA,HYDERABAD,,,,9966430302,"M1,M1,M2,S8,M1,M7,M1,S7,S1,S10,S11,S2,S4,S5,S6,S7,S8,S9,",Private(For Profit),Only CGHS,-NA-,-NA-,Hospital Approved for Empanelment,Yes,NA,"M1, M2, S8, M7, S7, S1, S10, S11, S2, S4, S5, S6, S9"
1078,HOSP36P130052,OZONE HOSPITALS,TELANGANA,RANGA REDDY,,,,9989247108,",CP,MC,MG,OC,SB,SG,SN,SO,SU,",Private(For Profit),Only CGHS,-NA-,-NA-,Hospital Approved for Empanelment,Yes,NA,"CP, MC, MG, OC, SB, SG, SN, SO, SU"
1079,HOSP36P130191,Swarup Eye Centre,TELANGANA,HYDERABAD,,,,9160899939,"S3,",Private(For Profit),Only CGHS,-NA-,-NA-,Hospital Approved for Empanelment,No,NA,S3
1080,HOSP36P130199,Swarup Eye Centre,TELANGANA,HYDERABAD,,,,9160899939,"SE,",Private(For Profit),Only CGHS,-NA-,-NA-,Hospital Approved for Empanelment,No,NA,SE
1081,HOSP36P130240,PRAGNA HOSPITAL,TELANGANA,HYDERABAD,,,,9848023967,"MN,MP,",Private(For Profit),Only CGHS,-NA-,-NA-,Hospital Approved for Empanelment,No,NA,"MN, MP"
1082,HOSP36P130242,OMNI HOSPITALS,TELANGANA,RANGA REDDY,,,,9491090024,"M1,M1,M2,S8,M1,M7,M1,S7,S1,S12,S13,S14,S2,S4,S5,S8,S9,",Private(For Profit),Only CGHS,-NA-,-NA-,Hospital Approved for Empanelment,Yes,",CP,MC,MG,OC,SO,SU,","M1, M2, S8, M7, S7, S1, S12, S13, S14, S2, S4, S5, S9, CP, MC, MG, OC, SO, SU"
1083,HOSP36P130294,AMERICAN ONCOLOGY INSTITUTE,TELANGANA,HYDERABAD,,,,9908437380,"M4,M5,M6,S15,",Private(For Profit),Only CGHS,-NA-,-NA-,Hospital Approved for Empanelment,Yes,NA,"M4, M5, M6, S15"
1084,HOSP36P130704,KAMINENI HEALTH SERVICES PVT LTD,TELANGANA,HYDERABAD,,,,9491060632,",BM,CP,MC,MG,MN,MO,MP,MR,OC,SB,SE,SG,SL,SM,SN,SO,SP,SS,SU,SV,",Private(Not For Profit),Only CGHS,-NA-,-NA-,Hospital Approved for Empanelment,Yes,NA,"BM, CP, MC, MG, MN, MO, MP, MR, OC, SB, SE, SG, SL, SM, SN, SO, SP, SS, SU, SV"
1085,HOSP36P131964,BRISTLECONE HOSPITALS a unit of Virinchi Health Care Pvt Ltd,TELANGANA,RANGA REDDY,,,,9100957701,",CP,MC,MG,OC,SB,SG,SN,SO,SU,SV,",Private(For Profit),Only CGHS,-NA-,-NA-,Hospital Approved for Empanelment,No,NA,"CP, MC, MG, OC, SB, SG, SN, SO, SU, SV"
1086,HOSP36P132569,HIGH SIGHT SUPER SPECILAITY EYE HOSPITAL ,TELANGANA,HYDERABAD,,,,8790063668,"SE,",Private(For Profit),Only CGHS,-NA-,-NA-,Hospital Approved for Empanelment,Yes,NA,SE
1087,HOSP36P133264,Quality Care India Ltd Care Hospitals- Nampally,TELANGANA,HYDERABAD,,,,9849996576,"S12,S13,S5,S6,S7,S8,S9,",Private(For Profit),PMJAY,-NA-,-NA-,Hospital Approved for Empanelment,No,NA,"S12, S13, S5, S6, S7, S8, S9"
1088,HOSP36P133265,Share Medical Care Mediciti Institute Of Medical Sciences- Medchal,TELANGANA,MEDCHAL MALKAJGIRI,,,,9848011220,"M1,M1,M2,S8,M1,M7,M2,S1,S10,S11,S12,S13,S14,S2,S3,S4,S5,S6,S7,S8,S9,",Private(For Profit),PMJAY,-NA-,-NA-,Hospital Approved for Empanelment,No,NA,"M1, M2, S8, M7, S1, S10, S11, S12, S13, S14, S2, S3, S4, S5, S6, S7, S9"
1089,HOSP36P133266,"BASAVATARAKAM INDO AMERICAN CANCER HOSPITAL and RESEARCH INSTITUTE, Hyderabad",TELANGANA,HYDERABAD,,,,9848011421,"M4,M5,M6,S15,S7,S8,S9,",Private(For Profit),PMJAY,-NA-,-NA-,Hospital Approved for Empanelment,No,NA,"M4, M5, M6, S15, S7, S8, S9"
1090,HOSP36P133267,St.Anns Hospital,TELANGANA,WARANGAL URBAN,,,,9441166671,"M5,M6,S15,",Private(For Profit),PMJAY,-NA-,-NA-,Hospital Approved for Empanelment,No,NA,"M5, M6, S15"
1091,HOSP36P133268,Yashoda Hospitals,TELANGANA,HYDERABAD,,,,9866192695,"M5,M6,S13,S15,",Private(For Profit),PMJAY,-NA-,-NA-,Hospital Approved for Empanelment,No,NA,"M5, M6, S13, S15"
1092,HOSP36P133269,Yashoda Hospital Malakpet,TELANGANA,HYDERABAD,,,,9849522448,"M5,M6,S10,S11,S12,S13,S15,",Private(For Profit),PMJAY,-NA-,-NA-,Hospital Approved for Empanelment,No,NA,"M5, M6, S10, S11, S12, S13, S15"
1093,HOSP36P133270,Apollo Hospitals Enterprises Ltd Jubilee Hills,TELANGANA,HYDERABAD,,,,9849637920,"M4,M5,M6,S12,S13,S15,",Private(For Profit),PMJAY,-NA-,-NA-,Hospital Approved for Empanelment,No,NA,"M4, M5, M6, S12, S13, S15"
1094,HOSP36P133271,Prime Hospitals,TELANGANA,HYDERABAD,,,,9949499949,"M1,M7,M1,S7,S1,S12,S13,S2,S5,S6,S7,S8,S9,",Private(For Profit),PMJAY,-NA-,-NA-,Hospital Approved for Empanelment,No,NA,"M1, M7, S7, S1, S12, S13, S2, S5, S6, S8, S9"
1095,HOSP36P133273,Prathima Hospitals (A unit of Mamatha Medicare Pvt. Ltd.),TELANGANA,MEDCHAL MALKAJGIRI,,,,9866574488,"M1,M1,M2,S8,M1,M7,M1,S7,M2,S1,S12,S14,S2,S4,S5,S6,S7,S8,S9,",Private(For Profit),PMJAY,-NA-,-NA-,Hospital Approved for Empanelment,No,NA,"M1, M2, S8, M7, S7, S1, S12, S14, S2, S4, S5, S6, S9"
1096,HOSP36P133275,Apollo Hospitals Enterprise Ltd Drdo,TELANGANA,RANGA REDDY,,,,9866124708,"M1,M7,S1,S10,S11,S13,S2,S5,S6,S7,S8,S9,",Private(For Profit),PMJAY,-NA-,-NA-,Hospital Approved for Empanelment,No,NA,"M1, M7, S1, S10, S11, S13, S2, S5, S6, S7, S8, S9"
1097,HOSP36P133276,Rohini Medicare Pvt. Ltd.,TELANGANA,WARANGAL URBAN,,,,9849058659,"M1,M7,M2,S1,S10,S11,S12,S13,S14,S2,S4,S5,S6,S7,S8,S9,",Private(For Profit),PMJAY,-NA-,-NA-,Hospital Approved for Empanelment,No,NA,"M1, M7, M2, S1, S10, S11, S12, S13, S14, S2, S4, S5, S6, S7, S8, S9"
1098,HOSP36P133277,Sreshta Sri Kamala Hospitals-Rangareddy,TELANGANA,RANGA REDDY,,,,9912495999,"M1,M7,S1,S2,S6,S7,S8,S9,",Private(For Profit),PMJAY,-NA-,-NA-,Hospital Approved for Empanelment,No,NA,"M1, M7, S1, S2, S6, S7, S8, S9"
1099,HOSP36P133278,Mahavir Hospital And Research Centre,TELANGANA,HYDERABAD,,,,8179706360,"M1,M1,M7,M1,S7,S12,S13,S2,S4,S5,S6,S7,",Private(For Profit),PMJAY,-NA-,-NA-,Hospital Approved for Empanelment,No,NA,"M1, M7, S7, S12, S13, S2, S4, S5, S6"
1100,HOSP36P133279,Amrutha  Nursing Home,TELANGANA,KARIMNAGAR,,,,9849071973,"S1,S4,S5,S6,S7,",Private(For Profit),PMJAY,-NA-,-NA-,Hospital Approved for Empanelment,No,NA,"S1, S4, S5, S6, S7"
1101,HOSP36P133280,Chalmeda Anand Rao Institute Of Medical Sciences,TELANGANA,KARIMNAGAR,,,,9849645577,"M1,M1,M2,S8,M1,M7,M2,M5,M6,S1,S10,S11,S12,S13,S14,S15,S2,S3,S4,S5,S6,S7,S8,S9,",Private(For Profit),PMJAY,-NA-,-NA-,Hospital Approved for Empanelment,No,NA,"M1, M2, S8, M7, M5, M6, S1, S10, S11, S12, S13, S14, S15, S2, S3, S4, S5, S6, S7, S9"
1102,HOSP36P133281,GAYATRI HOSPITAL,TELANGANA,BHADRADRI KOTHAGUDEM,,,,1111111111,"M1,M7,S5,S6,",Private(For Profit),PMJAY,-NA-,-NA-,Hospital Approved for Empanelment,No,NA,"M1, M7, S5, S6"
1103,HOSP36P133282,Dr.Bhoom Reddys Hospital,TELANGANA,KARIMNAGAR,,,,9866395600,"M1,M1,M7,M2,S1,S10,S11,S14,S5,S6,S7,",Private(For Profit),PMJAY,-NA-,-NA-,Hospital Approved for Empanelment,No,NA,"M1, M7, M2, S1, S10, S11, S14, S5, S6, S7"
1104,HOSP36P133283,SRI RADHIKA MULTY SPECIALITY HOSPITAL,TELANGANA,RANGA REDDY,,,,1111111111,"M1,M7,S5,S6,S7,",Private(For Profit),PMJAY,-NA-,-NA-,Hospital Approved for Empanelment,No,NA,"M1, M7, S5, S6, S7"
1105,HOSP36P133284,LEELAVATHI HOSPITAL,TELANGANA,NALGONDA,,,,1111111111,"S5,S6,",Private(For Profit),PMJAY,-NA-,-NA-,Hospital Approved for Empanelment,No,NA,"S5, S6"
1106,HOSP36P133285,CLEAR VISION EYE HOSPITAL,TELANGANA,HYDERABAD,,,,1111111111,"S3,",Private(For Profit),PMJAY,-NA-,-NA-,Hospital Approved for Empanelment,No,NA,S3
1107,HOSP36P133286,Prathima Insitute Of Medical Scienc,TELANGANA,KARIMNAGAR,,,,9849072746,"M1,M1,M2,S8,M1,M7,M2,S1,S12,S13,S2,S3,S4,S5,S6,S7,S8,S9,",Private(For Profit),PMJAY,-NA-,-NA-,Hospital Approved for Empanelment,No,NA,"M1, M2, S8, M7, S1, S12, S13, S2, S3, S4, S5, S6, S7, S9"
1108,HOSP36P133287,Vascular Care Centre,TELANGANA,HYDERABAD,,,,9100666871,"M1,M1,M2,S8,M1,M7,M1,S7,S1,S12,S13,S7,",Private(For Profit),PMJAY,-NA-,-NA-,Hospital Approved for Empanelment,No,NA,"M1, M2, S8, M7, S7, S1, S12, S13"
1109,HOSP36P133288,SRI SAI ORTHO AND TRAUMA CARE HOAPITAL,TELANGANA,MAHABUBABAD,,,,1111111111,"S5,S6,",Private(For Profit),PMJAY,-NA-,-NA-,Hospital Approved for Empanelment,No,NA,"S5, S6"
1110,HOSP36P133289,Warangal Hosiptal Diagnostic And Research Center Pvt Ltd,TELANGANA,WARANGAL URBAN,,,,9246896613,"M1,M1,M7,M2,S1,S14,S2,S4,S5,S6,S7,S8,S9,",Private(For Profit),PMJAY,-NA-,-NA-,Hospital Approved for Empanelment,No,NA,"M1, M7, M2, S1, S14, S2, S4, S5, S6, S7, S8, S9"
1111,HOSP36P133290,Venkateshwara Kidney Center,TELANGANA,KARIMNAGAR,,,,9849343514,"M1,M7,M1,S7,M2,S1,S14,S2,S4,S6,S7,S8,S9,",Private(For Profit),PMJAY,-NA-,-NA-,Hospital Approved for Empanelment,No,NA,"M1, M7, S7, M2, S1, S14, S2, S4, S6, S8, S9"
1112,HOSP36P133291,Krishna Institute Of Medical Sciences Ltd,TELANGANA,HYDERABAD,,,,9849990101,"M1,S7,M5,M6,S1,S12,S13,S14,S15,S3,S5,S6,S7,S8,S9,",Private(For Profit),PMJAY,-NA-,-NA-,Hospital Approved for Empanelment,No,NA,"M1, S7, M5, M6, S1, S12, S13, S14, S15, S3, S5, S6, S8, S9"
1113,HOSP36P133292,Mnr Medical College And Hospital,TELANGANA,SANGAREDDY,,,,9966233334,"M1,M1,M2,S8,M1,M7,M1,S7,M2,M3,M4,M5,M6,S1,S10,S11,S12,S13,S14,S15,S16,S2,S3,S4,S5,S6,S7,S8,S9,",Private(For Profit),PMJAY,-NA-,-NA-,Hospital Approved for Empanelment,No,NA,"M1, M2, S8, M7, S7, M3, M4, M5, M6, S1, S10, S11, S12, S13, S14, S15, S16, S2, S3, S4, S5, S6, S9"
1114,HOSP36P133293,Srujan Ortho And Accident Care Hospital,TELANGANA,KHAMMAM,,,,9951456422,"S5,S6,",Private(For Profit),PMJAY,-NA-,-NA-,Hospital Approved for Empanelment,No,NA,"S5, S6"
1115,HOSP36P133294,APEX HOSPITALS,TELANGANA,MEDCHAL MALKAJGIRI,,,,1111111111,"M1,M7,S1,S10,S11,S5,S6,S7,",Private(For Profit),PMJAY,-NA-,-NA-,Hospital Approved for Empanelment,No,NA,"M1, M7, S1, S10, S11, S5, S6, S7"
1116,HOSP36P133295,RVM CHARITABLE TRUST HOSPITAL,TELANGANA,SIDDIPET,,,,1111111111,"M1,M1,M2,S8,M1,M7,M1,S7,M2,S1,S10,S11,S12,S13,S14,S3,S4,S5,S6,S7,S8,S9,",Private(For Profit),PMJAY,-NA-,-NA-,Hospital Approved for Empanelment,No,NA,"M1, M2, S8, M7, S7, S1, S10, S11, S12, S13, S14, S3, S4, S5, S6, S9"
1117,HOSP36P133296,KRISHNA SAI HOSPITAL,TELANGANA,SIDDIPET,,,,1111111111,"S3,",Private(For Profit),PMJAY,-NA-,-NA-,Hospital Approved for Empanelment,No,NA,S3
1118,HOSP36P133297,JYOTHI HOSPITAL,TELANGANA,NALGONDA,,,,1111111111,"M1,M1,M7,M1,S7,M2,S1,S4,S5,S6,S7,",Private(For Profit),PMJAY,-NA-,-NA-,Hospital Approved for Empanelment,No,NA,"M1, M7, S7, M2, S1, S4, S5, S6"
1119,HOSP36P133298,Aradhana Nursing Home,TELANGANA,Nirmal,,,,1111111111,"S5,S6,",Private(For Profit),PMJAY,-NA-,-NA-,Hospital Approved for Empanelment,No,NA,"S5, S6"
1120,HOSP36P133299,DR AGARWAL HEALTH CARE LIMITED,TELANGANA,HYDERABAD,,,,1111111111,"S3,S6,",Private(For Profit),PMJAY,-NA-,-NA-,Hospital Approved for Empanelment,No,NA,"S3, S6"
1121,HOSP36P133300,SAI SHUBHA MULTISPECIALITY HOSPITAL,TELANGANA,NIZAMABAD,,,,1111111111,"M1,M7,S1,S5,S6,",Private(For Profit),PMJAY,-NA-,-NA-,Hospital Approved for Empanelment,No,NA,"M1, M7, S1, S5, S6"
1122,HOSP36P133301,PANACEA MERIDIAN HOSPITAL,TELANGANA,SANGAREDDY,,,,1111111111,"S5,S6,",Private(For Profit),PMJAY,-NA-,-NA-,Hospital Approved for Empanelment,No,NA,"S5, S6"
1123,HOSP36P133302,RISHAB EYE CENTRE,TELANGANA,MEDCHAL MALKAJGIRI,,,,9848186712,"S3,",Private(For Profit),PMJAY,-NA-,-NA-,Hospital Approved for Empanelment,No,NA,S3
1124,HOSP36P133303,DRISHTI EYE CARE CENTRE,TELANGANA,HYDERABAD,,,,1111111111,"S3,",Private(For Profit),PMJAY,-NA-,-NA-,Hospital Approved for Empanelment,No,NA,S3
1125,HOSP36P133304,Shadan Medical College,TELANGANA,RANGA REDDY,,,,9885779796,"M1,M1,M2,S8,M1,M7,M2,S1,S10,S11,S12,S13,S14,S2,S3,S4,S6,S7,S8,S9,",Private(For Profit),PMJAY,-NA-,-NA-,Hospital Approved for Empanelment,No,NA,"M1, M2, S8, M7, S1, S10, S11, S12, S13, S14, S2, S3, S4, S6, S7, S9"
1126,HOSP36P133305,Sarojini Hospital,TELANGANA,KARIMNAGAR,,,,9849881875,"S1,S4,S5,S6,",Private(For Profit),PMJAY,-NA-,-NA-,Hospital Approved for Empanelment,No,NA,"S1, S4, S5, S6"
1127,HOSP36P133306,Unimed Healthcare Pvt- Ltd Star Hospitals,TELANGANA,HYDERABAD,,,,9849027027,"M1,M2,S8,M1,S7,S12,S13,S7,",Private(For Profit),PMJAY,-NA-,-NA-,Hospital Approved for Empanelment,No,NA,"M1, M2, S8, S7, S12, S13"
1128,HOSP36P133307,BIBI Hospitals Private Limited,TELANGANA,HYDERABAD,,,,9849140290,"M5,M6,S15,",Private(For Profit),PMJAY,-NA-,-NA-,Hospital Approved for Empanelment,No,NA,"M5, M6, S15"
1129,HOSP36P133308,Sri Rama Multi Speciality Hospital,TELANGANA,KARIMNAGAR,,,,9849196903,"S1,S4,S5,S6,",Private(For Profit),PMJAY,-NA-,-NA-,Hospital Approved for Empanelment,No,NA,"S1, S4, S5, S6"
1130,HOSP36P133309,Pushpagiri Eye Hospital,TELANGANA,HYDERABAD,,,,9959744437,"S3,S6,",Private(For Profit),PMJAY,-NA-,-NA-,Hospital Approved for Empanelment,No,NA,"S3, S6"
1131,HOSP36P133310,Mamatha General And Super Speciality Hospital A unit of Mamatha Educational Society,TELANGANA,KHAMMAM,,,,9849490528,"M1,M7,M2,S1,S10,S11,S12,S13,S2,S3,S4,S5,S6,S7,S8,S9,",Private(For Profit),PMJAY,-NA-,-NA-,Hospital Approved for Empanelment,No,NA,"M1, M7, M2, S1, S10, S11, S12, S13, S2, S3, S4, S5, S6, S7, S8, S9"
1132,HOSP36P133311,Laxmi Narasimha Hospital,TELANGANA,WARANGAL URBAN,,,,9348463366,"S1,S4,",Private(For Profit),PMJAY,-NA-,-NA-,Hospital Approved for Empanelment,No,NA,"S1, S4"
1133,HOSP36P133312,Amrutha Childrens Nursing Home,TELANGANA,WARANGAL URBAN,,,,9866183307,"M2,M3,S14,",Private(For Profit),PMJAY,-NA-,-NA-,Hospital Approved for Empanelment,No,NA,"M2, M3, S14"
1134,HOSP36P133313,Adithya Hospital Warangal,TELANGANA,WARANGAL URBAN,,,,9000555383,"S10,S11,S4,S5,S6,",Private(For Profit),PMJAY,-NA-,-NA-,Hospital Approved for Empanelment,No,NA,"S10, S11, S4, S5, S6"
1135,HOSP36P133314,Sri Sharanya Nursing Home And Critical Care,TELANGANA,WARANGAL URBAN,,,,9949642890,"M1,M7,M2,S1,S4,S5,S6,S8,S9,",Private(For Profit),PMJAY,-NA-,-NA-,Hospital Approved for Empanelment,No,NA,"M1, M7, M2, S1, S4, S5, S6, S8, S9"
1136,HOSP36P133315,Aarogyamatha Udumala Hospital,TELANGANA,JANGOAN,,,,9848189838,"S4,",Private(For Profit),PMJAY,-NA-,-NA-,Hospital Approved for Empanelment,No,NA,S4
1137,HOSP36P133316,Apollo Reach Hospital,TELANGANA,KARIMNAGAR,,,,9849490000,"M1,M2,S8,M1,M7,M1,S7,S1,S12,S13,S5,S6,S8,S9,",Private(For Profit),PMJAY,-NA-,-NA-,Hospital Approved for Empanelment,No,NA,"M1, M2, S8, M7, S7, S1, S12, S13, S5, S6, S9"
1138,HOSP36P133317,Dr Hari kishan eye care,TELANGANA,HYDERABAD,,,,1111111111,"S3,",Private(For Profit),PMJAY,-NA-,-NA-,Hospital Approved for Empanelment,No,NA,S3
1139,HOSP36P133318,SUMITHRA HOSPITALS PRIVATE LIMITED,TELANGANA,RANGA REDDY,,,,1111111111,"M1,S7,S5,S6,",Private(For Profit),PMJAY,-NA-,-NA-,Hospital Approved for Empanelment,No,NA,"M1, S7, S5, S6"
1140,HOSP36P133319,Virinchi Heathcare Private Limted,TELANGANA,HYDERABAD,,,,1111111111,"M1,M1,M2,S8,M1,M7,M1,S7,S1,S12,S13,S2,S3,S5,S6,S7,",Private(For Profit),PMJAY,-NA-,-NA-,Hospital Approved for Empanelment,No,NA,"M1, M2, S8, M7, S7, S1, S12, S13, S2, S3, S5, S6"
1141,HOSP36P133321,Alpha Super Speciality Hospital,TELANGANA,HYDERABAD,,,,9246506764,"M1,M1,M2,S8,M1,M7,M2,S1,S10,S11,S12,S14,S3,S4,S5,S6,S7,S8,S9,",Private(For Profit),PMJAY,-NA-,-NA-,Hospital Approved for Empanelment,No,NA,"M1, M2, S8, M7, S1, S10, S11, S12, S14, S3, S4, S5, S6, S7, S9"
1142,HOSP36P133322,"Kims, Nalgonda",TELANGANA,NALGONDA,,,,9490294930,"M1,M1,M7,M1,S7,M2,M3,S1,S10,S11,S14,S2,S3,S5,S6,S7,S8,S9,",Private(For Profit),PMJAY,-NA-,-NA-,Hospital Approved for Empanelment,No,NA,"M1, M7, S7, M2, M3, S1, S10, S11, S14, S2, S3, S5, S6, S8, S9"
1143,HOSP36P133323,L.K.Hospitals P Ltd,TELANGANA,MEDCHAL MALKAJGIRI,,,,9949462200,"M1,M1,M2,S8,M1,M7,M1,S7,M2,S1,S10,S11,S12,S14,S2,S4,S5,S6,S7,S8,S9,",Private(For Profit),PMJAY,-NA-,-NA-,Hospital Approved for Empanelment,No,NA,"M1, M2, S8, M7, S7, S1, S10, S11, S12, S14, S2, S4, S5, S6, S9"
1144,HOSP36P133324,Nightingale Hospital,TELANGANA,RANGA REDDY,,,,9989033686,"M1,S7,S1,S10,S11,S4,S5,S6,S7,S8,S9,",Private(For Profit),PMJAY,-NA-,-NA-,Hospital Approved for Empanelment,No,NA,"M1, S7, S1, S10, S11, S4, S5, S6, S8, S9"
1145,HOSP36P133325,Nikhil Hospital,TELANGANA,HYDERABAD,,,,9866966778,"M1,M2,S8,M1,M7,S1,S10,S11,S2,S5,S6,S7,S8,S9,",Private(For Profit),PMJAY,-NA-,-NA-,Hospital Approved for Empanelment,No,NA,"M1, M2, S8, M7, S1, S10, S11, S2, S5, S6, S7, S9"
1146,HOSP36P133326,Owaisi Hospital  And Research Center,TELANGANA,RANGA REDDY,,,,9848049783,"M1,M1,M7,M1,S7,M2,S1,S10,S11,S12,S13,S14,S2,S3,S4,S5,S6,S7,S8,S9,",Private(For Profit),PMJAY,-NA-,-NA-,Hospital Approved for Empanelment,No,NA,"M1, M7, S7, M2, S1, S10, S11, S12, S13, S14, S2, S3, S4, S5, S6, S8, S9"
1147,HOSP36P133327,Pragathi Hospital,TELANGANA,NIZAMABAD,,,,9246913330,"M1,S7,S1,S12,S4,S5,S6,S7,",Private(For Profit),PMJAY,-NA-,-NA-,Hospital Approved for Empanelment,No,NA,"M1, S7, S1, S12, S4, S5, S6"
1148,HOSP36P133328,Princess Esra Hospital Dcms,TELANGANA,HYDERABAD,,,,9848036405,"M1,M1,M2,S8,M1,M7,M1,S7,M2,S1,S10,S11,S12,S13,S14,S2,S3,S4,S5,S6,S7,S8,S9,",Private(For Profit),PMJAY,-NA-,-NA-,Hospital Approved for Empanelment,No,NA,"M1, M2, S8, M7, S7, S1, S10, S11, S12, S13, S14, S2, S3, S4, S5, S6, S9"
1149,HOSP36P133329,S.V.S Hospital,TELANGANA,MAHABUBNAGAR,,,,9848054774,"M1,M1,M7,M1,S7,M2,S1,S10,S11,S12,S13,S14,S2,S3,S4,S5,S6,S7,S8,S9,",Private(For Profit),PMJAY,-NA-,-NA-,Hospital Approved for Empanelment,No,NA,"M1, M7, S7, M2, S1, S10, S11, S12, S13, S14, S2, S3, S4, S5, S6, S8, S9"
1150,HOSP36P133330,Satya Hospital,TELANGANA,WARANGAL URBAN,,,,9704469222,"S10,S11,S5,S6,S8,S9,",Private(For Profit),PMJAY,-NA-,-NA-,Hospital Approved for Empanelment,No,NA,"S10, S11, S5, S6, S8, S9"
1151,HOSP36P133332,OMEGA SUSHRUTHA HOSPITALS(A UNIT OF SATHAVAHANA INSTITUTE OF ONCOLOGY PRIVATE LIMITED)-KARIMNAGAR,TELANGANA,KARIMNAGAR,,,,9848526865,"M5,M6,S15,",Private(For Profit),PMJAY,-NA-,-NA-,Hospital Approved for Empanelment,No,NA,"M5, M6, S15"
1152,HOSP36P133333,Sowmya Hospital Ramnagar,TELANGANA,HYDERABAD,,,,9848485834,"M1,M7,M2,S1,S10,S11,S12,S14,S2,S4,S6,S7,S8,S9,",Private(For Profit),PMJAY,-NA-,-NA-,Hospital Approved for Empanelment,No,NA,"M1, M7, M2, S1, S10, S11, S12, S14, S2, S4, S6, S7, S8, S9"
1153,HOSP36P133334,Sri Raghavendra Hospital,TELANGANA,MEDCHAL MALKAJGIRI,,,,9246216669,"M1,M1,M7,M1,S7,M2,S1,S10,S11,S12,S14,S2,S4,S5,S6,S7,S8,S9,",Private(For Profit),PMJAY,-NA-,-NA-,Hospital Approved for Empanelment,No,NA,"M1, M7, S7, M2, S1, S10, S11, S12, S14, S2, S4, S5, S6, S8, S9"
1154,HOSP36P133335,Sri Ram Kidney Infertility And Laparoscopic Centre,TELANGANA,KHAMMAM,,,,9848156018,"S1,S7,",Private(For Profit),PMJAY,-NA-,-NA-,Hospital Approved for Empanelment,No,NA,"S1, S7"
1155,HOSP36P133336,Sri Srinivasa Kidney And Maternity Center,TELANGANA,WARANGAL URBAN,,,,9849990190,"S1,S4,S7,",Private(For Profit),PMJAY,-NA-,-NA-,Hospital Approved for Empanelment,No,NA,"S1, S4, S7"
1156,HOSP36P133337,Sridhar Multi Speciality Hospital,TELANGANA,RANGA REDDY,,,,9866072223,"S1,S2,S4,S5,S7,",Private(For Profit),PMJAY,-NA-,-NA-,Hospital Approved for Empanelment,No,NA,"S1, S2, S4, S5, S7"
1157,HOSP36P133338,Vasavi Hospital,TELANGANA,HYDERABAD,,,,9848120104,"M1,M1,M2,S8,M1,M7,M1,S7,S1,S10,S11,S12,S13,S14,S3,S4,S5,S6,S7,S8,S9,",Private(For Profit),PMJAY,-NA-,-NA-,Hospital Approved for Empanelment,No,NA,"M1, M2, S8, M7, S7, S1, S10, S11, S12, S13, S14, S3, S4, S5, S6, S9"
1158,HOSP36P133340,Yashoda Hospitals - Somajiguda,TELANGANA,HYDERABAD,,,,9849988610,"M5,M6,S12,S13,S15,S7,",Private(For Profit),PMJAY,-NA-,-NA-,Hospital Approved for Empanelment,No,NA,"M5, M6, S12, S13, S15, S7"
1159,HOSP36P133341,KAKATHIYA EYE HOSPITAL,TELANGANA,WARANGAL URBAN,,,,1111111111,"S3,",Private(For Profit),PMJAY,-NA-,-NA-,Hospital Approved for Empanelment,No,NA,S3
1160,HOSP36P133342,VASANTHI HOSPITAL,TELANGANA,NALGONDA,,,,1111111111,"S5,S6,",Private(For Profit),PMJAY,-NA-,-NA-,Hospital Approved for Empanelment,No,NA,"S5, S6"
1161,HOSP36P133343,"Madhava Nursing Home, Secunderabad",TELANGANA,HYDERABAD,,,,9848048914,"M1,M2,S8,M1,M7,S1,S2,S5,S6,S7,S8,S9,",Private(For Profit),PMJAY,-NA-,-NA-,Hospital Approved for Empanelment,No,NA,"M1, M2, S8, M7, S1, S2, S5, S6, S7, S9"
1162,HOSP36P133344,Shashank Hospital,TELANGANA,NIZAMABAD,,,,9885445913,"S5,S6,",Private(For Profit),PMJAY,-NA-,-NA-,Hospital Approved for Empanelment,No,NA,"S5, S6"
1163,HOSP36P133345,Kamineni Hospital King Koti,TELANGANA,HYDERABAD,,,,9490295050,"M1,M1,M2,S8,M1,M7,M1,S7,M2,S1,S12,S13,S4,S5,S6,S8,S9,",Private(For Profit),PMJAY,-NA-,-NA-,Hospital Approved for Empanelment,No,NA,"M1, M2, S8, M7, S7, S1, S12, S13, S4, S5, S6, S9"
1164,HOSP36P133346,Kamineni Oncology Private Limited,TELANGANA,RANGA REDDY,,,,9490294997,"M5,M6,S15,",Private(For Profit),PMJAY,-NA-,-NA-,Hospital Approved for Empanelment,No,NA,"M5, M6, S15"
1165,HOSP36P133347,Malla reddy narayana multispeciality HospitalA unit of chandramma educational society,TELANGANA,MEDCHAL MALKAJGIRI,,,,9676902077,"M1,M7,M1,S7,M5,M6,S1,S10,S11,S12,S13,S15,S2,S3,S4,S5,S6,S7,S8,S9,",Private(For Profit),PMJAY,-NA-,-NA-,Hospital Approved for Empanelment,No,NA,"M1, M7, S7, M5, M6, S1, S10, S11, S12, S13, S15, S2, S3, S4, S5, S6, S8, S9"
1166,HOSP36P133348,Susrutha Peoples Hospital,TELANGANA,MAHABUBNAGAR,,,,9866457501,"M1,M7,M1,S7,M2,S1,S10,S11,S14,S2,S4,S5,S6,S7,",Private(For Profit),PMJAY,-NA-,-NA-,Hospital Approved for Empanelment,No,NA,"M1, M7, S7, M2, S1, S10, S11, S14, S2, S4, S5, S6"
1167,HOSP36P133349,Himagiri Hospitals,TELANGANA,RANGA REDDY,,,,1111111111,"M1,M7,S1,S5,S6,S7,",Private(For Profit),PMJAY,-NA-,-NA-,Hospital Approved for Empanelment,No,NA,"M1, M7, S1, S5, S6, S7"
1168,HOSP36P133350,MALLIKARJUNA LASER EYE AND SKIN CARE HOSPITAL,TELANGANA,WARANGAL URBAN,,,,1111111111,"S3,",Private(For Profit),PMJAY,-NA-,-NA-,Hospital Approved for Empanelment,No,NA,S3
1169,HOSP36P133351,Swarup Eye Centre,TELANGANA,HYDERABAD,,,,1111111111,"S3,",Private(For Profit),PMJAY,-NA-,-NA-,Hospital Approved for Empanelment,No,NA,S3
1170,HOSP36P133352,PRATHIMA HOSPITALS  a unit of Sri Sai Balaji Health Care India Pvt Ltd,TELANGANA,HYDERABAD,,,,1111111111,"M1,M1,M2,S8,M1,M7,M1,S7,S1,S10,S11,S12,S13,S14,S2,S4,S5,S6,S7,S8,S9,",Private(For Profit),PMJAY,-NA-,-NA-,Hospital Approved for Empanelment,No,NA,"M1, M2, S8, M7, S7, S1, S10, S11, S12, S13, S14, S2, S4, S5, S6, S9"
1171,HOSP36P133353,FATIMA HOSPITAL,TELANGANA,HYDERABAD,,,,1111111111,"M1,M7,S1,S5,S6,",Private(For Profit),PMJAY,-NA-,-NA-,Hospital Approved for Empanelment,No,NA,"M1, M7, S1, S5, S6"
1172,HOSP36P133354,MEDICOVER HOSPITALS A UNIT OF SAHRUDAYA HEALTH CARE PRIVATE LIMITED MADHAPUR,TELANGANA,RANGA REDDY,,,,1111111111,"M1,M2,S8,M1,S7,S1,S10,S11,S12,S13,S5,S6,S7,S8,S9,",Private(For Profit),PMJAY,-NA-,-NA-,Hospital Approved for Empanelment,No,NA,"M1, M2, S8, S7, S1, S10, S11, S12, S13, S5, S6, S9"
1173,HOSP36P133355,Red Cross Saraswathi Rao Memorial Hospital,TELANGANA,HYDERABAD,,,,1111111111,"S6,",Private(For Profit),PMJAY,-NA-,-NA-,Hospital Approved for Empanelment,No,NA,S6
1174,HOSP36P133356,SEVENHILLS HOSPITAL,TELANGANA,WARANGAL URBAN,,,,1111111111,"M1,M7,S1,",Private(For Profit),PMJAY,-NA-,-NA-,Hospital Approved for Empanelment,No,NA,"M1, M7, S1"
1175,HOSP36P133357,KRISHNA NURSING HOME,TELANGANA,Nirmal,,,,1111111111,"M1,M7,M2,S1,S5,S6,",Private(For Profit),PMJAY,-NA-,-NA-,Hospital Approved for Empanelment,No,NA,"M1, M7, M2, S1, S5, S6"
1176,HOSP36P133358,DR GOUDA RAMESH ENT,TELANGANA,WARANGAL URBAN,,,,1111111111,"S2,",Private(For Profit),PMJAY,-NA-,-NA-,Hospital Approved for Empanelment,No,NA,S2
1177,HOSP36P133359,VASAVI EYE HOSPITAL,TELANGANA,NIZAMABAD,,,,1111111111,"S3,",Private(For Profit),PMJAY,-NA-,-NA-,Hospital Approved for Empanelment,No,NA,S3
1178,HOSP36P133360,Vijaya Hospital,TELANGANA,MEDCHAL MALKAJGIRI,,,,9985100439,"M1,M7,S1,S2,S4,S5,S6,S7,",Private(For Profit),PMJAY,-NA-,-NA-,Hospital Approved for Empanelment,No,NA,"M1, M7, S1, S2, S4, S5, S6, S7"
1179,HOSP36P133361,MEDILIFE MULTISPECIALITY HOSPITAL A Unit of Sri Laxmi Dhanwanthari Hospitals and Research Pvt Ltd,TELANGANA,MANCHERIAL,,,,1111111111,"M1,M7,M1,S7,S1,S5,S6,S7,",Private(For Profit),PMJAY,-NA-,-NA-,Hospital Approved for Empanelment,No,NA,"M1, M7, S7, S1, S5, S6"
1180,HOSP36P133362,Prasad Hospitals(a unit of Biosciences Pvt Ltd),TELANGANA,MEDCHAL MALKAJGIRI,,,,1111111111,"M1,M2,S8,M1,M7,M2,S1,S2,S5,S6,",Private(For Profit),PMJAY,-NA-,-NA-,Hospital Approved for Empanelment,No,NA,"M1, M2, S8, M7, S1, S2, S5, S6"
1181,HOSP36P133363,Guardian Multi Specialty Hospital,TELANGANA,WARANGAL URBAN,,,,9849988286,"M1,M7,M1,S7,S1,S5,S6,S7,",Private(For Profit),PMJAY,-NA-,-NA-,Hospital Approved for Empanelment,No,NA,"M1, M7, S7, S1, S5, S6"
1182,HOSP36P133364,SRI TIRUMALA HOSPITAL,TELANGANA,SURYAPET,,,,1111111111,"M1,M7,M2,S1,S5,S6,",Private(For Profit),PMJAY,-NA-,-NA-,Hospital Approved for Empanelment,No,NA,"M1, M7, M2, S1, S5, S6"
1183,HOSP36P133365,NEELIMA HOSPITALS PRIVATE LTD,TELANGANA,HYDERABAD,,,,1111111111,"M1,S7,M2,S4,S5,S6,S7,",Private(For Profit),PMJAY,-NA-,-NA-,Hospital Approved for Empanelment,No,NA,"M1, S7, M2, S4, S5, S6"
1184,HOSP36P133366,MANORAMA SUPER SPECIALITY HOSPITAL,TELANGANA,NIZAMABAD,,,,1111111111,"M1,M7,M2,S1,S12,S5,S6,",Private(For Profit),PMJAY,-NA-,-NA-,Hospital Approved for Empanelment,No,NA,"M1, M7, M2, S1, S12, S5, S6"
1185,HOSP36P133367,SANJEEVANEE NURSING HOME,TELANGANA,KARIMNAGAR,,,,1111111111,"M1,M7,S1,S5,S6,S7,",Private(For Profit),PMJAY,-NA-,-NA-,Hospital Approved for Empanelment,No,NA,"M1, M7, S1, S5, S6, S7"
1186,HOSP36P133368,SRI SRINIVAS NURSING HOME,TELANGANA,BHADRADRI KOTHAGUDEM,,,,1111111111,"M1,M7,S1,S5,S6,",Private(For Profit),PMJAY,-NA-,-NA-,Hospital Approved for Empanelment,No,NA,"M1, M7, S1, S5, S6"
1187,HOSP36P133369,BHASKAR GENERAL HOSPITAL(Joginpally BR Educational Society),TELANGANA,RANGA REDDY,,,,1111111111,"M1,M1,M7,M1,S7,S1,S5,S6,",Private(For Profit),PMJAY,-NA-,-NA-,Hospital Approved for Empanelment,No,NA,"M1, M7, S7, S1, S5, S6"
1188,HOSP36P133370,MEDICOVER HOSPITALS(A UNIT OF NIHARIKA HOSPITALS PVT.LTD)-NIZAMABAD,TELANGANA,NIZAMABAD,,,,1111111111,"M1,M2,S8,M1,M7,M1,S7,S1,S12,S13,S7,",Private(For Profit),PMJAY,-NA-,-NA-,Hospital Approved for Empanelment,No,NA,"M1, M2, S8, M7, S7, S1, S12, S13"
1189,HOSP36P133371,Balaji Hospital Warangal,TELANGANA,WARANGAL URBAN,,,,9849070601,"S5,",Private(For Profit),PMJAY,-NA-,-NA-,Hospital Approved for Empanelment,No,NA,S5
1190,HOSP36P133372,Apollo Hospitals  Secunderabad,TELANGANA,HYDERABAD,,,,9849171877,"M1,M7,M1,S7,S1,S10,S11,S12,S13,S5,S6,S7,S8,S9,",Private(For Profit),PMJAY,-NA-,-NA-,Hospital Approved for Empanelment,No,NA,"M1, M7, S7, S1, S10, S11, S12, S13, S5, S6, S8, S9"
1191,HOSP36P133373,Sreshta Orange Hospitals,TELANGANA,RANGA REDDY,,,,9642900041,"S1,S5,S6,S7,",Private(For Profit),PMJAY,-NA-,-NA-,Hospital Approved for Empanelment,No,NA,"S1, S5, S6, S7"
1192,HOSP36P133374,Sunshine Hospital,TELANGANA,HYDERABAD,,,,8008102102,"M1,S7,S1,S10,S11,S12,S13,S2,S5,S6,S8,S9,",Private(For Profit),PMJAY,-NA-,-NA-,Hospital Approved for Empanelment,No,NA,"M1, S7, S1, S10, S11, S12, S13, S2, S5, S6, S8, S9"
1193,HOSP36P133375,Induss Hospitals,TELANGANA,RANGA REDDY,,,,9849097897,"M1,S7,S10,S11,S5,S6,S7,S8,S9,",Private(For Profit),PMJAY,-NA-,-NA-,Hospital Approved for Empanelment,No,NA,"M1, S7, S10, S11, S5, S6, S8, S9"
1194,HOSP36P133376,APARNA HOSPITAL,TELANGANA,NIZAMABAD,,,,9492956454,"S5,S6,S7,",Private(For Profit),PMJAY,-NA-,-NA-,Hospital Approved for Empanelment,No,NA,"S5, S6, S7"
1195,HOSP36P133377,Samraksha Hospital ( A Unit of Samraksha Health Care PVT LTD)-Warangal,TELANGANA,WARANGAL URBAN,,,,1111111111,"M1,M2,S8,M1,S7,S12,S13,S6,S7,S8,S9,",Private(For Profit),PMJAY,-NA-,-NA-,Hospital Approved for Empanelment,No,NA,"M1, M2, S8, S7, S12, S13, S6, S9"
1196,HOSP36P133378,PRASHANTHS GKHOSPITALS,TELANGANA,Nirmal,,,,1111111111,"M1,M7,S1,S10,S11,S5,S6,S7,",Private(For Profit),PMJAY,-NA-,-NA-,Hospital Approved for Empanelment,No,NA,"M1, M7, S1, S10, S11, S5, S6, S7"
1197,HOSP36P133379,AKHILA EYE HOSPITAL AUNITOFMANDMHEALTHCARESERVICES,TELANGANA,KHAMMAM,,,,7995774444,"S3,",Private(For Profit),PMJAY,-NA-,-NA-,Hospital Approved for Empanelment,No,NA,S3
1198,HOSP36P133380,SRIKARA HOSPITALS,TELANGANA,RANGA REDDY,,,,1111111111,"M1,M7,S12,S13,S5,S6,",Private(For Profit),PMJAY,-NA-,-NA-,Hospital Approved for Empanelment,No,NA,"M1, M7, S12, S13, S5, S6"
1199,HOSP36P133381,AKSHAYA MULTI SPECIALTY HOSPITAL,TELANGANA,KARIMNAGAR,,,,1111111111,"M1,M7,M1,S7,S1,S5,S6,S7,",Private(For Profit),PMJAY,-NA-,-NA-,Hospital Approved for Empanelment,No,NA,"M1, M7, S7, S1, S5, S6"
1200,HOSP36P133382,SRI SEETHARAM MEMORIAL HOSPITAL,TELANGANA,MAHABUBABAD,,,,1111111111,"M2,S4,",Private(For Profit),PMJAY,-NA-,-NA-,Hospital Approved for Empanelment,No,NA,"M2, S4"
1201,HOSP36P133383,MAHAVIR GENERAL HOSPITAL,TELANGANA,VIKARABAD,,,,1111111111,"M1,M1,M7,M2,S1,S2,S3,S5,S6,",Private(For Profit),PMJAY,-NA-,-NA-,Hospital Approved for Empanelment,No,NA,"M1, M7, M2, S1, S2, S3, S5, S6"
1202,HOSP36P133384,SHIVA SAI HOSPITAL,TELANGANA,Jagitial,,,,1111111111,"M1,M7,S5,S7,",Private(For Profit),PMJAY,-NA-,-NA-,Hospital Approved for Empanelment,No,NA,"M1, M7, S5, S7"
1203,HOSP36P133385,Lions Club of Hyderabad Sadhuram Eye Hospital,TELANGANA,HYDERABAD,,,,1111111111,NA,Private(For Profit),PMJAY,-NA-,-NA-,Hospital Approved for Empanelment,No,NA,-NA-
1204,HOSP36P133386,SUREKHA HOSPITAL,TELANGANA,MEDCHAL MALKAJGIRI,,,,1111111111,"S3,",Private(For Profit),PMJAY,-NA-,-NA-,Hospital Approved for Empanelment,No,NA,S3
1205,HOSP36P133387,Maxivision Eye Hospitals Private Limited,TELANGANA,HYDERABAD,,,,1111111111,"S3,S6,",Private(For Profit),PMJAY,-NA-,-NA-,Hospital Approved for Empanelment,No,NA,"S3, S6"
1206,HOSP36P133388,Kamala Hospital and Research Centre for Thalassemia and Sickle Cell patients (A unit of Thalassemia and Sickle Cell Society),TELANGANA,RANGA REDDY,,,,1111111111,NA,Private(For Profit),PMJAY,-NA-,-NA-,Hospital Approved for Empanelment,No,NA,-NA-
1207,HOSP36P133389,Vinn Healthcare Private Limited,TELANGANA,HYDERABAD,,,,1111111111,"S12,S13,",Private(For Profit),PMJAY,-NA-,-NA-,Hospital Approved for Empanelment,No,NA,"S12, S13"
1208,HOSP36P133390,PAVANI EYE HOSPITAL,TELANGANA,Jagitial,,,,1111111111,"S3,",Private(For Profit),PMJAY,-NA-,-NA-,Hospital Approved for Empanelment,No,NA,S3
1209,HOSP36P133391,SURAKSHA MULTI SPECIALITY HOSPITAL,TELANGANA,NALGONDA,,,,1111111111,"M1,M2,S8,M1,M7,M1,S7,S1,S5,S6,S7,S8,S9,",Private(For Profit),PMJAY,-NA-,-NA-,Hospital Approved for Empanelment,No,NA,"M1, M2, S8, M7, S7, S1, S5, S6, S9"
1210,HOSP36P133392,OMEGAHOSPITALS,TELANGANA,HYDERABAD,,,,9849807578,"M5,M6,S15,",Private(For Profit),PMJAY,-NA-,-NA-,Hospital Approved for Empanelment,No,NA,"M5, M6, S15"
1211,HOSP36P133393,SUDHA NURSING HOME,TELANGANA,WANAPARTHY,,,,9440477743,"S1,S4,S5,S6,",Private(For Profit),PMJAY,-NA-,-NA-,Hospital Approved for Empanelment,No,NA,"S1, S4, S5, S6"
1212,HOSP36P133394,Life Line Hospitals  a unit of Orugallu Medicare Limited,TELANGANA,WARANGAL URBAN,,,,9848073020,"M1,M7,S1,S5,S6,S7,S8,S9,",Private(For Profit),PMJAY,-NA-,-NA-,Hospital Approved for Empanelment,No,NA,"M1, M7, S1, S5, S6, S7, S8, S9"
1213,HOSP36P133395,Maheshwara Medical College and Hospital A unit of Alleti Shrunitha Educational Society,TELANGANA,SANGAREDDY,,,,1111111111,"M1,M7,S1,S10,S11,",Private(For Profit),PMJAY,-NA-,-NA-,Hospital Approved for Empanelment,No,NA,"M1, M7, S1, S10, S11"
1214,HOSP36P133396,Hyderabad Eye Institute (Operating Trust of L V Prasad Eye Institute),TELANGANA,HYDERABAD,,,,7396436527,NA,Private(For Profit),PMJAY,-NA-,-NA-,Hospital Approved for Empanelment,No,NA,-NA-
1215,HOSP36P133397,NEW DELHI CENTRE FOR SIGHT,TELANGANA,HYDERABAD,,,,1111111111,"S3,",Private(For Profit),PMJAY,-NA-,-NA-,Hospital Approved for Empanelment,No,NA,S3
1216,HOSP36P133398,MAMATA ACADEMY OF MEDICAL SCIENCES HOSPITAL,TELANGANA,MEDCHAL MALKAJGIRI,,,,1111111111,"M1,M1,M2,S8,M1,M7,M1,S7,M2,S1,S10,S11,S2,S3,S4,S5,S6,S7,S8,S9,",Private(For Profit),PMJAY,-NA-,-NA-,Hospital Approved for Empanelment,No,NA,"M1, M2, S8, M7, S7, S1, S10, S11, S2, S3, S4, S5, S6, S9"
1217,HOSP36P133399,Indian Red Cross Society Thalassemia Sickle Cell Transusion Centre,TELANGANA,WARANGAL URBAN,,,,1111111111,NA,Private(For Profit),PMJAY,-NA-,-NA-,Hospital Approved for Empanelment,No,NA,-NA-
1218,HOSP36P133400,LALITHA HOSPITAL,TELANGANA,WARANGAL URBAN,,,,1111111111,"S5,",Private(For Profit),PMJAY,-NA-,-NA-,Hospital Approved for Empanelment,No,NA,S5
1219,HOSP36P133401,SUSRUTHA HOSPITAL,TELANGANA,WARANGAL RURAL,,,,1111111111,"M1,M7,S5,S6,S8,S9,",Private(For Profit),PMJAY,-NA-,-NA-,Hospital Approved for Empanelment,No,NA,"M1, M7, S5, S6, S8, S9"
1220,HOSP36P133402,PRATHIMA RELIEF INSTITUTE OF MEDICAL SCIENCES,TELANGANA,WARANGAL URBAN,,,,1111111111,"M1,M1,M2,S8,M1,M7,M1,S7,M2,S1,S12,S13,S2,S3,S4,S5,S7,S8,S9,",Private(For Profit),PMJAY,-NA-,-NA-,Hospital Approved for Empanelment,No,NA,"M1, M2, S8, M7, S7, S1, S12, S13, S2, S3, S4, S5, S9"
1221,HOSP36P133403,SAI MULTI SPECIALITY HOSPITAL,TELANGANA,MAHABUBABAD,,,,1111111111,"M1,M2,S8,S5,S6,S8,S9,",Private(For Profit),PMJAY,-NA-,-NA-,Hospital Approved for Empanelment,No,NA,"M1, M2, S8, S5, S6, S9"
1222,HOSP36P133404,MANJEERA HOSPITAL A UNIT OF SRI MANJEERA SUPER SPECIALITY HOSPITALS PVT LTD,TELANGANA,SANGAREDDY,,,,1111111111,"M1,M1,M7,M2,S1,S4,S5,S6,S7,",Private(For Profit),PMJAY,-NA-,-NA-,Hospital Approved for Empanelment,No,NA,"M1, M7, M2, S1, S4, S5, S6, S7"
1223,HOSP36P133405,SRI MITHRA MULTI SPECIALITY HOSPITAL,TELANGANA,MANCHERIAL,,,,1111111111,"M1,M7,S5,S6,S8,S9,",Private(For Profit),PMJAY,-NA-,-NA-,Hospital Approved for Empanelment,No,NA,"M1, M7, S5, S6, S8, S9"
1224,HOSP36P133406,JAGRUTHI ORTHOPAEDIC HOSPITAL,TELANGANA,BHADRADRI KOTHAGUDEM,,,,1111111111,"M1,M7,S5,S6,S8,S9,",Private(For Profit),PMJAY,-NA-,-NA-,Hospital Approved for Empanelment,No,NA,"M1, M7, S5, S6, S8, S9"
1225,HOSP36P133407,AJARAHEALTHCAREANDRESEARCHCENTEREPVTLTD,TELANGANA,WARANGAL URBAN,,,,1111111111,"M1,M2,S8,M1,S7,S12,S13,S14,S5,S6,S7,S8,S9,",Private(For Profit),PMJAY,-NA-,-NA-,Hospital Approved for Empanelment,No,NA,"M1, M2, S8, S7, S12, S13, S14, S5, S6, S9"
1226,HOSP36P133408,SURABHI MULTI SPECIALITY HOSPITAL,TELANGANA,SIDDIPET,,,,1111111111,"M1,M1,M7,M2,S1,S3,",Private(For Profit),PMJAY,-NA-,-NA-,Hospital Approved for Empanelment,No,NA,"M1, M7, M2, S1, S3"
1227,HOSP36P133409,CVVM HOSPITAL,TELANGANA,KARIMNAGAR,,,,1111111111,"M1,M2,S8,M1,M7,S1,S12,S4,S5,S6,S7,S8,S9,",Private(For Profit),PMJAY,-NA-,-NA-,Hospital Approved for Empanelment,No,NA,"M1, M2, S8, M7, S1, S12, S4, S5, S6, S7, S9"
1228,HOSP36P133410,CHROME HOSPITAL,TELANGANA,ADILABAD,,,,1111111111,"S5,S6,",Private(For Profit),PMJAY,-NA-,-NA-,Hospital Approved for Empanelment,No,NA,"S5, S6"
1229,HOSP36P133411,RITHANYA HOSPITAL DIAGNOSTICS,TELANGANA,KHAMMAM,,,,1111111111,"M1,M7,",Private(For Profit),PMJAY,-NA-,-NA-,Hospital Approved for Empanelment,No,NA,"M1, M7"
1230,HOSP36P133412,RIYA HOSPITAL (A UNIT OF VAISHNAVI MEDICARE AND DIAGNOSTIC RESEARCH CENTRE),TELANGANA,WARANGAL URBAN,,,,1111111111,"S5,S6,",Private(For Profit),PMJAY,-NA-,-NA-,Hospital Approved for Empanelment,No,NA,"S5, S6"
1231,HOSP36P133413,SRI SAI KRISHNA NURSING HOME,TELANGANA,JANGOAN,,,,1111111111,"S5,S6,",Private(For Profit),PMJAY,-NA-,-NA-,Hospital Approved for Empanelment,No,NA,"S5, S6"
1232,HOSP36P133414,S S K HOSPITAL,TELANGANA,JANGOAN,,,,1111111111,"S1,S5,S6,",Private(For Profit),PMJAY,-NA-,-NA-,Hospital Approved for Empanelment,No,NA,"S1, S5, S6"
1233,HOSP36P133415,Durga Bhai Deshmukh Hospital and Research Centre A unit of Andhra Mahila Shaba,TELANGANA,HYDERABAD,,,,9441258556,"M1,M1,M7,M2,S1,S10,S11,S12,S13,S14,S2,S4,S5,S6,S7,S8,S9,",Private(For Profit),PMJAY,-NA-,-NA-,Hospital Approved for Empanelment,No,NA,"M1, M7, M2, S1, S10, S11, S12, S13, S14, S2, S4, S5, S6, S7, S8, S9"
1234,HOSP36P133416,OLIVE HOSPITAL,TELANGANA,HYDERABAD,,,,9666686830,"M1,M2,S8,S1,S12,S13,S5,S6,S7,S8,S9,",Private(For Profit),PMJAY,-NA-,-NA-,Hospital Approved for Empanelment,No,NA,"M1, M2, S8, S1, S12, S13, S5, S6, S7, S9"
1235,HOSP36P133417,PRAJASAI HOSPITAL,TELANGANA,HYDERABAD,,,,9848062179,"S1,S2,S5,S6,S7,",Private(For Profit),PMJAY,-NA-,-NA-,Hospital Approved for Empanelment,No,NA,"S1, S2, S5, S6, S7"
1236,HOSP36P133418,viswas hospitals,TELANGANA,RANGA REDDY,,,,9652442233,"M1,M7,S1,S5,S6,S7,",Private(For Profit),PMJAY,-NA-,-NA-,Hospital Approved for Empanelment,No,NA,"M1, M7, S1, S5, S6, S7"
1237,HOSP36P133419,INDUR CANCER HOSPITAL,TELANGANA,NIZAMABAD,,,,9703784666,"M5,M6,S15,",Private(For Profit),PMJAY,-NA-,-NA-,Hospital Approved for Empanelment,No,NA,"M5, M6, S15"
1238,HOSP36P133420,SAI VANI SUPER SPECIALITY HOSPITALS LTD A UNIT OF VISHWA HEALTH INSTITUTE PVT LTD,TELANGANA,HYDERABAD,,,,9866458511,"M1,S7,S7,",Private(For Profit),PMJAY,-NA-,-NA-,Hospital Approved for Empanelment,No,NA,"M1, S7"
1239,HOSP36P133421,SHIVA SAI EMERGENCY and MULTISPECIALITY HOSPITAL,TELANGANA,NIZAMABAD,,,,9848076294,"S1,S5,S6,S7,",Private(For Profit),PMJAY,-NA-,-NA-,Hospital Approved for Empanelment,No,NA,"S1, S5, S6, S7"
1240,HOSP36P133422,NEO BBC NEW BORN and CHILDREN HOSPITAL,TELANGANA,HYDERABAD,,,,9849004552,"M2,M3,S14,",Private(For Profit),PMJAY,-NA-,-NA-,Hospital Approved for Empanelment,No,NA,"M2, M3, S14"
1241,HOSP36P133423,SAISANJEEVINI HOSPITALSa unit of singapanga health care india-Hyderabad,TELANGANA,RANGA REDDY,,,,9248045084,"M1,S7,S5,S6,S7,",Private(For Profit),PMJAY,-NA-,-NA-,Hospital Approved for Empanelment,No,NA,"M1, S7, S5, S6"
1242,HOSP36P133424,BBR MULTI SPECIALITY HOSPITAL,TELANGANA,MEDCHAL MALKAJGIRI,,,,9030000996,"M1,S7,S12,S13,S7,",Private(For Profit),PMJAY,-NA-,-NA-,Hospital Approved for Empanelment,No,NA,"M1, S7, S12, S13"
1243,HOSP36P133425,GEETA ORTHOPEDICand MATERNITY  NURSING HOME,TELANGANA,Jagitial,,,,9849552020,"S5,S6,",Private(For Profit),PMJAY,-NA-,-NA-,Hospital Approved for Empanelment,No,NA,"S5, S6"
1244,HOSP36P133426,MALLAREDDY HOSPITAL,TELANGANA,MEDCHAL MALKAJGIRI,,,,8008044111,"M1,M1,M2,S8,M1,M7,M1,S7,M2,S1,S14,S2,S3,S4,S5,S6,S7,S8,S9,",Private(For Profit),PMJAY,-NA-,-NA-,Hospital Approved for Empanelment,No,NA,"M1, M2, S8, M7, S7, S1, S14, S2, S3, S4, S5, S6, S9"
1245,HOSP36P133427,TULASI HOSPITALS A UNIT OF LIFE SHINE MEDICAL SERVICES PVT LTD,TELANGANA,MEDCHAL MALKAJGIRI,,,,9848886499,"M1,M2,S8,M1,M7,M1,S7,M2,S12,S13,S14,S5,S6,S7,",Private(For Profit),PMJAY,-NA-,-NA-,Hospital Approved for Empanelment,No,NA,"M1, M2, S8, M7, S7, S12, S13, S14, S5, S6"
1246,HOSP36P133428,ANAND EYE INSTITUTE PVT LTD,TELANGANA,MEDCHAL MALKAJGIRI,,,,1111111111,"S3,",Private(For Profit),PMJAY,-NA-,-NA-,Hospital Approved for Empanelment,No,NA,S3
1247,HOSP36P133429,Bristlecone Hospitals (A unit of Virinchi limited),TELANGANA,RANGA REDDY,,,,1111111111,"M1,S7,S5,S6,S7,",Private(For Profit),PMJAY,-NA-,-NA-,Hospital Approved for Empanelment,No,NA,"M1, S7, S5, S6"
1248,HOSP36P133430,NIKHIL HOSPITALS,TELANGANA,RANGA REDDY,,,,9866112909,"M1,M2,S8,M1,M7,S1,S10,S11,S4,S5,S6,S7,S8,S9,",Private(For Profit),PMJAY,-NA-,-NA-,Hospital Approved for Empanelment,No,NA,"M1, M2, S8, M7, S1, S10, S11, S4, S5, S6, S7, S9"
1249,HOSP36P133431,INDO US SUPERSPECIALITY HOSPITAL,TELANGANA,HYDERABAD,,,,1111111111,"M1,M1,M2,S8,M1,M7,M1,S7,S1,S12,S13,S7,S8,S9,",Private(For Profit),PMJAY,-NA-,-NA-,Hospital Approved for Empanelment,No,NA,"M1, M2, S8, M7, S7, S1, S12, S13, S9"
1250,HOSP36P133432,CONTINENTAL HOSPITALS LIMITED,TELANGANA,RANGA REDDY,,,,1111111111,"M1,S7,M5,M6,S12,S13,S5,S6,S7,S8,S9,",Private(For Profit),PMJAY,-NA-,-NA-,Hospital Approved for Empanelment,No,NA,"M1, S7, M5, M6, S12, S13, S5, S6, S8, S9"
1251,HOSP36P133433,OZONE HOSPITALS,TELANGANA,RANGA REDDY,,,,9100602324,"M1,S7,M2,M4,S12,S13,S14,S5,S6,S7,",Private(For Profit),PMJAY,-NA-,-NA-,Hospital Approved for Empanelment,No,NA,"M1, S7, M2, M4, S12, S13, S14, S5, S6"
1252,HOSP36P133434,NEW LIFE LINE MULTI SPECIALITY HOSPITAL,TELANGANA,MEDCHAL MALKAJGIRI,,,,1111111111,"S5,S6,S7,",Private(For Profit),PMJAY,-NA-,-NA-,Hospital Approved for Empanelment,No,NA,"S5, S6, S7"
1253,HOSP36P133435,"SHREE BALAJI MEDICOVER  HOSPITALS(A UNIT OF SAHRUDYA BALAJI HEALTH CARE(SANGAREDDY),PVT,LTD)-SANGAREDDY",TELANGANA,SANGAREDDY,,,,1111111111,"M1,M7,M1,S7,S12,S5,S6,S7,",Private(For Profit),PMJAY,-NA-,-NA-,Hospital Approved for Empanelment,No,NA,"M1, M7, S7, S12, S5, S6"
1254,HOSP36P133436,ST THERESA HOSPITAL,TELANGANA,HYDERABAD,,,,1111111111,"M1,M7,M1,S7,M2,S10,S11,S12,S13,S14,S3,S4,S5,S6,S7,",Private(For Profit),PMJAY,-NA-,-NA-,Hospital Approved for Empanelment,No,NA,"M1, M7, S7, M2, S10, S11, S12, S13, S14, S3, S4, S5, S6"
1255,HOSP36P133437,GSBV MEMORIAL AMRUTHA LAXMI MULTISPECIALITY HOSPITAL,TELANGANA,NIZAMABAD,,,,1111111111,"M2,S1,S14,S2,S4,S5,S6,S7,",Private(For Profit),PMJAY,-NA-,-NA-,Hospital Approved for Empanelment,No,NA,"M2, S1, S14, S2, S4, S5, S6, S7"
1256,HOSP36P133438,Medivision Eye Care Centre Private Limited Company,TELANGANA,HYDERABAD,,,,1111111111,"S3,",Private(For Profit),PMJAY,-NA-,-NA-,Hospital Approved for Empanelment,No,NA,S3
1257,HOSP36P133439,SRI SRI HOLISTIC HOSPITAL A UNIT OF SREE RAMCHANDRA HEALTH SERVICES PRIVATE LIMITED,TELANGANA,MEDCHAL MALKAJGIRI,,,,1111111111,"M1,S7,S12,S13,S5,S6,S7,",Private(For Profit),PMJAY,-NA-,-NA-,Hospital Approved for Empanelment,No,NA,"M1, S7, S12, S13, S5, S6"
1258,HOSP36P133440,KAKATIYA HOSPITALS,TELANGANA,MEDCHAL MALKAJGIRI,,,,1111111111,"S5,S6,",Private(For Profit),PMJAY,-NA-,-NA-,Hospital Approved for Empanelment,No,NA,"S5, S6"
1259,HOSP36P133441,SBR PULSE HOSPITAL,TELANGANA,RANGA REDDY,,,,1111111111,"M1,M7,M1,S7,S5,S6,S7,S8,S9,",Private(For Profit),PMJAY,-NA-,-NA-,Hospital Approved for Empanelment,No,NA,"M1, M7, S7, S5, S6, S8, S9"
1260,HOSP36P133442,AMRITHA TRINETHRA MULTI SPECIALITY HOSPITAL,TELANGANA,Jagitial,,,,1111111111,"M1,M7,M2,S1,S14,S2,S4,S5,S6,S7,",Private(For Profit),PMJAY,-NA-,-NA-,Hospital Approved for Empanelment,No,NA,"M1, M7, M2, S1, S14, S2, S4, S5, S6, S7"
1261,HOSP36P133443,veena medicares,TELANGANA,WARANGAL URBAN,,,,1111111111,"S6,",Private(For Profit),PMJAY,-NA-,-NA-,Hospital Approved for Empanelment,No,NA,S6
1262,HOSP36P133444,SURYA NURSING HOME,TELANGANA,KARIMNAGAR,,,,9885748777,"M1,M2,S8,M1,M7,M1,S7,S1,S5,S6,S7,S8,S9,",Private(For Profit),PMJAY,-NA-,-NA-,Hospital Approved for Empanelment,No,NA,"M1, M2, S8, M7, S7, S1, S5, S6, S9"
1263,HOSP36P133445,Ramdevrao Hospital,TELANGANA,MEDCHAL MALKAJGIRI,,,,1111111111,"M1,M7,M1,S7,S1,S10,S11,S3,S4,S5,S6,S7,",Private(For Profit),PMJAY,-NA-,-NA-,Hospital Approved for Empanelment,No,NA,"M1, M7, S7, S1, S10, S11, S3, S4, S5, S6"
1264,HOSP36P133446,JEEVAN HOSPITAL,TELANGANA,RANGA REDDY,,,,1111111111,"M1,S7,S5,S7,",Private(For Profit),PMJAY,-NA-,-NA-,Hospital Approved for Empanelment,No,NA,"M1, S7, S5"
1265,HOSP36P133447,JAYABHARATHI MULTISPECIALITY HOSPITAL,TELANGANA,BHADRADRI KOTHAGUDEM,,,,1111111111,"S1,S4,S5,S6,",Private(For Profit),PMJAY,-NA-,-NA-,Hospital Approved for Empanelment,No,NA,"S1, S4, S5, S6"
1266,HOSP36P133448,SRI NAVODAYA INSTITUTE OF MEDICAL SCIENCES PVT LTD,TELANGANA,MAHABUBNAGAR,,,,1111111111,"M1,M2,S8,M1,M7,M1,S7,M2,S1,S14,S4,S5,S6,S7,S8,S9,",Private(For Profit),PMJAY,-NA-,-NA-,Hospital Approved for Empanelment,No,NA,"M1, M2, S8, M7, S7, S1, S14, S4, S5, S6, S9"
1267,HOSP36P133449,NEHA SHINE HOSPITALS,TELANGANA,MAHABUBNAGAR,,,,1111111111,"M1,M7,M2,S1,S14,S5,S6,S7,",Private(For Profit),PMJAY,-NA-,-NA-,Hospital Approved for Empanelment,No,NA,"M1, M7, M2, S1, S14, S5, S6, S7"
1268,HOSP36P133450,SRI RAKSHA HOSPITALS,TELANGANA,KHAMMAM,,,,9246947773,"M1,M1,M7,M1,S7,S1,S5,S6,S7,",Private(For Profit),PMJAY,-NA-,-NA-,Hospital Approved for Empanelment,No,NA,"M1, M7, S7, S1, S5, S6"
1269,HOSP36P133451,RR LIFELINE HOSPITAL,TELANGANA,NIZAMABAD,,,,1111111111,"M1,M7,S5,S6,S7,",Private(For Profit),PMJAY,-NA-,-NA-,Hospital Approved for Empanelment,No,NA,"M1, M7, S5, S6, S7"
1270,HOSP36P133452,VIJAYA HOSPITALS,TELANGANA,PEDDAPALLI,,,,1111111111,"S1,S4,S5,",Private(For Profit),PMJAY,-NA-,-NA-,Hospital Approved for Empanelment,No,NA,"S1, S4, S5"
1271,HOSP36P133453,HEERA NURSING HOME,TELANGANA,NIZAMABAD,,,,1111111111,"S5,S6,",Private(For Profit),PMJAY,-NA-,-NA-,Hospital Approved for Empanelment,No,NA,"S5, S6"
1272,HOSP36P133454,SPARK HOSPITALS,TELANGANA,MEDCHAL MALKAJGIRI,,,,1111111111,"M1,M7,M2,S1,S14,S5,S6,S7,",Private(For Profit),PMJAY,-NA-,-NA-,Hospital Approved for Empanelment,No,NA,"M1, M7, M2, S1, S14, S5, S6, S7"
1273,HOSP36P133455,SIDDHARTHA HOSPITAL,TELANGANA,SIDDIPET,,,,1111111111,"S5,S6,",Private(For Profit),PMJAY,-NA-,-NA-,Hospital Approved for Empanelment,No,NA,"S5, S6"
1274,HOSP36P133456,AASHRITHA HOSPITAL,TELANGANA,MEDCHAL MALKAJGIRI,,,,1111111111,"M1,M7,S5,S6,S7,",Private(For Profit),PMJAY,-NA-,-NA-,Hospital Approved for Empanelment,No,NA,"M1, M7, S5, S6, S7"
1275,HOSP36P133457,EKASHILAA HOSPITAL,TELANGANA,WARANGAL URBAN,,,,1111111111,"M1,M2,S8,M1,M7,M1,S7,S1,S12,S13,S6,S7,",Private(For Profit),PMJAY,-NA-,-NA-,Hospital Approved for Empanelment,No,NA,"M1, M2, S8, M7, S7, S1, S12, S13, S6"
1276,HOSP36P133458,SRI GANESH ORTHO PAEDIC HOSPITAL,TELANGANA,WARANGAL URBAN,,,,1111111111,"S5,S6,",Private(For Profit),PMJAY,-NA-,-NA-,Hospital Approved for Empanelment,No,NA,"S5, S6"
1277,HOSP36P133459,LALITHA NURSING HOME,TELANGANA,WARANGAL RURAL,,,,1111111111,"M1,M2,S8,M1,M7,S1,S4,S6,",Private(For Profit),PMJAY,-NA-,-NA-,Hospital Approved for Empanelment,No,NA,"M1, M2, S8, M7, S1, S4, S6"
1278,HOSP36P133460,CURE WELL HOSPITAL,TELANGANA,WARANGAL URBAN,,,,1111111111,"M1,M7,S1,S4,S5,S6,",Private(For Profit),PMJAY,-NA-,-NA-,Hospital Approved for Empanelment,No,NA,"M1, M7, S1, S4, S5, S6"
1279,HOSP36P133461,MEDICOVER HOSPITALS (A unit of Sahrudaya Health Care (Karimnagar) Pvt. Ltd.)-Karimnagar,TELANGANA,KARIMNAGAR,,,,1111111111,"M1,S7,S12,S13,S5,S6,S7,",Private(For Profit),PMJAY,-NA-,-NA-,Hospital Approved for Empanelment,No,NA,"M1, S7, S12, S13, S5, S6"
1280,HOSP36P133462,VISHWASSUPERSPECIALITYHOSPITALANDDIALYSISCENTRE,TELANGANA,WARANGAL URBAN,,,,9618334451,"M1,S7,S7,",Private(For Profit),PMJAY,-NA-,-NA-,Hospital Approved for Empanelment,No,NA,"M1, S7"
1281,HOSP36P133463,SRI LAKSHMI NURSING HOME,TELANGANA,WARANGAL URBAN,,,,1111111111,"S2,S5,S6,",Private(For Profit),PMJAY,-NA-,-NA-,Hospital Approved for Empanelment,No,NA,"S2, S5, S6"
1282,HOSP36P133464,CITIZENS SPECIALITY HOSPITALS (A UNIT OF ARTMED HEALTHCARE  PVT LTD),TELANGANA,RANGA REDDY,,,,1111111111,"M5,M6,S12,S13,S15,",Private(For Profit),PMJAY,-NA-,-NA-,Hospital Approved for Empanelment,No,NA,"M5, M6, S12, S13, S15"
1283,HOSP36P133465,ARCHANA HOSPITALS PRIVATE LIMITED,TELANGANA,RANGA REDDY,,,,1111111111,"M1,S7,S12,S13,S5,S7,",Private(For Profit),PMJAY,-NA-,-NA-,Hospital Approved for Empanelment,No,NA,"M1, S7, S12, S13, S5"
1284,HOSP36P133466,Sunshine Hospital A unit of Suryateja Health Care Pvt. Ltd,TELANGANA,KARIMNAGAR,,,,1111111111,"S13,S5,S6,",Private(For Profit),PMJAY,-NA-,-NA-,Hospital Approved for Empanelment,No,NA,"S13, S5, S6"
1285,HOSP36P133468,SIVA EMERGENCY AND MULTISPECIALITY HOSPITAL,TELANGANA,KHAMMAM,,,,1111111111,"S5,S6,",Private(For Profit),PMJAY,-NA-,-NA-,Hospital Approved for Empanelment,No,NA,"S5, S6"
1286,HOSP36P133469,KALYANI HOSPITAL,TELANGANA,WARANGAL URBAN,,,,1111111111,"M2,S1,S4,S5,S6,",Private(For Profit),PMJAY,-NA-,-NA-,Hospital Approved for Empanelment,No,NA,"M2, S1, S4, S5, S6"
1287,HOSP36P133471,ARAVIND EYE HOSPITAL PRIVATE LIMITED,TELANGANA,HYDERABAD,,,,1111111111,"S3,",Private(For Profit),PMJAY,-NA-,-NA-,Hospital Approved for Empanelment,No,NA,S3
1288,HOSP36P133472,Ravindranath Ge Medical Associates Pvt Ltd. Global Hospital Lakdikapool,TELANGANA,HYDERABAD,,,,9849034567,"M1,M7,S1,S13,S7,",Private(For Profit),PMJAY,-NA-,-NA-,Hospital Approved for Empanelment,No,NA,"M1, M7, S1, S13, S7"
1289,HOSP36P133473,NEW LIFE EMERGENCY AND MULTISPECIALITY HOSPITAL,TELANGANA,KHAMMAM,,,,1111111111,"M1,M1,M7,S1,S5,S6,",Private(For Profit),PMJAY,-NA-,-NA-,Hospital Approved for Empanelment,No,NA,"M1, M7, S1, S5, S6"
1290,HOSP36P133474,TARUN ORTHOPEDIC AND ACCIDENT CARE HOSPITAL,TELANGANA,KHAMMAM,,,,1111111111,"S1,S5,S6,",Private(For Profit),PMJAY,-NA-,-NA-,Hospital Approved for Empanelment,No,NA,"S1, S5, S6"
1291,HOSP36P133475,GOKUL VENKATESHWARA MULTI SPECIALITY HOSPITAL,TELANGANA,SANGAREDDY,,,,1111111111,"M1,M7,M2,S1,S4,S5,S6,S7,",Private(For Profit),PMJAY,-NA-,-NA-,Hospital Approved for Empanelment,No,NA,"M1, M7, M2, S1, S4, S5, S6, S7"
1292,HOSP36P133476,PRASUNA ORTHOPAEDIC AND MULTISPECIALITY HOSPITAL,TELANGANA,KHAMMAM,,,,1111111111,"M1,M7,S10,S11,S5,S6,S7,",Private(For Profit),PMJAY,-NA-,-NA-,Hospital Approved for Empanelment,No,NA,"M1, M7, S10, S11, S5, S6, S7"
1293,HOSP36P133477,CENTURY SUPER SPECIALITY HOSPITALS PVT LTD,TELANGANA,HYDERABAD,,,,1111111111,"M5,M6,S12,S13,S15,S3,",Private(For Profit),PMJAY,-NA-,-NA-,Hospital Approved for Empanelment,No,NA,"M5, M6, S12, S13, S15, S3"
1294,HOSP36P133478,SUPRAJA HOSPITAL,TELANGANA,MEDCHAL MALKAJGIRI,,,,1111111111,"M1,S7,M2,S1,S12,S13,S14,S5,S6,S7,",Private(For Profit),PMJAY,-NA-,-NA-,Hospital Approved for Empanelment,No,NA,"M1, S7, M2, S1, S12, S13, S14, S5, S6"
1295,HOSP36P133479,SREE SURAKSHA CRITICAL CARE HOSPITAL,TELANGANA,SIDDIPET,,,,1111111111,"M1,M7,S1,S5,S6,",Private(For Profit),PMJAY,-NA-,-NA-,Hospital Approved for Empanelment,No,NA,"M1, M7, S1, S5, S6"
1296,HOSP36P133480,SRI MAHALAXMI EYE HOSPITAL,TELANGANA,RANGA REDDY,,,,1111111111,"S3,",Private(For Profit),PMJAY,-NA-,-NA-,Hospital Approved for Empanelment,No,NA,S3
1297,HOSP36P133481,APOLLO INSTITUTE OF MECDICAL SCIENCES AND RESEARCH,TELANGANA,HYDERABAD,,,,7981542967,"M1,M1,M2,S8,M1,M7,M1,S7,M2,M3,M4,M5,M6,S1,S10,S11,S12,S13,S14,S15,S2,S3,S4,S5,S6,S7,S8,S9,",Private(For Profit),PMJAY,-NA-,-NA-,Hospital Approved for Empanelment,No,NA,"M1, M2, S8, M7, S7, M3, M4, M5, M6, S1, S10, S11, S12, S13, S14, S15, S2, S3, S4, S5, S6, S9"
1298,HOSP36P133482,DR SHARAT MAXIVISION EYE HOSPITALS LLP-WARANGAL URBAN,TELANGANA,WARANGAL URBAN,,,,1111111111,"S3,",Private(For Profit),PMJAY,-NA-,-NA-,Hospital Approved for Empanelment,No,NA,S3
1299,HOSP36P133483,SAI SANJEEVANI HOSPITAL,TELANGANA,Jagitial,,,,1111111111,"S5,S6,",Private(For Profit),PMJAY,-NA-,-NA-,Hospital Approved for Empanelment,No,NA,"S5, S6"
1300,HOSP36P133484,PRAMODA HOSPITAL,TELANGANA,WARANGAL URBAN,,,,1111111111,"M2,S1,S4,S5,S6,",Private(For Profit),PMJAY,-NA-,-NA-,Hospital Approved for Empanelment,No,NA,"M2, S1, S4, S5, S6"
1301,HOSP36P133485,VIJAYAKRISHNA MULTISPECIALITY HOSPITAL,TELANGANA,SURYAPET,,,,1111111111,"M1,M7,M1,S7,M2,S1,S5,S6,S7,",Private(For Profit),PMJAY,-NA-,-NA-,Hospital Approved for Empanelment,No,NA,"M1, M7, S7, M2, S1, S5, S6"
1302,HOSP36P133486,GLOBAL EYE AND LASER HOSPITAL PVT LTD,TELANGANA,MEDCHAL MALKAJGIRI,,,,1111111111,"S3,",Private(For Profit),PMJAY,-NA-,-NA-,Hospital Approved for Empanelment,No,NA,S3
1303,HOSP36P133487,SUNEETHA HOSPITAL,TELANGANA,MAHABUBNAGAR,,,,1111111111,"M1,M7,M2,M3,S1,S4,S5,S6,",Private(For Profit),PMJAY,-NA-,-NA-,Hospital Approved for Empanelment,No,NA,"M1, M7, M2, M3, S1, S4, S5, S6"
1304,HOSP36P133488,STAR HEALTH CARE HOSPITAL,TELANGANA,WARANGAL URBAN,,,,1111111111,"S5,S6,",Private(For Profit),PMJAY,-NA-,-NA-,Hospital Approved for Empanelment,No,NA,"S5, S6"
1305,HOSP36P133489,APARNA HOSPITAL AND SCAN CENTRE,TELANGANA,NALGONDA,,,,1111111111,"S5,S6,",Private(For Profit),PMJAY,-NA-,-NA-,Hospital Approved for Empanelment,No,NA,"S5, S6"
1306,HOSP36P133490,VANITHA HOSPITAL,TELANGANA,Narayanpet,,,,1111111111,"M1,M7,M2,S1,S4,S5,S6,",Private(For Profit),PMJAY,-NA-,-NA-,Hospital Approved for Empanelment,No,NA,"M1, M7, M2, S1, S4, S5, S6"
1307,HOSP36P133491,RUDRA MULTI SPECIALITY HOSPITAL,TELANGANA,KAMAREDDY,,,,1111111111,"M1,M7,M1,S7,M2,S4,S5,S6,S7,",Private(For Profit),PMJAY,-NA-,-NA-,Hospital Approved for Empanelment,No,NA,"M1, M7, S7, M2, S4, S5, S6"
1308,HOSP36P133492,Sree Netralaya Eye Hospital and Laser Centre,TELANGANA,RANGA REDDY,,,,1111111111,"S3,",Private(For Profit),PMJAY,-NA-,-NA-,Hospital Approved for Empanelment,No,NA,S3
1309,HOSP36P133493,SVR MULTI SPECIALITY,TELANGANA,WARANGAL URBAN,,,,1111111111,"M1,S7,S7,",Private(For Profit),PMJAY,-NA-,-NA-,Hospital Approved for Empanelment,No,NA,"M1, S7"
1310,HOSP36P133494,VAMSHI CBC CCANCER,TELANGANA,MAHABUBNAGAR,,,,1111111111,"M1,M7,M1,S7,M2,S1,S4,S5,S6,",Private(For Profit),PMJAY,-NA-,-NA-,Hospital Approved for Empanelment,No,NA,"M1, M7, S7, M2, S1, S4, S5, S6"
1311,HOSP36P133495,SAI NURSING HOME,TELANGANA,HYDERABAD,,,,1111111111,"M1,M7,M1,S7,S1,S5,S6,S7,",Private(For Profit),PMJAY,-NA-,-NA-,Hospital Approved for Empanelment,No,NA,"M1, M7, S7, S1, S5, S6"
1312,HOSP36P133496,SRI CHARITHA,TELANGANA,SANGAREDDY,,,,1111111111,"M1,M7,M2,S1,S5,S6,S7,",Private(For Profit),PMJAY,-NA-,-NA-,Hospital Approved for Empanelment,No,NA,"M1, M7, M2, S1, S5, S6, S7"
1313,HOSP36P133497,Jaya Hospital,TELANGANA,WARANGAL URBAN,,,,9866611333,"M1,M2,S8,M1,M7,M1,S7,M2,S1,S12,S13,S14,S4,S5,S6,S7,S8,S9,",Private(For Profit),PMJAY,-NA-,-NA-,Hospital Approved for Empanelment,No,NA,"M1, M2, S8, M7, S7, S1, S12, S13, S14, S4, S5, S6, S9"
1314,HOSP36P133498,Sanjana Palamoor Nursing Home,TELANGANA,MAHABUBNAGAR,,,,1111111111,"M1,M7,M2,S1,S4,S5,S6,",Private(For Profit),PMJAY,-NA-,-NA-,Hospital Approved for Empanelment,No,NA,"M1, M7, M2, S1, S4, S5, S6"
1315,HOSP36P133499,Kamineni Hospitals Pvt Ltd,TELANGANA,RANGA REDDY,,,,9490294997,"M1,M1,M2,S8,M1,M7,M1,S7,M2,S1,S10,S11,S12,S13,S14,S2,S3,S4,S5,S6,S7,",Private(For Profit),PMJAY,-NA-,-NA-,Hospital Approved for Empanelment,No,NA,"M1, M2, S8, M7, S7, S1, S10, S11, S12, S13, S14, S2, S3, S4, S5, S6"
1316,HOSP36P134072,PRASAD HOSPITALS,TELANGANA,MEDCHAL MALKAJGIRI,,,,9704682312,",BM,CP,MG,MN,MP,OC,SB,SG,SN,SO,SS,SU,",Private(For Profit),Only CGHS,-NA-,-NA-,Hospital Approved for Empanelment,Yes,NA,"BM, CP, MG, MN, MP, OC, SB, SG, SN, SO, SS, SU"
1317,HOSP36P135803,MYTHRIHOSPITALMEHDIPATNAM,TELANGANA,HYDERABAD,,,,9866734824,"MG,",Private(For Profit),Only CGHS,-NA-,-NA-,Hospital Approved for Empanelment,Yes,NA,MG
1318,HOSP36P136102,SRI SRI HOLISTIC HOSPITALS,TELANGANA,MEDCHAL MALKAJGIRI,,,,8886610100,",BM,CP,MC,MG,MP,OC,SB,SE,SG,SL,SM,SN,SO,SP,SS,SU,SV,",Private(For Profit),Only CGHS,-NA-,-NA-,Hospital Approved for Empanelment,Yes,",MN,","BM, CP, MC, MG, MP, OC, SB, SE, SG, SL, SM, SN, SO, SP, SS, SU, SV, MN"
1319,HOSP36P136880,PRATHIMA HOSPITALS  A unit of Sri Sai Balaji Health Care India Private Limited,TELANGANA,HYDERABAD,,,,7337336644,",CP,MC,MG,MN,MO,MP,OC,SB,SN,SO,SU,SV,",Private(For Profit),Only CGHS,-NA-,-NA-,Hospital Approved for Empanelment,Yes,NA,"CP, MC, MG, MN, MO, MP, OC, SB, SN, SO, SU, SV"
1320,HOSP36P136963,Prathima Hospitals   a unit of Mamatha Medicare Private Limited,TELANGANA,MEDCHAL MALKAJGIRI,,,,7337336644,",CP,MC,MG,MN,MO,MP,OC,SB,SN,SO,SU,SV,",Private(For Profit),Only CGHS,-NA-,-NA-,Hospital Approved for Empanelment,Yes,NA,"CP, MC, MG, MN, MO, MP, OC, SB, SN, SO, SU, SV"
1321,HOSP36P137016,OMNI HOSPITALS,TELANGANA,MEDCHAL MALKAJGIRI,,,,8143706531,",CP,MC,MG,MN,MO,MP,OC,SB,SG,SL,SN,SO,SP,SS,SU,",Private(For Profit),Only CGHS,-NA-,-NA-,Hospital Approved for Empanelment,No,NA,"CP, MC, MG, MN, MO, MP, OC, SB, SG, SL, SN, SO, SP, SS, SU"
1322,HOSP36P138139,TX HOSPITALS,TELANGANA,HYDERABAD,,,,9866986145,"MC,",Private(For Profit),Only CGHS,-NA-,-NA-,Hospital Approved for Empanelment,No,NA,MC
1323,HOSP36P138574,MEDICOVER CANCER INSTITUTE,TELANGANA,HYDERABAD,,,,9550120315,",CP,MG,MO,MR,OC,SN,SP,",Private(For Profit),Only CGHS,-NA-,-NA-,Hospital Approved for Empanelment,Yes,NA,"CP, MG, MO, MR, OC, SN, SP"
1324,HOSP36P139325,SRI SAI RAKSHA MULTISPECIALITY HOSPITAL,TELANGANA,NALGONDA,,,,NA,"S5,S6,",Private(For Profit),PMJAY,-NA-,-NA-,Hospital Approved for Empanelment,No,NA,"S5, S6"
1325,HOSP36P139414,SIDDARTHA HOSPITAL,TELANGANA,MAHABUBABAD,,,,NA,"M1,M7,S5,S6,S7,",Private(For Profit),PMJAY,-NA-,-NA-,Hospital Approved for Empanelment,No,NA,"M1, M7, S5, S6, S7"
1326,HOSP36P139438,DR PATNAM MAHENDER REDDY INSTITUTE OF MEDICAL SCIENCES,TELANGANA,RANGA REDDY,,,,NA,"M1,M7,M2,S1,S2,S3,S4,S5,",Private(For Profit),PMJAY,-NA-,-NA-,Hospital Approved for Empanelment,No,NA,"M1, M7, M2, S1, S2, S3, S4, S5"
1327,HOSP36P139439,SHREE HEALTHCARE MULTI SPECIALITY HOSPITAL,TELANGANA,MEDCHAL MALKAJGIRI,,,,NA,"S5,S6,",Private(For Profit),PMJAY,-NA-,-NA-,Hospital Approved for Empanelment,No,NA,"S5, S6"
1328,HOSP36P139440,SHRI ADITYA MULTI SPECIALITY HOSPITAL,TELANGANA,Nirmal,,,,9542949179,"S12,S5,S6,",Private(For Profit),PMJAY,-NA-,-NA-,Hospital Approved for Empanelment,No,NA,"S12, S5, S6"
1329,HOSP36P139441,SUSHRUTHA HOSPITAL,TELANGANA,SIDDIPET,,,,8185854868,"M1,M1,M7,S1,S10,S11,S16,S2,S5,S6,S8,S9,",Private(For Profit),PMJAY,-NA-,-NA-,Hospital Approved for Empanelment,No,NA,"M1, M7, S1, S10, S11, S16, S2, S5, S6, S8, S9"
1330,HOSP36P139446,OMEGA BANNU HOSPITALS,TELANGANA,WARANGAL URBAN,,,,NA,"M5,M6,S15,",Private(For Profit),PMJAY,-NA-,-NA-,Hospital Approved for Empanelment,No,NA,"M5, M6, S15"
1331,HOSP36P139447,ONUS HOSPITALS,TELANGANA,HYDERABAD,,,,NA,"S5,S6,",Private(For Profit),PMJAY,-NA-,-NA-,Hospital Approved for Empanelment,No,NA,"S5, S6"
1332,HOSP36P139448,PADMAJA HOSPITAL,TELANGANA,MEDCHAL MALKAJGIRI,,,,NA,"M1,M7,S5,S6,S7,",Private(For Profit),PMJAY,-NA-,-NA-,Hospital Approved for Empanelment,No,NA,"M1, M7, S5, S6, S7"
1333,HOSP36P139449,PRATIBHA SUPER SPECIALITY HOSPITAL,TELANGANA,NIZAMABAD,,,,NA,"M1,M7,M1,S7,S12,S5,S6,",Private(For Profit),PMJAY,-NA-,-NA-,Hospital Approved for Empanelment,No,NA,"M1, M7, S7, S12, S5, S6"
1334,HOSP36P139454,PANCHAVATI HOSPITAL,TELANGANA,MAHABUBNAGAR,,,,NA,"M1,M2,S8,M1,M7,S1,S2,S7,S8,S9,",Private(For Profit),PMJAY,-NA-,-NA-,Hospital Approved for Empanelment,No,NA,"M1, M2, S8, M7, S1, S2, S7, S9"
1335,HOSP36P139455,SRI MALIKA HOSPITAL,TELANGANA,SIDDIPET,,,,NA,"S5,S6,",Private(For Profit),PMJAY,-NA-,-NA-,Hospital Approved for Empanelment,No,NA,"S5, S6"
1336,HOSP36P139456,AJANTHA MULTI SPECIALITY AND CHILDREN HOSPITAL,TELANGANA,JANGOAN,,,,NA,"S5,S6,",Private(For Profit),PMJAY,-NA-,-NA-,Hospital Approved for Empanelment,No,NA,"S5, S6"
1337,HOSP36P139457,Ganga Hospital,TELANGANA,WARANGAL URBAN,,,,NA,"M2,S4,S5,S6,",Private(For Profit),PMJAY,-NA-,-NA-,Hospital Approved for Empanelment,No,NA,"M2, S4, S5, S6"
1338,HOSP36P139458,KAMALA HOSPITAL AND RESEARCH CENTRE FOR THALASSEMIA AND SICKLE CELL PATIENTS A UNIT OF THALASSEMIA AND SICKLE CELL SOCIETY,TELANGANA,KHAMMAM,,,,NA,NA,Private(For Profit),PMJAY,-NA-,-NA-,Hospital Approved for Empanelment,No,NA,-NA-
1339,HOSP36P139459,SUBHAKARA HOSPITALS,TELANGANA,JOGULAMBA GADWAL,,,,NA,"M1,S7,S7,",Private(For Profit),PMJAY,-NA-,-NA-,Hospital Approved for Empanelment,No,NA,"M1, S7"
1340,HOSP36P140124,DRISHTI EYE CENTRE ( A UNIT OF KORPOLE HEALTHCARE PRIVATE LIMITED),TELANGANA,HYDERABAD,,,,9052321666,"SE,",Private(Not For Profit),Only CGHS,-NA-,-NA-,Hospital Approved for Empanelment,Yes,NA,SE
1341,HOSP36P140204,UDAI OMNI HOSPITALS  PRIVATE   LIMITED ,TELANGANA,HYDERABAD,,,,9154152089,",CP,MG,OC,SB,SG,SN,SU,",Private(For Profit),Only CGHS,-NA-,-NA-,Hospital Approved for Empanelment,No,NA,"CP, MG, OC, SB, SG, SN, SU"
1342,HOSP36P140209,ONUS HOSPITALS,TELANGANA,HYDERABAD,,,,9502792322,"MG,",Private(Not For Profit),Only CGHS,-NA-,-NA-,Hospital Approved for Empanelment,No,NA,MG
1343,HOSP36P141820,PRK HOSPITALS,TELANGANA,RANGA REDDY,,,,9154169394,",CP,MC,MG,MN,MP,OC,SB,SG,SL,SN,SO,SU,",Private(For Profit),Only CGHS,-NA-,-NA-,Hospital Approved for Empanelment,Yes,NA,"CP, MC, MG, MN, MP, OC, SB, SG, SL, SN, SO, SU"
1344,HOSP36P141886,SRESHTA SRI KAMALA HOSPITALS,TELANGANA,HYDERABAD,,,,7799702778,",CP,MG,OC,SB,SG,SN,SO,SU,",Private(For Profit),Only CGHS,-NA-,-NA-,Hospital Approved for Empanelment,Yes,NA,"CP, MG, OC, SB, SG, SN, SO, SU"
1345,HOSP36P142445,Renova Soumya cancer center,TELANGANA,MEDCHAL MALKAJGIRI,,,,9154189643,",MO,MR,",Private(Not For Profit),Only CGHS,-NA-,-NA-,Hospital Approved for Empanelment,Yes,NA,"MO, MR"
1346,HOSP36P142918,SLG HOSPITALS,TELANGANA,MEDCHAL MALKAJGIRI,,,,9989422444,",BM,CP,MC,MG,MN,MO,MP,MR,OC,SB,SE,SG,SL,SM,SN,SO,SP,SS,SU,SV,",Private(For Profit),Only CGHS,-NA-,-NA-,Hospital Approved for Empanelment,No,NA,"BM, CP, MC, MG, MN, MO, MP, MR, OC, SB, SE, SG, SL, SM, SN, SO, SP, SS, SU, SV"
1347,HOSP36P143069,GLENEAGLES GLBOAL HOSPITALS,TELANGANA,HYDERABAD,,,,7995577371,",MG,OC,SB,SN,SP,SU,SV,",Private(For Profit),Only CGHS,-NA-,-NA-,Hospital Approved for Empanelment,No,"MC,","MG, OC, SB, SN, SP, SU, SV, MC"
1348,HOSP36P143422,C C SHROFF MEMORIAL HOSPITAL,TELANGANA,HYDERABAD,,,,7207978962,",CP,MC,MG,MN,MO,MP,OC,SB,SE,SG,SL,SM,SN,SO,SP,SU,",Private(Not For Profit),Only CGHS,-NA-,-NA-,Hospital Approved for Empanelment,No,NA,"CP, MC, MG, MN, MO, MP, OC, SB, SE, SG, SL, SM, SN, SO, SP, SU"
1349,HOSP36P143980,AJAY HOSPITALS MULI SPECIALITY,TELANGANA,YADADRI BHUVANAGIRI,,,,NA,"M1,M7,S5,S6,",Private(For Profit),PMJAY,-NA-,-NA-,Hospital Approved for Empanelment,No,NA,"M1, M7, S5, S6"
1350,HOSP36P143981,RAJESH KUMAR ORTHOPAEDIC HOSPITAL,TELANGANA,SIDDIPET,,,,NA,"S5,S6,",Private(For Profit),PMJAY,-NA-,-NA-,Hospital Approved for Empanelment,No,NA,"S5, S6"
1351,HOSP36P143982,RK HOSPITALS,TELANGANA,HYDERABAD,,,,NA,"S5,S6,",Private(For Profit),PMJAY,-NA-,-NA-,Hospital Approved for Empanelment,No,NA,"S5, S6"
1352,HOSP36P143983,SRI SRUSTI HOSPITALS(A UNIT OF SRUSTI INFERTILITY AND ORTHOPAEDIC CENTRE),TELANGANA,WARANGAL URBAN,,,,NA,"M1,M7,S1,S3,S4,S5,S6,",Private(For Profit),PMJAY,-NA-,-NA-,Hospital Approved for Empanelment,No,NA,"M1, M7, S1, S3, S4, S5, S6"
1353,HOSP36P144845,MEDICOVER HOSPITALS CHANDANAGAR,TELANGANA,SANGAREDDY,,,,8186888875,",MC,MG,MN,MO,MP,OC,SB,SG,SL,SN,SO,SP,SS,SU,SV,",Private(For Profit),Only CGHS,-NA-,-NA-,Hospital Approved for Empanelment,No,NA,"MC, MG, MN, MO, MP, OC, SB, SG, SL, SN, SO, SP, SS, SU, SV"
1354,HOSP36P145302,RENOVA HOSPITALS,TELANGANA,MEDCHAL MALKAJGIRI,,,,9000230724,",BM,CP,MC,MG,MN,MO,MP,MR,OC,SB,SG,SL,SM,SN,SO,SP,SS,SU,SV,",Private(Not For Profit),Only CGHS,-NA-,-NA-,Hospital Approved for Empanelment,Yes,NA,"BM, CP, MC, MG, MN, MO, MP, MR, OC, SB, SG, SL, SM, SN, SO, SP, SS, SU, SV"
1355,HOSP36P145420,Renova NIGL,TELANGANA,HYDERABAD,,,,9000230724,",BM,CP,MC,MG,MN,MO,MP,MR,OC,SB,SE,SG,SM,SN,SO,SP,SS,SU,SV,",Private(Not For Profit),Only CGHS,-NA-,-NA-,Hospital Approved for Empanelment,Yes,NA,"BM, CP, MC, MG, MN, MO, MP, MR, OC, SB, SE, SG, SM, SN, SO, SP, SS, SU, SV"
1356,HOSP36P146316,CARE HOSPITALS MALAKPET A UNIT OF QUALITY CARE INDIA LTD,TELANGANA,HYDERABAD,,,,8008020987,",CP,MC,MG,MO,MP,OC,SB,SG,SL,SM,SN,SO,SP,SS,SU,SV,",Private(For Profit),Only CGHS,-NA-,-NA-,Hospital Approved for Empanelment,No,NA,"CP, MC, MG, MO, MP, OC, SB, SG, SL, SM, SN, SO, SP, SS, SU, SV"
1357,HOSP36P146563,SHANMUKHA VAISHNAVI HOSPITALS,TELANGANA,RANGA REDDY,,,,7337448993,",BM,CP,MG,OC,SB,SG,SL,SN,SP,SU,",Private(For Profit),Only CGHS,-NA-,-NA-,Hospital Approved for Empanelment,No,NA,"BM, CP, MG, OC, SB, SG, SL, SN, SP, SU"
1358,HOSP36P146704,TX HOSPITAL UPPAL,TELANGANA,MEDCHAL MALKAJGIRI,,,,9866986145,",BM,CP,MC,MG,MO,OC,SB,SG,SL,SN,SO,SP,SU,SV,",Private(For Profit),Only CGHS,-NA-,-NA-,Hospital Approved for Empanelment,No,NA,"BM, CP, MC, MG, MO, OC, SB, SG, SL, SN, SO, SP, SU, SV"
1359,HOSP36P146710,SHANMUKHA VAISHNAVI HOSPITALS,TELANGANA,RANGA REDDY,,,,9908958097,",BM,CP,MG,OC,SB,SG,SL,SN,SP,SU,",Private(For Profit),Only CGHS,-NA-,-NA-,Hospital Approved for Empanelment,No,NA,"BM, CP, MG, OC, SB, SG, SL, SN, SP, SU"
1360,HOSP36P147223,Vivekanada hospital,TELANGANA,HYDERABAD,,,,8978976633,",CP,MG,MN,MO,MP,OC,SB,SG,SL,SN,SO,SP,SS,SU,",Private(Not For Profit),Only CGHS,-NA-,-NA-,Hospital Approved for Empanelment,No,NA,"CP, MG, MN, MO, MP, OC, SB, SG, SL, SN, SO, SP, SS, SU"
1361,HOSP36P147649,Sidarth Hospitals A Unit of Uma Gowri Hospital P Ltd,TELANGANA,HYDERABAD,,,,7337335765,",CP,OC,SB,SG,SM,SN,SO,SU,",Private(For Profit),Only CGHS,-NA-,-NA-,Hospital Approved for Empanelment,No,NA,"CP, OC, SB, SG, SM, SN, SO, SU"
1362,HOSP36P148534,Mamata Academy of Medical Sciences Hospital,TELANGANA,MEDCHAL MALKAJGIRI,,,,9963116787,",BM,CP,MC,MG,MN,MO,MP,OC,SB,SE,SG,SL,SM,SN,SO,SP,SS,SU,SV,",Private(Not For Profit),Only CGHS,-NA-,-NA-,Hospital Approved for Empanelment,No,NA,"BM, CP, MC, MG, MN, MO, MP, OC, SB, SE, SG, SL, SM, SN, SO, SP, SS, SU, SV"
1363,HOSP36P149544,MEDICOVER HOSPITALS BEGUMPET,TELANGANA,HYDERABAD,,,,8885594988,",BM,CP,MC,MG,MN,MO,MP,OC,SB,SG,SL,SN,SO,SP,SS,SU,SV,",Private(For Profit),Only CGHS,-NA-,-NA-,Hospital Approved for Empanelment,No,NA,"BM, CP, MC, MG, MN, MO, MP, OC, SB, SG, SL, SN, SO, SP, SS, SU, SV"
1364,HOSP36P149964,VIJAYA DIAGNOSTIC CENTRE LIMITED,TELANGANA,HYDERABAD,,,,8008102271,NA,Private(For Profit),Only CGHS,-NA-,-NA-,Hospital Approved for Empanelment,No,NA,-NA-
1365,HOSP36P150331,SRI SRI HOLISTIC HOSPITALS,TELANGANA,MEDCHAL MALKAJGIRI,,,,8886666126,",CP,MC,MG,MN,MP,OC,SB,SE,SG,SL,SN,SO,SP,SS,SU,SV,",Private(For Profit),Only CGHS,-NA-,-NA-,Hospital Approved for Empanelment,Yes,NA,"CP, MC, MG, MN, MP, OC, SB, SE, SG, SL, SN, SO, SP, SS, SU, SV"
1366,HOSP36P150333,saritha dental clinic llp,TELANGANA,MEDCHAL MALKAJGIRI,,,,6309801560,"OC,",,Only CGHS,-NA-,-NA-,Hospital Approved for Empanelment,No,NA,OC
1367,HOSP36P150392,AVS WELLNESS HOSPITALS,TELANGANA,RANGA REDDY,,,,9490667172,",BM,CP,MC,MG,MO,MP,OC,SB,SG,SM,SN,SO,SP,SU,SV,",Private(Not For Profit),Only CGHS,-NA-,-NA-,Hospital Approved for Empanelment,No,NA,"BM, CP, MC, MG, MO, MP, OC, SB, SG, SM, SN, SO, SP, SU, SV"
1368,HOSP36P151284,Nikhil hospitals,TELANGANA,HYDERABAD,,,,9849023380,",CP,MG,OC,SB,SG,SO,SU,",Private(For Profit),Only CGHS,-NA-,-NA-,Hospital Approved for Empanelment,No,NA,"CP, MG, OC, SB, SG, SO, SU"
1369,HOSP36P151292,Renova Hospitals,TELANGANA,HYDERABAD,,,,9000230724,",BM,CP,MC,MG,MN,MO,MP,OC,SB,SG,SP,SS,SU,SV,",Private(For Profit),Only CGHS,-NA-,-NA-,Hospital Approved for Empanelment,Yes,NA,"BM, CP, MC, MG, MN, MO, MP, OC, SB, SG, SP, SS, SU, SV"
1370,HOSP36P152068,SRESHTA ORANGE HOSPITALS,TELANGANA,RANGA REDDY,,,,9063233363,",BM,CP,MC,MG,MO,MP,OC,SB,SE,SG,SL,SN,SO,SP,SS,SU,SV,",Private(For Profit),Only CGHS,-NA-,-NA-,Hospital Approved for Empanelment,No,NA,"BM, CP, MC, MG, MO, MP, OC, SB, SE, SG, SL, SN, SO, SP, SS, SU, SV"
1371,HOSP36P156785,VR Multi Speciality Hospital,TELANGANA,MEDCHAL MALKAJGIRI,,,,9700115963,",BM,CP,MG,MN,MO,MP,OC,SB,SG,SN,SO,SP,SS,SU,",Private(For Profit),Only CGHS,-NA-,-NA-,Hospital Approved for Empanelment,No,NA,"BM, CP, MG, MN, MO, MP, OC, SB, SG, SN, SO, SP, SS, SU"
1372,HOSP36P157053,Nikhil Hospitals,TELANGANA,HYDERABAD,,,,9849023380,",CP,MG,OC,SB,SG,SO,SU,",Private(For Profit),Only CGHS,-NA-,-NA-,Hospital Approved for Empanelment,No,NA,"CP, MG, OC, SB, SG, SO, SU"
1373,HOSP36P157594,SWAPNA MULTI SPECAILITY HOSPITAL,TELANGANA,Nirmal,,,,9849688123,"M1,M7,M2,M3,S4,S5,S6,",Private(For Profit),PMJAY,-NA-,-NA-,Hospital Approved for Empanelment,No,NA,"M1, M7, M2, M3, S4, S5, S6"
1374,HOSP36P158197,TX HOSPITAL BANJARA HILLS,TELANGANA,RANGA REDDY,,,,9866986145,",BM,CP,MC,MG,MN,MO,MP,OC,SB,SG,SL,SN,SO,SP,SS,SU,SV,",Private(For Profit),Only CGHS,-NA-,-NA-,Hospital Approved for Empanelment,No,NA,"BM, CP, MC, MG, MN, MO, MP, OC, SB, SG, SL, SN, SO, SP, SS, SU, SV"
1375,HOSP36P159630,MURUGUN HOSPITALS ,TELANGANA,HYDERABAD,,,,9866543149,",MC,MG,MO,OC,SB,SG,SL,SN,SO,SP,SU,SV,",Private(For Profit),Only CGHS,-NA-,-NA-,Hospital Approved for Empanelment,No,NA,"MC, MG, MO, OC, SB, SG, SL, SN, SO, SP, SU, SV"
1376,HOSP36P159995,Gleneagles AWARE Hospital,TELANGANA,RANGA REDDY,,,,9666858515,",CP,MC,MG,OC,SB,SG,SN,SU,SV,",Private(For Profit),Only CGHS,-NA-,-NA-,Hospital Approved for Empanelment,No,",MO,MP,","CP, MC, MG, OC, SB, SG, SN, SU, SV, MO, MP"
1377,HOSP36P160770,AVS WELLNESS HOSPITALS,TELANGANA,HYDERABAD,,,,NA,NA,Private(For Profit),PMJAY,-NA-,-NA-,Hospital Approved for Empanelment,No,NA,-NA-
1378,HOSP36P160800,Medicare Hospital,TELANGANA,WARANGAL URBAN,,,,NA,NA,Private(For Profit),PMJAY,-NA-,-NA-,Hospital Approved for Empanelment,No,NA,-NA-
1379,HOSP36P160801,ORCHID HOSPITAL,TELANGANA,KARIMNAGAR,,,,NA,NA,Private(For Profit),PMJAY,-NA-,-NA-,Hospital Approved for Empanelment,No,NA,-NA-
1380,HOSP36P160814,C K HOSPITAL,TELANGANA,NALGONDA,,,,NA,NA,Private(For Profit),PMJAY,-NA-,-NA-,Hospital Approved for Empanelment,No,NA,-NA-
1381,HOSP36P160818,KIMS HOSPITAL A Unit of Srinitha Hospitals and Research Pvt Ltd,TELANGANA,KUMURAM BHEEM ASIFABAD,,,,NA,NA,Private(For Profit),PMJAY,-NA-,-NA-,Hospital Approved for Empanelment,No,NA,-NA-
1382,HOSP36P160819,MURUGAN HOSPITAL,TELANGANA,KARIMNAGAR,,,,NA,NA,Private(For Profit),PMJAY,-NA-,-NA-,Hospital Approved for Empanelment,No,NA,-NA-
1383,HOSP36P160831,SANJEEVINI MULTI SPECIALITY HOSPITAL,TELANGANA,NALGONDA,,,,NA,NA,Private(For Profit),PMJAY,-NA-,-NA-,Hospital Approved for Empanelment,No,NA,-NA-
1384,HOSP36P160832,SUNRIDGE MULTI SPECALITY HOSPITAL A Unit of Varalaxmi Healthcare Pvt ltd,TELANGANA,MEDCHAL MALKAJGIRI,,,,NA,NA,Private(For Profit),PMJAY,-NA-,-NA-,Hospital Approved for Empanelment,No,NA,-NA-
1385,HOSP36P160981,SREE BALAJI HOSPITAL,TELANGANA,WARANGAL URBAN,,,,NA,NA,Private(For Profit),PMJAY,-NA-,-NA-,Hospital Approved for Empanelment,No,NA,-NA-
1386,HOSP36P161074,SREE LAKSHMI GAYATRI HOSPITALS PVT LTD,TELANGANA,MEDCHAL MALKAJGIRI,,,,NA,NA,Private(For Profit),PMJAY,-NA-,-NA-,Hospital Approved for Empanelment,No,NA,-NA-
1387,HOSP36P161285,ARUNDATHI HOSPITAL,TELANGANA,MEDCHAL MALKAJGIRI,,,,NA,"M1,M1,M2,S8,M1,M7,M1,S7,M2,M3,M8,S1,S10,S11,S12,S13,S16,S2,S3,S4,S5,S6,S7,",Private(For Profit),PMJAY,-NA-,-NA-,Hospital Approved for Empanelment,No,NA,"M1, M2, S8, M7, S7, M3, M8, S1, S10, S11, S12, S13, S16, S2, S3, S4, S5, S6"
1388,HOSP36P161286,SRI KRISHNASAI MULTI SPECIALITY HOSPITAL,TELANGANA,KARIMNAGAR,,,,NA,NA,Private(For Profit),PMJAY,-NA-,-NA-,Hospital Approved for Empanelment,No,NA,-NA-
1389,HOSP36P161287,DEVENDAR REDDY SUPER SPECIALITY HOSPITAL,TELANGANA,Nirmal,,,,NA,NA,Private(For Profit),PMJAY,-NA-,-NA-,Hospital Approved for Empanelment,No,NA,-NA-
1390,HOSP36P161288,PRK HOSPITALS,TELANGANA,RANGA REDDY,,,,NA,NA,Private(For Profit),PMJAY,-NA-,-NA-,Hospital Approved for Empanelment,No,NA,-NA-
1391,HOSP36P161296,WELLNESS HOSPITALS(A Unit of Swasth Medical Associates),TELANGANA,RANGA REDDY,,,,NA,NA,Private(For Profit),PMJAY,-NA-,-NA-,Hospital Approved for Empanelment,No,NA,-NA-
1392,HOSP36P161300,Ravi Childrens Hospital,TELANGANA,MAHABUBNAGAR,,,,NA,NA,Private(For Profit),PMJAY,-NA-,-NA-,Hospital Approved for Empanelment,No,NA,-NA-
1393,HOSP36P161302,Adarsha Hospital,TELANGANA,KARIMNAGAR,,,,NA,NA,Private(For Profit),PMJAY,-NA-,-NA-,Hospital Approved for Empanelment,No,NA,-NA-
1394,HOSP36P161304,HEALTHIFY HOSPITAL,TELANGANA,SURYAPET,,,,9949641757,"M1,M1,M2,S8,M1,M7,M1,S7,M2,M5,M8,S1,S10,S11,S12,S13,S15,S16,S2,S4,S5,S6,S7,S8,S9,",Private(For Profit),PMJAY,-NA-,-NA-,Hospital Approved for Empanelment,No,NA,"M1, M2, S8, M7, S7, M5, M8, S1, S10, S11, S12, S13, S15, S16, S2, S4, S5, S6, S9"
1395,HOSP36P161305,KIRAN HOSPITAL,TELANGANA,JAYASHANKAR BHUPALAPALLY,,,,NA,NA,Private(For Profit),PMJAY,-NA-,-NA-,Hospital Approved for Empanelment,No,NA,-NA-
1396,HOSP36P161307,SHANMUKHA VAISHNAVI HOSPITALS PVT LTD,TELANGANA,RANGA REDDY,,,,NA,NA,Private(For Profit),PMJAY,-NA-,-NA-,Hospital Approved for Empanelment,No,NA,-NA-
1397,HOSP36P161308,SIRI SPECIALITY HOSPITAL,TELANGANA,WARANGAL URBAN,,,,NA,NA,Private(For Profit),PMJAY,-NA-,-NA-,Hospital Approved for Empanelment,No,NA,-NA-
1398,HOSP36P161309,NIKITHA HOSPITAL,TELANGANA,BHADRADRI KOTHAGUDEM,,,,9948898855,"S5,S6,",Private(For Profit),PMJAY,-NA-,-NA-,Hospital Approved for Empanelment,No,NA,"S5, S6"
1399,HOSP36P161310,TRR GENERAL HOSPITAL(A unit of St.Augustin Educational Society),TELANGANA,SANGAREDDY,,,,NA,NA,Private(For Profit),PMJAY,-NA-,-NA-,Hospital Approved for Empanelment,No,NA,-NA-
1400,HOSP36P161356,CARE HOSPITALS MALAKPET,TELANGANA,HYDERABAD,,,,NA,NA,Private(For Profit),PMJAY,-NA-,-NA-,Hospital Approved for Empanelment,No,NA,-NA-
1401,HOSP36P161361,CMR HOSPITAL,TELANGANA,MEDCHAL MALKAJGIRI,,,,NA,"M1,M1,M2,S8,M1,M7,M1,S7,M2,M3,M8,S1,S10,S11,S2,S3,S4,S5,S6,S7,S8,S9,",Private(For Profit),PMJAY,-NA-,-NA-,Hospital Approved for Empanelment,No,NA,"M1, M2, S8, M7, S7, M3, M8, S1, S10, S11, S2, S3, S4, S5, S6, S9"
1402,HOSP36P161362,DEVI PRIYA HOSPITAL,TELANGANA,ADILABAD,,,,NA,NA,Private(For Profit),PMJAY,-NA-,-NA-,Hospital Approved for Empanelment,No,NA,-NA-
1403,HOSP36P161364,GLOBAL MAXX MULTI SPECIALITY HOSPITAL,TELANGANA,KARIMNAGAR,,,,NA,NA,Private(For Profit),PMJAY,-NA-,-NA-,Hospital Approved for Empanelment,No,NA,-NA-
1404,HOSP36P161365,Guru Nanak CARE Hospital,TELANGANA,HYDERABAD,,,,NA,NA,Private(For Profit),PMJAY,-NA-,-NA-,Hospital Approved for Empanelment,No,NA,-NA-
1405,HOSP36P161366,LEGEND HOSPITALS,TELANGANA,RANGA REDDY,,,,NA,NA,Private(For Profit),PMJAY,-NA-,-NA-,Hospital Approved for Empanelment,No,NA,-NA-
1406,HOSP36P161367,NARENDRA MULTI SPECIALITY HOSPITAL,TELANGANA,Nirmal,,,,8499884477,"M2,S4,S5,S6,",Private(For Profit),PMJAY,-NA-,-NA-,Hospital Approved for Empanelment,No,NA,"M2, S4, S5, S6"
1407,HOSP36P161368,NAVYA MULTI SPECIALITY HOSPITAL,TELANGANA,NALGONDA,,,,NA,NA,Private(For Profit),PMJAY,-NA-,-NA-,Hospital Approved for Empanelment,No,NA,-NA-
1408,HOSP36P161369,I RAMULU MEMORIAL ORTHO TRAUMA CENTER,TELANGANA,NALGONDA,,,,NA,NA,Private(For Profit),PMJAY,-NA-,-NA-,Hospital Approved for Empanelment,No,NA,-NA-
1409,HOSP36P161370,K S ORTHOPEDIC AND MULTI SPECIALITY HOSPITAL,TELANGANA,SURYAPET,,,,NA,NA,Private(For Profit),PMJAY,-NA-,-NA-,Hospital Approved for Empanelment,No,NA,-NA-
1410,HOSP36P161371,NEW AMMA MULTISPECIALITY HOSPITAL,TELANGANA,WARANGAL RURAL,,,,NA,NA,Private(For Profit),PMJAY,-NA-,-NA-,Hospital Approved for Empanelment,No,NA,-NA-
1411,HOSP36P161372,OZONE HOSPITALS A unit of ozone institute of medical Sciences Pvt Ltd,TELANGANA,MEDCHAL MALKAJGIRI,,,,NA,NA,Private(For Profit),PMJAY,-NA-,-NA-,Hospital Approved for Empanelment,No,NA,-NA-
1412,HOSP36P161373,PADMAJA HOSPITAL,TELANGANA,MEDAK,,,,NA,NA,Private(For Profit),PMJAY,-NA-,-NA-,Hospital Approved for Empanelment,No,NA,-NA-
1413,HOSP36P161397,SHUBHAM INSTITUTE OF MEDICAL SCIENCES,TELANGANA,MAHABUBNAGAR,,,,NA,NA,Private(For Profit),PMJAY,-NA-,-NA-,Hospital Approved for Empanelment,No,NA,-NA-
1414,HOSP36P161398,SIRI HOSPITAL,TELANGANA,RAJANNA SIRCILLA,,,,NA,NA,Private(For Profit),PMJAY,-NA-,-NA-,Hospital Approved for Empanelment,No,NA,-NA-
1415,HOSP36P161399,SRI ANANTH MULTI SPECIALITY HOSPITAL,TELANGANA,VIKARABAD,,,,NA,NA,Private(For Profit),PMJAY,-NA-,-NA-,Hospital Approved for Empanelment,No,NA,-NA-
1416,HOSP36P161400,THIRUMAL NURSING HOME,TELANGANA,Nirmal,,,,NA,"M1,M7,S5,S6,S7,",Private(For Profit),PMJAY,-NA-,-NA-,Hospital Approved for Empanelment,No,NA,"M1, M7, S5, S6, S7"
1417,HOSP36P161401,Prathima Cancer Hospitals Private Limited,TELANGANA,WARANGAL URBAN,,,,9642666617,"M1,M1,M2,S8,M1,M7,M1,S7,M4,M5,M6,S1,S12,S13,S14,S15,S16,S2,S4,S5,S6,S7,S8,S9,",Private(For Profit),PMJAY,-NA-,-NA-,Hospital Approved for Empanelment,No,NA,"M1, M2, S8, M7, S7, M4, M5, M6, S1, S12, S13, S14, S15, S16, S2, S4, S5, S6, S9"
1418,HOSP36P161402,RAGHAVENDRA HOSPITALS(A UNIT OF SKHC PVT LTD),TELANGANA,HYDERABAD,,,,NA,NA,Private(For Profit),PMJAY,-NA-,-NA-,Hospital Approved for Empanelment,No,NA,-NA-
1419,HOSP36P161403,SAI SRINIVASA MULTISPECIALITY HOSPITAL,TELANGANA,NALGONDA,,,,NA,NA,Private(For Profit),PMJAY,-NA-,-NA-,Hospital Approved for Empanelment,No,NA,-NA-
1420,HOSP36P161404,SAMRAKSHA MULTISPECIALITY HOSPITAL,TELANGANA,NALGONDA,,,,NA,NA,Private(For Profit),PMJAY,-NA-,-NA-,Hospital Approved for Empanelment,No,NA,-NA-
1421,HOSP36P161405,SANKALPA C STAR HOSPITAL A Unit of Sankalpa Healthcare Khammam,TELANGANA,KHAMMAM,,,,NA,NA,Private(For Profit),PMJAY,-NA-,-NA-,Hospital Approved for Empanelment,No,NA,-NA-
1422,HOSP36P161406,VARSHITHA HOSPITAL,TELANGANA,NALGONDA,,,,NA,NA,Private(For Profit),PMJAY,-NA-,-NA-,Hospital Approved for Empanelment,No,NA,-NA-
1423,HOSP36P161407,VENKATESWARA HOSPITAL,TELANGANA,KHAMMAM,,,,NA,NA,Private(For Profit),PMJAY,-NA-,-NA-,Hospital Approved for Empanelment,No,NA,-NA-
1424,HOSP36P162117,M M S Hospital Mohan multi speciality hospital,TELANGANA,RANGA REDDY,,,,NA,NA,Private(For Profit),PMJAY,-NA-,-NA-,Hospital Approved for Empanelment,No,NA,-NA-
1425,HOSP36P162120,SRI SAI MARUTHI SUPER SPECIALTY HOSPITAL,TELANGANA,KHAMMAM,,,,NA,NA,Private(For Profit),PMJAY,-NA-,-NA-,Hospital Approved for Empanelment,No,NA,-NA-
1426,HOSP36P162122,RENEE HOSPITAL A Unit of Renee Medical Center Pvt Ltd,TELANGANA,KARIMNAGAR,,,,NA,NA,Private(For Profit),PMJAY,-NA-,-NA-,Hospital Approved for Empanelment,No,NA,-NA-
1427,HOSP36P162161,APOLLO SPECTRA HOSPITAL A UNIT OF NANO HOSPITALS PRIVATE LIMITED,TELANGANA,HYDERABAD,,,,8978480846,",CP,MC,MG,MO,MP,OC,SB,SG,SL,SN,SO,SP,SS,SU,SV,",Private(For Profit),Only CGHS,-NA-,-NA-,Hospital Approved for Empanelment,No,NA,"CP, MC, MG, MO, MP, OC, SB, SG, SL, SN, SO, SP, SS, SU, SV"
1428,HOSP36P162399,KALYANI DENTAL HOSPITAL AND IMPLANT CENTRE,TELANGANA,HYDERABAD,,,,9032227148,"SM,",,Only CGHS,-NA-,-NA-,Hospital Approved for Empanelment,No,NA,SM
1429,HOSP36P162706,OMEGA HOSPITALS,TELANGANA,RANGA REDDY,,,,9963006397,",CP,MC,MG,MO,MR,OC,SB,SG,SL,SM,SN,SO,SP,SU,SV,",Private(For Profit),Only CGHS,-NA-,-NA-,Hospital Approved for Empanelment,No,NA,"CP, MC, MG, MO, MR, OC, SB, SG, SL, SM, SN, SO, SP, SU, SV"
1430,HOSP36P163057,VASCULAR CARE CENTER,TELANGANA,HYDERABAD,,,,9704414035,"SV,",Private(For Profit),Only CGHS,-NA-,-NA-,Hospital Approved for Empanelment,No,NA,SV
1431,HOSP36P163064,ASVINS HOSPITAL,TELANGANA,HYDERABAD,,,,9440445775,",CP,MC,MG,MO,OC,SB,SG,SL,SN,SO,SP,SU,SV,",Private(For Profit),Only CGHS,-NA-,-NA-,Hospital Approved for Empanelment,No,NA,"CP, MC, MG, MO, OC, SB, SG, SL, SN, SO, SP, SU, SV"
1432,HOSP36P164218,SHISHIRA HOSPITALS PRIVATE LIMITED,TELANGANA,HYDERABAD,,,,9985751091,",CP,MC,MG,MN,MO,MP,MR,OC,SB,SG,SL,SN,SO,SS,SU,",Private(Not For Profit),Only CGHS,-NA-,-NA-,Hospital Approved for Empanelment,No,NA,"CP, MC, MG, MN, MO, MP, MR, OC, SB, SG, SL, SN, SO, SS, SU"
1433,HOSP36P164492,AMOR HOSPITALS,TELANGANA,MEDCHAL MALKAJGIRI,,,,9100051176,",BM,CP,MC,MG,MN,MO,MP,MR,OC,SB,SG,SL,SM,SN,SO,SP,SS,SU,SV,",Private(For Profit),Only CGHS,-NA-,-NA-,Hospital Approved for Empanelment,No,NA,"BM, CP, MC, MG, MN, MO, MP, MR, OC, SB, SG, SL, SM, SN, SO, SP, SS, SU, SV"
1434,HOSP36P166474,PANACEA MERIDIAN HOSPITALS,TELANGANA,SANGAREDDY,,,,9618043509,",BM,CP,MC,MG,MO,MR,OC,SB,SE,SG,SL,SM,SN,SP,SS,SU,SV,",Private(For Profit),Only CGHS,-NA-,-NA-,Hospital Approved for Empanelment,No,NA,"BM, CP, MC, MG, MO, MR, OC, SB, SE, SG, SL, SM, SN, SP, SS, SU, SV"
1435,HOSP36P167793,APPLE INTERNATIONAL DENTAL,TELANGANA,HYDERABAD,,,,9290336633,"SM,",Private(For Profit),Only CGHS,-NA-,-NA-,Hospital Approved for Empanelment,No,NA,SM
1436,HOSP36P168037,MEDICARE SUPER SPECIALITY HOSPITALS,TELANGANA,RANGA REDDY,,,,8985818864,",BM,CP,MG,MP,OC,SB,SG,SL,SM,SN,SO,SP,SS,SU,",Private(For Profit),Only CGHS,-NA-,-NA-,Hospital Approved for Empanelment,No,NA,"BM, CP, MG, MP, OC, SB, SG, SL, SM, SN, SO, SP, SS, SU"
1437,HOSP36P168263,APOLLO HOSPITALS EDUCTATIONAL AND RESEARCH FOUNDATION,TELANGANA,HYDERABAD,,,,8919490474,",CP,MC,MG,MN,MP,OC,SB,SE,SG,SL,SM,SO,SS,SU,SV,",Private(Not For Profit),Only CGHS,-NA-,-NA-,Hospital Approved for Empanelment,No,NA,"CP, MC, MG, MN, MP, OC, SB, SE, SG, SL, SM, SO, SS, SU, SV"
1438,HOSP36P168477, VIJAYA HEALTH CARE,TELANGANA,HYDERABAD,,,,9885016686,",BM,CP,MC,MG,MN,MO,MP,OC,SB,SG,SL,SN,SO,SP,SS,SU,",Private(For Profit),Only CGHS,-NA-,-NA-,Hospital Approved for Empanelment,No,NA,"BM, CP, MC, MG, MN, MO, MP, OC, SB, SG, SL, SN, SO, SP, SS, SU"
1439,HOSP36P168774,RNC Super Speciality Hospital,TELANGANA,MEDCHAL MALKAJGIRI,,,,9701127034,",BM,CP,MC,MG,MN,MO,MP,OC,SB,SG,SL,SN,SO,SP,SU,",Private(For Profit),Only CGHS,-NA-,-NA-,Hospital Approved for Empanelment,No,NA,"BM, CP, MC, MG, MN, MO, MP, OC, SB, SG, SL, SN, SO, SP, SU"
1440,HOSP36P171034,ZOI HOSPITAL,TELANGANA,RANGA REDDY,,,,9121233380,",MG,MR,SB,SE,SG,SO,",Private(For Profit),Only CGHS,-NA-,-NA-,Hospital Approved for Empanelment,No,NA,"MG, MR, SB, SE, SG, SO"
1441,HOSP36P171052,ZOI HEALTH PRIVATE LIMITED,TELANGANA,HYDERABAD,,,,8978680222,",OC,",Private(For Profit),Only CGHS,-NA-,-NA-,Hospital Approved for Empanelment,No,NA,OC
1442,HOSP36P172537,AMRUTHA TRUE LIFE HOSPITAL,TELANGANA,NIZAMABAD,,,,NA,"S5,S6,",Private(For Profit),PMJAY,-NA-,-NA-,Hospital Approved for Empanelment,No,NA,"S5, S6"
1443,HOSP36P172538,AROGYA HOSPITAL,TELANGANA,KHAMMAM,,,,NA,NA,Private(For Profit),PMJAY,-NA-,-NA-,Hospital Approved for Empanelment,No,NA,-NA-
1444,HOSP36P172539,ASHWINI HOSPITAL,TELANGANA,RAJANNA SIRCILLA,,,,NA,NA,Private(For Profit),PMJAY,-NA-,-NA-,Hospital Approved for Empanelment,No,NA,-NA-
1445,HOSP36P172540,ICON SUPER SPECIALITY HOSPITAL,TELANGANA,NALGONDA,,,,NA,"M1,S7,S13,S14,S16,S5,",Private(For Profit),PMJAY,-NA-,-NA-,Hospital Approved for Empanelment,No,NA,"M1, S7, S13, S14, S16, S5"
1446,HOSP36P172541,JAGRUTH SUPER SPECIALITY HOSPITAL,TELANGANA,KHAMMAM,,,,NA,NA,Private(For Profit),PMJAY,-NA-,-NA-,Hospital Approved for Empanelment,No,NA,-NA-
1447,HOSP36P172542,LIFE CARE NURSING HOME,TELANGANA,MEDAK,,,,NA,NA,Private(For Profit),PMJAY,-NA-,-NA-,Hospital Approved for Empanelment,No,NA,-NA-
1448,HOSP36P172543,MURUGUN HOSPITALS,TELANGANA,HYDERABAD,,,,NA,NA,Private(For Profit),PMJAY,-NA-,-NA-,Hospital Approved for Empanelment,No,NA,-NA-
1449,HOSP36P172544,NALGONDA INSTITUTE OF MEDICAL SCIENCES,TELANGANA,NALGONDA,,,,NA,NA,Private(For Profit),PMJAY,-NA-,-NA-,Hospital Approved for Empanelment,No,NA,-NA-
1450,HOSP36P172545,ONE HOSPITALS A Unit of Hanshi Hospitals Pvt Ltd,TELANGANA,KARIMNAGAR,,,,NA,NA,Private(For Profit),PMJAY,-NA-,-NA-,Hospital Approved for Empanelment,No,NA,-NA-
1451,HOSP36P172546,RAHUL MULTI SPECIALITY HOSPITAL ARCHANA MEDICAL SERVICES PVT LTD,TELANGANA,WANAPARTHY,,,,NA,NA,Private(For Profit),PMJAY,-NA-,-NA-,Hospital Approved for Empanelment,No,NA,-NA-
1452,HOSP36P172547,JAYALAXMI ORTHOPEDIC HOSPITAL,TELANGANA,MEDAK,,,,NA,NA,Private(For Profit),PMJAY,-NA-,-NA-,Hospital Approved for Empanelment,No,NA,-NA-
1453,HOSP36P172548,MEDICURE HOSPITALS,TELANGANA,VIKARABAD,,,,NA,NA,Private(For Profit),PMJAY,-NA-,-NA-,Hospital Approved for Empanelment,No,NA,-NA-
1454,HOSP36P172549,NIRMALA MATERNITY ORTHOPAEDICS AND GENERAL HOSPITAL,TELANGANA,HYDERABAD,,,,NA,NA,Private(For Profit),PMJAY,-NA-,-NA-,Hospital Approved for Empanelment,No,NA,-NA-
1455,HOSP36P172550,RVR HOSPITAL,TELANGANA,MAHABUBNAGAR,,,,NA,NA,Private(For Profit),PMJAY,-NA-,-NA-,Hospital Approved for Empanelment,No,NA,-NA-
1456,HOSP36P172551,SAANVI MULTI SPECIALITY HOSPITAL,TELANGANA,MAHABUBNAGAR,,,,NA,NA,Private(For Profit),PMJAY,-NA-,-NA-,Hospital Approved for Empanelment,No,NA,-NA-
1457,HOSP36P172552,SRAVANTHI MULTISPECIALITY HOSPITAL,TELANGANA,JOGULAMBA GADWAL,,,,NA,NA,Private(For Profit),PMJAY,-NA-,-NA-,Hospital Approved for Empanelment,No,NA,-NA-
1458,HOSP36P172553,SRI RAGHURAM HOSPITAL,TELANGANA,KHAMMAM,,,,9490212211,"S1,S4,S5,S6,",Private(For Profit),PMJAY,-NA-,-NA-,Hospital Approved for Empanelment,No,NA,"S1, S4, S5, S6"
1459,HOSP36P172554,SRI SATHYAVATHI MULTI SPECIALITY HOSPITAL,TELANGANA,NALGONDA,,,,NA,"S12,S5,S6,",Private(For Profit),PMJAY,-NA-,-NA-,Hospital Approved for Empanelment,No,NA,"S12, S5, S6"
1460,HOSP36P172555,SRI VISHNU SUPER SPECIALITY HOSPITAL,TELANGANA,NIZAMABAD,,,,NA,"S5,S6,",Private(For Profit),PMJAY,-NA-,-NA-,Hospital Approved for Empanelment,No,NA,"S5, S6"
1461,HOSP36P172556,VISWA HRUDAYA HOSPITALS,TELANGANA,NALGONDA,,,,NA,NA,Private(For Profit),PMJAY,-NA-,-NA-,Hospital Approved for Empanelment,No,NA,-NA-
1462,HOSP36P172557,THIRUMALA NURSING HOME,TELANGANA,Jagitial,,,,NA,NA,Private(For Profit),PMJAY,-NA-,-NA-,Hospital Approved for Empanelment,No,NA,-NA-
1463,HOSP36P172558,VITTAL MULTI SPECIALITY HOSPITAL,TELANGANA,NALGONDA,,,,NA,"M1,M1,M2,S8,M1,M7,M8,S1,S16,S2,S5,S6,S8,S9,",Private(For Profit),PMJAY,-NA-,-NA-,Hospital Approved for Empanelment,No,NA,"M1, M2, S8, M7, M8, S1, S16, S2, S5, S6, S9"
1464,HOSP36P172559,LIFE HOSPITAL,TELANGANA,KAMAREDDY,,,,NA,"S5,S6,",Private(For Profit),PMJAY,-NA-,-NA-,Hospital Approved for Empanelment,No,NA,"S5, S6"
1465,HOSP36P172560,OMEGA HOSPITALS,TELANGANA,RANGA REDDY,,,,NA,NA,Private(For Profit),PMJAY,-NA-,-NA-,Hospital Approved for Empanelment,No,NA,-NA-
1466,HOSP36P172561,SHRI SAROJINI MULTI SPECIALITY HOSPITAL,TELANGANA,WANAPARTHY,,,,NA,NA,Private(For Profit),PMJAY,-NA-,-NA-,Hospital Approved for Empanelment,No,NA,-NA-
1467,HOSP36P172562,SRIKARA HOSPITAL,TELANGANA,MEDCHAL MALKAJGIRI,,,,NA,NA,Private(For Profit),PMJAY,-NA-,-NA-,Hospital Approved for Empanelment,No,NA,-NA-
1468,HOSP36P172563,SRIKARA HOSPITALS,TELANGANA,HYDERABAD,,,,NA,"M1,M1,M2,S8,M1,M7,M1,S7,M2,M3,M4,M5,M6,S1,S10,S11,S12,S13,S14,S15,S16,S3,S4,S5,S6,S7,S8,S9,",Private(For Profit),PMJAY,-NA-,-NA-,Hospital Approved for Empanelment,No,NA,"M1, M2, S8, M7, S7, M3, M4, M5, M6, S1, S10, S11, S12, S13, S14, S15, S16, S3, S4, S5, S6, S9"
1469,HOSP36P174479,METROCURE HOSPITAL,TELANGANA,HYDERABAD,,,,9346633032,",CP,MG,OC,SB,SG,SN,SO,SU,",Private(For Profit),Only CGHS,-NA-,-NA-,Hospital Approved for Empanelment,No,NA,"CP, MG, OC, SB, SG, SN, SO, SU"
1470,HOSP36P176776,Dr Shiva Nagini Yalavarthi Multi Speciality Dental Clinc,TELANGANA,HYDERABAD,,,,9704377773,"SM,",Private(For Profit),Only CGHS,-NA-,-NA-,Hospital Approved for Empanelment,No,NA,SM
1471,HOSP36P177239,ABHAYA KIDNEY and MULTI SPECIALITY HOSPITAL,TELANGANA,MANCHERIAL,,,,NA,NA,Private(For Profit),PMJAY,-NA-,-NA-,Hospital Approved for Empanelment,No,NA,-NA-
1472,HOSP36P177240,APOLLO REACH NSR HOSPITALS A UNIT OF NSR HOSPITAL,TELANGANA,WARANGAL RURAL,,,,NA,NA,Private(For Profit),PMJAY,-NA-,-NA-,Hospital Approved for Empanelment,No,NA,-NA-
1473,HOSP36P177241,SHRI GAJANAN MULTISPECIALITY HOSPITAL,TELANGANA,ADILABAD,,,,NA,NA,Private(For Profit),PMJAY,-NA-,-NA-,Hospital Approved for Empanelment,No,NA,-NA-
1474,HOSP36P177242,SRI GURU RAGHAVENDRA SUNRISE SUPER SPECIALITY HOSPITAL,TELANGANA,NIZAMABAD,,,,NA,NA,Private(For Profit),PMJAY,-NA-,-NA-,Hospital Approved for Empanelment,No,NA,-NA-
1475,HOSP36P177243,SWATHI HOSPITAL AND DIAGNOSTIC CENTRE,TELANGANA,KHAMMAM,,,,NA,NA,Private(For Profit),PMJAY,-NA-,-NA-,Hospital Approved for Empanelment,No,NA,-NA-
1476,HOSP36P177244,Sri Lakshmi Hospital,TELANGANA,MAHABUBNAGAR,,,,NA,NA,Private(For Profit),PMJAY,-NA-,-NA-,Hospital Approved for Empanelment,No,NA,-NA-
1477,HOSP36P177245,HEALTH PLUS HOSPITALS,TELANGANA,WARANGAL URBAN,,,,8801919789,"M1,M7,S1,S3,S4,S5,S6,",Private(For Profit),PMJAY,-NA-,-NA-,Hospital Approved for Empanelment,No,NA,"M1, M7, S1, S3, S4, S5, S6"
1478,HOSP36P177246,MAITHRI MULTISPECIALITY HOSPITAL,TELANGANA,MAHABUBABAD,,,,NA,NA,Private(For Profit),PMJAY,-NA-,-NA-,Hospital Approved for Empanelment,No,NA,-NA-
1479,HOSP36P180797,STAR HOSPITALS A UNIT OF UNIMED HEALTH CARE PRIVATE LIMITED,TELANGANA,RANGA REDDY,,,,8712608332,",CP,MC,MG,MO,MR,OC,SB,SN,SV,",Private(Not For Profit),Only CGHS,-NA-,-NA-,Hospital Approved for Empanelment,No,NA,"CP, MC, MG, MO, MR, OC, SB, SN, SV"
1480,HOSP36P183734,AGUR PRIME HOSPITAL,TELANGANA,MAHABUBNAGAR,,,,NA,NA,Private(For Profit),PMJAY,-NA-,-NA-,Hospital Approved for Empanelment,No,NA,-NA-
1481,HOSP36P183736,ANKAM HOSPITAL,TELANGANA,NIZAMABAD,,,,NA,NA,Private(For Profit),PMJAY,-NA-,-NA-,Hospital Approved for Empanelment,No,NA,-NA-
1482,HOSP36P183737,CITY MULTI SPECIALITY HOSPITAL,TELANGANA,NIZAMABAD,,,,NA,NA,Private(For Profit),PMJAY,-NA-,-NA-,Hospital Approved for Empanelment,No,NA,-NA-
1483,HOSP36P183739,DURGA SHANKAR HOSPITAL,TELANGANA,NALGONDA,,,,NA,NA,Private(For Profit),PMJAY,-NA-,-NA-,Hospital Approved for Empanelment,No,NA,-NA-
1484,HOSP36P183740,MITHRA HOSPITAL,TELANGANA,WARANGAL URBAN,,,,NA,NA,Private(For Profit),PMJAY,-NA-,-NA-,Hospital Approved for Empanelment,No,NA,-NA-
1485,HOSP36P183741,PARAMITHA CHILDRENS HOSPITALS KOMPALLY PVT LTD,TELANGANA,MEDCHAL MALKAJGIRI,,,,NA,NA,Private(For Profit),PMJAY,-NA-,-NA-,Hospital Approved for Empanelment,No,NA,-NA-
1486,HOSP36P183742,PRIME ASHA SUPER SPECIALITY HOSPITAL,TELANGANA,NIZAMABAD,,,,NA,NA,Private(For Profit),PMJAY,-NA-,-NA-,Hospital Approved for Empanelment,No,NA,-NA-
1487,HOSP36P183743,Pragma Hospitals A Unit of Vamsi Pragma Hospitals Pvt Ltd,TELANGANA,RANGA REDDY,,,,NA,NA,Private(For Profit),PMJAY,-NA-,-NA-,Hospital Approved for Empanelment,No,NA,-NA-
1488,HOSP36P183744,SINDHURA HOSPITAL,TELANGANA,NALGONDA,,,,NA,NA,Private(For Profit),PMJAY,-NA-,-NA-,Hospital Approved for Empanelment,No,NA,-NA-
1489,HOSP36P183745,SRI HARSHA NEURO PSYCHIATRY MULTY SPECIALTY HOSPITAL,TELANGANA,MAHABUBNAGAR,,,,NA,NA,Private(For Profit),PMJAY,-NA-,-NA-,Hospital Approved for Empanelment,No,NA,-NA-
1490,HOSP36P183746,SRI LASYA HOSPITAL,TELANGANA,WARANGAL URBAN,,,,NA,NA,Private(For Profit),PMJAY,-NA-,-NA-,Hospital Approved for Empanelment,No,NA,-NA-
1491,HOSP36P183747,SRI SRI HOLISTIC HOSPITALS A Unit of Sree Ramachandra Health Services Pvt Ltd,TELANGANA,MEDCHAL MALKAJGIRI,,,,NA,NA,Private(For Profit),PMJAY,-NA-,-NA-,Hospital Approved for Empanelment,No,NA,-NA-
1492,HOSP36P183748,VENKATESHWARA MULTISPECIALTY HOSPITAL,TELANGANA,WARANGAL RURAL,,,,NA,NA,Private(For Profit),PMJAY,-NA-,-NA-,Hospital Approved for Empanelment,No,NA,-NA-
1493,HOSP36P183749,KBR Life Care Hospital A Unit of KBRT Trinity Private Limited,TELANGANA,SANGAREDDY,,,,NA,NA,Private(For Profit),PMJAY,-NA-,-NA-,Hospital Approved for Empanelment,No,NA,-NA-
1494,HOSP36P183750,LOHITHSAI HOSPITAL,TELANGANA,SIDDIPET,,,,NA,NA,Private(For Profit),PMJAY,-NA-,-NA-,Hospital Approved for Empanelment,No,NA,-NA-
1495,HOSP36P183751,SRI KRISHNA NEURO SUPER SPECIALITY HOSPITAL,TELANGANA,NIZAMABAD,,,,NA,NA,Private(For Profit),PMJAY,-NA-,-NA-,Hospital Approved for Empanelment,No,NA,-NA-
1496,HOSP36P187457,GLOBAL DENT DENTAL HOSPITAL,TELANGANA,HYDERABAD,,,,9440436976,"SM,",Private(For Profit),Only CGHS,-NA-,-NA-,Hospital Approved for Empanelment,No,NA,SM
1497,HOSP36P192097,vasan health care pvt ltd ,TELANGANA,HYDERABAD,,,,8463818721,"SE,",Private(For Profit),Only CGHS,-NA-,-NA-,Hospital Approved for Empanelment,No,NA,SE
1498,HOSP36P193799,SEASONS HOSPITALS,TELANGANA,HYDERABAD,,,,9441089964,",BM,CP,MG,MO,MP,OC,SB,SG,SL,SN,SO,SP,SS,SU,",Private(For Profit),Only CGHS,-NA-,-NA-,Hospital Approved for Empanelment,No,NA,"BM, CP, MG, MO, MP, OC, SB, SG, SL, SN, SO, SP, SS, SU"
1499,HOSP36P193907,SRI SAI NETHRALAYA EYE HOSPITAL,TELANGANA,RANGA REDDY,,,,9703221167,"SE,",Private(For Profit),Only CGHS,-NA-,-NA-,Hospital Approved for Empanelment,No,NA,SE
1500,HOSP36P193966,M S REDDY LIONS EYE HOSPITAL,TELANGANA,MEDCHAL MALKAJGIRI,,,,9704135104,"SE,",Private(For Profit),Only CGHS,-NA-,-NA-,Hospital Approved for Empanelment,No,NA,SE
1501,HOSP36P198838,BEST VISION EYE HOSPITAL A UNIT OF SRI NAYANA EYE HOSPITAL PVT LTD,TELANGANA,RANGA REDDY,,,,8977278444,"OC,SE,",Private(For Profit),Only CGHS,-NA-,-NA-,Hospital Approved for Empanelment,No,NA,"OC, SE"
1502,HOSP36P199498,Sri Visista Super Speciality Ayurveda A Unit Of Laxmirajyam Healthcare Pvt Ltd,TELANGANA,HYDERABAD,,,,9121559559,"CP,OC,",Private(For Profit),Only CGHS,-NA-,-NA-,Hospital Approved for Empanelment,No,NA,"CP, OC"
1503,HOSP36P199927,Star Hospitals,TELANGANA,HYDERABAD,,,,7330888201,",BM,CP,MC,MG,MO,MR,OC,SB,SE,SG,SL,SM,SN,SP,SU,SV,",Private(Not For Profit),State Specific Empanelment,-NA-,-NA-,Hospital Approved for Empanelment,No,NA,"BM, CP, MC, MG, MO, MR, OC, SB, SE, SG, SL, SM, SN, SP, SU, SV"
1504,HOSP36P199969,Ramdevrao Hospitals,TELANGANA,MEDCHAL MALKAJGIRI,,,,9849035004,",BM,CP,MC,MG,MN,MO,MP,MR,OC,SB,SE,SG,SL,SM,SN,SO,SP,SS,SU,SV,",Private(Not For Profit),Only CGHS,-NA-,-NA-,Hospital Approved for Empanelment,No,NA,"BM, CP, MC, MG, MN, MO, MP, MR, OC, SB, SE, SG, SL, SM, SN, SO, SP, SS, SU, SV"
1505,HOSP36P200681,TREATMENT RANGE HOSPITAL PVT LIMITED,TELANGANA,MEDCHAL MALKAJGIRI,,,,7815949419,",BM,CP,MC,MG,MO,MP,OC,SB,SG,SL,SN,SO,SP,SU,SV,",Private(For Profit),Only CGHS,-NA-,-NA-,Hospital Approved for Empanelment,Yes,NA,"BM, CP, MC, MG, MO, MP, OC, SB, SG, SL, SN, SO, SP, SU, SV"
1506,HOSP36P201666,Star Hospitals,TELANGANA,HYDERABAD,,,,7330888201,",CP,MC,MG,MN,MO,MP,MR,OC,SB,SG,SL,SN,SO,SS,SU,SV,",Private(Not For Profit),State Specific Empanelment,-NA-,-NA-,Hospital Approved for Empanelment,No,NA,"CP, MC, MG, MN, MO, MP, MR, OC, SB, SG, SL, SN, SO, SS, SU, SV"
1507,HOSP36P203563,Dr.Kirans Eye Hospitals Pvt Ltd,TELANGANA,RANGA REDDY,,,,7997054567,"SE,",Private(For Profit),Only CGHS,-NA-,-NA-,Hospital Approved for Empanelment,No,NA,SE
1508,HOSP36P203685,TREATMENT RANGE HOSPITAL PVT LTD,TELANGANA,MEDCHAL MALKAJGIRI,,,,7815949419,"M1,M7,M1,S7,M2,M5,M8,S1,S12,S13,S14,S15,S2,S4,S5,S6,S7,",Private(For Profit),PMJAY,-NA-,-NA-,Hospital Approved for Empanelment,No,NA,"M1, M7, S7, M2, M5, M8, S1, S12, S13, S14, S15, S2, S4, S5, S6"
1509,HOSP36P204219,NEW LIFELINE MULTISPECIALITY HOSPITAL PVT LTD,TELANGANA,MEDCHAL MALKAJGIRI,,,,9396917914,",CP,MG,MP,OC,SB,SG,SL,SN,SO,SU,",Private(For Profit),Only CGHS,-NA-,-NA-,Hospital Approved for Empanelment,Yes,NA,"CP, MG, MP, OC, SB, SG, SL, SN, SO, SU"
1510,HOSP36P205611,ADITHI HOSPITAL A Unit of New Lifeline Medicure Hospital,TELANGANA,SIDDIPET,,,,NA,NA,Private(For Profit),PMJAY,-NA-,-NA-,Hospital Approved for Empanelment,No,NA,-NA-
1511,HOSP36P205612,ARUNA HOSPITAL,TELANGANA,RANGA REDDY,,,,NA,NA,Private(For Profit),PMJAY,-NA-,-NA-,Hospital Approved for Empanelment,No,NA,-NA-
1512,HOSP36P205613,BHAGYALATHA HOSPITAL,TELANGANA,RANGA REDDY,,,,NA,NA,Private(For Profit),PMJAY,-NA-,-NA-,Hospital Approved for Empanelment,No,NA,-NA-
1513,HOSP36P205614,CHAKRAVARTHY HOSPITALS SURGICAL AND LAPAROSCOPIC CENTRE,TELANGANA,WARANGAL URBAN,,,,NA,NA,Private(For Profit),PMJAY,-NA-,-NA-,Hospital Approved for Empanelment,No,NA,-NA-
1514,HOSP36P205616,GANGA HOSPITALS,TELANGANA,NIZAMABAD,,,,NA,NA,Private(For Profit),PMJAY,-NA-,-NA-,Hospital Approved for Empanelment,No,NA,-NA-
1515,HOSP36P205617,LEELA HEALTH CARE HOSPITAL,TELANGANA,NALGONDA,,,,NA,NA,Private(For Profit),PMJAY,-NA-,-NA-,Hospital Approved for Empanelment,No,NA,-NA-
1516,HOSP36P205618,MATLIS HOSPITAL A UNIT OF MATLIS HOSPITAL PVT LTD,TELANGANA,RANGA REDDY,,,,NA,NA,Private(For Profit),PMJAY,-NA-,-NA-,Hospital Approved for Empanelment,No,NA,-NA-
1517,HOSP36P205619,MEDHA HOSPITAL,TELANGANA,WARANGAL URBAN,,,,NA,NA,Private(For Profit),PMJAY,-NA-,-NA-,Hospital Approved for Empanelment,No,NA,-NA-
1518,HOSP36P205620,NAVEENA MULTI SPECIALITY HOSPITAL PRIVATE LIMITED,TELANGANA,RANGA REDDY,,,,NA,NA,Private(For Profit),PMJAY,-NA-,-NA-,Hospital Approved for Empanelment,No,NA,-NA-
1519,HOSP36P205621,OM SAI RAM MULTI SPECIALITY HOSPITAL,TELANGANA,Jagitial,,,,NA,NA,Private(For Profit),PMJAY,-NA-,-NA-,Hospital Approved for Empanelment,No,NA,-NA-
1520,HOSP36P205622,PRAGNYA HOSPITAL,TELANGANA,MEDCHAL MALKAJGIRI,,,,NA,NA,Private(For Profit),PMJAY,-NA-,-NA-,Hospital Approved for Empanelment,No,NA,-NA-
1521,HOSP36P205623,PULSE HEART CENTRE,TELANGANA,MEDCHAL MALKAJGIRI,,,,NA,NA,Private(For Profit),PMJAY,-NA-,-NA-,Hospital Approved for Empanelment,No,NA,-NA-
1522,HOSP36P205624,RISHIKA CHILDRENS HOSPITAL,TELANGANA,KARIMNAGAR,,,,NA,NA,Private(For Profit),PMJAY,-NA-,-NA-,Hospital Approved for Empanelment,No,NA,-NA-
1523,HOSP36P205625,SREE EYECARE AND MATERNITY HOSPITAL,TELANGANA,SURYAPET,,,,NA,NA,Private(For Profit),PMJAY,-NA-,-NA-,Hospital Approved for Empanelment,No,NA,-NA-
1524,HOSP36P205626,SRI RAVI NURSING HOME,TELANGANA,WARANGAL URBAN,,,,NA,NA,Private(For Profit),PMJAY,-NA-,-NA-,Hospital Approved for Empanelment,No,NA,-NA-
1525,HOSP36P205627,SRI SAI HOSPITAL,TELANGANA,SANGAREDDY,,,,NA,NA,Private(For Profit),PMJAY,-NA-,-NA-,Hospital Approved for Empanelment,No,NA,-NA-
1526,HOSP36P205628,SRI SHANMUKHA MULTI SPECIALITY HOSPITAL,TELANGANA,BHADRADRI KOTHAGUDEM,,,,NA,NA,Private(For Profit),PMJAY,-NA-,-NA-,Hospital Approved for Empanelment,No,NA,-NA-
1527,HOSP36P205629,SRI VIJAYA DURGA MULTI SPECIALITY HOSPITAL,TELANGANA,NALGONDA,,,,NA,NA,Private(For Profit),PMJAY,-NA-,-NA-,Hospital Approved for Empanelment,No,NA,-NA-
1528,HOSP36P205630,SV YENNAMS HOSPITAL A Unit of SV Yennams Hospitals Pvt Ltd,TELANGANA,NAGARKURNOOL,,,,NA,NA,Private(For Profit),PMJAY,-NA-,-NA-,Hospital Approved for Empanelment,No,NA,-NA-
1529,HOSP36P205631,VIJAYA HEALTH CARE,TELANGANA,HYDERABAD,,,,NA,NA,Private(For Profit),PMJAY,-NA-,-NA-,Hospital Approved for Empanelment,No,NA,-NA-
1530,HOSP36P205632,PACE HOSPITALS A Unit of OMRV Hospitals Pvt Ltd,TELANGANA,RANGA REDDY,,,,NA,NA,Private(For Profit),PMJAY,-NA-,-NA-,Hospital Approved for Empanelment,No,NA,-NA-
1531,HOSP36P205633,SRIKARA HOSPITALS,TELANGANA,MEDCHAL MALKAJGIRI,,,,7337339662,"M1,M1,M2,S8,M1,M7,M1,S7,M5,M8,S1,S10,S11,S12,S15,S2,S5,S6,S7,S8,S9,",Private(For Profit),PMJAY,-NA-,-NA-,Hospital Approved for Empanelment,No,NA,"M1, M2, S8, M7, S7, M5, M8, S1, S10, S11, S12, S15, S2, S5, S6, S9"
1532,HOSP36P207604,Spashta Eye Hospital,TELANGANA,SANGAREDDY,,,,9000134046,"SE,",Private(For Profit),Only CGHS,-NA-,-NA-,Hospital Approved for Empanelment,No,NA,SE
1533,HOSP36P207833,ASIAN VASCULAR HOSPITALS,TELANGANA,HYDERABAD,,,,7794881427,",CP,MC,MG,MO,MR,OC,SB,SG,SN,SP,SU,SV,",Private(For Profit),Only CGHS,-NA-,-NA-,Hospital Approved for Empanelment,No,NA,"CP, MC, MG, MO, MR, OC, SB, SG, SN, SP, SU, SV"
1534,HOSP36P208111,VASAVI HOSPITAL,TELANGANA,HYDERABAD,,,,9848120104,",MC,MG,MN,MP,OC,SB,SE,SG,SL,SM,SN,SO,SP,SS,SU,SV,",Private(Not For Profit),Only CGHS,-NA-,-NA-,Hospital Approved for Empanelment,No,NA,"MC, MG, MN, MP, OC, SB, SE, SG, SL, SM, SN, SO, SP, SS, SU, SV"
1535,HOSP36P209050, Rishab Eye Care Centres Pvt Ltd,TELANGANA,MEDCHAL MALKAJGIRI,,,,9848186712,"OC,SE,",Private(For Profit),Only CGHS,-NA-,-NA-,Hospital Approved for Empanelment,No,NA,"OC, SE"
1536,HOSP36P209604,SUREKHA HOSPITAL,TELANGANA,MEDCHAL MALKAJGIRI,,,,9247000564,",MR,OC,SB,SE,SG,SN,SO,SP,SS,SU,",Private(Not For Profit),Only CGHS,-NA-,-NA-,Hospital Approved for Empanelment,No,NA,"MR, OC, SB, SE, SG, SN, SO, SP, SS, SU"
1537,HOSP36P209788,Prime Retina Eye Care Centre,TELANGANA,HYDERABAD,,,,7842530202,"SE,",Private(For Profit),Only CGHS,-NA-,-NA-,Hospital Approved for Empanelment,No,NA,SE
1538,HOSP36P209795, Prime Retina Eye Care Centre,TELANGANA,RANGA REDDY,,,,8121025202,"SE,",Private(For Profit),Only CGHS,-NA-,-NA-,Hospital Approved for Empanelment,No,NA,SE
1539,HOSP36P209923,MAA HOSPITALS PRIVATE LIMITED,TELANGANA,HYDERABAD,,,,9849035636,",MC,MG,OC,SB,SG,SL,SM,SN,",Private(For Profit),Only CGHS,-NA-,-NA-,Hospital Approved for Empanelment,No,NA,"MC, MG, OC, SB, SG, SL, SM, SN"
1540,HOSP36P209960,ARUNA MULTI SPECIALITY HOSPITAL,TELANGANA,SURYAPET,,,,NA,NA,Private(For Profit),PMJAY,-NA-,-NA-,Hospital Approved for Empanelment,No,NA,-NA-
1541,HOSP36P209961,Amor Hospitals a unit of Aptamitra healthcare pvt ltd,TELANGANA,MEDCHAL MALKAJGIRI,,,,NA,NA,Private(For Profit),PMJAY,-NA-,-NA-,Hospital Approved for Empanelment,No,NA,-NA-
1542,HOSP36P209962,DHARANI SUPER SPECIALITY HOSPITAL A Unit of Vasishta Healthcare Pvt Ltd,TELANGANA,MAHABUBABAD,,,,NA,NA,Private(For Profit),PMJAY,-NA-,-NA-,Hospital Approved for Empanelment,No,NA,-NA-
1543,HOSP36P209963,SPARSH HOSPICE,TELANGANA,RANGA REDDY,,,,NA,NA,Private(For Profit),PMJAY,-NA-,-NA-,Hospital Approved for Empanelment,No,NA,-NA-
1544,HOSP36P209964,VASAN EYE CARE A Unit of Vasan Health Care Pvt Ltd,TELANGANA,MEDCHAL MALKAJGIRI,,,,NA,NA,Private(For Profit),PMJAY,-NA-,-NA-,Hospital Approved for Empanelment,No,NA,-NA-
1545,HOSP36P209965,DHRUVA HOSPITALS A Unit of Dhruva Vijaya Health Care Services,TELANGANA,SANGAREDDY,,,,NA,NA,Private(For Profit),PMJAY,-NA-,-NA-,Hospital Approved for Empanelment,No,NA,-NA-
1546,HOSP36P209966,DR SHARAT MAXIVISION EYE HOSPITALS LLP,TELANGANA,KHAMMAM,,,,NA,NA,Private(For Profit),PMJAY,-NA-,-NA-,Hospital Approved for Empanelment,No,NA,-NA-
1547,HOSP36P209967,EESHA HOSPITAL A Unit of Eesha Hospital Private Limited,TELANGANA,VIKARABAD,,,,NA,"M1,M1,M2,S8,M1,M7,M1,S7,M2,M3,M5,S1,S10,S11,S12,S15,S2,S4,S5,S6,S7,S8,S9,",Private(For Profit),PMJAY,-NA-,-NA-,Hospital Approved for Empanelment,No,NA,"M1, M2, S8, M7, S7, M3, M5, S1, S10, S11, S12, S15, S2, S4, S5, S6, S9"
1548,HOSP36P209968,NEELIMA HOSPITALS A Unit of Gayathri Educational and Cultural Trust,TELANGANA,MEDCHAL MALKAJGIRI,,,,NA,NA,Private(For Profit),PMJAY,-NA-,-NA-,Hospital Approved for Empanelment,No,NA,-NA-
1549,HOSP36P209969,RNC SUPER SPECIALITY HOSPITAL A Unit of Pranadhara Health Care Pvt Ltd,TELANGANA,MEDCHAL MALKAJGIRI,,,,NA,NA,Private(For Profit),PMJAY,-NA-,-NA-,Hospital Approved for Empanelment,No,NA,-NA-
1550,HOSP36P209970,S V MULTI SPECIALTY HOSPITALS A Division of Siddavati Hospitals Pvt Ltd,TELANGANA,RANGA REDDY,,,,NA,NA,Private(For Profit),PMJAY,-NA-,-NA-,Hospital Approved for Empanelment,No,NA,-NA-
1551,HOSP36P210038,RENOVA CENTURY HOSPITALS ( A UNIT OF BHARGAVI HEALTHCARE SERVICES PRIVATE LIMITED ),TELANGANA,HYDERABAD,,,,9491816630,",BM,CP,MC,MG,MO,MP,MR,OC,SB,SG,SL,SM,SN,SO,SP,SS,SU,SV,",Private(For Profit),Only CGHS,-NA-,-NA-,Hospital Approved for Empanelment,No,NA,"BM, CP, MC, MG, MO, MP, MR, OC, SB, SG, SL, SM, SN, SO, SP, SS, SU, SV"
1552,HOSP36P210080,INDIAN RED CROSS BLOOD TRANSMISSION CENTRE,TELANGANA,NIZAMABAD,,,,NA,NA,Private(For Profit),PMJAY,-NA-,-NA-,Hospital Approved for Empanelment,No,NA,-NA-
1553,HOSP36P210081,KVR GENERAL AND EMERGENCY HOSPITAL,TELANGANA,KHAMMAM,,,,NA,NA,Private(For Profit),PMJAY,-NA-,-NA-,Hospital Approved for Empanelment,No,NA,-NA-
1554,HOSP36P210082,Medicover Hospitals A Unit of Sahrudaya Health Pvt Ltd,TELANGANA,WARANGAL URBAN,,,,NA,NA,Private(For Profit),PMJAY,-NA-,-NA-,Hospital Approved for Empanelment,No,NA,-NA-
1555,HOSP36P210083,S V R KIDNEY AND SUPER SPECIALITY HOSPITAL,TELANGANA,SURYAPET,,,,NA,NA,Private(For Profit),PMJAY,-NA-,-NA-,Hospital Approved for Empanelment,No,NA,-NA-
1556,HOSP36P210084,YODHA SUPERSPECIALITY HOSPITAL,TELANGANA,JAYASHANKAR BHUPALAPALLY,,,,NA,NA,Private(For Profit),PMJAY,-NA-,-NA-,Hospital Approved for Empanelment,No,NA,-NA-
1557,HOSP36P210085,SRI MAHA LAXMI EYE HOSPITAL,TELANGANA,MAHABUBABAD,,,,NA,NA,Private(For Profit),PMJAY,-NA-,-NA-,Hospital Approved for Empanelment,No,NA,-NA-
1558,HOSP36P210093,LIONS EYE HOSPITAL,TELANGANA,NIZAMABAD,,,,NA,"S3,",Private(For Profit),PMJAY,-NA-,-NA-,Hospital Approved for Empanelment,No,NA,S3
1559,HOSP36P210094,WELLNESS HOSPITALS (A Unit of Wellnessplus Healthcare LLP),TELANGANA,SANGAREDDY,,,,NA,NA,Private(For Profit),PMJAY,-NA-,-NA-,Hospital Approved for Empanelment,No,NA,-NA-
1560,HOSP36P210121,DR SHARAT MAXIVISION EYE HOSPITALS LLP,TELANGANA,KARIMNAGAR,,,,NA,NA,Private(For Profit),PMJAY,-NA-,-NA-,Hospital Approved for Empanelment,No,NA,-NA-
1561,HOSP36P210122,LIONS EYE HOSPITAL,TELANGANA,NIZAMABAD,,,,NA,NA,Private(For Profit),PMJAY,-NA-,-NA-,Hospital Approved for Empanelment,No,NA,-NA-
1562,HOSP36P210123,MEDIVISION EYE AND HEALTH CARE CENTRE PVT LTD,TELANGANA,MEDCHAL MALKAJGIRI,,,,NA,NA,Private(For Profit),PMJAY,-NA-,-NA-,Hospital Approved for Empanelment,No,NA,-NA-
1563,HOSP36P210124,RAMRAJ HOSPITALS A UNIT OF RAMRAJ HOSPITALS PVT LTD,TELANGANA,MEDCHAL MALKAJGIRI,,,,NA,NA,Private(For Profit),PMJAY,-NA-,-NA-,Hospital Approved for Empanelment,No,NA,-NA-
1564,HOSP36P210125,SMART VISION EYE SPECIALITIES PVT LTD,TELANGANA,HYDERABAD,,,,NA,NA,Private(For Profit),PMJAY,-NA-,-NA-,Hospital Approved for Empanelment,No,NA,-NA-
1565,HOSP36P210126,Suseela Netralaya A Unit of SuseelaNetralayaPvtLtd,TELANGANA,RANGA REDDY,,,,NA,NA,Private(For Profit),PMJAY,-NA-,-NA-,Hospital Approved for Empanelment,No,NA,-NA-
1566,HOSP36P210187,ASIAN VASCULAR HOSPITALS,TELANGANA,HYDERABAD,,,,NA,NA,Private(For Profit),PMJAY,-NA-,-NA-,Hospital Approved for Empanelment,No,NA,-NA-
1567,HOSP36P210188,CENTER FOR THALASSEMIA AND BLOOD DISORDERS,TELANGANA,HYDERABAD,,,,NA,NA,Private(For Profit),PMJAY,-NA-,-NA-,Hospital Approved for Empanelment,No,NA,-NA-
1568,HOSP36P210189,Dr Agarwals Health care Limited,TELANGANA,HYDERABAD,,,,NA,NA,Private(For Profit),PMJAY,-NA-,-NA-,Hospital Approved for Empanelment,No,NA,-NA-
1569,HOSP36P210190,LAXMI SAI MODERN EYE AND MATERNITY HOSPITAL,TELANGANA,NALGONDA,,,,NA,NA,Private(For Profit),PMJAY,-NA-,-NA-,Hospital Approved for Empanelment,No,NA,-NA-
1570,HOSP36P210191,MEDITECH MULTISPECIALITY HOSPITAL A UNIT OF BYT HEALTH CARE SERVICES PVT LTD,TELANGANA,MEDCHAL MALKAJGIRI,,,,NA,NA,Private(For Profit),PMJAY,-NA-,-NA-,Hospital Approved for Empanelment,No,NA,-NA-
1571,HOSP36P210192,RENOVA HOSPITALS A Unit of Kathyayani Medcare Services Private Limited,TELANGANA,HYDERABAD,,,,NA,NA,Private(For Profit),PMJAY,-NA-,-NA-,Hospital Approved for Empanelment,No,NA,-NA-
1572,HOSP36P210193,SANGEETHA CHILDRENS HOSPITAL,TELANGANA,WARANGAL RURAL,,,,NA,NA,Private(For Profit),PMJAY,-NA-,-NA-,Hospital Approved for Empanelment,No,NA,-NA-
1573,HOSP36P210194,TOUCH HOSPITALS PVT LTD,TELANGANA,MANCHERIAL,,,,NA,NA,Private(For Profit),PMJAY,-NA-,-NA-,Hospital Approved for Empanelment,No,NA,-NA-
1574,HOSP36P210195,Vasan Eye Care A Unit of Vasan Health Care Pvt Ltd,TELANGANA,WARANGAL URBAN,,,,NA,NA,Private(For Profit),PMJAY,-NA-,-NA-,Hospital Approved for Empanelment,No,NA,-NA-
1575,HOSP36P210804,ANAND EYE INSTITUTE PRIVATE LIMITED,TELANGANA,RANGA REDDY,,,,NA,NA,Private(For Profit),PMJAY,-NA-,-NA-,Hospital Approved for Empanelment,No,NA,-NA-
1576,HOSP36P210805,WELLNESS HOSPITALS NXP A UNIT OF WELLNESS NXP HOSPITALS PVT LTD,TELANGANA,MEDCHAL MALKAJGIRI,,,,NA,NA,Private(For Profit),PMJAY,-NA-,-NA-,Hospital Approved for Empanelment,No,NA,-NA-
1577,HOSP36P210882,CHETHANA HOSPITALS,TELANGANA,RANGA REDDY,,,,NA,NA,Private(For Profit),PMJAY,-NA-,-NA-,Hospital Approved for Empanelment,No,NA,-NA-
1578,HOSP36P210883,MINA SUPERSPECIALITY HOSPITAL,TELANGANA,RANGA REDDY,,,,NA,NA,Private(For Profit),PMJAY,-NA-,-NA-,Hospital Approved for Empanelment,No,NA,-NA-
1579,HOSP36P210884,NEO VISION EYE CARE AND LASER CENTRE,TELANGANA,MEDCHAL MALKAJGIRI,,,,NA,NA,Private(For Profit),PMJAY,-NA-,-NA-,Hospital Approved for Empanelment,No,NA,-NA-
1580,HOSP36P210885,RAMANSHOSPITAL,TELANGANA,MEDCHAL MALKAJGIRI,,,,NA,NA,Private(For Profit),PMJAY,-NA-,-NA-,Hospital Approved for Empanelment,No,NA,-NA-
1581,HOSP36P210886,Sudeeksha Multi Speciality Hospital,TELANGANA,NALGONDA,,,,NA,NA,Private(For Profit),PMJAY,-NA-,-NA-,Hospital Approved for Empanelment,No,NA,-NA-
1582,HOSP36P210899,SANKARA EYE HOSPITALSRIKANCHIKAMAKOTIMEDICALTRUST,TELANGANA,RANGA REDDY,,,,NA,NA,Private(For Profit),PMJAY,-NA-,-NA-,Hospital Approved for Empanelment,No,NA,-NA-
1583,HOSP36P211022,INTEGRO HOSPITAL,TELANGANA,HYDERABAD,,,,9652314550,"M1,M1,M2,S8,M1,M7,M1,S7,S1,S12,S13,S14,S15,S4,S5,S6,S7,S8,S9,",Private(For Profit),PMJAY,-NA-,-NA-,Hospital Approved for Empanelment,No,NA,"M1, M2, S8, M7, S7, S1, S12, S13, S14, S15, S4, S5, S6, S9"
1584,HOSP36P211023,PEOPLES SUPERSPECIALITYHOSPITAL,TELANGANA,SIDDIPET,,,,8125352434,"M1,M1,M2,S8,M1,M7,M1,S7,S1,S12,S7,S8,S9,",Private(For Profit),PMJAY,-NA-,-NA-,Hospital Approved for Empanelment,No,NA,"M1, M2, S8, M7, S7, S1, S12, S9"
1585,HOSP36P211024,RAMAGIRI MULTI SPECIALITY HOSPITAL,TELANGANA,NALGONDA,,,,NA,NA,Private(For Profit),PMJAY,-NA-,-NA-,Hospital Approved for Empanelment,No,NA,-NA-
1586,HOSP36P211025,SIVA EYE HOSPITAL,TELANGANA,RANGA REDDY,,,,NA,NA,Private(For Profit),PMJAY,-NA-,-NA-,Hospital Approved for Empanelment,No,NA,-NA-
1587,HOSP36P211026,ANKITH MULTI SPECIALITY HOSPITALS,TELANGANA,HYDERABAD,,,,NA,NA,Private(For Profit),PMJAY,-NA-,-NA-,Hospital Approved for Empanelment,No,NA,-NA-
1588,HOSP36P211027,NEELADHRII SUPER SPECIALITY HOSPITALS,TELANGANA,RANGA REDDY,,,,NA,NA,Private(For Profit),PMJAY,-NA-,-NA-,Hospital Approved for Empanelment,No,NA,-NA-
1589,HOSP36P211028,OMNI HOSPITALS A UNIT OF INCOR HOSPITALS PVT LTD,TELANGANA,MEDCHAL MALKAJGIRI,,,,NA,NA,Private(For Profit),PMJAY,-NA-,-NA-,Hospital Approved for Empanelment,No,NA,-NA-
1590,HOSP36P211186,UDBHAVA HOSPITALS,TELANGANA,RANGA REDDY,,,,NA,NA,Private(For Profit),PMJAY,-NA-,-NA-,Hospital Approved for Empanelment,No,NA,-NA-
1591,HOSP36P211204,GOKUL VENKATESHWARA SUPER SPECIALITY HOSPITAL,TELANGANA,SANGAREDDY,,,,NA,NA,Private(For Profit),PMJAY,-NA-,-NA-,Hospital Approved for Empanelment,No,NA,-NA-
1592,HOSP36P211205,MATRIX HOSPITAL,TELANGANA,KAMAREDDY,,,,NA,NA,Private(For Profit),PMJAY,-NA-,-NA-,Hospital Approved for Empanelment,No,NA,-NA-
1593,HOSP36P211206,RIVER HOSPITAL,TELANGANA,NALGONDA,,,,NA,NA,Private(For Profit),PMJAY,-NA-,-NA-,Hospital Approved for Empanelment,No,NA,-NA-
1594,HOSP36P211248,NAKSHATRA HOSPITAL,TELANGANA,ADILABAD,,,,NA,NA,Private(For Profit),PMJAY,-NA-,-NA-,Hospital Approved for Empanelment,No,NA,-NA-
1595,HOSP36P211302,DEVIBAI CRITICAL CARE CENTRE AND SUPER SPECIALITY HOSPITAL,TELANGANA,Nirmal,,,,NA,NA,Private(For Profit),PMJAY,-NA-,-NA-,Hospital Approved for Empanelment,No,NA,-NA-
1596,HOSP36P211303,JANANI CHILDREN HOSPITAL,TELANGANA,KHAMMAM,,,,NA,NA,Private(For Profit),PMJAY,-NA-,-NA-,Hospital Approved for Empanelment,No,NA,-NA-
1597,HOSP36P211304,SINDHU HOSPITALS,TELANGANA,RANGA REDDY,,,,NA,NA,Private(For Profit),PMJAY,-NA-,-NA-,Hospital Approved for Empanelment,No,NA,-NA-
1598,HOSP36P211356,AKSHARA CARDIAC HOSPITAL,TELANGANA,KHAMMAM,,,,NA,NA,Private(For Profit),PMJAY,-NA-,-NA-,Hospital Approved for Empanelment,No,NA,-NA-
1599,HOSP36P211357,CHIRANJEEVI HOSPITALS A UNIT OF CHIRANJEEVI VASCULAR CARE PVT LTD,TELANGANA,MEDCHAL MALKAJGIRI,,,,NA,NA,Private(For Profit),PMJAY,-NA-,-NA-,Hospital Approved for Empanelment,No,NA,-NA-
1600,HOSP36P211358,Roma Hospital,TELANGANA,MEDCHAL MALKAJGIRI,,,,NA,NA,Private(For Profit),PMJAY,-NA-,-NA-,Hospital Approved for Empanelment,No,NA,-NA-
1601,HOSP36P211359,SHISHIRA HOSPITALS,TELANGANA,HYDERABAD,,,,NA,NA,Private(For Profit),PMJAY,-NA-,-NA-,Hospital Approved for Empanelment,No,NA,-NA-
1602,HOSP36P211360,SUNRISE HOSPITA,TELANGANA,SANGAREDDY,,,,8790288333,"M1,M1,M2,S8,M1,M7,M1,S7,M2,M3,M8,S1,S10,S11,S12,S13,S14,S15,S2,S4,S5,S6,S7,S8,S9,",Private(For Profit),PMJAY,-NA-,-NA-,Hospital Approved for Empanelment,No,NA,"M1, M2, S8, M7, S7, M3, M8, S1, S10, S11, S12, S13, S14, S15, S2, S4, S5, S6, S9"
1603,HOSP36P211361,Solis Eye Care Hospitals Pvt Ltd,TELANGANA,HYDERABAD,,,,NA,NA,Private(For Profit),PMJAY,-NA-,-NA-,Hospital Approved for Empanelment,No,NA,-NA-
1604,HOSP36P211384,YASHODA HEALTHCARE SERVICES PVT LTD,TELANGANA,HYDERABAD,,,,7075256663,",CP,MC,MG,MN,MO,MP,MR,OC,SB,SE,SG,SL,SM,SN,SO,SP,SS,SU,SV,",Private(For Profit),State Specific Empanelment,-NA-,-NA-,Hospital Approved for Empanelment,No,NA,"CP, MC, MG, MN, MO, MP, MR, OC, SB, SE, SG, SL, SM, SN, SO, SP, SS, SU, SV"
1605,HOSP36P211489,SRI RADHIKA MULTISPECIALITY HOSPITAL ,TELANGANA,RANGA REDDY,,,,9948464134,"MG,MP,SB,SN,SO,SU,",Private(For Profit),Only CGHS,-NA-,-NA-,Hospital Approved for Empanelment,No,NA,"MG, MP, SB, SN, SO, SU"
1606,HOSP36P211505,DR SAMUEL SUPER SPECIALITY HOSPITAL,TELANGANA,MAHABUBNAGAR,,,,NA,NA,Private(For Profit),PMJAY,-NA-,-NA-,Hospital Approved for Empanelment,No,NA,-NA-
1607,HOSP36P211506,DREAMLAND HOPE HOSPITAL PRIVATE LIMITED,TELANGANA,NIZAMABAD,,,,NA,NA,Private(For Profit),PMJAY,-NA-,-NA-,Hospital Approved for Empanelment,No,NA,-NA-
1608,HOSP36P211507,KONDETI SUPER SPECIALITY HOSPITALS,TELANGANA,RANGA REDDY,,,,NA,NA,Private(For Profit),PMJAY,-NA-,-NA-,Hospital Approved for Empanelment,No,NA,-NA-
1609,HOSP36P211508,SANKALPA MULTI AND SUPER SPECIALITY HOSPITAL A UNIT OF SANKALPA HEALTH CARE,TELANGANA,NALGONDA,,,,NA,NA,Private(For Profit),PMJAY,-NA-,-NA-,Hospital Approved for Empanelment,No,NA,-NA-
1610,HOSP36P211509,SRI LALITHA KIDNEY CARE AND SUPER SPECIALITY HOSPITAL,TELANGANA,Jagitial,,,,NA,NA,Private(For Profit),PMJAY,-NA-,-NA-,Hospital Approved for Empanelment,No,NA,-NA-
1611,HOSP36P211510,PRASAD HOSPITALS INDIA PRIVATE LIMITED,TELANGANA,MEDCHAL MALKAJGIRI,,,,NA,NA,Private(For Profit),PMJAY,-NA-,-NA-,Hospital Approved for Empanelment,No,NA,-NA-
1612,HOSP36P211547,NEO RETINA EYE CARE CENTRE,TELANGANA,HYDERABAD,,,,NA,NA,Private(For Profit),PMJAY,-NA-,-NA-,Hospital Approved for Empanelment,No,NA,-NA-
1613,HOSP36P211548,PULSE HEART SUPER SPECIALUTY HOSPITAL,TELANGANA,RANGA REDDY,,,,NA,NA,Private(For Profit),PMJAY,-NA-,-NA-,Hospital Approved for Empanelment,No,NA,-NA-
1614,HOSP36P211606,SAI NURSING HOME,TELANGANA,HYDERABAD,,,,9989179309,",CP,MG,MP,OC,SB,SG,SL,SN,SO,SU,",Private(For Profit),Only CGHS,-NA-,-NA-,Hospital Approved for Empanelment,No,NA,"CP, MG, MP, OC, SB, SG, SL, SN, SO, SU"
1615,HOSP36P211752,AJUDAHOSPITALS,TELANGANA,MEDCHAL MALKAJGIRI,,,,8686181499,",CP,MG,OC,SB,SG,SN,SO,SU,",Private(For Profit),Only CGHS,-NA-,-NA-,Hospital Approved for Empanelment,No,NA,"CP, MG, OC, SB, SG, SN, SO, SU"
1616,HOSP36P211753,BYRAM HOSPITAL,TELANGANA,WARANGAL URBAN,,,,9548769956,"M2,S1,S7,",Private(For Profit),PMJAY,-NA-,-NA-,Hospital Approved for Empanelment,No,NA,"M2, S1, S7"
1617,HOSP36P211754,G V Hospiatal,TELANGANA,NALGONDA,,,,NA,NA,Private(For Profit),PMJAY,-NA-,-NA-,Hospital Approved for Empanelment,No,NA,-NA-
1618,HOSP36P211755,LIFE CARE INSTITUTE OF MEDICAL SCIENCES,TELANGANA,RANGA REDDY,,,,NA,NA,Private(For Profit),PMJAY,-NA-,-NA-,Hospital Approved for Empanelment,No,NA,-NA-
1619,HOSP36P211756,NITHIN HOSPITAL,TELANGANA,MAHABUBNAGAR,,,,NA,NA,Private(For Profit),PMJAY,-NA-,-NA-,Hospital Approved for Empanelment,No,NA,-NA-
1620,HOSP36P211757,INDIAN RED CROSS SOCIETY HOSPITAL,TELANGANA,BHADRADRI KOTHAGUDEM,,,,NA,NA,Private(For Profit),PMJAY,-NA-,-NA-,Hospital Approved for Empanelment,No,NA,-NA-
1621,HOSP36P211758,SHIVA ELITE KIDNEY AND MULTI SPECIALTY HOSPITAL,TELANGANA,KARIMNAGAR,,,,NA,NA,Private(For Profit),PMJAY,-NA-,-NA-,Hospital Approved for Empanelment,No,NA,-NA-
1622,HOSP36P212221,PERUMALLA HOSPILTAL,TELANGANA,NALGONDA,,,,NA,NA,Private(For Profit),PMJAY,-NA-,-NA-,Hospital Approved for Empanelment,No,NA,-NA-
1623,HOSP36P212222,AARTHI KIDNEY HOSPITAL,TELANGANA,VIKARABAD,,,,NA,NA,Private(For Profit),PMJAY,-NA-,-NA-,Hospital Approved for Empanelment,No,NA,-NA-
1624,HOSP36P212223,ABINAV EYE CARE CENTRES,TELANGANA,MEDCHAL MALKAJGIRI,,,,NA,NA,Private(For Profit),PMJAY,-NA-,-NA-,Hospital Approved for Empanelment,No,NA,-NA-
1625,HOSP36P212224,AMMA CHILDRENS HOSPITAL,TELANGANA,MAHABUBABAD,,,,NA,NA,Private(For Profit),PMJAY,-NA-,-NA-,Hospital Approved for Empanelment,No,NA,-NA-
1626,HOSP36P212225,APEX HOSPITAL,TELANGANA,KARIMNAGAR,,,,NA,NA,Private(For Profit),PMJAY,-NA-,-NA-,Hospital Approved for Empanelment,No,NA,-NA-
1627,HOSP36P212226,AROGYA CRITICAL CARE AND MULTI SPECIALITY HOSPITAL A UNIT OF JAGITIAL HOSPITAL PVT LTD,TELANGANA,Jagitial,,,,NA,NA,Private(For Profit),PMJAY,-NA-,-NA-,Hospital Approved for Empanelment,No,NA,-NA-
1628,HOSP36P212227,AROGYA HOSPITAL,TELANGANA,MAHABUBABAD,,,,NA,NA,Private(For Profit),PMJAY,-NA-,-NA-,Hospital Approved for Empanelment,No,NA,-NA-
1629,HOSP36P212229,BUCHAMMA CHANDRAMOULI TRUST EYE INSITUTE,TELANGANA,RAJANNA SIRCILLA,,,,NA,NA,Private(For Profit),PMJAY,-NA-,-NA-,Hospital Approved for Empanelment,No,NA,-NA-
1630,HOSP36P212230,DR A SUDHAKAR MEMORIAL MULKANOOR NURSING HOME,TELANGANA,WARANGAL URBAN,,,,NA,NA,Private(For Profit),PMJAY,-NA-,-NA-,Hospital Approved for Empanelment,No,NA,-NA-
1631,HOSP36P212231,DR BLN CARE HOSPITAL AND DIAGNOSTICS,TELANGANA,WARANGAL RURAL,,,,NA,NA,Private(For Profit),PMJAY,-NA-,-NA-,Hospital Approved for Empanelment,No,NA,-NA-
1632,HOSP36P212232,Dr Agarwals Health Care Limited,TELANGANA,WARANGAL URBAN,,,,NA,NA,Private(For Profit),PMJAY,-NA-,-NA-,Hospital Approved for Empanelment,No,NA,-NA-
1633,HOSP36P212233,EYECURE HOSPITAL,TELANGANA,HYDERABAD,,,,NA,NA,Private(For Profit),PMJAY,-NA-,-NA-,Hospital Approved for Empanelment,No,NA,-NA-
1634,HOSP36P212234,FATHIMA MULTI SPECIALITY HOSPITAL,TELANGANA,WARANGAL URBAN,,,,NA,NA,Private(For Profit),PMJAY,-NA-,-NA-,Hospital Approved for Empanelment,No,NA,-NA-
1635,HOSP36P212235,FORTUNE MEDCARE HOSPITAL,TELANGANA,KARIMNAGAR,,,,NA,NA,Private(For Profit),PMJAY,-NA-,-NA-,Hospital Approved for Empanelment,No,NA,-NA-
1636,HOSP36P212236,FORTUNE SIGMA MULTIPLICITY HOSPITAL,TELANGANA,Jagitial,,,,NA,NA,Private(For Profit),PMJAY,-NA-,-NA-,Hospital Approved for Empanelment,No,NA,-NA-
1637,HOSP36P212237,GRACE GENERAL HOSPITAL,TELANGANA,KHAMMAM,,,,NA,NA,Private(For Profit),PMJAY,-NA-,-NA-,Hospital Approved for Empanelment,No,NA,-NA-
1638,HOSP36P212238,LV PRAJA VAIDYASALA,TELANGANA,BHADRADRI KOTHAGUDEM,,,,NA,NA,Private(For Profit),PMJAY,-NA-,-NA-,Hospital Approved for Empanelment,No,NA,-NA-
1639,HOSP36P212239,MANA AMMA HOSPITAL,TELANGANA,SURYAPET,,,,NA,NA,Private(For Profit),PMJAY,-NA-,-NA-,Hospital Approved for Empanelment,No,NA,-NA-
1640,HOSP36P212240,Mamatha eye hospital,TELANGANA,SIDDIPET,,,,NA,NA,Private(For Profit),PMJAY,-NA-,-NA-,Hospital Approved for Empanelment,No,NA,-NA-
1641,HOSP36P212241,NIRMAL HOSPITAL,TELANGANA,WARANGAL RURAL,,,,NA,NA,Private(For Profit),PMJAY,-NA-,-NA-,Hospital Approved for Empanelment,No,NA,-NA-
1642,HOSP36P212242,NIRMALA HOSPITAL,TELANGANA,NALGONDA,,,,NA,NA,Private(For Profit),PMJAY,-NA-,-NA-,Hospital Approved for Empanelment,No,NA,-NA-
1643,HOSP36P212243,ORCHID HOSPITALS,TELANGANA,KARIMNAGAR,,,,NA,NA,Private(For Profit),PMJAY,-NA-,-NA-,Hospital Approved for Empanelment,No,NA,-NA-
1644,HOSP36P212244,PADMAJA HOSPITAL A UNIT OF NEW LIFE REHAB LLP,TELANGANA,MEDCHAL MALKAJGIRI,,,,NA,NA,Private(For Profit),PMJAY,-NA-,-NA-,Hospital Approved for Empanelment,No,NA,-NA-
1645,HOSP36P212245,PRAVEEN ENT HOSPITAL,TELANGANA,KHAMMAM,,,,NA,NA,Private(For Profit),PMJAY,-NA-,-NA-,Hospital Approved for Empanelment,No,NA,-NA-
1646,HOSP36P212246,PRIME RETINA EYE CARE CENTRE,TELANGANA,RANGA REDDY,,,,NA,NA,Private(For Profit),PMJAY,-NA-,-NA-,Hospital Approved for Empanelment,No,NA,-NA-
1647,HOSP36P212247,PULSE HOSPITAL,TELANGANA,KHAMMAM,,,,NA,NA,Private(For Profit),PMJAY,-NA-,-NA-,Hospital Approved for Empanelment,No,NA,-NA-
1648,HOSP36P212248,RECOVER HOSPITALS,TELANGANA,RANGA REDDY,,,,NA,NA,Private(For Profit),PMJAY,-NA-,-NA-,Hospital Approved for Empanelment,No,NA,-NA-
1649,HOSP36P212249,ROHIT ENT EYE HOSPITAL AND LASER CENTRE,TELANGANA,NALGONDA,,,,NA,NA,Private(For Profit),PMJAY,-NA-,-NA-,Hospital Approved for Empanelment,No,NA,-NA-
1650,HOSP36P212250,SAIJYOTHI EYE HOSPITAL,TELANGANA,MEDCHAL MALKAJGIRI,,,,NA,NA,Private(For Profit),PMJAY,-NA-,-NA-,Hospital Approved for Empanelment,No,NA,-NA-
1651,HOSP36P212251,SANROHI HOSPITAL,TELANGANA,SANGAREDDY,,,,NA,NA,Private(For Profit),PMJAY,-NA-,-NA-,Hospital Approved for Empanelment,No,NA,-NA-
1652,HOSP36P212252,SRI HARSHA EYE HOSPITAL,TELANGANA,KARIMNAGAR,,,,NA,NA,Private(For Profit),PMJAY,-NA-,-NA-,Hospital Approved for Empanelment,No,NA,-NA-
1653,HOSP36P212253,SRI NAKSHATRA HOSPITAL,TELANGANA,MAHABUBNAGAR,,,,NA,NA,Private(For Profit),PMJAY,-NA-,-NA-,Hospital Approved for Empanelment,No,NA,-NA-
1654,HOSP36P212254,SRI SAI NETHRALAYA EYE HOSPITAL,TELANGANA,RANGA REDDY,,,,NA,NA,Private(For Profit),PMJAY,-NA-,-NA-,Hospital Approved for Empanelment,No,NA,-NA-
1655,HOSP36P212255,SRI SRI HOLISTIC HOSPITALS,TELANGANA,RANGA REDDY,,,,NA,NA,Private(For Profit),PMJAY,-NA-,-NA-,Hospital Approved for Empanelment,No,NA,-NA-
1656,HOSP36P212256,SRI UDAY MULTISPECIALITY HOSPITALS PRIVATE LTD,TELANGANA,WARANGAL URBAN,,,,NA,NA,Private(For Profit),PMJAY,-NA-,-NA-,Hospital Approved for Empanelment,No,NA,-NA-
1657,HOSP36P212257,SRISAI NURSINGHOME,TELANGANA,SIDDIPET,,,,NA,NA,Private(For Profit),PMJAY,-NA-,-NA-,Hospital Approved for Empanelment,No,NA,-NA-
1658,HOSP36P212258,SUNRISE HOSPTALS A UNIT OF MANAIR HOSPITALS PVT LTD,TELANGANA,KARIMNAGAR,,,,NA,NA,Private(For Profit),PMJAY,-NA-,-NA-,Hospital Approved for Empanelment,No,NA,-NA-
1659,HOSP36P212259,Sri Tulasi Hospitals,TELANGANA,NALGONDA,,,,NA,NA,Private(For Profit),PMJAY,-NA-,-NA-,Hospital Approved for Empanelment,No,NA,-NA-
1660,HOSP36P212260,UROVISION HOSPITAL,TELANGANA,NALGONDA,,,,NA,NA,Private(For Profit),PMJAY,-NA-,-NA-,Hospital Approved for Empanelment,No,NA,-NA-
1661,HOSP36P212261,VASAN HEALTH CARE PRIVATE LIMITED,TELANGANA,KHAMMAM,,,,NA,NA,Private(For Profit),PMJAY,-NA-,-NA-,Hospital Approved for Empanelment,No,NA,-NA-
1662,HOSP36P212262,VASHISTA MULTI SPECIALITY HOSPITAL,TELANGANA,KHAMMAM,,,,NA,NA,Private(For Profit),PMJAY,-NA-,-NA-,Hospital Approved for Empanelment,No,NA,-NA-
1663,HOSP36P212263,VENKATA SAI MULTI SPECIALTY HOSPITAL,TELANGANA,SIDDIPET,,,,NA,NA,Private(For Profit),PMJAY,-NA-,-NA-,Hospital Approved for Empanelment,No,NA,-NA-
1664,HOSP36P212264,VENKATESHWARA MULTISPECALITY HOSPITAL,TELANGANA,Nirmal,,,,NA,NA,Private(For Profit),PMJAY,-NA-,-NA-,Hospital Approved for Empanelment,No,NA,-NA-
1665,HOSP36P212265,VENUVIDYA MULTISPECIALITY HOSPITAL,TELANGANA,NALGONDA,,,,NA,NA,Private(For Profit),PMJAY,-NA-,-NA-,Hospital Approved for Empanelment,No,NA,-NA-
1666,HOSP36P212266,YALAMADDI HOSPITALS,TELANGANA,KHAMMAM,,,,NA,NA,Private(For Profit),PMJAY,-NA-,-NA-,Hospital Approved for Empanelment,No,NA,-NA-
1667,HOSP36P212269,BABAJI NETHRALAYYA PRIVATE LIMITED,TELANGANA,MEDCHAL MALKAJGIRI,,,,NA,NA,Private(For Profit),PMJAY,-NA-,-NA-,Hospital Approved for Empanelment,No,NA,-NA-
1668,HOSP36P212270,BHAVANI HOSPITAL,TELANGANA,KHAMMAM,,,,NA,NA,Private(For Profit),PMJAY,-NA-,-NA-,Hospital Approved for Empanelment,No,NA,-NA-
1669,HOSP36P212271,NOVA HOSPITAL,TELANGANA,KARIMNAGAR,,,,NA,NA,Private(For Profit),PMJAY,-NA-,-NA-,Hospital Approved for Empanelment,No,NA,-NA-
1670,HOSP36P212272,PONUGOTI HOSPITAL,TELANGANA,MAHABUBABAD,,,,NA,NA,Private(For Profit),PMJAY,-NA-,-NA-,Hospital Approved for Empanelment,No,NA,-NA-
1671,HOSP36P212273,SREENIDHI HOSPITAL,TELANGANA,KHAMMAM,,,,NA,NA,Private(For Profit),PMJAY,-NA-,-NA-,Hospital Approved for Empanelment,No,NA,-NA-
1672,HOSP36P212274,SRI RAKSHA HOSPITAL,TELANGANA,KHAMMAM,,,,NA,NA,Private(For Profit),PMJAY,-NA-,-NA-,Hospital Approved for Empanelment,No,NA,-NA-
1673,HOSP36P212275,SRIKARA HOSPITALS A UNIT OF VENKATESHWARA ORTHO HEALTHCARE PVT LTD,TELANGANA,HYDERABAD,,,,NA,NA,Private(For Profit),PMJAY,-NA-,-NA-,Hospital Approved for Empanelment,No,NA,-NA-
1674,HOSP36P212276,TRINETRA HOSPITAL,TELANGANA,WANAPARTHY,,,,NA,NA,Private(For Profit),PMJAY,-NA-,-NA-,Hospital Approved for Empanelment,No,NA,-NA-
1675,HOSP36P212277,WELLNESS HOSPITALS A UNIT OF WELLNESS INDUR HOSPITALS PVT LTD,TELANGANA,NIZAMABAD,,,,NA,NA,Private(For Profit),PMJAY,-NA-,-NA-,Hospital Approved for Empanelment,No,NA,-NA-
1676,HOSP36P212278,image health care ltd,TELANGANA,HYDERABAD,,,,NA,NA,Private(For Profit),PMJAY,-NA-,-NA-,Hospital Approved for Empanelment,No,NA,-NA-
1677,HOSP36P212309,YASHODA HOSPITAL,TELANGANA,HYDERABAD,,,,7075256663,",CP,MC,MG,MN,MO,MP,MR,OC,SB,SG,SL,SN,SO,SP,SS,SU,SV,",Private(For Profit),State Specific Empanelment,-NA-,-NA-,Hospital Approved for Empanelment,No,NA,"CP, MC, MG, MN, MO, MP, MR, OC, SB, SG, SL, SN, SO, SP, SS, SU, SV"
1678,HOSP36P212417,YASHODA HOSPITAL,TELANGANA,HYDERABAD,,,,7075256663,",CP,MC,MG,MN,MO,MP,MR,OC,SB,SG,SL,SN,SO,SP,SS,SU,SV,",Private(For Profit),State Specific Empanelment,-NA-,-NA-,Hospital Approved for Empanelment,No,NA,"CP, MC, MG, MN, MO, MP, MR, OC, SB, SG, SL, SN, SO, SP, SS, SU, SV"
1679,HOSP36P212418,YASHODA HOSPITAL,TELANGANA,HYDERABAD,,,,7099041791,",CP,MC,MG,MN,MO,MP,MR,OC,SB,SG,SL,SN,SO,SP,SS,SU,SV,",Private(For Profit),State Specific Empanelment,-NA-,-NA-,Hospital Approved for Empanelment,No,NA,"CP, MC, MG, MN, MO, MP, MR, OC, SB, SG, SL, SN, SO, SP, SS, SU, SV"
1680,HOSP36P212450,ABHAYAPRADA SUPER SPECIALITY HOSPITAL,TELANGANA,MAHABUBNAGAR,,,,NA,NA,Private(For Profit),PMJAY,-NA-,-NA-,Hospital Approved for Empanelment,No,NA,-NA-
1681,HOSP36P212451,ADHYA EYE CARE AND SUPER SPECIALITY HOSPITAL,TELANGANA,SIDDIPET,,,,NA,NA,Private(For Profit),PMJAY,-NA-,-NA-,Hospital Approved for Empanelment,No,NA,-NA-
1682,HOSP36P212452,AROGYA HOSPITALS A unit of arogya health city LLP,TELANGANA,KHAMMAM,,,,NA,NA,Private(For Profit),PMJAY,-NA-,-NA-,Hospital Approved for Empanelment,No,NA,-NA-
1683,HOSP36P212453,BRIGHT MULTISPECILAITY HOSPITAL,TELANGANA,RANGA REDDY,,,,NA,NA,Private(For Profit),PMJAY,-NA-,-NA-,Hospital Approved for Empanelment,No,NA,-NA-
1684,HOSP36P212454,DR SUMANTH EYE HOSPITAL AND LASER CENTER,TELANGANA,YADADRI BHUVANAGIRI,,,,NA,NA,Private(For Profit),PMJAY,-NA-,-NA-,Hospital Approved for Empanelment,No,NA,-NA-
1685,HOSP36P212455,Dr Agarwals Health Care Limited,TELANGANA,NIZAMABAD,,,,NA,NA,Private(For Profit),PMJAY,-NA-,-NA-,Hospital Approved for Empanelment,No,NA,-NA-
1686,HOSP36P212456,Dr Akbar Eye Hospital,TELANGANA,HYDERABAD,,,,NA,NA,Private(For Profit),PMJAY,-NA-,-NA-,Hospital Approved for Empanelment,No,NA,-NA-
1687,HOSP36P212457,EYE LAND HOSPITALS A UNIT OF EYE LAND HEALTH CARE,TELANGANA,MEDCHAL MALKAJGIRI,,,,NA,NA,Private(For Profit),PMJAY,-NA-,-NA-,Hospital Approved for Empanelment,No,NA,-NA-
1688,HOSP36P212459,GEMCARE CANCER INSTITUTE A UNIT OF GEMCARE HOSPITALS KHAMMAM PVT LTD,TELANGANA,KHAMMAM,,,,NA,NA,Private(For Profit),PMJAY,-NA-,-NA-,Hospital Approved for Empanelment,No,NA,-NA-
1689,HOSP36P212460,GEMCARE POULOMI HOSPITALS,TELANGANA,MEDCHAL MALKAJGIRI,,,,NA,NA,Private(For Profit),PMJAY,-NA-,-NA-,Hospital Approved for Empanelment,No,NA,-NA-
1690,HOSP36P212461,HIMALAYA HOSPITALS A UNIT OF GVSR HEALTH CARE PVT LTD,TELANGANA,RANGA REDDY,,,,NA,NA,Private(For Profit),PMJAY,-NA-,-NA-,Hospital Approved for Empanelment,No,NA,-NA-
1691,HOSP36P212462,KELVIN HOSPITAL,TELANGANA,KARIMNAGAR,,,,NA,NA,Private(For Profit),PMJAY,-NA-,-NA-,Hospital Approved for Empanelment,No,NA,-NA-
1692,HOSP36P212463,KIDS CARE EMERGENCY CHILDRENS HOSPITAL,TELANGANA,NIZAMABAD,,,,NA,NA,Private(For Profit),PMJAY,-NA-,-NA-,Hospital Approved for Empanelment,No,NA,-NA-
1693,HOSP36P212464,LALITHA BHAVANI HOSPITAL,TELANGANA,SIDDIPET,,,,NA,NA,Private(For Profit),PMJAY,-NA-,-NA-,Hospital Approved for Empanelment,No,NA,-NA-
1694,HOSP36P212465,MAA HOSITALS PRIVATE LIMITED,TELANGANA,HYDERABAD,,,,NA,NA,Private(For Profit),PMJAY,-NA-,-NA-,Hospital Approved for Empanelment,No,NA,-NA-
1695,HOSP36P212466,MEDISTARHOSPITALS AUNITOFVCAREHOSPITALSMULTISPECIALITY,TELANGANA,HYDERABAD,,,,NA,NA,Private(For Profit),PMJAY,-NA-,-NA-,Hospital Approved for Empanelment,No,NA,-NA-
1696,HOSP36P212467,Maxivision Eye Hospitals Private limited,TELANGANA,RANGA REDDY,,,,NA,NA,Private(For Profit),PMJAY,-NA-,-NA-,Hospital Approved for Empanelment,No,NA,-NA-
1697,HOSP36P212468,NTR TRUST THALASSEMIA CARE CENTRE,TELANGANA,HYDERABAD,,,,NA,NA,Private(For Profit),PMJAY,-NA-,-NA-,Hospital Approved for Empanelment,No,NA,-NA-
1698,HOSP36P212469,SHARADA EYE CARE,TELANGANA,RANGA REDDY,,,,NA,NA,Private(For Profit),PMJAY,-NA-,-NA-,Hospital Approved for Empanelment,No,NA,-NA-
1699,HOSP36P212470,SMART VISION EYE SPECIALITIES PRIVATE LIMITED,TELANGANA,RANGA REDDY,,,,NA,NA,Private(For Profit),PMJAY,-NA-,-NA-,Hospital Approved for Empanelment,No,NA,-NA-
1700,HOSP36P212471,SMART VISION EYE SPECIALITIES PRIVATE LIMITED,TELANGANA,RANGA REDDY,,,,NA,NA,Private(For Profit),PMJAY,-NA-,-NA-,Hospital Approved for Empanelment,No,NA,-NA-
1701,HOSP36P212472,SRI SURAKSHA MULTI SPECIALTY HOSPITAL,TELANGANA,BHADRADRI KOTHAGUDEM,,,,NA,NA,Private(For Profit),PMJAY,-NA-,-NA-,Hospital Approved for Empanelment,No,NA,-NA-
1702,HOSP36P212473,TRINETRA EYE HOSPITAL,TELANGANA,SIDDIPET,,,,NA,NA,Private(For Profit),PMJAY,-NA-,-NA-,Hospital Approved for Empanelment,No,NA,-NA-
1703,HOSP36P212474,AARVI SUPER SPECIALITY HOSPITAL,TELANGANA,SURYAPET,,,,NA,NA,Private(For Profit),PMJAY,-NA-,-NA-,Hospital Approved for Empanelment,No,NA,-NA-
1704,HOSP36P212475,HOPE NEURO AND MULTISPECIALITY HOSPITAL,TELANGANA,SANGAREDDY,,,,NA,NA,Private(For Profit),PMJAY,-NA-,-NA-,Hospital Approved for Empanelment,No,NA,-NA-
1705,HOSP36P212476,M/s SAI RAM SUPER SPECIALITY HOSPITALS/PINK CLOUD MOTHER & CHILD CARE,TELANGANA,RANGA REDDY,,,,NA,NA,Private(For Profit),PMJAY,-NA-,-NA-,Hospital Approved for Empanelment,No,NA,-NA-
1706,HOSP36P212477,PRIME RETINA EYE CARE CENTRE,TELANGANA,HYDERABAD,,,,NA,NA,Private(For Profit),PMJAY,-NA-,-NA-,Hospital Approved for Empanelment,No,NA,-NA-
1707,HOSP36P212478,ROSHINI SUPER SPECIALITY HOSPITAL,TELANGANA,Nirmal,,,,NA,NA,Private(For Profit),PMJAY,-NA-,-NA-,Hospital Approved for Empanelment,No,NA,-NA-
1708,HOSP36P212545,BANDAN HOSPITALS,TELANGANA,WARANGAL URBAN,,,,NA,NA,Private(For Profit),PMJAY,-NA-,-NA-,Hospital Approved for Empanelment,No,NA,-NA-
1709,HOSP36P212546,Balaji Medical and Diagnostics Research centre (Max Super Speciality Hospital Patparganj (A unit of Balaji Medical and Diagnostic Research)),TELANGANA,HYDERABAD,,,,NA,NA,Private(For Profit),PMJAY,-NA-,-NA-,Hospital Approved for Empanelment,No,NA,-NA-
1710,HOSP36P212547,Dr B L Kapur Memorial Hospital,TELANGANA,HYDERABAD,,,,NA,NA,Private(For Profit),PMJAY,-NA-,-NA-,Hospital Approved for Empanelment,No,NA,-NA-
1711,HOSP36P212548,GREEN STAR HOPITAL,TELANGANA,WARANGAL RURAL,,,,NA,NA,Private(For Profit),PMJAY,-NA-,-NA-,Hospital Approved for Empanelment,No,NA,-NA-
1712,HOSP36P212549,Jaypee Healthcare Limited,TELANGANA,HYDERABAD,,,,NA,NA,Private(For Profit),PMJAY,-NA-,-NA-,Hospital Approved for Empanelment,No,NA,-NA-
1713,HOSP36P212550,LIFE CARE HOSPITALS,TELANGANA,RANGA REDDY,,,,NA,NA,Private(For Profit),PMJAY,-NA-,-NA-,Hospital Approved for Empanelment,No,NA,-NA-
1714,HOSP36P212551,LIFE PLUS HOSPITAL,TELANGANA,HYDERABAD,,,,NA,NA,Private(For Profit),PMJAY,-NA-,-NA-,Hospital Approved for Empanelment,No,NA,-NA-
1715,HOSP36P212552,M/s MEDI STAR HOSPITAL(a unit of SVR Hospitals),TELANGANA,SANGAREDDY,,,,NA,NA,Private(For Profit),PMJAY,-NA-,-NA-,Hospital Approved for Empanelment,No,NA,-NA-
1716,HOSP36P212553,Max Multi Speciality Centre Noida (A unit of Crosslay Remedies Limited),TELANGANA,HYDERABAD,,,,NA,NA,Private(For Profit),PMJAY,-NA-,-NA-,Hospital Approved for Empanelment,No,NA,-NA-
1717,HOSP36P212554,Max Multi Speciality Centre Panchsheel Park (A unit of Max Healthcare Institute Limited),TELANGANA,HYDERABAD,,,,NA,NA,Private(For Profit),PMJAY,-NA-,-NA-,Hospital Approved for Empanelment,No,NA,-NA-
1718,HOSP36P212555,Max Super Speciality Hospital (A unit of Devki Devi Foundation),TELANGANA,HYDERABAD,,,,NA,NA,Private(For Profit),PMJAY,-NA-,-NA-,Hospital Approved for Empanelment,No,NA,-NA-
1719,HOSP36P212556,Max Super Speciality Hospital (A unit of Gujarmal Modi Hospital and Research Centre for Medical Sciences),TELANGANA,HYDERABAD,,,,NA,NA,Private(For Profit),PMJAY,-NA-,-NA-,Hospital Approved for Empanelment,No,NA,-NA-
1720,HOSP36P212557,Max Super Speciality Hospital Dwarka A unit of Muthoot Hospital Pvt Ltd),TELANGANA,HYDERABAD,,,,NA,NA,Private(For Profit),PMJAY,-NA-,-NA-,Hospital Approved for Empanelment,No,NA,-NA-
1721,HOSP36P212558,Max Super Speciality Hospital Vaishali (A unit of Crosslay Remedies Ltd),TELANGANA,HYDERABAD,,,,NA,NA,Private(For Profit),PMJAY,-NA-,-NA-,Hospital Approved for Empanelment,No,NA,-NA-
1722,HOSP36P212559,NAVYA MULTI SPECIALITY HOSPITAL,TELANGANA,NALGONDA,,,,NA,NA,Private(For Profit),PMJAY,-NA-,-NA-,Hospital Approved for Empanelment,No,NA,-NA-
1723,HOSP36P212560,NIMI GENERAL HOSPITAL,TELANGANA,HYDERABAD,,,,NA,NA,Private(For Profit),PMJAY,-NA-,-NA-,Hospital Approved for Empanelment,No,NA,-NA-
1724,HOSP98G111815,COMPOSITE HOSPITAL CRPF HYDERABAD,TELANGANA,HYDERABAD,,,,7086596885,"M1,M7,M2,M8,S1,S4,S5,",GOI,PMJAY,-NA-,-NA-,Hospital Approved for Empanelment,No,NA,"M1, M7, M2, M8, S1, S4, S5"
1725,HOSP98G113741,DHANWANTHARI HOSPITAL,TELANGANA,PEDDAPALLI,,,,9431600238,"S4,",GOI,PMJAY,-NA-,-NA-,Hospital Approved for Empanelment,No,NA,S4
1726,HOSP98G114385,BHEL General Hospital RCPuram Hyderabad,TELANGANA,HYDERABAD,,,,9490167513,"M1,M7,M8,S16,S3,",GOI,PMJAY,-NA-,-NA-,Hospital Approved for Empanelment,No,"S2,","M1, M7, M8, S16, S3, S2"
1727,HOSP99G91031,SOUTH CENTRAL RAILWAY CENTRAL HOSPITAL,TELANGANA,HYDERABAD,,,,9701370546,"M1,M1,M2,S8,M1,M7,M1,S7,M2,M3,M8,S1,S2,S3,S4,S5,S8,S9,",GOI,PMJAY,-NA-,-NA-,Hospital Approved for Empanelment,No,NA,"M1, M2, S8, M7, S7, M3, M8, S1, S2, S3, S4, S5, S9"
1728,LAB36507129513,LUCID MEDICAL DIAGNOSTICS PVT LTD,TELANGANA,HYDERABAD,,,,7337466687,NA,,Only CGHS,-NA-,-NA-,Hospital Approved for Empanelment,Yes,NA,-NA-
1729,LAB36507132223,LIKHITHAS DIAGNOSTICS AND SPECILAITY LABS A UNIT OF PRAGNASHREE HEALTHCARE PVT LTD,TELANGANA,HYDERABAD,,,,9629766494,NA,,Only CGHS,-NA-,-NA-,Hospital Approved for Empanelment,No,NA,-NA-
1730,LAB36507147579,MATRIX DIAGNOSTICS,TELANGANA,HYDERABAD,,,,9100010525,NA,,Only CGHS,-NA-,-NA-,Hospital Approved for Empanelment,No,NA,-NA-
1731,LAB36507165701,SPRINT DIAGNOSTICS,TELANGANA,HYDERABAD,,,,9989779900,NA,,Only CGHS,-NA-,-NA-,Hospital Approved for Empanelment,No,NA,-NA-
1732,LAB36507183966,AARTHI SCANS & LABS,TELANGANA,HYDERABAD,,,,7824809772,NA,,Only CGHS,-NA-,-NA-,Hospital Approved for Empanelment,No,NA,-NA-
1733,LAB36518150516,MAPMYGENOME INDIA LTD ,TELANGANA,RANGA REDDY,,,,7815955034,NA,,Only CGHS,-NA-,-NA-,Hospital Approved for Empanelment,No,NA,-NA-
