S.No,City,AD City Name,City ID,Hospital Name,Accreditation,Tier Type,Address,Facilities,Raw JSON
1,Ahmedabad,Ahmedabad,10,32 PEARLS MULTISPECIALITY DENTAL,NABH,TIER 1,AHMEDABAD,,"{""adcityName"": ""Ahmedabad"", ""cityName"": ""AHMEDABAD"", ""hospAcc"": ""NABH"", ""hospName"": ""32 PEARLS MULTISPECIALITY DENTAL"", ""tierType"": ""TIER 1""}"
2,Ahmedabad,Ahmedabad,10,32 Pearls Multispeciality Dental Clinics and Implant Centre,NABH,TIER 1,AHMEDABAD,,"{""adcityName"": ""Ahmedabad"", ""cityName"": ""AHMEDABAD"", ""hospAcc"": ""NABH"", ""hospName"": ""32 Pearls Multispeciality Dental Clinics and Implant Centre"", ""tierType"": ""TIER 1""}"
3,Ahmedabad,Ahmedabad,10,3RD EYE - THE VITREORETINA CLINIC and EYE HOSPITAL,NON NABH,TIER 1,AHMEDABAD,,"{""adcityName"": ""Ahmedabad"", ""cityName"": ""AHMEDABAD"", ""hospAcc"": ""NON NABH"", ""hospName"": ""3RD EYE - THE VITREORETINA CLINIC and EYE HOSPITAL"", ""tierType"": ""TIER 1""}"
4,Ahmedabad,Ahmedabad,10,AARTHAM HOSPITAL,NABH,TIER 1,AHMEDABAD,,"{""adcityName"": ""Ahmedabad"", ""cityName"": ""AHMEDABAD"", ""hospAcc"": ""NABH"", ""hospName"": ""AARTHAM HOSPITAL"", ""tierType"": ""TIER 1""}"
5,Ahmedabad,Ahmedabad,10,AASHU DENTAL and MULTISPECIALITY CLINIC,NABH,TIER 1,AHMEDABAD,,"{""adcityName"": ""Ahmedabad"", ""cityName"": ""AHMEDABAD"", ""hospAcc"": ""NABH"", ""hospName"": ""AASHU DENTAL and MULTISPECIALITY CLINIC"", ""tierType"": ""TIER 1""}"
6,Ahmedabad,Ahmedabad,10,Agrawals Multispeciality Dental Clinic,NABH,TIER 1,AHMEDABAD,,"{""adcityName"": ""Ahmedabad"", ""cityName"": ""AHMEDABAD"", ""hospAcc"": ""NABH"", ""hospName"": ""Agrawals Multispeciality Dental Clinic"", ""tierType"": ""TIER 1""}"
7,Ahmedabad,Ahmedabad,10,AHMEDABAD BARIATRICS AND COSMETICS P LTD,,TIER 1,AHMEDABAD,,"{""adcityName"": ""Ahmedabad"", ""cityName"": ""AHMEDABAD"", ""hospAcc"": """", ""hospName"": ""AHMEDABAD BARIATRICS AND COSMETICS P LTD"", ""tierType"": ""TIER 1""}"
8,Ahmedabad,Ahmedabad,10,Ahmedabad Institute of Medical Service,NABH,TIER 1,AHMEDABAD,,"{""adcityName"": ""Ahmedabad"", ""cityName"": ""AHMEDABAD"", ""hospAcc"": ""NABH"", ""hospName"": ""Ahmedabad Institute of Medical Service"", ""tierType"": ""TIER 1""}"
9,Ahmedabad,Ahmedabad,10,AIRMED PATHOLOGY PRIVATE LIMITED,,TIER 1,AHMEDABAD,,"{""adcityName"": ""Ahmedabad"", ""cityName"": ""AHMEDABAD"", ""hospAcc"": """", ""hospName"": ""AIRMED PATHOLOGY PRIVATE LIMITED"", ""tierType"": ""TIER 1""}"
10,Ahmedabad,Ahmedabad,10,AMDAVAD EYE LASER HOSPITALS PVT LTD,NABH,TIER 1,AHMEDABAD,,"{""adcityName"": ""Ahmedabad"", ""cityName"": ""AHMEDABAD"", ""hospAcc"": ""NABH"", ""hospName"": ""AMDAVAD EYE LASER HOSPITALS PVT LTD"", ""tierType"": ""TIER 1""}"
11,Ahmedabad,Ahmedabad,10,Anjna Hospital & Clinisearch Pvt. Ltd.,NABH ENTRY LEVEL,TIER 1,AHMEDABAD,,"{""adcityName"": ""Ahmedabad"", ""cityName"": ""AHMEDABAD"", ""hospAcc"": ""NABH ENTRY LEVEL"", ""hospName"": ""Anjna Hospital & Clinisearch Pvt. Ltd."", ""tierType"": ""TIER 1""}"
12,Ahmedabad,Ahmedabad,10,Apollo CBCC Cancer Care,,TIER 1,AHMEDABAD,,"{""adcityName"": ""Ahmedabad"", ""cityName"": ""AHMEDABAD"", ""hospAcc"": """", ""hospName"": ""Apollo CBCC Cancer Care"", ""tierType"": ""TIER 1""}"
13,Ahmedabad,Ahmedabad,10,APOLLO CVHF HEART INSTITUTE,NABH,TIER 1,AHMEDABAD,,"{""adcityName"": ""Ahmedabad"", ""cityName"": ""AHMEDABAD"", ""hospAcc"": ""NABH"", ""hospName"": ""APOLLO CVHF HEART INSTITUTE"", ""tierType"": ""TIER 1""}"
14,Ahmedabad,Ahmedabad,10,Apollo hospitals city centre,,TIER 1,AHMEDABAD,,"{""adcityName"": ""Ahmedabad"", ""cityName"": ""AHMEDABAD"", ""hospAcc"": """", ""hospName"": ""Apollo hospitals city centre"", ""tierType"": ""TIER 1""}"
15,Ahmedabad,Ahmedabad,10,Apollo Hospitals City Centre,,TIER 1,AHMEDABAD,,"{""adcityName"": ""Ahmedabad"", ""cityName"": ""AHMEDABAD"", ""hospAcc"": """", ""hospName"": ""Apollo Hospitals City Centre"", ""tierType"": ""TIER 1""}"
16,Ahmedabad,Ahmedabad,10,APOLLO HOSPITALS INTERNATIONAL LTD,NABH,TIER 1,AHMEDABAD,,"{""adcityName"": ""Ahmedabad"", ""cityName"": ""AHMEDABAD"", ""hospAcc"": ""NABH"", ""hospName"": ""APOLLO HOSPITALS INTERNATIONAL LTD"", ""tierType"": ""TIER 1""}"
17,Ahmedabad,Ahmedabad,10,APOLLO PRIME EYE HOSPITALS,NON NABH,TIER 1,AHMEDABAD,,"{""adcityName"": ""Ahmedabad"", ""cityName"": ""AHMEDABAD"", ""hospAcc"": ""NON NABH"", ""hospName"": ""APOLLO PRIME EYE HOSPITALS"", ""tierType"": ""TIER 1""}"
18,Ahmedabad,Ahmedabad,10,Baroda Heart Institute and Research Centre,NABH,TIER 1,AHMEDABAD,,"{""adcityName"": ""Ahmedabad"", ""cityName"": ""AHMEDABAD"", ""hospAcc"": ""NABH"", ""hospName"": ""Baroda Heart Institute and Research Centre"", ""tierType"": ""TIER 1""}"
19,Ahmedabad,Ahmedabad,10,BAVISHI EYE HOSPITAL,NON NABH,TIER 1,AHMEDABAD,,"{""adcityName"": ""Ahmedabad"", ""cityName"": ""AHMEDABAD"", ""hospAcc"": ""NON NABH"", ""hospName"": ""BAVISHI EYE HOSPITAL"", ""tierType"": ""TIER 1""}"
20,Ahmedabad,Ahmedabad,10,BODYLINE HOSPITALS,NABH ENTRY LEVEL,TIER 1,AHMEDABAD,,"{""adcityName"": ""Ahmedabad"", ""cityName"": ""AHMEDABAD"", ""hospAcc"": ""NABH ENTRY LEVEL"", ""hospName"": ""BODYLINE HOSPITALS"", ""tierType"": ""TIER 1""}"
21,Ahmedabad,Ahmedabad,10,Care And Cure Multispeciality Hospital,NABH,TIER 1,AHMEDABAD,,"{""adcityName"": ""Ahmedabad"", ""cityName"": ""AHMEDABAD"", ""hospAcc"": ""NABH"", ""hospName"": ""Care And Cure Multispeciality Hospital "", ""tierType"": ""TIER 1""}"
22,Ahmedabad,Ahmedabad,10,CENTRAL UNITED HOSPITAL A UNIT OF SHUBH UPCHAR PVT LTD,NABH ENTRY LEVEL,TIER 1,AHMEDABAD,,"{""adcityName"": ""Ahmedabad"", ""cityName"": ""AHMEDABAD"", ""hospAcc"": ""NABH ENTRY LEVEL"", ""hospName"": ""CENTRAL UNITED HOSPITAL A UNIT OF SHUBH UPCHAR PVT LTD"", ""tierType"": ""TIER 1""}"
23,Ahmedabad,Ahmedabad,10,CENTRE FOR SIGHT AHMEDABAD A UNIT OF NEW DELHI CENTRE FOR SIGHT LTD,NABH,TIER 1,AHMEDABAD,,"{""adcityName"": ""Ahmedabad"", ""cityName"": ""AHMEDABAD"", ""hospAcc"": ""NABH"", ""hospName"": ""CENTRE FOR SIGHT AHMEDABAD A UNIT OF NEW DELHI CENTRE FOR SIGHT LTD"", ""tierType"": ""TIER 1""}"
24,Ahmedabad,Ahmedabad,10,CIMS HOSPITAL PRIVATE LIMITED,NABH,TIER 1,AHMEDABAD,,"{""adcityName"": ""Ahmedabad"", ""cityName"": ""AHMEDABAD"", ""hospAcc"": ""NABH"", ""hospName"": ""CIMS HOSPITAL PRIVATE LIMITED"", ""tierType"": ""TIER 1""}"
25,Ahmedabad,Ahmedabad,10,CIMS HOSPITAL PVT LTD-AHMEDABAD,,TIER 1,AHMEDABAD,,"{""adcityName"": ""Ahmedabad"", ""cityName"": ""AHMEDABAD"", ""hospAcc"": """", ""hospName"": ""CIMS HOSPITAL PVT LTD-AHMEDABAD"", ""tierType"": ""TIER 1""}"
26,Ahmedabad,Ahmedabad,10,CONTACARE EYE HOSPITAL - AHMEDABAD,NABH ENTRY LEVEL,TIER 1,AHMEDABAD,,"{""adcityName"": ""Ahmedabad"", ""cityName"": ""AHMEDABAD"", ""hospAcc"": ""NABH ENTRY LEVEL"", ""hospName"": ""CONTACARE EYE HOSPITAL - AHMEDABAD"", ""tierType"": ""TIER 1""}"
27,Ahmedabad,Ahmedabad,10,DENTISTIUM MULTISPECIALITY DENTAL CLINIC,NABH,TIER 1,AHMEDABAD,,"{""adcityName"": ""Ahmedabad"", ""cityName"": ""AHMEDABAD"", ""hospAcc"": ""NABH"", ""hospName"": ""DENTISTIUM MULTISPECIALITY DENTAL CLINIC"", ""tierType"": ""TIER 1""}"
28,Ahmedabad,Ahmedabad,10,DIVA EYE INSTITUTE,NABH,TIER 1,AHMEDABAD,,"{""adcityName"": ""Ahmedabad"", ""cityName"": ""AHMEDABAD"", ""hospAcc"": ""NABH"", ""hospName"": ""DIVA EYE INSTITUTE"", ""tierType"": ""TIER 1""}"
29,Ahmedabad,Ahmedabad,10,DR AGARWAL HEALTH CARE LTD,NABH,TIER 1,AHMEDABAD,,"{""adcityName"": ""Ahmedabad"", ""cityName"": ""AHMEDABAD"", ""hospAcc"": ""NABH"", ""hospName"": ""DR AGARWAL HEALTH CARE LTD"", ""tierType"": ""TIER 1""}"
30,Ahmedabad,Ahmedabad,10,Dr Maitry M Shah Dental Clinic and Implant Centre,,TIER 1,AHMEDABAD,,"{""adcityName"": ""Ahmedabad"", ""cityName"": ""AHMEDABAD"", ""hospAcc"": """", ""hospName"": ""Dr Maitry M Shah Dental Clinic and Implant Centre"", ""tierType"": ""TIER 1""}"
31,Ahmedabad,Ahmedabad,10,DR MAITRY M SHAH DENTAL CLINIC and IMPLANT CENTRE,NON NABH,TIER 1,AHMEDABAD,,"{""adcityName"": ""Ahmedabad"", ""cityName"": ""AHMEDABAD"", ""hospAcc"": ""NON NABH"", ""hospName"": ""DR MAITRY M SHAH DENTAL CLINIC and IMPLANT CENTRE"", ""tierType"": ""TIER 1""}"
32,Ahmedabad,Ahmedabad,10,EYE CARE HOSPITAL PVT LTD,NABH ENTRY LEVEL,TIER 1,AHMEDABAD,,"{""adcityName"": ""Ahmedabad"", ""cityName"": ""AHMEDABAD"", ""hospAcc"": ""NABH ENTRY LEVEL"", ""hospName"": ""EYE CARE HOSPITAL PVT LTD"", ""tierType"": ""TIER 1""}"
33,Ahmedabad,Ahmedabad,10,EYE -Q VISION PVT LTD - VADODARA,NABH ENTRY LEVEL,TIER 1,AHMEDABAD,,"{""adcityName"": ""Ahmedabad"", ""cityName"": ""AHMEDABAD"", ""hospAcc"": ""NABH ENTRY LEVEL"", ""hospName"": ""EYE -Q VISION PVT LTD - VADODARA"", ""tierType"": ""TIER 1""}"
34,Ahmedabad,Ahmedabad,10,GCS Medical College Hospital & Research Centre,NABH,TIER 1,AHMEDABAD,,"{""adcityName"": ""Ahmedabad"", ""cityName"": ""AHMEDABAD"", ""hospAcc"": ""NABH"", ""hospName"": ""GCS Medical College Hospital & Research Centre"", ""tierType"": ""TIER 1""}"
35,Ahmedabad,Ahmedabad,10,GREENCROSS GENETICS LAB PVT LTD,NABL,TIER 1,AHMEDABAD,,"{""adcityName"": ""Ahmedabad"", ""cityName"": ""AHMEDABAD"", ""hospAcc"": ""NABL"", ""hospName"": ""GREENCROSS GENETICS LAB PVT LTD"", ""tierType"": ""TIER 1""}"
36,Ahmedabad,Ahmedabad,10,Gujarat Kidney and superspeciality hospital,NON NABH,TIER 1,AHMEDABAD,,"{""adcityName"": ""Ahmedabad"", ""cityName"": ""AHMEDABAD"", ""hospAcc"": ""NON NABH"", ""hospName"": ""Gujarat Kidney and superspeciality hospital"", ""tierType"": ""TIER 1""}"
37,Ahmedabad,Ahmedabad,10,Gujarat Kidney & Superspeciality Hospital,,TIER 1,AHMEDABAD,,"{""adcityName"": ""Ahmedabad"", ""cityName"": ""AHMEDABAD"", ""hospAcc"": """", ""hospName"": ""Gujarat Kidney & Superspeciality Hospital"", ""tierType"": ""TIER 1""}"
38,Ahmedabad,Ahmedabad,10,HCG CANCER CENTER - AHMEDABAD,NABH,TIER 1,AHMEDABAD,,"{""adcityName"": ""Ahmedabad"", ""cityName"": ""AHMEDABAD"", ""hospAcc"": ""NABH"", ""hospName"": ""HCG CANCER CENTER - AHMEDABAD"", ""tierType"": ""TIER 1""}"
39,Ahmedabad,Ahmedabad,10,HCG Cancer Centre Vadodara A Unit of HCG Oncology LLP,NABH,TIER 1,AHMEDABAD,,"{""adcityName"": ""Ahmedabad"", ""cityName"": ""AHMEDABAD"", ""hospAcc"": ""NABH"", ""hospName"": ""HCG Cancer Centre  Vadodara A Unit of HCG Oncology LLP"", ""tierType"": ""TIER 1""}"
40,Ahmedabad,Ahmedabad,10,HCG Hospitals AHMEDABAD,,TIER 1,AHMEDABAD,,"{""adcityName"": ""Ahmedabad"", ""cityName"": ""AHMEDABAD"", ""hospAcc"": """", ""hospName"": ""HCG Hospitals AHMEDABAD"", ""tierType"": ""TIER 1""}"
41,Ahmedabad,Ahmedabad,10,HCG Hospitals AHMEDABAD,NABH,TIER 1,AHMEDABAD,,"{""adcityName"": ""Ahmedabad"", ""cityName"": ""AHMEDABAD"", ""hospAcc"": ""NABH"", ""hospName"": ""HCG Hospitals AHMEDABAD"", ""tierType"": ""TIER 1""}"
42,Ahmedabad,Ahmedabad,10,HCG Hospitals BHAVNAGAR,,TIER 1,AHMEDABAD,,"{""adcityName"": ""Ahmedabad"", ""cityName"": ""AHMEDABAD"", ""hospAcc"": """", ""hospName"": ""HCG Hospitals BHAVNAGAR"", ""tierType"": ""TIER 1""}"
43,Ahmedabad,Ahmedabad,10,Health 1 Super Speciality Hospital,NABH,TIER 1,AHMEDABAD,,"{""adcityName"": ""Ahmedabad"", ""cityName"": ""AHMEDABAD"", ""hospAcc"": ""NABH"", ""hospName"": ""Health 1 Super Speciality Hospital"", ""tierType"": ""TIER 1""}"
44,Ahmedabad,Ahmedabad,10,HEMATO ONCOLOGY CLINIC PVT. LTD.,NABH,TIER 1,AHMEDABAD,,"{""adcityName"": ""Ahmedabad"", ""cityName"": ""AHMEDABAD"", ""hospAcc"": ""NABH"", ""hospName"": ""HEMATO ONCOLOGY CLINIC PVT. LTD."", ""tierType"": ""TIER 1""}"
45,Ahmedabad,Ahmedabad,10,I CARE HOSPITAL AND PHACO CENTRE,NABH ENTRY LEVEL,TIER 1,AHMEDABAD,,"{""adcityName"": ""Ahmedabad"", ""cityName"": ""AHMEDABAD"", ""hospAcc"": ""NABH ENTRY LEVEL"", ""hospName"": ""I CARE HOSPITAL AND PHACO CENTRE"", ""tierType"": ""TIER 1""}"
46,Ahmedabad,Ahmedabad,10,I CARE HOSPITAL & PHACO CENTER,NABH ENTRY LEVEL,TIER 1,AHMEDABAD,,"{""adcityName"": ""Ahmedabad"", ""cityName"": ""AHMEDABAD"", ""hospAcc"": ""NABH ENTRY LEVEL"", ""hospName"": ""I CARE HOSPITAL & PHACO CENTER"", ""tierType"": ""TIER 1""}"
47,Ahmedabad,Ahmedabad,10,IKDRC ITS,NON NABH,TIER 1,AHMEDABAD,,"{""adcityName"": ""Ahmedabad"", ""cityName"": ""AHMEDABAD"", ""hospAcc"": ""NON NABH"", ""hospName"": ""IKDRC ITS"", ""tierType"": ""TIER 1""}"
48,Ahmedabad,Ahmedabad,10,IKDRC-ITS,,TIER 1,AHMEDABAD,,"{""adcityName"": ""Ahmedabad"", ""cityName"": ""AHMEDABAD"", ""hospAcc"": """", ""hospName"": ""IKDRC-ITS"", ""tierType"": ""TIER 1""}"
49,Ahmedabad,Ahmedabad,10,INDRAPURI IMAGING CENTER A UNIT OF JAYPRIT DIAGNOSTIC LLP.,NON NABH,TIER 1,AHMEDABAD,,"{""adcityName"": ""Ahmedabad"", ""cityName"": ""AHMEDABAD"", ""hospAcc"": ""NON NABH"", ""hospName"": ""INDRAPURI IMAGING CENTER A UNIT OF JAYPRIT DIAGNOSTIC LLP."", ""tierType"": ""TIER 1""}"
50,Ahmedabad,Ahmedabad,10,INSTITUTE KIDNEY DISEASES AND RESEARCH CENTRE,NON NABH,TIER 1,AHMEDABAD,,"{""adcityName"": ""Ahmedabad"", ""cityName"": ""AHMEDABAD"", ""hospAcc"": ""NON NABH"", ""hospName"": ""INSTITUTE KIDNEY DISEASES AND RESEARCH CENTRE"", ""tierType"": ""TIER 1""}"
51,Ahmedabad,Ahmedabad,10,IN VITRO SPECIALITY LAB PVT LTD,NABL,TIER 1,AHMEDABAD,,"{""adcityName"": ""Ahmedabad"", ""cityName"": ""AHMEDABAD"", ""hospAcc"": ""NABL"", ""hospName"": ""IN VITRO SPECIALITY LAB PVT LTD"", ""tierType"": ""TIER 1""}"
52,Ahmedabad,Ahmedabad,10,JARDOSH DENTAL CLINIC,NABH,TIER 1,AHMEDABAD,,"{""adcityName"": ""Ahmedabad"", ""cityName"": ""AHMEDABAD"", ""hospAcc"": ""NABH"", ""hospName"": ""JARDOSH DENTAL CLINIC"", ""tierType"": ""TIER 1""}"
53,Ahmedabad,Ahmedabad,10,JAYDEEP HOSPITAL,NABH ENTRY LEVEL,TIER 1,AHMEDABAD,,"{""adcityName"": ""Ahmedabad"", ""cityName"": ""AHMEDABAD"", ""hospAcc"": ""NABH ENTRY LEVEL"", ""hospName"": ""JAYDEEP HOSPITAL"", ""tierType"": ""TIER 1""}"
54,Ahmedabad,Ahmedabad,10,Kanba Hospital,NABH ENTRY LEVEL,TIER 1,AHMEDABAD,,"{""adcityName"": ""Ahmedabad"", ""cityName"": ""AHMEDABAD"", ""hospAcc"": ""NABH ENTRY LEVEL"", ""hospName"": ""Kanba Hospital"", ""tierType"": ""TIER 1""}"
55,Ahmedabad,Ahmedabad,10,KANBA HOSPITALUNIT OF LAKHANI HOSPITALS PRIVATE L,NABH ENTRY LEVEL,TIER 1,AHMEDABAD,,"{""adcityName"": ""Ahmedabad"", ""cityName"": ""AHMEDABAD"", ""hospAcc"": ""NABH ENTRY LEVEL"", ""hospName"": ""KANBA HOSPITALUNIT OF LAKHANI HOSPITALS PRIVATE L"", ""tierType"": ""TIER 1""}"
56,Ahmedabad,Ahmedabad,10,Khyati Multispeciality Hospital,,TIER 1,AHMEDABAD,,"{""adcityName"": ""Ahmedabad"", ""cityName"": ""AHMEDABAD"", ""hospAcc"": """", ""hospName"": ""Khyati Multispeciality Hospital"", ""tierType"": ""TIER 1""}"
57,Ahmedabad,Ahmedabad,10,Krishna Shalby Hospital,NABH,TIER 1,AHMEDABAD,,"{""adcityName"": ""Ahmedabad"", ""cityName"": ""AHMEDABAD"", ""hospAcc"": ""NABH"", ""hospName"": ""Krishna Shalby Hospital"", ""tierType"": ""TIER 1""}"
58,Ahmedabad,Ahmedabad,10,MATIS MULTISPECIALITY HOSPITAL,NON NABH,TIER 1,AHMEDABAD,,"{""adcityName"": ""Ahmedabad"", ""cityName"": ""AHMEDABAD"", ""hospAcc"": ""NON NABH"", ""hospName"": ""MATIS MULTISPECIALITY HOSPITAL"", ""tierType"": ""TIER 1""}"
59,Ahmedabad,Ahmedabad,10,MODI MULTISPECIALITY DENTAL CLINIC,NABH,TIER 1,AHMEDABAD,,"{""adcityName"": ""Ahmedabad"", ""cityName"": ""AHMEDABAD"", ""hospAcc"": ""NABH"", ""hospName"": ""MODI MULTISPECIALITY DENTAL CLINIC"", ""tierType"": ""TIER 1""}"
60,Ahmedabad,Ahmedabad,10,Naik Superspeciality Hospital,NABH ENTRY LEVEL,TIER 1,AHMEDABAD,,"{""adcityName"": ""Ahmedabad"", ""cityName"": ""AHMEDABAD"", ""hospAcc"": ""NABH ENTRY LEVEL"", ""hospName"": ""Naik Superspeciality Hospital"", ""tierType"": ""TIER 1""}"
61,Ahmedabad,Ahmedabad,10,NARAYANA HRUDAYALAYA HOSPITAL - AHMEDABAD,NABH,TIER 1,AHMEDABAD,,"{""adcityName"": ""Ahmedabad"", ""cityName"": ""AHMEDABAD"", ""hospAcc"": ""NABH"", ""hospName"": ""NARAYANA HRUDAYALAYA HOSPITAL - AHMEDABAD"", ""tierType"": ""TIER 1""}"
62,Ahmedabad,Ahmedabad,10,NARAYANA HRUDAYALAYA LTD,NABH,TIER 1,AHMEDABAD,,"{""adcityName"": ""Ahmedabad"", ""cityName"": ""AHMEDABAD"", ""hospAcc"": ""NABH"", ""hospName"": ""NARAYANA HRUDAYALAYA LTD"", ""tierType"": ""TIER 1""}"
63,Ahmedabad,Ahmedabad,10,NETRALAYA SUPER SPECIALITY EYE HOSPITAL,,TIER 1,AHMEDABAD,,"{""adcityName"": ""Ahmedabad"", ""cityName"": ""AHMEDABAD"", ""hospAcc"": """", ""hospName"": ""NETRALAYA SUPER SPECIALITY EYE HOSPITAL"", ""tierType"": ""TIER 1""}"
64,Ahmedabad,Ahmedabad,10,NETRALAYA SUPER SPECIALITY EYE HOSPITAL,,TIER 1,AHMEDABAD,,"{""adcityName"": ""Ahmedabad"", ""cityName"": ""AHMEDABAD"", ""hospAcc"": """", ""hospName"": ""NETRALAYA SUPER SPECIALITY EYE HOSPITAL"", ""tierType"": ""TIER 1""}"
65,Ahmedabad,Ahmedabad,10,NETRALAYA SUPER SPECIALITY EYE HOSPITAL,NON NABH,TIER 1,AHMEDABAD,,"{""adcityName"": ""Ahmedabad"", ""cityName"": ""AHMEDABAD"", ""hospAcc"": ""NON NABH"", ""hospName"": ""NETRALAYA SUPER SPECIALITY EYE HOSPITAL"", ""tierType"": ""TIER 1""}"
66,Ahmedabad,Ahmedabad,10,NEUBERG DIAGNOSTICS PRIVATE LIMITED.,NABL,TIER 1,AHMEDABAD,,"{""adcityName"": ""Ahmedabad"", ""cityName"": ""AHMEDABAD"", ""hospAcc"": ""NABL"", ""hospName"": ""NEUBERG DIAGNOSTICS PRIVATE LIMITED."", ""tierType"": ""TIER 1""}"
67,Ahmedabad,Ahmedabad,10,NEW VISION LASER CENTRES RAJKOT PVT LTD,,TIER 1,AHMEDABAD,,"{""adcityName"": ""Ahmedabad"", ""cityName"": ""AHMEDABAD"", ""hospAcc"": """", ""hospName"": ""NEW VISION LASER CENTRES RAJKOT PVT LTD"", ""tierType"": ""TIER 1""}"
68,Ahmedabad,Ahmedabad,10,NEW VISION LASER CENTRES RAJKOT PVT LTD,NABH,TIER 1,AHMEDABAD,,"{""adcityName"": ""Ahmedabad"", ""cityName"": ""AHMEDABAD"", ""hospAcc"": ""NABH"", ""hospName"": ""NEW VISION LASER CENTRES RAJKOT PVT LTD"", ""tierType"": ""TIER 1""}"
69,Ahmedabad,Ahmedabad,10,Nishtha Retina Centre,NON NABH,TIER 1,AHMEDABAD,,"{""adcityName"": ""Ahmedabad"", ""cityName"": ""AHMEDABAD"", ""hospAcc"": ""NON NABH"", ""hospName"": ""Nishtha Retina Centre"", ""tierType"": ""TIER 1""}"
70,Ahmedabad,Ahmedabad,10,OCCURA EYE CARE and RESEARCH CENTERHEALTHCARE UNIT,NON NABH,TIER 1,AHMEDABAD,,"{""adcityName"": ""Ahmedabad"", ""cityName"": ""AHMEDABAD"", ""hospAcc"": ""NON NABH"", ""hospName"": ""OCCURA EYE CARE and RESEARCH CENTERHEALTHCARE UNIT"", ""tierType"": ""TIER 1""}"
71,Ahmedabad,Ahmedabad,10,Ojas Eye Care,NABH ENTRY LEVEL,TIER 1,AHMEDABAD,,"{""adcityName"": ""Ahmedabad"", ""cityName"": ""AHMEDABAD"", ""hospAcc"": ""NABH ENTRY LEVEL"", ""hospName"": ""Ojas Eye Care"", ""tierType"": ""TIER 1""}"
72,Ahmedabad,Ahmedabad,10,PANCHSHIL HOSPITAL AND STORES,NON NABH,TIER 1,AHMEDABAD,,"{""adcityName"": ""Ahmedabad"", ""cityName"": ""AHMEDABAD"", ""hospAcc"": ""NON NABH"", ""hospName"": ""PANCHSHIL HOSPITAL AND STORES"", ""tierType"": ""TIER 1""}"
73,Ahmedabad,Ahmedabad,10,Paramount Chairty Trust,NON NABL,TIER 1,AHMEDABAD,,"{""adcityName"": ""Ahmedabad"", ""cityName"": ""AHMEDABAD"", ""hospAcc"": ""NON NABL"", ""hospName"": ""Paramount Chairty Trust"", ""tierType"": ""TIER 1""}"
74,Ahmedabad,Ahmedabad,10,PARAMOUNT CHARITY TRUST,NON NABH,TIER 1,AHMEDABAD,,"{""adcityName"": ""Ahmedabad"", ""cityName"": ""AHMEDABAD"", ""hospAcc"": ""NON NABH"", ""hospName"": ""PARAMOUNT CHARITY TRUST"", ""tierType"": ""TIER 1""}"
75,Ahmedabad,Ahmedabad,10,PAREKHS HOSPITAL,NABH,TIER 1,AHMEDABAD,,"{""adcityName"": ""Ahmedabad"", ""cityName"": ""AHMEDABAD"", ""hospAcc"": ""NABH"", ""hospName"": ""PAREKHS HOSPITAL"", ""tierType"": ""TIER 1""}"
76,Ahmedabad,Ahmedabad,10,PAREKHS HOSPITAL,NABH,TIER 1,AHMEDABAD,,"{""adcityName"": ""Ahmedabad"", ""cityName"": ""AHMEDABAD"", ""hospAcc"": ""NABH "", ""hospName"": ""PAREKHS HOSPITAL"", ""tierType"": ""TIER 1""}"
77,Ahmedabad,Ahmedabad,10,PAREKHS HOSPITAL PVT LTD,NABH,TIER 1,AHMEDABAD,,"{""adcityName"": ""Ahmedabad"", ""cityName"": ""AHMEDABAD"", ""hospAcc"": ""NABH"", ""hospName"": ""PAREKHS HOSPITAL PVT LTD"", ""tierType"": ""TIER 1""}"
78,Ahmedabad,Ahmedabad,10,PARIKH HOSPITALS,NON NABH,TIER 1,AHMEDABAD,,"{""adcityName"": ""Ahmedabad"", ""cityName"": ""AHMEDABAD"", ""hospAcc"": ""NON NABH"", ""hospName"": ""PARIKH HOSPITALS"", ""tierType"": ""TIER 1""}"
79,Ahmedabad,Ahmedabad,10,Pariseema multispeciality dental clinic,NABH,TIER 1,AHMEDABAD,,"{""adcityName"": ""Ahmedabad"", ""cityName"": ""AHMEDABAD"", ""hospAcc"": ""NABH"", ""hospName"": ""Pariseema multispeciality dental clinic"", ""tierType"": ""TIER 1""}"
80,Ahmedabad,Ahmedabad,10,Parshwa Dental Clinic,NON NABH,TIER 1,AHMEDABAD,,"{""adcityName"": ""Ahmedabad"", ""cityName"": ""AHMEDABAD"", ""hospAcc"": ""NON NABH"", ""hospName"": ""Parshwa Dental Clinic"", ""tierType"": ""TIER 1""}"
81,Ahmedabad,Ahmedabad,10,PARTH EYE HOSPITAL,NON NABH,TIER 1,AHMEDABAD,,"{""adcityName"": ""Ahmedabad"", ""cityName"": ""AHMEDABAD"", ""hospAcc"": ""NON NABH"", ""hospName"": ""PARTH EYE HOSPITAL"", ""tierType"": ""TIER 1""}"
82,Ahmedabad,Ahmedabad,10,PEARL EYE HOSPITAL,NABH,TIER 1,AHMEDABAD,,"{""adcityName"": ""Ahmedabad"", ""cityName"": ""AHMEDABAD"", ""hospAcc"": ""NABH"", ""hospName"": ""PEARL EYE HOSPITAL"", ""tierType"": ""TIER 1""}"
83,Ahmedabad,Ahmedabad,10,PIXEL DIAGNOSTICS,,TIER 1,AHMEDABAD,,"{""adcityName"": ""Ahmedabad"", ""cityName"": ""AHMEDABAD"", ""hospAcc"": """", ""hospName"": ""PIXEL DIAGNOSTICS"", ""tierType"": ""TIER 1""}"
84,Ahmedabad,Ahmedabad,10,PRANAYAM LUNG &. HEART INSTITUTE,NABH,TIER 1,AHMEDABAD,,"{""adcityName"": ""Ahmedabad"", ""cityName"": ""AHMEDABAD"", ""hospAcc"": ""NABH"", ""hospName"": ""PRANAYAM LUNG &. HEART INSTITUTE"", ""tierType"": ""TIER 1""}"
85,Ahmedabad,Ahmedabad,10,PUSHYA MULTISPECIALITY HOSPITAL,NABH ENTRY LEVEL,TIER 1,AHMEDABAD,,"{""adcityName"": ""Ahmedabad"", ""cityName"": ""AHMEDABAD"", ""hospAcc"": ""NABH ENTRY LEVEL"", ""hospName"": ""PUSHYA MULTISPECIALITY HOSPITAL"", ""tierType"": ""TIER 1""}"
86,Ahmedabad,Ahmedabad,10,RAGHUDEEP EYE CLINIC LLP,NABH,TIER 1,AHMEDABAD,,"{""adcityName"": ""Ahmedabad"", ""cityName"": ""AHMEDABAD"", ""hospAcc"": ""NABH"", ""hospName"": ""RAGHUDEEP EYE CLINIC LLP"", ""tierType"": ""TIER 1""}"
87,Ahmedabad,Ahmedabad,10,RHYTHM HEART INSTITUTE,NABH,TIER 1,AHMEDABAD,,"{""adcityName"": ""Ahmedabad"", ""cityName"": ""AHMEDABAD"", ""hospAcc"": ""NABH"", ""hospName"": ""RHYTHM HEART INSTITUTE"", ""tierType"": ""TIER 1""}"
88,Ahmedabad,Ahmedabad,10,Sal hospital and Medical Institute,NABH,TIER 1,AHMEDABAD,,"{""adcityName"": ""Ahmedabad"", ""cityName"": ""AHMEDABAD"", ""hospAcc"": ""NABH"", ""hospName"": ""Sal hospital and Medical Institute"", ""tierType"": ""TIER 1""}"
89,Ahmedabad,Ahmedabad,10,SAL HOSPITAL AND MEDICAL INSTITUTE,NABH,TIER 1,AHMEDABAD,,"{""adcityName"": ""Ahmedabad"", ""cityName"": ""AHMEDABAD"", ""hospAcc"": ""NABH"", ""hospName"": ""SAL HOSPITAL AND MEDICAL INSTITUTE"", ""tierType"": ""TIER 1""}"
90,Ahmedabad,Ahmedabad,10,Salvus Bioresearch Solutions,NABL,TIER 1,AHMEDABAD,,"{""adcityName"": ""Ahmedabad"", ""cityName"": ""AHMEDABAD"", ""hospAcc"": ""NABL"", ""hospName"": ""Salvus Bioresearch Solutions"", ""tierType"": ""TIER 1""}"
91,Ahmedabad,Ahmedabad,10,SALVUS BIORESEARCH SOLUTIONS,NABL,TIER 1,AHMEDABAD,,"{""adcityName"": ""Ahmedabad"", ""cityName"": ""AHMEDABAD"", ""hospAcc"": ""NABL"", ""hospName"": ""SALVUS BIORESEARCH SOLUTIONS"", ""tierType"": ""TIER 1""}"
92,Ahmedabad,Ahmedabad,10,Samved Orthopaedic Hospital,NABH,TIER 1,AHMEDABAD,,"{""adcityName"": ""Ahmedabad"", ""cityName"": ""AHMEDABAD"", ""hospAcc"": ""NABH"", ""hospName"": ""Samved Orthopaedic Hospital"", ""tierType"": ""TIER 1""}"
93,Ahmedabad,Ahmedabad,10,sanjivani eye hospital,NABH,TIER 1,AHMEDABAD,,"{""adcityName"": ""Ahmedabad"", ""cityName"": ""AHMEDABAD"", ""hospAcc"": ""NABH "", ""hospName"": ""sanjivani eye hospital"", ""tierType"": ""TIER 1""}"
94,Ahmedabad,Ahmedabad,10,SANJIVANI EYE HOSPITAL AND PHACO CENTRE,NABH,TIER 1,AHMEDABAD,,"{""adcityName"": ""Ahmedabad"", ""cityName"": ""AHMEDABAD"", ""hospAcc"": ""NABH"", ""hospName"": ""SANJIVANI EYE HOSPITAL AND PHACO CENTRE"", ""tierType"": ""TIER 1""}"
95,Ahmedabad,Ahmedabad,10,Sanjivani Super Speciality Hospitals Pvt. Ltd.,NABH ENTRY LEVEL,TIER 1,AHMEDABAD,,"{""adcityName"": ""Ahmedabad"", ""cityName"": ""AHMEDABAD"", ""hospAcc"": ""NABH ENTRY LEVEL"", ""hospName"": ""Sanjivani Super Speciality Hospitals Pvt. Ltd."", ""tierType"": ""TIER 1""}"
96,Ahmedabad,Ahmedabad,10,SANKALP EYE HOSPITAL AND RETINA CENTRE,NABH ENTRY LEVEL,TIER 1,AHMEDABAD,,"{""adcityName"": ""Ahmedabad"", ""cityName"": ""AHMEDABAD"", ""hospAcc"": ""NABH ENTRY LEVEL"", ""hospName"": ""SANKALP EYE HOSPITAL AND RETINA CENTRE"", ""tierType"": ""TIER 1""}"
97,Ahmedabad,Ahmedabad,10,Satyam Hospital,NON NABH,TIER 1,AHMEDABAD,,"{""adcityName"": ""Ahmedabad"", ""cityName"": ""AHMEDABAD"", ""hospAcc"": ""NON NABH"", ""hospName"": ""Satyam Hospital"", ""tierType"": ""TIER 1""}"
98,Ahmedabad,Ahmedabad,10,Savita Superspeciality Hospital,NABH ENTRY LEVEL,TIER 1,AHMEDABAD,,"{""adcityName"": ""Ahmedabad"", ""cityName"": ""AHMEDABAD"", ""hospAcc"": ""NABH ENTRY LEVEL"", ""hospName"": ""Savita Superspeciality Hospital"", ""tierType"": ""TIER 1""}"
99,Ahmedabad,Ahmedabad,10,SECTOR HOSPITAL SHQ BSF BHUJ,,TIER 1,AHMEDABAD,,"{""adcityName"": ""Ahmedabad"", ""cityName"": ""AHMEDABAD"", ""hospAcc"": """", ""hospName"": ""SECTOR HOSPITAL SHQ BSF BHUJ"", ""tierType"": ""TIER 1""}"
100,Ahmedabad,Ahmedabad,10,SGS SUPER SPECIALITY HOSPITAL,NON NABH,TIER 1,AHMEDABAD,,"{""adcityName"": ""Ahmedabad"", ""cityName"": ""AHMEDABAD"", ""hospAcc"": ""NON NABH"", ""hospName"": ""SGS SUPER SPECIALITY HOSPITAL"", ""tierType"": ""TIER 1""}"
101,Ahmedabad,Ahmedabad,10,Shalby Hospital Naroda,NABH,TIER 1,AHMEDABAD,,"{""adcityName"": ""Ahmedabad"", ""cityName"": ""AHMEDABAD"", ""hospAcc"": ""NABH"", ""hospName"": ""Shalby Hospital Naroda"", ""tierType"": ""TIER 1""}"
102,Ahmedabad,Ahmedabad,10,Shanti Dental Clinic Implant center,NON NABH,TIER 1,AHMEDABAD,,"{""adcityName"": ""Ahmedabad"", ""cityName"": ""AHMEDABAD"", ""hospAcc"": ""NON NABH"", ""hospName"": ""Shanti Dental Clinic Implant center"", ""tierType"": ""TIER 1""}"
103,Ahmedabad,Ahmedabad,10,SHIVAM DENTAL CLINIC,NON NABH,TIER 1,AHMEDABAD,,"{""adcityName"": ""Ahmedabad"", ""cityName"": ""AHMEDABAD"", ""hospAcc"": ""NON NABH"", ""hospName"": ""SHIVAM DENTAL CLINIC"", ""tierType"": ""TIER 1""}"
104,Ahmedabad,Ahmedabad,10,Smt SMS Multi Speciality Hospital,NABH,TIER 1,AHMEDABAD,,"{""adcityName"": ""Ahmedabad"", ""cityName"": ""AHMEDABAD"", ""hospAcc"": ""NABH"", ""hospName"": ""Smt SMS Multi Speciality Hospital"", ""tierType"": ""TIER 1""}"
105,Ahmedabad,Ahmedabad,10,STERLING ACCURIS DIAGNOSTIC,NABL,TIER 1,AHMEDABAD,,"{""adcityName"": ""Ahmedabad"", ""cityName"": ""AHMEDABAD"", ""hospAcc"": ""NABL"", ""hospName"": ""STERLING ACCURIS DIAGNOSTIC"", ""tierType"": ""TIER 1""}"
106,Ahmedabad,Ahmedabad,10,STERLING ACCURIS WELLNESS PVT LTD,NABL,TIER 1,AHMEDABAD,,"{""adcityName"": ""Ahmedabad"", ""cityName"": ""AHMEDABAD"", ""hospAcc"": ""NABL"", ""hospName"": ""STERLING ACCURIS WELLNESS PVT LTD"", ""tierType"": ""TIER 1""}"
107,Ahmedabad,Ahmedabad,10,STERLING ACCURIS WELLNESS PVT LTD,NABL,TIER 1,AHMEDABAD,,"{""adcityName"": ""Ahmedabad"", ""cityName"": ""AHMEDABAD"", ""hospAcc"": ""NABL"", ""hospName"": ""STERLING ACCURIS WELLNESS PVT LTD"", ""tierType"": ""TIER 1""}"
108,Ahmedabad,Ahmedabad,10,Sunshine Global Hospital,NABH,TIER 1,AHMEDABAD,,"{""adcityName"": ""Ahmedabad"", ""cityName"": ""AHMEDABAD"", ""hospAcc"": ""NABH"", ""hospName"": ""Sunshine Global Hospital"", ""tierType"": ""TIER 1""}"
109,Ahmedabad,Ahmedabad,10,surryam Narol Imaging Centre,NON NABL,TIER 1,AHMEDABAD,,"{""adcityName"": ""Ahmedabad"", ""cityName"": ""AHMEDABAD"", ""hospAcc"": ""NON NABL"", ""hospName"": ""surryam Narol Imaging Centre"", ""tierType"": ""TIER 1""}"
110,Ahmedabad,Ahmedabad,10,SURYAM IMAGING CENTRE,NON NABL,TIER 1,AHMEDABAD,,"{""adcityName"": ""Ahmedabad"", ""cityName"": ""AHMEDABAD"", ""hospAcc"": ""NON NABL"", ""hospName"": ""SURYAM IMAGING CENTRE"", ""tierType"": ""TIER 1""}"
111,Ahmedabad,Ahmedabad,10,SVPIMSR,NON NABH,TIER 1,AHMEDABAD,,"{""adcityName"": ""Ahmedabad"", ""cityName"": ""AHMEDABAD"", ""hospAcc"": ""NON NABH"", ""hospName"": ""SVPIMSR"", ""tierType"": ""TIER 1""}"
112,Ahmedabad,Ahmedabad,10,TEJ EYE CENTER,,TIER 1,AHMEDABAD,,"{""adcityName"": ""Ahmedabad"", ""cityName"": ""AHMEDABAD"", ""hospAcc"": """", ""hospName"": ""TEJ EYE CENTER"", ""tierType"": ""TIER 1""}"
113,Ahmedabad,Ahmedabad,10,TEJ EYE CENTER - Gandhinagar,NABH ENTRY LEVEL,TIER 1,AHMEDABAD,,"{""adcityName"": ""Ahmedabad"", ""cityName"": ""AHMEDABAD"", ""hospAcc"": ""NABH ENTRY LEVEL"", ""hospName"": ""TEJ EYE CENTER - Gandhinagar"", ""tierType"": ""TIER 1""}"
114,Ahmedabad,Ahmedabad,10,TEJ EYE CENTRE - AHMEDABAD,NABH ENTRY LEVEL,TIER 1,AHMEDABAD,,"{""adcityName"": ""Ahmedabad"", ""cityName"": ""AHMEDABAD"", ""hospAcc"": ""NABH ENTRY LEVEL"", ""hospName"": ""TEJ EYE CENTRE - AHMEDABAD"", ""tierType"": ""TIER 1""}"
115,Ahmedabad,Ahmedabad,10,The Gujarat Cancer & Research Institute,NABH,TIER 1,AHMEDABAD,,"{""adcityName"": ""Ahmedabad"", ""cityName"": ""AHMEDABAD"", ""hospAcc"": ""NABH"", ""hospName"": ""The Gujarat Cancer & Research Institute"", ""tierType"": ""TIER 1""}"
116,Ahmedabad,Ahmedabad,10,Tricolour Hospitals,NABH,TIER 1,AHMEDABAD,,"{""adcityName"": ""Ahmedabad"", ""cityName"": ""AHMEDABAD"", ""hospAcc"": ""NABH"", ""hospName"": ""Tricolour Hospitals"", ""tierType"": ""TIER 1""}"
117,Ahmedabad,Ahmedabad,10,TRICOLOUR HOSPITALS,NABH,TIER 1,AHMEDABAD,,"{""adcityName"": ""Ahmedabad"", ""cityName"": ""AHMEDABAD"", ""hospAcc"": ""NABH"", ""hospName"": ""TRICOLOUR HOSPITALS"", ""tierType"": ""TIER 1""}"
118,Ahmedabad,Ahmedabad,10,Trisha Multispecilaity Hospital,NABH ENTRY LEVEL,TIER 1,AHMEDABAD,,"{""adcityName"": ""Ahmedabad"", ""cityName"": ""AHMEDABAD"", ""hospAcc"": ""NABH ENTRY LEVEL"", ""hospName"": ""Trisha Multispecilaity Hospital"", ""tierType"": ""TIER 1""}"
119,Ahmedabad,Ahmedabad,10,Tuskers Multispeciality Dental Care,NABH,TIER 1,AHMEDABAD,,"{""adcityName"": ""Ahmedabad"", ""cityName"": ""AHMEDABAD"", ""hospAcc"": ""NABH"", ""hospName"": ""Tuskers Multispeciality Dental Care"", ""tierType"": ""TIER 1""}"
120,Ahmedabad,Ahmedabad,10,U N MEHTA INSTITUTE OF CARDIOLOGY and RESEARCH CENTRE,NABH ENTRY LEVEL,TIER 1,AHMEDABAD,,"{""adcityName"": ""Ahmedabad"", ""cityName"": ""AHMEDABAD"", ""hospAcc"": ""NABH ENTRY LEVEL"", ""hospName"": ""U N MEHTA INSTITUTE OF CARDIOLOGY and RESEARCH CENTRE"", ""tierType"": ""TIER 1""}"
121,Ahmedabad,Ahmedabad,10,UNMehta Institute of Cardiology Research Centre,,TIER 1,AHMEDABAD,,"{""adcityName"": ""Ahmedabad"", ""cityName"": ""AHMEDABAD"", ""hospAcc"": """", ""hospName"": ""UNMehta Institute of Cardiology  Research Centre"", ""tierType"": ""TIER 1""}"
122,Ahmedabad,Ahmedabad,10,USMANPURA IMAGING CENTER unit of Pixel Diagnostics.,NABH,TIER 1,AHMEDABAD,,"{""adcityName"": ""Ahmedabad"", ""cityName"": ""AHMEDABAD"", ""hospAcc"": ""NABH"", ""hospName"": ""USMANPURA IMAGING CENTER unit of Pixel Diagnostics."", ""tierType"": ""TIER 1""}"
123,Ahmedabad,Ahmedabad,10,USMANPURA IMAGING CENTREUNIT OF PIXEL DIAGNOSTIC,NABH,TIER 1,AHMEDABAD,,"{""adcityName"": ""Ahmedabad"", ""cityName"": ""AHMEDABAD"", ""hospAcc"": ""NABH"", ""hospName"": ""USMANPURA IMAGING CENTREUNIT OF PIXEL DIAGNOSTIC"", ""tierType"": ""TIER 1""}"
124,Ahmedabad,Ahmedabad,10,VED SPECIALITY HOSPITAL,NON NABH,TIER 1,AHMEDABAD,,"{""adcityName"": ""Ahmedabad"", ""cityName"": ""AHMEDABAD"", ""hospAcc"": ""NON NABH"", ""hospName"": ""VED SPECIALITY HOSPITAL"", ""tierType"": ""TIER 1""}"
125,Ahmedabad,Ahmedabad,10,VIDHI DIAGNOSTICS,NON NABL,TIER 1,AHMEDABAD,,"{""adcityName"": ""Ahmedabad"", ""cityName"": ""AHMEDABAD"", ""hospAcc"": ""NON NABL"", ""hospName"": ""VIDHI DIAGNOSTICS"", ""tierType"": ""TIER 1""}"
126,Ahmedabad,Ahmedabad,10,VIKRAM DENTAL CARE,NON NABH,TIER 1,AHMEDABAD,,"{""adcityName"": ""Ahmedabad"", ""cityName"": ""AHMEDABAD"", ""hospAcc"": ""NON NABH"", ""hospName"": ""VIKRAM DENTAL CARE"", ""tierType"": ""TIER 1""}"
127,Ahmedabad,Ahmedabad,10,VIROC Hospital,NABH,TIER 1,AHMEDABAD,,"{""adcityName"": ""Ahmedabad"", ""cityName"": ""AHMEDABAD"", ""hospAcc"": ""NABH"", ""hospName"": ""VIROC Hospital"", ""tierType"": ""TIER 1""}"
128,Ahmedabad,Ahmedabad,10,vraj dental charity center,NON NABH,TIER 1,AHMEDABAD,,"{""adcityName"": ""Ahmedabad"", ""cityName"": ""AHMEDABAD"", ""hospAcc"": ""NON NABH"", ""hospName"": ""vraj dental charity center"", ""tierType"": ""TIER 1""}"
129,Bengaluru,Bengaluru,12,Aarthi Scans & Labs,NABL,Tier 1,Bengaluru,,"{""adcityName"": ""Bengaluru"", ""cityName"": ""Bengaluru"", ""hospAcc"": ""NABL"", ""hospName"": ""Aarthi Scans & Labs"", ""tierType"": ""Tier 1""}"
130,Bengaluru,Bengaluru,12,AESTHETIC DENTAL CLINIC,QCI,Tier 1,Bengaluru,,"{""adcityName"": ""Bengaluru"", ""cityName"": ""Bengaluru"", ""hospAcc"": ""QCI"", ""hospName"": ""AESTHETIC DENTAL CLINIC"", ""tierType"": ""Tier 1""}"
131,Bengaluru,Bengaluru,12,APOORVA DIAGNOSTICS & HEALTHCARE,NABL,Tier 1,Bengaluru,,"{""adcityName"": ""Bengaluru"", ""cityName"": ""Bengaluru"", ""hospAcc"": ""NABL"", ""hospName"": ""APOORVA DIAGNOSTICS & HEALTHCARE"", ""tierType"": ""Tier 1""}"
132,Bengaluru,Bengaluru,12,ASG HOSPITAL PRIVATE LIMITED,QCI,Tier 2,Mysuru,,"{""adcityName"": ""Bengaluru"", ""cityName"": ""Mysuru"", ""hospAcc"": ""QCI"", ""hospName"": ""ASG HOSPITAL PRIVATE LIMITED"", ""tierType"": ""Tier 2""}"
133,Bengaluru,Bengaluru,12,Aster RV Hospital,NABH,Tier 1,Bengaluru,,"{""adcityName"": ""Bengaluru"", ""cityName"": ""Bengaluru"", ""hospAcc"": ""NABH"", ""hospName"": ""Aster RV Hospital"", ""tierType"": ""Tier 1""}"
134,Bengaluru,Bengaluru,12,AYURVAID HOSPITAL A DIVISION OF KERALA FIRST HEAL,NABH,Tier 1,Bengaluru,,"{""adcityName"": ""Bengaluru"", ""cityName"": ""Bengaluru"", ""hospAcc"": ""NABH"", ""hospName"": ""AYURVAID HOSPITAL A DIVISION OF KERALA FIRST HEAL"", ""tierType"": ""Tier 1""}"
135,Bengaluru,Bengaluru,12,AYURVAID HOSPITAL -RAMAMURTHY NAGAR,NABH,Tier 1,Bengaluru,,"{""adcityName"": ""Bengaluru"", ""cityName"": ""Bengaluru"", ""hospAcc"": ""NABH"", ""hospName"": ""AYURVAID HOSPITAL -RAMAMURTHY NAGAR"", ""tierType"": ""Tier 1""}"
136,Bengaluru,Bengaluru,12,BANGALORE NETHRALAYA,QCI,Tier 1,Bengaluru,,"{""adcityName"": ""Bengaluru"", ""cityName"": ""Bengaluru"", ""hospAcc"": ""QCI"", ""hospName"": ""BANGALORE NETHRALAYA"", ""tierType"": ""Tier 1""}"
137,Bengaluru,Bengaluru,12,BHARATH HOSPITAL AND INSTITUTE OF ONCOLOGY,NABH,Tier 2,Mysuru,,"{""adcityName"": ""Bengaluru"", ""cityName"": ""Mysuru"", ""hospAcc"": ""NABH"", ""hospName"": ""BHARATH HOSPITAL AND INSTITUTE OF ONCOLOGY"", ""tierType"": ""Tier 2""}"
138,Bengaluru,Bengaluru,12,B W Lions Super Speciality Eye hospital,NABH,Tier 1,Bengaluru,,"{""adcityName"": ""Bengaluru"", ""cityName"": ""Bengaluru"", ""hospAcc"": ""NABH"", ""hospName"": ""B W Lions Super Speciality Eye hospital"", ""tierType"": ""Tier 1""}"
139,Bengaluru,Bengaluru,12,CHANRE DIAGNOSTIC LABORATORY,NABL,Tier 1,Bengaluru,,"{""adcityName"": ""Bengaluru"", ""cityName"": ""Bengaluru"", ""hospAcc"": ""NABL"", ""hospName"": ""CHANRE DIAGNOSTIC LABORATORY"", ""tierType"": ""Tier 1""}"
140,Bengaluru,Bengaluru,12,Devi Super Speciality Eye Hospital Pvt Ltd,NABH,Tier 1,Bengaluru,,"{""adcityName"": ""Bengaluru"", ""cityName"": ""Bengaluru"", ""hospAcc"": ""NABH"", ""hospName"": ""Devi Super Speciality Eye Hospital Pvt Ltd"", ""tierType"": ""Tier 1""}"
141,Bengaluru,Bengaluru,12,Dr Agarwals Eye Hospital,NABH,Tier 2,Mysuru,,"{""adcityName"": ""Bengaluru"", ""cityName"": ""Mysuru"", ""hospAcc"": ""NABH"", ""hospName"": ""Dr Agarwals Eye Hospital"", ""tierType"": ""Tier 2""}"
142,Bengaluru,Bengaluru,12,DR AGARWALS EYE HOSPITAL BANNERGHATTA ROAD,NABH,Tier 1,Bengaluru,,"{""adcityName"": ""Bengaluru"", ""cityName"": ""Bengaluru"", ""hospAcc"": ""NABH"", ""hospName"": ""DR AGARWALS EYE HOSPITAL  BANNERGHATTA ROAD"", ""tierType"": ""Tier 1""}"
143,Bengaluru,Bengaluru,12,DR AGARWAL S EYE HOSPITAL - YELAHANKA,NABH,Tier 1,Bengaluru,,"{""adcityName"": ""Bengaluru"", ""cityName"": ""Bengaluru"", ""hospAcc"": ""NABH"", ""hospName"": ""DR AGARWAL S EYE HOSPITAL - YELAHANKA"", ""tierType"": ""Tier 1""}"
144,Bengaluru,Bengaluru,12,DRSOLANKI EYE HOSPITAL PVT LTD,NABH,Tier 1,Bengaluru,,"{""adcityName"": ""Bengaluru"", ""cityName"": ""Bengaluru"", ""hospAcc"": ""NABH"", ""hospName"": ""DRSOLANKI EYE HOSPITAL PVT LTD"", ""tierType"": ""Tier 1""}"
145,Bengaluru,Bengaluru,12,FORTIS HOSPITAL CUNNINGHAM ROAD,NABH,Tier 1,Bengaluru,,"{""adcityName"": ""Bengaluru"", ""cityName"": ""Bengaluru"", ""hospAcc"": ""NABH"", ""hospName"": ""FORTIS HOSPITAL CUNNINGHAM ROAD"", ""tierType"": ""Tier 1""}"
146,Bengaluru,Bengaluru,12,Fortis Hospitals Limited,NABH,Tier 1,Bengaluru,,"{""adcityName"": ""Bengaluru"", ""cityName"": ""Bengaluru"", ""hospAcc"": ""NABH"", ""hospName"": ""Fortis Hospitals Limited"", ""tierType"": ""Tier 1""}"
147,Bengaluru,Bengaluru,12,Healthcare Global Enteprises Limited DR,NABH,Tier 1,Bengaluru,,"{""adcityName"": ""Bengaluru"", ""cityName"": ""Bengaluru"", ""hospAcc"": ""NABH"", ""hospName"": ""Healthcare Global Enteprises Limited DR"", ""tierType"": ""Tier 1""}"
148,Bengaluru,Bengaluru,12,HEALTHCARE GLOBAL ENTERPRISES LIMITED,NABH,Tier 1,Bengaluru,,"{""adcityName"": ""Bengaluru"", ""cityName"": ""Bengaluru"", ""hospAcc"": ""NABH"", ""hospName"": ""HEALTHCARE GLOBAL ENTERPRISES LIMITED"", ""tierType"": ""Tier 1""}"
149,Bengaluru,Bengaluru,12,JSS HOSPITAL,NABH,Tier 2,Mysuru,,"{""adcityName"": ""Bengaluru"", ""cityName"": ""Mysuru"", ""hospAcc"": ""NABH"", ""hospName"": ""JSS HOSPITAL"", ""tierType"": ""Tier 2""}"
150,Bengaluru,Bengaluru,12,KARTHIK NETRALAYA INSTITUTE OF OPTHALMOLOGY PRIVATE LIMITED,NABH,Tier 1,Bengaluru,,"{""adcityName"": ""Bengaluru"", ""cityName"": ""Bengaluru"", ""hospAcc"": ""NABH"", ""hospName"": ""KARTHIK NETRALAYA INSTITUTE OF OPTHALMOLOGY PRIVATE LIMITED"", ""tierType"": ""Tier 1""}"
151,Bengaluru,Bengaluru,12,LALITHA DENTAL SPECIALITY CENTRE,NABH,Tier 1,Bengaluru,,"{""adcityName"": ""Bengaluru"", ""cityName"": ""Bengaluru"", ""hospAcc"": ""NABH"", ""hospName"": ""LALITHA DENTAL SPECIALITY CENTRE"", ""tierType"": ""Tier 1""}"
152,Bengaluru,Bengaluru,12,M S RAMAIAH HOSPITAL,NABH,Tier 1,Bengaluru,,"{""adcityName"": ""Bengaluru"", ""cityName"": ""Bengaluru"", ""hospAcc"": ""NABH"", ""hospName"": ""M S RAMAIAH HOSPITAL"", ""tierType"": ""Tier 1""}"
153,Bengaluru,Bengaluru,12,M S RAMAIAH MEMORIAL HOSPITAL,NABH,Tier 1,Bengaluru,,"{""adcityName"": ""Bengaluru"", ""cityName"": ""Bengaluru"", ""hospAcc"": ""NABH"", ""hospName"": ""M S RAMAIAH MEMORIAL HOSPITAL"", ""tierType"": ""Tier 1""}"
154,Bengaluru,Bengaluru,12,Narayana Nethralaya,NABH,Tier 1,Bengaluru,,"{""adcityName"": ""Bengaluru"", ""cityName"": ""Bengaluru"", ""hospAcc"": ""NABH"", ""hospName"": ""Narayana Nethralaya"", ""tierType"": ""Tier 1""}"
155,Bengaluru,Bengaluru,12,NARAYANA NETHRALAYA 1,NABH,Tier 1,Bengaluru,,"{""adcityName"": ""Bengaluru"", ""cityName"": ""Bengaluru"", ""hospAcc"": ""NABH"", ""hospName"": ""NARAYANA NETHRALAYA 1"", ""tierType"": ""Tier 1""}"
156,Bengaluru,Bengaluru,12,NARAYANA NETHRALAYA-II BOMMASANDRA HOSUR RD,NABH,Tier 1,Bengaluru,,"{""adcityName"": ""Bengaluru"", ""cityName"": ""Bengaluru"", ""hospAcc"": ""NABH"", ""hospName"": ""NARAYANA NETHRALAYA-II BOMMASANDRA HOSUR RD"", ""tierType"": ""Tier 1""}"
157,Bengaluru,Bengaluru,12,NARAYANA NETHRALAYA UNIT4,NABH,Tier 1,Bengaluru,,"{""adcityName"": ""Bengaluru"", ""cityName"": ""Bengaluru"", ""hospAcc"": ""NABH"", ""hospName"": ""NARAYANA NETHRALAYA UNIT4"", ""tierType"": ""Tier 1""}"
158,Bengaluru,Bengaluru,12,NETHRADHAMA SUPER SPECIALITY EYE HOSPITAL,NABH,Tier 1,Bengaluru,,"{""adcityName"": ""Bengaluru"", ""cityName"": ""Bengaluru"", ""hospAcc"": ""NABH"", ""hospName"": ""NETHRADHAMA SUPER SPECIALITY EYE HOSPITAL"", ""tierType"": ""Tier 1""}"
159,Bengaluru,Bengaluru,12,NETHRADHAMA SUPER SPECIALITY EYE HOSPITAL,NABH,Tier 2,Mysuru,,"{""adcityName"": ""Bengaluru"", ""cityName"": ""Mysuru"", ""hospAcc"": ""NABH"", ""hospName"": ""NETHRADHAMA SUPER SPECIALITY EYE HOSPITAL "", ""tierType"": ""Tier 2""}"
160,Bengaluru,Bengaluru,12,NETHRADHAMA SUPER SPECIALITY EYE HOSPITAL-RAJAJI N,NABH,Tier 1,Bengaluru,,"{""adcityName"": ""Bengaluru"", ""cityName"": ""Bengaluru"", ""hospAcc"": ""NABH"", ""hospName"": ""NETHRADHAMA SUPER SPECIALITY EYE HOSPITAL-RAJAJI N"", ""tierType"": ""Tier 1""}"
161,Bengaluru,Bengaluru,12,NETHRADHAMA SUPE SPECIALITY EYE HOSPITAL,NABH,Tier 1,Bengaluru,,"{""adcityName"": ""Bengaluru"", ""cityName"": ""Bengaluru"", ""hospAcc"": ""NABH"", ""hospName"": ""NETHRADHAMA SUPE SPECIALITY EYE HOSPITAL"", ""tierType"": ""Tier 1""}"
162,Bengaluru,Bengaluru,12,Neuberg Diagnostics private ltd,NABL,Tier 1,Bengaluru,,"{""adcityName"": ""Bengaluru"", ""cityName"": ""Bengaluru"", ""hospAcc"": ""NABL"", ""hospName"": ""Neuberg Diagnostics private ltd"", ""tierType"": ""Tier 1""}"
163,Bengaluru,Bengaluru,12,P D HINDUJA SINDHI HOSPITAL,NABH,Tier 1,Bengaluru,,"{""adcityName"": ""Bengaluru"", ""cityName"": ""Bengaluru"", ""hospAcc"": ""NABH"", ""hospName"": ""P D HINDUJA SINDHI HOSPITAL"", ""tierType"": ""Tier 1""}"
164,Bengaluru,Bengaluru,12,PRABHA EYE CLINIC A UNIT OF NETRA ENTERPRIES,NABH,Tier 1,Bengaluru,,"{""adcityName"": ""Bengaluru"", ""cityName"": ""Bengaluru"", ""hospAcc"": ""NABH"", ""hospName"": ""PRABHA EYE CLINIC A UNIT OF NETRA ENTERPRIES"", ""tierType"": ""Tier 1""}"
165,Bengaluru,Bengaluru,12,PRITHVI HEALTHCARE PVT LTD,NABH,Tier 1,Bengaluru,,"{""adcityName"": ""Bengaluru"", ""cityName"": ""Bengaluru"", ""hospAcc"": ""NABH"", ""hospName"": ""PRITHVI HEALTHCARE PVT LTD"", ""tierType"": ""Tier 1""}"
166,Bengaluru,Bengaluru,12,Prosmiles Dental,NABH,Tier 1,Bengaluru,,"{""adcityName"": ""Bengaluru"", ""cityName"": ""Bengaluru"", ""hospAcc"": ""NABH"", ""hospName"": ""Prosmiles Dental"", ""tierType"": ""Tier 1""}"
167,Bengaluru,Bengaluru,12,RETINA INSTITUTE OF KARNATAKA,NABH,Tier 1,Bengaluru,,"{""adcityName"": ""Bengaluru"", ""cityName"": ""Bengaluru"", ""hospAcc"": ""NABH"", ""hospName"": ""RETINA INSTITUTE OF KARNATAKA"", ""tierType"": ""Tier 1""}"
168,Bengaluru,Bengaluru,12,RV METROPOLIS DIAGNOSTICS,NABL,Tier 1,Bengaluru,,"{""adcityName"": ""Bengaluru"", ""cityName"": ""Bengaluru"", ""hospAcc"": ""NABL"", ""hospName"": ""RV METROPOLIS DIAGNOSTICS"", ""tierType"": ""Tier 1""}"
169,Bengaluru,Bengaluru,12,SAGAR HOSPITALS,NABH,Tier 1,Bengaluru,,"{""adcityName"": ""Bengaluru"", ""cityName"": ""Bengaluru"", ""hospAcc"": ""NABH"", ""hospName"": ""SAGAR HOSPITALS"", ""tierType"": ""Tier 1""}"
170,Bengaluru,Bengaluru,12,SAGAR HOSPITALS,NABH,Tier 1,Bengaluru,,"{""adcityName"": ""Bengaluru"", ""cityName"": ""Bengaluru"", ""hospAcc"": ""NABH"", ""hospName"": ""SAGAR HOSPITALS"", ""tierType"": ""Tier 1""}"
171,Bengaluru,Bengaluru,12,SAMPRATHI EYE HOSPITAL and SQUINT CENTRE,NA,Tier 1,Bengaluru,,"{""adcityName"": ""Bengaluru"", ""cityName"": ""Bengaluru"", ""hospAcc"": ""NA"", ""hospName"": ""SAMPRATHI EYE HOSPITAL and SQUINT CENTRE"", ""tierType"": ""Tier 1""}"
172,Bengaluru,Bengaluru,12,Shekar Eye Hospital a unit of Varasiddi Hospitals,NABH,Tier 1,Bengaluru,,"{""adcityName"": ""Bengaluru"", ""cityName"": ""Bengaluru"", ""hospAcc"": ""NABH"", ""hospName"": ""Shekar Eye Hospital a unit of Varasiddi Hospitals"", ""tierType"": ""Tier 1""}"
173,Bengaluru,Bengaluru,12,SMILES DENTAL CARE,QCI,Tier 1,Bengaluru,,"{""adcityName"": ""Bengaluru"", ""cityName"": ""Bengaluru"", ""hospAcc"": ""QCI"", ""hospName"": ""SMILES DENTAL CARE"", ""tierType"": ""Tier 1""}"
174,Bengaluru,Bengaluru,12,Smiles Dental Specialities,NABH,Tier 1,Bengaluru,,"{""adcityName"": ""Bengaluru"", ""cityName"": ""Bengaluru"", ""hospAcc"": ""NABH"", ""hospName"": ""Smiles Dental Specialities"", ""tierType"": ""Tier 1""}"
175,Bengaluru,Bengaluru,12,SRI SHANKARA CANCER HOSPITAL AND RESEARCH CENTER,NABH,Tier 1,Bengaluru,,"{""adcityName"": ""Bengaluru"", ""cityName"": ""Bengaluru"", ""hospAcc"": ""NABH"", ""hospName"": ""SRI SHANKARA CANCER HOSPITAL AND RESEARCH CENTER"", ""tierType"": ""Tier 1""}"
176,Bengaluru,Bengaluru,12,Sri Sri College of Ayurvedic Science and Research Hospital,NABH,Tier 1,Bengaluru,,"{""adcityName"": ""Bengaluru"", ""cityName"": ""Bengaluru"", ""hospAcc"": ""NABH"", ""hospName"": ""Sri Sri College of Ayurvedic Science and Research Hospital"", ""tierType"": ""Tier 1""}"
177,Bengaluru,Bengaluru,12,Vasan Health care Private limited,QCI,Tier 1,Bengaluru,,"{""adcityName"": ""Bengaluru"", ""cityName"": ""Bengaluru"", ""hospAcc"": ""QCI"", ""hospName"": ""Vasan Health care Private limited "", ""tierType"": ""Tier 1""}"
178,Bengaluru,Bengaluru,12,VITTALA INTERNATIONAL INSTITUTE OF OPHTHALMOLOGY,NABH,Tier 1,Bengaluru,,"{""adcityName"": ""Bengaluru"", ""cityName"": ""Bengaluru"", ""hospAcc"": ""NABH"", ""hospName"": ""VITTALA INTERNATIONAL INSTITUTE OF OPHTHALMOLOGY"", ""tierType"": ""Tier 1""}"
179,Bengaluru,Bengaluru,12,VYDEHI INSTITUTE OF MEDICAL SCIENCES AND RESEARCH CENTER,NABH,Tier 1,Bengaluru,,"{""adcityName"": ""Bengaluru"", ""cityName"": ""Bengaluru"", ""hospAcc"": ""NABH"", ""hospName"": ""VYDEHI INSTITUTE OF MEDICAL SCIENCES AND RESEARCH CENTER"", ""tierType"": ""Tier 1""}"
180,Bhopal,Bhopal,13,Agrawal Dental and Oral Care,QCI,Tier 2,Bhopal,,"{""adcityName"": ""Bhopal"", ""cityName"": ""Bhopal"", ""hospAcc"": ""QCI"", ""hospName"": ""Agrawal Dental and Oral Care"", ""tierType"": ""Tier 2""}"
181,Bhopal,Bhopal,13,Ajwani Eye Hospital Pvt Ltd,NABH,Tier 2,Bhopal,,"{""adcityName"": ""Bhopal"", ""cityName"": ""Bhopal"", ""hospAcc"": ""NABH"", ""hospName"": ""Ajwani Eye Hospital Pvt Ltd"", ""tierType"": ""Tier 2""}"
182,Bhopal,Bhopal,13,"All India Institute of Medical Science, Bhopal",,Tier 2,Bhopal,,"{""adcityName"": ""Bhopal"", ""cityName"": ""Bhopal"", ""hospAcc"": """", ""hospName"": ""All India Institute of Medical Science, Bhopal"", ""tierType"": ""Tier 2""}"
183,Bhopal,Bhopal,13,ANANAT HEART HOSPITAL,QCI,Tier 2,Bhopal,,"{""adcityName"": ""Bhopal"", ""cityName"": ""Bhopal"", ""hospAcc"": ""QCI"", ""hospName"": ""ANANAT HEART HOSPITAL"", ""tierType"": ""Tier 2""}"
184,Bhopal,Bhopal,13,ANANDAM NETRALAYA,NABH,Tier 2,Indore,,"{""adcityName"": ""Bhopal"", ""cityName"": ""Indore"", ""hospAcc"": ""NABH"", ""hospName"": ""ANANDAM NETRALAYA"", ""tierType"": ""Tier 2""}"
185,Bhopal,Bhopal,13,APEX HOSPITAL,NABH,Tier 2,Bhopal,,"{""adcityName"": ""Bhopal"", ""cityName"": ""Bhopal"", ""hospAcc"": ""NABH"", ""hospName"": ""APEX HOSPITAL"", ""tierType"": ""Tier 2""}"
186,Bhopal,Bhopal,13,APOLLO SAGE HOSPITALS AN UNIT OF S R ASSOCIATES,NABH,Tier 2,Bhopal,,"{""adcityName"": ""Bhopal"", ""cityName"": ""Bhopal"", ""hospAcc"": ""NABH"", ""hospName"": ""APOLLO SAGE HOSPITALS  AN UNIT OF S R ASSOCIATES"", ""tierType"": ""Tier 2""}"
187,Bhopal,Bhopal,13,ASG Hospital Pvt Ltd,QCI,Tier 2,Bhopal,,"{""adcityName"": ""Bhopal"", ""cityName"": ""Bhopal"", ""hospAcc"": ""QCI"", ""hospName"": ""ASG Hospital Pvt Ltd"", ""tierType"": ""Tier 2""}"
188,Bhopal,Bhopal,13,ASG Hospital Pvt Ltd,QCI,Tier 2,Indore,,"{""adcityName"": ""Bhopal"", ""cityName"": ""Indore"", ""hospAcc"": ""QCI"", ""hospName"": ""ASG Hospital Pvt Ltd"", ""tierType"": ""Tier 2""}"
189,Bhopal,Bhopal,13,BHANDARI HOSPITAL AND RESEARCH CENTER INDORE,QCI,Tier 2,Indore,,"{""adcityName"": ""Bhopal"", ""cityName"": ""Indore"", ""hospAcc"": ""QCI"", ""hospName"": ""BHANDARI HOSPITAL AND RESEARCH CENTER INDORE"", ""tierType"": ""Tier 2""}"
190,Bhopal,Bhopal,13,Bhartia Dental Clinic,NABH,Tier 2,Bhopal,,"{""adcityName"": ""Bhopal"", ""cityName"": ""Bhopal"", ""hospAcc"": ""NABH"", ""hospName"": ""Bhartia Dental Clinic"", ""tierType"": ""Tier 2""}"
191,Bhopal,Bhopal,13,CAREER INSTITUTE OF MEDICAL SCIENCES,QCI,Tier 2,Bhopal,,"{""adcityName"": ""Bhopal"", ""cityName"": ""Bhopal"", ""hospAcc"": ""QCI"", ""hospName"": ""CAREER INSTITUTE OF MEDICAL SCIENCES"", ""tierType"": ""Tier 2""}"
192,Bhopal,Bhopal,13,CELLCURE CANCER CENTRE PVT LTD,QCI,Tier 2,Indore,,"{""adcityName"": ""Bhopal"", ""cityName"": ""Indore"", ""hospAcc"": ""QCI"", ""hospName"": ""CELLCURE CANCER CENTRE PVT LTD"", ""tierType"": ""Tier 2""}"
193,Bhopal,Bhopal,13,Centrapath Labs Private Limited,NABH,Tier 2,Indore,,"{""adcityName"": ""Bhopal"", ""cityName"": ""Indore"", ""hospAcc"": ""NABH"", ""hospName"": ""Centrapath Labs Private Limited"", ""tierType"": ""Tier 2""}"
194,Bhopal,Bhopal,13,Centre for Sight Bhopal A Unit of New Delhi Centre for Sight Ltd,NABH,Tier 2,Bhopal,,"{""adcityName"": ""Bhopal"", ""cityName"": ""Bhopal"", ""hospAcc"": ""NABH"", ""hospName"": ""Centre for Sight Bhopal A Unit of New Delhi Centre for Sight Ltd"", ""tierType"": ""Tier 2""}"
195,Bhopal,Bhopal,13,CENTRE FOR SIGHT INDORE A UNIT OF NEW DELHI CENTRE FOR SIGHT LTD,NABH,Tier 2,Indore,,"{""adcityName"": ""Bhopal"", ""cityName"": ""Indore"", ""hospAcc"": ""NABH"", ""hospName"": ""CENTRE FOR SIGHT INDORE A UNIT OF NEW DELHI CENTRE FOR SIGHT LTD"", ""tierType"": ""Tier 2""}"
196,Bhopal,Bhopal,13,Charak hospital private limited,NABH,Tier 2,Indore,,"{""adcityName"": ""Bhopal"", ""cityName"": ""Indore"", ""hospAcc"": ""NABH"", ""hospName"": ""Charak hospital private limited"", ""tierType"": ""Tier 2""}"
197,Bhopal,Bhopal,13,Chirayu Medical College and Hospital,NABH,Tier 2,Bhopal,,"{""adcityName"": ""Bhopal"", ""cityName"": ""Bhopal"", ""hospAcc"": ""NABH"", ""hospName"": ""Chirayu Medical College and Hospital"", ""tierType"": ""Tier 2""}"
198,Bhopal,Bhopal,13,CURE ONE DENTAL CLINIC,NABH,Tier 2,Bhopal,,"{""adcityName"": ""Bhopal"", ""cityName"": ""Bhopal"", ""hospAcc"": ""NABH"", ""hospName"": ""CURE ONE DENTAL CLINIC"", ""tierType"": ""Tier 2""}"
199,Bhopal,Bhopal,13,DANT CHIKITSA KENDRA,NABH,Tier 2,Bhopal,,"{""adcityName"": ""Bhopal"", ""cityName"": ""Bhopal"", ""hospAcc"": ""NABH"", ""hospName"": ""DANT CHIKITSA KENDRA"", ""tierType"": ""Tier 2""}"
200,Bhopal,Bhopal,13,DENASIA DENTAL CLINIC,QCI,Tier 2,Bhopal,,"{""adcityName"": ""Bhopal"", ""cityName"": ""Bhopal"", ""hospAcc"": ""QCI"", ""hospName"": ""DENASIA DENTAL CLINIC"", ""tierType"": ""Tier 2""}"
201,Bhopal,Bhopal,13,Dentoral,QCI,Tier 2,Bhopal,,"{""adcityName"": ""Bhopal"", ""cityName"": ""Bhopal"", ""hospAcc"": ""QCI"", ""hospName"": ""Dentoral"", ""tierType"": ""Tier 2""}"
202,Bhopal,Bhopal,13,EYE SITE EYE HOSPITAL AND RETINA CENTRE,NABH,Tier 2,Indore,,"{""adcityName"": ""Bhopal"", ""cityName"": ""Indore"", ""hospAcc"": ""NABH"", ""hospName"": ""EYE SITE EYE HOSPITAL AND RETINA CENTRE"", ""tierType"": ""Tier 2""}"
203,Bhopal,Bhopal,13,GAYATRI MULTISPECIALITY,QCI,Tier 2,Bhopal,,"{""adcityName"": ""Bhopal"", ""cityName"": ""Bhopal"", ""hospAcc"": ""QCI"", ""hospName"": ""GAYATRI MULTISPECIALITY"", ""tierType"": ""Tier 2""}"
204,Bhopal,Bhopal,13,GUT GI AND LIVER HOSPITAL,NABH,Tier 2,Bhopal,,"{""adcityName"": ""Bhopal"", ""cityName"": ""Bhopal"", ""hospAcc"": ""NABH"", ""hospName"": ""GUT GI AND LIVER HOSPITAL"", ""tierType"": ""Tier 2""}"
205,Bhopal,Bhopal,13,HAJELA HOSPITAL,NABH,Tier 2,Bhopal,,"{""adcityName"": ""Bhopal"", ""cityName"": ""Bhopal"", ""hospAcc"": ""NABH"", ""hospName"": ""HAJELA HOSPITAL"", ""tierType"": ""Tier 2""}"
206,Bhopal,Bhopal,13,Healthcare Diagnostic,QCI,Tier 2,Indore,,"{""adcityName"": ""Bhopal"", ""cityName"": ""Indore"", ""hospAcc"": ""QCI"", ""hospName"": ""Healthcare Diagnostic"", ""tierType"": ""Tier 2""}"
207,Bhopal,Bhopal,13,JAANKI HOSPITAL,QCI,Tier 2,Bhopal,,"{""adcityName"": ""Bhopal"", ""cityName"": ""Bhopal"", ""hospAcc"": ""QCI"", ""hospName"": ""JAANKI HOSPITAL"", ""tierType"": ""Tier 2""}"
208,Bhopal,Bhopal,13,JAINAMSHREE MULTISPECIALITY HOSPITAL,NABH,Tier 2,Bhopal,,"{""adcityName"": ""Bhopal"", ""cityName"": ""Bhopal"", ""hospAcc"": ""NABH"", ""hospName"": ""JAINAMSHREE MULTISPECIALITY HOSPITAL "", ""tierType"": ""Tier 2""}"
209,Bhopal,Bhopal,13,JAWAHARLAL NEHRU CANCER HOSPITAL AND RESEARCH CENTRE,NABH,Tier 2,Bhopal,,"{""adcityName"": ""Bhopal"", ""cityName"": ""Bhopal"", ""hospAcc"": ""NABH"", ""hospName"": ""JAWAHARLAL NEHRU CANCER HOSPITAL AND RESEARCH CENTRE"", ""tierType"": ""Tier 2""}"
210,Bhopal,Bhopal,13,Krishna Cancer Hospital,NABH,Tier 2,Bhopal,,"{""adcityName"": ""Bhopal"", ""cityName"": ""Bhopal"", ""hospAcc"": ""NABH"", ""hospName"": ""Krishna Cancer Hospital "", ""tierType"": ""Tier 2""}"
211,Bhopal,Bhopal,13,L B S HOSPITAL,NABH,Tier 2,Bhopal,,"{""adcityName"": ""Bhopal"", ""cityName"": ""Bhopal"", ""hospAcc"": ""NABH"", ""hospName"": ""L B S HOSPITAL"", ""tierType"": ""Tier 2""}"
212,Bhopal,Bhopal,13,LBS HOSPITAL,NABH,Tier 2,Bhopal,,"{""adcityName"": ""Bhopal"", ""cityName"": ""Bhopal"", ""hospAcc"": ""NABH"", ""hospName"": ""LBS HOSPITAL"", ""tierType"": ""Tier 2""}"
213,Bhopal,Bhopal,13,L N MEDICAL COLLEGE AND J K HOSPITAL,NABH,Tier 2,Bhopal,,"{""adcityName"": ""Bhopal"", ""cityName"": ""Bhopal"", ""hospAcc"": ""NABH"", ""hospName"": ""L N MEDICAL COLLEGE AND J K HOSPITAL"", ""tierType"": ""Tier 2""}"
214,Bhopal,Bhopal,13,Maan Hospital (previous name Mayo Hospital),QCI,Tier 2,Bhopal,,"{""adcityName"": ""Bhopal"", ""cityName"": ""Bhopal"", ""hospAcc"": ""QCI"", ""hospName"": ""Maan Hospital (previous name Mayo Hospital)"", ""tierType"": ""Tier 2""}"
215,Bhopal,Bhopal,13,Manoria Heart Care Center,QCI,Tier 2,Bhopal,,"{""adcityName"": ""Bhopal"", ""cityName"": ""Bhopal"", ""hospAcc"": ""QCI"", ""hospName"": ""Manoria Heart Care Center"", ""tierType"": ""Tier 2""}"
216,Bhopal,Bhopal,13,MATASHREE NETRALAYA,NABH,Tier 2,Bhopal,,"{""adcityName"": ""Bhopal"", ""cityName"": ""Bhopal"", ""hospAcc"": ""NABH"", ""hospName"": ""MATASHREE NETRALAYA"", ""tierType"": ""Tier 2""}"
217,Bhopal,Bhopal,13,MEDANTA HOSPITAL INDORE UNIT OF GLOBAL HEALTH LIMITED,NABH,Tier 2,Indore,,"{""adcityName"": ""Bhopal"", ""cityName"": ""Indore"", ""hospAcc"": ""NABH"", ""hospName"": ""MEDANTA HOSPITAL INDORE UNIT OF GLOBAL HEALTH LIMITED"", ""tierType"": ""Tier 2""}"
218,Bhopal,Bhopal,13,MEDI-SQUARE HOSPITAL PVT LTD,NABH,Tier 2,Bhopal,,"{""adcityName"": ""Bhopal"", ""cityName"": ""Bhopal"", ""hospAcc"": ""NABH"", ""hospName"": ""MEDI-SQUARE HOSPITAL PVT LTD"", ""tierType"": ""Tier 2""}"
219,Bhopal,Bhopal,13,MIRACLES HOSPITAL,NABH,Tier 2,Bhopal,,"{""adcityName"": ""Bhopal"", ""cityName"": ""Bhopal"", ""hospAcc"": ""NABH"", ""hospName"": ""MIRACLES HOSPITAL"", ""tierType"": ""Tier 2""}"
220,Bhopal,Bhopal,13,MOUNT HOSPITAL,NABH,Tier 2,Bhopal,,"{""adcityName"": ""Bhopal"", ""cityName"": ""Bhopal"", ""hospAcc"": ""NABH"", ""hospName"": ""MOUNT HOSPITAL"", ""tierType"": ""Tier 2""}"
221,Bhopal,Bhopal,13,MY SMILE DENTAL CLINIC BHOPAL,NABH,Tier 2,Bhopal,,"{""adcityName"": ""Bhopal"", ""cityName"": ""Bhopal"", ""hospAcc"": ""NABH"", ""hospName"": ""MY SMILE DENTAL CLINIC BHOPAL"", ""tierType"": ""Tier 2""}"
222,Bhopal,Bhopal,13,NARMADA TRAUMA CENTRE PVT LTD,NABH,Tier 2,Bhopal,,"{""adcityName"": ""Bhopal"", ""cityName"": ""Bhopal"", ""hospAcc"": ""NABH"", ""hospName"": ""NARMADA TRAUMA CENTRE PVT LTD"", ""tierType"": ""Tier 2""}"
223,Bhopal,Bhopal,13,NAVJEEVAN HOSPITAL,NABH,Tier 2,Bhopal,,"{""adcityName"": ""Bhopal"", ""cityName"": ""Bhopal"", ""hospAcc"": ""NABH"", ""hospName"": ""NAVJEEVAN HOSPITAL"", ""tierType"": ""Tier 2""}"
224,Bhopal,Bhopal,13,NAVODAYA CANCER HOSPITAL,NABH,Tier 2,Bhopal,,"{""adcityName"": ""Bhopal"", ""cityName"": ""Bhopal"", ""hospAcc"": ""NABH"", ""hospName"": ""NAVODAYA CANCER HOSPITAL"", ""tierType"": ""Tier 2""}"
225,Bhopal,Bhopal,13,NETRIKA NETRALAYA,NABH,Tier 2,Bhopal,,"{""adcityName"": ""Bhopal"", ""cityName"": ""Bhopal"", ""hospAcc"": ""NABH"", ""hospName"": ""NETRIKA NETRALAYA"", ""tierType"": ""Tier 2""}"
226,Bhopal,Bhopal,13,Neuberg Supratech Kotgirwar Laboratories LLP (previous name Kotgirwar Path. Lab.),QCI,Tier 2,Bhopal,,"{""adcityName"": ""Bhopal"", ""cityName"": ""Bhopal"", ""hospAcc"": ""QCI"", ""hospName"": ""Neuberg Supratech Kotgirwar Laboratories LLP (previous name Kotgirwar Path. Lab.)"", ""tierType"": ""Tier 2""}"
227,Bhopal,Bhopal,13,Noble Multispeciality Hospital,NABH,Tier 2,Bhopal,,"{""adcityName"": ""Bhopal"", ""cityName"": ""Bhopal"", ""hospAcc"": ""NABH"", ""hospName"": ""Noble Multispeciality Hospital"", ""tierType"": ""Tier 2""}"
228,Bhopal,Bhopal,13,PEOPLES HOSPITAL BHOPAL,NABH,Tier 2,Bhopal,,"{""adcityName"": ""Bhopal"", ""cityName"": ""Bhopal"", ""hospAcc"": ""NABH"", ""hospName"": ""PEOPLES HOSPITAL  BHOPAL"", ""tierType"": ""Tier 2""}"
229,Bhopal,Bhopal,13,PRABHU PREM NETRALAYA AND GENERAL HOSPITAL,NABH,Tier 2,Bhopal,,"{""adcityName"": ""Bhopal"", ""cityName"": ""Bhopal"", ""hospAcc"": ""NABH"", ""hospName"": ""PRABHU PREM NETRALAYA AND GENERAL HOSPITAL"", ""tierType"": ""Tier 2""}"
230,Bhopal,Bhopal,13,PRAKASH EYE CARE and LASER CENTRE,NABH,Tier 2,Bhopal,,"{""adcityName"": ""Bhopal"", ""cityName"": ""Bhopal"", ""hospAcc"": ""NABH"", ""hospName"": ""PRAKASH EYE CARE and LASER CENTRE"", ""tierType"": ""Tier 2""}"
231,Bhopal,Bhopal,13,RAJAS EYE AND RETINA RESEARCH CENTRE,NABH,Tier 2,Bhopal,,"{""adcityName"": ""Bhopal"", ""cityName"": ""Bhopal"", ""hospAcc"": ""NABH"", ""hospName"": ""RAJAS EYE AND RETINA RESEARCH CENTRE"", ""tierType"": ""Tier 2""}"
232,Bhopal,Bhopal,13,RAJDEEP HOSPITAL,NABH,Tier 2,Bhopal,,"{""adcityName"": ""Bhopal"", ""cityName"": ""Bhopal"", ""hospAcc"": ""NABH"", ""hospName"": ""RAJDEEP HOSPITAL"", ""tierType"": ""Tier 2""}"
233,Bhopal,Bhopal,13,RETINA SPECIALITY HOSPITAL,NABH,Tier 2,Indore,,"{""adcityName"": ""Bhopal"", ""cityName"": ""Indore"", ""hospAcc"": ""NABH"", ""hospName"": ""RETINA SPECIALITY HOSPITAL"", ""tierType"": ""Tier 2""}"
234,Bhopal,Bhopal,13,Rohit Eye Hospital and Child Care Centre,NABH,Tier 2,Indore,,"{""adcityName"": ""Bhopal"", ""cityName"": ""Indore"", ""hospAcc"": ""NABH"", ""hospName"": ""Rohit Eye Hospital and Child Care Centre"", ""tierType"": ""Tier 2""}"
235,Bhopal,Bhopal,13,Sagar Multispeciality Hospital,NABH,Tier 2,Bhopal,,"{""adcityName"": ""Bhopal"", ""cityName"": ""Bhopal"", ""hospAcc"": ""NABH"", ""hospName"": ""Sagar Multispeciality Hospital"", ""tierType"": ""Tier 2""}"
236,Bhopal,Bhopal,13,SAI MANGLAM MANAV SEVA DENTAL CLINIC,NABH,Tier 2,Bhopal,,"{""adcityName"": ""Bhopal"", ""cityName"": ""Bhopal"", ""hospAcc"": ""NABH"", ""hospName"": ""SAI MANGLAM MANAV SEVA DENTAL CLINIC "", ""tierType"": ""Tier 2""}"
237,Bhopal,Bhopal,13,SALUJA EYE CARE CENTER,QCI,Tier 2,Indore,,"{""adcityName"": ""Bhopal"", ""cityName"": ""Indore"", ""hospAcc"": ""QCI"", ""hospName"": ""SALUJA EYE CARE CENTER"", ""tierType"": ""Tier 2""}"
238,Bhopal,Bhopal,13,SANKARA EYE CENTRE INDORE,NABH,Tier 2,Indore,,"{""adcityName"": ""Bhopal"", ""cityName"": ""Indore"", ""hospAcc"": ""NABH"", ""hospName"": ""SANKARA EYE CENTRE INDORE"", ""tierType"": ""Tier 2""}"
239,Bhopal,Bhopal,13,SANT HIRDARAM YOGA AND NATURE CURE HOSPITAL,NABH,Tier 2,Bhopal,,"{""adcityName"": ""Bhopal"", ""cityName"": ""Bhopal"", ""hospAcc"": ""NABH"", ""hospName"": ""SANT HIRDARAM YOGA AND NATURE CURE HOSPITAL"", ""tierType"": ""Tier 2""}"
240,Bhopal,Bhopal,13,SARAL DIAGNOSTIC AND IMAGING CENTER,NABH,Tier 2,Bhopal,,"{""adcityName"": ""Bhopal"", ""cityName"": ""Bhopal"", ""hospAcc"": ""NABH"", ""hospName"": ""SARAL DIAGNOSTIC AND IMAGING CENTER "", ""tierType"": ""Tier 2""}"
241,Bhopal,Bhopal,13,Sewa Sadan Eye Hospital Trust,NABH,Tier 2,Bhopal,,"{""adcityName"": ""Bhopal"", ""cityName"": ""Bhopal"", ""hospAcc"": ""NABH"", ""hospName"": ""Sewa Sadan Eye Hospital Trust"", ""tierType"": ""Tier 2""}"
242,Bhopal,Bhopal,13,SHALBY HOSPITAL,NABH,Tier 2,Indore,,"{""adcityName"": ""Bhopal"", ""cityName"": ""Indore"", ""hospAcc"": ""NABH"", ""hospName"": ""SHALBY HOSPITAL"", ""tierType"": ""Tier 2""}"
243,Bhopal,Bhopal,13,SHALYA JOINT CARE,NABH,Tier 2,Bhopal,,"{""adcityName"": ""Bhopal"", ""cityName"": ""Bhopal"", ""hospAcc"": ""NABH"", ""hospName"": ""SHALYA JOINT CARE"", ""tierType"": ""Tier 2""}"
244,Bhopal,Bhopal,13,SHATAAYU DENTAL CLINIC,QCI,Tier 2,Indore,,"{""adcityName"": ""Bhopal"", ""cityName"": ""Indore"", ""hospAcc"": ""QCI"", ""hospName"": ""SHATAAYU DENTAL CLINIC"", ""tierType"": ""Tier 2""}"
245,Bhopal,Bhopal,13,Shree Ganesh Netralaya Private Limited,NABH,Tier 2,Indore,,"{""adcityName"": ""Bhopal"", ""cityName"": ""Indore"", ""hospAcc"": ""NABH"", ""hospName"": ""Shree Ganesh Netralaya Private Limited"", ""tierType"": ""Tier 2""}"
246,Bhopal,Bhopal,13,SIDDHANTA RED CROSS SUPERSPECIALITY HOSPITAL,NABH,Tier 2,Bhopal,,"{""adcityName"": ""Bhopal"", ""cityName"": ""Bhopal"", ""hospAcc"": ""NABH"", ""hospName"": ""SIDDHANTA RED CROSS SUPERSPECIALITY HOSPITAL"", ""tierType"": ""Tier 2""}"
247,Bhopal,Bhopal,13,Siddharth eye hospital,NABH,Tier 2,Bhopal,,"{""adcityName"": ""Bhopal"", ""cityName"": ""Bhopal"", ""hospAcc"": ""NABH"", ""hospName"": ""Siddharth eye hospital"", ""tierType"": ""Tier 2""}"
248,Bhopal,Bhopal,13,SILVER LINE HOSPITAL and RESEARCH INSTITUTE,NABH,Tier 2,Bhopal,,"{""adcityName"": ""Bhopal"", ""cityName"": ""Bhopal"", ""hospAcc"": ""NABH"", ""hospName"": ""SILVER LINE HOSPITAL and RESEARCH INSTITUTE"", ""tierType"": ""Tier 2""}"
249,Bhopal,Bhopal,13,Smile Care Dental Clinic,NABH,Tier 2,Bhopal,,"{""adcityName"": ""Bhopal"", ""cityName"": ""Bhopal"", ""hospAcc"": ""NABH"", ""hospName"": ""Smile Care Dental Clinic"", ""tierType"": ""Tier 2""}"
250,Bhopal,Bhopal,13,SODANI HOSPITALS AND DIAGNOSTICS PVT. LTD.,NABH,Tier 2,Indore,,"{""adcityName"": ""Bhopal"", ""cityName"": ""Indore"", ""hospAcc"": ""NABH"", ""hospName"": ""SODANI HOSPITALS AND DIAGNOSTICS PVT. LTD."", ""tierType"": ""Tier 2""}"
251,Bhopal,Bhopal,13,SRI AUROBINDO INSTITUTE OF MEDICAL SCIENCE,NABH,Tier 2,Indore,,"{""adcityName"": ""Bhopal"", ""cityName"": ""Indore"", ""hospAcc"": ""NABH"", ""hospName"": ""SRI AUROBINDO INSTITUTE OF MEDICAL SCIENCE"", ""tierType"": ""Tier 2""}"
252,Bhopal,Bhopal,13,SUDARSHAN NETRALAYA,NABH,Tier 2,Bhopal,,"{""adcityName"": ""Bhopal"", ""cityName"": ""Bhopal"", ""hospAcc"": ""NABH"", ""hospName"": ""SUDARSHAN NETRALAYA "", ""tierType"": ""Tier 2""}"
253,Bhopal,Bhopal,13,s v eye care and reserach centre,NABH,Tier 2,Bhopal,,"{""adcityName"": ""Bhopal"", ""cityName"": ""Bhopal"", ""hospAcc"": ""NABH"", ""hospName"": ""s v eye care and reserach centre"", ""tierType"": ""Tier 2""}"
254,Bhopal,Bhopal,13,TATHASTU SUPERSPECIALITY DENTAL CLINIC INDRAPURI BRANCH,QCI,Tier 2,Bhopal,,"{""adcityName"": ""Bhopal"", ""cityName"": ""Bhopal"", ""hospAcc"": ""QCI"", ""hospName"": ""TATHASTU SUPERSPECIALITY DENTAL CLINIC INDRAPURI BRANCH "", ""tierType"": ""Tier 2""}"
255,Bhopal,Bhopal,13,TATHASTU SUPERSPECIALITY DENTAL CLINIC KOLAR BRANCH,QCI,Tier 2,Bhopal,,"{""adcityName"": ""Bhopal"", ""cityName"": ""Bhopal"", ""hospAcc"": ""QCI"", ""hospName"": ""TATHASTU SUPERSPECIALITY DENTAL CLINIC KOLAR BRANCH "", ""tierType"": ""Tier 2""}"
256,Bhopal,Bhopal,13,TATHASTU SUPERSPECIALITY DENTAL CLINIC MALVIYA NAGAR BRANCH,QCI,Tier 2,Bhopal,,"{""adcityName"": ""Bhopal"", ""cityName"": ""Bhopal"", ""hospAcc"": ""QCI"", ""hospName"": ""TATHASTU SUPERSPECIALITY DENTAL CLINIC MALVIYA NAGAR BRANCH "", ""tierType"": ""Tier 2""}"
257,Bhopal,Bhopal,13,"TATHASTU SUPERSPECIALITY DENTAL CLINIC ( VIJAY NAGAR BRANCH, INDORE )",QCI,Tier 2,Indore,,"{""adcityName"": ""Bhopal"", ""cityName"": ""Indore"", ""hospAcc"": ""QCI"", ""hospName"": ""TATHASTU SUPERSPECIALITY DENTAL CLINIC ( VIJAY NAGAR BRANCH, INDORE )"", ""tierType"": ""Tier 2""}"
258,Bhopal,Bhopal,13,UBUNTU HEART AND SUPER SPECIALTY HOSPITAL,NABH,Tier 2,Bhopal,,"{""adcityName"": ""Bhopal"", ""cityName"": ""Bhopal"", ""hospAcc"": ""NABH"", ""hospName"": ""UBUNTU HEART AND SUPER SPECIALTY HOSPITAL"", ""tierType"": ""Tier 2""}"
259,Bhopal,Bhopal,13,Urban dental skin clinic,QCI,Tier 2,Bhopal,,"{""adcityName"": ""Bhopal"", ""cityName"": ""Bhopal"", ""hospAcc"": ""QCI"", ""hospName"": ""Urban dental skin clinic"", ""tierType"": ""Tier 2""}"
260,Bhopal,Bhopal,13,VENUS SCAN and RESEARCH CENTRE PVT LTD,QCI,Tier 2,Bhopal,,"{""adcityName"": ""Bhopal"", ""cityName"": ""Bhopal"", ""hospAcc"": ""QCI"", ""hospName"": ""VENUS SCAN and RESEARCH CENTRE PVT LTD"", ""tierType"": ""Tier 2""}"
261,Bhopal,Bhopal,13,VISION CARE AND RESEARCH CENTRE,NABH,Tier 2,Bhopal,,"{""adcityName"": ""Bhopal"", ""cityName"": ""Bhopal"", ""hospAcc"": ""NABH"", ""hospName"": ""VISION CARE AND RESEARCH CENTRE"", ""tierType"": ""Tier 2""}"
262,Bhopal,Bhopal,13,V ONE HOSPITAL,NABH,Tier 2,Indore,,"{""adcityName"": ""Bhopal"", ""cityName"": ""Indore"", ""hospAcc"": ""NABH"", ""hospName"": ""V ONE HOSPITAL"", ""tierType"": ""Tier 2""}"
263,Bhubaneswar,Bhubaneswar,14,AMRI HOSPITALS LTD - BHUBANESWAR,,Tier 2,KHORDHA,,"{""adcityName"": ""Bhubaneswar"", ""cityName"": ""KHORDHA"", ""hospAcc"": """", ""hospName"": ""AMRI HOSPITALS LTD - BHUBANESWAR"", ""tierType"": ""Tier 2""}"
264,Bhubaneswar,Bhubaneswar,14,ASG HOSPITALS PVT LTD,NABH,Tier 2,Bhubaneswar,,"{""adcityName"": ""Bhubaneswar"", ""cityName"": ""Bhubaneswar"", ""hospAcc"": ""NABH"", ""hospName"": ""ASG HOSPITALS PVT LTD"", ""tierType"": ""Tier 2""}"
265,Bhubaneswar,Bhubaneswar,14,ASHWINI HOSPITAL,,Tier 2,CUTTACK,,"{""adcityName"": ""Bhubaneswar"", ""cityName"": ""CUTTACK"", ""hospAcc"": """", ""hospName"": ""ASHWINI HOSPITAL"", ""tierType"": ""Tier 2""}"
266,Bhubaneswar,Bhubaneswar,14,Bibhuti Bhusan Memorial Dental Hospital and Research Centre,NABH,Tier 2,Bhubaneswar,,"{""adcityName"": ""Bhubaneswar"", ""cityName"": ""Bhubaneswar"", ""hospAcc"": ""NABH"", ""hospName"": ""Bibhuti Bhusan Memorial Dental Hospital and Research Centre"", ""tierType"": ""Tier 2""}"
267,Bhubaneswar,Bhubaneswar,14,CARE HOSPITAL UNIT OF QUALITY CARE INDIA LTD,,Tier 2,KHORDHA,,"{""adcityName"": ""Bhubaneswar"", ""cityName"": ""KHORDHA"", ""hospAcc"": """", ""hospName"": ""CARE HOSPITAL UNIT OF QUALITY CARE INDIA LTD"", ""tierType"": ""Tier 2""}"
268,Bhubaneswar,Bhubaneswar,14,diva Eye Institute,,Tier 2,Bhubaneswar,,"{""adcityName"": ""Bhubaneswar"", ""cityName"": ""Bhubaneswar"", ""hospAcc"": """", ""hospName"": ""diva Eye Institute"", ""tierType"": ""Tier 2""}"
269,Bhubaneswar,Bhubaneswar,14,DR AGARWAL EYE HOSPITAL UNIT OF DR AGARWALS HE,NABH,Tier 2,Bhubaneswar,,"{""adcityName"": ""Bhubaneswar"", ""cityName"": ""Bhubaneswar"", ""hospAcc"": ""NABH"", ""hospName"": ""DR AGARWAL EYE HOSPITAL UNIT OF DR AGARWALS HE"", ""tierType"": ""Tier 2""}"
270,Bhubaneswar,Bhubaneswar,14,HCG PANDA CANCER HOSPITAL,NABH,Tier 2,Cuttack,,"{""adcityName"": ""Bhubaneswar"", ""cityName"": ""Cuttack"", ""hospAcc"": ""NABH"", ""hospName"": ""HCG PANDA CANCER HOSPITAL"", ""tierType"": ""Tier 2""}"
271,Bhubaneswar,Bhubaneswar,14,HI-TECH MEDICAL COLLEGE AND HOSPITAL,NABH,Tier 2,Bhubaneswar,,"{""adcityName"": ""Bhubaneswar"", ""cityName"": ""Bhubaneswar"", ""hospAcc"": ""NABH"", ""hospName"": ""HI-TECH MEDICAL COLLEGE AND HOSPITAL"", ""tierType"": ""Tier 2""}"
272,Bhubaneswar,Bhubaneswar,14,INSTITUTE OF MEDICAL SCIENCES and SUM HOSPITAL,NABH,Tier 2,Bhubaneswar,,"{""adcityName"": ""Bhubaneswar"", ""cityName"": ""Bhubaneswar"", ""hospAcc"": ""NABH"", ""hospName"": ""INSTITUTE OF MEDICAL SCIENCES and SUM HOSPITAL"", ""tierType"": ""Tier 2""}"
273,Bhubaneswar,Bhubaneswar,14,KALINGA HOSPITAL LIMITED,QCI,Tier 2,Bhubaneswar,,"{""adcityName"": ""Bhubaneswar"", ""cityName"": ""Bhubaneswar"", ""hospAcc"": ""QCI"", ""hospName"": ""KALINGA HOSPITAL LIMITED"", ""tierType"": ""Tier 2""}"
274,Bhubaneswar,Bhubaneswar,14,KALINGA INSTITUTE OF MEDICAL SCIENCES KIMS,NABH,Tier 2,Bhubaneswar,,"{""adcityName"": ""Bhubaneswar"", ""cityName"": ""Bhubaneswar"", ""hospAcc"": ""NABH"", ""hospName"": ""KALINGA INSTITUTE OF MEDICAL SCIENCES KIMS"", ""tierType"": ""Tier 2""}"
275,Bhubaneswar,Bhubaneswar,14,KANUNGO INSTITUTE OF DIABETES SPECIALITIES PVT LTD,,Tier 2,KHORDHA,,"{""adcityName"": ""Bhubaneswar"", ""cityName"": ""KHORDHA"", ""hospAcc"": """", ""hospName"": ""KANUNGO INSTITUTE OF DIABETES SPECIALITIES PVT LTD"", ""tierType"": ""Tier 2""}"
276,Bhubaneswar,Bhubaneswar,14,KAR VISION EYE HOSPITAL,NABH,Tier 2,Bhubaneswar,,"{""adcityName"": ""Bhubaneswar"", ""cityName"": ""Bhubaneswar"", ""hospAcc"": ""NABH"", ""hospName"": ""KAR VISION EYE HOSPITAL"", ""tierType"": ""Tier 2""}"
277,Bhubaneswar,Bhubaneswar,14,Ruby Eye Hospital,NABH,Tier 3,Berhampur,,"{""adcityName"": ""Bhubaneswar"", ""cityName"": ""Berhampur"", ""hospAcc"": ""NABH"", ""hospName"": ""Ruby Eye Hospital"", ""tierType"": ""Tier 3""}"
278,Bhubaneswar,Bhubaneswar,14,SARA GASTRO and LAPAROSCOPIC HOSPITAL,,Tier 2,KHORDHA,,"{""adcityName"": ""Bhubaneswar"", ""cityName"": ""KHORDHA"", ""hospAcc"": """", ""hospName"": ""SARA GASTRO and LAPAROSCOPIC HOSPITAL"", ""tierType"": ""Tier 2""}"
279,Bhubaneswar,Bhubaneswar,14,SHANTI MEMORIAL HOSPITAL PVT LTD,NABH,Tier 2,Cuttack,,"{""adcityName"": ""Bhubaneswar"", ""cityName"": ""Cuttack"", ""hospAcc"": ""NABH"", ""hospName"": ""SHANTI MEMORIAL HOSPITAL PVT LTD"", ""tierType"": ""Tier 2""}"
280,Bhubaneswar,Bhubaneswar,14,SPARSH HOSPITALS and CRITICAL CARE PVT LTD,,Tier 2,KHORDHA,,"{""adcityName"": ""Bhubaneswar"", ""cityName"": ""KHORDHA"", ""hospAcc"": """", ""hospName"": ""SPARSH HOSPITALS and CRITICAL CARE PVT LTD"", ""tierType"": ""Tier 2""}"
281,Bhubaneswar,Bhubaneswar,14,SUM ULTIMATE MEDICARE,NABH,Tier 2,Bhubaneswar,,"{""adcityName"": ""Bhubaneswar"", ""cityName"": ""Bhubaneswar"", ""hospAcc"": ""NABH"", ""hospName"": ""SUM ULTIMATE MEDICARE"", ""tierType"": ""Tier 2""}"
282,Bhubaneswar,Bhubaneswar,14,Utkal Healthcare Private limited,NABH,Tier 2,Bhubaneswar,,"{""adcityName"": ""Bhubaneswar"", ""cityName"": ""Bhubaneswar"", ""hospAcc"": ""NABH"", ""hospName"": ""Utkal Healthcare Private limited"", ""tierType"": ""Tier 2""}"
283,Bhubaneswar,Bhubaneswar,14,VIVEKANAND HOSPITAL - BHUBANESWAR,,Tier 2,KHORDHA,,"{""adcityName"": ""Bhubaneswar"", ""cityName"": ""KHORDHA"", ""hospAcc"": """", ""hospName"": ""VIVEKANAND HOSPITAL - BHUBANESWAR"", ""tierType"": ""Tier 2""}"
284,Chandigarh,Chandigarh,15,AANJANAYTHRALAYA RETINA AND LASER EYE CENTRE,NABH,Tier 2,Chandigarh,,"{""adcityName"": ""Chandigarh"", ""cityName"": ""Chandigarh "", ""hospAcc"": ""NABH"", ""hospName"": ""AANJANAYTHRALAYA RETINA AND LASER EYE CENTRE"", ""tierType"": ""Tier 2""}"
285,Chandigarh,Chandigarh,15,AASTHA KIDNEY AND SUPER SPECIALITY HOSPITAL,NABH,Tier 2,Chandigarh,,"{""adcityName"": ""Chandigarh"", ""cityName"": ""Chandigarh "", ""hospAcc"": ""NABH"", ""hospName"": ""AASTHA KIDNEY AND SUPER SPECIALITY HOSPITAL"", ""tierType"": ""Tier 2""}"
286,Chandigarh,Chandigarh,15,ABH HEALTH CARE PVT LTD,NABH,Tier 2,Chandigarh,,"{""adcityName"": ""Chandigarh"", ""cityName"": ""Chandigarh "", ""hospAcc"": ""NABH"", ""hospName"": "" ABH HEALTH CARE PVT LTD"", ""tierType"": ""Tier 2""}"
287,Chandigarh,Chandigarh,15,ACE Heart & Vascular Institute,NABH,Tier 2,Mohali,,"{""adcityName"": ""Chandigarh"", ""cityName"": ""Mohali"", ""hospAcc"": ""NABH"", ""hospName"": ""ACE Heart & Vascular Institute"", ""tierType"": ""Tier 2""}"
288,Chandigarh,Chandigarh,15,adesh medical college and hospital,NA,Tier 2,Chandigarh,,"{""adcityName"": ""Chandigarh"", ""cityName"": ""Chandigarh "", ""hospAcc"": ""NA"", ""hospName"": ""adesh medical college and hospital"", ""tierType"": ""Tier 2""}"
289,Chandigarh,Chandigarh,15,aggarwal hospital,NABH,Tier 2,Chandigarh,,"{""adcityName"": ""Chandigarh"", ""cityName"": ""Chandigarh "", ""hospAcc"": ""NABH"", ""hospName"": ""aggarwal hospital"", ""tierType"": ""Tier 2""}"
290,Chandigarh,Chandigarh,15,Aggarwal Liver and Gut super specialty hospital,NABH,Tier 2,Jalandhar,,"{""adcityName"": ""Chandigarh"", ""cityName"": ""Jalandhar"", ""hospAcc"": ""NABH"", ""hospName"": ""Aggarwal Liver and Gut super specialty hospital "", ""tierType"": ""Tier 2""}"
291,Chandigarh,Chandigarh,15,AIIMS SANJIVANI HOSPITAL,NA,Tier 2,Chandigarh,,"{""adcityName"": ""Chandigarh"", ""cityName"": ""Chandigarh "", ""hospAcc"": ""NA"", ""hospName"": ""AIIMS SANJIVANI HOSPITAL"", ""tierType"": ""Tier 2""}"
292,Chandigarh,Chandigarh,15,AKAL EYE HOSPITAL,NABH,Tier 2,Jalandhar,,"{""adcityName"": ""Chandigarh"", ""cityName"": ""Jalandhar "", ""hospAcc"": ""NABH"", ""hospName"": ""AKAL EYE HOSPITAL"", ""tierType"": ""Tier 2""}"
293,Chandigarh,Chandigarh,15,AKASHDEEP HOSPITAL,NABH,Tier 2,Amritsar,,"{""adcityName"": ""Chandigarh"", ""cityName"": ""Amritsar"", ""hospAcc"": ""NABH"", ""hospName"": ""AKASHDEEP HOSPITAL"", ""tierType"": ""Tier 2""}"
294,Chandigarh,Chandigarh,15,ALTIS MULTISPECIALITY HOSPITAL,NABH,Tier 2,Jalandhar,,"{""adcityName"": ""Chandigarh"", ""cityName"": ""Jalandhar"", ""hospAcc"": ""NABH"", ""hospName"": ""ALTIS MULTISPECIALITY HOSPITAL"", ""tierType"": ""Tier 2""}"
295,Chandigarh,Chandigarh,15,AMANDEEP HOSPITAL,NABH,Tier 2,Amritsar,,"{""adcityName"": ""Chandigarh"", ""cityName"": ""Amritsar"", ""hospAcc"": ""NABH"", ""hospName"": ""AMANDEEP HOSPITAL"", ""tierType"": ""Tier 2""}"
296,Chandigarh,Chandigarh,15,AMANDEEP MEDICITY,NABH,Tier 2,Amritsars,,"{""adcityName"": ""Chandigarh"", ""cityName"": ""Amritsars"", ""hospAcc"": ""NABH"", ""hospName"": ""AMANDEEP MEDICITY"", ""tierType"": ""Tier 2""}"
297,Chandigarh,Chandigarh,15,Amar Hospital,NABH,Tier 2,Mohali,,"{""adcityName"": ""Chandigarh"", ""cityName"": ""Mohali"", ""hospAcc"": ""NABH"", ""hospName"": ""Amar Hospital"", ""tierType"": ""Tier 2""}"
298,Chandigarh,Chandigarh,15,AMAR HOSPITAL,NA,Tier 3,PATIALA,,"{""adcityName"": ""Chandigarh"", ""cityName"": ""PATIALA"", ""hospAcc"": ""NA"", ""hospName"": ""AMAR HOSPITAL"", ""tierType"": ""Tier 3""}"
299,Chandigarh,Chandigarh,15,AMAR SHAKTI AND GYNAE,QCI,Tier 2,Chandigarh,,"{""adcityName"": ""Chandigarh"", ""cityName"": ""Chandigarh"", ""hospAcc"": ""QCI"", ""hospName"": ""AMAR SHAKTI AND GYNAE"", ""tierType"": ""Tier 2""}"
300,Chandigarh,Chandigarh,15,A ONE CREATIONS PVT LTD,NABH,Tier 2,Panchkula,,"{""adcityName"": ""Chandigarh"", ""cityName"": ""Panchkula"", ""hospAcc"": ""NABH"", ""hospName"": ""A ONE CREATIONS PVT LTD"", ""tierType"": ""Tier 2""}"
301,Chandigarh,Chandigarh,15,APEX HOSPITAL,NABH,Tier 2,Amritsar,,"{""adcityName"": ""Chandigarh"", ""cityName"": ""Amritsar"", ""hospAcc"": ""NABH"", ""hospName"": ""APEX HOSPITAL"", ""tierType"": ""Tier 2""}"
302,Chandigarh,Chandigarh,15,APEX HOSPITAL AND MATERNITY HOME,NABH,Tier 2,Amritsar,,"{""adcityName"": ""Chandigarh"", ""cityName"": ""Amritsar"", ""hospAcc"": ""NABH"", ""hospName"": ""APEX HOSPITAL AND MATERNITY HOME"", ""tierType"": ""Tier 2""}"
303,Chandigarh,Chandigarh,15,ARMAAN HOSPITAL,NABH,Tier 2,Jalandhar,,"{""adcityName"": ""Chandigarh"", ""cityName"": ""Jalandhar "", ""hospAcc"": ""NABH"", ""hospName"": ""ARMAAN HOSPITAL "", ""tierType"": ""Tier 2""}"
304,Chandigarh,Chandigarh,15,ARORA EYE HOSPITAL AND RETINA CENTRE,NABH,Tier 2,Jalandhar,,"{""adcityName"": ""Chandigarh"", ""cityName"": ""Jalandhar"", ""hospAcc"": ""NABH"", ""hospName"": ""ARORA EYE HOSPITAL AND RETINA CENTRE"", ""tierType"": ""Tier 2""}"
305,Chandigarh,Chandigarh,15,ARORA HOSPITAL,NABH,Tier 2,Amritsar,,"{""adcityName"": ""Chandigarh"", ""cityName"": ""Amritsar"", ""hospAcc"": ""NABH"", ""hospName"": ""ARORA HOSPITAL"", ""tierType"": ""Tier 2""}"
306,Chandigarh,Chandigarh,15,ASG EYE HOSPITAL,NABH,Tier 2,Amritsar,,"{""adcityName"": ""Chandigarh"", ""cityName"": ""Amritsar"", ""hospAcc"": ""NABH"", ""hospName"": ""ASG EYE HOSPITAL"", ""tierType"": ""Tier 2""}"
307,Chandigarh,Chandigarh,15,ASG EYE HOSPITAL,NA,Tier 2,Amritsar,,"{""adcityName"": ""Chandigarh"", ""cityName"": ""Amritsar"", ""hospAcc"": ""NA"", ""hospName"": ""ASG EYE HOSPITAL"", ""tierType"": ""Tier 2""}"
308,Chandigarh,Chandigarh,15,ASG Hospital Pvt Ltd,QCI,Tier 2,Srinagar,,"{""adcityName"": ""Chandigarh"", ""cityName"": ""Srinagar"", ""hospAcc"": ""QCI"", ""hospName"": ""ASG Hospital Pvt Ltd"", ""tierType"": ""Tier 2""}"
309,Chandigarh,Chandigarh,15,BANSAL EYE AND RETINA CENTRE,QCI,Tier 2,Chandigarh,,"{""adcityName"": ""Chandigarh"", ""cityName"": ""Chandigarh"", ""hospAcc"": ""QCI"", ""hospName"": ""BANSAL EYE AND RETINA CENTRE"", ""tierType"": ""Tier 2""}"
310,Chandigarh,Chandigarh,15,bansal eye hospital,NABH,Tier 2,Ambala,,"{""adcityName"": ""Chandigarh"", ""cityName"": ""Ambala "", ""hospAcc"": ""NABH"", ""hospName"": ""bansal eye hospital"", ""tierType"": ""Tier 2""}"
311,Chandigarh,Chandigarh,15,BBC Heart Care,NABH,Tier 2,Jalandhar,,"{""adcityName"": ""Chandigarh"", ""cityName"": ""Jalandhar "", ""hospAcc"": ""NABH"", ""hospName"": ""BBC Heart Care"", ""tierType"": ""Tier 2""}"
312,Chandigarh,Chandigarh,15,BEE ENN GENERAL HOSPITAL,NABH,Tier 2,Jammu,,"{""adcityName"": ""Chandigarh"", ""cityName"": ""Jammu"", ""hospAcc"": ""NABH"", ""hospName"": ""BEE ENN GENERAL HOSPITAL"", ""tierType"": ""Tier 2""}"
313,Chandigarh,Chandigarh,15,Bhanoo Hospital,NABH,Tier 2,Chandigarh,,"{""adcityName"": ""Chandigarh"", ""cityName"": ""Chandigarh "", ""hospAcc"": ""NABH"", ""hospName"": ""Bhanoo Hospital"", ""tierType"": ""Tier 2""}"
314,Chandigarh,Chandigarh,15,CAPITAL SUPER SPECIALITY HOSPITAL,NABH,Tier 2,Chandigarh,,"{""adcityName"": ""Chandigarh"", ""cityName"": ""Chandigarh "", ""hospAcc"": ""NABH"", ""hospName"": ""CAPITAL SUPER SPECIALITY HOSPITAL"", ""tierType"": ""Tier 2""}"
315,Chandigarh,Chandigarh,15,Capitol Hospital,NABH,Tier 2,Jalandhar,,"{""adcityName"": ""Chandigarh"", ""cityName"": ""Jalandhar "", ""hospAcc"": ""NABH"", ""hospName"": ""Capitol Hospital"", ""tierType"": ""Tier 2""}"
316,Chandigarh,Chandigarh,15,CARDIONOVA INSTITUTE OF MEDICAL SCIENCES,NABH,Tier 2,Jalandhar,,"{""adcityName"": ""Chandigarh"", ""cityName"": ""Jalandhar"", ""hospAcc"": ""NABH"", ""hospName"": ""CARDIONOVA INSTITUTE OF MEDICAL SCIENCES"", ""tierType"": ""Tier 2""}"
317,Chandigarh,Chandigarh,15,CARE & CURE MEDICITY HOSPITAL,NABH,Tier 2,Amritsar,,"{""adcityName"": ""Chandigarh"", ""cityName"": ""Amritsar"", ""hospAcc"": ""NABH"", ""hospName"": ""CARE & CURE MEDICITY HOSPITAL"", ""tierType"": ""Tier 2""}"
318,Chandigarh,Chandigarh,15,CARE MAX SUPERSPECIALITY HOSPITAL.,NABH,Tier 2,Chandigarh,,"{""adcityName"": ""Chandigarh"", ""cityName"": ""Chandigarh "", ""hospAcc"": ""NABH"", ""hospName"": ""CARE MAX SUPERSPECIALITY HOSPITAL."", ""tierType"": ""Tier 2""}"
319,Chandigarh,Chandigarh,15,CAREWELL HEART & SUPER SPECIALTY HOSPITAL,NABH,Tier 2,Amritsar,,"{""adcityName"": ""Chandigarh"", ""cityName"": ""Amritsar "", ""hospAcc"": ""NABH"", ""hospName"": ""CAREWELL HEART & SUPER SPECIALTY HOSPITAL"", ""tierType"": ""Tier 2""}"
320,Chandigarh,Chandigarh,15,Central Hospital & Maternity home,NABH,Tier 2,Chandigarh,,"{""adcityName"": ""Chandigarh"", ""cityName"": ""Chandigarh "", ""hospAcc"": ""NABH"", ""hospName"": ""Central Hospital & Maternity home"", ""tierType"": ""Tier 2""}"
321,Chandigarh,Chandigarh,15,CHANDIGARH CLINICAL LABORATORIES,NABL,Tier 2,Chandigarh,,"{""adcityName"": ""Chandigarh"", ""cityName"": ""Chandigarh"", ""hospAcc"": ""NABL"", ""hospName"": ""CHANDIGARH CLINICAL LABORATORIES"", ""tierType"": ""Tier 2""}"
322,Chandigarh,Chandigarh,15,CHANDIGARH DIAGNOSTIC LABORATORIES,NABL,Tier 2,Chandigarh,,"{""adcityName"": ""Chandigarh"", ""cityName"": ""Chandigarh"", ""hospAcc"": ""NABL"", ""hospName"": ""CHANDIGARH DIAGNOSTIC LABORATORIES"", ""tierType"": ""Tier 2""}"
323,Chandigarh,Chandigarh,15,CHAWLA NURSING HOME AND MATERNITY HOSPITAL,NABH,Tier 2,Chandigarh,,"{""adcityName"": ""Chandigarh"", ""cityName"": ""Chandigarh "", ""hospAcc"": ""NABH"", ""hospName"": ""CHAWLA NURSING HOME AND MATERNITY HOSPITAL"", ""tierType"": ""Tier 2""}"
324,Chandigarh,Chandigarh,15,CHAWLA NURSING HOME AND MATERNITY HOSPITAL,NABH,Tier 2,Chandigarh,,"{""adcityName"": ""Chandigarh"", ""cityName"": ""Chandigarh "", ""hospAcc"": ""NABH"", ""hospName"": ""CHAWLA NURSING HOME AND MATERNITY HOSPITAL"", ""tierType"": ""Tier 2""}"
325,Chandigarh,Chandigarh,15,CHD city hospital,NABH,Tier 2,Chandigarh,,"{""adcityName"": ""Chandigarh"", ""cityName"": ""Chandigarh"", ""hospAcc"": ""NABH"", ""hospName"": ""CHD city hospital"", ""tierType"": ""Tier 2""}"
326,Chandigarh,Chandigarh,15,DEV HOSPITAL,NABH,Tier 2,Amritsar,,"{""adcityName"": ""Chandigarh"", ""cityName"": ""Amritsar"", ""hospAcc"": ""NABH"", ""hospName"": ""DEV HOSPITAL"", ""tierType"": ""Tier 2""}"
327,Chandigarh,Chandigarh,15,DHALIWAL HOSPITAL,NABH,Tier 2,Amritsar,,"{""adcityName"": ""Chandigarh"", ""cityName"": ""Amritsar"", ""hospAcc"": ""NABH"", ""hospName"": ""DHALIWAL HOSPITAL"", ""tierType"": ""Tier 2""}"
328,Chandigarh,Chandigarh,15,DHAWAN HOSPITAL,NABH,Tier 2,Panchkula,,"{""adcityName"": ""Chandigarh"", ""cityName"": ""Panchkula"", ""hospAcc"": ""NABH"", ""hospName"": ""DHAWAN HOSPITAL"", ""tierType"": ""Tier 2""}"
329,Chandigarh,Chandigarh,15,DHINGRA GENERAL HOSPITAL,NABH,Tier 2,Amritsar,,"{""adcityName"": ""Chandigarh"", ""cityName"": ""Amritsar"", ""hospAcc"": ""NABH"", ""hospName"": ""DHINGRA GENERAL HOSPITAL"", ""tierType"": ""Tier 2""}"
330,Chandigarh,Chandigarh,15,Divine Eye Hospital,NABH,Tier 2,Panchkula,,"{""adcityName"": ""Chandigarh"", ""cityName"": ""Panchkula"", ""hospAcc"": ""NABH"", ""hospName"": ""Divine Eye Hospital"", ""tierType"": ""Tier 2""}"
331,Chandigarh,Chandigarh,15,DR ADARSH HEAR AND SUPERSPECIALITY HOSPITAL,NABH,Tier 2,Amritsar,,"{""adcityName"": ""Chandigarh"", ""cityName"": ""Amritsar "", ""hospAcc"": ""NABH"", ""hospName"": ""DR ADARSH HEAR AND SUPERSPECIALITY HOSPITAL"", ""tierType"": ""Tier 2""}"
332,Chandigarh,Chandigarh,15,DR ASHOK SHARMAS CORNEA CENTRE,NABH,Tier 2,Chandigarh,,"{""adcityName"": ""Chandigarh"", ""cityName"": ""Chandigarh"", ""hospAcc"": ""NABH"", ""hospName"": ""DR ASHOK SHARMAS CORNEA CENTRE"", ""tierType"": ""Tier 2""}"
333,Chandigarh,Chandigarh,15,Dr Bakshi Gupta Eye Care Centre,NABH,Tier 2,Panchkula,,"{""adcityName"": ""Chandigarh"", ""cityName"": ""Panchkula"", ""hospAcc"": ""NABH"", ""hospName"": ""Dr Bakshi Gupta Eye Care Centre"", ""tierType"": ""Tier 2""}"
334,Chandigarh,Chandigarh,15,Dr Bhandaris Dental Care & Implant Center,QCI,Tier 2,Panchkula,,"{""adcityName"": ""Chandigarh"", ""cityName"": ""Panchkula"", ""hospAcc"": ""QCI"", ""hospName"": ""Dr Bhandaris Dental Care & Implant Center"", ""tierType"": ""Tier 2""}"
335,Chandigarh,Chandigarh,15,DR.DALJIT SINGH EYE HOSPITAL,NABH,Tier 2,Amritsar,,"{""adcityName"": ""Chandigarh"", ""cityName"": ""Amritsar"", ""hospAcc"": ""NABH"", ""hospName"": ""DR.DALJIT SINGH EYE HOSPITAL"", ""tierType"": ""Tier 2""}"
336,Chandigarh,Chandigarh,15,DR HARPREET SINGH LIVER AND DIGESTIVE DISEASE CENTER,NABH,Tier 2,Amritsar,,"{""adcityName"": ""Chandigarh"", ""cityName"": ""Amritsar "", ""hospAcc"": ""NABH"", ""hospName"": ""DR HARPREET SINGH LIVER AND DIGESTIVE DISEASE CENTER"", ""tierType"": ""Tier 2""}"
337,Chandigarh,Chandigarh,15,DR HARPREET SINGH LIVER AND DIGESTIVE DISEASE CENTER,NABH,Tier 2,Amritsar,,"{""adcityName"": ""Chandigarh"", ""cityName"": ""Amritsar"", ""hospAcc"": ""NABH"", ""hospName"": ""DR HARPREET SINGH LIVER AND DIGESTIVE DISEASE CENTER"", ""tierType"": ""Tier 2""}"
338,Chandigarh,Chandigarh,15,DRISHTI EYE HOSPITAL,NABH,Tier 2,Panchkula,,"{""adcityName"": ""Chandigarh"", ""cityName"": ""Panchkula"", ""hospAcc"": ""NABH"", ""hospName"": ""DRISHTI EYE HOSPITAL"", ""tierType"": ""Tier 2""}"
339,Chandigarh,Chandigarh,15,Dr Karam Singh Memorial Multispeciality Hospital,NABH,Tier 2,Amritsar,,"{""adcityName"": ""Chandigarh"", ""cityName"": ""Amritsar"", ""hospAcc"": ""NABH"", ""hospName"": ""Dr Karam Singh Memorial Multispeciality Hospital"", ""tierType"": ""Tier 2""}"
340,Chandigarh,Chandigarh,15,DR KD MULTISPECIALITY HOSPITAL,NABH,Tier 2,Jammu,,"{""adcityName"": ""Chandigarh"", ""cityName"": ""Jammu"", ""hospAcc"": ""NABH"", ""hospName"": ""DR KD MULTISPECIALITY HOSPITAL"", ""tierType"": ""Tier 2""}"
341,Chandigarh,Chandigarh,15,DR KOCHARS HOUSE OF SMILES,NABH,Tier 2,Chandigarh,,"{""adcityName"": ""Chandigarh"", ""cityName"": ""Chandigarh"", ""hospAcc"": ""NABH"", ""hospName"": ""DR KOCHARS HOUSE  OF SMILES"", ""tierType"": ""Tier 2""}"
342,Chandigarh,Chandigarh,15,DR LAL PATH LABS LTD,NABL,Tier 2,Jalandhar,,"{""adcityName"": ""Chandigarh"", ""cityName"": ""Jalandhar"", ""hospAcc"": ""NABL"", ""hospName"": ""DR LAL PATH LABS LTD"", ""tierType"": ""Tier 2""}"
343,Chandigarh,Chandigarh,15,DR LAL PATH LABS LTD,,Tier 3,JALANDHAR,,"{""adcityName"": ""Chandigarh"", ""cityName"": ""JALANDHAR"", ""hospAcc"": """", ""hospName"": ""DR LAL PATH LABS LTD"", ""tierType"": ""Tier 3""}"
344,Chandigarh,Chandigarh,15,DR LAL PATH LABS LTD,NABL,Tier 2,Chandigarh,,"{""adcityName"": ""Chandigarh"", ""cityName"": ""Chandigarh"", ""hospAcc"": ""NABL"", ""hospName"": ""DR LAL PATH LABS LTD"", ""tierType"": ""Tier 2""}"
345,Chandigarh,Chandigarh,15,DR LAL PATH LABS LTD,NABL,Tier 2,AMRITSAR,,"{""adcityName"": ""Chandigarh"", ""cityName"": ""AMRITSAR"", ""hospAcc"": ""NABL"", ""hospName"": ""DR LAL PATH LABS LTD"", ""tierType"": ""Tier 2""}"
346,Chandigarh,Chandigarh,15,DR MANILA S SURGICITY,NABH,Tier 2,Amritsar,,"{""adcityName"": ""Chandigarh"", ""cityName"": ""Amritsar "", ""hospAcc"": ""NABH"", ""hospName"": ""DR MANILA S SURGICITY"", ""tierType"": ""Tier 2""}"
347,Chandigarh,Chandigarh,15,Dr Om Parkash Eye Institute Private Limited,NABH,Tier 2,Amritsar,,"{""adcityName"": ""Chandigarh"", ""cityName"": ""Amritsar"", ""hospAcc"": ""NABH"", ""hospName"": ""Dr Om Parkash Eye Institute Private Limited"", ""tierType"": ""Tier 2""}"
348,Chandigarh,Chandigarh,15,DR PARMINDER SINGH PANNU MEMORIAL JANTA HOSPITAL,NABH,Tier 2,Amritsar,,"{""adcityName"": ""Chandigarh"", ""cityName"": ""Amritsar "", ""hospAcc"": ""NABH"", ""hospName"": ""DR PARMINDER SINGH PANNU MEMORIAL JANTA HOSPITAL"", ""tierType"": ""Tier 2""}"
349,Chandigarh,Chandigarh,15,DR SANJEEV S SUPERSPECIALITY HOSPITAL,NABH,Tier 2,Chandigarh,,"{""adcityName"": ""Chandigarh"", ""cityName"": ""Chandigarh "", ""hospAcc"": ""NABH"", ""hospName"": ""DR SANJEEV S SUPERSPECIALITY HOSPITAL"", ""tierType"": ""Tier 2""}"
350,Chandigarh,Chandigarh,15,DR SANJEEV S SUPERSPECIALITY HOSPITAL,NABH,Tier 2,Chandigarh,,"{""adcityName"": ""Chandigarh"", ""cityName"": ""Chandigarh "", ""hospAcc"": ""NABH"", ""hospName"": ""DR SANJEEV S SUPERSPECIALITY HOSPITAL"", ""tierType"": ""Tier 2""}"
351,Chandigarh,Chandigarh,15,DR.Shakeen Eye and Dental Hospital,NABH,Tier 2,Amritsar,,"{""adcityName"": ""Chandigarh"", ""cityName"": ""Amritsar"", ""hospAcc"": ""NABH"", ""hospName"": ""DR.Shakeen Eye and Dental Hospital"", ""tierType"": ""Tier 2""}"
352,Chandigarh,Chandigarh,15,duggal eye hospital,NABH,Tier 2,Jalandhar,,"{""adcityName"": ""Chandigarh"", ""cityName"": ""Jalandhar"", ""hospAcc"": ""NABH"", ""hospName"": ""duggal eye hospital"", ""tierType"": ""Tier 2""}"
353,Chandigarh,Chandigarh,15,EDEN CRITICAL CARE HOSPITAL LTD,NABH,Tier 2,Chandigarh,,"{""adcityName"": ""Chandigarh"", ""cityName"": ""Chandigarh"", ""hospAcc"": ""NABH"", ""hospName"": ""EDEN CRITICAL CARE HOSPITAL LTD"", ""tierType"": ""Tier 2""}"
354,Chandigarh,Chandigarh,15,EMC Super Speciality Hospital Pvt. Ltd.,NABH,Tier 2,Amritsar,,"{""adcityName"": ""Chandigarh"", ""cityName"": ""Amritsar"", ""hospAcc"": ""NABH"", ""hospName"": ""EMC Super Speciality Hospital Pvt. Ltd."", ""tierType"": ""Tier 2""}"
355,Chandigarh,Chandigarh,15,FLOREM HOSPITAL,NABH,Tier 2,Amritsar,,"{""adcityName"": ""Chandigarh"", ""cityName"": ""Amritsar"", ""hospAcc"": ""NABH"", ""hospName"": ""FLOREM HOSPITAL"", ""tierType"": ""Tier 2""}"
356,Chandigarh,Chandigarh,15,FORTIS ESCORTS HOSPITAL,NABH,Tier 2,Amritsar,,"{""adcityName"": ""Chandigarh"", ""cityName"": ""Amritsar"", ""hospAcc"": ""NABH"", ""hospName"": ""FORTIS ESCORTS HOSPITAL"", ""tierType"": ""Tier 2""}"
357,Chandigarh,Chandigarh,15,FORTIS HOSPITAL - MOHALI,NABH,Tier 2,Mohali,,"{""adcityName"": ""Chandigarh"", ""cityName"": ""Mohali"", ""hospAcc"": ""NABH"", ""hospName"": ""FORTIS HOSPITAL - MOHALI"", ""tierType"": ""Tier 2""}"
358,Chandigarh,Chandigarh,15,GANGA ORTHOCARE,NABH,Tier 2,Jalandhar,,"{""adcityName"": ""Chandigarh"", ""cityName"": ""Jalandhar "", ""hospAcc"": ""NABH"", ""hospName"": ""GANGA ORTHOCARE"", ""tierType"": ""Tier 2""}"
359,Chandigarh,Chandigarh,15,GBM DUKH NIWARAN HOSPITAL A UNIT OF DUKH NIWARAN HEALTH CARE SERVICES,NA,Tier 2,Amritsar,,"{""adcityName"": ""Chandigarh"", ""cityName"": ""Amritsar"", ""hospAcc"": ""NA"", ""hospName"": ""GBM DUKH NIWARAN HOSPITAL A UNIT OF DUKH NIWARAN HEALTH CARE SERVICES"", ""tierType"": ""Tier 2""}"
360,Chandigarh,Chandigarh,15,GHAI HOSPITAL,NABH,Tier 2,Jalandhar,,"{""adcityName"": ""Chandigarh"", ""cityName"": ""Jalandhar"", ""hospAcc"": ""NABH"", ""hospName"": ""GHAI HOSPITAL"", ""tierType"": ""Tier 2""}"
361,Chandigarh,Chandigarh,15,Global Hospital,NABH,Tier 2,Jalandhar,,"{""adcityName"": ""Chandigarh"", ""cityName"": ""Jalandhar"", ""hospAcc"": ""NABH"", ""hospName"": ""Global Hospital"", ""tierType"": ""Tier 2""}"
362,Chandigarh,Chandigarh,15,GOYAL DENTAL CLINIC,QCI,Tier 2,Chandigarh,,"{""adcityName"": ""Chandigarh"", ""cityName"": ""Chandigarh "", ""hospAcc"": ""QCI"", ""hospName"": ""GOYAL  DENTAL CLINIC "", ""tierType"": ""Tier 2""}"
363,Chandigarh,Chandigarh,15,GOYAL DENTAL CLINIC,NABH,Tier 2,Panchkula,,"{""adcityName"": ""Chandigarh"", ""cityName"": ""Panchkula"", ""hospAcc"": ""NABH"", ""hospName"": ""GOYAL DENTAL CLINIC"", ""tierType"": ""Tier 2""}"
364,Chandigarh,Chandigarh,15,GRECIAN SUPERSPECIALITY HOSP (UNIT OF RGS HEALTHCA,NABH,Tier 2,Mohali,,"{""adcityName"": ""Chandigarh"", ""cityName"": ""Mohali"", ""hospAcc"": ""NABH"", ""hospName"": ""GRECIAN SUPERSPECIALITY HOSP (UNIT OF RGS HEALTHCA"", ""tierType"": ""Tier 2""}"
365,Chandigarh,Chandigarh,15,GREWAL EYE INSTITUTE-CHANDIGARH,NABH,Tier 2,Chandigarh,,"{""adcityName"": ""Chandigarh"", ""cityName"": ""Chandigarh"", ""hospAcc"": ""NABH"", ""hospName"": ""GREWAL EYE INSTITUTE-CHANDIGARH"", ""tierType"": ""Tier 2""}"
366,Chandigarh,Chandigarh,15,GROVER EYE LASER & ENT HOSPITAL,NABH,Tier 2,Chandigarh,,"{""adcityName"": ""Chandigarh"", ""cityName"": ""Chandigarh"", ""hospAcc"": ""NABH"", ""hospName"": ""GROVER EYE LASER & ENT HOSPITAL"", ""tierType"": ""Tier 2""}"
367,Chandigarh,Chandigarh,15,Guardian Hospital,NABH,Tier 2,Ambala,,"{""adcityName"": ""Chandigarh"", ""cityName"": ""Ambala "", ""hospAcc"": ""NABH"", ""hospName"": ""Guardian Hospital"", ""tierType"": ""Tier 2""}"
368,Chandigarh,Chandigarh,15,GUARDIAN HOSPITAL,NABH,Tier 2,Jalandhar,,"{""adcityName"": ""Chandigarh"", ""cityName"": ""Jalandhar"", ""hospAcc"": ""NABH"", ""hospName"": ""GUARDIAN HOSPITAL "", ""tierType"": ""Tier 2""}"
369,Chandigarh,Chandigarh,15,GUMBER EYE AND DENTAL CARE CENTRE,NA,Tier 2,Chandigarh,,"{""adcityName"": ""Chandigarh"", ""cityName"": ""Chandigarh "", ""hospAcc"": ""NA"", ""hospName"": ""GUMBER EYE AND DENTAL CARE CENTRE"", ""tierType"": ""Tier 2""}"
370,Chandigarh,Chandigarh,15,GUPTA EYE HOSPITAL,NABH,Tier 2,Panchkula,,"{""adcityName"": ""Chandigarh"", ""cityName"": ""Panchkula"", ""hospAcc"": ""NABH"", ""hospName"": ""GUPTA EYE HOSPITAL"", ""tierType"": ""Tier 2""}"
371,Chandigarh,Chandigarh,15,GUPTA HOSPITAL,NABH,Tier 2,Amritsar,,"{""adcityName"": ""Chandigarh"", ""cityName"": ""Amritsar"", ""hospAcc"": ""NABH"", ""hospName"": ""GUPTA HOSPITAL"", ""tierType"": ""Tier 2""}"
372,Chandigarh,Chandigarh,15,Gupta multispeciality Hospital,NABH,Tier 2,Amritsar,,"{""adcityName"": ""Chandigarh"", ""cityName"": ""Amritsar "", ""hospAcc"": ""NABH"", ""hospName"": ""Gupta multispeciality Hospital"", ""tierType"": ""Tier 2""}"
373,Chandigarh,Chandigarh,15,Guru Nanak Mission General Hospital,NABH,Tier 2,Amritsar,,"{""adcityName"": ""Chandigarh"", ""cityName"": ""Amritsar "", ""hospAcc"": ""NABH"", ""hospName"": ""Guru Nanak Mission General Hospital"", ""tierType"": ""Tier 2""}"
374,Chandigarh,Chandigarh,15,Hargun Hospital,NABH,Tier 2,Amritsar,,"{""adcityName"": ""Chandigarh"", ""cityName"": ""Amritsar"", ""hospAcc"": ""NABH"", ""hospName"": ""Hargun Hospital"", ""tierType"": ""Tier 2""}"
375,Chandigarh,Chandigarh,15,HARTEJ HOSPITAL,NABH,Tier 2,Amritsar,,"{""adcityName"": ""Chandigarh"", ""cityName"": ""Amritsar"", ""hospAcc"": ""NABH"", ""hospName"": ""HARTEJ HOSPITAL"", ""tierType"": ""Tier 2""}"
376,Chandigarh,Chandigarh,15,Healing Hospital and Institute of Parmedical Sciences,NABH,Tier 2,Chandigarh,,"{""adcityName"": ""Chandigarh"", ""cityName"": ""Chandigarh"", ""hospAcc"": ""NABH"", ""hospName"": ""Healing Hospital and Institute of  Parmedical Sciences"", ""tierType"": ""Tier 2""}"
377,Chandigarh,Chandigarh,15,Healing Touch Super Specialty Hospital A unit of Blue Heavens Health Care Pvt Ltd,NABH,Tier 2,Ambala,,"{""adcityName"": ""Chandigarh"", ""cityName"": ""Ambala "", ""hospAcc"": ""NABH"", ""hospName"": ""Healing Touch Super Specialty Hospital A unit of Blue Heavens Health Care Pvt Ltd"", ""tierType"": ""Tier 2""}"
378,Chandigarh,Chandigarh,15,Healthmap Diagnostics Pvt Ltd,NABL,Tier 2,Chandigarh,,"{""adcityName"": ""Chandigarh"", ""cityName"": ""Chandigarh "", ""hospAcc"": ""NABL"", ""hospName"": ""Healthmap Diagnostics Pvt Ltd"", ""tierType"": ""Tier 2""}"
379,Chandigarh,Chandigarh,15,HELIX PATHLABS,NABL,Tier 2,Mohali,,"{""adcityName"": ""Chandigarh"", ""cityName"": ""Mohali"", ""hospAcc"": ""NABL"", ""hospName"": ""HELIX PATHLABS"", ""tierType"": ""Tier 2""}"
380,Chandigarh,Chandigarh,15,HOLY BASIL MEDICLINIC,NABH,Tier 2,Chandigarh,,"{""adcityName"": ""Chandigarh"", ""cityName"": ""Chandigarh "", ""hospAcc"": ""NABH"", ""hospName"": ""HOLY BASIL MEDICLINIC"", ""tierType"": ""Tier 2""}"
381,Chandigarh,Chandigarh,15,HP ORTHOCARE HOSPITAL,NABH,Tier 2,Jalandhar,,"{""adcityName"": ""Chandigarh"", ""cityName"": ""Jalandhar "", ""hospAcc"": ""NABH"", ""hospName"": ""HP ORTHOCARE HOSPITAL"", ""tierType"": ""Tier 2""}"
382,Chandigarh,Chandigarh,15,INDIA KIDNEY HOSPITAL & DIALYSIS CENTRE,NABH,Tier 2,Jalandhar,,"{""adcityName"": ""Chandigarh"", ""cityName"": ""Jalandhar "", ""hospAcc"": ""NABH"", ""hospName"": ""INDIA KIDNEY HOSPITAL & DIALYSIS CENTRE"", ""tierType"": ""Tier 2""}"
383,Chandigarh,Chandigarh,15,INDUS HOSPITAL,NABH,Tier 2,Mohali,,"{""adcityName"": ""Chandigarh"", ""cityName"": ""Mohali"", ""hospAcc"": ""NABH"", ""hospName"": ""INDUS HOSPITAL"", ""tierType"": ""Tier 2""}"
384,Chandigarh,Chandigarh,15,INDUS HYGIEA,NABH,Tier 2,Mohali,,"{""adcityName"": ""Chandigarh"", ""cityName"": ""Mohali"", ""hospAcc"": ""NABH"", ""hospName"": ""INDUS HYGIEA"", ""tierType"": ""Tier 2""}"
385,Chandigarh,Chandigarh,15,INDUS INTERNATIONAL HOSPITAL,NABH,Tier 2,Mohali,,"{""adcityName"": ""Chandigarh"", ""cityName"": ""Mohali"", ""hospAcc"": ""NABH"", ""hospName"": ""INDUS INTERNATIONAL HOSPITAL"", ""tierType"": ""Tier 2""}"
386,Chandigarh,Chandigarh,15,INDUS SUPER SPECIALITY HOSPITAL,NABH,Tier 2,Mohali,,"{""adcityName"": ""Chandigarh"", ""cityName"": ""Mohali"", ""hospAcc"": ""NABH"", ""hospName"": ""INDUS SUPER SPECIALITY HOSPITAL"", ""tierType"": ""Tier 2""}"
387,Chandigarh,Chandigarh,15,INNOCENT HEARTS SUPERSPECIALITY HOSPITAL,NABH,Tier 2,Jalandhar,,"{""adcityName"": ""Chandigarh"", ""cityName"": ""Jalandhar"", ""hospAcc"": ""NABH"", ""hospName"": ""INNOCENT HEARTS SUPERSPECIALITY HOSPITAL "", ""tierType"": ""Tier 2""}"
388,Chandigarh,Chandigarh,15,ISHWAR HOSPITAL,NABH,Tier 2,Ambala,,"{""adcityName"": ""Chandigarh"", ""cityName"": ""Ambala "", ""hospAcc"": ""NABH"", ""hospName"": ""ISHWAR HOSPITAL"", ""tierType"": ""Tier 2""}"
389,Chandigarh,Chandigarh,15,JAIN NURSING & MATERNITY HOME,NA,Tier 2,Chandigarh,,"{""adcityName"": ""Chandigarh"", ""cityName"": ""Chandigarh "", ""hospAcc"": ""NA"", ""hospName"": ""JAIN NURSING & MATERNITY HOME"", ""tierType"": ""Tier 2""}"
390,Chandigarh,Chandigarh,15,JAIN NURSING & MATERNITY HOME,NABH,Tier 2,Chandigarh,,"{""adcityName"": ""Chandigarh"", ""cityName"": ""Chandigarh "", ""hospAcc"": ""NABH"", ""hospName"": ""JAIN NURSING & MATERNITY HOME"", ""tierType"": ""Tier 2""}"
391,Chandigarh,Chandigarh,15,Jaipur Hospital,NABH,Tier 2,Chandigarh,,"{""adcityName"": ""Chandigarh"", ""cityName"": ""Chandigarh "", ""hospAcc"": ""NABH"", ""hospName"": ""Jaipur Hospital"", ""tierType"": ""Tier 2""}"
392,Chandigarh,Chandigarh,15,JAMMU HOSPITAL,NABH,Tier 2,Jalandhar,,"{""adcityName"": ""Chandigarh"", ""cityName"": ""Jalandhar "", ""hospAcc"": ""NABH"", ""hospName"": ""JAMMU HOSPITAL"", ""tierType"": ""Tier 2""}"
393,Chandigarh,Chandigarh,15,JASPAL NURSING HOME,NABH,tier 3,Ambala,,"{""adcityName"": ""Chandigarh"", ""cityName"": ""Ambala "", ""hospAcc"": ""NABH"", ""hospName"": ""JASPAL NURSING HOME"", ""tierType"": ""tier 3""}"
394,Chandigarh,Chandigarh,15,JIYO DIAGNOSTICS & WELLNESS CENTRE,NABL,Tier 2,Chandigarh,,"{""adcityName"": ""Chandigarh"", ""cityName"": ""Chandigarh"", ""hospAcc"": ""NABL"", ""hospName"": ""JIYO DIAGNOSTICS & WELLNESS CENTRE"", ""tierType"": ""Tier 2""}"
395,Chandigarh,Chandigarh,15,JOHAL MULTISPECIALITY HOSPITAL,NABH,Tier 2,Jalandhar,,"{""adcityName"": ""Chandigarh"", ""cityName"": ""Jalandhar"", ""hospAcc"": ""NABH"", ""hospName"": ""JOHAL MULTISPECIALITY HOSPITAL"", ""tierType"": ""Tier 2""}"
396,Chandigarh,Chandigarh,15,JOSHI SUPERSPECILAITY AND MULTISPECIALITY HOSPITAL,NABH,Tier 2,Jalandhar,,"{""adcityName"": ""Chandigarh"", ""cityName"": ""Jalandhar "", ""hospAcc"": ""NABH"", ""hospName"": ""JOSHI SUPERSPECILAITY AND MULTISPECIALITY HOSPITAL"", ""tierType"": ""Tier 2""}"
397,Chandigarh,Chandigarh,15,J P EYE HOSPITAL,NABH,Tier 2,Mohali,,"{""adcityName"": ""Chandigarh"", ""cityName"": ""Mohali"", ""hospAcc"": ""NABH"", ""hospName"": ""J P EYE HOSPITAL"", ""tierType"": ""Tier 2""}"
398,Chandigarh,Chandigarh,15,KAMAL MULTISPECIALITY HOSPITAL,QCI,Tier 2,Jalandhar,,"{""adcityName"": ""Chandigarh"", ""cityName"": ""Jalandhar "", ""hospAcc"": ""QCI"", ""hospName"": ""KAMAL MULTISPECIALITY HOSPITAL"", ""tierType"": ""Tier 2""}"
399,Chandigarh,Chandigarh,15,KAMAL NAYAN VISION CENTRE,NABH,Tier 2,Jammu,,"{""adcityName"": ""Chandigarh"", ""cityName"": ""Jammu"", ""hospAcc"": ""NABH"", ""hospName"": ""KAMAL NAYAN VISION CENTRE"", ""tierType"": ""Tier 2""}"
400,Chandigarh,Chandigarh,15,KAPIL EYE HOSPITAL,NABH,Tier 2,Ambala,,"{""adcityName"": ""Chandigarh"", ""cityName"": ""Ambala "", ""hospAcc"": ""NABH"", ""hospName"": ""KAPIL EYE HOSPITAL"", ""tierType"": ""Tier 2""}"
401,Chandigarh,Chandigarh,15,KAPOOR BONE AND CHILDREN HOSPITAL,QCI,Tier 2,Jalandhar,,"{""adcityName"": ""Chandigarh"", ""cityName"": ""Jalandhar "", ""hospAcc"": ""QCI"", ""hospName"": ""KAPOOR BONE AND CHILDREN HOSPITAL"", ""tierType"": ""Tier 2""}"
402,Chandigarh,Chandigarh,15,K.D.GANESHA HOSPITAL,NABH,Tier 2,Amritsar,,"{""adcityName"": ""Chandigarh"", ""cityName"": ""Amritsar"", ""hospAcc"": ""NABH"", ""hospName"": ""K.D.GANESHA HOSPITAL"", ""tierType"": ""Tier 2""}"
403,Chandigarh,Chandigarh,15,KHULLAR DENTAL CLINIC,QCI,Tier 2,Mohali,,"{""adcityName"": ""Chandigarh"", ""cityName"": ""Mohali"", ""hospAcc"": ""QCI"", ""hospName"": ""KHULLAR DENTAL CLINIC"", ""tierType"": ""Tier 2""}"
404,Chandigarh,Chandigarh,15,KIDNEY HOSPITAL & LIFE LINE MEDICAL INSTITUTIONS,NABH,Tier 2,Jalandhar,,"{""adcityName"": ""Chandigarh"", ""cityName"": ""Jalandhar "", ""hospAcc"": ""NABH"", ""hospName"": ""KIDNEY HOSPITAL & LIFE LINE MEDICAL INSTITUTIONS"", ""tierType"": ""Tier 2""}"
405,Chandigarh,Chandigarh,15,KRISHNA SUPER SPECIALITY HOSPITAL A UNIT OF MAHIP HOSPITALS PVT LTD,NABH,Tier 2,Bathinda,,"{""adcityName"": ""Chandigarh"", ""cityName"": ""Bathinda"", ""hospAcc"": ""NABH"", ""hospName"": ""KRISHNA SUPER SPECIALITY HOSPITAL A UNIT OF MAHIP HOSPITALS PVT LTD"", ""tierType"": ""Tier 2""}"
406,Chandigarh,Chandigarh,15,landmark hospital,NABH,Tier 2,Chandigarh,,"{""adcityName"": ""Chandigarh"", ""cityName"": ""Chandigarh"", ""hospAcc"": ""NABH"", ""hospName"": ""landmark hospital"", ""tierType"": ""Tier 2""}"
407,Chandigarh,Chandigarh,15,LEELAWATI HOSPITAL,NABH,Tier 2,Ambala,,"{""adcityName"": ""Chandigarh"", ""cityName"": ""Ambala "", ""hospAcc"": ""NABH"", ""hospName"": ""LEELAWATI HOSPITAL"", ""tierType"": ""Tier 2""}"
408,Chandigarh,Chandigarh,15,LIFECURE LABS,NABL,Tier 2,Panchkula,,"{""adcityName"": ""Chandigarh"", ""cityName"": ""Panchkula"", ""hospAcc"": ""NABL"", ""hospName"": ""LIFECURE LABS"", ""tierType"": ""Tier 2""}"
409,Chandigarh,Chandigarh,15,LIFE KARE HOSPITAL,NABH,Tier 2,Amritsar,,"{""adcityName"": ""Chandigarh"", ""cityName"": ""Amritsar"", ""hospAcc"": ""NABH"", ""hospName"": ""LIFE KARE HOSPITAL"", ""tierType"": ""Tier 2""}"
410,Chandigarh,Chandigarh,15,LIVASA HOSPITAL,NABH,Tier 2,Hoshiarpur,,"{""adcityName"": ""Chandigarh"", ""cityName"": ""Hoshiarpur"", ""hospAcc"": ""NABH"", ""hospName"": ""LIVASA HOSPITAL"", ""tierType"": ""Tier 2""}"
411,Chandigarh,Chandigarh,15,LIVASA HOSPITAL,NABH,Tier 2,Mohali,,"{""adcityName"": ""Chandigarh"", ""cityName"": ""Mohali"", ""hospAcc"": ""NABH"", ""hospName"": ""LIVASA HOSPITAL"", ""tierType"": ""Tier 2""}"
412,Chandigarh,Chandigarh,15,LIVASA HOSPITAL AMRITSAR,NABH,Tier 2,Amritsar,,"{""adcityName"": ""Chandigarh"", ""cityName"": ""Amritsar"", ""hospAcc"": ""NABH"", ""hospName"": ""LIVASA HOSPITAL AMRITSAR"", ""tierType"": ""Tier 2""}"
413,Chandigarh,Chandigarh,15,Livasa Hospital Nawanshahr,NABH,Tier 2,Mohali,,"{""adcityName"": ""Chandigarh"", ""cityName"": ""Mohali"", ""hospAcc"": ""NABH"", ""hospName"": ""Livasa Hospital Nawanshahr"", ""tierType"": ""Tier 2""}"
414,Chandigarh,Chandigarh,15,L J EYE INSTITUTE,NABH,Tier 2,Ambala,,"{""adcityName"": ""Chandigarh"", ""cityName"": ""Ambala "", ""hospAcc"": ""NABH"", ""hospName"": ""L J EYE INSTITUTE"", ""tierType"": ""Tier 2""}"
415,Chandigarh,Chandigarh,15,MADAAN HOSPITAL AMRITSAR,NABH,Tier 2,Amritsar,,"{""adcityName"": ""Chandigarh"", ""cityName"": ""Amritsar "", ""hospAcc"": ""NABH"", ""hospName"": ""MADAAN HOSPITAL AMRITSAR"", ""tierType"": ""Tier 2""}"
416,Chandigarh,Chandigarh,15,Mahajan Eye Hopital,NABH,Tier 2,jalandhar,,"{""adcityName"": ""Chandigarh"", ""cityName"": ""jalandhar"", ""hospAcc"": ""NABH"", ""hospName"": ""Mahajan Eye Hopital"", ""tierType"": ""Tier 2""}"
417,Chandigarh,Chandigarh,15,Mahajan Eye Hospital & Maternity Home,NABH,Tier 2,Jalandhar,,"{""adcityName"": ""Chandigarh"", ""cityName"": ""Jalandhar"", ""hospAcc"": ""NABH"", ""hospName"": ""Mahajan Eye Hospital & Maternity Home"", ""tierType"": ""Tier 2""}"
418,Chandigarh,Chandigarh,15,Mahajan Hospital,NABH,Tier 2,Amritsar,,"{""adcityName"": ""Chandigarh"", ""cityName"": ""Amritsar"", ""hospAcc"": ""NABH"", ""hospName"": ""Mahajan Hospital"", ""tierType"": ""Tier 2""}"
419,Chandigarh,Chandigarh,15,Maharishi Markandeshwar College of Medical Sciences & Research,NABH,Tier 2,Ambala,,"{""adcityName"": ""Chandigarh"", ""cityName"": ""Ambala "", ""hospAcc"": ""NABH"", ""hospName"": ""Maharishi Markandeshwar College of Medical Sciences & Research"", ""tierType"": ""Tier 2""}"
420,Chandigarh,Chandigarh,15,MAHARISHI MARKANDESHWAR INSTITUTE OF MEDICAL SCIEN,NABH,Tier 2,Ambala,,"{""adcityName"": ""Chandigarh"", ""cityName"": ""Ambala "", ""hospAcc"": ""NABH"", ""hospName"": ""MAHARISHI MARKANDESHWAR INSTITUTE OF MEDICAL SCIEN"", ""tierType"": ""Tier 2""}"
421,Chandigarh,Chandigarh,15,Makkar Hospital,NABH,Tier 2,Jalandhar,,"{""adcityName"": ""Chandigarh"", ""cityName"": ""Jalandhar"", ""hospAcc"": ""NABH"", ""hospName"": ""Makkar Hospital"", ""tierType"": ""Tier 2""}"
422,Chandigarh,Chandigarh,15,Mann Mediciti Super speciality hospital,NABH,Tier 2,Jalandhar,,"{""adcityName"": ""Chandigarh"", ""cityName"": ""Jalandhar "", ""hospAcc"": ""NABH"", ""hospName"": ""Mann Mediciti Super speciality hospital"", ""tierType"": ""Tier 2""}"
423,Chandigarh,Chandigarh,15,Manocha Eye Hospital,NABH,Tier 2,Ambala,,"{""adcityName"": ""Chandigarh"", ""cityName"": ""Ambala "", ""hospAcc"": ""NABH"", ""hospName"": ""Manocha Eye Hospital"", ""tierType"": ""Tier 2""}"
424,Chandigarh,Chandigarh,15,Max Super Speciality Hospital Bathinda A unit of Hometrail Buildtech Private Limited,NABH,Tier 3,Bathinda,,"{""adcityName"": ""Chandigarh"", ""cityName"": ""Bathinda"", ""hospAcc"": ""NABH"", ""hospName"": ""Max Super Speciality Hospital Bathinda A unit of Hometrail Buildtech Private Limited"", ""tierType"": ""Tier 3""}"
425,Chandigarh,Chandigarh,15,Max Super Speciality Hospital Mohali A unit of Hometrail Buildtech Pvt. Ltd.,NABH,Tier 2,Mohali,,"{""adcityName"": ""Chandigarh"", ""cityName"": ""Mohali"", ""hospAcc"": ""NABH"", ""hospName"": ""Max Super Speciality Hospital  Mohali   A unit of  Hometrail Buildtech Pvt. Ltd."", ""tierType"": ""Tier 2""}"
426,Chandigarh,Chandigarh,15,MED CARD MULTISPECIALITY HOSPITAL (UNIT OF MOHINDE,NABH,Tier 2,Chandigarh,,"{""adcityName"": ""Chandigarh"", ""cityName"": ""Chandigarh"", ""hospAcc"": ""NABH"", ""hospName"": ""MED CARD MULTISPECIALITY HOSPITAL (UNIT OF MOHINDE"", ""tierType"": ""Tier 2""}"
427,Chandigarh,Chandigarh,15,MEDICAID HOSPITAL,QCI,Tier 2,Amritsar,,"{""adcityName"": ""Chandigarh"", ""cityName"": ""Amritsar"", ""hospAcc"": ""QCI"", ""hospName"": ""MEDICAID HOSPITAL"", ""tierType"": ""Tier 2""}"
428,Chandigarh,Chandigarh,15,MEDICOS CENTRE A UNIT OF G P MEDICOS CENTRE PVT LTD,Non NABL,Tier 2,Chandigarh,,"{""adcityName"": ""Chandigarh"", ""cityName"": ""Chandigarh"", ""hospAcc"": ""Non NABL"", ""hospName"": ""MEDICOS CENTRE A UNIT OF G P MEDICOS CENTRE PVT LTD"", ""tierType"": ""Tier 2""}"
429,Chandigarh,Chandigarh,15,MEDPARK HOSPITAL,NABH,Tier 2,Mohali,,"{""adcityName"": ""Chandigarh"", ""cityName"": ""Mohali"", ""hospAcc"": ""NABH"", ""hospName"": ""MEDPARK HOSPITAL"", ""tierType"": ""Tier 2""}"
430,Chandigarh,Chandigarh,15,MEHNDIRATTA HOSPITAL A UNIT OF ISHLLP,NABH,Tier 2,Ambala,,"{""adcityName"": ""Chandigarh"", ""cityName"": ""Ambala "", ""hospAcc"": ""NABH"", ""hospName"": ""MEHNDIRATTA HOSPITAL A UNIT OF ISHLLP"", ""tierType"": ""Tier 2""}"
431,Chandigarh,Chandigarh,15,Mela Mal Sood Rotary Eye Hospital,QCI,Tier 2,Chandigarh,,"{""adcityName"": ""Chandigarh"", ""cityName"": ""Chandigarh "", ""hospAcc"": ""QCI"", ""hospName"": ""Mela Mal Sood Rotary Eye Hospital"", ""tierType"": ""Tier 2""}"
432,Chandigarh,Chandigarh,15,MIRCHIAS DIAGNOSTIC,Non NABL,Tier 2,Chandigarh,,"{""adcityName"": ""Chandigarh"", ""cityName"": ""Chandigarh"", ""hospAcc"": ""Non NABL"", ""hospName"": ""MIRCHIAS DIAGNOSTIC"", ""tierType"": ""Tier 2""}"
433,Chandigarh,Chandigarh,15,MITTAL DENTAL CLINIC,NABH,Tier 2,Ambala,,"{""adcityName"": ""Chandigarh"", ""cityName"": ""Ambala "", ""hospAcc"": ""NABH"", ""hospName"": ""MITTAL DENTAL CLINIC"", ""tierType"": ""Tier 2""}"
434,Chandigarh,Chandigarh,15,MITTAL DENTAL CLINIC URBANE ESTATE AMBALA,NABH,Tier 2,Ambala,,"{""adcityName"": ""Chandigarh"", ""cityName"": ""Ambala "", ""hospAcc"": ""NABH"", ""hospName"": ""MITTAL DENTAL CLINIC URBANE ESTATE AMBALA"", ""tierType"": ""Tier 2""}"
435,Chandigarh,Chandigarh,15,MOKHA HOSPITAL AND KIDNEY CARE CENTRE,NABH,Tier 2,Amritsar,,"{""adcityName"": ""Chandigarh"", ""cityName"": ""Amritsar"", ""hospAcc"": ""NABH"", ""hospName"": ""MOKHA HOSPITAL AND KIDNEY CARE CENTRE"", ""tierType"": ""Tier 2""}"
436,Chandigarh,Chandigarh,15,Mukat Hospital & Heart Institute. a unit of City Clinic Pvt. Ltd.,NABH,Tier 2,Chandigarh,,"{""adcityName"": ""Chandigarh"", ""cityName"": ""Chandigarh"", ""hospAcc"": ""NABH"", ""hospName"": ""Mukat Hospital & Heart Institute. a unit of City Clinic Pvt. Ltd."", ""tierType"": ""Tier 2""}"
437,Chandigarh,Chandigarh,15,My Hospital Super Speciality Care Unit of Chandigarh Healthcare Pvt Ltd,NABH,Tier 2,Mohali,,"{""adcityName"": ""Chandigarh"", ""cityName"": ""Mohali"", ""hospAcc"": ""NABH"", ""hospName"": ""My Hospital Super Speciality Care Unit of Chandigarh Healthcare Pvt Ltd"", ""tierType"": ""Tier 2""}"
438,Chandigarh,Chandigarh,15,NARAD HOSPITAL,NABH,Tier 2,Chandigarh,,"{""adcityName"": ""Chandigarh"", ""cityName"": ""Chandigarh "", ""hospAcc"": ""NABH"", ""hospName"": ""NARAD HOSPITAL"", ""tierType"": ""Tier 2""}"
439,Chandigarh,Chandigarh,15,NAYYAR HEART INSTITUTE AND SUPER SPECIALITY HOSP,NABH,Tier 2,Amritsar,,"{""adcityName"": ""Chandigarh"", ""cityName"": ""Amritsar "", ""hospAcc"": ""NABH"", ""hospName"": ""NAYYAR HEART INSTITUTE AND SUPER SPECIALITY HOSP"", ""tierType"": ""Tier 2""}"
440,Chandigarh,Chandigarh,15,Neelam Hospital A unit of Neelam Healthcare Private Limited,NABH,Tier 3,Patiala,,"{""adcityName"": ""Chandigarh"", ""cityName"": ""Patiala"", ""hospAcc"": ""NABH"", ""hospName"": ""Neelam Hospital A unit of Neelam Healthcare Private Limited "", ""tierType"": ""Tier 3""}"
441,Chandigarh,Chandigarh,15,neelkanth hospital,NABH,Tier 2,Chandigarh,,"{""adcityName"": ""Chandigarh"", ""cityName"": ""Chandigarh "", ""hospAcc"": ""NABH"", ""hospName"": ""neelkanth hospital"", ""tierType"": ""Tier 2""}"
442,Chandigarh,Chandigarh,15,NETAR PARKASH EYE HOSPITAL,NA,Tier 2,Chandigarh,,"{""adcityName"": ""Chandigarh"", ""cityName"": ""Chandigarh "", ""hospAcc"": ""NA"", ""hospName"": ""NETAR PARKASH EYE HOSPITAL"", ""tierType"": ""Tier 2""}"
443,Chandigarh,Chandigarh,15,NETRA EYE HOSPITAL,NABH,Tier 2,Panchkula,,"{""adcityName"": ""Chandigarh"", ""cityName"": ""Panchkula"", ""hospAcc"": ""NABH"", ""hospName"": ""NETRA EYE HOSPITAL"", ""tierType"": ""Tier 2""}"
444,Chandigarh,Chandigarh,15,NEUROPSYCHIATRIC HOSPITAL AND ANR CENTRE FOR OPIAT,NABH,Tier 2,Jalandhar,,"{""adcityName"": ""Chandigarh"", ""cityName"": ""Jalandhar "", ""hospAcc"": ""NABH"", ""hospName"": ""NEUROPSYCHIATRIC HOSPITAL AND ANR CENTRE FOR OPIAT"", ""tierType"": ""Tier 2""}"
445,Chandigarh,Chandigarh,15,NEW ASIA DIAGNOSTICS,NABL,Tier 2,Amritsar,,"{""adcityName"": ""Chandigarh"", ""cityName"": ""Amritsar  "", ""hospAcc"": ""NABL"", ""hospName"": ""NEW ASIA DIAGNOSTICS"", ""tierType"": ""Tier 2""}"
446,Chandigarh,Chandigarh,15,NEW LIFE HOSPITAL A UNIT OF NLH HEALTHCARE PVT LTD,NABH,Tier 2,Amritsar,,"{""adcityName"": ""Chandigarh"", ""cityName"": ""Amritsar"", ""hospAcc"": ""NABH"", ""hospName"": ""NEW LIFE HOSPITAL A UNIT OF NLH HEALTHCARE PVT LTD"", ""tierType"": ""Tier 2""}"
447,Chandigarh,Chandigarh,15,NEW RUBY HOSPITAL PVT LTD,NABH,Tier 2,Jalandhar,,"{""adcityName"": ""Chandigarh"", ""cityName"": ""Jalandhar "", ""hospAcc"": ""NABH"", ""hospName"": ""NEW RUBY HOSPITAL PVT LTD"", ""tierType"": ""Tier 2""}"
448,Chandigarh,Chandigarh,15,NHS HOSPITAL A UNIT OF NASA BRAIN AND SPINE CENTRE,NABH,Tier 2,Jalandhar,,"{""adcityName"": ""Chandigarh"", ""cityName"": ""Jalandhar "", ""hospAcc"": ""NABH"", ""hospName"": ""NHS HOSPITAL A UNIT OF NASA BRAIN AND SPINE CENTRE"", ""tierType"": ""Tier 2""}"
449,Chandigarh,Chandigarh,15,NIMBUS EYE CENTRE,NABH,Tier 2,Chandigarh,,"{""adcityName"": ""Chandigarh"", ""cityName"": ""Chandigarh"", ""hospAcc"": ""NABH"", ""hospName"": ""NIMBUS EYE CENTRE"", ""tierType"": ""Tier 2""}"
450,Chandigarh,Chandigarh,15,NIRMAAN MEDICAL CENTER,NABH,Tier 2,Amritsar,,"{""adcityName"": ""Chandigarh"", ""cityName"": ""Amritsar"", ""hospAcc"": ""NABH"", ""hospName"": ""NIRMAAN MEDICAL CENTER "", ""tierType"": ""Tier 2""}"
451,Chandigarh,Chandigarh,15,Nirmaljot Eye Hospital,NABH,Tier 2,Amritsar,,"{""adcityName"": ""Chandigarh"", ""cityName"": ""Amritsar"", ""hospAcc"": ""NABH"", ""hospName"": ""Nirmaljot Eye Hospital"", ""tierType"": ""Tier 2""}"
452,Chandigarh,Chandigarh,15,NIRMAL SUPER SPECIALITY HOSPITAL,NA,Tier 2,Chandigarh,,"{""adcityName"": ""Chandigarh"", ""cityName"": ""Chandigarh "", ""hospAcc"": ""NA"", ""hospName"": ""NIRMAL SUPER SPECIALITY HOSPITAL"", ""tierType"": ""Tier 2""}"
453,Chandigarh,Chandigarh,15,NOVA MEDICITY HOSPITAL,NABH,Tier 2,Amritsar,,"{""adcityName"": ""Chandigarh"", ""cityName"": ""Amritsar"", ""hospAcc"": ""NABH"", ""hospName"": ""NOVA MEDICITY HOSPITAL"", ""tierType"": ""Tier 2""}"
454,Chandigarh,Chandigarh,15,Ohri Hospital - Amritsar,NABH,Tier 2,Amritsar,,"{""adcityName"": ""Chandigarh"", ""cityName"": ""Amritsar"", ""hospAcc"": ""NABH"", ""hospName"": ""Ohri Hospital - Amritsar"", ""tierType"": ""Tier 2""}"
455,Chandigarh,Chandigarh,15,OJAS MEDICAL SERVICES PRIVATE LIMITED,NABH,Tier 2,Panchkula,,"{""adcityName"": ""Chandigarh"", ""cityName"": ""Panchkula"", ""hospAcc"": ""NABH"", ""hospName"": ""OJAS MEDICAL SERVICES PRIVATE LIMITED"", ""tierType"": ""Tier 2""}"
456,Chandigarh,Chandigarh,15,Ojas Super Speciality Hospital,NABH,Tier 2,Panchkula,,"{""adcityName"": ""Chandigarh"", ""cityName"": ""Panchkula"", ""hospAcc"": ""NABH"", ""hospName"": ""Ojas Super Speciality Hospital"", ""tierType"": ""Tier 2""}"
457,Chandigarh,Chandigarh,15,ORTHONOVA JOINT & TRAUMA HOSPITAL PVT LTD,NABH,Tier 2,Jalandhar,,"{""adcityName"": ""Chandigarh"", ""cityName"": ""Jalandhar"", ""hospAcc"": ""NABH"", ""hospName"": ""ORTHONOVA JOINT & TRAUMA HOSPITAL PVT LTD"", ""tierType"": ""Tier 2""}"
458,Chandigarh,Chandigarh,15,oxford hospital pvt ltd,NABH,Tier 2,Jalandhar,,"{""adcityName"": ""Chandigarh"", ""cityName"": ""Jalandhar "", ""hospAcc"": ""NABH"", ""hospName"": ""oxford hospital pvt ltd"", ""tierType"": ""Tier 2""}"
459,Chandigarh,Chandigarh,15,PARAS HOSPITALS PANCHKULA,NABH,Tier 2,Panchkula,,"{""adcityName"": ""Chandigarh"", ""cityName"": ""Panchkula"", ""hospAcc"": ""NABH"", ""hospName"": ""PARAS HOSPITALS PANCHKULA"", ""tierType"": ""Tier 2""}"
460,Chandigarh,Chandigarh,15,PARKASH HOSPITAL,NABH,Tier 2,Amritsar,,"{""adcityName"": ""Chandigarh"", ""cityName"": ""Amritsar"", ""hospAcc"": ""NABH"", ""hospName"": ""PARKASH HOSPITAL"", ""tierType"": ""Tier 2""}"
461,Chandigarh,Chandigarh,15,Patel Hospital Jalandhar,NABH,Tier 2,Jalandhar,,"{""adcityName"": ""Chandigarh"", ""cityName"": ""Jalandhar "", ""hospAcc"": ""NABH"", ""hospName"": ""Patel Hospital Jalandhar"", ""tierType"": ""Tier 2""}"
462,Chandigarh,Chandigarh,15,P.C. SHARMA EYE HOSPITAL,NABH,Tier 2,Ambala,,"{""adcityName"": ""Chandigarh"", ""cityName"": ""Ambala "", ""hospAcc"": ""NABH"", ""hospName"": ""P.C. SHARMA EYE HOSPITAL"", ""tierType"": ""Tier 2""}"
463,Chandigarh,Chandigarh,15,Plus Medicare Hospitals Private Limited,NABH,Tier 2,Srinagar,,"{""adcityName"": ""Chandigarh"", ""cityName"": ""Srinagar"", ""hospAcc"": ""NABH"", ""hospName"": ""Plus Medicare Hospitals Private Limited"", ""tierType"": ""Tier 2""}"
464,Chandigarh,Chandigarh,15,PULSE HOSPITAL,NABH,Tier 2,Amritsar,,"{""adcityName"": ""Chandigarh"", ""cityName"": ""Amritsar"", ""hospAcc"": ""NABH"", ""hospName"": ""PULSE HOSPITAL"", ""tierType"": ""Tier 2""}"
465,Chandigarh,Chandigarh,15,RAFFELSHOSPITAL,NABH,Tier 2,PANHCKULA,,"{""adcityName"": ""Chandigarh"", ""cityName"": ""PANHCKULA"", ""hospAcc"": ""NABH"", ""hospName"": ""RAFFELSHOSPITAL"", ""tierType"": ""Tier 2""}"
466,Chandigarh,Chandigarh,15,RANDHAWA HOSPITAL,NABH,Tier 2,Amritsar,,"{""adcityName"": ""Chandigarh"", ""cityName"": ""Amritsar"", ""hospAcc"": ""NABH"", ""hospName"": ""RANDHAWA HOSPITAL"", ""tierType"": ""Tier 2""}"
467,Chandigarh,Chandigarh,15,RANDHAWA HOSPITAL,NABH,Tier 2,AMRITSAR,,"{""adcityName"": ""Chandigarh"", ""cityName"": ""AMRITSAR"", ""hospAcc"": ""NABH"", ""hospName"": ""RANDHAWA HOSPITAL"", ""tierType"": ""Tier 2""}"
468,Chandigarh,Chandigarh,15,Ranjit Hospital,NABH,Tier 2,Amritsar,,"{""adcityName"": ""Chandigarh"", ""cityName"": ""Amritsar"", ""hospAcc"": ""NABH"", ""hospName"": ""Ranjit Hospital"", ""tierType"": ""Tier 2""}"
469,Chandigarh,Chandigarh,15,RANJIT HOSPITAL,NABH,Tier 2,Amritsar,,"{""adcityName"": ""Chandigarh"", ""cityName"": ""Amritsar "", ""hospAcc"": ""NABH"", ""hospName"": ""RANJIT HOSPITAL"", ""tierType"": ""Tier 2""}"
470,Chandigarh,Chandigarh,15,RANJIT HOSPITAL,NABH,Tier 2,Jalandhar,,"{""adcityName"": ""Chandigarh"", ""cityName"": ""Jalandhar"", ""hospAcc"": ""NABH"", ""hospName"": ""RANJIT HOSPITAL"", ""tierType"": ""Tier 2""}"
471,Chandigarh,Chandigarh,15,Rotary Ambala Cancer & General Hospital,NABH,Tier 2,Ambala,,"{""adcityName"": ""Chandigarh"", ""cityName"": ""Ambala "", ""hospAcc"": ""NABH"", ""hospName"": ""Rotary Ambala Cancer & General Hospital"", ""tierType"": ""Tier 2""}"
472,Chandigarh,Chandigarh,15,Sachdeva netralaya,NABH,Tier 2,Chandigarh,,"{""adcityName"": ""Chandigarh"", ""cityName"": ""Chandigarh "", ""hospAcc"": ""NABH"", ""hospName"": ""Sachdeva netralaya"", ""tierType"": ""Tier 2""}"
473,Chandigarh,Chandigarh,15,Sacred Heart Hospital,NABH,Tier 2,JaLANDHAR,,"{""adcityName"": ""Chandigarh"", ""cityName"": ""JaLANDHAR"", ""hospAcc"": ""NABH"", ""hospName"": ""Sacred Heart Hospital"", ""tierType"": ""Tier 2""}"
474,Chandigarh,Chandigarh,15,SANJEEVAN HOSPITAL,NABH,Tier 2,Amritsar,,"{""adcityName"": ""Chandigarh"", ""cityName"": ""Amritsar"", ""hospAcc"": ""NABH"", ""hospName"": ""SANJEEVAN HOSPITAL"", ""tierType"": ""Tier 2""}"
475,Chandigarh,Chandigarh,15,SANTOKH HOSPITAL,NABH,Tier 2,Chandigarh,,"{""adcityName"": ""Chandigarh"", ""cityName"": ""Chandigarh"", ""hospAcc"": ""NABH"", ""hospName"": ""SANTOKH HOSPITAL"", ""tierType"": ""Tier 2""}"
476,Chandigarh,Chandigarh,15,SARVODYA HOSPITAL,NABH,Tier 2,Jalandhar,,"{""adcityName"": ""Chandigarh"", ""cityName"": ""Jalandhar"", ""hospAcc"": ""NABH"", ""hospName"": ""SARVODYA HOSPITAL"", ""tierType"": ""Tier 2""}"
477,Chandigarh,Chandigarh,15,SATKARMAN HOSPITAL,NABH,Tier 2,Amritsar,,"{""adcityName"": ""Chandigarh"", ""cityName"": ""Amritsar"", ""hospAcc"": ""NABH"", ""hospName"": ""SATKARMAN HOSPITAL"", ""tierType"": ""Tier 2""}"
478,Chandigarh,Chandigarh,15,Satyam Hospital & Trauma Centre,NABH,Tier 2,Chandigarh,,"{""adcityName"": ""Chandigarh"", ""cityName"": ""Chandigarh "", ""hospAcc"": ""NABH"", ""hospName"": ""Satyam Hospital & Trauma Centre"", ""tierType"": ""Tier 2""}"
479,Chandigarh,Chandigarh,15,SAVERA HOSPITAL A UNIT OF SANTNETRALAYA PRIVATE LIMITED,NA,Tier 2,Chandigarh,,"{""adcityName"": ""Chandigarh"", ""cityName"": ""Chandigarh "", ""hospAcc"": ""NA"", ""hospName"": ""SAVERA HOSPITAL A UNIT OF SANTNETRALAYA PRIVATE LIMITED"", ""tierType"": ""Tier 2""}"
480,Chandigarh,Chandigarh,15,SHAKUNTALA DEVI VIG HOSPITAL.JALANDHAR,NABH,Tier 2,Jalandhar,,"{""adcityName"": ""Chandigarh"", ""cityName"": ""Jalandhar "", ""hospAcc"": ""NABH"", ""hospName"": ""SHAKUNTALA DEVI VIG HOSPITAL.JALANDHAR"", ""tierType"": ""Tier 2""}"
481,Chandigarh,Chandigarh,15,Shalby limited,NABH,Tier 2,Mohali,,"{""adcityName"": ""Chandigarh"", ""cityName"": ""Mohali"", ""hospAcc"": ""NABH"", ""hospName"": ""Shalby limited"", ""tierType"": ""Tier 2""}"
482,Chandigarh,Chandigarh,15,SHARANJIT HOSPITAL,NABH,Tier 2,Jalandhar,,"{""adcityName"": ""Chandigarh"", ""cityName"": ""Jalandhar "", ""hospAcc"": ""NABH"", ""hospName"": "" SHARANJIT HOSPITAL "", ""tierType"": ""Tier 2""}"
483,Chandigarh,Chandigarh,15,Sharp Sight Eye Hospitals,QCI,Tier 2,Srinagar,,"{""adcityName"": ""Chandigarh"", ""cityName"": ""Srinagar"", ""hospAcc"": ""QCI"", ""hospName"": ""Sharp Sight Eye Hospitals "", ""tierType"": ""Tier 2""}"
484,Chandigarh,Chandigarh,15,Sharp Sight Eye Hospitals,QCI,Tier 2,Jammu,,"{""adcityName"": ""Chandigarh"", ""cityName"": ""Jammu"", ""hospAcc"": ""QCI"", ""hospName"": ""Sharp Sight Eye Hospitals "", ""tierType"": ""Tier 2""}"
485,Chandigarh,Chandigarh,15,Sharp Sight Eye Hospitals,QCI,Tier 2,Srinagar,,"{""adcityName"": ""Chandigarh"", ""cityName"": ""Srinagar"", ""hospAcc"": ""QCI"", ""hospName"": ""Sharp Sight Eye Hospitals "", ""tierType"": ""Tier 2""}"
486,Chandigarh,Chandigarh,15,SHOOR HOSPITAL,NABH,Tier 2,Amritsar,,"{""adcityName"": ""Chandigarh"", ""cityName"": ""Amritsar "", ""hospAcc"": ""NABH"", ""hospName"": ""SHOOR HOSPITAL"", ""tierType"": ""Tier 2""}"
487,Chandigarh,Chandigarh,15,SHREE HARI HOSPITAL,NABH,Tier 2,Chandigarh,,"{""adcityName"": ""Chandigarh"", ""cityName"": ""Chandigarh "", ""hospAcc"": ""NABH"", ""hospName"": ""SHREE HARI HOSPITAL"", ""tierType"": ""Tier 2""}"
488,Chandigarh,Chandigarh,15,Shri Dhanwantry Ayurvedic College & Hospital,NABH,Tier 2,Chandigarh,,"{""adcityName"": ""Chandigarh"", ""cityName"": ""Chandigarh"", ""hospAcc"": ""NABH"", ""hospName"": ""Shri Dhanwantry Ayurvedic College & Hospital"", ""tierType"": ""Tier 2""}"
489,Chandigarh,Chandigarh,15,SHRI GEETA RAJEEV LOCHAN MULTI SPECIALITY HOSPITAL,NA,Tier 2,Chandigarh,,"{""adcityName"": ""Chandigarh"", ""cityName"": ""Chandigarh "", ""hospAcc"": ""NA"", ""hospName"": ""SHRI GEETA RAJEEV LOCHAN MULTI SPECIALITY HOSPITAL"", ""tierType"": ""Tier 2""}"
490,Chandigarh,Chandigarh,15,SHRIMANN SUPERSPECIALITY HOSPITAL,NABH,Tier 2,Jalandhar,,"{""adcityName"": ""Chandigarh"", ""cityName"": ""Jalandhar "", ""hospAcc"": ""NABH"", ""hospName"": ""SHRIMANN SUPERSPECIALITY HOSPITAL"", ""tierType"": ""Tier 2""}"
491,Chandigarh,Chandigarh,15,SHRI MATA VAISHNO DEVI NARAYANA HOSPITAL,NABH,Tier 2,Jammu,,"{""adcityName"": ""Chandigarh"", ""cityName"": ""Jammu"", ""hospAcc"": ""NABH"", ""hospName"": ""SHRI MATA VAISHNO DEVI NARAYANA HOSPITAL"", ""tierType"": ""Tier 2""}"
492,Chandigarh,Chandigarh,15,SIDDHI HOSPITAL & MATERNITY CENTRE,NABH,Tier 2,Amritar,,"{""adcityName"": ""Chandigarh"", ""cityName"": ""Amritar "", ""hospAcc"": ""NABH"", ""hospName"": ""SIDDHI HOSPITAL & MATERNITY CENTRE "", ""tierType"": ""Tier 2""}"
493,Chandigarh,Chandigarh,15,SINGHAL INSTITUTE OF MEDICAL & SURGICAL SUPERSPECIALITIES,NABH,Tier 2,Chandigarh,,"{""adcityName"": ""Chandigarh"", ""cityName"": ""Chandigarh "", ""hospAcc"": ""NABH"", ""hospName"": ""SINGHAL INSTITUTE OF MEDICAL & SURGICAL SUPERSPECIALITIES"", ""tierType"": ""Tier 2""}"
494,Chandigarh,Chandigarh,15,Smt Paarvati Devi Hospital,NABH,Tier 2,Amritsar,,"{""adcityName"": ""Chandigarh"", ""cityName"": ""Amritsar"", ""hospAcc"": ""NABH"", ""hospName"": ""Smt Paarvati Devi Hospital"", ""tierType"": ""Tier 2""}"
495,Chandigarh,Chandigarh,15,SMT PAARVATI DEVI HOSPITAL,NABH,Tier 2,Amritsar,,"{""adcityName"": ""Chandigarh"", ""cityName"": ""Amritsar"", ""hospAcc"": ""NABH"", ""hospName"": ""SMT PAARVATI DEVI HOSPITAL"", ""tierType"": ""Tier 2""}"
496,Chandigarh,Chandigarh,15,Sohana Hospital ( A multi super specialty Hospital)A unit of Sri Guru Harkrishan Sahib (C) Eye Hospital Trust,NABH,Tier 2,Mohali,,"{""adcityName"": ""Chandigarh"", ""cityName"": ""Mohali"", ""hospAcc"": ""NABH"", ""hospName"": ""Sohana Hospital ( A multi super specialty Hospital)A unit of Sri Guru Harkrishan Sahib (C) Eye Hospital Trust"", ""tierType"": ""Tier 2""}"
497,Chandigarh,Chandigarh,15,SPIRAL CT AND MRI CENTRE A UNIT OF K K MEDICARE PVT LTD,NABH,Tier 2,Chandigarh,,"{""adcityName"": ""Chandigarh"", ""cityName"": ""Chandigarh"", ""hospAcc"": ""NABH"", ""hospName"": ""SPIRAL CT AND MRI CENTRE A UNIT OF K K MEDICARE PVT LTD"", ""tierType"": ""Tier 2""}"
498,Chandigarh,Chandigarh,15,Sri Guru Harkrishan Sahib (C) Eye Hospital Trust- Sohana (Dental Department),NABH,Tier 2,Mohali,,"{""adcityName"": ""Chandigarh"", ""cityName"": ""Mohali"", ""hospAcc"": ""NABH"", ""hospName"": ""Sri Guru Harkrishan Sahib (C) Eye Hospital Trust- Sohana (Dental Department)"", ""tierType"": ""Tier 2""}"
499,Chandigarh,Chandigarh,15,SRI GURU RAM DAS CHARITABLE HOSPITAL,NABH,Tier 2,Chandigarh,,"{""adcityName"": ""Chandigarh"", ""cityName"": ""Chandigarh "", ""hospAcc"": ""NABH"", ""hospName"": ""SRI GURU RAM DAS CHARITABLE HOSPITAL"", ""tierType"": ""Tier 2""}"
500,Chandigarh,Chandigarh,15,SRI GURU RAM DAS INSTITUTE OF MEDICAL SCIENCES & RESEARCH,NABH,Tier 2,Amrisat,,"{""adcityName"": ""Chandigarh"", ""cityName"": ""Amrisat"", ""hospAcc"": ""NABH "", ""hospName"": ""SRI GURU RAM DAS INSTITUTE OF MEDICAL SCIENCES & RESEARCH"", ""tierType"": ""Tier 2""}"
501,Chandigarh,Chandigarh,15,SRI ONKAR EYE & ENT CARE CENTRE,NABH,Tier 2,Ambala,,"{""adcityName"": ""Chandigarh"", ""cityName"": ""Ambala "", ""hospAcc"": ""NABH"", ""hospName"": ""SRI ONKAR EYE & ENT CARE CENTRE"", ""tierType"": ""Tier 2""}"
502,Chandigarh,Chandigarh,15,Star Superspeciality,NA,Tier 2,Chandigarh,,"{""adcityName"": ""Chandigarh"", ""cityName"": ""Chandigarh "", ""hospAcc"": ""NA"", ""hospName"": ""Star Superspeciality"", ""tierType"": ""Tier 2""}"
503,Chandigarh,Chandigarh,15,SUPERB MRI & CT SCAN CENTRE,NABL,Tier 2,Chandigarh,,"{""adcityName"": ""Chandigarh"", ""cityName"": ""Chandigarh"", ""hospAcc"": ""NABL"", ""hospName"": ""SUPERB MRI & CT SCAN CENTRE"", ""tierType"": ""Tier 2""}"
504,Chandigarh,Chandigarh,15,Surinder Hospital,NABH,Tier 2,Amritsar,,"{""adcityName"": ""Chandigarh"", ""cityName"": ""Amritsar "", ""hospAcc"": ""NABH"", ""hospName"": ""Surinder Hospital"", ""tierType"": ""Tier 2""}"
505,Chandigarh,Chandigarh,15,SURJIT HOSPITAL,NABH,Tier 2,Amritsar,,"{""adcityName"": ""Chandigarh"", ""cityName"": ""Amritsar"", ""hospAcc"": ""NABH"", ""hospName"": ""SURJIT HOSPITAL"", ""tierType"": ""Tier 2""}"
506,Chandigarh,Chandigarh,15,TAGORE HOSPITAL & HEART CARE CENTRE PVT. LTD.,NABH,Tier 2,Jalandhar,,"{""adcityName"": ""Chandigarh"", ""cityName"": ""Jalandhar "", ""hospAcc"": ""NABH"", ""hospName"": ""TAGORE HOSPITAL & HEART CARE CENTRE PVT. LTD. "", ""tierType"": ""Tier 2""}"
507,Chandigarh,Chandigarh,15,THAPAR EYE HOSPITAL,NA,Tier 2,Chandigarh,,"{""adcityName"": ""Chandigarh"", ""cityName"": ""Chandigarh "", ""hospAcc"": ""NA"", ""hospName"": ""THAPAR EYE HOSPITAL"", ""tierType"": ""Tier 2""}"
508,Chandigarh,Chandigarh,15,The Corporate Hospital,NABH,Tier 2,Amritsar,,"{""adcityName"": ""Chandigarh"", ""cityName"": ""Amritsar"", ""hospAcc"": ""NABH"", ""hospName"": ""The Corporate Hospital"", ""tierType"": ""Tier 2""}"
509,Chandigarh,Chandigarh,15,THIND EYE HOSPITAL,NABH,Tier 2,Jalandhar,,"{""adcityName"": ""Chandigarh"", ""cityName"": ""Jalandhar "", ""hospAcc"": ""NABH"", ""hospName"": ""THIND EYE HOSPITAL"", ""tierType"": ""Tier 2""}"
510,Chandigarh,Chandigarh,15,Trinity Hospital and Medical Research Institute,NABH,Tier 2,Chandigarh,,"{""adcityName"": ""Chandigarh"", ""cityName"": ""Chandigarh "", ""hospAcc"": ""NABH"", ""hospName"": ""Trinity Hospital and Medical Research Institute"", ""tierType"": ""Tier 2""}"
511,Chandigarh,Chandigarh,15,TULI DIAGNOSTIC CENTRE,NABL,Tier 2,Amritsar,,"{""adcityName"": ""Chandigarh"", ""cityName"": ""Amritsar"", ""hospAcc"": ""NABL"", ""hospName"": ""TULI DIAGNOSTIC CENTRE"", ""tierType"": ""Tier 2""}"
512,Chandigarh,Chandigarh,15,Ujala Cygnus JK Medicity,NABH,Tier 2,Jammu,,"{""adcityName"": ""Chandigarh"", ""cityName"": ""Jammu"", ""hospAcc"": ""NABH"", ""hospName"": ""Ujala Cygnus JK Medicity"", ""tierType"": ""Tier 2""}"
513,Chandigarh,Chandigarh,15,ujala cygnus super speciality hospital,NABH,Tier 2,Srinagar,,"{""adcityName"": ""Chandigarh"", ""cityName"": ""Srinagar"", ""hospAcc"": ""NABH"", ""hospName"": ""ujala cygnus super speciality hospital "", ""tierType"": ""Tier 2""}"
514,Chandigarh,Chandigarh,15,UPPAL NEURO HOSPITAL,NABH,Tier 2,Amritsar,,"{""adcityName"": ""Chandigarh"", ""cityName"": ""Amritsar"", ""hospAcc"": ""NABH"", ""hospName"": ""UPPAL NEURO HOSPITAL"", ""tierType"": ""Tier 2""}"
515,Chandigarh,Chandigarh,15,VERMA HOSPITAL,NABH,Tier 2,Amritsar,,"{""adcityName"": ""Chandigarh"", ""cityName"": ""Amritsar "", ""hospAcc"": ""NABH"", ""hospName"": ""VERMA HOSPITAL"", ""tierType"": ""Tier 2""}"
516,Chandigarh,Chandigarh,15,VISION PLUS EYE HOSPITAL,NA,Tier 2,Amritsar,,"{""adcityName"": ""Chandigarh"", ""cityName"": ""Amritsar "", ""hospAcc"": ""NA"", ""hospName"": ""VISION PLUS EYE HOSPITAL "", ""tierType"": ""Tier 2""}"
517,Chandigarh,Chandigarh,15,vohra eye hospital,NABH,Tier 2,Ambala,,"{""adcityName"": ""Chandigarh"", ""cityName"": ""Ambala "", ""hospAcc"": ""NABH"", ""hospName"": ""vohra eye hospital"", ""tierType"": ""Tier 2""}"
518,Chandigarh,Chandigarh,15,VRINDAVAN AYURVEDA CHIKITSALAYAM,NABH,Tier 2,Chandigarh,,"{""adcityName"": ""Chandigarh"", ""cityName"": ""Chandigarh "", ""hospAcc"": ""NABH"", ""hospName"": ""VRINDAVAN AYURVEDA CHIKITSALAYAM"", ""tierType"": ""Tier 2""}"
519,Chandigarh,Chandigarh,15,WE CARE PATH LAB,NABL,Tier 2,Chandigarh,,"{""adcityName"": ""Chandigarh"", ""cityName"": ""Chandigarh"", ""hospAcc"": ""NABL"", ""hospName"": ""WE CARE PATH LAB"", ""tierType"": ""Tier 2""}"
520,Chennai,Chennai,16,AARTHI SCANS PVT LTD,NABH TILL 2027,Tier 1,Chennai,,"{""adcityName"": ""Chennai"", ""cityName"": ""Chennai"", ""hospAcc"": ""NABH TILL 2027"", ""hospName"": ""AARTHI SCANS PVT LTD"", ""tierType"": ""Tier 1 ""}"
521,Chennai,Chennai,16,AMBUJA DENTAL CLINIC AND IMPLANT CENTRE,NABH TILL 2028,Tier 1,Chennai,,"{""adcityName"": ""Chennai"", ""cityName"": ""Chennai"", ""hospAcc"": ""NABH TILL 2028"", ""hospName"": ""AMBUJA DENTAL CLINIC AND IMPLANT CENTRE"", ""tierType"": ""Tier 1 ""}"
522,Chennai,Chennai,16,Anderson Diagnostic Services private Limited,NABH TILL 2026,Tier 1,Chennai,,"{""adcityName"": ""Chennai"", ""cityName"": ""Chennai"", ""hospAcc"": ""NABH TILL 2026"", ""hospName"": ""Anderson Diagnostic Services private Limited"", ""tierType"": ""Tier 1 ""}"
523,Chennai,Chennai,16,"Anderson Diagnostic Services Pvt Ld,Coimbatore,DC.",,Tier 1,Chennai,,"{""adcityName"": ""Chennai"", ""cityName"": ""Chennai"", ""hospAcc"": """", ""hospName"": ""Anderson Diagnostic Services Pvt Ld,Coimbatore,DC."", ""tierType"": ""Tier 1 ""}"
524,Chennai,Chennai,16,"Anderson Diagnostic Services Pvt Ltd,Salem,DC.",,Tier 1,Chennai,,"{""adcityName"": ""Chennai"", ""cityName"": ""Chennai"", ""hospAcc"": """", ""hospName"": ""Anderson Diagnostic Services Pvt Ltd,Salem,DC."", ""tierType"": ""Tier 1 ""}"
525,Chennai,Chennai,16,Aravind Eye Hospital,,Tier 2,Pondicherry,,"{""adcityName"": ""Chennai"", ""cityName"": ""Pondicherry"", ""hospAcc"": """", ""hospName"": ""Aravind Eye Hospital"", ""tierType"": ""Tier 2 ""}"
526,Chennai,Chennai,16,ARAVIND EYE HOSPITAL - PONDICHERRY,,Tier 2,Pondicherry,,"{""adcityName"": ""Chennai"", ""cityName"": ""Pondicherry"", ""hospAcc"": """", ""hospName"": ""ARAVIND EYE HOSPITAL - PONDICHERRY"", ""tierType"": ""Tier 2 ""}"
527,Chennai,Chennai,16,ASWIN POLYCLINIC P LTD,QCI,Tier 1,Chennai,,"{""adcityName"": ""Chennai"", ""cityName"": ""Chennai"", ""hospAcc"": ""QCI"", ""hospName"": ""ASWIN POLYCLINIC P LTD "", ""tierType"": ""Tier 1 ""}"
528,Chennai,Chennai,16,Billroth Hospital,NABH TILL 2029,Tier 1,Chennai,,"{""adcityName"": ""Chennai"", ""cityName"": ""Chennai"", ""hospAcc"": ""NABH TILL 2029"", ""hospName"": ""Billroth Hospital "", ""tierType"": ""Tier 1 ""}"
529,Chennai,Chennai,16,CSI Kalyani General Hospital,QCI EXPIRED,Tier 1,Chennai,,"{""adcityName"": ""Chennai"", ""cityName"": ""Chennai"", ""hospAcc"": ""QCI EXPIRED"", ""hospName"": ""CSI Kalyani General Hospital"", ""tierType"": ""Tier 1 ""}"
530,Chennai,Chennai,16,CSI RAINY MULTI SPECIALITY HOSPITAL,QCI EXPIRED,Tier 1,Chennai,,"{""adcityName"": ""Chennai"", ""cityName"": ""Chennai"", ""hospAcc"": ""QCI EXPIRED"", ""hospName"": ""CSI RAINY MULTI SPECIALITY HOSPITAL"", ""tierType"": ""Tier 1 ""}"
531,Chennai,Chennai,16,DHANWANTHRALAYA AYURVEDA SPECIALITY HOSPITAL,NABH,Tier 1,Chennai,,"{""adcityName"": ""Chennai"", ""cityName"": ""Chennai"", ""hospAcc"": ""NABH"", ""hospName"": ""DHANWANTHRALAYA AYURVEDA SPECIALITY HOSPITAL"", ""tierType"": ""Tier 1 ""}"
532,Chennai,Chennai,16,Dr Agarwals eye hospital Anna Nagar,NABH EXPIRED,Tier 1,Chennai,,"{""adcityName"": ""Chennai"", ""cityName"": ""Chennai"", ""hospAcc"": ""NABH EXPIRED"", ""hospName"": ""Dr Agarwals eye hospital Anna Nagar"", ""tierType"": ""Tier 1 ""}"
533,Chennai,Chennai,16,Dr Agarwals Eye Hospital Limited Perambur,QCI EXPIRED,Tier 1,Chennai,,"{""adcityName"": ""Chennai"", ""cityName"": ""Chennai"", ""hospAcc"": ""QCI EXPIRED"", ""hospName"": ""Dr Agarwals Eye Hospital Limited Perambur"", ""tierType"": ""Tier 1 ""}"
534,Chennai,Chennai,16,DR AGARWALS EYE HOSPITAL LTD Porur,NABH TILL 2027,Tier 1,Chennai,,"{""adcityName"": ""Chennai"", ""cityName"": ""Chennai"", ""hospAcc"": ""NABH TILL 2027"", ""hospName"": ""DR AGARWALS EYE HOSPITAL LTD Porur"", ""tierType"": ""Tier 1 ""}"
535,Chennai,Chennai,16,Dr Agarwals eye hospital Pondicherry,QCI EXPIRED,Tier 2,Pondicherry,,"{""adcityName"": ""Chennai"", ""cityName"": ""Pondicherry"", ""hospAcc"": ""QCI EXPIRED"", ""hospName"": ""Dr Agarwals eye hospital Pondicherry"", ""tierType"": ""Tier 2 ""}"
536,Chennai,Chennai,16,DR AGARWALS EYE HOSPITAL TTK ROAD ALWARPET,NABH EXPIRED,Tier 1,Chennai,,"{""adcityName"": ""Chennai"", ""cityName"": ""Chennai"", ""hospAcc"": ""NABH EXPIRED"", ""hospName"": ""DR AGARWALS EYE HOSPITAL  TTK ROAD  ALWARPET"", ""tierType"": ""Tier 1 ""}"
537,Chennai,Chennai,16,Dr.Agarwals Health Care Limited Ambattur,NABH TILL 2026,Tier 1,Chennai,,"{""adcityName"": ""Chennai"", ""cityName"": ""Chennai"", ""hospAcc"": ""NABH TILL 2026"", ""hospName"": ""Dr.Agarwals Health Care Limited Ambattur"", ""tierType"": ""Tier 1 ""}"
538,Chennai,Chennai,16,Dr.Agarwals Health Care Limited Coimbatore,NABH EXPIRED,Tier 1,Chennai,,"{""adcityName"": ""Chennai"", ""cityName"": ""Chennai"", ""hospAcc"": ""NABH EXPIRED"", ""hospName"": ""Dr.Agarwals Health Care Limited Coimbatore"", ""tierType"": ""Tier 1 ""}"
539,Chennai,Chennai,16,DrAgarwals Health Care Ltd,,Tier 1,Chennai,,"{""adcityName"": ""Chennai"", ""cityName"": ""Chennai"", ""hospAcc"": """", ""hospName"": ""DrAgarwals Health Care Ltd"", ""tierType"": ""Tier 1 ""}"
540,Chennai,Chennai,16,DR AGARWALS HEALTH CARE LTD Tambaram,QCI EXPIRED,Tier 1,Chennai,,"{""adcityName"": ""Chennai"", ""cityName"": ""Chennai"", ""hospAcc"": ""QCI EXPIRED"", ""hospName"": ""DR AGARWALS HEALTH CARE LTD Tambaram"", ""tierType"": ""Tier 1 ""}"
541,Chennai,Chennai,16,DrAgarwals Health Care Ltd Tirunelveli,QCI EXPIRED,Tier 1,Chennai,,"{""adcityName"": ""Chennai"", ""cityName"": ""Chennai"", ""hospAcc"": ""QCI EXPIRED"", ""hospName"": ""DrAgarwals Health Care Ltd Tirunelveli"", ""tierType"": ""Tier 1 ""}"
542,Chennai,Chennai,16,DRAGARWALS HEALTH CARE LTD Trichy,QCI EXPIRED,Tier 1,Chennai,,"{""adcityName"": ""Chennai"", ""cityName"": ""Chennai"", ""hospAcc"": ""QCI EXPIRED"", ""hospName"": ""DRAGARWALS HEALTH CARE LTD Trichy"", ""tierType"": ""Tier 1 ""}"
543,Chennai,Chennai,16,DR ANU'S DENTAL CARE,,Tier 1,Chennai,,"{""adcityName"": ""Chennai"", ""cityName"": ""Chennai"", ""hospAcc"": """", ""hospName"": ""DR ANU'S DENTAL CARE"", ""tierType"": ""Tier 1 ""}"
544,Chennai,Chennai,16,Dr Arvind Vision Care Thanjavur TN,,Tier 1,Chennai,,"{""adcityName"": ""Chennai"", ""cityName"": ""Chennai"", ""hospAcc"": """", ""hospName"": ""Dr Arvind Vision Care  Thanjavur TN"", ""tierType"": ""Tier 1 ""}"
545,Chennai,Chennai,16,DRFUTELA DENTAL CENTRE,,Tier 1,Chennai,,"{""adcityName"": ""Chennai"", ""cityName"": ""Chennai"", ""hospAcc"": """", ""hospName"": ""DRFUTELA DENTAL CENTRE"", ""tierType"": ""Tier 1 ""}"
546,Chennai,Chennai,16,DR GUPTAS DENTAL SPECIALITIES CENTRE,NABH TILL 2028,Tier 1,Chennai,,"{""adcityName"": ""Chennai"", ""cityName"": ""Chennai"", ""hospAcc"": ""NABH TILL 2028"", ""hospName"": ""DR GUPTAS DENTAL SPECIALITIES CENTRE"", ""tierType"": ""Tier 1 ""}"
547,Chennai,Chennai,16,DR KAMAKSHI MEMORIAL HOSPITAL PVT LTD,NABH TILL 2027,Tier 1,Chennai,,"{""adcityName"": ""Chennai"", ""cityName"": ""Chennai"", ""hospAcc"": ""NABH TILL 2027"", ""hospName"": ""DR KAMAKSHI MEMORIAL HOSPITAL PVT LTD"", ""tierType"": ""Tier 1 ""}"
548,Chennai,Chennai,16,DR.K.K.SURGICAL AND PAEDIATRIC CENTRE PRIVATE LIMITED,NABH,Tier 1,Chennai,,"{""adcityName"": ""Chennai"", ""cityName"": ""Chennai"", ""hospAcc"": ""NABH"", ""hospName"": ""DR.K.K.SURGICAL AND PAEDIATRIC CENTRE PRIVATE LIMITED"", ""tierType"": ""Tier 1 ""}"
549,Chennai,Chennai,16,DR.RAI MEMORAIL MEDICAL CENTRE,QCI EXPIRED,Tier 1,Chennai,,"{""adcityName"": ""Chennai"", ""cityName"": ""Chennai"", ""hospAcc"": ""QCI EXPIRED"", ""hospName"": ""DR.RAI MEMORAIL MEDICAL CENTRE"", ""tierType"": ""Tier 1 ""}"
550,Chennai,Chennai,16,DRR EYE CARE AND OCULOPLASTY HOSPITAL,NABH TILL 2026,Tier 1,Chennai,,"{""adcityName"": ""Chennai"", ""cityName"": ""Chennai"", ""hospAcc"": ""NABH TILL 2026"", ""hospName"": ""DRR EYE CARE AND OCULOPLASTY HOSPITAL"", ""tierType"": ""Tier 1 ""}"
551,Chennai,Chennai,16,DR RIMO MULTISPECIALITY DENTAL CLINIC,NABH EXPIRED,Tier 1,Chennai,,"{""adcityName"": ""Chennai"", ""cityName"": ""Chennai"", ""hospAcc"": ""NABH EXPIRED"", ""hospName"": ""DR RIMO MULTISPECIALITY DENTAL CLINIC"", ""tierType"": ""Tier 1 ""}"
552,Chennai,Chennai,16,Frontier Lifeline Hospital,NABH TILL 2026,Tier 1,Chennai,,"{""adcityName"": ""Chennai"", ""cityName"": ""Chennai"", ""hospAcc"": ""NABH TILL 2026"", ""hospName"": ""Frontier Lifeline Hospital"", ""tierType"": ""Tier 1 ""}"
553,Chennai,Chennai,16,HEALIA DIAGNOSTICS PRAVITE LIMITED,NABH TILL 2028,Tier 1,Chennai,,"{""adcityName"": ""Chennai"", ""cityName"": ""Chennai"", ""hospAcc"": ""NABH TILL 2028"", ""hospName"": ""HEALIA DIAGNOSTICS PRAVITE LIMITED"", ""tierType"": ""Tier 1 ""}"
554,Chennai,Chennai,16,hindu mission hospital,NABH TILL 2026,Tier 1,Chennai,,"{""adcityName"": ""Chennai"", ""cityName"": ""Chennai"", ""hospAcc"": ""NABH TILL 2026"", ""hospName"": ""hindu mission hospital"", ""tierType"": ""Tier 1 ""}"
555,Chennai,Chennai,16,JAYS DENTAL CARE,NABH TILL 2027,Tier 1,Chennai,,"{""adcityName"": ""Chennai"", ""cityName"": ""Chennai"", ""hospAcc"": ""NABH TILL 2027"", ""hospName"": ""JAYS DENTAL CARE"", ""tierType"": ""Tier 1 ""}"
556,Chennai,Chennai,16,JOTHI EYE CARE CENTRE,QCI EXPIRED,Tier 2,Pondicherry,,"{""adcityName"": ""Chennai"", ""cityName"": ""Pondicherry"", ""hospAcc"": ""QCI EXPIRED"", ""hospName"": ""JOTHI EYE CARE CENTRE"", ""tierType"": ""Tier 2 ""}"
557,Chennai,Chennai,16,KAUVERY HCG CANCER CENTRE - CHENNAI,QCI EXPIRED,Tier 1,Chennai,,"{""adcityName"": ""Chennai"", ""cityName"": ""Chennai"", ""hospAcc"": ""QCI EXPIRED"", ""hospName"": ""KAUVERY HCG CANCER CENTRE - CHENNAI"", ""tierType"": ""Tier 1 ""}"
558,Chennai,Chennai,16,KG Hospital,NABH TILL 2026,Tier 1,Chennai,,"{""adcityName"": ""Chennai"", ""cityName"": ""Chennai"", ""hospAcc"": ""NABH TILL 2026"", ""hospName"": ""KG Hospital"", ""tierType"": ""Tier 1 ""}"
559,Chennai,Chennai,16,KKR ENT HOSPITAL AND RESEACRH INSTITUTE CHENNAI,NABH TILL 2028,Tier 1,Chennai,,"{""adcityName"": ""Chennai"", ""cityName"": ""Chennai"", ""hospAcc"": ""NABH TILL 2028"", ""hospName"": ""KKR ENT HOSPITAL AND RESEACRH INSTITUTE  CHENNAI"", ""tierType"": ""Tier 1 ""}"
560,Chennai,Chennai,16,LifeCell International Private Limited,NABL EXPIRED,Tier 1,Chennai,,"{""adcityName"": ""Chennai"", ""cityName"": ""Chennai"", ""hospAcc"": ""NABL EXPIRED"", ""hospName"": ""LifeCell International Private Limited"", ""tierType"": ""Tier 1 ""}"
561,Chennai,Chennai,16,LifeCell International Private Limited,NABL EXPIRED,Tier 1,Chennai,,"{""adcityName"": ""Chennai"", ""cityName"": ""Chennai"", ""hospAcc"": ""NABL EXPIRED"", ""hospName"": ""LifeCell International Private Limited"", ""tierType"": ""Tier 1 ""}"
562,Chennai,Chennai,16,MAHALAKSHMI MULTISPECIALITY HOSPITAL,QCI EXPIRED,Tier 1,Chennai,,"{""adcityName"": ""Chennai"", ""cityName"": ""Chennai"", ""hospAcc"": ""QCI EXPIRED"", ""hospName"": ""MAHALAKSHMI MULTISPECIALITY HOSPITAL"", ""tierType"": ""Tier 1 ""}"
563,Chennai,Chennai,16,MEDLINE DIAGNOSTICS PVT LTD,NABL EXPIRED,Tier 1,Chennai,,"{""adcityName"": ""Chennai"", ""cityName"": ""Chennai"", ""hospAcc"": ""NABL EXPIRED"", ""hospName"": ""MEDLINE DIAGNOSTICS PVT LTD"", ""tierType"": ""Tier 1 ""}"
564,Chennai,Chennai,16,MEDWAY HOSPITALS UNITED ALLIANCE HEALTHCARE PVT LTD,NABH TILL 2027,Tier 1,Chennai,,"{""adcityName"": ""Chennai"", ""cityName"": ""Chennai"", ""hospAcc"": ""NABH TILL 2027"", ""hospName"": ""MEDWAY HOSPITALS UNITED ALLIANCE HEALTHCARE PVT LTD"", ""tierType"": ""Tier 1 ""}"
565,Chennai,Chennai,16,MEHTA MULTISPECIALITY HOSPITALS INDIA PVT LTD,NABH TILL 2028,Tier 1,Chennai,,"{""adcityName"": ""Chennai"", ""cityName"": ""Chennai"", ""hospAcc"": ""NABH TILL 2028"", ""hospName"": ""MEHTA MULTISPECIALITY HOSPITALS INDIA PVT LTD"", ""tierType"": ""Tier 1 ""}"
566,Chennai,Chennai,16,METROPOLIS HEALTH CARE LIMITED,NABL EXPIRED,Tier 1,Chennai,,"{""adcityName"": ""Chennai"", ""cityName"": ""Chennai"", ""hospAcc"": ""NABL EXPIRED"", ""hospName"": ""METROPOLIS HEALTH CARE LIMITED"", ""tierType"": ""Tier 1 ""}"
567,Chennai,Chennai,16,NEUBERG EHRLICH LABORATORY PRIVATE LIMITED,NABL TIL 2025,Tier 1,Chennai,,"{""adcityName"": ""Chennai"", ""cityName"": ""Chennai"", ""hospAcc"": ""NABL TIL 2025"", ""hospName"": ""NEUBERG EHRLICH LABORATORY PRIVATE LIMITED"", ""tierType"": ""Tier 1 ""}"
568,Chennai,Chennai,16,NIRMALS EYE HOSPITAL UNIT OF DR NIRMALS HEALTHCA,,Tier 1,Chennai,,"{""adcityName"": ""Chennai"", ""cityName"": ""Chennai"", ""hospAcc"": """", ""hospName"": ""NIRMALS EYE HOSPITAL UNIT OF DR NIRMALS HEALTHCA"", ""tierType"": ""Tier 1 ""}"
569,Chennai,Chennai,16,NOBLE HOSPITAL,NABH TILL 2027,Tier 1,Chennai,,"{""adcityName"": ""Chennai"", ""cityName"": ""Chennai"", ""hospAcc"": ""NABH TILL 2027"", ""hospName"": ""NOBLE HOSPITAL"", ""tierType"": ""Tier 1 ""}"
570,Chennai,Chennai,16,PANIMALAR MEDICAL COLLEGE HOSPITAL & RESEARCH INSTITUTE,QCI EXPIRED,Tier 1,Chennai,,"{""adcityName"": ""Chennai"", ""cityName"": ""Chennai"", ""hospAcc"": ""QCI EXPIRED"", ""hospName"": ""PANIMALAR MEDICAL COLLEGE HOSPITAL & RESEARCH INSTITUTE"", ""tierType"": ""Tier 1 ""}"
571,Chennai,Chennai,16,PARVATHY ORTHO HOSPITAL PVT LTD,NABH VALID TILL 2026,Tier 1,Chennai,,"{""adcityName"": ""Chennai"", ""cityName"": ""Chennai"", ""hospAcc"": ""NABH VALID TILL 2026"", ""hospName"": ""PARVATHY ORTHO HOSPITAL PVT LTD"", ""tierType"": ""Tier 1 ""}"
572,Chennai,Chennai,16,PONDICHERRY INSTITUTE OF MEDICAL SCIENCES,QCI EXPIRED,Tier 2,Pondicherry,,"{""adcityName"": ""Chennai"", ""cityName"": ""Pondicherry"", ""hospAcc"": ""QCI EXPIRED"", ""hospName"": ""PONDICHERRY INSTITUTE OF MEDICAL SCIENCES"", ""tierType"": ""Tier 2 ""}"
573,Chennai,Chennai,16,PROMPT AND PRECISE DIAGNOSTIC PVT LTD,QCI EXPIRED,Tier 1,Chennai,,"{""adcityName"": ""Chennai"", ""cityName"": ""Chennai"", ""hospAcc"": ""QCI EXPIRED"", ""hospName"": ""PROMPT AND PRECISE DIAGNOSTIC PVT LTD"", ""tierType"": ""Tier 1 ""}"
574,Chennai,Chennai,16,Radhatri Nethralaya T Nagar Chennai TN,QCI EXPIRED,Tier 1,Chennai,,"{""adcityName"": ""Chennai"", ""cityName"": ""Chennai"", ""hospAcc"": ""QCI EXPIRED"", ""hospName"": ""Radhatri Nethralaya T Nagar  Chennai TN"", ""tierType"": ""Tier 1 ""}"
575,Chennai,Chennai,16,Shifa Hospitals,NABH TILL 2026,Tier 1,Chennai,,"{""adcityName"": ""Chennai"", ""cityName"": ""Chennai"", ""hospAcc"": ""NABH TILL 2026"", ""hospName"": ""Shifa Hospitals"", ""tierType"": ""Tier 1 ""}"
576,Chennai,Chennai,16,SOUNDARAPANDIAN BONE AND JOINT HOSPITAL-ANNANAGAR,QCI EXPIRED,Tier 1,Chennai,,"{""adcityName"": ""Chennai"", ""cityName"": ""Chennai"", ""hospAcc"": ""QCI EXPIRED"", ""hospName"": ""SOUNDARAPANDIAN BONE AND JOINT HOSPITAL-ANNANAGAR"", ""tierType"": ""Tier 1 ""}"
577,Chennai,Chennai,16,SRI MANAKULA VINAYAGAR MEDICAL COLLEGE AND HOSPITAL,NABH TILL 2026,Tier 2,Pondicherry,,"{""adcityName"": ""Chennai"", ""cityName"": ""Pondicherry"", ""hospAcc"": ""NABH TILL 2026"", ""hospName"": ""SRI MANAKULA VINAYAGAR MEDICAL COLLEGE AND HOSPITAL"", ""tierType"": ""Tier 2 ""}"
578,Chennai,Chennai,16,SRIRAM DENTAL CLINIC,,Tier 1,Chennai,,"{""adcityName"": ""Chennai"", ""cityName"": ""Chennai"", ""hospAcc"": """", ""hospName"": ""SRIRAM DENTAL CLINIC"", ""tierType"": ""Tier 1 ""}"
579,Chennai,Chennai,16,SRM Medical College Hospital and Research Centre Kattankulathur,NABH TILL 2027,Tier 1,Chennai,,"{""adcityName"": ""Chennai"", ""cityName"": ""Chennai"", ""hospAcc"": ""NABH TILL 2027"", ""hospName"": ""SRM Medical College Hospital and Research Centre Kattankulathur"", ""tierType"": ""Tier 1 ""}"
580,Chennai,Chennai,16,TAGORE MEDICAL COLLEGE AND HOSPITAL,QCI EXPIRED,Tier 1,Chennai,,"{""adcityName"": ""Chennai"", ""cityName"": ""Chennai"", ""hospAcc"": ""QCI EXPIRED"", ""hospName"": ""TAGORE MEDICAL COLLEGE AND HOSPITAL"", ""tierType"": ""Tier 1 ""}"
581,Chennai,Chennai,16,TRICHY SRM MEDICAL COLLEGE HOSPITAL AND RESEARCH CENTRE,QCI EXPIRED,Tier 1,Chennai,,"{""adcityName"": ""Chennai"", ""cityName"": ""Chennai"", ""hospAcc"": ""QCI EXPIRED"", ""hospName"": ""TRICHY SRM MEDICAL COLLEGE HOSPITAL AND RESEARCH CENTRE"", ""tierType"": ""Tier 1 ""}"
582,Chennai,Chennai,16,TRINITY ACUTE CARE HOSPITAL,NABH TILL 2028,Tier 1,Chennai,,"{""adcityName"": ""Chennai"", ""cityName"": ""Chennai"", ""hospAcc"": ""NABH TILL 2028"", ""hospName"": ""TRINITY ACUTE CARE HOSPITAL"", ""tierType"": ""Tier 1 ""}"
583,Chennai,Chennai,16,UDHI EYE HOSPITALS,NABH TILL 2028,Tier 1,Chennai,,"{""adcityName"": ""Chennai"", ""cityName"": ""Chennai"", ""hospAcc"": ""NABH TILL 2028"", ""hospName"": ""UDHI EYE HOSPITALS"", ""tierType"": ""Tier 1 ""}"
584,Chennai,Chennai,16,VASAN HEALTH CARE PVT LTD,QCI,Tier 1,Chennai,,"{""adcityName"": ""Chennai"", ""cityName"": ""Chennai"", ""hospAcc"": ""QCI"", ""hospName"": ""VASAN HEALTH CARE PVT LTD"", ""tierType"": ""Tier 1 ""}"
585,Chennai,Chennai,16,VEE CARE HOSPITAL,,Tier 1,Chennai,,"{""adcityName"": ""Chennai"", ""cityName"": ""Chennai"", ""hospAcc"": """", ""hospName"": ""VEE CARE HOSPITAL"", ""tierType"": ""Tier 1 ""}"
586,Chennai,Chennai,16,VIJAYALAKSHME EYE HOSPITAL,QCI,Tier 1,Chennai,,"{""adcityName"": ""Chennai"", ""cityName"": ""Chennai"", ""hospAcc"": ""QCI"", ""hospName"": ""VIJAYALAKSHME EYE HOSPITAL"", ""tierType"": ""Tier 1 ""}"
587,Chennai,Chennai,16,V R R SCANUNIT OF VRR DIAGNOSTIC SERVICES PVT LTD,NABH EXPIRED,Tier 1,Chennai,,"{""adcityName"": ""Chennai"", ""cityName"": ""Chennai"", ""hospAcc"": ""NABH EXPIRED"", ""hospName"": ""V R R SCANUNIT OF VRR DIAGNOSTIC SERVICES PVT LTD"", ""tierType"": ""Tier 1 ""}"
588,Dehradun,Dehradun,17,AAROGYADHAM SUPER SPECIALITY HOSPITAL AND RESEARCH CENTRE,Non NABH,Tier 2,Dehradun,,"{""adcityName"": ""Dehradun"", ""cityName"": ""Dehradun"", ""hospAcc"": ""Non NABH"", ""hospName"": ""AAROGYADHAM SUPER SPECIALITY HOSPITAL AND  RESEARCH  CENTRE"", ""tierType"": ""Tier 2""}"
589,Dehradun,Dehradun,17,AIIMS,G,Tier 3,Rishikesh,,"{""adcityName"": ""Dehradun"", ""cityName"": ""Rishikesh"", ""hospAcc"": ""G"", ""hospName"": ""AIIMS"", ""tierType"": ""Tier 3""}"
590,Dehradun,Dehradun,17,AMRITSAR EYE CLINIC,Non NABH,Tier 2,Dehradun,,"{""adcityName"": ""Dehradun"", ""cityName"": ""Dehradun"", ""hospAcc"": ""Non NABH"", ""hospName"": ""AMRITSAR EYE CLINIC"", ""tierType"": ""Tier 2""}"
591,Dehradun,Dehradun,17,Arihant Hospital,Non NABH,Tier 2,Dehradun,,"{""adcityName"": ""Dehradun"", ""cityName"": ""Dehradun"", ""hospAcc"": ""Non NABH"", ""hospName"": ""Arihant Hospital"", ""tierType"": ""Tier 2""}"
592,Dehradun,Dehradun,17,BALUNI HOSPITAL,Non NABH,Tier 2,Dehradun,,"{""adcityName"": ""Dehradun"", ""cityName"": ""Dehradun"", ""hospAcc"": ""Non NABH"", ""hospName"": ""BALUNI HOSPITAL"", ""tierType"": ""Tier 2""}"
593,Dehradun,Dehradun,17,Baunthiyal Path Labs and Imaging Centre,NABL,Tier 2,Dehradun,,"{""adcityName"": ""Dehradun"", ""cityName"": ""Dehradun"", ""hospAcc"": ""NABL"", ""hospName"": ""Baunthiyal Path Labs and Imaging Centre"", ""tierType"": ""Tier 2""}"
594,Dehradun,Dehradun,17,CHANDAN DIAGNOSTIC CENTRE A UNIT OF CHANDAN HEALTHCARE LTD,NABL,Tier 2,Dehradun,,"{""adcityName"": ""Dehradun"", ""cityName"": ""Dehradun"", ""hospAcc"": ""NABL"", ""hospName"": ""CHANDAN DIAGNOSTIC CENTRE A UNIT OF CHANDAN HEALTHCARE LTD"", ""tierType"": ""Tier 2""}"
595,Dehradun,Dehradun,17,DOON MRI SCAN CENTRE-RAJPUR ROAD,Non-NABH,Tier 2,Dehradun,,"{""adcityName"": ""Dehradun"", ""cityName"": ""Dehradun"", ""hospAcc"": ""Non-NABH"", ""hospName"": ""DOON MRI SCAN CENTRE-RAJPUR ROAD"", ""tierType"": ""Tier 2""}"
596,Dehradun,Dehradun,17,DR AHUJA S PATHOLOGY AND IMAGING CENTRE,NABL / NABH,Tier 2,Dehradun,,"{""adcityName"": ""Dehradun"", ""cityName"": ""Dehradun"", ""hospAcc"": ""NABL / NABH"", ""hospName"": ""DR AHUJA S PATHOLOGY AND IMAGING CENTRE"", ""tierType"": ""Tier 2""}"
597,Dehradun,Dehradun,17,Drishti Eye Institute,NABH,Tier 2,Dehradun,,"{""adcityName"": ""Dehradun"", ""cityName"": ""Dehradun"", ""hospAcc"": ""NABH"", ""hospName"": ""Drishti Eye Institute "", ""tierType"": ""Tier 2""}"
598,Dehradun,Dehradun,17,DrKKBM SUBHARTI HOSSPITAL,Non NABH,Tier 2,Dehradun,,"{""adcityName"": ""Dehradun"", ""cityName"": ""Dehradun"", ""hospAcc"": ""Non NABH"", ""hospName"": ""DrKKBM SUBHARTI HOSSPITAL"", ""tierType"": ""Tier 2""}"
599,Dehradun,Dehradun,17,Dr Parashars Pathology and Imaging Centre,QCI (Valid),Tier 2,Dehradun,,"{""adcityName"": ""Dehradun"", ""cityName"": ""Dehradun"", ""hospAcc"": ""QCI (Valid)"", ""hospName"": ""Dr Parashars Pathology and Imaging Centre"", ""tierType"": ""Tier 2""}"
600,Dehradun,Dehradun,17,Dr Smriti Eye Centre,QCI (Valid),Tier 2,Dehradun,,"{""adcityName"": ""Dehradun"", ""cityName"": ""Dehradun"", ""hospAcc"": ""QCI (Valid)"", ""hospName"": ""Dr Smriti Eye Centre"", ""tierType"": ""Tier 2""}"
601,Dehradun,Dehradun,17,GRAPHIC ERA INSTITUTE OF MEDICAL SCIENCES & GRAPHIC ERA HOSPITAL,QCI (valid),Tier 2,Dehradun,,"{""adcityName"": ""Dehradun"", ""cityName"": ""Dehradun"", ""hospAcc"": ""QCI (valid)"", ""hospName"": ""GRAPHIC ERA INSTITUTE OF MEDICAL SCIENCES  &  GRAPHIC ERA HOSPITAL"", ""tierType"": ""Tier 2""}"
602,Dehradun,Dehradun,17,JEEVAN JYOTI CLINIC,QCI,Tier 2,Dehradun,,"{""adcityName"": ""Dehradun"", ""cityName"": ""Dehradun"", ""hospAcc"": ""QCI"", ""hospName"": ""JEEVAN JYOTI CLINIC"", ""tierType"": ""Tier 2""}"
603,Dehradun,Dehradun,17,Kailash Hospital,NABH,Tier 2,Dehradun,,"{""adcityName"": ""Dehradun"", ""cityName"": ""Dehradun"", ""hospAcc"": ""NABH"", ""hospName"": ""Kailash Hospital "", ""tierType"": ""Tier 2""}"
604,Dehradun,Dehradun,17,Kanishk Surgical And Super Specialty Hospital,Non NABH,Tier 2,Dehradun,,"{""adcityName"": ""Dehradun"", ""cityName"": ""Dehradun"", ""hospAcc"": ""Non NABH"", ""hospName"": ""Kanishk Surgical And Super Specialty Hospital"", ""tierType"": ""Tier 2""}"
605,Dehradun,Dehradun,17,Krishna Medical Centre,Non NABH,Tier 2,Dehradun,,"{""adcityName"": ""Dehradun"", ""cityName"": ""Dehradun"", ""hospAcc"": ""Non NABH"", ""hospName"": ""Krishna Medical Centre"", ""tierType"": ""Tier 2""}"
606,Dehradun,Dehradun,17,Max Super Speciality Hospital Dehradun A unit of Max Healthcare Institute Ltd,NABH,Tier 2,Dehradun,,"{""adcityName"": ""Dehradun"", ""cityName"": ""Dehradun"", ""hospAcc"": ""NABH"", ""hospName"": ""Max Super Speciality Hospital Dehradun A unit of Max Healthcare Institute Ltd"", ""tierType"": ""Tier 2""}"
607,Dehradun,Dehradun,17,M M NAITHANI EYE CENTRE,Non NABH,Tier 2,Dehradun,,"{""adcityName"": ""Dehradun"", ""cityName"": ""Dehradun"", ""hospAcc"": ""Non NABH"", ""hospName"": ""M M NAITHANI EYE CENTRE"", ""tierType"": ""Tier 2""}"
608,Dehradun,Dehradun,17,NAVJYOTHI EYE HOSPITAL and DEHRADUN WAVE LASIK CENTRE,Non NABH,Tier 2,Dehradun,,"{""adcityName"": ""Dehradun"", ""cityName"": ""Dehradun"", ""hospAcc"": ""Non NABH"", ""hospName"": ""NAVJYOTHI EYE HOSPITAL and DEHRADUN WAVE LASIK CENTRE"", ""tierType"": ""Tier 2""}"
609,Dehradun,Dehradun,17,PATANJALI AYURVEDA HOSPITAL,NABH,Tier 2,Haridwar,,"{""adcityName"": ""Dehradun"", ""cityName"": ""Haridwar"", ""hospAcc"": ""NABH"", ""hospName"": ""PATANJALI AYURVEDA HOSPITAL"", ""tierType"": ""Tier 2""}"
610,Dehradun,Dehradun,17,PREMSUKH HOSPITAL,NABH,Tier 2,Dehradun,,"{""adcityName"": ""Dehradun"", ""cityName"": ""Dehradun"", ""hospAcc"": ""NABH"", ""hospName"": ""PREMSUKH HOSPITAL"", ""tierType"": ""Tier 2""}"
611,Dehradun,Dehradun,17,PRIMUS MULTISPECIALITY HOSPITAL,Non NABH,Tier 2,Dehradun,,"{""adcityName"": ""Dehradun"", ""cityName"": ""Dehradun"", ""hospAcc"": ""Non NABH"", ""hospName"": ""PRIMUS MULTISPECIALITY HOSPITAL"", ""tierType"": ""Tier 2""}"
612,Dehradun,Dehradun,17,RAMRATI EYE HOSPITAL,NABH,Tier 2,Dehradun,,"{""adcityName"": ""Dehradun"", ""cityName"": ""Dehradun"", ""hospAcc"": ""NABH"", ""hospName"": ""RAMRATI EYE HOSPITAL"", ""tierType"": ""Tier 2""}"
613,Dehradun,Dehradun,17,RASTOGI DENTAL CLINIC,QCI,Tier 2,Dehradun,,"{""adcityName"": ""Dehradun"", ""cityName"": ""Dehradun"", ""hospAcc"": ""QCI"", ""hospName"": ""RASTOGI DENTAL CLINIC"", ""tierType"": ""Tier 2""}"
614,Dehradun,Dehradun,17,SCIENTIFIC PATHOCARE,NABL,Tier 2,Dehradun,,"{""adcityName"": ""Dehradun"", ""cityName"": ""Dehradun"", ""hospAcc"": ""NABL"", ""hospName"": ""SCIENTIFIC PATHOCARE"", ""tierType"": ""Tier 2""}"
615,Dehradun,Dehradun,17,SHRI MAHANT INDIRESH HOSPITAL,NABH,Tier 2,Dehradun,,"{""adcityName"": ""Dehradun"", ""cityName"": ""Dehradun"", ""hospAcc"": ""NABH"", ""hospName"": ""SHRI MAHANT INDIRESH HOSPITAL"", ""tierType"": ""Tier 2""}"
616,Dehradun,Dehradun,17,SINGH EYE HOSPITALS AND MOTHER CARE CENTRE,QCI,Tier 2,Dehradun,,"{""adcityName"": ""Dehradun"", ""cityName"": ""Dehradun"", ""hospAcc"": ""QCI"", ""hospName"": ""SINGH EYE HOSPITALS AND MOTHER CARE CENTRE"", ""tierType"": ""Tier 2""}"
617,Dehradun,Dehradun,17,SKMEMORIAL HOSPITAL,Non NABH,Tier 2,Dehradun,,"{""adcityName"": ""Dehradun"", ""cityName"": ""Dehradun"", ""hospAcc"": ""Non NABH"", ""hospName"": ""SKMEMORIAL HOSPITAL"", ""tierType"": ""Tier 2""}"
618,Dehradun,Dehradun,17,SUNANDA MEDICAL CENTRE,NABH,Tier 2,Dehradun,,"{""adcityName"": ""Dehradun"", ""cityName"": ""Dehradun"", ""hospAcc"": ""NABH"", ""hospName"": ""SUNANDA MEDICAL CENTRE"", ""tierType"": ""Tier 2""}"
619,Dehradun,Dehradun,17,SWAMI RAMA HIMALAYAN UNIVERSITY,NABH,Tier 2,Dehradun,,"{""adcityName"": ""Dehradun"", ""cityName"": ""Dehradun"", ""hospAcc"": ""NABH"", ""hospName"": ""SWAMI RAMA HIMALAYAN UNIVERSITY"", ""tierType"": ""Tier 2""}"
620,Dehradun,Dehradun,17,THE EYE CLINIC,Non NABH,Tier 2,Dehradun,,"{""adcityName"": ""Dehradun"", ""cityName"": ""Dehradun"", ""hospAcc"": ""Non NABH"", ""hospName"": ""THE EYE CLINIC"", ""tierType"": ""Tier 2""}"
621,Dehradun,Dehradun,17,VELMED HOSPITALS A UNIT OF BHARAT HEART and SUPER S,NABH,Tier 2,Dehradun,,"{""adcityName"": ""Dehradun"", ""cityName"": ""Dehradun"", ""hospAcc"": ""NABH"", ""hospName"": ""VELMED HOSPITALS A UNIT OF BHARAT HEART and SUPER S"", ""tierType"": ""Tier 2""}"
622,Dehradun,Dehradun,17,VINOD ORTHO AND GENESIS IVF CLINIC,Non NABH,Tier 2,Dehradun,,"{""adcityName"": ""Dehradun"", ""cityName"": ""Dehradun"", ""hospAcc"": ""Non NABH"", ""hospName"": ""VINOD ORTHO AND GENESIS IVF CLINIC"", ""tierType"": ""Tier 2""}"
623,Dehradun,Dehradun,17,Yog Naturopathy Panchkarma Treatment And Research Centre YOGGRAM,NABH,Tier 3,Haridwar,,"{""adcityName"": ""Dehradun"", ""cityName"": ""Haridwar"", ""hospAcc"": ""NABH"", ""hospName"": ""Yog Naturopathy Panchkarma Treatment And Research Centre YOGGRAM"", ""tierType"": ""Tier 3""}"
624,DELHI/HQ/DIRECTORATE/MINISTRY,DELHI/HQ/DIRECTORATE/MINISTRY,18,32 Dentz Clinic,NABH,Tier 2,GAUTAM BUDDHA NAGAR,,"{""adcityName"": ""DELHI/HQ/DIRECTORATE/MINISTRY"", ""cityName"": ""GAUTAM BUDDHA NAGAR"", ""hospAcc"": ""NABH"", ""hospName"": ""32 Dentz Clinic"", ""tierType"": ""Tier 2""}"
625,DELHI/HQ/DIRECTORATE/MINISTRY,DELHI/HQ/DIRECTORATE/MINISTRY,18,32 PEARLS DENTAL CARE MULTISPECIALITY DENTAL CLINIC,NABH,Tier 1,FARIDABAD,,"{""adcityName"": ""DELHI/HQ/DIRECTORATE/MINISTRY"", ""cityName"": ""FARIDABAD"", ""hospAcc"": ""NABH"", ""hospName"": ""32 PEARLS DENTAL CARE MULTISPECIALITY DENTAL CLINIC"", ""tierType"": ""Tier 1""}"
626,DELHI/HQ/DIRECTORATE/MINISTRY,DELHI/HQ/DIRECTORATE/MINISTRY,18,32 SMILE STONE DENTAL CLINIC,QCI,Tier 1,Delhi,,"{""adcityName"": ""DELHI/HQ/DIRECTORATE/MINISTRY"", ""cityName"": ""Delhi"", ""hospAcc"": ""QCI"", ""hospName"": ""32 SMILE STONE DENTAL CLINIC"", ""tierType"": ""Tier 1""}"
627,DELHI/HQ/DIRECTORATE/MINISTRY,DELHI/HQ/DIRECTORATE/MINISTRY,18,365 DENTISTRY,NABH,Tier 1,Delhi,,"{""adcityName"": ""DELHI/HQ/DIRECTORATE/MINISTRY"", ""cityName"": ""Delhi"", ""hospAcc"": ""NABH"", ""hospName"": ""365 DENTISTRY"", ""tierType"": ""Tier 1""}"
628,DELHI/HQ/DIRECTORATE/MINISTRY,DELHI/HQ/DIRECTORATE/MINISTRY,18,AAKASH HEALTHCARE SUPER SPECIALITY HOSPITAL,NABH,Tier 1,Delhi,,"{""adcityName"": ""DELHI/HQ/DIRECTORATE/MINISTRY"", ""cityName"": ""Delhi"", ""hospAcc"": ""NABH"", ""hospName"": ""AAKASH HEALTHCARE SUPER SPECIALITY HOSPITAL"", ""tierType"": ""Tier 1""}"
629,DELHI/HQ/DIRECTORATE/MINISTRY,DELHI/HQ/DIRECTORATE/MINISTRY,18,AARNA EYE CARE CENTRE,,Tier 1,Delhi,,"{""adcityName"": ""DELHI/HQ/DIRECTORATE/MINISTRY"", ""cityName"": ""Delhi"", ""hospAcc"": """", ""hospName"": ""AARNA EYE CARE CENTRE"", ""tierType"": ""Tier 1""}"
630,DELHI/HQ/DIRECTORATE/MINISTRY,DELHI/HQ/DIRECTORATE/MINISTRY,18,AAROGYA HOSPITAL,QCI,Tier 1,Delhi,,"{""adcityName"": ""DELHI/HQ/DIRECTORATE/MINISTRY"", ""cityName"": ""Delhi"", ""hospAcc"": ""QCI"", ""hospName"": ""AAROGYA HOSPITAL"", ""tierType"": ""Tier 1""}"
631,DELHI/HQ/DIRECTORATE/MINISTRY,DELHI/HQ/DIRECTORATE/MINISTRY,18,Aarvy Healthcare Private Limited,NABH,Tier 1,GURUGRAM,,"{""adcityName"": ""DELHI/HQ/DIRECTORATE/MINISTRY"", ""cityName"": ""GURUGRAM"", ""hospAcc"": ""NABH"", ""hospName"": ""Aarvy Healthcare Private Limited"", ""tierType"": ""Tier 1""}"
632,DELHI/HQ/DIRECTORATE/MINISTRY,DELHI/HQ/DIRECTORATE/MINISTRY,18,AARVY HOSPITAL,QCI,Tier 1,GURUGRAM,,"{""adcityName"": ""DELHI/HQ/DIRECTORATE/MINISTRY"", ""cityName"": ""GURUGRAM"", ""hospAcc"": ""QCI"", ""hospName"": ""AARVY HOSPITAL"", ""tierType"": ""Tier 1""}"
633,DELHI/HQ/DIRECTORATE/MINISTRY,DELHI/HQ/DIRECTORATE/MINISTRY,18,AASTHA EYE CENTRE,NABH,Tier 1,FARIDABAD,,"{""adcityName"": ""DELHI/HQ/DIRECTORATE/MINISTRY"", ""cityName"": ""FARIDABAD"", ""hospAcc"": ""NABH"", ""hospName"": ""AASTHA EYE CENTRE"", ""tierType"": ""Tier 1""}"
634,DELHI/HQ/DIRECTORATE/MINISTRY,DELHI/HQ/DIRECTORATE/MINISTRY,18,Aastha Hospital,NABH,Tier 1,Delhi,,"{""adcityName"": ""DELHI/HQ/DIRECTORATE/MINISTRY"", ""cityName"": ""Delhi"", ""hospAcc"": ""NABH"", ""hospName"": ""Aastha Hospital"", ""tierType"": ""Tier 1""}"
635,DELHI/HQ/DIRECTORATE/MINISTRY,DELHI/HQ/DIRECTORATE/MINISTRY,18,ABHINAV BALAJI SUPERSPECIALITY HOSPITAL,QCI,Tier 1,GHAZIABAD,,"{""adcityName"": ""DELHI/HQ/DIRECTORATE/MINISTRY"", ""cityName"": ""GHAZIABAD"", ""hospAcc"": ""QCI"", ""hospName"": ""ABHINAV BALAJI SUPERSPECIALITY HOSPITAL"", ""tierType"": ""Tier 1""}"
636,DELHI/HQ/DIRECTORATE/MINISTRY,DELHI/HQ/DIRECTORATE/MINISTRY,18,A B LASER EYE CENTRE,QCI,Tier 2,GAUTAM BUDDHA NAGAR,,"{""adcityName"": ""DELHI/HQ/DIRECTORATE/MINISTRY"", ""cityName"": ""GAUTAM BUDDHA NAGAR"", ""hospAcc"": ""QCI"", ""hospName"": ""A B LASER EYE CENTRE"", ""tierType"": ""Tier 2""}"
637,DELHI/HQ/DIRECTORATE/MINISTRY,DELHI/HQ/DIRECTORATE/MINISTRY,18,Absolute Dental Care,NABH,Tier 1,FARIDABAD,,"{""adcityName"": ""DELHI/HQ/DIRECTORATE/MINISTRY"", ""cityName"": ""FARIDABAD"", ""hospAcc"": ""NABH"", ""hospName"": ""Absolute Dental Care"", ""tierType"": ""Tier 1""}"
638,DELHI/HQ/DIRECTORATE/MINISTRY,DELHI/HQ/DIRECTORATE/MINISTRY,18,Accord Superspeciality Hospital,NABH,Tier 1,FARIDABAD,,"{""adcityName"": ""DELHI/HQ/DIRECTORATE/MINISTRY"", ""cityName"": ""FARIDABAD"", ""hospAcc"": ""NABH"", ""hospName"": ""Accord Superspeciality Hospital"", ""tierType"": ""Tier 1""}"
639,DELHI/HQ/DIRECTORATE/MINISTRY,DELHI/HQ/DIRECTORATE/MINISTRY,18,Ace Multispeciality Dental Clinic,QCI,Tier 1,Delhi,,"{""adcityName"": ""DELHI/HQ/DIRECTORATE/MINISTRY"", ""cityName"": ""Delhi"", ""hospAcc"": ""QCI"", ""hospName"": ""Ace Multispeciality Dental Clinic"", ""tierType"": ""Tier 1""}"
640,DELHI/HQ/DIRECTORATE/MINISTRY,DELHI/HQ/DIRECTORATE/MINISTRY,18,Action Cancer Hospital,NABH,Tier 1,Delhi,,"{""adcityName"": ""DELHI/HQ/DIRECTORATE/MINISTRY"", ""cityName"": ""Delhi"", ""hospAcc"": ""NABH"", ""hospName"": ""Action Cancer Hospital"", ""tierType"": ""Tier 1""}"
641,DELHI/HQ/DIRECTORATE/MINISTRY,DELHI/HQ/DIRECTORATE/MINISTRY,18,AcuVision Eye Center,NABH,Tier 1,Delhi,,"{""adcityName"": ""DELHI/HQ/DIRECTORATE/MINISTRY"", ""cityName"": ""Delhi"", ""hospAcc"": ""NABH"", ""hospName"": ""AcuVision Eye Center"", ""tierType"": ""Tier 1""}"
642,DELHI/HQ/DIRECTORATE/MINISTRY,DELHI/HQ/DIRECTORATE/MINISTRY,18,ADEP CLINICAL RESEARCH and DIAGNOSTICS,NABL,Tier 1,Delhi,,"{""adcityName"": ""DELHI/HQ/DIRECTORATE/MINISTRY"", ""cityName"": ""Delhi"", ""hospAcc"": ""NABL"", ""hospName"": ""ADEP CLINICAL RESEARCH and DIAGNOSTICS"", ""tierType"": ""Tier 1""}"
643,DELHI/HQ/DIRECTORATE/MINISTRY,DELHI/HQ/DIRECTORATE/MINISTRY,18,Advanced Dental and Implant Clinic,NABH,Tier 1,FARIDABAD,,"{""adcityName"": ""DELHI/HQ/DIRECTORATE/MINISTRY"", ""cityName"": ""FARIDABAD"", ""hospAcc"": ""NABH"", ""hospName"": ""Advanced Dental and Implant Clinic"", ""tierType"": ""Tier 1""}"
644,DELHI/HQ/DIRECTORATE/MINISTRY,DELHI/HQ/DIRECTORATE/MINISTRY,18,ADVANCED DENTAL CARE,QCI,Tier 1,Delhi,,"{""adcityName"": ""DELHI/HQ/DIRECTORATE/MINISTRY"", ""cityName"": ""Delhi"", ""hospAcc"": ""QCI"", ""hospName"": ""ADVANCED DENTAL CARE"", ""tierType"": ""Tier 1""}"
645,DELHI/HQ/DIRECTORATE/MINISTRY,DELHI/HQ/DIRECTORATE/MINISTRY,18,Advance Diagnostic Centre,NABH Valid till 21.04.2025,Tier 1,Delhi,,"{""adcityName"": ""DELHI/HQ/DIRECTORATE/MINISTRY"", ""cityName"": ""Delhi"", ""hospAcc"": ""NABH Valid till 21.04.2025"", ""hospName"": ""Advance Diagnostic Centre"", ""tierType"": ""Tier 1""}"
646,DELHI/HQ/DIRECTORATE/MINISTRY,DELHI/HQ/DIRECTORATE/MINISTRY,18,ADVIK DIAGNOSTICS A UNIT OF ADVIK HEALTHCARE,NABH,Tier 1,Delhi,,"{""adcityName"": ""DELHI/HQ/DIRECTORATE/MINISTRY"", ""cityName"": ""Delhi"", ""hospAcc"": ""NABH"", ""hospName"": ""ADVIK DIAGNOSTICS A UNIT OF ADVIK HEALTHCARE"", ""tierType"": ""Tier 1""}"
647,DELHI/HQ/DIRECTORATE/MINISTRY,DELHI/HQ/DIRECTORATE/MINISTRY,18,Agrasen Dental Wellness Center,QCI,Tier 1,Delhi,,"{""adcityName"": ""DELHI/HQ/DIRECTORATE/MINISTRY"", ""cityName"": ""Delhi"", ""hospAcc"": ""QCI"", ""hospName"": ""Agrasen Dental Wellness Center"", ""tierType"": ""Tier 1""}"
648,DELHI/HQ/DIRECTORATE/MINISTRY,DELHI/HQ/DIRECTORATE/MINISTRY,18,AGRAWAL EYE INSTITUTE,QCI,Tier 1,Delhi,,"{""adcityName"": ""DELHI/HQ/DIRECTORATE/MINISTRY"", ""cityName"": ""Delhi"", ""hospAcc"": ""QCI"", ""hospName"": ""AGRAWAL EYE INSTITUTE"", ""tierType"": ""Tier 1""}"
649,DELHI/HQ/DIRECTORATE/MINISTRY,DELHI/HQ/DIRECTORATE/MINISTRY,18,Ahooja Eye and Dental Institute,NABH,Tier 1,GURUGRAM,,"{""adcityName"": ""DELHI/HQ/DIRECTORATE/MINISTRY"", ""cityName"": ""GURUGRAM"", ""hospAcc"": ""NABH"", ""hospName"": ""Ahooja Eye and Dental Institute"", ""tierType"": ""Tier 1""}"
650,DELHI/HQ/DIRECTORATE/MINISTRY,DELHI/HQ/DIRECTORATE/MINISTRY,18,AHUJA EYE CENTRE-SHALIMAR BAGH,QCI,Tier 1,Delhi,,"{""adcityName"": ""DELHI/HQ/DIRECTORATE/MINISTRY"", ""cityName"": ""Delhi"", ""hospAcc"": ""QCI"", ""hospName"": ""AHUJA EYE CENTRE-SHALIMAR BAGH"", ""tierType"": ""Tier 1""}"
651,DELHI/HQ/DIRECTORATE/MINISTRY,DELHI/HQ/DIRECTORATE/MINISTRY,18,Ahuja laser eye centre,QCI,Tier 1,Delhi,,"{""adcityName"": ""DELHI/HQ/DIRECTORATE/MINISTRY"", ""cityName"": ""Delhi"", ""hospAcc"": ""QCI"", ""hospName"": ""Ahuja laser eye centre"", ""tierType"": ""Tier 1""}"
652,DELHI/HQ/DIRECTORATE/MINISTRY,DELHI/HQ/DIRECTORATE/MINISTRY,18,AK HEALTH QUOTIENT INDIA PVT LTD,NABL,Tier 1,Delhi,,"{""adcityName"": ""DELHI/HQ/DIRECTORATE/MINISTRY"", ""cityName"": ""Delhi"", ""hospAcc"": ""NABL"", ""hospName"": ""AK HEALTH QUOTIENT INDIA PVT LTD"", ""tierType"": ""Tier 1""}"
653,DELHI/HQ/DIRECTORATE/MINISTRY,DELHI/HQ/DIRECTORATE/MINISTRY,18,AMAR EYE CENTER,QCI,Tier 1,Delhi,,"{""adcityName"": ""DELHI/HQ/DIRECTORATE/MINISTRY"", ""cityName"": ""Delhi"", ""hospAcc"": ""QCI"", ""hospName"": ""AMAR EYE CENTER"", ""tierType"": ""Tier 1""}"
654,DELHI/HQ/DIRECTORATE/MINISTRY,DELHI/HQ/DIRECTORATE/MINISTRY,18,AMICARE HOSPITAL PVT LTD,QCI,Tier 1,GHAZIABAD,,"{""adcityName"": ""DELHI/HQ/DIRECTORATE/MINISTRY"", ""cityName"": ""GHAZIABAD"", ""hospAcc"": ""QCI"", ""hospName"": ""AMICARE HOSPITAL PVT LTD"", ""tierType"": ""Tier 1""}"
655,DELHI/HQ/DIRECTORATE/MINISTRY,DELHI/HQ/DIRECTORATE/MINISTRY,18,Amoghs Dental World,QCI,Tier 1,Delhi,,"{""adcityName"": ""DELHI/HQ/DIRECTORATE/MINISTRY"", ""cityName"": ""Delhi"", ""hospAcc"": ""QCI"", ""hospName"": ""Amoghs Dental World"", ""tierType"": ""Tier 1""}"
656,DELHI/HQ/DIRECTORATE/MINISTRY,DELHI/HQ/DIRECTORATE/MINISTRY,18,Amrita Hospital,NABH,Tier 1,FARIDABAD,,"{""adcityName"": ""DELHI/HQ/DIRECTORATE/MINISTRY"", ""cityName"": ""FARIDABAD"", ""hospAcc"": ""NABH"", ""hospName"": ""Amrita Hospital"", ""tierType"": ""Tier 1""}"
657,DELHI/HQ/DIRECTORATE/MINISTRY,DELHI/HQ/DIRECTORATE/MINISTRY,18,ANAND HOSPITAL AND CHHIDDA SINGH YADAV TRAUMA CENTRE,QCI,Tier 1,GHAZIABAD,,"{""adcityName"": ""DELHI/HQ/DIRECTORATE/MINISTRY"", ""cityName"": ""GHAZIABAD"", ""hospAcc"": ""QCI"", ""hospName"": ""ANAND HOSPITAL AND CHHIDDA SINGH YADAV TRAUMA CENTRE"", ""tierType"": ""Tier 1""}"
658,DELHI/HQ/DIRECTORATE/MINISTRY,DELHI/HQ/DIRECTORATE/MINISTRY,18,ANANT JYOTI EYE HOSPITAL,QCI,Tier 1,Delhi,,"{""adcityName"": ""DELHI/HQ/DIRECTORATE/MINISTRY"", ""cityName"": ""Delhi"", ""hospAcc"": ""QCI"", ""hospName"": ""ANANT JYOTI EYE HOSPITAL"", ""tierType"": ""Tier 1""}"
659,DELHI/HQ/DIRECTORATE/MINISTRY,DELHI/HQ/DIRECTORATE/MINISTRY,18,ANDROMEDA CANCER HOSPITAL,NABH,Tier 2,SONIPAT,,"{""adcityName"": ""DELHI/HQ/DIRECTORATE/MINISTRY"", ""cityName"": ""SONIPAT"", ""hospAcc"": ""NABH"", ""hospName"": ""ANDROMEDA CANCER HOSPITAL"", ""tierType"": ""Tier 2""}"
660,DELHI/HQ/DIRECTORATE/MINISTRY,DELHI/HQ/DIRECTORATE/MINISTRY,18,Anil Yadav dental Clinic,NABH,Tier 1,GURUGRAM,,"{""adcityName"": ""DELHI/HQ/DIRECTORATE/MINISTRY"", ""cityName"": ""GURUGRAM"", ""hospAcc"": ""NABH"", ""hospName"": ""Anil Yadav dental Clinic"", ""tierType"": ""Tier 1""}"
661,DELHI/HQ/DIRECTORATE/MINISTRY,DELHI/HQ/DIRECTORATE/MINISTRY,18,ANSARI HOSPITAL,QCI,Tier 1,Delhi,,"{""adcityName"": ""DELHI/HQ/DIRECTORATE/MINISTRY"", ""cityName"": ""Delhi"", ""hospAcc"": ""QCI"", ""hospName"": ""ANSARI HOSPITAL"", ""tierType"": ""Tier 1""}"
662,DELHI/HQ/DIRECTORATE/MINISTRY,DELHI/HQ/DIRECTORATE/MINISTRY,18,Apex Citi Hospital,NABH,Tier 1,Delhi,,"{""adcityName"": ""DELHI/HQ/DIRECTORATE/MINISTRY"", ""cityName"": ""Delhi"", ""hospAcc"": ""NABH"", ""hospName"": ""Apex Citi Hospital"", ""tierType"": ""Tier 1""}"
663,DELHI/HQ/DIRECTORATE/MINISTRY,DELHI/HQ/DIRECTORATE/MINISTRY,18,Apex healthcare and research center,QCI,Tier 1,Delhi,,"{""adcityName"": ""DELHI/HQ/DIRECTORATE/MINISTRY"", ""cityName"": ""Delhi"", ""hospAcc"": ""QCI"", ""hospName"": ""Apex healthcare and research center"", ""tierType"": ""Tier 1""}"
664,DELHI/HQ/DIRECTORATE/MINISTRY,DELHI/HQ/DIRECTORATE/MINISTRY,18,A Plus Dental Clinic & Implant Centre,QCI,Tier 1,GHAZIABAD,,"{""adcityName"": ""DELHI/HQ/DIRECTORATE/MINISTRY"", ""cityName"": ""GHAZIABAD"", ""hospAcc"": ""QCI"", ""hospName"": ""A Plus Dental Clinic & Implant Centre"", ""tierType"": ""Tier 1""}"
665,DELHI/HQ/DIRECTORATE/MINISTRY,DELHI/HQ/DIRECTORATE/MINISTRY,18,Apollo Clinic A Unit of RKM Enterprises,QCI,Tier 1,Delhi,,"{""adcityName"": ""DELHI/HQ/DIRECTORATE/MINISTRY"", ""cityName"": ""Delhi"", ""hospAcc"": ""QCI"", ""hospName"": ""Apollo Clinic A Unit of RKM Enterprises"", ""tierType"": ""Tier 1""}"
666,DELHI/HQ/DIRECTORATE/MINISTRY,DELHI/HQ/DIRECTORATE/MINISTRY,18,APOLLO HOSPITAL,NABH,Tier 2,GAUTAM BUDDHA NAGAR,,"{""adcityName"": ""DELHI/HQ/DIRECTORATE/MINISTRY"", ""cityName"": ""GAUTAM BUDDHA NAGAR"", ""hospAcc"": ""NABH"", ""hospName"": ""APOLLO HOSPITAL"", ""tierType"": ""Tier 2""}"
667,DELHI/HQ/DIRECTORATE/MINISTRY,DELHI/HQ/DIRECTORATE/MINISTRY,18,ARIHANT EYE CENTRE,QCI,Tier 1,Delhi,,"{""adcityName"": ""DELHI/HQ/DIRECTORATE/MINISTRY"", ""cityName"": ""Delhi"", ""hospAcc"": ""QCI"", ""hospName"": ""ARIHANT EYE CENTRE"", ""tierType"": ""Tier 1""}"
668,DELHI/HQ/DIRECTORATE/MINISTRY,DELHI/HQ/DIRECTORATE/MINISTRY,18,Aristo Hospital And Trauma Care Centre,NABH,Tier 2,SONIPAT,,"{""adcityName"": ""DELHI/HQ/DIRECTORATE/MINISTRY"", ""cityName"": ""SONIPAT"", ""hospAcc"": ""NABH"", ""hospName"": ""Aristo Hospital And Trauma Care Centre"", ""tierType"": ""Tier 2""}"
669,DELHI/HQ/DIRECTORATE/MINISTRY,DELHI/HQ/DIRECTORATE/MINISTRY,18,Artemis Hospital A Unit of Artemis Medicare Services Limited,NABH,Tier 1,GURUGRAM,,"{""adcityName"": ""DELHI/HQ/DIRECTORATE/MINISTRY"", ""cityName"": ""GURUGRAM"", ""hospAcc"": ""NABH"", ""hospName"": ""Artemis Hospital A Unit of Artemis Medicare Services Limited"", ""tierType"": ""Tier 1""}"
670,DELHI/HQ/DIRECTORATE/MINISTRY,DELHI/HQ/DIRECTORATE/MINISTRY,18,ARYAN HOSPITAL PVT LTD,QCI,Tier 1,GURUGRAM,,"{""adcityName"": ""DELHI/HQ/DIRECTORATE/MINISTRY"", ""cityName"": ""GURUGRAM"", ""hospAcc"": ""QCI"", ""hospName"": ""ARYAN HOSPITAL PVT LTD"", ""tierType"": ""Tier 1""}"
671,DELHI/HQ/DIRECTORATE/MINISTRY,DELHI/HQ/DIRECTORATE/MINISTRY,18,AS HEALTH SQUARE UNIT OF SUPERB IMAGING,NABH,Tier 1,Delhi,,"{""adcityName"": ""DELHI/HQ/DIRECTORATE/MINISTRY"", ""cityName"": ""Delhi"", ""hospAcc"": ""NABH"", ""hospName"": ""AS HEALTH SQUARE UNIT OF SUPERB IMAGING"", ""tierType"": ""Tier 1""}"
672,DELHI/HQ/DIRECTORATE/MINISTRY,DELHI/HQ/DIRECTORATE/MINISTRY,18,ASHOK NURSING HOME,NABH,Tier 1,Delhi,,"{""adcityName"": ""DELHI/HQ/DIRECTORATE/MINISTRY"", ""cityName"": ""Delhi"", ""hospAcc"": ""NABH"", ""hospName"": ""ASHOK NURSING HOME"", ""tierType"": ""Tier 1""}"
673,DELHI/HQ/DIRECTORATE/MINISTRY,DELHI/HQ/DIRECTORATE/MINISTRY,18,ASIAN INSTITUTE OF MEDICAL SCIENCES,NABH,Tier 1,FAridabad,,"{""adcityName"": ""DELHI/HQ/DIRECTORATE/MINISTRY"", ""cityName"": ""FAridabad"", ""hospAcc"": ""NABH"", ""hospName"": ""ASIAN INSTITUTE OF MEDICAL SCIENCES "", ""tierType"": ""Tier 1""}"
674,DELHI/HQ/DIRECTORATE/MINISTRY,DELHI/HQ/DIRECTORATE/MINISTRY,18,ATLANTA MEDIWORLD MULTISPECIALITY HOSPITAL,NABH,Tier 1,GHAZIABAD,,"{""adcityName"": ""DELHI/HQ/DIRECTORATE/MINISTRY"", ""cityName"": ""GHAZIABAD"", ""hospAcc"": ""NABH"", ""hospName"": ""ATLANTA MEDIWORLD MULTISPECIALITY HOSPITAL"", ""tierType"": ""Tier 1""}"
675,DELHI/HQ/DIRECTORATE/MINISTRY,DELHI/HQ/DIRECTORATE/MINISTRY,18,AVANTIKA HOSPITAL,QCI,Tier 1,GHAZIABAD,,"{""adcityName"": ""DELHI/HQ/DIRECTORATE/MINISTRY"", ""cityName"": ""GHAZIABAD"", ""hospAcc"": ""QCI"", ""hospName"": ""AVANTIKA HOSPITAL"", ""tierType"": ""Tier 1""}"
676,DELHI/HQ/DIRECTORATE/MINISTRY,DELHI/HQ/DIRECTORATE/MINISTRY,18,AVEE HOSPITAL ( A UNIT OF KASTURA MEDICOS LIMITED),NABH,Tier 1,GHAZIABAD,,"{""adcityName"": ""DELHI/HQ/DIRECTORATE/MINISTRY"", ""cityName"": ""GHAZIABAD"", ""hospAcc"": ""NABH"", ""hospName"": ""AVEE HOSPITAL ( A UNIT OF KASTURA MEDICOS LIMITED)"", ""tierType"": ""Tier 1""}"
677,DELHI/HQ/DIRECTORATE/MINISTRY,DELHI/HQ/DIRECTORATE/MINISTRY,18,AVI DENTAL AND MULTISPECIALITY CLINIC,QCI,Tier 1,Delhi,,"{""adcityName"": ""DELHI/HQ/DIRECTORATE/MINISTRY"", ""cityName"": ""Delhi"", ""hospAcc"": ""QCI"", ""hospName"": ""AVI DENTAL AND MULTISPECIALITY CLINIC"", ""tierType"": ""Tier 1""}"
678,DELHI/HQ/DIRECTORATE/MINISTRY,DELHI/HQ/DIRECTORATE/MINISTRY,18,AYUSHMAN HOSPITAL and HEALTH SERVICES,NABH,Tier 1,Delhi,,"{""adcityName"": ""DELHI/HQ/DIRECTORATE/MINISTRY"", ""cityName"": ""Delhi"", ""hospAcc"": ""NABH"", ""hospName"": ""AYUSHMAN HOSPITAL and HEALTH SERVICES"", ""tierType"": ""Tier 1""}"
679,DELHI/HQ/DIRECTORATE/MINISTRY,DELHI/HQ/DIRECTORATE/MINISTRY,18,BAHL DENTAL CLINIC AND IMPLANT CENTRE,QCI,Tier 1,Delhi,,"{""adcityName"": ""DELHI/HQ/DIRECTORATE/MINISTRY"", ""cityName"": ""Delhi"", ""hospAcc"": ""QCI"", ""hospName"": ""BAHL DENTAL CLINIC AND IMPLANT CENTRE"", ""tierType"": ""Tier 1""}"
680,DELHI/HQ/DIRECTORATE/MINISTRY,DELHI/HQ/DIRECTORATE/MINISTRY,18,BAJAJ EYE CARE CENTRE-VIKAS SURYA PLAZA,NABH,Tier 1,Delhi,,"{""adcityName"": ""DELHI/HQ/DIRECTORATE/MINISTRY"", ""cityName"": ""Delhi"", ""hospAcc"": ""NABH"", ""hospName"": ""BAJAJ EYE CARE CENTRE-VIKAS SURYA PLAZA"", ""tierType"": ""Tier 1""}"
681,DELHI/HQ/DIRECTORATE/MINISTRY,DELHI/HQ/DIRECTORATE/MINISTRY,18,BAKSON MULTISPECIALITY HOSPITAL,QCI,Tier 2,GAUTAM BUDDHA NAGAR,,"{""adcityName"": ""DELHI/HQ/DIRECTORATE/MINISTRY"", ""cityName"": ""GAUTAM BUDDHA NAGAR"", ""hospAcc"": ""QCI"", ""hospName"": ""BAKSON MULTISPECIALITY HOSPITAL"", ""tierType"": ""Tier 2""}"
682,DELHI/HQ/DIRECTORATE/MINISTRY,DELHI/HQ/DIRECTORATE/MINISTRY,18,BALAJI DENTAL AND IMPLANT CENTRE,QCI,Tier 1,Delhi,,"{""adcityName"": ""DELHI/HQ/DIRECTORATE/MINISTRY"", ""cityName"": ""Delhi"", ""hospAcc"": ""QCI"", ""hospName"": ""BALAJI DENTAL AND IMPLANT CENTRE"", ""tierType"": ""Tier 1""}"
683,DELHI/HQ/DIRECTORATE/MINISTRY,DELHI/HQ/DIRECTORATE/MINISTRY,18,balaji dental care,QCI,Tier 1,Delhi,,"{""adcityName"": ""DELHI/HQ/DIRECTORATE/MINISTRY"", ""cityName"": ""Delhi"", ""hospAcc"": ""QCI"", ""hospName"": ""balaji dental care"", ""tierType"": ""Tier 1""}"
684,DELHI/HQ/DIRECTORATE/MINISTRY,DELHI/HQ/DIRECTORATE/MINISTRY,18,BALAJI DENTAL CARE,QCI,Tier 1,Delhi,,"{""adcityName"": ""DELHI/HQ/DIRECTORATE/MINISTRY"", ""cityName"": ""Delhi"", ""hospAcc"": ""QCI"", ""hospName"": ""BALAJI DENTAL CARE"", ""tierType"": ""Tier 1""}"
685,DELHI/HQ/DIRECTORATE/MINISTRY,DELHI/HQ/DIRECTORATE/MINISTRY,18,Balaji dental centre,QCI,Tier 1,Delhi,,"{""adcityName"": ""DELHI/HQ/DIRECTORATE/MINISTRY"", ""cityName"": ""Delhi"", ""hospAcc"": ""QCI"", ""hospName"": ""Balaji dental centre"", ""tierType"": ""Tier 1""}"
686,DELHI/HQ/DIRECTORATE/MINISTRY,DELHI/HQ/DIRECTORATE/MINISTRY,18,BANSAL GLOBAL HOSPITAL UNIT OF KESHAR DEVI HEALTH,QCI,Tier 1,Delhi,,"{""adcityName"": ""DELHI/HQ/DIRECTORATE/MINISTRY"", ""cityName"": ""Delhi"", ""hospAcc"": ""QCI"", ""hospName"": ""BANSAL GLOBAL HOSPITAL UNIT OF KESHAR DEVI HEALTH"", ""tierType"": ""Tier 1""}"
687,DELHI/HQ/DIRECTORATE/MINISTRY,DELHI/HQ/DIRECTORATE/MINISTRY,18,Bansal Hospital,NABH,Tier 1,Delhi,,"{""adcityName"": ""DELHI/HQ/DIRECTORATE/MINISTRY"", ""cityName"": ""Delhi"", ""hospAcc"": ""NABH"", ""hospName"": ""Bansal Hospital"", ""tierType"": ""Tier 1""}"
688,DELHI/HQ/DIRECTORATE/MINISTRY,DELHI/HQ/DIRECTORATE/MINISTRY,18,BANSAL HOSPITAL,NABH,Tier 1,Delhi,,"{""adcityName"": ""DELHI/HQ/DIRECTORATE/MINISTRY"", ""cityName"": ""Delhi"", ""hospAcc"": ""NABH"", ""hospName"": ""BANSAL HOSPITAL"", ""tierType"": ""Tier 1""}"
689,DELHI/HQ/DIRECTORATE/MINISTRY,DELHI/HQ/DIRECTORATE/MINISTRY,18,BANSAL HOSPITAL A UNIT OF NAMEDI HOSPITALS PVT LTD,NABH,Tier 1,Delhi,,"{""adcityName"": ""DELHI/HQ/DIRECTORATE/MINISTRY"", ""cityName"": ""Delhi"", ""hospAcc"": ""NABH"", ""hospName"": ""BANSAL HOSPITAL A UNIT OF NAMEDI HOSPITALS PVT LTD"", ""tierType"": ""Tier 1""}"
690,DELHI/HQ/DIRECTORATE/MINISTRY,DELHI/HQ/DIRECTORATE/MINISTRY,18,BATRA DENTAL CLINIC,,Tier 1,Delhi,,"{""adcityName"": ""DELHI/HQ/DIRECTORATE/MINISTRY"", ""cityName"": ""Delhi"", ""hospAcc"": """", ""hospName"": ""BATRA DENTAL CLINIC"", ""tierType"": ""Tier 1""}"
691,DELHI/HQ/DIRECTORATE/MINISTRY,DELHI/HQ/DIRECTORATE/MINISTRY,18,BATRA HEART AND MULTISPECILAITY HOSPITAL A UNIT OF WONDER HOSPITAL PVT LTD,QCI,Tier 1,FARIDABAD,,"{""adcityName"": ""DELHI/HQ/DIRECTORATE/MINISTRY"", ""cityName"": ""FARIDABAD"", ""hospAcc"": ""QCI"", ""hospName"": ""BATRA HEART AND MULTISPECILAITY HOSPITAL A UNIT OF WONDER HOSPITAL PVT LTD"", ""tierType"": ""Tier 1""}"
692,DELHI/HQ/DIRECTORATE/MINISTRY,DELHI/HQ/DIRECTORATE/MINISTRY,18,BATRA HOSPITAL and MEDICAL RESEARCH CENTRE,NABH,Tier 1,Delhi,,"{""adcityName"": ""DELHI/HQ/DIRECTORATE/MINISTRY"", ""cityName"": ""Delhi"", ""hospAcc"": ""NABH"", ""hospName"": ""BATRA HOSPITAL and MEDICAL RESEARCH CENTRE"", ""tierType"": ""Tier 1""}"
693,DELHI/HQ/DIRECTORATE/MINISTRY,DELHI/HQ/DIRECTORATE/MINISTRY,18,BENSUPS HOSPITAL,NABH,Tier 1,Delhi,,"{""adcityName"": ""DELHI/HQ/DIRECTORATE/MINISTRY"", ""cityName"": ""Delhi"", ""hospAcc"": ""NABH"", ""hospName"": ""BENSUPS HOSPITAL"", ""tierType"": ""Tier 1""}"
694,DELHI/HQ/DIRECTORATE/MINISTRY,DELHI/HQ/DIRECTORATE/MINISTRY,18,BEST O CARE PEDODONTIC AND MULTISPECIALITY DENTAL,QCI,Tier 1,Delhi,,"{""adcityName"": ""DELHI/HQ/DIRECTORATE/MINISTRY"", ""cityName"": ""Delhi"", ""hospAcc"": ""QCI"", ""hospName"": ""BEST O CARE PEDODONTIC AND MULTISPECIALITY DENTAL"", ""tierType"": ""Tier 1""}"
695,DELHI/HQ/DIRECTORATE/MINISTRY,DELHI/HQ/DIRECTORATE/MINISTRY,18,BHAGAT CHANDRA HOSPITAL,NABH Valid till 09.10.2024,Tier 1,Delhi,,"{""adcityName"": ""DELHI/HQ/DIRECTORATE/MINISTRY"", ""cityName"": ""Delhi"", ""hospAcc"": ""NABH Valid till 09.10.2024"", ""hospName"": ""BHAGAT CHANDRA HOSPITAL"", ""tierType"": ""Tier 1""}"
696,DELHI/HQ/DIRECTORATE/MINISTRY,DELHI/HQ/DIRECTORATE/MINISTRY,18,BHAGWAN DAS HOSPITAL,NABH,Tier 2,SONIPAT,,"{""adcityName"": ""DELHI/HQ/DIRECTORATE/MINISTRY"", ""cityName"": ""SONIPAT"", ""hospAcc"": ""NABH"", ""hospName"": ""BHAGWAN DAS HOSPITAL"", ""tierType"": ""Tier 2""}"
697,DELHI/HQ/DIRECTORATE/MINISTRY,DELHI/HQ/DIRECTORATE/MINISTRY,18,BHAGWAN MAHAVIR HOSPITAL,NABH,Tier 1,Delhi,,"{""adcityName"": ""DELHI/HQ/DIRECTORATE/MINISTRY"", ""cityName"": ""Delhi"", ""hospAcc"": ""NABH"", ""hospName"": ""BHAGWAN MAHAVIR HOSPITAL"", ""tierType"": ""Tier 1""}"
698,DELHI/HQ/DIRECTORATE/MINISTRY,DELHI/HQ/DIRECTORATE/MINISTRY,18,bhagwati hospital,NABH,Tier 1,Delhi,,"{""adcityName"": ""DELHI/HQ/DIRECTORATE/MINISTRY"", ""cityName"": ""Delhi"", ""hospAcc"": ""NABH"", ""hospName"": ""bhagwati hospital"", ""tierType"": ""Tier 1""}"
699,DELHI/HQ/DIRECTORATE/MINISTRY,DELHI/HQ/DIRECTORATE/MINISTRY,18,BHAGWATI HOSPITAL,NABH,Tier 1,Delhi,,"{""adcityName"": ""DELHI/HQ/DIRECTORATE/MINISTRY"", ""cityName"": ""Delhi"", ""hospAcc"": ""NABH"", ""hospName"": ""BHAGWATI HOSPITAL"", ""tierType"": ""Tier 1""}"
700,DELHI/HQ/DIRECTORATE/MINISTRY,DELHI/HQ/DIRECTORATE/MINISTRY,18,BHARDWAJ HOSPITAL,NABH,Tier 2,GAUTAM BUDDHA NAGAR,,"{""adcityName"": ""DELHI/HQ/DIRECTORATE/MINISTRY"", ""cityName"": ""GAUTAM BUDDHA NAGAR"", ""hospAcc"": ""NABH"", ""hospName"": ""BHARDWAJ HOSPITAL"", ""tierType"": ""Tier 2""}"
701,DELHI/HQ/DIRECTORATE/MINISTRY,DELHI/HQ/DIRECTORATE/MINISTRY,18,BHARTI EYE FOUNDATION,NABH,Tier 1,Delhi,,"{""adcityName"": ""DELHI/HQ/DIRECTORATE/MINISTRY"", ""cityName"": ""Delhi"", ""hospAcc"": ""NABH"", ""hospName"": ""BHARTI EYE FOUNDATION"", ""tierType"": ""Tier 1""}"
702,DELHI/HQ/DIRECTORATE/MINISTRY,DELHI/HQ/DIRECTORATE/MINISTRY,18,BHARTI EYE HOSPITAL,Nabh,Tier 1,Delhi,,"{""adcityName"": ""DELHI/HQ/DIRECTORATE/MINISTRY"", ""cityName"": ""Delhi"", ""hospAcc"": ""Nabh "", ""hospName"": ""BHARTI EYE HOSPITAL"", ""tierType"": ""Tier 1""}"
703,DELHI/HQ/DIRECTORATE/MINISTRY,DELHI/HQ/DIRECTORATE/MINISTRY,18,BHATIA GLOBAL HOSPITAL and ENDO-SURGERY INSTITUTE,NABH Valid till 18.09.2026,Tier 1,Delhi,,"{""adcityName"": ""DELHI/HQ/DIRECTORATE/MINISTRY"", ""cityName"": ""Delhi"", ""hospAcc"": ""NABH Valid till 18.09.2026"", ""hospName"": ""BHATIA GLOBAL HOSPITAL and ENDO-SURGERY INSTITUTE"", ""tierType"": ""Tier 1""}"
704,DELHI/HQ/DIRECTORATE/MINISTRY,DELHI/HQ/DIRECTORATE/MINISTRY,18,B.H SALVAS HOSPITAL,QCI,Tier 1,Delhi,,"{""adcityName"": ""DELHI/HQ/DIRECTORATE/MINISTRY"", ""cityName"": ""Delhi"", ""hospAcc"": ""QCI"", ""hospName"": ""B.H SALVAS HOSPITAL"", ""tierType"": ""Tier 1""}"
705,DELHI/HQ/DIRECTORATE/MINISTRY,DELHI/HQ/DIRECTORATE/MINISTRY,18,BM GUPTA HOSPITAL PVT LTD,QCI,Tier 1,Delhi,,"{""adcityName"": ""DELHI/HQ/DIRECTORATE/MINISTRY"", ""cityName"": ""Delhi"", ""hospAcc"": ""QCI"", ""hospName"": ""BM GUPTA HOSPITAL PVT LTD"", ""tierType"": ""Tier 1""}"
706,DELHI/HQ/DIRECTORATE/MINISTRY,DELHI/HQ/DIRECTORATE/MINISTRY,18,BRACES & CROWNS,QCI,Tier 1,Delhi,,"{""adcityName"": ""DELHI/HQ/DIRECTORATE/MINISTRY"", ""cityName"": ""Delhi"", ""hospAcc"": ""QCI"", ""hospName"": ""BRACES & CROWNS"", ""tierType"": ""Tier 1""}"
707,DELHI/HQ/DIRECTORATE/MINISTRY,DELHI/HQ/DIRECTORATE/MINISTRY,18,BRAHM SHAKTI HOSPITAL - BUDH VIHAR,QCI,Tier 1,Delhi,,"{""adcityName"": ""DELHI/HQ/DIRECTORATE/MINISTRY"", ""cityName"": ""Delhi"", ""hospAcc"": ""QCI"", ""hospName"": ""BRAHM SHAKTI HOSPITAL - BUDH VIHAR"", ""tierType"": ""Tier 1""}"
708,DELHI/HQ/DIRECTORATE/MINISTRY,DELHI/HQ/DIRECTORATE/MINISTRY,18,BRIJ DENTAL CLINIC,QCI,Tier 1,Delhi,,"{""adcityName"": ""DELHI/HQ/DIRECTORATE/MINISTRY"", ""cityName"": ""Delhi"", ""hospAcc"": ""QCI"", ""hospName"": ""BRIJ DENTAL CLINIC"", ""tierType"": ""Tier 1""}"
709,DELHI/HQ/DIRECTORATE/MINISTRY,DELHI/HQ/DIRECTORATE/MINISTRY,18,C 15 MRI IMAGING and DIAGNOSTICS RESEARCH CENTRE LTD,NABH valid till 01.09.2028,Tier 1,Delhi,,"{""adcityName"": ""DELHI/HQ/DIRECTORATE/MINISTRY"", ""cityName"": ""Delhi"", ""hospAcc"": ""NABH valid till 01.09.2028"", ""hospName"": ""C 15 MRI IMAGING and DIAGNOSTICS RESEARCH CENTRE LTD"", ""tierType"": ""Tier 1""}"
710,DELHI/HQ/DIRECTORATE/MINISTRY,DELHI/HQ/DIRECTORATE/MINISTRY,18,CAPITAL X-RAY and SCAN CLINIC,NABL,Tier 1,Delhi,,"{""adcityName"": ""DELHI/HQ/DIRECTORATE/MINISTRY"", ""cityName"": ""Delhi"", ""hospAcc"": ""NABL"", ""hospName"": ""CAPITAL X-RAY and SCAN CLINIC"", ""tierType"": ""Tier 1""}"
711,DELHI/HQ/DIRECTORATE/MINISTRY,DELHI/HQ/DIRECTORATE/MINISTRY,18,CARE DIAGNOSTICS,QCI,Tier 1,Delhi,,"{""adcityName"": ""DELHI/HQ/DIRECTORATE/MINISTRY"", ""cityName"": ""Delhi"", ""hospAcc"": ""QCI"", ""hospName"": ""CARE DIAGNOSTICS"", ""tierType"": ""Tier 1""}"
712,DELHI/HQ/DIRECTORATE/MINISTRY,DELHI/HQ/DIRECTORATE/MINISTRY,18,CARE EYE CENTRE and DIAGNOSTICS,QCI,Tier 1,Delhi,,"{""adcityName"": ""DELHI/HQ/DIRECTORATE/MINISTRY"", ""cityName"": ""Delhi"", ""hospAcc"": ""QCI"", ""hospName"": ""CARE EYE CENTRE and DIAGNOSTICS"", ""tierType"": ""Tier 1""}"
713,DELHI/HQ/DIRECTORATE/MINISTRY,DELHI/HQ/DIRECTORATE/MINISTRY,18,C.D. Global Hospital,QCI,Tier 1,Delhi,,"{""adcityName"": ""DELHI/HQ/DIRECTORATE/MINISTRY"", ""cityName"": ""Delhi"", ""hospAcc"": ""QCI"", ""hospName"": ""C.D. Global Hospital"", ""tierType"": ""Tier 1""}"
714,DELHI/HQ/DIRECTORATE/MINISTRY,DELHI/HQ/DIRECTORATE/MINISTRY,18,CENTRE FOR SIGHT- ASHOK VIHAR,QCI,Tier 1,Delhi,,"{""adcityName"": ""DELHI/HQ/DIRECTORATE/MINISTRY"", ""cityName"": ""Delhi"", ""hospAcc"": ""QCI"", ""hospName"": ""CENTRE FOR SIGHT- ASHOK VIHAR"", ""tierType"": ""Tier 1""}"
715,DELHI/HQ/DIRECTORATE/MINISTRY,DELHI/HQ/DIRECTORATE/MINISTRY,18,CENTRE FOR SIGHT ASHOK VIHAR A UNIT OF NEW DELHI CENTRE FOR SIGHT LTD,NABH,Tier 1,Delhi,,"{""adcityName"": ""DELHI/HQ/DIRECTORATE/MINISTRY"", ""cityName"": ""Delhi"", ""hospAcc"": ""NABH"", ""hospName"": ""CENTRE FOR SIGHT ASHOK VIHAR A UNIT OF NEW DELHI CENTRE FOR SIGHT LTD"", ""tierType"": ""Tier 1""}"
716,DELHI/HQ/DIRECTORATE/MINISTRY,DELHI/HQ/DIRECTORATE/MINISTRY,18,Centre for Sight A Unit of New Delhi Centre for Sight Ltd,NABH,Tier 1,GHAZIABAD,,"{""adcityName"": ""DELHI/HQ/DIRECTORATE/MINISTRY"", ""cityName"": ""GHAZIABAD"", ""hospAcc"": ""NABH"", ""hospName"": ""Centre for Sight A Unit of New Delhi Centre for Sight Ltd"", ""tierType"": ""Tier 1""}"
717,DELHI/HQ/DIRECTORATE/MINISTRY,DELHI/HQ/DIRECTORATE/MINISTRY,18,Centre for Sight A Unit of New Delhi Centre for Sight Ltd,NABH,Tier 2,GAUTAM BUDDHA NAGAR,,"{""adcityName"": ""DELHI/HQ/DIRECTORATE/MINISTRY"", ""cityName"": ""GAUTAM BUDDHA NAGAR"", ""hospAcc"": ""NABH"", ""hospName"": ""Centre for Sight A Unit of New Delhi Centre for Sight Ltd"", ""tierType"": ""Tier 2""}"
718,DELHI/HQ/DIRECTORATE/MINISTRY,DELHI/HQ/DIRECTORATE/MINISTRY,18,Centre for Sight A Unit of New Delhi Centre for Sight Ltd,NABH,Tier 1,GHAZIABAD,,"{""adcityName"": ""DELHI/HQ/DIRECTORATE/MINISTRY"", ""cityName"": ""GHAZIABAD"", ""hospAcc"": ""NABH"", ""hospName"": ""Centre for Sight A Unit of New Delhi Centre for Sight Ltd"", ""tierType"": ""Tier 1""}"
719,DELHI/HQ/DIRECTORATE/MINISTRY,DELHI/HQ/DIRECTORATE/MINISTRY,18,CENTRE FOR SIGHT DWARKA A UNIT OF NEW DELHI CENTRE FOR SIGHT LTD,NABH,Tier 1,Delhi,,"{""adcityName"": ""DELHI/HQ/DIRECTORATE/MINISTRY"", ""cityName"": ""Delhi"", ""hospAcc"": ""NABH"", ""hospName"": ""CENTRE FOR SIGHT DWARKA A UNIT OF NEW DELHI CENTRE FOR SIGHT LTD"", ""tierType"": ""Tier 1""}"
720,DELHI/HQ/DIRECTORATE/MINISTRY,DELHI/HQ/DIRECTORATE/MINISTRY,18,CENTRE FOR SIGHT FARIDABAD A UNIT OF NEW DELHI CENTRE FOR SIGHT LTD,NABH,Tier 1,Faridabad,,"{""adcityName"": ""DELHI/HQ/DIRECTORATE/MINISTRY"", ""cityName"": ""Faridabad"", ""hospAcc"": ""NABH"", ""hospName"": ""CENTRE FOR SIGHT FARIDABAD A UNIT OF NEW DELHI CENTRE FOR SIGHT LTD"", ""tierType"": ""Tier 1""}"
721,DELHI/HQ/DIRECTORATE/MINISTRY,DELHI/HQ/DIRECTORATE/MINISTRY,18,CENTRE FOR SIGHT GURGAON A UNIT OF NEW DELHI CENTRE FOR SIGHT LTD,NABH,Tier 1,GURUGRAM,,"{""adcityName"": ""DELHI/HQ/DIRECTORATE/MINISTRY"", ""cityName"": ""GURUGRAM"", ""hospAcc"": ""NABH"", ""hospName"": ""CENTRE FOR SIGHT GURGAON A UNIT OF NEW DELHI CENTRE FOR SIGHT LTD"", ""tierType"": ""Tier 1""}"
722,DELHI/HQ/DIRECTORATE/MINISTRY,DELHI/HQ/DIRECTORATE/MINISTRY,18,Centre For Sight PREET VIHARA UNIT OF NEW DELHI CENTRE FOR SIGHT LTD,NABH,Tier 1,Delhi,,"{""adcityName"": ""DELHI/HQ/DIRECTORATE/MINISTRY"", ""cityName"": ""Delhi"", ""hospAcc"": ""NABH"", ""hospName"": ""Centre For Sight PREET VIHARA UNIT OF NEW DELHI CENTRE FOR SIGHT LTD"", ""tierType"": ""Tier 1""}"
723,DELHI/HQ/DIRECTORATE/MINISTRY,DELHI/HQ/DIRECTORATE/MINISTRY,18,CENTRE FOR SIGHT RAJOURI GARDEN A UNIT OF NEW DELHI CENTRE FOR SIGHT LTD,QCI,Tier 1,Delhi,,"{""adcityName"": ""DELHI/HQ/DIRECTORATE/MINISTRY"", ""cityName"": ""Delhi"", ""hospAcc"": ""QCI"", ""hospName"": ""CENTRE FOR SIGHT RAJOURI GARDEN A UNIT OF NEW DELHI CENTRE FOR SIGHT LTD"", ""tierType"": ""Tier 1""}"
724,DELHI/HQ/DIRECTORATE/MINISTRY,DELHI/HQ/DIRECTORATE/MINISTRY,18,CENTRE FOR SIGHT ROHINI A UNIT OF NEW DELHI CENTRE FOR SIGHT LTD,QCI,Tier 1,Delhi,,"{""adcityName"": ""DELHI/HQ/DIRECTORATE/MINISTRY"", ""cityName"": ""Delhi"", ""hospAcc"": ""QCI"", ""hospName"": ""CENTRE FOR SIGHT ROHINI A UNIT OF NEW DELHI CENTRE FOR SIGHT LTD"", ""tierType"": ""Tier 1""}"
725,DELHI/HQ/DIRECTORATE/MINISTRY,DELHI/HQ/DIRECTORATE/MINISTRY,18,CENTRE FOR SIGHT SAFDARJUNG ENCLAVE A UNIT OF NEW DELHI CENTRE FOR SIGHT LTD,NABH,Tier 1,Delhi,,"{""adcityName"": ""DELHI/HQ/DIRECTORATE/MINISTRY"", ""cityName"": ""Delhi"", ""hospAcc"": ""NABH"", ""hospName"": ""CENTRE FOR SIGHT SAFDARJUNG ENCLAVE A UNIT OF NEW DELHI CENTRE FOR SIGHT LTD"", ""tierType"": ""Tier 1""}"
726,DELHI/HQ/DIRECTORATE/MINISTRY,DELHI/HQ/DIRECTORATE/MINISTRY,18,CENTRE FOR SIGHT - VIKASPURI,QCI,Tier 1,Delhi,,"{""adcityName"": ""DELHI/HQ/DIRECTORATE/MINISTRY"", ""cityName"": ""Delhi"", ""hospAcc"": ""QCI"", ""hospName"": ""CENTRE FOR SIGHT - VIKASPURI"", ""tierType"": ""Tier 1""}"
727,DELHI/HQ/DIRECTORATE/MINISTRY,DELHI/HQ/DIRECTORATE/MINISTRY,18,CENTRE FOR SIGHT VIKASPURI A UNIT OF NEW DELHI CENTRE FOR SIGHT LTD,QCI,Tier 1,Delhi,,"{""adcityName"": ""DELHI/HQ/DIRECTORATE/MINISTRY"", ""cityName"": ""Delhi"", ""hospAcc"": ""QCI"", ""hospName"": ""CENTRE FOR SIGHT VIKASPURI A UNIT OF NEW DELHI CENTRE FOR SIGHT LTD"", ""tierType"": ""Tier 1""}"
728,DELHI/HQ/DIRECTORATE/MINISTRY,DELHI/HQ/DIRECTORATE/MINISTRY,18,CENTRE FOR SMILE DENTAL AND HEART CLINIC,NABH,Tier 1,FARIDABAD,,"{""adcityName"": ""DELHI/HQ/DIRECTORATE/MINISTRY"", ""cityName"": ""FARIDABAD"", ""hospAcc"": ""NABH"", ""hospName"": ""CENTRE FOR SMILE DENTAL AND HEART CLINIC"", ""tierType"": ""Tier 1""}"
729,DELHI/HQ/DIRECTORATE/MINISTRY,DELHI/HQ/DIRECTORATE/MINISTRY,18,CENTRE FOR SMILE DENTAL CLINIC AND IMPLANT CENTRE,QCI,Tier 1,Delhi,,"{""adcityName"": ""DELHI/HQ/DIRECTORATE/MINISTRY"", ""cityName"": ""Delhi"", ""hospAcc"": ""QCI"", ""hospName"": ""CENTRE FOR SMILE DENTAL CLINIC AND IMPLANT CENTRE"", ""tierType"": ""Tier 1""}"
730,DELHI/HQ/DIRECTORATE/MINISTRY,DELHI/HQ/DIRECTORATE/MINISTRY,18,CHANDRA LAXMI HOSPITAL,NABH,Tier 1,GHAZIABAD,,"{""adcityName"": ""DELHI/HQ/DIRECTORATE/MINISTRY"", ""cityName"": ""GHAZIABAD"", ""hospAcc"": ""NABH"", ""hospName"": ""CHANDRA LAXMI HOSPITAL"", ""tierType"": ""Tier 1""}"
731,DELHI/HQ/DIRECTORATE/MINISTRY,DELHI/HQ/DIRECTORATE/MINISTRY,18,Chaudhary Eye Centre and Laser Vision,NABH,Tier 1,Delhi,,"{""adcityName"": ""DELHI/HQ/DIRECTORATE/MINISTRY"", ""cityName"": ""Delhi"", ""hospAcc"": ""NABH"", ""hospName"": ""Chaudhary Eye Centre and Laser Vision"", ""tierType"": ""Tier 1""}"
732,DELHI/HQ/DIRECTORATE/MINISTRY,DELHI/HQ/DIRECTORATE/MINISTRY,18,CHOPRA EYE HOSPITAL,QCI,Tier 1,Delhi,,"{""adcityName"": ""DELHI/HQ/DIRECTORATE/MINISTRY"", ""cityName"": ""Delhi"", ""hospAcc"": ""QCI"", ""hospName"": ""CHOPRA EYE HOSPITAL"", ""tierType"": ""Tier 1""}"
733,DELHI/HQ/DIRECTORATE/MINISTRY,DELHI/HQ/DIRECTORATE/MINISTRY,18,City dental and orthodontic clinic,QCI,Tier 1,Delhi,,"{""adcityName"": ""DELHI/HQ/DIRECTORATE/MINISTRY"", ""cityName"": ""Delhi"", ""hospAcc"": ""QCI"", ""hospName"": ""City dental and orthodontic clinic"", ""tierType"": ""Tier 1""}"
734,DELHI/HQ/DIRECTORATE/MINISTRY,DELHI/HQ/DIRECTORATE/MINISTRY,18,CITY DENTAL CLINIC,NABH,Tier 1,FARIDABAD,,"{""adcityName"": ""DELHI/HQ/DIRECTORATE/MINISTRY"", ""cityName"": ""FARIDABAD"", ""hospAcc"": ""NABH"", ""hospName"": ""CITY DENTAL CLINIC"", ""tierType"": ""Tier 1""}"
735,DELHI/HQ/DIRECTORATE/MINISTRY,DELHI/HQ/DIRECTORATE/MINISTRY,18,CITY IMAGING AND CLINICAL LABS LLP,NABH,Tier 1,Delhi,,"{""adcityName"": ""DELHI/HQ/DIRECTORATE/MINISTRY"", ""cityName"": ""Delhi"", ""hospAcc"": ""NABH"", ""hospName"": ""CITY IMAGING AND CLINICAL LABS LLP"", ""tierType"": ""Tier 1""}"
736,DELHI/HQ/DIRECTORATE/MINISTRY,DELHI/HQ/DIRECTORATE/MINISTRY,18,CLAREMONT SMILE DESIGN DENTAL CLINIC,QCI,Tier 1,GURUGRAM,,"{""adcityName"": ""DELHI/HQ/DIRECTORATE/MINISTRY"", ""cityName"": ""GURUGRAM"", ""hospAcc"": ""QCI"", ""hospName"": ""CLAREMONT SMILE DESIGN DENTAL CLINIC"", ""tierType"": ""Tier 1""}"
737,DELHI/HQ/DIRECTORATE/MINISTRY,DELHI/HQ/DIRECTORATE/MINISTRY,18,CLINICAL DIAGNOSTIC CENTRE,NABH Valid till 14.11.2027,Tier 1,Delhi,,"{""adcityName"": ""DELHI/HQ/DIRECTORATE/MINISTRY"", ""cityName"": ""Delhi"", ""hospAcc"": ""NABH Valid till 14.11.2027"", ""hospName"": ""CLINICAL DIAGNOSTIC CENTRE"", ""tierType"": ""Tier 1""}"
738,DELHI/HQ/DIRECTORATE/MINISTRY,DELHI/HQ/DIRECTORATE/MINISTRY,18,COMPLETE EYE CARE,NABH,Tier 1,GURUGRAM,,"{""adcityName"": ""DELHI/HQ/DIRECTORATE/MINISTRY"", ""cityName"": ""GURUGRAM"", ""hospAcc"": ""NABH"", ""hospName"": ""COMPLETE EYE CARE"", ""tierType"": ""Tier 1""}"
739,DELHI/HQ/DIRECTORATE/MINISTRY,DELHI/HQ/DIRECTORATE/MINISTRY,18,COMPLETE EYE CARE CENTRE,QCI,Tier 1,Delhi,,"{""adcityName"": ""DELHI/HQ/DIRECTORATE/MINISTRY"", ""cityName"": ""Delhi"", ""hospAcc"": ""QCI"", ""hospName"": ""COMPLETE EYE CARE CENTRE"", ""tierType"": ""Tier 1""}"
740,DELHI/HQ/DIRECTORATE/MINISTRY,DELHI/HQ/DIRECTORATE/MINISTRY,18,COSMODENTZ DENTAL CLINIC,NABH,Tier 2,SONIPAT,,"{""adcityName"": ""DELHI/HQ/DIRECTORATE/MINISTRY"", ""cityName"": ""SONIPAT"", ""hospAcc"": ""NABH"", ""hospName"": ""COSMODENTZ DENTAL CLINIC"", ""tierType"": ""Tier 2""}"
741,DELHI/HQ/DIRECTORATE/MINISTRY,DELHI/HQ/DIRECTORATE/MINISTRY,18,COSMODENTZ DENTAL CLINIC,QCI,Tier 1,GURUGRAM,,"{""adcityName"": ""DELHI/HQ/DIRECTORATE/MINISTRY"", ""cityName"": ""GURUGRAM"", ""hospAcc"": ""QCI"", ""hospName"": ""COSMODENTZ DENTAL CLINIC"", ""tierType"": ""Tier 1""}"
742,DELHI/HQ/DIRECTORATE/MINISTRY,DELHI/HQ/DIRECTORATE/MINISTRY,18,COSMOS IMAGING CENTRE,QCI,Tier 1,Delhi,,"{""adcityName"": ""DELHI/HQ/DIRECTORATE/MINISTRY"", ""cityName"": ""Delhi"", ""hospAcc"": ""QCI"", ""hospName"": ""COSMOS IMAGING CENTRE"", ""tierType"": ""Tier 1""}"
743,DELHI/HQ/DIRECTORATE/MINISTRY,DELHI/HQ/DIRECTORATE/MINISTRY,18,Crossroads hospital Pvt. Ltd,NABH,Tier 2,SONIPAT,,"{""adcityName"": ""DELHI/HQ/DIRECTORATE/MINISTRY"", ""cityName"": ""SONIPAT"", ""hospAcc"": ""NABH"", ""hospName"": ""Crossroads hospital Pvt. Ltd"", ""tierType"": ""Tier 2""}"
744,DELHI/HQ/DIRECTORATE/MINISTRY,DELHI/HQ/DIRECTORATE/MINISTRY,18,Crown & Roots,QCI,Tier 1,Delhi,,"{""adcityName"": ""DELHI/HQ/DIRECTORATE/MINISTRY"", ""cityName"": ""Delhi"", ""hospAcc"": ""QCI"", ""hospName"": ""Crown & Roots"", ""tierType"": ""Tier 1""}"
745,DELHI/HQ/DIRECTORATE/MINISTRY,DELHI/HQ/DIRECTORATE/MINISTRY,18,CRYSTAL DENTAL CENTRE UNIT OF CRYSTAL DENTALCARE,NABH Valid till 10.01.2026,Tier 1,Delhi,,"{""adcityName"": ""DELHI/HQ/DIRECTORATE/MINISTRY"", ""cityName"": ""Delhi"", ""hospAcc"": ""NABH Valid till 10.01.2026"", ""hospName"": ""CRYSTAL DENTAL CENTRE UNIT OF CRYSTAL DENTALCARE"", ""tierType"": ""Tier 1""}"
746,DELHI/HQ/DIRECTORATE/MINISTRY,DELHI/HQ/DIRECTORATE/MINISTRY,18,CURE 32 DENTAL AND IMPLANT CENTER,QCI,Tier 1,GHAZIABAD,,"{""adcityName"": ""DELHI/HQ/DIRECTORATE/MINISTRY"", ""cityName"": ""GHAZIABAD"", ""hospAcc"": ""QCI"", ""hospName"": ""CURE 32 DENTAL AND IMPLANT CENTER"", ""tierType"": ""Tier 1""}"
747,DELHI/HQ/DIRECTORATE/MINISTRY,DELHI/HQ/DIRECTORATE/MINISTRY,18,CYGNUS J.K. HINDU HOSPITAL,NABH,Tier 2,SONIPAT,,"{""adcityName"": ""DELHI/HQ/DIRECTORATE/MINISTRY"", ""cityName"": ""SONIPAT"", ""hospAcc"": ""NABH"", ""hospName"": ""CYGNUS J.K. HINDU HOSPITAL"", ""tierType"": ""Tier 2""}"
748,DELHI/HQ/DIRECTORATE/MINISTRY,DELHI/HQ/DIRECTORATE/MINISTRY,18,CYGNUS MLS SUPER SPECIALITY HOSPITAL,NABH Valid till 16.02.2027,Tier 1,Delhi,,"{""adcityName"": ""DELHI/HQ/DIRECTORATE/MINISTRY"", ""cityName"": ""Delhi"", ""hospAcc"": ""NABH Valid till 16.02.2027"", ""hospName"": ""CYGNUS MLS SUPER SPECIALITY HOSPITAL"", ""tierType"": ""Tier 1""}"
749,DELHI/HQ/DIRECTORATE/MINISTRY,DELHI/HQ/DIRECTORATE/MINISTRY,18,DABAS DENTAL CLINIC and ORTHODONTIC CENTRE,QCI,Tier 1,Delhi,,"{""adcityName"": ""DELHI/HQ/DIRECTORATE/MINISTRY"", ""cityName"": ""Delhi"", ""hospAcc"": ""QCI"", ""hospName"": ""DABAS DENTAL CLINIC and ORTHODONTIC CENTRE"", ""tierType"": ""Tier 1""}"
750,DELHI/HQ/DIRECTORATE/MINISTRY,DELHI/HQ/DIRECTORATE/MINISTRY,18,DAHIYA EYE And MATERNITY HOSPITAL,NABH,Tier 2,SONIPAT,,"{""adcityName"": ""DELHI/HQ/DIRECTORATE/MINISTRY"", ""cityName"": ""SONIPAT"", ""hospAcc"": ""NABH"", ""hospName"": ""DAHIYA EYE And MATERNITY HOSPITAL"", ""tierType"": ""Tier 2""}"
751,DELHI/HQ/DIRECTORATE/MINISTRY,DELHI/HQ/DIRECTORATE/MINISTRY,18,DALCO Healthcare & Wellness Center,NABH,Tier 1,Delhi,,"{""adcityName"": ""DELHI/HQ/DIRECTORATE/MINISTRY"", ""cityName"": ""Delhi"", ""hospAcc"": ""NABH"", ""hospName"": ""DALCO Healthcare & Wellness Center"", ""tierType"": ""Tier 1""}"
752,DELHI/HQ/DIRECTORATE/MINISTRY,DELHI/HQ/DIRECTORATE/MINISTRY,18,DALCO Healthcare & Wellness Center,NABH,Tier 1,Delhi,,"{""adcityName"": ""DELHI/HQ/DIRECTORATE/MINISTRY"", ""cityName"": ""Delhi"", ""hospAcc"": ""NABH"", ""hospName"": ""DALCO Healthcare & Wellness Center"", ""tierType"": ""Tier 1""}"
753,DELHI/HQ/DIRECTORATE/MINISTRY,DELHI/HQ/DIRECTORATE/MINISTRY,18,DALCO Healthcare & Wellness Center,NABH,Tier 1,Delhi,,"{""adcityName"": ""DELHI/HQ/DIRECTORATE/MINISTRY"", ""cityName"": ""Delhi"", ""hospAcc"": ""NABH"", ""hospName"": ""DALCO Healthcare & Wellness Center"", ""tierType"": ""Tier 1""}"
754,DELHI/HQ/DIRECTORATE/MINISTRY,DELHI/HQ/DIRECTORATE/MINISTRY,18,Dant Vedaa A Unit of Rahar Health Care,QCI,Tier 1,Delhi,,"{""adcityName"": ""DELHI/HQ/DIRECTORATE/MINISTRY"", ""cityName"": ""Delhi"", ""hospAcc"": ""QCI"", ""hospName"": ""Dant Vedaa A Unit of Rahar Health Care"", ""tierType"": ""Tier 1""}"
755,DELHI/HQ/DIRECTORATE/MINISTRY,DELHI/HQ/DIRECTORATE/MINISTRY,18,Dayal eye centre,QCI,Tier 1,GURUGRAM,,"{""adcityName"": ""DELHI/HQ/DIRECTORATE/MINISTRY"", ""cityName"": ""GURUGRAM"", ""hospAcc"": ""QCI"", ""hospName"": ""Dayal eye centre"", ""tierType"": ""Tier 1""}"
756,DELHI/HQ/DIRECTORATE/MINISTRY,DELHI/HQ/DIRECTORATE/MINISTRY,18,DAYANAND HOSPITAL AND CRITICAL CARE CENTRE,NABH,Tier 2,SONIPAT,,"{""adcityName"": ""DELHI/HQ/DIRECTORATE/MINISTRY"", ""cityName"": ""SONIPAT"", ""hospAcc"": ""NABH"", ""hospName"": ""DAYANAND HOSPITAL AND CRITICAL CARE CENTRE"", ""tierType"": ""Tier 2""}"
757,DELHI/HQ/DIRECTORATE/MINISTRY,DELHI/HQ/DIRECTORATE/MINISTRY,18,DC PATHLAB AND IMAGING CENTRE PVT LTD,NABH,Tier 1,Delhi,,"{""adcityName"": ""DELHI/HQ/DIRECTORATE/MINISTRY"", ""cityName"": ""Delhi"", ""hospAcc"": ""NABH"", ""hospName"": ""DC PATHLAB AND IMAGING CENTRE PVT LTD"", ""tierType"": ""Tier 1""}"
758,DELHI/HQ/DIRECTORATE/MINISTRY,DELHI/HQ/DIRECTORATE/MINISTRY,18,Deepa Dental Care,NABH,Tier 1,GHAZIABAD,,"{""adcityName"": ""DELHI/HQ/DIRECTORATE/MINISTRY"", ""cityName"": ""GHAZIABAD"", ""hospAcc"": ""NABH"", ""hospName"": ""Deepa Dental Care"", ""tierType"": ""Tier 1""}"
759,DELHI/HQ/DIRECTORATE/MINISTRY,DELHI/HQ/DIRECTORATE/MINISTRY,18,Delhi 32 Dental Centre,QCI,Tier 1,Delhi,,"{""adcityName"": ""DELHI/HQ/DIRECTORATE/MINISTRY"", ""cityName"": ""Delhi"", ""hospAcc"": ""QCI"", ""hospName"": ""Delhi 32 Dental Centre"", ""tierType"": ""Tier 1""}"
760,DELHI/HQ/DIRECTORATE/MINISTRY,DELHI/HQ/DIRECTORATE/MINISTRY,18,DELHI 32 DENTAL CENTRE,QCI,Tier 1,Delhi,,"{""adcityName"": ""DELHI/HQ/DIRECTORATE/MINISTRY"", ""cityName"": ""Delhi"", ""hospAcc"": ""QCI"", ""hospName"": ""DELHI 32 DENTAL CENTRE"", ""tierType"": ""Tier 1""}"
761,DELHI/HQ/DIRECTORATE/MINISTRY,DELHI/HQ/DIRECTORATE/MINISTRY,18,DELHI DENTAL AND MEDICAL CENTRE,QCI,Tier 1,Delhi,,"{""adcityName"": ""DELHI/HQ/DIRECTORATE/MINISTRY"", ""cityName"": ""Delhi"", ""hospAcc"": ""QCI"", ""hospName"": ""DELHI DENTAL AND MEDICAL CENTRE"", ""tierType"": ""Tier 1""}"
762,DELHI/HQ/DIRECTORATE/MINISTRY,DELHI/HQ/DIRECTORATE/MINISTRY,18,DELHI DENTAL HUB,QCI,Tier 1,Delhi,,"{""adcityName"": ""DELHI/HQ/DIRECTORATE/MINISTRY"", ""cityName"": ""Delhi"", ""hospAcc"": ""QCI"", ""hospName"": ""DELHI DENTAL HUB"", ""tierType"": ""Tier 1""}"
763,DELHI/HQ/DIRECTORATE/MINISTRY,DELHI/HQ/DIRECTORATE/MINISTRY,18,DELHI EYE CARE,QCI,Tier 1,Delhi,,"{""adcityName"": ""DELHI/HQ/DIRECTORATE/MINISTRY"", ""cityName"": ""Delhi"", ""hospAcc"": ""QCI"", ""hospName"": ""DELHI EYE CARE"", ""tierType"": ""Tier 1""}"
764,DELHI/HQ/DIRECTORATE/MINISTRY,DELHI/HQ/DIRECTORATE/MINISTRY,18,DELHI EYE CENTRE,QCI,Tier 1,Delhi,,"{""adcityName"": ""DELHI/HQ/DIRECTORATE/MINISTRY"", ""cityName"": ""Delhi"", ""hospAcc"": ""QCI"", ""hospName"": ""DELHI EYE CENTRE"", ""tierType"": ""Tier 1""}"
765,DELHI/HQ/DIRECTORATE/MINISTRY,DELHI/HQ/DIRECTORATE/MINISTRY,18,DELHI HEART and LUNG INSTITUTE,NABh valid till 22.02.2027,Tier 1,Delhi,,"{""adcityName"": ""DELHI/HQ/DIRECTORATE/MINISTRY"", ""cityName"": ""Delhi"", ""hospAcc"": ""NABh valid till 22.02.2027"", ""hospName"": ""DELHI HEART and LUNG INSTITUTE"", ""tierType"": ""Tier 1""}"
766,DELHI/HQ/DIRECTORATE/MINISTRY,DELHI/HQ/DIRECTORATE/MINISTRY,18,DELHI HEART HOSPITAL,QCI,Tier 1,Delhi,,"{""adcityName"": ""DELHI/HQ/DIRECTORATE/MINISTRY"", ""cityName"": ""Delhi"", ""hospAcc"": ""QCI"", ""hospName"": ""DELHI HEART HOSPITAL"", ""tierType"": ""Tier 1""}"
767,DELHI/HQ/DIRECTORATE/MINISTRY,DELHI/HQ/DIRECTORATE/MINISTRY,18,DELHI HOSPITAL,NABH,Tier 2,SONIPAT,,"{""adcityName"": ""DELHI/HQ/DIRECTORATE/MINISTRY"", ""cityName"": ""SONIPAT"", ""hospAcc"": ""NABH"", ""hospName"": ""DELHI HOSPITAL"", ""tierType"": ""Tier 2""}"
768,DELHI/HQ/DIRECTORATE/MINISTRY,DELHI/HQ/DIRECTORATE/MINISTRY,18,Delhi MRI Scan A UNIT OF SAHYOG IMAGING COMPANY,NABH,Tier 1,Delhi,,"{""adcityName"": ""DELHI/HQ/DIRECTORATE/MINISTRY"", ""cityName"": ""Delhi"", ""hospAcc"": ""NABH"", ""hospName"": ""Delhi MRI Scan A UNIT OF SAHYOG IMAGING COMPANY"", ""tierType"": ""Tier 1""}"
769,DELHI/HQ/DIRECTORATE/MINISTRY,DELHI/HQ/DIRECTORATE/MINISTRY,18,DELHI MULTISPECILAITY DENTAL CLINIC,QCI,Tier 1,Delhi,,"{""adcityName"": ""DELHI/HQ/DIRECTORATE/MINISTRY"", ""cityName"": ""Delhi"", ""hospAcc"": ""QCI"", ""hospName"": ""DELHI MULTISPECILAITY DENTAL CLINIC"", ""tierType"": ""Tier 1""}"
770,DELHI/HQ/DIRECTORATE/MINISTRY,DELHI/HQ/DIRECTORATE/MINISTRY,18,DENTAL ART,QCI,Tier 1,Delhi,,"{""adcityName"": ""DELHI/HQ/DIRECTORATE/MINISTRY"", ""cityName"": ""Delhi"", ""hospAcc"": ""QCI"", ""hospName"": ""DENTAL ART"", ""tierType"": ""Tier 1""}"
771,DELHI/HQ/DIRECTORATE/MINISTRY,DELHI/HQ/DIRECTORATE/MINISTRY,18,Dental care clinic,QCI,Tier 1,Delhi,,"{""adcityName"": ""DELHI/HQ/DIRECTORATE/MINISTRY"", ""cityName"": ""Delhi"", ""hospAcc"": ""QCI"", ""hospName"": ""Dental care clinic"", ""tierType"": ""Tier 1""}"
772,DELHI/HQ/DIRECTORATE/MINISTRY,DELHI/HQ/DIRECTORATE/MINISTRY,18,Dentalcare Plus Implant and Orthodontic Centre,QCI,Tier 1,Delhi,,"{""adcityName"": ""DELHI/HQ/DIRECTORATE/MINISTRY"", ""cityName"": ""Delhi"", ""hospAcc"": ""QCI"", ""hospName"": ""Dentalcare Plus Implant and Orthodontic Centre"", ""tierType"": ""Tier 1""}"
773,DELHI/HQ/DIRECTORATE/MINISTRY,DELHI/HQ/DIRECTORATE/MINISTRY,18,Dental Destination,NABH,Tier 1,FARIDABAD,,"{""adcityName"": ""DELHI/HQ/DIRECTORATE/MINISTRY"", ""cityName"": ""FARIDABAD"", ""hospAcc"": ""NABH"", ""hospName"": ""Dental Destination"", ""tierType"": ""Tier 1""}"
774,DELHI/HQ/DIRECTORATE/MINISTRY,DELHI/HQ/DIRECTORATE/MINISTRY,18,Dental destination Pvt Ltd,QCI,Tier 1,GHAZIABAD,,"{""adcityName"": ""DELHI/HQ/DIRECTORATE/MINISTRY"", ""cityName"": ""GHAZIABAD"", ""hospAcc"": ""QCI"", ""hospName"": ""Dental destination Pvt Ltd"", ""tierType"": ""Tier 1""}"
775,DELHI/HQ/DIRECTORATE/MINISTRY,DELHI/HQ/DIRECTORATE/MINISTRY,18,DENTAL FOLKS,NABH,Tier 1,Delhi,,"{""adcityName"": ""DELHI/HQ/DIRECTORATE/MINISTRY"", ""cityName"": ""Delhi"", ""hospAcc"": ""NABH "", ""hospName"": ""DENTAL FOLKS"", ""tierType"": ""Tier 1""}"
776,DELHI/HQ/DIRECTORATE/MINISTRY,DELHI/HQ/DIRECTORATE/MINISTRY,18,DENTALIVE DENTAL CLINIC,QCI,Tier 1,Delhi,,"{""adcityName"": ""DELHI/HQ/DIRECTORATE/MINISTRY"", ""cityName"": ""Delhi"", ""hospAcc"": ""QCI"", ""hospName"": ""DENTALIVE DENTAL CLINIC"", ""tierType"": ""Tier 1""}"
777,DELHI/HQ/DIRECTORATE/MINISTRY,DELHI/HQ/DIRECTORATE/MINISTRY,18,DENTAL MAESTRO 1,QCI,Tier 1,Delhi,,"{""adcityName"": ""DELHI/HQ/DIRECTORATE/MINISTRY"", ""cityName"": ""Delhi"", ""hospAcc"": ""QCI"", ""hospName"": ""DENTAL MAESTRO 1"", ""tierType"": ""Tier 1""}"
778,DELHI/HQ/DIRECTORATE/MINISTRY,DELHI/HQ/DIRECTORATE/MINISTRY,18,DENTAL MAESTROMULTISPECIALITY DENTAL CLINIC and IMP,QCI,Tier 1,Delhi,,"{""adcityName"": ""DELHI/HQ/DIRECTORATE/MINISTRY"", ""cityName"": ""Delhi"", ""hospAcc"": ""QCI"", ""hospName"": ""DENTAL MAESTROMULTISPECIALITY DENTAL CLINIC and IMP"", ""tierType"": ""Tier 1""}"
779,DELHI/HQ/DIRECTORATE/MINISTRY,DELHI/HQ/DIRECTORATE/MINISTRY,18,Dental Park Dental & Maxillofacial Centre,NABH,Tier 1,GHAZIABAD,,"{""adcityName"": ""DELHI/HQ/DIRECTORATE/MINISTRY"", ""cityName"": ""GHAZIABAD"", ""hospAcc"": ""NABH"", ""hospName"": ""Dental Park Dental & Maxillofacial Centre"", ""tierType"": ""Tier 1""}"
780,DELHI/HQ/DIRECTORATE/MINISTRY,DELHI/HQ/DIRECTORATE/MINISTRY,18,DENTAL PLEXUS,QCI,Tier 1,Delhi,,"{""adcityName"": ""DELHI/HQ/DIRECTORATE/MINISTRY"", ""cityName"": ""Delhi"", ""hospAcc"": ""QCI"", ""hospName"": ""DENTAL PLEXUS"", ""tierType"": ""Tier 1""}"
781,DELHI/HQ/DIRECTORATE/MINISTRY,DELHI/HQ/DIRECTORATE/MINISTRY,18,DENTAL PLUS,QCI,Tier 1,Delhi,,"{""adcityName"": ""DELHI/HQ/DIRECTORATE/MINISTRY"", ""cityName"": ""Delhi"", ""hospAcc"": ""QCI"", ""hospName"": ""DENTAL PLUS"", ""tierType"": ""Tier 1""}"
782,DELHI/HQ/DIRECTORATE/MINISTRY,DELHI/HQ/DIRECTORATE/MINISTRY,18,DENTAL QUEST,NABH,Tier 1,Delhi,,"{""adcityName"": ""DELHI/HQ/DIRECTORATE/MINISTRY"", ""cityName"": ""Delhi"", ""hospAcc"": ""NABH"", ""hospName"": ""DENTAL QUEST"", ""tierType"": ""Tier 1""}"
783,DELHI/HQ/DIRECTORATE/MINISTRY,DELHI/HQ/DIRECTORATE/MINISTRY,18,DENTAL SAVIOURS,NABH,Tier 1,GURUGRAM,,"{""adcityName"": ""DELHI/HQ/DIRECTORATE/MINISTRY"", ""cityName"": ""GURUGRAM"", ""hospAcc"": ""NABH"", ""hospName"": ""DENTAL SAVIOURS"", ""tierType"": ""Tier 1""}"
784,DELHI/HQ/DIRECTORATE/MINISTRY,DELHI/HQ/DIRECTORATE/MINISTRY,18,DENTAL SMILES,NABH Valid till 11.06.2029,Tier 1,Delhi,,"{""adcityName"": ""DELHI/HQ/DIRECTORATE/MINISTRY"", ""cityName"": ""Delhi"", ""hospAcc"": ""NABH Valid till 11.06.2029"", ""hospName"": ""DENTAL SMILES"", ""tierType"": ""Tier 1""}"
785,DELHI/HQ/DIRECTORATE/MINISTRY,DELHI/HQ/DIRECTORATE/MINISTRY,18,Dental Solution,QCI,Tier 1,Delhi,,"{""adcityName"": ""DELHI/HQ/DIRECTORATE/MINISTRY"", ""cityName"": ""Delhi"", ""hospAcc"": ""QCI"", ""hospName"": ""Dental Solution"", ""tierType"": ""Tier 1""}"
786,DELHI/HQ/DIRECTORATE/MINISTRY,DELHI/HQ/DIRECTORATE/MINISTRY,18,DENTAL TRENDZZ - GURGAON,QCI,Tier 1,GURUGRAM,,"{""adcityName"": ""DELHI/HQ/DIRECTORATE/MINISTRY"", ""cityName"": ""GURUGRAM"", ""hospAcc"": ""QCI"", ""hospName"": ""DENTAL TRENDZZ - GURGAON"", ""tierType"": ""Tier 1""}"
787,DELHI/HQ/DIRECTORATE/MINISTRY,DELHI/HQ/DIRECTORATE/MINISTRY,18,DENTAL WORLD,QCI,Tier 1,Delhi,,"{""adcityName"": ""DELHI/HQ/DIRECTORATE/MINISTRY"", ""cityName"": ""Delhi"", ""hospAcc"": ""QCI"", ""hospName"": ""DENTAL WORLD"", ""tierType"": ""Tier 1""}"
788,DELHI/HQ/DIRECTORATE/MINISTRY,DELHI/HQ/DIRECTORATE/MINISTRY,18,DENTAL XPERTS,NABH,Tier 1,Delhi,,"{""adcityName"": ""DELHI/HQ/DIRECTORATE/MINISTRY"", ""cityName"": ""Delhi"", ""hospAcc"": ""NABH"", ""hospName"": ""DENTAL XPERTS"", ""tierType"": ""Tier 1""}"
789,DELHI/HQ/DIRECTORATE/MINISTRY,DELHI/HQ/DIRECTORATE/MINISTRY,18,DENTAPPLE DENTAL CLINIC AND IMPLANT CENTRE-LAXMI N,QCI,Tier 1,Delhi,,"{""adcityName"": ""DELHI/HQ/DIRECTORATE/MINISTRY"", ""cityName"": ""Delhi"", ""hospAcc"": ""QCI"", ""hospName"": ""DENTAPPLE DENTAL CLINIC AND IMPLANT CENTRE-LAXMI N"", ""tierType"": ""Tier 1""}"
790,DELHI/HQ/DIRECTORATE/MINISTRY,DELHI/HQ/DIRECTORATE/MINISTRY,18,DENTEM GT DENTA CARE P LTD,QCI,Tier 1,Delhi,,"{""adcityName"": ""DELHI/HQ/DIRECTORATE/MINISTRY"", ""cityName"": ""Delhi"", ""hospAcc"": ""QCI"", ""hospName"": ""DENTEM GT DENTA CARE P LTD"", ""tierType"": ""Tier 1""}"
791,DELHI/HQ/DIRECTORATE/MINISTRY,DELHI/HQ/DIRECTORATE/MINISTRY,18,DENTINOVA DENTAL CARE CENTRE,NABH,Tier 1,Delhi,,"{""adcityName"": ""DELHI/HQ/DIRECTORATE/MINISTRY"", ""cityName"": ""Delhi"", ""hospAcc"": ""NABH"", ""hospName"": ""DENTINOVA DENTAL CARE CENTRE"", ""tierType"": ""Tier 1""}"
792,DELHI/HQ/DIRECTORATE/MINISTRY,DELHI/HQ/DIRECTORATE/MINISTRY,18,Dentistry Futura & Implant Centre,QCI,Tier 1,Delhi,,"{""adcityName"": ""DELHI/HQ/DIRECTORATE/MINISTRY"", ""cityName"": ""Delhi"", ""hospAcc"": ""QCI"", ""hospName"": ""Dentistry Futura & Implant Centre"", ""tierType"": ""Tier 1""}"
793,DELHI/HQ/DIRECTORATE/MINISTRY,DELHI/HQ/DIRECTORATE/MINISTRY,18,DENTO HUB,NABH,Tier 1,Delhi,,"{""adcityName"": ""DELHI/HQ/DIRECTORATE/MINISTRY"", ""cityName"": ""Delhi"", ""hospAcc"": ""NABH"", ""hospName"": ""DENTO HUB"", ""tierType"": ""Tier 1""}"
794,DELHI/HQ/DIRECTORATE/MINISTRY,DELHI/HQ/DIRECTORATE/MINISTRY,18,DENTWIN INDIA PVT.LTD,NABH,Tier 1,GHAZIABAD,,"{""adcityName"": ""DELHI/HQ/DIRECTORATE/MINISTRY"", ""cityName"": ""GHAZIABAD"", ""hospAcc"": ""NABH"", ""hospName"": ""DENTWIN INDIA PVT.LTD"", ""tierType"": ""Tier 1""}"
795,DELHI/HQ/DIRECTORATE/MINISTRY,DELHI/HQ/DIRECTORATE/MINISTRY,18,DEV IMAGING & PATH LAB,NABH,Tier 1,Delhi,,"{""adcityName"": ""DELHI/HQ/DIRECTORATE/MINISTRY"", ""cityName"": ""Delhi"", ""hospAcc"": ""NABH"", ""hospName"": ""DEV IMAGING & PATH LAB"", ""tierType"": ""Tier 1""}"
796,DELHI/HQ/DIRECTORATE/MINISTRY,DELHI/HQ/DIRECTORATE/MINISTRY,18,Devom Healthcare,QCI,Tier 1,Delhi,,"{""adcityName"": ""DELHI/HQ/DIRECTORATE/MINISTRY"", ""cityName"": ""Delhi"", ""hospAcc"": ""QCI"", ""hospName"": ""Devom Healthcare"", ""tierType"": ""Tier 1""}"
797,DELHI/HQ/DIRECTORATE/MINISTRY,DELHI/HQ/DIRECTORATE/MINISTRY,18,DHAMIJAS DENTAL CLINIC,QCI,Tier 1,Delhi,,"{""adcityName"": ""DELHI/HQ/DIRECTORATE/MINISTRY"", ""cityName"": ""Delhi"", ""hospAcc"": ""QCI"", ""hospName"": ""DHAMIJAS DENTAL CLINIC"", ""tierType"": ""Tier 1""}"
798,DELHI/HQ/DIRECTORATE/MINISTRY,DELHI/HQ/DIRECTORATE/MINISTRY,18,DHARAMSHILA NARAYANA SUPERSPECIALITY HOSPITAL,NABH,Tier 1,Delhi,,"{""adcityName"": ""DELHI/HQ/DIRECTORATE/MINISTRY"", ""cityName"": ""Delhi"", ""hospAcc"": ""NABH"", ""hospName"": ""DHARAMSHILA NARAYANA SUPERSPECIALITY HOSPITAL"", ""tierType"": ""Tier 1""}"
799,DELHI/HQ/DIRECTORATE/MINISTRY,DELHI/HQ/DIRECTORATE/MINISTRY,18,DIPAKSHI NURSING AND MATERNITY HOME PVT LTD,NABH,Tier 2,GAUTAM BUDDHA NAGAR,,"{""adcityName"": ""DELHI/HQ/DIRECTORATE/MINISTRY"", ""cityName"": ""GAUTAM BUDDHA NAGAR\t"", ""hospAcc"": ""NABH"", ""hospName"": ""DIPAKSHI NURSING AND MATERNITY HOME PVT LTD"", ""tierType"": ""Tier 2""}"
800,DELHI/HQ/DIRECTORATE/MINISTRY,DELHI/HQ/DIRECTORATE/MINISTRY,18,DIVYA PRASTHA HOSPITAL,NABL,Tier 1,Delhi,,"{""adcityName"": ""DELHI/HQ/DIRECTORATE/MINISTRY"", ""cityName"": ""Delhi"", ""hospAcc"": ""NABL"", ""hospName"": ""DIVYA PRASTHA HOSPITAL"", ""tierType"": ""Tier 1""}"
801,DELHI/HQ/DIRECTORATE/MINISTRY,DELHI/HQ/DIRECTORATE/MINISTRY,18,DOCTORS DIAGNOSTIC CENTRE,NABH Valid till 07.10.2027,Tier 1,Delhi,,"{""adcityName"": ""DELHI/HQ/DIRECTORATE/MINISTRY"", ""cityName"": ""Delhi"", ""hospAcc"": ""NABH Valid till 07.10.2027"", ""hospName"": ""DOCTORS DIAGNOSTIC CENTRE"", ""tierType"": ""Tier 1""}"
802,DELHI/HQ/DIRECTORATE/MINISTRY,DELHI/HQ/DIRECTORATE/MINISTRY,18,DR AGGARWALS EYE CLINIC,QCI,Tier 1,Delhi,,"{""adcityName"": ""DELHI/HQ/DIRECTORATE/MINISTRY"", ""cityName"": ""Delhi"", ""hospAcc"": ""QCI"", ""hospName"": ""DR AGGARWALS EYE CLINIC"", ""tierType"": ""Tier 1""}"
803,DELHI/HQ/DIRECTORATE/MINISTRY,DELHI/HQ/DIRECTORATE/MINISTRY,18,DRAGGARWALS MULTI-SPECIALITY DELHI DENTAL CLINIC,QCI,Tier 1,Delhi,,"{""adcityName"": ""DELHI/HQ/DIRECTORATE/MINISTRY"", ""cityName"": ""Delhi"", ""hospAcc"": ""QCI"", ""hospName"": ""DRAGGARWALS MULTI-SPECIALITY DELHI DENTAL CLINIC"", ""tierType"": ""Tier 1""}"
804,DELHI/HQ/DIRECTORATE/MINISTRY,DELHI/HQ/DIRECTORATE/MINISTRY,18,DR AJAY S DENTAL & NUTRITION CLINIC,QCI,Tier 1,Delhi,,"{""adcityName"": ""DELHI/HQ/DIRECTORATE/MINISTRY"", ""cityName"": ""Delhi"", ""hospAcc"": ""QCI"", ""hospName"": ""DR AJAY S DENTAL & NUTRITION CLINIC"", ""tierType"": ""Tier 1""}"
805,DELHI/HQ/DIRECTORATE/MINISTRY,DELHI/HQ/DIRECTORATE/MINISTRY,18,DR ANAND S IMAGING CENTRE- PREET VIHAR,NABH Valid till 04.03.2028,Tier 1,Delhi,,"{""adcityName"": ""DELHI/HQ/DIRECTORATE/MINISTRY"", ""cityName"": ""Delhi"", ""hospAcc"": ""NABH Valid till 04.03.2028"", ""hospName"": ""DR ANAND S IMAGING CENTRE- PREET VIHAR"", ""tierType"": ""Tier 1""}"
806,DELHI/HQ/DIRECTORATE/MINISTRY,DELHI/HQ/DIRECTORATE/MINISTRY,18,dr archi advanced dental care,QCI,Tier 1,Delhi,,"{""adcityName"": ""DELHI/HQ/DIRECTORATE/MINISTRY"", ""cityName"": ""Delhi"", ""hospAcc"": ""QCI"", ""hospName"": ""dr archi advanced dental care"", ""tierType"": ""Tier 1""}"
807,DELHI/HQ/DIRECTORATE/MINISTRY,DELHI/HQ/DIRECTORATE/MINISTRY,18,DR ARORAS DENTAL AND LASER CENTRE,,Tier 1,Delhi,,"{""adcityName"": ""DELHI/HQ/DIRECTORATE/MINISTRY"", ""cityName"": ""Delhi"", ""hospAcc"": """", ""hospName"": ""DR ARORAS DENTAL AND LASER CENTRE"", ""tierType"": ""Tier 1""}"
808,DELHI/HQ/DIRECTORATE/MINISTRY,DELHI/HQ/DIRECTORATE/MINISTRY,18,DR ASHOK DENTISTREE,NABH,Tier 1,Delhi,,"{""adcityName"": ""DELHI/HQ/DIRECTORATE/MINISTRY"", ""cityName"": ""Delhi"", ""hospAcc"": ""NABH"", ""hospName"": ""DR ASHOK DENTISTREE"", ""tierType"": ""Tier 1""}"
809,DELHI/HQ/DIRECTORATE/MINISTRY,DELHI/HQ/DIRECTORATE/MINISTRY,18,DR BHIM SAIN S FAMILY DENTAL CLINIC - GURGAON,NABH,Tier 1,GURUGRAM,,"{""adcityName"": ""DELHI/HQ/DIRECTORATE/MINISTRY"", ""cityName"": ""GURUGRAM"", ""hospAcc"": ""NABH"", ""hospName"": ""DR BHIM SAIN S FAMILY DENTAL CLINIC - GURGAON"", ""tierType"": ""Tier 1""}"
810,DELHI/HQ/DIRECTORATE/MINISTRY,DELHI/HQ/DIRECTORATE/MINISTRY,18,Dr B L Kapur Memorial Hospital,NABH,Tier 1,Delhi,,"{""adcityName"": ""DELHI/HQ/DIRECTORATE/MINISTRY"", ""cityName"": ""Delhi"", ""hospAcc"": ""NABH"", ""hospName"": ""Dr B L Kapur Memorial Hospital"", ""tierType"": ""Tier 1""}"
811,DELHI/HQ/DIRECTORATE/MINISTRY,DELHI/HQ/DIRECTORATE/MINISTRY,18,DR B L KAPUR MEMORIAL HOSPITAL,NABH,Tier 1,Delhi,,"{""adcityName"": ""DELHI/HQ/DIRECTORATE/MINISTRY"", ""cityName"": ""Delhi"", ""hospAcc"": ""NABH"", ""hospName"": ""DR B L KAPUR MEMORIAL HOSPITAL"", ""tierType"": ""Tier 1""}"
812,DELHI/HQ/DIRECTORATE/MINISTRY,DELHI/HQ/DIRECTORATE/MINISTRY,18,DR CHAUDHARYS MORAL HOSPITAL PVT LTD,NABH expired,Tier 1,Delhi,,"{""adcityName"": ""DELHI/HQ/DIRECTORATE/MINISTRY"", ""cityName"": ""Delhi"", ""hospAcc"": ""NABH expired"", ""hospName"": ""DR CHAUDHARYS MORAL HOSPITAL PVT LTD"", ""tierType"": ""Tier 1""}"
813,DELHI/HQ/DIRECTORATE/MINISTRY,DELHI/HQ/DIRECTORATE/MINISTRY,18,DR CHAUHAN SANJEEVANI HOSPITAL,QCI,Tier 2,GAUTAM BUDDHA NAGAR,,"{""adcityName"": ""DELHI/HQ/DIRECTORATE/MINISTRY"", ""cityName"": ""GAUTAM BUDDHA NAGAR"", ""hospAcc"": ""QCI"", ""hospName"": ""DR CHAUHAN SANJEEVANI HOSPITAL"", ""tierType"": ""Tier 2""}"
814,DELHI/HQ/DIRECTORATE/MINISTRY,DELHI/HQ/DIRECTORATE/MINISTRY,18,DR CHHABRA S DENTAL CLINIC - GURGAON,QCI,Tier 1,GURUGRAM,,"{""adcityName"": ""DELHI/HQ/DIRECTORATE/MINISTRY"", ""cityName"": ""GURUGRAM"", ""hospAcc"": ""QCI"", ""hospName"": ""DR CHHABRA S DENTAL CLINIC - GURGAON"", ""tierType"": ""Tier 1""}"
815,DELHI/HQ/DIRECTORATE/MINISTRY,DELHI/HQ/DIRECTORATE/MINISTRY,18,DR CHOPRAS DENTAL WHITE,QCI,Tier 1,GURUGRAM,,"{""adcityName"": ""DELHI/HQ/DIRECTORATE/MINISTRY"", ""cityName"": ""GURUGRAM"", ""hospAcc"": ""QCI"", ""hospName"": ""DR CHOPRAS DENTAL WHITE"", ""tierType"": ""Tier 1""}"
816,DELHI/HQ/DIRECTORATE/MINISTRY,DELHI/HQ/DIRECTORATE/MINISTRY,18,DR DAS PATH LAB,NABL,Tier 1,Delhi,,"{""adcityName"": ""DELHI/HQ/DIRECTORATE/MINISTRY"", ""cityName"": ""Delhi"", ""hospAcc"": ""NABL"", ""hospName"": ""DR DAS PATH LAB"", ""tierType"": ""Tier 1""}"
817,DELHI/HQ/DIRECTORATE/MINISTRY,DELHI/HQ/DIRECTORATE/MINISTRY,18,DR DAS PATH LAB MANAGED BY SUSHRUTA FOCUS PVT LTD,NABL,Tier 1,Delhi,,"{""adcityName"": ""DELHI/HQ/DIRECTORATE/MINISTRY"", ""cityName"": ""Delhi"", ""hospAcc"": ""NABL"", ""hospName"": ""DR DAS PATH LAB MANAGED BY SUSHRUTA FOCUS PVT LTD"", ""tierType"": ""Tier 1""}"
818,DELHI/HQ/DIRECTORATE/MINISTRY,DELHI/HQ/DIRECTORATE/MINISTRY,18,dr dentiste dental clinic,QCI,Tier 1,Delhi,,"{""adcityName"": ""DELHI/HQ/DIRECTORATE/MINISTRY"", ""cityName"": ""Delhi"", ""hospAcc"": ""QCI"", ""hospName"": ""dr dentiste dental clinic"", ""tierType"": ""Tier 1""}"
819,DELHI/HQ/DIRECTORATE/MINISTRY,DELHI/HQ/DIRECTORATE/MINISTRY,18,DRDHAWAN S NETRA EYE HOSPITAL,QCI,Tier 1,Delhi,,"{""adcityName"": ""DELHI/HQ/DIRECTORATE/MINISTRY"", ""cityName"": ""Delhi"", ""hospAcc"": ""QCI"", ""hospName"": ""DRDHAWAN S NETRA EYE HOSPITAL"", ""tierType"": ""Tier 1""}"
820,DELHI/HQ/DIRECTORATE/MINISTRY,DELHI/HQ/DIRECTORATE/MINISTRY,18,DR D K GULATI S PATH LAB,,Tier 1,Delhi,,"{""adcityName"": ""DELHI/HQ/DIRECTORATE/MINISTRY"", ""cityName"": ""Delhi"", ""hospAcc"": """", ""hospName"": ""DR D K GULATI S PATH LAB"", ""tierType"": ""Tier 1""}"
821,DELHI/HQ/DIRECTORATE/MINISTRY,DELHI/HQ/DIRECTORATE/MINISTRY,18,DR FUTELAS DENTAL CENTER,NABH,Tier 1,GURUGRAM,,"{""adcityName"": ""DELHI/HQ/DIRECTORATE/MINISTRY"", ""cityName"": ""GURUGRAM"", ""hospAcc"": ""NABH"", ""hospName"": ""DR FUTELAS DENTAL CENTER"", ""tierType"": ""Tier 1""}"
822,DELHI/HQ/DIRECTORATE/MINISTRY,DELHI/HQ/DIRECTORATE/MINISTRY,18,DR GOELS EYE CENTRE,QCI,Tier 1,Delhi,,"{""adcityName"": ""DELHI/HQ/DIRECTORATE/MINISTRY"", ""cityName"": ""Delhi"", ""hospAcc"": ""QCI"", ""hospName"": ""DR GOELS EYE CENTRE"", ""tierType"": ""Tier 1""}"
823,DELHI/HQ/DIRECTORATE/MINISTRY,DELHI/HQ/DIRECTORATE/MINISTRY,18,DR GOPAL GOELS DENTAL CLINIC AND IMPLANT CENTRE,QCI,Tier 1,Delhi,,"{""adcityName"": ""DELHI/HQ/DIRECTORATE/MINISTRY"", ""cityName"": ""Delhi"", ""hospAcc"": ""QCI"", ""hospName"": ""DR GOPAL GOELS DENTAL CLINIC AND IMPLANT CENTRE"", ""tierType"": ""Tier 1""}"
824,DELHI/HQ/DIRECTORATE/MINISTRY,DELHI/HQ/DIRECTORATE/MINISTRY,18,DR. GOYALS DENTAL & ORTHOPAEDIC CENTRE,NABH,Tier 1,Delhi,,"{""adcityName"": ""DELHI/HQ/DIRECTORATE/MINISTRY"", ""cityName"": ""Delhi"", ""hospAcc"": ""NABH"", ""hospName"": ""DR. GOYALS DENTAL & ORTHOPAEDIC CENTRE"", ""tierType"": ""Tier 1""}"
825,DELHI/HQ/DIRECTORATE/MINISTRY,DELHI/HQ/DIRECTORATE/MINISTRY,18,DR GULATI IMAGING INSTITUTE UNIT OF SM IMAGING,NABH,Tier 1,Delhi,,"{""adcityName"": ""DELHI/HQ/DIRECTORATE/MINISTRY"", ""cityName"": ""Delhi"", ""hospAcc"": ""NABH"", ""hospName"": ""DR GULATI IMAGING INSTITUTE UNIT OF SM IMAGING"", ""tierType"": ""Tier 1""}"
826,DELHI/HQ/DIRECTORATE/MINISTRY,DELHI/HQ/DIRECTORATE/MINISTRY,18,DR GUPTA MULTISPECIALITY DENTAL CLINIC,QCI,Tier 1,Delhi,,"{""adcityName"": ""DELHI/HQ/DIRECTORATE/MINISTRY"", ""cityName"": ""Delhi"", ""hospAcc"": ""QCI"", ""hospName"": ""DR GUPTA MULTISPECIALITY DENTAL CLINIC"", ""tierType"": ""Tier 1""}"
827,DELHI/HQ/DIRECTORATE/MINISTRY,DELHI/HQ/DIRECTORATE/MINISTRY,18,Dr Guptas Dental Clinic,QCI,Tier 1,GHAZIABAD,,"{""adcityName"": ""DELHI/HQ/DIRECTORATE/MINISTRY"", ""cityName"": ""GHAZIABAD"", ""hospAcc"": ""QCI"", ""hospName"": ""Dr Guptas Dental Clinic"", ""tierType"": ""Tier 1""}"
828,DELHI/HQ/DIRECTORATE/MINISTRY,DELHI/HQ/DIRECTORATE/MINISTRY,18,DR GYANS DENTAL SPECIALITY CLINIC,QCI,Tier 1,Delhi,,"{""adcityName"": ""DELHI/HQ/DIRECTORATE/MINISTRY"", ""cityName"": ""Delhi"", ""hospAcc"": ""QCI"", ""hospName"": ""DR GYANS DENTAL SPECIALITY CLINIC"", ""tierType"": ""Tier 1""}"
829,DELHI/HQ/DIRECTORATE/MINISTRY,DELHI/HQ/DIRECTORATE/MINISTRY,18,DR HANDA S COMPLETE FAMILY DENTAL CARE,QCI,Tier 1,Delhi,,"{""adcityName"": ""DELHI/HQ/DIRECTORATE/MINISTRY"", ""cityName"": ""Delhi"", ""hospAcc"": ""QCI"", ""hospName"": ""DR HANDA S COMPLETE FAMILY DENTAL CARE"", ""tierType"": ""Tier 1""}"
830,DELHI/HQ/DIRECTORATE/MINISTRY,DELHI/HQ/DIRECTORATE/MINISTRY,18,DRISHTI EYE AND ENT CARE,QCI,Tier 1,GHAZIABAD,,"{""adcityName"": ""DELHI/HQ/DIRECTORATE/MINISTRY"", ""cityName"": ""GHAZIABAD"", ""hospAcc"": ""QCI"", ""hospName"": ""DRISHTI EYE AND ENT CARE"", ""tierType"": ""Tier 1""}"
831,DELHI/HQ/DIRECTORATE/MINISTRY,DELHI/HQ/DIRECTORATE/MINISTRY,18,DRISHTI EYE CARE CENTRE - PATPARGANJ RD,QCI,Tier 1,Delhi,,"{""adcityName"": ""DELHI/HQ/DIRECTORATE/MINISTRY"", ""cityName"": ""Delhi"", ""hospAcc"": ""QCI"", ""hospName"": ""DRISHTI EYE CARE CENTRE - PATPARGANJ RD"", ""tierType"": ""Tier 1""}"
832,DELHI/HQ/DIRECTORATE/MINISTRY,DELHI/HQ/DIRECTORATE/MINISTRY,18,Drishti Eye Centre,NABH,Tier 1,FARIDABAD,,"{""adcityName"": ""DELHI/HQ/DIRECTORATE/MINISTRY"", ""cityName"": ""FARIDABAD"", ""hospAcc"": ""NABH"", ""hospName"": ""Drishti Eye Centre"", ""tierType"": ""Tier 1""}"
833,DELHI/HQ/DIRECTORATE/MINISTRY,DELHI/HQ/DIRECTORATE/MINISTRY,18,DRISHTI EYE CENTRE,NABH,Tier 1,FARIDABAD,,"{""adcityName"": ""DELHI/HQ/DIRECTORATE/MINISTRY"", ""cityName"": ""FARIDABAD"", ""hospAcc"": ""NABH"", ""hospName"": ""DRISHTI EYE CENTRE"", ""tierType"": ""Tier 1""}"
834,DELHI/HQ/DIRECTORATE/MINISTRY,DELHI/HQ/DIRECTORATE/MINISTRY,18,drishti the vision an advance eye care centre,QCI,Tier 1,Delhi,,"{""adcityName"": ""DELHI/HQ/DIRECTORATE/MINISTRY"", ""cityName"": ""Delhi"", ""hospAcc"": ""QCI"", ""hospName"": ""drishti the vision an advance eye care centre"", ""tierType"": ""Tier 1""}"
835,DELHI/HQ/DIRECTORATE/MINISTRY,DELHI/HQ/DIRECTORATE/MINISTRY,18,Drishti Vision Care Centre,QCI,Tier 1,GHAZIABAD,,"{""adcityName"": ""DELHI/HQ/DIRECTORATE/MINISTRY"", ""cityName"": ""GHAZIABAD"", ""hospAcc"": ""QCI"", ""hospName"": ""Drishti Vision Care Centre"", ""tierType"": ""Tier 1""}"
836,DELHI/HQ/DIRECTORATE/MINISTRY,DELHI/HQ/DIRECTORATE/MINISTRY,18,DR JAINS ADVANCED DENTAL CARE,QCI,Tier 1,Delhi,,"{""adcityName"": ""DELHI/HQ/DIRECTORATE/MINISTRY"", ""cityName"": ""Delhi"", ""hospAcc"": ""QCI"", ""hospName"": ""DR JAINS ADVANCED DENTAL CARE"", ""tierType"": ""Tier 1""}"
837,DELHI/HQ/DIRECTORATE/MINISTRY,DELHI/HQ/DIRECTORATE/MINISTRY,18,Dr Jains Vitaldent,QCI,Tier 1,FARIDABAD,,"{""adcityName"": ""DELHI/HQ/DIRECTORATE/MINISTRY"", ""cityName"": ""FARIDABAD"", ""hospAcc"": ""QCI"", ""hospName"": ""Dr Jains Vitaldent"", ""tierType"": ""Tier 1""}"
838,DELHI/HQ/DIRECTORATE/MINISTRY,DELHI/HQ/DIRECTORATE/MINISTRY,18,DR.JAISWAL DENTAL CARE CENTRE,NABH,Tier 1,Delhi,,"{""adcityName"": ""DELHI/HQ/DIRECTORATE/MINISTRY"", ""cityName"": ""Delhi"", ""hospAcc"": ""NABH"", ""hospName"": ""DR.JAISWAL DENTAL CARE CENTRE"", ""tierType"": ""Tier 1""}"
839,DELHI/HQ/DIRECTORATE/MINISTRY,DELHI/HQ/DIRECTORATE/MINISTRY,18,Dr Kapurs The Healing Touch Eye and Maternity Centre,QCI,Tier 1,Delhi,,"{""adcityName"": ""DELHI/HQ/DIRECTORATE/MINISTRY"", ""cityName"": ""Delhi"", ""hospAcc"": ""QCI"", ""hospName"": ""Dr Kapurs The Healing Touch Eye and Maternity Centre"", ""tierType"": ""Tier 1""}"
840,DELHI/HQ/DIRECTORATE/MINISTRY,DELHI/HQ/DIRECTORATE/MINISTRY,18,DR KHANNA S PATHCARE PVT LTD,NABL,Tier 1,Delhi,,"{""adcityName"": ""DELHI/HQ/DIRECTORATE/MINISTRY"", ""cityName"": ""Delhi"", ""hospAcc"": ""NABL"", ""hospName"": ""DR KHANNA S PATHCARE PVT LTD"", ""tierType"": ""Tier 1""}"
841,DELHI/HQ/DIRECTORATE/MINISTRY,DELHI/HQ/DIRECTORATE/MINISTRY,18,Dr Lalchandani Labs Limited,NABL,Tier 1,Delhi,,"{""adcityName"": ""DELHI/HQ/DIRECTORATE/MINISTRY"", ""cityName"": ""Delhi"", ""hospAcc"": ""NABL"", ""hospName"": ""Dr Lalchandani Labs Limited"", ""tierType"": ""Tier 1""}"
842,DELHI/HQ/DIRECTORATE/MINISTRY,DELHI/HQ/DIRECTORATE/MINISTRY,18,DR LAL MULTISPECIALITY DENTAL and IMPLANT CLINIC,QCI,Tier 1,Delhi,,"{""adcityName"": ""DELHI/HQ/DIRECTORATE/MINISTRY"", ""cityName"": ""Delhi"", ""hospAcc"": ""QCI"", ""hospName"": ""DR LAL MULTISPECIALITY DENTAL and IMPLANT CLINIC"", ""tierType"": ""Tier 1""}"
843,DELHI/HQ/DIRECTORATE/MINISTRY,DELHI/HQ/DIRECTORATE/MINISTRY,18,DR LAL PATH LABS LTD - ROHINI,NABL,Tier 1,Delhi,,"{""adcityName"": ""DELHI/HQ/DIRECTORATE/MINISTRY"", ""cityName"": ""Delhi"", ""hospAcc"": ""NABL"", ""hospName"": ""DR LAL PATH LABS LTD - ROHINI"", ""tierType"": ""Tier 1""}"
844,DELHI/HQ/DIRECTORATE/MINISTRY,DELHI/HQ/DIRECTORATE/MINISTRY,18,DR MAKASHIRS DIAGNOSTIC MEDICAL LAB P LTD,NABL,Tier 1,Delhi,,"{""adcityName"": ""DELHI/HQ/DIRECTORATE/MINISTRY"", ""cityName"": ""Delhi"", ""hospAcc"": ""NABL"", ""hospName"": ""DR MAKASHIRS DIAGNOSTIC MEDICAL LAB P LTD"", ""tierType"": ""Tier 1""}"
845,DELHI/HQ/DIRECTORATE/MINISTRY,DELHI/HQ/DIRECTORATE/MINISTRY,18,DR MALHOTRAS SUPER SPECIALITY DENTAL CENTRE,,Tier 1,Delhi,,"{""adcityName"": ""DELHI/HQ/DIRECTORATE/MINISTRY"", ""cityName"": ""Delhi"", ""hospAcc"": """", ""hospName"": ""DR MALHOTRAS SUPER SPECIALITY DENTAL CENTRE"", ""tierType"": ""Tier 1""}"
846,DELHI/HQ/DIRECTORATE/MINISTRY,DELHI/HQ/DIRECTORATE/MINISTRY,18,Dr. Mallick Dental Centre LLP,NABH,Tier 1,Delhi,,"{""adcityName"": ""DELHI/HQ/DIRECTORATE/MINISTRY"", ""cityName"": ""Delhi"", ""hospAcc"": ""NABH"", ""hospName"": ""Dr. Mallick Dental Centre LLP"", ""tierType"": ""Tier 1""}"
847,DELHI/HQ/DIRECTORATE/MINISTRY,DELHI/HQ/DIRECTORATE/MINISTRY,18,DR MEHRA'S SMILE DESTINATION,QCI,Tier 1,Delhi,,"{""adcityName"": ""DELHI/HQ/DIRECTORATE/MINISTRY"", ""cityName"": ""Delhi"", ""hospAcc"": ""QCI"", ""hospName"": ""DR MEHRA'S SMILE DESTINATION"", ""tierType"": ""Tier 1""}"
848,DELHI/HQ/DIRECTORATE/MINISTRY,DELHI/HQ/DIRECTORATE/MINISTRY,18,DR MEHTA Eye Care Faridabad,QCI,Tier 1,FARIDABAD,,"{""adcityName"": ""DELHI/HQ/DIRECTORATE/MINISTRY"", ""cityName"": ""FARIDABAD"", ""hospAcc"": ""QCI"", ""hospName"": ""DR MEHTA Eye Care Faridabad"", ""tierType"": ""Tier 1""}"
849,DELHI/HQ/DIRECTORATE/MINISTRY,DELHI/HQ/DIRECTORATE/MINISTRY,18,DR M L AGGARWAL X-RAY and USG CLINIC-SAFDARJUNG,,Tier 1,Delhi,,"{""adcityName"": ""DELHI/HQ/DIRECTORATE/MINISTRY"", ""cityName"": ""Delhi"", ""hospAcc"": """", ""hospName"": ""DR M L AGGARWAL X-RAY and USG CLINIC-SAFDARJUNG"", ""tierType"": ""Tier 1""}"
850,DELHI/HQ/DIRECTORATE/MINISTRY,DELHI/HQ/DIRECTORATE/MINISTRY,18,DR NANDA EYE CARE CENTER-DWARKA,QCI,Tier 1,Delhi,,"{""adcityName"": ""DELHI/HQ/DIRECTORATE/MINISTRY"", ""cityName"": ""Delhi"", ""hospAcc"": ""QCI"", ""hospName"": ""DR NANDA EYE CARE CENTER-DWARKA"", ""tierType"": ""Tier 1""}"
851,DELHI/HQ/DIRECTORATE/MINISTRY,DELHI/HQ/DIRECTORATE/MINISTRY,18,DRNANDA EYECARE CENTRE,QCI,Tier 1,Delhi,,"{""adcityName"": ""DELHI/HQ/DIRECTORATE/MINISTRY"", ""cityName"": ""Delhi"", ""hospAcc"": ""QCI"", ""hospName"": ""DRNANDA EYECARE CENTRE"", ""tierType"": ""Tier 1""}"
852,DELHI/HQ/DIRECTORATE/MINISTRY,DELHI/HQ/DIRECTORATE/MINISTRY,18,DR PARIA DENTAL CLINIC,QCI,Tier 1,Delhi,,"{""adcityName"": ""DELHI/HQ/DIRECTORATE/MINISTRY"", ""cityName"": ""Delhi"", ""hospAcc"": ""QCI"", ""hospName"": ""DR PARIA DENTAL CLINIC"", ""tierType"": ""Tier 1""}"
853,DELHI/HQ/DIRECTORATE/MINISTRY,DELHI/HQ/DIRECTORATE/MINISTRY,18,Dr Pattnaiks laser eye institute,NABH,Tier 1,Delhi,,"{""adcityName"": ""DELHI/HQ/DIRECTORATE/MINISTRY"", ""cityName"": ""Delhi"", ""hospAcc"": ""NABH"", ""hospName"": ""Dr Pattnaiks laser eye institute"", ""tierType"": ""Tier 1""}"
854,DELHI/HQ/DIRECTORATE/MINISTRY,DELHI/HQ/DIRECTORATE/MINISTRY,18,DR P BHASIN PATHLABS P LTD - GREATER KAILASH,NABL,Tier 1,Delhi,,"{""adcityName"": ""DELHI/HQ/DIRECTORATE/MINISTRY"", ""cityName"": ""Delhi"", ""hospAcc"": ""NABL"", ""hospName"": ""DR P BHASIN PATHLABS P LTD - GREATER KAILASH"", ""tierType"": ""Tier 1""}"
855,DELHI/HQ/DIRECTORATE/MINISTRY,DELHI/HQ/DIRECTORATE/MINISTRY,18,DR PIYUSH MRI AND DIAGNOSTIC CENTRE,QCI,Tier 1,GHAZIABAD,,"{""adcityName"": ""DELHI/HQ/DIRECTORATE/MINISTRY"", ""cityName"": ""GHAZIABAD"", ""hospAcc"": ""QCI"", ""hospName"": ""DR PIYUSH MRI AND DIAGNOSTIC CENTRE"", ""tierType"": ""Tier 1""}"
856,DELHI/HQ/DIRECTORATE/MINISTRY,DELHI/HQ/DIRECTORATE/MINISTRY,18,DR POPLIS DENTAL & MEDICAL CARE CENTRE,QCI,Tier 1,Delhi,,"{""adcityName"": ""DELHI/HQ/DIRECTORATE/MINISTRY"", ""cityName"": ""Delhi"", ""hospAcc"": ""QCI"", ""hospName"": ""DR POPLIS DENTAL & MEDICAL CARE CENTRE"", ""tierType"": ""Tier 1""}"
857,DELHI/HQ/DIRECTORATE/MINISTRY,DELHI/HQ/DIRECTORATE/MINISTRY,18,DR PRIYADARSHINIS SMILE CARE,QCI,Tier 1,Delhi,,"{""adcityName"": ""DELHI/HQ/DIRECTORATE/MINISTRY"", ""cityName"": ""Delhi"", ""hospAcc"": ""QCI"", ""hospName"": ""DR PRIYADARSHINIS SMILE CARE"", ""tierType"": ""Tier 1""}"
858,DELHI/HQ/DIRECTORATE/MINISTRY,DELHI/HQ/DIRECTORATE/MINISTRY,18,Dr Rajat Ailawadi Rx Multispeciality,QCI,Tier 1,Delhi,,"{""adcityName"": ""DELHI/HQ/DIRECTORATE/MINISTRY"", ""cityName"": ""Delhi"", ""hospAcc"": ""QCI"", ""hospName"": ""Dr Rajat Ailawadi Rx Multispeciality"", ""tierType"": ""Tier 1""}"
859,DELHI/HQ/DIRECTORATE/MINISTRY,DELHI/HQ/DIRECTORATE/MINISTRY,18,Dr. Rekha Health Wisdom,NABH,Tier 1,Delhi,,"{""adcityName"": ""DELHI/HQ/DIRECTORATE/MINISTRY"", ""cityName"": ""Delhi"", ""hospAcc"": ""NABH"", ""hospName"": ""Dr. Rekha Health Wisdom"", ""tierType"": ""Tier 1""}"
860,DELHI/HQ/DIRECTORATE/MINISTRY,DELHI/HQ/DIRECTORATE/MINISTRY,18,DR RITU EYE CARE CENTRE,,Tier 1,Delhi,,"{""adcityName"": ""DELHI/HQ/DIRECTORATE/MINISTRY"", ""cityName"": ""Delhi"", ""hospAcc"": """", ""hospName"": ""DR RITU EYE CARE CENTRE"", ""tierType"": ""Tier 1""}"
861,DELHI/HQ/DIRECTORATE/MINISTRY,DELHI/HQ/DIRECTORATE/MINISTRY,18,Dr Rohit s Dental Care,NABH,Tier 1,Delhi,,"{""adcityName"": ""DELHI/HQ/DIRECTORATE/MINISTRY"", ""cityName"": ""Delhi"", ""hospAcc"": ""NABH"", ""hospName"": ""Dr Rohit s Dental Care"", ""tierType"": ""Tier 1""}"
862,DELHI/HQ/DIRECTORATE/MINISTRY,DELHI/HQ/DIRECTORATE/MINISTRY,18,Dr Saigals Dental Clinic and Implant Centre,NABH,Tier 1,GHAZIABAD,,"{""adcityName"": ""DELHI/HQ/DIRECTORATE/MINISTRY"", ""cityName"": ""GHAZIABAD"", ""hospAcc"": ""NABH"", ""hospName"": ""Dr Saigals Dental Clinic and Implant Centre"", ""tierType"": ""Tier 1""}"
863,DELHI/HQ/DIRECTORATE/MINISTRY,DELHI/HQ/DIRECTORATE/MINISTRY,18,DR SAMIRS GANGA DIAGNOSTIC AND IMAGING CENTRE PVT LTD,NABH,Tier 1,Delhi,,"{""adcityName"": ""DELHI/HQ/DIRECTORATE/MINISTRY"", ""cityName"": ""Delhi"", ""hospAcc"": ""NABH"", ""hospName"": ""DR SAMIRS GANGA DIAGNOSTIC AND IMAGING CENTRE PVT LTD"", ""tierType"": ""Tier 1""}"
864,DELHI/HQ/DIRECTORATE/MINISTRY,DELHI/HQ/DIRECTORATE/MINISTRY,18,DR SAMIRS GANGA DIAGNOSTICS AND IMAGING CENTRE P,NABH Valid till 01.12.2025,Tier 1,Delhi,,"{""adcityName"": ""DELHI/HQ/DIRECTORATE/MINISTRY"", ""cityName"": ""Delhi"", ""hospAcc"": ""NABH Valid till 01.12.2025"", ""hospName"": ""DR SAMIRS GANGA DIAGNOSTICS AND IMAGING CENTRE P"", ""tierType"": ""Tier 1""}"
865,DELHI/HQ/DIRECTORATE/MINISTRY,DELHI/HQ/DIRECTORATE/MINISTRY,18,DR SAVITA JAIN S ARUN IMAGING CENTRE,NABH valid till 16.11.2025,Tier 1,Delhi,,"{""adcityName"": ""DELHI/HQ/DIRECTORATE/MINISTRY"", ""cityName"": ""Delhi"", ""hospAcc"": ""NABH valid till 16.11.2025"", ""hospName"": ""DR SAVITA JAIN S ARUN IMAGING CENTRE"", ""tierType"": ""Tier 1""}"
866,DELHI/HQ/DIRECTORATE/MINISTRY,DELHI/HQ/DIRECTORATE/MINISTRY,18,DR SEKHRI DENTAL AND IMPLANT CLINIC,QCI,Tier 1,Delhi,,"{""adcityName"": ""DELHI/HQ/DIRECTORATE/MINISTRY"", ""cityName"": ""Delhi"", ""hospAcc"": ""QCI"", ""hospName"": ""DR SEKHRI DENTAL AND IMPLANT CLINIC"", ""tierType"": ""Tier 1""}"
867,DELHI/HQ/DIRECTORATE/MINISTRY,DELHI/HQ/DIRECTORATE/MINISTRY,18,DR SETHS PATHLAB,,Tier 1,Delhi,,"{""adcityName"": ""DELHI/HQ/DIRECTORATE/MINISTRY"", ""cityName"": ""Delhi"", ""hospAcc"": """", ""hospName"": ""DR SETHS PATHLAB"", ""tierType"": ""Tier 1""}"
868,DELHI/HQ/DIRECTORATE/MINISTRY,DELHI/HQ/DIRECTORATE/MINISTRY,18,DR SHROFFS CHARITY EYE HOSPITAL,NABH,Tier 1,Delhi,,"{""adcityName"": ""DELHI/HQ/DIRECTORATE/MINISTRY"", ""cityName"": ""Delhi"", ""hospAcc"": ""NABH"", ""hospName"": ""DR SHROFFS CHARITY EYE HOSPITAL"", ""tierType"": ""Tier 1""}"
869,DELHI/HQ/DIRECTORATE/MINISTRY,DELHI/HQ/DIRECTORATE/MINISTRY,18,DR SHWETA S DENTAL CLINIC,NABH Valid till 02.07.2029,Tier 1,Delhi,,"{""adcityName"": ""DELHI/HQ/DIRECTORATE/MINISTRY"", ""cityName"": ""Delhi"", ""hospAcc"": ""NABH Valid till 02.07.2029"", ""hospName"": ""DR SHWETA S DENTAL CLINIC"", ""tierType"": ""Tier 1""}"
870,DELHI/HQ/DIRECTORATE/MINISTRY,DELHI/HQ/DIRECTORATE/MINISTRY,18,DRS NORTHEX EYE INSTITUTE PVT LTD,QCI,Tier 1,Delhi,,"{""adcityName"": ""DELHI/HQ/DIRECTORATE/MINISTRY"", ""cityName"": ""Delhi"", ""hospAcc"": ""QCI"", ""hospName"": ""DRS NORTHEX EYE INSTITUTE PVT LTD"", ""tierType"": ""Tier 1""}"
871,DELHI/HQ/DIRECTORATE/MINISTRY,DELHI/HQ/DIRECTORATE/MINISTRY,18,DR S S DODA S ULTRASOUND CENTRE-PUSA ROAD,NABH valid till 26.09.2026,Tier 1,Delhi,,"{""adcityName"": ""DELHI/HQ/DIRECTORATE/MINISTRY"", ""cityName"": ""Delhi"", ""hospAcc"": ""NABH valid till 26.09.2026"", ""hospName"": ""DR S S DODA S ULTRASOUND CENTRE-PUSA ROAD"", ""tierType"": ""Tier 1""}"
872,DELHI/HQ/DIRECTORATE/MINISTRY,DELHI/HQ/DIRECTORATE/MINISTRY,18,DR SURESH GARG EYE and LASER CENTER,QCI,Tier 1,Delhi,,"{""adcityName"": ""DELHI/HQ/DIRECTORATE/MINISTRY"", ""cityName"": ""Delhi"", ""hospAcc"": ""QCI"", ""hospName"": ""DR SURESH GARG EYE and LASER CENTER"", ""tierType"": ""Tier 1""}"
873,DELHI/HQ/DIRECTORATE/MINISTRY,DELHI/HQ/DIRECTORATE/MINISTRY,18,Dr. Tushir Multispecialty Clinic,NABH,Tier 1,Delhi,,"{""adcityName"": ""DELHI/HQ/DIRECTORATE/MINISTRY"", ""cityName"": ""Delhi"", ""hospAcc"": ""NABH"", ""hospName"": ""Dr. Tushir Multispecialty Clinic"", ""tierType"": ""Tier 1""}"
874,DELHI/HQ/DIRECTORATE/MINISTRY,DELHI/HQ/DIRECTORATE/MINISTRY,18,East Delhi Medical Centre,Forced withdrawal of accreditation w.e.f. 26.09.2024,Tier 1,Delhi,,"{""adcityName"": ""DELHI/HQ/DIRECTORATE/MINISTRY"", ""cityName"": ""Delhi"", ""hospAcc"": ""Forced withdrawal of accreditation w.e.f. 26.09.2024"", ""hospName"": ""East Delhi Medical Centre"", ""tierType"": ""Tier 1""}"
875,DELHI/HQ/DIRECTORATE/MINISTRY,DELHI/HQ/DIRECTORATE/MINISTRY,18,ELANTIS HEALTHCARE,NABH,Tier 1,Delhi,,"{""adcityName"": ""DELHI/HQ/DIRECTORATE/MINISTRY"", ""cityName"": ""Delhi"", ""hospAcc"": ""NABH"", ""hospName"": ""ELANTIS HEALTHCARE"", ""tierType"": ""Tier 1""}"
876,DELHI/HQ/DIRECTORATE/MINISTRY,DELHI/HQ/DIRECTORATE/MINISTRY,18,EPITOME KIDNEY UROLOGY INSTITUTE AND LIONS HOSPITAL,NABH,Tier 1,Delhi,,"{""adcityName"": ""DELHI/HQ/DIRECTORATE/MINISTRY"", ""cityName"": ""Delhi"", ""hospAcc"": ""NABH"", ""hospName"": ""EPITOME KIDNEY UROLOGY INSTITUTE AND LIONS HOSPITAL"", ""tierType"": ""Tier 1""}"
877,DELHI/HQ/DIRECTORATE/MINISTRY,DELHI/HQ/DIRECTORATE/MINISTRY,18,ESCORT HEART INSTITUTE and RESEARCH CENTRE LTD-OKHLA ROAD,NABH,Tier 1,Delhi,,"{""adcityName"": ""DELHI/HQ/DIRECTORATE/MINISTRY"", ""cityName"": ""Delhi"", ""hospAcc"": ""NABH"", ""hospName"": ""ESCORT HEART INSTITUTE and RESEARCH CENTRE LTD-OKHLA ROAD"", ""tierType"": ""Tier 1""}"
878,DELHI/HQ/DIRECTORATE/MINISTRY,DELHI/HQ/DIRECTORATE/MINISTRY,18,eye4u,QCI,Tier 1,Delhi,,"{""adcityName"": ""DELHI/HQ/DIRECTORATE/MINISTRY"", ""cityName"": ""Delhi"", ""hospAcc"": ""QCI"", ""hospName"": ""eye4u"", ""tierType"": ""Tier 1""}"
879,DELHI/HQ/DIRECTORATE/MINISTRY,DELHI/HQ/DIRECTORATE/MINISTRY,18,Eye7 Hospitals Pvt Ltd,NABH,Tier 1,Delhi,,"{""adcityName"": ""DELHI/HQ/DIRECTORATE/MINISTRY"", ""cityName"": ""Delhi"", ""hospAcc"": ""NABH"", ""hospName"": ""Eye7 Hospitals Pvt Ltd"", ""tierType"": ""Tier 1""}"
880,DELHI/HQ/DIRECTORATE/MINISTRY,DELHI/HQ/DIRECTORATE/MINISTRY,18,Eye7 Hospitals Pvt Ltd,NABH Valid till 12.01.2026,Tier 1,Delhi,,"{""adcityName"": ""DELHI/HQ/DIRECTORATE/MINISTRY"", ""cityName"": ""Delhi"", ""hospAcc"": ""NABH Valid till 12.01.2026"", ""hospName"": ""Eye7 Hospitals Pvt Ltd"", ""tierType"": ""Tier 1""}"
881,DELHI/HQ/DIRECTORATE/MINISTRY,DELHI/HQ/DIRECTORATE/MINISTRY,18,EYE 7 HOSPITALS PVT LTD,NABH,Tier 1,Delhi,,"{""adcityName"": ""DELHI/HQ/DIRECTORATE/MINISTRY"", ""cityName"": ""Delhi"", ""hospAcc"": ""NABH"", ""hospName"": ""EYE 7 HOSPITALS PVT LTD"", ""tierType"": ""Tier 1""}"
882,DELHI/HQ/DIRECTORATE/MINISTRY,DELHI/HQ/DIRECTORATE/MINISTRY,18,EYE CARE,NABH,Tier 1,Delhi,,"{""adcityName"": ""DELHI/HQ/DIRECTORATE/MINISTRY"", ""cityName"": ""Delhi"", ""hospAcc"": ""NABH"", ""hospName"": ""EYE CARE"", ""tierType"": ""Tier 1""}"
883,DELHI/HQ/DIRECTORATE/MINISTRY,DELHI/HQ/DIRECTORATE/MINISTRY,18,EYE CARE CENTRE,QCI,Tier 1,Delhi,,"{""adcityName"": ""DELHI/HQ/DIRECTORATE/MINISTRY"", ""cityName"": ""Delhi"", ""hospAcc"": ""QCI"", ""hospName"": ""EYE CARE CENTRE"", ""tierType"": ""Tier 1""}"
884,DELHI/HQ/DIRECTORATE/MINISTRY,DELHI/HQ/DIRECTORATE/MINISTRY,18,EYE HEALTH CLINIC,QCI,Tier 2,GAUTAM BUDDHA NAGAR,,"{""adcityName"": ""DELHI/HQ/DIRECTORATE/MINISTRY"", ""cityName"": ""GAUTAM BUDDHA NAGAR"", ""hospAcc"": ""QCI"", ""hospName"": ""EYE HEALTH CLINIC"", ""tierType"": ""Tier 2""}"
885,DELHI/HQ/DIRECTORATE/MINISTRY,DELHI/HQ/DIRECTORATE/MINISTRY,18,Eye Mantra Hospital Private Limited,NABH,Tier 1,Delhi,,"{""adcityName"": ""DELHI/HQ/DIRECTORATE/MINISTRY"", ""cityName"": ""Delhi"", ""hospAcc"": ""NABH"", ""hospName"": ""Eye Mantra Hospital Private Limited"", ""tierType"": ""Tier 1""}"
886,DELHI/HQ/DIRECTORATE/MINISTRY,DELHI/HQ/DIRECTORATE/MINISTRY,18,EYE Q VISION PVT LTD - GURGAON,QCI,Tier 1,GURUGRAM,,"{""adcityName"": ""DELHI/HQ/DIRECTORATE/MINISTRY"", ""cityName"": ""GURUGRAM"", ""hospAcc"": ""QCI"", ""hospName"": ""EYE Q VISION PVT LTD - GURGAON"", ""tierType"": ""Tier 1""}"
887,DELHI/HQ/DIRECTORATE/MINISTRY,DELHI/HQ/DIRECTORATE/MINISTRY,18,EYE Q VISION PVT LTD - NEW RAILWAY ROAD,NABH,Tier 1,GURUGRAM,,"{""adcityName"": ""DELHI/HQ/DIRECTORATE/MINISTRY"", ""cityName"": ""GURUGRAM"", ""hospAcc"": ""NABH"", ""hospName"": ""EYE Q VISION PVT LTD - NEW RAILWAY ROAD"", ""tierType"": ""Tier 1""}"
888,DELHI/HQ/DIRECTORATE/MINISTRY,DELHI/HQ/DIRECTORATE/MINISTRY,18,EYE Q VISION PVT LTD - SHALIMAR BAGH,,Tier 1,Delhi,,"{""adcityName"": ""DELHI/HQ/DIRECTORATE/MINISTRY"", ""cityName"": ""Delhi"", ""hospAcc"": """", ""hospName"": ""EYE Q VISION PVT LTD - SHALIMAR BAGH"", ""tierType"": ""Tier 1""}"
889,DELHI/HQ/DIRECTORATE/MINISTRY,DELHI/HQ/DIRECTORATE/MINISTRY,18,EYE SCIENCES,NABH Valid till 23.02.2028,Tier 1,Delhi,,"{""adcityName"": ""DELHI/HQ/DIRECTORATE/MINISTRY"", ""cityName"": ""Delhi"", ""hospAcc"": ""NABH Valid till 23.02.2028"", ""hospName"": ""EYE SCIENCES"", ""tierType"": ""Tier 1""}"
890,DELHI/HQ/DIRECTORATE/MINISTRY,DELHI/HQ/DIRECTORATE/MINISTRY,18,EYE SIGHT LASER CENTRE,QCI,Tier 1,Delhi,,"{""adcityName"": ""DELHI/HQ/DIRECTORATE/MINISTRY"", ""cityName"": ""Delhi"", ""hospAcc"": ""QCI"", ""hospName"": ""EYE SIGHT LASER CENTRE"", ""tierType"": ""Tier 1""}"
891,DELHI/HQ/DIRECTORATE/MINISTRY,DELHI/HQ/DIRECTORATE/MINISTRY,18,EYE TRUST CLINIC AND DAY CARE CENTRE,QCI,Tier 1,GHAZIABAD,,"{""adcityName"": ""DELHI/HQ/DIRECTORATE/MINISTRY"", ""cityName"": ""GHAZIABAD"", ""hospAcc"": ""QCI"", ""hospName"": ""EYE TRUST CLINIC AND DAY CARE CENTRE"", ""tierType"": ""Tier 1""}"
892,DELHI/HQ/DIRECTORATE/MINISTRY,DELHI/HQ/DIRECTORATE/MINISTRY,18,FACES N BRACES DENTAL CLINIC,QCI,Tier 1,Delhi,,"{""adcityName"": ""DELHI/HQ/DIRECTORATE/MINISTRY"", ""cityName"": ""Delhi"", ""hospAcc"": ""QCI"", ""hospName"": ""FACES N BRACES DENTAL CLINIC"", ""tierType"": ""Tier 1""}"
893,DELHI/HQ/DIRECTORATE/MINISTRY,DELHI/HQ/DIRECTORATE/MINISTRY,18,FACIO DENTAL SUPER SPECIALITY CLINIC,NABH,Tier 1,Delhi,,"{""adcityName"": ""DELHI/HQ/DIRECTORATE/MINISTRY"", ""cityName"": ""Delhi"", ""hospAcc"": ""NABH"", ""hospName"": ""FACIO DENTAL SUPER SPECIALITY CLINIC"", ""tierType"": ""Tier 1""}"
894,DELHI/HQ/DIRECTORATE/MINISTRY,DELHI/HQ/DIRECTORATE/MINISTRY,18,FAMILY DENTAL CLINIC,,Tier 1,Delhi,,"{""adcityName"": ""DELHI/HQ/DIRECTORATE/MINISTRY"", ""cityName"": ""Delhi"", ""hospAcc"": """", ""hospName"": ""FAMILY DENTAL CLINIC"", ""tierType"": ""Tier 1""}"
895,DELHI/HQ/DIRECTORATE/MINISTRY,DELHI/HQ/DIRECTORATE/MINISTRY,18,FELIX HOSPITAL,NABH,Tier 2,GAUTAM BUDDHA NAGAR,,"{""adcityName"": ""DELHI/HQ/DIRECTORATE/MINISTRY"", ""cityName"": ""GAUTAM BUDDHA NAGAR"", ""hospAcc"": ""NABH"", ""hospName"": ""FELIX HOSPITAL"", ""tierType"": ""Tier 2""}"
896,DELHI/HQ/DIRECTORATE/MINISTRY,DELHI/HQ/DIRECTORATE/MINISTRY,18,Felix Hospital A Unit of Felix Healthcare Pvt Ltd,QCI,Tier 2,GAUTAM BUDDHA NAGAR,,"{""adcityName"": ""DELHI/HQ/DIRECTORATE/MINISTRY"", ""cityName"": ""GAUTAM BUDDHA NAGAR"", ""hospAcc"": ""QCI"", ""hospName"": ""Felix Hospital A Unit of Felix Healthcare Pvt Ltd"", ""tierType"": ""Tier 2""}"
897,DELHI/HQ/DIRECTORATE/MINISTRY,DELHI/HQ/DIRECTORATE/MINISTRY,18,FIMS HOSPITALFRANK INSTITUTE OF MEDICAL SCIENCES,NABH,Tier 2,SONIPAT,,"{""adcityName"": ""DELHI/HQ/DIRECTORATE/MINISTRY"", ""cityName"": ""SONIPAT"", ""hospAcc"": ""NABH"", ""hospName"": ""FIMS HOSPITALFRANK INSTITUTE OF MEDICAL SCIENCES"", ""tierType"": ""Tier 2""}"
898,DELHI/HQ/DIRECTORATE/MINISTRY,DELHI/HQ/DIRECTORATE/MINISTRY,18,Flores Hospital A Unit Of Mridula Health Care,NABH,Tier 1,GHAZIABAD,,"{""adcityName"": ""DELHI/HQ/DIRECTORATE/MINISTRY"", ""cityName"": ""GHAZIABAD"", ""hospAcc"": ""NABH"", ""hospName"": ""Flores Hospital A Unit Of Mridula Health Care"", ""tierType"": ""Tier 1""}"
899,DELHI/HQ/DIRECTORATE/MINISTRY,DELHI/HQ/DIRECTORATE/MINISTRY,18,FOCUS DENTAL MULTI SPECIALITY DENTAL CENTRE,NABH,Tier 1,Delhi,,"{""adcityName"": ""DELHI/HQ/DIRECTORATE/MINISTRY"", ""cityName"": ""Delhi"", ""hospAcc"": ""NABH"", ""hospName"": ""FOCUS DENTAL MULTI SPECIALITY DENTAL CENTRE"", ""tierType"": ""Tier 1""}"
900,DELHI/HQ/DIRECTORATE/MINISTRY,DELHI/HQ/DIRECTORATE/MINISTRY,18,FORESIGHT EYE CLINIC,NABH Valid till 12.02.2027,Tier 1,Delhi,,"{""adcityName"": ""DELHI/HQ/DIRECTORATE/MINISTRY"", ""cityName"": ""Delhi"", ""hospAcc"": ""NABH Valid till 12.02.2027"", ""hospName"": ""FORESIGHT EYE CLINIC"", ""tierType"": ""Tier 1""}"
901,DELHI/HQ/DIRECTORATE/MINISTRY,DELHI/HQ/DIRECTORATE/MINISTRY,18,Fortino Dental A unit of Fortino healthcare Pvt ltdvt Ltd,NABH,Tier 1,Delhi,,"{""adcityName"": ""DELHI/HQ/DIRECTORATE/MINISTRY"", ""cityName"": ""Delhi"", ""hospAcc"": ""NABH"", ""hospName"": ""Fortino Dental A unit of Fortino healthcare Pvt ltdvt Ltd"", ""tierType"": ""Tier 1""}"
902,DELHI/HQ/DIRECTORATE/MINISTRY,DELHI/HQ/DIRECTORATE/MINISTRY,18,Fortis Healthcare Limited,QCI,Tier 1,GURUGRAM,,"{""adcityName"": ""DELHI/HQ/DIRECTORATE/MINISTRY"", ""cityName"": ""GURUGRAM"", ""hospAcc"": ""QCI"", ""hospName"": ""Fortis Healthcare Limited"", ""tierType"": ""Tier 1""}"
903,DELHI/HQ/DIRECTORATE/MINISTRY,DELHI/HQ/DIRECTORATE/MINISTRY,18,Fortis Hospital Shalimar Bagh,NABH,Tier 1,Delhi,,"{""adcityName"": ""DELHI/HQ/DIRECTORATE/MINISTRY"", ""cityName"": ""Delhi"", ""hospAcc"": ""NABH"", ""hospName"": ""Fortis Hospital Shalimar Bagh"", ""tierType"": ""Tier 1""}"
904,DELHI/HQ/DIRECTORATE/MINISTRY,DELHI/HQ/DIRECTORATE/MINISTRY,18,Fortis hospitals Limited,NABH,Tier 1,Faridabad,,"{""adcityName"": ""DELHI/HQ/DIRECTORATE/MINISTRY"", ""cityName"": ""Faridabad"", ""hospAcc"": ""NABH"", ""hospName"": ""Fortis hospitals Limited"", ""tierType"": ""Tier 1""}"
905,DELHI/HQ/DIRECTORATE/MINISTRY,DELHI/HQ/DIRECTORATE/MINISTRY,18,FORTIS HOSPITALS LIMITED,NABH,Tier 2,GAUTAM BUDDHA NAGAR,,"{""adcityName"": ""DELHI/HQ/DIRECTORATE/MINISTRY"", ""cityName"": ""GAUTAM BUDDHA NAGAR"", ""hospAcc"": ""NABH"", ""hospName"": ""FORTIS HOSPITALS LIMITED"", ""tierType"": ""Tier 2""}"
906,DELHI/HQ/DIRECTORATE/MINISTRY,DELHI/HQ/DIRECTORATE/MINISTRY,18,GAGAN PATHOLOGY AND IMAGING PVT LTD,Nabh valid till 05.08.2027,Tier 1,Delhi,,"{""adcityName"": ""DELHI/HQ/DIRECTORATE/MINISTRY"", ""cityName"": ""Delhi"", ""hospAcc"": ""Nabh valid till 05.08.2027"", ""hospName"": ""GAGAN PATHOLOGY AND IMAGING PVT LTD"", ""tierType"": ""Tier 1""}"
907,DELHI/HQ/DIRECTORATE/MINISTRY,DELHI/HQ/DIRECTORATE/MINISTRY,18,GALAXY DIAGNOSTICS,QCI,Tier 1,GHAZIABAD,,"{""adcityName"": ""DELHI/HQ/DIRECTORATE/MINISTRY"", ""cityName"": ""GHAZIABAD"", ""hospAcc"": ""QCI"", ""hospName"": ""GALAXY DIAGNOSTICS"", ""tierType"": ""Tier 1""}"
908,DELHI/HQ/DIRECTORATE/MINISTRY,DELHI/HQ/DIRECTORATE/MINISTRY,18,GANDHI HOSPITAL UNIT OF PAWAN GANDHI HEALTHCARE PVTLTD,NABH,Tier 1,Delhi,,"{""adcityName"": ""DELHI/HQ/DIRECTORATE/MINISTRY"", ""cityName"": ""Delhi"", ""hospAcc"": ""NABH"", ""hospName"": ""GANDHI HOSPITAL UNIT OF PAWAN GANDHI HEALTHCARE PVTLTD"", ""tierType"": ""Tier 1""}"
909,DELHI/HQ/DIRECTORATE/MINISTRY,DELHI/HQ/DIRECTORATE/MINISTRY,18,GANESH DIAGNOSTIC and IMAGING CENTRE P LTD-DERAWAL N,Nabh valid till 17.07.2028,Tier 1,Delhi,,"{""adcityName"": ""DELHI/HQ/DIRECTORATE/MINISTRY"", ""cityName"": ""Delhi"", ""hospAcc"": ""Nabh valid till 17.07.2028"", ""hospName"": ""GANESH DIAGNOSTIC and IMAGING CENTRE P LTD-DERAWAL N"", ""tierType"": ""Tier 1""}"
910,DELHI/HQ/DIRECTORATE/MINISTRY,DELHI/HQ/DIRECTORATE/MINISTRY,18,GANESH DIAGNOSTIC and IMAGING CENTRE P LTD - KALKAJI,,Tier 1,Delhi,,"{""adcityName"": ""DELHI/HQ/DIRECTORATE/MINISTRY"", ""cityName"": ""Delhi"", ""hospAcc"": """", ""hospName"": ""GANESH DIAGNOSTIC and IMAGING CENTRE P LTD - KALKAJI"", ""tierType"": ""Tier 1""}"
911,DELHI/HQ/DIRECTORATE/MINISTRY,DELHI/HQ/DIRECTORATE/MINISTRY,18,GANESH DIAGNOSTIC AND IMAGING CENTRE PVT LIMITED,NABH,Tier 1,Delhi,,"{""adcityName"": ""DELHI/HQ/DIRECTORATE/MINISTRY"", ""cityName"": ""Delhi"", ""hospAcc"": ""NABH"", ""hospName"": ""GANESH DIAGNOSTIC AND IMAGING CENTRE PVT LIMITED"", ""tierType"": ""Tier 1""}"
912,DELHI/HQ/DIRECTORATE/MINISTRY,DELHI/HQ/DIRECTORATE/MINISTRY,18,GANESH DIAGNOSTIC AND IMAGING CENTRE PVT LIMITED,NABL,Tier 1,Delhi,,"{""adcityName"": ""DELHI/HQ/DIRECTORATE/MINISTRY"", ""cityName"": ""Delhi"", ""hospAcc"": ""NABL"", ""hospName"": ""GANESH DIAGNOSTIC AND IMAGING CENTRE PVT LIMITED"", ""tierType"": ""Tier 1""}"
913,DELHI/HQ/DIRECTORATE/MINISTRY,DELHI/HQ/DIRECTORATE/MINISTRY,18,GANESH DIAGNOSTIC AND IMAGING CENTRE PVT LIMITED,NABH,Tier 1,Delhi,,"{""adcityName"": ""DELHI/HQ/DIRECTORATE/MINISTRY"", ""cityName"": ""Delhi"", ""hospAcc"": ""NABH"", ""hospName"": ""GANESH DIAGNOSTIC AND IMAGING CENTRE PVT LIMITED"", ""tierType"": ""Tier 1""}"
914,DELHI/HQ/DIRECTORATE/MINISTRY,DELHI/HQ/DIRECTORATE/MINISTRY,18,GANESH DIAGNOSTIC AND IMAGING CENTRE PVT LIMITED,QCI,Tier 1,Delhi,,"{""adcityName"": ""DELHI/HQ/DIRECTORATE/MINISTRY"", ""cityName"": ""Delhi"", ""hospAcc"": ""QCI"", ""hospName"": ""GANESH DIAGNOSTIC AND IMAGING CENTRE PVT LIMITED"", ""tierType"": ""Tier 1""}"
915,DELHI/HQ/DIRECTORATE/MINISTRY,DELHI/HQ/DIRECTORATE/MINISTRY,18,GANESH HOSPITALS PVT LTD,QCI,Tier 1,GHAZIABAD,,"{""adcityName"": ""DELHI/HQ/DIRECTORATE/MINISTRY"", ""cityName"": ""GHAZIABAD"", ""hospAcc"": ""QCI"", ""hospName"": ""GANESH HOSPITALS PVT LTD"", ""tierType"": ""Tier 1""}"
916,DELHI/HQ/DIRECTORATE/MINISTRY,DELHI/HQ/DIRECTORATE/MINISTRY,18,GANESH MRI CENTRE PVT LTD,NABL,Tier 1,Delhi,,"{""adcityName"": ""DELHI/HQ/DIRECTORATE/MINISTRY"", ""cityName"": ""Delhi"", ""hospAcc"": ""NABL"", ""hospName"": ""GANESH MRI CENTRE PVT LTD"", ""tierType"": ""Tier 1""}"
917,DELHI/HQ/DIRECTORATE/MINISTRY,DELHI/HQ/DIRECTORATE/MINISTRY,18,Ganpati Dental clinic,NABH,Tier 1,Delhi,,"{""adcityName"": ""DELHI/HQ/DIRECTORATE/MINISTRY"", ""cityName"": ""Delhi"", ""hospAcc"": ""NABH"", ""hospName"": ""Ganpati Dental clinic"", ""tierType"": ""Tier 1""}"
918,DELHI/HQ/DIRECTORATE/MINISTRY,DELHI/HQ/DIRECTORATE/MINISTRY,18,GARG HOSPITAL,NABH,Tier 1,Delhi,,"{""adcityName"": ""DELHI/HQ/DIRECTORATE/MINISTRY"", ""cityName"": ""Delhi"", ""hospAcc"": ""NABH"", ""hospName"": ""GARG HOSPITAL"", ""tierType"": ""Tier 1""}"
919,DELHI/HQ/DIRECTORATE/MINISTRY,DELHI/HQ/DIRECTORATE/MINISTRY,18,GAUTAM DENTAL CARE,QCI,Tier 1,GHAZIABAD,,"{""adcityName"": ""DELHI/HQ/DIRECTORATE/MINISTRY"", ""cityName"": ""GHAZIABAD"", ""hospAcc"": ""QCI"", ""hospName"": ""GAUTAM DENTAL CARE"", ""tierType"": ""Tier 1""}"
920,DELHI/HQ/DIRECTORATE/MINISTRY,DELHI/HQ/DIRECTORATE/MINISTRY,18,GAYATRI HOSPITAL A UNIT OF AAS MEDICARE PVT LTD,NABH,Tier 1,GHAZIABAD,,"{""adcityName"": ""DELHI/HQ/DIRECTORATE/MINISTRY"", ""cityName"": ""GHAZIABAD"", ""hospAcc"": ""NABH"", ""hospName"": ""GAYATRI HOSPITAL A UNIT OF AAS MEDICARE PVT LTD"", ""tierType"": ""Tier 1""}"
921,DELHI/HQ/DIRECTORATE/MINISTRY,DELHI/HQ/DIRECTORATE/MINISTRY,18,GENESIS HOSPITAL,QCI,Tier 1,GURUGRAM,,"{""adcityName"": ""DELHI/HQ/DIRECTORATE/MINISTRY"", ""cityName"": ""GURUGRAM"", ""hospAcc"": ""QCI"", ""hospName"": ""GENESIS HOSPITAL"", ""tierType"": ""Tier 1""}"
922,DELHI/HQ/DIRECTORATE/MINISTRY,DELHI/HQ/DIRECTORATE/MINISTRY,18,GOEL S MULTISPECIALITY DENTAL CLINIC and IMPLANT CENTRE,NABH,Tier 1,Delhi,,"{""adcityName"": ""DELHI/HQ/DIRECTORATE/MINISTRY"", ""cityName"": ""Delhi"", ""hospAcc"": ""NABH"", ""hospName"": ""GOEL S MULTISPECIALITY DENTAL CLINIC and IMPLANT CENTRE"", ""tierType"": ""Tier 1""}"
923,DELHI/HQ/DIRECTORATE/MINISTRY,DELHI/HQ/DIRECTORATE/MINISTRY,18,GOOD DENTAL CLINIC,QCI,Tier 1,Delhi,,"{""adcityName"": ""DELHI/HQ/DIRECTORATE/MINISTRY"", ""cityName"": ""Delhi"", ""hospAcc"": ""QCI"", ""hospName"": ""GOOD DENTAL CLINIC"", ""tierType"": ""Tier 1""}"
924,DELHI/HQ/DIRECTORATE/MINISTRY,DELHI/HQ/DIRECTORATE/MINISTRY,18,GOYAL EYE CENTRE A UNIT OF GOYAL MEDICARE CENTRE,QCI,Tier 1,Delhi,,"{""adcityName"": ""DELHI/HQ/DIRECTORATE/MINISTRY"", ""cityName"": ""Delhi"", ""hospAcc"": ""QCI"", ""hospName"": ""GOYAL EYE CENTRE A UNIT OF GOYAL MEDICARE CENTRE"", ""tierType"": ""Tier 1""}"
925,DELHI/HQ/DIRECTORATE/MINISTRY,DELHI/HQ/DIRECTORATE/MINISTRY,18,GOYAL EYE INSTITUTE-EAST PATEL NAGAR,NABH,Tier 1,Delhi,,"{""adcityName"": ""DELHI/HQ/DIRECTORATE/MINISTRY"", ""cityName"": ""Delhi"", ""hospAcc"": ""NABH"", ""hospName"": ""GOYAL EYE INSTITUTE-EAST PATEL NAGAR"", ""tierType"": ""Tier 1""}"
926,DELHI/HQ/DIRECTORATE/MINISTRY,DELHI/HQ/DIRECTORATE/MINISTRY,18,GOYAL HOSPITAL and UROLOGY CENTRE,NABH,Tier 1,Delhi,,"{""adcityName"": ""DELHI/HQ/DIRECTORATE/MINISTRY"", ""cityName"": ""Delhi"", ""hospAcc"": ""NABH"", ""hospName"": ""GOYAL HOSPITAL and UROLOGY CENTRE"", ""tierType"": ""Tier 1""}"
927,DELHI/HQ/DIRECTORATE/MINISTRY,DELHI/HQ/DIRECTORATE/MINISTRY,18,GOYAL MRI and DIAGNOSTIC CENTRE-SAFDARJUNG,NABH Valid till 11.03.2027,Tier 1,Delhi,,"{""adcityName"": ""DELHI/HQ/DIRECTORATE/MINISTRY"", ""cityName"": ""Delhi"", ""hospAcc"": ""NABH Valid till 11.03.2027"", ""hospName"": ""GOYAL MRI and DIAGNOSTIC CENTRE-SAFDARJUNG"", ""tierType"": ""Tier 1""}"
928,DELHI/HQ/DIRECTORATE/MINISTRY,DELHI/HQ/DIRECTORATE/MINISTRY,18,GRACE DENTAL CLINIC,QCI,Tier 1,GURUGRAM,,"{""adcityName"": ""DELHI/HQ/DIRECTORATE/MINISTRY"", ""cityName"": ""GURUGRAM"", ""hospAcc"": ""QCI"", ""hospName"": ""GRACE DENTAL CLINIC"", ""tierType"": ""Tier 1""}"
929,DELHI/HQ/DIRECTORATE/MINISTRY,DELHI/HQ/DIRECTORATE/MINISTRY,18,Green City Hospital A Unit of AAR AAR Medical Services Pvt Ltd,NABH,Tier 2,GAUTAM BUDDHA NAGAR,,"{""adcityName"": ""DELHI/HQ/DIRECTORATE/MINISTRY"", ""cityName"": ""GAUTAM BUDDHA NAGAR"", ""hospAcc"": ""NABH"", ""hospName"": ""Green City Hospital A Unit of AAR AAR Medical Services Pvt Ltd"", ""tierType"": ""Tier 2""}"
930,DELHI/HQ/DIRECTORATE/MINISTRY,DELHI/HQ/DIRECTORATE/MINISTRY,18,GUPTA DENTAL CARE & ORTHODONTIC CENTRE,NABH,Tier 1,Delhi,,"{""adcityName"": ""DELHI/HQ/DIRECTORATE/MINISTRY"", ""cityName"": ""Delhi"", ""hospAcc"": ""NABH"", ""hospName"": ""GUPTA DENTAL CARE & ORTHODONTIC CENTRE"", ""tierType"": ""Tier 1""}"
931,DELHI/HQ/DIRECTORATE/MINISTRY,DELHI/HQ/DIRECTORATE/MINISTRY,18,Gupta Multispeciality Dental clinic,NABH,Tier 1,Delhi,,"{""adcityName"": ""DELHI/HQ/DIRECTORATE/MINISTRY"", ""cityName"": ""Delhi"", ""hospAcc"": ""NABH"", ""hospName"": ""Gupta Multispeciality Dental clinic"", ""tierType"": ""Tier 1""}"
932,DELHI/HQ/DIRECTORATE/MINISTRY,DELHI/HQ/DIRECTORATE/MINISTRY,18,Gupta Multispeciality Hospital,NABH,Tier 1,Delhi,,"{""adcityName"": ""DELHI/HQ/DIRECTORATE/MINISTRY"", ""cityName"": ""Delhi"", ""hospAcc"": ""NABH"", ""hospName"": ""Gupta Multispeciality Hospital"", ""tierType"": ""Tier 1""}"
933,DELHI/HQ/DIRECTORATE/MINISTRY,DELHI/HQ/DIRECTORATE/MINISTRY,18,GUPTA MULTISPECIALITY HOSPITAL,Forced Withdrawal of Accreditation w.e.f 13th March 2025,Tier 1,Delhi,,"{""adcityName"": ""DELHI/HQ/DIRECTORATE/MINISTRY"", ""cityName"": ""Delhi"", ""hospAcc"": ""Forced Withdrawal of Accreditation w.e.f 13th March 2025"", ""hospName"": ""GUPTA MULTISPECIALITY HOSPITAL"", ""tierType"": ""Tier 1""}"
934,DELHI/HQ/DIRECTORATE/MINISTRY,DELHI/HQ/DIRECTORATE/MINISTRY,18,GUPTAS DENTAL CLINIC and IMPLANT CENTER,NABH Valid till 24.11.2026,Tier 1,Delhi,,"{""adcityName"": ""DELHI/HQ/DIRECTORATE/MINISTRY"", ""cityName"": ""Delhi"", ""hospAcc"": ""NABH Valid till 24.11.2026"", ""hospName"": ""GUPTAS DENTAL CLINIC and IMPLANT CENTER"", ""tierType"": ""Tier 1""}"
935,DELHI/HQ/DIRECTORATE/MINISTRY,DELHI/HQ/DIRECTORATE/MINISTRY,18,HAKEEM ABDUL HAMEED CENTENARY HOSPITAL,NABH,Tier 1,Delhi,,"{""adcityName"": ""DELHI/HQ/DIRECTORATE/MINISTRY"", ""cityName"": ""Delhi"", ""hospAcc"": ""NABH"", ""hospName"": ""HAKEEM ABDUL HAMEED CENTENARY HOSPITAL"", ""tierType"": ""Tier 1""}"
936,DELHI/HQ/DIRECTORATE/MINISTRY,DELHI/HQ/DIRECTORATE/MINISTRY,18,Handa hospital & heart care center,NABH,Tier 2,SONIPAT,,"{""adcityName"": ""DELHI/HQ/DIRECTORATE/MINISTRY"", ""cityName"": ""SONIPAT"", ""hospAcc"": ""NABH"", ""hospName"": ""Handa hospital & heart care center"", ""tierType"": ""Tier 2""}"
937,DELHI/HQ/DIRECTORATE/MINISTRY,DELHI/HQ/DIRECTORATE/MINISTRY,18,Haryana multispeciality hospital,NABH,Tier 2,SONIPAT,,"{""adcityName"": ""DELHI/HQ/DIRECTORATE/MINISTRY"", ""cityName"": ""SONIPAT"", ""hospAcc"": ""NABH"", ""hospName"": ""Haryana multispeciality hospital"", ""tierType"": ""Tier 2""}"
938,DELHI/HQ/DIRECTORATE/MINISTRY,DELHI/HQ/DIRECTORATE/MINISTRY,18,Hasija Hospital,NABH,Tier 2,SONIPAT,,"{""adcityName"": ""DELHI/HQ/DIRECTORATE/MINISTRY"", ""cityName"": ""SONIPAT"", ""hospAcc"": ""NABH"", ""hospName"": ""Hasija Hospital"", ""tierType"": ""Tier 2""}"
939,DELHI/HQ/DIRECTORATE/MINISTRY,DELHI/HQ/DIRECTORATE/MINISTRY,18,HEALING TREE HOSPITAL A UNIT OF MANJUSHA HEALTHCARE PVT LTD,NABH,Tier 1,GHAZIABAD,,"{""adcityName"": ""DELHI/HQ/DIRECTORATE/MINISTRY"", ""cityName"": ""GHAZIABAD"", ""hospAcc"": ""NABH"", ""hospName"": ""HEALING TREE HOSPITAL A UNIT OF MANJUSHA HEALTHCARE PVT LTD"", ""tierType"": ""Tier 1""}"
940,DELHI/HQ/DIRECTORATE/MINISTRY,DELHI/HQ/DIRECTORATE/MINISTRY,18,HEALTHCARE DIWAN CHAND IMAGING LLP,,Tier 1,Delhi,,"{""adcityName"": ""DELHI/HQ/DIRECTORATE/MINISTRY"", ""cityName"": ""Delhi"", ""hospAcc"": """", ""hospName"": ""HEALTHCARE DIWAN CHAND IMAGING LLP"", ""tierType"": ""Tier 1""}"
941,DELHI/HQ/DIRECTORATE/MINISTRY,DELHI/HQ/DIRECTORATE/MINISTRY,18,Health Care Professionals,,Tier 1,Delhi,,"{""adcityName"": ""DELHI/HQ/DIRECTORATE/MINISTRY"", ""cityName"": ""Delhi"", ""hospAcc"": """", ""hospName"": ""Health Care Professionals"", ""tierType"": ""Tier 1""}"
942,DELHI/HQ/DIRECTORATE/MINISTRY,DELHI/HQ/DIRECTORATE/MINISTRY,18,HEALTHIANS LABS,NABL,Tier 1,Delhi,,"{""adcityName"": ""DELHI/HQ/DIRECTORATE/MINISTRY"", ""cityName"": ""Delhi"", ""hospAcc"": ""NABL"", ""hospName"": ""HEALTHIANS LABS"", ""tierType"": ""Tier 1""}"
943,DELHI/HQ/DIRECTORATE/MINISTRY,DELHI/HQ/DIRECTORATE/MINISTRY,18,HEALTH PLUS DIAGNOSTIC and IMAGING CENTRE,QCI,Tier 1,Delhi,,"{""adcityName"": ""DELHI/HQ/DIRECTORATE/MINISTRY"", ""cityName"": ""Delhi"", ""hospAcc"": ""QCI"", ""hospName"": ""HEALTH PLUS DIAGNOSTIC and IMAGING CENTRE"", ""tierType"": ""Tier 1""}"
944,DELHI/HQ/DIRECTORATE/MINISTRY,DELHI/HQ/DIRECTORATE/MINISTRY,18,HEALTH SQUARE WELLNESS DIAGNOSTIC,NABH,Tier 1,Delhi,,"{""adcityName"": ""DELHI/HQ/DIRECTORATE/MINISTRY"", ""cityName"": ""Delhi"", ""hospAcc"": ""NABH"", ""hospName"": ""HEALTH SQUARE WELLNESS DIAGNOSTIC"", ""tierType"": ""Tier 1""}"
945,DELHI/HQ/DIRECTORATE/MINISTRY,DELHI/HQ/DIRECTORATE/MINISTRY,18,HEALTH VIEW DIAGNOSTIC CENTRE,QCI,Tier 1,Delhi,,"{""adcityName"": ""DELHI/HQ/DIRECTORATE/MINISTRY"", ""cityName"": ""Delhi"", ""hospAcc"": ""QCI"", ""hospName"": ""HEALTH VIEW DIAGNOSTIC CENTRE"", ""tierType"": ""Tier 1""}"
946,DELHI/HQ/DIRECTORATE/MINISTRY,DELHI/HQ/DIRECTORATE/MINISTRY,18,HEALTHWAY DENTAL AND MEDICAL CLINIC,QCI,Tier 1,Delhi,,"{""adcityName"": ""DELHI/HQ/DIRECTORATE/MINISTRY"", ""cityName"": ""Delhi"", ""hospAcc"": ""QCI"", ""hospName"": ""HEALTHWAY DENTAL AND MEDICAL CLINIC"", ""tierType"": ""Tier 1""}"
947,DELHI/HQ/DIRECTORATE/MINISTRY,DELHI/HQ/DIRECTORATE/MINISTRY,18,HELVETIA DIAGNOSTICS and HEALTHCARE,NABH,Tier 1,Delhi,,"{""adcityName"": ""DELHI/HQ/DIRECTORATE/MINISTRY"", ""cityName"": ""Delhi"", ""hospAcc"": ""NABH"", ""hospName"": ""HELVETIA DIAGNOSTICS and HEALTHCARE"", ""tierType"": ""Tier 1""}"
948,DELHI/HQ/DIRECTORATE/MINISTRY,DELHI/HQ/DIRECTORATE/MINISTRY,18,HI TECH EYE CENTRE,NABH,Tier 1,Delhi,,"{""adcityName"": ""DELHI/HQ/DIRECTORATE/MINISTRY"", ""cityName"": ""Delhi"", ""hospAcc"": ""NABH"", ""hospName"": ""HI TECH EYE CENTRE"", ""tierType"": ""Tier 1""}"
949,DELHI/HQ/DIRECTORATE/MINISTRY,DELHI/HQ/DIRECTORATE/MINISTRY,18,HI-TECH EYE CENTRE - VIKAS PURI,NABH,Tier 1,Delhi,,"{""adcityName"": ""DELHI/HQ/DIRECTORATE/MINISTRY"", ""cityName"": ""Delhi"", ""hospAcc"": ""NABH"", ""hospName"": ""HI-TECH EYE CENTRE - VIKAS PURI"", ""tierType"": ""Tier 1""}"
950,DELHI/HQ/DIRECTORATE/MINISTRY,DELHI/HQ/DIRECTORATE/MINISTRY,18,HOPE DENTAL CARE,QCI,Tier 1,GHAZIABAD,,"{""adcityName"": ""DELHI/HQ/DIRECTORATE/MINISTRY"", ""cityName"": ""GHAZIABAD"", ""hospAcc"": ""QCI"", ""hospName"": ""HOPE DENTAL CARE"", ""tierType"": ""Tier 1""}"
951,DELHI/HQ/DIRECTORATE/MINISTRY,DELHI/HQ/DIRECTORATE/MINISTRY,18,HOPE IMAGING and DIAGNOSTICS,NABL,Tier 1,GHAZIABAD,,"{""adcityName"": ""DELHI/HQ/DIRECTORATE/MINISTRY"", ""cityName"": ""GHAZIABAD"", ""hospAcc"": ""NABL"", ""hospName"": ""HOPE IMAGING and DIAGNOSTICS"", ""tierType"": ""Tier 1""}"
952,DELHI/HQ/DIRECTORATE/MINISTRY,DELHI/HQ/DIRECTORATE/MINISTRY,18,HOUSE OF DENTISTRY,QCI,Tier 1,Delhi,,"{""adcityName"": ""DELHI/HQ/DIRECTORATE/MINISTRY"", ""cityName"": ""Delhi"", ""hospAcc"": ""QCI"", ""hospName"": ""HOUSE OF DENTISTRY"", ""tierType"": ""Tier 1""}"
953,DELHI/HQ/DIRECTORATE/MINISTRY,DELHI/HQ/DIRECTORATE/MINISTRY,18,HOUSE OF DIAGNOSTICS LLP,,Tier 1,Delhi,,"{""adcityName"": ""DELHI/HQ/DIRECTORATE/MINISTRY"", ""cityName"": ""Delhi"", ""hospAcc"": """", ""hospName"": ""HOUSE OF DIAGNOSTICS LLP"", ""tierType"": ""Tier 1""}"
954,DELHI/HQ/DIRECTORATE/MINISTRY,DELHI/HQ/DIRECTORATE/MINISTRY,18,Human Care Medical Charitable Trust,NABH,Tier 1,Delhi,,"{""adcityName"": ""DELHI/HQ/DIRECTORATE/MINISTRY"", ""cityName"": ""Delhi"", ""hospAcc"": ""NABH"", ""hospName"": ""Human Care Medical Charitable Trust"", ""tierType"": ""Tier 1""}"
955,DELHI/HQ/DIRECTORATE/MINISTRY,DELHI/HQ/DIRECTORATE/MINISTRY,18,I CARE CENTRE,QCI,Tier 1,Delhi,,"{""adcityName"": ""DELHI/HQ/DIRECTORATE/MINISTRY"", ""cityName"": ""Delhi"", ""hospAcc"": ""QCI"", ""hospName"": ""I CARE CENTRE"", ""tierType"": ""Tier 1""}"
956,DELHI/HQ/DIRECTORATE/MINISTRY,DELHI/HQ/DIRECTORATE/MINISTRY,18,ICARE Eye Hospital and PG Institute,NABH,Tier 2,GAUTAM BUDDHA NAGAR,,"{""adcityName"": ""DELHI/HQ/DIRECTORATE/MINISTRY"", ""cityName"": ""GAUTAM BUDDHA NAGAR"", ""hospAcc"": ""NABH"", ""hospName"": ""ICARE Eye Hospital and PG Institute"", ""tierType"": ""Tier 2""}"
957,DELHI/HQ/DIRECTORATE/MINISTRY,DELHI/HQ/DIRECTORATE/MINISTRY,18,I Clinix Advanced Eye Care,NABH Valid till 16.11.2025,Tier 1,Delhi,,"{""adcityName"": ""DELHI/HQ/DIRECTORATE/MINISTRY"", ""cityName"": ""Delhi"", ""hospAcc"": ""NABH Valid till 16.11.2025"", ""hospName"": ""I Clinix Advanced Eye Care"", ""tierType"": ""Tier 1""}"
958,DELHI/HQ/DIRECTORATE/MINISTRY,DELHI/HQ/DIRECTORATE/MINISTRY,18,I CREATE HOSPITAL,NABH,Tier 1,Delhi,,"{""adcityName"": ""DELHI/HQ/DIRECTORATE/MINISTRY"", ""cityName"": ""Delhi"", ""hospAcc"": ""NABH"", ""hospName"": ""I CREATE HOSPITAL"", ""tierType"": ""Tier 1""}"
959,DELHI/HQ/DIRECTORATE/MINISTRY,DELHI/HQ/DIRECTORATE/MINISTRY,18,IMAX Denatl Multispeciality Clinic,QCI,Tier 1,Delhi,,"{""adcityName"": ""DELHI/HQ/DIRECTORATE/MINISTRY"", ""cityName"": ""Delhi"", ""hospAcc"": ""QCI"", ""hospName"": ""IMAX Denatl Multispeciality Clinic"", ""tierType"": ""Tier 1""}"
960,DELHI/HQ/DIRECTORATE/MINISTRY,DELHI/HQ/DIRECTORATE/MINISTRY,18,IM DENTIST,NABH,Tier 1,Delhi,,"{""adcityName"": ""DELHI/HQ/DIRECTORATE/MINISTRY"", ""cityName"": ""Delhi"", ""hospAcc"": ""NABH"", ""hospName"": ""IM DENTIST"", ""tierType"": ""Tier 1""}"
961,DELHI/HQ/DIRECTORATE/MINISTRY,DELHI/HQ/DIRECTORATE/MINISTRY,18,implant and surgery centre,QCI,Tier 1,Delhi,,"{""adcityName"": ""DELHI/HQ/DIRECTORATE/MINISTRY"", ""cityName"": ""Delhi"", ""hospAcc"": ""QCI"", ""hospName"": ""implant and surgery centre"", ""tierType"": ""Tier 1""}"
962,DELHI/HQ/DIRECTORATE/MINISTRY,DELHI/HQ/DIRECTORATE/MINISTRY,18,INDER VISION CARE CENTRE,QCI,Tier 1,Delhi,,"{""adcityName"": ""DELHI/HQ/DIRECTORATE/MINISTRY"", ""cityName"": ""Delhi"", ""hospAcc"": ""QCI"", ""hospName"": ""INDER VISION CARE CENTRE"", ""tierType"": ""Tier 1""}"
963,DELHI/HQ/DIRECTORATE/MINISTRY,DELHI/HQ/DIRECTORATE/MINISTRY,18,INDIANA DIAGNOSTICS INDIANA HEALTHCARE PVT LTD2,NABL,Tier 1,Delhi,,"{""adcityName"": ""DELHI/HQ/DIRECTORATE/MINISTRY"", ""cityName"": ""Delhi"", ""hospAcc"": ""NABL"", ""hospName"": ""INDIANA DIAGNOSTICS INDIANA HEALTHCARE PVT LTD2"", ""tierType"": ""Tier 1""}"
964,DELHI/HQ/DIRECTORATE/MINISTRY,DELHI/HQ/DIRECTORATE/MINISTRY,18,INDIAN SPINAL INJURIES CENTRE - VASANT KUNJ,NABH Accredited valid upto: 15.01.2029,Tier 1,Delhi,,"{""adcityName"": ""DELHI/HQ/DIRECTORATE/MINISTRY"", ""cityName"": ""Delhi"", ""hospAcc"": ""NABH Accredited valid upto: 15.01.2029"", ""hospName"": ""INDIAN SPINAL INJURIES CENTRE - VASANT KUNJ"", ""tierType"": ""Tier 1""}"
965,DELHI/HQ/DIRECTORATE/MINISTRY,DELHI/HQ/DIRECTORATE/MINISTRY,18,INDOGULF HOSPITAL,QCI,Tier 2,GAUTAM BUDDHA NAGAR,,"{""adcityName"": ""DELHI/HQ/DIRECTORATE/MINISTRY"", ""cityName"": ""GAUTAM BUDDHA NAGAR"", ""hospAcc"": ""QCI"", ""hospName"": ""INDOGULF HOSPITAL"", ""tierType"": ""Tier 2""}"
966,DELHI/HQ/DIRECTORATE/MINISTRY,DELHI/HQ/DIRECTORATE/MINISTRY,18,INDRAPRASTHA DIAGNOSTICS LLP,NABH,Tier 1,Delhi,,"{""adcityName"": ""DELHI/HQ/DIRECTORATE/MINISTRY"", ""cityName"": ""Delhi"", ""hospAcc"": ""NABH"", ""hospName"": ""INDRAPRASTHA DIAGNOSTICS LLP"", ""tierType"": ""Tier 1""}"
967,DELHI/HQ/DIRECTORATE/MINISTRY,DELHI/HQ/DIRECTORATE/MINISTRY,18,INDUS VALLEY HOSPITALS,NABH Valid till 23.01.2028,Tier 1,Delhi,,"{""adcityName"": ""DELHI/HQ/DIRECTORATE/MINISTRY"", ""cityName"": ""Delhi"", ""hospAcc"": ""NABH Valid till 23.01.2028"", ""hospName"": ""INDUS VALLEY HOSPITALS"", ""tierType"": ""Tier 1""}"
968,DELHI/HQ/DIRECTORATE/MINISTRY,DELHI/HQ/DIRECTORATE/MINISTRY,18,INSTITUTE OF BRAIN AND SPINE UNIT OF SRI NEURO CA,NABH Expired,Tier 1,Delhi,,"{""adcityName"": ""DELHI/HQ/DIRECTORATE/MINISTRY"", ""cityName"": ""Delhi"", ""hospAcc"": ""NABH Expired"", ""hospName"": ""INSTITUTE OF BRAIN AND SPINE UNIT OF SRI NEURO CA"", ""tierType"": ""Tier 1""}"
969,DELHI/HQ/DIRECTORATE/MINISTRY,DELHI/HQ/DIRECTORATE/MINISTRY,18,IRENE HOSPITAL,QCI,Tier 1,Delhi,,"{""adcityName"": ""DELHI/HQ/DIRECTORATE/MINISTRY"", ""cityName"": ""Delhi"", ""hospAcc"": ""QCI"", ""hospName"": ""IRENE HOSPITAL"", ""tierType"": ""Tier 1""}"
970,DELHI/HQ/DIRECTORATE/MINISTRY,DELHI/HQ/DIRECTORATE/MINISTRY,18,Ishan Eye Centre,QCI,Tier 1,Delhi,,"{""adcityName"": ""DELHI/HQ/DIRECTORATE/MINISTRY"", ""cityName"": ""Delhi"", ""hospAcc"": ""QCI"", ""hospName"": ""Ishan Eye Centre"", ""tierType"": ""Tier 1""}"
971,DELHI/HQ/DIRECTORATE/MINISTRY,DELHI/HQ/DIRECTORATE/MINISTRY,18,ISHAN HOSPITAL,QCI,Tier 1,Delhi,,"{""adcityName"": ""DELHI/HQ/DIRECTORATE/MINISTRY"", ""cityName"": ""Delhi"", ""hospAcc"": ""QCI"", ""hospName"": ""ISHAN HOSPITAL"", ""tierType"": ""Tier 1""}"
972,DELHI/HQ/DIRECTORATE/MINISTRY,DELHI/HQ/DIRECTORATE/MINISTRY,18,Itek Vision Centre,QCI,Tier 2,GAUTAM BUDDHA NAGAR,,"{""adcityName"": ""DELHI/HQ/DIRECTORATE/MINISTRY"", ""cityName"": ""GAUTAM BUDDHA NAGAR"", ""hospAcc"": ""QCI"", ""hospName"": ""Itek Vision Centre"", ""tierType"": ""Tier 2""}"
973,DELHI/HQ/DIRECTORATE/MINISTRY,DELHI/HQ/DIRECTORATE/MINISTRY,18,J A ANEJA MULTISPECIALITY DENTAL CENTRE,NABH Valid till 30.11.2025,Tier 1,Delhi,,"{""adcityName"": ""DELHI/HQ/DIRECTORATE/MINISTRY"", ""cityName"": ""Delhi"", ""hospAcc"": ""NABH Valid till 30.11.2025"", ""hospName"": ""J A ANEJA MULTISPECIALITY DENTAL CENTRE"", ""tierType"": ""Tier 1""}"
974,DELHI/HQ/DIRECTORATE/MINISTRY,DELHI/HQ/DIRECTORATE/MINISTRY,18,Jain dental centre,NABH,Tier 1,Delhi,,"{""adcityName"": ""DELHI/HQ/DIRECTORATE/MINISTRY"", ""cityName"": ""Delhi"", ""hospAcc"": ""NABH"", ""hospName"": ""Jain dental centre"", ""tierType"": ""Tier 1""}"
975,DELHI/HQ/DIRECTORATE/MINISTRY,DELHI/HQ/DIRECTORATE/MINISTRY,18,JAINEYECLINICCHILDRENSSUPERSPECIALITYCLINIC,QCI,Tier 1,GHAZIABAD,,"{""adcityName"": ""DELHI/HQ/DIRECTORATE/MINISTRY"", ""cityName"": ""GHAZIABAD"", ""hospAcc"": ""QCI"", ""hospName"": ""JAINEYECLINICCHILDRENSSUPERSPECIALITYCLINIC"", ""tierType"": ""Tier 1""}"
976,DELHI/HQ/DIRECTORATE/MINISTRY,DELHI/HQ/DIRECTORATE/MINISTRY,18,JAIN EYE HOSPITAL and LASER CENTRE,QCI,Tier 1,Delhi,,"{""adcityName"": ""DELHI/HQ/DIRECTORATE/MINISTRY"", ""cityName"": ""Delhi"", ""hospAcc"": ""QCI"", ""hospName"": ""JAIN EYE HOSPITAL and LASER CENTRE"", ""tierType"": ""Tier 1""}"
977,DELHI/HQ/DIRECTORATE/MINISTRY,DELHI/HQ/DIRECTORATE/MINISTRY,18,JAIN HOSPITAL,Forced withdrawal of accreditaion w.e.f. 22.08.2024,Tier 1,Delhi,,"{""adcityName"": ""DELHI/HQ/DIRECTORATE/MINISTRY"", ""cityName"": ""Delhi"", ""hospAcc"": ""Forced withdrawal of accreditaion w.e.f. 22.08.2024"", ""hospName"": ""JAIN HOSPITAL"", ""tierType"": ""Tier 1""}"
978,DELHI/HQ/DIRECTORATE/MINISTRY,DELHI/HQ/DIRECTORATE/MINISTRY,18,JAIN HOSPITAL AND RESEARCH CENTER,QCI,Tier 1,GHAZIABAD,,"{""adcityName"": ""DELHI/HQ/DIRECTORATE/MINISTRY"", ""cityName"": ""GHAZIABAD"", ""hospAcc"": ""QCI"", ""hospName"": ""JAIN HOSPITAL AND RESEARCH CENTER"", ""tierType"": ""Tier 1""}"
979,DELHI/HQ/DIRECTORATE/MINISTRY,DELHI/HQ/DIRECTORATE/MINISTRY,18,JAIPUR GOLDEN HOSPITAL,NABH,Tier 1,Delhi,,"{""adcityName"": ""DELHI/HQ/DIRECTORATE/MINISTRY"", ""cityName"": ""Delhi"", ""hospAcc"": ""NABH"", ""hospName"": ""JAIPUR GOLDEN HOSPITAL"", ""tierType"": ""Tier 1""}"
980,DELHI/HQ/DIRECTORATE/MINISTRY,DELHI/HQ/DIRECTORATE/MINISTRY,18,JANTA X-RAY CLINIC PVT LTD,,Tier 1,Delhi,,"{""adcityName"": ""DELHI/HQ/DIRECTORATE/MINISTRY"", ""cityName"": ""Delhi"", ""hospAcc"": """", ""hospName"": ""JANTA X-RAY CLINIC PVT LTD"", ""tierType"": ""Tier 1""}"
981,DELHI/HQ/DIRECTORATE/MINISTRY,DELHI/HQ/DIRECTORATE/MINISTRY,18,JAYPEE HEALTHCARE LIMITED,NABH,Tier 2,GAUTAM BUDDHA NAGAR,,"{""adcityName"": ""DELHI/HQ/DIRECTORATE/MINISTRY"", ""cityName"": ""GAUTAM BUDDHA NAGAR"", ""hospAcc"": ""NABH"", ""hospName"": ""JAYPEE HEALTHCARE LIMITED"", ""tierType"": ""Tier 2""}"
982,DELHI/HQ/DIRECTORATE/MINISTRY,DELHI/HQ/DIRECTORATE/MINISTRY,18,JDAR PATHOLOGY LABORATORY,NABL,Tier 1,Delhi,,"{""adcityName"": ""DELHI/HQ/DIRECTORATE/MINISTRY"", ""cityName"": ""Delhi"", ""hospAcc"": ""NABL"", ""hospName"": ""JDAR PATHOLOGY LABORATORY"", ""tierType"": ""Tier 1""}"
983,DELHI/HQ/DIRECTORATE/MINISTRY,DELHI/HQ/DIRECTORATE/MINISTRY,18,JEEVAN ANMOL HOSPITAL,NABH,Tier 1,Delhi,,"{""adcityName"": ""DELHI/HQ/DIRECTORATE/MINISTRY"", ""cityName"": ""Delhi"", ""hospAcc"": ""NABH"", ""hospName"": ""JEEVAN ANMOL HOSPITAL"", ""tierType"": ""Tier 1""}"
984,DELHI/HQ/DIRECTORATE/MINISTRY,DELHI/HQ/DIRECTORATE/MINISTRY,18,Jeevan Jyoti Hospital,QCI,Tier 1,GHAZIABAD,,"{""adcityName"": ""DELHI/HQ/DIRECTORATE/MINISTRY"", ""cityName"": ""GHAZIABAD"", ""hospAcc"": ""QCI"", ""hospName"": ""Jeevan Jyoti Hospital"", ""tierType"": ""Tier 1""}"
985,DELHI/HQ/DIRECTORATE/MINISTRY,DELHI/HQ/DIRECTORATE/MINISTRY,18,JEEWAN HOSPITAL and NURSING HOME PVT LTD,NABH,Tier 1,Delhi,,"{""adcityName"": ""DELHI/HQ/DIRECTORATE/MINISTRY"", ""cityName"": ""Delhi"", ""hospAcc"": ""NABH"", ""hospName"": ""JEEWAN HOSPITAL and NURSING HOME PVT LTD"", ""tierType"": ""Tier 1""}"
986,DELHI/HQ/DIRECTORATE/MINISTRY,DELHI/HQ/DIRECTORATE/MINISTRY,18,JEEWAN MALA HOSPITAL PVT LTD-ROHTAK ROAD,NABH,Tier 1,Delhi,,"{""adcityName"": ""DELHI/HQ/DIRECTORATE/MINISTRY"", ""cityName"": ""Delhi"", ""hospAcc"": ""NABH"", ""hospName"": ""JEEWAN MALA HOSPITAL PVT LTD-ROHTAK ROAD"", ""tierType"": ""Tier 1""}"
987,DELHI/HQ/DIRECTORATE/MINISTRY,DELHI/HQ/DIRECTORATE/MINISTRY,18,JEEWAN NURSING HOME and HOSPITAL,NABH valid till 26.10.2026,Tier 1,Delhi,,"{""adcityName"": ""DELHI/HQ/DIRECTORATE/MINISTRY"", ""cityName"": ""Delhi"", ""hospAcc"": ""NABH valid till 26.10.2026"", ""hospName"": ""JEEWAN NURSING HOME and HOSPITAL"", ""tierType"": ""Tier 1""}"
988,DELHI/HQ/DIRECTORATE/MINISTRY,DELHI/HQ/DIRECTORATE/MINISTRY,18,JIVODAYA HOSPITAL,QCI,Tier 1,Delhi,,"{""adcityName"": ""DELHI/HQ/DIRECTORATE/MINISTRY"", ""cityName"": ""Delhi"", ""hospAcc"": ""QCI"", ""hospName"": ""JIVODAYA HOSPITAL"", ""tierType"": ""Tier 1""}"
989,DELHI/HQ/DIRECTORATE/MINISTRY,DELHI/HQ/DIRECTORATE/MINISTRY,18,J. K. Dental Clinic,QCI,Tier 1,Delhi,,"{""adcityName"": ""DELHI/HQ/DIRECTORATE/MINISTRY"", ""cityName"": ""Delhi"", ""hospAcc"": ""QCI"", ""hospName"": ""J. K. Dental Clinic"", ""tierType"": ""Tier 1""}"
990,DELHI/HQ/DIRECTORATE/MINISTRY,DELHI/HQ/DIRECTORATE/MINISTRY,18,JR HOSPITAL,NABH,Tier 2,GAUTAM BUDDHA NAGAR,,"{""adcityName"": ""DELHI/HQ/DIRECTORATE/MINISTRY"", ""cityName"": ""GAUTAM BUDDHA NAGAR"", ""hospAcc"": ""NABH"", ""hospName"": ""JR HOSPITAL"", ""tierType"": ""Tier 2""}"
991,DELHI/HQ/DIRECTORATE/MINISTRY,DELHI/HQ/DIRECTORATE/MINISTRY,18,JYOTI DENTAL AND DIAGNOSTIC,NABH,Tier 1,GHAZIABAD,,"{""adcityName"": ""DELHI/HQ/DIRECTORATE/MINISTRY"", ""cityName"": ""GHAZIABAD"", ""hospAcc"": ""NABH"", ""hospName"": ""JYOTI DENTAL AND DIAGNOSTIC"", ""tierType"": ""Tier 1""}"
992,DELHI/HQ/DIRECTORATE/MINISTRY,DELHI/HQ/DIRECTORATE/MINISTRY,18,JYOTI DENTAL AND DIAGNOSTIC,NABH,Tier 1,GHAZIABAD,,"{""adcityName"": ""DELHI/HQ/DIRECTORATE/MINISTRY"", ""cityName"": ""GHAZIABAD"", ""hospAcc"": ""NABH"", ""hospName"": ""JYOTI DENTAL AND DIAGNOSTIC"", ""tierType"": ""Tier 1""}"
993,DELHI/HQ/DIRECTORATE/MINISTRY,DELHI/HQ/DIRECTORATE/MINISTRY,18,JYOTI DENTAL CARE CENTRE,NABH,Tier 1,GHAZIABAD,,"{""adcityName"": ""DELHI/HQ/DIRECTORATE/MINISTRY"", ""cityName"": ""GHAZIABAD"", ""hospAcc"": ""NABH"", ""hospName"": ""JYOTI DENTAL CARE CENTRE"", ""tierType"": ""Tier 1""}"
994,DELHI/HQ/DIRECTORATE/MINISTRY,DELHI/HQ/DIRECTORATE/MINISTRY,18,KAILASH DEEPAK HOSPITAL,NABH Valid till 27.09.2027,Tier 1,Delhi,,"{""adcityName"": ""DELHI/HQ/DIRECTORATE/MINISTRY"", ""cityName"": ""Delhi"", ""hospAcc"": ""NABH Valid till 27.09.2027"", ""hospName"": ""KAILASH DEEPAK HOSPITAL"", ""tierType"": ""Tier 1""}"
995,DELHI/HQ/DIRECTORATE/MINISTRY,DELHI/HQ/DIRECTORATE/MINISTRY,18,KAILASH DENTAL,QCI,Tier 1,Delhi,,"{""adcityName"": ""DELHI/HQ/DIRECTORATE/MINISTRY"", ""cityName"": ""Delhi"", ""hospAcc"": ""QCI"", ""hospName"": ""KAILASH DENTAL"", ""tierType"": ""Tier 1""}"
996,DELHI/HQ/DIRECTORATE/MINISTRY,DELHI/HQ/DIRECTORATE/MINISTRY,18,KAILASH EYE CARE,QCI,Tier 1,Delhi,,"{""adcityName"": ""DELHI/HQ/DIRECTORATE/MINISTRY"", ""cityName"": ""Delhi"", ""hospAcc"": ""QCI"", ""hospName"": ""KAILASH EYE CARE"", ""tierType"": ""Tier 1""}"
997,DELHI/HQ/DIRECTORATE/MINISTRY,DELHI/HQ/DIRECTORATE/MINISTRY,18,Kailash Hospital and Heart Institute,NABH,Tier 2,GAUTAM BUDDHA NAGAR,,"{""adcityName"": ""DELHI/HQ/DIRECTORATE/MINISTRY"", ""cityName"": ""GAUTAM BUDDHA NAGAR"", ""hospAcc"": ""NABH"", ""hospName"": ""Kailash Hospital and Heart Institute"", ""tierType"": ""Tier 2""}"
998,DELHI/HQ/DIRECTORATE/MINISTRY,DELHI/HQ/DIRECTORATE/MINISTRY,18,Kailash Hospitals Ltd,NABH,Tier 2,GAUTAM BUDDHA NAGAR,,"{""adcityName"": ""DELHI/HQ/DIRECTORATE/MINISTRY"", ""cityName"": ""GAUTAM BUDDHA NAGAR\t"", ""hospAcc"": ""NABH"", ""hospName"": ""Kailash Hospitals Ltd"", ""tierType"": ""Tier 2""}"
999,DELHI/HQ/DIRECTORATE/MINISTRY,DELHI/HQ/DIRECTORATE/MINISTRY,18,KALRA HOSPITAL SRCNC PVT LTD,NABH,Tier 1,Delhi,,"{""adcityName"": ""DELHI/HQ/DIRECTORATE/MINISTRY"", ""cityName"": ""Delhi"", ""hospAcc"": ""NABH"", ""hospName"": ""KALRA HOSPITAL SRCNC PVT LTD"", ""tierType"": ""Tier 1""}"
1000,DELHI/HQ/DIRECTORATE/MINISTRY,DELHI/HQ/DIRECTORATE/MINISTRY,18,KALYANI HOSPITAL PVT LTD,NABH,Tier 1,GURUGRAM,,"{""adcityName"": ""DELHI/HQ/DIRECTORATE/MINISTRY"", ""cityName"": ""GURUGRAM"", ""hospAcc"": ""NABH"", ""hospName"": ""KALYANI HOSPITAL PVT LTD"", ""tierType"": ""Tier 1""}"
1001,DELHI/HQ/DIRECTORATE/MINISTRY,DELHI/HQ/DIRECTORATE/MINISTRY,18,Kamakhya Dental And Implant Centre,QCI,Tier 1,Delhi,,"{""adcityName"": ""DELHI/HQ/DIRECTORATE/MINISTRY"", ""cityName"": ""Delhi"", ""hospAcc"": ""QCI"", ""hospName"": ""Kamakhya Dental And Implant Centre"", ""tierType"": ""Tier 1""}"
1002,DELHI/HQ/DIRECTORATE/MINISTRY,DELHI/HQ/DIRECTORATE/MINISTRY,18,KAMAL HOSPITAL A UNIT OF GOPAL NURSING HOME SERVICES PVT LTD,QCI,Tier 1,GHAZIABAD,,"{""adcityName"": ""DELHI/HQ/DIRECTORATE/MINISTRY"", ""cityName"": ""GHAZIABAD"", ""hospAcc"": ""QCI"", ""hospName"": ""KAMAL HOSPITAL A UNIT OF GOPAL NURSING HOME SERVICES PVT LTD"", ""tierType"": ""Tier 1""}"
1003,DELHI/HQ/DIRECTORATE/MINISTRY,DELHI/HQ/DIRECTORATE/MINISTRY,18,KAMLA HOSPITAL,NABH,Tier 1,GURUGRAM,,"{""adcityName"": ""DELHI/HQ/DIRECTORATE/MINISTRY"", ""cityName"": ""GURUGRAM"", ""hospAcc"": ""NABH"", ""hospName"": ""KAMLA HOSPITAL"", ""tierType"": ""Tier 1""}"
1004,DELHI/HQ/DIRECTORATE/MINISTRY,DELHI/HQ/DIRECTORATE/MINISTRY,18,KAPIL DENTAL CLINIC AND IMPLANT CENTER,NABH valid till 19.05.2026,Tier 1,Delhi,,"{""adcityName"": ""DELHI/HQ/DIRECTORATE/MINISTRY"", ""cityName"": ""Delhi"", ""hospAcc"": ""NABH valid till 19.05.2026"", ""hospName"": ""KAPIL DENTAL CLINIC AND IMPLANT CENTER"", ""tierType"": ""Tier 1""}"
1005,DELHI/HQ/DIRECTORATE/MINISTRY,DELHI/HQ/DIRECTORATE/MINISTRY,18,Kapil Multispeciality Hospital,QCI,Tier 1,Delhi,,"{""adcityName"": ""DELHI/HQ/DIRECTORATE/MINISTRY"", ""cityName"": ""Delhi"", ""hospAcc"": ""QCI"", ""hospName"": ""Kapil Multispeciality Hospital"", ""tierType"": ""Tier 1""}"
1006,DELHI/HQ/DIRECTORATE/MINISTRY,DELHI/HQ/DIRECTORATE/MINISTRY,18,KARUNA SINDHU CHARITABLE HOSPITAL,QCI,Tier 1,Delhi,,"{""adcityName"": ""DELHI/HQ/DIRECTORATE/MINISTRY"", ""cityName"": ""Delhi"", ""hospAcc"": ""QCI"", ""hospName"": ""KARUNA SINDHU CHARITABLE HOSPITAL"", ""tierType"": ""Tier 1""}"
1007,DELHI/HQ/DIRECTORATE/MINISTRY,DELHI/HQ/DIRECTORATE/MINISTRY,18,Kashvi Multi Speciality Center,NABH,Tier 2,GAUTAM BUDDHA NAGAR,,"{""adcityName"": ""DELHI/HQ/DIRECTORATE/MINISTRY"", ""cityName"": ""GAUTAM BUDDHA NAGAR"", ""hospAcc"": ""NABH"", ""hospName"": ""Kashvi Multi Speciality Center"", ""tierType"": ""Tier 2""}"
1008,DELHI/HQ/DIRECTORATE/MINISTRY,DELHI/HQ/DIRECTORATE/MINISTRY,18,KATHURIA HOSPITAL,QCI,Tier 1,GURUGRAM,,"{""adcityName"": ""DELHI/HQ/DIRECTORATE/MINISTRY"", ""cityName"": ""GURUGRAM"", ""hospAcc"": ""QCI"", ""hospName"": ""KATHURIA HOSPITAL"", ""tierType"": ""Tier 1""}"
1009,DELHI/HQ/DIRECTORATE/MINISTRY,DELHI/HQ/DIRECTORATE/MINISTRY,18,KB HEALTHCARE DIAGNOSTIC CENTRE,QCI,Tier 2,GAUTAM BUDDHA NAGAR,,"{""adcityName"": ""DELHI/HQ/DIRECTORATE/MINISTRY"", ""cityName"": ""GAUTAM BUDDHA NAGAR"", ""hospAcc"": ""QCI"", ""hospName"": ""KB HEALTHCARE DIAGNOSTIC CENTRE"", ""tierType"": ""Tier 2""}"
1010,DELHI/HQ/DIRECTORATE/MINISTRY,DELHI/HQ/DIRECTORATE/MINISTRY,18,KHANDELWAL HOSPITAL and UROLOGY CENTRE,NABH,Tier 1,Delhi,,"{""adcityName"": ""DELHI/HQ/DIRECTORATE/MINISTRY"", ""cityName"": ""Delhi"", ""hospAcc"": ""NABH"", ""hospName"": ""KHANDELWAL HOSPITAL and UROLOGY CENTRE"", ""tierType"": ""Tier 1""}"
1011,DELHI/HQ/DIRECTORATE/MINISTRY,DELHI/HQ/DIRECTORATE/MINISTRY,18,KHANNA EYE CENTRE,QCI,Tier 1,Delhi,,"{""adcityName"": ""DELHI/HQ/DIRECTORATE/MINISTRY"", ""cityName"": ""Delhi"", ""hospAcc"": ""QCI"", ""hospName"": ""KHANNA EYE CENTRE"", ""tierType"": ""Tier 1""}"
1012,DELHI/HQ/DIRECTORATE/MINISTRY,DELHI/HQ/DIRECTORATE/MINISTRY,18,KHANNA EYE CENTRE-MODEL TOWN - I,NABH,Tier 1,Delhi,,"{""adcityName"": ""DELHI/HQ/DIRECTORATE/MINISTRY"", ""cityName"": ""Delhi"", ""hospAcc"": ""NABH"", ""hospName"": ""KHANNA EYE CENTRE-MODEL TOWN - I"", ""tierType"": ""Tier 1""}"
1013,DELHI/HQ/DIRECTORATE/MINISTRY,DELHI/HQ/DIRECTORATE/MINISTRY,18,KHANNA MEDICARE CENTRE,QCI,Tier 1,Delhi,,"{""adcityName"": ""DELHI/HQ/DIRECTORATE/MINISTRY"", ""cityName"": ""Delhi"", ""hospAcc"": ""QCI"", ""hospName"": ""KHANNA MEDICARE CENTRE"", ""tierType"": ""Tier 1""}"
1014,DELHI/HQ/DIRECTORATE/MINISTRY,DELHI/HQ/DIRECTORATE/MINISTRY,18,khatri dental clinic,QCI,Tier 1,Delhi,,"{""adcityName"": ""DELHI/HQ/DIRECTORATE/MINISTRY"", ""cityName"": ""Delhi"", ""hospAcc"": ""QCI"", ""hospName"": ""khatri dental clinic"", ""tierType"": ""Tier 1""}"
1015,DELHI/HQ/DIRECTORATE/MINISTRY,DELHI/HQ/DIRECTORATE/MINISTRY,18,KONARC HOSPITAL,QCI,Tier 1,Delhi,,"{""adcityName"": ""DELHI/HQ/DIRECTORATE/MINISTRY"", ""cityName"": ""Delhi"", ""hospAcc"": ""QCI"", ""hospName"": ""KONARC HOSPITAL"", ""tierType"": ""Tier 1""}"
1016,DELHI/HQ/DIRECTORATE/MINISTRY,DELHI/HQ/DIRECTORATE/MINISTRY,18,KOSMOS SUPER SPECIALITY HOSPITAL,NABH,Tier 1,Delhi,,"{""adcityName"": ""DELHI/HQ/DIRECTORATE/MINISTRY"", ""cityName"": ""Delhi"", ""hospAcc"": ""NABH"", ""hospName"": ""KOSMOS SUPER SPECIALITY HOSPITAL"", ""tierType"": ""Tier 1""}"
1017,DELHI/HQ/DIRECTORATE/MINISTRY,DELHI/HQ/DIRECTORATE/MINISTRY,18,KRISHNA DENTAL CLINIC,QCI,Tier 1,Delhi,,"{""adcityName"": ""DELHI/HQ/DIRECTORATE/MINISTRY"", ""cityName"": ""Delhi"", ""hospAcc"": ""QCI"", ""hospName"": ""KRISHNA DENTAL CLINIC"", ""tierType"": ""Tier 1""}"
1018,DELHI/HQ/DIRECTORATE/MINISTRY,DELHI/HQ/DIRECTORATE/MINISTRY,18,KRUSH DIVINE HOSPITAL,NABH,Tier 2,GAUTAM BUDDHA NAGAR,,"{""adcityName"": ""DELHI/HQ/DIRECTORATE/MINISTRY"", ""cityName"": ""GAUTAM BUDDHA NAGAR"", ""hospAcc"": ""NABH"", ""hospName"": ""KRUSH DIVINE HOSPITAL"", ""tierType"": ""Tier 2""}"
1019,DELHI/HQ/DIRECTORATE/MINISTRY,DELHI/HQ/DIRECTORATE/MINISTRY,18,Kukreja hospital,NABH,Tier 1,Delhi,,"{""adcityName"": ""DELHI/HQ/DIRECTORATE/MINISTRY"", ""cityName"": ""Delhi"", ""hospAcc"": ""NABH"", ""hospName"": ""Kukreja hospital"", ""tierType"": ""Tier 1""}"
1020,DELHI/HQ/DIRECTORATE/MINISTRY,DELHI/HQ/DIRECTORATE/MINISTRY,18,KUKREJA HOSPITAL and HEART CENTER PVT LTD,QCI,Tier 1,Delhi,,"{""adcityName"": ""DELHI/HQ/DIRECTORATE/MINISTRY"", ""cityName"": ""Delhi"", ""hospAcc"": ""QCI"", ""hospName"": ""KUKREJA HOSPITAL and HEART CENTER PVT LTD"", ""tierType"": ""Tier 1""}"
1021,DELHI/HQ/DIRECTORATE/MINISTRY,DELHI/HQ/DIRECTORATE/MINISTRY,18,KUMAR DENTAL CLINIC,QCI,Tier 1,Delhi,,"{""adcityName"": ""DELHI/HQ/DIRECTORATE/MINISTRY"", ""cityName"": ""Delhi"", ""hospAcc"": ""QCI"", ""hospName"": ""KUMAR DENTAL CLINIC"", ""tierType"": ""Tier 1""}"
1022,DELHI/HQ/DIRECTORATE/MINISTRY,DELHI/HQ/DIRECTORATE/MINISTRY,18,KUMAR hOSPITAL,QCI,Tier 2,GAUTAM BUDDHA NAGAR,,"{""adcityName"": ""DELHI/HQ/DIRECTORATE/MINISTRY"", ""cityName"": ""GAUTAM BUDDHA NAGAR"", ""hospAcc"": ""QCI"", ""hospName"": ""KUMAR hOSPITAL"", ""tierType"": ""Tier 2""}"
1023,DELHI/HQ/DIRECTORATE/MINISTRY,DELHI/HQ/DIRECTORATE/MINISTRY,18,Lall 2020 Eyecare Pvt Ltd,NABH,Tier 1,GURUGRAM,,"{""adcityName"": ""DELHI/HQ/DIRECTORATE/MINISTRY"", ""cityName"": ""GURUGRAM"", ""hospAcc"": ""NABH"", ""hospName"": ""Lall 2020 Eyecare Pvt Ltd"", ""tierType"": ""Tier 1""}"
1024,DELHI/HQ/DIRECTORATE/MINISTRY,DELHI/HQ/DIRECTORATE/MINISTRY,18,LALL EYE CARE CENTRE - GURGAON,QCI,Tier 1,GURUGRAM,,"{""adcityName"": ""DELHI/HQ/DIRECTORATE/MINISTRY"", ""cityName"": ""GURUGRAM"", ""hospAcc"": ""QCI"", ""hospName"": ""LALL EYE CARE CENTRE - GURGAON"", ""tierType"": ""Tier 1""}"
1025,DELHI/HQ/DIRECTORATE/MINISTRY,DELHI/HQ/DIRECTORATE/MINISTRY,18,LAL SUPER SPECIALITY DENTAL and IMPLANT CLINIC,QCI,Tier 1,GURUGRAM,,"{""adcityName"": ""DELHI/HQ/DIRECTORATE/MINISTRY"", ""cityName"": ""GURUGRAM"", ""hospAcc"": ""QCI"", ""hospName"": ""LAL SUPER SPECIALITY DENTAL and IMPLANT CLINIC"", ""tierType"": ""Tier 1""}"
1026,DELHI/HQ/DIRECTORATE/MINISTRY,DELHI/HQ/DIRECTORATE/MINISTRY,18,Le Crest Hospital,QCI,Tier 1,GHAZIABAD,,"{""adcityName"": ""DELHI/HQ/DIRECTORATE/MINISTRY"", ""cityName"": ""GHAZIABAD\t"", ""hospAcc"": ""QCI"", ""hospName"": ""Le Crest Hospital"", ""tierType"": ""Tier 1""}"
1027,DELHI/HQ/DIRECTORATE/MINISTRY,DELHI/HQ/DIRECTORATE/MINISTRY,18,LEELA DENTAL CLINIC-AZADPUR,QCI,Tier 1,Delhi,,"{""adcityName"": ""DELHI/HQ/DIRECTORATE/MINISTRY"", ""cityName"": ""Delhi"", ""hospAcc"": ""QCI"", ""hospName"": ""LEELA DENTAL CLINIC-AZADPUR"", ""tierType"": ""Tier 1""}"
1028,DELHI/HQ/DIRECTORATE/MINISTRY,DELHI/HQ/DIRECTORATE/MINISTRY,18,leela dental clinic majlis park,NABH,Tier 1,Delhi,,"{""adcityName"": ""DELHI/HQ/DIRECTORATE/MINISTRY"", ""cityName"": ""Delhi"", ""hospAcc"": ""NABH"", ""hospName"": ""leela dental clinic majlis park"", ""tierType"": ""Tier 1""}"
1029,DELHI/HQ/DIRECTORATE/MINISTRY,DELHI/HQ/DIRECTORATE/MINISTRY,18,LIFE LINE DENTAL CARE,QCI,Tier 1,Delhi,,"{""adcityName"": ""DELHI/HQ/DIRECTORATE/MINISTRY"", ""cityName"": ""Delhi"", ""hospAcc"": ""QCI"", ""hospName"": ""LIFE LINE DENTAL CARE"", ""tierType"": ""Tier 1""}"
1030,DELHI/HQ/DIRECTORATE/MINISTRY,DELHI/HQ/DIRECTORATE/MINISTRY,18,LIONS EYE HOSPITAL,QCI,Tier 1,GHAZIABAD,,"{""adcityName"": ""DELHI/HQ/DIRECTORATE/MINISTRY"", ""cityName"": ""GHAZIABAD"", ""hospAcc"": ""QCI"", ""hospName"": ""LIONS EYE HOSPITAL"", ""tierType"": ""Tier 1""}"
1031,DELHI/HQ/DIRECTORATE/MINISTRY,DELHI/HQ/DIRECTORATE/MINISTRY,18,LUMINOUS DENTAL CARE & IMPLANT CENTRE,QCI,Tier 1,Delhi,,"{""adcityName"": ""DELHI/HQ/DIRECTORATE/MINISTRY"", ""cityName"": ""Delhi"", ""hospAcc"": ""QCI"", ""hospName"": ""LUMINOUS DENTAL CARE & IMPLANT CENTRE"", ""tierType"": ""Tier 1""}"
1032,DELHI/HQ/DIRECTORATE/MINISTRY,DELHI/HQ/DIRECTORATE/MINISTRY,18,MAHAJAN EYE CENTRE,NABH,Tier 1,Delhi,,"{""adcityName"": ""DELHI/HQ/DIRECTORATE/MINISTRY"", ""cityName"": ""Delhi"", ""hospAcc"": ""NABH"", ""hospName"": ""MAHAJAN EYE CENTRE"", ""tierType"": ""Tier 1""}"
1033,DELHI/HQ/DIRECTORATE/MINISTRY,DELHI/HQ/DIRECTORATE/MINISTRY,18,MAHAJAN IMAGING CENTRE- HAUZ KHAS,NABH,Tier 1,Delhi,,"{""adcityName"": ""DELHI/HQ/DIRECTORATE/MINISTRY"", ""cityName"": ""Delhi"", ""hospAcc"": ""NABH"", ""hospName"": ""MAHAJAN IMAGING CENTRE- HAUZ KHAS"", ""tierType"": ""Tier 1""}"
1034,DELHI/HQ/DIRECTORATE/MINISTRY,DELHI/HQ/DIRECTORATE/MINISTRY,18,MAHAJAN IMAGING PVT LTD,NABH,Tier 1,Delhi,,"{""adcityName"": ""DELHI/HQ/DIRECTORATE/MINISTRY"", ""cityName"": ""Delhi"", ""hospAcc"": ""NABH"", ""hospName"": ""MAHAJAN IMAGING PVT LTD"", ""tierType"": ""Tier 1""}"
1035,DELHI/HQ/DIRECTORATE/MINISTRY,DELHI/HQ/DIRECTORATE/MINISTRY,18,MAHARAJA AGARSAIN MULTISPECIALITY HOSPITAL,QCI,Tier 1,Delhi,,"{""adcityName"": ""DELHI/HQ/DIRECTORATE/MINISTRY"", ""cityName"": ""Delhi"", ""hospAcc"": ""QCI"", ""hospName"": ""MAHARAJA AGARSAIN MULTISPECIALITY HOSPITAL"", ""tierType"": ""Tier 1""}"
1036,DELHI/HQ/DIRECTORATE/MINISTRY,DELHI/HQ/DIRECTORATE/MINISTRY,18,MAHARAJA AGRASEN HOSPITAL,NABH,Tier 1,Delhi,,"{""adcityName"": ""DELHI/HQ/DIRECTORATE/MINISTRY"", ""cityName"": ""Delhi"", ""hospAcc"": ""NABH"", ""hospName"": ""MAHARAJA AGRASEN HOSPITAL"", ""tierType"": ""Tier 1""}"
1037,DELHI/HQ/DIRECTORATE/MINISTRY,DELHI/HQ/DIRECTORATE/MINISTRY,18,MAHARAJA AGRASEN HOSPITAL,NABH,Tier 1,Delhi,,"{""adcityName"": ""DELHI/HQ/DIRECTORATE/MINISTRY"", ""cityName"": ""Delhi"", ""hospAcc"": ""NABH"", ""hospName"": ""MAHARAJA AGRASEN HOSPITAL"", ""tierType"": ""Tier 1""}"
1038,DELHI/HQ/DIRECTORATE/MINISTRY,DELHI/HQ/DIRECTORATE/MINISTRY,18,MAKKAR MULTISPECIALITY HOSPITAL,QCI,Tier 1,Delhi,,"{""adcityName"": ""DELHI/HQ/DIRECTORATE/MINISTRY"", ""cityName"": ""Delhi"", ""hospAcc"": ""QCI"", ""hospName"": ""MAKKAR MULTISPECIALITY HOSPITAL"", ""tierType"": ""Tier 1""}"
1039,DELHI/HQ/DIRECTORATE/MINISTRY,DELHI/HQ/DIRECTORATE/MINISTRY,18,MALIK RADIX HEALTH CARE PVT LTD,NABH,Tier 1,Delhi,,"{""adcityName"": ""DELHI/HQ/DIRECTORATE/MINISTRY"", ""cityName"": ""Delhi"", ""hospAcc"": ""NABH"", ""hospName"": ""MALIK RADIX HEALTH CARE PVT LTD"", ""tierType"": ""Tier 1""}"
1040,DELHI/HQ/DIRECTORATE/MINISTRY,DELHI/HQ/DIRECTORATE/MINISTRY,18,Manas hospital unit of sharma medical centre private lmt,NABH,Tier 2,GAUTAM BUDDHA NAGAR,,"{""adcityName"": ""DELHI/HQ/DIRECTORATE/MINISTRY"", ""cityName"": ""GAUTAM BUDDHA NAGAR"", ""hospAcc"": ""NABH"", ""hospName"": ""Manas hospital unit of sharma medical centre private lmt"", ""tierType"": ""Tier 2""}"
1041,DELHI/HQ/DIRECTORATE/MINISTRY,DELHI/HQ/DIRECTORATE/MINISTRY,18,MANAV HOSPITALUNIT OF SHUBHAM HOSPITAL AND RESEAR,QCI,Tier 1,GHAZIABAD,,"{""adcityName"": ""DELHI/HQ/DIRECTORATE/MINISTRY"", ""cityName"": ""GHAZIABAD\t"", ""hospAcc"": ""QCI"", ""hospName"": ""MANAV HOSPITALUNIT OF SHUBHAM HOSPITAL AND RESEAR"", ""tierType"": ""Tier 1""}"
1042,DELHI/HQ/DIRECTORATE/MINISTRY,DELHI/HQ/DIRECTORATE/MINISTRY,18,MANGALAM MEDICAL AND SURGICAL CENTRE,NABH,Tier 1,Delhi,,"{""adcityName"": ""DELHI/HQ/DIRECTORATE/MINISTRY"", ""cityName"": ""Delhi"", ""hospAcc"": ""NABH"", ""hospName"": ""MANGALAM MEDICAL AND SURGICAL CENTRE"", ""tierType"": ""Tier 1""}"
1043,DELHI/HQ/DIRECTORATE/MINISTRY,DELHI/HQ/DIRECTORATE/MINISTRY,18,MATA CHANAN DEVI HOSPITAL,NABH,Tier 1,Delhi,,"{""adcityName"": ""DELHI/HQ/DIRECTORATE/MINISTRY"", ""cityName"": ""Delhi"", ""hospAcc"": ""NABH"", ""hospName"": ""MATA CHANAN DEVI HOSPITAL"", ""tierType"": ""Tier 1""}"
1044,DELHI/HQ/DIRECTORATE/MINISTRY,DELHI/HQ/DIRECTORATE/MINISTRY,18,MATA ROOP RANI MAGGO HOSPITAL,NABH,Tier 1,Delhi,,"{""adcityName"": ""DELHI/HQ/DIRECTORATE/MINISTRY"", ""cityName"": ""Delhi"", ""hospAcc"": ""NABH"", ""hospName"": ""MATA ROOP RANI MAGGO HOSPITAL"", ""tierType"": ""Tier 1""}"
1045,DELHI/HQ/DIRECTORATE/MINISTRY,DELHI/HQ/DIRECTORATE/MINISTRY,18,Max Hospital Vaishali A unit of crossley remedies,NABH,Tier 1,GHAZIABAD,,"{""adcityName"": ""DELHI/HQ/DIRECTORATE/MINISTRY"", ""cityName"": ""GHAZIABAD"", ""hospAcc"": ""NABH"", ""hospName"": ""Max Hospital Vaishali A unit of crossley remedies"", ""tierType"": ""Tier 1""}"
1046,DELHI/HQ/DIRECTORATE/MINISTRY,DELHI/HQ/DIRECTORATE/MINISTRY,18,Maximus Dental Centre,QCI,Tier 1,Delhi,,"{""adcityName"": ""DELHI/HQ/DIRECTORATE/MINISTRY"", ""cityName"": ""Delhi"", ""hospAcc"": ""QCI"", ""hospName"": ""Maximus Dental Centre"", ""tierType"": ""Tier 1""}"
1047,DELHI/HQ/DIRECTORATE/MINISTRY,DELHI/HQ/DIRECTORATE/MINISTRY,18,Max Multi Speciality Centre A unit of Crosslay Remedies Pvt Ltd,NABH,Tier 2,GAUTAM BUDDHA NAGAR,,"{""adcityName"": ""DELHI/HQ/DIRECTORATE/MINISTRY"", ""cityName"": ""GAUTAM BUDDHA NAGAR"", ""hospAcc"": ""NABH"", ""hospName"": ""Max Multi Speciality Centre A unit of Crosslay Remedies Pvt Ltd"", ""tierType"": ""Tier 2""}"
1048,DELHI/HQ/DIRECTORATE/MINISTRY,DELHI/HQ/DIRECTORATE/MINISTRY,18,Max Multi Speciality Centre Panchsheel Park A unit of Max Healthcare Institute Limited,NABH,Tier 1,Delhi,,"{""adcityName"": ""DELHI/HQ/DIRECTORATE/MINISTRY"", ""cityName"": ""Delhi"", ""hospAcc"": ""NABH"", ""hospName"": ""Max Multi Speciality Centre Panchsheel Park A unit of Max Healthcare Institute Limited"", ""tierType"": ""Tier 1""}"
1049,DELHI/HQ/DIRECTORATE/MINISTRY,DELHI/HQ/DIRECTORATE/MINISTRY,18,MAX SMART SUPER SPECIALITY HOSPITAL,NABH,Tier 1,Delhi,,"{""adcityName"": ""DELHI/HQ/DIRECTORATE/MINISTRY"", ""cityName"": ""Delhi"", ""hospAcc"": ""NABH"", ""hospName"": ""MAX SMART SUPER SPECIALITY HOSPITAL"", ""tierType"": ""Tier 1""}"
1050,DELHI/HQ/DIRECTORATE/MINISTRY,DELHI/HQ/DIRECTORATE/MINISTRY,18,Max Smart Super Speciality Hospital Saket,NABH,Tier 1,Delhi,,"{""adcityName"": ""DELHI/HQ/DIRECTORATE/MINISTRY"", ""cityName"": ""Delhi"", ""hospAcc"": ""NABH"", ""hospName"": ""Max Smart Super Speciality Hospital Saket"", ""tierType"": ""Tier 1""}"
1051,DELHI/HQ/DIRECTORATE/MINISTRY,DELHI/HQ/DIRECTORATE/MINISTRY,18,Max Super Speciality Hospital A unit of Max Healthcare Institute Ltd,NABH,Tier 1,Delhi,,"{""adcityName"": ""DELHI/HQ/DIRECTORATE/MINISTRY"", ""cityName"": ""Delhi"", ""hospAcc"": ""NABH"", ""hospName"": ""Max Super Speciality Hospital A unit of Max Healthcare Institute Ltd"", ""tierType"": ""Tier 1""}"
1052,DELHI/HQ/DIRECTORATE/MINISTRY,DELHI/HQ/DIRECTORATE/MINISTRY,18,Max Super Speciality Hospital Dwarka A unit of Muthoot Hospital Pvt Ltd,NABH,Tier 1,Delhi,,"{""adcityName"": ""DELHI/HQ/DIRECTORATE/MINISTRY"", ""cityName"": ""Delhi"", ""hospAcc"": ""NABH"", ""hospName"": ""Max Super Speciality Hospital Dwarka A unit of Muthoot Hospital Pvt Ltd"", ""tierType"": ""Tier 1""}"
1053,DELHI/HQ/DIRECTORATE/MINISTRY,DELHI/HQ/DIRECTORATE/MINISTRY,18,Max Super Speciality Hospital East Block Saket A unit of Devki Devi Foundation,NABH,Tier 1,Delhi,,"{""adcityName"": ""DELHI/HQ/DIRECTORATE/MINISTRY"", ""cityName"": ""Delhi"", ""hospAcc"": ""NABH"", ""hospName"": ""Max Super Speciality Hospital East Block Saket A unit of Devki Devi Foundation"", ""tierType"": ""Tier 1""}"
1054,DELHI/HQ/DIRECTORATE/MINISTRY,DELHI/HQ/DIRECTORATE/MINISTRY,18,Max Super Speciality Hospital Patparganj A unit of Balaji Medical and Diagnostic Research Centre,NABH,Tier 1,Delhi,,"{""adcityName"": ""DELHI/HQ/DIRECTORATE/MINISTRY"", ""cityName"": ""Delhi"", ""hospAcc"": ""NABH"", ""hospName"": ""Max Super Speciality Hospital Patparganj A unit of Balaji Medical and Diagnostic Research Centre"", ""tierType"": ""Tier 1""}"
1055,DELHI/HQ/DIRECTORATE/MINISTRY,DELHI/HQ/DIRECTORATE/MINISTRY,18,MAX SUPER SPECIALITY HOSPITAL - SHALIMAR BAGH,NABH valid till 07.05.2026,Tier 1,Delhi,,"{""adcityName"": ""DELHI/HQ/DIRECTORATE/MINISTRY"", ""cityName"": ""Delhi"", ""hospAcc"": ""NABH valid till 07.05.2026"", ""hospName"": ""MAX SUPER SPECIALITY HOSPITAL - SHALIMAR BAGH"", ""tierType"": ""Tier 1""}"
1056,DELHI/HQ/DIRECTORATE/MINISTRY,DELHI/HQ/DIRECTORATE/MINISTRY,18,Max Super Speciality Hospital Vaishali A unit of Crosslay Remedies Ltd,NABH,Tier 1,GHAZIABAD,,"{""adcityName"": ""DELHI/HQ/DIRECTORATE/MINISTRY"", ""cityName"": ""GHAZIABAD"", ""hospAcc"": ""NABH"", ""hospName"": ""Max Super Speciality Hospital Vaishali A unit of Crosslay Remedies Ltd"", ""tierType"": ""Tier 1""}"
1057,DELHI/HQ/DIRECTORATE/MINISTRY,DELHI/HQ/DIRECTORATE/MINISTRY,18,MAYOM HOSPITAL,NABH,Tier 1,GURUGRAM,,"{""adcityName"": ""DELHI/HQ/DIRECTORATE/MINISTRY"", ""cityName"": ""GURUGRAM"", ""hospAcc"": ""NABH"", ""hospName"": ""MAYOM HOSPITAL"", ""tierType"": ""Tier 1""}"
1058,DELHI/HQ/DIRECTORATE/MINISTRY,DELHI/HQ/DIRECTORATE/MINISTRY,18,M D Eye Care And Laser Centre,QCI,Tier 1,Delhi,,"{""adcityName"": ""DELHI/HQ/DIRECTORATE/MINISTRY"", ""cityName"": ""Delhi"", ""hospAcc"": ""QCI"", ""hospName"": ""M D Eye Care And Laser Centre"", ""tierType"": ""Tier 1""}"
1059,DELHI/HQ/DIRECTORATE/MINISTRY,DELHI/HQ/DIRECTORATE/MINISTRY,18,MEDANTA THE MEDICITY,NABH,Tier 1,GURUGRAM,,"{""adcityName"": ""DELHI/HQ/DIRECTORATE/MINISTRY"", ""cityName"": ""GURUGRAM"", ""hospAcc"": ""NABH"", ""hospName"": ""MEDANTA THE MEDICITY"", ""tierType"": ""Tier 1""}"
1060,DELHI/HQ/DIRECTORATE/MINISTRY,DELHI/HQ/DIRECTORATE/MINISTRY,18,Medicheck Ortho Superspeciality Hospital,QCI,Tier 1,FARIDABAD,,"{""adcityName"": ""DELHI/HQ/DIRECTORATE/MINISTRY"", ""cityName"": ""FARIDABAD"", ""hospAcc"": ""QCI"", ""hospName"": ""Medicheck Ortho Superspeciality Hospital"", ""tierType"": ""Tier 1""}"
1061,DELHI/HQ/DIRECTORATE/MINISTRY,DELHI/HQ/DIRECTORATE/MINISTRY,18,Medis Hospital,QCI,Tier 1,Delhi,,"{""adcityName"": ""DELHI/HQ/DIRECTORATE/MINISTRY"", ""cityName"": ""Delhi"", ""hospAcc"": ""QCI"", ""hospName"": ""Medis Hospital"", ""tierType"": ""Tier 1""}"
1062,DELHI/HQ/DIRECTORATE/MINISTRY,DELHI/HQ/DIRECTORATE/MINISTRY,18,Medlife Hospital Run by Burari Multispeciality Hospital Pvt. Ltd.,NABH,Tier 1,Delhi,,"{""adcityName"": ""DELHI/HQ/DIRECTORATE/MINISTRY"", ""cityName"": ""Delhi"", ""hospAcc"": ""NABH"", ""hospName"": ""Medlife Hospital Run by Burari Multispeciality Hospital Pvt. Ltd."", ""tierType"": ""Tier 1""}"
1063,DELHI/HQ/DIRECTORATE/MINISTRY,DELHI/HQ/DIRECTORATE/MINISTRY,18,MEDSTAR HOSPITAL,QCI,Tier 1,Delhi,,"{""adcityName"": ""DELHI/HQ/DIRECTORATE/MINISTRY"", ""cityName"": ""Delhi"", ""hospAcc"": ""QCI"", ""hospName"": ""MEDSTAR HOSPITAL"", ""tierType"": ""Tier 1""}"
1064,DELHI/HQ/DIRECTORATE/MINISTRY,DELHI/HQ/DIRECTORATE/MINISTRY,18,MEENAKSHI HOSPITAL A UNIT OF RAJSHREE HOSPITALS PVT. LTD.,QCI,Tier 1,GHAZIABAD,,"{""adcityName"": ""DELHI/HQ/DIRECTORATE/MINISTRY"", ""cityName"": ""GHAZIABAD"", ""hospAcc"": ""QCI"", ""hospName"": ""MEENAKSHI HOSPITAL A UNIT OF RAJSHREE HOSPITALS PVT. LTD."", ""tierType"": ""Tier 1""}"
1065,DELHI/HQ/DIRECTORATE/MINISTRY,DELHI/HQ/DIRECTORATE/MINISTRY,18,METIS HEALTHCARE,QCI,Tier 1,Delhi,,"{""adcityName"": ""DELHI/HQ/DIRECTORATE/MINISTRY"", ""cityName"": ""Delhi"", ""hospAcc"": ""QCI"", ""hospName"": ""METIS HEALTHCARE"", ""tierType"": ""Tier 1""}"
1066,DELHI/HQ/DIRECTORATE/MINISTRY,DELHI/HQ/DIRECTORATE/MINISTRY,18,METRO HOSPITAL and CANCER HOSPITAL - PREET VIHAR,NABH,Tier 1,Delhi,,"{""adcityName"": ""DELHI/HQ/DIRECTORATE/MINISTRY"", ""cityName"": ""Delhi"", ""hospAcc"": ""NABH"", ""hospName"": ""METRO HOSPITAL and CANCER HOSPITAL - PREET VIHAR"", ""tierType"": ""Tier 1""}"
1067,DELHI/HQ/DIRECTORATE/MINISTRY,DELHI/HQ/DIRECTORATE/MINISTRY,18,METRO HOSPITAL and CANCER INSTITUTE,NABH,Tier 1,Delhi,,"{""adcityName"": ""DELHI/HQ/DIRECTORATE/MINISTRY"", ""cityName"": ""Delhi"", ""hospAcc"": ""NABH"", ""hospName"": ""METRO HOSPITAL and CANCER INSTITUTE"", ""tierType"": ""Tier 1""}"
1068,DELHI/HQ/DIRECTORATE/MINISTRY,DELHI/HQ/DIRECTORATE/MINISTRY,18,METRO HOSPITAL AND HEART INSTITUTE LAJPATNAGAR,NABH,Tier 1,Delhi,,"{""adcityName"": ""DELHI/HQ/DIRECTORATE/MINISTRY"", ""cityName"": ""Delhi"", ""hospAcc"": ""NABH"", ""hospName"": ""METRO HOSPITAL AND HEART INSTITUTE LAJPATNAGAR"", ""tierType"": ""Tier 1""}"
1069,DELHI/HQ/DIRECTORATE/MINISTRY,DELHI/HQ/DIRECTORATE/MINISTRY,18,Metro Hospital and Heart Institute Noida,NABH,Tier 1,GAUTAM BUDDHA NAGAR,,"{""adcityName"": ""DELHI/HQ/DIRECTORATE/MINISTRY"", ""cityName"": ""GAUTAM BUDDHA NAGAR"", ""hospAcc"": ""NABH"", ""hospName"": ""Metro Hospital and Heart Institute Noida"", ""tierType"": ""Tier 1""}"
1070,DELHI/HQ/DIRECTORATE/MINISTRY,DELHI/HQ/DIRECTORATE/MINISTRY,18,METROPOLIS HEALTHCARE LIMITED,NABL,Tier 1,Delhi,,"{""adcityName"": ""DELHI/HQ/DIRECTORATE/MINISTRY"", ""cityName"": ""Delhi"", ""hospAcc"": ""NABL"", ""hospName"": ""METROPOLIS HEALTHCARE LIMITED"", ""tierType"": ""Tier 1""}"
1071,DELHI/HQ/DIRECTORATE/MINISTRY,DELHI/HQ/DIRECTORATE/MINISTRY,18,Metro Speciality Hospitals P Ltd,NABH,Tier 1,FARIDABAD,,"{""adcityName"": ""DELHI/HQ/DIRECTORATE/MINISTRY"", ""cityName"": ""FARIDABAD"", ""hospAcc"": ""NABH"", ""hospName"": ""Metro Speciality Hospitals P Ltd"", ""tierType"": ""Tier 1""}"
1072,DELHI/HQ/DIRECTORATE/MINISTRY,DELHI/HQ/DIRECTORATE/MINISTRY,18,MG HOSPITAL,NABH,Tier 1,Delhi,,"{""adcityName"": ""DELHI/HQ/DIRECTORATE/MINISTRY"", ""cityName"": ""Delhi"", ""hospAcc"": ""NABH"", ""hospName"": ""MG HOSPITAL"", ""tierType"": ""Tier 1""}"
1073,DELHI/HQ/DIRECTORATE/MINISTRY,DELHI/HQ/DIRECTORATE/MINISTRY,18,MGS HOSPITAL,NABH,Tier 1,Delhi,,"{""adcityName"": ""DELHI/HQ/DIRECTORATE/MINISTRY"", ""cityName"": ""Delhi"", ""hospAcc"": ""NABH"", ""hospName"": ""MGS HOSPITAL"", ""tierType"": ""Tier 1""}"
1074,DELHI/HQ/DIRECTORATE/MINISTRY,DELHI/HQ/DIRECTORATE/MINISTRY,18,MINIMAL ACCESS SMART SURGERY HOSPITALS PRIVATE LIMITED,NABH,Tier 1,,,"{""adcityName"": ""DELHI/HQ/DIRECTORATE/MINISTRY"", ""hospAcc"": ""NABH"", ""hospName"": ""MINIMAL ACCESS SMART SURGERY HOSPITALS PRIVATE LIMITED"", ""tierType"": ""Tier 1""}"
1075,DELHI/HQ/DIRECTORATE/MINISTRY,DELHI/HQ/DIRECTORATE/MINISTRY,18,MISHRAS CLINIC,NABH,Tier 1,GHAZIABAD,,"{""adcityName"": ""DELHI/HQ/DIRECTORATE/MINISTRY"", ""cityName"": ""GHAZIABAD"", ""hospAcc"": ""NABH"", ""hospName"": ""MISHRAS CLINIC"", ""tierType"": ""Tier 1""}"
1076,DELHI/HQ/DIRECTORATE/MINISTRY,DELHI/HQ/DIRECTORATE/MINISTRY,18,MITTAL DENTAL AND POLYCLINIC,QCI,Tier 1,Delhi,,"{""adcityName"": ""DELHI/HQ/DIRECTORATE/MINISTRY"", ""cityName"": ""Delhi"", ""hospAcc"": ""QCI"", ""hospName"": ""MITTAL DENTAL AND POLYCLINIC"", ""tierType"": ""Tier 1""}"
1077,DELHI/HQ/DIRECTORATE/MINISTRY,DELHI/HQ/DIRECTORATE/MINISTRY,18,mittal dental clinic,QCI,Tier 1,Delhi,,"{""adcityName"": ""DELHI/HQ/DIRECTORATE/MINISTRY"", ""cityName"": ""Delhi"", ""hospAcc"": ""QCI"", ""hospName"": ""mittal dental clinic"", ""tierType"": ""Tier 1""}"
1078,DELHI/HQ/DIRECTORATE/MINISTRY,DELHI/HQ/DIRECTORATE/MINISTRY,18,MODERN DENTAL AND ORO MAXILLOFACIAL CLINIC,QCI,Tier 1,Delhi,,"{""adcityName"": ""DELHI/HQ/DIRECTORATE/MINISTRY"", ""cityName"": ""Delhi"", ""hospAcc"": ""QCI"", ""hospName"": ""MODERN DENTAL AND ORO MAXILLOFACIAL CLINIC"", ""tierType"": ""Tier 1""}"
1079,DELHI/HQ/DIRECTORATE/MINISTRY,DELHI/HQ/DIRECTORATE/MINISTRY,18,MODERN DIAGNOSTIC and RES CENTRE P LTD - INST AREA,NABH,Tier 1,GURUGRAM,,"{""adcityName"": ""DELHI/HQ/DIRECTORATE/MINISTRY"", ""cityName"": ""GURUGRAM"", ""hospAcc"": ""NABH"", ""hospName"": ""MODERN DIAGNOSTIC and RES CENTRE P LTD - INST AREA"", ""tierType"": ""Tier 1""}"
1080,DELHI/HQ/DIRECTORATE/MINISTRY,DELHI/HQ/DIRECTORATE/MINISTRY,18,MODERN DIAGNOSTIC and RES CENTRE P LTD - NEW RLY RD,NABH,Tier 1,GURUGRAM,,"{""adcityName"": ""DELHI/HQ/DIRECTORATE/MINISTRY"", ""cityName"": ""GURUGRAM"", ""hospAcc"": ""NABH"", ""hospName"": ""MODERN DIAGNOSTIC and RES CENTRE P LTD - NEW RLY RD"", ""tierType"": ""Tier 1""}"
1081,DELHI/HQ/DIRECTORATE/MINISTRY,DELHI/HQ/DIRECTORATE/MINISTRY,18,MOHAN EYE INSTITUTE,NABH,Tier 1,Delhi,,"{""adcityName"": ""DELHI/HQ/DIRECTORATE/MINISTRY"", ""cityName"": ""Delhi"", ""hospAcc"": ""NABH"", ""hospName"": ""MOHAN EYE INSTITUTE"", ""tierType"": ""Tier 1""}"
1082,DELHI/HQ/DIRECTORATE/MINISTRY,DELHI/HQ/DIRECTORATE/MINISTRY,18,Moolchand Kharaiti Ram Hospital,NABH,Tier 1,Delhi,,"{""adcityName"": ""DELHI/HQ/DIRECTORATE/MINISTRY"", ""cityName"": ""Delhi"", ""hospAcc"": ""NABH"", ""hospName"": ""Moolchand Kharaiti Ram Hospital"", ""tierType"": ""Tier 1""}"
1083,DELHI/HQ/DIRECTORATE/MINISTRY,DELHI/HQ/DIRECTORATE/MINISTRY,18,MUSKAAN DENTALS,NABH,Tier 1,GURUGRAM,,"{""adcityName"": ""DELHI/HQ/DIRECTORATE/MINISTRY"", ""cityName"": ""GURUGRAM"", ""hospAcc"": ""NABH"", ""hospName"": ""MUSKAAN DENTALS"", ""tierType"": ""Tier 1""}"
1084,DELHI/HQ/DIRECTORATE/MINISTRY,DELHI/HQ/DIRECTORATE/MINISTRY,18,MUSKAAN DENTALS - SUSHANT LOK-I GURGAON,NABH,Tier 1,GURUGRAM,,"{""adcityName"": ""DELHI/HQ/DIRECTORATE/MINISTRY"", ""cityName"": ""GURUGRAM"", ""hospAcc"": ""NABH"", ""hospName"": ""MUSKAAN DENTALS - SUSHANT LOK-I GURGAON"", ""tierType"": ""Tier 1""}"
1085,DELHI/HQ/DIRECTORATE/MINISTRY,DELHI/HQ/DIRECTORATE/MINISTRY,18,MUSKAN DENTAL CARE,NABH valid till 30.11.2025,Tier 1,Delhi,,"{""adcityName"": ""DELHI/HQ/DIRECTORATE/MINISTRY"", ""cityName"": ""Delhi"", ""hospAcc"": ""NABH valid till 30.11.2025"", ""hospName"": ""MUSKAN DENTAL CARE"", ""tierType"": ""Tier 1""}"
1086,DELHI/HQ/DIRECTORATE/MINISTRY,DELHI/HQ/DIRECTORATE/MINISTRY,18,MUST and MORE HEALTH CARE PVT LTD,NABH,Tier 1,Delhi,,"{""adcityName"": ""DELHI/HQ/DIRECTORATE/MINISTRY"", ""cityName"": ""Delhi"", ""hospAcc"": ""NABH"", ""hospName"": ""MUST and MORE HEALTH CARE PVT LTD"", ""tierType"": ""Tier 1""}"
1087,DELHI/HQ/DIRECTORATE/MINISTRY,DELHI/HQ/DIRECTORATE/MINISTRY,18,MUST AND MORE SUPER SPECIALITY DIAGNOSTIC CENTRE,NABH,Tier 1,Delhi,,"{""adcityName"": ""DELHI/HQ/DIRECTORATE/MINISTRY"", ""cityName"": ""Delhi"", ""hospAcc"": ""NABH"", ""hospName"": ""MUST AND MORE SUPER SPECIALITY DIAGNOSTIC CENTRE"", ""tierType"": ""Tier 1""}"
1088,DELHI/HQ/DIRECTORATE/MINISTRY,DELHI/HQ/DIRECTORATE/MINISTRY,18,MY DENTIST,QCI,Tier 1,Delhi,,"{""adcityName"": ""DELHI/HQ/DIRECTORATE/MINISTRY"", ""cityName"": ""Delhi"", ""hospAcc"": ""QCI"", ""hospName"": ""MY DENTIST"", ""tierType"": ""Tier 1""}"
1089,DELHI/HQ/DIRECTORATE/MINISTRY,DELHI/HQ/DIRECTORATE/MINISTRY,18,NABH,NABH,Tier 1,Delhi,,"{""adcityName"": ""DELHI/HQ/DIRECTORATE/MINISTRY"", ""cityName"": ""Delhi"", ""hospAcc"": ""NABH"", ""hospName"": ""NABH"", ""tierType"": ""Tier 1""}"
1090,DELHI/HQ/DIRECTORATE/MINISTRY,DELHI/HQ/DIRECTORATE/MINISTRY,18,NARANG EYE INSTITUTE,NABH,Tier 1,Delhi,,"{""adcityName"": ""DELHI/HQ/DIRECTORATE/MINISTRY"", ""cityName"": ""Delhi"", ""hospAcc"": ""NABH"", ""hospName"": ""NARANG EYE INSTITUTE"", ""tierType"": ""Tier 1""}"
1091,DELHI/HQ/DIRECTORATE/MINISTRY,DELHI/HQ/DIRECTORATE/MINISTRY,18,NARANG EYE INSTITUTE LASER & RETINA CENTRE,QCI,Tier 1,Delhi,,"{""adcityName"": ""DELHI/HQ/DIRECTORATE/MINISTRY"", ""cityName"": ""Delhi"", ""hospAcc"": ""QCI"", ""hospName"": ""NARANG EYE INSTITUTE LASER & RETINA CENTRE"", ""tierType"": ""Tier 1""}"
1092,DELHI/HQ/DIRECTORATE/MINISTRY,DELHI/HQ/DIRECTORATE/MINISTRY,18,NARAYANA NETHRADHAMA,QCI,Tier 1,Delhi,,"{""adcityName"": ""DELHI/HQ/DIRECTORATE/MINISTRY"", ""cityName"": ""Delhi"", ""hospAcc"": ""QCI"", ""hospName"": ""NARAYANA NETHRADHAMA"", ""tierType"": ""Tier 1""}"
1093,DELHI/HQ/DIRECTORATE/MINISTRY,DELHI/HQ/DIRECTORATE/MINISTRY,18,Narayana Superspeciality Hospital,NABH,Tier 1,GURUGRAM,,"{""adcityName"": ""DELHI/HQ/DIRECTORATE/MINISTRY"", ""cityName"": ""GURUGRAM"", ""hospAcc"": ""NABH"", ""hospName"": ""Narayana Superspeciality Hospital"", ""tierType"": ""Tier 1""}"
1094,DELHI/HQ/DIRECTORATE/MINISTRY,DELHI/HQ/DIRECTORATE/MINISTRY,18,NARINDER MOHAN HOSPITAL AND HEART CENTRE,NABH&NABL,Tier 1,GHAZIABAD,,"{""adcityName"": ""DELHI/HQ/DIRECTORATE/MINISTRY"", ""cityName"": ""GHAZIABAD"", ""hospAcc"": ""NABH&NABL"", ""hospName"": ""NARINDER MOHAN HOSPITAL AND HEART CENTRE"", ""tierType"": ""Tier 1""}"
1095,DELHI/HQ/DIRECTORATE/MINISTRY,DELHI/HQ/DIRECTORATE/MINISTRY,18,NATIONAL HEART INSTITUTE-EAST KAILASH,NABH,Tier 1,Delhi,,"{""adcityName"": ""DELHI/HQ/DIRECTORATE/MINISTRY"", ""cityName"": ""Delhi"", ""hospAcc"": ""NABH"", ""hospName"": ""NATIONAL HEART INSTITUTE-EAST KAILASH"", ""tierType"": ""Tier 1""}"
1096,DELHI/HQ/DIRECTORATE/MINISTRY,DELHI/HQ/DIRECTORATE/MINISTRY,18,NATIONAL IMAGING and PATH LABS,NABH valid upto: 02.10.2028,Tier 1,Delhi,,"{""adcityName"": ""DELHI/HQ/DIRECTORATE/MINISTRY"", ""cityName"": ""Delhi"", ""hospAcc"": ""NABH  valid upto: 02.10.2028"", ""hospName"": ""NATIONAL IMAGING and PATH LABS"", ""tierType"": ""Tier 1""}"
1097,DELHI/HQ/DIRECTORATE/MINISTRY,DELHI/HQ/DIRECTORATE/MINISTRY,18,NationalMRI CT Scan And diagnostic centre,NABH Valid till 02.102028,Tier 1,Delhi,,"{""adcityName"": ""DELHI/HQ/DIRECTORATE/MINISTRY"", ""cityName"": ""Delhi"", ""hospAcc"": ""NABH Valid till 02.102028"", ""hospName"": ""NationalMRI CT Scan And diagnostic centre"", ""tierType"": ""Tier 1""}"
1098,DELHI/HQ/DIRECTORATE/MINISTRY,DELHI/HQ/DIRECTORATE/MINISTRY,18,NAV DRISHTI EYE CENTER,QCI,Tier 1,Delhi,,"{""adcityName"": ""DELHI/HQ/DIRECTORATE/MINISTRY"", ""cityName"": ""Delhi"", ""hospAcc"": ""QCI"", ""hospName"": ""NAV DRISHTI EYE CENTER"", ""tierType"": ""Tier 1""}"
1099,DELHI/HQ/DIRECTORATE/MINISTRY,DELHI/HQ/DIRECTORATE/MINISTRY,18,NAVIN HOSPITAL,NABH,Tier 1,GHAZIABAD,,"{""adcityName"": ""DELHI/HQ/DIRECTORATE/MINISTRY"", ""cityName"": ""GHAZIABAD"", ""hospAcc"": ""NABH"", ""hospName"": ""NAVIN HOSPITAL"", ""tierType"": ""Tier 1""}"
1100,DELHI/HQ/DIRECTORATE/MINISTRY,DELHI/HQ/DIRECTORATE/MINISTRY,18,NAVIN HOSPITAL,NABH,Tier 2,GAUTAM BUDDHA NAGAR,,"{""adcityName"": ""DELHI/HQ/DIRECTORATE/MINISTRY"", ""cityName"": ""GAUTAM BUDDHA NAGAR"", ""hospAcc"": ""NABH"", ""hospName"": ""NAVIN HOSPITAL"", ""tierType"": ""Tier 2""}"
1101,DELHI/HQ/DIRECTORATE/MINISTRY,DELHI/HQ/DIRECTORATE/MINISTRY,18,NAVJEEVAN HOSPITAL,QCI,Tier 1,Delhi,,"{""adcityName"": ""DELHI/HQ/DIRECTORATE/MINISTRY"", ""cityName"": ""Delhi"", ""hospAcc"": ""QCI"", ""hospName"": ""NAVJEEVAN HOSPITAL"", ""tierType"": ""Tier 1""}"
1102,DELHI/HQ/DIRECTORATE/MINISTRY,DELHI/HQ/DIRECTORATE/MINISTRY,18,NAVJEEVAN HOSPITAL,QCI,Tier 1,Delhi,,"{""adcityName"": ""DELHI/HQ/DIRECTORATE/MINISTRY"", ""cityName"": ""Delhi"", ""hospAcc"": ""QCI"", ""hospName"": ""NAVJEEVAN HOSPITAL"", ""tierType"": ""Tier 1""}"
1103,DELHI/HQ/DIRECTORATE/MINISTRY,DELHI/HQ/DIRECTORATE/MINISTRY,18,NAVNEESH DENTAL CLINIC,QCI,Tier 1,Delhi,,"{""adcityName"": ""DELHI/HQ/DIRECTORATE/MINISTRY"", ""cityName"": ""Delhi"", ""hospAcc"": ""QCI"", ""hospName"": ""NAVNEESH DENTAL CLINIC"", ""tierType"": ""Tier 1""}"
1104,DELHI/HQ/DIRECTORATE/MINISTRY,DELHI/HQ/DIRECTORATE/MINISTRY,18,NAVNEESH DENTAL CLINIC - MOTI BAGH-1,QCI,Tier 1,Delhi,,"{""adcityName"": ""DELHI/HQ/DIRECTORATE/MINISTRY"", ""cityName"": ""Delhi"", ""hospAcc"": ""QCI"", ""hospName"": ""NAVNEESH DENTAL CLINIC - MOTI BAGH-1"", ""tierType"": ""Tier 1""}"
1105,DELHI/HQ/DIRECTORATE/MINISTRY,DELHI/HQ/DIRECTORATE/MINISTRY,18,NAVNEESH DENTAL CLINIC - SAFDARJUNG ENCLAVE,QCI,Tier 1,Delhi,,"{""adcityName"": ""DELHI/HQ/DIRECTORATE/MINISTRY"", ""cityName"": ""Delhi"", ""hospAcc"": ""QCI"", ""hospName"": ""NAVNEESH DENTAL CLINIC - SAFDARJUNG ENCLAVE"", ""tierType"": ""Tier 1""}"
1106,DELHI/HQ/DIRECTORATE/MINISTRY,DELHI/HQ/DIRECTORATE/MINISTRY,18,NAWAL HOSPITAL AND TRAUMA CENTRE,NABH,Tier 2,SONIPAT,,"{""adcityName"": ""DELHI/HQ/DIRECTORATE/MINISTRY"", ""cityName"": ""SONIPAT"", ""hospAcc"": ""NABH"", ""hospName"": ""NAWAL HOSPITAL AND TRAUMA CENTRE"", ""tierType"": ""Tier 2""}"
1107,DELHI/HQ/DIRECTORATE/MINISTRY,DELHI/HQ/DIRECTORATE/MINISTRY,18,NAYANJYOTI EYE AND LASER CENTER,NABH,Tier 1,FARIDABAD,,"{""adcityName"": ""DELHI/HQ/DIRECTORATE/MINISTRY"", ""cityName"": ""FARIDABAD"", ""hospAcc"": ""NABH"", ""hospName"": ""NAYANJYOTI EYE AND LASER CENTER"", ""tierType"": ""Tier 1""}"
1108,DELHI/HQ/DIRECTORATE/MINISTRY,DELHI/HQ/DIRECTORATE/MINISTRY,18,NAYANTARA EYE CENTRE,,Tier 1,Delhi,,"{""adcityName"": ""DELHI/HQ/DIRECTORATE/MINISTRY"", ""cityName"": ""Delhi"", ""hospAcc"": """", ""hospName"": ""NAYANTARA EYE CENTRE"", ""tierType"": ""Tier 1""}"
1109,DELHI/HQ/DIRECTORATE/MINISTRY,DELHI/HQ/DIRECTORATE/MINISTRY,18,NAYAN THE MODERN EYE CARE CENTRE,QCI,Tier 1,Delhi,,"{""adcityName"": ""DELHI/HQ/DIRECTORATE/MINISTRY"", ""cityName"": ""Delhi"", ""hospAcc"": ""QCI"", ""hospName"": ""NAYAN THE MODERN EYE CARE CENTRE"", ""tierType"": ""Tier 1""}"
1110,DELHI/HQ/DIRECTORATE/MINISTRY,DELHI/HQ/DIRECTORATE/MINISTRY,18,NEERA EYE CENTRE and LASER VISION,NABH valid till 09.11.2025,Tier 1,Delhi,,"{""adcityName"": ""DELHI/HQ/DIRECTORATE/MINISTRY"", ""cityName"": ""Delhi"", ""hospAcc"": ""NABH valid till 09.11.2025"", ""hospName"": ""NEERA EYE CENTRE and LASER VISION"", ""tierType"": ""Tier 1""}"
1111,DELHI/HQ/DIRECTORATE/MINISTRY,DELHI/HQ/DIRECTORATE/MINISTRY,18,NEO HOSPITAL,NABH,Tier 2,GAUTAM BUDDHA NAGAR,,"{""adcityName"": ""DELHI/HQ/DIRECTORATE/MINISTRY"", ""cityName"": ""GAUTAM BUDDHA NAGAR"", ""hospAcc"": ""NABH"", ""hospName"": ""NEO HOSPITAL"", ""tierType"": ""Tier 2""}"
1112,DELHI/HQ/DIRECTORATE/MINISTRY,DELHI/HQ/DIRECTORATE/MINISTRY,18,NEST HOSPITAL,NABH,Tier 2,SONIPAT,,"{""adcityName"": ""DELHI/HQ/DIRECTORATE/MINISTRY"", ""cityName"": ""SONIPAT"", ""hospAcc"": ""NABH"", ""hospName"": ""NEST HOSPITAL"", ""tierType"": ""Tier 2""}"
1113,DELHI/HQ/DIRECTORATE/MINISTRY,DELHI/HQ/DIRECTORATE/MINISTRY,18,Netram Eye Centre,QCI,Tier 1,Delhi,,"{""adcityName"": ""DELHI/HQ/DIRECTORATE/MINISTRY"", ""cityName"": ""Delhi"", ""hospAcc"": ""QCI"", ""hospName"": ""Netram Eye Centre"", ""tierType"": ""Tier 1""}"
1114,DELHI/HQ/DIRECTORATE/MINISTRY,DELHI/HQ/DIRECTORATE/MINISTRY,18,NEW VISION EYE CENTRE,QCI,Tier 1,GHAZIABAD,,"{""adcityName"": ""DELHI/HQ/DIRECTORATE/MINISTRY"", ""cityName"": ""GHAZIABAD"", ""hospAcc"": ""QCI"", ""hospName"": ""NEW VISION EYE CENTRE"", ""tierType"": ""Tier 1""}"
1115,DELHI/HQ/DIRECTORATE/MINISTRY,DELHI/HQ/DIRECTORATE/MINISTRY,18,NEW VISION EYE CENTRE - NEW DELHI,NABH,Tier 1,Delhi,,"{""adcityName"": ""DELHI/HQ/DIRECTORATE/MINISTRY"", ""cityName"": ""Delhi"", ""hospAcc"": ""NABH"", ""hospName"": ""NEW VISION EYE CENTRE - NEW DELHI"", ""tierType"": ""Tier 1""}"
1116,DELHI/HQ/DIRECTORATE/MINISTRY,DELHI/HQ/DIRECTORATE/MINISTRY,18,nexus Superspeciality Dental and Implant centre,NABH,Tier 1,Delhi,,"{""adcityName"": ""DELHI/HQ/DIRECTORATE/MINISTRY"", ""cityName"": ""Delhi"", ""hospAcc"": ""NABH"", ""hospName"": ""nexus Superspeciality Dental and Implant centre"", ""tierType"": ""Tier 1""}"
1117,DELHI/HQ/DIRECTORATE/MINISTRY,DELHI/HQ/DIRECTORATE/MINISTRY,18,NIDAAN HOSPITAL UNIT OF NARSINGH HOSPITAL and HEART,NABH,Tier 2,SONIPAT,,"{""adcityName"": ""DELHI/HQ/DIRECTORATE/MINISTRY"", ""cityName"": ""SONIPAT"", ""hospAcc"": ""NABH"", ""hospName"": ""NIDAAN HOSPITAL UNIT OF NARSINGH HOSPITAL and HEART"", ""tierType"": ""Tier 2""}"
1118,DELHI/HQ/DIRECTORATE/MINISTRY,DELHI/HQ/DIRECTORATE/MINISTRY,18,NIMMS MULTISPECIALITY HOSPITAL,QCI,Tier 2,GAUTAM BUDDHA NAGAR,,"{""adcityName"": ""DELHI/HQ/DIRECTORATE/MINISTRY"", ""cityName"": ""GAUTAM BUDDHA NAGAR"", ""hospAcc"": ""QCI"", ""hospName"": ""NIMMS MULTISPECIALITY HOSPITAL"", ""tierType"": ""Tier 2""}"
1119,DELHI/HQ/DIRECTORATE/MINISTRY,DELHI/HQ/DIRECTORATE/MINISTRY,18,NIRMAL HOSPITAL,QCI,Tier 1,Delhi,,"{""adcityName"": ""DELHI/HQ/DIRECTORATE/MINISTRY"", ""cityName"": ""Delhi"", ""hospAcc"": ""QCI"", ""hospName"": ""NIRMAL HOSPITAL"", ""tierType"": ""Tier 1""}"
1120,DELHI/HQ/DIRECTORATE/MINISTRY,DELHI/HQ/DIRECTORATE/MINISTRY,18,NKS HOSPITAL A UNIT OF BRAM HEALTH CARE PVT LTD,QCI,Tier 1,Delhi,,"{""adcityName"": ""DELHI/HQ/DIRECTORATE/MINISTRY"", ""cityName"": ""Delhi"", ""hospAcc"": ""QCI"", ""hospName"": ""NKS HOSPITAL A UNIT OF BRAM HEALTH CARE PVT LTD"", ""tierType"": ""Tier 1""}"
1121,DELHI/HQ/DIRECTORATE/MINISTRY,DELHI/HQ/DIRECTORATE/MINISTRY,18,NOBLE DIAGNOSTIC CENTRE - NEW DELHI,NABL,Tier 1,Delhi,,"{""adcityName"": ""DELHI/HQ/DIRECTORATE/MINISTRY"", ""cityName"": ""Delhi"", ""hospAcc"": ""NABL"", ""hospName"": ""NOBLE DIAGNOSTIC CENTRE - NEW DELHI"", ""tierType"": ""Tier 1""}"
1122,DELHI/HQ/DIRECTORATE/MINISTRY,DELHI/HQ/DIRECTORATE/MINISTRY,18,NOIDA INTERNATIONAL INSTITUITE OF MEDICAL SCIENCES HOSPITAL,QCI,Tier 1,GAUTAM BUDDHA NAGAR,,"{""adcityName"": ""DELHI/HQ/DIRECTORATE/MINISTRY"", ""cityName"": ""GAUTAM BUDDHA NAGAR"", ""hospAcc"": ""QCI"", ""hospName"": ""NOIDA INTERNATIONAL INSTITUITE OF MEDICAL SCIENCES HOSPITAL"", ""tierType"": ""Tier 1""}"
1123,DELHI/HQ/DIRECTORATE/MINISTRY,DELHI/HQ/DIRECTORATE/MINISTRY,18,NOIDA MEDICARE CENTRE LTD,QCI,Tier 1,GAUTAM BUDDHA NAGAR,,"{""adcityName"": ""DELHI/HQ/DIRECTORATE/MINISTRY"", ""cityName"": ""GAUTAM BUDDHA NAGAR"", ""hospAcc"": ""QCI"", ""hospName"": ""NOIDA MEDICARE CENTRE LTD"", ""tierType"": ""Tier 1""}"
1124,DELHI/HQ/DIRECTORATE/MINISTRY,DELHI/HQ/DIRECTORATE/MINISTRY,18,NOIDA MRI AND DIAGNOSTIC CENTRE,NABH,Tier 1,GAUTAM BUDDHA NAGAR,,"{""adcityName"": ""DELHI/HQ/DIRECTORATE/MINISTRY"", ""cityName"": ""GAUTAM BUDDHA NAGAR"", ""hospAcc"": ""NABH"", ""hospName"": ""NOIDA MRI AND DIAGNOSTIC CENTRE"", ""tierType"": ""Tier 1""}"
1125,DELHI/HQ/DIRECTORATE/MINISTRY,DELHI/HQ/DIRECTORATE/MINISTRY,18,NORTH DELHI ADVANCED DIAGNOSTIC AND MRI CENTRE,QCI,Tier 1,Delhi,,"{""adcityName"": ""DELHI/HQ/DIRECTORATE/MINISTRY"", ""cityName"": ""Delhi"", ""hospAcc"": ""QCI"", ""hospName"": ""NORTH DELHI ADVANCED DIAGNOSTIC AND MRI CENTRE"", ""tierType"": ""Tier 1""}"
1126,DELHI/HQ/DIRECTORATE/MINISTRY,DELHI/HQ/DIRECTORATE/MINISTRY,18,NORTH DELHI DIAGNOSTIC & DENTAL CARE CENTRE,QCI,Tier 1,Delhi,,"{""adcityName"": ""DELHI/HQ/DIRECTORATE/MINISTRY"", ""cityName"": ""Delhi"", ""hospAcc"": ""QCI"", ""hospName"": ""NORTH DELHI DIAGNOSTIC & DENTAL CARE CENTRE"", ""tierType"": ""Tier 1""}"
1127,DELHI/HQ/DIRECTORATE/MINISTRY,DELHI/HQ/DIRECTORATE/MINISTRY,18,North East Health Care Pvt Ltd,NABH,Tier 1,GURUGRAM,,"{""adcityName"": ""DELHI/HQ/DIRECTORATE/MINISTRY"", ""cityName"": ""GURUGRAM"", ""hospAcc"": ""NABH"", ""hospName"": ""North East Health Care Pvt Ltd"", ""tierType"": ""Tier 1""}"
1128,DELHI/HQ/DIRECTORATE/MINISTRY,DELHI/HQ/DIRECTORATE/MINISTRY,18,NU DENTAL MAESTRO,QCI,Tier 1,Delhi,,"{""adcityName"": ""DELHI/HQ/DIRECTORATE/MINISTRY"", ""cityName"": ""Delhi"", ""hospAcc"": ""QCI"", ""hospName"": ""NU DENTAL MAESTRO"", ""tierType"": ""Tier 1""}"
1129,DELHI/HQ/DIRECTORATE/MINISTRY,DELHI/HQ/DIRECTORATE/MINISTRY,18,NULIFE HOSPITAL A UNIT OF BHARAT HEALTH AND WELLNESS PRIVATE LIMITED,NABH,Tier 1,Delhi,,"{""adcityName"": ""DELHI/HQ/DIRECTORATE/MINISTRY"", ""cityName"": ""Delhi"", ""hospAcc"": ""NABH"", ""hospName"": ""NULIFE HOSPITAL A UNIT OF BHARAT HEALTH AND WELLNESS PRIVATE LIMITED"", ""tierType"": ""Tier 1""}"
1130,DELHI/HQ/DIRECTORATE/MINISTRY,DELHI/HQ/DIRECTORATE/MINISTRY,18,Numed Super Speciality Hospital,NABH,Tier 2,GAUTAM BUDDHA NAGAR,,"{""adcityName"": ""DELHI/HQ/DIRECTORATE/MINISTRY"", ""cityName"": ""GAUTAM BUDDHA NAGAR"", ""hospAcc"": ""NABH"", ""hospName"": ""Numed Super Speciality Hospital"", ""tierType"": ""Tier 2""}"
1131,DELHI/HQ/DIRECTORATE/MINISTRY,DELHI/HQ/DIRECTORATE/MINISTRY,18,OM DENTAL CLINIC,QCI,Tier 1,Delhi,,"{""adcityName"": ""DELHI/HQ/DIRECTORATE/MINISTRY"", ""cityName"": ""Delhi"", ""hospAcc"": ""QCI"", ""hospName"": ""OM DENTAL CLINIC"", ""tierType"": ""Tier 1""}"
1132,DELHI/HQ/DIRECTORATE/MINISTRY,DELHI/HQ/DIRECTORATE/MINISTRY,18,OM EYE AND GYNAE CENTRE,QCI,Tier 1,GHAZIABAD,,"{""adcityName"": ""DELHI/HQ/DIRECTORATE/MINISTRY"", ""cityName"": ""GHAZIABAD\t"", ""hospAcc"": ""QCI"", ""hospName"": ""OM EYE AND GYNAE CENTRE"", ""tierType"": ""Tier 1""}"
1133,DELHI/HQ/DIRECTORATE/MINISTRY,DELHI/HQ/DIRECTORATE/MINISTRY,18,OMLESH S DENTCITY,QCI,Tier 1,Delhi,,"{""adcityName"": ""DELHI/HQ/DIRECTORATE/MINISTRY"", ""cityName"": ""Delhi"", ""hospAcc"": ""QCI"", ""hospName"": ""OMLESH S DENTCITY"", ""tierType"": ""Tier 1""}"
1134,DELHI/HQ/DIRECTORATE/MINISTRY,DELHI/HQ/DIRECTORATE/MINISTRY,18,Oncoplus Hospital(A Unit of Deep Chand Oncology Services Pvt. Ltd),QCI,Tier 1,Delhi,,"{""adcityName"": ""DELHI/HQ/DIRECTORATE/MINISTRY"", ""cityName"": ""Delhi"", ""hospAcc"": ""QCI"", ""hospName"": ""Oncoplus Hospital(A Unit of Deep Chand Oncology Services Pvt. Ltd)"", ""tierType"": ""Tier 1""}"
1135,DELHI/HQ/DIRECTORATE/MINISTRY,DELHI/HQ/DIRECTORATE/MINISTRY,18,ORAL CARE DENTAL HEALTH AND ORTHODONTIC CENTRE,NABH Valid till 22.07.2028,Tier 1,Delhi,,"{""adcityName"": ""DELHI/HQ/DIRECTORATE/MINISTRY"", ""cityName"": ""Delhi"", ""hospAcc"": ""NABH Valid till 22.07.2028"", ""hospName"": ""ORAL CARE DENTAL HEALTH AND ORTHODONTIC CENTRE"", ""tierType"": ""Tier 1""}"
1136,DELHI/HQ/DIRECTORATE/MINISTRY,DELHI/HQ/DIRECTORATE/MINISTRY,18,ORBIT IMAGING and PATHLAB PVT LTD,QCI,Tier 1,Delhi,,"{""adcityName"": ""DELHI/HQ/DIRECTORATE/MINISTRY"", ""cityName"": ""Delhi"", ""hospAcc"": ""QCI"", ""hospName"": ""ORBIT IMAGING and PATHLAB PVT LTD"", ""tierType"": ""Tier 1""}"
1137,DELHI/HQ/DIRECTORATE/MINISTRY,DELHI/HQ/DIRECTORATE/MINISTRY,18,ORTHO PLUS HOSPITAL,QCI,Tier 1,Delhi,,"{""adcityName"": ""DELHI/HQ/DIRECTORATE/MINISTRY"", ""cityName"": ""Delhi"", ""hospAcc"": ""QCI"", ""hospName"": ""ORTHO PLUS HOSPITAL"", ""tierType"": ""Tier 1""}"
1138,DELHI/HQ/DIRECTORATE/MINISTRY,DELHI/HQ/DIRECTORATE/MINISTRY,18,OSCAR SUPERSPECIALITY HOSPITAL AND TRAUMA CENTRE,NABH,Tier 2,SONIPAT,,"{""adcityName"": ""DELHI/HQ/DIRECTORATE/MINISTRY"", ""cityName"": ""SONIPAT"", ""hospAcc"": ""NABH"", ""hospName"": ""OSCAR SUPERSPECIALITY HOSPITAL AND TRAUMA CENTRE"", ""tierType"": ""Tier 2""}"
1139,DELHI/HQ/DIRECTORATE/MINISTRY,DELHI/HQ/DIRECTORATE/MINISTRY,18,PANCHSHEEL HOSPITALS PVT LTD,NABH,Tier 1,Delhi,,"{""adcityName"": ""DELHI/HQ/DIRECTORATE/MINISTRY"", ""cityName"": ""Delhi"", ""hospAcc"": ""NABH"", ""hospName"": ""PANCHSHEEL HOSPITALS PVT LTD"", ""tierType"": ""Tier 1""}"
1140,DELHI/HQ/DIRECTORATE/MINISTRY,DELHI/HQ/DIRECTORATE/MINISTRY,18,PANNALAL SHYAMLAL HOSPITAL,QCI,Tier 1,GHAZIABAD,,"{""adcityName"": ""DELHI/HQ/DIRECTORATE/MINISTRY"", ""cityName"": ""GHAZIABAD"", ""hospAcc"": ""QCI"", ""hospName"": ""PANNALAL SHYAMLAL HOSPITAL"", ""tierType"": ""Tier 1""}"
1141,DELHI/HQ/DIRECTORATE/MINISTRY,DELHI/HQ/DIRECTORATE/MINISTRY,18,PARAM JYOTI EYE CENTER,QCI,Tier 1,GHAZIABAD,,"{""adcityName"": ""DELHI/HQ/DIRECTORATE/MINISTRY"", ""cityName"": ""GHAZIABAD\t"", ""hospAcc"": ""QCI"", ""hospName"": ""PARAM JYOTI EYE CENTER"", ""tierType"": ""Tier 1""}"
1142,DELHI/HQ/DIRECTORATE/MINISTRY,DELHI/HQ/DIRECTORATE/MINISTRY,18,PARAM NETHRALAYA,QCI,Tier 1,Delhi,,"{""adcityName"": ""DELHI/HQ/DIRECTORATE/MINISTRY"", ""cityName"": ""Delhi"", ""hospAcc"": ""QCI"", ""hospName"": ""PARAM NETHRALAYA"", ""tierType"": ""Tier 1""}"
1143,DELHI/HQ/DIRECTORATE/MINISTRY,DELHI/HQ/DIRECTORATE/MINISTRY,18,Paras Hospital,NABH,Tier 1,GURUGRAM,,"{""adcityName"": ""DELHI/HQ/DIRECTORATE/MINISTRY"", ""cityName"": ""GURUGRAM"", ""hospAcc"": ""NABH"", ""hospName"": ""Paras Hospital"", ""tierType"": ""Tier 1""}"
1144,DELHI/HQ/DIRECTORATE/MINISTRY,DELHI/HQ/DIRECTORATE/MINISTRY,18,PARAS HOSPITAL-GHAZIABAD,QCI,Tier 1,GHAZIABAD,,"{""adcityName"": ""DELHI/HQ/DIRECTORATE/MINISTRY"", ""cityName"": ""GHAZIABAD"", ""hospAcc"": ""QCI"", ""hospName"": ""PARAS HOSPITAL-GHAZIABAD"", ""tierType"": ""Tier 1""}"
1145,DELHI/HQ/DIRECTORATE/MINISTRY,DELHI/HQ/DIRECTORATE/MINISTRY,18,Park Hospital A unit of Park Medi World Pvt Ltd,NABH,Tier 1,Delhi,,"{""adcityName"": ""DELHI/HQ/DIRECTORATE/MINISTRY"", ""cityName"": ""Delhi"", ""hospAcc"": ""NABH"", ""hospName"": ""Park Hospital A unit of Park Medi World Pvt Ltd"", ""tierType"": ""Tier 1""}"
1146,DELHI/HQ/DIRECTORATE/MINISTRY,DELHI/HQ/DIRECTORATE/MINISTRY,18,PARK HOSPITAL ( A UNIT OF UMKAL HEALTHCARE PVT LTD),NABH,Tier 1,GURUGRAM,,"{""adcityName"": ""DELHI/HQ/DIRECTORATE/MINISTRY"", ""cityName"": ""GURUGRAM"", ""hospAcc"": ""NABH"", ""hospName"": ""PARK HOSPITAL ( A UNIT OF UMKAL HEALTHCARE PVT LTD)"", ""tierType"": ""Tier 1""}"
1147,DELHI/HQ/DIRECTORATE/MINISTRY,DELHI/HQ/DIRECTORATE/MINISTRY,18,Park Hospital Faridabad,NABH,Tier 1,FAridabad,,"{""adcityName"": ""DELHI/HQ/DIRECTORATE/MINISTRY"", ""cityName"": ""FAridabad"", ""hospAcc"": ""NABH"", ""hospName"": ""Park Hospital Faridabad"", ""tierType"": ""Tier 1""}"
1148,DELHI/HQ/DIRECTORATE/MINISTRY,DELHI/HQ/DIRECTORATE/MINISTRY,18,PARK MEDICENTERS AND INSTITUTIONS PRIVATE LIMITED,NABH,Tier 1,GURUGRAM,,"{""adcityName"": ""DELHI/HQ/DIRECTORATE/MINISTRY"", ""cityName"": ""GURUGRAM"", ""hospAcc"": ""NABH"", ""hospName"": ""PARK MEDICENTERS AND INSTITUTIONS PRIVATE LIMITED"", ""tierType"": ""Tier 1""}"
1149,DELHI/HQ/DIRECTORATE/MINISTRY,DELHI/HQ/DIRECTORATE/MINISTRY,18,PAWAN HOSPITAL,NABH,Tier 1,FARIDABAD,,"{""adcityName"": ""DELHI/HQ/DIRECTORATE/MINISTRY"", ""cityName"": ""FARIDABAD"", ""hospAcc"": ""NABH"", ""hospName"": ""PAWAN HOSPITAL"", ""tierType"": ""Tier 1""}"
1150,DELHI/HQ/DIRECTORATE/MINISTRY,DELHI/HQ/DIRECTORATE/MINISTRY,18,pd gupta mediscan center,NABH,Tier 1,Delhi,,"{""adcityName"": ""DELHI/HQ/DIRECTORATE/MINISTRY"", ""cityName"": ""Delhi"", ""hospAcc"": ""NABH"", ""hospName"": ""pd gupta mediscan center"", ""tierType"": ""Tier 1""}"
1151,DELHI/HQ/DIRECTORATE/MINISTRY,DELHI/HQ/DIRECTORATE/MINISTRY,18,PEARL DENTAL CARE,,Tier 1,Delhi,,"{""adcityName"": ""DELHI/HQ/DIRECTORATE/MINISTRY"", ""cityName"": ""Delhi"", ""hospAcc"": """", ""hospName"": ""PEARL DENTAL CARE"", ""tierType"": ""Tier 1""}"
1152,DELHI/HQ/DIRECTORATE/MINISTRY,DELHI/HQ/DIRECTORATE/MINISTRY,18,PEARL WHITE DENTAL CLINIC,QCI RECOMMENDED,Tier 1,,,"{""adcityName"": ""DELHI/HQ/DIRECTORATE/MINISTRY"", ""hospAcc"": ""QCI RECOMMENDED"", ""hospName"": ""PEARL WHITE DENTAL CLINIC"", ""tierType"": ""Tier 1""}"
1153,DELHI/HQ/DIRECTORATE/MINISTRY,DELHI/HQ/DIRECTORATE/MINISTRY,18,PEARL WHITE DENTAL CLINIC,QCI,Tier 1,Delhi,,"{""adcityName"": ""DELHI/HQ/DIRECTORATE/MINISTRY"", ""cityName"": ""Delhi"", ""hospAcc"": ""QCI"", ""hospName"": ""PEARL WHITE DENTAL CLINIC"", ""tierType"": ""Tier 1""}"
1154,DELHI/HQ/DIRECTORATE/MINISTRY,DELHI/HQ/DIRECTORATE/MINISTRY,18,PEARL WHITE DENTAL CLINIC,QCI RECOMMENDED,Tier 1,,,"{""adcityName"": ""DELHI/HQ/DIRECTORATE/MINISTRY"", ""hospAcc"": ""QCI RECOMMENDED"", ""hospName"": ""PEARL WHITE DENTAL CLINIC"", ""tierType"": ""Tier 1""}"
1155,DELHI/HQ/DIRECTORATE/MINISTRY,DELHI/HQ/DIRECTORATE/MINISTRY,18,PEARL WHITE DENTAL CLINIC,QCI RECOMMENDED,Tier 1,,,"{""adcityName"": ""DELHI/HQ/DIRECTORATE/MINISTRY"", ""hospAcc"": ""QCI RECOMMENDED"", ""hospName"": ""PEARL WHITE DENTAL CLINIC"", ""tierType"": ""Tier 1""}"
1156,DELHI/HQ/DIRECTORATE/MINISTRY,DELHI/HQ/DIRECTORATE/MINISTRY,18,PERFECT DENTAL STUDIO,QCI,Tier 1,GURUGRAM,,"{""adcityName"": ""DELHI/HQ/DIRECTORATE/MINISTRY"", ""cityName"": ""GURUGRAM"", ""hospAcc"": ""QCI"", ""hospName"": ""PERFECT DENTAL STUDIO"", ""tierType"": ""Tier 1""}"
1157,DELHI/HQ/DIRECTORATE/MINISTRY,DELHI/HQ/DIRECTORATE/MINISTRY,18,PERFECT TEETH DENTAL CLINIC-NOIDA,QCI,Tier 1,GAUTAM BUDDHA NAGAR,,"{""adcityName"": ""DELHI/HQ/DIRECTORATE/MINISTRY"", ""cityName"": ""GAUTAM BUDDHA NAGAR\t"", ""hospAcc"": ""QCI"", ""hospName"": ""PERFECT TEETH DENTAL CLINIC-NOIDA"", ""tierType"": ""Tier 1""}"
1158,DELHI/HQ/DIRECTORATE/MINISTRY,DELHI/HQ/DIRECTORATE/MINISTRY,18,pitampura dental clinic,QCI,Tier 1,Delhi,,"{""adcityName"": ""DELHI/HQ/DIRECTORATE/MINISTRY"", ""cityName"": ""Delhi"", ""hospAcc"": ""QCI"", ""hospName"": ""pitampura dental clinic"", ""tierType"": ""Tier 1""}"
1159,DELHI/HQ/DIRECTORATE/MINISTRY,DELHI/HQ/DIRECTORATE/MINISTRY,18,PLATINUM IMAGING CENTRE,NABH Valid till 08.06.2026,Tier 1,Delhi,,"{""adcityName"": ""DELHI/HQ/DIRECTORATE/MINISTRY"", ""cityName"": ""Delhi"", ""hospAcc"": ""NABH Valid till 08.06.2026"", ""hospName"": ""PLATINUM IMAGING CENTRE"", ""tierType"": ""Tier 1""}"
1160,DELHI/HQ/DIRECTORATE/MINISTRY,DELHI/HQ/DIRECTORATE/MINISTRY,18,Pooja multispeciality dental clinic,QCI,Tier 1,Delhi,,"{""adcityName"": ""DELHI/HQ/DIRECTORATE/MINISTRY"", ""cityName"": ""Delhi"", ""hospAcc"": ""QCI"", ""hospName"": ""Pooja multispeciality dental clinic"", ""tierType"": ""Tier 1""}"
1161,DELHI/HQ/DIRECTORATE/MINISTRY,DELHI/HQ/DIRECTORATE/MINISTRY,18,PRAGATI EYE CENTRE,NABH,Tier 1,Delhi,,"{""adcityName"": ""DELHI/HQ/DIRECTORATE/MINISTRY"", ""cityName"": ""Delhi"", ""hospAcc"": ""NABH"", ""hospName"": ""PRAGATI EYE CENTRE"", ""tierType"": ""Tier 1""}"
1162,DELHI/HQ/DIRECTORATE/MINISTRY,DELHI/HQ/DIRECTORATE/MINISTRY,18,Prakash Dental Care and Implant Centre,QCI,Tier 1,Delhi,,"{""adcityName"": ""DELHI/HQ/DIRECTORATE/MINISTRY"", ""cityName"": ""Delhi"", ""hospAcc"": ""QCI"", ""hospName"": ""Prakash Dental Care and Implant Centre"", ""tierType"": ""Tier 1""}"
1163,DELHI/HQ/DIRECTORATE/MINISTRY,DELHI/HQ/DIRECTORATE/MINISTRY,18,PRAKASH HOSPITAL,NABH,Tier 2,GAUTAM BUDDHA NAGAR,,"{""adcityName"": ""DELHI/HQ/DIRECTORATE/MINISTRY"", ""cityName"": ""GAUTAM BUDDHA NAGAR"", ""hospAcc"": ""NABH"", ""hospName"": ""PRAKASH HOSPITAL"", ""tierType"": ""Tier 2""}"
1164,DELHI/HQ/DIRECTORATE/MINISTRY,DELHI/HQ/DIRECTORATE/MINISTRY,18,PRAKASH HOSPITAL PVTLTD,NABH,Tier 2,GAUTAM BUDDHA NAGAR,,"{""adcityName"": ""DELHI/HQ/DIRECTORATE/MINISTRY"", ""cityName"": ""GAUTAM BUDDHA NAGAR"", ""hospAcc"": ""NABH"", ""hospName"": ""PRAKASH HOSPITAL PVTLTD"", ""tierType"": ""Tier 2""}"
1165,DELHI/HQ/DIRECTORATE/MINISTRY,DELHI/HQ/DIRECTORATE/MINISTRY,18,PRAYAG HOSPITAL and RESEARCH CENTRE,NABH,Tier 2,GAUTAM BUDDHA NAGAR,,"{""adcityName"": ""DELHI/HQ/DIRECTORATE/MINISTRY"", ""cityName"": ""GAUTAM BUDDHA NAGAR"", ""hospAcc"": ""NABH"", ""hospName"": ""PRAYAG HOSPITAL and RESEARCH CENTRE"", ""tierType"": ""Tier 2""}"
1166,DELHI/HQ/DIRECTORATE/MINISTRY,DELHI/HQ/DIRECTORATE/MINISTRY,18,PRECISION DENTAL CARE-SARITA VIHAR,QCI,Tier 1,Delhi,,"{""adcityName"": ""DELHI/HQ/DIRECTORATE/MINISTRY"", ""cityName"": ""Delhi"", ""hospAcc"": ""QCI"", ""hospName"": ""PRECISION DENTAL CARE-SARITA VIHAR"", ""tierType"": ""Tier 1""}"
1167,DELHI/HQ/DIRECTORATE/MINISTRY,DELHI/HQ/DIRECTORATE/MINISTRY,18,primacare clearmedi multispeciality hospital,QCI,Tier 2,GAUTAM BUDDHA NAGAR,,"{""adcityName"": ""DELHI/HQ/DIRECTORATE/MINISTRY"", ""cityName"": ""GAUTAM BUDDHA NAGAR"", ""hospAcc"": ""QCI"", ""hospName"": ""primacare clearmedi multispeciality hospital"", ""tierType"": ""Tier 2""}"
1168,DELHI/HQ/DIRECTORATE/MINISTRY,DELHI/HQ/DIRECTORATE/MINISTRY,18,Prime Dental Clinic,QCI,Tier 1,GHAZIABAD,,"{""adcityName"": ""DELHI/HQ/DIRECTORATE/MINISTRY"", ""cityName"": ""GHAZIABAD"", ""hospAcc"": ""QCI"", ""hospName"": ""Prime Dental Clinic"", ""tierType"": ""Tier 1""}"
1169,DELHI/HQ/DIRECTORATE/MINISTRY,DELHI/HQ/DIRECTORATE/MINISTRY,18,PRIMUS ORTHO and SPINE HOSPITAL,NABH,Tier 1,Delhi,,"{""adcityName"": ""DELHI/HQ/DIRECTORATE/MINISTRY"", ""cityName"": ""Delhi"", ""hospAcc"": ""NABH"", ""hospName"": ""PRIMUS ORTHO and SPINE HOSPITAL"", ""tierType"": ""Tier 1""}"
1170,DELHI/HQ/DIRECTORATE/MINISTRY,DELHI/HQ/DIRECTORATE/MINISTRY,18,PROCARE DENTAL CLINIC and IMPLANT CENTRE,QCI,Tier 1,Delhi,,"{""adcityName"": ""DELHI/HQ/DIRECTORATE/MINISTRY"", ""cityName"": ""Delhi"", ""hospAcc"": ""QCI"", ""hospName"": ""PROCARE DENTAL CLINIC and IMPLANT CENTRE"", ""tierType"": ""Tier 1""}"
1171,DELHI/HQ/DIRECTORATE/MINISTRY,DELHI/HQ/DIRECTORATE/MINISTRY,18,PROGNOSIS LABORATORIES,NABL,Tier 1,Delhi,,"{""adcityName"": ""DELHI/HQ/DIRECTORATE/MINISTRY"", ""cityName"": ""Delhi"", ""hospAcc"": ""NABL"", ""hospName"": ""PROGNOSIS LABORATORIES"", ""tierType"": ""Tier 1""}"
1172,DELHI/HQ/DIRECTORATE/MINISTRY,DELHI/HQ/DIRECTORATE/MINISTRY,18,promhex multispecialty hospital,QCI,Tier 2,GAUTAM BUDDHA NAGAR,,"{""adcityName"": ""DELHI/HQ/DIRECTORATE/MINISTRY"", ""cityName"": ""GAUTAM BUDDHA NAGAR"", ""hospAcc"": ""QCI"", ""hospName"": ""promhex multispecialty hospital"", ""tierType"": ""Tier 2""}"
1173,DELHI/HQ/DIRECTORATE/MINISTRY,DELHI/HQ/DIRECTORATE/MINISTRY,18,Pulp Dental Clinic,QCI,Tier 1,Delhi,,"{""adcityName"": ""DELHI/HQ/DIRECTORATE/MINISTRY"", ""cityName"": ""Delhi"", ""hospAcc"": ""QCI"", ""hospName"": ""Pulp Dental Clinic"", ""tierType"": ""Tier 1""}"
1174,DELHI/HQ/DIRECTORATE/MINISTRY,DELHI/HQ/DIRECTORATE/MINISTRY,18,Punarjyoti eye and mother care center Vasundhara ghaziabad UP,QCI,Tier 1,GHAZIABAD,,"{""adcityName"": ""DELHI/HQ/DIRECTORATE/MINISTRY"", ""cityName"": ""GHAZIABAD"", ""hospAcc"": ""QCI"", ""hospName"": ""Punarjyoti eye and mother care center Vasundhara ghaziabad UP"", ""tierType"": ""Tier 1""}"
1175,DELHI/HQ/DIRECTORATE/MINISTRY,DELHI/HQ/DIRECTORATE/MINISTRY,18,Punhani Tooth Care,NABH,Tier 1,Delhi,,"{""adcityName"": ""DELHI/HQ/DIRECTORATE/MINISTRY"", ""cityName"": ""Delhi"", ""hospAcc"": ""NABH"", ""hospName"": ""Punhani Tooth Care"", ""tierType"": ""Tier 1""}"
1176,DELHI/HQ/DIRECTORATE/MINISTRY,DELHI/HQ/DIRECTORATE/MINISTRY,18,PURANG EYE CENTRE,QCI,Tier 1,Delhi,,"{""adcityName"": ""DELHI/HQ/DIRECTORATE/MINISTRY"", ""cityName"": ""Delhi"", ""hospAcc"": ""QCI"", ""hospName"": ""PURANG EYE CENTRE"", ""tierType"": ""Tier 1""}"
1177,DELHI/HQ/DIRECTORATE/MINISTRY,DELHI/HQ/DIRECTORATE/MINISTRY,18,PUSHPANJALI HOSPITAL,NABH,Tier 1,Delhi,,"{""adcityName"": ""DELHI/HQ/DIRECTORATE/MINISTRY"", ""cityName"": ""Delhi"", ""hospAcc"": ""NABH"", ""hospName"": ""PUSHPANJALI HOSPITAL"", ""tierType"": ""Tier 1""}"
1178,DELHI/HQ/DIRECTORATE/MINISTRY,DELHI/HQ/DIRECTORATE/MINISTRY,18,PUSHPANJALI HOSPITAL,NABH,Tier 1,GURUGRAM,,"{""adcityName"": ""DELHI/HQ/DIRECTORATE/MINISTRY"", ""cityName"": ""GURUGRAM"", ""hospAcc"": ""NABH"", ""hospName"": ""PUSHPANJALI HOSPITAL"", ""tierType"": ""Tier 1""}"
1179,DELHI/HQ/DIRECTORATE/MINISTRY,DELHI/HQ/DIRECTORATE/MINISTRY,18,PUSHPANJALI MEDICAL CENTRE,NABH,Tier 1,Delhi,,"{""adcityName"": ""DELHI/HQ/DIRECTORATE/MINISTRY"", ""cityName"": ""Delhi"", ""hospAcc"": ""NABH"", ""hospName"": ""PUSHPANJALI MEDICAL CENTRE"", ""tierType"": ""Tier 1""}"
1180,DELHI/HQ/DIRECTORATE/MINISTRY,DELHI/HQ/DIRECTORATE/MINISTRY,18,QRG MEDICARE LTD,NABH,Tier 1,FARIDABAD,,"{""adcityName"": ""DELHI/HQ/DIRECTORATE/MINISTRY"", ""cityName"": ""FARIDABAD"", ""hospAcc"": ""NABH"", ""hospName"": ""QRG MEDICARE LTD"", ""tierType"": ""Tier 1""}"
1181,DELHI/HQ/DIRECTORATE/MINISTRY,DELHI/HQ/DIRECTORATE/MINISTRY,18,Radiance Dentistry,NABH,Tier 1,Delhi,,"{""adcityName"": ""DELHI/HQ/DIRECTORATE/MINISTRY"", ""cityName"": ""Delhi"", ""hospAcc"": ""NABH"", ""hospName"": ""Radiance Dentistry"", ""tierType"": ""Tier 1""}"
1182,DELHI/HQ/DIRECTORATE/MINISTRY,DELHI/HQ/DIRECTORATE/MINISTRY,18,RADIANCE DIAGNOSTIC CENTRE,NABH,Tier 1,Delhi,,"{""adcityName"": ""DELHI/HQ/DIRECTORATE/MINISTRY"", ""cityName"": ""Delhi"", ""hospAcc"": ""NABH"", ""hospName"": ""RADIANCE DIAGNOSTIC CENTRE"", ""tierType"": ""Tier 1""}"
1183,DELHI/HQ/DIRECTORATE/MINISTRY,DELHI/HQ/DIRECTORATE/MINISTRY,18,RADIUM EYE CENTRE LLP,QCI,Tier 1,Delhi,,"{""adcityName"": ""DELHI/HQ/DIRECTORATE/MINISTRY"", ""cityName"": ""Delhi"", ""hospAcc"": ""QCI"", ""hospName"": ""RADIUM EYE CENTRE LLP"", ""tierType"": ""Tier 1""}"
1184,DELHI/HQ/DIRECTORATE/MINISTRY,DELHI/HQ/DIRECTORATE/MINISTRY,18,RAJDHANI DENTAL AND ORTHODONTIC CENTRE,QCI,Tier 1,Delhi,,"{""adcityName"": ""DELHI/HQ/DIRECTORATE/MINISTRY"", ""cityName"": ""Delhi"", ""hospAcc"": ""QCI"", ""hospName"": ""RAJDHANI DENTAL AND ORTHODONTIC CENTRE"", ""tierType"": ""Tier 1""}"
1185,DELHI/HQ/DIRECTORATE/MINISTRY,DELHI/HQ/DIRECTORATE/MINISTRY,18,Ramas Brite Smiles Dental Care,QCI,Tier 1,GHAZIABAD,,"{""adcityName"": ""DELHI/HQ/DIRECTORATE/MINISTRY"", ""cityName"": ""GHAZIABAD"", ""hospAcc"": ""QCI"", ""hospName"": ""Ramas Brite Smiles Dental Care"", ""tierType"": ""Tier 1""}"
1186,DELHI/HQ/DIRECTORATE/MINISTRY,DELHI/HQ/DIRECTORATE/MINISTRY,18,RAM LAL KUNDAN LAL ORTHOPAEDIC HOSPITAL & R.K. MATERNITY HOME,NABH,Tier 1,Delhi,,"{""adcityName"": ""DELHI/HQ/DIRECTORATE/MINISTRY"", ""cityName"": ""Delhi"", ""hospAcc"": ""NABH"", ""hospName"": ""RAM LAL KUNDAN LAL ORTHOPAEDIC HOSPITAL & R.K. MATERNITY HOME"", ""tierType"": ""Tier 1""}"
1187,DELHI/HQ/DIRECTORATE/MINISTRY,DELHI/HQ/DIRECTORATE/MINISTRY,18,Ram Ratan Hospital,NABH,Tier 2,GAUTAM BUDDHA NAGAR,,"{""adcityName"": ""DELHI/HQ/DIRECTORATE/MINISTRY"", ""cityName"": ""GAUTAM BUDDHA NAGAR"", ""hospAcc"": ""NABH"", ""hospName"": ""Ram Ratan Hospital"", ""tierType"": ""Tier 2""}"
1188,DELHI/HQ/DIRECTORATE/MINISTRY,DELHI/HQ/DIRECTORATE/MINISTRY,18,RANA EYE CENTRE,QCI,Tier 1,Delhi,,"{""adcityName"": ""DELHI/HQ/DIRECTORATE/MINISTRY"", ""cityName"": ""Delhi"", ""hospAcc"": ""QCI"", ""hospName"": ""RANA EYE CENTRE"", ""tierType"": ""Tier 1""}"
1189,DELHI/HQ/DIRECTORATE/MINISTRY,DELHI/HQ/DIRECTORATE/MINISTRY,18,Rao Dental Hospital and Orthodontic Centre,QCI,Tier 1,Delhi,,"{""adcityName"": ""DELHI/HQ/DIRECTORATE/MINISTRY"", ""cityName"": ""Delhi"", ""hospAcc"": ""QCI"", ""hospName"": ""Rao Dental Hospital and Orthodontic Centre"", ""tierType"": ""Tier 1""}"
1190,DELHI/HQ/DIRECTORATE/MINISTRY,DELHI/HQ/DIRECTORATE/MINISTRY,18,RATHI HOSPITAL,NABH Valid till 06.10.2026,Tier 1,Delhi,,"{""adcityName"": ""DELHI/HQ/DIRECTORATE/MINISTRY"", ""cityName"": ""Delhi"", ""hospAcc"": ""NABH Valid till 06.10.2026"", ""hospName"": ""RATHI HOSPITAL"", ""tierType"": ""Tier 1""}"
1191,DELHI/HQ/DIRECTORATE/MINISTRY,DELHI/HQ/DIRECTORATE/MINISTRY,18,RAVI EYE FOUNDATION,QCI,Tier 1,Delhi,,"{""adcityName"": ""DELHI/HQ/DIRECTORATE/MINISTRY"", ""cityName"": ""Delhi"", ""hospAcc"": ""QCI"", ""hospName"": ""RAVI EYE FOUNDATION"", ""tierType"": ""Tier 1""}"
1192,DELHI/HQ/DIRECTORATE/MINISTRY,DELHI/HQ/DIRECTORATE/MINISTRY,18,RBA DENTAL CARE,NABH,Tier 1,FARIDABAD,,"{""adcityName"": ""DELHI/HQ/DIRECTORATE/MINISTRY"", ""cityName"": ""FARIDABAD"", ""hospAcc"": ""NABH"", ""hospName"": ""RBA DENTAL CARE"", ""tierType"": ""Tier 1""}"
1193,DELHI/HQ/DIRECTORATE/MINISTRY,DELHI/HQ/DIRECTORATE/MINISTRY,18,REAL IMAGING AND RESEARCH CENTRE LLP,NABH Valid till 21.04.2025,Tier 1,Delhi,,"{""adcityName"": ""DELHI/HQ/DIRECTORATE/MINISTRY"", ""cityName"": ""Delhi"", ""hospAcc"": ""NABH Valid till 21.04.2025"", ""hospName"": ""REAL IMAGING AND RESEARCH CENTRE LLP"", ""tierType"": ""Tier 1""}"
1194,DELHI/HQ/DIRECTORATE/MINISTRY,DELHI/HQ/DIRECTORATE/MINISTRY,18,REMEDIUM DENTAL CARE,QCI,Tier 1,GURUGRAM,,"{""adcityName"": ""DELHI/HQ/DIRECTORATE/MINISTRY"", ""cityName"": ""GURUGRAM"", ""hospAcc"": ""QCI"", ""hospName"": ""REMEDIUM DENTAL CARE"", ""tierType"": ""Tier 1""}"
1195,DELHI/HQ/DIRECTORATE/MINISTRY,DELHI/HQ/DIRECTORATE/MINISTRY,18,RETINA POINT,QCI,Tier 1,Delhi,,"{""adcityName"": ""DELHI/HQ/DIRECTORATE/MINISTRY"", ""cityName"": ""Delhi"", ""hospAcc"": ""QCI"", ""hospName"": ""RETINA POINT"", ""tierType"": ""Tier 1""}"
1196,DELHI/HQ/DIRECTORATE/MINISTRY,DELHI/HQ/DIRECTORATE/MINISTRY,18,RG STONE UROLOGY and LAPAROSCOPY HOSPITAL-EAST OF KAILASH,NABH,Tier 1,Delhi,,"{""adcityName"": ""DELHI/HQ/DIRECTORATE/MINISTRY"", ""cityName"": ""Delhi"", ""hospAcc"": ""NABH"", ""hospName"": ""RG STONE UROLOGY and LAPAROSCOPY HOSPITAL-EAST OF KAILASH"", ""tierType"": ""Tier 1""}"
1197,DELHI/HQ/DIRECTORATE/MINISTRY,DELHI/HQ/DIRECTORATE/MINISTRY,18,RG STONE UROLOGY and LAPAROSCOPY HOSPITAL-FARIDABAD,NABH,Tier 1,FARIDABAD,,"{""adcityName"": ""DELHI/HQ/DIRECTORATE/MINISTRY"", ""cityName"": ""FARIDABAD"", ""hospAcc"": ""NABH"", ""hospName"": ""RG STONE UROLOGY and LAPAROSCOPY HOSPITAL-FARIDABAD"", ""tierType"": ""Tier 1""}"
1198,DELHI/HQ/DIRECTORATE/MINISTRY,DELHI/HQ/DIRECTORATE/MINISTRY,18,RLKC Hospital and Metro Heart Institute Naraina,NABH,Tier 1,Delhi,,"{""adcityName"": ""DELHI/HQ/DIRECTORATE/MINISTRY"", ""cityName"": ""Delhi"", ""hospAcc"": ""NABH"", ""hospName"": ""RLKC Hospital and Metro Heart Institute Naraina"", ""tierType"": ""Tier 1""}"
1199,DELHI/HQ/DIRECTORATE/MINISTRY,DELHI/HQ/DIRECTORATE/MINISTRY,18,rohini dental clinic and orthodontic center,NABH,Tier 1,Delhi,,"{""adcityName"": ""DELHI/HQ/DIRECTORATE/MINISTRY"", ""cityName"": ""Delhi"", ""hospAcc"": ""NABH"", ""hospName"": ""rohini dental clinic and orthodontic center"", ""tierType"": ""Tier 1""}"
1200,DELHI/HQ/DIRECTORATE/MINISTRY,DELHI/HQ/DIRECTORATE/MINISTRY,18,ROSEWOOD HOSPITAL UNIT OF JLKD HEALTHCARE PVT LTD,QCI,Tier 1,Delhi,,"{""adcityName"": ""DELHI/HQ/DIRECTORATE/MINISTRY"", ""cityName"": ""Delhi"", ""hospAcc"": ""QCI"", ""hospName"": ""ROSEWOOD HOSPITAL UNIT OF JLKD HEALTHCARE PVT LTD"", ""tierType"": ""Tier 1""}"
1201,DELHI/HQ/DIRECTORATE/MINISTRY,DELHI/HQ/DIRECTORATE/MINISTRY,18,ROYAL DENTAL CARE- GHAZIABAD,QCI,Tier 1,GHAZIABAD,,"{""adcityName"": ""DELHI/HQ/DIRECTORATE/MINISTRY"", ""cityName"": ""GHAZIABAD\t"", ""hospAcc"": ""QCI"", ""hospName"": ""ROYAL DENTAL CARE- GHAZIABAD"", ""tierType"": ""Tier 1""}"
1202,DELHI/HQ/DIRECTORATE/MINISTRY,DELHI/HQ/DIRECTORATE/MINISTRY,18,ROYAL DENTAL CLINIC,NABH,Tier 1,GURUGRAM,,"{""adcityName"": ""DELHI/HQ/DIRECTORATE/MINISTRY"", ""cityName"": ""GURUGRAM"", ""hospAcc"": ""NABH"", ""hospName"": ""ROYAL DENTAL CLINIC"", ""tierType"": ""Tier 1""}"
1203,DELHI/HQ/DIRECTORATE/MINISTRY,DELHI/HQ/DIRECTORATE/MINISTRY,18,RPS MEMORIAL MULTISPECIALITY DENTAL CLINIC,NABH,Tier 1,Delhi,,"{""adcityName"": ""DELHI/HQ/DIRECTORATE/MINISTRY"", ""cityName"": ""Delhi"", ""hospAcc"": ""NABH"", ""hospName"": ""RPS MEMORIAL MULTISPECIALITY DENTAL CLINIC"", ""tierType"": ""Tier 1""}"
1204,DELHI/HQ/DIRECTORATE/MINISTRY,DELHI/HQ/DIRECTORATE/MINISTRY,18,R V S EYE CENTRE,QCI,Tier 1,Delhi,,"{""adcityName"": ""DELHI/HQ/DIRECTORATE/MINISTRY"", ""cityName"": ""Delhi"", ""hospAcc"": ""QCI"", ""hospName"": ""R V S EYE CENTRE"", ""tierType"": ""Tier 1""}"
1205,DELHI/HQ/DIRECTORATE/MINISTRY,DELHI/HQ/DIRECTORATE/MINISTRY,18,SAHDEO HOSPITAL,NABH,Tier 2,GAUTAM BUDDHA NAGAR,,"{""adcityName"": ""DELHI/HQ/DIRECTORATE/MINISTRY"", ""cityName"": ""GAUTAM BUDDHA NAGAR"", ""hospAcc"": ""NABH"", ""hospName"": ""SAHDEO HOSPITAL"", ""tierType"": ""Tier 2""}"
1206,DELHI/HQ/DIRECTORATE/MINISTRY,DELHI/HQ/DIRECTORATE/MINISTRY,18,SAI DENTAL AND IMPLANT CLINIC,QCI,Tier 1,Delhi,,"{""adcityName"": ""DELHI/HQ/DIRECTORATE/MINISTRY"", ""cityName"": ""Delhi"", ""hospAcc"": ""QCI"", ""hospName"": ""SAI DENTAL AND IMPLANT CLINIC"", ""tierType"": ""Tier 1""}"
1207,DELHI/HQ/DIRECTORATE/MINISTRY,DELHI/HQ/DIRECTORATE/MINISTRY,18,SAI EYE CARE AND MEDICAL CENTRE,QCI,Tier 1,GHAZIABAD,,"{""adcityName"": ""DELHI/HQ/DIRECTORATE/MINISTRY"", ""cityName"": ""GHAZIABAD"", ""hospAcc"": ""QCI"", ""hospName"": ""SAI EYE CARE AND MEDICAL CENTRE"", ""tierType"": ""Tier 1""}"
1208,DELHI/HQ/DIRECTORATE/MINISTRY,DELHI/HQ/DIRECTORATE/MINISTRY,18,SAI HOSPITAL,NABH,Tier 1,FARIDABAD,,"{""adcityName"": ""DELHI/HQ/DIRECTORATE/MINISTRY"", ""cityName"": ""FARIDABAD"", ""hospAcc"": ""NABH"", ""hospName"": ""SAI HOSPITAL"", ""tierType"": ""Tier 1""}"
1209,DELHI/HQ/DIRECTORATE/MINISTRY,DELHI/HQ/DIRECTORATE/MINISTRY,18,SAI MOBIDENT DENTAL CENTER,QCI,Tier 1,Delhi,,"{""adcityName"": ""DELHI/HQ/DIRECTORATE/MINISTRY"", ""cityName"": ""Delhi"", ""hospAcc"": ""QCI"", ""hospName"": ""SAI MOBIDENT DENTAL CENTER"", ""tierType"": ""Tier 1""}"
1210,DELHI/HQ/DIRECTORATE/MINISTRY,DELHI/HQ/DIRECTORATE/MINISTRY,18,SAI RETINA FOUNDATION,QCI,Tier 1,Delhi,,"{""adcityName"": ""DELHI/HQ/DIRECTORATE/MINISTRY"", ""cityName"": ""Delhi"", ""hospAcc"": ""QCI"", ""hospName"": ""SAI RETINA FOUNDATION"", ""tierType"": ""Tier 1""}"
1211,DELHI/HQ/DIRECTORATE/MINISTRY,DELHI/HQ/DIRECTORATE/MINISTRY,18,Sai Vinayak Dental and Orthodontic Centre,QCI,Tier 1,Delhi,,"{""adcityName"": ""DELHI/HQ/DIRECTORATE/MINISTRY"", ""cityName"": ""Delhi"", ""hospAcc"": ""QCI"", ""hospName"": ""Sai Vinayak Dental and Orthodontic Centre"", ""tierType"": ""Tier 1""}"
1212,DELHI/HQ/DIRECTORATE/MINISTRY,DELHI/HQ/DIRECTORATE/MINISTRY,18,SAKSHAM IMAGING AND DIAGNOTICS PVT LTD,NABH,Tier 1,Delhi,,"{""adcityName"": ""DELHI/HQ/DIRECTORATE/MINISTRY"", ""cityName"": ""Delhi"", ""hospAcc"": ""NABH"", ""hospName"": ""SAKSHAM IMAGING AND DIAGNOTICS PVT LTD"", ""tierType"": ""Tier 1""}"
1213,DELHI/HQ/DIRECTORATE/MINISTRY,DELHI/HQ/DIRECTORATE/MINISTRY,18,SANGHI MEDICAL CENTRE P LTD,NABL,Tier 1,Delhi,,"{""adcityName"": ""DELHI/HQ/DIRECTORATE/MINISTRY"", ""cityName"": ""Delhi"", ""hospAcc"": ""NABL"", ""hospName"": ""SANGHI MEDICAL CENTRE P LTD"", ""tierType"": ""Tier 1""}"
1214,DELHI/HQ/DIRECTORATE/MINISTRY,DELHI/HQ/DIRECTORATE/MINISTRY,18,SANJEEVANI DENTAL CARE,QCI,Tier 1,Delhi,,"{""adcityName"": ""DELHI/HQ/DIRECTORATE/MINISTRY"", ""cityName"": ""Delhi"", ""hospAcc"": ""QCI"", ""hospName"": ""SANJEEVANI DENTAL CARE"", ""tierType"": ""Tier 1""}"
1215,DELHI/HQ/DIRECTORATE/MINISTRY,DELHI/HQ/DIRECTORATE/MINISTRY,18,SANJEEVANI DENTAL CLINIC,QCI,Tier 1,Delhi,,"{""adcityName"": ""DELHI/HQ/DIRECTORATE/MINISTRY"", ""cityName"": ""Delhi"", ""hospAcc"": ""QCI"", ""hospName"": ""SANJEEVANI DENTAL CLINIC"", ""tierType"": ""Tier 1""}"
1216,DELHI/HQ/DIRECTORATE/MINISTRY,DELHI/HQ/DIRECTORATE/MINISTRY,18,SANJEEVANI DENTAL CLINIC,QCI,Tier 1,Delhi,,"{""adcityName"": ""DELHI/HQ/DIRECTORATE/MINISTRY"", ""cityName"": ""Delhi"", ""hospAcc"": ""QCI"", ""hospName"": ""SANJEEVANI DENTAL CLINIC"", ""tierType"": ""Tier 1""}"
1217,DELHI/HQ/DIRECTORATE/MINISTRY,DELHI/HQ/DIRECTORATE/MINISTRY,18,SANJEEVANI DWARKA PATH LABS,NABH,Tier 1,Delhi,,"{""adcityName"": ""DELHI/HQ/DIRECTORATE/MINISTRY"", ""cityName"": ""Delhi"", ""hospAcc"": ""NABH"", ""hospName"": ""SANJEEVANI DWARKA PATH LABS"", ""tierType"": ""Tier 1""}"
1218,DELHI/HQ/DIRECTORATE/MINISTRY,DELHI/HQ/DIRECTORATE/MINISTRY,18,SANJEEVAN MEDICAL RESEARCH CENTRE P LTD,NABH,Tier 1,Delhi,,"{""adcityName"": ""DELHI/HQ/DIRECTORATE/MINISTRY"", ""cityName"": ""Delhi"", ""hospAcc"": ""NABH"", ""hospName"": ""SANJEEVAN MEDICAL RESEARCH CENTRE P LTD"", ""tierType"": ""Tier 1""}"
1219,DELHI/HQ/DIRECTORATE/MINISTRY,DELHI/HQ/DIRECTORATE/MINISTRY,18,Santom Hospital,NABH,Tier 1,Delhi,,"{""adcityName"": ""DELHI/HQ/DIRECTORATE/MINISTRY"", ""cityName"": ""Delhi"", ""hospAcc"": ""NABH"", ""hospName"": ""Santom Hospital"", ""tierType"": ""Tier 1""}"
1220,DELHI/HQ/DIRECTORATE/MINISTRY,DELHI/HQ/DIRECTORATE/MINISTRY,18,Santom Hospital,NABH expired,Tier 1,Delhi,,"{""adcityName"": ""DELHI/HQ/DIRECTORATE/MINISTRY"", ""cityName"": ""Delhi"", ""hospAcc"": ""NABH expired"", ""hospName"": ""Santom Hospital"", ""tierType"": ""Tier 1""}"
1221,DELHI/HQ/DIRECTORATE/MINISTRY,DELHI/HQ/DIRECTORATE/MINISTRY,18,Santosh dental hospital,NABH,Tier 1,GURUGRAM,,"{""adcityName"": ""DELHI/HQ/DIRECTORATE/MINISTRY"", ""cityName"": ""GURUGRAM"", ""hospAcc"": ""NABH"", ""hospName"": ""Santosh dental hospital"", ""tierType"": ""Tier 1""}"
1222,DELHI/HQ/DIRECTORATE/MINISTRY,DELHI/HQ/DIRECTORATE/MINISTRY,18,SANTOSH MULTISPECIALITY HOSPITAL,NABH,Tier 1,FARIDABAD,,"{""adcityName"": ""DELHI/HQ/DIRECTORATE/MINISTRY"", ""cityName"": ""FARIDABAD"", ""hospAcc"": ""NABH"", ""hospName"": ""SANTOSH MULTISPECIALITY HOSPITAL"", ""tierType"": ""Tier 1""}"
1223,DELHI/HQ/DIRECTORATE/MINISTRY,DELHI/HQ/DIRECTORATE/MINISTRY,18,SANT PARMANAND HOSPITAL YAMUNA BAZAR,NABH,Tier 1,Delhi,,"{""adcityName"": ""DELHI/HQ/DIRECTORATE/MINISTRY"", ""cityName"": ""Delhi"", ""hospAcc"": ""NABH"", ""hospName"": ""SANT PARMANAND HOSPITAL YAMUNA BAZAR"", ""tierType"": ""Tier 1""}"
1224,DELHI/HQ/DIRECTORATE/MINISTRY,DELHI/HQ/DIRECTORATE/MINISTRY,18,SANYA DIAGNOSTICS UNIT OF SANYA GIC IMAGING P LTD,NABH expired,Tier 1,Delhi,,"{""adcityName"": ""DELHI/HQ/DIRECTORATE/MINISTRY"", ""cityName"": ""Delhi"", ""hospAcc"": ""NABH expired"", ""hospName"": ""SANYA DIAGNOSTICS UNIT OF SANYA GIC IMAGING P LTD"", ""tierType"": ""Tier 1""}"
1225,DELHI/HQ/DIRECTORATE/MINISTRY,DELHI/HQ/DIRECTORATE/MINISTRY,18,SAPPHIRE DENTAL CARE,NABH,Tier 1,GURUGRAM,,"{""adcityName"": ""DELHI/HQ/DIRECTORATE/MINISTRY"", ""cityName"": ""GURUGRAM"", ""hospAcc"": ""NABH"", ""hospName"": ""SAPPHIRE DENTAL CARE"", ""tierType"": ""Tier 1""}"
1226,DELHI/HQ/DIRECTORATE/MINISTRY,DELHI/HQ/DIRECTORATE/MINISTRY,18,SARAL ADVANCED DIAGNOSTIC PVT LTD,NABL,Tier 1,Delhi,,"{""adcityName"": ""DELHI/HQ/DIRECTORATE/MINISTRY"", ""cityName"": ""Delhi"", ""hospAcc"": ""NABL"", ""hospName"": ""SARAL ADVANCED DIAGNOSTIC PVT LTD"", ""tierType"": ""Tier 1""}"
1227,DELHI/HQ/DIRECTORATE/MINISTRY,DELHI/HQ/DIRECTORATE/MINISTRY,18,SARAL ADVANCED DIAGNOSTIC PVT LTD-SARASWATI VIHAR,NABH,Tier 1,Delhi,,"{""adcityName"": ""DELHI/HQ/DIRECTORATE/MINISTRY"", ""cityName"": ""Delhi"", ""hospAcc"": ""NABH"", ""hospName"": ""SARAL ADVANCED DIAGNOSTIC PVT LTD-SARASWATI VIHAR"", ""tierType"": ""Tier 1""}"
1228,DELHI/HQ/DIRECTORATE/MINISTRY,DELHI/HQ/DIRECTORATE/MINISTRY,18,SARAL DIAGNOSTIC CLASSIC PVT LTD,NABH &NABL,Tier 2,GAUTAM BUDDHA NAGAR,,"{""adcityName"": ""DELHI/HQ/DIRECTORATE/MINISTRY"", ""cityName"": ""GAUTAM BUDDHA NAGAR\t"", ""hospAcc"": ""NABH &NABL"", ""hospName"": ""SARAL DIAGNOSTIC CLASSIC PVT LTD"", ""tierType"": ""Tier 2""}"
1229,DELHI/HQ/DIRECTORATE/MINISTRY,DELHI/HQ/DIRECTORATE/MINISTRY,18,SARDANA EYE INSTITUTE,QCI,Tier 1,Delhi,,"{""adcityName"": ""DELHI/HQ/DIRECTORATE/MINISTRY"", ""cityName"": ""Delhi"", ""hospAcc"": ""QCI"", ""hospName"": ""SARDANA EYE INSTITUTE"", ""tierType"": ""Tier 1""}"
1230,DELHI/HQ/DIRECTORATE/MINISTRY,DELHI/HQ/DIRECTORATE/MINISTRY,18,SARDANA EYE INSTITUTE,QCI,Tier 1,Delhi,,"{""adcityName"": ""DELHI/HQ/DIRECTORATE/MINISTRY"", ""cityName"": ""Delhi"", ""hospAcc"": ""QCI"", ""hospName"": ""SARDANA EYE INSTITUTE"", ""tierType"": ""Tier 1""}"
1231,DELHI/HQ/DIRECTORATE/MINISTRY,DELHI/HQ/DIRECTORATE/MINISTRY,18,SAROJ HOSPITAL and HEART INSTITUTE,NABH,Tier 1,Delhi,,"{""adcityName"": ""DELHI/HQ/DIRECTORATE/MINISTRY"", ""cityName"": ""Delhi"", ""hospAcc"": ""NABH"", ""hospName"": ""SAROJ HOSPITAL and HEART INSTITUTE"", ""tierType"": ""Tier 1""}"
1232,DELHI/HQ/DIRECTORATE/MINISTRY,DELHI/HQ/DIRECTORATE/MINISTRY,18,SAROJ MEDICAL INSTITUTE,NABH,Tier 1,Delhi,,"{""adcityName"": ""DELHI/HQ/DIRECTORATE/MINISTRY"", ""cityName"": ""Delhi"", ""hospAcc"": ""NABH"", ""hospName"": ""SAROJ MEDICAL INSTITUTE"", ""tierType"": ""Tier 1""}"
1233,DELHI/HQ/DIRECTORATE/MINISTRY,DELHI/HQ/DIRECTORATE/MINISTRY,18,Saroj Super Speciality Hospital Rohini Delhi,NABH,Tier 1,Delhi,,"{""adcityName"": ""DELHI/HQ/DIRECTORATE/MINISTRY"", ""cityName"": ""Delhi"", ""hospAcc"": ""NABH"", ""hospName"": ""Saroj Super Speciality Hospital Rohini Delhi"", ""tierType"": ""Tier 1""}"
1234,DELHI/HQ/DIRECTORATE/MINISTRY,DELHI/HQ/DIRECTORATE/MINISTRY,18,Sarvodaya Hospital,QCI,Tier 1,FARIDABAD,,"{""adcityName"": ""DELHI/HQ/DIRECTORATE/MINISTRY"", ""cityName"": ""FARIDABAD"", ""hospAcc"": ""QCI"", ""hospName"": ""Sarvodaya Hospital"", ""tierType"": ""Tier 1""}"
1235,DELHI/HQ/DIRECTORATE/MINISTRY,DELHI/HQ/DIRECTORATE/MINISTRY,18,SARVODAYA HOSPITAL AND RESEARCH CENTRE A UNIT OF ANSHU HOSPITALS LTD,NABH,Tier 1,Faridabad,,"{""adcityName"": ""DELHI/HQ/DIRECTORATE/MINISTRY"", ""cityName"": ""Faridabad"", ""hospAcc"": ""NABH"", ""hospName"": ""SARVODAYA HOSPITAL AND RESEARCH CENTRE A UNIT OF ANSHU HOSPITALS LTD"", ""tierType"": ""Tier 1""}"
1236,DELHI/HQ/DIRECTORATE/MINISTRY,DELHI/HQ/DIRECTORATE/MINISTRY,18,Sarvodaya Hospital A Unit of Anshu Hospitals limited,NABH,Tier 2,GAUTAM BUDDHA NAGAR,,"{""adcityName"": ""DELHI/HQ/DIRECTORATE/MINISTRY"", ""cityName"": ""GAUTAM BUDDHA NAGAR"", ""hospAcc"": ""NABH"", ""hospName"": ""Sarvodaya Hospital A Unit of Anshu Hospitals limited"", ""tierType"": ""Tier 2""}"
1237,DELHI/HQ/DIRECTORATE/MINISTRY,DELHI/HQ/DIRECTORATE/MINISTRY,18,SARVODAYA IMAGING CENTRE,NABH,Tier 1,Delhi,,"{""adcityName"": ""DELHI/HQ/DIRECTORATE/MINISTRY"", ""cityName"": ""Delhi"", ""hospAcc"": ""NABH"", ""hospName"": ""SARVODAYA IMAGING CENTRE"", ""tierType"": ""Tier 1""}"
1238,DELHI/HQ/DIRECTORATE/MINISTRY,DELHI/HQ/DIRECTORATE/MINISTRY,18,Sarvodaya Medicentre,NABH,Tier 1,Delhi,,"{""adcityName"": ""DELHI/HQ/DIRECTORATE/MINISTRY"", ""cityName"": ""Delhi"", ""hospAcc"": ""NABH"", ""hospName"": ""Sarvodaya Medicentre"", ""tierType"": ""Tier 1""}"
1239,DELHI/HQ/DIRECTORATE/MINISTRY,DELHI/HQ/DIRECTORATE/MINISTRY,18,Sarvodaya NRCH Imaging Centre,NABH,Tier 1,Delhi,,"{""adcityName"": ""DELHI/HQ/DIRECTORATE/MINISTRY"", ""cityName"": ""Delhi"", ""hospAcc"": ""NABH"", ""hospName"": ""Sarvodaya NRCH Imaging Centre"", ""tierType"": ""Tier 1""}"
1240,DELHI/HQ/DIRECTORATE/MINISTRY,DELHI/HQ/DIRECTORATE/MINISTRY,18,SATYABHAMA HOSPITAL PVT LTD,QCI,Tier 1,Delhi,,"{""adcityName"": ""DELHI/HQ/DIRECTORATE/MINISTRY"", ""cityName"": ""Delhi"", ""hospAcc"": ""QCI"", ""hospName"": ""SATYABHAMA HOSPITAL PVT LTD"", ""tierType"": ""Tier 1""}"
1241,DELHI/HQ/DIRECTORATE/MINISTRY,DELHI/HQ/DIRECTORATE/MINISTRY,18,SATYA MEDICAL CENTRE UNIT OF INDU HOSPITAL AND RESEARCH CENTRE PRIVATE LIMITED,NABH,Tier 2,GAUTAM BUDDHA NAGAR,,"{""adcityName"": ""DELHI/HQ/DIRECTORATE/MINISTRY"", ""cityName"": ""GAUTAM BUDDHA NAGAR"", ""hospAcc"": ""NABH"", ""hospName"": ""SATYA MEDICAL CENTRE UNIT OF INDU HOSPITAL AND RESEARCH CENTRE PRIVATE LIMITED"", ""tierType"": ""Tier 2""}"
1242,DELHI/HQ/DIRECTORATE/MINISTRY,DELHI/HQ/DIRECTORATE/MINISTRY,18,SAVE SIGHT CENTER-ADARSH NAGAR,NABH Valid till 20.07.2025,Tier 1,Delhi,,"{""adcityName"": ""DELHI/HQ/DIRECTORATE/MINISTRY"", ""cityName"": ""Delhi"", ""hospAcc"": ""NABH Valid till 20.07.2025"", ""hospName"": ""SAVE SIGHT CENTER-ADARSH NAGAR"", ""tierType"": ""Tier 1""}"
1243,DELHI/HQ/DIRECTORATE/MINISTRY,DELHI/HQ/DIRECTORATE/MINISTRY,18,SAVITRI HOSPITAL,QCI,Tier 1,Delhi,,"{""adcityName"": ""DELHI/HQ/DIRECTORATE/MINISTRY"", ""cityName"": ""Delhi"", ""hospAcc"": ""QCI"", ""hospName"": ""SAVITRI HOSPITAL"", ""tierType"": ""Tier 1""}"
1244,DELHI/HQ/DIRECTORATE/MINISTRY,DELHI/HQ/DIRECTORATE/MINISTRY,18,SAVITRI HOSPITAL CHARITABLE TRUST,QCI,Tier 1,Delhi,,"{""adcityName"": ""DELHI/HQ/DIRECTORATE/MINISTRY"", ""cityName"": ""Delhi"", ""hospAcc"": ""QCI"", ""hospName"": ""SAVITRI HOSPITAL CHARITABLE TRUST"", ""tierType"": ""Tier 1""}"
1245,DELHI/HQ/DIRECTORATE/MINISTRY,DELHI/HQ/DIRECTORATE/MINISTRY,18,Saxena Multispeciality Hospital Pvt. Ltd.,NABH,Tier 2,SONIPAT,,"{""adcityName"": ""DELHI/HQ/DIRECTORATE/MINISTRY"", ""cityName"": ""SONIPAT"", ""hospAcc"": ""NABH"", ""hospName"": ""Saxena Multispeciality Hospital Pvt. Ltd."", ""tierType"": ""Tier 2""}"
1246,DELHI/HQ/DIRECTORATE/MINISTRY,DELHI/HQ/DIRECTORATE/MINISTRY,18,SAYAL DIAGNOSTICS,NABH,Tier 1,Delhi,,"{""adcityName"": ""DELHI/HQ/DIRECTORATE/MINISTRY"", ""cityName"": ""Delhi"", ""hospAcc"": ""NABH"", ""hospName"": ""SAYAL DIAGNOSTICS"", ""tierType"": ""Tier 1""}"
1247,DELHI/HQ/DIRECTORATE/MINISTRY,DELHI/HQ/DIRECTORATE/MINISTRY,18,SBR DIAGNOSTICS PVT LTD,NABH,Tier 1,Delhi,,"{""adcityName"": ""DELHI/HQ/DIRECTORATE/MINISTRY"", ""cityName"": ""Delhi"", ""hospAcc"": ""NABH"", ""hospName"": ""SBR DIAGNOSTICS PVT LTD"", ""tierType"": ""Tier 1""}"
1248,DELHI/HQ/DIRECTORATE/MINISTRY,DELHI/HQ/DIRECTORATE/MINISTRY,18,SBR DIAGNOSTICS PVT LTD,NABH,Tier 1,Delhi,,"{""adcityName"": ""DELHI/HQ/DIRECTORATE/MINISTRY"", ""cityName"": ""Delhi"", ""hospAcc"": ""NABH"", ""hospName"": ""SBR DIAGNOSTICS PVT LTD"", ""tierType"": ""Tier 1""}"
1249,DELHI/HQ/DIRECTORATE/MINISTRY,DELHI/HQ/DIRECTORATE/MINISTRY,18,SCAN4HEALTH DIAGNOSIS PVT LTD,,Tier 1,GURUGRAM,,"{""adcityName"": ""DELHI/HQ/DIRECTORATE/MINISTRY"", ""cityName"": ""GURUGRAM"", ""hospAcc"": """", ""hospName"": ""SCAN4HEALTH DIAGNOSIS PVT LTD"", ""tierType"": ""Tier 1""}"
1250,DELHI/HQ/DIRECTORATE/MINISTRY,DELHI/HQ/DIRECTORATE/MINISTRY,18,SEEMA EYE CENTER,QCI,Tier 1,Delhi,,"{""adcityName"": ""DELHI/HQ/DIRECTORATE/MINISTRY"", ""cityName"": ""Delhi"", ""hospAcc"": ""QCI"", ""hospName"": ""SEEMA EYE CENTER"", ""tierType"": ""Tier 1""}"
1251,DELHI/HQ/DIRECTORATE/MINISTRY,DELHI/HQ/DIRECTORATE/MINISTRY,18,SEHGAL DENTAL CLINIC,QCI,Tier 1,Delhi,,"{""adcityName"": ""DELHI/HQ/DIRECTORATE/MINISTRY"", ""cityName"": ""Delhi"", ""hospAcc"": ""QCI"", ""hospName"": ""SEHGAL DENTAL CLINIC"", ""tierType"": ""Tier 1""}"
1252,DELHI/HQ/DIRECTORATE/MINISTRY,DELHI/HQ/DIRECTORATE/MINISTRY,18,S G Hospital,QCI,Tier 2,GAUTAM BUDDHA NAGAR,,"{""adcityName"": ""DELHI/HQ/DIRECTORATE/MINISTRY"", ""cityName"": ""GAUTAM BUDDHA NAGAR"", ""hospAcc"": ""QCI"", ""hospName"": ""S G Hospital"", ""tierType"": ""Tier 2""}"
1253,DELHI/HQ/DIRECTORATE/MINISTRY,DELHI/HQ/DIRECTORATE/MINISTRY,18,SGS MULTISPECIALITY HOSPITAL,QCI,Tier 1,Delhi,,"{""adcityName"": ""DELHI/HQ/DIRECTORATE/MINISTRY"", ""cityName"": ""Delhi"", ""hospAcc"": ""QCI"", ""hospName"": ""SGS MULTISPECIALITY HOSPITAL"", ""tierType"": ""Tier 1""}"
1254,DELHI/HQ/DIRECTORATE/MINISTRY,DELHI/HQ/DIRECTORATE/MINISTRY,18,SGT Medical College Hospital & Research Institute,NABH,Tier 1,GURUGRAM,,"{""adcityName"": ""DELHI/HQ/DIRECTORATE/MINISTRY"", ""cityName"": ""GURUGRAM"", ""hospAcc"": ""NABH"", ""hospName"": ""SGT Medical College Hospital & Research Institute"", ""tierType"": ""Tier 1""}"
1255,DELHI/HQ/DIRECTORATE/MINISTRY,DELHI/HQ/DIRECTORATE/MINISTRY,18,SHAKUNTLA DENTAL CARE,QCI,Tier 1,Delhi,,"{""adcityName"": ""DELHI/HQ/DIRECTORATE/MINISTRY"", ""cityName"": ""Delhi"", ""hospAcc"": ""QCI"", ""hospName"": ""SHAKUNTLA DENTAL CARE"", ""tierType"": ""Tier 1""}"
1256,DELHI/HQ/DIRECTORATE/MINISTRY,DELHI/HQ/DIRECTORATE/MINISTRY,18,SHAKUNTLA NH and HOSPITAL,QCI,Tier 1,Delhi,,"{""adcityName"": ""DELHI/HQ/DIRECTORATE/MINISTRY"", ""cityName"": ""Delhi"", ""hospAcc"": ""QCI"", ""hospName"": ""SHAKUNTLA NH and HOSPITAL"", ""tierType"": ""Tier 1""}"
1257,DELHI/HQ/DIRECTORATE/MINISTRY,DELHI/HQ/DIRECTORATE/MINISTRY,18,Shanti Dentals,QCI,Tier 1,Delhi,,"{""adcityName"": ""DELHI/HQ/DIRECTORATE/MINISTRY"", ""cityName"": ""Delhi"", ""hospAcc"": ""QCI"", ""hospName"": ""Shanti Dentals"", ""tierType"": ""Tier 1""}"
1258,DELHI/HQ/DIRECTORATE/MINISTRY,DELHI/HQ/DIRECTORATE/MINISTRY,18,SHANTI GOPAL HOSPITAL,NABH,Tier 1,GHAZIABAD,,"{""adcityName"": ""DELHI/HQ/DIRECTORATE/MINISTRY"", ""cityName"": ""GHAZIABAD"", ""hospAcc"": ""NABH"", ""hospName"": ""SHANTI GOPAL HOSPITAL"", ""tierType"": ""Tier 1""}"
1259,DELHI/HQ/DIRECTORATE/MINISTRY,DELHI/HQ/DIRECTORATE/MINISTRY,18,SHANTI MOBIDENT - A UNIT OF BROADWAYS CHARITABLE SOCIETY,QCI,Tier 1,Delhi,,"{""adcityName"": ""DELHI/HQ/DIRECTORATE/MINISTRY"", ""cityName"": ""Delhi"", ""hospAcc"": ""QCI"", ""hospName"": ""SHANTI MOBIDENT - A UNIT OF BROADWAYS CHARITABLE SOCIETY"", ""tierType"": ""Tier 1""}"
1260,DELHI/HQ/DIRECTORATE/MINISTRY,DELHI/HQ/DIRECTORATE/MINISTRY,18,SHANTI MUKAND HOSPITAL,QCI,Tier 1,Delhi,,"{""adcityName"": ""DELHI/HQ/DIRECTORATE/MINISTRY"", ""cityName"": ""Delhi"", ""hospAcc"": ""QCI"", ""hospName"": ""SHANTI MUKAND HOSPITAL"", ""tierType"": ""Tier 1""}"
1261,DELHI/HQ/DIRECTORATE/MINISTRY,DELHI/HQ/DIRECTORATE/MINISTRY,18,SHARDA HOSPITAL,NABH,Tier 2,GAUTAM BUDDHA NAGAR,,"{""adcityName"": ""DELHI/HQ/DIRECTORATE/MINISTRY"", ""cityName"": ""GAUTAM BUDDHA NAGAR"", ""hospAcc"": ""NABH"", ""hospName"": ""SHARDA HOSPITAL"", ""tierType"": ""Tier 2""}"
1262,DELHI/HQ/DIRECTORATE/MINISTRY,DELHI/HQ/DIRECTORATE/MINISTRY,18,SHARMA DENTAL,QCI,Tier 1,Delhi,,"{""adcityName"": ""DELHI/HQ/DIRECTORATE/MINISTRY"", ""cityName"": ""Delhi"", ""hospAcc"": ""QCI"", ""hospName"": ""SHARMA DENTAL"", ""tierType"": ""Tier 1""}"
1263,DELHI/HQ/DIRECTORATE/MINISTRY,DELHI/HQ/DIRECTORATE/MINISTRY,18,SHARMAMEDICARE201308,NABH,Tier 2,GAUTAM BUDDHA NAGAR,,"{""adcityName"": ""DELHI/HQ/DIRECTORATE/MINISTRY"", ""cityName"": ""GAUTAM BUDDHA NAGAR"", ""hospAcc"": ""NABH"", ""hospName"": ""SHARMAMEDICARE201308"", ""tierType"": ""Tier 2""}"
1264,DELHI/HQ/DIRECTORATE/MINISTRY,DELHI/HQ/DIRECTORATE/MINISTRY,18,Sharp Sight Centre,NABH,Tier 1,Delhi,,"{""adcityName"": ""DELHI/HQ/DIRECTORATE/MINISTRY"", ""cityName"": ""Delhi"", ""hospAcc"": ""NABH"", ""hospName"": ""Sharp Sight Centre"", ""tierType"": ""Tier 1""}"
1265,DELHI/HQ/DIRECTORATE/MINISTRY,DELHI/HQ/DIRECTORATE/MINISTRY,18,Shivalik Medical Centre Pvt Ltd,NABH,Tier 2,GAUTAM BUDDHA NAGAR,,"{""adcityName"": ""DELHI/HQ/DIRECTORATE/MINISTRY"", ""cityName"": ""GAUTAM BUDDHA NAGAR"", ""hospAcc"": ""NABH"", ""hospName"": ""Shivalik Medical Centre Pvt Ltd"", ""tierType"": ""Tier 2""}"
1266,DELHI/HQ/DIRECTORATE/MINISTRY,DELHI/HQ/DIRECTORATE/MINISTRY,18,SHIVAM DENTAL CLINIC,QCI,Tier 1,Delhi,,"{""adcityName"": ""DELHI/HQ/DIRECTORATE/MINISTRY"", ""cityName"": ""Delhi"", ""hospAcc"": ""QCI"", ""hospName"": ""SHIVAM DENTAL CLINIC"", ""tierType"": ""Tier 1""}"
1267,DELHI/HQ/DIRECTORATE/MINISTRY,DELHI/HQ/DIRECTORATE/MINISTRY,18,SHIVAM DIAGNOSTICS and CANCER RESEARCH INSTITUTE,NABL,Tier 1,Delhi,,"{""adcityName"": ""DELHI/HQ/DIRECTORATE/MINISTRY"", ""cityName"": ""Delhi"", ""hospAcc"": ""NABL"", ""hospName"": ""SHIVAM DIAGNOSTICS and CANCER RESEARCH INSTITUTE"", ""tierType"": ""Tier 1""}"
1268,DELHI/HQ/DIRECTORATE/MINISTRY,DELHI/HQ/DIRECTORATE/MINISTRY,18,SHREE AGGARSAIN INTERNATIONAL HOSPITAL,NABH,Tier 1,Delhi,,"{""adcityName"": ""DELHI/HQ/DIRECTORATE/MINISTRY"", ""cityName"": ""Delhi"", ""hospAcc"": ""NABH"", ""hospName"": ""SHREE AGGARSAIN INTERNATIONAL HOSPITAL"", ""tierType"": ""Tier 1""}"
1269,DELHI/HQ/DIRECTORATE/MINISTRY,DELHI/HQ/DIRECTORATE/MINISTRY,18,SHREYA EYE CENTRE,NABH,Tier 1,Delhi,,"{""adcityName"": ""DELHI/HQ/DIRECTORATE/MINISTRY"", ""cityName"": ""Delhi"", ""hospAcc"": ""NABH"", ""hospName"": ""SHREYA EYE CENTRE"", ""tierType"": ""Tier 1""}"
1270,DELHI/HQ/DIRECTORATE/MINISTRY,DELHI/HQ/DIRECTORATE/MINISTRY,18,SHREYA HOSPITAL,NABH,Tier 1,GHAZIABAD,,"{""adcityName"": ""DELHI/HQ/DIRECTORATE/MINISTRY"", ""cityName"": ""GHAZIABAD"", ""hospAcc"": ""NABH"", ""hospName"": ""SHREYA HOSPITAL"", ""tierType"": ""Tier 1""}"
1271,DELHI/HQ/DIRECTORATE/MINISTRY,DELHI/HQ/DIRECTORATE/MINISTRY,18,SHRI KRIPA DENTAL CLINIC,NABH,Tier 2,GAUTAM BUDDHA NAGAR,,"{""adcityName"": ""DELHI/HQ/DIRECTORATE/MINISTRY"", ""cityName"": ""GAUTAM BUDDHA NAGAR"", ""hospAcc"": ""NABH"", ""hospName"": ""SHRI KRIPA DENTAL CLINIC"", ""tierType"": ""Tier 2""}"
1272,DELHI/HQ/DIRECTORATE/MINISTRY,DELHI/HQ/DIRECTORATE/MINISTRY,18,SHRI RAM EYE CENTER,QCI,Tier 1,Delhi,,"{""adcityName"": ""DELHI/HQ/DIRECTORATE/MINISTRY"", ""cityName"": ""Delhi"", ""hospAcc"": ""QCI"", ""hospName"": ""SHRI RAM EYE CENTER"", ""tierType"": ""Tier 1""}"
1273,DELHI/HQ/DIRECTORATE/MINISTRY,DELHI/HQ/DIRECTORATE/MINISTRY,18,SHRI RAM HOSPITAL,QCI,Tier 1,Delhi,,"{""adcityName"": ""DELHI/HQ/DIRECTORATE/MINISTRY"", ""cityName"": ""Delhi"", ""hospAcc"": ""QCI"", ""hospName"": ""SHRI RAM HOSPITAL"", ""tierType"": ""Tier 1""}"
1274,DELHI/HQ/DIRECTORATE/MINISTRY,DELHI/HQ/DIRECTORATE/MINISTRY,18,SHRI RAM SINGH HOSPITAL and HEART INSTITUTE,Forced Withdrawal of Accreditation w.e.f 01.07.2022,Tier 1,Delhi,,"{""adcityName"": ""DELHI/HQ/DIRECTORATE/MINISTRY"", ""cityName"": ""Delhi"", ""hospAcc"": ""Forced Withdrawal of Accreditation w.e.f 01.07.2022"", ""hospName"": ""SHRI RAM SINGH HOSPITAL and HEART INSTITUTE"", ""tierType"": ""Tier 1""}"
1275,DELHI/HQ/DIRECTORATE/MINISTRY,DELHI/HQ/DIRECTORATE/MINISTRY,18,SHROFF EYE CENTRE,,Tier 1,GURUGRAM,,"{""adcityName"": ""DELHI/HQ/DIRECTORATE/MINISTRY"", ""cityName"": ""GURUGRAM"", ""hospAcc"": """", ""hospName"": ""SHROFF EYE CENTRE"", ""tierType"": ""Tier 1""}"
1276,DELHI/HQ/DIRECTORATE/MINISTRY,DELHI/HQ/DIRECTORATE/MINISTRY,18,SHROFF EYE CENTRE,NABH,Tier 1,GHAZIABAD,,"{""adcityName"": ""DELHI/HQ/DIRECTORATE/MINISTRY"", ""cityName"": ""GHAZIABAD"", ""hospAcc"": ""NABH"", ""hospName"": ""SHROFF EYE CENTRE"", ""tierType"": ""Tier 1""}"
1277,DELHI/HQ/DIRECTORATE/MINISTRY,DELHI/HQ/DIRECTORATE/MINISTRY,18,SHROFF EYE CENTRE,NABH,Tier 1,Delhi,,"{""adcityName"": ""DELHI/HQ/DIRECTORATE/MINISTRY"", ""cityName"": ""Delhi"", ""hospAcc"": ""NABH"", ""hospName"": ""SHROFF EYE CENTRE"", ""tierType"": ""Tier 1""}"
1278,DELHI/HQ/DIRECTORATE/MINISTRY,DELHI/HQ/DIRECTORATE/MINISTRY,18,SHYAMA SUPER SPECIALITY EYE HOSPITAL,QCI,Tier 1,Delhi,,"{""adcityName"": ""DELHI/HQ/DIRECTORATE/MINISTRY"", ""cityName"": ""Delhi"", ""hospAcc"": ""QCI"", ""hospName"": ""SHYAMA SUPER SPECIALITY EYE HOSPITAL"", ""tierType"": ""Tier 1""}"
1279,DELHI/HQ/DIRECTORATE/MINISTRY,DELHI/HQ/DIRECTORATE/MINISTRY,18,SHYAM LAL EYE HOSPITAL,QCI,Tier 1,Delhi,,"{""adcityName"": ""DELHI/HQ/DIRECTORATE/MINISTRY"", ""cityName"": ""Delhi"", ""hospAcc"": ""QCI"", ""hospName"": ""SHYAM LAL EYE HOSPITAL"", ""tierType"": ""Tier 1""}"
1280,DELHI/HQ/DIRECTORATE/MINISTRY,DELHI/HQ/DIRECTORATE/MINISTRY,18,SIGMA DIAGNOSTIC and IMAGING CENTRE,QCI,Tier 1,Delhi,,"{""adcityName"": ""DELHI/HQ/DIRECTORATE/MINISTRY"", ""cityName"": ""Delhi"", ""hospAcc"": ""QCI"", ""hospName"": ""SIGMA DIAGNOSTIC and IMAGING CENTRE"", ""tierType"": ""Tier 1""}"
1281,DELHI/HQ/DIRECTORATE/MINISTRY,DELHI/HQ/DIRECTORATE/MINISTRY,18,SILVER STREAK MULTISPECIALTY HOSPITAL,NABH,Tier 1,GURUGRAM,,"{""adcityName"": ""DELHI/HQ/DIRECTORATE/MINISTRY"", ""cityName"": ""GURUGRAM"", ""hospAcc"": ""NABH"", ""hospName"": ""SILVER STREAK MULTISPECIALTY HOSPITAL"", ""tierType"": ""Tier 1""}"
1282,DELHI/HQ/DIRECTORATE/MINISTRY,DELHI/HQ/DIRECTORATE/MINISTRY,18,SINGH S DENTAL HOSPITAL,QCI,Tier 1,Delhi,,"{""adcityName"": ""DELHI/HQ/DIRECTORATE/MINISTRY"", ""cityName"": ""Delhi"", ""hospAcc"": ""QCI"", ""hospName"": ""SINGH S DENTAL HOSPITAL"", ""tierType"": ""Tier 1""}"
1283,DELHI/HQ/DIRECTORATE/MINISTRY,DELHI/HQ/DIRECTORATE/MINISTRY,18,SIWACH DENTAL HOSPITAL,QCI,Tier 1,Delhi,,"{""adcityName"": ""DELHI/HQ/DIRECTORATE/MINISTRY"", ""cityName"": ""Delhi"", ""hospAcc"": ""QCI"", ""hospName"": ""SIWACH DENTAL HOSPITAL"", ""tierType"": ""Tier 1""}"
1284,DELHI/HQ/DIRECTORATE/MINISTRY,DELHI/HQ/DIRECTORATE/MINISTRY,18,SJM Super Speciality Hospital,NABH,Tier 2,GAUTAM BUDDHA NAGAR,,"{""adcityName"": ""DELHI/HQ/DIRECTORATE/MINISTRY"", ""cityName"": ""GAUTAM BUDDHA NAGAR"", ""hospAcc"": ""NABH"", ""hospName"": ""SJM Super Speciality Hospital"", ""tierType"": ""Tier 2""}"
1285,DELHI/HQ/DIRECTORATE/MINISTRY,DELHI/HQ/DIRECTORATE/MINISTRY,18,S K DENTAL,QCI,Tier 1,Delhi,,"{""adcityName"": ""DELHI/HQ/DIRECTORATE/MINISTRY"", ""cityName"": ""Delhi"", ""hospAcc"": ""QCI"", ""hospName"": ""S K DENTAL"", ""tierType"": ""Tier 1""}"
1286,DELHI/HQ/DIRECTORATE/MINISTRY,DELHI/HQ/DIRECTORATE/MINISTRY,18,SKY DIAGNOSTIC PVT LTD,NABH,Tier 1,Delhi,,"{""adcityName"": ""DELHI/HQ/DIRECTORATE/MINISTRY"", ""cityName"": ""Delhi"", ""hospAcc"": ""NABH"", ""hospName"": ""SKY DIAGNOSTIC PVT LTD"", ""tierType"": ""Tier 1""}"
1287,DELHI/HQ/DIRECTORATE/MINISTRY,DELHI/HQ/DIRECTORATE/MINISTRY,18,S L DENTAL,QCI,Tier 1,Delhi,,"{""adcityName"": ""DELHI/HQ/DIRECTORATE/MINISTRY"", ""cityName"": ""Delhi"", ""hospAcc"": ""QCI"", ""hospName"": ""S L DENTAL"", ""tierType"": ""Tier 1""}"
1288,DELHI/HQ/DIRECTORATE/MINISTRY,DELHI/HQ/DIRECTORATE/MINISTRY,18,SMILE 4 SURE DENTAL CLINIC,Nabh valid till 26.01.2026,Tier 1,Delhi,,"{""adcityName"": ""DELHI/HQ/DIRECTORATE/MINISTRY"", ""cityName"": ""Delhi"", ""hospAcc"": ""Nabh valid till 26.01.2026"", ""hospName"": ""SMILE 4 SURE DENTAL CLINIC"", ""tierType"": ""Tier 1""}"
1289,DELHI/HQ/DIRECTORATE/MINISTRY,DELHI/HQ/DIRECTORATE/MINISTRY,18,SMILE BRIGHT MULTISPECIALITY DENTAL CLINIC,NABH,Tier 1,Delhi,,"{""adcityName"": ""DELHI/HQ/DIRECTORATE/MINISTRY"", ""cityName"": ""Delhi"", ""hospAcc"": ""NABH"", ""hospName"": ""SMILE BRIGHT MULTISPECIALITY DENTAL CLINIC"", ""tierType"": ""Tier 1""}"
1290,DELHI/HQ/DIRECTORATE/MINISTRY,DELHI/HQ/DIRECTORATE/MINISTRY,18,SMILE CARE DENTAL CLINIC,QCI,Tier 1,Delhi,,"{""adcityName"": ""DELHI/HQ/DIRECTORATE/MINISTRY"", ""cityName"": ""Delhi"", ""hospAcc"": ""QCI"", ""hospName"": ""SMILE CARE DENTAL CLINIC"", ""tierType"": ""Tier 1""}"
1291,DELHI/HQ/DIRECTORATE/MINISTRY,DELHI/HQ/DIRECTORATE/MINISTRY,18,Smile Castle Dental Clinic,QCI,Tier 1,Delhi,,"{""adcityName"": ""DELHI/HQ/DIRECTORATE/MINISTRY"", ""cityName"": ""Delhi"", ""hospAcc"": ""QCI"", ""hospName"": ""Smile Castle Dental Clinic"", ""tierType"": ""Tier 1""}"
1292,DELHI/HQ/DIRECTORATE/MINISTRY,DELHI/HQ/DIRECTORATE/MINISTRY,18,SMILE DENTAL CLINIC,QCI,Tier 1,Delhi,,"{""adcityName"": ""DELHI/HQ/DIRECTORATE/MINISTRY"", ""cityName"": ""Delhi"", ""hospAcc"": ""QCI"", ""hospName"": ""SMILE DENTAL CLINIC"", ""tierType"": ""Tier 1""}"
1293,DELHI/HQ/DIRECTORATE/MINISTRY,DELHI/HQ/DIRECTORATE/MINISTRY,18,SMILE DENTAL CLINIC AND HEALTHCARE,NABH,Tier 1,GHAZIABAD,,"{""adcityName"": ""DELHI/HQ/DIRECTORATE/MINISTRY"", ""cityName"": ""GHAZIABAD"", ""hospAcc"": ""NABH"", ""hospName"": ""SMILE DENTAL CLINIC AND HEALTHCARE"", ""tierType"": ""Tier 1""}"
1294,DELHI/HQ/DIRECTORATE/MINISTRY,DELHI/HQ/DIRECTORATE/MINISTRY,18,Smile Dental Hub,QCI,Tier 1,Delhi,,"{""adcityName"": ""DELHI/HQ/DIRECTORATE/MINISTRY"", ""cityName"": ""Delhi"", ""hospAcc"": ""QCI"", ""hospName"": ""Smile Dental Hub"", ""tierType"": ""Tier 1""}"
1295,DELHI/HQ/DIRECTORATE/MINISTRY,DELHI/HQ/DIRECTORATE/MINISTRY,18,SMILE EXPERTS,QCI,Tier 1,Delhi,,"{""adcityName"": ""DELHI/HQ/DIRECTORATE/MINISTRY"", ""cityName"": ""Delhi"", ""hospAcc"": ""QCI"", ""hospName"": ""SMILE EXPERTS"", ""tierType"": ""Tier 1""}"
1296,DELHI/HQ/DIRECTORATE/MINISTRY,DELHI/HQ/DIRECTORATE/MINISTRY,18,Smile n shine dental care centre,NABH,Tier 1,GURUGRAM,,"{""adcityName"": ""DELHI/HQ/DIRECTORATE/MINISTRY"", ""cityName"": ""GURUGRAM"", ""hospAcc"": ""NABH"", ""hospName"": ""Smile n shine dental care centre"", ""tierType"": ""Tier 1""}"
1297,DELHI/HQ/DIRECTORATE/MINISTRY,DELHI/HQ/DIRECTORATE/MINISTRY,18,SMILESSENCE THE SPECIALIST DENTAL CENTRE,QCI,Tier 1,GURUGRAM,,"{""adcityName"": ""DELHI/HQ/DIRECTORATE/MINISTRY"", ""cityName"": ""GURUGRAM"", ""hospAcc"": ""QCI"", ""hospName"": ""SMILESSENCE THE SPECIALIST DENTAL CENTRE"", ""tierType"": ""Tier 1""}"
1298,DELHI/HQ/DIRECTORATE/MINISTRY,DELHI/HQ/DIRECTORATE/MINISTRY,18,SMIRK DENTAL and IMPLANT CENTRE,QCI,Tier 1,Delhi,,"{""adcityName"": ""DELHI/HQ/DIRECTORATE/MINISTRY"", ""cityName"": ""Delhi"", ""hospAcc"": ""QCI"", ""hospName"": ""SMIRK DENTAL and IMPLANT CENTRE"", ""tierType"": ""Tier 1""}"
1299,DELHI/HQ/DIRECTORATE/MINISTRY,DELHI/HQ/DIRECTORATE/MINISTRY,18,SMRITI RAJ DENTISTRY PVT LTD,NABH,Tier 1,Delhi,,"{""adcityName"": ""DELHI/HQ/DIRECTORATE/MINISTRY"", ""cityName"": ""Delhi"", ""hospAcc"": ""NABH"", ""hospName"": ""SMRITI RAJ DENTISTRY PVT LTD"", ""tierType"": ""Tier 1""}"
1300,DELHI/HQ/DIRECTORATE/MINISTRY,DELHI/HQ/DIRECTORATE/MINISTRY,18,SMS HOSPITAL,QCI,Tier 1,Delhi,,"{""adcityName"": ""DELHI/HQ/DIRECTORATE/MINISTRY"", ""cityName"": ""Delhi"", ""hospAcc"": ""QCI"", ""hospName"": ""SMS HOSPITAL"", ""tierType"": ""Tier 1""}"
1301,DELHI/HQ/DIRECTORATE/MINISTRY,DELHI/HQ/DIRECTORATE/MINISTRY,18,SN DENTAL HOSPITAL and IMPLANT CENTRE,QCI,Tier 2,GAUTAM BUDDHA NAGAR,,"{""adcityName"": ""DELHI/HQ/DIRECTORATE/MINISTRY"", ""cityName"": ""GAUTAM BUDDHA NAGAR\t"", ""hospAcc"": ""QCI"", ""hospName"": ""SN DENTAL HOSPITAL and IMPLANT CENTRE"", ""tierType"": ""Tier 2""}"
1302,DELHI/HQ/DIRECTORATE/MINISTRY,DELHI/HQ/DIRECTORATE/MINISTRY,18,SONIA HOSPITAL,NABH,Tier 1,Delhi,,"{""adcityName"": ""DELHI/HQ/DIRECTORATE/MINISTRY"", ""cityName"": ""Delhi"", ""hospAcc"": ""NABH"", ""hospName"": ""SONIA HOSPITAL"", ""tierType"": ""Tier 1""}"
1303,DELHI/HQ/DIRECTORATE/MINISTRY,DELHI/HQ/DIRECTORATE/MINISTRY,18,SOUTH POINT DENTISTRY,QCI,Tier 1,Delhi,,"{""adcityName"": ""DELHI/HQ/DIRECTORATE/MINISTRY"", ""cityName"": ""Delhi"", ""hospAcc"": ""QCI"", ""hospName"": ""SOUTH POINT DENTISTRY"", ""tierType"": ""Tier 1""}"
1304,DELHI/HQ/DIRECTORATE/MINISTRY,DELHI/HQ/DIRECTORATE/MINISTRY,18,SPES SUPERSPECIALITY HOSPITAL,NABH,Tier 2,GAUTAM BUDDHA NAGAR,,"{""adcityName"": ""DELHI/HQ/DIRECTORATE/MINISTRY"", ""cityName"": ""GAUTAM BUDDHA NAGAR"", ""hospAcc"": ""NABH"", ""hospName"": ""SPES SUPERSPECIALITY HOSPITAL"", ""tierType"": ""Tier 2""}"
1305,DELHI/HQ/DIRECTORATE/MINISTRY,DELHI/HQ/DIRECTORATE/MINISTRY,18,SR ADVANCE DENTAL CLINIC,QCI,Tier 1,Delhi,,"{""adcityName"": ""DELHI/HQ/DIRECTORATE/MINISTRY"", ""cityName"": ""Delhi"", ""hospAcc"": ""QCI"", ""hospName"": ""SR ADVANCE DENTAL CLINIC"", ""tierType"": ""Tier 1""}"
1306,DELHI/HQ/DIRECTORATE/MINISTRY,DELHI/HQ/DIRECTORATE/MINISTRY,18,S R DENTAL IMPLANTS and BRACES CENTRE,QCI,Tier 1,Delhi,,"{""adcityName"": ""DELHI/HQ/DIRECTORATE/MINISTRY"", ""cityName"": ""Delhi"", ""hospAcc"": ""QCI"", ""hospName"": ""S R DENTAL IMPLANTS and BRACES CENTRE"", ""tierType"": ""Tier 1""}"
1307,DELHI/HQ/DIRECTORATE/MINISTRY,DELHI/HQ/DIRECTORATE/MINISTRY,18,SR HOSPITAL AND MATERNITY CENTER . A UNIT OF SR MULTISPECIALITY FOUNDATION,NABH,Tier 1,GHAZIABAD,,"{""adcityName"": ""DELHI/HQ/DIRECTORATE/MINISTRY"", ""cityName"": ""GHAZIABAD"", ""hospAcc"": ""NABH"", ""hospName"": ""SR HOSPITAL AND MATERNITY CENTER . A UNIT OF SR MULTISPECIALITY FOUNDATION"", ""tierType"": ""Tier 1""}"
1308,DELHI/HQ/DIRECTORATE/MINISTRY,DELHI/HQ/DIRECTORATE/MINISTRY,18,SRI BALAJI ACTION MEDICAL INSTITUTE,NABH,Tier 1,Delhi,,"{""adcityName"": ""DELHI/HQ/DIRECTORATE/MINISTRY"", ""cityName"": ""Delhi"", ""hospAcc"": ""NABH"", ""hospName"": ""SRI BALAJI ACTION MEDICAL INSTITUTE"", ""tierType"": ""Tier 1""}"
1309,DELHI/HQ/DIRECTORATE/MINISTRY,DELHI/HQ/DIRECTORATE/MINISTRY,18,SRIVASTAVA MRI AND IMAGING CENTRE,NABH,Tier 1,Delhi,,"{""adcityName"": ""DELHI/HQ/DIRECTORATE/MINISTRY"", ""cityName"": ""Delhi"", ""hospAcc"": ""NABH"", ""hospName"": ""SRIVASTAVA MRI AND IMAGING CENTRE"", ""tierType"": ""Tier 1""}"
1310,DELHI/HQ/DIRECTORATE/MINISTRY,DELHI/HQ/DIRECTORATE/MINISTRY,18,SSB Heart and Multispecialty Hospital,NABH,Tier 1,FARIDABAD,,"{""adcityName"": ""DELHI/HQ/DIRECTORATE/MINISTRY"", ""cityName"": ""FARIDABAD"", ""hospAcc"": ""NABH"", ""hospName"": ""SSB Heart and Multispecialty Hospital"", ""tierType"": ""Tier 1""}"
1311,DELHI/HQ/DIRECTORATE/MINISTRY,DELHI/HQ/DIRECTORATE/MINISTRY,18,STAR IMAGING and PATH LAB PVT LTD-TILAK NAGAR,NABH,Tier 1,Delhi,,"{""adcityName"": ""DELHI/HQ/DIRECTORATE/MINISTRY"", ""cityName"": ""Delhi"", ""hospAcc"": ""NABH"", ""hospName"": ""STAR IMAGING and PATH LAB PVT LTD-TILAK NAGAR"", ""tierType"": ""Tier 1""}"
1312,DELHI/HQ/DIRECTORATE/MINISTRY,DELHI/HQ/DIRECTORATE/MINISTRY,18,STARS DENTAL CLINIC,NABH expired,Tier 1,Delhi,,"{""adcityName"": ""DELHI/HQ/DIRECTORATE/MINISTRY"", ""cityName"": ""Delhi"", ""hospAcc"": ""NABH expired"", ""hospName"": ""STARS DENTAL CLINIC"", ""tierType"": ""Tier 1""}"
1313,DELHI/HQ/DIRECTORATE/MINISTRY,DELHI/HQ/DIRECTORATE/MINISTRY,18,St. Stephens Hospital,NABH,Tier 1,Delhi,,"{""adcityName"": ""DELHI/HQ/DIRECTORATE/MINISTRY"", ""cityName"": ""Delhi"", ""hospAcc"": ""NABH"", ""hospName"": ""St. Stephens Hospital"", ""tierType"": ""Tier 1""}"
1314,DELHI/HQ/DIRECTORATE/MINISTRY,DELHI/HQ/DIRECTORATE/MINISTRY,18,Sudarshan Poly Dental Centre,NABH,Tier 1,GURUGRAM,,"{""adcityName"": ""DELHI/HQ/DIRECTORATE/MINISTRY"", ""cityName"": ""GURUGRAM"", ""hospAcc"": ""NABH"", ""hospName"": ""Sudarshan Poly Dental Centre"", ""tierType"": ""Tier 1""}"
1315,DELHI/HQ/DIRECTORATE/MINISTRY,DELHI/HQ/DIRECTORATE/MINISTRY,18,Sumitra Hospital,NABH,Tier 2,GAUTAM BUDDHA NAGAR,,"{""adcityName"": ""DELHI/HQ/DIRECTORATE/MINISTRY"", ""cityName"": ""GAUTAM BUDDHA NAGAR"", ""hospAcc"": ""NABH"", ""hospName"": ""Sumitra Hospital"", ""tierType"": ""Tier 2""}"
1316,DELHI/HQ/DIRECTORATE/MINISTRY,DELHI/HQ/DIRECTORATE/MINISTRY,18,SUNETRA EYE CENTRE PVT LTD,NABH,Tier 1,GHAZIABAD,,"{""adcityName"": ""DELHI/HQ/DIRECTORATE/MINISTRY"", ""cityName"": ""GHAZIABAD"", ""hospAcc"": ""NABH"", ""hospName"": ""SUNETRA EYE CENTRE PVT LTD"", ""tierType"": ""Tier 1""}"
1317,DELHI/HQ/DIRECTORATE/MINISTRY,DELHI/HQ/DIRECTORATE/MINISTRY,18,Supreme Hospitals Private Limited,NABH,Tier 1,FARIDABAD,,"{""adcityName"": ""DELHI/HQ/DIRECTORATE/MINISTRY"", ""cityName"": ""FARIDABAD"", ""hospAcc"": ""NABH"", ""hospName"": ""Supreme Hospitals Private Limited"", ""tierType"": ""Tier 1""}"
1318,DELHI/HQ/DIRECTORATE/MINISTRY,DELHI/HQ/DIRECTORATE/MINISTRY,18,SURAKSHA EYE SURGERY CENTRE - PRATAP BAGH,QCI,Tier 1,Delhi,,"{""adcityName"": ""DELHI/HQ/DIRECTORATE/MINISTRY"", ""cityName"": ""Delhi"", ""hospAcc"": ""QCI"", ""hospName"": ""SURAKSHA EYE SURGERY CENTRE - PRATAP BAGH"", ""tierType"": ""Tier 1""}"
1319,DELHI/HQ/DIRECTORATE/MINISTRY,DELHI/HQ/DIRECTORATE/MINISTRY,18,SURBHI HOSPITAL PVT LTD,NABH,Tier 2,GAUTAM BUDDHA NAGAR,,"{""adcityName"": ""DELHI/HQ/DIRECTORATE/MINISTRY"", ""cityName"": ""GAUTAM BUDDHA NAGAR"", ""hospAcc"": ""NABH"", ""hospName"": ""SURBHI HOSPITAL PVT LTD"", ""tierType"": ""Tier 2""}"
1320,DELHI/HQ/DIRECTORATE/MINISTRY,DELHI/HQ/DIRECTORATE/MINISTRY,18,surya hospital,NABH,Tier 2,GAUTAM BUDDHA NAGAR,,"{""adcityName"": ""DELHI/HQ/DIRECTORATE/MINISTRY"", ""cityName"": ""GAUTAM BUDDHA NAGAR"", ""hospAcc"": ""NABH"", ""hospName"": ""surya hospital"", ""tierType"": ""Tier 2""}"
1321,DELHI/HQ/DIRECTORATE/MINISTRY,DELHI/HQ/DIRECTORATE/MINISTRY,18,SURYA HOSPITALPROP MISHRA HOSPITAL AND NURSING,NABH,Tier 1,Delhi,,"{""adcityName"": ""DELHI/HQ/DIRECTORATE/MINISTRY"", ""cityName"": ""Delhi"", ""hospAcc"": ""NABH"", ""hospName"": ""SURYA HOSPITALPROP MISHRA HOSPITAL AND NURSING"", ""tierType"": ""Tier 1""}"
1322,DELHI/HQ/DIRECTORATE/MINISTRY,DELHI/HQ/DIRECTORATE/MINISTRY,18,Surya Hospital Prop Mishra Hospital and Nursing Home Pvt Ltd,Forced withdrawal on accreditation w.e.f. 26.09.2024,Tier 1,Delhi,,"{""adcityName"": ""DELHI/HQ/DIRECTORATE/MINISTRY"", ""cityName"": ""Delhi"", ""hospAcc"": ""Forced withdrawal on accreditation w.e.f. 26.09.2024"", ""hospName"": ""Surya Hospital Prop Mishra Hospital and Nursing Home Pvt Ltd"", ""tierType"": ""Tier 1""}"
1323,DELHI/HQ/DIRECTORATE/MINISTRY,DELHI/HQ/DIRECTORATE/MINISTRY,18,Surya Kiran Hospital Pvt Ltd,NABH,Tier 1,Delhi,,"{""adcityName"": ""DELHI/HQ/DIRECTORATE/MINISTRY"", ""cityName"": ""Delhi"", ""hospAcc"": ""NABH"", ""hospName"": ""Surya Kiran Hospital Pvt Ltd"", ""tierType"": ""Tier 1""}"
1324,DELHI/HQ/DIRECTORATE/MINISTRY,DELHI/HQ/DIRECTORATE/MINISTRY,18,SUSHILA HOSPITAL,NABH,Tier 1,Delhi,,"{""adcityName"": ""DELHI/HQ/DIRECTORATE/MINISTRY"", ""cityName"": ""Delhi"", ""hospAcc"": ""NABH"", ""hospName"": ""SUSHILA HOSPITAL"", ""tierType"": ""Tier 1""}"
1325,DELHI/HQ/DIRECTORATE/MINISTRY,DELHI/HQ/DIRECTORATE/MINISTRY,18,Swasthik Hospital,QCI,Tier 1,Delhi,,"{""adcityName"": ""DELHI/HQ/DIRECTORATE/MINISTRY"", ""cityName"": ""Delhi"", ""hospAcc"": ""QCI"", ""hospName"": ""Swasthik Hospital"", ""tierType"": ""Tier 1""}"
1326,DELHI/HQ/DIRECTORATE/MINISTRY,DELHI/HQ/DIRECTORATE/MINISTRY,18,SYNERGY EYE CARE,NABH,Tier 1,Delhi,,"{""adcityName"": ""DELHI/HQ/DIRECTORATE/MINISTRY"", ""cityName"": ""Delhi"", ""hospAcc"": ""NABH"", ""hospName"": ""SYNERGY EYE CARE"", ""tierType"": ""Tier 1""}"
1327,DELHI/HQ/DIRECTORATE/MINISTRY,DELHI/HQ/DIRECTORATE/MINISTRY,18,Synergy Eye Care LLP,NABH,Tier 1,Delhi,,"{""adcityName"": ""DELHI/HQ/DIRECTORATE/MINISTRY"", ""cityName"": ""Delhi"", ""hospAcc"": ""NABH"", ""hospName"": ""Synergy Eye Care LLP"", ""tierType"": ""Tier 1""}"
1328,DELHI/HQ/DIRECTORATE/MINISTRY,DELHI/HQ/DIRECTORATE/MINISTRY,18,T32 DENTAL CLINIC,QCI,Tier 1,Delhi,,"{""adcityName"": ""DELHI/HQ/DIRECTORATE/MINISTRY"", ""cityName"": ""Delhi"", ""hospAcc"": ""QCI"", ""hospName"": ""T32 DENTAL CLINIC"", ""tierType"": ""Tier 1""}"
1329,DELHI/HQ/DIRECTORATE/MINISTRY,DELHI/HQ/DIRECTORATE/MINISTRY,18,Tarak hospital,NABH,Tier 1,Delhi,,"{""adcityName"": ""DELHI/HQ/DIRECTORATE/MINISTRY"", ""cityName"": ""Delhi"", ""hospAcc"": ""NABH"", ""hospName"": ""Tarak hospital"", ""tierType"": ""Tier 1""}"
1330,DELHI/HQ/DIRECTORATE/MINISTRY,DELHI/HQ/DIRECTORATE/MINISTRY,18,Tarasha Dental Clinic,QCI,Tier 1,Delhi,,"{""adcityName"": ""DELHI/HQ/DIRECTORATE/MINISTRY"", ""cityName"": ""Delhi"", ""hospAcc"": ""QCI"", ""hospName"": ""Tarasha Dental Clinic"", ""tierType"": ""Tier 1""}"
1331,DELHI/HQ/DIRECTORATE/MINISTRY,DELHI/HQ/DIRECTORATE/MINISTRY,18,TEERTHANKER AADINATH BRIGHT DENTAL CARE,QCI,Tier 1,Delhi,,"{""adcityName"": ""DELHI/HQ/DIRECTORATE/MINISTRY"", ""cityName"": ""Delhi"", ""hospAcc"": ""QCI"", ""hospName"": ""TEERTHANKER AADINATH BRIGHT DENTAL CARE"", ""tierType"": ""Tier 1""}"
1332,DELHI/HQ/DIRECTORATE/MINISTRY,DELHI/HQ/DIRECTORATE/MINISTRY,18,TEWARI EYE CENTRE,QCI,Tier 1,GHAZIABAD,,"{""adcityName"": ""DELHI/HQ/DIRECTORATE/MINISTRY"", ""cityName"": ""GHAZIABAD"", ""hospAcc"": ""QCI"", ""hospName"": ""TEWARI EYE CENTRE"", ""tierType"": ""Tier 1""}"
1333,DELHI/HQ/DIRECTORATE/MINISTRY,DELHI/HQ/DIRECTORATE/MINISTRY,18,TEWARI EYE CENTRE PVT LTD,QCI,Tier 2,GAUTAM BUDDHA NAGAR,,"{""adcityName"": ""DELHI/HQ/DIRECTORATE/MINISTRY"", ""cityName"": ""GAUTAM BUDDHA NAGAR"", ""hospAcc"": ""QCI"", ""hospName"": ""TEWARI EYE CENTRE PVT LTD"", ""tierType"": ""Tier 2""}"
1334,DELHI/HQ/DIRECTORATE/MINISTRY,DELHI/HQ/DIRECTORATE/MINISTRY,18,THE CARING TOUCH - DENTAL,NABH valid till 26.07.2025,Tier 1,Delhi,,"{""adcityName"": ""DELHI/HQ/DIRECTORATE/MINISTRY"", ""cityName"": ""Delhi"", ""hospAcc"": ""NABH valid till 26.07.2025"", ""hospName"": ""THE CARING TOUCH - DENTAL"", ""tierType"": ""Tier 1""}"
1335,DELHI/HQ/DIRECTORATE/MINISTRY,DELHI/HQ/DIRECTORATE/MINISTRY,18,THE CARING TOUCH - EYE,,Tier 1,Delhi,,"{""adcityName"": ""DELHI/HQ/DIRECTORATE/MINISTRY"", ""cityName"": ""Delhi"", ""hospAcc"": """", ""hospName"": ""THE CARING TOUCH - EYE"", ""tierType"": ""Tier 1""}"
1336,DELHI/HQ/DIRECTORATE/MINISTRY,DELHI/HQ/DIRECTORATE/MINISTRY,18,The Dental Healers,QCI,Tier 1,Delhi,,"{""adcityName"": ""DELHI/HQ/DIRECTORATE/MINISTRY"", ""cityName"": ""Delhi"", ""hospAcc"": ""QCI"", ""hospName"": ""The Dental Healers"", ""tierType"": ""Tier 1""}"
1337,DELHI/HQ/DIRECTORATE/MINISTRY,DELHI/HQ/DIRECTORATE/MINISTRY,18,THE DENTAL HUB AND IMPLANT CENTRE,QCI,Tier 1,Delhi,,"{""adcityName"": ""DELHI/HQ/DIRECTORATE/MINISTRY"", ""cityName"": ""Delhi"", ""hospAcc"": ""QCI"", ""hospName"": ""THE DENTAL HUB AND IMPLANT CENTRE"", ""tierType"": ""Tier 1""}"
1338,DELHI/HQ/DIRECTORATE/MINISTRY,DELHI/HQ/DIRECTORATE/MINISTRY,18,THE DREAM SMILE DENTAL CLINIC,NABH,Tier 1,Delhi,,"{""adcityName"": ""DELHI/HQ/DIRECTORATE/MINISTRY"", ""cityName"": ""Delhi"", ""hospAcc"": ""NABH"", ""hospName"": ""THE DREAM SMILE DENTAL CLINIC"", ""tierType"": ""Tier 1""}"
1339,DELHI/HQ/DIRECTORATE/MINISTRY,DELHI/HQ/DIRECTORATE/MINISTRY,18,The Healing Touch,NABH,Tier 1,Delhi,,"{""adcityName"": ""DELHI/HQ/DIRECTORATE/MINISTRY"", ""cityName"": ""Delhi"", ""hospAcc"": ""NABH"", ""hospName"": ""The Healing Touch"", ""tierType"": ""Tier 1""}"
1340,DELHI/HQ/DIRECTORATE/MINISTRY,DELHI/HQ/DIRECTORATE/MINISTRY,18,THE HEALING TOUCH DENTAL CARE,NABH,Tier 1,Delhi,,"{""adcityName"": ""DELHI/HQ/DIRECTORATE/MINISTRY"", ""cityName"": ""Delhi"", ""hospAcc"": ""NABH"", ""hospName"": ""THE HEALING TOUCH DENTAL CARE"", ""tierType"": ""Tier 1""}"
1341,DELHI/HQ/DIRECTORATE/MINISTRY,DELHI/HQ/DIRECTORATE/MINISTRY,18,THEHOPE HOSPITAL AND HEALTHCARE PVT LTD,QCI,Tier 2,GAUTAM BUDDHA NAGAR,,"{""adcityName"": ""DELHI/HQ/DIRECTORATE/MINISTRY"", ""cityName"": ""GAUTAM BUDDHA NAGAR"", ""hospAcc"": ""QCI"", ""hospName"": ""THEHOPE HOSPITAL AND HEALTHCARE PVT LTD"", ""tierType"": ""Tier 2""}"
1342,DELHI/HQ/DIRECTORATE/MINISTRY,DELHI/HQ/DIRECTORATE/MINISTRY,18,The Joint Hospital,NABH,Tier 2,SONIPAT,,"{""adcityName"": ""DELHI/HQ/DIRECTORATE/MINISTRY"", ""cityName"": ""SONIPAT"", ""hospAcc"": ""NABH"", ""hospName"": ""The Joint Hospital"", ""tierType"": ""Tier 2""}"
1343,DELHI/HQ/DIRECTORATE/MINISTRY,DELHI/HQ/DIRECTORATE/MINISTRY,18,THE SIGNATURE HOSPITALA UNIT OF PARK MEDICITYNORTH PROVATE LIMITED,NABH,Tier 1,GURUGRAM,,"{""adcityName"": ""DELHI/HQ/DIRECTORATE/MINISTRY"", ""cityName"": ""GURUGRAM"", ""hospAcc"": ""NABH"", ""hospName"": ""THE SIGNATURE HOSPITALA UNIT OF PARK MEDICITYNORTH PROVATE LIMITED"", ""tierType"": ""Tier 1""}"
1344,DELHI/HQ/DIRECTORATE/MINISTRY,DELHI/HQ/DIRECTORATE/MINISTRY,18,The Signature Hospital A unit of Park Medicity North Pvt Ltd,NABH,Tier 1,GURUGRAM,,"{""adcityName"": ""DELHI/HQ/DIRECTORATE/MINISTRY"", ""cityName"": ""GURUGRAM"", ""hospAcc"": ""NABH"", ""hospName"": ""The Signature Hospital A unit of Park Medicity North Pvt Ltd"", ""tierType"": ""Tier 1""}"
1345,DELHI/HQ/DIRECTORATE/MINISTRY,DELHI/HQ/DIRECTORATE/MINISTRY,18,TIRATH RAM SHAH HOSPITAL,NABH Valid till 06.07.2027,Tier 1,Delhi,,"{""adcityName"": ""DELHI/HQ/DIRECTORATE/MINISTRY"", ""cityName"": ""Delhi"", ""hospAcc"": ""NABH Valid till 06.07.2027"", ""hospName"": ""TIRATH RAM SHAH HOSPITAL"", ""tierType"": ""Tier 1""}"
1346,DELHI/HQ/DIRECTORATE/MINISTRY,DELHI/HQ/DIRECTORATE/MINISTRY,18,TIRUPATI EYE CENTRE,NABH,Tier 2,GAUTAM BUDDHA NAGAR,,"{""adcityName"": ""DELHI/HQ/DIRECTORATE/MINISTRY"", ""cityName"": ""GAUTAM BUDDHA NAGAR"", ""hospAcc"": ""NABH"", ""hospName"": ""TIRUPATI EYE CENTRE"", ""tierType"": ""Tier 2""}"
1347,DELHI/HQ/DIRECTORATE/MINISTRY,DELHI/HQ/DIRECTORATE/MINISTRY,18,Tooth Whitening Studio,QCI,Tier 2,GAUTAM BUDDHA NAGAR,,"{""adcityName"": ""DELHI/HQ/DIRECTORATE/MINISTRY"", ""cityName"": ""GAUTAM BUDDHA NAGAR"", ""hospAcc"": ""QCI"", ""hospName"": ""Tooth Whitening Studio"", ""tierType"": ""Tier 2""}"
1348,DELHI/HQ/DIRECTORATE/MINISTRY,DELHI/HQ/DIRECTORATE/MINISTRY,18,TOTAL DIAGNOSTICS CARE,NABH,Tier 1,Delhi,,"{""adcityName"": ""DELHI/HQ/DIRECTORATE/MINISTRY"", ""cityName"": ""Delhi"", ""hospAcc"": ""NABH"", ""hospName"": ""TOTAL DIAGNOSTICS CARE"", ""tierType"": ""Tier 1""}"
1349,DELHI/HQ/DIRECTORATE/MINISTRY,DELHI/HQ/DIRECTORATE/MINISTRY,18,TRILOK DENTAL CARE,QCI,Tier 1,Delhi,,"{""adcityName"": ""DELHI/HQ/DIRECTORATE/MINISTRY"", ""cityName"": ""Delhi"", ""hospAcc"": ""QCI"", ""hospName"": ""TRILOK DENTAL CARE"", ""tierType"": ""Tier 1""}"
1350,DELHI/HQ/DIRECTORATE/MINISTRY,DELHI/HQ/DIRECTORATE/MINISTRY,18,TRUHEAL CLINIC,NABH,Tier 1,Delhi,,"{""adcityName"": ""DELHI/HQ/DIRECTORATE/MINISTRY"", ""cityName"": ""Delhi"", ""hospAcc"": ""NABH"", ""hospName"": ""TRUHEAL CLINIC"", ""tierType"": ""Tier 1""}"
1351,DELHI/HQ/DIRECTORATE/MINISTRY,DELHI/HQ/DIRECTORATE/MINISTRY,18,Tulip Multispeciality Hospital Pvt Ltd,NABH,Tier 2,SONIPAT,,"{""adcityName"": ""DELHI/HQ/DIRECTORATE/MINISTRY"", ""cityName"": ""SONIPAT"", ""hospAcc"": ""NABH"", ""hospName"": ""Tulip Multispeciality Hospital Pvt Ltd"", ""tierType"": ""Tier 2""}"
1352,DELHI/HQ/DIRECTORATE/MINISTRY,DELHI/HQ/DIRECTORATE/MINISTRY,18,Tulsi Dental and Implant Centre,QCI,Tier 1,Delhi,,"{""adcityName"": ""DELHI/HQ/DIRECTORATE/MINISTRY"", ""cityName"": ""Delhi"", ""hospAcc"": ""QCI"", ""hospName"": ""Tulsi Dental and Implant Centre"", ""tierType"": ""Tier 1""}"
1353,DELHI/HQ/DIRECTORATE/MINISTRY,DELHI/HQ/DIRECTORATE/MINISTRY,18,Tulsi Multispeciality Hospital,QCI,Tier 1,Delhi,,"{""adcityName"": ""DELHI/HQ/DIRECTORATE/MINISTRY"", ""cityName"": ""Delhi"", ""hospAcc"": ""QCI"", ""hospName"": ""Tulsi Multispeciality Hospital"", ""tierType"": ""Tier 1""}"
1354,DELHI/HQ/DIRECTORATE/MINISTRY,DELHI/HQ/DIRECTORATE/MINISTRY,18,UB OPHTHALMOLOGY LLP,QCI,Tier 1,Delhi,,"{""adcityName"": ""DELHI/HQ/DIRECTORATE/MINISTRY"", ""cityName"": ""Delhi"", ""hospAcc"": ""QCI"", ""hospName"": ""UB OPHTHALMOLOGY LLP"", ""tierType"": ""Tier 1""}"
1355,DELHI/HQ/DIRECTORATE/MINISTRY,DELHI/HQ/DIRECTORATE/MINISTRY,18,Umang Superspeciality Hospital. A Unit Of Health Planners PVT. LTD.,QCI,Tier 1,GURUGRAM,,"{""adcityName"": ""DELHI/HQ/DIRECTORATE/MINISTRY"", ""cityName"": ""GURUGRAM"", ""hospAcc"": ""QCI"", ""hospName"": ""Umang Superspeciality Hospital. A Unit Of Health Planners PVT. LTD."", ""tierType"": ""Tier 1""}"
1356,DELHI/HQ/DIRECTORATE/MINISTRY,DELHI/HQ/DIRECTORATE/MINISTRY,18,UMKAL HOSPITAL PVT LTD - GURGAON,NABH,Tier 1,GURUGRAM,,"{""adcityName"": ""DELHI/HQ/DIRECTORATE/MINISTRY"", ""cityName"": ""GURUGRAM"", ""hospAcc"": ""NABH"", ""hospName"": ""UMKAL HOSPITAL PVT LTD - GURGAON"", ""tierType"": ""Tier 1""}"
1357,DELHI/HQ/DIRECTORATE/MINISTRY,DELHI/HQ/DIRECTORATE/MINISTRY,18,UNIQUE DENTAL CLINIC,QCI,Tier 1,GURUGRAM,,"{""adcityName"": ""DELHI/HQ/DIRECTORATE/MINISTRY"", ""cityName"": ""GURUGRAM"", ""hospAcc"": ""QCI"", ""hospName"": ""UNIQUE DENTAL CLINIC"", ""tierType"": ""Tier 1""}"
1358,DELHI/HQ/DIRECTORATE/MINISTRY,DELHI/HQ/DIRECTORATE/MINISTRY,18,UNIVERSAL CENTER OF HEALTH SCIENCES,NABH,Tier 1,Delhi,,"{""adcityName"": ""DELHI/HQ/DIRECTORATE/MINISTRY"", ""cityName"": ""Delhi"", ""hospAcc"": ""NABH"", ""hospName"": ""UNIVERSAL CENTER OF HEALTH SCIENCES"", ""tierType"": ""Tier 1""}"
1359,DELHI/HQ/DIRECTORATE/MINISTRY,DELHI/HQ/DIRECTORATE/MINISTRY,18,urban dental,QCI,Tier 1,Delhi,,"{""adcityName"": ""DELHI/HQ/DIRECTORATE/MINISTRY"", ""cityName"": ""Delhi"", ""hospAcc"": ""QCI"", ""hospName"": ""urban dental"", ""tierType"": ""Tier 1""}"
1360,DELHI/HQ/DIRECTORATE/MINISTRY,DELHI/HQ/DIRECTORATE/MINISTRY,18,USD MULTISPECIALTY DENTAL CLINIC,QCI,Tier 1,Delhi,,"{""adcityName"": ""DELHI/HQ/DIRECTORATE/MINISTRY"", ""cityName"": ""Delhi"", ""hospAcc"": ""QCI"", ""hospName"": ""USD MULTISPECIALTY DENTAL CLINIC"", ""tierType"": ""Tier 1""}"
1361,DELHI/HQ/DIRECTORATE/MINISTRY,DELHI/HQ/DIRECTORATE/MINISTRY,18,USHA MEMORIAL DENTAL CLINIC AND IMPLANT CENTRE,QCI,Tier 1,Delhi,,"{""adcityName"": ""DELHI/HQ/DIRECTORATE/MINISTRY"", ""cityName"": ""Delhi"", ""hospAcc"": ""QCI"", ""hospName"": ""USHA MEMORIAL DENTAL CLINIC AND IMPLANT CENTRE"", ""tierType"": ""Tier 1""}"
1362,DELHI/HQ/DIRECTORATE/MINISTRY,DELHI/HQ/DIRECTORATE/MINISTRY,18,Vaishnavi Multispeciality dental and implant clinic,QCI,Tier 1,GHAZIABAD,,"{""adcityName"": ""DELHI/HQ/DIRECTORATE/MINISTRY"", ""cityName"": ""GHAZIABAD"", ""hospAcc"": ""QCI"", ""hospName"": ""Vaishnavi Multispeciality dental and implant clinic"", ""tierType"": ""Tier 1""}"
1363,DELHI/HQ/DIRECTORATE/MINISTRY,DELHI/HQ/DIRECTORATE/MINISTRY,18,Vasundhara Eye Centre,QCI,Tier 1,Delhi,,"{""adcityName"": ""DELHI/HQ/DIRECTORATE/MINISTRY"", ""cityName"": ""Delhi"", ""hospAcc"": ""QCI"", ""hospName"": ""Vasundhara Eye Centre"", ""tierType"": ""Tier 1""}"
1364,DELHI/HQ/DIRECTORATE/MINISTRY,DELHI/HQ/DIRECTORATE/MINISTRY,18,VASUNDHARA HOSPITALUNIT OF VASUNDHARA NURSING,QCI,Tier 1,GHAZIABAD,,"{""adcityName"": ""DELHI/HQ/DIRECTORATE/MINISTRY"", ""cityName"": ""GHAZIABAD"", ""hospAcc"": ""QCI"", ""hospName"": ""VASUNDHARA HOSPITALUNIT OF VASUNDHARA NURSING"", ""tierType"": ""Tier 1""}"
1365,DELHI/HQ/DIRECTORATE/MINISTRY,DELHI/HQ/DIRECTORATE/MINISTRY,18,V CARE HOSPITAL,QCI,Tier 1,GHAZIABAD,,"{""adcityName"": ""DELHI/HQ/DIRECTORATE/MINISTRY"", ""cityName"": ""GHAZIABAD"", ""hospAcc"": ""QCI"", ""hospName"": ""V CARE HOSPITAL"", ""tierType"": ""Tier 1""}"
1366,DELHI/HQ/DIRECTORATE/MINISTRY,DELHI/HQ/DIRECTORATE/MINISTRY,18,VEDANTA IMAGING & DIAGNOSTICS UNIT OF GAURAV DIAGNOCARE PVT LTD,NABH,Tier 1,GHAZIABAD,,"{""adcityName"": ""DELHI/HQ/DIRECTORATE/MINISTRY"", ""cityName"": ""GHAZIABAD"", ""hospAcc"": ""NABH"", ""hospName"": ""VEDANTA IMAGING & DIAGNOSTICS UNIT OF GAURAV DIAGNOCARE PVT LTD"", ""tierType"": ""Tier 1""}"
1367,DELHI/HQ/DIRECTORATE/MINISTRY,DELHI/HQ/DIRECTORATE/MINISTRY,18,VENKATESHWAR HOSPITAL,NABH,Tier 1,Delhi,,"{""adcityName"": ""DELHI/HQ/DIRECTORATE/MINISTRY"", ""cityName"": ""Delhi"", ""hospAcc"": ""NABH"", ""hospName"": ""VENKATESHWAR HOSPITAL"", ""tierType"": ""Tier 1""}"
1368,DELHI/HQ/DIRECTORATE/MINISTRY,DELHI/HQ/DIRECTORATE/MINISTRY,18,Venu Eye Institute And Research Centre,NABH,Tier 1,Delhi,,"{""adcityName"": ""DELHI/HQ/DIRECTORATE/MINISTRY"", ""cityName"": ""Delhi"", ""hospAcc"": ""NABH"", ""hospName"": ""Venu Eye Institute And Research Centre"", ""tierType"": ""Tier 1""}"
1369,DELHI/HQ/DIRECTORATE/MINISTRY,DELHI/HQ/DIRECTORATE/MINISTRY,18,VENU EYE INSTITUTE and RESEARCH CENTRE,NABH,Tier 1,Delhi,,"{""adcityName"": ""DELHI/HQ/DIRECTORATE/MINISTRY"", ""cityName"": ""Delhi"", ""hospAcc"": ""NABH"", ""hospName"": ""VENU EYE INSTITUTE and RESEARCH CENTRE"", ""tierType"": ""Tier 1""}"
1370,DELHI/HQ/DIRECTORATE/MINISTRY,DELHI/HQ/DIRECTORATE/MINISTRY,18,Veriezon Hospital,NABH,Tier 1,GURUGRAM,,"{""adcityName"": ""DELHI/HQ/DIRECTORATE/MINISTRY"", ""cityName"": ""GURUGRAM"", ""hospAcc"": ""NABH"", ""hospName"": ""Veriezon Hospital"", ""tierType"": ""Tier 1""}"
1371,DELHI/HQ/DIRECTORATE/MINISTRY,DELHI/HQ/DIRECTORATE/MINISTRY,18,Viaan eye and retina centre,NABH,Tier 1,GURUGRAM,,"{""adcityName"": ""DELHI/HQ/DIRECTORATE/MINISTRY"", ""cityName"": ""GURUGRAM"", ""hospAcc"": ""NABH"", ""hospName"": ""Viaan eye and retina centre"", ""tierType"": ""Tier 1""}"
1372,DELHI/HQ/DIRECTORATE/MINISTRY,DELHI/HQ/DIRECTORATE/MINISTRY,18,VINAYAK DENTAL CLINIC,NABH Valid till 22.03.2025,Tier 1,Delhi,,"{""adcityName"": ""DELHI/HQ/DIRECTORATE/MINISTRY"", ""cityName"": ""Delhi"", ""hospAcc"": ""NABH Valid till 22.03.2025"", ""hospName"": ""VINAYAK DENTAL CLINIC"", ""tierType"": ""Tier 1""}"
1373,DELHI/HQ/DIRECTORATE/MINISTRY,DELHI/HQ/DIRECTORATE/MINISTRY,18,Vinayak Hospital,NABH,Tier 1,Delhi,,"{""adcityName"": ""DELHI/HQ/DIRECTORATE/MINISTRY"", ""cityName"": ""Delhi"", ""hospAcc"": ""NABH"", ""hospName"": ""Vinayak Hospital"", ""tierType"": ""Tier 1""}"
1374,DELHI/HQ/DIRECTORATE/MINISTRY,DELHI/HQ/DIRECTORATE/MINISTRY,18,VINAYAK HOSPITAL A UNIT OF CHAUDHARY NURSING HOME PVT LTD,NABH,Tier 2,GAUTAM BUDDHA NAGAR,,"{""adcityName"": ""DELHI/HQ/DIRECTORATE/MINISTRY"", ""cityName"": ""GAUTAM BUDDHA NAGAR"", ""hospAcc"": ""NABH"", ""hospName"": ""VINAYAK HOSPITAL A UNIT OF CHAUDHARY NURSING HOME PVT LTD"", ""tierType"": ""Tier 2""}"
1375,DELHI/HQ/DIRECTORATE/MINISTRY,DELHI/HQ/DIRECTORATE/MINISTRY,18,VISION CARE CENTRE - ROHINI,QCI,Tier 1,Delhi,,"{""adcityName"": ""DELHI/HQ/DIRECTORATE/MINISTRY"", ""cityName"": ""Delhi"", ""hospAcc"": ""QCI"", ""hospName"": ""VISION CARE CENTRE - ROHINI"", ""tierType"": ""Tier 1""}"
1376,DELHI/HQ/DIRECTORATE/MINISTRY,DELHI/HQ/DIRECTORATE/MINISTRY,18,VISION EYE CENTRE-SIRI FORT ROAD,NABH,Tier 1,Delhi,,"{""adcityName"": ""DELHI/HQ/DIRECTORATE/MINISTRY"", ""cityName"": ""Delhi"", ""hospAcc"": ""NABH"", ""hospName"": ""VISION EYE CENTRE-SIRI FORT ROAD"", ""tierType"": ""Tier 1""}"
1377,DELHI/HQ/DIRECTORATE/MINISTRY,DELHI/HQ/DIRECTORATE/MINISTRY,18,VISION EYE CENTRE-WEST PATEL NAGAR,QCI,Tier 1,Delhi,,"{""adcityName"": ""DELHI/HQ/DIRECTORATE/MINISTRY"", ""cityName"": ""Delhi"", ""hospAcc"": ""QCI"", ""hospName"": ""VISION EYE CENTRE-WEST PATEL NAGAR"", ""tierType"": ""Tier 1""}"
1378,DELHI/HQ/DIRECTORATE/MINISTRY,DELHI/HQ/DIRECTORATE/MINISTRY,18,Vision Eye Hospital,QCI,Tier 1,Delhi,,"{""adcityName"": ""DELHI/HQ/DIRECTORATE/MINISTRY"", ""cityName"": ""Delhi"", ""hospAcc"": ""QCI"", ""hospName"": ""Vision Eye Hospital"", ""tierType"": ""Tier 1""}"
1379,DELHI/HQ/DIRECTORATE/MINISTRY,DELHI/HQ/DIRECTORATE/MINISTRY,18,VISION PLUS EYE CENTRE - HOSHIARPUR,QCI,Tier 2,GAUTAM BUDDHA NAGAR,,"{""adcityName"": ""DELHI/HQ/DIRECTORATE/MINISTRY"", ""cityName"": ""GAUTAM BUDDHA NAGAR\t"", ""hospAcc"": ""QCI"", ""hospName"": ""VISION PLUS EYE CENTRE - HOSHIARPUR"", ""tierType"": ""Tier 2""}"
1380,DELHI/HQ/DIRECTORATE/MINISTRY,DELHI/HQ/DIRECTORATE/MINISTRY,18,VISITECH EYE CENTRE A UNIT OF JASOLA HEALTHCARE LLP,QCI,Tier 1,Delhi,,"{""adcityName"": ""DELHI/HQ/DIRECTORATE/MINISTRY"", ""cityName"": ""Delhi"", ""hospAcc"": ""QCI"", ""hospName"": ""VISITECH EYE CENTRE A UNIT OF JASOLA HEALTHCARE LLP"", ""tierType"": ""Tier 1""}"
1381,DELHI/HQ/DIRECTORATE/MINISTRY,DELHI/HQ/DIRECTORATE/MINISTRY,18,VISITECH EYE CENTRE A UNIT OF JASOLA HEALTHCARE LLP,NABH,Tier 1,Delhi,,"{""adcityName"": ""DELHI/HQ/DIRECTORATE/MINISTRY"", ""cityName"": ""Delhi"", ""hospAcc"": ""NABH"", ""hospName"": ""VISITECH EYE CENTRE A UNIT OF JASOLA HEALTHCARE LLP"", ""tierType"": ""Tier 1""}"
1382,DELHI/HQ/DIRECTORATE/MINISTRY,DELHI/HQ/DIRECTORATE/MINISTRY,18,Vitrana Healthcare LLP,NABH,Tier 1,GHAZIABAD,,"{""adcityName"": ""DELHI/HQ/DIRECTORATE/MINISTRY"", ""cityName"": ""GHAZIABAD"", ""hospAcc"": ""NABH"", ""hospName"": ""Vitrana Healthcare LLP"", ""tierType"": ""Tier 1""}"
1383,DELHI/HQ/DIRECTORATE/MINISTRY,DELHI/HQ/DIRECTORATE/MINISTRY,18,Vivekanand Hospital,,Tier 1,Delhi,,"{""adcityName"": ""DELHI/HQ/DIRECTORATE/MINISTRY"", ""cityName"": ""Delhi"", ""hospAcc"": """", ""hospName"": ""Vivekanand Hospital"", ""tierType"": ""Tier 1""}"
1384,DELHI/HQ/DIRECTORATE/MINISTRY,DELHI/HQ/DIRECTORATE/MINISTRY,18,VUE EYE CARE CENTRE,QCI,Tier 1,Delhi,,"{""adcityName"": ""DELHI/HQ/DIRECTORATE/MINISTRY"", ""cityName"": ""Delhi"", ""hospAcc"": ""QCI"", ""hospName"": ""VUE EYE CARE CENTRE"", ""tierType"": ""Tier 1""}"
1385,DELHI/HQ/DIRECTORATE/MINISTRY,DELHI/HQ/DIRECTORATE/MINISTRY,18,WHITE FIELD DENTAL CLINIC,QCI,Tier 1,Delhi,,"{""adcityName"": ""DELHI/HQ/DIRECTORATE/MINISTRY"", ""cityName"": ""Delhi"", ""hospAcc"": ""QCI"", ""hospName"": ""WHITE FIELD DENTAL CLINIC"", ""tierType"": ""Tier 1""}"
1386,DELHI/HQ/DIRECTORATE/MINISTRY,DELHI/HQ/DIRECTORATE/MINISTRY,18,White Oak Dental,QCI,Tier 1,Delhi,,"{""adcityName"": ""DELHI/HQ/DIRECTORATE/MINISTRY"", ""cityName"": ""Delhi"", ""hospAcc"": ""QCI"", ""hospName"": ""White Oak Dental"", ""tierType"": ""Tier 1""}"
1387,DELHI/HQ/DIRECTORATE/MINISTRY,DELHI/HQ/DIRECTORATE/MINISTRY,18,WISDOM DENTAL MAXILLOFACIAL AND IMPLANT CLINIC,QCI,Tier 1,Delhi,,"{""adcityName"": ""DELHI/HQ/DIRECTORATE/MINISTRY"", ""cityName"": ""Delhi"", ""hospAcc"": ""QCI"", ""hospName"": ""WISDOM DENTAL MAXILLOFACIAL AND IMPLANT CLINIC"", ""tierType"": ""Tier 1""}"
1388,DELHI/HQ/DIRECTORATE/MINISTRY,DELHI/HQ/DIRECTORATE/MINISTRY,18,WORLD BRAIN CENTRE HOSPITAL,QCI,Tier 1,Delhi,,"{""adcityName"": ""DELHI/HQ/DIRECTORATE/MINISTRY"", ""cityName"": ""Delhi"", ""hospAcc"": ""QCI"", ""hospName"": ""WORLD BRAIN CENTRE HOSPITAL"", ""tierType"": ""Tier 1""}"
1389,DELHI/HQ/DIRECTORATE/MINISTRY,DELHI/HQ/DIRECTORATE/MINISTRY,18,Yash Dental Orhtodontic and Asthetic Centre,NABH,Tier 1,,,"{""adcityName"": ""DELHI/HQ/DIRECTORATE/MINISTRY"", ""hospAcc"": ""NABH"", ""hospName"": ""Yash Dental Orhtodontic and Asthetic Centre"", ""tierType"": ""Tier 1""}"
1390,DELHI/HQ/DIRECTORATE/MINISTRY,DELHI/HQ/DIRECTORATE/MINISTRY,18,YASHODA HOSPITAL AND CANCER INSTITUTE A UNIT OF YASHODA HOSPITAL AND RESEARCH CENTRE LIMITED,NABH,Tier 1,GHAZIABAD,,"{""adcityName"": ""DELHI/HQ/DIRECTORATE/MINISTRY"", ""cityName"": ""GHAZIABAD"", ""hospAcc"": ""NABH"", ""hospName"": ""YASHODA HOSPITAL AND CANCER INSTITUTE A UNIT OF YASHODA HOSPITAL AND RESEARCH CENTRE LIMITED"", ""tierType"": ""Tier 1""}"
1391,DELHI/HQ/DIRECTORATE/MINISTRY,DELHI/HQ/DIRECTORATE/MINISTRY,18,Yashoda Hospital and Research Centre,NABH,Tier 1,GHAZIABAD,,"{""adcityName"": ""DELHI/HQ/DIRECTORATE/MINISTRY"", ""cityName"": ""GHAZIABAD"", ""hospAcc"": ""NABH"", ""hospName"": ""Yashoda Hospital and Research Centre"", ""tierType"": ""Tier 1""}"
1392,DELHI/HQ/DIRECTORATE/MINISTRY,DELHI/HQ/DIRECTORATE/MINISTRY,18,YASHODA SUPER SPECIALITY HOSPITAL,NABH,Tier 1,GHAZIABAD,,"{""adcityName"": ""DELHI/HQ/DIRECTORATE/MINISTRY"", ""cityName"": ""GHAZIABAD"", ""hospAcc"": ""NABH"", ""hospName"": ""YASHODA SUPER SPECIALITY HOSPITAL"", ""tierType"": ""Tier 1""}"
1393,DELHI/HQ/DIRECTORATE/MINISTRY,DELHI/HQ/DIRECTORATE/MINISTRY,18,YASHODA SUPERSPECIALITY HOSPITAL AND CANCER INSTITUTE A UNIT OF VIVEKANAND NURSING HOME PVT LTD,NABH,Tier 1,GHAZIABAD,,"{""adcityName"": ""DELHI/HQ/DIRECTORATE/MINISTRY"", ""cityName"": ""GHAZIABAD"", ""hospAcc"": ""NABH"", ""hospName"": ""YASHODA SUPERSPECIALITY HOSPITAL AND CANCER INSTITUTE A UNIT OF VIVEKANAND NURSING HOME PVT LTD"", ""tierType"": ""Tier 1""}"
1394,DELHI/HQ/DIRECTORATE/MINISTRY,DELHI/HQ/DIRECTORATE/MINISTRY,18,YASHROOP HOSPITAL UNIT OF YASODA MEDICARE PVT LTD,QCI,Tier 1,GURUGRAM,,"{""adcityName"": ""DELHI/HQ/DIRECTORATE/MINISTRY"", ""cityName"": ""GURUGRAM"", ""hospAcc"": ""QCI"", ""hospName"": ""YASHROOP HOSPITAL UNIT OF YASODA MEDICARE PVT LTD"", ""tierType"": ""Tier 1""}"
1395,DELHI/HQ/DIRECTORATE/MINISTRY,DELHI/HQ/DIRECTORATE/MINISTRY,18,YATHARTH SUPER SPECIALITY HOSPITAS,NABH,Tier 2,GAUTAM BUDDHA NAGAR,,"{""adcityName"": ""DELHI/HQ/DIRECTORATE/MINISTRY"", ""cityName"": ""GAUTAM BUDDHA NAGAR"", ""hospAcc"": ""NABH"", ""hospName"": ""YATHARTH SUPER SPECIALITY HOSPITAS"", ""tierType"": ""Tier 2""}"
1396,DELHI/HQ/DIRECTORATE/MINISTRY,DELHI/HQ/DIRECTORATE/MINISTRY,18,Yatharth Super Specialty Hospital a unit of Pristine Infracon Pvt ltd,NABH,Tier 1,FARIDABAD,,"{""adcityName"": ""DELHI/HQ/DIRECTORATE/MINISTRY"", ""cityName"": ""FARIDABAD"", ""hospAcc"": ""NABH"", ""hospName"": ""Yatharth Super Specialty Hospital a unit of Pristine Infracon Pvt ltd"", ""tierType"": ""Tier 1""}"
1397,DELHI/HQ/DIRECTORATE/MINISTRY,DELHI/HQ/DIRECTORATE/MINISTRY,18,YATHARTH WELLNESS HOSPITAL AND TRAUMA CENTER,NABH,Tier 2,GAUTAM BUDDHA NAGAR,,"{""adcityName"": ""DELHI/HQ/DIRECTORATE/MINISTRY"", ""cityName"": ""GAUTAM BUDDHA NAGAR"", ""hospAcc"": ""NABH"", ""hospName"": ""YATHARTH WELLNESS HOSPITAL AND TRAUMA CENTER"", ""tierType"": ""Tier 2""}"
1398,DELHI/HQ/DIRECTORATE/MINISTRY,DELHI/HQ/DIRECTORATE/MINISTRY,18,YOGESH EYE CENTRE,QCI,Tier 1,Delhi,,"{""adcityName"": ""DELHI/HQ/DIRECTORATE/MINISTRY"", ""cityName"": ""Delhi"", ""hospAcc"": ""QCI"", ""hospName"": ""YOGESH EYE CENTRE"", ""tierType"": ""Tier 1""}"
1399,DELHI/HQ/DIRECTORATE/MINISTRY,DELHI/HQ/DIRECTORATE/MINISTRY,18,YUGRISHI GLOBAL HEALTHCARE PRODUCTS,NABH,Tier 1,Delhi,,"{""adcityName"": ""DELHI/HQ/DIRECTORATE/MINISTRY"", ""cityName"": ""Delhi"", ""hospAcc"": ""NABH"", ""hospName"": ""YUGRISHI GLOBAL HEALTHCARE PRODUCTS"", ""tierType"": ""Tier 1""}"
1400,Guwahati,Guwahati,19,AGILUS DIAGNOSTICS LIMITED,,Tier 2,Guwahati,,"{""adcityName"": ""Guwahati"", ""cityName"": ""Guwahati"", ""hospAcc"": """", ""hospName"": ""AGILUS DIAGNOSTICS LIMITED"", ""tierType"": ""Tier 2""}"
1401,Guwahati,Guwahati,19,APEX DIAGNOSTICS,,Tier 2,Guwahati,,"{""adcityName"": ""Guwahati"", ""cityName"": ""Guwahati"", ""hospAcc"": """", ""hospName"": ""APEX DIAGNOSTICS"", ""tierType"": ""Tier 2""}"
1402,Guwahati,Guwahati,19,APEX DIAGNOSTICS,,Tier 2,Guwahati,,"{""adcityName"": ""Guwahati"", ""cityName"": ""Guwahati"", ""hospAcc"": """", ""hospName"": ""APEX DIAGNOSTICS"", ""tierType"": ""Tier 2""}"
1403,Guwahati,Guwahati,19,Archana Trauma and Orthopaedics Hospital and Research Centre,,Tier 2,Dibrugarh,,"{""adcityName"": ""Guwahati"", ""cityName"": ""Dibrugarh"", ""hospAcc"": """", ""hospName"": ""Archana Trauma and Orthopaedics Hospital and Research Centre"", ""tierType"": ""Tier 2""}"
1404,Guwahati,Guwahati,19,ASG EYE CARE UNIT OF ASG HOSPITAL PVTLTD,,Tier 2,Guwahati,,"{""adcityName"": ""Guwahati"", ""cityName"": ""Guwahati"", ""hospAcc"": """", ""hospName"": ""ASG EYE CARE UNIT OF ASG HOSPITAL PVTLTD"", ""tierType"": ""Tier 2""}"
1405,Guwahati,Guwahati,19,ASG HOSPITAL PRIVATE LIMITED,,Tier 2,Guwahati,,"{""adcityName"": ""Guwahati"", ""cityName"": ""Guwahati"", ""hospAcc"": """", ""hospName"": ""ASG HOSPITAL PRIVATE LIMITED"", ""tierType"": ""Tier 2""}"
1406,Guwahati,Guwahati,19,ASG Hospital Pvt Ltd,,Tier 2,Guwahati,,"{""adcityName"": ""Guwahati"", ""cityName"": ""Guwahati"", ""hospAcc"": """", ""hospName"": ""ASG Hospital Pvt Ltd"", ""tierType"": ""Tier 2""}"
1407,Guwahati,Guwahati,19,Ayursundra Super Speciality Hospital,,Tier 2,Guwahati,,"{""adcityName"": ""Guwahati"", ""cityName"": ""Guwahati"", ""hospAcc"": """", ""hospName"": ""Ayursundra Super Speciality Hospital"", ""tierType"": ""Tier 2""}"
1408,Guwahati,Guwahati,19,Centre for Sight Guwahati A Unit of New Delhi Centre for Sight Ltd,,Tier 2,Guwahati,,"{""adcityName"": ""Guwahati"", ""cityName"": ""Guwahati"", ""hospAcc"": """", ""hospName"": ""Centre for Sight Guwahati A Unit of New Delhi Centre for Sight Ltd"", ""tierType"": ""Tier 2""}"
1409,Guwahati,Guwahati,19,Critical Care Hospital & Research Institute,,Tier 2,Guwahati,,"{""adcityName"": ""Guwahati"", ""cityName"": ""Guwahati"", ""hospAcc"": """", ""hospName"": ""Critical Care Hospital & Research Institute"", ""tierType"": ""Tier 2""}"
1410,Guwahati,Guwahati,19,Critical Care Hospital & Research Institute,,Tier 2,Guwahati,,"{""adcityName"": ""Guwahati"", ""cityName"": ""Guwahati"", ""hospAcc"": """", ""hospName"": ""Critical Care Hospital & Research Institute "", ""tierType"": ""Tier 2""}"
1411,Guwahati,Guwahati,19,DIBRUGARH CANCER CENTER,,Tier 2,Dibrugarh,,"{""adcityName"": ""Guwahati"", ""cityName"": ""Dibrugarh"", ""hospAcc"": """", ""hospName"": ""DIBRUGARH CANCER CENTER"", ""tierType"": ""Tier 2""}"
1412,Guwahati,Guwahati,19,DOWN TOWN HOSPITAL LTD,,Tier 2,Guwahati,,"{""adcityName"": ""Guwahati"", ""cityName"": ""Guwahati"", ""hospAcc"": """", ""hospName"": ""DOWN TOWN HOSPITAL LTD"", ""tierType"": ""Tier 2""}"
1413,Guwahati,Guwahati,19,Eye Care Home,,Tier 2,Dibrugarh,,"{""adcityName"": ""Guwahati"", ""cityName"": ""Dibrugarh"", ""hospAcc"": """", ""hospName"": ""Eye Care Home"", ""tierType"": ""Tier 2""}"
1414,Guwahati,Guwahati,19,GUWAHATI EYE CENTRE,,Tier 2,Guwahati,,"{""adcityName"": ""Guwahati"", ""cityName"": ""Guwahati"", ""hospAcc"": """", ""hospName"": ""GUWAHATI EYE CENTRE"", ""tierType"": ""Tier 2""}"
1415,Guwahati,Guwahati,19,Guwahati Metro Hospital,,Tier 2,Guwahati,,"{""adcityName"": ""Guwahati"", ""cityName"": ""Guwahati"", ""hospAcc"": """", ""hospName"": ""Guwahati Metro Hospital"", ""tierType"": ""Tier 2""}"
1416,Guwahati,Guwahati,19,HAYAT HOSPITAL,,Tier 2,Guwahati,,"{""adcityName"": ""Guwahati"", ""cityName"": ""Guwahati"", ""hospAcc"": """", ""hospName"": ""HAYAT HOSPITAL"", ""tierType"": ""Tier 2""}"
1417,Guwahati,Guwahati,19,Hayat Hospital Pvt Ltd,,Tier 2,Guwahati,,"{""adcityName"": ""Guwahati"", ""cityName"": ""Guwahati"", ""hospAcc"": """", ""hospName"": ""Hayat Hospital Pvt Ltd"", ""tierType"": ""Tier 2""}"
1418,Guwahati,Guwahati,19,Health City Hospital A unit of North East Health City Private Limited,,Tier 2,Guwahati,,"{""adcityName"": ""Guwahati"", ""cityName"": ""Guwahati"", ""hospAcc"": """", ""hospName"": ""Health City Hospital A unit of North East Health City Private Limited"", ""tierType"": ""Tier 2""}"
1419,Guwahati,Guwahati,19,Marwari hospitals,,Tier 2,Guwahati,,"{""adcityName"": ""Guwahati"", ""cityName"": ""Guwahati"", ""hospAcc"": """", ""hospName"": ""Marwari hospitals"", ""tierType"": ""Tier 2""}"
1420,Guwahati,Guwahati,19,NARAYANA HRUDAYALAYA PVT LTD - GUWAHATI,,Tier 2,Guwahati,,"{""adcityName"": ""Guwahati"", ""cityName"": ""Guwahati"", ""hospAcc"": """", ""hospName"": ""NARAYANA HRUDAYALAYA PVT LTD - GUWAHATI"", ""tierType"": ""Tier 2""}"
1421,Guwahati,Guwahati,19,SURAKSHA DIAGNOSTICS PVT LTD,,Tier 2,Guwahati,,"{""adcityName"": ""Guwahati"", ""cityName"": ""Guwahati"", ""hospAcc"": """", ""hospName"": ""SURAKSHA DIAGNOSTICS PVT LTD"", ""tierType"": ""Tier 2""}"
1422,Guwahati,Guwahati,19,SWAGAT SUPERSPECIALITY SURGICL INSTITUTE,,Tier 2,Guwahati,,"{""adcityName"": ""Guwahati"", ""cityName"": ""Guwahati"", ""hospAcc"": """", ""hospName"": ""SWAGAT SUPERSPECIALITY SURGICL INSTITUTE"", ""tierType"": ""Tier 2""}"
1423,Guwahati,Guwahati,19,ULTRACARE DIAGNOSTIC CENTRE,,Tier 2,Guwahati,,"{""adcityName"": ""Guwahati"", ""cityName"": ""Guwahati"", ""hospAcc"": """", ""hospName"": ""ULTRACARE DIAGNOSTIC CENTRE"", ""tierType"": ""Tier 2""}"
1424,Hyderabad,Hyderabad,20,AAYUSH NRI LEPL HEALTHCARE PVT LTD,NABH,Tier 2,Vijayawada,,"{""adcityName"": ""Hyderabad"", ""cityName"": ""Vijayawada"", ""hospAcc"": ""NABH"", ""hospName"": ""AAYUSH NRI LEPL HEALTHCARE PVT LTD"", ""tierType"": ""Tier 2""}"
1425,Hyderabad,Hyderabad,20,ADITYA HOSPITAL,NABH,Tier 1,HYDERABAD,,"{""adcityName"": ""Hyderabad"", ""cityName"": ""HYDERABAD"", ""hospAcc"": ""NABH"", ""hospName"": ""ADITYA HOSPITAL"", ""tierType"": ""Tier 1""}"
1426,Hyderabad,Hyderabad,20,AMARAVATHI DENTAL HOSPITAL,Non NABH,Tier 2,GUNTUR,,"{""adcityName"": ""Hyderabad"", ""cityName"": ""GUNTUR"", ""hospAcc"": ""Non NABH"", ""hospName"": ""AMARAVATHI DENTAL HOSPITAL"", ""tierType"": ""Tier 2""}"
1427,Hyderabad,Hyderabad,20,AMERICAN ONCOLOGY INSTITUTE,NABH,Tier 1,HYDERABAD,,"{""adcityName"": ""Hyderabad"", ""cityName"": ""HYDERABAD"", ""hospAcc"": ""NABH"", ""hospName"": ""AMERICAN ONCOLOGY INSTITUTE"", ""tierType"": ""Tier 1""}"
1428,Hyderabad,Hyderabad,20,American Oncology Institute A unit of Cancer Treatment Services Hyderabad Pvt. Ltd,Non NABH,Tier 2,GUNTUR,,"{""adcityName"": ""Hyderabad"", ""cityName"": ""GUNTUR"", ""hospAcc"": ""Non NABH"", ""hospName"": ""American Oncology Institute A unit of Cancer Treatment Services Hyderabad Pvt. Ltd"", ""tierType"": ""Tier 2""}"
1429,Hyderabad,Hyderabad,20,AMOR HOSPITALS,NON NABH,Tier 1,HYDERABAD,,"{""adcityName"": ""Hyderabad"", ""cityName"": ""HYDERABAD"", ""hospAcc"": ""NON NABH"", ""hospName"": ""AMOR HOSPITALS"", ""tierType"": ""Tier 1""}"
1430,Hyderabad,Hyderabad,20,Anand Eye Institute Pvt Ltd,NABH,Tier 1,HYDERABAD,,"{""adcityName"": ""Hyderabad"", ""cityName"": ""HYDERABAD"", ""hospAcc"": ""NABH"", ""hospName"": ""Anand Eye Institute Pvt Ltd"", ""tierType"": ""Tier 1""}"
1431,Hyderabad,Hyderabad,20,ANASUYA INSTITUTE OF MEDICAL SCIENCES,NON NABH,Tier 2,NELLORE,,"{""adcityName"": ""Hyderabad"", ""cityName"": ""NELLORE"", ""hospAcc"": ""NON NABH"", ""hospName"": ""ANASUYA INSTITUTE OF MEDICAL SCIENCES"", ""tierType"": ""Tier 2""}"
1432,Hyderabad,Hyderabad,20,ANIL NEURO & TRAUMA CENTRE PVT LTD,NON NABH,Tier 2,VIJAYAWADA,,"{""adcityName"": ""Hyderabad"", ""cityName"": ""VIJAYAWADA"", ""hospAcc"": ""NON NABH"", ""hospName"": ""ANIL NEURO & TRAUMA CENTRE PVT LTD"", ""tierType"": ""Tier 2""}"
1433,Hyderabad,Hyderabad,20,APOLLO DRDO HOSPITALS,NABH,Tier 1,HYDERABAD,,"{""adcityName"": ""Hyderabad"", ""cityName"": ""HYDERABAD"", ""hospAcc"": ""NABH"", ""hospName"": ""APOLLO DRDO HOSPITALS "", ""tierType"": ""Tier 1""}"
1434,Hyderabad,Hyderabad,20,APOLLO HOSPITALS EDUCTATIONAL AND RESEARCH FOUNDATION,NABH,Tier 1,HYDERABAD,,"{""adcityName"": ""Hyderabad"", ""cityName"": ""HYDERABAD"", ""hospAcc"": ""NABH"", ""hospName"": ""APOLLO HOSPITALS EDUCTATIONAL AND RESEARCH FOUNDATION"", ""tierType"": ""Tier 1""}"
1435,Hyderabad,Hyderabad,20,APOLLO HOSPITALS HYDERGUDA,NABH,Tier 1,HYDERABAD,,"{""adcityName"": ""Hyderabad"", ""cityName"": ""HYDERABAD"", ""hospAcc"": ""NABH"", ""hospName"": ""APOLLO HOSPITALS HYDERGUDA"", ""tierType"": ""Tier 1""}"
1436,Hyderabad,Hyderabad,20,APOLLO HOSPITALS SECUNDERABAD,NABH,Tier 1,HYDERABAD,,"{""adcityName"": ""Hyderabad"", ""cityName"": ""HYDERABAD"", ""hospAcc"": ""NABH"", ""hospName"": ""APOLLO HOSPITALS SECUNDERABAD"", ""tierType"": ""Tier 1""}"
1437,Hyderabad,Hyderabad,20,APOLLO SPECTRA HOSPITAL A UNIT OF NANO HOSPITALS PRIVATE LIMITED,NON NABH,Tier 1,HYDERABAD,,"{""adcityName"": ""Hyderabad"", ""cityName"": ""HYDERABAD"", ""hospAcc"": ""NON NABH"", ""hospName"": ""APOLLO SPECTRA HOSPITAL A UNIT OF NANO HOSPITALS PRIVATE LIMITED"", ""tierType"": ""Tier 1""}"
1438,Hyderabad,Hyderabad,20,APPLE DENTAL,Non NABH,Tier 3,RAJHAMUNDRY,,"{""adcityName"": ""Hyderabad"", ""cityName"": ""RAJHAMUNDRY"", ""hospAcc"": ""Non NABH"", ""hospName"": ""APPLE DENTAL"", ""tierType"": ""Tier 3""}"
1439,Hyderabad,Hyderabad,20,APPLE DENTAL,NON NABH,Tier 2,NELLORE,,"{""adcityName"": ""Hyderabad"", ""cityName"": ""NELLORE"", ""hospAcc"": ""NON NABH"", ""hospName"": ""APPLE DENTAL"", ""tierType"": ""Tier 2""}"
1440,Hyderabad,Hyderabad,20,APPLE DENTAL CARE,NABH,Tier 2,VIJAYAWADA,,"{""adcityName"": ""Hyderabad"", ""cityName"": ""VIJAYAWADA"", ""hospAcc"": ""NABH"", ""hospName"": ""APPLE DENTAL CARE"", ""tierType"": ""Tier 2""}"
1441,Hyderabad,Hyderabad,20,APPLE INTERNATIONAL DENTAL,NABH,Tier 1,HYDERABAD,,"{""adcityName"": ""Hyderabad"", ""cityName"": ""HYDERABAD"", ""hospAcc"": ""NABH"", ""hospName"": ""APPLE INTERNATIONAL DENTAL"", ""tierType"": ""Tier 1""}"
1442,Hyderabad,Hyderabad,20,APPLE INTERNATIONAL DENTAL HOSPITAL,NABH,Tier 2,VISAKHAPATNAM,,"{""adcityName"": ""Hyderabad"", ""cityName"": ""VISAKHAPATNAM"", ""hospAcc"": ""NABH"", ""hospName"": ""APPLE INTERNATIONAL DENTAL HOSPITAL"", ""tierType"": ""Tier 2""}"
1443,Hyderabad,Hyderabad,20,ARAVIND EYE HOSPITAL PRIVATE LIMITED,Non NABH,Tier 1,Hyderabad,,"{""adcityName"": ""Hyderabad"", ""cityName"": ""Hyderabad"", ""hospAcc"": ""Non NABH"", ""hospName"": ""ARAVIND EYE HOSPITAL PRIVATE LIMITED"", ""tierType"": ""Tier 1""}"
1444,Hyderabad,Hyderabad,20,ARUN KIDNEY CENTRE,NON NABH,Tier 2,VIJAYAWADA,,"{""adcityName"": ""Hyderabad"", ""cityName"": ""VIJAYAWADA"", ""hospAcc"": ""NON NABH"", ""hospName"": ""ARUN KIDNEY CENTRE"", ""tierType"": ""Tier 2""}"
1445,Hyderabad,Hyderabad,20,ASIAN VASCULAR HOSPITALS,NON NABH,Tier 1,HYDERABAD,,"{""adcityName"": ""Hyderabad"", ""cityName"": ""HYDERABAD"", ""hospAcc"": ""NON NABH"", ""hospName"": ""ASIAN VASCULAR HOSPITALS"", ""tierType"": ""Tier 1""}"
1446,Hyderabad,Hyderabad,20,Aster Prime Hospital A Unit of Sri Sainatha Multispeciality Hospitals Pvt Ltd,NABH,Tier 1,HYDERABAD,,"{""adcityName"": ""Hyderabad"", ""cityName"": ""HYDERABAD"", ""hospAcc"": ""NABH"", ""hospName"": ""Aster Prime Hospital A Unit of Sri Sainatha Multispeciality Hospitals Pvt Ltd"", ""tierType"": ""Tier 1""}"
1447,Hyderabad,Hyderabad,20,ASVINS HOSPITAL,NON NABH,Tier 1,HYDERABAD,,"{""adcityName"": ""Hyderabad"", ""cityName"": ""HYDERABAD"", ""hospAcc"": ""NON NABH"", ""hospName"": ""ASVINS HOSPITAL"", ""tierType"": ""Tier 1""}"
1448,Hyderabad,Hyderabad,20,AVS WELLNESS HOSPITALS,NON NABH,Tier 1,HYDERABAD,,"{""adcityName"": ""Hyderabad"", ""cityName"": ""HYDERABAD"", ""hospAcc"": ""NON NABH"", ""hospName"": ""AVS WELLNESS HOSPITALS"", ""tierType"": ""Tier 1""}"
1449,Hyderabad,Hyderabad,20,AYAAN EYE HOSPITAL,NON NABH,Tier 2,VIJAYAWADA,,"{""adcityName"": ""Hyderabad"", ""cityName"": ""VIJAYAWADA"", ""hospAcc"": ""NON NABH"", ""hospName"": ""AYAAN EYE HOSPITAL"", ""tierType"": ""Tier 2""}"
1450,Hyderabad,Hyderabad,20,BASAVATARAKAM INDO AMERICAN CANCER HOSPITAL & RESEARCH INSTITUTE,NABH,Tier 1,HYDERABAD,,"{""adcityName"": ""Hyderabad"", ""cityName"": ""HYDERABAD"", ""hospAcc"": ""NABH"", ""hospName"": ""BASAVATARAKAM INDO AMERICAN CANCER HOSPITAL & RESEARCH INSTITUTE"", ""tierType"": ""Tier 1""}"
1451,Hyderabad,Hyderabad,20,BEST VISION EYE HOSPITAL A UNIT OF SRI NAYANA EYE HOSPITAL PVT LTD,NON NABH,Tier 1,HYDERABAD,,"{""adcityName"": ""Hyderabad"", ""cityName"": ""HYDERABAD"", ""hospAcc"": ""NON NABH"", ""hospName"": ""BEST VISION EYE HOSPITAL A UNIT OF SRI NAYANA EYE HOSPITAL PVT LTD"", ""tierType"": ""Tier 1""}"
1452,Hyderabad,Hyderabad,20,BMR HOSPITALS,NON NABH,Tier 2,GUNTUR,,"{""adcityName"": ""Hyderabad"", ""cityName"": ""GUNTUR"", ""hospAcc"": ""NON NABH"", ""hospName"": ""BMR HOSPITALS"", ""tierType"": ""Tier 2""}"
1453,Hyderabad,Hyderabad,20,Brinda Neuro Centre,NON NABH,Tier 2,GUNTUR,,"{""adcityName"": ""Hyderabad"", ""cityName"": ""GUNTUR"", ""hospAcc"": ""NON NABH"", ""hospName"": ""Brinda Neuro Centre"", ""tierType"": ""Tier 2""}"
1454,Hyderabad,Hyderabad,20,CARE HOSPITALS,NON NABH,Tier 2,VISAKHAPATNAM,,"{""adcityName"": ""Hyderabad"", ""cityName"": ""VISAKHAPATNAM"", ""hospAcc"": ""NON NABH"", ""hospName"": ""CARE HOSPITALS"", ""tierType"": ""Tier 2""}"
1455,Hyderabad,Hyderabad,20,CARE HOSPITALS BANJARA HILL,NABH,Tier 1,HYDERABAD,,"{""adcityName"": ""Hyderabad"", ""cityName"": ""HYDERABAD"", ""hospAcc"": ""NABH"", ""hospName"": ""CARE HOSPITALS BANJARA HILL"", ""tierType"": ""Tier 1""}"
1456,Hyderabad,Hyderabad,20,CARE HOSPITALS HITECH CITY,NABH,Tier 1,HYDERABAD,,"{""adcityName"": ""Hyderabad"", ""cityName"": ""HYDERABAD"", ""hospAcc"": ""NABH"", ""hospName"": ""CARE HOSPITALS HITECH CITY"", ""tierType"": ""Tier 1""}"
1457,Hyderabad,Hyderabad,20,CARE HOSPITALS MALAKPET A UNIT OF QUALITY CARE INDIA LTD,NABH,Tier 1,HYDERABAD,,"{""adcityName"": ""Hyderabad"", ""cityName"": ""HYDERABAD"", ""hospAcc"": ""NABH"", ""hospName"": ""CARE HOSPITALS MALAKPET A UNIT OF QUALITY CARE INDIA LTD"", ""tierType"": ""Tier 1""}"
1458,Hyderabad,Hyderabad,20,CARE Hosptials Nampally,NABH,Tier 1,HYDERABAD,,"{""adcityName"": ""Hyderabad"", ""cityName"": ""HYDERABAD"", ""hospAcc"": ""NABH"", ""hospName"": ""CARE Hosptials Nampally"", ""tierType"": ""Tier 1""}"
1459,Hyderabad,Hyderabad,20,C C SHROFF MEMORIAL HOSPITAL,NABH,Tier 1,HYDERABAD,,"{""adcityName"": ""Hyderabad"", ""cityName"": ""HYDERABAD"", ""hospAcc"": ""NABH"", ""hospName"": ""C C SHROFF MEMORIAL HOSPITAL"", ""tierType"": ""Tier 1""}"
1460,Hyderabad,Hyderabad,20,CENTRE FOR SIGHT HYDERABAD A UNIT OF NEW DELHI CENTRE FOR SIGHT LTD,NABH,Tier 1,HYDERABAD,,"{""adcityName"": ""Hyderabad"", ""cityName"": ""HYDERABAD"", ""hospAcc"": ""NABH"", ""hospName"": ""CENTRE FOR SIGHT HYDERABAD A UNIT OF NEW DELHI CENTRE FOR SIGHT LTD"", ""tierType"": ""Tier 1""}"
1461,Hyderabad,Hyderabad,20,CENTRE FOR SIGHT KUKATPALLY A UNIT OF NEW DELHI CENTRE FOR SIGHT LTD,NABH,Tier 1,HYDERABAD,,"{""adcityName"": ""Hyderabad"", ""cityName"": ""HYDERABAD"", ""hospAcc"": ""NABH"", ""hospName"": ""CENTRE FOR SIGHT KUKATPALLY A UNIT OF NEW DELHI CENTRE FOR SIGHT LTD"", ""tierType"": ""Tier 1""}"
1462,Hyderabad,Hyderabad,20,Centre for Sight Vijayawada A Unit of New Delhi Centre for Sight Ltd,NABH,Tier 2,VIJAYAWADA,,"{""adcityName"": ""Hyderabad"", ""cityName"": ""VIJAYAWADA"", ""hospAcc"": ""NABH"", ""hospName"": ""Centre for Sight Vijayawada A Unit of New Delhi Centre for Sight Ltd"", ""tierType"": ""Tier 2""}"
1463,Hyderabad,Hyderabad,20,Chaitanya Cardiac Centre,NON NABH,Tier 2,VIJAYAWADA,,"{""adcityName"": ""Hyderabad"", ""cityName"": ""VIJAYAWADA"", ""hospAcc"": ""NON NABH"", ""hospName"": ""Chaitanya Cardiac Centre"", ""tierType"": ""Tier 2""}"
1464,Hyderabad,Hyderabad,20,CHAITANYA EYE HOSPITAL,NABH,Tier 2,VIJAYAWADA,,"{""adcityName"": ""Hyderabad"", ""cityName"": ""VIJAYAWADA"", ""hospAcc"": ""NABH"", ""hospName"": ""CHAITANYA EYE HOSPITAL"", ""tierType"": ""Tier 2""}"
1465,Hyderabad,Hyderabad,20,Citizens Specialty Hospital,NABH,Tier 1,HYDERABAD,,"{""adcityName"": ""Hyderabad"", ""cityName"": ""HYDERABAD"", ""hospAcc"": ""NABH"", ""hospName"": ""Citizens Specialty Hospital"", ""tierType"": ""Tier 1""}"
1466,Hyderabad,Hyderabad,20,Continental Hospitals Private Limited,NABH,Tier 1,HYDERABAD,,"{""adcityName"": ""Hyderabad"", ""cityName"": ""HYDERABAD"", ""hospAcc"": ""NABH"", ""hospName"": ""Continental Hospitals Private Limited "", ""tierType"": ""Tier 1""}"
1467,Hyderabad,Hyderabad,20,DOLPHIN DIAGNOSTIC SERVICES,NON NABL,Tier 2,VISAKHAPATNAM,,"{""adcityName"": ""Hyderabad"", ""cityName"": ""VISAKHAPATNAM"", ""hospAcc"": ""NON NABL"", ""hospName"": ""DOLPHIN DIAGNOSTIC SERVICES"", ""tierType"": ""Tier 2""}"
1468,Hyderabad,Hyderabad,20,DRAGARWALS EYE HOSPITAL,NON NABH,Tier 2,VISAKHAPATNAM,,"{""adcityName"": ""Hyderabad"", ""cityName"": ""VISAKHAPATNAM"", ""hospAcc"": ""NON NABH"", ""hospName"": ""DRAGARWALS EYE HOSPITAL"", ""tierType"": ""Tier 2""}"
1469,Hyderabad,Hyderabad,20,DR AGARWALS EYE HOSPITAL- GUNTUR,Non NABH,Tier 2,GUNTUR,,"{""adcityName"": ""Hyderabad"", ""cityName"": ""GUNTUR"", ""hospAcc"": ""Non NABH"", ""hospName"": ""DR AGARWALS EYE HOSPITAL- GUNTUR"", ""tierType"": ""Tier 2""}"
1470,Hyderabad,Hyderabad,20,DR AGARWALS EYE HOSPITAL- NELLORE,NON NABH,Tier 2,NELLORE,,"{""adcityName"": ""Hyderabad"", ""cityName"": ""NELLORE"", ""hospAcc"": ""NON NABH"", ""hospName"": ""DR AGARWALS EYE HOSPITAL- NELLORE"", ""tierType"": ""Tier 2""}"
1471,Hyderabad,Hyderabad,20,DR AGARWAL S EYE HOSPITAL - PANJAGUTTA,NON NABH,Tier 1,HYDERABAD,,"{""adcityName"": ""Hyderabad"", ""cityName"": ""HYDERABAD"", ""hospAcc"": ""NON NABH"", ""hospName"": ""DR AGARWAL S EYE HOSPITAL - PANJAGUTTA"", ""tierType"": ""Tier 1""}"
1472,Hyderabad,Hyderabad,20,DR AGARWALS EYE HOSPITRAL-RAJAJHUMDRY,NON NABH,Tier 3,RAJHAMUNDRY,,"{""adcityName"": ""Hyderabad"", ""cityName"": ""RAJHAMUNDRY"", ""hospAcc"": ""NON NABH"", ""hospName"": ""DR AGARWALS EYE HOSPITRAL-RAJAJHUMDRY"", ""tierType"": ""Tier 3""}"
1473,Hyderabad,Hyderabad,20,DR ANUS DENTAL CARE,NABH,Tier 1,HYDERABAD,,"{""adcityName"": ""Hyderabad"", ""cityName"": ""HYDERABAD"", ""hospAcc"": ""NABH"", ""hospName"": ""DR ANUS DENTAL CARE"", ""tierType"": ""Tier 1""}"
1474,Hyderabad,Hyderabad,20,DRISHTI EYE CARE CENTRE,NABH,Tier 1,HYDERABAD,,"{""adcityName"": ""Hyderabad"", ""cityName"": ""HYDERABAD"", ""hospAcc"": ""NABH"", ""hospName"": ""DRISHTI EYE CARE CENTRE"", ""tierType"": ""Tier 1""}"
1475,Hyderabad,Hyderabad,20,DRISHTI EYE CARE CENTRE,NON NABH,Tier 1,HYDERABAD,,"{""adcityName"": ""Hyderabad"", ""cityName"": ""HYDERABAD"", ""hospAcc"": ""NON NABH"", ""hospName"": ""DRISHTI EYE CARE CENTRE"", ""tierType"": ""Tier 1""}"
1476,Hyderabad,Hyderabad,20,Dr.Kirans Eye Hospitals Pvt Ltd,NON NABH,Tier 1,HYDERABAD,,"{""adcityName"": ""Hyderabad"", ""cityName"": ""HYDERABAD"", ""hospAcc"": ""NON NABH"", ""hospName"": ""Dr.Kirans Eye Hospitals Pvt Ltd"", ""tierType"": ""Tier 1""}"
1477,Hyderabad,Hyderabad,20,Dr.Radhika Multi Specialty Hospitals Pvt. Ltd.,NON NABH,Tier 2,VISAKHAPATNAM,,"{""adcityName"": ""Hyderabad"", ""cityName"": ""VISAKHAPATNAM"", ""hospAcc"": ""NON NABH"", ""hospName"": ""Dr.Radhika Multi Specialty Hospitals Pvt. Ltd."", ""tierType"": ""Tier 2""}"
1478,Hyderabad,Hyderabad,20,DR RAMANARAJUS VISION TREE SUPERSPECIALITY EYE CARE CENTRE,NABH,Tier 2,VISAKHAPATNAM,,"{""adcityName"": ""Hyderabad"", ""cityName"": ""VISAKHAPATNAM"", ""hospAcc"": ""NABH"", ""hospName"": ""DR RAMANARAJUS VISION TREE SUPERSPECIALITY EYE CARE CENTRE"", ""tierType"": ""Tier 2""}"
1479,Hyderabad,Hyderabad,20,Dr Ramesh Cardiac and Multispeciality Hospital PvtLtd,NABH,Tier 2,Vijayawada,,"{""adcityName"": ""Hyderabad"", ""cityName"": ""Vijayawada"", ""hospAcc"": ""NABH"", ""hospName"": ""Dr Ramesh Cardiac and Multispeciality Hospital PvtLtd"", ""tierType"": ""Tier 2""}"
1480,Hyderabad,Hyderabad,20,Dr Shiva Nagini Yalavarthi Multi Speciality Dental Clinc,NABH,Tier 1,HYDERABAD,,"{""adcityName"": ""Hyderabad"", ""cityName"": ""HYDERABAD"", ""hospAcc"": ""NABH"", ""hospName"": ""Dr Shiva Nagini Yalavarthi Multi Speciality Dental Clinc"", ""tierType"": ""Tier 1""}"
1481,Hyderabad,Hyderabad,20,Enel Hospitals,NON NABH,Tier 2,NELLORE,,"{""adcityName"": ""Hyderabad"", ""cityName"": ""NELLORE"", ""hospAcc"": ""NON NABH"", ""hospName"": ""Enel Hospitals"", ""tierType"": ""Tier 2""}"
1482,Hyderabad,Hyderabad,20,GAYATRI VIDYA PARISHAD INSTITUTE OF HEALH CARE AND MEDICAL TECHNOLOGY,NON NABH,Tier 2,VISAKHAPATNAM,,"{""adcityName"": ""Hyderabad"", ""cityName"": ""VISAKHAPATNAM"", ""hospAcc"": ""NON NABH"", ""hospName"": ""GAYATRI VIDYA PARISHAD INSTITUTE OF HEALH CARE AND MEDICAL TECHNOLOGY"", ""tierType"": ""Tier 2""}"
1483,Hyderabad,Hyderabad,20,GEMCARE PULOMI HOSPITALS (A UNIT OF GEMCARE HOSPITALS PVT LTD),NON NABH,Tier 1,HYDERABAD,,"{""adcityName"": ""Hyderabad"", ""cityName"": ""HYDERABAD"", ""hospAcc"": ""NON NABH"", ""hospName"": ""GEMCARE PULOMI HOSPITALS (A UNIT OF GEMCARE HOSPITALS PVT LTD)"", ""tierType"": ""Tier 1""}"
1484,Hyderabad,Hyderabad,20,Gleneagles AWARE Hospital,NABH,Tier 1,HYDERABAD,,"{""adcityName"": ""Hyderabad"", ""cityName"": ""HYDERABAD"", ""hospAcc"": ""NABH"", ""hospName"": ""Gleneagles AWARE Hospital"", ""tierType"": ""Tier 1""}"
1485,Hyderabad,Hyderabad,20,Gleneagles Global Hospital,NABH,Tier 1,HYDERABAD,,"{""adcityName"": ""Hyderabad"", ""cityName"": ""HYDERABAD"", ""hospAcc"": ""NABH"", ""hospName"": ""Gleneagles Global Hospital"", ""tierType"": ""Tier 1""}"
1486,Hyderabad,Hyderabad,20,GLOBAL DENT DENTAL HOSPITAL,NON NABH,Tier 1,HYDERABAD,,"{""adcityName"": ""Hyderabad"", ""cityName"": ""HYDERABAD"", ""hospAcc"": ""NON NABH"", ""hospName"": ""GLOBAL DENT DENTAL HOSPITAL"", ""tierType"": ""Tier 1""}"
1487,Hyderabad,Hyderabad,20,GURUNANAK CARE HOSPITALS,NABH,Tier 1,HYDERABAD,,"{""adcityName"": ""Hyderabad"", ""cityName"": ""HYDERABAD"", ""hospAcc"": ""NABH"", ""hospName"": ""GURUNANAK CARE HOSPITALS"", ""tierType"": ""Tier 1""}"
1488,Hyderabad,Hyderabad,20,HARNI DENTAL/HARNI HEALTH CARE,Non NABH,Tier 2,VISAKHAPATNAM,,"{""adcityName"": ""Hyderabad"", ""cityName"": ""VISAKHAPATNAM"", ""hospAcc"": ""Non NABH"", ""hospName"": ""HARNI DENTAL/HARNI HEALTH CARE"", ""tierType"": ""Tier 2""}"
1489,Hyderabad,Hyderabad,20,HCG CURIE CITY CANCER CENTRE,NON NABH,Tier 2,VIJAYAWADA,,"{""adcityName"": ""Hyderabad"", ""cityName"": ""VIJAYAWADA"", ""hospAcc"": ""NON NABH"", ""hospName"": ""HCG CURIE CITY CANCER CENTRE"", ""tierType"": ""Tier 2""}"
1490,Hyderabad,Hyderabad,20,HCG PINNACLE CANCER CENTRE,NABH,Tier 2,VISAKHAPATNAM,,"{""adcityName"": ""Hyderabad"", ""cityName"": ""VISAKHAPATNAM"", ""hospAcc"": ""NABH"", ""hospName"": ""HCG PINNACLE CANCER CENTRE"", ""tierType"": ""Tier 2""}"
1491,Hyderabad,Hyderabad,20,HIGH SIGHT SUPER SPECILAITY EYE HOSPITAL A UNIT OF AARNI EYE HOSPITALS PRIVATE LIMITED,NON NABH,Tier 1,HYDERABAD,,"{""adcityName"": ""Hyderabad"", ""cityName"": ""HYDERABAD"", ""hospAcc"": ""NON NABH"", ""hospName"": ""HIGH SIGHT SUPER SPECILAITY EYE HOSPITAL A UNIT OF AARNI EYE HOSPITALS PRIVATE LIMITED"", ""tierType"": ""Tier 1""}"
1492,Hyderabad,Hyderabad,20,HIMAGIRI HOSPITALS PVT LTD,NON NABH,Tier 1,HYDERABAD,,"{""adcityName"": ""Hyderabad"", ""cityName"": ""HYDERABAD"", ""hospAcc"": ""NON NABH"", ""hospName"": ""HIMAGIRI HOSPITALS PVT LTD"", ""tierType"": ""Tier 1""}"
1493,Hyderabad,Hyderabad,20,INDUS HOSPITALS UNIT OF VASUGAN MEDICALS SPECIALI,NABH,Tier 2,VISAKHAPATNAM,,"{""adcityName"": ""Hyderabad"", ""cityName"": ""VISAKHAPATNAM"", ""hospAcc"": ""NABH"", ""hospName"": ""INDUS HOSPITALS UNIT OF VASUGAN MEDICALS SPECIALI"", ""tierType"": ""Tier 2""}"
1494,Hyderabad,Hyderabad,20,KALYANI DENTAL HOSPITAL AND IMPLANT CENTRE,NON NABH,Tier 1,HYDERABAD,,"{""adcityName"": ""Hyderabad"", ""cityName"": ""HYDERABAD"", ""hospAcc"": ""NON NABH"", ""hospName"": ""KALYANI DENTAL HOSPITAL AND IMPLANT CENTRE"", ""tierType"": ""Tier 1""}"
1495,Hyderabad,Hyderabad,20,Kamineni Health Services Pvt Ltd,NABH,Tier 1,HYDERABAD,,"{""adcityName"": ""Hyderabad"", ""cityName"": ""HYDERABAD"", ""hospAcc"": ""NABH"", ""hospName"": ""Kamineni Health Services Pvt Ltd"", ""tierType"": ""Tier 1""}"
1496,Hyderabad,Hyderabad,20,KAMINENI HOSPITALS PRIVATE LIMITED,NABH,Tier 1,HYDERABAD,,"{""adcityName"": ""Hyderabad"", ""cityName"": ""HYDERABAD"", ""hospAcc"": ""NABH"", ""hospName"": ""KAMINENI HOSPITALS PRIVATE LIMITED"", ""tierType"": ""Tier 1""}"
1497,Hyderabad,Hyderabad,20,Kanakadurga Hospital a unit of Dr k b chowdary healthcare providers,NON NABH,Tier 2,VISAKHAPATNAM,,"{""adcityName"": ""Hyderabad"", ""cityName"": ""VISAKHAPATNAM"", ""hospAcc"": ""NON NABH"", ""hospName"": ""Kanakadurga Hospital a unit of Dr k b chowdary healthcare providers"", ""tierType"": ""Tier 2""}"
1498,Hyderabad,Hyderabad,20,KIMS HOSPITAL ENTERPRISES PVT LTD,NABH,Tier 1,HYDERABAD,,"{""adcityName"": ""Hyderabad"", ""cityName"": ""HYDERABAD"", ""hospAcc"": ""NABH"", ""hospName"": ""KIMS HOSPITAL ENTERPRISES PVT LTD"", ""tierType"": ""Tier 1""}"
1499,Hyderabad,Hyderabad,20,KIMS ICON HOSPITAL,NON NABH,Tier 2,VISAKHAPATNAM,,"{""adcityName"": ""Hyderabad"", ""cityName"": ""VISAKHAPATNAM"", ""hospAcc"": ""NON NABH"", ""hospName"": ""KIMS ICON HOSPITAL"", ""tierType"": ""Tier 2""}"
1500,Hyderabad,Hyderabad,20,KRISHNA INSTITUTE OF MEDICAL SCIENCES LTD,NABH,Tier 1,HYDERABAD,,"{""adcityName"": ""Hyderabad"", ""cityName"": ""HYDERABAD"", ""hospAcc"": ""NABH"", ""hospName"": ""KRISHNA INSTITUTE OF MEDICAL SCIENCES LTD"", ""tierType"": ""Tier 1""}"
1501,Hyderabad,Hyderabad,20,Lalitha Super Speciality Hospital P Ltd,Non NABH,Tier 2,GUNTUR,,"{""adcityName"": ""Hyderabad"", ""cityName"": ""GUNTUR"", ""hospAcc"": ""Non NABH"", ""hospName"": ""Lalitha Super Speciality Hospital P Ltd"", ""tierType"": ""Tier 2""}"
1502,Hyderabad,Hyderabad,20,MAA HOSPITALS PRIVATE LIMITED,NABH,Tier 1,HYDERABAD,,"{""adcityName"": ""Hyderabad"", ""cityName"": ""HYDERABAD"", ""hospAcc"": ""NABH"", ""hospName"": ""MAA HOSPITALS PRIVATE LIMITED"", ""tierType"": ""Tier 1""}"
1503,Hyderabad,Hyderabad,20,Mahatma Gandhi Cancer Hospital and Research Institute,NABH,Tier 2,VISAKHAPATNAM,,"{""adcityName"": ""Hyderabad"", ""cityName"": ""VISAKHAPATNAM"", ""hospAcc"": ""NABH"", ""hospName"": ""Mahatma Gandhi Cancer Hospital and Research Institute"", ""tierType"": ""Tier 2""}"
1504,Hyderabad,Hyderabad,20,MALATAMBA DENTAL HOSPITAL,NABH,Tier 2,VISAKHAPATNAM,,"{""adcityName"": ""Hyderabad"", ""cityName"": ""VISAKHAPATNAM"", ""hospAcc"": ""NABH"", ""hospName"": ""MALATAMBA DENTAL HOSPITAL"", ""tierType"": ""Tier 2""}"
1505,Hyderabad,Hyderabad,20,MALLAREDDY NARAYANA MULTISPECIALITY HOSPITAS,NABH,Tier 1,HYDERABAD,,"{""adcityName"": ""Hyderabad"", ""cityName"": ""HYDERABAD"", ""hospAcc"": ""NABH"", ""hospName"": ""MALLAREDDY NARAYANA MULTISPECIALITY HOSPITAS"", ""tierType"": ""Tier 1""}"
1506,Hyderabad,Hyderabad,20,Mamata Academy of Medical Sciences Hospital,NON NABH,Tier 1,HYDERABAD,,"{""adcityName"": ""Hyderabad"", ""cityName"": ""HYDERABAD"", ""hospAcc"": ""NON NABH"", ""hospName"": ""Mamata Academy of Medical Sciences Hospital"", ""tierType"": ""Tier 1""}"
1507,Hyderabad,Hyderabad,20,MAXIVISION EYE HOSPITAL PRIVATE LIMITED,NON NABH,Tier 2,VISAKHAPATNAM,,"{""adcityName"": ""Hyderabad"", ""cityName"": ""VISAKHAPATNAM"", ""hospAcc"": ""NON NABH"", ""hospName"": ""MAXIVISION EYE HOSPITAL PRIVATE LIMITED"", ""tierType"": ""Tier 2""}"
1508,Hyderabad,Hyderabad,20,MAXIVISION EYE HOSPITALS PRIVATE LIMITED,NABH,Tier 1,HYDERABAD,,"{""adcityName"": ""Hyderabad"", ""cityName"": ""HYDERABAD"", ""hospAcc"": ""NABH"", ""hospName"": ""MAXIVISION EYE HOSPITALS PRIVATE LIMITED"", ""tierType"": ""Tier 1""}"
1509,Hyderabad,Hyderabad,20,MAXIVISION EYE HOSPITALS PRIVATE LIMITED,NON NABH,Tier 2,VIJAYAWADA,,"{""adcityName"": ""Hyderabad"", ""cityName"": ""VIJAYAWADA"", ""hospAcc"": ""NON NABH"", ""hospName"": ""MAXIVISION EYE HOSPITALS PRIVATE LIMITED"", ""tierType"": ""Tier 2""}"
1510,Hyderabad,Hyderabad,20,MEDICARE SUPER SPECIALITY HOSPITALS,NON NABH,Tier 1,HYDERABAD,,"{""adcityName"": ""Hyderabad"", ""cityName"": ""HYDERABAD"", ""hospAcc"": ""NON NABH"", ""hospName"": ""MEDICARE SUPER SPECIALITY HOSPITALS"", ""tierType"": ""Tier 1""}"
1511,Hyderabad,Hyderabad,20,MEDICOVER CANCER INSTITUTE,NABH,Tier 1,Hyderabad,,"{""adcityName"": ""Hyderabad"", ""cityName"": ""Hyderabad"", ""hospAcc"": ""NABH"", ""hospName"": ""MEDICOVER CANCER INSTITUTE"", ""tierType"": ""Tier 1""}"
1512,Hyderabad,Hyderabad,20,Medicover Hospitals,NABH,Tier 2,VISAKHAPATNAM,,"{""adcityName"": ""Hyderabad"", ""cityName"": ""VISAKHAPATNAM"", ""hospAcc"": ""NABH"", ""hospName"": ""Medicover Hospitals"", ""tierType"": ""Tier 2""}"
1513,Hyderabad,Hyderabad,20,Medicover Hospitals,NON NABH,Tier 2,VISAKHAPATNAM,,"{""adcityName"": ""Hyderabad"", ""cityName"": ""VISAKHAPATNAM"", ""hospAcc"": ""NON NABH"", ""hospName"": ""Medicover Hospitals "", ""tierType"": ""Tier 2""}"
1514,Hyderabad,Hyderabad,20,MEDICOVER HOSPITALS,NABH,Tier 1,HYDERABAD,,"{""adcityName"": ""Hyderabad"", ""cityName"": ""HYDERABAD"", ""hospAcc"": ""NABH"", ""hospName"": ""MEDICOVER HOSPITALS"", ""tierType"": ""Tier 1""}"
1515,Hyderabad,Hyderabad,20,MEDICOVER HOSPITALS,NON NABH,Tier 2,VISAKHAPATNAM,,"{""adcityName"": ""Hyderabad"", ""cityName"": ""VISAKHAPATNAM"", ""hospAcc"": ""NON NABH"", ""hospName"": ""MEDICOVER HOSPITALS"", ""tierType"": ""Tier 2""}"
1516,Hyderabad,Hyderabad,20,MEDICOVER HOSPITALS BEGUMPET,NABH,Tier 1,HYDERABAD,,"{""adcityName"": ""Hyderabad"", ""cityName"": ""HYDERABAD"", ""hospAcc"": ""NABH"", ""hospName"": ""MEDICOVER HOSPITALS BEGUMPET"", ""tierType"": ""Tier 1""}"
1517,Hyderabad,Hyderabad,20,MEDICOVER HOSPITALS CHANDANAGAR,NON NABH,Tier 1,HYDERABAD,,"{""adcityName"": ""Hyderabad"", ""cityName"": ""HYDERABAD"", ""hospAcc"": ""NON NABH"", ""hospName"": ""MEDICOVER HOSPITALS CHANDANAGAR"", ""tierType"": ""Tier 1""}"
1518,Hyderabad,Hyderabad,20,MEDICOVER HOSPITALS UNIT : ABHAYANJANEYA HEALTH,NON NABH,Tier 2,NELLORE,,"{""adcityName"": ""Hyderabad"", ""cityName"": ""NELLORE"", ""hospAcc"": ""NON NABH"", ""hospName"": ""MEDICOVER HOSPITALS UNIT : ABHAYANJANEYA HEALTH"", ""tierType"": ""Tier 2""}"
1519,Hyderabad,Hyderabad,20,MEDICOVER HOSPITALS VENKOJIPALEM,NON NABH,Tier 2,VISAKHAPATNAM,,"{""adcityName"": ""Hyderabad"", ""cityName"": ""VISAKHAPATNAM"", ""hospAcc"": ""NON NABH"", ""hospName"": ""MEDICOVER HOSPITALS VENKOJIPALEM"", ""tierType"": ""Tier 2""}"
1520,Hyderabad,Hyderabad,20,MEDIVISION EYE AND HEALTHCARE CENTRE PVT LTD,NABH,Tier 1,HYDERABAD,,"{""adcityName"": ""Hyderabad"", ""cityName"": ""HYDERABAD"", ""hospAcc"": ""NABH"", ""hospName"": ""MEDIVISION EYE AND HEALTHCARE CENTRE PVT LTD"", ""tierType"": ""Tier 1""}"
1521,Hyderabad,Hyderabad,20,MEDIVISTA EYE CARE CENTREUNIT OF SUDHA HOSPITAL,NABH,Tier 1,HYDERABAD,,"{""adcityName"": ""Hyderabad"", ""cityName"": ""HYDERABAD"", ""hospAcc"": ""NABH"", ""hospName"": ""MEDIVISTA EYE CARE CENTREUNIT OF SUDHA HOSPITAL"", ""tierType"": ""Tier 1""}"
1522,Hyderabad,Hyderabad,20,MODERN EYE HOSPITAL AND RESEARCH CENTRE,NABH,Tier 2,NELLORE,,"{""adcityName"": ""Hyderabad"", ""cityName"": ""NELLORE"", ""hospAcc"": ""NABH"", ""hospName"": ""MODERN EYE HOSPITAL AND RESEARCH CENTRE"", ""tierType"": ""Tier 2""}"
1523,Hyderabad,Hyderabad,20,M S REDDY LIONS EYE HOSPITAL,NON NABH,Tier 1,HYDERABAD,,"{""adcityName"": ""Hyderabad"", ""cityName"": ""HYDERABAD"", ""hospAcc"": ""NON NABH"", ""hospName"": ""M S REDDY LIONS EYE HOSPITAL"", ""tierType"": ""Tier 1""}"
1524,Hyderabad,Hyderabad,20,"M/s. SHANMUKHA VAISHNAVI HOSPITALS PVT., LTD.,",NON NABH,Tier 1,HYDERABAD,,"{""adcityName"": ""Hyderabad"", ""cityName"": ""HYDERABAD"", ""hospAcc"": ""NON NABH"", ""hospName"": ""M/s. SHANMUKHA VAISHNAVI HOSPITALS PVT., LTD.,"", ""tierType"": ""Tier 1""}"
1525,Hyderabad,Hyderabad,20,MYTHRI HOSPITAL MEHDIPATNAM,NON NABH,Tier 1,HYDERABAD,,"{""adcityName"": ""Hyderabad"", ""cityName"": ""HYDERABAD"", ""hospAcc"": ""NON NABH"", ""hospName"": ""MYTHRI HOSPITAL MEHDIPATNAM"", ""tierType"": ""Tier 1""}"
1526,Hyderabad,Hyderabad,20,NEORETINA EYECARE INSTITUTE,NABH,Tier 1,HYDERABAD,,"{""adcityName"": ""Hyderabad"", ""cityName"": ""HYDERABAD"", ""hospAcc"": ""NABH"", ""hospName"": ""NEORETINA EYECARE INSTITUTE"", ""tierType"": ""Tier 1""}"
1527,Hyderabad,Hyderabad,20,NEO VISION EYE CARE AND LASER CENTRE PVT LTD,NABH,Tier 1,HYDERABAD,,"{""adcityName"": ""Hyderabad"", ""cityName"": ""HYDERABAD"", ""hospAcc"": ""NABH"", ""hospName"": ""NEO VISION EYE CARE AND LASER CENTRE PVT LTD"", ""tierType"": ""Tier 1""}"
1528,Hyderabad,Hyderabad,20,NETHRA EYE INSTITUTE A UNIT OF SOWRYA HOSPITALS,Non-NABH,Tier 1,HYDERABAD,,"{""adcityName"": ""Hyderabad"", ""cityName"": ""HYDERABAD"", ""hospAcc"": ""Non-NABH"", ""hospName"": ""NETHRA EYE INSTITUTE A UNIT OF SOWRYA HOSPITALS"", ""tierType"": ""Tier 1""}"
1529,Hyderabad,Hyderabad,20,NEW LIFELINE MULTISPECIALITY HOSPITAL PVT LTD,NON NABH,Tier 1,HYDERABAD,,"{""adcityName"": ""Hyderabad"", ""cityName"": ""HYDERABAD"", ""hospAcc"": ""NON NABH"", ""hospName"": ""NEW LIFELINE MULTISPECIALITY HOSPITAL PVT LTD"", ""tierType"": ""Tier 1""}"
1530,Hyderabad,Hyderabad,20,Nikhil hospitals,NON NABH,Tier 1,HYDERABAD,,"{""adcityName"": ""Hyderabad"", ""cityName"": ""HYDERABAD"", ""hospAcc"": ""NON NABH"", ""hospName"": ""Nikhil hospitals"", ""tierType"": ""Tier 1""}"
1531,Hyderabad,Hyderabad,20,Nikhil Hospitals,NON NABH,Tier 1,HYDERABAD,,"{""adcityName"": ""Hyderabad"", ""cityName"": ""HYDERABAD"", ""hospAcc"": ""NON NABH"", ""hospName"": ""Nikhil Hospitals"", ""tierType"": ""Tier 1""}"
1532,Hyderabad,Hyderabad,20,NUHA HOSPITAL,NON NABH,Tier 2,GUNTUR,,"{""adcityName"": ""Hyderabad"", ""cityName"": ""GUNTUR"", ""hospAcc"": ""NON NABH"", ""hospName"": ""NUHA HOSPITAL"", ""tierType"": ""Tier 2""}"
1533,Hyderabad,Hyderabad,20,OMEGA HOSPITALS,Non NABH,Tier 2,GUNTUR,,"{""adcityName"": ""Hyderabad"", ""cityName"": ""GUNTUR"", ""hospAcc"": ""Non NABH"", ""hospName"": ""OMEGA HOSPITALS"", ""tierType"": ""Tier 2""}"
1534,Hyderabad,Hyderabad,20,OMEGA HOSPITALS,NABH,Tier 1,HYDERABAD,,"{""adcityName"": ""Hyderabad"", ""cityName"": ""HYDERABAD"", ""hospAcc"": ""NABH"", ""hospName"": ""OMEGA HOSPITALS"", ""tierType"": ""Tier 1""}"
1535,Hyderabad,Hyderabad,20,OMEGA HOSPITALS A UNIT OF HYDERABAD INSTITUTE OF ONCOLOGY,NABH,Tier 1,HYDERABAD,,"{""adcityName"": ""Hyderabad"", ""cityName"": ""HYDERABAD"", ""hospAcc"": ""NABH"", ""hospName"": ""OMEGA HOSPITALS  A UNIT OF HYDERABAD INSTITUTE OF ONCOLOGY"", ""tierType"": ""Tier 1""}"
1536,Hyderabad,Hyderabad,20,OMNI HOSPITALS,NABH,Tier 1,Hyderabad,,"{""adcityName"": ""Hyderabad"", ""cityName"": ""Hyderabad"", ""hospAcc"": ""NABH"", ""hospName"": ""OMNI HOSPITALS"", ""tierType"": ""Tier 1""}"
1537,Hyderabad,Hyderabad,20,OMNI HOSPITALS,NABH,Tier 1,HYDERABAD,,"{""adcityName"": ""Hyderabad"", ""cityName"": ""HYDERABAD"", ""hospAcc"": ""NABH"", ""hospName"": ""OMNI HOSPITALS"", ""tierType"": ""Tier 1""}"
1538,Hyderabad,Hyderabad,20,OZONE HOSPITALS,NABH,Tier 1,HYDERABAD,,"{""adcityName"": ""Hyderabad"", ""cityName"": ""HYDERABAD"", ""hospAcc"": ""NABH"", ""hospName"": ""OZONE HOSPITALS"", ""tierType"": ""Tier 1""}"
1539,Hyderabad,Hyderabad,20,PACE HOSPITAL,NABH,Tier 1,HYDERABAD,,"{""adcityName"": ""Hyderabad"", ""cityName"": ""HYDERABAD"", ""hospAcc"": ""NABH"", ""hospName"": ""PACE HOSPITAL"", ""tierType"": ""Tier 1""}"
1540,Hyderabad,Hyderabad,20,PADMAJA HOSPITAL MULTI SPECIALITY SERVICE,NON NABH,Tier 1,HYDERABAD,,"{""adcityName"": ""Hyderabad"", ""cityName"": ""HYDERABAD"", ""hospAcc"": ""NON NABH"", ""hospName"": ""PADMAJA HOSPITAL MULTI SPECIALITY SERVICE"", ""tierType"": ""Tier 1""}"
1541,Hyderabad,Hyderabad,20,PANACEA MERIDIAN HOSPITALS,NON NABH,Tier 1,HYDERABAD,,"{""adcityName"": ""Hyderabad"", ""cityName"": ""HYDERABAD"", ""hospAcc"": ""NON NABH"", ""hospName"": ""PANACEA MERIDIAN HOSPITALS"", ""tierType"": ""Tier 1""}"
1542,Hyderabad,Hyderabad,20,Pinnacle Hospitals India Pvt Ltd,NON NABH,Tier 2,VISAKHAPATNAM,,"{""adcityName"": ""Hyderabad"", ""cityName"": ""VISAKHAPATNAM"", ""hospAcc"": ""NON NABH"", ""hospName"": ""Pinnacle Hospitals India Pvt Ltd"", ""tierType"": ""Tier 2""}"
1543,Hyderabad,Hyderabad,20,PRAGNA HOSPITAL,NABH,Tier 1,HYDERABAD,,"{""adcityName"": ""Hyderabad"", ""cityName"": ""HYDERABAD"", ""hospAcc"": ""NABH"", ""hospName"": ""PRAGNA HOSPITAL"", ""tierType"": ""Tier 1""}"
1544,Hyderabad,Hyderabad,20,PRASAD HOSPITALS (UNIT OF UNITED BIO SCIENCES PVT.LTD),NABH,Tier 1,HYDERABAD,,"{""adcityName"": ""Hyderabad"", ""cityName"": ""HYDERABAD"", ""hospAcc"": ""NABH"", ""hospName"": ""PRASAD HOSPITALS (UNIT OF UNITED BIO SCIENCES PVT.LTD)"", ""tierType"": ""Tier 1""}"
1545,Hyderabad,Hyderabad,20,Prathima Hospitals a unit of Mamatha Medicare Private Limited,NABH,Tier 1,Hyderabad,,"{""adcityName"": ""Hyderabad"", ""cityName"": ""Hyderabad"", ""hospAcc"": ""NABH"", ""hospName"": ""Prathima Hospitals   a unit of Mamatha Medicare Private Limited"", ""tierType"": ""Tier 1""}"
1546,Hyderabad,Hyderabad,20,PRATHIMA HOSPITALS A unit of Sri Sai Balaji Health Care India Private Limited,NABH,Tier 1,HYDERABAD,,"{""adcityName"": ""Hyderabad"", ""cityName"": ""HYDERABAD"", ""hospAcc"": ""NABH"", ""hospName"": ""PRATHIMA HOSPITALS  A unit of Sri Sai Balaji Health Care India Private Limited"", ""tierType"": ""Tier 1""}"
1547,Hyderabad,Hyderabad,20,Pratyusha Dental Hospital,NON NABH,Tier 2,GUNTUR,,"{""adcityName"": ""Hyderabad"", ""cityName"": ""GUNTUR"", ""hospAcc"": ""NON NABH"", ""hospName"": ""Pratyusha Dental Hospital "", ""tierType"": ""Tier 2""}"
1548,Hyderabad,Hyderabad,20,Praveen hospitals,NON NABH,Tier 2,VIJAYAWADA,,"{""adcityName"": ""Hyderabad"", ""cityName"": ""VIJAYAWADA"", ""hospAcc"": ""NON NABH"", ""hospName"": ""Praveen hospitals"", ""tierType"": ""Tier 2""}"
1549,Hyderabad,Hyderabad,20,Prime Retina Eye Care Centre,NABH,Tier 1,HYDERABAD,,"{""adcityName"": ""Hyderabad"", ""cityName"": ""HYDERABAD"", ""hospAcc"": ""NABH"", ""hospName"": "" Prime Retina Eye Care Centre"", ""tierType"": ""Tier 1""}"
1550,Hyderabad,Hyderabad,20,Prime Retina Eye Care Centre,NABH,Tier 1,HYDERABAD,,"{""adcityName"": ""Hyderabad"", ""cityName"": ""HYDERABAD"", ""hospAcc"": ""NABH"", ""hospName"": ""Prime Retina Eye Care Centre"", ""tierType"": ""Tier 1""}"
1551,Hyderabad,Hyderabad,20,PRK HOSPITALS,NON NABH,Tier 1,HYDERABAD,,"{""adcityName"": ""Hyderabad"", ""cityName"": ""HYDERABAD"", ""hospAcc"": ""NON NABH"", ""hospName"": ""PRK HOSPITALS"", ""tierType"": ""Tier 1""}"
1552,Hyderabad,Hyderabad,20,PUSHPAGIRI EYE INSTITUTE,NABH,Tier 1,HYDERABAD,,"{""adcityName"": ""Hyderabad"", ""cityName"": ""HYDERABAD"", ""hospAcc"": ""NABH"", ""hospName"": ""PUSHPAGIRI EYE INSTITUTE"", ""tierType"": ""Tier 1""}"
1553,Hyderabad,Hyderabad,20,Q1 HOSPITALS,NABH,Tier 2,VISAKHAPATNAM,,"{""adcityName"": ""Hyderabad"", ""cityName"": ""VISAKHAPATNAM"", ""hospAcc"": ""NABH"", ""hospName"": ""Q1 HOSPITALS"", ""tierType"": ""Tier 2""}"
1554,Hyderabad,Hyderabad,20,QUEENS NRI HOSPITAL,NABH,Tier 2,VISAKHAPATNAM,,"{""adcityName"": ""Hyderabad"", ""cityName"": ""VISAKHAPATNAM"", ""hospAcc"": ""NABH"", ""hospName"": ""QUEENS NRI HOSPITAL"", ""tierType"": ""Tier 2""}"
1555,Hyderabad,Hyderabad,20,QULAITYCARE INDIA LTD CARE Hospital Visakhapatnam,NABH,Tier 2,VISAKHAPATNAM,,"{""adcityName"": ""Hyderabad"", ""cityName"": ""VISAKHAPATNAM"", ""hospAcc"": ""NABH"", ""hospName"": ""QULAITYCARE INDIA LTD CARE Hospital Visakhapatnam"", ""tierType"": ""Tier 2""}"
1556,Hyderabad,Hyderabad,20,RAGHAVENDRA HOSPITAL,NON NABH,Tier 2,VISAKHAPATNAM,,"{""adcityName"": ""Hyderabad"", ""cityName"": ""VISAKHAPATNAM"", ""hospAcc"": ""NON NABH"", ""hospName"": ""RAGHAVENDRA HOSPITAL"", ""tierType"": ""Tier 2""}"
1557,Hyderabad,Hyderabad,20,Raju Neuro & Multi Specialty Hospital,Non NABH,Tier 3,RAJHAMUNDRY,,"{""adcityName"": ""Hyderabad"", ""cityName"": ""RAJHAMUNDRY"", ""hospAcc"": ""Non NABH"", ""hospName"": ""Raju Neuro & Multi Specialty Hospital"", ""tierType"": ""Tier 3""}"
1558,Hyderabad,Hyderabad,20,Ramdevrao Hospitals,NABH,Tier 1,HYDERABAD,,"{""adcityName"": ""Hyderabad"", ""cityName"": ""HYDERABAD"", ""hospAcc"": ""NABH"", ""hospName"": ""Ramdevrao Hospitals"", ""tierType"": ""Tier 1""}"
1559,Hyderabad,Hyderabad,20,RAVI HOSPITAL,NON NABH,Tier 2,VIJAYAWADA,,"{""adcityName"": ""Hyderabad"", ""cityName"": ""VIJAYAWADA"", ""hospAcc"": ""NON NABH"", ""hospName"": ""RAVI HOSPITAL"", ""tierType"": ""Tier 2""}"
1560,Hyderabad,Hyderabad,20,REMEDY HOSPITALS,NON NABH,Tier 1,HYDERABAD,,"{""adcityName"": ""Hyderabad"", ""cityName"": ""HYDERABAD"", ""hospAcc"": ""NON NABH"", ""hospName"": ""REMEDY HOSPITALS"", ""tierType"": ""Tier 1""}"
1561,Hyderabad,Hyderabad,20,RENOVA CENTURY HOSPITALS,NABH,Tier 1,HYDERABAD,,"{""adcityName"": ""Hyderabad"", ""cityName"": ""HYDERABAD"", ""hospAcc"": ""NABH"", ""hospName"": ""RENOVA CENTURY HOSPITALS"", ""tierType"": ""Tier 1""}"
1562,Hyderabad,Hyderabad,20,Renova Hospitals,NON NABH,Tier 1,HYDERABAD,,"{""adcityName"": ""Hyderabad"", ""cityName"": ""HYDERABAD"", ""hospAcc"": ""NON NABH"", ""hospName"": ""Renova Hospitals"", ""tierType"": ""Tier 1""}"
1563,Hyderabad,Hyderabad,20,RENOVA HOSPITALS,NON NABH,Tier 1,HYDERABAD,,"{""adcityName"": ""Hyderabad"", ""cityName"": ""HYDERABAD"", ""hospAcc"": ""NON NABH"", ""hospName"": ""RENOVA HOSPITALS"", ""tierType"": ""Tier 1""}"
1564,Hyderabad,Hyderabad,20,Renova Neelima Hospital,NABH,Tier 1,HYDERABAD,,"{""adcityName"": ""Hyderabad"", ""cityName"": ""HYDERABAD"", ""hospAcc"": ""NABH"", ""hospName"": ""Renova Neelima Hospital"", ""tierType"": ""Tier 1""}"
1565,Hyderabad,Hyderabad,20,Renova NIGL,NON NABH,Tier 1,HYDERABAD,,"{""adcityName"": ""Hyderabad"", ""cityName"": ""HYDERABAD"", ""hospAcc"": ""NON NABH"", ""hospName"": ""Renova NIGL"", ""tierType"": ""Tier 1""}"
1566,Hyderabad,Hyderabad,20,Renova Soumya cancer center,NON NABH,Tier 1,HYDERABAD,,"{""adcityName"": ""Hyderabad"", ""cityName"": ""HYDERABAD"", ""hospAcc"": ""NON NABH"", ""hospName"": ""Renova Soumya cancer center"", ""tierType"": ""Tier 1""}"
1567,Hyderabad,Hyderabad,20,Rishab Eye Care Centres Pvt Ltd,NABH,Tier 1,HYDERABAD,,"{""adcityName"": ""Hyderabad"", ""cityName"": ""HYDERABAD"", ""hospAcc"": ""NABH"", ""hospName"": "" Rishab Eye Care Centres Pvt Ltd"", ""tierType"": ""Tier 1""}"
1568,Hyderabad,Hyderabad,20,RV SUPERSPECIALITY EYE CARE,NON NABH,Tier 2,VISAKHAPATNAM,,"{""adcityName"": ""Hyderabad"", ""cityName"": ""VISAKHAPATNAM"", ""hospAcc"": ""NON NABH"", ""hospName"": ""RV SUPERSPECIALITY EYE CARE"", ""tierType"": ""Tier 2""}"
1569,Hyderabad,Hyderabad,20,Sai Godavari Super Speciality Hospital,NON NABH,Tier 2,VISAKHAPATNAM,,"{""adcityName"": ""Hyderabad"", ""cityName"": ""VISAKHAPATNAM"", ""hospAcc"": ""NON NABH"", ""hospName"": ""Sai Godavari Super Speciality Hospital"", ""tierType"": ""Tier 2""}"
1570,Hyderabad,Hyderabad,20,SAI JYOTHI EYE INSTITUTE-MARREDPALLY,NABH,Tier 1,HYDERABAD,,"{""adcityName"": ""Hyderabad"", ""cityName"": ""HYDERABAD"", ""hospAcc"": ""NABH"", ""hospName"": ""SAI JYOTHI EYE INSTITUTE-MARREDPALLY"", ""tierType"": ""Tier 1""}"
1571,Hyderabad,Hyderabad,20,SAI SANJEEVINI HOSPITALS,NABH,Tier 1,HYDERABAD,,"{""adcityName"": ""Hyderabad"", ""cityName"": ""HYDERABAD"", ""hospAcc"": ""NABH"", ""hospName"": ""SAI SANJEEVINI HOSPITALS"", ""tierType"": ""Tier 1""}"
1572,Hyderabad,Hyderabad,20,SAMISHTA HOSPITAL AND RESEARCH INSTITUTE,NON NABH,Tier 2,GUNTUR,,"{""adcityName"": ""Hyderabad"", ""cityName"": ""GUNTUR"", ""hospAcc"": ""NON NABH"", ""hospName"": ""SAMISHTA HOSPITAL AND RESEARCH INSTITUTE"", ""tierType"": ""Tier 2""}"
1573,Hyderabad,Hyderabad,20,SANKAR FOUNDATION EYE HOSPITAL And INSTITUTE,NABH,Tier 2,VISAKHAPATNAM,,"{""adcityName"": ""Hyderabad"", ""cityName"": ""VISAKHAPATNAM"", ""hospAcc"": ""NABH"", ""hospName"": ""SANKAR FOUNDATION EYE HOSPITAL And INSTITUTE"", ""tierType"": ""Tier 2""}"
1574,Hyderabad,Hyderabad,20,SATHYA DIAGNOSTIC CENTRE,NABL,Tier 1,HYDERABAD,,"{""adcityName"": ""Hyderabad"", ""cityName"": ""HYDERABAD"", ""hospAcc"": ""NABL"", ""hospName"": ""SATHYA DIAGNOSTIC CENTRE"", ""tierType"": ""Tier 1""}"
1575,Hyderabad,Hyderabad,20,SATHYA KIDNEY CENTRE And SUPER SPECIALITY HOSPITALS,NABH,Tier 1,HYDERABAD,,"{""adcityName"": ""Hyderabad"", ""cityName"": ""HYDERABAD"", ""hospAcc"": ""NABH"", ""hospName"": ""SATHYA KIDNEY CENTRE And SUPER SPECIALITY HOSPITALS"", ""tierType"": ""Tier 1""}"
1576,Hyderabad,Hyderabad,20,SEASONS HOSPITALS,NON NABH,Tier 1,HYDERABAD,,"{""adcityName"": ""Hyderabad"", ""cityName"": ""HYDERABAD"", ""hospAcc"": ""NON NABH"", ""hospName"": ""SEASONS HOSPITALS"", ""tierType"": ""Tier 1""}"
1577,Hyderabad,Hyderabad,20,SECUNDERABAD DIAGNOSTIC and RESEARCH CENTRE,NABL,Tier 1,HYDERABAD,,"{""adcityName"": ""Hyderabad"", ""cityName"": ""HYDERABAD"", ""hospAcc"": ""NABL"", ""hospName"": ""SECUNDERABAD DIAGNOSTIC and RESEARCH CENTRE"", ""tierType"": ""Tier 1""}"
1578,Hyderabad,Hyderabad,20,SevenHills Healthcare Private Limited,NABH,Tier 2,VISAKHAPATNAM,,"{""adcityName"": ""Hyderabad"", ""cityName"": ""VISAKHAPATNAM"", ""hospAcc"": ""NABH"", ""hospName"": ""SevenHills Healthcare Private Limited"", ""tierType"": ""Tier 2""}"
1579,Hyderabad,Hyderabad,20,SHISHIRA HOSPITALS PRIVATE LIMITED,NON NABH,Tier 1,HYDERABAD,,"{""adcityName"": ""Hyderabad"", ""cityName"": ""HYDERABAD"", ""hospAcc"": ""NON NABH"", ""hospName"": ""SHISHIRA HOSPITALS PRIVATE LIMITED"", ""tierType"": ""Tier 1""}"
1580,Hyderabad,Hyderabad,20,Shiva Hospitals,NON NABH,Tier 2,GUNTUR,,"{""adcityName"": ""Hyderabad"", ""cityName"": ""GUNTUR"", ""hospAcc"": ""NON NABH"", ""hospName"": ""Shiva Hospitals"", ""tierType"": ""Tier 2""}"
1581,Hyderabad,Hyderabad,20,Sidarth Hospitals A Unit of Uma Gowri Hospital P Ltd,NON NABH,Tier 1,HYDERABAD,,"{""adcityName"": ""Hyderabad"", ""cityName"": ""HYDERABAD"", ""hospAcc"": ""NON NABH"", ""hospName"": ""Sidarth Hospitals A Unit of Uma Gowri Hospital P Ltd"", ""tierType"": ""Tier 1""}"
1582,Hyderabad,Hyderabad,20,SLG HOSPITALS,NON NABH,Tier 1,HYDERABAD,,"{""adcityName"": ""Hyderabad"", ""cityName"": ""HYDERABAD"", ""hospAcc"": ""NON NABH"", ""hospName"": ""SLG HOSPITALS"", ""tierType"": ""Tier 1""}"
1583,Hyderabad,Hyderabad,20,Smart Vision Eye Specialities Private Limited,NON NABH,Tier 1,HYDERABAD,,"{""adcityName"": ""Hyderabad"", ""cityName"": ""HYDERABAD"", ""hospAcc"": ""NON NABH"", ""hospName"": ""Smart Vision Eye Specialities Private Limited"", ""tierType"": ""Tier 1""}"
1584,Hyderabad,Hyderabad,20,Smile and Shine Dental,NABH,Tier 2,VISAKHAPATNAM,,"{""adcityName"": ""Hyderabad"", ""cityName"": ""VISAKHAPATNAM"", ""hospAcc"": ""NABH"", ""hospName"": ""Smile and Shine Dental"", ""tierType"": ""Tier 2""}"
1585,Hyderabad,Hyderabad,20,SMILE DENTAL CLINICS,NABH,Tier 2,GUNTUR,,"{""adcityName"": ""Hyderabad"", ""cityName"": ""GUNTUR"", ""hospAcc"": ""NABH"", ""hospName"": ""SMILE DENTAL CLINICS"", ""tierType"": ""Tier 2""}"
1586,Hyderabad,Hyderabad,20,SMILE SUPER SPECIALITY DENTAL HOSPITAL,NABH,Tier 2,NELLORE,,"{""adcityName"": ""Hyderabad"", ""cityName"": ""NELLORE"", ""hospAcc"": ""NABH"", ""hospName"": ""SMILE SUPER SPECIALITY DENTAL HOSPITAL"", ""tierType"": ""Tier 2""}"
1587,Hyderabad,Hyderabad,20,SOLIS EYE CARE HOSPITALS PVT LTD,NABH,Tier 1,HYDERABAD,,"{""adcityName"": ""Hyderabad"", ""cityName"": ""HYDERABAD"", ""hospAcc"": ""NABH"", ""hospName"": ""SOLIS EYE CARE HOSPITALS PVT LTD"", ""tierType"": ""Tier 1""}"
1588,Hyderabad,Hyderabad,20,Spashta Eye Hospital,NON NABH,Tier 1,HYDERABAD,,"{""adcityName"": ""Hyderabad"", ""cityName"": ""HYDERABAD"", ""hospAcc"": ""NON NABH"", ""hospName"": ""Spashta Eye Hospital"", ""tierType"": ""Tier 1""}"
1589,Hyderabad,Hyderabad,20,Sree Gayatri Superspeciality Cancer Hospital Pvt Ltd,NON NABH,Tier 2,VIJAYAWADA,,"{""adcityName"": ""Hyderabad"", ""cityName"": ""VIJAYAWADA"", ""hospAcc"": ""NON NABH"", ""hospName"": ""Sree Gayatri Superspeciality Cancer Hospital Pvt Ltd"", ""tierType"": ""Tier 2""}"
1590,Hyderabad,Hyderabad,20,SREE NETRALAYA EYE HOSPITAL AND LASER CENTRE PVT LTD,NABH,Tier 1,HYDERABAD,,"{""adcityName"": ""Hyderabad"", ""cityName"": ""HYDERABAD"", ""hospAcc"": ""NABH"", ""hospName"": ""SREE NETRALAYA EYE HOSPITAL AND LASER CENTRE PVT LTD"", ""tierType"": ""Tier 1""}"
1591,Hyderabad,Hyderabad,20,SREE SHIRIDI SAI 4DS DENTAL AND POLY CLINIC,NABH,Tier 2,VISAKHAPATNAM,,"{""adcityName"": ""Hyderabad"", ""cityName"": ""VISAKHAPATNAM"", ""hospAcc"": ""NABH"", ""hospName"": ""SREE SHIRIDI SAI 4DS DENTAL AND POLY CLINIC"", ""tierType"": ""Tier 2""}"
1592,Hyderabad,Hyderabad,20,SRESHTASRIKAMALAHOPSITAL,NON NABH,Tier 1,HYDERABAD,,"{""adcityName"": ""Hyderabad"", ""cityName"": ""HYDERABAD"", ""hospAcc"": ""NON NABH"", ""hospName"": ""SRESHTASRIKAMALAHOPSITAL"", ""tierType"": ""Tier 1""}"
1593,Hyderabad,Hyderabad,20,SRI BHAVANI HOSPITAL,NON NABH,Tier 2,VIJAYAWADA,,"{""adcityName"": ""Hyderabad"", ""cityName"": ""VIJAYAWADA"", ""hospAcc"": ""NON NABH"", ""hospName"": ""SRI BHAVANI HOSPITAL"", ""tierType"": ""Tier 2""}"
1594,Hyderabad,Hyderabad,20,SRIKARA HOSPITAL,NABH,Tier 1,HYDERABAD,,"{""adcityName"": ""Hyderabad"", ""cityName"": ""HYDERABAD"", ""hospAcc"": ""NABH"", ""hospName"": ""SRIKARA HOSPITAL"", ""tierType"": ""Tier 1""}"
1595,Hyderabad,Hyderabad,20,SRIKARA HOSPITALS,NABH,Tier 2,VIJAYAWADA,,"{""adcityName"": ""Hyderabad"", ""cityName"": ""VIJAYAWADA"", ""hospAcc"": ""NABH"", ""hospName"": ""SRIKARA HOSPITALS"", ""tierType"": ""Tier 2""}"
1596,Hyderabad,Hyderabad,20,Srikara Hospitals Miyapur,NABH,Tier 1,HYDERABAD,,"{""adcityName"": ""Hyderabad"", ""cityName"": ""HYDERABAD"", ""hospAcc"": ""NABH"", ""hospName"": ""Srikara Hospitals Miyapur"", ""tierType"": ""Tier 1""}"
1597,Hyderabad,Hyderabad,20,SRI MAHALAXMI MAXIVISION EYE HOSPITAL PVT LTD,NON NABH,Tier 1,HYDERABAD,,"{""adcityName"": ""Hyderabad"", ""cityName"": ""HYDERABAD"", ""hospAcc"": ""NON NABH"", ""hospName"": ""SRI MAHALAXMI MAXIVISION EYE HOSPITAL PVT LTD"", ""tierType"": ""Tier 1""}"
1598,Hyderabad,Hyderabad,20,SRINIDHI MULTISPECIALITY DENTAL HOSPITAL,NON NABH,Tier 2,VIJAYAWADA,,"{""adcityName"": ""Hyderabad"", ""cityName"": ""VIJAYAWADA"", ""hospAcc"": ""NON NABH"", ""hospName"": ""SRINIDHI MULTISPECIALITY DENTAL HOSPITAL"", ""tierType"": ""Tier 2""}"
1599,Hyderabad,Hyderabad,20,SRI SAI NETHRALAYA EYE HOSPITAL,NON NABH,Tier 1,HYDERABAD,,"{""adcityName"": ""Hyderabad"", ""cityName"": ""HYDERABAD"", ""hospAcc"": ""NON NABH"", ""hospName"": ""SRI SAI NETHRALAYA EYE HOSPITAL"", ""tierType"": ""Tier 1""}"
1600,Hyderabad,Hyderabad,20,SRI SAIRAM DENTAL HOSPITAL & IMPLANT CENTRE,Non NABH,Tier 3,RAJHAMUNDRY,,"{""adcityName"": ""Hyderabad"", ""cityName"": ""RAJHAMUNDRY"", ""hospAcc"": ""Non NABH"", ""hospName"": ""SRI SAIRAM DENTAL HOSPITAL & IMPLANT CENTRE"", ""tierType"": ""Tier 3""}"
1601,Hyderabad,Hyderabad,20,SRI SHANKARA NETHRALAYA,NON NABH,Tier 1,HYDERABAD,,"{""adcityName"": ""Hyderabad"", ""cityName"": ""HYDERABAD"", ""hospAcc"": ""NON NABH"", ""hospName"": ""SRI SHANKARA NETHRALAYA"", ""tierType"": ""Tier 1""}"
1602,Hyderabad,Hyderabad,20,SRI SRI HOLISTIC HOSPITALS,NON NABH,Tier 1,Hyderabad,,"{""adcityName"": ""Hyderabad"", ""cityName"": ""Hyderabad"", ""hospAcc"": ""NON NABH"", ""hospName"": ""SRI SRI HOLISTIC HOSPITALS"", ""tierType"": ""Tier 1""}"
1603,Hyderabad,Hyderabad,20,SRI SRI HOLISTIC HOSPITALS,NON NABH,Tier 1,HYDERABAD,,"{""adcityName"": ""Hyderabad"", ""cityName"": ""HYDERABAD"", ""hospAcc"": ""NON NABH"", ""hospName"": ""SRI SRI HOLISTIC HOSPITALS"", ""tierType"": ""Tier 1""}"
1604,Hyderabad,Hyderabad,20,Sri Visista Super Speciality Ayurveda,NABH,Tier 1,HYDERABAD,,"{""adcityName"": ""Hyderabad"", ""cityName"": ""HYDERABAD"", ""hospAcc"": ""NABH"", ""hospName"": ""Sri Visista Super Speciality Ayurveda"", ""tierType"": ""Tier 1""}"
1605,Hyderabad,Hyderabad,20,S S Dental Hospital,NON NABH,Tier 2,VISAKHAPATNAM,,"{""adcityName"": ""Hyderabad"", ""cityName"": ""VISAKHAPATNAM"", ""hospAcc"": ""NON NABH"", ""hospName"": ""S S Dental Hospital"", ""tierType"": ""Tier 2""}"
1606,Hyderabad,Hyderabad,20,STAR HOSPITALS A UNIT OF UNIMED HEALTH CARE PRIVATE LIMITED,NON NABH,Tier 1,HYDERABAD,,"{""adcityName"": ""Hyderabad"", ""cityName"": ""HYDERABAD"", ""hospAcc"": ""NON NABH"", ""hospName"": ""STAR HOSPITALS A UNIT OF UNIMED HEALTH CARE PRIVATE LIMITED"", ""tierType"": ""Tier 1""}"
1607,Hyderabad,Hyderabad,20,Sunrise Hospitals,NABH,Tier 2,VIJAYAWADA,,"{""adcityName"": ""Hyderabad"", ""cityName"": ""VIJAYAWADA"", ""hospAcc"": ""NABH"", ""hospName"": ""Sunrise Hospitals"", ""tierType"": ""Tier 2""}"
1608,Hyderabad,Hyderabad,20,SUNSHINE HOSPITAL,NABH,Tier 1,HYDERABAD,,"{""adcityName"": ""Hyderabad"", ""cityName"": ""HYDERABAD"", ""hospAcc"": ""NABH"", ""hospName"": ""SUNSHINE HOSPITAL"", ""tierType"": ""Tier 1""}"
1609,Hyderabad,Hyderabad,20,Swarna Scans,NON NABH,Tier 2,VIJAYAWADA,,"{""adcityName"": ""Hyderabad"", ""cityName"": ""VIJAYAWADA"", ""hospAcc"": ""NON NABH"", ""hospName"": ""Swarna Scans"", ""tierType"": ""Tier 2""}"
1610,Hyderabad,Hyderabad,20,Swarup Eye Centre,NON NABH,Tier 1,HYDERABAD,,"{""adcityName"": ""Hyderabad"", ""cityName"": ""HYDERABAD"", ""hospAcc"": ""NON NABH"", ""hospName"": ""Swarup Eye Centre"", ""tierType"": ""Tier 1""}"
1611,Hyderabad,Hyderabad,20,Swarup Eye Centre,NON NABH,Tier 1,HYDERABAD,,"{""adcityName"": ""Hyderabad"", ""cityName"": ""HYDERABAD"", ""hospAcc"": ""NON NABH"", ""hospName"": ""Swarup Eye Centre"", ""tierType"": ""Tier 1""}"
1612,Hyderabad,Hyderabad,20,TESLA DIAGNOSTICS,NABL,Tier 1,HYDERABAD,,"{""adcityName"": ""Hyderabad"", ""cityName"": ""HYDERABAD"", ""hospAcc"": ""NABL"", ""hospName"": ""TESLA DIAGNOSTICS"", ""tierType"": ""Tier 1""}"
1613,Hyderabad,Hyderabad,20,THE DECCAN HOSPITAL,NABH,Tier 1,HYDERABAD,,"{""adcityName"": ""Hyderabad"", ""cityName"": ""HYDERABAD"", ""hospAcc"": ""NABH"", ""hospName"": ""THE DECCAN HOSPITAL"", ""tierType"": ""Tier 1""}"
1614,Hyderabad,Hyderabad,20,TOPSTARS HOSPITALS PRIVATE LIMITED,NON NABH,Tier 2,VIJAYAWADA,,"{""adcityName"": ""Hyderabad"", ""cityName"": ""VIJAYAWADA"", ""hospAcc"": ""NON NABH"", ""hospName"": ""TOPSTARS HOSPITALS PRIVATE LIMITED"", ""tierType"": ""Tier 2""}"
1615,Hyderabad,Hyderabad,20,TREATMENT RANGE HOSPITAL PVT LIMITED,NON NABH,Tier 1,HYDERABAD,,"{""adcityName"": ""Hyderabad"", ""cityName"": ""HYDERABAD"", ""hospAcc"": ""NON NABH"", ""hospName"": ""TREATMENT RANGE HOSPITAL PVT LIMITED"", ""tierType"": ""Tier 1""}"
1616,Hyderabad,Hyderabad,20,Trust Hospital,NON NABH,Tier 2,VIJAYAWADA,,"{""adcityName"": ""Hyderabad"", ""cityName"": ""VIJAYAWADA"", ""hospAcc"": ""NON NABH"", ""hospName"": ""Trust Hospital"", ""tierType"": ""Tier 2""}"
1617,Hyderabad,Hyderabad,20,TX HOSPITAL,NON NABH,Tier 1,HYDERABAD,,"{""adcityName"": ""Hyderabad"", ""cityName"": ""HYDERABAD"", ""hospAcc"": ""NON NABH"", ""hospName"": ""TX HOSPITAL"", ""tierType"": ""Tier 1""}"
1618,Hyderabad,Hyderabad,20,TX HOSPITAL BANJARA HILLS,NABH,Tier 1,HYDERABAD,,"{""adcityName"": ""Hyderabad"", ""cityName"": ""HYDERABAD"", ""hospAcc"": ""NABH"", ""hospName"": ""TX HOSPITAL BANJARA HILLS"", ""tierType"": ""Tier 1""}"
1619,Hyderabad,Hyderabad,20,TX HOSPITAL UPPAL,NON NABH,Tier 1,HYDERABAD,,"{""adcityName"": ""Hyderabad"", ""cityName"": ""HYDERABAD"", ""hospAcc"": ""NON NABH"", ""hospName"": ""TX HOSPITAL UPPAL"", ""tierType"": ""Tier 1""}"
1620,Hyderabad,Hyderabad,20,UDAI OMNI HOSPITALS PRIVATE LIMITED,NON NABH,Tier 1,HYDERABAD,,"{""adcityName"": ""Hyderabad"", ""cityName"": ""HYDERABAD"", ""hospAcc"": ""NON NABH"", ""hospName"": ""UDAI OMNI HOSPITALS  PRIVATE   LIMITED "", ""tierType"": ""Tier 1""}"
1621,Hyderabad,Hyderabad,20,USHA MULLAPUDI CARDIAC CENTRE,NABH,Tier 1,HYDERABAD,,"{""adcityName"": ""Hyderabad"", ""cityName"": ""HYDERABAD"", ""hospAcc"": ""NABH"", ""hospName"": ""USHA MULLAPUDI CARDIAC CENTRE"", ""tierType"": ""Tier 1""}"
1622,Hyderabad,Hyderabad,20,vasan health care pvt ltd,NON NABH,Tier 2,GUNTUR,,"{""adcityName"": ""Hyderabad"", ""cityName"": ""GUNTUR"", ""hospAcc"": ""NON NABH"", ""hospName"": ""vasan health care pvt ltd "", ""tierType"": ""Tier 2""}"
1623,Hyderabad,Hyderabad,20,vasan health care pvt ltd,NON NABH,Tier 1,HYDERABAD,,"{""adcityName"": ""Hyderabad"", ""cityName"": ""HYDERABAD"", ""hospAcc"": ""NON NABH"", ""hospName"": ""vasan health care pvt ltd "", ""tierType"": ""Tier 1""}"
1624,Hyderabad,Hyderabad,20,vasan health care pvt ltd,NON NABH,Tier 2,VISAKHAPATNAM,,"{""adcityName"": ""Hyderabad"", ""cityName"": ""VISAKHAPATNAM"", ""hospAcc"": ""NON NABH"", ""hospName"": ""vasan health care pvt ltd "", ""tierType"": ""Tier 2""}"
1625,Hyderabad,Hyderabad,20,vasan health care pvt ltd,NON NABH,Tier 2,NELLORE,,"{""adcityName"": ""Hyderabad"", ""cityName"": ""NELLORE"", ""hospAcc"": ""NON NABH"", ""hospName"": ""vasan health care pvt ltd "", ""tierType"": ""Tier 2""}"
1626,Hyderabad,Hyderabad,20,vasan health care pvt. ltd.,NON NABH,Tier 2,VIJAYAWADA,,"{""adcityName"": ""Hyderabad"", ""cityName"": ""VIJAYAWADA"", ""hospAcc"": ""NON NABH"", ""hospName"": ""vasan health care pvt. ltd."", ""tierType"": ""Tier 2""}"
1627,Hyderabad,Hyderabad,20,VASAVI HOSPITAL,NABH,Tier 1,HYDERABAD,,"{""adcityName"": ""Hyderabad"", ""cityName"": ""HYDERABAD"", ""hospAcc"": ""NABH"", ""hospName"": ""VASAVI HOSPITAL"", ""tierType"": ""Tier 1""}"
1628,Hyderabad,Hyderabad,20,VASCULAR CARE CENTER,NON NABH,Tier 1,HYDERABAD,,"{""adcityName"": ""Hyderabad"", ""cityName"": ""HYDERABAD"", ""hospAcc"": ""NON NABH"", ""hospName"": ""VASCULAR CARE CENTER"", ""tierType"": ""Tier 1""}"
1629,Hyderabad,Hyderabad,20,VIJAYA DIAGNOSTIC CENTRE LIMITED,NABL,Tier 1,HYDERABAD,,"{""adcityName"": ""Hyderabad"", ""cityName"": ""HYDERABAD"", ""hospAcc"": ""NABL"", ""hospName"": ""VIJAYA DIAGNOSTIC CENTRE LIMITED"", ""tierType"": ""Tier 1""}"
1630,Hyderabad,Hyderabad,20,VIJAYA DIAGNOSTIC CENTRE PVT LTD - VISAKHAPATNAM,NABL,Tier 2,VISAKHAPATNAM,,"{""adcityName"": ""Hyderabad"", ""cityName"": ""VISAKHAPATNAM"", ""hospAcc"": ""NABL"", ""hospName"": ""VIJAYA DIAGNOSTIC CENTRE PVT LTD - VISAKHAPATNAM"", ""tierType"": ""Tier 2""}"
1631,Hyderabad,Hyderabad,20,VIJAYA DIAGNOSTICS CENTRE PVT LTD,NABL,Tier 1,HYDERABAD,,"{""adcityName"": ""Hyderabad"", ""cityName"": ""HYDERABAD"", ""hospAcc"": ""NABL"", ""hospName"": ""VIJAYA DIAGNOSTICS CENTRE PVT LTD"", ""tierType"": ""Tier 1""}"
1632,Hyderabad,Hyderabad,20,VIJAYA HEALTH CARE,NON NABH,Tier 1,HYDERABAD,,"{""adcityName"": ""Hyderabad"", ""cityName"": ""HYDERABAD"", ""hospAcc"": ""NON NABH"", ""hospName"": "" VIJAYA HEALTH CARE"", ""tierType"": ""Tier 1""}"
1633,Hyderabad,Hyderabad,20,Vijaya Super Speciality Hospital,NON NABH,Tier 2,VIJAYAWADA,,"{""adcityName"": ""Hyderabad"", ""cityName"": ""VIJAYAWADA"", ""hospAcc"": ""NON NABH"", ""hospName"": ""Vijaya Super Speciality Hospital"", ""tierType"": ""Tier 2""}"
1634,Hyderabad,Hyderabad,20,VIMSVisakha Institute of Medical Sciences,NON NABH,Tier 2,VISAKHAPATNAM,,"{""adcityName"": ""Hyderabad"", ""cityName"": ""VISAKHAPATNAM"", ""hospAcc"": ""NON NABH"", ""hospName"": ""VIMSVisakha Institute of Medical Sciences"", ""tierType"": ""Tier 2""}"
1635,Hyderabad,Hyderabad,20,Virinchi Hospital,NABH,Tier 1,HYDERABAD,,"{""adcityName"": ""Hyderabad"", ""cityName"": ""HYDERABAD"", ""hospAcc"": ""NABH"", ""hospName"": ""Virinchi Hospital"", ""tierType"": ""Tier 1""}"
1636,Hyderabad,Hyderabad,20,VISAKHA EYE HOSPITAL,NABH,Tier 2,VISAKHAPATNAM,,"{""adcityName"": ""Hyderabad"", ""cityName"": ""VISAKHAPATNAM"", ""hospAcc"": ""NABH"", ""hospName"": ""VISAKHA EYE HOSPITAL"", ""tierType"": ""Tier 2""}"
1637,Hyderabad,Hyderabad,20,Vivekanada hospital,NON NABH,Tier 1,HYDERABAD,,"{""adcityName"": ""Hyderabad"", ""cityName"": ""HYDERABAD"", ""hospAcc"": ""NON NABH"", ""hospName"": ""Vivekanada hospital"", ""tierType"": ""Tier 1""}"
1638,Hyderabad,Hyderabad,20,VRINDAA SUPER SPECIALITY HOSPITAL AND CANCER RESEARCH CENTRE,NON NABH,Tier 2,VISAKHAPATNAM,,"{""adcityName"": ""Hyderabad"", ""cityName"": ""VISAKHAPATNAM"", ""hospAcc"": ""NON NABH"", ""hospName"": ""VRINDAA SUPER SPECIALITY HOSPITAL AND CANCER RESEARCH CENTRE"", ""tierType"": ""Tier 2""}"
1639,Hyderabad,Hyderabad,20,VR Multi Speciality Hospital,NON NABH,Tier 1,HYDERABAD,,"{""adcityName"": ""Hyderabad"", ""cityName"": ""HYDERABAD"", ""hospAcc"": ""NON NABH"", ""hospName"": ""VR Multi Speciality Hospital"", ""tierType"": ""Tier 1""}"
1640,Hyderabad,Hyderabad,20,WIN VISION EYE HOSPITALS PVT LTD,NABH,Tier 1,HYDERABAD,,"{""adcityName"": ""Hyderabad"", ""cityName"": ""HYDERABAD"", ""hospAcc"": ""NABH"", ""hospName"": ""WIN VISION EYE HOSPITALS PVT LTD"", ""tierType"": ""Tier 1""}"
1641,Hyderabad,Hyderabad,20,ZOI HEALTH PRIVATE LIMITED,NON NABH,Tier 1,HYDERABAD,,"{""adcityName"": ""Hyderabad"", ""cityName"": ""HYDERABAD"", ""hospAcc"": ""NON NABH"", ""hospName"": ""ZOI HEALTH PRIVATE LIMITED"", ""tierType"": ""Tier 1""}"
1642,Hyderabad,Hyderabad,20,ZOI HOSPITAL,NON NABH,Tier 1,HYDERABAD,,"{""adcityName"": ""Hyderabad"", ""cityName"": ""HYDERABAD"", ""hospAcc"": ""NON NABH"", ""hospName"": ""ZOI HOSPITAL"", ""tierType"": ""Tier 1""}"
1643,Jabalpur,Jabalpur,21,ADHUNIC DENTAL CLINIC,QCI Recommended,Tier 2,Jabalpur,,"{""adcityName"": ""Jabalpur"", ""cityName"": ""Jabalpur"", ""hospAcc"": ""QCI Recommended "", ""hospName"": ""ADHUNIC DENTAL CLINIC"", ""tierType"": ""Tier 2""}"
1644,Jabalpur,Jabalpur,21,Adi Shankar Hospital,QCI Recommended,Tier 2,Jabalpur,,"{""adcityName"": ""Jabalpur"", ""cityName"": ""Jabalpur"", ""hospAcc"": ""QCI Recommended "", ""hospName"": ""Adi Shankar Hospital"", ""tierType"": ""Tier 2""}"
1645,Jabalpur,Jabalpur,21,Aditya Dental Clinic,QCI Recommended,Tier 2,Jabalpur,,"{""adcityName"": ""Jabalpur"", ""cityName"": ""Jabalpur"", ""hospAcc"": ""QCI Recommended "", ""hospName"": ""Aditya Dental Clinic"", ""tierType"": ""Tier 2""}"
1646,Jabalpur,Jabalpur,21,ADITYA SUPER SPECIALITY HOSPITAL and TRAMA CENTER,QCI Recommended,Tier 2,Jabalpur,,"{""adcityName"": ""Jabalpur"", ""cityName"": ""Jabalpur"", ""hospAcc"": ""QCI Recommended "", ""hospName"": ""ADITYA SUPER SPECIALITY HOSPITAL and TRAMA CENTER"", ""tierType"": ""Tier 2""}"
1647,Jabalpur,Jabalpur,21,AGRAWAL EYE AND CHILD CARE CENTRE,QCI Recommended,Tier 2,Jabalpur,,"{""adcityName"": ""Jabalpur"", ""cityName"": ""Jabalpur"", ""hospAcc"": ""QCI Recommended "", ""hospName"": ""AGRAWAL EYE AND CHILD CARE CENTRE"", ""tierType"": ""Tier 2""}"
1648,Jabalpur,Jabalpur,21,AJAY BHANDARI ASSOCIATES LLP,NABH,Tier 2,Jabalpur,,"{""adcityName"": ""Jabalpur"", ""cityName"": ""Jabalpur"", ""hospAcc"": ""NABH"", ""hospName"": ""AJAY BHANDARI ASSOCIATES LLP"", ""tierType"": ""Tier 2""}"
1649,Jabalpur,Jabalpur,21,ANANT URSING HOME PVT LTD,NABH,Tier 2,Jabalpur,,"{""adcityName"": ""Jabalpur"", ""cityName"": ""Jabalpur"", ""hospAcc"": ""NABH"", ""hospName"": ""ANANT URSING HOME PVT LTD"", ""tierType"": ""Tier 2""}"
1650,Jabalpur,Jabalpur,21,Anushree Netra chikitsalaya and Retina Care Center,NABH,Tier 2,Jabalpur,,"{""adcityName"": ""Jabalpur"", ""cityName"": ""Jabalpur"", ""hospAcc"": ""NABH"", ""hospName"": ""Anushree Netra chikitsalaya and Retina Care Center "", ""tierType"": ""Tier 2""}"
1651,Jabalpur,Jabalpur,21,ASG Hospital Pvt. Ltd.,NABH,Tier 2,Jabalpur,,"{""adcityName"": ""Jabalpur"", ""cityName"": ""Jabalpur"", ""hospAcc"": ""NABH"", ""hospName"": ""ASG Hospital Pvt. Ltd."", ""tierType"": ""Tier 2""}"
1652,Jabalpur,Jabalpur,21,ASHISH HOSPITAL,NABH,Tier 2,Jabalpur,,"{""adcityName"": ""Jabalpur"", ""cityName"": ""Jabalpur"", ""hospAcc"": ""NABH"", ""hospName"": ""ASHISH HOSPITAL"", ""tierType"": ""Tier 2""}"
1653,Jabalpur,Jabalpur,21,BADERIA METROPRIME MULTI SPECIALITY HOSPITAL ( A UNIT OF SATYA SAI CANCER SOCIETY ),NABH,Tier 2,Jabalpur,,"{""adcityName"": ""Jabalpur"", ""cityName"": ""Jabalpur"", ""hospAcc"": ""NABH"", ""hospName"": ""BADERIA METROPRIME MULTI SPECIALITY HOSPITAL ( A UNIT OF SATYA SAI CANCER SOCIETY )"", ""tierType"": ""Tier 2""}"
1654,Jabalpur,Jabalpur,21,BATALIA EYE HOSPITAL,NABH,Tier 2,Jabalpur,,"{""adcityName"": ""Jabalpur"", ""cityName"": ""Jabalpur"", ""hospAcc"": ""NABH"", ""hospName"": ""BATALIA EYE HOSPITAL"", ""tierType"": ""Tier 2""}"
1655,Jabalpur,Jabalpur,21,BEST SUPER SPECIALTY HOSPITAL,NABH,Tier 2,Jabalpur,,"{""adcityName"": ""Jabalpur"", ""cityName"": ""Jabalpur"", ""hospAcc"": ""NABH"", ""hospName"": ""BEST SUPER SPECIALTY HOSPITAL"", ""tierType"": ""Tier 2""}"
1656,Jabalpur,Jabalpur,21,BHANDARI POLYCLINIC PRIVATE LIMITED,QCI Recommended,Tier 2,Jabalpur,,"{""adcityName"": ""Jabalpur"", ""cityName"": ""Jabalpur"", ""hospAcc"": ""QCI Recommended "", ""hospName"": ""BHANDARI POLYCLINIC PRIVATE LIMITED"", ""tierType"": ""Tier 2""}"
1657,Jabalpur,Jabalpur,21,Bombay Hospital and Research Centre Jabalpur,NABH,Tier 2,Jabalpur,,"{""adcityName"": ""Jabalpur"", ""cityName"": ""Jabalpur"", ""hospAcc"": "" NABH"", ""hospName"": ""Bombay Hospital and Research Centre Jabalpur"", ""tierType"": ""Tier 2""}"
1658,Jabalpur,Jabalpur,21,Centre for Sight A Unit of New Delhi Centre for Sight Ltd,NABH,Tier 2,Jabalpur,,"{""adcityName"": ""Jabalpur"", ""cityName"": ""Jabalpur"", ""hospAcc"": ""NABH"", ""hospName"": ""Centre for Sight A Unit of New Delhi Centre for Sight Ltd"", ""tierType"": ""Tier 2""}"
1659,Jabalpur,Jabalpur,21,Chhavi Eye Hospital,NABH,Tier 2,Jabalpur,,"{""adcityName"": ""Jabalpur"", ""cityName"": ""Jabalpur"", ""hospAcc"": ""NABH"", ""hospName"": ""Chhavi Eye Hospital"", ""tierType"": ""Tier 2""}"
1660,Jabalpur,Jabalpur,21,Chitrakoot Netra Chikitsalaya And Laser Eye Surgery,NABH,Tier 2,Jabalpur,,"{""adcityName"": ""Jabalpur"", ""cityName"": ""Jabalpur"", ""hospAcc"": ""NABH"", ""hospName"": ""Chitrakoot Netra Chikitsalaya And Laser Eye Surgery"", ""tierType"": ""Tier 2""}"
1661,Jabalpur,Jabalpur,21,DELHI MRI CENTER,QCI Recommended,Tier 2,Jabalpur,,"{""adcityName"": ""Jabalpur"", ""cityName"": ""Jabalpur"", ""hospAcc"": ""QCI Recommended "", ""hospName"": ""DELHI MRI CENTER"", ""tierType"": ""Tier 2""}"
1662,Jabalpur,Jabalpur,21,Dental House,NABH,Tier 2,Jabalpur,,"{""adcityName"": ""Jabalpur"", ""cityName"": ""Jabalpur"", ""hospAcc"": ""NABH"", ""hospName"": ""Dental House"", ""tierType"": ""Tier 2""}"
1663,Jabalpur,Jabalpur,21,Dental House,NABH,Tier 2,Jabalpur,,"{""adcityName"": ""Jabalpur"", ""cityName"": ""Jabalpur"", ""hospAcc"": ""NABH"", ""hospName"": ""Dental House"", ""tierType"": ""Tier 2""}"
1664,Jabalpur,Jabalpur,21,DESHMUKH DENTAL CLINIC,NABH,Tier 2,Jabalpur,,"{""adcityName"": ""Jabalpur"", ""cityName"": ""Jabalpur"", ""hospAcc"": ""NABH"", ""hospName"": ""DESHMUKH DENTAL CLINIC"", ""tierType"": ""Tier 2""}"
1665,Jabalpur,Jabalpur,21,DUBE SURGICAL AND DENTAL HOSPITAL,NABH,Tier 2,Jabalpur,,"{""adcityName"": ""Jabalpur"", ""cityName"": ""Jabalpur"", ""hospAcc"": ""NABH"", ""hospName"": ""DUBE SURGICAL AND DENTAL HOSPITAL"", ""tierType"": ""Tier 2""}"
1666,Jabalpur,Jabalpur,21,ER H N NEMA MEMORIAL SUPER SPECIALTY HEART and CRITICAL CARE HOSPITLA,QCI Recommended,Tier 2,Jabalpur,,"{""adcityName"": ""Jabalpur"", ""cityName"": ""Jabalpur"", ""hospAcc"": ""QCI Recommended "", ""hospName"": ""ER H N NEMA MEMORIAL SUPER SPECIALTY HEART and CRITICAL CARE HOSPITLA "", ""tierType"": ""Tier 2""}"
1667,Jabalpur,Jabalpur,21,Galaxy Super Speciality Hospital,QCI Recommended,Tier 2,Jabalpur,,"{""adcityName"": ""Jabalpur"", ""cityName"": ""Jabalpur"", ""hospAcc"": ""QCI Recommended "", ""hospName"": ""Galaxy Super Speciality Hospital"", ""tierType"": ""Tier 2""}"
1668,Jabalpur,Jabalpur,21,GARGI DENTAL CARE SUPER SPECIALIST CLINIC,QCI Recommended,Tier 2,Jabalpur,,"{""adcityName"": ""Jabalpur"", ""cityName"": ""Jabalpur"", ""hospAcc"": ""QCI Recommended "", ""hospName"": ""GARGI DENTAL CARE SUPER SPECIALIST CLINIC"", ""tierType"": ""Tier 2""}"
1669,Jabalpur,Jabalpur,21,HEALTHY SMILE DENTAL CLINIC AND ORTHODONTIC CENTRE,NABH,Tier 2,Jabalpur,,"{""adcityName"": ""Jabalpur"", ""cityName"": ""Jabalpur"", ""hospAcc"": ""NABH"", ""hospName"": ""HEALTHY SMILE DENTAL CLINIC AND ORTHODONTIC CENTRE"", ""tierType"": ""Tier 2""}"
1670,Jabalpur,Jabalpur,21,HUSAIN EYE CARE CENTRE,QCI Recommended,Tier 2,Jabalpur,,"{""adcityName"": ""Jabalpur"", ""cityName"": ""Jabalpur"", ""hospAcc"": ""QCI Recommended "", ""hospName"": ""HUSAIN EYE CARE CENTRE"", ""tierType"": ""Tier 2""}"
1671,Jabalpur,Jabalpur,21,Hyderabad Omega Hospital A UNIT OF HYDERABAD INSTITUTE OF ONCOLOGY PRIVATE LIMITED,QCI Recommended,Tier 2,Jabalpur,,"{""adcityName"": ""Jabalpur"", ""cityName"": ""Jabalpur"", ""hospAcc"": ""QCI Recommended "", ""hospName"": ""Hyderabad Omega Hospital A UNIT OF HYDERABAD INSTITUTE OF ONCOLOGY PRIVATE LIMITED"", ""tierType"": ""Tier 2""}"
1672,Jabalpur,Jabalpur,21,INFINITY HEART INSTITUTE A UNIT OF IHRC,QCI Recommended,Tier 2,Jabalpur,,"{""adcityName"": ""Jabalpur"", ""cityName"": ""Jabalpur"", ""hospAcc"": ""QCI Recommended "", ""hospName"": ""INFINITY HEART INSTITUTE A UNIT OF IHRC"", ""tierType"": ""Tier 2""}"
1673,Jabalpur,Jabalpur,21,JABALPUR HOSPITAL and RESEARCH CENTER,NABH,Tier 2,Jabalpur,,"{""adcityName"": ""Jabalpur"", ""cityName"": ""Jabalpur"", ""hospAcc"": ""NABH"", ""hospName"": ""JABALPUR HOSPITAL and RESEARCH CENTER"", ""tierType"": ""Tier 2""}"
1674,Jabalpur,Jabalpur,21,JANJYOTI SUPER SPECIALITY EYE HOSPITAL,NABH,Tier 2,Jabalpur,,"{""adcityName"": ""Jabalpur"", ""cityName"": ""Jabalpur"", ""hospAcc"": ""NABH"", ""hospName"": ""JANJYOTI SUPER SPECIALITY EYE HOSPITAL"", ""tierType"": ""Tier 2""}"
1675,Jabalpur,Jabalpur,21,Kothari hospital,QCI Recommended,Tier 2,Jabalpur,,"{""adcityName"": ""Jabalpur"", ""cityName"": ""Jabalpur"", ""hospAcc"": ""QCI Recommended "", ""hospName"": ""Kothari hospital"", ""tierType"": ""Tier 2""}"
1676,Jabalpur,Jabalpur,21,LAXMI NARAYAN HOSPITAL,NABH,Tier 2,Jabalpur,,"{""adcityName"": ""Jabalpur"", ""cityName"": ""Jabalpur"", ""hospAcc"": ""NABH"", ""hospName"": ""LAXMI NARAYAN HOSPITAL"", ""tierType"": ""Tier 2""}"
1677,Jabalpur,Jabalpur,21,LIFE IMAGING CENTER U O INTERNATIONAL CENTRE FOR BRAIN AND SPINE,NABH,Tier 2,Jabalpur,,"{""adcityName"": ""Jabalpur"", ""cityName"": ""Jabalpur"", ""hospAcc"": ""NABH"", ""hospName"": ""LIFE IMAGING CENTER U O INTERNATIONAL CENTRE FOR BRAIN AND SPINE"", ""tierType"": ""Tier 2""}"
1678,Jabalpur,Jabalpur,21,LIFE MEDICITY HOSPITAL,QCI Recommended,Tier 2,Jabalpur,,"{""adcityName"": ""Jabalpur"", ""cityName"": ""Jabalpur"", ""hospAcc"": ""QCI Recommended "", ""hospName"": ""LIFE MEDICITY HOSPITAL "", ""tierType"": ""Tier 2""}"
1679,Jabalpur,Jabalpur,21,MAHAKOSHAL HOSPITAL,QCI Recommended,Tier 2,Jabalpur,,"{""adcityName"": ""Jabalpur"", ""cityName"": ""Jabalpur"", ""hospAcc"": ""QCI Recommended "", ""hospName"": ""MAHAKOSHAL HOSPITAL"", ""tierType"": ""Tier 2""}"
1680,Jabalpur,Jabalpur,21,Marble City Hospital and Research Centre,QCI Recommended,Tier 2,Jabalpur,,"{""adcityName"": ""Jabalpur"", ""cityName"": ""Jabalpur"", ""hospAcc"": ""QCI Recommended "", ""hospName"": ""Marble City Hospital and Research Centre"", ""tierType"": ""Tier 2""}"
1681,Jabalpur,Jabalpur,21,NAIK MULTISPECIALITY HOSPITAL UNIT OF NAIK NURSING HOME,QCI Recommended,Tier 2,Jabalpur,,"{""adcityName"": ""Jabalpur"", ""cityName"": ""Jabalpur"", ""hospAcc"": ""QCI Recommended "", ""hospName"": ""NAIK MULTISPECIALITY HOSPITAL UNIT OF NAIK NURSING HOME"", ""tierType"": ""Tier 2""}"
1682,Jabalpur,Jabalpur,21,NATIONAL HOSPITAL,QCI Recommended,Tier 2,Jabalpur,,"{""adcityName"": ""Jabalpur"", ""cityName"": ""Jabalpur"", ""hospAcc"": ""QCI Recommended "", ""hospName"": ""NATIONAL HOSPITAL"", ""tierType"": ""Tier 2""}"
1683,Jabalpur,Jabalpur,21,PANDEY HOSPITAL PVT LTD,QCI Recommended,Tier 2,Jabalpur,,"{""adcityName"": ""Jabalpur"", ""cityName"": ""Jabalpur"", ""hospAcc"": ""QCI Recommended "", ""hospName"": ""PANDEY HOSPITAL PVT LTD"", ""tierType"": ""Tier 2""}"
1684,Jabalpur,Jabalpur,21,SAI SHIVA NETRALAYA,NABH,Tier 2,Jabalpur,,"{""adcityName"": ""Jabalpur"", ""cityName"": ""Jabalpur"", ""hospAcc"": ""NABH"", ""hospName"": ""SAI SHIVA NETRALAYA"", ""tierType"": ""Tier 2""}"
1685,Jabalpur,Jabalpur,21,SANIL MULTISPECIALITY DENTAL CLINIC,NABH,Tier 2,Jabalpur,,"{""adcityName"": ""Jabalpur"", ""cityName"": ""Jabalpur"", ""hospAcc"": ""NABH"", ""hospName"": ""SANIL MULTISPECIALITY DENTAL CLINIC"", ""tierType"": ""Tier 2""}"
1686,Jabalpur,Jabalpur,21,SANJEEVAN HOSPITAL RESEARCH CENTRE - JABALPUR,QCI Recommended,Tier 2,Jabalpur,,"{""adcityName"": ""Jabalpur"", ""cityName"": ""Jabalpur"", ""hospAcc"": ""QCI Recommended "", ""hospName"": ""SANJEEVAN HOSPITAL RESEARCH CENTRE - JABALPUR"", ""tierType"": ""Tier 2""}"
1687,Jabalpur,Jabalpur,21,Shalby Hospital in association with SMJ Trust Shalby Limited,NABH,Tier 2,Jabalpur,,"{""adcityName"": ""Jabalpur"", ""cityName"": ""Jabalpur"", ""hospAcc"": ""NABH"", ""hospName"": ""Shalby Hospital in association with SMJ Trust Shalby Limited"", ""tierType"": ""Tier 2""}"
1688,Jabalpur,Jabalpur,21,SHUBBHAM DENTAL CLINIC,QCI Recommended,Tier 2,Jabalpur,,"{""adcityName"": ""Jabalpur"", ""cityName"": ""Jabalpur"", ""hospAcc"": ""QCI Recommended "", ""hospName"": ""SHUBBHAM DENTAL CLINIC"", ""tierType"": ""Tier 2""}"
1689,Jabalpur,Jabalpur,21,SWASTIK MULTISPECIALITY HOSPITAL and RESEARCH CENTRE,NABH,Tier 2,Jabalpur,,"{""adcityName"": ""Jabalpur"", ""cityName"": ""Jabalpur"", ""hospAcc"": ""NABH"", ""hospName"": ""SWASTIK MULTISPECIALITY HOSPITAL and RESEARCH CENTRE"", ""tierType"": ""Tier 2""}"
1690,Jabalpur,Jabalpur,21,TRIVEDI DENTAL CLINIC,QCI Recommended,Tier 2,Jabalpur,,"{""adcityName"": ""Jabalpur"", ""cityName"": ""Jabalpur"", ""hospAcc"": ""QCI Recommended "", ""hospName"": ""TRIVEDI DENTAL CLINIC"", ""tierType"": ""Tier 2""}"
1691,Jabalpur,Jabalpur,21,TRIVENI HEALTH CARE A UNIT OF JAMDAR HOSPITAL PVT LTD,QCI Recommended,Tier 2,Jabalpur,,"{""adcityName"": ""Jabalpur"", ""cityName"": ""Jabalpur"", ""hospAcc"": ""QCI Recommended "", ""hospName"": ""TRIVENI HEALTH CARE A UNIT OF JAMDAR HOSPITAL PVT LTD"", ""tierType"": ""Tier 2""}"
1692,Jabalpur,Jabalpur,21,VAISHALI DENTAL CARE,NABH,Tier 2,Jabalpur,,"{""adcityName"": ""Jabalpur"", ""cityName"": ""Jabalpur"", ""hospAcc"": ""NABH"", ""hospName"": ""VAISHALI DENTAL CARE"", ""tierType"": ""Tier 2""}"
1693,Jabalpur,Jabalpur,21,VIMAL EYE HOSPITAL - UNIT OF VIMAL NURSING HOME,QCI Recommended,Tier 2,Jabalpur,,"{""adcityName"": ""Jabalpur"", ""cityName"": ""Jabalpur"", ""hospAcc"": ""QCI Recommended "", ""hospName"": ""VIMAL EYE HOSPITAL - UNIT OF VIMAL NURSING HOME"", ""tierType"": ""Tier 2""}"
1694,Jabalpur,Jabalpur,21,VISION EYE CARE HOSPITAL,QCI Recommended,Tier 2,Jabalpur,,"{""adcityName"": ""Jabalpur"", ""cityName"": ""Jabalpur"", ""hospAcc"": ""QCI Recommended "", ""hospName"": ""VISION EYE CARE HOSPITAL"", ""tierType"": ""Tier 2""}"
1695,Jaipur,Jaipur,22,2S Wellness and Research Centre Pvt Ltd,NA,Tier 2,JODHPUR,,"{""adcityName"": ""Jaipur"", ""cityName"": ""JODHPUR"", ""hospAcc"": ""NA"", ""hospName"": ""2S Wellness and Research Centre Pvt Ltd"", ""tierType"": ""Tier 2""}"
1696,Jaipur,Jaipur,22,Abhishek Hospital,NABH,Tier 2,JAIPUR,,"{""adcityName"": ""Jaipur"", ""cityName"": ""JAIPUR"", ""hospAcc"": ""NABH"", ""hospName"": ""Abhishek Hospital"", ""tierType"": ""Tier 2""}"
1697,Jaipur,Jaipur,22,ADINATH ENT AND GENERAL HOSPITAL,Others,Tier 2,JAIPUR,,"{""adcityName"": ""Jaipur"", ""cityName"": ""JAIPUR"", ""hospAcc"": ""Others"", ""hospName"": ""ADINATH ENT AND GENERAL HOSPITAL"", ""tierType"": ""Tier 2""}"
1698,Jaipur,Jaipur,22,Advanced neurology & Superspeciality Hospital,NA,Tier 2,JAIPUR,,"{""adcityName"": ""Jaipur"", ""cityName"": ""JAIPUR"", ""hospAcc"": ""NA"", ""hospName"": ""Advanced neurology & Superspeciality Hospital"", ""tierType"": ""Tier 2""}"
1699,Jaipur,Jaipur,22,AGARWAL HOSPITAL,NABH,Tier 2,JAIPUR,,"{""adcityName"": ""Jaipur"", ""cityName"": ""JAIPUR"", ""hospAcc"": ""NABH"", ""hospName"": ""AGARWAL HOSPITAL"", ""tierType"": ""Tier 2""}"
1700,Jaipur,Jaipur,22,ALLERGY ASTHMA AND CHEST HOSPITAL,QCI,Tier 2,JAIPUR,,"{""adcityName"": ""Jaipur"", ""cityName"": ""JAIPUR"", ""hospAcc"": ""QCI"", ""hospName"": ""ALLERGY ASTHMA AND CHEST HOSPITAL"", ""tierType"": ""Tier 2""}"
1701,Jaipur,Jaipur,22,AMAR MEDICAL & RESEARCH CENTRE,Others,Tier 2,JAIPUR,,"{""adcityName"": ""Jaipur"", ""cityName"": ""JAIPUR"", ""hospAcc"": ""Others"", ""hospName"": ""AMAR MEDICAL & RESEARCH CENTRE"", ""tierType"": ""Tier 2""}"
1702,Jaipur,Jaipur,22,ANAND HOSPITAL & EYE CENTRE,NABH,Tier 2,JAIPUR,,"{""adcityName"": ""Jaipur"", ""cityName"": ""JAIPUR"", ""hospAcc"": ""NABH"", ""hospName"": ""ANAND HOSPITAL & EYE CENTRE"", ""tierType"": ""Tier 2""}"
1703,Jaipur,Jaipur,22,ANITA EYE HOSPITAL & RETINAL CENTER,NABH,Tier 2,KOTA,,"{""adcityName"": ""Jaipur"", ""cityName"": ""KOTA"", ""hospAcc"": ""NABH"", ""hospName"": ""ANITA EYE HOSPITAL & RETINAL CENTER "", ""tierType"": ""Tier 2""}"
1704,Jaipur,Jaipur,22,ANUPAM EYE HOSPITAL & RESEARCH CENTRE PVT LTD,NABH,Tier 2,JAIPUR,,"{""adcityName"": ""Jaipur"", ""cityName"": ""JAIPUR"", ""hospAcc"": ""NABH"", ""hospName"": ""ANUPAM EYE HOSPITAL &  RESEARCH  CENTRE PVT  LTD"", ""tierType"": ""Tier 2""}"
1705,Jaipur,Jaipur,22,Apex Hospital,NABH,Tier 2,JAIPUR,,"{""adcityName"": ""Jaipur"", ""cityName"": ""JAIPUR"", ""hospAcc"": ""NABH"", ""hospName"": ""Apex Hospital"", ""tierType"": ""Tier 2""}"
1706,Jaipur,Jaipur,22,Apex Hospital Mansarovar,NA,Tier 2,JAIPUR,,"{""adcityName"": ""Jaipur"", ""cityName"": ""JAIPUR"", ""hospAcc"": ""NA"", ""hospName"": ""Apex Hospital Mansarovar "", ""tierType"": ""Tier 2""}"
1707,Jaipur,Jaipur,22,APNA NETRALAYA,NABH,Tier 2,JODHPUR,,"{""adcityName"": ""Jaipur"", ""cityName"": ""JODHPUR"", ""hospAcc"": ""NABH"", ""hospName"": ""APNA NETRALAYA"", ""tierType"": ""Tier 2""}"
1708,Jaipur,Jaipur,22,APOLLO SPECIALITY HOSPITALS PVT.LTD,NABH,Tier 2,JAIPUR,,"{""adcityName"": ""Jaipur"", ""cityName"": ""JAIPUR"", ""hospAcc"": ""NABH"", ""hospName"": ""APOLLO SPECIALITY HOSPITALS PVT.LTD"", ""tierType"": ""Tier 2""}"
1709,Jaipur,Jaipur,22,ASG Hospital Pvt. Ltd.,NA,Tier 2,JODHPUR,,"{""adcityName"": ""Jaipur"", ""cityName"": ""JODHPUR"", ""hospAcc"": ""NA"", ""hospName"": ""ASG Hospital Pvt. Ltd."", ""tierType"": ""Tier 2""}"
1710,Jaipur,Jaipur,22,ASG Hospital Pvt. Ltd.,NA,Tier 2,JODHPUR,,"{""adcityName"": ""Jaipur"", ""cityName"": ""JODHPUR"", ""hospAcc"": ""NA"", ""hospName"": ""ASG Hospital Pvt. Ltd."", ""tierType"": ""Tier 2""}"
1711,Jaipur,Jaipur,22,ASG HOSPITAL PVT LTD- C-SCHEME,NA,Tier 2,JAIPUR,,"{""adcityName"": ""Jaipur"", ""cityName"": ""JAIPUR"", ""hospAcc"": ""NA"", ""hospName"": ""ASG HOSPITAL PVT LTD- C-SCHEME"", ""tierType"": ""Tier 2""}"
1712,Jaipur,Jaipur,22,Asian Superspeciality Hospital & Trauma Centre,NABH,Tier 2,JAIPUR,,"{""adcityName"": ""Jaipur"", ""cityName"": ""JAIPUR"", ""hospAcc"": ""NABH"", ""hospName"": ""Asian Superspeciality Hospital & Trauma Centre"", ""tierType"": ""Tier 2""}"
1713,Jaipur,Jaipur,22,ASOPA HOSPITAL,NABH,Tier 2,JAIPUR,,"{""adcityName"": ""Jaipur"", ""cityName"": ""JAIPUR"", ""hospAcc"": ""NABH"", ""hospName"": ""ASOPA HOSPITAL"", ""tierType"": ""Tier 2""}"
1714,Jaipur,Jaipur,22,BHAGWAN MAHAVEER CANCER HOSPITAL AND RESEARCH CANTRE JAIPUR,NABH,Tier 2,JAIPUR,,"{""adcityName"": ""Jaipur"", ""cityName"": ""JAIPUR"", ""hospAcc"": ""NABH"", ""hospName"": ""BHAGWAN MAHAVEER CANCER HOSPITAL AND RESEARCH CANTRE JAIPUR"", ""tierType"": ""Tier 2""}"
1715,Jaipur,Jaipur,22,Bhandari Hospital and Research Centre,NABH,Tier 2,JAIPUR,,"{""adcityName"": ""Jaipur"", ""cityName"": ""JAIPUR"", ""hospAcc"": ""NABH"", ""hospName"": ""Bhandari Hospital and Research Centre "", ""tierType"": ""Tier 2""}"
1716,Jaipur,Jaipur,22,BIRLA EYE AND CHILD HOSPITAL,NABH,Tier 2,KOTA,,"{""adcityName"": ""Jaipur"", ""cityName"": ""KOTA"", ""hospAcc"": ""NABH"", ""hospName"": ""BIRLA  EYE AND CHILD HOSPITAL"", ""tierType"": ""Tier 2""}"
1717,Jaipur,Jaipur,22,BIRLA EYE HOSPITAL,NABH,Tier 2,KOTA,,"{""adcityName"": ""Jaipur"", ""cityName"": ""KOTA"", ""hospAcc"": ""NABH"", ""hospName"": ""BIRLA EYE HOSPITAL"", ""tierType"": ""Tier 2""}"
1718,Jaipur,Jaipur,22,bone and joint hospital and research centre,QCI,Tier 2,JODHPUR,,"{""adcityName"": ""Jaipur"", ""cityName"": ""JODHPUR"", ""hospAcc"": ""QCI"", ""hospName"": ""bone and joint hospital and research centre"", ""tierType"": ""Tier 2""}"
1719,Jaipur,Jaipur,22,B R Shastri Hospital,NABH,Tier 2,AJMER,,"{""adcityName"": ""Jaipur"", ""cityName"": ""AJMER"", ""hospAcc"": ""NABH"", ""hospName"": ""B R Shastri Hospital"", ""tierType"": ""Tier 2""}"
1720,Jaipur,Jaipur,22,CENTRE FOR SIGHT - JAIPUR,NABH,Tier 2,JAIPUR,,"{""adcityName"": ""Jaipur"", ""cityName"": ""JAIPUR"", ""hospAcc"": ""NABH"", ""hospName"": ""CENTRE FOR SIGHT - JAIPUR"", ""tierType"": ""Tier 2""}"
1721,Jaipur,Jaipur,22,CENTRE FOR SIGHT JODHPUR A UNIT OF NEW DELHI CENTRE FOR SIGHT LTD.,NABH,Tier 2,JODHPUR,,"{""adcityName"": ""Jaipur"", ""cityName"": ""JODHPUR"", ""hospAcc"": ""NABH"", ""hospName"": ""CENTRE FOR SIGHT JODHPUR A UNIT OF NEW DELHI CENTRE FOR SIGHT LTD."", ""tierType"": ""Tier 2""}"
1722,Jaipur,Jaipur,22,CHANDRA MANGAL HOSPITAL & RESEARCH CENTRE,NABH,Tier 2,JODHPUR,,"{""adcityName"": ""Jaipur"", ""cityName"": ""JODHPUR"", ""hospAcc"": ""NABH"", ""hospName"": ""CHANDRA MANGAL HOSPITAL & RESEARCH CENTRE"", ""tierType"": ""Tier 2""}"
1723,Jaipur,Jaipur,22,CKS HOSPITALS,NABH,Tier 2,JAIPUR,,"{""adcityName"": ""Jaipur"", ""cityName"": ""JAIPUR"", ""hospAcc"": ""NABH"", ""hospName"": ""CKS HOSPITALS"", ""tierType"": ""Tier 2""}"
1724,Jaipur,Jaipur,22,Dana Shivam Heart And Superspeciality,NABH,Tier 2,JAIPUR,,"{""adcityName"": ""Jaipur"", ""cityName"": ""JAIPUR"", ""hospAcc"": ""NABH"", ""hospName"": ""Dana Shivam Heart And Superspeciality"", ""tierType"": ""Tier 2""}"
1725,Jaipur,Jaipur,22,DAUKIYA HOSPITAL AND MEDICAL RESEARCH CENTRE,NABH,Tier 2,JODHPUR,,"{""adcityName"": ""Jaipur"", ""cityName"": ""JODHPUR"", ""hospAcc"": ""NABH"", ""hospName"": ""DAUKIYA HOSPITAL AND MEDICAL RESEARCH CENTRE"", ""tierType"": ""Tier 2""}"
1726,Jaipur,Jaipur,22,DD EYE INSTITUTE,NABH,Tier 2,KOTA,,"{""adcityName"": ""Jaipur"", ""cityName"": ""KOTA"", ""hospAcc"": ""NABH"", ""hospName"": ""DD EYE INSTITUTE"", ""tierType"": ""Tier 2""}"
1727,Jaipur,Jaipur,22,Deep Hospital and Research Centre,NABH,Tier 2,JAIPUR,,"{""adcityName"": ""Jaipur"", ""cityName"": ""JAIPUR"", ""hospAcc"": ""NABH"", ""hospName"": ""Deep Hospital and Research Centre"", ""tierType"": ""Tier 2""}"
1728,Jaipur,Jaipur,22,DEV Dental Hospital,NABH,Tier 2,JAIPUR,,"{""adcityName"": ""Jaipur"", ""cityName"": ""JAIPUR"", ""hospAcc"": ""NABH"", ""hospName"": ""DEV Dental Hospital"", ""tierType"": ""Tier 2""}"
1729,Jaipur,Jaipur,22,DHANVANTRI LIFE CARE PRIVATE LIMITED,NABH,Tier 2,JAIPUR,,"{""adcityName"": ""Jaipur"", ""cityName"": ""JAIPUR"", ""hospAcc"": ""NABH"", ""hospName"": ""DHANVANTRI LIFE CARE PRIVATE LIMITED "", ""tierType"": ""Tier 2""}"
1730,Jaipur,Jaipur,22,DKM DIAGNOSTIC CENTRE,Non NABL,Tier 2,JAIPUR,,"{""adcityName"": ""Jaipur"", ""cityName"": ""JAIPUR"", ""hospAcc"": ""Non NABL"", ""hospName"": ""DKM DIAGNOSTIC CENTRE"", ""tierType"": ""Tier 2""}"
1731,Jaipur,Jaipur,22,DR AGARWALS EYE HOSPITAL LTD,NA,Tier 2,JAIPUR,,"{""adcityName"": ""Jaipur"", ""cityName"": ""JAIPUR"", ""hospAcc"": ""NA"", ""hospName"": ""DR AGARWALS EYE HOSPITAL LTD"", ""tierType"": ""Tier 2""}"
1732,Jaipur,Jaipur,22,DR AGGARWALS AESTHETIC AND DENTAL CENTRE,NABH,Tier 2,JODHPUR,,"{""adcityName"": ""Jaipur"", ""cityName"": ""JODHPUR"", ""hospAcc"": ""NABH"", ""hospName"": ""DR AGGARWALS AESTHETIC AND DENTAL CENTRE"", ""tierType"": ""Tier 2""}"
1733,Jaipur,Jaipur,22,Dr Amit Sharma Super Speciality Dental Hospital,NABH,Tier 2,JAIPUR,,"{""adcityName"": ""Jaipur"", ""cityName"": ""JAIPUR"", ""hospAcc"": ""NABH"", ""hospName"": ""Dr Amit Sharma Super Speciality Dental Hospital"", ""tierType"": ""Tier 2""}"
1734,Jaipur,Jaipur,22,Dr Goenkas Raman Dental Care,NABH,Tier 2,JAIPUR,,"{""adcityName"": ""Jaipur"", ""cityName"": ""JAIPUR"", ""hospAcc"": ""NABH"", ""hospName"": ""Dr Goenkas Raman Dental Care"", ""tierType"": ""Tier 2""}"
1735,Jaipur,Jaipur,22,Dr. Goyals Path Lab & Imaging Centre,NABL,Tier 2,JAIPUR,,"{""adcityName"": ""Jaipur"", ""cityName"": ""JAIPUR"", ""hospAcc"": ""NABL"", ""hospName"": ""Dr. Goyals Path Lab & Imaging Centre "", ""tierType"": ""Tier 2""}"
1736,Jaipur,Jaipur,22,DR KAMDAR EYE HOSPITAL,NABH,Tier 2,JODHPUR,,"{""adcityName"": ""Jaipur"", ""cityName"": ""JODHPUR"", ""hospAcc"": ""NABH"", ""hospName"": ""DR KAMDAR EYE HOSPITAL"", ""tierType"": ""Tier 2""}"
1737,Jaipur,Jaipur,22,DR. KHUNGER EYE CARE & RESEARCH CENTRE PRIVATE LIMITED,NABH,Tier 2,AJMER,,"{""adcityName"": ""Jaipur"", ""cityName"": ""AJMER"", ""hospAcc"": ""NABH"", ""hospName"": ""DR. KHUNGER EYE CARE & RESEARCH CENTRE PRIVATE LIMITED"", ""tierType"": ""Tier 2""}"
1738,Jaipur,Jaipur,22,DR MAHENDRAS PERFECT IMAGING AND DIAGNOSTIC CENTER,NABL,Tier 2,JAIPUR,,"{""adcityName"": ""Jaipur"", ""cityName"": ""JAIPUR"", ""hospAcc"": ""NABL"", ""hospName"": ""DR MAHENDRAS PERFECT IMAGING AND DIAGNOSTIC CENTER"", ""tierType"": ""Tier 2""}"
1739,Jaipur,Jaipur,22,DR MANJEET INSTITUTE OF CRITICAL CARE,NABH,Tier 2,JAIPUR,,"{""adcityName"": ""Jaipur"", ""cityName"": ""JAIPUR"", ""hospAcc"": ""NABH"", ""hospName"": ""DR MANJEET INSTITUTE OF CRITICAL CARE"", ""tierType"": ""Tier 2""}"
1740,Jaipur,Jaipur,22,Dr Sardar Singh Memorial Hospital,QCI,Tier 2,JAIPUR,,"{""adcityName"": ""Jaipur"", ""cityName"": ""JAIPUR"", ""hospAcc"": ""QCI"", ""hospName"": ""Dr Sardar Singh Memorial Hospital"", ""tierType"": ""Tier 2""}"
1741,Jaipur,Jaipur,22,DR VIJAY ENT HOSPITAL,NA,Tier 2,AJMER,,"{""adcityName"": ""Jaipur"", ""cityName"": ""AJMER"", ""hospAcc"": ""NA"", ""hospName"": ""DR VIJAY ENT HOSPITAL"", ""tierType"": ""Tier 2""}"
1742,Jaipur,Jaipur,22,Dr Virendra Laser Phaco Surgery Centre,NA,Tier 2,JAIPUR,,"{""adcityName"": ""Jaipur"", ""cityName"": ""JAIPUR"", ""hospAcc"": ""NA"", ""hospName"": ""Dr Virendra Laser Phaco Surgery Centre"", ""tierType"": ""Tier 2""}"
1743,Jaipur,Jaipur,22,ETHOS HOSPITAL A UNIT OF RAM NIWAS MODI CHARITABLE SOCIETY,NABH,Tier 2,KOTA,,"{""adcityName"": ""Jaipur"", ""cityName"": ""KOTA"", ""hospAcc"": ""NABH"", ""hospName"": ""ETHOS HOSPITAL  A UNIT OF RAM NIWAS MODI CHARITABLE SOCIETY "", ""tierType"": ""Tier 2""}"
1744,Jaipur,Jaipur,22,Excelcare Hospital,NABH,Tier 2,JAIPUR,,"{""adcityName"": ""Jaipur"", ""cityName"": ""JAIPUR"", ""hospAcc"": ""NABH"", ""hospName"": ""Excelcare Hospital"", ""tierType"": ""Tier 2""}"
1745,Jaipur,Jaipur,22,Fortis Escorts Hospital,NABH,Tier 2,JAIPUR,,"{""adcityName"": ""Jaipur"", ""cityName"": ""JAIPUR"", ""hospAcc"": ""NABH"", ""hospName"": ""Fortis Escorts Hospital"", ""tierType"": ""Tier 2""}"
1746,Jaipur,Jaipur,22,GATTANI HOSPITAL,NABH,Tier 2,JODHPUR,,"{""adcityName"": ""Jaipur"", ""cityName"": ""JODHPUR"", ""hospAcc"": ""NABH"", ""hospName"": ""GATTANI HOSPITAL"", ""tierType"": ""Tier 2""}"
1747,Jaipur,Jaipur,22,GINNI DEVI MEMORIAL HOSPITAL,NABH,Tier 2,JAIPUR,,"{""adcityName"": ""Jaipur"", ""cityName"": ""JAIPUR"", ""hospAcc"": ""NABH"", ""hospName"": ""GINNI DEVI MEMORIAL HOSPITAL"", ""tierType"": ""Tier 2""}"
1748,Jaipur,Jaipur,22,GLOBAL DENTAL HOSPITAL ORTHODONTIC AND IMPLANT CENTRE,Others,Tier 2,JODHPUR,,"{""adcityName"": ""Jaipur"", ""cityName"": ""JODHPUR"", ""hospAcc"": ""Others"", ""hospName"": ""GLOBAL DENTAL HOSPITAL ORTHODONTIC AND IMPLANT CENTRE"", ""tierType"": ""Tier 2""}"
1749,Jaipur,Jaipur,22,Global Heart and General Hospital Private Limited,NABH,Tier 2,JAIPUR,,"{""adcityName"": ""Jaipur"", ""cityName"": ""JAIPUR"", ""hospAcc"": ""NABH"", ""hospName"": ""Global Heart and General Hospital Private Limited"", ""tierType"": ""Tier 2""}"
1750,Jaipur,Jaipur,22,GOPINATH HOSPITAL PVT LTD,QCI,Tier 2,JAIPUR,,"{""adcityName"": ""Jaipur"", ""cityName"": ""JAIPUR"", ""hospAcc"": ""QCI"", ""hospName"": ""GOPINATH HOSPITAL PVT LTD"", ""tierType"": ""Tier 2""}"
1751,Jaipur,Jaipur,22,GOYAL HOSPITAL & RESEARCH CENTRE PVT LTD,NABH,Tier 2,JODHPUR,,"{""adcityName"": ""Jaipur"", ""cityName"": ""JODHPUR"", ""hospAcc"": ""NABH"", ""hospName"": ""GOYAL HOSPITAL & RESEARCH CENTRE PVT LTD"", ""tierType"": ""Tier 2""}"
1752,Jaipur,Jaipur,22,GP SHEKHAWATI HOSPITAL & RESEARCH CENTRE,NABH,Tier 2,JAIPUR,,"{""adcityName"": ""Jaipur"", ""cityName"": ""JAIPUR"", ""hospAcc"": ""NABH"", ""hospName"": ""GP SHEKHAWATI HOSPITAL & RESEARCH CENTRE"", ""tierType"": ""Tier 2""}"
1753,Jaipur,Jaipur,22,HCG Hospital Jaipur,NABH,Tier 2,JAIPUR,,"{""adcityName"": ""Jaipur"", ""cityName"": ""JAIPUR"", ""hospAcc"": ""NABH"", ""hospName"": ""HCG Hospital Jaipur"", ""tierType"": ""Tier 2""}"
1754,Jaipur,Jaipur,22,HEART & GENERAL HOSPITAL A Unit of Cardiac Care & Allied Health Private Limited,NABH,Tier 2,JAIPUR,,"{""adcityName"": ""Jaipur"", ""cityName"": ""JAIPUR"", ""hospAcc"": ""NABH"", ""hospName"": ""HEART & GENERAL HOSPITAL A Unit of Cardiac Care & Allied Health Private Limited"", ""tierType"": ""Tier 2""}"
1755,Jaipur,Jaipur,22,Hope Hospital,QCI,Tier 2,JAIPUR,,"{""adcityName"": ""Jaipur"", ""cityName"": ""JAIPUR"", ""hospAcc"": ""QCI"", ""hospName"": ""Hope Hospital"", ""tierType"": ""Tier 2""}"
1756,Jaipur,Jaipur,22,imperial hospital & research center,NA,Tier 2,JAIPUR,,"{""adcityName"": ""Jaipur"", ""cityName"": ""JAIPUR"", ""hospAcc"": ""NA"", ""hospName"": ""imperial hospital & research center "", ""tierType"": ""Tier 2""}"
1757,Jaipur,Jaipur,22,INDOWESTERN BRAIN & SPINE HOSPITAL,NA,Tier 2,JAIPUR,,"{""adcityName"": ""Jaipur"", ""cityName"": ""JAIPUR"", ""hospAcc"": ""NA"", ""hospName"": ""INDOWESTERN BRAIN & SPINE HOSPITAL"", ""tierType"": ""Tier 2""}"
1758,Jaipur,Jaipur,22,INDUS JAIPUR HOSPITAL,NABH,Tier 2,JAIPUR,,"{""adcityName"": ""Jaipur"", ""cityName"": ""JAIPUR"", ""hospAcc"": ""NABH"", ""hospName"": ""INDUS JAIPUR HOSPITAL"", ""tierType"": ""Tier 2""}"
1759,Jaipur,Jaipur,22,JAI EYE CENTRE,NABH,Tier 2,JAIPUR,,"{""adcityName"": ""Jaipur"", ""cityName"": ""JAIPUR"", ""hospAcc"": ""NABH"", ""hospName"": ""JAI EYE CENTRE"", ""tierType"": ""Tier 2""}"
1760,Jaipur,Jaipur,22,jain dental hosoital,NA,Tier 2,JAIPUR,,"{""adcityName"": ""Jaipur"", ""cityName"": ""JAIPUR"", ""hospAcc"": ""NA"", ""hospName"": ""jain dental hosoital"", ""tierType"": ""Tier 2""}"
1761,Jaipur,Jaipur,22,JAIN ENT HOSPITAL,NABH,Tier 2,JAIPUR,,"{""adcityName"": ""Jaipur"", ""cityName"": ""JAIPUR"", ""hospAcc"": ""NABH"", ""hospName"": ""JAIN ENT HOSPITAL"", ""tierType"": ""Tier 2""}"
1762,Jaipur,Jaipur,22,JAIPUR AYURVEDA HOSPITAL,NABH,Tier 2,JAIPUR,,"{""adcityName"": ""Jaipur"", ""cityName"": ""JAIPUR"", ""hospAcc"": ""NABH"", ""hospName"": ""JAIPUR AYURVEDA  HOSPITAL"", ""tierType"": ""Tier 2""}"
1763,Jaipur,Jaipur,22,JAIPUR CALGARY EYE HOSPITAL,QCI,Tier 2,JAIPUR,,"{""adcityName"": ""Jaipur"", ""cityName"": ""JAIPUR"", ""hospAcc"": ""QCI"", ""hospName"": ""JAIPUR CALGARY EYE HOSPITAL"", ""tierType"": ""Tier 2""}"
1764,Jaipur,Jaipur,22,JAIPUR DOORBEEN HOSPITAL,NABH,Tier 2,JAIPUR,,"{""adcityName"": ""Jaipur"", ""cityName"": ""JAIPUR"", ""hospAcc"": ""NABH"", ""hospName"": ""JAIPUR DOORBEEN HOSPITAL "", ""tierType"": ""Tier 2""}"
1765,Jaipur,Jaipur,22,JAIPUR EYE AND DENTAL HOSPITAL,NABH,Tier 2,JAIPUR,,"{""adcityName"": ""Jaipur"", ""cityName"": ""JAIPUR"", ""hospAcc"": ""NABH"", ""hospName"": ""JAIPUR EYE AND DENTAL HOSPITAL"", ""tierType"": ""Tier 2""}"
1766,Jaipur,Jaipur,22,JAIPUR HOSPITAL LAL KOTHI,NA,Tier 2,JAIPUR,,"{""adcityName"": ""Jaipur"", ""cityName"": ""JAIPUR"", ""hospAcc"": ""NA"", ""hospName"": ""JAIPUR HOSPITAL LAL KOTHI "", ""tierType"": ""Tier 2""}"
1767,Jaipur,Jaipur,22,JAIPUR HOSPITAL - MAHAVIR NAGAR,NA,Tier 2,JAIPUR,,"{""adcityName"": ""Jaipur"", ""cityName"": ""JAIPUR"", ""hospAcc"": ""NA"", ""hospName"": ""JAIPUR HOSPITAL - MAHAVIR NAGAR"", ""tierType"": ""Tier 2""}"
1768,Jaipur,Jaipur,22,JAIPUR NATIONAL UNIVERSITY INSTITUTE FOR MEDICAL SCIENCES AND RESEARCH CENTRE,NABH,Tier 2,JAIPUR,,"{""adcityName"": ""Jaipur"", ""cityName"": ""JAIPUR"", ""hospAcc"": ""NABH"", ""hospName"": ""JAIPUR NATIONAL UNIVERSITY INSTITUTE FOR MEDICAL SCIENCES AND RESEARCH CENTRE "", ""tierType"": ""Tier 2""}"
1769,Jaipur,Jaipur,22,JAIPUR NUCLEAR & IMAGING CENTER,Non NABL,Tier 2,JAIPUR,,"{""adcityName"": ""Jaipur"", ""cityName"": ""JAIPUR"", ""hospAcc"": ""Non NABL"", ""hospName"": ""JAIPUR NUCLEAR & IMAGING CENTER"", ""tierType"": ""Tier 2""}"
1770,Jaipur,Jaipur,22,JAISWAL HOSPITAL AND NEURO INSTITUTE,NABH,Tier 2,KOTA,,"{""adcityName"": ""Jaipur"", ""cityName"": ""KOTA"", ""hospAcc"": ""NABH"", ""hospName"": ""JAISWAL HOSPITAL AND NEURO INSTITUTE"", ""tierType"": ""Tier 2""}"
1771,Jaipur,Jaipur,22,Jeevan Jyoti Nursing Home,NABH,Tier 2,JODHPUR,,"{""adcityName"": ""Jaipur"", ""cityName"": ""JODHPUR"", ""hospAcc"": ""NABH"", ""hospName"": ""Jeevan Jyoti Nursing Home"", ""tierType"": ""Tier 2""}"
1772,Jaipur,Jaipur,22,JEEVAN REKHA CRITICAL CARE & TRAUMA HOSPITAL,NA,Tier 2,JAIPUR,,"{""adcityName"": ""Jaipur"", ""cityName"": ""JAIPUR"", ""hospAcc"": ""NA"", ""hospName"": ""JEEVAN REKHA CRITICAL CARE & TRAUMA HOSPITAL"", ""tierType"": ""Tier 2""}"
1773,Jaipur,Jaipur,22,JIET Medical College And Hospital,NABH,Tier 2,JODHPUR,,"{""adcityName"": ""Jaipur"", ""cityName"": ""JODHPUR"", ""hospAcc"": ""NABH"", ""hospName"": ""JIET Medical College And Hospital"", ""tierType"": ""Tier 2""}"
1774,Jaipur,Jaipur,22,JINDAL EYE HOSPITAL,QCI,Tier 2,JAIPUR,,"{""adcityName"": ""Jaipur"", ""cityName"": ""JAIPUR"", ""hospAcc"": ""QCI"", ""hospName"": ""JINDAL EYE HOSPITAL"", ""tierType"": ""Tier 2""}"
1775,Jaipur,Jaipur,22,J P EYE HOSPITAL,NABH,Tier 2,JAIPUR,,"{""adcityName"": ""Jaipur"", ""cityName"": ""JAIPUR"", ""hospAcc"": ""NABH"", ""hospName"": ""J P EYE HOSPITAL"", ""tierType"": ""Tier 2""}"
1776,Jaipur,Jaipur,22,JYOTI NURSING HOME PRIVATE LIMITED,NABH,Tier 2,JAIPUR,,"{""adcityName"": ""Jaipur"", ""cityName"": ""JAIPUR"", ""hospAcc"": ""NABH"", ""hospName"": ""JYOTI NURSING HOME PRIVATE LIMITED"", ""tierType"": ""Tier 2""}"
1777,Jaipur,Jaipur,22,Kabra Eye Hospital,NA,Tier 2,JAIPUR,,"{""adcityName"": ""Jaipur"", ""cityName"": ""JAIPUR"", ""hospAcc"": ""NA"", ""hospName"": ""Kabra Eye Hospital"", ""tierType"": ""Tier 2""}"
1778,Jaipur,Jaipur,22,Kamla Nagar Hospital Unit of K N Hospital Private Limited,NABH,Tier 2,JODHPUR,,"{""adcityName"": ""Jaipur"", ""cityName"": ""JODHPUR"", ""hospAcc"": ""NABH"", ""hospName"": ""Kamla Nagar Hospital Unit of K N Hospital Private Limited"", ""tierType"": ""Tier 2""}"
1779,Jaipur,Jaipur,22,KAPOOR HOSPITAL AND EYE CENTRE,NABH,Tier 2,JAIPUR,,"{""adcityName"": ""Jaipur"", ""cityName"": ""JAIPUR"", ""hospAcc"": ""NABH"", ""hospName"": ""KAPOOR HOSPITAL AND EYE CENTRE"", ""tierType"": ""Tier 2""}"
1780,Jaipur,Jaipur,22,K C MEMORIAL EYE HOSPITAL,NABH,Tier 2,JAIPUR,,"{""adcityName"": ""Jaipur"", ""cityName"": ""JAIPUR"", ""hospAcc"": ""NABH"", ""hospName"": ""K C MEMORIAL EYE HOSPITAL "", ""tierType"": ""Tier 2""}"
1781,Jaipur,Jaipur,22,khandelwal Heart Institute,NABH,Tier 2,JAIPUR,,"{""adcityName"": ""Jaipur"", ""cityName"": ""JAIPUR"", ""hospAcc"": ""NABH"", ""hospName"": ""khandelwal Heart Institute"", ""tierType"": ""Tier 2""}"
1782,Jaipur,Jaipur,22,KHETAN HOSPITAL,NABH,Tier 2,JAIPUR,,"{""adcityName"": ""Jaipur"", ""cityName"": ""JAIPUR"", ""hospAcc"": ""NABH"", ""hospName"": ""KHETAN HOSPITAL"", ""tierType"": ""Tier 2""}"
1783,Jaipur,Jaipur,22,KKS UROLOGY & GENERAL HOSPITAL,NABH,Tier 2,JAIPUR,,"{""adcityName"": ""Jaipur"", ""cityName"": ""JAIPUR"", ""hospAcc"": ""NABH"", ""hospName"": ""KKS UROLOGY & GENERAL HOSPITAL"", ""tierType"": ""Tier 2""}"
1784,Jaipur,Jaipur,22,KOTA HEART INSTITUTE & RESEARCH CENTRE,NABH,Tier 2,KOTA,,"{""adcityName"": ""Jaipur"", ""cityName"": ""KOTA"", ""hospAcc"": ""NABH"", ""hospName"": ""KOTA HEART INSTITUTE & RESEARCH CENTRE"", ""tierType"": ""Tier 2""}"
1785,Jaipur,Jaipur,22,Krishna Clinic and Nursing Home,QCI,Tier 2,JAIPUR,,"{""adcityName"": ""Jaipur"", ""cityName"": ""JAIPUR"", ""hospAcc"": ""QCI"", ""hospName"": ""Krishna Clinic and Nursing Home"", ""tierType"": ""Tier 2""}"
1786,Jaipur,Jaipur,22,Krishna Diagnostic Center,Non NABL,Tier 2,KOTA,,"{""adcityName"": ""Jaipur"", ""cityName"": ""KOTA"", ""hospAcc"": ""Non NABL"", ""hospName"": ""Krishna Diagnostic Center"", ""tierType"": ""Tier 2""}"
1787,Jaipur,Jaipur,22,KRISHNA HEART AND GENERAL HOSPITAL,NABH,Tier 2,JAIPUR,,"{""adcityName"": ""Jaipur"", ""cityName"": ""JAIPUR"", ""hospAcc"": ""NABH"", ""hospName"": ""KRISHNA HEART AND GENERAL HOSPITAL"", ""tierType"": ""Tier 2""}"
1788,Jaipur,Jaipur,22,KSC GENERAL AND DENTAL HOSPITAL,NA,Tier 2,JODHPUR,,"{""adcityName"": ""Jaipur"", ""cityName"": ""JODHPUR"", ""hospAcc"": ""NA"", ""hospName"": ""KSC GENERAL AND DENTAL HOSPITAL"", ""tierType"": ""Tier 2""}"
1789,Jaipur,Jaipur,22,KSHETRAPAL HOSPITAL MULTI SPECIALITY & RESEARCH CENTRE,NABH,Tier 2,AJMER,,"{""adcityName"": ""Jaipur"", ""cityName"": ""AJMER"", ""hospAcc"": ""NABH"", ""hospName"": ""KSHETRAPAL HOSPITAL MULTI SPECIALITY & RESEARCH CENTRE"", ""tierType"": ""Tier 2""}"
1790,Jaipur,Jaipur,22,MAHATMA GANDHI HOSPITAL,NABH,Tier 2,JAIPUR,,"{""adcityName"": ""Jaipur"", ""cityName"": ""JAIPUR"", ""hospAcc"": ""NABH"", ""hospName"": ""MAHATMA GANDHI HOSPITAL"", ""tierType"": ""Tier 2""}"
1791,Jaipur,Jaipur,22,MAHAVIR JAIPURIA RAJASTHAN HOSPITAL,NA,Tier 2,JAIPUR,,"{""adcityName"": ""Jaipur"", ""cityName"": ""JAIPUR"", ""hospAcc"": ""NA"", ""hospName"": ""MAHAVIR JAIPURIA RAJASTHAN HOSPITAL"", ""tierType"": ""Tier 2""}"
1792,Jaipur,Jaipur,22,MANGLAMPLUS MEDCITY LLP,NABH,Tier 2,JAIPUR,,"{""adcityName"": ""Jaipur"", ""cityName"": ""JAIPUR"", ""hospAcc"": ""NABH"", ""hospName"": ""MANGLAMPLUS MEDCITY LLP"", ""tierType"": ""Tier 2""}"
1793,Jaipur,Jaipur,22,Manidhari Hospital and Maloo Neuro Centre,QCI,Tier 2,JODHPUR,,"{""adcityName"": ""Jaipur"", ""cityName"": ""JODHPUR"", ""hospAcc"": ""QCI"", ""hospName"": ""Manidhari Hospital and Maloo Neuro Centre"", ""tierType"": ""Tier 2""}"
1794,Jaipur,Jaipur,22,Manipal Hospital Jaipur,NABH,Tier 2,JAIPUR,,"{""adcityName"": ""Jaipur"", ""cityName"": ""JAIPUR"", ""hospAcc"": ""NABH"", ""hospName"": ""Manipal Hospital Jaipur"", ""tierType"": ""Tier 2""}"
1795,Jaipur,Jaipur,22,MANIPAL HOSPITAL JAIPUR A UNIT OF MANIPAL HEALTH ENTERPRISES PRIVATE LIMITED,NABH,Tier 2,JAIPUR,,"{""adcityName"": ""Jaipur"", ""cityName"": ""JAIPUR"", ""hospAcc"": ""NABH"", ""hospName"": ""MANIPAL HOSPITAL JAIPUR A UNIT OF MANIPAL HEALTH ENTERPRISES PRIVATE LIMITED"", ""tierType"": ""Tier 2""}"
1796,Jaipur,Jaipur,22,MARUDHAR HOSPITAL,NABH,Tier 2,JAIPUR,,"{""adcityName"": ""Jaipur"", ""cityName"": ""JAIPUR"", ""hospAcc"": ""NABH"", ""hospName"": ""MARUDHAR HOSPITAL"", ""tierType"": ""Tier 2""}"
1797,Jaipur,Jaipur,22,MARWAR HOSPITAL,NABH,Tier 2,JODHPUR,,"{""adcityName"": ""Jaipur"", ""cityName"": ""JODHPUR"", ""hospAcc"": ""NABH"", ""hospName"": ""MARWAR HOSPITAL"", ""tierType"": ""Tier 2""}"
1798,Jaipur,Jaipur,22,Max Vision Eye Care Centre,NA,Tier 2,JAIPUR,,"{""adcityName"": ""Jaipur"", ""cityName"": ""JAIPUR"", ""hospAcc"": ""NA"", ""hospName"": ""Max Vision Eye Care Centre"", ""tierType"": ""Tier 2""}"
1799,Jaipur,Jaipur,22,MAXWELL HOSPITAL,NABH,Tier 2,JAIPUR,,"{""adcityName"": ""Jaipur"", ""cityName"": ""JAIPUR"", ""hospAcc"": ""NABH"", ""hospName"": ""MAXWELL HOSPITAL"", ""tierType"": ""Tier 2""}"
1800,Jaipur,Jaipur,22,Medipulse Hospital A Unit of JHPL,NABH,Tier 2,JODHPUR,,"{""adcityName"": ""Jaipur"", ""cityName"": ""JODHPUR"", ""hospAcc"": ""NABH"", ""hospName"": ""Medipulse Hospital A Unit of JHPL"", ""tierType"": ""Tier 2""}"
1801,Jaipur,Jaipur,22,METRO MAS HOSPITALS,NABH,Tier 2,JAIPUR,,"{""adcityName"": ""Jaipur"", ""cityName"": ""JAIPUR"", ""hospAcc"": ""NABH"", ""hospName"": ""METRO MAS HOSPITALS"", ""tierType"": ""Tier 2""}"
1802,Jaipur,Jaipur,22,M GENIX DIAGNOSTIC,NABL,Tier 2,JAIPUR,,"{""adcityName"": ""Jaipur"", ""cityName"": ""JAIPUR"", ""hospAcc"": ""NABL"", ""hospName"": ""M GENIX DIAGNOSTIC"", ""tierType"": ""Tier 2""}"
1803,Jaipur,Jaipur,22,MITTAL HOSPITAL AND RESEARCH CENTRE,NABH,Tier 2,AJMER,,"{""adcityName"": ""Jaipur"", ""cityName"": ""AJMER"", ""hospAcc"": ""NABH"", ""hospName"": ""MITTAL HOSPITAL AND RESEARCH CENTRE"", ""tierType"": ""Tier 2""}"
1804,Jaipur,Jaipur,22,MONILEK HOSPITAL & RESEARCH CENTRE,NABH,Tier 2,JAIPUR,,"{""adcityName"": ""Jaipur"", ""cityName"": ""JAIPUR"", ""hospAcc"": ""NABH"", ""hospName"": ""MONILEK HOSPITAL & RESEARCH CENTRE "", ""tierType"": ""Tier 2""}"
1805,Jaipur,Jaipur,22,Narayana Hrudayalaya Limited,NABH,Tier 2,JAIPUR,,"{""adcityName"": ""Jaipur"", ""cityName"": ""JAIPUR"", ""hospAcc"": ""NABH"", ""hospName"": ""Narayana Hrudayalaya Limited "", ""tierType"": ""Tier 2""}"
1806,Jaipur,Jaipur,22,NIVIK NEURO TRAUMA & MULTISPECIALITY HOSPITAL,NABH,Tier 2,JAIPUR,,"{""adcityName"": ""Jaipur"", ""cityName"": ""JAIPUR"", ""hospAcc"": ""NABH"", ""hospName"": ""NIVIK NEURO TRAUMA & MULTISPECIALITY HOSPITAL"", ""tierType"": ""Tier 2""}"
1807,Jaipur,Jaipur,22,NK DENTAL HOSPITAL,NABH,Tier 2,JAIPUR,,"{""adcityName"": ""Jaipur"", ""cityName"": ""JAIPUR"", ""hospAcc"": ""NABH"", ""hospName"": ""NK DENTAL HOSPITAL"", ""tierType"": ""Tier 2""}"
1808,Jaipur,Jaipur,22,OKAY DIAGNOSTIC RESEARCH CENTRE PVT LTD,NABL,Tier 2,JAIPUR,,"{""adcityName"": ""Jaipur"", ""cityName"": ""JAIPUR"", ""hospAcc"": ""NABL"", ""hospName"": ""OKAY DIAGNOSTIC RESEARCH CENTRE PVT LTD"", ""tierType"": ""Tier 2""}"
1809,Jaipur,Jaipur,22,Pacific Institute Of Medical Sciences,NABH,Tier 2,UDAIPUR,,"{""adcityName"": ""Jaipur"", ""cityName"": ""UDAIPUR"", ""hospAcc"": ""NABH"", ""hospName"": ""Pacific Institute Of Medical Sciences"", ""tierType"": ""Tier 2""}"
1810,Jaipur,Jaipur,22,PALIWAL EYE HOSPITAL,NABH,Tier 2,JODHPUR,,"{""adcityName"": ""Jaipur"", ""cityName"": ""JODHPUR"", ""hospAcc"": ""NABH"", ""hospName"": ""PALIWAL EYE HOSPITAL"", ""tierType"": ""Tier 2""}"
1811,Jaipur,Jaipur,22,Paras Urology and Multispeciality Hospital,NABH,Tier 2,AJMER,,"{""adcityName"": ""Jaipur"", ""cityName"": ""AJMER"", ""hospAcc"": ""NABH"", ""hospName"": ""Paras Urology and Multispeciality Hospital"", ""tierType"": ""Tier 2""}"
1812,Jaipur,Jaipur,22,prakash eye hospital,QCI,Tier 2,JAIPUR,,"{""adcityName"": ""Jaipur"", ""cityName"": ""JAIPUR"", ""hospAcc"": ""QCI"", ""hospName"": ""prakash eye hospital"", ""tierType"": ""Tier 2""}"
1813,Jaipur,Jaipur,22,Prakash Eye Hospital and Laser Center,NABH,Tier 2,JAIPUR,,"{""adcityName"": ""Jaipur"", ""cityName"": ""JAIPUR"", ""hospAcc"": ""NABH"", ""hospName"": ""Prakash Eye Hospital and Laser Center"", ""tierType"": ""Tier 2""}"
1814,Jaipur,Jaipur,22,PRIYUSH NEURO AND SUPER SPECIALITY HOSPTIAL,NABH,Tier 2,JAIPUR,,"{""adcityName"": ""Jaipur"", ""cityName"": ""JAIPUR"", ""hospAcc"": ""NABH"", ""hospName"": ""PRIYUSH NEURO AND SUPER SPECIALITY HOSPTIAL"", ""tierType"": ""Tier 2""}"
1815,Jaipur,Jaipur,22,Puru Eye Hospital,NABH,Tier 2,JAIPUR,,"{""adcityName"": ""Jaipur"", ""cityName"": ""JAIPUR"", ""hospAcc"": ""NABH"", ""hospName"": ""Puru Eye Hospital"", ""tierType"": ""Tier 2""}"
1816,Jaipur,Jaipur,22,RAO HOSPITAL,NABH,Tier 2,JAIPUR,,"{""adcityName"": ""Jaipur"", ""cityName"": ""JAIPUR"", ""hospAcc"": ""NABH"", ""hospName"": ""RAO HOSPITAL"", ""tierType"": ""Tier 2""}"
1817,Jaipur,Jaipur,22,root and tooth dental hospital orthodontic and implant centre,QCI,Tier 2,JAIPUR,,"{""adcityName"": ""Jaipur"", ""cityName"": ""JAIPUR"", ""hospAcc"": ""QCI"", ""hospName"": ""root and tooth dental hospital orthodontic and implant centre"", ""tierType"": ""Tier 2""}"
1818,Jaipur,Jaipur,22,ROYAL EYE CARE AND RESEARCH CENTRE,NA,Tier 2,JAIPUR,,"{""adcityName"": ""Jaipur"", ""cityName"": ""JAIPUR"", ""hospAcc"": ""NA"", ""hospName"": ""ROYAL EYE CARE AND RESEARCH CENTRE"", ""tierType"": ""Tier 2""}"
1819,Jaipur,Jaipur,22,RUNGTA HOSPITAL,NABH,Tier 2,JAIPUR,,"{""adcityName"": ""Jaipur"", ""cityName"": ""JAIPUR"", ""hospAcc"": ""NABH"", ""hospName"": ""RUNGTA  HOSPITAL"", ""tierType"": ""Tier 2""}"
1820,Jaipur,Jaipur,22,SADHNA HOSPITAL,NABH,Tier 2,JAIPUR,,"{""adcityName"": ""Jaipur"", ""cityName"": ""JAIPUR"", ""hospAcc"": ""NABH"", ""hospName"": ""SADHNA HOSPITAL"", ""tierType"": ""Tier 2""}"
1821,Jaipur,Jaipur,22,Sankara Eye Hospital,NABH,Tier 2,JAIPUR,,"{""adcityName"": ""Jaipur"", ""cityName"": ""JAIPUR"", ""hospAcc"": ""NABH"", ""hospName"": ""Sankara Eye Hospital "", ""tierType"": ""Tier 2""}"
1822,Jaipur,Jaipur,22,SANTOKBA DURLABHJI MEMORIAL HOSPITAL,NABH,Tier 2,JAIPUR,,"{""adcityName"": ""Jaipur"", ""cityName"": ""JAIPUR"", ""hospAcc"": ""NABH"", ""hospName"": ""SANTOKBA DURLABHJI MEMORIAL HOSPITAL"", ""tierType"": ""Tier 2""}"
1823,Jaipur,Jaipur,22,SARDA NURSING HOME,Others,Tier 2,JAIPUR,,"{""adcityName"": ""Jaipur"", ""cityName"": ""JAIPUR"", ""hospAcc"": ""Others"", ""hospName"": ""SARDA NURSING HOME"", ""tierType"": ""Tier 2""}"
1824,Jaipur,Jaipur,22,SCR SIR CHOTU RAM HOSPITAL & RESEARCH CENTER,NABH,Tier 2,JAIPUR,,"{""adcityName"": ""Jaipur"", ""cityName"": ""JAIPUR"", ""hospAcc"": ""NABH"", ""hospName"": ""SCR SIR CHOTU RAM HOSPITAL & RESEARCH CENTER"", ""tierType"": ""Tier 2""}"
1825,Jaipur,Jaipur,22,shree krishan dental hospital,QCI,Tier 2,JAIPUR,,"{""adcityName"": ""Jaipur"", ""cityName"": ""JAIPUR"", ""hospAcc"": ""QCI"", ""hospName"": ""shree krishan dental hospital"", ""tierType"": ""Tier 2""}"
1826,Jaipur,Jaipur,22,Shree Rana Hospital And Charitable Medical Institute,QCI,Tier 2,AJMER,,"{""adcityName"": ""Jaipur"", ""cityName"": ""AJMER"", ""hospAcc"": ""QCI"", ""hospName"": ""Shree Rana Hospital And Charitable Medical Institute"", ""tierType"": ""Tier 2""}"
1827,Jaipur,Jaipur,22,SHRI AMAR JAIN MEDICAL RELIEF SOCIETY,NABH,Tier 2,JAIPUR,,"{""adcityName"": ""Jaipur"", ""cityName"": ""JAIPUR"", ""hospAcc"": ""NABH"", ""hospName"": ""SHRI AMAR JAIN MEDICAL RELIEF SOCIETY"", ""tierType"": ""Tier 2""}"
1828,Jaipur,Jaipur,22,SHRI AMBE HOSPITAL AND RESEARCH INSTITUTE LLP,Others,Tier 2,JAIPUR,,"{""adcityName"": ""Jaipur"", ""cityName"": ""JAIPUR"", ""hospAcc"": ""Others"", ""hospName"": ""SHRI AMBE HOSPITAL AND RESEARCH INSTITUTE LLP"", ""tierType"": ""Tier 2""}"
1829,Jaipur,Jaipur,22,shri ramakrishna hospital,NABH,Tier 2,JAIPUR,,"{""adcityName"": ""Jaipur"", ""cityName"": ""JAIPUR"", ""hospAcc"": ""NABH"", ""hospName"": ""shri ramakrishna hospital"", ""tierType"": ""Tier 2""}"
1830,Jaipur,Jaipur,22,Shri Ram Superspeciality Surgical Centre,NABH,Tier 2,JODHPUR,,"{""adcityName"": ""Jaipur"", ""cityName"": ""JODHPUR"", ""hospAcc"": ""NABH"", ""hospName"": ""Shri Ram Superspeciality Surgical Centre"", ""tierType"": ""Tier 2""}"
1831,Jaipur,Jaipur,22,Shri Ram Super Speciality Surgical Centre Pvt. Ltd.,NA,Tier 2,JODHPUR,,"{""adcityName"": ""Jaipur"", ""cityName"": ""JODHPUR"", ""hospAcc"": ""NA"", ""hospName"": ""Shri Ram Super Speciality Surgical Centre Pvt. Ltd."", ""tierType"": ""Tier 2""}"
1832,Jaipur,Jaipur,22,Shubham Hospital,NABH,Tier 2,JODHPUR,,"{""adcityName"": ""Jaipur"", ""cityName"": ""JODHPUR"", ""hospAcc"": ""NABH"", ""hospName"": ""Shubham Hospital"", ""tierType"": ""Tier 2""}"
1833,Jaipur,Jaipur,22,SIDDHAM ENT CENTER LLP,NABH,Tier 2,JAIPUR,,"{""adcityName"": ""Jaipur"", ""cityName"": ""JAIPUR"", ""hospAcc"": ""NABH"", ""hospName"": ""SIDDHAM ENT CENTER LLP"", ""tierType"": ""Tier 2""}"
1834,Jaipur,Jaipur,22,SIDDHARTH CT SCAN & IMAGING CENTRE,Non NABL,Tier 2,JAIPUR,,"{""adcityName"": ""Jaipur"", ""cityName"": ""JAIPUR"", ""hospAcc"": ""Non NABL"", ""hospName"": ""SIDDHARTH CT SCAN & IMAGING CENTRE"", ""tierType"": ""Tier 2""}"
1835,Jaipur,Jaipur,22,SINGHVI DENTAL CARE,NA,Tier 2,JODHPUR,,"{""adcityName"": ""Jaipur"", ""cityName"": ""JODHPUR"", ""hospAcc"": ""NA"", ""hospName"": ""SINGHVI DENTAL CARE"", ""tierType"": ""Tier 2""}"
1836,Jaipur,Jaipur,22,Siyaram Hospital and Research Centre Pvt Ltd,QCI,Tier 2,JAIPUR,,"{""adcityName"": ""Jaipur"", ""cityName"": ""JAIPUR"", ""hospAcc"": ""QCI"", ""hospName"": ""Siyaram Hospital and Research Centre Pvt Ltd"", ""tierType"": ""Tier 2""}"
1837,Jaipur,Jaipur,22,SMILE AJMER DENTAL CLINIC,QCI,Tier 2,AJMER,,"{""adcityName"": ""Jaipur"", ""cityName"": ""AJMER"", ""hospAcc"": ""QCI"", ""hospName"": ""SMILE AJMER DENTAL CLINIC"", ""tierType"": ""Tier 2""}"
1838,Jaipur,Jaipur,22,SOMANI HOSPITAL,NABH,Tier 2,JAIPUR,,"{""adcityName"": ""Jaipur"", ""cityName"": ""JAIPUR"", ""hospAcc"": ""NABH"", ""hospName"": ""SOMANI HOSPITAL"", ""tierType"": ""Tier 2""}"
1839,Jaipur,Jaipur,22,somendra s dental care center,NA,Tier 2,JAIPUR,,"{""adcityName"": ""Jaipur"", ""cityName"": ""JAIPUR"", ""hospAcc"": ""NA"", ""hospName"": ""somendra s dental care center"", ""tierType"": ""Tier 2""}"
1840,Jaipur,Jaipur,22,SONI HOSPITAL- JAIPUR,NABH,Tier 2,JAIPUR,,"{""adcityName"": ""Jaipur"", ""cityName"": ""JAIPUR"", ""hospAcc"": ""NABH"", ""hospName"": ""SONI HOSPITAL- JAIPUR"", ""tierType"": ""Tier 2""}"
1841,Jaipur,Jaipur,22,SPARSH HOSPITAL JAIPUR,NABH,Tier 2,JAIPUR,,"{""adcityName"": ""Jaipur"", ""cityName"": ""JAIPUR"", ""hospAcc"": ""NABH"", ""hospName"": ""SPARSH HOSPITAL JAIPUR"", ""tierType"": ""Tier 2""}"
1842,Jaipur,Jaipur,22,SR KALLA MEMORIAL GASTRO AND GENERAL HOSPITAL,NABH,Tier 2,JAIPUR,,"{""adcityName"": ""Jaipur"", ""cityName"": ""JAIPUR"", ""hospAcc"": ""NABH"", ""hospName"": ""SR KALLA MEMORIAL GASTRO AND GENERAL HOSPITAL"", ""tierType"": ""Tier 2""}"
1843,Jaipur,Jaipur,22,Sudha Hospital and Medical Research Centre Pvt Ltd,NABH,Tier 2,KOTA,,"{""adcityName"": ""Jaipur"", ""cityName"": ""KOTA"", ""hospAcc"": ""NABH"", ""hospName"": ""Sudha Hospital and Medical Research Centre Pvt Ltd"", ""tierType"": ""Tier 2""}"
1844,Jaipur,Jaipur,22,TAGORE HOSPITAL & RESEARCH INSTITUTE,NA,Tier 2,JAIPUR,,"{""adcityName"": ""Jaipur"", ""cityName"": ""JAIPUR"", ""hospAcc"": ""NA"", ""hospName"": ""TAGORE HOSPITAL & RESEARCH INSTITUTE"", ""tierType"": ""Tier 2""}"
1845,Jaipur,Jaipur,22,The Royal Orthopedic Hospital and Sports Injury Centre,Others,Tier 2,JAIPUR,,"{""adcityName"": ""Jaipur"", ""cityName"": ""JAIPUR"", ""hospAcc"": ""Others"", ""hospName"": ""The Royal Orthopedic Hospital and Sports Injury Centre"", ""tierType"": ""Tier 2""}"
1846,Jaipur,Jaipur,22,TULSI DENTAL CLINIC,NABH,Tier 2,AJMER,,"{""adcityName"": ""Jaipur"", ""cityName"": ""AJMER"", ""hospAcc"": ""NABH"", ""hospName"": ""TULSI DENTAL CLINIC"", ""tierType"": ""Tier 2""}"
1847,Jaipur,Jaipur,22,Vaishali Hospital and Surgical research center,NABH,Tier 2,JAIPUR,,"{""adcityName"": ""Jaipur"", ""cityName"": ""JAIPUR"", ""hospAcc"": ""NABH"", ""hospName"": ""Vaishali Hospital and Surgical research center"", ""tierType"": ""Tier 2""}"
1848,Jaipur,Jaipur,22,VASUNDHARA HOSPITAL LTD.,NABH,Tier 2,JODHPUR,,"{""adcityName"": ""Jaipur"", ""cityName"": ""JODHPUR"", ""hospAcc"": ""NABH"", ""hospName"": ""VASUNDHARA HOSPITAL LTD."", ""tierType"": ""Tier 2""}"
1849,Jaipur,Jaipur,22,VINAYAKA HOSPITAL,NABH,Tier 2,JODHPUR,,"{""adcityName"": ""Jaipur"", ""cityName"": ""JODHPUR"", ""hospAcc"": ""NABH"", ""hospName"": ""VINAYAKA HOSPITAL "", ""tierType"": ""Tier 2""}"
1850,Jaipur,Jaipur,22,YASH AMAN HOSPITAL,NABH,Tier 2,JODHPUR,,"{""adcityName"": ""Jaipur"", ""cityName"": ""JODHPUR"", ""hospAcc"": ""NABH"", ""hospName"": ""YASH AMAN HOSPITAL"", ""tierType"": ""Tier 2""}"
1851,Kanpur,Kanpur,23,Abhishek hospital,QCI,Tier 2,Kanpur,,"{""adcityName"": ""Kanpur"", ""cityName"": ""Kanpur"", ""hospAcc"": ""QCI"", ""hospName"": ""Abhishek hospital"", ""tierType"": ""Tier 2""}"
1852,Kanpur,Kanpur,23,AHUJA MEDICAL & RESEARCH CENTRE,QCI,Tier 2,Kanpur,,"{""adcityName"": ""Kanpur"", ""cityName"": ""Kanpur"", ""hospAcc"": ""QCI"", ""hospName"": ""AHUJA MEDICAL & RESEARCH CENTRE"", ""tierType"": ""Tier 2""}"
1853,Kanpur,Kanpur,23,AKSHI EYE CARE CENTRE,QCI,Tier 2,Kanpur,,"{""adcityName"": ""Kanpur"", ""cityName"": ""Kanpur"", ""hospAcc"": ""QCI"", ""hospName"": ""AKSHI EYE CARE CENTRE"", ""tierType"": ""Tier 2""}"
1854,Kanpur,Kanpur,23,Anurag Healthcare Pvt Ltd,QCI,Tier 2,Kanpur,,"{""adcityName"": ""Kanpur"", ""cityName"": ""Kanpur"", ""hospAcc"": ""QCI"", ""hospName"": ""Anurag Healthcare Pvt Ltd"", ""tierType"": ""Tier 2""}"
1855,Kanpur,Kanpur,23,Apollo Specialty Hospitals Pvt Ltd,QCI,Tier 2,Kanpur,,"{""adcityName"": ""Kanpur"", ""cityName"": ""Kanpur"", ""hospAcc"": ""QCI"", ""hospName"": ""Apollo Specialty Hospitals Pvt Ltd"", ""tierType"": ""Tier 2""}"
1856,Kanpur,Kanpur,23,ASG Hospital Pvt Ltd,,Tier 2,Gwalior,,"{""adcityName"": ""Kanpur"", ""cityName"": ""Gwalior"", ""hospAcc"": """", ""hospName"": ""ASG Hospital Pvt Ltd"", ""tierType"": ""Tier 2""}"
1857,Kanpur,Kanpur,23,ASG Hospital Pvt Ltd,QCI,Tier 2,Kanpur,,"{""adcityName"": ""Kanpur"", ""cityName"": ""Kanpur"", ""hospAcc"": ""QCI"", ""hospName"": ""ASG Hospital Pvt Ltd"", ""tierType"": ""Tier 2""}"
1858,Kanpur,Kanpur,23,ATAMARAM CHILD CARE AND CRITICAL CARE,QCI,Tier 2,Kanpur,,"{""adcityName"": ""Kanpur"", ""cityName"": ""Kanpur"", ""hospAcc"": ""QCI"", ""hospName"": ""ATAMARAM CHILD CARE AND CRITICAL CARE"", ""tierType"": ""Tier 2""}"
1859,Kanpur,Kanpur,23,BHARGAVA HOSPITAL-KANPUR,QCI,Tier 2,Kanpur,,"{""adcityName"": ""Kanpur"", ""cityName"": ""Kanpur"", ""hospAcc"": ""QCI"", ""hospName"": ""BHARGAVA HOSPITAL-KANPUR"", ""tierType"": ""Tier 2""}"
1860,Kanpur,Kanpur,23,BHARGAVA MEDICAL AND TRAUMA CENTRE,NABH,Tier 2,Kanpur,,"{""adcityName"": ""Kanpur"", ""cityName"": ""Kanpur"", ""hospAcc"": ""NABH"", ""hospName"": ""BHARGAVA MEDICAL AND TRAUMA CENTRE"", ""tierType"": ""Tier 2""}"
1861,Kanpur,Kanpur,23,Centre for Sight Kanpur A Unit of New Delhi Centre for Sight Ltd,NABH,Tier 2,Kanpur,,"{""adcityName"": ""Kanpur"", ""cityName"": ""Kanpur"", ""hospAcc"": ""NABH"", ""hospName"": ""Centre for Sight Kanpur A Unit of New Delhi Centre for Sight Ltd"", ""tierType"": ""Tier 2""}"
1862,Kanpur,Kanpur,23,Chandni Hospital p Ltd,NABH,Tier 2,Kanpur,,"{""adcityName"": ""Kanpur"", ""cityName"": ""Kanpur"", ""hospAcc"": ""NABH"", ""hospName"": ""Chandni Hospital p Ltd"", ""tierType"": ""Tier 2""}"
1863,Kanpur,Kanpur,23,Chandni Hospital P Ltd,NABH,Tier 2,Kanpur,,"{""adcityName"": ""Kanpur"", ""cityName"": ""Kanpur"", ""hospAcc"": ""NABH"", ""hospName"": ""Chandni Hospital P Ltd"", ""tierType"": ""Tier 2""}"
1864,Kanpur,Kanpur,23,DHANVANTRI SUPER SPECIALITY HOSPITAL UNIT OF KABI,QCI,Tier 2,Kanpur,,"{""adcityName"": ""Kanpur"", ""cityName"": ""Kanpur"", ""hospAcc"": ""QCI"", ""hospName"": ""DHANVANTRI SUPER SPECIALITY HOSPITAL UNIT OF KABI"", ""tierType"": ""Tier 2""}"
1865,Kanpur,Kanpur,23,Dr Jawahar Lal Rohatgi Smarak Netra Chikitsalaya,QCI,Tier 2,Kanpur,,"{""adcityName"": ""Kanpur"", ""cityName"": ""Kanpur"", ""hospAcc"": ""QCI"", ""hospName"": ""Dr Jawahar Lal Rohatgi Smarak Netra Chikitsalaya"", ""tierType"": ""Tier 2""}"
1866,Kanpur,Kanpur,23,DR SUDEEPS PATHOLOGY and BIOPSY CENTRE,NABL,Tier 2,Kanpur,,"{""adcityName"": ""Kanpur"", ""cityName"": ""Kanpur"", ""hospAcc"": ""NABL"", ""hospName"": ""DR SUDEEPS PATHOLOGY and BIOPSY CENTRE"", ""tierType"": ""Tier 2""}"
1867,Kanpur,Kanpur,23,DS Memorial Nursing Home Eye Unit-AELC,QCI,Tier 2,Kanpur,,"{""adcityName"": ""Kanpur"", ""cityName"": ""Kanpur"", ""hospAcc"": ""QCI"", ""hospName"": ""DS Memorial Nursing Home Eye Unit-AELC"", ""tierType"": ""Tier 2""}"
1868,Kanpur,Kanpur,23,DS MEMORIAL NURSING HOME EYE UNIT AELC,QCI,Tier 2,Kanpur,,"{""adcityName"": ""Kanpur"", ""cityName"": ""Kanpur"", ""hospAcc"": ""QCI"", ""hospName"": ""DS MEMORIAL NURSING HOME EYE UNIT AELC"", ""tierType"": ""Tier 2""}"
1869,Kanpur,Kanpur,23,DWIVEDI HOSPITAL A Unit of Model Medical Services Pvt Ltd,QCI,Tier 2,Kanpur,,"{""adcityName"": ""Kanpur"", ""cityName"": ""Kanpur"", ""hospAcc"": ""QCI"", ""hospName"": ""DWIVEDI HOSPITAL A Unit of Model Medical Services Pvt Ltd"", ""tierType"": ""Tier 2""}"
1870,Kanpur,Kanpur,23,EMERALD HOSPITAL,NABH,Tier 2,Kanpur,,"{""adcityName"": ""Kanpur"", ""cityName"": ""Kanpur"", ""hospAcc"": ""NABH"", ""hospName"": ""EMERALD HOSPITAL"", ""tierType"": ""Tier 2""}"
1871,Kanpur,Kanpur,23,EYE Q VISION PVT LTD - KANPUR,QCI,Tier 2,Kanpur,,"{""adcityName"": ""Kanpur"", ""cityName"": ""Kanpur"", ""hospAcc"": ""QCI"", ""hospName"": ""EYE Q VISION PVT LTD - KANPUR"", ""tierType"": ""Tier 2""}"
1872,Kanpur,Kanpur,23,Family hospital and Research center,QCI,Tier 2,Kanpur,,"{""adcityName"": ""Kanpur"", ""cityName"": ""Kanpur"", ""hospAcc"": ""QCI"", ""hospName"": ""Family hospital and Research center "", ""tierType"": ""Tier 2""}"
1873,Kanpur,Kanpur,23,FORTUNE HOSPITAL,NABH,Tier 2,Kanpur,,"{""adcityName"": ""Kanpur"", ""cityName"": ""Kanpur"", ""hospAcc"": ""NABH"", ""hospName"": ""FORTUNE HOSPITAL"", ""tierType"": ""Tier 2""}"
1874,Kanpur,Kanpur,23,FORTUNE HOSPITAL,NABH,Tier 2,Kanpur,,"{""adcityName"": ""Kanpur"", ""cityName"": ""Kanpur"", ""hospAcc"": ""NABH"", ""hospName"": ""FORTUNE HOSPITAL"", ""tierType"": ""Tier 2""}"
1875,Kanpur,Kanpur,23,FORTUNE HOSPITAL,NABH,Tier 2,Kanpur,,"{""adcityName"": ""Kanpur"", ""cityName"": ""Kanpur"", ""hospAcc"": ""NABH"", ""hospName"": ""FORTUNE HOSPITAL"", ""tierType"": ""Tier 2""}"
1876,Kanpur,Kanpur,23,GAHLAUT HEALTH CARE PVT LTD,QCI,Tier 2,Kanpur,,"{""adcityName"": ""Kanpur"", ""cityName"": ""Kanpur"", ""hospAcc"": ""QCI"", ""hospName"": ""GAHLAUT HEALTH CARE PVT LTD"", ""tierType"": ""Tier 2""}"
1877,Kanpur,Kanpur,23,GAHLAUT HEALTH CARE PVT. LTD.,QCI,Tier 2,Kanpur,,"{""adcityName"": ""Kanpur"", ""cityName"": ""Kanpur"", ""hospAcc"": ""QCI"", ""hospName"": ""GAHLAUT HEALTH CARE PVT. LTD."", ""tierType"": ""Tier 2""}"
1878,Kanpur,Kanpur,23,Globus HOSPITAL,NABH,Tier 2,Kanpur,,"{""adcityName"": ""Kanpur"", ""cityName"": ""Kanpur"", ""hospAcc"": ""NABH"", ""hospName"": ""Globus HOSPITAL"", ""tierType"": ""Tier 2""}"
1879,Kanpur,Kanpur,23,GURU TEG BAHADUR HOSPITAL (A UNIT OF G.T.B. HOSPITAL PVT. LTD.),QCI,Tier 2,Kanpur,,"{""adcityName"": ""Kanpur"", ""cityName"": ""Kanpur"", ""hospAcc"": ""QCI"", ""hospName"": ""GURU TEG BAHADUR HOSPITAL (A UNIT OF G.T.B. HOSPITAL PVT. LTD.)"", ""tierType"": ""Tier 2""}"
1880,Kanpur,Kanpur,23,JEENA SIKHO LIFECARE LTD.,,Tier 2,KANPUR NAGAR,,"{""adcityName"": ""Kanpur"", ""cityName"": ""KANPUR NAGAR"", ""hospAcc"": """", ""hospName"": ""JEENA SIKHO LIFECARE LTD."", ""tierType"": ""Tier 2""}"
1881,Kanpur,Kanpur,23,KANNIKA HOSPITAL PVT LTD,QCI,Tier 2,Kanpur,,"{""adcityName"": ""Kanpur"", ""cityName"": ""Kanpur"", ""hospAcc"": ""QCI"", ""hospName"": ""KANNIKA HOSPITAL PVT LTD"", ""tierType"": ""Tier 2""}"
1882,Kanpur,Kanpur,23,KANPUR MEDICAL CENTRE PVT LTD,QCI,Tier 2,Kanpur,,"{""adcityName"": ""Kanpur"", ""cityName"": ""Kanpur"", ""hospAcc"": ""QCI"", ""hospName"": ""KANPUR MEDICAL CENTRE PVT LTD"", ""tierType"": ""Tier 2""}"
1883,Kanpur,Kanpur,23,KANPUR UROLOGY CENTRE,QCI,Tier 2,Kanpur,,"{""adcityName"": ""Kanpur"", ""cityName"": ""Kanpur"", ""hospAcc"": ""QCI"", ""hospName"": ""KANPUR UROLOGY CENTRE"", ""tierType"": ""Tier 2""}"
1884,Kanpur,Kanpur,23,KANPUR UROLOGY CENTRE,QCI,Tier 2,Kanpur,,"{""adcityName"": ""Kanpur"", ""cityName"": ""Kanpur"", ""hospAcc"": ""QCI"", ""hospName"": ""KANPUR UROLOGY CENTRE"", ""tierType"": ""Tier 2""}"
1885,Kanpur,Kanpur,23,Khairabad Eye Hospital and Dr P N Mahendra Eye Foundation,QCI,Tier 2,Kanpur,,"{""adcityName"": ""Kanpur"", ""cityName"": ""Kanpur"", ""hospAcc"": ""QCI"", ""hospName"": ""Khairabad Eye Hospital and Dr P N Mahendra Eye Foundation"", ""tierType"": ""Tier 2""}"
1886,Kanpur,Kanpur,23,KHAIRABAD EYE HOSPITAL AND MAHENDRA EYE INSTITUTE,QCI,Tier 2,Kanpur,,"{""adcityName"": ""Kanpur"", ""cityName"": ""Kanpur"", ""hospAcc"": ""QCI"", ""hospName"": ""KHAIRABAD EYE HOSPITAL AND MAHENDRA EYE INSTITUTE"", ""tierType"": ""Tier 2""}"
1887,Kanpur,Kanpur,23,KHAIRABAD EYE HOSPITAL-KANPUR,QCI,Tier 2,Kanpur,,"{""adcityName"": ""Kanpur"", ""cityName"": ""Kanpur"", ""hospAcc"": ""QCI"", ""hospName"": ""KHAIRABAD EYE HOSPITAL-KANPUR"", ""tierType"": ""Tier 2""}"
1888,Kanpur,Kanpur,23,Krishna Super Speciality Hospital,NABH,Tier 2,Kanpur,,"{""adcityName"": ""Kanpur"", ""cityName"": ""Kanpur"", ""hospAcc"": ""NABH"", ""hospName"": ""Krishna Super Speciality Hospital"", ""tierType"": ""Tier 2""}"
1889,Kanpur,Kanpur,23,LAXMI DIAGNOSTIC CENTRE,QCI,Tier 2,Kanpur,,"{""adcityName"": ""Kanpur"", ""cityName"": ""Kanpur"", ""hospAcc"": ""QCI"", ""hospName"": ""LAXMI DIAGNOSTIC CENTRE"", ""tierType"": ""Tier 2""}"
1890,Kanpur,Kanpur,23,LIFETRON HOSPITAL,QCI,Tier 2,Kanpur,,"{""adcityName"": ""Kanpur"", ""cityName"": ""Kanpur"", ""hospAcc"": ""QCI"", ""hospName"": ""LIFETRON HOSPITAL"", ""tierType"": ""Tier 2""}"
1891,Kanpur,Kanpur,23,LIFETRON HOSPITAL A UNIT OF DWARKA PRASAD HEALTH CARES RESEARCH PVT LTD,QCI,Tier 2,Kanpur,,"{""adcityName"": ""Kanpur"", ""cityName"": ""Kanpur"", ""hospAcc"": ""QCI"", ""hospName"": ""LIFETRON HOSPITAL  A UNIT OF DWARKA PRASAD HEALTH CARES RESEARCH PVT LTD"", ""tierType"": ""Tier 2""}"
1892,Kanpur,Kanpur,23,LOTUS HOSPITAL A Unit of Vidyadayini for Health Association,QCI,Tier 2,Kanpur,,"{""adcityName"": ""Kanpur"", ""cityName"": ""Kanpur"", ""hospAcc"": ""QCI"", ""hospName"": ""LOTUS HOSPITAL  A Unit of Vidyadayini for Health Association "", ""tierType"": ""Tier 2""}"
1893,Kanpur,Kanpur,23,MADHULOK HOSPITAL,QCI,Tier 2,Kanpur,,"{""adcityName"": ""Kanpur"", ""cityName"": ""Kanpur"", ""hospAcc"": ""QCI"", ""hospName"": ""MADHULOK HOSPITAL"", ""tierType"": ""Tier 2""}"
1894,Kanpur,Kanpur,23,MADHURAJ HOSPITAL P LTD,NABH,Tier 2,Kanpur,,"{""adcityName"": ""Kanpur"", ""cityName"": ""Kanpur"", ""hospAcc"": ""NABH"", ""hospName"": ""MADHURAJ HOSPITAL P LTD"", ""tierType"": ""Tier 2""}"
1895,Kanpur,Kanpur,23,MANGLA MULTISPECIALITY HOSPITAL PVT LTD,QCI,Tier 2,Kanpur,,"{""adcityName"": ""Kanpur"", ""cityName"": ""Kanpur"", ""hospAcc"": ""QCI"", ""hospName"": ""MANGLA MULTISPECIALITY HOSPITAL PVT LTD"", ""tierType"": ""Tier 2""}"
1896,Kanpur,Kanpur,23,MANGLA MULTISPECIALTIY HOSPITAL PVT LTD,QCI,Tier 2,Kanpur,,"{""adcityName"": ""Kanpur"", ""cityName"": ""Kanpur"", ""hospAcc"": ""QCI"", ""hospName"": ""MANGLA MULTISPECIALTIY HOSPITAL PVT LTD"", ""tierType"": ""Tier 2""}"
1897,Kanpur,Kanpur,23,Mehrotra Diagnostics and ENT Hospital LLP,QCI,Tier 2,Kanpur,,"{""adcityName"": ""Kanpur"", ""cityName"": ""Kanpur"", ""hospAcc"": ""QCI"", ""hospName"": ""Mehrotra Diagnostics and ENT Hospital LLP"", ""tierType"": ""Tier 2""}"
1898,Kanpur,Kanpur,23,NARAINA HOSPITAL And RESEARCH CENTER,QCI,Tier 2,Kanpur,,"{""adcityName"": ""Kanpur"", ""cityName"": ""Kanpur"", ""hospAcc"": ""QCI"", ""hospName"": ""NARAINA HOSPITAL And RESEARCH CENTER"", ""tierType"": ""Tier 2""}"
1899,Kanpur,Kanpur,23,Neuron Super Speciality Hospital A Unit Of Swaradhya Healthcare Private Limited,QCI,Tier 2,Kanpur,,"{""adcityName"": ""Kanpur"", ""cityName"": ""Kanpur"", ""hospAcc"": ""QCI"", ""hospName"": ""Neuron Super Speciality Hospital A Unit Of Swaradhya Healthcare Private Limited"", ""tierType"": ""Tier 2""}"
1900,Kanpur,Kanpur,23,NEW ANGEL HOSPITAL & RESEARCH CENTRE,QCI,Tier 2,Kanpur,,"{""adcityName"": ""Kanpur"", ""cityName"": ""Kanpur"", ""hospAcc"": ""QCI"", ""hospName"": ""NEW ANGEL HOSPITAL & RESEARCH CENTRE"", ""tierType"": ""Tier 2""}"
1901,Kanpur,Kanpur,23,NEW G T NURSING HOME,QCI,Tier 2,Kanpur,,"{""adcityName"": ""Kanpur"", ""cityName"": ""Kanpur"", ""hospAcc"": ""QCI"", ""hospName"": ""NEW G T NURSING HOME"", ""tierType"": ""Tier 2""}"
1902,Kanpur,Kanpur,23,NORTH STAR HOSPITAL,NABH,Tier 2,Kanpur,,"{""adcityName"": ""Kanpur"", ""cityName"": ""Kanpur"", ""hospAcc"": ""NABH"", ""hospName"": ""NORTH STAR HOSPITAL"", ""tierType"": ""Tier 2""}"
1903,Kanpur,Kanpur,23,Paras yash Kothari Hospital,QCI,Tier 2,Kanpur,,"{""adcityName"": ""Kanpur"", ""cityName"": ""Kanpur"", ""hospAcc"": ""QCI"", ""hospName"": ""Paras yash Kothari Hospital"", ""tierType"": ""Tier 2""}"
1904,Kanpur,Kanpur,23,PATHWAY DIAGNOSTIC LABS,NABL,Tier 2,Kanpur,,"{""adcityName"": ""Kanpur"", ""cityName"": ""Kanpur"", ""hospAcc"": ""NABL"", ""hospName"": ""PATHWAY DIAGNOSTIC LABS"", ""tierType"": ""Tier 2""}"
1905,Kanpur,Kanpur,23,PPM MEDICAL RESEARCH AND TRAUMA CENTER PVT LTD,QCI,Tier 2,Kanpur,,"{""adcityName"": ""Kanpur"", ""cityName"": ""Kanpur"", ""hospAcc"": ""QCI"", ""hospName"": ""PPM MEDICAL RESEARCH AND TRAUMA CENTER PVT LTD"", ""tierType"": ""Tier 2""}"
1906,Kanpur,Kanpur,23,PPM MEDICAL RESEARCH AND TRAUMA CENTRE P LTD,QCI,Tier 2,Kanpur,,"{""adcityName"": ""Kanpur"", ""cityName"": ""Kanpur"", ""hospAcc"": ""QCI"", ""hospName"": ""PPM MEDICAL RESEARCH AND TRAUMA CENTRE P LTD"", ""tierType"": ""Tier 2""}"
1907,Kanpur,Kanpur,23,PRAKHAR HOSPITAL PVT LTD,QCI,Tier 2,Kanpur,,"{""adcityName"": ""Kanpur"", ""cityName"": ""Kanpur"", ""hospAcc"": ""QCI"", ""hospName"": ""PRAKHAR HOSPITAL PVT LTD"", ""tierType"": ""Tier 2""}"
1908,Kanpur,Kanpur,23,PRIYA HOSPITAL,QCI,Tier 2,Kanpur,,"{""adcityName"": ""Kanpur"", ""cityName"": ""Kanpur"", ""hospAcc"": ""QCI"", ""hospName"": ""PRIYA HOSPITAL"", ""tierType"": ""Tier 2""}"
1909,Kanpur,Kanpur,23,PRIYA HPOSPITAL,QCI,Tier 2,Kanpur,,"{""adcityName"": ""Kanpur"", ""cityName"": ""Kanpur"", ""hospAcc"": ""QCI"", ""hospName"": ""PRIYA HPOSPITAL"", ""tierType"": ""Tier 2""}"
1910,Kanpur,Kanpur,23,RAHI MEDICAL CENTER PVT LTD,QCI,Tier 2,Kanpur,,"{""adcityName"": ""Kanpur"", ""cityName"": ""Kanpur"", ""hospAcc"": ""QCI"", ""hospName"": ""RAHI MEDICAL CENTER PVT LTD"", ""tierType"": ""Tier 2""}"
1911,Kanpur,Kanpur,23,RAJRANI HOSPITAL,QCI,Tier 2,Kanpur,,"{""adcityName"": ""Kanpur"", ""cityName"": ""Kanpur"", ""hospAcc"": ""QCI"", ""hospName"": ""RAJRANI HOSPITAL"", ""tierType"": ""Tier 2""}"
1912,Kanpur,Kanpur,23,RAMA DEVI MEDICAL CENTRE PVT LTD,NABH,Tier 2,Kanpur,,"{""adcityName"": ""Kanpur"", ""cityName"": ""Kanpur"", ""hospAcc"": ""NABH"", ""hospName"": ""RAMA DEVI MEDICAL CENTRE PVT LTD"", ""tierType"": ""Tier 2""}"
1913,Kanpur,Kanpur,23,Ratnadeep Hospital and Research Centre,QCI,Tier 2,Kanpur,,"{""adcityName"": ""Kanpur"", ""cityName"": ""Kanpur"", ""hospAcc"": ""QCI"", ""hospName"": ""Ratnadeep Hospital and Research Centre"", ""tierType"": ""Tier 2""}"
1914,Kanpur,Kanpur,23,Ratnadeep Hospital And Research Centre,QCI,Tier 2,Kanpur,,"{""adcityName"": ""Kanpur"", ""cityName"": ""Kanpur"", ""hospAcc"": ""QCI"", ""hospName"": ""Ratnadeep Hospital And Research Centre"", ""tierType"": ""Tier 2""}"
1915,Kanpur,Kanpur,23,REGENCY HOSPITAL GOVIND NAGAR,NABH,Tier 2,Kanpur,,"{""adcityName"": ""Kanpur"", ""cityName"": ""Kanpur"", ""hospAcc"": ""NABH"", ""hospName"": ""REGENCY HOSPITAL GOVIND NAGAR"", ""tierType"": ""Tier 2""}"
1916,Kanpur,Kanpur,23,REGENCY HOSPITAL LTD,NABH,Tier 2,Kanpur,,"{""adcityName"": ""Kanpur"", ""cityName"": ""Kanpur"", ""hospAcc"": ""NABH"", ""hospName"": ""REGENCY HOSPITAL LTD"", ""tierType"": ""Tier 2""}"
1917,Kanpur,Kanpur,23,REGENCY HOSPITAL LTD,NABH,Tier 2,Kanpur,,"{""adcityName"": ""Kanpur"", ""cityName"": ""Kanpur"", ""hospAcc"": ""NABH"", ""hospName"": ""REGENCY HOSPITAL LTD"", ""tierType"": ""Tier 2""}"
1918,Kanpur,Kanpur,23,REGENCY RENAL SCIENCES CENTRE,NABH,Tier 2,Kanpur,,"{""adcityName"": ""Kanpur"", ""cityName"": ""Kanpur"", ""hospAcc"": ""NABH"", ""hospName"": ""REGENCY RENAL SCIENCES CENTRE"", ""tierType"": ""Tier 2""}"
1919,Kanpur,Kanpur,23,RkDevi Memorial Hospital,QCI,Tier 2,Kanpur,,"{""adcityName"": ""Kanpur"", ""cityName"": ""Kanpur"", ""hospAcc"": ""QCI"", ""hospName"": ""RkDevi Memorial Hospital"", ""tierType"": ""Tier 2""}"
1920,Kanpur,Kanpur,23,ROYAL CANCER INSTITUTE and RESEARCH CENTRE,NABH,Tier 2,Kanpur,,"{""adcityName"": ""Kanpur"", ""cityName"": ""Kanpur"", ""hospAcc"": ""NABH"", ""hospName"": ""ROYAL CANCER INSTITUTE and RESEARCH CENTRE"", ""tierType"": ""Tier 2""}"
1921,Kanpur,Kanpur,23,SALUJA DENTO MAX FAC CENTRE,NABH,Tier 2,Kanpur,,"{""adcityName"": ""Kanpur"", ""cityName"": ""Kanpur"", ""hospAcc"": ""NABH"", ""hospName"": ""SALUJA DENTO MAX FAC CENTRE"", ""tierType"": ""Tier 2""}"
1922,Kanpur,Kanpur,23,SANJEEVNI HOSPITAL,QCI,Tier 2,Kanpur,,"{""adcityName"": ""Kanpur"", ""cityName"": ""Kanpur"", ""hospAcc"": ""QCI"", ""hospName"": ""SANJEEVNI HOSPITAL"", ""tierType"": ""Tier 2""}"
1923,Kanpur,Kanpur,23,SANKAR KARTIK NETRALAYA,QCI,Tier 2,Kanpur,,"{""adcityName"": ""Kanpur"", ""cityName"": ""Kanpur"", ""hospAcc"": ""QCI"", ""hospName"": ""SANKAR KARTIK NETRALAYA"", ""tierType"": ""Tier 2""}"
1924,Kanpur,Kanpur,23,SARAL NURSING HOME,QCI,Tier 2,Kanpur,,"{""adcityName"": ""Kanpur"", ""cityName"": ""Kanpur"", ""hospAcc"": ""QCI"", ""hospName"": ""SARAL NURSING HOME"", ""tierType"": ""Tier 2""}"
1925,Kanpur,Kanpur,23,SARAL NURSING HOME,QCI,Tier 2,Kanpur,,"{""adcityName"": ""Kanpur"", ""cityName"": ""Kanpur"", ""hospAcc"": ""QCI"", ""hospName"": ""SARAL NURSING HOME"", ""tierType"": ""Tier 2""}"
1926,Kanpur,Kanpur,23,Satya Trauma and Maternity Centre,QCI,Tier 2,Kanpur,,"{""adcityName"": ""Kanpur"", ""cityName"": ""Kanpur"", ""hospAcc"": ""QCI"", ""hospName"": ""Satya Trauma and Maternity Centre"", ""tierType"": ""Tier 2""}"
1927,Kanpur,Kanpur,23,SATYA TRAUMA & MATERNITY CENTRE,QCI,Tier 2,Kanpur,,"{""adcityName"": ""Kanpur"", ""cityName"": ""Kanpur"", ""hospAcc"": ""QCI"", ""hospName"": ""SATYA TRAUMA & MATERNITY CENTRE"", ""tierType"": ""Tier 2""}"
1928,Kanpur,Kanpur,23,SHANKER KARTIK NETRA CHIKITSAYALAYA,QCI,Tier 2,Kanpur,,"{""adcityName"": ""Kanpur"", ""cityName"": ""Kanpur"", ""hospAcc"": ""QCI"", ""hospName"": ""SHANKER KARTIK NETRA CHIKITSAYALAYA"", ""tierType"": ""Tier 2""}"
1929,Kanpur,Kanpur,23,SHARMA NURSING HOME,QCI,Tier 2,Kanpur,,"{""adcityName"": ""Kanpur"", ""cityName"": ""Kanpur"", ""hospAcc"": ""QCI"", ""hospName"": ""SHARMA NURSING HOME"", ""tierType"": ""Tier 2""}"
1930,Kanpur,Kanpur,23,SHRI JAYRAM HOSPITAL AND TRAUMA CENTRE,QCI,Tier 2,Kanpur,,"{""adcityName"": ""Kanpur"", ""cityName"": ""Kanpur"", ""hospAcc"": ""QCI"", ""hospName"": ""SHRI JAYRAM HOSPITAL AND TRAUMA CENTRE"", ""tierType"": ""Tier 2""}"
1931,Kanpur,Kanpur,23,SIS HOSPITAL & RESEARCH CENTRE,QCI,Tier 2,Kanpur,,"{""adcityName"": ""Kanpur"", ""cityName"": ""Kanpur"", ""hospAcc"": ""QCI"", ""hospName"": ""SIS HOSPITAL & RESEARCH CENTRE"", ""tierType"": ""Tier 2""}"
1932,Kanpur,Kanpur,23,SPM HOSPITAL RESEARCH AND TRAUMA CENTRE,NABH,Tier 2,Kanpur,,"{""adcityName"": ""Kanpur"", ""cityName"": ""Kanpur"", ""hospAcc"": ""NABH"", ""hospName"": ""SPM HOSPITAL RESEARCH AND TRAUMA CENTRE"", ""tierType"": ""Tier 2""}"
1933,Kanpur,Kanpur,23,TAURUS HOSPITAL,NABH,Tier 2,Kanpur,,"{""adcityName"": ""Kanpur"", ""cityName"": ""Kanpur"", ""hospAcc"": ""NABH"", ""hospName"": ""TAURUS HOSPITAL"", ""tierType"": ""Tier 2""}"
1934,Kanpur,Kanpur,23,TAURUS HOSPITAL,QCI,Tier 2,Kanpur,,"{""adcityName"": ""Kanpur"", ""cityName"": ""Kanpur"", ""hospAcc"": ""QCI"", ""hospName"": ""TAURUS HOSPITAL"", ""tierType"": ""Tier 2""}"
1935,Kanpur,Kanpur,23,The panacea multi super specialty hospital,NABH,Tier 2,Kanpur,,"{""adcityName"": ""Kanpur"", ""cityName"": ""Kanpur"", ""hospAcc"": ""NABH"", ""hospName"": ""The panacea multi super specialty hospital"", ""tierType"": ""Tier 2""}"
1936,Kanpur,Kanpur,23,TULSI HOSPITALS LIMITED,QCI,Tier 2,Kanpur,,"{""adcityName"": ""Kanpur"", ""cityName"": ""Kanpur"", ""hospAcc"": ""QCI"", ""hospName"": ""TULSI HOSPITALS LIMITED"", ""tierType"": ""Tier 2""}"
1937,Kanpur,Kanpur,23,vedanta hospital and research centre,QCI,Tier 2,Kanpur,,"{""adcityName"": ""Kanpur"", ""cityName"": ""Kanpur"", ""hospAcc"": ""QCI"", ""hospName"": ""vedanta hospital and research centre"", ""tierType"": ""Tier 2""}"
1938,Kolkata,Kolkata,24,ALOKA MEDICARE PVT LTD,NABL,Tier 1,Kolkata,,"{""adcityName"": ""Kolkata"", ""cityName"": ""Kolkata"", ""hospAcc"": ""NABL"", ""hospName"": ""ALOKA MEDICARE PVT LTD"", ""tierType"": ""Tier 1""}"
1939,Kolkata,Kolkata,24,Apollo Clinic Jessore Road a unit of Midas Touch Healthcare Pvt Ltd,NABL,Tier 1,Kolkata,,"{""adcityName"": ""Kolkata"", ""cityName"": ""Kolkata"", ""hospAcc"": ""NABL"", ""hospName"": ""Apollo Clinic Jessore Road a unit of Midas Touch Healthcare Pvt Ltd"", ""tierType"": ""Tier 1""}"
1940,Kolkata,Kolkata,24,ASG HOSPITAL PRIVATE LIMITED,QCI,Tier 1,Kolkata,,"{""adcityName"": ""Kolkata"", ""cityName"": ""Kolkata"", ""hospAcc"": ""QCI"", ""hospName"": ""ASG HOSPITAL PRIVATE LIMITED"", ""tierType"": ""Tier 1""}"
1941,Kolkata,Kolkata,24,ASG Hospital Pvt Ltd,NABH,Tier 2,Kolkata,,"{""adcityName"": ""Kolkata"", ""cityName"": ""Kolkata"", ""hospAcc"": ""NABH"", ""hospName"": ""ASG Hospital Pvt Ltd"", ""tierType"": ""Tier 2""}"
1942,Kolkata,Kolkata,24,ASG Hospital Pvt. Ltd.,NABH,Tier 1,Kolkata,,"{""adcityName"": ""Kolkata"", ""cityName"": ""Kolkata"", ""hospAcc"": ""NABH"", ""hospName"": ""ASG Hospital Pvt. Ltd."", ""tierType"": ""Tier 1""}"
1943,Kolkata,Kolkata,24,ASG Hospitals Pvt Ltd,NABH,Tier 1,Kolkata,,"{""adcityName"": ""Kolkata"", ""cityName"": ""Kolkata"", ""hospAcc"": ""NABH"", ""hospName"": ""ASG Hospitals Pvt Ltd"", ""tierType"": ""Tier 1""}"
1944,Kolkata,Kolkata,24,BANSAL MEDICAL SERVICES UNIT OF BANSAL MEDILAB PVT.LTD.,NABH,Tier 1,Kolkata,,"{""adcityName"": ""Kolkata"", ""cityName"": ""Kolkata"", ""hospAcc"": ""NABH"", ""hospName"": ""BANSAL MEDICAL SERVICES UNIT OF BANSAL MEDILAB PVT.LTD."", ""tierType"": ""Tier 1""}"
1945,Kolkata,Kolkata,24,Behala Balananda Brahmachari Hospital and Research Centre,QCI,Tier 1,Kolkata,,"{""adcityName"": ""Kolkata"", ""cityName"": ""Kolkata"", ""hospAcc"": ""QCI"", ""hospName"": ""Behala Balananda Brahmachari Hospital and Research Centre"", ""tierType"": ""Tier 1""}"
1946,Kolkata,Kolkata,24,BELLE VUE CLINIC,NABL,Tier 1,Kolkata,,"{""adcityName"": ""Kolkata"", ""cityName"": ""Kolkata"", ""hospAcc"": ""NABL"", ""hospName"": ""BELLE VUE CLINIC"", ""tierType"": ""Tier 1""}"
1947,Kolkata,Kolkata,24,B M Birla Heart Research Centre,NABH,Tier 1,Kolkata,,"{""adcityName"": ""Kolkata"", ""cityName"": ""Kolkata"", ""hospAcc"": ""NABH"", ""hospName"": ""B M Birla Heart Research Centre"", ""tierType"": ""Tier 1""}"
1948,Kolkata,Kolkata,24,B M BIRLA HEART RESEARCH CENTRE,NABH,Tier 1,Kolkata,,"{""adcityName"": ""Kolkata"", ""cityName"": ""Kolkata"", ""hospAcc"": ""NABH"", ""hospName"": ""B M BIRLA HEART RESEARCH CENTRE"", ""tierType"": ""Tier 1""}"
1949,Kolkata,Kolkata,24,BMRC HOSPITALS LTD,NABH,Tier 1,Kolkata,,"{""adcityName"": ""Kolkata"", ""cityName"": ""Kolkata"", ""hospAcc"": ""NABH"", ""hospName"": ""BMRC HOSPITALS LTD"", ""tierType"": ""Tier 1""}"
1950,Kolkata,Kolkata,24,B P PODDAR HOSPITAL and MEDICAL RESEARCH LTD,NABH,Tier 1,Kolkata,,"{""adcityName"": ""Kolkata"", ""cityName"": ""Kolkata"", ""hospAcc"": ""NABH"", ""hospName"": ""B P PODDAR HOSPITAL and MEDICAL RESEARCH LTD"", ""tierType"": ""Tier 1""}"
1951,Kolkata,Kolkata,24,Centre For Sight-AJC Bose Road A Unit of New Delhi Centre For Sight Ltd,NABH,Tier 1,Kolkata,,"{""adcityName"": ""Kolkata"", ""cityName"": ""Kolkata"", ""hospAcc"": ""NABH"", ""hospName"": ""Centre For Sight-AJC Bose Road A Unit of New Delhi Centre For Sight Ltd "", ""tierType"": ""Tier 1""}"
1952,Kolkata,Kolkata,24,CENTRE FOR SIGHT MADHYAMGRAM A UNIT OF NEW DELHI CENTRE FOR SIGHT LTD,QCI,Tier 1,Kolkata,,"{""adcityName"": ""Kolkata"", ""cityName"": ""Kolkata"", ""hospAcc"": ""QCI"", ""hospName"": ""CENTRE FOR SIGHT MADHYAMGRAM A UNIT OF NEW DELHI CENTRE FOR SIGHT LTD"", ""tierType"": ""Tier 1""}"
1953,Kolkata,Kolkata,24,Centre for Sight Siliguri A Unit of New Delhi Centre for Sight Ltd,NABH,Tier 2,Siliguri,,"{""adcityName"": ""Kolkata"", ""cityName"": ""Siliguri"", ""hospAcc"": ""NABH"", ""hospName"": ""Centre for Sight Siliguri A Unit of New Delhi Centre for Sight Ltd"", ""tierType"": ""Tier 2""}"
1954,Kolkata,Kolkata,24,Charnock Hospitals Private Limited,NABH,Tier 1,Kolkata,,"{""adcityName"": ""Kolkata"", ""cityName"": ""Kolkata"", ""hospAcc"": ""NABH"", ""hospName"": ""Charnock Hospitals Private Limited"", ""tierType"": ""Tier 1""}"
1955,Kolkata,Kolkata,24,Charring Cross Nursing Home Pvt Ltd,QCI,Tier 1,Kolkata,,"{""adcityName"": ""Kolkata"", ""cityName"": ""Kolkata"", ""hospAcc"": ""QCI"", ""hospName"": ""Charring Cross Nursing Home Pvt Ltd"", ""tierType"": ""Tier 1""}"
1956,Kolkata,Kolkata,24,Chittaranjan National Cancer Institute,,Tier 1,Kolkata,,"{""adcityName"": ""Kolkata"", ""cityName"": ""Kolkata"", ""hospAcc"": """", ""hospName"": ""Chittaranjan National Cancer Institute "", ""tierType"": ""Tier 1""}"
1957,Kolkata,Kolkata,24,Dafodil Hoispitals Pvt Ltd,QCI,Tier 1,Kolkata,,"{""adcityName"": ""Kolkata"", ""cityName"": ""Kolkata"", ""hospAcc"": ""QCI"", ""hospName"": ""Dafodil Hoispitals Pvt Ltd"", ""tierType"": ""Tier 1""}"
1958,Kolkata,Kolkata,24,DESUN HOSPITAL and HEART INSTITUTE A UNIT OF PNMEMORIAL,NABH,Tier 1,Kolkata,,"{""adcityName"": ""Kolkata"", ""cityName"": ""Kolkata"", ""hospAcc"": ""NABH"", ""hospName"": ""DESUN HOSPITAL and HEART INSTITUTE A UNIT OF PNMEMORIAL"", ""tierType"": ""Tier 1""}"
1959,Kolkata,Kolkata,24,DESUN HOSPITAL SILIGURI,NABH,Tier 2,Kolkata,,"{""adcityName"": ""Kolkata"", ""cityName"": ""Kolkata"", ""hospAcc"": ""NABH"", ""hospName"": ""DESUN HOSPITAL SILIGURI"", ""tierType"": ""Tier 2""}"
1960,Kolkata,Kolkata,24,Disha Eye Hospitals PvtLtd,NABH,Tier 1,Kolkata,,"{""adcityName"": ""Kolkata"", ""cityName"": ""Kolkata"", ""hospAcc"": ""NABH"", ""hospName"": ""Disha Eye Hospitals PvtLtd"", ""tierType"": ""Tier 1""}"
1961,Kolkata,Kolkata,24,DISHA HOSPITALS PVT LTD NEW TOWN,NABH,Tier 1,Kolkata,,"{""adcityName"": ""Kolkata"", ""cityName"": ""Kolkata"", ""hospAcc"": ""NABH"", ""hospName"": ""DISHA HOSPITALS PVT LTD NEW TOWN"", ""tierType"": ""Tier 1""}"
1962,Kolkata,Kolkata,24,DR AGARWALS HEALTH CARE LIMITED,QCI,Tier 1,Kolkata,,"{""adcityName"": ""Kolkata"", ""cityName"": ""Kolkata"", ""hospAcc"": ""QCI"", ""hospName"": ""DR AGARWALS HEALTH CARE LIMITED"", ""tierType"": ""Tier 1""}"
1963,Kolkata,Kolkata,24,DRISHTIDEEP EYE INSTITUTE LLP,NABH,Tier 1,Kolkata,,"{""adcityName"": ""Kolkata"", ""cityName"": ""Kolkata"", ""hospAcc"": ""NABH"", ""hospName"": ""DRISHTIDEEP EYE INSTITUTE LLP"", ""tierType"": ""Tier 1""}"
1964,Kolkata,Kolkata,24,DR NIHAR MUNSHI EYE FOUNDATION,QCI,Tier 1,Kolkata,,"{""adcityName"": ""Kolkata"", ""cityName"": ""Kolkata"", ""hospAcc"": ""QCI"", ""hospName"": ""DR NIHAR MUNSHI EYE FOUNDATION"", ""tierType"": ""Tier 1""}"
1965,Kolkata,Kolkata,24,ESKAG SANJEEVANI PVT LTD,QCI,Tier 1,Kolkata,,"{""adcityName"": ""Kolkata"", ""cityName"": ""Kolkata"", ""hospAcc"": ""QCI"", ""hospName"": ""ESKAG SANJEEVANI PVT LTD"", ""tierType"": ""Tier 1""}"
1966,Kolkata,Kolkata,24,FORTIS HOSPITALS LTD,NABH,Tier 1,Kolkata,,"{""adcityName"": ""Kolkata"", ""cityName"": ""Kolkata"", ""hospAcc"": ""NABH"", ""hospName"": ""FORTIS HOSPITALS LTD"", ""tierType"": ""Tier 1""}"
1967,Kolkata,Kolkata,24,GALAXY MULTISPECIALITY HOSPITAL,QCI,Tier 1,Kolkata,,"{""adcityName"": ""Kolkata"", ""cityName"": ""Kolkata"", ""hospAcc"": ""QCI"", ""hospName"": ""GALAXY MULTISPECIALITY HOSPITAL"", ""tierType"": ""Tier 1""}"
1968,Kolkata,Kolkata,24,GALAXY SUPERSPECIALITY HOSPITAL,QCI,Tier 1,Kolkata,,"{""adcityName"": ""Kolkata"", ""cityName"": ""Kolkata"", ""hospAcc"": ""QCI"", ""hospName"": ""GALAXY SUPERSPECIALITY HOSPITAL "", ""tierType"": ""Tier 1""}"
1969,Kolkata,Kolkata,24,Genu Path Labs,NABL,Tier 1,Kolkata,,"{""adcityName"": ""Kolkata"", ""cityName"": ""Kolkata"", ""hospAcc"": ""NABL"", ""hospName"": ""Genu Path Labs"", ""tierType"": ""Tier 1""}"
1970,Kolkata,Kolkata,24,GLOBAL EYE HOSPITAL MGMRC HEALTHCARE PRIVATE LIMITED,QCI,Tier 1,Kolkata,,"{""adcityName"": ""Kolkata"", ""cityName"": ""Kolkata"", ""hospAcc"": ""QCI"", ""hospName"": ""GLOBAL EYE HOSPITAL MGMRC HEALTHCARE PRIVATE LIMITED"", ""tierType"": ""Tier 1""}"
1971,Kolkata,Kolkata,24,HCG EKO CANCER CENTRE,NABH,Tier 1,Kolkata,,"{""adcityName"": ""Kolkata"", ""cityName"": ""Kolkata"", ""hospAcc"": ""NABH"", ""hospName"": ""HCG EKO CANCER CENTRE"", ""tierType"": ""Tier 1""}"
1972,Kolkata,Kolkata,24,INSTITUTE OF NEUROSCIENCES KOLKATA,NABH,Tier 1,Kolkata,,"{""adcityName"": ""Kolkata"", ""cityName"": ""Kolkata"", ""hospAcc"": ""NABH"", ""hospName"": ""INSTITUTE OF NEUROSCIENCES KOLKATA"", ""tierType"": ""Tier 1""}"
1973,Kolkata,Kolkata,24,IRIS Hospital a unit of IRIS Health Services,QCI,Tier 1,Kolkata,,"{""adcityName"": ""Kolkata"", ""cityName"": ""Kolkata"", ""hospAcc"": ""QCI"", ""hospName"": ""IRIS Hospital a unit of IRIS Health Services"", ""tierType"": ""Tier 1""}"
1974,Kolkata,Kolkata,24,JAGANNATH GUPTA INSTITUTE OF MEDICAL SCIENCES AND HOSPITAL,NABH,Tier 1,Kolkata,,"{""adcityName"": ""Kolkata"", ""cityName"": ""Kolkata"", ""hospAcc"": ""NABH"", ""hospName"": ""JAGANNATH GUPTA INSTITUTE OF MEDICAL SCIENCES AND HOSPITAL"", ""tierType"": ""Tier 1""}"
1975,Kolkata,Kolkata,24,JITENDRA NARAYAN RAY SISHU SEVA BHAWAN,QCI,Tier 1,Kolkata,,"{""adcityName"": ""Kolkata"", ""cityName"": ""Kolkata"", ""hospAcc"": ""QCI"", ""hospName"": ""JITENDRA NARAYAN RAY SISHU SEVA BHAWAN"", ""tierType"": ""Tier 1""}"
1976,Kolkata,Kolkata,24,KASTURI DAS MEMORIAL SUPERSPECIALITY HOSPITAL,QCI,Tier 1,Kolkata,,"{""adcityName"": ""Kolkata"", ""cityName"": ""Kolkata"", ""hospAcc"": ""QCI"", ""hospName"": ""KASTURI DAS MEMORIAL SUPERSPECIALITY HOSPITAL "", ""tierType"": ""Tier 1""}"
1977,Kolkata,Kolkata,24,Kasturi Medical Centre Pvt Ltd,NABH,Tier 1,Kolkata,,"{""adcityName"": ""Kolkata"", ""cityName"": ""Kolkata"", ""hospAcc"": ""NABH"", ""hospName"": ""Kasturi Medical Centre Pvt Ltd"", ""tierType"": ""Tier 1""}"
1978,Kolkata,Kolkata,24,KASTURI MEDICAL CENTRE PVTLTD,NABL,Tier 1,Kolkata,,"{""adcityName"": ""Kolkata"", ""cityName"": ""Kolkata"", ""hospAcc"": ""NABL"", ""hospName"": ""KASTURI MEDICAL CENTRE PVTLTD"", ""tierType"": ""Tier 1""}"
1979,Kolkata,Kolkata,24,KOSMODEN,QCI,Tier 2,Kolkata,,"{""adcityName"": ""Kolkata"", ""cityName"": ""Kolkata"", ""hospAcc"": ""QCI"", ""hospName"": ""KOSMODEN"", ""tierType"": ""Tier 2""}"
1980,Kolkata,Kolkata,24,KOTHARI MEDICAL CENTRE,NABH,Tier 1,Kolkata,,"{""adcityName"": ""Kolkata"", ""cityName"": ""Kolkata"", ""hospAcc"": ""NABH"", ""hospName"": ""KOTHARI MEDICAL CENTRE"", ""tierType"": ""Tier 1""}"
1981,Kolkata,Kolkata,24,KPC MEDICAL COLLEGE& HOSPITAL,QCI,Tier 1,Kolkata,,"{""adcityName"": ""Kolkata"", ""cityName"": ""Kolkata"", ""hospAcc"": ""QCI"", ""hospName"": ""KPC MEDICAL COLLEGE& HOSPITAL"", ""tierType"": ""Tier 1""}"
1982,Kolkata,Kolkata,24,LASCO MEDICARE PVT LTD,NABL,Tier 1,Kolkata,,"{""adcityName"": ""Kolkata"", ""cityName"": ""Kolkata"", ""hospAcc"": ""NABL"", ""hospName"": ""LASCO MEDICARE PVT LTD"", ""tierType"": ""Tier 1""}"
1983,Kolkata,Kolkata,24,Medica Superspecialty Hospital,NABH,Tier 1,Kolkata,,"{""adcityName"": ""Kolkata"", ""cityName"": ""Kolkata"", ""hospAcc"": ""NABH"", ""hospName"": ""Medica Superspecialty Hospital"", ""tierType"": ""Tier 1""}"
1984,Kolkata,Kolkata,24,MEDINOVA DIAGNOSTIC SERVICES LIMITED,NABL,Tier 1,Kolkata,,"{""adcityName"": ""Kolkata"", ""cityName"": ""Kolkata"", ""hospAcc"": ""NABL"", ""hospName"": ""MEDINOVA DIAGNOSTIC SERVICES LIMITED"", ""tierType"": ""Tier 1""}"
1985,Kolkata,Kolkata,24,MEDIVIEW NURSING HOME,QCI,Tier 1,Kolkata,,"{""adcityName"": ""Kolkata"", ""cityName"": ""Kolkata"", ""hospAcc"": ""QCI"", ""hospName"": ""MEDIVIEW NURSING HOME"", ""tierType"": ""Tier 1""}"
1986,Kolkata,Kolkata,24,MIDLAND NURSING HOME PVT LTD,QCI,Tier 1,Kolkata,,"{""adcityName"": ""Kolkata"", ""cityName"": ""Kolkata"", ""hospAcc"": ""QCI"", ""hospName"": ""MIDLAND NURSING HOME PVT LTD"", ""tierType"": ""Tier 1""}"
1987,Kolkata,Kolkata,24,MUKHERJEE HOSPITAL,QCI,Tier 2,Siliguri,,"{""adcityName"": ""Kolkata"", ""cityName"": ""Siliguri"", ""hospAcc"": ""QCI"", ""hospName"": ""MUKHERJEE  HOSPITAL"", ""tierType"": ""Tier 2""}"
1988,Kolkata,Kolkata,24,NARAYANA MULTI SPECIALITY HOSPITALUNIT OF MERIDIA,QCI,Tier 1,Howrah,,"{""adcityName"": ""Kolkata"", ""cityName"": ""Howrah"", ""hospAcc"": ""QCI "", ""hospName"": ""NARAYANA MULTI SPECIALITY HOSPITALUNIT OF MERIDIA"", ""tierType"": ""Tier 1""}"
1989,Kolkata,Kolkata,24,Narayana Superspeciality Hospital Howrah,NABH,Tier 1,Kolkata,,"{""adcityName"": ""Kolkata"", ""cityName"": ""Kolkata"", ""hospAcc"": ""NABH"", ""hospName"": ""Narayana Superspeciality Hospital Howrah"", ""tierType"": ""Tier 1""}"
1990,Kolkata,Kolkata,24,NARAYAN MEMORIAL HOSPITAL,NABH,Tier 1,Kolkata,,"{""adcityName"": ""Kolkata"", ""cityName"": ""Kolkata"", ""hospAcc"": ""NABH"", ""hospName"": ""NARAYAN MEMORIAL HOSPITAL"", ""tierType"": ""Tier 1""}"
1991,Kolkata,Kolkata,24,NAYAN JYOTI EYE CARE CENTRE,QCI,Tier 1,Kolkata,,"{""adcityName"": ""Kolkata"", ""cityName"": ""Kolkata"", ""hospAcc"": ""QCI"", ""hospName"": ""NAYAN JYOTI EYE CARE CENTRE"", ""tierType"": ""Tier 1""}"
1992,Kolkata,Kolkata,24,Netaji Subhas Chandra Bose Cancer Hospital A Unit Of Himadri Memorial Cancer Welfare Trust,QCI,Tier 1,Kolkata,,"{""adcityName"": ""Kolkata"", ""cityName"": ""Kolkata"", ""hospAcc"": ""QCI"", ""hospName"": ""Netaji Subhas Chandra Bose Cancer Hospital  A Unit Of  Himadri Memorial Cancer Welfare Trust"", ""tierType"": ""Tier 1""}"
1993,Kolkata,Kolkata,24,N G MEDICARE and CALCUTTA HOPE INFERTILITY CLINIC-KOLKATA,NABL,Tier 1,Kolkata,,"{""adcityName"": ""Kolkata"", ""cityName"": ""Kolkata"", ""hospAcc"": ""NABL"", ""hospName"": ""N G MEDICARE and CALCUTTA HOPE INFERTILITY CLINIC-KOLKATA"", ""tierType"": ""Tier 1""}"
1994,Kolkata,Kolkata,24,North Bengal Neuro Centre pvt ltd,QCI,Tier 2,Siliguri,,"{""adcityName"": ""Kolkata"", ""cityName"": ""Siliguri"", ""hospAcc"": ""QCI"", ""hospName"": ""North Bengal Neuro Centre pvt ltd"", ""tierType"": ""Tier 2""}"
1995,Kolkata,Kolkata,24,NORTH CITY DIAGNOSTIC CENTRE PVT LTD,NABL,Tier 1,Kolkata,,"{""adcityName"": ""Kolkata"", ""cityName"": ""Kolkata"", ""hospAcc"": ""NABL"", ""hospName"": ""NORTH CITY DIAGNOSTIC CENTRE PVT LTD"", ""tierType"": ""Tier 1""}"
1996,Kolkata,Kolkata,24,NORTH CITY HOSPITAL and NEURO INSTITUTE PVT LTD,QCI,Tier 1,Kolkata,,"{""adcityName"": ""Kolkata"", ""cityName"": ""Kolkata"", ""hospAcc"": ""QCI"", ""hospName"": ""NORTH CITY HOSPITAL and NEURO INSTITUTE PVT LTD"", ""tierType"": ""Tier 1""}"
1997,Kolkata,Kolkata,24,Pathkind Diagnostices pvt ltd,NABL,Tier 1,Kolkata,,"{""adcityName"": ""Kolkata"", ""cityName"": ""Kolkata"", ""hospAcc"": ""NABL"", ""hospName"": ""Pathkind Diagnostices pvt ltd"", ""tierType"": ""Tier 1""}"
1998,Kolkata,Kolkata,24,PRIYAMVADA BIRLA ARAVIND EYE HOSPITAL,NABH,Tier 1,Kolkata,,"{""adcityName"": ""Kolkata"", ""cityName"": ""Kolkata"", ""hospAcc"": ""NABH"", ""hospName"": ""PRIYAMVADA BIRLA ARAVIND EYE HOSPITAL"", ""tierType"": ""Tier 1""}"
1999,Kolkata,Kolkata,24,Pulse Diagnostics Pvt. Ltd.,NABH,Tier 1,Kolkata,,"{""adcityName"": ""Kolkata"", ""cityName"": ""Kolkata"", ""hospAcc"": ""NABH"", ""hospName"": ""Pulse Diagnostics Pvt. Ltd."", ""tierType"": ""Tier 1""}"
2000,Kolkata,Kolkata,24,Renaissance Hospital Pvt Ltd,QCI,Tier 1,Kolkata,,"{""adcityName"": ""Kolkata"", ""cityName"": ""Kolkata"", ""hospAcc"": ""QCI"", ""hospName"": ""Renaissance Hospital Pvt Ltd"", ""tierType"": ""Tier 1""}"
2001,Kolkata,Kolkata,24,RENUKA EYE INSTITUTE,QCI,Tier 1,Kolkata,,"{""adcityName"": ""Kolkata"", ""cityName"": ""Kolkata"", ""hospAcc"": ""QCI"", ""hospName"": ""RENUKA EYE INSTITUTE "", ""tierType"": ""Tier 1""}"
2002,Kolkata,Kolkata,24,Repose Clinic & Research centre Pvt. Ltd,QCI,Tier 1,Kolkata,,"{""adcityName"": ""Kolkata"", ""cityName"": ""Kolkata"", ""hospAcc"": ""QCI"", ""hospName"": ""Repose Clinic & Research centre Pvt. Ltd"", ""tierType"": ""Tier 1""}"
2003,Kolkata,Kolkata,24,Ruby General Hospital Ltd,NABH,Tier 1,Kolkata,,"{""adcityName"": ""Kolkata"", ""cityName"": ""Kolkata"", ""hospAcc"": ""NABH"", ""hospName"": ""Ruby General Hospital Ltd"", ""tierType"": ""Tier 1""}"
2004,Kolkata,Kolkata,24,SAROJ GUPTA CANCER CENTRE AND RESEARCH INSTITUTE,NABH,Tier 1,Kolkata,,"{""adcityName"": ""Kolkata"", ""cityName"": ""Kolkata"", ""hospAcc"": ""NABH"", ""hospName"": ""SAROJ GUPTA CANCER CENTRE AND RESEARCH INSTITUTE"", ""tierType"": ""Tier 1""}"
2005,Kolkata,Kolkata,24,SHRADHA HEALTH CARE PVT LTD,QCI,Tier 1,Kolkata,,"{""adcityName"": ""Kolkata"", ""cityName"": ""Kolkata"", ""hospAcc"": ""QCI"", ""hospName"": ""SHRADHA HEALTH CARE PVT LTD"", ""tierType"": ""Tier 1""}"
2006,Kolkata,Kolkata,24,SILVERLINE EYE HOSPITAL,QCI,Tier 1,Kolkata,,"{""adcityName"": ""Kolkata"", ""cityName"": ""Kolkata"", ""hospAcc"": ""QCI"", ""hospName"": ""SILVERLINE EYE HOSPITAL"", ""tierType"": ""Tier 1""}"
2007,Kolkata,Kolkata,24,SILVERLINE EYE HOSPITAL,QCI,Tier 1,Kolkata,,"{""adcityName"": ""Kolkata"", ""cityName"": ""Kolkata"", ""hospAcc"": ""QCI"", ""hospName"": ""SILVERLINE EYE HOSPITAL"", ""tierType"": ""Tier 1""}"
2008,Kolkata,Kolkata,24,SPECTRA EYE FOUNDATION PVT LTD,QCI,Tier 1,Kolkata,,"{""adcityName"": ""Kolkata"", ""cityName"": ""Kolkata"", ""hospAcc"": ""QCI"", ""hospName"": ""SPECTRA EYE FOUNDATION PVT LTD"", ""tierType"": ""Tier 1""}"
2009,Kolkata,Kolkata,24,S SERUM ANALYSIS CENTRE PVT LTD,NABL,Tier 1,Kolkata,,"{""adcityName"": ""Kolkata"", ""cityName"": ""Kolkata"", ""hospAcc"": ""NABL"", ""hospName"": ""S SERUM ANALYSIS CENTRE PVT LTD"", ""tierType"": ""Tier 1""}"
2010,Kolkata,Kolkata,24,Suraksha Diagnostic Pvt Ltd,NABL,Tier 1,Kolkata,,"{""adcityName"": ""Kolkata"", ""cityName"": ""Kolkata"", ""hospAcc"": ""NABL"", ""hospName"": ""Suraksha Diagnostic Pvt Ltd"", ""tierType"": ""Tier 1""}"
2011,Kolkata,Kolkata,24,SURAKSHA DIAGNOSTIC PVT LTD - SILIGURI,NABL,Tier 2,Siliguri,,"{""adcityName"": ""Kolkata"", ""cityName"": ""Siliguri"", ""hospAcc"": ""NABL"", ""hospName"": ""SURAKSHA DIAGNOSTIC PVT LTD - SILIGURI"", ""tierType"": ""Tier 2""}"
2012,Kolkata,Kolkata,24,SURAKSHA DIAGONOSTIC PVTLTD,NABL,Tier 1,Kolkata,,"{""adcityName"": ""Kolkata"", ""cityName"": ""Kolkata"", ""hospAcc"": ""NABL"", ""hospName"": ""SURAKSHA DIAGONOSTIC PVTLTD"", ""tierType"": ""Tier 1""}"
2013,Kolkata,Kolkata,24,SURAKSHA DIAGONOSTIC PVTLTD,NABH,Tier 1,Kolkata,,"{""adcityName"": ""Kolkata"", ""cityName"": ""Kolkata"", ""hospAcc"": ""NABH"", ""hospName"": ""SURAKSHA DIAGONOSTIC PVTLTD"", ""tierType"": ""Tier 1""}"
2014,Kolkata,Kolkata,24,SUSRUT EYE FOUNDATIONS and RESEARCH CENTRE,NABH,Tier 1,Kolkata,,"{""adcityName"": ""Kolkata"", ""cityName"": ""Kolkata"", ""hospAcc"": ""NABH"", ""hospName"": ""SUSRUT EYE FOUNDATIONS and RESEARCH CENTRE"", ""tierType"": ""Tier 1""}"
2015,Kolkata,Kolkata,24,Techno India DAMA Healthcare And Medical Centre,QCI,Tier 1,Kolkata,,"{""adcityName"": ""Kolkata"", ""cityName"": ""Kolkata"", ""hospAcc"": ""QCI"", ""hospName"": ""Techno India DAMA Healthcare And Medical Centre"", ""tierType"": ""Tier 1""}"
2016,Kolkata,Kolkata,24,The Calcutta Medical Research Institute,NABH,Tier 1,Kolkata,,"{""adcityName"": ""Kolkata"", ""cityName"": ""Kolkata"", ""hospAcc"": ""NABH"", ""hospName"": ""  The Calcutta Medical Research Institute"", ""tierType"": ""Tier 1""}"
2017,Kolkata,Kolkata,24,THEISM ULTRASOUND CENTRE (A UNIT OF THEISM CEEMEC PRIVATE LIMITED),NABL,Tier 1,Kolkata,,"{""adcityName"": ""Kolkata"", ""cityName"": ""Kolkata"", ""hospAcc"": ""NABL"", ""hospName"": ""THEISM ULTRASOUND CENTRE (A UNIT OF THEISM CEEMEC PRIVATE LIMITED)"", ""tierType"": ""Tier 1""}"
2018,Kolkata,Kolkata,24,VIJAYA DIAGNOSTIC CENTER,NABL & NABH,Tier 1,Kolkata,,"{""adcityName"": ""Kolkata"", ""cityName"": ""Kolkata"", ""hospAcc"": ""NABL & NABH"", ""hospName"": ""VIJAYA DIAGNOSTIC CENTER"", ""tierType"": ""Tier 1""}"
2019,Lucknow,Lucknow,25,32 pearls multispeciality dental clinic,QCI,Tier 2,Lucknow,,"{""adcityName"": ""Lucknow"", ""cityName"": ""Lucknow"", ""hospAcc"": ""QCI"", ""hospName"": ""32 pearls multispeciality dental clinic"", ""tierType"": ""Tier 2""}"
2020,Lucknow,Lucknow,25,ABHINAV DRISHTI EYE HOSPITAL,QCI,Tier 2,Lucknow,,"{""adcityName"": ""Lucknow"", ""cityName"": ""Lucknow"", ""hospAcc"": ""QCI"", ""hospName"": ""ABHINAV DRISHTI EYE HOSPITAL"", ""tierType"": ""Tier 2""}"
2021,Lucknow,Lucknow,25,AJANTA HOSPITAL and IVF CENTRE PVT LTD,NABH,Tier 2,Lucknow,,"{""adcityName"": ""Lucknow"", ""cityName"": ""Lucknow"", ""hospAcc"": ""NABH"", ""hospName"": ""AJANTA HOSPITAL and IVF CENTRE PVT LTD"", ""tierType"": ""Tier 2""}"
2022,Lucknow,Lucknow,25,AK EYE HOSPITAL PVT LTD,NABH,Tier 2,Lucknow,,"{""adcityName"": ""Lucknow"", ""cityName"": ""Lucknow"", ""hospAcc"": ""NABH"", ""hospName"": ""AK EYE HOSPITAL PVT LTD"", ""tierType"": ""Tier 2""}"
2023,Lucknow,Lucknow,25,APOLLO CLINIC TECHNO MEDICALS INDIA,QCI,Tier 2,Lucknow,,"{""adcityName"": ""Lucknow"", ""cityName"": ""Lucknow"", ""hospAcc"": ""QCI"", ""hospName"": ""APOLLO CLINIC TECHNO MEDICALS INDIA"", ""tierType"": ""Tier 2""}"
2024,Lucknow,Lucknow,25,APRAJITA HOSPITAL,QCI,Tier 2,Lucknow,,"{""adcityName"": ""Lucknow"", ""cityName"": ""Lucknow"", ""hospAcc"": ""QCI"", ""hospName"": ""APRAJITA HOSPITAL"", ""tierType"": ""Tier 2""}"
2025,Lucknow,Lucknow,25,Astha Dental Solutions,QCI,Tier 2,Lucknow,,"{""adcityName"": ""Lucknow"", ""cityName"": ""Lucknow"", ""hospAcc"": ""QCI"", ""hospName"": ""Astha Dental Solutions"", ""tierType"": ""Tier 2""}"
2026,Lucknow,Lucknow,25,BOON DENTAL CARE CLINIC,QCI,Tier 2,Lucknow,,"{""adcityName"": ""Lucknow"", ""cityName"": ""Lucknow"", ""hospAcc"": ""QCI"", ""hospName"": ""BOON DENTAL CARE CLINIC"", ""tierType"": ""Tier 2""}"
2027,Lucknow,Lucknow,25,CARE HOSPITAL UNIT OF GOEL SUPER SPECIALITY MEDICA,NABH,Tier 2,Lucknow,,"{""adcityName"": ""Lucknow"", ""cityName"": ""Lucknow"", ""hospAcc"": ""NABH"", ""hospName"": ""CARE HOSPITAL UNIT OF GOEL SUPER SPECIALITY MEDICA"", ""tierType"": ""Tier 2""}"
2028,Lucknow,Lucknow,25,CENTRE FOR NEUROSCIENCES & TRAUMA,QCI,Tier 2,Lucknow,,"{""adcityName"": ""Lucknow"", ""cityName"": ""Lucknow"", ""hospAcc"": ""QCI"", ""hospName"": ""CENTRE FOR NEUROSCIENCES & TRAUMA"", ""tierType"": ""Tier 2""}"
2029,Lucknow,Lucknow,25,Centre for Sight Agra A Unit of New Delhi Centre for Sight Ltd,QCI,Tier 2,Lucknow,,"{""adcityName"": ""Lucknow"", ""cityName"": ""Lucknow"", ""hospAcc"": ""QCI"", ""hospName"": ""Centre for Sight Agra A Unit of New Delhi Centre for Sight Ltd"", ""tierType"": ""Tier 2""}"
2030,Lucknow,Lucknow,25,CHANDAN DIAGNOSTIC CENTER,NABH/NABL,Tier 2,Lucknow,,"{""adcityName"": ""Lucknow"", ""cityName"": ""Lucknow"", ""hospAcc"": ""NABH/NABL"", ""hospName"": ""CHANDAN DIAGNOSTIC CENTER "", ""tierType"": ""Tier 2""}"
2031,Lucknow,Lucknow,25,CHANDAN DIAGNOSTIC CENTRE UNIT OF CHANDAN HEALTHCARE LTD,NABH/NABL,Tier 2,Lucknow,,"{""adcityName"": ""Lucknow"", ""cityName"": ""Lucknow"", ""hospAcc"": ""NABH/NABL"", ""hospName"": ""CHANDAN DIAGNOSTIC CENTRE UNIT OF CHANDAN HEALTHCARE LTD"", ""tierType"": ""Tier 2""}"
2032,Lucknow,Lucknow,25,CHANDAN HOSPITAL LIMITED,NABH,Tier 2,Lucknow,,"{""adcityName"": ""Lucknow"", ""cityName"": ""Lucknow"", ""hospAcc"": ""NABH"", ""hospName"": ""CHANDAN HOSPITAL LIMITED"", ""tierType"": ""Tier 2""}"
2033,Lucknow,Lucknow,25,CHANDRA LAXMI HOSPITAL,,Tier 2,Lucknow,,"{""adcityName"": ""Lucknow"", ""cityName"": ""Lucknow"", ""hospAcc"": """", ""hospName"": ""CHANDRA LAXMI HOSPITAL"", ""tierType"": ""Tier 2""}"
2034,Lucknow,Lucknow,25,Chandra Mother and Eye Care Pvt Ltd,NABH,Tier 2,Lucknow,,"{""adcityName"": ""Lucknow"", ""cityName"": ""Lucknow"", ""hospAcc"": ""NABH"", ""hospName"": ""Chandra Mother and Eye Care Pvt Ltd"", ""tierType"": ""Tier 2""}"
2035,Lucknow,Lucknow,25,CHARAKDHAR DIAGONSTICS PVT LTD,NABH AND NABL,Tier 2,Lucknow,,"{""adcityName"": ""Lucknow"", ""cityName"": ""Lucknow"", ""hospAcc"": ""NABH AND NABL"", ""hospName"": ""CHARAKDHAR DIAGONSTICS PVT LTD"", ""tierType"": ""Tier 2""}"
2036,Lucknow,Lucknow,25,CHARAK HOSPITAL And RESEARCH CENTRE,NABH,Tier 2,Lucknow,,"{""adcityName"": ""Lucknow"", ""cityName"": ""Lucknow"", ""hospAcc"": ""NABH"", ""hospName"": ""CHARAK HOSPITAL And RESEARCH CENTRE"", ""tierType"": ""Tier 2""}"
2037,Lucknow,Lucknow,25,CHARAK HOSPITAL And RESEARCH CENTRE,NABH,Tier 2,Lucknow,,"{""adcityName"": ""Lucknow"", ""cityName"": ""Lucknow"", ""hospAcc"": ""NABH"", ""hospName"": ""CHARAK HOSPITAL And RESEARCH CENTRE"", ""tierType"": ""Tier 2""}"
2038,Lucknow,Lucknow,25,CHETNA DENTAL CENTRE,NABH,Tier 2,Lucknow,,"{""adcityName"": ""Lucknow"", ""cityName"": ""Lucknow"", ""hospAcc"": ""NABH"", ""hospName"": ""CHETNA DENTAL CENTRE"", ""tierType"": ""Tier 2""}"
2039,Lucknow,Lucknow,25,DATUN DENTAL CARE,QCI,Tier 2,Lucknow,,"{""adcityName"": ""Lucknow"", ""cityName"": ""Lucknow"", ""hospAcc"": ""QCI"", ""hospName"": ""DATUN DENTAL CARE"", ""tierType"": ""Tier 2""}"
2040,Lucknow,Lucknow,25,DEVALK NETRALAYA,NABH,Tier 2,Lucknow,,"{""adcityName"": ""Lucknow"", ""cityName"": ""Lucknow"", ""hospAcc"": ""NABH"", ""hospName"": ""DEVALK NETRALAYA"", ""tierType"": ""Tier 2""}"
2041,Lucknow,Lucknow,25,DP BORA SUPERSPECIALITY HOSPITAL,QCI,Tier 2,Lucknow,,"{""adcityName"": ""Lucknow"", ""cityName"": ""Lucknow"", ""hospAcc"": ""QCI"", ""hospName"": ""DP BORA SUPERSPECIALITY HOSPITAL"", ""tierType"": ""Tier 2""}"
2042,Lucknow,Lucknow,25,Dr Bhatias Dental Clinic,QCI,Tier 2,Lucknow,,"{""adcityName"": ""Lucknow"", ""cityName"": ""Lucknow"", ""hospAcc"": ""QCI"", ""hospName"": ""Dr Bhatias Dental Clinic "", ""tierType"": ""Tier 2""}"
2043,Lucknow,Lucknow,25,Dr. KNS Memorial Hospital Pvt. Ltd.,NABH,Tier 2,Lucknow,,"{""adcityName"": ""Lucknow"", ""cityName"": ""Lucknow"", ""hospAcc"": ""NABH"", ""hospName"": ""Dr. KNS Memorial Hospital Pvt. Ltd."", ""tierType"": ""Tier 2""}"
2044,Lucknow,Lucknow,25,DR MATHURS DENTAL CLINIC,QCI,Tier 2,Lucknow,,"{""adcityName"": ""Lucknow"", ""cityName"": ""Lucknow"", ""hospAcc"": ""QCI"", ""hospName"": ""DR MATHURS DENTAL CLINIC"", ""tierType"": ""Tier 2""}"
2045,Lucknow,Lucknow,25,DR O P CHAUDHARY HOSPITAL AND RESEARCH CETNRE,QCI,Tier 2,Lucknow,,"{""adcityName"": ""Lucknow"", ""cityName"": ""Lucknow"", ""hospAcc"": ""QCI"", ""hospName"": ""DR O P CHAUDHARY HOSPITAL AND RESEARCH CETNRE"", ""tierType"": ""Tier 2""}"
2046,Lucknow,Lucknow,25,DrSubodh Agrawal Memorial Eye Hospital,NABH,Tier 2,Lucknow,,"{""adcityName"": ""Lucknow"", ""cityName"": ""Lucknow"", ""hospAcc"": ""NABH"", ""hospName"": ""DrSubodh Agrawal Memorial Eye Hospital"", ""tierType"": ""Tier 2""}"
2047,Lucknow,Lucknow,25,ERA MEDICAL COLLEGE AND HOSPITAL,NABH,Tier 2,Lucknow,,"{""adcityName"": ""Lucknow"", ""cityName"": ""Lucknow"", ""hospAcc"": ""NABH"", ""hospName"": ""ERA MEDICAL COLLEGE AND HOSPITAL"", ""tierType"": ""Tier 2""}"
2048,Lucknow,Lucknow,25,Eyenova Hospital,NABH,Tier 2,Lucknow,,"{""adcityName"": ""Lucknow"", ""cityName"": ""Lucknow"", ""hospAcc"": ""NABH"", ""hospName"": ""Eyenova Hospital"", ""tierType"": ""Tier 2""}"
2049,Lucknow,Lucknow,25,Eye Q Vision PvtLtd,QCI,Tier 2,Lucknow,,"{""adcityName"": ""Lucknow"", ""cityName"": ""Lucknow"", ""hospAcc"": ""QCI"", ""hospName"": ""Eye Q Vision PvtLtd"", ""tierType"": ""Tier 2""}"
2050,Lucknow,Lucknow,25,EYE Q VISION PVT LTD,QCI,Tier 2,Lucknow,,"{""adcityName"": ""Lucknow"", ""cityName"": ""Lucknow"", ""hospAcc"": ""QCI"", ""hospName"": ""EYE Q VISION PVT LTD"", ""tierType"": ""Tier 2""}"
2051,Lucknow,Lucknow,25,EYE-Q VISION PVT LTD,QCI,Tier 2,Lucknow,,"{""adcityName"": ""Lucknow"", ""cityName"": ""Lucknow"", ""hospAcc"": ""QCI"", ""hospName"": ""EYE-Q VISION PVT LTD"", ""tierType"": ""Tier 2""}"
2052,Lucknow,Lucknow,25,Focus Diagnostic,NABL,Tier 2,Lucknow,,"{""adcityName"": ""Lucknow"", ""cityName"": ""Lucknow"", ""hospAcc"": ""NABL"", ""hospName"": ""Focus Diagnostic"", ""tierType"": ""Tier 2""}"
2053,Lucknow,Lucknow,25,FOCUS NETRALAYA EYE HOSPITAL,QCI,Tier 2,Lucknow,,"{""adcityName"": ""Lucknow"", ""cityName"": ""Lucknow"", ""hospAcc"": ""QCI"", ""hospName"": ""FOCUS NETRALAYA EYE HOSPITAL "", ""tierType"": ""Tier 2""}"
2054,Lucknow,Lucknow,25,GANGASHEEL ADVANCED MEDICAL RESEARCH INSTITUTE,NABH,Tier 2,Lucknow,,"{""adcityName"": ""Lucknow"", ""cityName"": ""Lucknow"", ""hospAcc"": ""NABH"", ""hospName"": ""GANGASHEEL ADVANCED MEDICAL RESEARCH INSTITUTE"", ""tierType"": ""Tier 2""}"
2055,Lucknow,Lucknow,25,Gangasheel Hospital,NABH,Tier 2,Lucknow,,"{""adcityName"": ""Lucknow"", ""cityName"": ""Lucknow"", ""hospAcc"": ""NABH"", ""hospName"": ""Gangasheel Hospital"", ""tierType"": ""Tier 2""}"
2056,Lucknow,Lucknow,25,GARG OPHTHALMIC CENTRE PVT LTD,QCI,Tier 2,Lucknow,,"{""adcityName"": ""Lucknow"", ""cityName"": ""Lucknow"", ""hospAcc"": ""QCI"", ""hospName"": ""GARG OPHTHALMIC CENTRE PVT LTD"", ""tierType"": ""Tier 2""}"
2057,Lucknow,Lucknow,25,G G Medical Institute And Research Centre,QCI,Tier 2,Lucknow,,"{""adcityName"": ""Lucknow"", ""cityName"": ""Lucknow"", ""hospAcc"": ""QCI"", ""hospName"": ""G G Medical Institute And Research Centre"", ""tierType"": ""Tier 2""}"
2058,Lucknow,Lucknow,25,Globe Medicare,QCI,Tier 2,Lucknow,,"{""adcityName"": ""Lucknow"", ""cityName"": ""Lucknow"", ""hospAcc"": ""QCI"", ""hospName"": ""Globe Medicare"", ""tierType"": ""Tier 2""}"
2059,Lucknow,Lucknow,25,GOEL SUPER SPECIALITY HOSPITAL,QCI,Tier 2,Lucknow,,"{""adcityName"": ""Lucknow"", ""cityName"": ""Lucknow"", ""hospAcc"": ""QCI"", ""hospName"": ""GOEL SUPER SPECIALITY HOSPITAL"", ""tierType"": ""Tier 2""}"
2060,Lucknow,Lucknow,25,GROVER DENTAL and MEDICAL CENTRE,QCI,Tier 2,Lucknow,,"{""adcityName"": ""Lucknow"", ""cityName"": ""Lucknow"", ""hospAcc"": ""QCI"", ""hospName"": ""GROVER DENTAL and MEDICAL CENTRE"", ""tierType"": ""Tier 2""}"
2061,Lucknow,Lucknow,25,INDRA DIAGNOSTIC CENTRE and BLOOD BANK LTD,NABH AND NABL,Tier 2,Lucknow,,"{""adcityName"": ""Lucknow"", ""cityName"": ""Lucknow"", ""hospAcc"": ""NABH AND NABL"", ""hospName"": ""INDRA DIAGNOSTIC CENTRE and BLOOD BANK LTD"", ""tierType"": ""Tier 2""}"
2062,Lucknow,Lucknow,25,INDRA DIAGNOSTIC CENTRE And BLOOD BANK LTD,NABH AND NABL,Tier 2,Lucknow,,"{""adcityName"": ""Lucknow"", ""cityName"": ""Lucknow"", ""hospAcc"": ""NABH AND NABL"", ""hospName"": ""INDRA DIAGNOSTIC CENTRE And BLOOD BANK LTD"", ""tierType"": ""Tier 2""}"
2063,Lucknow,Lucknow,25,IPSUM MEDICARE PVT LTD,NABL AND QCI,Tier 2,Lucknow,,"{""adcityName"": ""Lucknow"", ""cityName"": ""Lucknow"", ""hospAcc"": ""NABL AND QCI"", ""hospName"": ""IPSUM MEDICARE PVT LTD"", ""tierType"": ""Tier 2""}"
2064,Lucknow,Lucknow,25,Ivory dental clinic and implant centre,QCI,Tier 2,Lucknow,,"{""adcityName"": ""Lucknow"", ""cityName"": ""Lucknow"", ""hospAcc"": ""QCI"", ""hospName"": ""Ivory dental clinic and implant centre"", ""tierType"": ""Tier 2""}"
2065,Lucknow,Lucknow,25,K K Hospital,QCI,Tier 2,Lucknow,,"{""adcityName"": ""Lucknow"", ""cityName"": ""Lucknow"", ""hospAcc"": ""QCI"", ""hospName"": ""K K Hospital"", ""tierType"": ""Tier 2""}"
2066,Lucknow,Lucknow,25,K P INSTITUTE OF MEDICAL SCIENCES,QCI,Tier 2,Lucknow,,"{""adcityName"": ""Lucknow"", ""cityName"": ""Lucknow"", ""hospAcc"": ""QCI"", ""hospName"": ""K P INSTITUTE OF MEDICAL SCIENCES"", ""tierType"": ""Tier 2""}"
2067,Lucknow,Lucknow,25,Labkem Pathlab Private Limited,NABL,Tier 2,Lucknow,,"{""adcityName"": ""Lucknow"", ""cityName"": ""Lucknow"", ""hospAcc"": ""NABL"", ""hospName"": ""Labkem Pathlab Private Limited"", ""tierType"": ""Tier 2""}"
2068,Lucknow,Lucknow,25,LASER SIGHT INDIA PVT LTD,NABH,Tier 2,Lucknow,,"{""adcityName"": ""Lucknow"", ""cityName"": ""Lucknow"", ""hospAcc"": ""NABH"", ""hospName"": ""LASER SIGHT INDIA PVT LTD"", ""tierType"": ""Tier 2""}"
2069,Lucknow,Lucknow,25,LUCKNOW EYE CENTRE,QCI,Tier 2,Lucknow,,"{""adcityName"": ""Lucknow"", ""cityName"": ""Lucknow"", ""hospAcc"": ""QCI"", ""hospName"": ""LUCKNOW EYE CENTRE"", ""tierType"": ""Tier 2""}"
2070,Lucknow,Lucknow,25,Lucknow Eye Hospital,NABH,Tier 2,Lucknow,,"{""adcityName"": ""Lucknow"", ""cityName"": ""Lucknow"", ""hospAcc"": ""NABH"", ""hospName"": ""Lucknow Eye Hospital "", ""tierType"": ""Tier 2""}"
2071,Lucknow,Lucknow,25,LUCKNOW HOSPITAL,QCI,Tier 2,Lucknow,,"{""adcityName"": ""Lucknow"", ""cityName"": ""Lucknow"", ""hospAcc"": ""QCI"", ""hospName"": ""LUCKNOW HOSPITAL"", ""tierType"": ""Tier 2""}"
2072,Lucknow,Lucknow,25,LUCKNOW HOSPITAL,QCI,Tier 2,Lucknow,,"{""adcityName"": ""Lucknow"", ""cityName"": ""Lucknow"", ""hospAcc"": ""QCI"", ""hospName"": ""LUCKNOW HOSPITAL"", ""tierType"": ""Tier 2""}"
2073,Lucknow,Lucknow,25,MASKARA FINVEST PVT LTD,NABL,Tier 2,Lucknow,,"{""adcityName"": ""Lucknow"", ""cityName"": ""Lucknow"", ""hospAcc"": ""NABL"", ""hospName"": ""MASKARA FINVEST PVT LTD"", ""tierType"": ""Tier 2""}"
2074,Lucknow,Lucknow,25,Max Super Speciality Hospital Lucknow A unit of Starlit Medical Centre Pvt. Ltd.,NABH,Tier 2,Lucknow,,"{""adcityName"": ""Lucknow"", ""cityName"": ""Lucknow"", ""hospAcc"": ""NABH"", ""hospName"": ""Max Super Speciality Hospital Lucknow A unit of Starlit Medical Centre Pvt. Ltd."", ""tierType"": ""Tier 2""}"
2075,Lucknow,Lucknow,25,MEDANTA LUCKNOW,NABH,Tier 2,Lucknow,,"{""adcityName"": ""Lucknow"", ""cityName"": ""Lucknow"", ""hospAcc"": ""NABH"", ""hospName"": ""MEDANTA LUCKNOW"", ""tierType"": ""Tier 2""}"
2076,Lucknow,Lucknow,25,MEDICAL CARE CENTRE AND HOSPITAL,QCI,Tier 2,Lucknow,,"{""adcityName"": ""Lucknow"", ""cityName"": ""Lucknow"", ""hospAcc"": ""QCI"", ""hospName"": ""MEDICAL CARE CENTRE AND HOSPITAL"", ""tierType"": ""Tier 2""}"
2077,Lucknow,Lucknow,25,MOHAN EYE INSTITUTE,QCI,Tier 2,Lucknow,,"{""adcityName"": ""Lucknow"", ""cityName"": ""Lucknow"", ""hospAcc"": ""QCI"", ""hospName"": ""MOHAN EYE INSTITUTE"", ""tierType"": ""Tier 2""}"
2078,Lucknow,Lucknow,25,MUSKAN DENTAL CLINIC,QCI,Tier 2,Lucknow,,"{""adcityName"": ""Lucknow"", ""cityName"": ""Lucknow"", ""hospAcc"": ""QCI"", ""hospName"": ""MUSKAN DENTAL CLINIC"", ""tierType"": ""Tier 2""}"
2079,Lucknow,Lucknow,25,Nayanam Advance Eye And Dental Centre,QCI,Tier 2,Lucknow,,"{""adcityName"": ""Lucknow"", ""cityName"": ""Lucknow"", ""hospAcc"": ""QCI"", ""hospName"": ""Nayanam Advance Eye And Dental Centre"", ""tierType"": ""Tier 2""}"
2080,Lucknow,Lucknow,25,NETRA JYOTI KENDRA,QCI,Tier 2,Lucknow,,"{""adcityName"": ""Lucknow"", ""cityName"": ""Lucknow"", ""hospAcc"": ""QCI"", ""hospName"": ""NETRA JYOTI KENDRA"", ""tierType"": ""Tier 2""}"
2081,Lucknow,Lucknow,25,NEW BEST CARE DENTAL CLINIC,QCI,Tier 2,Lucknow,,"{""adcityName"": ""Lucknow"", ""cityName"": ""Lucknow"", ""hospAcc"": ""QCI"", ""hospName"": ""NEW BEST CARE DENTAL CLINIC"", ""tierType"": ""Tier 2""}"
2082,Lucknow,Lucknow,25,NIDAN DIAGNOSTIC And HEART CENTRE PVT LTD,"LAB-NABL, Diagnostic Services-QCI",Tier 2,Lucknow,,"{""adcityName"": ""Lucknow"", ""cityName"": ""Lucknow"", ""hospAcc"": ""LAB-NABL, Diagnostic Services-QCI"", ""hospName"": ""NIDAN DIAGNOSTIC And HEART CENTRE PVT LTD"", ""tierType"": ""Tier 2""}"
2083,Lucknow,Lucknow,25,Nidhi Eye and Multispeciality Hospital,QCI,Tier 2,Lucknow,,"{""adcityName"": ""Lucknow"", ""cityName"": ""Lucknow"", ""hospAcc"": ""QCI"", ""hospName"": ""Nidhi Eye and Multispeciality Hospital"", ""tierType"": ""Tier 2""}"
2084,Lucknow,Lucknow,25,NOVA HOSPITAL LIMITED,NABH,Tier 2,Lucknow,,"{""adcityName"": ""Lucknow"", ""cityName"": ""Lucknow"", ""hospAcc"": ""NABH"", ""hospName"": ""NOVA HOSPITAL LIMITED"", ""tierType"": ""Tier 2""}"
2085,Lucknow,Lucknow,25,O P CHAUDHARY HOSPITAL and RESEARCH CENTRE,QCI,Tier 2,Lucknow,,"{""adcityName"": ""Lucknow"", ""cityName"": ""Lucknow"", ""hospAcc"": ""QCI"", ""hospName"": ""O P CHAUDHARY HOSPITAL and RESEARCH CENTRE"", ""tierType"": ""Tier 2""}"
2086,Lucknow,Lucknow,25,PANKAJ SCANNING & PATHOLOGY RESEARC CENTRE PVT LTD,NABH/NABL,Tier 2,Lucknow,,"{""adcityName"": ""Lucknow"", ""cityName"": ""Lucknow"", ""hospAcc"": ""NABH/NABL"", ""hospName"": ""PANKAJ SCANNING & PATHOLOGY RESEARC CENTRE PVT LTD"", ""tierType"": ""Tier 2""}"
2087,Lucknow,Lucknow,25,PATHKIND DIAGNOSTICS PVT LTD,QCI,Tier 2,Lucknow,,"{""adcityName"": ""Lucknow"", ""cityName"": ""Lucknow"", ""hospAcc"": ""QCI"", ""hospName"": ""PATHKIND DIAGNOSTICS PVT LTD"", ""tierType"": ""Tier 2""}"
2088,Lucknow,Lucknow,25,PATHKIND DIAGNOSTICS PVT LTD,QCI,Tier 2,Lucknow,,"{""adcityName"": ""Lucknow"", ""cityName"": ""Lucknow"", ""hospAcc"": ""QCI"", ""hospName"": ""PATHKIND DIAGNOSTICS PVT LTD"", ""tierType"": ""Tier 2""}"
2089,Lucknow,Lucknow,25,PEOPLES HERITAGE HOSPITAL PVT LTD,QCI,Tier 2,Lucknow,,"{""adcityName"": ""Lucknow"", ""cityName"": ""Lucknow"", ""hospAcc"": ""QCI"", ""hospName"": ""PEOPLES HERITAGE HOSPITAL PVT LTD"", ""tierType"": ""Tier 2""}"
2090,Lucknow,Lucknow,25,PEOPLES HERITAGE HOSPITAL PVT LTD,QCI,Tier 2,Lucknow,,"{""adcityName"": ""Lucknow"", ""cityName"": ""Lucknow"", ""hospAcc"": ""QCI"", ""hospName"": ""PEOPLES HERITAGE HOSPITAL PVT LTD"", ""tierType"": ""Tier 2""}"
2091,Lucknow,Lucknow,25,Prakash Netra Kendr,NABH,Tier 2,Lucknow,,"{""adcityName"": ""Lucknow"", ""cityName"": ""Lucknow"", ""hospAcc"": ""NABH"", ""hospName"": ""Prakash Netra Kendr"", ""tierType"": ""Tier 2""}"
2092,Lucknow,Lucknow,25,PROMILA DIAGNOSTIC CENTRE,NABH AND QCI,Tier 2,Lucknow,,"{""adcityName"": ""Lucknow"", ""cityName"": ""Lucknow"", ""hospAcc"": ""NABH AND QCI"", ""hospName"": ""PROMILA DIAGNOSTIC CENTRE"", ""tierType"": ""Tier 2""}"
2093,Lucknow,Lucknow,25,PROMILA DIAGNOSTIC CENTRE,"LAB-NABL, Diagnostic Services-QCI",Tier 2,Lucknow,,"{""adcityName"": ""Lucknow"", ""cityName"": ""Lucknow"", ""hospAcc"": ""LAB-NABL, Diagnostic Services-QCI"", ""hospName"": ""PROMILA DIAGNOSTIC CENTRE"", ""tierType"": ""Tier 2""}"
2094,Lucknow,Lucknow,25,PURVANCHAL DENTAL CLINIC,QCI,Tier 2,Lucknow,,"{""adcityName"": ""Lucknow"", ""cityName"": ""Lucknow"", ""hospAcc"": ""QCI"", ""hospName"": ""PURVANCHAL DENTAL CLINIC"", ""tierType"": ""Tier 2""}"
2095,Lucknow,Lucknow,25,PUSHPANJALI HOSPITAL and RESEARCH CENTRE PVT LTD,NABH,Tier 2,Lucknow,,"{""adcityName"": ""Lucknow"", ""cityName"": ""Lucknow"", ""hospAcc"": ""NABH"", ""hospName"": ""PUSHPANJALI HOSPITAL and RESEARCH CENTRE PVT LTD"", ""tierType"": ""Tier 2""}"
2096,Lucknow,Lucknow,25,RAJ EYE HOSPITAL,NABH,Tier 2,Lucknow,,"{""adcityName"": ""Lucknow"", ""cityName"": ""Lucknow"", ""hospAcc"": ""NABH"", ""hospName"": ""RAJ EYE HOSPITAL"", ""tierType"": ""Tier 2""}"
2097,Lucknow,Lucknow,25,RAJ SCANNING LIMITED,QCI,Tier 2,Lucknow,,"{""adcityName"": ""Lucknow"", ""cityName"": ""Lucknow"", ""hospAcc"": ""QCI"", ""hospName"": ""RAJ SCANNING LIMITED"", ""tierType"": ""Tier 2""}"
2098,Lucknow,Lucknow,25,Raj Scanning Ltd,QCI,Tier 2,Lucknow,,"{""adcityName"": ""Lucknow"", ""cityName"": ""Lucknow"", ""hospAcc"": ""QCI"", ""hospName"": ""Raj Scanning Ltd"", ""tierType"": ""Tier 2""}"
2099,Lucknow,Lucknow,25,RAMAKRISHNA MISSION SEVASHRAM VIVEKANANDA POLYCLINIC AND INSTITUTE OF MEDICAL NSCIENCES LUCKNOW,,Tier 2,Lucknow,,"{""adcityName"": ""Lucknow"", ""cityName"": ""Lucknow"", ""hospAcc"": """", ""hospName"": ""RAMAKRISHNA MISSION SEVASHRAM  VIVEKANANDA POLYCLINIC AND INSTITUTE OF MEDICAL NSCIENCES  LUCKNOW"", ""tierType"": ""Tier 2""}"
2100,Lucknow,Lucknow,25,RAM KALYAN PATHAK HOSPITAL,QCI,Tier 2,Lucknow,,"{""adcityName"": ""Lucknow"", ""cityName"": ""Lucknow"", ""hospAcc"": ""QCI"", ""hospName"": ""RAM KALYAN PATHAK HOSPITAL "", ""tierType"": ""Tier 2""}"
2101,Lucknow,Lucknow,25,RAMYA DENTAL CARE,QCI,Tier 2,Lucknow,,"{""adcityName"": ""Lucknow"", ""cityName"": ""Lucknow"", ""hospAcc"": ""QCI"", ""hospName"": ""RAMYA DENTAL CARE"", ""tierType"": ""Tier 2""}"
2102,Lucknow,Lucknow,25,RANA HOSPITAL PRIVATE LIMITED,QCI,Tier 2,Lucknow,,"{""adcityName"": ""Lucknow"", ""cityName"": ""Lucknow"", ""hospAcc"": ""QCI"", ""hospName"": ""RANA HOSPITAL PRIVATE LIMITED"", ""tierType"": ""Tier 2""}"
2103,Lucknow,Lucknow,25,Realtooth Dental Clinic,QCI,Tier 2,Lucknow,,"{""adcityName"": ""Lucknow"", ""cityName"": ""Lucknow"", ""hospAcc"": ""QCI"", ""hospName"": ""Realtooth Dental Clinic"", ""tierType"": ""Tier 2""}"
2104,Lucknow,Lucknow,25,REGENCY HOPSITAL LTD.,NABH,Tier 2,Lucknow,,"{""adcityName"": ""Lucknow"", ""cityName"": ""Lucknow"", ""hospAcc"": ""NABH"", ""hospName"": ""REGENCY HOPSITAL LTD."", ""tierType"": ""Tier 2""}"
2105,Lucknow,Lucknow,25,RML MEHROTRA PATHOLOGY PVT LTD,NABL,Tier 2,Lucknow,,"{""adcityName"": ""Lucknow"", ""cityName"": ""Lucknow"", ""hospAcc"": ""NABL"", ""hospName"": ""RML MEHROTRA PATHOLOGY PVT LTD"", ""tierType"": ""Tier 2""}"
2106,Lucknow,Lucknow,25,Rohilkhand Medical College and Hospital,NABH,Tier 2,Lucknow,,"{""adcityName"": ""Lucknow"", ""cityName"": ""Lucknow"", ""hospAcc"": ""NABH"", ""hospName"": ""Rohilkhand Medical College and Hospital"", ""tierType"": ""Tier 2""}"
2107,Lucknow,Lucknow,25,RSD Samarpan Hospital,QCI,Tier 2,Lucknow,,"{""adcityName"": ""Lucknow"", ""cityName"": ""Lucknow"", ""hospAcc"": ""QCI"", ""hospName"": ""RSD Samarpan Hospital "", ""tierType"": ""Tier 2""}"
2108,Lucknow,Lucknow,25,SAI SUKHDA HOSPITAL,QCI,Tier 2,Lucknow,,"{""adcityName"": ""Lucknow"", ""cityName"": ""Lucknow"", ""hospAcc"": ""QCI"", ""hospName"": ""SAI SUKHDA HOSPITAL"", ""tierType"": ""Tier 2""}"
2109,Lucknow,Lucknow,25,Sangam Super Speciality Eye Hospital,QCI,Tier 2,Lucknow,,"{""adcityName"": ""Lucknow"", ""cityName"": ""Lucknow"", ""hospAcc"": ""QCI"", ""hospName"": ""Sangam Super Speciality Eye Hospital"", ""tierType"": ""Tier 2""}"
2110,Lucknow,Lucknow,25,SARAN HOSPITAL AND INSTITUTE OF PARAMEDICAL SCIENCES,QCI,Tier 2,Lucknow,,"{""adcityName"": ""Lucknow"", ""cityName"": ""Lucknow"", ""hospAcc"": ""QCI"", ""hospName"": ""SARAN HOSPITAL AND INSTITUTE OF PARAMEDICAL SCIENCES"", ""tierType"": ""Tier 2""}"
2111,Lucknow,Lucknow,25,Saraswati Hospital & research Centre,NABH,Tier 2,Lucknow,,"{""adcityName"": ""Lucknow"", ""cityName"": ""Lucknow"", ""hospAcc"": ""NABH"", ""hospName"": ""Saraswati Hospital & research Centre"", ""tierType"": ""Tier 2""}"
2112,Lucknow,Lucknow,25,satya shiv dental clinic,QCI,Tier 2,Lucknow,,"{""adcityName"": ""Lucknow"", ""cityName"": ""Lucknow"", ""hospAcc"": ""QCI"", ""hospName"": ""satya shiv dental clinic"", ""tierType"": ""Tier 2""}"
2113,Lucknow,Lucknow,25,SATYA SHIV DENTAL CLINIC,QCI,Tier 2,Lucknow,,"{""adcityName"": ""Lucknow"", ""cityName"": ""Lucknow"", ""hospAcc"": ""QCI"", ""hospName"": ""SATYA SHIV DENTAL CLINIC"", ""tierType"": ""Tier 2""}"
2114,Lucknow,Lucknow,25,Sewa Hospital and Research Centre,QCI,Tier 2,Lucknow,,"{""adcityName"": ""Lucknow"", ""cityName"": ""Lucknow"", ""hospAcc"": ""QCI"", ""hospName"": ""Sewa Hospital and Research Centre"", ""tierType"": ""Tier 2""}"
2115,Lucknow,Lucknow,25,SHAGUN DENTAL CARE LASER AND IMPLANT CENTRE,NABH,Tier 2,Lucknow,,"{""adcityName"": ""Lucknow"", ""cityName"": ""Lucknow"", ""hospAcc"": ""NABH"", ""hospName"": ""SHAGUN DENTAL CARE LASER AND IMPLANT CENTRE"", ""tierType"": ""Tier 2""}"
2116,Lucknow,Lucknow,25,Shanti Ved Institute of Medical Sciences,NABH,Tier 2,Lucknow,,"{""adcityName"": ""Lucknow"", ""cityName"": ""Lucknow"", ""hospAcc"": ""NABH"", ""hospName"": ""Shanti Ved Institute of Medical Sciences"", ""tierType"": ""Tier 2""}"
2117,Lucknow,Lucknow,25,SHRI GANGACHARAN ARYAWARDHAN HOSPITAL,NABH,Tier 2,Lucknow,,"{""adcityName"": ""Lucknow"", ""cityName"": ""Lucknow"", ""hospAcc"": ""NABH"", ""hospName"": ""SHRI GANGACHARAN ARYAWARDHAN HOSPITAL"", ""tierType"": ""Tier 2""}"
2118,Lucknow,Lucknow,25,SHRI NARAYAN DENTAL CLINIC,QCI,Tier 2,Lucknow,,"{""adcityName"": ""Lucknow"", ""cityName"": ""Lucknow"", ""hospAcc"": ""QCI"", ""hospName"": ""SHRI NARAYAN DENTAL CLINIC"", ""tierType"": ""Tier 2""}"
2119,Lucknow,Lucknow,25,Shri Ram Murti Smarak Functional Imaging And Medical Centre,QCI,Tier 2,Lucknow,,"{""adcityName"": ""Lucknow"", ""cityName"": ""Lucknow"", ""hospAcc"": ""QCI"", ""hospName"": ""Shri Ram Murti Smarak Functional Imaging And Medical Centre"", ""tierType"": ""Tier 2""}"
2120,Lucknow,Lucknow,25,SHRI RAM MURTI SMARAK INSTITUTE OF MEDICAL SCIENCES BAREILLY,NABH,Tier 2,Lucknow,,"{""adcityName"": ""Lucknow"", ""cityName"": ""Lucknow"", ""hospAcc"": ""NABH"", ""hospName"": ""SHRI RAM MURTI SMARAK INSTITUTE OF MEDICAL SCIENCES BAREILLY"", ""tierType"": ""Tier 2""}"
2121,Lucknow,Lucknow,25,SHRI RAM MURTI SMARAK INSTITUTE OF MEDICAL SCIIENCES BAREILLY,NABH,Tier 2,Lucknow,,"{""adcityName"": ""Lucknow"", ""cityName"": ""Lucknow"", ""hospAcc"": ""NABH"", ""hospName"": ""SHRI RAM MURTI SMARAK INSTITUTE OF MEDICAL SCIIENCES BAREILLY"", ""tierType"": ""Tier 2""}"
2122,Lucknow,Lucknow,25,SKD HOSPITAL,NABH,Tier 2,Lucknow,,"{""adcityName"": ""Lucknow"", ""cityName"": ""Lucknow"", ""hospAcc"": ""NABH"", ""hospName"": ""SKD HOSPITAL"", ""tierType"": ""Tier 2""}"
2123,Lucknow,Lucknow,25,SKD HOSPITAL,NABH,Tier 2,Lucknow,,"{""adcityName"": ""Lucknow"", ""cityName"": ""Lucknow"", ""hospAcc"": ""NABH"", ""hospName"": ""SKD HOSPITAL"", ""tierType"": ""Tier 2""}"
2124,Lucknow,Lucknow,25,Sri hari kamal netra neelayam and laser centre,QCI,Tier 2,Lucknow,,"{""adcityName"": ""Lucknow"", ""cityName"": ""Lucknow"", ""hospAcc"": ""QCI"", ""hospName"": ""Sri hari kamal netra neelayam and laser centre"", ""tierType"": ""Tier 2""}"
2125,Lucknow,Lucknow,25,Sun Eye Hospital & Laser Center Pvt.Ltd.,NABH,Tier 2,Lucknow,,"{""adcityName"": ""Lucknow"", ""cityName"": ""Lucknow"", ""hospAcc"": ""NABH"", ""hospName"": ""Sun Eye Hospital & Laser Center Pvt.Ltd."", ""tierType"": ""Tier 2""}"
2126,Lucknow,Lucknow,25,SWARNJYOTI EYE HOSPITAL,QCI,Tier 2,Lucknow,,"{""adcityName"": ""Lucknow"", ""cityName"": ""Lucknow"", ""hospAcc"": ""QCI"", ""hospName"": ""SWARNJYOTI EYE HOSPITAL"", ""tierType"": ""Tier 2""}"
2127,Lucknow,Lucknow,25,SYNERGY PLUS HOSPITAL,QCI,Tier 2,Lucknow,,"{""adcityName"": ""Lucknow"", ""cityName"": ""Lucknow"", ""hospAcc"": ""QCI"", ""hospName"": ""SYNERGY PLUS HOSPITAL"", ""tierType"": ""Tier 2""}"
2128,Lucknow,Lucknow,25,Tender Palm Hospital,QCI,Tier 2,Lucknow,,"{""adcityName"": ""Lucknow"", ""cityName"": ""Lucknow"", ""hospAcc"": ""QCI"", ""hospName"": ""Tender Palm Hospital"", ""tierType"": ""Tier 2""}"
2129,Lucknow,Lucknow,25,THE BEST CARE DENTAL CLINIC,QCI,Tier 2,Lucknow,,"{""adcityName"": ""Lucknow"", ""cityName"": ""Lucknow"", ""hospAcc"": ""QCI"", ""hospName"": ""THE BEST CARE DENTAL CLINIC"", ""tierType"": ""Tier 2""}"
2130,Lucknow,Lucknow,25,The Pioneer Pathology Clinic,NABL,Tier 2,Lucknow,,"{""adcityName"": ""Lucknow"", ""cityName"": ""Lucknow"", ""hospAcc"": ""NABL"", ""hospName"": ""The Pioneer Pathology Clinic"", ""tierType"": ""Tier 2""}"
2131,Lucknow,Lucknow,25,Trinetra Superspeciality Eye Hospital,QCI,Tier 2,Lucknow,,"{""adcityName"": ""Lucknow"", ""cityName"": ""Lucknow"", ""hospAcc"": ""QCI"", ""hospName"": ""Trinetra Superspeciality Eye Hospital"", ""tierType"": ""Tier 2""}"
2132,Lucknow,Lucknow,25,Ujala Cygnus Rainbow Hospital A Unit of Cygnus Medicare Private Ltd,NABH,Tier 2,Lucknow,,"{""adcityName"": ""Lucknow"", ""cityName"": ""Lucknow"", ""hospAcc"": ""NABH"", ""hospName"": ""Ujala Cygnus Rainbow Hospital  A Unit of Cygnus Medicare Private Ltd"", ""tierType"": ""Tier 2""}"
2133,Lucknow,Lucknow,25,UPADHYAY HOSPITAL,QCI,Tier 2,Lucknow,,"{""adcityName"": ""Lucknow"", ""cityName"": ""Lucknow"", ""hospAcc"": ""QCI"", ""hospName"": ""UPADHYAY HOSPITAL"", ""tierType"": ""Tier 2""}"
2134,Lucknow,Lucknow,25,VAGA HOSPITAL,QCI,Tier 2,Lucknow,,"{""adcityName"": ""Lucknow"", ""cityName"": ""Lucknow"", ""hospAcc"": ""QCI"", ""hospName"": ""VAGA HOSPITAL"", ""tierType"": ""Tier 2""}"
2135,Lucknow,Lucknow,25,VEDANTA IMAGING & DIAGNOSTICS UNIT OF GAURAV DIAGNOCARE PVT LTD,,Tier 2,Lucknow,,"{""adcityName"": ""Lucknow"", ""cityName"": ""Lucknow"", ""hospAcc"": """", ""hospName"": ""VEDANTA IMAGING & DIAGNOSTICS UNIT OF GAURAV DIAGNOCARE PVT LTD"", ""tierType"": ""Tier 2""}"
2136,Lucknow,Lucknow,25,VIDHYA HOSPITALS AND TRAUMA CENTRE,QCI,Tier 2,Lucknow,,"{""adcityName"": ""Lucknow"", ""cityName"": ""Lucknow"", ""hospAcc"": ""QCI"", ""hospName"": ""VIDHYA HOSPITALS AND TRAUMA CENTRE"", ""tierType"": ""Tier 2""}"
2137,Lucknow,Lucknow,25,VINAYAK HOSPITAL,NABH,Tier 2,Lucknow,,"{""adcityName"": ""Lucknow"", ""cityName"": ""Lucknow"", ""hospAcc"": ""NABH"", ""hospName"": ""VINAYAK HOSPITAL"", ""tierType"": ""Tier 2""}"
2138,Lucknow,Lucknow,25,Vinayak Medicare Hospital,NABH,Tier 2,Lucknow,,"{""adcityName"": ""Lucknow"", ""cityName"": ""Lucknow"", ""hospAcc"": ""NABH"", ""hospName"": ""Vinayak Medicare Hospital"", ""tierType"": ""Tier 2""}"
2139,Lucknow,Lucknow,25,Wellsun Medicity Hospital,QCI,Tier 2,Lucknow,,"{""adcityName"": ""Lucknow"", ""cityName"": ""Lucknow"", ""hospAcc"": ""QCI"", ""hospName"": ""Wellsun Medicity Hospital"", ""tierType"": ""Tier 2""}"
2140,Lucknow,Lucknow,25,Yathaarth Dental Care,QCI,Tier 2,Lucknow,,"{""adcityName"": ""Lucknow"", ""cityName"": ""Lucknow"", ""hospAcc"": ""QCI"", ""hospName"": ""Yathaarth Dental Care"", ""tierType"": ""Tier 2""}"
2141,Meerut,Meerut,26,AcuraVision Clinics LLP,QCI,Tier 2,Meerut,,"{""adcityName"": ""Meerut"", ""cityName"": ""Meerut"", ""hospAcc"": ""QCI"", ""hospName"": ""AcuraVision Clinics LLP"", ""tierType"": ""Tier 2""}"
2142,Meerut,Meerut,26,AGRAWAL DENTAL CARE CENTRE,QCI,Tier 2,Meerut,,"{""adcityName"": ""Meerut"", ""cityName"": ""Meerut"", ""hospAcc"": ""QCI"", ""hospName"": ""AGRAWAL DENTAL CARE CENTRE"", ""tierType"": ""Tier 2""}"
2143,Meerut,Meerut,26,AGRAWAL EYE HOSPITAL,QCI,Tier 2,Meerut,,"{""adcityName"": ""Meerut"", ""cityName"": ""Meerut"", ""hospAcc"": ""QCI"", ""hospName"": ""AGRAWAL EYE HOSPITAL"", ""tierType"": ""Tier 2""}"
2144,Meerut,Meerut,26,Ajay Dental Clinic And Speciality Centre,QCI,Tier 2,Meerut,,"{""adcityName"": ""Meerut"", ""cityName"": ""Meerut"", ""hospAcc"": ""QCI"", ""hospName"": ""Ajay Dental Clinic And Speciality Centre"", ""tierType"": ""Tier 2""}"
2145,Meerut,Meerut,26,Ajay Hospital,QCI,Tier 2,Meerut,,"{""adcityName"": ""Meerut"", ""cityName"": ""Meerut"", ""hospAcc"": ""QCI"", ""hospName"": ""Ajay Hospital"", ""tierType"": ""Tier 2""}"
2146,Meerut,Meerut,26,ANAND HOSPITAL MEERUT,NABH,Tier 2,Meerut,,"{""adcityName"": ""Meerut"", ""cityName"": ""Meerut"", ""hospAcc"": ""NABH"", ""hospName"": ""ANAND HOSPITAL MEERUT"", ""tierType"": ""Tier 2""}"
2147,Meerut,Meerut,26,APUS NOVA MULTISPECIALITY HOSPITAL AND TRAUMA CENTRE,QAI Accrediation,Tier 2,Meerut,,"{""adcityName"": ""Meerut"", ""cityName"": ""Meerut"", ""hospAcc"": ""QAI Accrediation"", ""hospName"": ""APUS NOVA MULTISPECIALITY HOSPITAL AND TRAUMA CENTRE"", ""tierType"": ""Tier 2""}"
2148,Meerut,Meerut,26,ASIAN VIVEKANAND SUPER SPECIALITY HOSPITAL A UNIT OF BLUE SAPPHIRE HEALTHCARES PVT.LTD.,QCI,Tier 2,Meerut,,"{""adcityName"": ""Meerut"", ""cityName"": ""Meerut"", ""hospAcc"": ""QCI"", ""hospName"": ""ASIAN VIVEKANAND SUPER SPECIALITY HOSPITAL A UNIT OF BLUE SAPPHIRE HEALTHCARES PVT.LTD."", ""tierType"": ""Tier 2""}"
2149,Meerut,Meerut,26,BHAGYA SHREE HOSPITAL,QCI,Tier 2,Meerut,,"{""adcityName"": ""Meerut"", ""cityName"": ""Meerut"", ""hospAcc"": ""QCI"", ""hospName"": ""BHAGYA SHREE HOSPITAL"", ""tierType"": ""Tier 2""}"
2150,Meerut,Meerut,26,BHUPAL HOSPITAL,QCI,Tier 2,Meerut,,"{""adcityName"": ""Meerut"", ""cityName"": ""Meerut"", ""hospAcc"": ""QCI"", ""hospName"": ""BHUPAL HOSPITAL"", ""tierType"": ""Tier 2""}"
2151,Meerut,Meerut,26,C B MEMORIAL NURSING HOME,QCI,Tier 2,Meerut,,"{""adcityName"": ""Meerut"", ""cityName"": ""Meerut"", ""hospAcc"": ""QCI"", ""hospName"": ""C B MEMORIAL NURSING HOME"", ""tierType"": ""Tier 2""}"
2152,Meerut,Meerut,26,CENTRE FOR SIGHT-MORADABAD,QCI,Tier 2,Meerut,,"{""adcityName"": ""Meerut"", ""cityName"": ""Meerut"", ""hospAcc"": ""QCI"", ""hospName"": ""CENTRE FOR SIGHT-MORADABAD"", ""tierType"": ""Tier 2""}"
2153,Meerut,Meerut,26,CHHATRAPATI SHIVAJI SUBHARTI HOSPITAL,QCI,Tier 2,Meerut,,"{""adcityName"": ""Meerut"", ""cityName"": ""Meerut"", ""hospAcc"": ""QCI"", ""hospName"": ""CHHATRAPATI SHIVAJI SUBHARTI HOSPITAL"", ""tierType"": ""Tier 2""}"
2154,Meerut,Meerut,26,CL GUPTA EYE INSTITUTE,QCI,Tier 2,Meerut,,"{""adcityName"": ""Meerut"", ""cityName"": ""Meerut"", ""hospAcc"": ""QCI"", ""hospName"": ""CL GUPTA EYE INSTITUTE"", ""tierType"": ""Tier 2""}"
2155,Meerut,Meerut,26,COSMOS HOSPITAL A UNIT OF EMEGING PROJECTS PRIVATE LIMITED,QCI,Tier 2,Meerut,,"{""adcityName"": ""Meerut"", ""cityName"": ""Meerut"", ""hospAcc"": ""QCI"", ""hospName"": ""COSMOS HOSPITAL A UNIT OF EMEGING PROJECTS PRIVATE LIMITED"", ""tierType"": ""Tier 2""}"
2156,Meerut,Meerut,26,Crest Hospital A unit of R G Health Care Projects,NABH,Tier 2,Meerut,,"{""adcityName"": ""Meerut"", ""cityName"": ""Meerut"", ""hospAcc"": ""NABH"", ""hospName"": ""Crest Hospital A unit of R G Health Care Projects "", ""tierType"": ""Tier 2""}"
2157,Meerut,Meerut,26,DAYANAND NURSING HOME,QCI,Tier 2,Meerut,,"{""adcityName"": ""Meerut"", ""cityName"": ""Meerut"", ""hospAcc"": ""QCI"", ""hospName"": ""DAYANAND NURSING HOME"", ""tierType"": ""Tier 2""}"
2158,Meerut,Meerut,26,Deep Dental Clinic,QCI,Tier 2,Meerut,,"{""adcityName"": ""Meerut"", ""cityName"": ""Meerut"", ""hospAcc"": ""QCI"", ""hospName"": ""Deep Dental Clinic"", ""tierType"": ""Tier 2""}"
2159,Meerut,Meerut,26,Dev Bhumi Hospital,QCI,Tier 2,Meerut,,"{""adcityName"": ""Meerut"", ""cityName"": ""Meerut"", ""hospAcc"": ""QCI"", ""hospName"": ""Dev Bhumi Hospital"", ""tierType"": ""Tier 2""}"
2160,Meerut,Meerut,26,Dhanvantri Jeevan Rekha Ltd,QCI,Tier 2,Meerut,,"{""adcityName"": ""Meerut"", ""cityName"": ""Meerut"", ""hospAcc"": ""QCI"", ""hospName"": ""Dhanvantri Jeevan Rekha Ltd"", ""tierType"": ""Tier 2""}"
2161,Meerut,Meerut,26,DR DAGURS DENTAL HUB,QCI,Tier 2,Meerut,,"{""adcityName"": ""Meerut"", ""cityName"": ""Meerut"", ""hospAcc"": ""QCI"", ""hospName"": ""DR DAGURS DENTAL HUB"", ""tierType"": ""Tier 2""}"
2162,Meerut,Meerut,26,DRISHTI EYE FOUNDATION-MEERUT,QCI,Tier 2,Meerut,,"{""adcityName"": ""Meerut"", ""cityName"": ""Meerut"", ""hospAcc"": ""QCI"", ""hospName"": ""DRISHTI EYE FOUNDATION-MEERUT"", ""tierType"": ""Tier 2""}"
2163,Meerut,Meerut,26,DRSANDEEP MITHAL ADVANCES PHACO-REFRACTIVE AND VI,QCI,Tier 2,Meerut,,"{""adcityName"": ""Meerut"", ""cityName"": ""Meerut"", ""hospAcc"": ""QCI"", ""hospName"": ""DRSANDEEP MITHAL ADVANCES PHACO-REFRACTIVE AND VI"", ""tierType"": ""Tier 2""}"
2164,Meerut,Meerut,26,EYE Q VISION PRIVATE LIMITED - SAHARANPUR,QCI,Tier 2,Meerut,,"{""adcityName"": ""Meerut"", ""cityName"": ""Meerut"", ""hospAcc"": ""QCI"", ""hospName"": ""EYE Q VISION PRIVATE LIMITED - SAHARANPUR"", ""tierType"": ""Tier 2""}"
2165,Meerut,Meerut,26,GARG PATHOLOGY,NABL,Tier 2,Meerut,,"{""adcityName"": ""Meerut"", ""cityName"": ""Meerut"", ""hospAcc"": ""NABL"", ""hospName"": ""GARG PATHOLOGY"", ""tierType"": ""Tier 2""}"
2166,Meerut,Meerut,26,GIRI PUSHPA AAROGYA HOSPITAL,QCI,Tier 2,Meerut,,"{""adcityName"": ""Meerut"", ""cityName"": ""Meerut"", ""hospAcc"": ""QCI"", ""hospName"": ""GIRI PUSHPA AAROGYA HOSPITAL"", ""tierType"": ""Tier 2""}"
2167,Meerut,Meerut,26,GIRI PUSHPA AAROGYA HOSPITAL,QCI,Tier 2,Meerut,,"{""adcityName"": ""Meerut"", ""cityName"": ""Meerut"", ""hospAcc"": ""QCI"", ""hospName"": ""GIRI PUSHPA AAROGYA HOSPITAL"", ""tierType"": ""Tier 2""}"
2168,Meerut,Meerut,26,GOEL DENTAL AND COSMETIC CENTRE,QCI,Tier 2,Meerut,,"{""adcityName"": ""Meerut"", ""cityName"": ""Meerut"", ""hospAcc"": ""QCI"", ""hospName"": ""GOEL DENTAL AND COSMETIC CENTRE"", ""tierType"": ""Tier 2""}"
2169,Meerut,Meerut,26,Hope Hospital,QCI,Tier 2,Meerut,,"{""adcityName"": ""Meerut"", ""cityName"": ""Meerut"", ""hospAcc"": ""QCI"", ""hospName"": ""Hope Hospital"", ""tierType"": ""Tier 2""}"
2170,Meerut,Meerut,26,IIMT LIFE LINE HOSPITAL,QCI,Tier 2,Meerut,,"{""adcityName"": ""Meerut"", ""cityName"": ""Meerut"", ""hospAcc"": ""QCI"", ""hospName"": ""IIMT LIFE LINE HOSPITAL"", ""tierType"": ""Tier 2""}"
2171,Meerut,Meerut,26,JAGAT HOSPITAL AND RESEARCH CENTER PVT LTD,QCI,Tier 2,Meerut,,"{""adcityName"": ""Meerut"", ""cityName"": ""Meerut"", ""hospAcc"": ""QCI"", ""hospName"": ""JAGAT HOSPITAL AND RESEARCH CENTER PVT LTD"", ""tierType"": ""Tier 2""}"
2172,Meerut,Meerut,26,JAIN DENTAL CLINIC,QCI,Tier 2,Meerut,,"{""adcityName"": ""Meerut"", ""cityName"": ""Meerut"", ""hospAcc"": ""QCI"", ""hospName"": ""JAIN DENTAL CLINIC"", ""tierType"": ""Tier 2""}"
2173,Meerut,Meerut,26,JAIN MEDICAL CENTRE and LASER EYE HOSPITAL,QCI,Tier 2,Meerut,,"{""adcityName"": ""Meerut"", ""cityName"": ""Meerut"", ""hospAcc"": ""QCI"", ""hospName"": ""JAIN MEDICAL CENTRE and LASER EYE HOSPITAL"", ""tierType"": ""Tier 2""}"
2174,Meerut,Meerut,26,JASWANT RAI SPECIALITY HOSPITAL,QCI,Tier 2,Meerut,,"{""adcityName"": ""Meerut"", ""cityName"": ""Meerut"", ""hospAcc"": ""QCI"", ""hospName"": ""JASWANT RAI SPECIALITY HOSPITAL"", ""tierType"": ""Tier 2""}"
2175,Meerut,Meerut,26,JAWAHAR EYE and ENT HOSPITAL and LASER CENTRE,QCI,Tier 2,Meerut,,"{""adcityName"": ""Meerut"", ""cityName"": ""Meerut"", ""hospAcc"": ""QCI"", ""hospName"": ""JAWAHAR EYE and ENT HOSPITAL and LASER CENTRE"", ""tierType"": ""Tier 2""}"
2176,Meerut,Meerut,26,JEENA SIKHO LIFECARE LIMITED,NABH,Tier 2,Meerut,,"{""adcityName"": ""Meerut"", ""cityName"": ""Meerut"", ""hospAcc"": ""NABH"", ""hospName"": ""JEENA SIKHO LIFECARE LIMITED"", ""tierType"": ""Tier 2""}"
2177,Meerut,Meerut,26,JEENA SIKHO LIFECARE LTD.,NABH,Tier 2,Meerut,,"{""adcityName"": ""Meerut"", ""cityName"": ""Meerut"", ""hospAcc"": ""NABH"", ""hospName"": ""JEENA SIKHO LIFECARE LTD."", ""tierType"": ""Tier 2""}"
2178,Meerut,Meerut,26,JMC MEDICITY,QCI,Tier 2,Meerut,,"{""adcityName"": ""Meerut"", ""cityName"": ""Meerut"", ""hospAcc"": ""QCI"", ""hospName"": ""JMC MEDICITY"", ""tierType"": ""Tier 2""}"
2179,Meerut,Meerut,26,KAILASHI SUPER SPECIALITY HOSPITAL,QCI,Tier 2,Meerut,,"{""adcityName"": ""Meerut"", ""cityName"": ""Meerut"", ""hospAcc"": ""QCI"", ""hospName"": ""KAILASHI SUPER SPECIALITY HOSPITAL"", ""tierType"": ""Tier 2""}"
2180,Meerut,Meerut,26,KANAG ENT SUPER SPECIALITY CENTRE,NABH,Tier 2,Meerut,,"{""adcityName"": ""Meerut"", ""cityName"": ""Meerut"", ""hospAcc"": ""NABH"", ""hospName"": ""KANAG ENT SUPER SPECIALITY CENTRE"", ""tierType"": ""Tier 2""}"
2181,Meerut,Meerut,26,KANSAL DENTAL CLINIC AND ORTHODONTIC CENTRE,QCI,Tier 2,Meerut,,"{""adcityName"": ""Meerut"", ""cityName"": ""Meerut"", ""hospAcc"": ""QCI"", ""hospName"": ""KANSAL DENTAL CLINIC AND ORTHODONTIC CENTRE"", ""tierType"": ""Tier 2""}"
2182,Meerut,Meerut,26,KMC HOSPITAL and RESEARCH CENTRE,QCI,Tier 2,Meerut,,"{""adcityName"": ""Meerut"", ""cityName"": ""Meerut"", ""hospAcc"": ""QCI"", ""hospName"": ""KMC HOSPITAL and RESEARCH CENTRE "", ""tierType"": ""Tier 2""}"
2183,Meerut,Meerut,26,Life Line Hospital,QCI,Tier 2,Meerut,,"{""adcityName"": ""Meerut"", ""cityName"": ""Meerut"", ""hospAcc"": ""QCI"", ""hospName"": ""Life Line Hospital"", ""tierType"": ""Tier 2""}"
2184,Meerut,Meerut,26,Life Line Hospital,NABH,Tier 2,Meerut,,"{""adcityName"": ""Meerut"", ""cityName"": ""Meerut"", ""hospAcc"": ""NABH"", ""hospName"": ""Life Line Hospital"", ""tierType"": ""Tier 2""}"
2185,Meerut,Meerut,26,lokpriya hospital,QCI,Tier 2,Meerut,,"{""adcityName"": ""Meerut"", ""cityName"": ""Meerut"", ""hospAcc"": ""QCI"", ""hospName"": ""lokpriya hospital"", ""tierType"": ""Tier 2""}"
2186,Meerut,Meerut,26,MAJOR RAN BIR SINGH MEMORIAL HOSPITAL DIVYAJYOTI SPEIALITE,QCI,Tier 2,Meerut,,"{""adcityName"": ""Meerut"", ""cityName"": ""Meerut"", ""hospAcc"": ""QCI"", ""hospName"": ""MAJOR RAN BIR SINGH MEMORIAL HOSPITAL DIVYAJYOTI SPEIALITE "", ""tierType"": ""Tier 2""}"
2187,Meerut,Meerut,26,Maxfort Multispeciality Hospital,QCI,Tier 2,Meerut,,"{""adcityName"": ""Meerut"", ""cityName"": ""Meerut"", ""hospAcc"": ""QCI"", ""hospName"": ""Maxfort Multispeciality Hospital"", ""tierType"": ""Tier 2""}"
2188,Meerut,Meerut,26,MEERUT CANCER HOSPITAL,QCI,Tier 2,Meerut,,"{""adcityName"": ""Meerut"", ""cityName"": ""Meerut"", ""hospAcc"": ""QCI"", ""hospName"": ""MEERUT CANCER HOSPITAL"", ""tierType"": ""Tier 2""}"
2189,Meerut,Meerut,26,MEERUT KIDNEY HOSPITAL PVT LTD,QCI,Tier 2,Meerut,,"{""adcityName"": ""Meerut"", ""cityName"": ""Meerut"", ""hospAcc"": ""QCI"", ""hospName"": ""MEERUT KIDNEY HOSPITAL PVT LTD"", ""tierType"": ""Tier 2""}"
2190,Meerut,Meerut,26,Metro Hospital and Heart Institute - Meerut,NABH,Tier 2,Meerut,,"{""adcityName"": ""Meerut"", ""cityName"": ""Meerut"", ""hospAcc"": ""NABH"", ""hospName"": ""Metro Hospital and Heart Institute - Meerut"", ""tierType"": ""Tier 2""}"
2191,Meerut,Meerut,26,Mimhans Neurosciences Hospital,NABH,Tier 2,Meerut,,"{""adcityName"": ""Meerut"", ""cityName"": ""Meerut"", ""hospAcc"": ""NABH"", ""hospName"": ""Mimhans Neurosciences Hospital"", ""tierType"": ""Tier 2""}"
2192,Meerut,Meerut,26,Mithraj Multisuper Speciality Hospital & Research Centre,QCI,Tier 2,Meerut,,"{""adcityName"": ""Meerut"", ""cityName"": ""Meerut"", ""hospAcc"": ""QCI"", ""hospName"": ""Mithraj Multisuper Speciality Hospital & Research Centre"", ""tierType"": ""Tier 2""}"
2193,Meerut,Meerut,26,MRITYUNJAY HOSPITAL,QCI,Tier 2,Meerut,,"{""adcityName"": ""Meerut"", ""cityName"": ""Meerut"", ""hospAcc"": ""QCI"", ""hospName"": ""MRITYUNJAY HOSPITAL"", ""tierType"": ""Tier 2""}"
2194,Meerut,Meerut,26,MUNSHILAL MULTI SPECIALITY HOSPITAL,QCI,Tier 2,Meerut,,"{""adcityName"": ""Meerut"", ""cityName"": ""Meerut"", ""hospAcc"": ""QCI"", ""hospName"": ""MUNSHILAL MULTI SPECIALITY HOSPITAL"", ""tierType"": ""Tier 2""}"
2195,Meerut,Meerut,26,NAVJEEVAN HOSPITAL,QCI,Tier 2,Meerut,,"{""adcityName"": ""Meerut"", ""cityName"": ""Meerut"", ""hospAcc"": ""QCI"", ""hospName"": ""NAVJEEVAN HOSPITAL"", ""tierType"": ""Tier 2""}"
2196,Meerut,Meerut,26,ORACLE EYECARE A Unit of Pritha Health care Pvt Ltd,QCI,Tier 2,Meerut,,"{""adcityName"": ""Meerut"", ""cityName"": ""Meerut"", ""hospAcc"": ""QCI"", ""hospName"": ""ORACLE EYECARE A Unit of Pritha Health care Pvt Ltd"", ""tierType"": ""Tier 2""}"
2197,Meerut,Meerut,26,PATHKIND DIAGNOSTICS PVTLTD,NABL,Tier 2,Meerut,,"{""adcityName"": ""Meerut"", ""cityName"": ""Meerut"", ""hospAcc"": ""NABL"", ""hospName"": ""PATHKIND DIAGNOSTICS PVTLTD"", ""tierType"": ""Tier 2""}"
2198,Meerut,Meerut,26,PHOTON HOSPITAL KANTH ROAD MORADABAD,QCI,Tier 2,Meerut,,"{""adcityName"": ""Meerut"", ""cityName"": ""Meerut"", ""hospAcc"": ""QCI"", ""hospName"": ""PHOTON HOSPITAL KANTH ROAD MORADABAD"", ""tierType"": ""Tier 2""}"
2199,Meerut,Meerut,26,PRAKASH DIAGNOSTICS,NABL,Tier 2,Meerut,,"{""adcityName"": ""Meerut"", ""cityName"": ""Meerut"", ""hospAcc"": ""NABL"", ""hospName"": ""PRAKASH DIAGNOSTICS"", ""tierType"": ""Tier 2""}"
2200,Meerut,Meerut,26,Prakash eye hospital and laser Centre,QCI,Tier 2,Meerut,,"{""adcityName"": ""Meerut"", ""cityName"": ""Meerut"", ""hospAcc"": ""QCI"", ""hospName"": ""Prakash eye hospital and laser Centre "", ""tierType"": ""Tier 2""}"
2201,Meerut,Meerut,26,PRAKASH NETRALAYA AND RETINA FOUNDATION,NABH,Tier 2,Meerut,,"{""adcityName"": ""Meerut"", ""cityName"": ""Meerut"", ""hospAcc"": ""NABH"", ""hospName"": ""PRAKASH NETRALAYA AND RETINA FOUNDATION"", ""tierType"": ""Tier 2""}"
2202,Meerut,Meerut,26,RR HEALTH CARE,NABH,Tier 2,Meerut,,"{""adcityName"": ""Meerut"", ""cityName"": ""Meerut"", ""hospAcc"": ""NABH"", ""hospName"": ""RR HEALTH CARE"", ""tierType"": ""Tier 2""}"
2203,Meerut,Meerut,26,Sahu Ramehwar Saran Kothiwal Hospital Heart and Neuro,QCI,Tier 2,Meerut,,"{""adcityName"": ""Meerut"", ""cityName"": ""Meerut"", ""hospAcc"": ""QCI"", ""hospName"": ""Sahu Ramehwar Saran Kothiwal Hospital Heart and Neuro"", ""tierType"": ""Tier 2""}"
2204,Meerut,Meerut,26,SANTOSH HOSPITAL RUN BY SANTOSH NIROGDHAM PVT LTD,QCI,Tier 2,Meerut,,"{""adcityName"": ""Meerut"", ""cityName"": ""Meerut"", ""hospAcc"": ""QCI"", ""hospName"": ""SANTOSH HOSPITAL RUN BY SANTOSH NIROGDHAM PVT LTD"", ""tierType"": ""Tier 2""}"
2205,Meerut,Meerut,26,SARVODAYA HOSPITAL and INSTITUTE OF MEDICAL SCIENCE,NABH,Tier 2,Meerut,,"{""adcityName"": ""Meerut"", ""cityName"": ""Meerut"", ""hospAcc"": ""NABH"", ""hospName"": ""SARVODAYA HOSPITAL and INSTITUTE OF MEDICAL SCIENCE "", ""tierType"": ""Tier 2""}"
2206,Meerut,Meerut,26,SDS GLOBAL SUPER SPECIALITY HOSPITAL A UNIT OF SHRI DEVSHRI MEDICARE HOSPITAL PVT LTD,QCI,Tier 2,Meerut,,"{""adcityName"": ""Meerut"", ""cityName"": ""Meerut"", ""hospAcc"": ""QCI"", ""hospName"": ""SDS GLOBAL SUPER SPECIALITY HOSPITAL  A UNIT OF SHRI DEVSHRI MEDICARE HOSPITAL PVT LTD"", ""tierType"": ""Tier 2""}"
2207,Meerut,Meerut,26,SHARMA EYE CARE CENTRE ALIGARH,QCI,Tier 2,Meerut,,"{""adcityName"": ""Meerut"", ""cityName"": ""Meerut"", ""hospAcc"": ""QCI"", ""hospName"": ""SHARMA EYE CARE CENTRE ALIGARH"", ""tierType"": ""Tier 2""}"
2208,Meerut,Meerut,26,SHIVAY HOSPITAL,QCI,Tier 2,Meerut,,"{""adcityName"": ""Meerut"", ""cityName"": ""Meerut"", ""hospAcc"": ""QCI"", ""hospName"": ""SHIVAY HOSPITAL"", ""tierType"": ""Tier 2""}"
2209,Meerut,Meerut,26,SHREE RAM HOSPITAL,QCI,Tier 2,Meerut,,"{""adcityName"": ""Meerut"", ""cityName"": ""Meerut"", ""hospAcc"": ""QCI"", ""hospName"": ""SHREE RAM  HOSPITAL"", ""tierType"": ""Tier 2""}"
2210,Meerut,Meerut,26,SHRI BHUSHAN HOSPITAL,QCI,Tier 2,Meerut,,"{""adcityName"": ""Meerut"", ""cityName"": ""Meerut"", ""hospAcc"": ""QCI"", ""hospName"": ""SHRI BHUSHAN HOSPITAL"", ""tierType"": ""Tier 2""}"
2211,Meerut,Meerut,26,SIDDH MULTISPECIALITY HOSPITAL,NABH,Tier 2,Meerut,,"{""adcityName"": ""Meerut"", ""cityName"": ""Meerut"", ""hospAcc"": ""NABH"", ""hospName"": ""SIDDH MULTISPECIALITY HOSPITAL"", ""tierType"": ""Tier 2""}"
2212,Meerut,Meerut,26,SIROHI HOSPITAL AND MATERNITY HOME,QCI,Tier 2,Meerut,,"{""adcityName"": ""Meerut"", ""cityName"": ""Meerut"", ""hospAcc"": ""QCI"", ""hospName"": ""SIROHI HOSPITAL AND MATERNITY HOME"", ""tierType"": ""Tier 2""}"
2213,Meerut,Meerut,26,SIROHI SCAN CENTRE,NABL,Tier 2,Meerut,,"{""adcityName"": ""Meerut"", ""cityName"": ""Meerut"", ""hospAcc"": ""NABL"", ""hospName"": ""SIROHI SCAN CENTRE"", ""tierType"": ""Tier 2""}"
2214,Meerut,Meerut,26,S. M. HOSPITAL,QCI,Tier 2,Meerut,,"{""adcityName"": ""Meerut"", ""cityName"": ""Meerut"", ""hospAcc"": ""QCI"", ""hospName"": ""S. M. HOSPITAL"", ""tierType"": ""Tier 2""}"
2215,Meerut,Meerut,26,SRI SAI HOSPITAL A UNIT OF MEDINOVA HEALTH CARE PVT LTD,NABH,Tier 2,Meerut,,"{""adcityName"": ""Meerut"", ""cityName"": ""Meerut"", ""hospAcc"": ""NABH"", ""hospName"": ""SRI SAI HOSPITAL A UNIT OF MEDINOVA HEALTH CARE PVT LTD"", ""tierType"": ""Tier 2""}"
2216,Meerut,Meerut,26,Teerthanker Mahaveer hospital & resarch centre,QCI,Tier 2,Meerut,,"{""adcityName"": ""Meerut"", ""cityName"": ""Meerut"", ""hospAcc"": ""QCI"", ""hospName"": ""Teerthanker Mahaveer hospital & resarch centre"", ""tierType"": ""Tier 2""}"
2217,Meerut,Meerut,26,Tesla Imaging & Diagnostic Centre,NABL,Tier 2,Meerut,,"{""adcityName"": ""Meerut"", ""cityName"": ""Meerut"", ""hospAcc"": ""NABL"", ""hospName"": ""Tesla Imaging & Diagnostic Centre"", ""tierType"": ""Tier 2""}"
2218,Meerut,Meerut,26,UJALA CYGNUS BRIGHTSTAR HOSPITAL,QCI,Tier 2,Meerut,,"{""adcityName"": ""Meerut"", ""cityName"": ""Meerut"", ""hospAcc"": ""QCI"", ""hospName"": ""UJALA CYGNUS BRIGHTSTAR HOSPITAL"", ""tierType"": ""Tier 2""}"
2219,Meerut,Meerut,26,ULTIMATE PATHLAB,NABL,Tier 2,Meerut,,"{""adcityName"": ""Meerut"", ""cityName"": ""Meerut"", ""hospAcc"": ""NABL"", ""hospName"": ""ULTIMATE PATHLAB "", ""tierType"": ""Tier 2""}"
2220,Meerut,Meerut,26,VALENTIS CANCER CARE HOSPITAL PVT LTD,NABH,Tier 2,Meerut,,"{""adcityName"": ""Meerut"", ""cityName"": ""Meerut"", ""hospAcc"": ""NABH"", ""hospName"": ""VALENTIS CANCER CARE HOSPITAL PVT LTD"", ""tierType"": ""Tier 2""}"
2221,Meerut,Meerut,26,varun eye care and research institute pvt ltd,QCI,Tier 2,Meerut,,"{""adcityName"": ""Meerut"", ""cityName"": ""Meerut"", ""hospAcc"": ""QCI"", ""hospName"": ""varun eye care and research institute pvt ltd"", ""tierType"": ""Tier 2""}"
2222,Meerut,Meerut,26,VISIONCARE EYE And LASER CENTRE,QCI,Tier 2,Meerut,,"{""adcityName"": ""Meerut"", ""cityName"": ""Meerut"", ""hospAcc"": ""QCI"", ""hospName"": ""VISIONCARE EYE And LASER CENTRE"", ""tierType"": ""Tier 2""}"
2223,Meerut,Meerut,26,Visioncare Super Speciality Eye Hospital,QCI,Tier 2,Meerut,,"{""adcityName"": ""Meerut"", ""cityName"": ""Meerut"", ""hospAcc"": ""QCI"", ""hospName"": ""Visioncare Super Speciality Eye Hospital"", ""tierType"": ""Tier 2""}"
2224,Meerut,Meerut,26,YASHLOK HOSPITAL And NURSING HOME PVT LTD,QCI,Tier 2,Meerut,,"{""adcityName"": ""Meerut"", ""cityName"": ""Meerut"", ""hospAcc"": ""QCI"", ""hospName"": ""YASHLOK HOSPITAL And NURSING HOME PVT LTD"", ""tierType"": ""Tier 2""}"
2225,Mumbai,Mumbai,27,AARTHI SCANS PVT LTD,Non NABL,Tier 1,MUMBAI,,"{""adcityName"": ""Mumbai"", ""cityName"": ""MUMBAI"", ""hospAcc"": ""Non NABL"", ""hospName"": ""AARTHI SCANS PVT LTD"", ""tierType"": ""Tier 1""}"
2226,Mumbai,Mumbai,27,ACI Cumballa Hill Hospital,NABH,Tier 1,MUMBAI,,"{""adcityName"": ""Mumbai"", ""cityName"": ""MUMBAI"", ""hospAcc"": ""NABH"", ""hospName"": ""ACI Cumballa Hill Hospital"", ""tierType"": ""Tier 1""}"
2227,Mumbai,Mumbai,27,ADITYA JYOT EYE HOSPITAL PVT LTD,NABH,Tier 1,MUMBAI,,"{""adcityName"": ""Mumbai"", ""cityName"": ""MUMBAI"", ""hospAcc"": ""NABH"", ""hospName"": ""ADITYA JYOT EYE HOSPITAL PVT LTD"", ""tierType"": ""Tier 1""}"
2228,Mumbai,Mumbai,27,Advanced Centre for Treatment Research & Education in Cancer,-NA-,Tier 1,MUMBAI,,"{""adcityName"": ""Mumbai"", ""cityName"": ""MUMBAI"", ""hospAcc"": ""-NA-"", ""hospName"": ""Advanced Centre for Treatment Research & Education in Cancer"", ""tierType"": ""Tier 1""}"
2229,Mumbai,Mumbai,27,ADVANCED EYE HOSPITAL & INSTITUTE A UNIT OF DR AGARWALS EYE HOSPITAL,NABH,Tier 1,MUMBAI,,"{""adcityName"": ""Mumbai"", ""cityName"": ""MUMBAI"", ""hospAcc"": ""NABH"", ""hospName"": ""ADVANCED EYE HOSPITAL & INSTITUTE A UNIT OF DR AGARWALS EYE HOSPITAL"", ""tierType"": ""Tier 1""}"
2230,Mumbai,Mumbai,27,ALPINE DIAGNOSTIC CENTRE LLP,NABL,Tier 1,MUMBAI,,"{""adcityName"": ""Mumbai"", ""cityName"": ""MUMBAI"", ""hospAcc"": ""NABL"", ""hospName"": ""ALPINE DIAGNOSTIC CENTRE LLP"", ""tierType"": ""Tier 1""}"
2231,Mumbai,Mumbai,27,AM PM 24 HRS HOSPITALS PRIVATE LIMITED,NABH,Tier 1,MUMBAI,,"{""adcityName"": ""Mumbai"", ""cityName"": ""MUMBAI"", ""hospAcc"": ""NABH"", ""hospName"": ""AM PM 24 HRS HOSPITALS PRIVATE LIMITED"", ""tierType"": ""Tier 1""}"
2232,Mumbai,Mumbai,27,Anand Netralaya,NABH,Tier 2,MUMBAI,,"{""adcityName"": ""Mumbai"", ""cityName"": ""MUMBAI"", ""hospAcc"": ""NABH"", ""hospName"": ""Anand Netralaya"", ""tierType"": ""Tier 2""}"
2233,Mumbai,Mumbai,27,ANIDEEP EYE HOSPITAL AND INSTITUTE PVT LTD.,NA,Tier 1,MUMBAI,,"{""adcityName"": ""Mumbai"", ""cityName"": ""MUMBAI"", ""hospAcc"": ""NA"", ""hospName"": ""ANIDEEP EYE HOSPITAL AND INSTITUTE PVT LTD."", ""tierType"": ""Tier 1""}"
2234,Mumbai,Mumbai,27,ANIL EYE HOSPITAL,NA,Tier 1,MUMBAI,,"{""adcityName"": ""Mumbai"", ""cityName"": ""MUMBAI"", ""hospAcc"": ""NA"", ""hospName"": ""ANIL EYE HOSPITAL"", ""tierType"": ""Tier 1""}"
2235,Mumbai,Mumbai,27,APEX HOSPITALS,NABH,Tier 1,MUMBAI,,"{""adcityName"": ""Mumbai"", ""cityName"": ""MUMBAI"", ""hospAcc"": ""NABH"", ""hospName"": ""APEX HOSPITALS"", ""tierType"": ""Tier 1""}"
2236,Mumbai,Mumbai,27,Apex Hospitals Kandivali,NABH,Tier 1,MUMBAI,,"{""adcityName"": ""Mumbai"", ""cityName"": ""MUMBAI"", ""hospAcc"": ""NABH"", ""hospName"": ""Apex Hospitals Kandivali"", ""tierType"": ""Tier 1""}"
2237,Mumbai,Mumbai,27,Apex Hospitals Mulund,NA,Tier 1,MUMBAI,,"{""adcityName"": ""Mumbai"", ""cityName"": ""MUMBAI"", ""hospAcc"": ""NA"", ""hospName"": ""Apex Hospitals Mulund"", ""tierType"": ""Tier 1""}"
2238,Mumbai,Mumbai,27,APEX MULTISPECIALITY HOSPITAL - BORIVALI,NABH,Tier 1,MUMBAI,,"{""adcityName"": ""Mumbai"", ""cityName"": ""MUMBAI"", ""hospAcc"": ""NABH"", ""hospName"": ""APEX MULTISPECIALITY HOSPITAL - BORIVALI"", ""tierType"": ""Tier 1""}"
2239,Mumbai,Mumbai,27,APEX WELLNESS HOSPITAL,NABH,Tier 2,NASHIK,,"{""adcityName"": ""Mumbai"", ""cityName"": ""NASHIK"", ""hospAcc"": ""NABH"", ""hospName"": ""APEX WELLNESS HOSPITAL "", ""tierType"": ""Tier 2""}"
2240,Mumbai,Mumbai,27,Ark Clinic managed by Iksha Eye Care,NA,Tier 1,MUMBAI,,"{""adcityName"": ""Mumbai"", ""cityName"": ""MUMBAI"", ""hospAcc"": ""NA"", ""hospName"": ""Ark Clinic managed by Iksha Eye Care"", ""tierType"": ""Tier 1""}"
2241,Mumbai,Mumbai,27,ASG EYE HOSPITAL PRIVATE LIMITED,NA,Tier 2,GOA,,"{""adcityName"": ""Mumbai"", ""cityName"": ""GOA"", ""hospAcc"": ""NA"", ""hospName"": ""ASG EYE HOSPITAL PRIVATE LIMITED "", ""tierType"": ""Tier 2""}"
2242,Mumbai,Mumbai,27,ASG HOSPITAL PRIVET LIMITED,QCI,Tier 2,NASHIK,,"{""adcityName"": ""Mumbai"", ""cityName"": ""NASHIK"", ""hospAcc"": ""QCI"", ""hospName"": ""ASG HOSPITAL PRIVET LIMITED"", ""tierType"": ""Tier 2""}"
2243,Mumbai,Mumbai,27,ASG HOSPITAL PRIVET LIMITED,QCI,Tier 2,Nashik,,"{""adcityName"": ""Mumbai"", ""cityName"": ""Nashik"", ""hospAcc"": ""QCI"", ""hospName"": ""ASG HOSPITAL PRIVET LIMITED"", ""tierType"": ""Tier 2""}"
2244,Mumbai,Mumbai,27,ASG Hospital Pvt. Ltd.,NABH,Tier 1,MUMBAI,,"{""adcityName"": ""Mumbai"", ""cityName"": ""MUMBAI"", ""hospAcc"": ""NABH"", ""hospName"": ""ASG Hospital Pvt. Ltd."", ""tierType"": ""Tier 1""}"
2245,Mumbai,Mumbai,27,ASG Hospital Pvt. Ltd.,NABH,Tier 1,MUMBAI,,"{""adcityName"": ""Mumbai"", ""cityName"": ""MUMBAI"", ""hospAcc"": ""NABH"", ""hospName"": ""ASG Hospital Pvt. Ltd."", ""tierType"": ""Tier 1""}"
2246,Mumbai,Mumbai,27,ASHA MULTISPECIALITY HOSPITAL,NA,Tier 1,MUMBAI,,"{""adcityName"": ""Mumbai"", ""cityName"": ""MUMBAI"", ""hospAcc"": ""NA"", ""hospName"": ""ASHA MULTISPECIALITY HOSPITAL"", ""tierType"": ""Tier 1""}"
2247,Mumbai,Mumbai,27,Ashoka Medicover Hospitals,NABH,Tier 2,NASHIK,,"{""adcityName"": ""Mumbai"", ""cityName"": ""NASHIK"", ""hospAcc"": ""NABH"", ""hospName"": ""Ashoka Medicover Hospitals"", ""tierType"": ""Tier 2""}"
2248,Mumbai,Mumbai,27,ASHTVINAYAK HOSPITAL,NABH,Tier 1,MUMBAI,,"{""adcityName"": ""Mumbai"", ""cityName"": ""MUMBAI"", ""hospAcc"": ""NABH"", ""hospName"": ""ASHTVINAYAK HOSPITAL"", ""tierType"": ""Tier 1""}"
2249,Mumbai,Mumbai,27,ASIAN EYE INSTITUTE AND LASER CENTRE PVT LTD,NABH,Tier 1,MUMBAI,,"{""adcityName"": ""Mumbai"", ""cityName"": ""MUMBAI"", ""hospAcc"": ""NABH"", ""hospName"": ""ASIAN EYE INSTITUTE AND LASER CENTRE PVT LTD"", ""tierType"": ""Tier 1""}"
2250,Mumbai,Mumbai,27,Asian Institute of Medical Sciences,NABH,Tier 1,MUMBAI,,"{""adcityName"": ""Mumbai"", ""cityName"": ""MUMBAI"", ""hospAcc"": ""NABH"", ""hospName"": ""Asian Institute of Medical Sciences"", ""tierType"": ""Tier 1""}"
2251,Mumbai,Mumbai,27,BALAJEE HOSPITAL,NA,Tier 1,MUMBAI,,"{""adcityName"": ""Mumbai"", ""cityName"": ""MUMBAI"", ""hospAcc"": ""NA"", ""hospName"": ""BALAJEE HOSPITAL"", ""tierType"": ""Tier 1""}"
2252,Mumbai,Mumbai,27,Balaji Heart Hospital & Diagnostic Centre Pvt Ltd,NABH,Tier 1,MUMBAI,,"{""adcityName"": ""Mumbai"", ""cityName"": ""MUMBAI"", ""hospAcc"": ""NABH"", ""hospName"": ""Balaji Heart Hospital & Diagnostic Centre Pvt Ltd"", ""tierType"": ""Tier 1""}"
2253,Mumbai,Mumbai,27,BHAGWATI HEALTH CARE PVT LTD,NABH,Tier 1,MUMBAI,,"{""adcityName"": ""Mumbai"", ""cityName"": ""MUMBAI"", ""hospAcc"": ""NABH"", ""hospName"": ""BHAGWATI HEALTH CARE PVT LTD"", ""tierType"": ""Tier 1""}"
2254,Mumbai,Mumbai,27,BHALANETRA SUPERSPECIALITY EYE HOSPITAL,NABH,Tier 1,MUMBAI,,"{""adcityName"": ""Mumbai"", ""cityName"": ""MUMBAI"", ""hospAcc"": ""NABH"", ""hospName"": ""BHALANETRA SUPERSPECIALITY EYE HOSPITAL"", ""tierType"": ""Tier 1""}"
2255,Mumbai,Mumbai,27,Big Smile Dental Clinic,NA,Tier 2,Nashik,,"{""adcityName"": ""Mumbai"", ""cityName"": ""Nashik"", ""hospAcc"": ""NA"", ""hospName"": ""Big Smile Dental Clinic"", ""tierType"": ""Tier 2""}"
2256,Mumbai,Mumbai,27,BIRLA EYE HOSPITAL,NABH,Tier 2,NASHIK,,"{""adcityName"": ""Mumbai"", ""cityName"": ""NASHIK"", ""hospAcc"": ""NABH"", ""hospName"": ""BIRLA EYE HOSPITAL"", ""tierType"": ""Tier 2""}"
2257,Mumbai,Mumbai,27,Bombay city Eye institute & Research centre Private Limited,NA,Tier 1,MUMBAI,,"{""adcityName"": ""Mumbai"", ""cityName"": ""MUMBAI"", ""hospAcc"": ""NA"", ""hospName"": ""Bombay city Eye institute & Research centre Private Limited"", ""tierType"": ""Tier 1""}"
2258,Mumbai,Mumbai,27,Bombay Hospital,NABH,Tier 1,MUMBAI,,"{""adcityName"": ""Mumbai"", ""cityName"": ""MUMBAI"", ""hospAcc"": ""NABH"", ""hospName"": ""Bombay Hospital"", ""tierType"": ""Tier 1""}"
2259,Mumbai,Mumbai,27,Cancer Centers of America Pvt Ltd,NABH,Tier 2,NASHIK,,"{""adcityName"": ""Mumbai"", ""cityName"": ""NASHIK"", ""hospAcc"": ""NABH"", ""hospName"": ""Cancer Centers of America Pvt Ltd"", ""tierType"": ""Tier 2""}"
2260,Mumbai,Mumbai,27,Cellcure Cancer Centre Pvt. Ltd,NABH,Tier 1,MUMBAI,,"{""adcityName"": ""Mumbai"", ""cityName"": ""MUMBAI"", ""hospAcc"": ""NABH"", ""hospName"": ""Cellcure Cancer Centre Pvt. Ltd"", ""tierType"": ""Tier 1""}"
2261,Mumbai,Mumbai,27,CELLCURE CANCER CENTRE PVT. LTD,NABH,Tier 2,NASHIK,,"{""adcityName"": ""Mumbai"", ""cityName"": ""NASHIK"", ""hospAcc"": ""NABH"", ""hospName"": ""CELLCURE CANCER CENTRE PVT. LTD"", ""tierType"": ""Tier 2""}"
2262,Mumbai,Mumbai,27,Centre for Sight Badlapur A Unit of New Delhi Centre for Sight Ltd,NA,Tier 1,MUMBAI,,"{""adcityName"": ""Mumbai"", ""cityName"": ""MUMBAI"", ""hospAcc"": ""NA"", ""hospName"": ""Centre for Sight Badlapur A Unit of New Delhi Centre for Sight Ltd "", ""tierType"": ""Tier 1""}"
2263,Mumbai,Mumbai,27,Centre for Sight Nerul A Unit of New Delhi Centre for Sight Ltd,NABH,Tier 1,MUMBAI,,"{""adcityName"": ""Mumbai"", ""cityName"": ""MUMBAI"", ""hospAcc"": ""NABH"", ""hospName"": ""Centre for Sight Nerul A Unit of New Delhi Centre for Sight Ltd"", ""tierType"": ""Tier 1""}"
2264,Mumbai,Mumbai,27,CITY CRITICARE HOSPITAL,NABH,Tier 1,MUMBAI,,"{""adcityName"": ""Mumbai"", ""cityName"": ""MUMBAI"", ""hospAcc"": ""NABH"", ""hospName"": ""CITY CRITICARE HOSPITAL"", ""tierType"": ""Tier 1""}"
2265,Mumbai,Mumbai,27,CONTACARE EYE HOSPITAL,NA,Tier 1,MUMBAI,,"{""adcityName"": ""Mumbai"", ""cityName"": ""MUMBAI"", ""hospAcc"": ""NA"", ""hospName"": ""CONTACARE EYE HOSPITAL"", ""tierType"": ""Tier 1""}"
2266,Mumbai,Mumbai,27,Criticare Lifeline Hospital,Others,Tier 1,MUMBAI,,"{""adcityName"": ""Mumbai"", ""cityName"": ""MUMBAI"", ""hospAcc"": ""Others"", ""hospName"": ""Criticare Lifeline Hospital"", ""tierType"": ""Tier 1""}"
2267,Mumbai,Mumbai,27,Deeksha Dental Speciality Clinic,NA,Tier 1,MUMBAI,,"{""adcityName"": ""Mumbai"", ""cityName"": ""MUMBAI"", ""hospAcc"": ""NA"", ""hospName"": ""Deeksha Dental Speciality Clinic"", ""tierType"": ""Tier 1""}"
2268,Mumbai,Mumbai,27,DENTON DENTAL CARE,NA,Tier 2,NASHIK,,"{""adcityName"": ""Mumbai"", ""cityName"": ""NASHIK"", ""hospAcc"": ""NA"", ""hospName"": ""DENTON DENTAL CARE"", ""tierType"": ""Tier 2""}"
2269,Mumbai,Mumbai,27,DIVYAJYOTI EYE CLINIC,NA,Tier 1,MUMBAI,,"{""adcityName"": ""Mumbai"", ""cityName"": ""MUMBAI"", ""hospAcc"": ""NA"", ""hospName"": ""DIVYAJYOTI EYE CLINIC"", ""tierType"": ""Tier 1""}"
2270,Mumbai,Mumbai,27,Doctor Eye Institute,NA,Tier 1,MUMBAI,,"{""adcityName"": ""Mumbai"", ""cityName"": ""MUMBAI"", ""hospAcc"": ""NA"", ""hospName"": ""Doctor Eye Institute"", ""tierType"": ""Tier 1""}"
2271,Mumbai,Mumbai,27,Dr Aaphale Eye Hospital,NABH,Tier 1,MUMBAI,,"{""adcityName"": ""Mumbai"", ""cityName"": ""MUMBAI"", ""hospAcc"": ""NABH"", ""hospName"": ""Dr Aaphale Eye Hospital"", ""tierType"": ""Tier 1""}"
2272,Mumbai,Mumbai,27,Dr Agarwals Eye Hospital,NABH,Tier 1,MUMBAI,,"{""adcityName"": ""Mumbai"", ""cityName"": ""MUMBAI"", ""hospAcc"": ""NABH"", ""hospName"": ""Dr Agarwals Eye Hospital"", ""tierType"": ""Tier 1""}"
2273,Mumbai,Mumbai,27,Dr Agarwals Eye Hospital,QCI,Tier 2,NASHIK,,"{""adcityName"": ""Mumbai"", ""cityName"": ""NASHIK"", ""hospAcc"": ""QCI"", ""hospName"": ""Dr Agarwals Eye Hospital"", ""tierType"": ""Tier 2""}"
2274,Mumbai,Mumbai,27,Dr Agarwals Eye Hospital,NA,Tier 1,MUMBAI,,"{""adcityName"": ""Mumbai"", ""cityName"": ""MUMBAI"", ""hospAcc"": ""NA"", ""hospName"": ""Dr Agarwals Eye Hospital"", ""tierType"": ""Tier 1""}"
2275,Mumbai,Mumbai,27,DR AGARWALS HEALTHCARE LIMITED,NA,Tier 1,MUMBAI,,"{""adcityName"": ""Mumbai"", ""cityName"": ""MUMBAI"", ""hospAcc"": ""NA"", ""hospName"": ""DR AGARWALS HEALTHCARE LIMITED"", ""tierType"": ""Tier 1""}"
2276,Mumbai,Mumbai,27,Dr. Agarwals Health Care Ltd,QCI,Tier 1,MUMBAI,,"{""adcityName"": ""Mumbai"", ""cityName"": ""MUMBAI"", ""hospAcc"": ""QCI"", ""hospName"": ""Dr. Agarwals Health Care Ltd"", ""tierType"": ""Tier 1""}"
2277,Mumbai,Mumbai,27,DR AMRISH MEHTA APPLE DIAGNOSTIC,Non NABL,Tier 1,MUMBAI,,"{""adcityName"": ""Mumbai"", ""cityName"": ""MUMBAI"", ""hospAcc"": ""Non NABL"", ""hospName"": ""DR AMRISH MEHTA APPLE DIAGNOSTIC"", ""tierType"": ""Tier 1""}"
2278,Mumbai,Mumbai,27,Dr.APJ Abdul Kalam Education & Research Centre And Super Specialty Dental Clinic,NA,Tier 1,MUMBAI,,"{""adcityName"": ""Mumbai"", ""cityName"": ""MUMBAI"", ""hospAcc"": ""NA"", ""hospName"": ""Dr.APJ Abdul Kalam Education & Research Centre And Super Specialty Dental Clinic"", ""tierType"": ""Tier 1""}"
2279,Mumbai,Mumbai,27,DR. ASHOK DHOBLE CLINIC,NA,Tier 1,MUMBAI,,"{""adcityName"": ""Mumbai"", ""cityName"": ""MUMBAI"", ""hospAcc"": ""NA"", ""hospName"": ""DR. ASHOK DHOBLE CLINIC"", ""tierType"": ""Tier 1""}"
2280,Mumbai,Mumbai,27,DRASHTI EYE HOSPITAL,NA,Tier 1,MUMBAI,,"{""adcityName"": ""Mumbai"", ""cityName"": ""MUMBAI"", ""hospAcc"": ""NA"", ""hospName"": ""DRASHTI EYE HOSPITAL"", ""tierType"": ""Tier 1""}"
2281,Mumbai,Mumbai,27,Dr Balabhai Nanavati Hospital A unit of Nanavati Max Super Speciality Hospital,NABH,Tier 1,MUMBAI,,"{""adcityName"": ""Mumbai"", ""cityName"": ""MUMBAI"", ""hospAcc"": ""NABH"", ""hospName"": ""Dr Balabhai Nanavati Hospital  A unit of Nanavati Max Super Speciality Hospital"", ""tierType"": ""Tier 1""}"
2282,Mumbai,Mumbai,27,DR. BAPAYE HOSPITAL,NABH,Tier 2,Nashik,,"{""adcityName"": ""Mumbai"", ""cityName"": ""Nashik"", ""hospAcc"": ""NABH"", ""hospName"": ""DR. BAPAYE HOSPITAL"", ""tierType"": ""Tier 2""}"
2283,Mumbai,Mumbai,27,DR D Y PATIL HOSPITAL & RESEARCH CENTRE,NABH,Tier 1,MUMBAI,,"{""adcityName"": ""Mumbai"", ""cityName"": ""MUMBAI"", ""hospAcc"": ""NABH"", ""hospName"": ""DR D Y PATIL HOSPITAL & RESEARCH CENTRE"", ""tierType"": ""Tier 1""}"
2284,Mumbai,Mumbai,27,DR. GADGILS EYE HOSPITAL,NABH,Tier 1,MUMBAI,,"{""adcityName"": ""Mumbai"", ""cityName"": ""MUMBAI"", ""hospAcc"": ""NABH"", ""hospName"": ""DR. GADGILS EYE HOSPITAL"", ""tierType"": ""Tier 1""}"
2285,Mumbai,Mumbai,27,DR.MAHALES DENTAL CLINIC,NA,Tier 2,NASHIK,,"{""adcityName"": ""Mumbai"", ""cityName"": ""NASHIK"", ""hospAcc"": ""NA"", ""hospName"": ""DR.MAHALES DENTAL CLINIC "", ""tierType"": ""Tier 2""}"
2286,Mumbai,Mumbai,27,DR MULEYS MULTISPECIALITY DENTAL CLINIC AND ORTHOD,NA,Tier 1,MUMBAI,,"{""adcityName"": ""Mumbai"", ""cityName"": ""MUMBAI"", ""hospAcc"": ""NA"", ""hospName"": ""DR MULEYS MULTISPECIALITY DENTAL CLINIC AND ORTHOD"", ""tierType"": ""Tier 1""}"
2287,Mumbai,Mumbai,27,DR. PATANI EYE HOSPITAL,NABH,Tier 1,MUMBAI,,"{""adcityName"": ""Mumbai"", ""cityName"": ""MUMBAI"", ""hospAcc"": ""NABH"", ""hospName"": ""DR. PATANI EYE HOSPITAL"", ""tierType"": ""Tier 1""}"
2288,Mumbai,Mumbai,27,Dr Pols Smileline Dental Clinic,NA,Tier 1,MUMBAI,,"{""adcityName"": ""Mumbai"", ""cityName"": ""MUMBAI"", ""hospAcc"": ""NA"", ""hospName"": ""Dr Pols Smileline Dental Clinic"", ""tierType"": ""Tier 1""}"
2289,Mumbai,Mumbai,27,DR R N PATIL S SURAJ HOSPITAL,NABH,Tier 1,MUMBAI,,"{""adcityName"": ""Mumbai"", ""cityName"": ""MUMBAI"", ""hospAcc"": ""NABH"", ""hospName"": ""DR R N PATIL S SURAJ HOSPITAL"", ""tierType"": ""Tier 1""}"
2290,Mumbai,Mumbai,27,Dr. Simandhar Eye Care Centre,NA,Tier 1,MUMBAI,,"{""adcityName"": ""Mumbai"", ""cityName"": ""MUMBAI"", ""hospAcc"": ""NA"", ""hospName"": ""Dr. Simandhar Eye Care Centre"", ""tierType"": ""Tier 1""}"
2291,Mumbai,Mumbai,27,Dr.Vaidya eye hospital,NA,Tier 1,MUMBAI,,"{""adcityName"": ""Mumbai"", ""cityName"": ""MUMBAI"", ""hospAcc"": ""NA"", ""hospName"": ""Dr.Vaidya eye hospital"", ""tierType"": ""Tier 1""}"
2292,Mumbai,Mumbai,27,EYE MAX SUPER SPECIALITY EYE CENTRE,NA,Tier 1,MUMBAI,,"{""adcityName"": ""Mumbai"", ""cityName"": ""MUMBAI"", ""hospAcc"": ""NA"", ""hospName"": ""EYE MAX SUPER SPECIALITY EYE CENTRE"", ""tierType"": ""Tier 1""}"
2293,Mumbai,Mumbai,27,FORTIS HOSPITALS LIMITED,JCI,Tier 1,MUMBAI,,"{""adcityName"": ""Mumbai"", ""cityName"": ""MUMBAI"", ""hospAcc"": ""JCI"", ""hospName"": ""FORTIS HOSPITALS LIMITED"", ""tierType"": ""Tier 1""}"
2294,Mumbai,Mumbai,27,GALAXY MULTISPECIALITY HOSPITAL,NABH,Tier 1,MUMBAI,,"{""adcityName"": ""Mumbai"", ""cityName"": ""MUMBAI"", ""hospAcc"": ""NABH"", ""hospName"": ""GALAXY MULTISPECIALITY HOSPITAL"", ""tierType"": ""Tier 1""}"
2295,Mumbai,Mumbai,27,GLOBAL EYE CLINIC,NABH,Tier 1,MUMBAI,,"{""adcityName"": ""Mumbai"", ""cityName"": ""MUMBAI"", ""hospAcc"": ""NABH"", ""hospName"": ""GLOBAL EYE CLINIC"", ""tierType"": ""Tier 1""}"
2296,Mumbai,Mumbai,27,HCG Cancer Centre,NABH,Tier 1,MUMBAI,,"{""adcityName"": ""Mumbai"", ""cityName"": ""MUMBAI"", ""hospAcc"": ""NABH"", ""hospName"": ""HCG Cancer Centre"", ""tierType"": ""Tier 1""}"
2297,Mumbai,Mumbai,27,HCG ICS Khubchandani Cancer Centre,NABH,Tier 1,MUMBAI,,"{""adcityName"": ""Mumbai"", ""cityName"": ""MUMBAI"", ""hospAcc"": ""NABH"", ""hospName"": ""HCG ICS Khubchandani Cancer Centre"", ""tierType"": ""Tier 1""}"
2298,Mumbai,Mumbai,27,HCG MANAVATA ONCOLOGY LLP,NABH,Tier 2,NASHIK,,"{""adcityName"": ""Mumbai"", ""cityName"": ""NASHIK"", ""hospAcc"": ""NABH"", ""hospName"": ""HCG MANAVATA ONCOLOGY LLP"", ""tierType"": ""Tier 2""}"
2299,Mumbai,Mumbai,27,HEALING TOUCH EYE HOSPITAL,NABH,Tier 1,MUMBAI,,"{""adcityName"": ""Mumbai"", ""cityName"": ""MUMBAI"", ""hospAcc"": ""NABH"", ""hospName"": ""HEALING TOUCH EYE HOSPITAL"", ""tierType"": ""Tier 1""}"
2300,Mumbai,Mumbai,27,HINDLABS Diagnostic Center,-NA-,Tier 1,MUMBAI,,"{""adcityName"": ""Mumbai"", ""cityName"": ""MUMBAI"", ""hospAcc"": ""-NA-"", ""hospName"": ""HINDLABS Diagnostic Center"", ""tierType"": ""Tier 1""}"
2301,Mumbai,Mumbai,27,HORIZON PRIME HOSPITAL UNIT OF WEST COAST HOSPITALS AND DIAGNOSTICS CENTERS PVT LTD,NABH,Tier 1,MUMBAI,,"{""adcityName"": ""Mumbai"", ""cityName"": ""MUMBAI"", ""hospAcc"": ""NABH"", ""hospName"": ""HORIZON PRIME HOSPITAL UNIT OF WEST COAST HOSPITALS AND DIAGNOSTICS CENTERS PVT LTD"", ""tierType"": ""Tier 1""}"
2302,Mumbai,Mumbai,27,IKSHANA NETRALAYA PRIVATE LIMITED,NA,Tier 1,MUMBAI,,"{""adcityName"": ""Mumbai"", ""cityName"": ""MUMBAI"", ""hospAcc"": ""NA"", ""hospName"": ""IKSHANA NETRALAYA PRIVATE LIMITED"", ""tierType"": ""Tier 1""}"
2303,Mumbai,Mumbai,27,Infigo,NA,Tier 1,MUMBAI,,"{""adcityName"": ""Mumbai"", ""cityName"": ""MUMBAI"", ""hospAcc"": ""NA"", ""hospName"": ""Infigo"", ""tierType"": ""Tier 1""}"
2304,Mumbai,Mumbai,27,Infigo Eye Care Hospital Bhayander,NABH,Tier 1,MUMBAI,,"{""adcityName"": ""Mumbai"", ""cityName"": ""MUMBAI"", ""hospAcc"": ""NABH"", ""hospName"": ""Infigo Eye Care Hospital Bhayander"", ""tierType"": ""Tier 1""}"
2305,Mumbai,Mumbai,27,Infigo Eye Care Hospital Vashi,NABH,Tier 1,MUMBAI,,"{""adcityName"": ""Mumbai"", ""cityName"": ""MUMBAI"", ""hospAcc"": ""NABH"", ""hospName"": ""Infigo Eye Care Hospital Vashi"", ""tierType"": ""Tier 1""}"
2306,Mumbai,Mumbai,27,Infigo Eye Care Hospital Virar,NABH,Tier 2,MUMBAI,,"{""adcityName"": ""Mumbai"", ""cityName"": ""MUMBAI"", ""hospAcc"": ""NABH"", ""hospName"": ""Infigo Eye Care Hospital Virar"", ""tierType"": ""Tier 2""}"
2307,Mumbai,Mumbai,27,INSIGHT EYE CARE & LASER CENTRE,NA,Tier 1,MUMBAI,,"{""adcityName"": ""Mumbai"", ""cityName"": ""MUMBAI"", ""hospAcc"": ""NA"", ""hospName"": ""INSIGHT EYE CARE & LASER CENTRE"", ""tierType"": ""Tier 1""}"
2308,Mumbai,Mumbai,27,Insight Eye Clinic Pvt.Ltd,NA,Tier 1,MUMBAI,,"{""adcityName"": ""Mumbai"", ""cityName"": ""MUMBAI"", ""hospAcc"": ""NA"", ""hospName"": ""Insight Eye Clinic Pvt.Ltd "", ""tierType"": ""Tier 1""}"
2309,Mumbai,Mumbai,27,ISHA EYE CARE PVT LTD,NABH,Tier 1,MUMBAI,,"{""adcityName"": ""Mumbai"", ""cityName"": ""MUMBAI"", ""hospAcc"": ""NABH"", ""hospName"": ""ISHA EYE CARE PVT LTD"", ""tierType"": ""Tier 1""}"
2310,Mumbai,Mumbai,27,ISHA EYE CARE PVT LTD,NABH,Tier 1,MUMBAI,,"{""adcityName"": ""Mumbai"", ""cityName"": ""MUMBAI"", ""hospAcc"": ""NABH"", ""hospName"": ""ISHA EYE CARE PVT LTD "", ""tierType"": ""Tier 1""}"
2311,Mumbai,Mumbai,27,ISHA EYECARE PVT LTD,NABH,Tier 1,MUMBAI,,"{""adcityName"": ""Mumbai"", ""cityName"": ""MUMBAI"", ""hospAcc"": ""NABH"", ""hospName"": ""ISHA EYECARE PVT LTD "", ""tierType"": ""Tier 1""}"
2312,Mumbai,Mumbai,27,JAIN MULTI SPECIALITY HOSPITAL,NABH,Tier 1,MUMBAI,,"{""adcityName"": ""Mumbai"", ""cityName"": ""MUMBAI"", ""hospAcc"": ""NABH"", ""hospName"": ""JAIN MULTI SPECIALITY HOSPITAL"", ""tierType"": ""Tier 1""}"
2313,Mumbai,Mumbai,27,Janki Global Multispeciality Hospital,NA,Tier 1,MUMBAI,,"{""adcityName"": ""Mumbai"", ""cityName"": ""MUMBAI"", ""hospAcc"": ""NA"", ""hospName"": ""Janki Global Multispeciality Hospital"", ""tierType"": ""Tier 1""}"
2314,Mumbai,Mumbai,27,Jaypuriya Eye Care Centre,NA,Tier 2,MUMBAI,,"{""adcityName"": ""Mumbai"", ""cityName"": ""MUMBAI"", ""hospAcc"": ""NA"", ""hospName"": ""Jaypuriya Eye Care Centre "", ""tierType"": ""Tier 2""}"
2315,Mumbai,Mumbai,27,JEENA SIKHO LIFECARE LIMITED,NABH,Tier 1,MUMBAI,,"{""adcityName"": ""Mumbai"", ""cityName"": ""MUMBAI"", ""hospAcc"": ""NABH"", ""hospName"": ""JEENA SIKHO LIFECARE LIMITED"", ""tierType"": ""Tier 1""}"
2316,Mumbai,Mumbai,27,JEENA SIKHO LIFECARE LIMITED,NABH,Tier 1,MUMBAI,,"{""adcityName"": ""Mumbai"", ""cityName"": ""MUMBAI"", ""hospAcc"": ""NABH"", ""hospName"": ""JEENA SIKHO LIFECARE LIMITED"", ""tierType"": ""Tier 1""}"
2317,Mumbai,Mumbai,27,JIVAK DENTAL CLINIC,Others,Tier 1,MUMBAI,,"{""adcityName"": ""Mumbai"", ""cityName"": ""MUMBAI"", ""hospAcc"": ""Others"", ""hospName"": ""JIVAK DENTAL CLINIC"", ""tierType"": ""Tier 1""}"
2318,Mumbai,Mumbai,27,Kaizen Super Speciality Hospital,NABH,Tier 1,MUMBAI,,"{""adcityName"": ""Mumbai"", ""cityName"": ""MUMBAI"", ""hospAcc"": ""NABH"", ""hospName"": ""Kaizen Super Speciality Hospital"", ""tierType"": ""Tier 1""}"
2319,Mumbai,Mumbai,27,KENIA DENTAL CLINIC,NA,Tier 1,MUMBAI,,"{""adcityName"": ""Mumbai"", ""cityName"": ""MUMBAI"", ""hospAcc"": ""NA"", ""hospName"": ""KENIA DENTAL CLINIC"", ""tierType"": ""Tier 1""}"
2320,Mumbai,Mumbai,27,KENIA EYE HOSPITAL,NABH,Tier 1,MUMBAI,,"{""adcityName"": ""Mumbai"", ""cityName"": ""MUMBAI"", ""hospAcc"": ""NABH"", ""hospName"": ""KENIA EYE HOSPITAL"", ""tierType"": ""Tier 1""}"
2321,Mumbai,Mumbai,27,KHARGHAR MULTISPECIALITY HOSPITAL,NA,Tier 1,MUMBAI,,"{""adcityName"": ""Mumbai"", ""cityName"": ""MUMBAI"", ""hospAcc"": ""NA"", ""hospName"": ""KHARGHAR MULTISPECIALITY HOSPITAL "", ""tierType"": ""Tier 1""}"
2322,Mumbai,Mumbai,27,K J SOMAIYA HOSPITAL & RESEARCH CENTRE,NA,Tier 1,MUMBAI,,"{""adcityName"": ""Mumbai"", ""cityName"": ""MUMBAI"", ""hospAcc"": ""NA"", ""hospName"": ""K J SOMAIYA HOSPITAL & RESEARCH CENTRE"", ""tierType"": ""Tier 1""}"
2323,Mumbai,Mumbai,27,KRISHNA EYE CENTRE PVT LTD,NA,Tier 1,MUMBAI,,"{""adcityName"": ""Mumbai"", ""cityName"": ""MUMBAI"", ""hospAcc"": ""NA"", ""hospName"": ""KRISHNA EYE CENTRE PVT LTD "", ""tierType"": ""Tier 1""}"
2324,Mumbai,Mumbai,27,LAXMI EYE CLINIC (LAXMI OPHTHALMIC SERVICES PVT.LT,Others,Tier 1,MUMBAI,,"{""adcityName"": ""Mumbai"", ""cityName"": ""MUMBAI"", ""hospAcc"": ""Others"", ""hospName"": ""LAXMI EYE CLINIC (LAXMI OPHTHALMIC SERVICES PVT.LT"", ""tierType"": ""Tier 1""}"
2325,Mumbai,Mumbai,27,Lifeline Dental Clinic,NA,Tier 1,MUMBAI,,"{""adcityName"": ""Mumbai"", ""cityName"": ""MUMBAI"", ""hospAcc"": ""NA"", ""hospName"": ""Lifeline Dental Clinic"", ""tierType"": ""Tier 1""}"
2326,Mumbai,Mumbai,27,LIFE LINE HOSPITAL,NABH,Tier 1,MUMBAI,,"{""adcityName"": ""Mumbai"", ""cityName"": ""MUMBAI"", ""hospAcc"": ""NABH"", ""hospName"": ""LIFE LINE HOSPITAL "", ""tierType"": ""Tier 1""}"
2327,Mumbai,Mumbai,27,Lotus Dental Care,NA,Tier 1,MUMBAI,,"{""adcityName"": ""Mumbai"", ""cityName"": ""MUMBAI"", ""hospAcc"": ""NA"", ""hospName"": ""Lotus Dental Care"", ""tierType"": ""Tier 1""}"
2328,Mumbai,Mumbai,27,LOTUS DENTAL CARE AND IMPLANT CENTRE,NA,Tier 1,MUMBAI,,"{""adcityName"": ""Mumbai"", ""cityName"": ""MUMBAI"", ""hospAcc"": ""NA"", ""hospName"": ""LOTUS DENTAL CARE AND IMPLANT CENTRE"", ""tierType"": ""Tier 1""}"
2329,Mumbai,Mumbai,27,MAA NURSING HOME AND NETRAJYOTI EYECARE CENTRE,NABH,Tier 1,MUMBAI,,"{""adcityName"": ""Mumbai"", ""cityName"": ""MUMBAI"", ""hospAcc"": ""NABH"", ""hospName"": ""MAA NURSING HOME AND NETRAJYOTI EYECARE CENTRE"", ""tierType"": ""Tier 1""}"
2330,Mumbai,Mumbai,27,MAA SARASWATI HOSPITAL AND DIALYSIS CENTRE,NABH,Tier 2,MUMBAI,,"{""adcityName"": ""Mumbai"", ""cityName"": ""MUMBAI"", ""hospAcc"": ""NABH"", ""hospName"": ""MAA SARASWATI HOSPITAL AND DIALYSIS CENTRE"", ""tierType"": ""Tier 2""}"
2331,Mumbai,Mumbai,27,MAHATME HEALTH AND HAPPINESS HOSPITAL,NA,Tier 1,MUMBAI,,"{""adcityName"": ""Mumbai"", ""cityName"": ""MUMBAI"", ""hospAcc"": ""NA"", ""hospName"": ""MAHATME HEALTH AND HAPPINESS HOSPITAL"", ""tierType"": ""Tier 1""}"
2332,Mumbai,Mumbai,27,mallika hospital,NA,Tier 1,MUMBAI,,"{""adcityName"": ""Mumbai"", ""cityName"": ""MUMBAI"", ""hospAcc"": ""NA"", ""hospName"": ""mallika hospital"", ""tierType"": ""Tier 1""}"
2333,Mumbai,Mumbai,27,MAXILIFE HOSPITAL NEURO CRITICARE AND RESEARCH CENTER,NA,Tier 1,MUMBAI,,"{""adcityName"": ""Mumbai"", ""cityName"": ""MUMBAI"", ""hospAcc"": ""NA"", ""hospName"": ""MAXILIFE HOSPITAL NEURO CRITICARE AND RESEARCH CENTER"", ""tierType"": ""Tier 1""}"
2334,Mumbai,Mumbai,27,MAYURESH HOSPITAL,NABH,Tier 1,MUMBAI,,"{""adcityName"": ""Mumbai"", ""cityName"": ""MUMBAI"", ""hospAcc"": ""NABH"", ""hospName"": ""MAYURESH HOSPITAL"", ""tierType"": ""Tier 1""}"
2335,Mumbai,Mumbai,27,MEDINOVA SUPERSPECIALITY HOSPITAL,NABH,Tier 2,NASHIK,,"{""adcityName"": ""Mumbai"", ""cityName"": ""NASHIK"", ""hospAcc"": ""NABH"", ""hospName"": ""MEDINOVA SUPERSPECIALITY HOSPITAL"", ""tierType"": ""Tier 2""}"
2336,Mumbai,Mumbai,27,meesha healthcare and research pvt ltd,Non NABL,Tier 1,MUMBAI,,"{""adcityName"": ""Mumbai"", ""cityName"": ""MUMBAI"", ""hospAcc"": ""Non NABL"", ""hospName"": ""meesha healthcare and research pvt ltd"", ""tierType"": ""Tier 1""}"
2337,Mumbai,Mumbai,27,METROPOLIS HEALTHCARE LIMITED.,NABL,Tier 1,MUMBAI,,"{""adcityName"": ""Mumbai"", ""cityName"": ""MUMBAI"", ""hospAcc"": ""NABL"", ""hospName"": ""METROPOLIS HEALTHCARE LIMITED."", ""tierType"": ""Tier 1""}"
2338,Mumbai,Mumbai,27,Metropolis Healthcare Ltd,NABL,Tier 2,NASHIK,,"{""adcityName"": ""Mumbai"", ""cityName"": ""NASHIK"", ""hospAcc"": ""NABL"", ""hospName"": ""Metropolis Healthcare Ltd"", ""tierType"": ""Tier 2""}"
2339,Mumbai,Mumbai,27,Metropolis Healthcare Ltd,Non NABL,Tier 2,GOA,,"{""adcityName"": ""Mumbai"", ""cityName"": ""GOA"", ""hospAcc"": ""Non NABL"", ""hospName"": ""Metropolis Healthcare Ltd"", ""tierType"": ""Tier 2""}"
2340,Mumbai,Mumbai,27,MGM HOSPITAL & RESEARCH CENTRE,NABH,Tier 1,MUMBAI,,"{""adcityName"": ""Mumbai"", ""cityName"": ""MUMBAI"", ""hospAcc"": ""NABH"", ""hospName"": ""MGM HOSPITAL & RESEARCH CENTRE"", ""tierType"": ""Tier 1""}"
2341,Mumbai,Mumbai,27,MGM NEW BOMBAY HOSPITAL VASHI,JCI,Tier 1,MUMBAI,,"{""adcityName"": ""Mumbai"", ""cityName"": ""MUMBAI"", ""hospAcc"": ""JCI"", ""hospName"": ""MGM NEW BOMBAY HOSPITAL VASHI"", ""tierType"": ""Tier 1""}"
2342,Mumbai,Mumbai,27,MICRO CARE DIAGNOSTIC AND HEALTH CENTRE,Non NABL,Tier 1,MUMBAI,,"{""adcityName"": ""Mumbai"", ""cityName"": ""MUMBAI"", ""hospAcc"": ""Non NABL"", ""hospName"": ""MICRO CARE DIAGNOSTIC AND HEALTH CENTRE"", ""tierType"": ""Tier 1""}"
2343,Mumbai,Mumbai,27,MICRO CARE DIAGNOSTIC AND HEALTH CENTRE HOSPITAL,NA,Tier 1,MUMBAI,,"{""adcityName"": ""Mumbai"", ""cityName"": ""MUMBAI"", ""hospAcc"": ""NA"", ""hospName"": ""MICRO CARE DIAGNOSTIC AND  HEALTH CENTRE HOSPITAL "", ""tierType"": ""Tier 1""}"
2344,Mumbai,Mumbai,27,MICRO CARE DIAGNOSTIC & HEALTH CENTRE,NA,Tier 1,MUMBAI,,"{""adcityName"": ""Mumbai"", ""cityName"": ""MUMBAI"", ""hospAcc"": ""NA"", ""hospName"": ""MICRO CARE DIAGNOSTIC & HEALTH CENTRE"", ""tierType"": ""Tier 1""}"
2345,Mumbai,Mumbai,27,MILLENNIUM SPECIAL LAB PVT LTD,NABL,Tier 1,MUMBAI,,"{""adcityName"": ""Mumbai"", ""cityName"": ""MUMBAI"", ""hospAcc"": ""NABL"", ""hospName"": ""MILLENNIUM SPECIAL LAB PVT LTD"", ""tierType"": ""Tier 1""}"
2346,Mumbai,Mumbai,27,MIRA SUPER SPECIALITY HOSPITAL,Others,Tier 1,MUMBAI,,"{""adcityName"": ""Mumbai"", ""cityName"": ""MUMBAI"", ""hospAcc"": ""Others"", ""hospName"": ""MIRA SUPER SPECIALITY HOSPITAL"", ""tierType"": ""Tier 1""}"
2347,Mumbai,Mumbai,27,MPCT HOSPITAL,NABH,Tier 1,MUMBAI,,"{""adcityName"": ""Mumbai"", ""cityName"": ""MUMBAI"", ""hospAcc"": ""NABH"", ""hospName"": ""MPCT HOSPITAL"", ""tierType"": ""Tier 1""}"
2348,Mumbai,Mumbai,27,MUMBAI EYE CARE CORNEA AND LASIK CENTRE PVT LTD,NA,Tier 1,MUMBAI,,"{""adcityName"": ""Mumbai"", ""cityName"": ""MUMBAI"", ""hospAcc"": ""NA"", ""hospName"": ""MUMBAI EYE CARE CORNEA AND LASIK CENTRE PVT LTD "", ""tierType"": ""Tier 1""}"
2349,Mumbai,Mumbai,27,Nair Super Speciality Eye Hospital,NABH,Tier 2,MUMBAI,,"{""adcityName"": ""Mumbai"", ""cityName"": ""MUMBAI"", ""hospAcc"": ""NABH"", ""hospName"": ""Nair Super Speciality Eye Hospital"", ""tierType"": ""Tier 2""}"
2350,Mumbai,Mumbai,27,NAVKAAR HOSPITALS,NABH,Tier 1,MUMBAI,,"{""adcityName"": ""Mumbai"", ""cityName"": ""MUMBAI"", ""hospAcc"": ""NABH"", ""hospName"": ""NAVKAAR HOSPITALS"", ""tierType"": ""Tier 1""}"
2351,Mumbai,Mumbai,27,NETRA JYOT EYE CARE CENTRE,NABH,Tier 1,MUMBAI,,"{""adcityName"": ""Mumbai"", ""cityName"": ""MUMBAI"", ""hospAcc"": ""NABH"", ""hospName"": ""NETRA JYOT EYE CARE CENTRE "", ""tierType"": ""Tier 1""}"
2352,Mumbai,Mumbai,27,OJAS EYE HOSPITAL,NABH,Tier 1,MUMBAI,,"{""adcityName"": ""Mumbai"", ""cityName"": ""MUMBAI"", ""hospAcc"": ""NABH"", ""hospName"": ""OJAS EYE HOSPITAL"", ""tierType"": ""Tier 1""}"
2353,Mumbai,Mumbai,27,Optilife Multispeciality Hospital,NABH,Tier 1,MUMBAI,,"{""adcityName"": ""Mumbai"", ""cityName"": ""MUMBAI"", ""hospAcc"": ""NABH"", ""hospName"": ""Optilife Multispeciality Hospital"", ""tierType"": ""Tier 1""}"
2354,Mumbai,Mumbai,27,OSCAR MULTISPECIAL HOSPITAL,NABH,Tier 1,MUMBAI,,"{""adcityName"": ""Mumbai"", ""cityName"": ""MUMBAI"", ""hospAcc"": ""NABH"", ""hospName"": ""OSCAR MULTISPECIAL HOSPITAL"", ""tierType"": ""Tier 1""}"
2355,Mumbai,Mumbai,27,oscar superspeciality hospital,NABH,Tier 1,MUMBAI,,"{""adcityName"": ""Mumbai"", ""cityName"": ""MUMBAI"", ""hospAcc"": ""NABH"", ""hospName"": ""oscar superspeciality hospital"", ""tierType"": ""Tier 1""}"
2356,Mumbai,Mumbai,27,PANACEA HOSPITAL,NABH,Tier 1,MUMBAI,,"{""adcityName"": ""Mumbai"", ""cityName"": ""MUMBAI"", ""hospAcc"": ""NABH"", ""hospName"": ""PANACEA HOSPITAL"", ""tierType"": ""Tier 1""}"
2357,Mumbai,Mumbai,27,PAREKH EYE HOSPITAL,NABH,Tier 1,MUMBAI,,"{""adcityName"": ""Mumbai"", ""cityName"": ""MUMBAI"", ""hospAcc"": ""NABH"", ""hospName"": ""PAREKH EYE HOSPITAL"", ""tierType"": ""Tier 1""}"
2358,Mumbai,Mumbai,27,Pathkind Diagnostics Pvt Ltd,NABL,Tier 1,MUMBAI,,"{""adcityName"": ""Mumbai"", ""cityName"": ""MUMBAI"", ""hospAcc"": ""NABL"", ""hospName"": ""Pathkind Diagnostics Pvt Ltd"", ""tierType"": ""Tier 1""}"
2359,Mumbai,Mumbai,27,PINNACLE ORTHOCENTRE LLP,NA,Tier 1,MUMBAI,,"{""adcityName"": ""Mumbai"", ""cityName"": ""MUMBAI"", ""hospAcc"": ""NA"", ""hospName"": ""PINNACLE ORTHOCENTRE LLP"", ""tierType"": ""Tier 1""}"
2360,Mumbai,Mumbai,27,Plus Care Internationals PVT.LTD,NABL,Tier 1,MUMBAI,,"{""adcityName"": ""Mumbai"", ""cityName"": ""MUMBAI"", ""hospAcc"": ""NABL"", ""hospName"": ""Plus Care Internationals PVT.LTD"", ""tierType"": ""Tier 1""}"
2361,Mumbai,Mumbai,27,PLUS CARE IN TERNATIONALS.PVT.LTD,Others,Tier 1,MUMBAI,,"{""adcityName"": ""Mumbai"", ""cityName"": ""MUMBAI"", ""hospAcc"": ""Others"", ""hospName"": ""PLUS CARE IN TERNATIONALS.PVT.LTD"", ""tierType"": ""Tier 1""}"
2362,Mumbai,Mumbai,27,PRACHIN HEALTHCARE MULTISPECIALITY HOSPITAL,NA,Tier 1,MUMBAI,,"{""adcityName"": ""Mumbai"", ""cityName"": ""MUMBAI"", ""hospAcc"": ""NA"", ""hospName"": ""PRACHIN HEALTHCARE MULTISPECIALITY HOSPITAL"", ""tierType"": ""Tier 1""}"
2363,Mumbai,Mumbai,27,PRISM EYE INSTITUTE PRIVATE LIMITED,NABH,Tier 1,MUMBAI,,"{""adcityName"": ""Mumbai"", ""cityName"": ""MUMBAI"", ""hospAcc"": ""NABH"", ""hospName"": ""PRISM EYE INSTITUTE PRIVATE LIMITED"", ""tierType"": ""Tier 1""}"
2364,Mumbai,Mumbai,27,PRIYA DENTAL CLINIC,NA,Tier 1,MUMBAI,,"{""adcityName"": ""Mumbai"", ""cityName"": ""MUMBAI"", ""hospAcc"": ""NA"", ""hospName"": ""PRIYA DENTAL CLINIC"", ""tierType"": ""Tier 1""}"
2365,Mumbai,Mumbai,27,Pulse Dental Clinic,NA,Tier 1,MUMBAI,,"{""adcityName"": ""Mumbai"", ""cityName"": ""MUMBAI"", ""hospAcc"": ""NA"", ""hospName"": ""Pulse Dental Clinic"", ""tierType"": ""Tier 1""}"
2366,Mumbai,Mumbai,27,RADHAKRISHNA NETRALAY AND SUPERSPECIALITY EYE HOSPITAL,NA,Tier 1,MUMBAI,,"{""adcityName"": ""Mumbai"", ""cityName"": ""MUMBAI"", ""hospAcc"": ""NA"", ""hospName"": ""RADHAKRISHNA NETRALAY AND SUPERSPECIALITY EYE HOSPITAL"", ""tierType"": ""Tier 1""}"
2367,Mumbai,Mumbai,27,RAGHU KAMAL HOSPITAL EYE CARE CENTER,NABH,Tier 1,MUMBAI,,"{""adcityName"": ""Mumbai"", ""cityName"": ""MUMBAI"", ""hospAcc"": ""NABH"", ""hospName"": ""RAGHU KAMAL HOSPITAL EYE CARE CENTER"", ""tierType"": ""Tier 1""}"
2368,Mumbai,Mumbai,27,RAMOLE EYEHOSPITAL & DENTAL CLINIC,NA,Tier 2,Nashik,,"{""adcityName"": ""Mumbai"", ""cityName"": ""Nashik"", ""hospAcc"": ""NA"", ""hospName"": ""RAMOLE EYEHOSPITAL & DENTAL CLINIC"", ""tierType"": ""Tier 2""}"
2369,Mumbai,Mumbai,27,RANE HOSPITAL,NA,Tier 1,MUMBAI,,"{""adcityName"": ""Mumbai"", ""cityName"": ""MUMBAI"", ""hospAcc"": ""NA"", ""hospName"": ""RANE HOSPITAL"", ""tierType"": ""Tier 1""}"
2370,Mumbai,Mumbai,27,RIDDHI VINAYAK CRITICAL CARE & CARDIAC CENTRE,NABH,Tier 1,MUMBAI,,"{""adcityName"": ""Mumbai"", ""cityName"": ""MUMBAI"", ""hospAcc"": ""NABH"", ""hospName"": ""RIDDHI VINAYAK CRITICAL CARE & CARDIAC CENTRE"", ""tierType"": ""Tier 1""}"
2371,Mumbai,Mumbai,27,RIDDHI VINAYAK MULTI SPECIALITY HOSPITAL,NABH,Tier 1,MUMBAI,,"{""adcityName"": ""Mumbai"", ""cityName"": ""MUMBAI"", ""hospAcc"": ""NABH"", ""hospName"": ""RIDDHI VINAYAK MULTI SPECIALITY HOSPITAL"", ""tierType"": ""Tier 1""}"
2372,Mumbai,Mumbai,27,R & R EYE CARE HOSPITAL,NABH,Tier 1,MUMBAI,,"{""adcityName"": ""Mumbai"", ""cityName"": ""MUMBAI"", ""hospAcc"": ""NABH"", ""hospName"": ""R & R EYE CARE HOSPITAL"", ""tierType"": ""Tier 1""}"
2373,Mumbai,Mumbai,27,RUSHABH EYE HOSPITAL & LASER CENTRE PVT. LTD,NABH,Tier 1,MUMBAI,,"{""adcityName"": ""Mumbai"", ""cityName"": ""MUMBAI"", ""hospAcc"": ""NABH"", ""hospName"": ""RUSHABH EYE HOSPITAL & LASER CENTRE PVT. LTD"", ""tierType"": ""Tier 1""}"
2374,Mumbai,Mumbai,27,SAARTH NETRALAY,NA,Tier 1,MUMBAI,,"{""adcityName"": ""Mumbai"", ""cityName"": ""MUMBAI"", ""hospAcc"": ""NA"", ""hospName"": ""SAARTH NETRALAY"", ""tierType"": ""Tier 1""}"
2375,Mumbai,Mumbai,27,SAHU EYE HOSPITAL BRANCH OF KAMAL NETRALAYA Pvt.Ltd,NA,Tier 1,MUMBAI,,"{""adcityName"": ""Mumbai"", ""cityName"": ""MUMBAI"", ""hospAcc"": ""NA"", ""hospName"": ""SAHU EYE HOSPITAL BRANCH OF KAMAL NETRALAYA Pvt.Ltd"", ""tierType"": ""Tier 1""}"
2376,Mumbai,Mumbai,27,Sahyadri Super Specialty Hospitals,NABH,Tier 2,NASHIK,,"{""adcityName"": ""Mumbai"", ""cityName"": ""NASHIK"", ""hospAcc"": ""NABH"", ""hospName"": ""Sahyadri Super Specialty Hospitals"", ""tierType"": ""Tier 2""}"
2377,Mumbai,Mumbai,27,SAI CRITICARE HOSPITAL,NABH,Tier 1,MUMBAI,,"{""adcityName"": ""Mumbai"", ""cityName"": ""MUMBAI"", ""hospAcc"": ""NABH"", ""hospName"": ""SAI CRITICARE HOSPITAL "", ""tierType"": ""Tier 1""}"
2378,Mumbai,Mumbai,27,Sai Drishti Hospital,NABH,Tier 1,MUMBAI,,"{""adcityName"": ""Mumbai"", ""cityName"": ""MUMBAI"", ""hospAcc"": ""NABH"", ""hospName"": ""Sai Drishti Hospital"", ""tierType"": ""Tier 1""}"
2379,Mumbai,Mumbai,27,SAI HOSPITAL,NA,Tier 1,MUMBAI,,"{""adcityName"": ""Mumbai"", ""cityName"": ""MUMBAI"", ""hospAcc"": ""NA"", ""hospName"": ""SAI HOSPITAL"", ""tierType"": ""Tier 1""}"
2380,Mumbai,Mumbai,27,SAMARTH NETHRALAYA,NABH,Tier 1,MUMBAI,,"{""adcityName"": ""Mumbai"", ""cityName"": ""MUMBAI"", ""hospAcc"": ""NABH"", ""hospName"": ""SAMARTH NETHRALAYA"", ""tierType"": ""Tier 1""}"
2381,Mumbai,Mumbai,27,SANJEEVANI EYE HOSPITAL & LAZER VISION CENTER,NABH,Tier 1,MUMBAI,,"{""adcityName"": ""Mumbai"", ""cityName"": ""MUMBAI"", ""hospAcc"": ""NABH"", ""hospName"": ""SANJEEVANI EYE HOSPITAL & LAZER VISION CENTER"", ""tierType"": ""Tier 1""}"
2382,Mumbai,Mumbai,27,SARVODAYA EYECARE EXPERTS,QCI,Tier 1,MUMBAI,,"{""adcityName"": ""Mumbai"", ""cityName"": ""MUMBAI"", ""hospAcc"": ""QCI"", ""hospName"": ""SARVODAYA EYECARE EXPERTS"", ""tierType"": ""Tier 1""}"
2383,Mumbai,Mumbai,27,SevenHills Healthcare pvt Ltd,NA,Tier 1,MUMBAI,,"{""adcityName"": ""Mumbai"", ""cityName"": ""MUMBAI"", ""hospAcc"": ""NA"", ""hospName"": ""SevenHills Healthcare pvt Ltd"", ""tierType"": ""Tier 1""}"
2384,Mumbai,Mumbai,27,SEVEN PALMS HOSPITAL,Others,Tier 1,MUMBAI,,"{""adcityName"": ""Mumbai"", ""cityName"": ""MUMBAI"", ""hospAcc"": ""Others"", ""hospName"": ""SEVEN PALMS HOSPITAL"", ""tierType"": ""Tier 1""}"
2385,Mumbai,Mumbai,27,SHAH LIFELINE HOSPITAL & HEART INSTITUTE PVT LTD.,NABH,Tier 1,MUMBAI,,"{""adcityName"": ""Mumbai"", ""cityName"": ""MUMBAI"", ""hospAcc"": ""NABH"", ""hospName"": ""SHAH LIFELINE HOSPITAL & HEART INSTITUTE PVT LTD."", ""tierType"": ""Tier 1""}"
2386,Mumbai,Mumbai,27,Shah Lifeline Multispeciality Hospital LLP,Others,Tier 1,MUMBAI,,"{""adcityName"": ""Mumbai"", ""cityName"": ""MUMBAI"", ""hospAcc"": ""Others"", ""hospName"": ""Shah Lifeline  Multispeciality Hospital LLP "", ""tierType"": ""Tier 1""}"
2387,Mumbai,Mumbai,27,Shanti hospital,Others,Tier 1,MUMBAI,,"{""adcityName"": ""Mumbai"", ""cityName"": ""MUMBAI"", ""hospAcc"": ""Others"", ""hospName"": ""Shanti hospital"", ""tierType"": ""Tier 1""}"
2388,Mumbai,Mumbai,27,SHANTILAL SHANGHVI EYE INSTITUTE,NA,Tier 1,MUMBAI,,"{""adcityName"": ""Mumbai"", ""cityName"": ""MUMBAI"", ""hospAcc"": ""NA"", ""hospName"": ""SHANTILAL SHANGHVI EYE INSTITUTE"", ""tierType"": ""Tier 1""}"
2389,Mumbai,Mumbai,27,SHANTINIKETAN HOSPITAL,NABH,Tier 1,MUMBAI,,"{""adcityName"": ""Mumbai"", ""cityName"": ""MUMBAI"", ""hospAcc"": ""NABH"", ""hospName"": ""SHANTINIKETAN HOSPITAL"", ""tierType"": ""Tier 1""}"
2390,Mumbai,Mumbai,27,SHELAR HOSPITAL AND ICU,NABH,Tier 1,MUMBAI,,"{""adcityName"": ""Mumbai"", ""cityName"": ""MUMBAI"", ""hospAcc"": ""NABH"", ""hospName"": ""SHELAR HOSPITAL AND ICU "", ""tierType"": ""Tier 1""}"
2391,Mumbai,Mumbai,27,Shivam Hospital,NABH,Tier 1,MUMBAI,,"{""adcityName"": ""Mumbai"", ""cityName"": ""MUMBAI"", ""hospAcc"": ""NABH"", ""hospName"": ""Shivam Hospital"", ""tierType"": ""Tier 1""}"
2392,Mumbai,Mumbai,27,SHIVAM HOSPITAL,NABH,Tier 1,MUMBAI,,"{""adcityName"": ""Mumbai"", ""cityName"": ""MUMBAI"", ""hospAcc"": ""NABH"", ""hospName"": ""SHIVAM HOSPITAL"", ""tierType"": ""Tier 1""}"
2393,Mumbai,Mumbai,27,Shree Ramkrishna Netralaya,NABH,Tier 1,MUMBAI,,"{""adcityName"": ""Mumbai"", ""cityName"": ""MUMBAI"", ""hospAcc"": ""NABH"", ""hospName"": ""Shree Ramkrishna Netralaya"", ""tierType"": ""Tier 1""}"
2394,Mumbai,Mumbai,27,Shree Saibaba Heart Institute and Research Center LLP,NABH,Tier 2,Nashik,,"{""adcityName"": ""Mumbai"", ""cityName"": ""Nashik"", ""hospAcc"": ""NABH"", ""hospName"": ""Shree Saibaba Heart Institute and Research Center LLP"", ""tierType"": ""Tier 2""}"
2395,Mumbai,Mumbai,27,SHREE SIDDHIVINAYAK HOSPITAL,NABH,Tier 2,NASHIK,,"{""adcityName"": ""Mumbai"", ""cityName"": ""NASHIK"", ""hospAcc"": ""NABH"", ""hospName"": ""SHREE  SIDDHIVINAYAK HOSPITAL"", ""tierType"": ""Tier 2""}"
2396,Mumbai,Mumbai,27,SHRI BALAJI HOSPITAL - ULHASNAGAR,NABH,Tier 1,MUMBAI,,"{""adcityName"": ""Mumbai"", ""cityName"": ""MUMBAI"", ""hospAcc"": ""NABH"", ""hospName"": ""SHRI BALAJI HOSPITAL - ULHASNAGAR"", ""tierType"": ""Tier 1""}"
2397,Mumbai,Mumbai,27,SHUSHRUSHA HEART CARE CENTRE & SPECIALITY HOSPITAL,Others,Tier 1,MUMBAI,,"{""adcityName"": ""Mumbai"", ""cityName"": ""MUMBAI"", ""hospAcc"": ""Others"", ""hospName"": ""SHUSHRUSHA HEART CARE CENTRE & SPECIALITY HOSPITAL"", ""tierType"": ""Tier 1""}"
2398,Mumbai,Mumbai,27,SIDDHIVINAYANK HOSPITAL,NA,Tier 1,MUMBAI,,"{""adcityName"": ""Mumbai"", ""cityName"": ""MUMBAI"", ""hospAcc"": ""NA"", ""hospName"": ""SIDDHIVINAYANK HOSPITAL"", ""tierType"": ""Tier 1""}"
2399,Mumbai,Mumbai,27,S.L. RAHEJA HOSPITAL OF DIABETIC ASSOCIATION OF INDIA,NABH,Tier 1,MUMBAI,,"{""adcityName"": ""Mumbai"", ""cityName"": ""MUMBAI"", ""hospAcc"": ""NABH"", ""hospName"": ""S.L. RAHEJA HOSPITAL OF DIABETIC ASSOCIATION OF INDIA"", ""tierType"": ""Tier 1""}"
2400,Mumbai,Mumbai,27,SMBT INSTITUTE OF MEDICAL SCIENCES & RESEARCH CENTRE SMBT HOSPITAL,NABH,Tier 2,NASHIK,,"{""adcityName"": ""Mumbai"", ""cityName"": ""NASHIK"", ""hospAcc"": ""NABH"", ""hospName"": ""SMBT INSTITUTE OF MEDICAL SCIENCES & RESEARCH CENTRE SMBT HOSPITAL"", ""tierType"": ""Tier 2""}"
2401,Mumbai,Mumbai,27,SMILECRAFT DENTOFACIAL REHAB CENTRE,NA,Tier 1,MUMBAI,,"{""adcityName"": ""Mumbai"", ""cityName"": ""MUMBAI"", ""hospAcc"": ""NA"", ""hospName"": ""SMILECRAFT DENTOFACIAL REHAB CENTRE"", ""tierType"": ""Tier 1""}"
2402,Mumbai,Mumbai,27,SOHAM HOSPITAL AND MEDICAL FOUNDATION,NABH,Tier 2,NASHIK,,"{""adcityName"": ""Mumbai"", ""cityName"": ""NASHIK"", ""hospAcc"": ""NABH"", ""hospName"": ""SOHAM HOSPITAL AND MEDICAL FOUNDATION"", ""tierType"": ""Tier 2""}"
2403,Mumbai,Mumbai,27,SPARSH HOSPITAL,NABH,Tier 1,MUMBAI,,"{""adcityName"": ""Mumbai"", ""cityName"": ""MUMBAI"", ""hospAcc"": ""NABH"", ""hospName"": ""SPARSH HOSPITAL"", ""tierType"": ""Tier 1""}"
2404,Mumbai,Mumbai,27,SPF Hira Mongi Navneet Hospital,NABH,Tier 1,MUMBAI,,"{""adcityName"": ""Mumbai"", ""cityName"": ""MUMBAI"", ""hospAcc"": ""NABH"", ""hospName"": ""SPF Hira Mongi Navneet Hospital"", ""tierType"": ""Tier 1""}"
2405,Mumbai,Mumbai,27,SRV C HOSPITAL LLP,NABH,Tier 1,MUMBAI,,"{""adcityName"": ""Mumbai"", ""cityName"": ""MUMBAI"", ""hospAcc"": ""NABH"", ""hospName"": ""SRV C HOSPITAL LLP"", ""tierType"": ""Tier 1""}"
2406,Mumbai,Mumbai,27,SRV MAMATA HOSPITAL,NABH,Tier 1,MUMBAI,,"{""adcityName"": ""Mumbai"", ""cityName"": ""MUMBAI"", ""hospAcc"": ""NABH"", ""hospName"": ""SRV MAMATA HOSPITAL"", ""tierType"": ""Tier 1""}"
2407,Mumbai,Mumbai,27,S S Vaidya Health Care Pvt Ltd,NA,Tier 1,MUMBAI,,"{""adcityName"": ""Mumbai"", ""cityName"": ""MUMBAI"", ""hospAcc"": ""NA"", ""hospName"": ""S S Vaidya Health Care Pvt Ltd"", ""tierType"": ""Tier 1""}"
2408,Mumbai,Mumbai,27,Suburban Diagnostics India pvt ltd,NABL,Tier 1,MUMBAI,,"{""adcityName"": ""Mumbai"", ""cityName"": ""MUMBAI"", ""hospAcc"": ""NABL"", ""hospName"": ""Suburban Diagnostics India pvt ltd"", ""tierType"": ""Tier 1""}"
2409,Mumbai,Mumbai,27,Sujata birla hospital & medical research centre nashik road,NABH,Tier 2,NASHIK,,"{""adcityName"": ""Mumbai"", ""cityName"": ""NASHIK"", ""hospAcc"": ""NABH"", ""hospName"": ""Sujata birla hospital & medical research centre nashik road"", ""tierType"": ""Tier 2""}"
2410,Mumbai,Mumbai,27,SULOCHAN EYE HOSPITAL,NA,Tier 1,MUMBAI,,"{""adcityName"": ""Mumbai"", ""cityName"": ""MUMBAI"", ""hospAcc"": ""NA"", ""hospName"": ""SULOCHAN EYE HOSPITAL"", ""tierType"": ""Tier 1""}"
2411,Mumbai,Mumbai,27,SURANA HOSPITAL AND RESEARCH CENTRE,NA,Tier 1,MUMBAI,,"{""adcityName"": ""Mumbai"", ""cityName"": ""MUMBAI"", ""hospAcc"": ""NA"", ""hospName"": ""SURANA HOSPITAL AND RESEARCH CENTRE "", ""tierType"": ""Tier 1""}"
2412,Mumbai,Mumbai,27,Surana Sethia Hospital and Research Centre,NABH,Tier 1,MUMBAI,,"{""adcityName"": ""Mumbai"", ""cityName"": ""MUMBAI"", ""hospAcc"": ""NABH"", ""hospName"": ""Surana Sethia Hospital and Research Centre"", ""tierType"": ""Tier 1""}"
2413,Mumbai,Mumbai,27,SUREKHA CRITICARE HOSPITAL,NABH,Tier 1,MUMBAI,,"{""adcityName"": ""Mumbai"", ""cityName"": ""MUMBAI"", ""hospAcc"": ""NABH"", ""hospName"": ""SUREKHA CRITICARE HOSPITAL"", ""tierType"": ""Tier 1""}"
2414,Mumbai,Mumbai,27,SURYA EYE INSTITUTE AND RESEARCH CENTRE PVT LTD,NABH,Tier 1,MUMBAI,,"{""adcityName"": ""Mumbai"", ""cityName"": ""MUMBAI"", ""hospAcc"": ""NABH"", ""hospName"": ""SURYA EYE INSTITUTE AND RESEARCH CENTRE PVT LTD"", ""tierType"": ""Tier 1""}"
2415,Mumbai,Mumbai,27,SWAMI SARVANAND HOSPITAL,NABH,Tier 1,MUMBAI,,"{""adcityName"": ""Mumbai"", ""cityName"": ""MUMBAI"", ""hospAcc"": ""NABH"", ""hospName"": ""SWAMI SARVANAND HOSPITAL "", ""tierType"": ""Tier 1""}"
2416,Mumbai,Mumbai,27,SWARAASHI NETRALAYA,NABH,Tier 1,MUMBAI,,"{""adcityName"": ""Mumbai"", ""cityName"": ""MUMBAI"", ""hospAcc"": ""NABH"", ""hospName"": ""SWARAASHI NETRALAYA"", ""tierType"": ""Tier 1""}"
2417,Mumbai,Mumbai,27,Swaraashi Netralaya Thane,NA,Tier 1,MUMBAI,,"{""adcityName"": ""Mumbai"", ""cityName"": ""MUMBAI"", ""hospAcc"": ""NA"", ""hospName"": ""Swaraashi Netralaya Thane"", ""tierType"": ""Tier 1""}"
2418,Mumbai,Mumbai,27,Swasthyalife Diagnostics Health Services LLP,Non NABL,Tier 2,NASHIK,,"{""adcityName"": ""Mumbai"", ""cityName"": ""NASHIK"", ""hospAcc"": ""Non NABL"", ""hospName"": ""Swasthyalife Diagnostics Health Services LLP"", ""tierType"": ""Tier 2""}"
2419,Mumbai,Mumbai,27,SWRAASHI NETRALAYA,NABH,Tier 1,MUMBAI,,"{""adcityName"": ""Mumbai"", ""cityName"": ""MUMBAI"", ""hospAcc"": ""NABH"", ""hospName"": ""SWRAASHI NETRALAYA"", ""tierType"": ""Tier 1""}"
2420,Mumbai,Mumbai,27,Tata Memorial Hospital,-NA-,Tier 1,MUMBAI,,"{""adcityName"": ""Mumbai"", ""cityName"": ""MUMBAI"", ""hospAcc"": ""-NA-"", ""hospName"": ""Tata Memorial Hospital"", ""tierType"": ""Tier 1""}"
2421,Mumbai,Mumbai,27,TERNA SPECIALITY HOSPITAL & RESEARCH CENTRE,NA,Tier 1,MUMBAI,,"{""adcityName"": ""Mumbai"", ""cityName"": ""MUMBAI"", ""hospAcc"": ""NA"", ""hospName"": ""TERNA SPECIALITY HOSPITAL & RESEARCH CENTRE"", ""tierType"": ""Tier 1""}"
2422,Mumbai,Mumbai,27,THE ELEMENTS OF FACIAL AESTETICS,NA,Tier 1,MUMBAI,,"{""adcityName"": ""Mumbai"", ""cityName"": ""MUMBAI"", ""hospAcc"": ""NA"", ""hospName"": ""THE ELEMENTS OF FACIAL AESTETICS"", ""tierType"": ""Tier 1""}"
2423,Mumbai,Mumbai,27,The Smile Savers,NA,Tier 1,MUMBAI,,"{""adcityName"": ""Mumbai"", ""cityName"": ""MUMBAI"", ""hospAcc"": ""NA"", ""hospName"": ""The Smile Savers"", ""tierType"": ""Tier 1""}"
2424,Mumbai,Mumbai,27,THE VISSION EYE CENTER,NA,Tier 1,MUMBAI,,"{""adcityName"": ""Mumbai"", ""cityName"": ""MUMBAI"", ""hospAcc"": ""NA"", ""hospName"": ""THE VISSION EYE CENTER"", ""tierType"": ""Tier 1""}"
2425,Mumbai,Mumbai,27,Thyrocare Technolgies Limited,Others,Tier 1,MUMBAI,,"{""adcityName"": ""Mumbai"", ""cityName"": ""MUMBAI"", ""hospAcc"": ""Others"", ""hospName"": ""Thyrocare Technolgies Limited"", ""tierType"": ""Tier 1""}"
2426,Mumbai,Mumbai,27,THYROCARE TECHNOLOGIES LTD,NABL,Tier 1,MUMBAI,,"{""adcityName"": ""Mumbai"", ""cityName"": ""MUMBAI"", ""hospAcc"": ""NABL"", ""hospName"": ""THYROCARE TECHNOLOGIES LTD"", ""tierType"": ""Tier 1""}"
2427,Mumbai,Mumbai,27,Trivision Eye Hospital,NABH,Tier 1,MUMBAI,,"{""adcityName"": ""Mumbai"", ""cityName"": ""MUMBAI"", ""hospAcc"": ""NABH"", ""hospName"": ""Trivision Eye Hospital"", ""tierType"": ""Tier 1""}"
2428,Mumbai,Mumbai,27,URMI EYE CLINIC AND PHACO CENTRE,NABH,Tier 1,MUMBAI,,"{""adcityName"": ""Mumbai"", ""cityName"": ""MUMBAI"", ""hospAcc"": ""NABH"", ""hospName"": ""URMI EYE CLINIC AND PHACO CENTRE"", ""tierType"": ""Tier 1""}"
2429,Mumbai,Mumbai,27,VAIBHAV MULTISPECIALITY HOSPITAL,NABH,Tier 1,MUMBAI,,"{""adcityName"": ""Mumbai"", ""cityName"": ""MUMBAI"", ""hospAcc"": ""NABH"", ""hospName"": ""VAIBHAV MULTISPECIALITY HOSPITAL"", ""tierType"": ""Tier 1""}"
2430,Mumbai,Mumbai,27,VIN R EYE CARE AND LASER CENTRE,NABH,Tier 1,MUMBAI,,"{""adcityName"": ""Mumbai"", ""cityName"": ""MUMBAI"", ""hospAcc"": ""NABH"", ""hospName"": ""VIN R EYE CARE AND LASER CENTRE"", ""tierType"": ""Tier 1""}"
2431,Mumbai,Mumbai,27,WAVIKAR EYE INSTITUTE,NABH,Tier 1,MUMBAI,,"{""adcityName"": ""Mumbai"", ""cityName"": ""MUMBAI"", ""hospAcc"": ""NABH"", ""hospName"": ""WAVIKAR EYE INSTITUTE"", ""tierType"": ""Tier 1""}"
2432,Mumbai,Mumbai,27,WOCKHARDT HOSPITAL,NABH,Tier 1,MUMBAI,,"{""adcityName"": ""Mumbai"", ""cityName"": ""MUMBAI"", ""hospAcc"": ""NABH"", ""hospName"": ""WOCKHARDT HOSPITAL"", ""tierType"": ""Tier 1""}"
2433,Mumbai,Mumbai,27,Wockhardt Hospitals Limited,NABH,Tier 1,MUMBAI,,"{""adcityName"": ""Mumbai"", ""cityName"": ""MUMBAI"", ""hospAcc"": ""NABH"", ""hospName"": ""Wockhardt Hospitals Limited"", ""tierType"": ""Tier 1""}"
2434,Nagpur,Nagpur,28,ADVANCE DENTAL HOSPITAL,QCI,Tier 2,Nagpur,,"{""adcityName"": ""Nagpur"", ""cityName"": ""Nagpur"", ""hospAcc"": ""QCI"", ""hospName"": ""ADVANCE DENTAL HOSPITAL"", ""tierType"": ""Tier 2""}"
2435,Nagpur,Nagpur,28,ADVANCED IMAGING POINT,NABL,Tier 2,Nagpur,,"{""adcityName"": ""Nagpur"", ""cityName"": ""Nagpur"", ""hospAcc"": ""NABL"", ""hospName"": ""ADVANCED IMAGING POINT"", ""tierType"": ""Tier 2""}"
2436,Nagpur,Nagpur,28,AKSHAR EYE HOSPITAL and DENTAL CLINIC,QCI,Tier 2,Nagpur,,"{""adcityName"": ""Nagpur"", ""cityName"": ""Nagpur"", ""hospAcc"": ""QCI"", ""hospName"": ""AKSHAR EYE HOSPITAL and DENTAL CLINIC"", ""tierType"": ""Tier 2""}"
2437,Nagpur,Nagpur,28,Alexis Multi Speciality Hospital Pvt Ltd,NABH,Tier 2,Nagpur,,"{""adcityName"": ""Nagpur"", ""cityName"": ""Nagpur"", ""hospAcc"": ""NABH"", ""hospName"": ""Alexis Multi Speciality Hospital Pvt Ltd"", ""tierType"": ""Tier 2 ""}"
2438,Nagpur,Nagpur,28,AMBADE EYE HOSPITAL,NABH,Tier 2,Nagpur,,"{""adcityName"": ""Nagpur"", ""cityName"": ""Nagpur"", ""hospAcc"": ""NABH"", ""hospName"": ""AMBADE EYE HOSPITAL"", ""tierType"": ""Tier 2""}"
2439,Nagpur,Nagpur,28,AMERICAN ONCOLOGY INSTITUTE AT NANGIA SPECIALTY HOSPITAL UNIT OF CANCER TREATMENT SERVICE HYDERABAD,NABH,Tier 2,Nagpur,,"{""adcityName"": ""Nagpur"", ""cityName"": ""Nagpur"", ""hospAcc"": ""NABH"", ""hospName"": ""AMERICAN ONCOLOGY INSTITUTE AT NANGIA SPECIALTY HOSPITAL UNIT OF CANCER TREATMENT SERVICE HYDERABAD"", ""tierType"": ""Tier 2 ""}"
2440,Nagpur,Nagpur,28,Anantwar Eye Hospital,QCI,Tier 2,Nagpur,,"{""adcityName"": ""Nagpur"", ""cityName"": ""Nagpur"", ""hospAcc"": ""QCI"", ""hospName"": ""Anantwar Eye Hospital"", ""tierType"": ""Tier 2""}"
2441,Nagpur,Nagpur,28,Anjani Eye Hospital,QCI,Tier 2,Nagpur,,"{""adcityName"": ""Nagpur"", ""cityName"": ""Nagpur"", ""hospAcc"": ""QCI"", ""hospName"": ""Anjani Eye Hospital"", ""tierType"": ""Tier 2""}"
2442,Nagpur,Nagpur,28,APULKI VAIRAGADE HOSPITAL,NABH,Tier 2,Nagpur,,"{""adcityName"": ""Nagpur"", ""cityName"": ""Nagpur"", ""hospAcc"": ""NABH"", ""hospName"": ""APULKI VAIRAGADE HOSPITAL"", ""tierType"": ""Tier 2""}"
2443,Nagpur,Nagpur,28,Arihant Multispeciality Hospital,NABH,Tier 2,Nagpur,,"{""adcityName"": ""Nagpur"", ""cityName"": ""Nagpur"", ""hospAcc"": ""NABH"", ""hospName"": ""Arihant Multispeciality Hospital "", ""tierType"": ""Tier 2 ""}"
2444,Nagpur,Nagpur,28,ARNEJA INSTITUTE OF CARDIALOGY PVT LTD,NABH,Tier 2,Nagpur,,"{""adcityName"": ""Nagpur"", ""cityName"": ""Nagpur"", ""hospAcc"": ""NABH"", ""hospName"": ""ARNEJA INSTITUTE OF CARDIALOGY PVT LTD"", ""tierType"": ""Tier 2""}"
2445,Nagpur,Nagpur,28,AROGYAM SUPERSPECIALITY HOSPITAL,NABH,Tier 2,Nagpur,,"{""adcityName"": ""Nagpur"", ""cityName"": ""Nagpur"", ""hospAcc"": ""NABH"", ""hospName"": ""AROGYAM SUPERSPECIALITY HOSPITAL"", ""tierType"": ""Tier 2""}"
2446,Nagpur,Nagpur,28,ASG Hospital Pvt Ltd,QCI,Tier 2,Raipur,,"{""adcityName"": ""Nagpur"", ""cityName"": ""Raipur"", ""hospAcc"": ""QCI"", ""hospName"": ""ASG Hospital Pvt Ltd"", ""tierType"": ""Tier 2 ""}"
2447,Nagpur,Nagpur,28,Asha Hospital,NABH,Tier 2,Nagpur,,"{""adcityName"": ""Nagpur"", ""cityName"": ""Nagpur"", ""hospAcc"": ""NABH"", ""hospName"": ""Asha Hospital"", ""tierType"": ""Tier 2 ""}"
2448,Nagpur,Nagpur,28,Ashwini Kidney and Dialysis Centre Pvt Lrd,QCI,Tier 2,Nagpur,,"{""adcityName"": ""Nagpur"", ""cityName"": ""Nagpur"", ""hospAcc"": ""QCI"", ""hospName"": ""Ashwini Kidney and Dialysis Centre Pvt Lrd"", ""tierType"": ""Tier 2 ""}"
2449,Nagpur,Nagpur,28,AVANTI INSTITUTE OF CARDIOLOGY PVT LTD,NABH,Tier 2,Nagpur,,"{""adcityName"": ""Nagpur"", ""cityName"": ""Nagpur"", ""hospAcc"": ""NABH"", ""hospName"": ""AVANTI INSTITUTE OF CARDIOLOGY PVT LTD"", ""tierType"": ""Tier 2""}"
2450,Nagpur,Nagpur,28,Banthia Hospital,QCI,Tier 2,Raipur,,"{""adcityName"": ""Nagpur"", ""cityName"": ""Raipur"", ""hospAcc"": ""QCI"", ""hospName"": ""Banthia Hospital"", ""tierType"": ""Tier 2 ""}"
2451,Nagpur,Nagpur,28,Bhede Multispeciality Dental Clinic,QCI,Tier 2,Nagpur,,"{""adcityName"": ""Nagpur"", ""cityName"": ""Nagpur"", ""hospAcc"": ""QCI"", ""hospName"": ""Bhede Multispeciality Dental Clinic"", ""tierType"": ""Tier 2""}"
2452,Nagpur,Nagpur,28,BHIMSERIA EYE AND MATERNITY CENTREE,NABH,Tier 2,Raipur,,"{""adcityName"": ""Nagpur"", ""cityName"": ""Raipur"", ""hospAcc"": ""NABH"", ""hospName"": ""BHIMSERIA EYE AND MATERNITY CENTREE "", ""tierType"": ""Tier 2 ""}"
2453,Nagpur,Nagpur,28,CARDION HOSPITAL,QCI,Tier 2,Nagpur,,"{""adcityName"": ""Nagpur"", ""cityName"": ""Nagpur"", ""hospAcc"": ""QCI"", ""hospName"": ""CARDION HOSPITAL"", ""tierType"": ""Tier 2 ""}"
2454,Nagpur,Nagpur,28,CENTER POINT HOSPITAL MEDICAL and RESEARCH INSTITUTE PVT LTD,NABH,Tier 2,Nagpur,,"{""adcityName"": ""Nagpur"", ""cityName"": ""Nagpur"", ""hospAcc"": ""NABH"", ""hospName"": ""CENTER POINT HOSPITAL MEDICAL and RESEARCH INSTITUTE PVT LTD"", ""tierType"": ""Tier 2""}"
2455,Nagpur,Nagpur,28,CHOUDHARY HOSPITAL,QCI,Tier 2,Nagpur,,"{""adcityName"": ""Nagpur"", ""cityName"": ""Nagpur"", ""hospAcc"": ""QCI"", ""hospName"": ""CHOUDHARY HOSPITAL"", ""tierType"": ""Tier 2""}"
2456,Nagpur,Nagpur,28,COLUMBIA HOSPITAL and RESEARCH CENTRE,NABH,Tier 2,Nagpur,,"{""adcityName"": ""Nagpur"", ""cityName"": ""Nagpur"", ""hospAcc"": ""NABH"", ""hospName"": ""COLUMBIA HOSPITAL and RESEARCH CENTRE"", ""tierType"": ""Tier 2""}"
2457,Nagpur,Nagpur,28,CRESCENT HOSPITAL and HEART CENTRE,NABH,Tier 2,Nagpur,,"{""adcityName"": ""Nagpur"", ""cityName"": ""Nagpur"", ""hospAcc"": ""NABH"", ""hospName"": ""CRESCENT HOSPITAL and HEART CENTRE"", ""tierType"": ""Tier 2""}"
2458,Nagpur,Nagpur,28,CRITICARE HOSPITAL and RESEARCH INSTITUTE,NABH,Tier 2,Nagpur,,"{""adcityName"": ""Nagpur"", ""cityName"": ""Nagpur"", ""hospAcc"": ""NABH"", ""hospName"": ""CRITICARE HOSPITAL and RESEARCH INSTITUTE"", ""tierType"": ""Tier 2""}"
2459,Nagpur,Nagpur,28,CURE IT HOSPITAL PVT LTD,QCI,Tier 2,Nagpur,,"{""adcityName"": ""Nagpur"", ""cityName"": ""Nagpur"", ""hospAcc"": ""QCI"", ""hospName"": ""CURE IT HOSPITAL PVT LTD"", ""tierType"": ""Tier 2""}"
2460,Nagpur,Nagpur,28,DASHPUTRA HOSPITAL and EYE CARE,QCI,Tier 2,Nagpur,,"{""adcityName"": ""Nagpur"", ""cityName"": ""Nagpur"", ""hospAcc"": ""QCI"", ""hospName"": ""DASHPUTRA HOSPITAL and EYE CARE"", ""tierType"": ""Tier 2""}"
2461,Nagpur,Nagpur,28,DHANDE DIAGNOSTIC CENTRE,QCI,Tier 2,Nagpur,,"{""adcityName"": ""Nagpur"", ""cityName"": ""Nagpur"", ""hospAcc"": ""QCI"", ""hospName"": ""DHANDE DIAGNOSTIC CENTRE"", ""tierType"": ""Tier 2""}"
2462,Nagpur,Nagpur,28,DHRUV PATHOLOGY AND MOLECULAR DIAGNOSTIC CENTRE,NABL,Tier 2,Nagpur,,"{""adcityName"": ""Nagpur"", ""cityName"": ""Nagpur"", ""hospAcc"": ""NABL "", ""hospName"": ""DHRUV PATHOLOGY AND MOLECULAR DIAGNOSTIC CENTRE"", ""tierType"": ""Tier 2""}"
2463,Nagpur,Nagpur,28,Dr Asrani Dental Clinic,QCI,Tier 2,Nagpur,,"{""adcityName"": ""Nagpur"", ""cityName"": ""Nagpur"", ""hospAcc"": ""QCI"", ""hospName"": ""Dr Asrani Dental Clinic"", ""tierType"": ""Tier 2 ""}"
2464,Nagpur,Nagpur,28,DR DUPARE DENTAL CLINIC,QCI,Tier 2,Nagpur,,"{""adcityName"": ""Nagpur"", ""cityName"": ""Nagpur"", ""hospAcc"": ""QCI"", ""hospName"": ""DR DUPARE DENTAL CLINIC"", ""tierType"": ""Tier 2""}"
2465,Nagpur,Nagpur,28,DRISHTI EYE CLINIC and SQUINT CENTRE,QCI,Tier 2,Nagpur,,"{""adcityName"": ""Nagpur"", ""cityName"": ""Nagpur"", ""hospAcc"": ""QCI"", ""hospName"": ""DRISHTI EYE CLINIC and SQUINT CENTRE"", ""tierType"": ""Tier 2""}"
2466,Nagpur,Nagpur,28,DR K G DESHPANDE MEMORIAL CENTRE - NAGPUR,QCI,Tier 2,Nagpur,,"{""adcityName"": ""Nagpur"", ""cityName"": ""Nagpur"", ""hospAcc"": ""QCI"", ""hospName"": ""DR K G DESHPANDE MEMORIAL CENTRE - NAGPUR"", ""tierType"": ""Tier 2""}"
2467,Nagpur,Nagpur,28,DR K G DESHPANDE MEMORIAL EYE HOSPITAL and RETINA VITREOUS SURGERY CENTRE,QCI,Tier 2,Nagpur,,"{""adcityName"": ""Nagpur"", ""cityName"": ""Nagpur"", ""hospAcc"": ""QCI"", ""hospName"": ""DR K G DESHPANDE MEMORIAL EYE HOSPITAL and RETINA VITREOUS SURGERY CENTRE"", ""tierType"": ""Tier 2""}"
2468,Nagpur,Nagpur,28,ELIXIR METROCITY HOSPITAL & CRITICAL CARE CENTRE,NABH,Tier 2,Nagpur,,"{""adcityName"": ""Nagpur"", ""cityName"": ""Nagpur"", ""hospAcc"": ""NABH"", ""hospName"": ""ELIXIR METROCITY HOSPITAL & CRITICAL CARE CENTRE"", ""tierType"": ""Tier 2""}"
2469,Nagpur,Nagpur,28,EVISTA EYE CARE CENTER,NABH,Tier 2,Nagpur,,"{""adcityName"": ""Nagpur"", ""cityName"": ""Nagpur"", ""hospAcc"": ""NABH"", ""hospName"": ""EVISTA EYE CARE CENTER"", ""tierType"": ""Tier 2""}"
2470,Nagpur,Nagpur,28,GANGA CARE HOSPITAL LTD NAGPUR,NABH,Tier 2,Nagpur,,"{""adcityName"": ""Nagpur"", ""cityName"": ""Nagpur"", ""hospAcc"": ""NABH"", ""hospName"": ""GANGA CARE HOSPITAL LTD  NAGPUR"", ""tierType"": ""Tier 2""}"
2471,Nagpur,Nagpur,28,Grace Orthocare and Multispeciality Hospital,QCI,Tier 2,Nagpur,,"{""adcityName"": ""Nagpur"", ""cityName"": ""Nagpur"", ""hospAcc"": ""QCI"", ""hospName"": ""Grace Orthocare and Multispeciality Hospital"", ""tierType"": ""Tier 2 ""}"
2472,Nagpur,Nagpur,28,G T PADOLE HOSPITAL,QCI,Tier 2,Nagpur,,"{""adcityName"": ""Nagpur"", ""cityName"": ""Nagpur"", ""hospAcc"": ""QCI"", ""hospName"": ""G T PADOLE HOSPITAL"", ""tierType"": ""Tier 2""}"
2473,Nagpur,Nagpur,28,HCG NCHRI CANCER CENTRE,NABH,Tier 2,Nagpur,,"{""adcityName"": ""Nagpur"", ""cityName"": ""Nagpur"", ""hospAcc"": ""NABH"", ""hospName"": ""HCG NCHRI CANCER CENTRE"", ""tierType"": ""Tier 2""}"
2474,Nagpur,Nagpur,28,HOPE HOSPITAL - NAGPUR,NABH,Tier 2,Nagpur,,"{""adcityName"": ""Nagpur"", ""cityName"": ""Nagpur"", ""hospAcc"": ""NABH"", ""hospName"": ""HOPE HOSPITAL - NAGPUR"", ""tierType"": ""Tier 2""}"
2475,Nagpur,Nagpur,28,Icon Hospital,QCI,Tier 2,Nagpur,,"{""adcityName"": ""Nagpur"", ""cityName"": ""Nagpur"", ""hospAcc"": ""QCI"", ""hospName"": ""Icon Hospital"", ""tierType"": ""Tier 2""}"
2476,Nagpur,Nagpur,28,INDRIYA EYE & ENT HOSPITAL,QCI,Tier 2,Nagpur,,"{""adcityName"": ""Nagpur"", ""cityName"": ""Nagpur"", ""hospAcc"": ""QCI"", ""hospName"": ""INDRIYA EYE & ENT HOSPITAL"", ""tierType"": ""Tier 2 ""}"
2477,Nagpur,Nagpur,28,JAIN MULTISPECIALITY DENTAL CLINIC,NABH,Tier 2,Raipur,,"{""adcityName"": ""Nagpur"", ""cityName"": ""Raipur"", ""hospAcc"": ""NABH"", ""hospName"": ""JAIN MULTISPECIALITY DENTAL CLINIC "", ""tierType"": ""Tier 2 ""}"
2478,Nagpur,Nagpur,28,Janta Maternity Home And Hospital,QCI,Tier 2,Nagpur,,"{""adcityName"": ""Nagpur"", ""cityName"": ""Nagpur"", ""hospAcc"": ""QCI "", ""hospName"": ""Janta Maternity Home And Hospital"", ""tierType"": ""Tier 2""}"
2479,Nagpur,Nagpur,28,JASLEEN EYE HOSPITAL PVT LTD,QCI,Tier 2,Nagpur,,"{""adcityName"": ""Nagpur"", ""cityName"": ""Nagpur"", ""hospAcc"": ""QCI"", ""hospName"": ""JASLEEN EYE HOSPITAL PVT LTD"", ""tierType"": ""Tier 2""}"
2480,Nagpur,Nagpur,28,KAYANDE MULTISPECIALITY DENTAL CLINIC,QCI,Tier 2,Nagpur,,"{""adcityName"": ""Nagpur"", ""cityName"": ""Nagpur"", ""hospAcc"": ""QCI"", ""hospName"": ""KAYANDE MULTISPECIALITY DENTAL CLINIC"", ""tierType"": ""Tier 2 ""}"
2481,Nagpur,Nagpur,28,KESHAV HOSPITAL,QCI,Tier 2,Nagpur,,"{""adcityName"": ""Nagpur"", ""cityName"": ""Nagpur"", ""hospAcc"": ""QCI"", ""hospName"": ""KESHAV HOSPITAL"", ""tierType"": ""Tier 2""}"
2482,Nagpur,Nagpur,28,KHARE DENTAL AND IMPLANT CENTER,NABH,Tier 2,Nagpur,,"{""adcityName"": ""Nagpur"", ""cityName"": ""Nagpur"", ""hospAcc"": ""NABH"", ""hospName"": ""KHARE DENTAL AND IMPLANT CENTER"", ""tierType"": ""Tier 2""}"
2483,Nagpur,Nagpur,28,KIMS KINGSWAY HOSPITALS,NABH,Tier 2,Nagpur,,"{""adcityName"": ""Nagpur"", ""cityName"": ""Nagpur"", ""hospAcc"": ""NABH"", ""hospName"": ""KIMS KINGSWAY HOSPITALS"", ""tierType"": ""Tier 2 ""}"
2484,Nagpur,Nagpur,28,KOLARKAR DENTAL CLINIC,QCI,Tier 2,Nagpur,,"{""adcityName"": ""Nagpur"", ""cityName"": ""Nagpur"", ""hospAcc"": ""QCI"", ""hospName"": ""KOLARKAR DENTAL CLINIC"", ""tierType"": ""Tier 2""}"
2485,Nagpur,Nagpur,28,KRIMS HOSPITAL,QCI,Tier 2,Nagpur,,"{""adcityName"": ""Nagpur"", ""cityName"": ""Nagpur"", ""hospAcc"": ""QCI"", ""hospName"": ""KRIMS HOSPITAL"", ""tierType"": ""Tier 2""}"
2486,Nagpur,Nagpur,28,Kunal Hospital,NABH,Tier 2,Nagpur,,"{""adcityName"": ""Nagpur"", ""cityName"": ""Nagpur"", ""hospAcc"": ""NABH"", ""hospName"": ""Kunal Hospital"", ""tierType"": ""Tier 2""}"
2487,Nagpur,Nagpur,28,LATA MANGESHKAR HOSPITAL,QCI,Tier 2,Nagpur,,"{""adcityName"": ""Nagpur"", ""cityName"": ""Nagpur"", ""hospAcc"": ""QCI"", ""hospName"": ""LATA MANGESHKAR HOSPITAL"", ""tierType"": ""Tier 2 ""}"
2488,Nagpur,Nagpur,28,LATA MANGESHKAR HOSPITAL,QCI,Tier 2,Nagpur,,"{""adcityName"": ""Nagpur"", ""cityName"": ""Nagpur"", ""hospAcc"": ""QCI"", ""hospName"": ""LATA MANGESHKAR HOSPITAL"", ""tierType"": ""Tier 2""}"
2489,Nagpur,Nagpur,28,LOTUS HOSPITAL AND RESEARCH CENTRE,NABH,Tier 2,Nagpur,,"{""adcityName"": ""Nagpur"", ""cityName"": ""Nagpur"", ""hospAcc"": ""NABH"", ""hospName"": ""LOTUS HOSPITAL AND RESEARCH CENTRE"", ""tierType"": ""Tier 2""}"
2490,Nagpur,Nagpur,28,MADHAV NETRALAYA,NABH,Tier 2,Nagpur,,"{""adcityName"": ""Nagpur"", ""cityName"": ""Nagpur"", ""hospAcc"": ""NABH"", ""hospName"": ""MADHAV NETRALAYA"", ""tierType"": ""Tier 2 ""}"
2491,Nagpur,Nagpur,28,MAHATME HOSPITALS PVT LTD,QCI,Tier 2,Nagpur,,"{""adcityName"": ""Nagpur"", ""cityName"": ""Nagpur"", ""hospAcc"": ""QCI"", ""hospName"": ""MAHATME HOSPITALS PVT LTD"", ""tierType"": ""Tier 2""}"
2492,Nagpur,Nagpur,28,MALIK DENTAL CLINIC AND IMPLANT CENTRE,NABH,Tier 2,Raipur,,"{""adcityName"": ""Nagpur"", ""cityName"": ""Raipur"", ""hospAcc"": ""NABH"", ""hospName"": ""MALIK DENTAL CLINIC AND IMPLANT CENTRE"", ""tierType"": ""Tier 2 ""}"
2493,Nagpur,Nagpur,28,MANWATKAR MULTISPECIALITY HOSPITAL,NABH,Tier 3,Chandrapur,,"{""adcityName"": ""Nagpur"", ""cityName"": ""Chandrapur"", ""hospAcc"": ""NABH"", ""hospName"": ""MANWATKAR MULTISPECIALITY HOSPITAL"", ""tierType"": ""Tier 3""}"
2494,Nagpur,Nagpur,28,Medicare the multispecialty hospital,NABH,Tier 2,Nagpur,,"{""adcityName"": ""Nagpur"", ""cityName"": ""Nagpur"", ""hospAcc"": ""NABH"", ""hospName"": ""Medicare the multispecialty hospital"", ""tierType"": ""Tier 2""}"
2495,Nagpur,Nagpur,28,MEDITRINA INSTITUTE OF MEDICAL SCIENCES,QCI,Tier 2,Nagpur,,"{""adcityName"": ""Nagpur"", ""cityName"": ""Nagpur"", ""hospAcc"": ""QCI"", ""hospName"": ""MEDITRINA INSTITUTE OF MEDICAL SCIENCES"", ""tierType"": ""Tier 2""}"
2496,Nagpur,Nagpur,28,METROSCAN ADVANCED DIAGNOSTIC CENTRE,NABH,Tier 2,Nagpur,,"{""adcityName"": ""Nagpur"", ""cityName"": ""Nagpur"", ""hospAcc"": ""NABH"", ""hospName"": ""METROSCAN ADVANCED DIAGNOSTIC CENTRE"", ""tierType"": ""Tier 2""}"
2497,Nagpur,Nagpur,28,MIDAS MULTISPECIALITY HOSPITAL PVTLTD,QCI,Tier 2,Nagpur,,"{""adcityName"": ""Nagpur"", ""cityName"": ""Nagpur"", ""hospAcc"": ""QCI"", ""hospName"": ""MIDAS MULTISPECIALITY HOSPITAL PVTLTD"", ""tierType"": ""Tier 2""}"
2498,Nagpur,Nagpur,28,MMR HOSPITAL Unit of Matruchhaya Medicare & Research Pvt. Ltd.,QCI,Tier 2,Raipur,,"{""adcityName"": ""Nagpur"", ""cityName"": ""Raipur"", ""hospAcc"": ""QCI"", ""hospName"": ""MMR HOSPITAL Unit of Matruchhaya Medicare & Research Pvt. Ltd."", ""tierType"": ""Tier 2 ""}"
2499,Nagpur,Nagpur,28,MULTISPECIALITY DENTAL CLINIC,NABH,Tier 2,Nagpur,,"{""adcityName"": ""Nagpur"", ""cityName"": ""Nagpur"", ""hospAcc"": ""NABH"", ""hospName"": ""MULTISPECIALITY DENTAL CLINIC"", ""tierType"": ""Tier 2""}"
2500,Nagpur,Nagpur,28,NATIONAL CANCER INSTITUTE,QCI,Tier 2,Nagpur,,"{""adcityName"": ""Nagpur"", ""cityName"": ""Nagpur"", ""hospAcc"": ""QCI"", ""hospName"": ""NATIONAL CANCER INSTITUTE"", ""tierType"": ""Tier 2""}"
2501,Nagpur,Nagpur,28,Nelson Mother & child Care Hospital,NABH,Tier 2,Nagpur,,"{""adcityName"": ""Nagpur"", ""cityName"": ""Nagpur"", ""hospAcc"": ""NABH"", ""hospName"": ""Nelson Mother & child Care Hospital"", ""tierType"": ""Tier 2 ""}"
2502,Nagpur,Nagpur,28,NETRAM EYE HOSPITAL,QCI,Tier 2,Nagpur,,"{""adcityName"": ""Nagpur"", ""cityName"": ""Nagpur"", ""hospAcc"": ""QCI"", ""hospName"": ""NETRAM EYE HOSPITAL"", ""tierType"": ""Tier 2""}"
2503,Nagpur,Nagpur,28,Neuberg Supratech Inspire Diagnostics LLP,QCI,Tier 2,Raipur,,"{""adcityName"": ""Nagpur"", ""cityName"": ""Raipur"", ""hospAcc"": ""QCI"", ""hospName"": ""Neuberg Supratech Inspire Diagnostics LLP"", ""tierType"": ""Tier 2 ""}"
2504,Nagpur,Nagpur,28,NEW ERA HOSPITAL,NABH,Tier 2,Nagpur,,"{""adcityName"": ""Nagpur"", ""cityName"": ""Nagpur"", ""hospAcc"": ""NABH"", ""hospName"": ""NEW ERA HOSPITAL"", ""tierType"": ""Tier 2""}"
2505,Nagpur,Nagpur,28,NEW ERA HOSPITAL & RESEARCH INSTITUTE,NABH,Tier 2,Nagpur,,"{""adcityName"": ""Nagpur"", ""cityName"": ""Nagpur"", ""hospAcc"": ""NABH"", ""hospName"": ""NEW ERA HOSPITAL & RESEARCH INSTITUTE"", ""tierType"": ""Tier 2 ""}"
2506,Nagpur,Nagpur,28,NEWERA MOTHER AND CHILD HOSPITAL,QCI,Tier 2,Nagpur,,"{""adcityName"": ""Nagpur"", ""cityName"": ""Nagpur"", ""hospAcc"": ""QCI"", ""hospName"": ""NEWERA MOTHER AND CHILD HOSPITAL"", ""tierType"": ""Tier 2 ""}"
2507,Nagpur,Nagpur,28,NIYAKSHI HOSPITAL,QCI,Tier 2,Nagpur,,"{""adcityName"": ""Nagpur"", ""cityName"": ""Nagpur"", ""hospAcc"": ""QCI"", ""hospName"": ""NIYAKSHI HOSPITAL"", ""tierType"": ""Tier 2""}"
2508,Nagpur,Nagpur,28,OKE EYE HOSPITAL,NABH,Tier 2,Nagpur,,"{""adcityName"": ""Nagpur"", ""cityName"": ""Nagpur"", ""hospAcc"": ""NABH"", ""hospName"": ""OKE EYE HOSPITAL"", ""tierType"": ""Tier 2""}"
2509,Nagpur,Nagpur,28,OM NETRA KENDRA AND LASER VISION,QCI,Tier 2,Raipur,,"{""adcityName"": ""Nagpur"", ""cityName"": ""Raipur"", ""hospAcc"": ""QCI"", ""hospName"": ""OM NETRA KENDRA AND LASER VISION"", ""tierType"": ""Tier 2 ""}"
2510,Nagpur,Nagpur,28,Orange City Hospital & Research Institute,NABH,Tier 2,Nagpur,,"{""adcityName"": ""Nagpur"", ""cityName"": ""Nagpur"", ""hospAcc"": ""NABH"", ""hospName"": ""Orange City Hospital & Research Institute"", ""tierType"": ""Tier 2 ""}"
2511,Nagpur,Nagpur,28,ORTHO RELIEF HOSPITAL and RESEARCH CENTRE,NABH,Tier 2,Nagpur,,"{""adcityName"": ""Nagpur"", ""cityName"": ""Nagpur"", ""hospAcc"": ""NABH"", ""hospName"": ""ORTHO RELIEF HOSPITAL and RESEARCH CENTRE"", ""tierType"": ""Tier 2""}"
2512,Nagpur,Nagpur,28,PANORAMA MRI CENTRE A UNIT OF MEDICO RESEARCH I,QCI,Tier 2,Nagpur,,"{""adcityName"": ""Nagpur"", ""cityName"": "" Nagpur"", ""hospAcc"": ""QCI "", ""hospName"": ""PANORAMA MRI CENTRE A UNIT OF MEDICO RESEARCH I"", ""tierType"": ""Tier 2""}"
2513,Nagpur,Nagpur,28,PLATINA HEART HOSPITAL,NABH,Tier 2,Nagpur,,"{""adcityName"": ""Nagpur"", ""cityName"": ""Nagpur"", ""hospAcc"": ""NABH"", ""hospName"": ""PLATINA HEART HOSPITAL"", ""tierType"": ""Tier 2""}"
2514,Nagpur,Nagpur,28,Prism Clinic,QCI,Tier 2,Nagpur,,"{""adcityName"": ""Nagpur"", ""cityName"": ""Nagpur"", ""hospAcc"": ""QCI"", ""hospName"": ""Prism Clinic"", ""tierType"": ""Tier 2""}"
2515,Nagpur,Nagpur,28,Radiance Hospital Pvt.Ltd,NABH,Tier 2,Nagpur,,"{""adcityName"": ""Nagpur"", ""cityName"": ""Nagpur"", ""hospAcc"": ""NABH"", ""hospName"": ""Radiance Hospital Pvt.Ltd"", ""tierType"": ""Tier 2 ""}"
2516,Nagpur,Nagpur,28,Rahate surgical hospital,QCI,Tier 2,Nagpur,,"{""adcityName"": ""Nagpur"", ""cityName"": ""Nagpur"", ""hospAcc"": ""QCI"", ""hospName"": ""Rahate surgical hospital "", ""tierType"": ""Tier 2 ""}"
2517,Nagpur,Nagpur,28,RAINBOW MEDINOVA DIAGNOSTIC SERVICES,NABH,Tier 2,Nagpur,,"{""adcityName"": ""Nagpur"", ""cityName"": ""Nagpur"", ""hospAcc"": ""NABH"", ""hospName"": ""RAINBOW MEDINOVA DIAGNOSTIC SERVICES"", ""tierType"": ""Tier 2""}"
2518,Nagpur,Nagpur,28,Ramkrishna CARE Medical Sciences Pvt Ltd,NABH,Tier 2,Raipur,,"{""adcityName"": ""Nagpur"", ""cityName"": ""Raipur"", ""hospAcc"": ""NABH"", ""hospName"": ""Ramkrishna CARE Medical Sciences Pvt Ltd"", ""tierType"": ""Tier 2 ""}"
2519,Nagpur,Nagpur,28,Rashtriya Sant Tukdoji Maharaj Cancer Hospital and Research Centre,QCI,Tier 2,Nagpur,,"{""adcityName"": ""Nagpur"", ""cityName"": ""Nagpur"", ""hospAcc"": ""QCI"", ""hospName"": ""Rashtriya Sant Tukdoji Maharaj Cancer Hospital and Research Centre"", ""tierType"": ""Tier 2""}"
2520,Nagpur,Nagpur,28,RETINA CARE HOSPITAL,NABH,Tier 2,Nagpur,,"{""adcityName"": ""Nagpur"", ""cityName"": ""Nagpur"", ""hospAcc"": ""NABH"", ""hospName"": ""RETINA CARE HOSPITAL"", ""tierType"": ""Tier 2""}"
2521,Nagpur,Nagpur,28,RNH Hospital Pvt Ltd,NABH,Tier 2,Nagpur,,"{""adcityName"": ""Nagpur"", ""cityName"": ""Nagpur"", ""hospAcc"": ""NABH"", ""hospName"": ""RNH Hospital Pvt Ltd"", ""tierType"": ""Tier 2 ""}"
2522,Nagpur,Nagpur,28,Roots Dental Clinic,QCI,Tier 2,Nagpur,,"{""adcityName"": ""Nagpur"", ""cityName"": ""Nagpur"", ""hospAcc"": ""QCI"", ""hospName"": ""Roots Dental Clinic"", ""tierType"": ""Tier 2 ""}"
2523,Nagpur,Nagpur,28,Samarpan Hospital & Research Institute,QCI,Tier 2,Nagpur,,"{""adcityName"": ""Nagpur"", ""cityName"": ""Nagpur"", ""hospAcc"": ""QCI"", ""hospName"": ""Samarpan Hospital & Research Institute"", ""tierType"": ""Tier 2 ""}"
2524,Nagpur,Nagpur,28,SANJEEVANI CBCC USA CANCER HOSPITAL,NABH,Tier 2,Raipur,,"{""adcityName"": ""Nagpur"", ""cityName"": ""Raipur"", ""hospAcc"": ""NABH"", ""hospName"": ""SANJEEVANI CBCC USA CANCER HOSPITAL"", ""tierType"": ""Tier 2 ""}"
2525,Nagpur,Nagpur,28,SARAKSHI NETRALAYA,NABH,Tier 2,Nagpur,,"{""adcityName"": ""Nagpur"", ""cityName"": ""Nagpur"", ""hospAcc"": ""NABH"", ""hospName"": ""SARAKSHI  NETRALAYA"", ""tierType"": ""Tier 2""}"
2526,Nagpur,Nagpur,28,SARAKSHI NETRALAYA,NABH,Tier 2,Nagpur,,"{""adcityName"": ""Nagpur"", ""cityName"": ""Nagpur"", ""hospAcc"": ""NABH"", ""hospName"": ""SARAKSHI NETRALAYA"", ""tierType"": ""Tier 2""}"
2527,Nagpur,Nagpur,28,SAWALI ORTHO HOSPITAL,QCI,Tier 2,Nagpur,,"{""adcityName"": ""Nagpur"", ""cityName"": ""Nagpur"", ""hospAcc"": ""QCI"", ""hospName"": ""SAWALI ORTHO HOSPITAL"", ""tierType"": ""Tier 2 ""}"
2528,Nagpur,Nagpur,28,Seven Star Hospital,NABH,Tier 2,Nagpur,,"{""adcityName"": ""Nagpur"", ""cityName"": ""Nagpur"", ""hospAcc"": ""NABH"", ""hospName"": ""Seven Star Hospital"", ""tierType"": ""Tier 2""}"
2529,Nagpur,Nagpur,28,SHAT AYU CRITICAL CARE POLYTRAUMA CENTRE and MULTISPECIALITY HOSPITAL,NABH,Tier 2,Nagpur,,"{""adcityName"": ""Nagpur"", ""cityName"": ""Nagpur"", ""hospAcc"": ""NABH"", ""hospName"": ""SHAT AYU CRITICAL CARE POLYTRAUMA CENTRE and MULTISPECIALITY HOSPITAL"", ""tierType"": ""Tier 2""}"
2530,Nagpur,Nagpur,28,SHREE NARAYANA HOSPITAL,NABH,Tier 2,Raipur,,"{""adcityName"": ""Nagpur"", ""cityName"": ""Raipur"", ""hospAcc"": ""NABH"", ""hospName"": ""SHREE NARAYANA HOSPITAL"", ""tierType"": ""Tier 2 ""}"
2531,Nagpur,Nagpur,28,SHREE RETINA CARE,NABH,Tier 2,Raipur,,"{""adcityName"": ""Nagpur"", ""cityName"": ""Raipur"", ""hospAcc"": ""NABH"", ""hospName"": ""SHREE RETINA CARE"", ""tierType"": ""Tier 2 ""}"
2532,Nagpur,Nagpur,28,Shree Sai Eye Hospital,NABH,Tier 2,Nagpur,,"{""adcityName"": ""Nagpur"", ""cityName"": ""Nagpur"", ""hospAcc"": ""NABH"", ""hospName"": ""Shree Sai Eye Hospital"", ""tierType"": ""Tier 2""}"
2533,Nagpur,Nagpur,28,Shri Balaji Institute Of Medical Science,NABH,Tier 2,Raipur,,"{""adcityName"": ""Nagpur"", ""cityName"": ""Raipur"", ""hospAcc"": ""NABH"", ""hospName"": ""Shri Balaji Institute Of Medical Science"", ""tierType"": ""Tier 2 ""}"
2534,Nagpur,Nagpur,28,Shri Bhavani Multispeciality Hospital and Research Institute Nagpur,QCI,Tier 2,Nagpur,,"{""adcityName"": ""Nagpur"", ""cityName"": ""Nagpur"", ""hospAcc"": ""QCI"", ""hospName"": ""Shri Bhavani Multispeciality Hospital  and Research Institute   Nagpur"", ""tierType"": ""Tier 2""}"
2535,Nagpur,Nagpur,28,shri ganesh vinayak eye hospital,NABH,Tier 2,Raipur,,"{""adcityName"": ""Nagpur"", ""cityName"": ""Raipur"", ""hospAcc"": ""NABH"", ""hospName"": ""shri ganesh vinayak eye hospital"", ""tierType"": ""Tier 2 ""}"
2536,Nagpur,Nagpur,28,SHRI KRISHNA HRUDAYALAYA and CRITICAL CARE CENTRE,NABH,Tier 2,Nagpur,,"{""adcityName"": ""Nagpur"", ""cityName"": ""Nagpur"", ""hospAcc"": ""NABH"", ""hospName"": ""SHRI KRISHNA HRUDAYALAYA and CRITICAL CARE CENTRE"", ""tierType"": ""Tier 2""}"
2537,Nagpur,Nagpur,28,Shri Radhakrishna Hospital & Research Institiute,NABH,Tier 2,Nagpur,,"{""adcityName"": ""Nagpur"", ""cityName"": ""Nagpur"", ""hospAcc"": ""NABH"", ""hospName"": ""Shri Radhakrishna Hospital & Research Institiute"", ""tierType"": ""Tier 2 ""}"
2538,Nagpur,Nagpur,28,Shri Radhakrishna Hospital & Research Institute,NABH,Tier 2,Nagpur,,"{""adcityName"": ""Nagpur"", ""cityName"": ""Nagpur"", ""hospAcc"": ""NABH"", ""hospName"": ""Shri Radhakrishna Hospital & Research Institute"", ""tierType"": ""Tier 2 ""}"
2539,Nagpur,Nagpur,28,SHRI SAI NETRALAYA,QCI,Tier 2,Nagpur,,"{""adcityName"": ""Nagpur"", ""cityName"": ""Nagpur"", ""hospAcc"": ""QCI"", ""hospName"": ""SHRI SAI NETRALAYA"", ""tierType"": ""Tier 2""}"
2540,Nagpur,Nagpur,28,SMC HEART INSTITUTE AND IVF RESEARCH CENTRE,QCI,Tier 2,Raipur,,"{""adcityName"": ""Nagpur"", ""cityName"": ""Raipur"", ""hospAcc"": ""QCI"", ""hospName"": ""SMC HEART INSTITUTE AND IVF RESEARCH CENTRE"", ""tierType"": ""Tier 2 ""}"
2541,Nagpur,Nagpur,28,SMILE N GLAMOUR MULTISPECIALITY DENTAL CLINIC,NABH,Tier 2,Nagpur,,"{""adcityName"": ""Nagpur"", ""cityName"": ""Nagpur"", ""hospAcc"": ""NABH"", ""hospName"": ""SMILE N GLAMOUR MULTISPECIALITY DENTAL CLINIC"", ""tierType"": ""Tier 2""}"
2542,Nagpur,Nagpur,28,S M VISHWAKARMA MEMORIAL EYE HOSPITAL,NABH,Tier 2,Nagpur,,"{""adcityName"": ""Nagpur"", ""cityName"": ""Nagpur"", ""hospAcc"": ""NABH"", ""hospName"": ""S M VISHWAKARMA MEMORIAL EYE HOSPITAL"", ""tierType"": ""Tier 2""}"
2543,Nagpur,Nagpur,28,SOOD EYE HOSPITAL,QCI,Tier 2,Nagpur,,"{""adcityName"": ""Nagpur"", ""cityName"": ""Nagpur"", ""hospAcc"": ""QCI"", ""hospName"": ""SOOD EYE HOSPITAL"", ""tierType"": ""Tier 2""}"
2544,Nagpur,Nagpur,28,Spandan Heart Institute,NABH,Tier 2,Nagpur,,"{""adcityName"": ""Nagpur"", ""cityName"": ""Nagpur"", ""hospAcc"": ""NABH"", ""hospName"": ""Spandan Heart Institute"", ""tierType"": ""Tier 2""}"
2545,Nagpur,Nagpur,28,SS MULTISPECIALTY HOSPITAL,QCI,Tier 2,Nagpur,,"{""adcityName"": ""Nagpur"", ""cityName"": ""Nagpur"", ""hospAcc"": ""QCI"", ""hospName"": ""SS MULTISPECIALTY HOSPITAL"", ""tierType"": ""Tier 2 ""}"
2546,Nagpur,Nagpur,28,Suraj Eye Institute,QCI,Tier 2,Nagpur,,"{""adcityName"": ""Nagpur"", ""cityName"": ""Nagpur"", ""hospAcc"": ""QCI"", ""hospName"": ""Suraj Eye Institute"", ""tierType"": ""Tier 2""}"
2547,Nagpur,Nagpur,28,SURETECH HOSPITAL And RESEARCH CENTRE LTD,NABH,Tier 2,Nagpur,,"{""adcityName"": ""Nagpur"", ""cityName"": ""Nagpur"", ""hospAcc"": ""NABH"", ""hospName"": ""SURETECH HOSPITAL And RESEARCH CENTRE LTD"", ""tierType"": ""Tier 2""}"
2548,Nagpur,Nagpur,28,SUSHRUT INSTITUTE OF MEDICAL SCIENCES I PVT LTD,NABH,Tier 2,Nagpur,,"{""adcityName"": ""Nagpur"", ""cityName"": ""Nagpur"", ""hospAcc"": ""NABH"", ""hospName"": ""SUSHRUT INSTITUTE OF MEDICAL SCIENCES I PVT LTD"", ""tierType"": ""Tier 2""}"
2549,Nagpur,Nagpur,28,Suyash Institute of Medical Science Pvt Ltd,NABH,Tier 2,Raipur,,"{""adcityName"": ""Nagpur"", ""cityName"": ""Raipur"", ""hospAcc"": ""NABH"", ""hospName"": ""Suyash Institute of Medical Science Pvt Ltd"", ""tierType"": ""Tier 2 ""}"
2550,Nagpur,Nagpur,28,URMILA MEMORIAL HOSPITAL,QCI,Tier 2,Raipur,,"{""adcityName"": ""Nagpur"", ""cityName"": ""Raipur"", ""hospAcc"": ""QCI"", ""hospName"": ""URMILA MEMORIAL HOSPITAL"", ""tierType"": ""Tier 2 ""}"
2551,Nagpur,Nagpur,28,VEDANTA MEDICAL RESEARCH FOUNDATION BALCO MEDICAL CENTRE,NABH,Tier 2,Raipur,,"{""adcityName"": ""Nagpur"", ""cityName"": ""Raipur"", ""hospAcc"": ""NABH"", ""hospName"": ""VEDANTA MEDICAL RESEARCH FOUNDATION BALCO MEDICAL CENTRE"", ""tierType"": ""Tier 2 ""}"
2552,Nagpur,Nagpur,28,VIDARBHA DIAGNOSTICS PRIVATE LIMITED,NABL,Tier 2,Nagpur,,"{""adcityName"": ""Nagpur"", ""cityName"": ""Nagpur"", ""hospAcc"": ""NABL"", ""hospName"": ""VIDARBHA DIAGNOSTICS PRIVATE LIMITED"", ""tierType"": ""Tier 2""}"
2553,Nagpur,Nagpur,28,VIDARBHA INSTITUTE OF MEDICAL SCIENCES VIMS NAGPUR,NABH,Tier 2,Nagpur,,"{""adcityName"": ""Nagpur"", ""cityName"": ""Nagpur"", ""hospAcc"": ""NABH"", ""hospName"": ""VIDARBHA INSTITUTE OF MEDICAL SCIENCES VIMS  NAGPUR"", ""tierType"": ""Tier 2""}"
2554,Nagpur,Nagpur,28,Viveka Super Speciality Hospital & Research centre pvt ltd,QCI,Tier 2,Nagpur,,"{""adcityName"": ""Nagpur"", ""cityName"": ""Nagpur"", ""hospAcc"": ""QCI"", ""hospName"": ""Viveka Super Speciality Hospital & Research centre pvt ltd"", ""tierType"": ""Tier 2 ""}"
2555,Nagpur,Nagpur,28,WE CARE SUPERSPECIALITY HOSPITAL,NABH,Tier 2,Raipur,,"{""adcityName"": ""Nagpur"", ""cityName"": ""Raipur"", ""hospAcc"": ""NABH"", ""hospName"": ""WE CARE SUPERSPECIALITY HOSPITAL"", ""tierType"": ""Tier 2 ""}"
2556,Nagpur,Nagpur,28,Wockhardt Hospitals,NABH,Tier 2,Nagpur,,"{""adcityName"": ""Nagpur"", ""cityName"": ""Nagpur"", ""hospAcc"": ""NABH"", ""hospName"": ""Wockhardt Hospitals"", ""tierType"": ""Tier 2""}"
2557,Nagpur,Nagpur,28,ZENITH HOSPITAL,NABH,Tier 2,Nagpur,,"{""adcityName"": ""Nagpur"", ""cityName"": ""Nagpur"", ""hospAcc"": ""NABH"", ""hospName"": ""ZENITH HOSPITAL"", ""tierType"": ""Tier 2""}"
2558,Patna,Patna,29,AASTHA LOK HOSPITAL PVT LTD,QCI Recommended,Tier 2,Patna,,"{""adcityName"": ""Patna"", ""cityName"": ""Patna"", ""hospAcc"": ""             QCI  Recommended"", ""hospName"": ""AASTHA LOK HOSPITAL PVT LTD"", ""tierType"": ""Tier 2""}"
2559,Patna,Patna,29,A B EYE INSTITUTE,NON NABH,Tier 2,Patna,,"{""adcityName"": ""Patna"", ""cityName"": ""Patna"", ""hospAcc"": ""NON NABH"", ""hospName"": ""A B EYE INSTITUTE"", ""tierType"": ""Tier 2""}"
2560,Patna,Patna,29,ASG Hospital Private Limited,QCI Recommended,Tier 3,Darbhanga,,"{""adcityName"": ""Patna"", ""cityName"": ""Darbhanga"", ""hospAcc"": ""             QCI  Recommended"", ""hospName"": ""ASG Hospital Private Limited"", ""tierType"": ""Tier 3""}"
2561,Patna,Patna,29,ASG Hospital Pvt Ltd,QCI Recommended,Tier 2,Patna,,"{""adcityName"": ""Patna"", ""cityName"": ""Patna"", ""hospAcc"": ""             QCI  Recommended"", ""hospName"": ""ASG Hospital Pvt Ltd"", ""tierType"": ""Tier 2""}"
2562,Patna,Patna,29,ASHISH JOINT REPLACEMENT CARE PVT. LTD..,NABH,Tier 2,Patna,,"{""adcityName"": ""Patna"", ""cityName"": ""Patna"", ""hospAcc"": ""NABH"", ""hospName"": ""ASHISH JOINT REPLACEMENT CARE PVT. LTD.."", ""tierType"": ""Tier 2""}"
2563,Patna,Patna,29,ASIA Hospital A Unit of Emedinova Marketing Pvt Ltd,QCI Recommended,Tier 2,Patna,,"{""adcityName"": ""Patna"", ""cityName"": ""Patna"", ""hospAcc"": ""             QCI  Recommended"", ""hospName"": ""ASIA Hospital A Unit of Emedinova Marketing Pvt Ltd"", ""tierType"": ""Tier 2""}"
2564,Patna,Patna,29,Asian City Hospital,NABH,Tier 2,Patna,,"{""adcityName"": ""Patna"", ""cityName"": ""Patna"", ""hospAcc"": ""NABH"", ""hospName"": ""Asian City Hospital"", ""tierType"": ""Tier 2""}"
2565,Patna,Patna,29,Banka Eye Hospital and Dental Care Centre,QCI Recommended,Tier 2,Patna,,"{""adcityName"": ""Patna"", ""cityName"": ""Patna"", ""hospAcc"": ""             QCI  Recommended"", ""hospName"": ""Banka Eye Hospital and Dental Care Centre"", ""tierType"": ""Tier 2""}"
2566,Patna,Patna,29,BIG APOLLO SPECTRA HOSPITALS,NABH,Tier 2,Patna,,"{""adcityName"": ""Patna"", ""cityName"": ""Patna"", ""hospAcc"": ""NABH"", ""hospName"": ""BIG APOLLO SPECTRA HOSPITALS"", ""tierType"": ""Tier 2""}"
2567,Patna,Patna,29,Bright Sight Eye Hospital,QCI Recommended,Tier 2,Patna,,"{""adcityName"": ""Patna"", ""cityName"": ""Patna"", ""hospAcc"": ""             QCI  Recommended"", ""hospName"": ""Bright Sight Eye Hospital"", ""tierType"": ""Tier 2""}"
2568,Patna,Patna,29,B. S. L. EYE CARE,QCI Recommended,Tier 2,Patna,,"{""adcityName"": ""Patna"", ""cityName"": ""Patna"", ""hospAcc"": ""             QCI  Recommended"", ""hospName"": ""B. S. L. EYE CARE"", ""tierType"": ""Tier 2""}"
2569,Patna,Patna,29,BUDDHA CANCER CENTRE PVT LTD,QCI Recommended,Tier 2,Patna,,"{""adcityName"": ""Patna"", ""cityName"": ""Patna"", ""hospAcc"": ""             QCI  Recommended"", ""hospName"": ""BUDDHA CANCER CENTRE PVT LTD"", ""tierType"": ""Tier 2""}"
2570,Patna,Patna,29,Centre for Sight-Patna ( A Unit of New Delhi Centre for Sight Ltd),NABH,Tier 2,Patna,,"{""adcityName"": ""Patna"", ""cityName"": ""Patna"", ""hospAcc"": ""NABH"", ""hospName"": ""Centre for Sight-Patna ( A Unit of New Delhi Centre for Sight Ltd)"", ""tierType"": ""Tier 2""}"
2571,Patna,Patna,29,CISRO Hospital A Unit Of Kumar And Sarraf Healthcare Private Limited,QCI Recommended,Tier 2,Patna,,"{""adcityName"": ""Patna"", ""cityName"": ""Patna"", ""hospAcc"": ""             QCI  Recommended"", ""hospName"": ""CISRO Hospital A Unit Of Kumar And Sarraf Healthcare Private Limited"", ""tierType"": ""Tier 2""}"
2572,Patna,Patna,29,CITY DENTAL CENTRE,NABH,Tier 2,Patna,,"{""adcityName"": ""Patna"", ""cityName"": ""Patna"", ""hospAcc"": ""NABH"", ""hospName"": ""CITY DENTAL CENTRE"", ""tierType"": ""Tier 2""}"
2573,Patna,Patna,29,C S N NETRALAYA PVT LTD,NON NABH,Tier 2,Patna,,"{""adcityName"": ""Patna"", ""cityName"": ""Patna"", ""hospAcc"": ""NON NABH"", ""hospName"": ""C S N NETRALAYA PVT LTD"", ""tierType"": ""Tier 2""}"
2574,Patna,Patna,29,curis hospital a unit of pushpam care and cure pvt ltd,QCI Recommended,Tier 2,Patna,,"{""adcityName"": ""Patna"", ""cityName"": ""Patna"", ""hospAcc"": ""             QCI  Recommended"", ""hospName"": ""curis hospital  a unit of pushpam care and cure pvt ltd"", ""tierType"": ""Tier 2""}"
2575,Patna,Patna,29,DENTAL COMFORT ZONE,QCI Recommended,Tier 2,Patna,,"{""adcityName"": ""Patna"", ""cityName"": ""Patna"", ""hospAcc"": ""             QCI  Recommended"", ""hospName"": ""DENTAL COMFORT ZONE"", ""tierType"": ""Tier 2""}"
2576,Patna,Patna,29,DIVYADRISHTI EYE CENTRE PVT LTD,QCI Recommended,Tier 2,Patna,,"{""adcityName"": ""Patna"", ""cityName"": ""Patna"", ""hospAcc"": ""             QCI  Recommended"", ""hospName"": ""DIVYADRISHTI EYE CENTRE PVT LTD"", ""tierType"": ""Tier 2""}"
2577,Patna,Patna,29,Dr Bimal Hospital and Research Centre Pvt Ltd,QCI Recommended,Tier 2,Patna,,"{""adcityName"": ""Patna"", ""cityName"": ""Patna"", ""hospAcc"": ""             QCI  Recommended"", ""hospName"": ""Dr Bimal Hospital and Research Centre Pvt Ltd"", ""tierType"": ""Tier 2""}"
2578,Patna,Patna,29,DRISHTIKUNJ NETRALAYA PVT LTD,QCI Recommended,Tier 2,Patna,,"{""adcityName"": ""Patna"", ""cityName"": ""Patna"", ""hospAcc"": ""             QCI  Recommended"", ""hospName"": ""DRISHTIKUNJ NETRALAYA PVT LTD"", ""tierType"": ""Tier 2""}"
2579,Patna,Patna,29,Drishtipunj Eye Hospital Pvt Ltd,QCI Recommended,Tier 2,Patna,,"{""adcityName"": ""Patna"", ""cityName"": ""Patna"", ""hospAcc"": ""             QCI  Recommended"", ""hospName"": ""Drishtipunj Eye Hospital Pvt Ltd"", ""tierType"": ""Tier 2""}"
2580,Patna,Patna,29,DR PRABHAT MEMORIAL HIRAMATI HOSPITAL,QCI Recommended,Tier 2,Patna,,"{""adcityName"": ""Patna"", ""cityName"": ""Patna"", ""hospAcc"": ""             QCI  Recommended"", ""hospName"": ""DR PRABHAT MEMORIAL HIRAMATI HOSPITAL"", ""tierType"": ""Tier 2""}"
2581,Patna,Patna,29,FORD HOSPITAL AND RESEARCH CENTRE PVT LTD,NABH,Tier 2,Patna,,"{""adcityName"": ""Patna"", ""cityName"": ""Patna"", ""hospAcc"": ""NABH"", ""hospName"": ""FORD HOSPITAL AND RESEARCH CENTRE PVT LTD"", ""tierType"": ""Tier 2""}"
2582,Patna,Patna,29,Heart Hospital Private Limited,QCI Recommended,Tier 2,Patna,,"{""adcityName"": ""Patna"", ""cityName"": ""Patna"", ""hospAcc"": ""             QCI  Recommended"", ""hospName"": ""Heart Hospital Private Limited"", ""tierType"": ""Tier 2""}"
2583,Patna,Patna,29,HITECH EMERGENCY HOSPITAL,QCI Recommended,Tier 2,Patna,,"{""adcityName"": ""Patna"", ""cityName"": ""Patna"", ""hospAcc"": ""             QCI  Recommended"", ""hospName"": ""HITECH EMERGENCY HOSPITAL"", ""tierType"": ""Tier 2""}"
2584,Patna,Patna,29,HOLY PROMISE MULTISPECIALITY HOSPITAL PRIVATE LIMITED,QCI Recommended,Tier 2,Patna,,"{""adcityName"": ""Patna"", ""cityName"": ""Patna"", ""hospAcc"": ""             QCI  Recommended"", ""hospName"": ""HOLY PROMISE MULTISPECIALITY HOSPITAL PRIVATE LIMITED"", ""tierType"": ""Tier 2""}"
2585,Patna,Patna,29,INDRA DIAGNOSTICS,NABL,Tier 2,Patna,,"{""adcityName"": ""Patna"", ""cityName"": ""Patna"", ""hospAcc"": ""NABL"", ""hospName"": ""INDRA DIAGNOSTICS"", ""tierType"": ""Tier 2""}"
2586,Patna,Patna,29,JAY DENTAL CARE AND ADVANCE ORTHODONTIC CENTRE,NABH,Tier 2,Patna,,"{""adcityName"": ""Patna"", ""cityName"": ""Patna"", ""hospAcc"": ""NABH"", ""hospName"": ""JAY DENTAL CARE AND ADVANCE ORTHODONTIC CENTRE"", ""tierType"": ""Tier 2""}"
2587,Patna,Patna,29,JEEVAK HEART HOSPITAL and RESEARCH INSTT PVT LTD,NABH,Tier 2,Patna,,"{""adcityName"": ""Patna"", ""cityName"": ""Patna"", ""hospAcc"": ""NABH"", ""hospName"": ""JEEVAK HEART HOSPITAL and RESEARCH INSTT PVT LTD"", ""tierType"": ""Tier 2""}"
2588,Patna,Patna,29,Mahavir Arogya Sansthan Kankarbagh Patna-20,NON NABH,Tier 2,Patna,,"{""adcityName"": ""Patna"", ""cityName"": ""Patna"", ""hospAcc"": ""NON NABH"", ""hospName"": ""Mahavir Arogya Sansthan  Kankarbagh  Patna-20"", ""tierType"": ""Tier 2""}"
2589,Patna,Patna,29,MAHAVIR CANCER INSTITUTE and RESEARCH CENTER,NON NABH,Tier 2,Patna,,"{""adcityName"": ""Patna"", ""cityName"": ""Patna"", ""hospAcc"": ""NON NABH"", ""hospName"": ""MAHAVIR CANCER INSTITUTE and RESEARCH CENTER"", ""tierType"": ""Tier 2""}"
2590,Patna,Patna,29,MEDAZ SUPER SPECIALITY HOSPITAL PRIVATE LIMITED,QCI Recommended,Tier 2,Patna,,"{""adcityName"": ""Patna"", ""cityName"": ""Patna"", ""hospAcc"": ""             QCI  Recommended"", ""hospName"": ""MEDAZ SUPER SPECIALITY HOSPITAL PRIVATE LIMITED"", ""tierType"": ""Tier 2""}"
2591,Patna,Patna,29,MEDIPARK HOSPITALUNIT OF MEDIPARK HEALTHCARE PVT,QCI Recommended,Tier 2,Patna,,"{""adcityName"": ""Patna"", ""cityName"": ""Patna"", ""hospAcc"": ""             QCI  Recommended"", ""hospName"": ""MEDIPARK HOSPITALUNIT OF MEDIPARK HEALTHCARE PVT"", ""tierType"": ""Tier 2""}"
2592,Patna,Patna,29,Mediversal Maatri,QCI Recommended,Tier 2,Patna,,"{""adcityName"": ""Patna"", ""cityName"": ""Patna"", ""hospAcc"": ""             QCI  Recommended"", ""hospName"": ""Mediversal Maatri"", ""tierType"": ""Tier 2""}"
2593,Patna,Patna,29,Mediversal Multi Super Specilaty Hospital,NABH,Tier 2,Patna,,"{""adcityName"": ""Patna"", ""cityName"": ""Patna"", ""hospAcc"": ""NABH"", ""hospName"": ""Mediversal Multi Super Specilaty Hospital"", ""tierType"": ""Tier 2""}"
2594,Patna,Patna,29,MGM Hospital And Research Centre Pvt Ltd,NABH,Tier 2,Patna,,"{""adcityName"": ""Patna"", ""cityName"": ""Patna"", ""hospAcc"": ""NABH"", ""hospName"": ""MGM Hospital And Research Centre Pvt Ltd"", ""tierType"": ""Tier 2""}"
2595,Patna,Patna,29,OXYGEN TRAUMA and MULTISPECIALITY HOSPITAL,NON NABH,Tier 2,Patna,,"{""adcityName"": ""Patna"", ""cityName"": ""Patna"", ""hospAcc"": ""NON NABH"", ""hospName"": ""OXYGEN TRAUMA and MULTISPECIALITY HOSPITAL"", ""tierType"": ""Tier 2""}"
2596,Patna,Patna,29,PALIKA VINAYAK HOSPITAL,QCI Recommended,Tier 2,Patna,,"{""adcityName"": ""Patna"", ""cityName"": ""Patna"", ""hospAcc"": ""             QCI  Recommended"", ""hospName"": ""PALIKA VINAYAK HOSPITAL"", ""tierType"": ""Tier 2""}"
2597,Patna,Patna,29,Pancardia Heart & Multi Super Speciality Hospital Pvt. Ltd.,QCI Recommended,Tier 2,Patna,,"{""adcityName"": ""Patna"", ""cityName"": ""Patna"", ""hospAcc"": ""             QCI  Recommended"", ""hospName"": ""Pancardia Heart & Multi Super Speciality Hospital Pvt. Ltd."", ""tierType"": ""Tier 2""}"
2598,Patna,Patna,29,PARAS GLOBAL HOSPITAL,QCI Recommended,Tier 3,Darbhanga,,"{""adcityName"": ""Patna"", ""cityName"": ""Darbhanga"", ""hospAcc"": ""             QCI  Recommended"", ""hospName"": ""PARAS GLOBAL HOSPITAL"", ""tierType"": ""Tier 3""}"
2599,Patna,Patna,29,Paras HMRI Hospital,NABH,Tier 2,Patna,,"{""adcityName"": ""Patna"", ""cityName"": ""Patna"", ""hospAcc"": ""NABH"", ""hospName"": ""Paras HMRI Hospital "", ""tierType"": ""Tier 2""}"
2600,Patna,Patna,29,PRASHANT MEMORIAL CHARITABLE HOSPITAL,QCI Recommended,Tier 3,Muzaffarpur,,"{""adcityName"": ""Patna"", ""cityName"": ""Muzaffarpur"", ""hospAcc"": ""             QCI  Recommended"", ""hospName"": ""PRASHANT MEMORIAL CHARITABLE HOSPITAL"", ""tierType"": ""Tier 3""}"
2601,Patna,Patna,29,RAJESHWAR HOSPITAL,NON NABH,Tier 2,Patna,,"{""adcityName"": ""Patna"", ""cityName"": ""Patna"", ""hospAcc"": ""NON NABH"", ""hospName"": ""RAJESHWAR HOSPITAL"", ""tierType"": ""Tier 2""}"
2602,Patna,Patna,29,R N Superspeciality Hospital and Research Centre Pvt Ltd,QCI Recommended,Tier 2,Patna,,"{""adcityName"": ""Patna"", ""cityName"": ""Patna"", ""hospAcc"": ""             QCI  Recommended"", ""hospName"": ""R N Superspeciality Hospital and Research Centre Pvt Ltd"", ""tierType"": ""Tier 2""}"
2603,Patna,Patna,29,Ruban Memorial Hospital,NABH,Tier 2,Patna,,"{""adcityName"": ""Patna"", ""cityName"": ""Patna"", ""hospAcc"": ""NABH"", ""hospName"": ""Ruban Memorial Hospital"", ""tierType"": ""Tier 2""}"
2604,Patna,Patna,29,SAHYOG HOSPITAL,NON NABH,Tier 2,Patna,,"{""adcityName"": ""Patna"", ""cityName"": ""Patna"", ""hospAcc"": ""NON NABH"", ""hospName"": ""SAHYOG HOSPITAL"", ""tierType"": ""Tier 2""}"
2605,Patna,Patna,29,SAMAY HOSPITAL A UNIT OF GLASGOW HOSPITAL PRIVATE LIMITED,QCI Recommended,Tier 2,Patna,,"{""adcityName"": ""Patna"", ""cityName"": ""Patna"", ""hospAcc"": ""             QCI  Recommended"", ""hospName"": ""SAMAY HOSPITAL A UNIT OF GLASGOW HOSPITAL PRIVATE LIMITED"", ""tierType"": ""Tier 2""}"
2606,Patna,Patna,29,Sanjeevani Dental Implant & Ortho Centre,QCI Recommended,Tier 2,Patna,,"{""adcityName"": ""Patna"", ""cityName"": ""Patna"", ""hospAcc"": ""             QCI  Recommended"", ""hospName"": ""Sanjeevani Dental Implant & Ortho Centre"", ""tierType"": ""Tier 2""}"
2607,Patna,Patna,29,Saral Pathlab Private Limited,NABL,Tier 2,Patna,,"{""adcityName"": ""Patna"", ""cityName"": ""Patna"", ""hospAcc"": ""NABL"", ""hospName"": ""Saral Pathlab Private Limited"", ""tierType"": ""Tier 2""}"
2608,Patna,Patna,29,Sarraf ortho spine and maternity centre,QCI Recommended,Tier 3,Darbhanga,,"{""adcityName"": ""Patna"", ""cityName"": ""Darbhanga"", ""hospAcc"": ""             QCI  Recommended"", ""hospName"": ""Sarraf ortho spine and maternity centre"", ""tierType"": ""Tier 3""}"
2609,Patna,Patna,29,Sarvdrishti Eye Hospital Pvt Ltd,NON NABH,Tier 2,Patna,,"{""adcityName"": ""Patna"", ""cityName"": ""Patna"", ""hospAcc"": ""NON NABH"", ""hospName"": ""Sarvdrishti Eye Hospital Pvt Ltd"", ""tierType"": ""Tier 2""}"
2610,Patna,Patna,29,SARVDRISHTI EYE HOSPITAL PVT LTD,NON NABH,Tier 2,Patna,,"{""adcityName"": ""Patna"", ""cityName"": ""Patna"", ""hospAcc"": ""NON NABH"", ""hospName"": ""SARVDRISHTI EYE HOSPITAL PVT LTD"", ""tierType"": ""Tier 2""}"
2611,Patna,Patna,29,SATYADEV SUPERSPECIALITY HOSPITAL,QCI Recommended,Tier 2,Patna,,"{""adcityName"": ""Patna"", ""cityName"": ""Patna"", ""hospAcc"": ""             QCI  Recommended"", ""hospName"": ""SATYADEV SUPERSPECIALITY HOSPITAL"", ""tierType"": ""Tier 2""}"
2612,Patna,Patna,29,SAVERA CANCER AND MULTISPECIALITY HOSPITAL,QCI Recommended,Tier 2,Patna,,"{""adcityName"": ""Patna"", ""cityName"": ""Patna"", ""hospAcc"": ""             QCI  Recommended"", ""hospName"": ""SAVERA CANCER AND MULTISPECIALITY HOSPITAL"", ""tierType"": ""Tier 2""}"
2613,Patna,Patna,29,SHARP SIGHT EYE HOSPITAL,QCI Recommended,Tier 2,Patna,,"{""adcityName"": ""Patna"", ""cityName"": ""Patna"", ""hospAcc"": ""             QCI  Recommended"", ""hospName"": ""SHARP SIGHT EYE HOSPITAL"", ""tierType"": ""Tier 2""}"
2614,Patna,Patna,29,SHEKHAR EYE CARE AND LASER CENTER,QCI Recommended,Tier 2,Patna,,"{""adcityName"": ""Patna"", ""cityName"": ""Patna"", ""hospAcc"": ""             QCI  Recommended"", ""hospName"": ""SHEKHAR EYE CARE AND LASER CENTER"", ""tierType"": ""Tier 2""}"
2615,Patna,Patna,29,SHREE BALAJI NETRALAYA,QCI Recommended,Tier 2,Patna,,"{""adcityName"": ""Patna"", ""cityName"": ""Patna"", ""hospAcc"": ""             QCI  Recommended"", ""hospName"": ""SHREE BALAJI NETRALAYA"", ""tierType"": ""Tier 2""}"
2616,Patna,Patna,29,SHRI SAI HOSPITAL (A UNIT OF AKHILESH KUMAR SINGH HOSPITAL PRIVATE LIMITED),NON NABH,Tier 2,Patna,,"{""adcityName"": ""Patna"", ""cityName"": ""Patna"", ""hospAcc"": ""NON NABH"", ""hospName"": ""SHRI SAI HOSPITAL (A UNIT OF AKHILESH KUMAR SINGH HOSPITAL PRIVATE LIMITED)"", ""tierType"": ""Tier 2""}"
2617,Patna,Patna,29,SHRI SAI HOSPITAL HEART UNIT,QCI Recommended,Tier 2,Patna,,"{""adcityName"": ""Patna"", ""cityName"": ""Patna"", ""hospAcc"": ""             QCI  Recommended"", ""hospName"": ""SHRI SAI HOSPITAL HEART UNIT"", ""tierType"": ""Tier 2""}"
2618,Patna,Patna,29,SIDDHARTH MULTISPECIALITY HOSPITAL PVT.LTD,QCI Recommended,Tier 2,Patna,,"{""adcityName"": ""Patna"", ""cityName"": ""Patna"", ""hospAcc"": ""             QCI  Recommended"", ""hospName"": ""SIDDHARTH MULTISPECIALITY HOSPITAL PVT.LTD"", ""tierType"": ""Tier 2""}"
2619,Patna,Patna,29,SRI SAI LIONS NETRTALAYA,NON NABH,Tier 2,Patna,,"{""adcityName"": ""Patna"", ""cityName"": ""Patna"", ""hospAcc"": ""NON NABH"", ""hospName"": ""SRI SAI LIONS NETRTALAYA"", ""tierType"": ""Tier 2""}"
2620,Patna,Patna,29,S S HOSPITAL AND RESEARCH CENTRE,NON NABH,Tier 2,Patna,,"{""adcityName"": ""Patna"", ""cityName"": ""Patna"", ""hospAcc"": ""NON NABH"", ""hospName"": ""S S HOSPITAL AND RESEARCH CENTRE"", ""tierType"": ""Tier 2""}"
2621,Patna,Patna,29,STAR HOSPITAL A UNIT OF MAGADH NURSING HOME,QCI Recommended,Tier 2,Patna,,"{""adcityName"": ""Patna"", ""cityName"": ""Patna"", ""hospAcc"": ""             QCI  Recommended"", ""hospName"": ""STAR HOSPITAL  A UNIT OF MAGADH NURSING HOME"", ""tierType"": ""Tier 2""}"
2622,Patna,Patna,29,VEDANTA CENTRE FOR OPHTHALMIC SCIENCES,QCI Recommended,Tier 2,Patna,,"{""adcityName"": ""Patna"", ""cityName"": ""Patna"", ""hospAcc"": ""             QCI  Recommended"", ""hospName"": ""VEDANTA CENTRE FOR OPHTHALMIC SCIENCES"", ""tierType"": ""Tier 2""}"
2623,Patna,Patna,29,VISTA HOSPITAL PRIVATE LIMITED,QCI Recommended,Tier 2,Patna,,"{""adcityName"": ""Patna"", ""cityName"": ""Patna"", ""hospAcc"": ""             QCI  Recommended"", ""hospName"": ""VISTA HOSPITAL PRIVATE LIMITED"", ""tierType"": ""Tier 2""}"
2624,Prayagraj,Prayagraj,11,18TH BN ITBP UNIT HOSPITAL,,Tier 2,PRAYAGRAJ,,"{""adcityName"": ""Prayagraj"", ""cityName"": ""PRAYAGRAJ"", ""hospAcc"": """", ""hospName"": ""18TH BN ITBP UNIT HOSPITAL"", ""tierType"": ""Tier 2""}"
2625,Prayagraj,Prayagraj,11,ACE Gastrocare and Multispeciality Hospital,QCI,TIER 2,PRAYAGRAJ,,"{""adcityName"": ""Prayagraj"", ""cityName"": ""PRAYAGRAJ"", ""hospAcc"": ""QCI"", ""hospName"": ""ACE Gastrocare and Multispeciality Hospital"", ""tierType"": ""TIER 2""}"
2626,Prayagraj,Prayagraj,11,ACURA CRITICAL CARE HOSPITAL,QCI,TIER 2,PRAYAGRAJ,,"{""adcityName"": ""Prayagraj"", ""cityName"": ""PRAYAGRAJ"", ""hospAcc"": ""QCI"", ""hospName"": ""ACURA CRITICAL CARE HOSPITAL"", ""tierType"": ""TIER 2""}"
2627,Prayagraj,Prayagraj,11,ADARSH HOSPITAL A UNIT OF ADARSHCURE MEDICITY PRIVATE LIMITD,QCI,TIER 2,VARANASI,,"{""adcityName"": ""Prayagraj"", ""cityName"": ""VARANASI"", ""hospAcc"": ""QCI"", ""hospName"": ""ADARSH HOSPITAL A UNIT OF ADARSHCURE MEDICITY PRIVATE LIMITD"", ""tierType"": ""TIER 2""}"
2628,Prayagraj,Prayagraj,11,AGRAWAL DENTAL CLINIC,,Tier 2,PRAYAGRAJ,,"{""adcityName"": ""Prayagraj"", ""cityName"": ""PRAYAGRAJ"", ""hospAcc"": """", ""hospName"": ""AGRAWAL DENTAL CLINIC"", ""tierType"": ""Tier 2""}"
2629,Prayagraj,Prayagraj,11,Agrim Hospital Pvt. Ltd,QCI,TIER 2,VARANASI,,"{""adcityName"": ""Prayagraj"", ""cityName"": ""VARANASI"", ""hospAcc"": ""QCI"", ""hospName"": ""Agrim Hospital Pvt. Ltd"", ""tierType"": ""TIER 2""}"
2630,Prayagraj,Prayagraj,11,AMAN HOSPITAL,QCI,TIER 2,PRAYAGRAJ,,"{""adcityName"": ""Prayagraj"", ""cityName"": ""PRAYAGRAJ"", ""hospAcc"": ""QCI"", ""hospName"": ""AMAN HOSPITAL"", ""tierType"": ""TIER 2""}"
2631,Prayagraj,Prayagraj,11,AMITA MULTI SPECIALTY HOSPITAL,QCI,TIER 2,PRAYAGRAJ,,"{""adcityName"": ""Prayagraj"", ""cityName"": ""PRAYAGRAJ"", ""hospAcc"": ""QCI"", ""hospName"": ""AMITA MULTI SPECIALTY HOSPITAL"", ""tierType"": ""TIER 2""}"
2632,Prayagraj,Prayagraj,11,ANAND HOSPITAL,QCI,TIER 2,PRAYAGRAJ,,"{""adcityName"": ""Prayagraj"", ""cityName"": ""PRAYAGRAJ"", ""hospAcc"": ""QCI"", ""hospName"": ""ANAND HOSPITAL"", ""tierType"": ""TIER 2""}"
2633,Prayagraj,Prayagraj,11,ANKUR HOSPITAL,QCI,TIER 2,PRAYAGRAJ,,"{""adcityName"": ""Prayagraj"", ""cityName"": ""PRAYAGRAJ"", ""hospAcc"": ""QCI"", ""hospName"": ""ANKUR HOSPITAL"", ""tierType"": ""TIER 2""}"
2634,Prayagraj,Prayagraj,11,APEX HOSPITAL A UNIT OF APEX WELCARE PVT LTD,NABH,TIER 2,VARANASI,,"{""adcityName"": ""Prayagraj"", ""cityName"": ""VARANASI"", ""hospAcc"": ""NABH"", ""hospName"": ""APEX HOSPITAL A UNIT OF APEX WELCARE PVT LTD"", ""tierType"": ""TIER 2""}"
2635,Prayagraj,Prayagraj,11,ARPIT HOSPITAL LIMITED,,Tier 2,PRAYAGRAJ,,"{""adcityName"": ""Prayagraj"", ""cityName"": ""PRAYAGRAJ"", ""hospAcc"": """", ""hospName"": ""ARPIT HOSPITAL LIMITED"", ""tierType"": ""Tier 2""}"
2636,Prayagraj,Prayagraj,11,Arvachin Hospital,QCI,TIER 2,VARANASI,,"{""adcityName"": ""Prayagraj"", ""cityName"": ""VARANASI"", ""hospAcc"": ""QCI"", ""hospName"": ""Arvachin Hospital"", ""tierType"": ""TIER 2""}"
2637,Prayagraj,Prayagraj,11,ASG Hospital Private Limited,QCI,TIER 2,VARANASI,,"{""adcityName"": ""Prayagraj"", ""cityName"": ""VARANASI"", ""hospAcc"": ""QCI"", ""hospName"": ""ASG Hospital Private Limited"", ""tierType"": ""TIER 2""}"
2638,Prayagraj,Prayagraj,11,ASG Hospital Pvt Ltd,NABH,TIER 2,VARANASI,,"{""adcityName"": ""Prayagraj"", ""cityName"": ""VARANASI"", ""hospAcc"": ""NABH"", ""hospName"": ""ASG Hospital Pvt Ltd"", ""tierType"": ""TIER 2""}"
2639,Prayagraj,Prayagraj,11,ASG HOSPITAL PVT LTD,QCI,TIER 2,PRAYAGRAJ,,"{""adcityName"": ""Prayagraj"", ""cityName"": ""PRAYAGRAJ"", ""hospAcc"": ""QCI"", ""hospName"": ""ASG HOSPITAL PVT LTD"", ""tierType"": ""TIER 2""}"
2640,Prayagraj,Prayagraj,11,ASG HOSPITAL PVT LTD,,Tier 2,PRAYAGRAJ,,"{""adcityName"": ""Prayagraj"", ""cityName"": ""PRAYAGRAJ"", ""hospAcc"": """", ""hospName"": ""ASG HOSPITAL PVT LTD"", ""tierType"": ""Tier 2""}"
2641,Prayagraj,Prayagraj,11,ASHA HOSPITAL,QCI,TIER 2,PRAYAGRAJ,,"{""adcityName"": ""Prayagraj"", ""cityName"": ""PRAYAGRAJ"", ""hospAcc"": ""QCI "", ""hospName"": ""ASHA HOSPITAL"", ""tierType"": ""TIER 2""}"
2642,Prayagraj,Prayagraj,11,ASHUTOSH HOSPITAL,NABH,TIER 2,PRAYAGRAJ,,"{""adcityName"": ""Prayagraj"", ""cityName"": ""PRAYAGRAJ"", ""hospAcc"": ""NABH"", ""hospName"": ""ASHUTOSH HOSPITAL"", ""tierType"": ""TIER 2""}"
2643,Prayagraj,Prayagraj,11,ASHUTOSH HOSPITAL and TRAUMA CENTRE PRIVATE LIMITED,,Tier 2,PRAYAGRAJ,,"{""adcityName"": ""Prayagraj"", ""cityName"": ""PRAYAGRAJ"", ""hospAcc"": """", ""hospName"": ""ASHUTOSH HOSPITAL and TRAUMA CENTRE PRIVATE LIMITED"", ""tierType"": ""Tier 2""}"
2644,Prayagraj,Prayagraj,11,BAJPAI DENTAL HOSPITAL & Maxillofacial Research Centre,NABH,TIER 2,PRAYAGRAJ,,"{""adcityName"": ""Prayagraj"", ""cityName"": ""PRAYAGRAJ"", ""hospAcc"": ""NABH"", ""hospName"": ""BAJPAI DENTAL HOSPITAL & Maxillofacial Research Centre"", ""tierType"": ""TIER 2""}"
2645,Prayagraj,Prayagraj,11,Balaji Institute of Renal Diseases,QCI,TIER 2,PRAYAGRAJ,,"{""adcityName"": ""Prayagraj"", ""cityName"": ""PRAYAGRAJ"", ""hospAcc"": ""QCI"", ""hospName"": ""Balaji Institute of Renal Diseases"", ""tierType"": ""TIER 2""}"
2646,Prayagraj,Prayagraj,11,BANARAS MEDICITY HEART AND MULTI SUPER SPECIALITY HOSPITAL,QCI,TIER 2,VARANASI,,"{""adcityName"": ""Prayagraj"", ""cityName"": ""VARANASI"", ""hospAcc"": ""QCI"", ""hospName"": ""BANARAS MEDICITY HEART AND MULTI SUPER SPECIALITY HOSPITAL"", ""tierType"": ""TIER 2""}"
2647,Prayagraj,Prayagraj,11,BRIJRANI MEMORIAL HOSPITAL,QCI,TIER 2,PRAYAGRAJ,,"{""adcityName"": ""Prayagraj"", ""cityName"": ""PRAYAGRAJ"", ""hospAcc"": ""QCI"", ""hospName"": ""BRIJRANI MEMORIAL HOSPITAL"", ""tierType"": ""TIER 2""}"
2648,Prayagraj,Prayagraj,11,CARE HOSPITAL,QCI,TIER 2,VARANASI,,"{""adcityName"": ""Prayagraj"", ""cityName"": ""VARANASI"", ""hospAcc"": ""QCI"", ""hospName"": ""CARE HOSPITAL"", ""tierType"": ""TIER 2""}"
2649,Prayagraj,Prayagraj,11,Centre for Sight Varanasi A Unit of New Delhi Centre for Sight Ltd,NABH,TIER 2,VARANASI,,"{""adcityName"": ""Prayagraj"", ""cityName"": ""VARANASI"", ""hospAcc"": ""NABH"", ""hospName"": ""Centre for Sight Varanasi A Unit of New Delhi Centre for Sight Ltd"", ""tierType"": ""TIER 2""}"
2650,Prayagraj,Prayagraj,11,CHANDAN DIAGNOSTIC CENTER,NABL,TIER 2,VARANASI,,"{""adcityName"": ""Prayagraj"", ""cityName"": ""VARANASI"", ""hospAcc"": ""NABL"", ""hospName"": ""CHANDAN DIAGNOSTIC CENTER "", ""tierType"": ""TIER 2""}"
2651,Prayagraj,Prayagraj,11,CHANDAN DIAGNOSTIC CENTRE UNIT OF CHANDAN HEALTHCARE LTD,NABL,TIER 2,PRAYAGRAJ,,"{""adcityName"": ""Prayagraj"", ""cityName"": ""PRAYAGRAJ"", ""hospAcc"": ""NABL"", ""hospName"": ""CHANDAN DIAGNOSTIC CENTRE UNIT OF CHANDAN HEALTHCARE LTD"", ""tierType"": ""TIER 2""}"
2652,Prayagraj,Prayagraj,11,CHANDAN DIAGNOSTIC CENTRE UNIT OF CHANDAN HEALTHCARE LTD.,QCI,TIER 2,VARANASI,,"{""adcityName"": ""Prayagraj"", ""cityName"": ""VARANASI"", ""hospAcc"": ""QCI"", ""hospName"": ""CHANDAN DIAGNOSTIC CENTRE UNIT OF CHANDAN HEALTHCARE LTD."", ""tierType"": ""TIER 2""}"
2653,Prayagraj,Prayagraj,11,DELHI ORTHO SPINE MULTISPECIALITY HOSPITAL,QCI,TIER 2,PRAYAGRAJ,,"{""adcityName"": ""Prayagraj"", ""cityName"": ""PRAYAGRAJ"", ""hospAcc"": ""QCI"", ""hospName"": ""DELHI ORTHO SPINE MULTISPECIALITY HOSPITAL"", ""tierType"": ""TIER 2""}"
2654,Prayagraj,Prayagraj,11,DIVINE TOUCH DENTAL HEALTH CLINIC,QCI,TIER 2,PRAYAGRAJ,,"{""adcityName"": ""Prayagraj"", ""cityName"": ""PRAYAGRAJ"", ""hospAcc"": ""QCI"", ""hospName"": ""DIVINE TOUCH DENTAL HEALTH CLINIC"", ""tierType"": ""TIER 2""}"
2655,Prayagraj,Prayagraj,11,DR ANUBHUTIS DENTAL HOME,QCI,TIER 2,PRAYAGRAJ,,"{""adcityName"": ""Prayagraj"", ""cityName"": ""PRAYAGRAJ"", ""hospAcc"": ""QCI"", ""hospName"": ""DR ANUBHUTIS DENTAL HOME"", ""tierType"": ""TIER 2""}"
2656,Prayagraj,Prayagraj,11,DR N D TAHILIANC MEMORIAL CLINIC,,Tier 2,PRAYAGRAJ,,"{""adcityName"": ""Prayagraj"", ""cityName"": ""PRAYAGRAJ"", ""hospAcc"": """", ""hospName"": ""DR N D TAHILIANC MEMORIAL CLINIC"", ""tierType"": ""Tier 2""}"
2657,Prayagraj,Prayagraj,11,Dr PREETI MATERNITY CENTER,QCI,TIER 2,PRAYAGRAJ,,"{""adcityName"": ""Prayagraj"", ""cityName"": ""PRAYAGRAJ"", ""hospAcc"": ""QCI"", ""hospName"": ""Dr PREETI MATERNITY CENTER"", ""tierType"": ""TIER 2""}"
2658,Prayagraj,Prayagraj,11,DRS HOSPITAL,QCI,TIER 2,PRAYAGRAJ,,"{""adcityName"": ""Prayagraj"", ""cityName"": ""PRAYAGRAJ"", ""hospAcc"": ""QCI"", ""hospName"": ""DRS HOSPITAL"", ""tierType"": ""TIER 2""}"
2659,Prayagraj,Prayagraj,11,Dwarka Hospital,QCI,TIER 2,PRAYAGRAJ,,"{""adcityName"": ""Prayagraj"", ""cityName"": ""PRAYAGRAJ"", ""hospAcc"": ""QCI"", ""hospName"": ""Dwarka Hospital"", ""tierType"": ""TIER 2""}"
2660,Prayagraj,Prayagraj,11,EYE CLINIC,QCI,TIER 2,PRAYAGRAJ,,"{""adcityName"": ""Prayagraj"", ""cityName"": ""PRAYAGRAJ"", ""hospAcc"": ""QCI"", ""hospName"": ""EYE CLINIC"", ""tierType"": ""TIER 2""}"
2661,Prayagraj,Prayagraj,11,EYE LIFE CENTER,QCI,TIER 2,PRAYAGRAJ,,"{""adcityName"": ""Prayagraj"", ""cityName"": ""PRAYAGRAJ"", ""hospAcc"": ""QCI"", ""hospName"": ""EYE LIFE CENTER"", ""tierType"": ""TIER 2""}"
2662,Prayagraj,Prayagraj,11,GALAXY HOSPITAL,NABH,TIER 2,VARANASI,,"{""adcityName"": ""Prayagraj"", ""cityName"": ""VARANASI"", ""hospAcc"": ""NABH"", ""hospName"": ""GALAXY HOSPITAL"", ""tierType"": ""TIER 2""}"
2663,Prayagraj,Prayagraj,11,GALAXY HOSPITAL - A UNIT OF GALAXY LIFECARE SERVICES PVT LTD,NABH,TIER 2,VARANASI,,"{""adcityName"": ""Prayagraj"", ""cityName"": ""VARANASI"", ""hospAcc"": ""NABH"", ""hospName"": ""GALAXY HOSPITAL - A UNIT OF GALAXY LIFECARE SERVICES PVT LTD"", ""tierType"": ""TIER 2""}"
2664,Prayagraj,Prayagraj,11,GANGA SEWA SADAN HOSPITAL,NABH,TIER 2,VARANASI,,"{""adcityName"": ""Prayagraj"", ""cityName"": ""VARANASI"", ""hospAcc"": ""NABH"", ""hospName"": ""GANGA SEWA SADAN HOSPITAL"", ""tierType"": ""TIER 2""}"
2665,Prayagraj,Prayagraj,11,GANGOTRI HOSPITAL & TRAUMA CENTRE,QCI,TIER 2,PRAYAGRAJ,,"{""adcityName"": ""Prayagraj"", ""cityName"": ""PRAYAGRAJ"", ""hospAcc"": ""QCI"", ""hospName"": ""GANGOTRI HOSPITAL & TRAUMA CENTRE"", ""tierType"": ""TIER 2""}"
2666,Prayagraj,Prayagraj,11,GENESIS HOSPITAL,QCI,TIER 2,PRAYAGRAJ,,"{""adcityName"": ""Prayagraj"", ""cityName"": ""PRAYAGRAJ"", ""hospAcc"": ""QCI"", ""hospName"": ""GENESIS HOSPITAL"", ""tierType"": ""TIER 2""}"
2667,Prayagraj,Prayagraj,11,GLOBAL HOSPITAL and EYE RESEARCH CENTRE,QCI,TIER 2,PRAYAGRAJ,,"{""adcityName"": ""Prayagraj"", ""cityName"": ""PRAYAGRAJ"", ""hospAcc"": ""QCI"", ""hospName"": ""GLOBAL HOSPITAL and EYE RESEARCH CENTRE"", ""tierType"": ""TIER 2""}"
2668,Prayagraj,Prayagraj,11,GLOBAL KAMLA HOSPITAL AND TRAUMA CENTRE,QCI,TIER 2,PRAYAGRAJ,,"{""adcityName"": ""Prayagraj"", ""cityName"": ""PRAYAGRAJ"", ""hospAcc"": ""QCI"", ""hospName"": ""GLOBAL KAMLA HOSPITAL AND TRAUMA CENTRE"", ""tierType"": ""TIER 2""}"
2669,Prayagraj,Prayagraj,11,GURU GOBIND SINGH MEMORIAL HOSPITAL,QCI,TIER 2,PRAYAGRAJ,,"{""adcityName"": ""Prayagraj"", ""cityName"": ""PRAYAGRAJ"", ""hospAcc"": ""QCI"", ""hospName"": ""GURU GOBIND SINGH MEMORIAL HOSPITAL"", ""tierType"": ""TIER 2""}"
2670,Prayagraj,Prayagraj,11,GURU KRIPA JAGRATI HOSPITAL AND RESEARCH CENTRE PVT LTD,QCI,TIER 2,PRAYAGRAJ,,"{""adcityName"": ""Prayagraj"", ""cityName"": ""PRAYAGRAJ"", ""hospAcc"": ""QCI"", ""hospName"": ""GURU KRIPA JAGRATI HOSPITAL AND RESEARCH CENTRE PVT LTD"", ""tierType"": ""TIER 2""}"
2671,Prayagraj,Prayagraj,11,HARI BANDHU HOSPITAL PVT LTD,QCI,TIER 2,VARANASI,,"{""adcityName"": ""Prayagraj"", ""cityName"": ""VARANASI"", ""hospAcc"": ""QCI"", ""hospName"": ""HARI BANDHU HOSPITAL PVT LTD"", ""tierType"": ""TIER 2""}"
2672,Prayagraj,Prayagraj,11,HARSH HOSPITAL,NABH,TIER 2,PRAYAGRAJ,,"{""adcityName"": ""Prayagraj"", ""cityName"": ""PRAYAGRAJ"", ""hospAcc"": ""NABH"", ""hospName"": ""HARSH HOSPITAL"", ""tierType"": ""TIER 2""}"
2673,Prayagraj,Prayagraj,11,HEARTLINE CARDIAC CARE CENTRE,NABH,TIER 2,VARANASI,,"{""adcityName"": ""Prayagraj"", ""cityName"": ""VARANASI"", ""hospAcc"": ""NABH"", ""hospName"": ""HEARTLINE CARDIAC CARE CENTRE"", ""tierType"": ""TIER 2""}"
2674,Prayagraj,Prayagraj,11,HERITAGE HOSPITALS LIMITED,NABH,TIER 2,VARANASI,,"{""adcityName"": ""Prayagraj"", ""cityName"": ""VARANASI"", ""hospAcc"": ""NABH"", ""hospName"": ""HERITAGE HOSPITALS LIMITED"", ""tierType"": ""TIER 2""}"
2675,Prayagraj,Prayagraj,11,Homi Bhabha Cancer Hospital,,Tier 2,PRAYAGRAJ,,"{""adcityName"": ""Prayagraj"", ""cityName"": ""PRAYAGRAJ"", ""hospAcc"": """", ""hospName"": ""Homi Bhabha Cancer Hospital"", ""tierType"": ""Tier 2""}"
2676,Prayagraj,Prayagraj,11,Hospital Akshayvat,QCI,TIER 2,PRAYAGRAJ,,"{""adcityName"": ""Prayagraj"", ""cityName"": ""PRAYAGRAJ"", ""hospAcc"": ""QCI"", ""hospName"": ""Hospital Akshayvat"", ""tierType"": ""TIER 2""}"
2677,Prayagraj,Prayagraj,11,INDRA DIAGNOSTIC CENTRE - A UNIT OF CHANDAN HEALTHCARE LTD,,Tier 2,PRAYAGRAJ,,"{""adcityName"": ""Prayagraj"", ""cityName"": ""PRAYAGRAJ"", ""hospAcc"": """", ""hospName"": ""INDRA DIAGNOSTIC CENTRE - A UNIT OF CHANDAN HEALTHCARE LTD"", ""tierType"": ""Tier 2""}"
2678,Prayagraj,Prayagraj,11,INDRA HOSPITAL,QCI,TIER 2,VARANASI,,"{""adcityName"": ""Prayagraj"", ""cityName"": ""VARANASI"", ""hospAcc"": ""QCI"", ""hospName"": ""INDRA HOSPITAL"", ""tierType"": ""TIER 2""}"
2679,Prayagraj,Prayagraj,11,"Infinity Care Hospital, Varanasi",NABH,TIER 2,VARANASI,,"{""adcityName"": ""Prayagraj"", ""cityName"": ""VARANASI"", ""hospAcc"": ""NABH"", ""hospName"": ""Infinity Care Hospital, Varanasi"", ""tierType"": ""TIER 2""}"
2680,Prayagraj,Prayagraj,11,IRIS EYE CARE,QCI,TIER 2,VARANASI,,"{""adcityName"": ""Prayagraj"", ""cityName"": ""VARANASI"", ""hospAcc"": ""QCI"", ""hospName"": ""IRIS EYE CARE"", ""tierType"": ""TIER 2""}"
2681,Prayagraj,Prayagraj,11,JAMUNA SEWA SADAN AND RESEARCH CENTRE,NABH,TIER 2,VARANASI,,"{""adcityName"": ""Prayagraj"", ""cityName"": ""VARANASI"", ""hospAcc"": ""NABH"", ""hospName"": ""JAMUNA SEWA SADAN AND RESEARCH CENTRE"", ""tierType"": ""TIER 2""}"
2682,Prayagraj,Prayagraj,11,jeevan jyoti hospital,NABH,TIER 2,PRAYAGRAJ,,"{""adcityName"": ""Prayagraj"", ""cityName"": ""PRAYAGRAJ"", ""hospAcc"": ""NABH"", ""hospName"": ""jeevan jyoti hospital"", ""tierType"": ""TIER 2""}"
2683,Prayagraj,Prayagraj,11,JEEVAN NIDHI EYE CLINIC & RESEARCH CENTRE,NABH,TIER 2,PRAYAGRAJ,,"{""adcityName"": ""Prayagraj"", ""cityName"": ""PRAYAGRAJ"", ""hospAcc"": ""NABH"", ""hospName"": ""JEEVAN NIDHI EYE CLINIC & RESEARCH CENTRE"", ""tierType"": ""TIER 2""}"
2684,Prayagraj,Prayagraj,11,J K HOSPITAL DENTAL CARE CENTRE,QCI,TIER 2,PRAYAGRAJ,,"{""adcityName"": ""Prayagraj"", ""cityName"": ""PRAYAGRAJ"", ""hospAcc"": ""QCI"", ""hospName"": ""J K HOSPITAL DENTAL CARE CENTRE"", ""tierType"": ""TIER 2""}"
2685,Prayagraj,Prayagraj,11,J PRAKASH MEMORIAL HOSPITAL PVT. LTD,QCI,TIER 2,PRAYAGRAJ,,"{""adcityName"": ""Prayagraj"", ""cityName"": ""PRAYAGRAJ"", ""hospAcc"": ""QCI"", ""hospName"": ""J PRAKASH MEMORIAL HOSPITAL PVT. LTD"", ""tierType"": ""TIER 2""}"
2686,Prayagraj,Prayagraj,11,KAMALA NEHRU MEMORIAL HOSPITAL,NABH,TIER 2,PRAYAGRAJ,,"{""adcityName"": ""Prayagraj"", ""cityName"": ""PRAYAGRAJ"", ""hospAcc"": ""NABH"", ""hospName"": ""KAMALA NEHRU MEMORIAL HOSPITAL"", ""tierType"": ""TIER 2""}"
2687,Prayagraj,Prayagraj,11,Kashi Netralaya,QCI,TIER 2,VARANASI,,"{""adcityName"": ""Prayagraj"", ""cityName"": ""VARANASI"", ""hospAcc"": ""QCI"", ""hospName"": ""Kashi Netralaya"", ""tierType"": ""TIER 2""}"
2688,Prayagraj,Prayagraj,11,KIDS CARE NURSING HOME PVT LTD,QCI,TIER 2,VARANASI,,"{""adcityName"": ""Prayagraj"", ""cityName"": ""VARANASI"", ""hospAcc"": ""QCI "", ""hospName"": ""KIDS CARE NURSING HOME PVT LTD"", ""tierType"": ""TIER 2""}"
2689,Prayagraj,Prayagraj,11,KRITI SCANNING CENTER P LTD,NABH,TIER 2,PRAYAGRAJ,,"{""adcityName"": ""Prayagraj"", ""cityName"": ""PRAYAGRAJ"", ""hospAcc"": ""NABH"", ""hospName"": ""KRITI SCANNING CENTER P LTD"", ""tierType"": ""TIER 2""}"
2690,Prayagraj,Prayagraj,11,KRITI SCANNING CENTRE PRIVATE LIMITED,,Tier 2,PRAYAGRAJ,,"{""adcityName"": ""Prayagraj"", ""cityName"": ""PRAYAGRAJ"", ""hospAcc"": """", ""hospName"": ""KRITI SCANNING CENTRE PRIVATE LIMITED"", ""tierType"": ""Tier 2""}"
2691,Prayagraj,Prayagraj,11,LG MULTISPECIALITY HOSPITAL AND TRAUMA CENTRE,QCI,TIER 2,VARANASI,,"{""adcityName"": ""Prayagraj"", ""cityName"": ""VARANASI"", ""hospAcc"": ""QCI"", ""hospName"": ""LG  MULTISPECIALITY HOSPITAL AND TRAUMA CENTRE"", ""tierType"": ""TIER 2""}"
2692,Prayagraj,Prayagraj,11,Life line hospital Varanasi,QCI,TIER 2,VARANASI,,"{""adcityName"": ""Prayagraj"", ""cityName"": ""VARANASI"", ""hospAcc"": ""QCI"", ""hospName"": ""Life line hospital Varanasi"", ""tierType"": ""TIER 2""}"
2693,Prayagraj,Prayagraj,11,LIONS EYE HOSPITAL,,Tier 2,PRAYAGRAJ,,"{""adcityName"": ""Prayagraj"", ""cityName"": ""PRAYAGRAJ"", ""hospAcc"": """", ""hospName"": ""LIONS EYE HOSPITAL"", ""tierType"": ""Tier 2""}"
2694,Prayagraj,Prayagraj,11,MAA SHARDA HOSPITAL,QCI,TIER 2,PRAYAGRAJ,,"{""adcityName"": ""Prayagraj"", ""cityName"": ""PRAYAGRAJ"", ""hospAcc"": ""QCI"", ""hospName"": ""MAA SHARDA HOSPITAL"", ""tierType"": ""TIER 2""}"
2695,Prayagraj,Prayagraj,11,MADNANI MEDICARE PVT LTD,QCI,TIER 2,PRAYAGRAJ,,"{""adcityName"": ""Prayagraj"", ""cityName"": ""PRAYAGRAJ"", ""hospAcc"": ""QCI"", ""hospName"": ""MADNANI MEDICARE PVT LTD"", ""tierType"": ""TIER 2""}"
2696,Prayagraj,Prayagraj,11,MAHALAXMI NETRALAYA AND MATERNITY CENTRE,QCI,TIER 2,PRAYAGRAJ,,"{""adcityName"": ""Prayagraj"", ""cityName"": ""PRAYAGRAJ"", ""hospAcc"": ""QCI"", ""hospName"": ""MAHALAXMI NETRALAYA AND MATERNITY CENTRE"", ""tierType"": ""TIER 2""}"
2697,Prayagraj,Prayagraj,11,MAHAMANA PANDIT MADAN MOHAN MALVIYA CANCER CENTRE,,Tier 2,PRAYAGRAJ,,"{""adcityName"": ""Prayagraj"", ""cityName"": ""PRAYAGRAJ"", ""hospAcc"": """", ""hospName"": ""MAHAMANA PANDIT MADAN MOHAN MALVIYA CANCER CENTRE"", ""tierType"": ""Tier 2""}"
2698,Prayagraj,Prayagraj,11,MAHASHWETA HOSPITAL PVT LTD,QCI,TIER 2,VARANASI,,"{""adcityName"": ""Prayagraj"", ""cityName"": ""VARANASI"", ""hospAcc"": ""QCI"", ""hospName"": ""MAHASHWETA HOSPITAL PVT LTD"", ""tierType"": ""TIER 2""}"
2699,Prayagraj,Prayagraj,11,MAHESH NETRALAYA,QCI,TIER 2,PRAYAGRAJ,,"{""adcityName"": ""Prayagraj"", ""cityName"": ""PRAYAGRAJ"", ""hospAcc"": ""QCI"", ""hospName"": ""MAHESH NETRALAYA"", ""tierType"": ""TIER 2""}"
2700,Prayagraj,Prayagraj,11,MANI SUPERSPECIALITY HOSPITAL,NABH,TIER 2,VARANASI,,"{""adcityName"": ""Prayagraj"", ""cityName"": ""VARANASI"", ""hospAcc"": ""NABH"", ""hospName"": ""MANI SUPERSPECIALITY HOSPITAL"", ""tierType"": ""TIER 2""}"
2701,Prayagraj,Prayagraj,11,MARUTI DENTAL CLINIC,QCI,TIER 2,PRAYAGRAJ,,"{""adcityName"": ""Prayagraj"", ""cityName"": ""PRAYAGRAJ"", ""hospAcc"": ""QCI"", ""hospName"": ""MARUTI DENTAL CLINIC"", ""tierType"": ""TIER 2""}"
2702,Prayagraj,Prayagraj,11,MAXWELL SUPER MULTI SPECIALITY HOSPITAL PVT.LTD.,NABH,TIER 2,VARANASI,,"{""adcityName"": ""Prayagraj"", ""cityName"": ""VARANASI"", ""hospAcc"": ""NABH"", ""hospName"": ""MAXWELL SUPER MULTI SPECIALITY HOSPITAL PVT.LTD."", ""tierType"": ""TIER 2""}"
2703,Prayagraj,Prayagraj,11,MERIDIAN NURSING HOME AND HOSPITAL PVT LTD,QCI,TIER 2,VARANASI,,"{""adcityName"": ""Prayagraj"", ""cityName"": ""VARANASI"", ""hospAcc"": ""QCI"", ""hospName"": ""MERIDIAN NURSING HOME AND HOSPITAL PVT LTD"", ""tierType"": ""TIER 2""}"
2704,Prayagraj,Prayagraj,11,MGM HOSPITAL AND RESARCH CENTRE JHALWA 120,QCI,TIER 2,PRAYAGRAJ,,"{""adcityName"": ""Prayagraj"", ""cityName"": ""PRAYAGRAJ"", ""hospAcc"": ""QCI "", ""hospName"": ""MGM HOSPITAL AND RESARCH CENTRE JHALWA 120"", ""tierType"": ""TIER 2""}"
2705,Prayagraj,Prayagraj,11,NARAYAN SWAROOP HOSPITAL,QCI,TIER 2,PRAYAGRAJ,,"{""adcityName"": ""Prayagraj"", ""cityName"": ""PRAYAGRAJ"", ""hospAcc"": ""QCI"", ""hospName"": ""NARAYAN SWAROOP HOSPITAL"", ""tierType"": ""TIER 2""}"
2706,Prayagraj,Prayagraj,11,NAVJEEVAN HOSPITAL,QCI,TIER 2,PRAYAGRAJ,,"{""adcityName"": ""Prayagraj"", ""cityName"": ""PRAYAGRAJ"", ""hospAcc"": ""QCI"", ""hospName"": ""NAVJEEVAN HOSPITAL"", ""tierType"": ""TIER 2""}"
2707,Prayagraj,Prayagraj,11,NETRODAYA THE EYE CITY LLP,NABH,TIER 2,VARANASI,,"{""adcityName"": ""Prayagraj"", ""cityName"": ""VARANASI"", ""hospAcc"": ""NABH"", ""hospName"": ""NETRODAYA THE EYE CITY LLP"", ""tierType"": ""TIER 2""}"
2708,Prayagraj,Prayagraj,11,NEW LIFE HOSPITAL,QCI,TIER 2,PRAYAGRAJ,,"{""adcityName"": ""Prayagraj"", ""cityName"": ""PRAYAGRAJ"", ""hospAcc"": ""QCI"", ""hospName"": ""NEW LIFE HOSPITAL"", ""tierType"": ""TIER 2""}"
2709,Prayagraj,Prayagraj,11,OJHA ENT SURGICAL AND RESEARCH COMPLEX,QCI,TIER 2,PRAYAGRAJ,,"{""adcityName"": ""Prayagraj"", ""cityName"": ""PRAYAGRAJ"", ""hospAcc"": ""QCI"", ""hospName"": ""OJHA ENT SURGICAL AND RESEARCH COMPLEX"", ""tierType"": ""TIER 2""}"
2710,Prayagraj,Prayagraj,11,ORIANA HOSPITAL PVT. LTD.,NABH,TIER 2,VARANASI,,"{""adcityName"": ""Prayagraj"", ""cityName"": ""VARANASI"", ""hospAcc"": ""NABH"", ""hospName"": ""ORIANA HOSPITAL PVT. LTD."", ""tierType"": ""TIER 2""}"
2711,Prayagraj,Prayagraj,11,OROFACIAL CARE CENTRE,QCI,TIER 2,PRAYAGRAJ,,"{""adcityName"": ""Prayagraj"", ""cityName"": ""PRAYAGRAJ"", ""hospAcc"": ""QCI"", ""hospName"": ""OROFACIAL CARE CENTRE"", ""tierType"": ""TIER 2""}"
2712,Prayagraj,Prayagraj,11,PANACEA HOSPITAL A UNIT OF AAROHA HEALTHCARE PVT. LTD.,QCI,TIER 2,PRAYAGRAJ,,"{""adcityName"": ""Prayagraj"", ""cityName"": ""PRAYAGRAJ"", ""hospAcc"": ""QCI"", ""hospName"": ""PANACEA HOSPITAL A UNIT OF AAROHA HEALTHCARE PVT. LTD."", ""tierType"": ""TIER 2""}"
2713,Prayagraj,Prayagraj,11,PARVATI HOSPITAL PVT LTD,NABH,TIER 2,PRAYAGRAJ,,"{""adcityName"": ""Prayagraj"", ""cityName"": ""PRAYAGRAJ"", ""hospAcc"": ""NABH"", ""hospName"": ""PARVATI HOSPITAL PVT LTD"", ""tierType"": ""TIER 2""}"
2714,Prayagraj,Prayagraj,11,Pathkind Diagnostics,QCI,TIER 2,PRAYAGRAJ,,"{""adcityName"": ""Prayagraj"", ""cityName"": ""PRAYAGRAJ"", ""hospAcc"": ""QCI"", ""hospName"": ""Pathkind Diagnostics"", ""tierType"": ""TIER 2""}"
2715,Prayagraj,Prayagraj,11,PATHKIND DIAGNOSTICS PVT LTD,QCI,TIER 2,VARANASI,,"{""adcityName"": ""Prayagraj"", ""cityName"": ""VARANASI"", ""hospAcc"": ""QCI"", ""hospName"": ""PATHKIND DIAGNOSTICS PVT LTD"", ""tierType"": ""TIER 2""}"
2716,Prayagraj,Prayagraj,11,PHOENIX HOSPITAL,QCI,TIER 2,PRAYAGRAJ,,"{""adcityName"": ""Prayagraj"", ""cityName"": ""PRAYAGRAJ"", ""hospAcc"": ""QCI"", ""hospName"": ""PHOENIX HOSPITAL"", ""tierType"": ""TIER 2""}"
2717,Prayagraj,Prayagraj,11,PLANET DENTAL CLINIC,QCI,TIER 2,PRAYAGRAJ,,"{""adcityName"": ""Prayagraj"", ""cityName"": ""PRAYAGRAJ"", ""hospAcc"": ""QCI"", ""hospName"": ""PLANET DENTAL CLINIC"", ""tierType"": ""TIER 2""}"
2718,Prayagraj,Prayagraj,11,POPULAR MEDICARE LIMITED,NABH,TIER 2,VARANASI,,"{""adcityName"": ""Prayagraj"", ""cityName"": ""VARANASI"", ""hospAcc"": ""NABH"", ""hospName"": ""POPULAR MEDICARE LIMITED"", ""tierType"": ""TIER 2""}"
2719,Prayagraj,Prayagraj,11,POPULAR MEDICARE LIMITED,,Tier 2,VARANASI,,"{""adcityName"": ""Prayagraj"", ""cityName"": ""VARANASI"", ""hospAcc"": """", ""hospName"": ""POPULAR MEDICARE LIMITED"", ""tierType"": ""Tier 2""}"
2720,Prayagraj,Prayagraj,11,PRACHI HOSPITAL PVT LTD,QCI,TIER 2,PRAYAGRAJ,,"{""adcityName"": ""Prayagraj"", ""cityName"": ""PRAYAGRAJ"", ""hospAcc"": ""QCI"", ""hospName"": ""PRACHI HOSPITAL PVT LTD"", ""tierType"": ""TIER 2""}"
2721,Prayagraj,Prayagraj,11,Prayag Retina Care,QCI,TIER 2,PRAYAGRAJ,,"{""adcityName"": ""Prayagraj"", ""cityName"": ""PRAYAGRAJ"", ""hospAcc"": ""QCI"", ""hospName"": ""Prayag Retina Care"", ""tierType"": ""TIER 2""}"
2722,Prayagraj,Prayagraj,11,PRITI HOSPITAL,QCI,TIER 2,PRAYAGRAJ,,"{""adcityName"": ""Prayagraj"", ""cityName"": ""PRAYAGRAJ"", ""hospAcc"": ""QCI"", ""hospName"": ""PRITI HOSPITAL"", ""tierType"": ""TIER 2""}"
2723,Prayagraj,Prayagraj,11,PRITI NURSINGH AND MATERNITY HOME,QCI,TIER 2,PRAYAGRAJ,,"{""adcityName"": ""Prayagraj"", ""cityName"": ""PRAYAGRAJ"", ""hospAcc"": ""QCI"", ""hospName"": ""PRITI NURSINGH AND MATERNITY HOME"", ""tierType"": ""TIER 2""}"
2724,Prayagraj,Prayagraj,11,PURVANCHAL NETRALAYA and RETINA CARE CENTER,NABH,TIER 2,VARANASI,,"{""adcityName"": ""Prayagraj"", ""cityName"": ""VARANASI"", ""hospAcc"": ""NABH"", ""hospName"": ""PURVANCHAL NETRALAYA and RETINA CARE CENTER"", ""tierType"": ""TIER 2""}"
2725,Prayagraj,Prayagraj,11,Raj Nursing Home,QCI,TIER 2,PRAYAGRAJ,,"{""adcityName"": ""Prayagraj"", ""cityName"": ""PRAYAGRAJ"", ""hospAcc"": ""QCI"", ""hospName"": ""Raj Nursing Home"", ""tierType"": ""TIER 2""}"
2726,Prayagraj,Prayagraj,11,RATAN JYOT NETRALAYA,QCI,TIER 2,PRAYAGRAJ,,"{""adcityName"": ""Prayagraj"", ""cityName"": ""PRAYAGRAJ"", ""hospAcc"": ""QCI"", ""hospName"": ""RATAN JYOT NETRALAYA"", ""tierType"": ""TIER 2""}"
2727,Prayagraj,Prayagraj,11,Riti Eye Care Hospital,QCI,TIER 2,PRAYAGRAJ,,"{""adcityName"": ""Prayagraj"", ""cityName"": ""PRAYAGRAJ"", ""hospAcc"": ""QCI"", ""hospName"": ""Riti Eye Care Hospital"", ""tierType"": ""TIER 2""}"
2728,Prayagraj,Prayagraj,11,SAI MEDICITY PVT LTD,QCI,TIER 2,VARANASI,,"{""adcityName"": ""Prayagraj"", ""cityName"": ""VARANASI"", ""hospAcc"": ""QCI"", ""hospName"": ""SAI MEDICITY PVT LTD"", ""tierType"": ""TIER 2""}"
2729,Prayagraj,Prayagraj,11,SAKET MATERNITY AND NURSING HOME PVT LIMITED,QCI,TIER 2,PRAYAGRAJ,,"{""adcityName"": ""Prayagraj"", ""cityName"": ""PRAYAGRAJ"", ""hospAcc"": ""QCI "", ""hospName"": ""SAKET MATERNITY AND NURSING HOME PVT LIMITED"", ""tierType"": ""TIER 2""}"
2730,Prayagraj,Prayagraj,11,SARASWATI HEART CARE AND RESEARCH CENTRE PVT LTD,,Tier 2,PRAYAGRAJ,,"{""adcityName"": ""Prayagraj"", ""cityName"": ""PRAYAGRAJ"", ""hospAcc"": """", ""hospName"": ""SARASWATI HEART CARE AND RESEARCH CENTRE PVT LTD"", ""tierType"": ""Tier 2""}"
2731,Prayagraj,Prayagraj,11,SARASWATI HEART CARE RESEARCH CENTRE PRIVATE LIMITED,QCI,TIER 2,PRAYAGRAJ,,"{""adcityName"": ""Prayagraj"", ""cityName"": ""PRAYAGRAJ"", ""hospAcc"": ""QCI"", ""hospName"": ""SARASWATI HEART CARE RESEARCH CENTRE PRIVATE LIMITED"", ""tierType"": ""TIER 2""}"
2732,Prayagraj,Prayagraj,11,SARASWATI NETRALAYA,QCI,TIER 2,PRAYAGRAJ,,"{""adcityName"": ""Prayagraj"", ""cityName"": ""PRAYAGRAJ"", ""hospAcc"": ""QCI"", ""hospName"": ""SARASWATI NETRALAYA"", ""tierType"": ""TIER 2""}"
2733,Prayagraj,Prayagraj,11,Saroj Hospital,QCI,TIER 2,VARANASI,,"{""adcityName"": ""Prayagraj"", ""cityName"": ""VARANASI"", ""hospAcc"": ""QCI"", ""hospName"": ""Saroj Hospital"", ""tierType"": ""TIER 2""}"
2734,Prayagraj,Prayagraj,11,SAS Hospital,QCI,TIER 2,VARANASI,,"{""adcityName"": ""Prayagraj"", ""cityName"": ""VARANASI"", ""hospAcc"": ""QCI"", ""hospName"": ""SAS Hospital"", ""tierType"": ""TIER 2""}"
2735,Prayagraj,Prayagraj,11,SAVITRI DENTAL HOSPITAL,,Tier 2,PRAYAGRAJ,,"{""adcityName"": ""Prayagraj"", ""cityName"": ""PRAYAGRAJ"", ""hospAcc"": """", ""hospName"": ""SAVITRI DENTAL HOSPITAL"", ""tierType"": ""Tier 2""}"
2736,Prayagraj,Prayagraj,11,shakuntala hospital,,Tier 2,PRAYAGRAJ,,"{""adcityName"": ""Prayagraj"", ""cityName"": ""PRAYAGRAJ"", ""hospAcc"": """", ""hospName"": ""shakuntala hospital"", ""tierType"": ""Tier 2""}"
2737,Prayagraj,Prayagraj,11,SHAKUNTALA HOSPITAL,QCI,TIER 2,PRAYAGRAJ,,"{""adcityName"": ""Prayagraj"", ""cityName"": ""PRAYAGRAJ"", ""hospAcc"": ""QCI"", ""hospName"": ""SHAKUNTALA HOSPITAL"", ""tierType"": ""TIER 2""}"
2738,Prayagraj,Prayagraj,11,SHANTI VILAS HOSPITAL,QCI,TIER 2,PRAYAGRAJ,,"{""adcityName"": ""Prayagraj"", ""cityName"": ""PRAYAGRAJ"", ""hospAcc"": ""QCI"", ""hospName"": ""SHANTI VILAS HOSPITAL"", ""tierType"": ""TIER 2""}"
2739,Prayagraj,Prayagraj,11,Sharp Sight Eye Hospitals,QCI,TIER 2,PRAYAGRAJ,,"{""adcityName"": ""Prayagraj"", ""cityName"": ""PRAYAGRAJ"", ""hospAcc"": ""QCI"", ""hospName"": ""Sharp Sight Eye Hospitals"", ""tierType"": ""TIER 2""}"
2740,Prayagraj,Prayagraj,11,SHIKHAR HOSPITAL,QCI,TIER 2,PRAYAGRAJ,,"{""adcityName"": ""Prayagraj"", ""cityName"": ""PRAYAGRAJ"", ""hospAcc"": ""QCI"", ""hospName"": ""SHIKHAR HOSPITAL"", ""tierType"": ""TIER 2""}"
2741,Prayagraj,Prayagraj,11,SHIVAM AKSHAYVAT MULTISPECIALITY HOSPITAL,QCI,TIER 2,PRAYAGRAJ,,"{""adcityName"": ""Prayagraj"", ""cityName"": ""PRAYAGRAJ"", ""hospAcc"": ""QCI"", ""hospName"": ""SHIVAM AKSHAYVAT MULTISPECIALITY HOSPITAL"", ""tierType"": ""TIER 2""}"
2742,Prayagraj,Prayagraj,11,SHUBHAM HOSPITAL A UNIT OF SHUBHAM MEDICARE PRIVATE LIMITED,NABH,TIER 2,VARANASI,,"{""adcityName"": ""Prayagraj"", ""cityName"": ""VARANASI"", ""hospAcc"": ""NABH"", ""hospName"": ""SHUBHAM HOSPITAL A UNIT OF SHUBHAM MEDICARE PRIVATE LIMITED"", ""tierType"": ""TIER 2""}"
2743,Prayagraj,Prayagraj,11,Singh Medical & Surgical Centre,QCI,TIER 2,VARANASI,,"{""adcityName"": ""Prayagraj"", ""cityName"": ""VARANASI"", ""hospAcc"": ""QCI"", ""hospName"": ""Singh Medical & Surgical Centre"", ""tierType"": ""TIER 2""}"
2744,Prayagraj,Prayagraj,11,SRIJAN VATSALYA HOSPITAL PRIVATE LIMITED,,Tier 2,PRAYAGRAJ,,"{""adcityName"": ""Prayagraj"", ""cityName"": ""PRAYAGRAJ"", ""hospAcc"": """", ""hospName"": ""SRIJAN VATSALYA HOSPITAL PRIVATE LIMITED"", ""tierType"": ""Tier 2""}"
2745,Prayagraj,Prayagraj,11,SRIJAN VATSALYA HOSPITAL PRIVATE LIMITED,QCI,TIER 2,PRAYAGRAJ,,"{""adcityName"": ""Prayagraj"", ""cityName"": ""PRAYAGRAJ"", ""hospAcc"": ""QCI"", ""hospName"": ""SRIJAN VATSALYA HOSPITAL PRIVATE LIMITED"", ""tierType"": ""TIER 2""}"
2746,Prayagraj,Prayagraj,11,SUDHA SURGICAL HOSPITAL PVT LTD,NABH,TIER 2,VARANASI,,"{""adcityName"": ""Prayagraj"", ""cityName"": ""VARANASI"", ""hospAcc"": ""NABH"", ""hospName"": ""SUDHA SURGICAL HOSPITAL PVT LTD"", ""tierType"": ""TIER 2""}"
2747,Prayagraj,Prayagraj,11,SUPER SPECIALITY DENTAL CENTER,QCI,TIER 2,VARANASI,,"{""adcityName"": ""Prayagraj"", ""cityName"": ""VARANASI"", ""hospAcc"": ""QCI "", ""hospName"": ""SUPER SPECIALITY DENTAL CENTER"", ""tierType"": ""TIER 2""}"
2748,Prayagraj,Prayagraj,11,SWASTIKA DENTAL CARE,QCI,TIER 2,PRAYAGRAJ,,"{""adcityName"": ""Prayagraj"", ""cityName"": ""PRAYAGRAJ"", ""hospAcc"": ""QCI"", ""hospName"": ""SWASTIKA DENTAL CARE "", ""tierType"": ""TIER 2""}"
2749,Prayagraj,Prayagraj,11,The Fractures Clinic and Trauma Hospital,,Tier 2,VARANASI,,"{""adcityName"": ""Prayagraj"", ""cityName"": ""VARANASI"", ""hospAcc"": """", ""hospName"": ""The Fractures Clinic and Trauma Hospital"", ""tierType"": ""Tier 2""}"
2750,Prayagraj,Prayagraj,11,THE FRACTURES CLINIC and TRAUMA HOSPITAL,QCI,TIER 2,VARANASI,,"{""adcityName"": ""Prayagraj"", ""cityName"": ""VARANASI"", ""hospAcc"": ""QCI "", ""hospName"": ""THE FRACTURES CLINIC and TRAUMA HOSPITAL"", ""tierType"": ""TIER 2""}"
2751,Prayagraj,Prayagraj,11,TOSHI PATHOLOGY,,Tier 2,PRAYAGRAJ,,"{""adcityName"": ""Prayagraj"", ""cityName"": ""PRAYAGRAJ"", ""hospAcc"": """", ""hospName"": ""TOSHI PATHOLOGY"", ""tierType"": ""Tier 2""}"
2752,Prayagraj,Prayagraj,11,TRIMURTI HOSPITAL UNIT CARDIAC CARE CENTER PVT LTD,NABH,TIER 2,VARANASI,,"{""adcityName"": ""Prayagraj"", ""cityName"": ""VARANASI"", ""hospAcc"": ""NABH"", ""hospName"": ""TRIMURTI HOSPITAL UNIT CARDIAC CARE CENTER PVT LTD"", ""tierType"": ""TIER 2""}"
2753,Prayagraj,Prayagraj,11,TRIVENI DENTAL CLINIC,,Tier 2,PRAYAGRAJ,,"{""adcityName"": ""Prayagraj"", ""cityName"": ""PRAYAGRAJ"", ""hospAcc"": """", ""hospName"": ""TRIVENI DENTAL CLINIC"", ""tierType"": ""Tier 2""}"
2754,Prayagraj,Prayagraj,11,UMAPREM NETRALAY EYE HOSPITAL,QCI,TIER 2,VARANASI,,"{""adcityName"": ""Prayagraj"", ""cityName"": ""VARANASI"", ""hospAcc"": ""QCI"", ""hospName"": ""UMAPREM  NETRALAY  EYE HOSPITAL"", ""tierType"": ""TIER 2""}"
2755,Prayagraj,Prayagraj,11,UNITED MEDICITY,QCI,TIER 2,PRAYAGRAJ,,"{""adcityName"": ""Prayagraj"", ""cityName"": ""PRAYAGRAJ"", ""hospAcc"": ""QCI"", ""hospName"": ""UNITED MEDICITY"", ""tierType"": ""TIER 2""}"
2756,Prayagraj,Prayagraj,11,Upkar Hospital,QCI,TIER 2,VARANASI,,"{""adcityName"": ""Prayagraj"", ""cityName"": ""VARANASI"", ""hospAcc"": ""QCI"", ""hospName"": ""Upkar Hospital"", ""tierType"": ""TIER 2""}"
2757,Prayagraj,Prayagraj,11,UTTHAN SHAMBHUNATH RESEARCH INSTITUTE OF MEDICALS,QCI,TIER 2,PRAYAGRAJ,,"{""adcityName"": ""Prayagraj"", ""cityName"": ""PRAYAGRAJ"", ""hospAcc"": ""QCI"", ""hospName"": ""UTTHAN SHAMBHUNATH RESEARCH INSTITUTE OF MEDICALS "", ""tierType"": ""TIER 2""}"
2758,Prayagraj,Prayagraj,11,VATSALYA MATERNITY and SURGICAL CENTRE PVT LTD,QCI,TIER 2,PRAYAGRAJ,,"{""adcityName"": ""Prayagraj"", ""cityName"": ""PRAYAGRAJ"", ""hospAcc"": ""QCI"", ""hospName"": ""VATSALYA MATERNITY and SURGICAL CENTRE PVT LTD"", ""tierType"": ""TIER 2""}"
2759,Prayagraj,Prayagraj,11,VERSOVA HOSPITAL,QCI,TIER 2,VARANASI,,"{""adcityName"": ""Prayagraj"", ""cityName"": ""VARANASI"", ""hospAcc"": ""QCI"", ""hospName"": ""VERSOVA HOSPITAL "", ""tierType"": ""TIER 2""}"
2760,Prayagraj,Prayagraj,11,VINEETA HOSPITAL PVT LTD,QCI,TIER 2,PRAYAGRAJ,,"{""adcityName"": ""Prayagraj"", ""cityName"": ""PRAYAGRAJ"", ""hospAcc"": ""QCI"", ""hospName"": ""VINEETA HOSPITAL PVT LTD"", ""tierType"": ""TIER 2""}"
2761,Prayagraj,Prayagraj,11,VIRENDRA HOSPITAL,QCI,TIER 2,PRAYAGRAJ,,"{""adcityName"": ""Prayagraj"", ""cityName"": ""PRAYAGRAJ"", ""hospAcc"": ""QCI"", ""hospName"": ""VIRENDRA HOSPITAL"", ""tierType"": ""TIER 2""}"
2762,Prayagraj,Prayagraj,11,YASH HOSPITAL,QCI,TIER 2,PRAYAGRAJ,,"{""adcityName"": ""Prayagraj"", ""cityName"": ""PRAYAGRAJ"", ""hospAcc"": ""QCI"", ""hospName"": ""YASH HOSPITAL"", ""tierType"": ""TIER 2""}"
2763,Prayagraj,Prayagraj,11,YASHLOK HOSPITAL and RESEARCH CENTER,,Tier 2,PRAYAGRAJ,,"{""adcityName"": ""Prayagraj"", ""cityName"": ""PRAYAGRAJ"", ""hospAcc"": """", ""hospName"": ""YASHLOK HOSPITAL and RESEARCH CENTER"", ""tierType"": ""Tier 2""}"
2764,Prayagraj,Prayagraj,11,YASHLOK HOSPITAL AND RESEARCH CENTRE,NABH,TIER 2,PRAYAGRAJ,,"{""adcityName"": ""Prayagraj"", ""cityName"": ""PRAYAGRAJ"", ""hospAcc"": ""NABH"", ""hospName"": ""YASHLOK HOSPITAL AND RESEARCH CENTRE"", ""tierType"": ""TIER 2""}"
2765,Pune,Pune,30,Aadhar Hospital,QCI,Tier 1,Pune,,"{""adcityName"": ""Pune"", ""cityName"": ""Pune"", ""hospAcc"": ""QCI"", ""hospName"": ""Aadhar Hospital"", ""tierType"": ""Tier 1""}"
2766,Pune,Pune,30,Aaradhya Netralaya,QCI,Tier 1,Pune,,"{""adcityName"": ""Pune"", ""cityName"": ""Pune"", ""hospAcc"": ""QCI"", ""hospName"": ""Aaradhya Netralaya"", ""tierType"": ""Tier 1""}"
2767,Pune,Pune,30,Accord Hospital(Sant Dnyaneshwar),QCI,Tier 1,Pune,,"{""adcityName"": ""Pune"", ""cityName"": ""Pune"", ""hospAcc"": ""QCI"", ""hospName"": ""Accord Hospital(Sant Dnyaneshwar)"", ""tierType"": ""Tier 1""}"
2768,Pune,Pune,30,Aditya Birla Memorial hospital,NABH,Tier 1,Pune,,"{""adcityName"": ""Pune"", ""cityName"": ""Pune"", ""hospAcc"": ""NABH"", ""hospName"": ""Aditya Birla Memorial hospital"", ""tierType"": ""Tier 1""}"
2769,Pune,Pune,30,Advance Dental Clinic,NABH,Tier 1,Pune,,"{""adcityName"": ""Pune"", ""cityName"": ""Pune"", ""hospAcc"": ""NABH"", ""hospName"": ""Advance Dental Clinic"", ""tierType"": ""Tier 1""}"
2770,Pune,Pune,30,Ameya Netralaya,QCI,Tier 1,Pune,,"{""adcityName"": ""Pune"", ""cityName"": ""Pune"", ""hospAcc"": ""QCI"", ""hospName"": ""Ameya Netralaya"", ""tierType"": ""Tier 1""}"
2771,Pune,Pune,30,ASG Eye Hospital,NABH,Tier 1,Pune,,"{""adcityName"": ""Pune"", ""cityName"": ""Pune"", ""hospAcc"": ""NABH"", ""hospName"": ""ASG Eye Hospital"", ""tierType"": ""Tier 1""}"
2772,Pune,Pune,30,ASG Eye Hospital,QCI,Tier 1,Pune,,"{""adcityName"": ""Pune"", ""cityName"": ""Pune"", ""hospAcc"": ""QCI"", ""hospName"": ""ASG Eye Hospital"", ""tierType"": ""Tier 1""}"
2773,Pune,Pune,30,ASG HOSPITAL PVT LTD (ASG EYE HOSPITAL AURANGABAD),QCI,Tier 2,Chh. Sambhajinagar,,"{""adcityName"": ""Pune"", ""cityName"": ""Chh. Sambhajinagar"", ""hospAcc"": ""QCI"", ""hospName"": ""ASG HOSPITAL PVT LTD                           (ASG EYE HOSPITAL AURANGABAD)"", ""tierType"": ""Tier 2""}"
2774,Pune,Pune,30,ASIAN EYE HOSPITAL (Sai Surya Eye Care Pvt.Ltd),NABH,Tier 1,Pune,,"{""adcityName"": ""Pune"", ""cityName"": ""Pune"", ""hospAcc"": ""NABH"", ""hospName"": ""ASIAN EYE HOSPITAL (Sai Surya Eye Care Pvt.Ltd)"", ""tierType"": ""Tier 1""}"
2775,Pune,Pune,30,Atharva Hospital,QCI,Tier 1,Pune,,"{""adcityName"": ""Pune"", ""cityName"": ""Pune"", ""hospAcc"": ""QCI"", ""hospName"": ""Atharva Hospital"", ""tierType"": ""Tier 1""}"
2776,Pune,Pune,30,Aurangabad institute of Medical Sciences Pvt Ltd.,NABH,Tier 2,Chh. Sambhajinagar,,"{""adcityName"": ""Pune"", ""cityName"": ""Chh. Sambhajinagar"", ""hospAcc"": ""NABH"", ""hospName"": ""Aurangabad institute of Medical Sciences Pvt Ltd.\n\n\n"", ""tierType"": ""Tier 2""}"
2777,Pune,Pune,30,Bharati Hospital & Research Centre,NABH,Tier 1,Pune,,"{""adcityName"": ""Pune"", ""cityName"": ""Pune"", ""hospAcc"": ""NABH"", ""hospName"": ""Bharati Hospital & Research Centre"", ""tierType"": ""Tier 1""}"
2778,Pune,Pune,30,Brahmchaitanya Superspeciality Hospital Pvt. Ltd,NABH,Tier 1,Pune,,"{""adcityName"": ""Pune"", ""cityName"": ""Pune"", ""hospAcc"": ""NABH"", ""hospName"": ""Brahmchaitanya Superspeciality Hospital Pvt. Ltd"", ""tierType"": ""Tier 1""}"
2779,Pune,Pune,30,Cellcure Cancer Centre Pvt. Ltd.,NABH,Tier 1,Pune,,"{""adcityName"": ""Pune"", ""cityName"": ""Pune"", ""hospAcc"": ""NABH"", ""hospName"": ""Cellcure Cancer Centre Pvt. Ltd."", ""tierType"": ""Tier 1""}"
2780,Pune,Pune,30,Cellcure Cancer Centre Pvt. Ltd.,NABH,Tier 1,Pune,,"{""adcityName"": ""Pune"", ""cityName"": ""Pune"", ""hospAcc"": ""NABH"", ""hospName"": ""Cellcure Cancer Centre Pvt. Ltd."", ""tierType"": ""Tier 1""}"
2781,Pune,Pune,30,Dada Laser Eye Institute,NABH,Tier 1,Pune,,"{""adcityName"": ""Pune"", ""cityName"": ""Pune"", ""hospAcc"": ""NABH"", ""hospName"": ""Dada Laser Eye Institute"", ""tierType"": ""Tier 1""}"
2782,Pune,Pune,30,Deshpande Eye Hospital & Laser Centre,QCI,Tier 1,Pune,,"{""adcityName"": ""Pune"", ""cityName"": ""Pune"", ""hospAcc"": ""QCI"", ""hospName"": ""Deshpande Eye Hospital & Laser Centre"", ""tierType"": ""Tier 1""}"
2783,Pune,Pune,30,DHAKNE HOSPITAL TALEGAON DHABADE,QCI,Tier 1,Pune,,"{""adcityName"": ""Pune"", ""cityName"": ""Pune"", ""hospAcc"": ""QCI"", ""hospName"": ""DHAKNE HOSPITAL TALEGAON DHABADE"", ""tierType"": ""Tier 1""}"
2784,Pune,Pune,30,DHANSHREE HOSPITAL (ARP Ventures Pvt Ltd),NABH,Tier 1,Pune,,"{""adcityName"": ""Pune"", ""cityName"": ""Pune"", ""hospAcc"": ""NABH"", ""hospName"": ""DHANSHREE HOSPITAL (ARP Ventures Pvt Ltd)"", ""tierType"": ""Tier 1""}"
2785,Pune,Pune,30,"Diagnopein Healthcare Pvt. Ltd., Pune",NABL,Tier 1,Pune,,"{""adcityName"": ""Pune"", ""cityName"": ""Pune"", ""hospAcc"": ""NABL"", ""hospName"": ""Diagnopein Healthcare Pvt. Ltd., Pune"", ""tierType"": ""Tier 1""}"
2786,Pune,Pune,30,DONGAONKAR SUPERSPECIALITY EYE HOSPITAL,QCI,Tier 2,Chh. Sambhajinagar,,"{""adcityName"": ""Pune"", ""cityName"": ""Chh. Sambhajinagar"", ""hospAcc"": ""QCI"", ""hospName"": ""DONGAONKAR SUPERSPECIALITY EYE HOSPITAL"", ""tierType"": ""Tier 2""}"
2787,Pune,Pune,30,Dr. Agarwal Healthcare Limited,QCI,Tier 1,Pune,,"{""adcityName"": ""Pune"", ""cityName"": ""Pune"", ""hospAcc"": ""QCI"", ""hospName"": ""Dr. Agarwal Healthcare Limited"", ""tierType"": ""Tier 1""}"
2788,Pune,Pune,30,Dr. Agarwal Healthcare Limited,QCI,Tier 1,Pune,,"{""adcityName"": ""Pune"", ""cityName"": ""Pune"", ""hospAcc"": ""QCI"", ""hospName"": ""Dr. Agarwal Healthcare Limited "", ""tierType"": ""Tier 1""}"
2789,Pune,Pune,30,Dr. Agrawal Eye Hospital Hadapsar,QCI,Tier 1,Pune,,"{""adcityName"": ""Pune"", ""cityName"": ""Pune"", ""hospAcc"": ""QCI"", ""hospName"": ""Dr. Agrawal  Eye Hospital Hadapsar"", ""tierType"": ""Tier 1""}"
2790,Pune,Pune,30,Dr.Babasaheb Ambedkar Vaidyakiya Pratishthan DR.HEDGEWAR RUGNALAYA,NABH/NABL,Tier 2,Chh. Sambhajinagar,,"{""adcityName"": ""Pune"", ""cityName"": ""Chh. Sambhajinagar"", ""hospAcc"": ""NABH/NABL"", ""hospName"": ""Dr.Babasaheb Ambedkar Vaidyakiya Pratishthan  DR.HEDGEWAR RUGNALAYA"", ""tierType"": ""Tier 2""}"
2791,Pune,Pune,30,Dr. Bansal Hospital,QCI,Tier 1,Pune,,"{""adcityName"": ""Pune"", ""cityName"": ""Pune"", ""hospAcc"": ""QCI"", ""hospName"": ""Dr. Bansal Hospital"", ""tierType"": ""Tier 1""}"
2792,Pune,Pune,30,Dr. Dudhabhate Netralaya & Retina Centre,NABH,Tier 1,Pune,,"{""adcityName"": ""Pune"", ""cityName"": ""Pune"", ""hospAcc"": ""NABH"", ""hospName"": ""Dr. Dudhabhate Netralaya & Retina Centre"", ""tierType"": ""Tier 1""}"
2793,Pune,Pune,30,"Dr. D Y Patil Medical College, Hospital & Research Centre",NABH,Tier 1,Pune,,"{""adcityName"": ""Pune"", ""cityName"": ""Pune"", ""hospAcc"": ""NABH"", ""hospName"": ""Dr. D Y Patil Medical College, Hospital & Research Centre"", ""tierType"": ""Tier 1""}"
2794,Pune,Pune,30,Dr. Jadhav Eye Foundation,QCI,Tier 1,Pune,,"{""adcityName"": ""Pune"", ""cityName"": ""Pune"", ""hospAcc"": ""QCI"", ""hospName"": ""Dr. Jadhav Eye Foundation"", ""tierType"": ""Tier 1""}"
2795,Pune,Pune,30,"Dr. Kabre Orthopaedic , Spine and Dental Center",QCI,Tier 1,Pune,,"{""adcityName"": ""Pune"", ""cityName"": ""Pune"", ""hospAcc"": ""QCI"", ""hospName"": ""Dr. Kabre Orthopaedic , Spine and Dental Center"", ""tierType"": ""Tier 1""}"
2796,Pune,Pune,30,Dr.LAL PATH LABS LTD.,NABL,Tier 1,Pune,,"{""adcityName"": ""Pune"", ""cityName"": ""Pune"", ""hospAcc"": ""NABL"", ""hospName"": ""Dr.LAL PATH LABS LTD."", ""tierType"": ""Tier 1""}"
2797,Pune,Pune,30,Dr. Parbatani Eye Clinic,QCI,Tier 1,Pune,,"{""adcityName"": ""Pune"", ""cityName"": ""Pune"", ""hospAcc"": ""QCI"", ""hospName"": ""Dr. Parbatani Eye Clinic"", ""tierType"": ""Tier 1""}"
2798,Pune,Pune,30,Fortune's Sparsh Healthcare Pvt.Ltd,QCI,Tier 1,Pune,,"{""adcityName"": ""Pune"", ""cityName"": ""Pune"", ""hospAcc"": ""QCI"", ""hospName"": ""Fortune's Sparsh Healthcare Pvt.Ltd"", ""tierType"": ""Tier 1""}"
2799,Pune,Pune,30,GANPATI DANT RUGNALAYA & SHARDA DENTAL HOSPITAL,QCI,Tier 2,Chh. Sambhajinagar,,"{""adcityName"": ""Pune"", ""cityName"": ""Chh. Sambhajinagar"", ""hospAcc"": ""QCI"", ""hospName"": ""GANPATI DANT RUGNALAYA & SHARDA DENTAL HOSPITAL"", ""tierType"": ""Tier 2""}"
2800,Pune,Pune,30,Global Hospital & Research Centre,QCI,Tier 1,Pune,,"{""adcityName"": ""Pune"", ""cityName"": ""Pune"", ""hospAcc"": ""QCI"", ""hospName"": ""Global Hospital & Research Centre"", ""tierType"": ""Tier 1""}"
2801,Pune,Pune,30,Grant Medical Foundation's Ruby Hall Clinic,NABH/NABL,Tier 1,Pune,,"{""adcityName"": ""Pune"", ""cityName"": ""Pune"", ""hospAcc"": ""NABH/NABL"", ""hospName"": ""Grant Medical Foundation's Ruby Hall Clinic"", ""tierType"": ""Tier 1""}"
2802,Pune,Pune,30,Gunjkar Multi-speciality Hospial,NABH,Tier 2,Chh. Sambhajinagar,,"{""adcityName"": ""Pune"", ""cityName"": ""Chh. Sambhajinagar"", ""hospAcc"": ""NABH"", ""hospName"": ""Gunjkar Multi-speciality Hospial"", ""tierType"": ""Tier 2""}"
2803,Pune,Pune,30,HV Desai Eye Hospital,NABH,Tier 1,Pune,,"{""adcityName"": ""Pune"", ""cityName"": ""Pune"", ""hospAcc"": ""NABH"", ""hospName"": ""HV Desai Eye Hospital"", ""tierType"": ""Tier 1""}"
2804,Pune,Pune,30,IMAX MULTISPECIALITY HOSPITAL,QCI,Tier 1,Pune,,"{""adcityName"": ""Pune"", ""cityName"": ""Pune"", ""hospAcc"": ""QCI"", ""hospName"": ""IMAX MULTISPECIALITY HOSPITAL"", ""tierType"": ""Tier 1""}"
2805,Pune,Pune,30,Isha Eye Care Pvt Ltd.,QCI,Tier 1,Pune,,"{""adcityName"": ""Pune"", ""cityName"": ""Pune"", ""hospAcc"": ""QCI"", ""hospName"": ""Isha Eye Care Pvt Ltd."", ""tierType"": ""Tier 1""}"
2806,Pune,Pune,30,JeevanJyoti Hospital,QCI,Tier 1,Pune,,"{""adcityName"": ""Pune"", ""cityName"": ""Pune"", ""hospAcc"": ""QCI"", ""hospName"": ""JeevanJyoti Hospital"", ""tierType"": ""Tier 1""}"
2807,Pune,Pune,30,Jehangir Hospital,NABH,Tier 1,Pune,,"{""adcityName"": ""Pune"", ""cityName"": ""Pune"", ""hospAcc"": ""NABH"", ""hospName"": ""Jehangir Hospital"", ""tierType"": ""Tier 1""}"
2808,Pune,Pune,30,Jivanrekha Multispeciality Hospital,QCI,Tier 1,Pune,,"{""adcityName"": ""Pune"", ""cityName"": ""Pune"", ""hospAcc"": ""QCI"", ""hospName"": ""Jivanrekha Multispeciality Hospital"", ""tierType"": ""Tier 1""}"
2809,Pune,Pune,30,KEM Hospital Pune,QCI,Tier 1,Pune,,"{""adcityName"": ""Pune"", ""cityName"": ""Pune"", ""hospAcc"": ""QCI"", ""hospName"": ""KEM Hospital Pune"", ""tierType"": ""Tier 1""}"
2810,Pune,Pune,30,Kohakade Hospital,QCI,Tier 1,Pune,,"{""adcityName"": ""Pune"", ""cityName"": ""Pune"", ""hospAcc"": ""QCI"", ""hospName"": ""Kohakade Hospital"", ""tierType"": ""Tier 1""}"
2811,Pune,Pune,30,Krishna General Hospital,QCI,Tier 1,Pune,,"{""adcityName"": ""Pune"", ""cityName"": ""Pune"", ""hospAcc"": ""QCI"", ""hospName"": ""Krishna General Hospital"", ""tierType"": ""Tier 1""}"
2812,Pune,Pune,30,KRSNAA DIAGNOSTICS LTD,NABL,Tier 1,Pune,,"{""adcityName"": ""Pune"", ""cityName"": ""Pune"", ""hospAcc"": ""NABL"", ""hospName"": ""KRSNAA DIAGNOSTICS LTD"", ""tierType"": ""Tier 1""}"
2813,Pune,Pune,30,"LIFELINE HOSPITAL,WAGHOLI",NABH,Tier 1,Pune,,"{""adcityName"": ""Pune"", ""cityName"": ""Pune"", ""hospAcc"": ""NABH"", ""hospName"": ""LIFELINE HOSPITAL,WAGHOLI"", ""tierType"": ""Tier 1""}"
2814,Pune,Pune,30,Lokmanya Hospital Chinchwad,QCI,Tier 1,Pune,,"{""adcityName"": ""Pune"", ""cityName"": ""Pune"", ""hospAcc"": ""QCI"", ""hospName"": ""Lokmanya Hospital Chinchwad"", ""tierType"": ""Tier 1""}"
2815,Pune,Pune,30,"LOKMANYA HOSPITAL (LHSS),Senapati Bapat Road,Pune",NABH,Tier 1,Pune,,"{""adcityName"": ""Pune"", ""cityName"": ""Pune"", ""hospAcc"": ""NABH"", ""hospName"": ""LOKMANYA HOSPITAL (LHSS),Senapati Bapat Road,Pune"", ""tierType"": ""Tier 1""}"
2816,Pune,Pune,30,Lokmanya Hospital Nigdi,NABH,Tier 1,Pune,,"{""adcityName"": ""Pune"", ""cityName"": ""Pune"", ""hospAcc"": ""NABH"", ""hospName"": ""Lokmanya Hospital Nigdi"", ""tierType"": ""Tier 1""}"
2817,Pune,Pune,30,Mahaveer Super Speciality Eye Hospital And Laser Centre,QCI,Tier 1,Pune,,"{""adcityName"": ""Pune"", ""cityName"": ""Pune"", ""hospAcc"": ""QCI"", ""hospName"": ""Mahaveer Super Speciality Eye Hospital And Laser Centre"", ""tierType"": ""Tier 1""}"
2818,Pune,Pune,30,Makan Hospital,QCI,Tier 1,Pune,,"{""adcityName"": ""Pune"", ""cityName"": ""Pune"", ""hospAcc"": ""QCI"", ""hospName"": ""Makan Hospital"", ""tierType"": ""Tier 1""}"
2819,Pune,Pune,30,Max Neuro Hospital,QCI,Tier 1,Pune,,"{""adcityName"": ""Pune"", ""cityName"": ""Pune"", ""hospAcc"": ""QCI"", ""hospName"": ""Max Neuro Hospital"", ""tierType"": ""Tier 1""}"
2820,Pune,Pune,30,MEDICOVER HOSPITAL AURANGABAD,NABH,Tier 2,Chh. Sambhajinagar,,"{""adcityName"": ""Pune"", ""cityName"": ""Chh. Sambhajinagar"", ""hospAcc"": ""NABH"", ""hospName"": ""MEDICOVER HOSPITAL AURANGABAD"", ""tierType"": ""Tier 2""}"
2821,Pune,Pune,30,Metropolis Health care Limited,NABL,Tier 1,Pune,,"{""adcityName"": ""Pune"", ""cityName"": ""Pune"", ""hospAcc"": ""NABL"", ""hospName"": ""Metropolis Health care Limited"", ""tierType"": ""Tier 1""}"
2822,Pune,Pune,30,MOOLANI EYE CARE CENTRE,QCI,Tier 1,Pune,,"{""adcityName"": ""Pune"", ""cityName"": ""Pune"", ""hospAcc"": ""QCI"", ""hospName"": ""MOOLANI EYE CARE  CENTRE"", ""tierType"": ""Tier 1""}"
2823,Pune,Pune,30,NIO Aundh,NABH,Tier 1,Pune,,"{""adcityName"": ""Pune"", ""cityName"": ""Pune"", ""hospAcc"": ""NABH"", ""hospName"": ""NIO Aundh"", ""tierType"": ""Tier 1""}"
2824,Pune,Pune,30,"NIO EYES +Jai & Aditya Kelkar Eye Care & Laser Institute Pvt. Ltd., Aundh.",NABH,Tier 1,Pune,,"{""adcityName"": ""Pune"", ""cityName"": ""Pune"", ""hospAcc"": ""NABH"", ""hospName"": ""NIO EYES +Jai & Aditya Kelkar Eye Care & Laser Institute Pvt. Ltd., Aundh."", ""tierType"": ""Tier 1""}"
2825,Pune,Pune,30,NIO Shivajinagar,NABH,Tier 1,Pune,,"{""adcityName"": ""Pune"", ""cityName"": ""Pune"", ""hospAcc"": ""NABH"", ""hospName"": ""NIO Shivajinagar"", ""tierType"": ""Tier 1""}"
2826,Pune,Pune,30,Nirvikar Ayurved Hospital,QCI,Tier 1,Pune,,"{""adcityName"": ""Pune"", ""cityName"": ""Pune"", ""hospAcc"": ""QCI"", ""hospName"": ""Nirvikar Ayurved Hospital"", ""tierType"": ""Tier 1""}"
2827,Pune,Pune,30,NM Wadia Institute of Cardiology,NABH,Tier 1,Pune,,"{""adcityName"": ""Pune"", ""cityName"": ""Pune"", ""hospAcc"": ""NABH"", ""hospName"": ""NM Wadia Institute of Cardiology"", ""tierType"": ""Tier 1""}"
2828,Pune,Pune,30,Noble Hospital,NABH,Tier 1,Pune,,"{""adcityName"": ""Pune"", ""cityName"": ""Pune"", ""hospAcc"": ""NABH"", ""hospName"": ""Noble Hospital"", ""tierType"": ""Tier 1""}"
2829,Pune,Pune,30,Ojas Hospital,QCI,Tier 1,Pune,,"{""adcityName"": ""Pune"", ""cityName"": ""Pune"", ""hospAcc"": ""QCI"", ""hospName"": ""Ojas Hospital"", ""tierType"": ""Tier 1""}"
2830,Pune,Pune,30,Om Eye Care,QCI,Tier 1,Pune,,"{""adcityName"": ""Pune"", ""cityName"": ""Pune"", ""hospAcc"": ""QCI"", ""hospName"": ""Om Eye Care"", ""tierType"": ""Tier 1""}"
2831,Pune,Pune,30,Om Hospital,NABH,Tier 1,Pune,,"{""adcityName"": ""Pune"", ""cityName"": ""Pune"", ""hospAcc"": ""NABH"", ""hospName"": ""Om Hospital"", ""tierType"": ""Tier 1""}"
2832,Pune,Pune,30,Om Pathology,NABL,Tier 1,Pune,,"{""adcityName"": ""Pune"", ""cityName"": ""Pune"", ""hospAcc"": ""NABL"", ""hospName"": ""Om Pathology"", ""tierType"": ""Tier 1""}"
2833,Pune,Pune,30,"Orchid Speciality Hospital, Lohgaon, Pune.",QCI,Tier 1,Pune,,"{""adcityName"": ""Pune"", ""cityName"": ""Pune"", ""hospAcc"": ""QCI"", ""hospName"": ""Orchid Speciality Hospital, Lohgaon, Pune."", ""tierType"": ""Tier 1""}"
2834,Pune,Pune,30,Patil Eye Hospital,QCI,Tier 1,Pune,,"{""adcityName"": ""Pune"", ""cityName"": ""Pune"", ""hospAcc"": ""QCI"", ""hospName"": ""Patil Eye Hospital"", ""tierType"": ""Tier 1""}"
2835,Pune,Pune,30,Pawana Hospital,NABH,Tier 1,Pune,,"{""adcityName"": ""Pune"", ""cityName"": ""Pune"", ""hospAcc"": ""NABH"", ""hospName"": ""Pawana Hospital"", ""tierType"": ""Tier 1""}"
2836,Pune,Pune,30,Phoenix Hospital(Rajveer Health ),QCI,Tier 1,Pune,,"{""adcityName"": ""Pune"", ""cityName"": ""Pune"", ""hospAcc"": ""QCI"", ""hospName"": ""Phoenix Hospital(Rajveer Health )"", ""tierType"": ""Tier 1""}"
2837,Pune,Pune,30,Pioneer Hospital,QCI,Tier 1,Pune,,"{""adcityName"": ""Pune"", ""cityName"": ""Pune"", ""hospAcc"": ""QCI"", ""hospName"": ""Pioneer Hospital"", ""tierType"": ""Tier 1""}"
2838,Pune,Pune,30,Ranka Hospital,QCI,Tier 1,Pune,,"{""adcityName"": ""Pune"", ""cityName"": ""Pune"", ""hospAcc"": ""QCI"", ""hospName"": ""Ranka Hospital"", ""tierType"": ""Tier 1""}"
2839,Pune,Pune,30,Rao Nursing Home,NABH,Tier 1,Pune,,"{""adcityName"": ""Pune"", ""cityName"": ""Pune"", ""hospAcc"": ""NABH"", ""hospName"": ""Rao Nursing Home"", ""tierType"": ""Tier 1""}"
2840,Pune,Pune,30,Sadhu Vaswani Missions Medical Complex,QCI,Tier 1,Pune,,"{""adcityName"": ""Pune"", ""cityName"": ""Pune"", ""hospAcc"": ""QCI"", ""hospName"": ""Sadhu Vaswani Missions Medical Complex"", ""tierType"": ""Tier 1""}"
2841,Pune,Pune,30,"Sahrudaya Health Care Pvt Ltd.Medicover KLE Hospital,Bhosari,Pune",NABH,Tier 1,Pune,,"{""adcityName"": ""Pune"", ""cityName"": ""Pune"", ""hospAcc"": ""NABH"", ""hospName"": ""Sahrudaya Health Care Pvt Ltd.Medicover KLE Hospital,Bhosari,Pune"", ""tierType"": ""Tier 1""}"
2842,Pune,Pune,30,"Sahyadri Hospital Erandwane, Pune",NABH,Tier 1,Pune,,"{""adcityName"": ""Pune"", ""cityName"": ""Pune"", ""hospAcc"": ""NABH"", ""hospName"": ""Sahyadri Hospital Erandwane, Pune"", ""tierType"": ""Tier 1""}"
2843,Pune,Pune,30,"Sahyadri Hospital , Hadapsar, Pune",NABH,Tier 1,Pune,,"{""adcityName"": ""Pune"", ""cityName"": ""Pune"", ""hospAcc"": ""NABH"", ""hospName"": ""Sahyadri Hospital , Hadapsar, Pune"", ""tierType"": ""Tier 1""}"
2844,Pune,Pune,30,"Sahyadri Hospitals Pvt Ltd.SAHAYADRI Super speciality, Hospital, Nagar Road Pune",NABH,Tier 1,Pune,,"{""adcityName"": ""Pune"", ""cityName"": ""Pune"", ""hospAcc"": ""NABH"", ""hospName"": ""Sahyadri Hospitals Pvt Ltd.SAHAYADRI  Super speciality, Hospital, Nagar Road Pune"", ""tierType"": ""Tier 1""}"
2845,Pune,Pune,30,Sai Ananya Eye & Heart Care Center,QCI,Tier 1,Pune,,"{""adcityName"": ""Pune"", ""cityName"": ""Pune"", ""hospAcc"": ""QCI"", ""hospName"": ""Sai Ananya Eye & Heart Care Center"", ""tierType"": ""Tier 1""}"
2846,Pune,Pune,30,Sainath Hospital,NABH,Tier 1,Pune,,"{""adcityName"": ""Pune"", ""cityName"": ""Pune"", ""hospAcc"": ""NABH"", ""hospName"": ""Sainath Hospital"", ""tierType"": ""Tier 1""}"
2847,Pune,Pune,30,Sai Shradha Health Care Centre,QCI,Tier 1,Pune,,"{""adcityName"": ""Pune"", ""cityName"": ""Pune"", ""hospAcc"": ""QCI "", ""hospName"": ""Sai Shradha Health Care Centre"", ""tierType"": ""Tier 1""}"
2848,Pune,Pune,30,Sai Shree Orthopedic Superspeciality & Joint Replacement Center,NABH,Tier 1,Pune,,"{""adcityName"": ""Pune"", ""cityName"": ""Pune"", ""hospAcc"": ""NABH"", ""hospName"": ""Sai Shree Orthopedic Superspeciality & Joint Replacement Center"", ""tierType"": ""Tier 1""}"
2849,Pune,Pune,30,"SAMARTH HOSPITAL,Talegaon Dabhade, Pune",QCI,Tier 1,Pune,,"{""adcityName"": ""Pune"", ""cityName"": ""Pune"", ""hospAcc"": ""QCI"", ""hospName"": ""SAMARTH HOSPITAL,Talegaon Dabhade, Pune"", ""tierType"": ""Tier 1""}"
2850,Pune,Pune,30,Sancheti Institute of Joint Replacement,NABH,Tier 1,Pune,,"{""adcityName"": ""Pune"", ""cityName"": ""Pune"", ""hospAcc"": ""NABH"", ""hospName"": ""Sancheti Institute of Joint Replacement"", ""tierType"": ""Tier 1""}"
2851,Pune,Pune,30,Sanjeevan Hospital,QCI,Tier 1,Pune,,"{""adcityName"": ""Pune"", ""cityName"": ""Pune"", ""hospAcc"": ""QCI"", ""hospName"": ""Sanjeevan Hospital"", ""tierType"": ""Tier 1""}"
2852,Pune,Pune,30,Sanjeevani Hospital,QCI,Tier 1,Pune,,"{""adcityName"": ""Pune"", ""cityName"": ""Pune"", ""hospAcc"": ""QCI"", ""hospName"": ""Sanjeevani Hospital"", ""tierType"": ""Tier 1""}"
2853,Pune,Pune,30,SAYALI NURSING HOME,QCI,Tier 1,Pune,,"{""adcityName"": ""Pune"", ""cityName"": ""Pune"", ""hospAcc"": ""QCI"", ""hospName"": ""SAYALI NURSING HOME"", ""tierType"": ""Tier 1""}"
2854,Pune,Pune,30,"Seth Nandlal Dhoot Hospital Limited,Chh. Sambhajinagar",NABH,Tier 2,Chh. Sambhajinagar,,"{""adcityName"": ""Pune"", ""cityName"": ""Chh. Sambhajinagar"", ""hospAcc"": ""NABH"", ""hospName"": ""Seth Nandlal Dhoot Hospital Limited,Chh. Sambhajinagar "", ""tierType"": ""Tier 2""}"
2855,Pune,Pune,30,Sevadham Hosptial,NABH,Tier 1,Pune,,"{""adcityName"": ""Pune"", ""cityName"": ""Pune"", ""hospAcc"": ""NABH"", ""hospName"": ""Sevadham Hosptial"", ""tierType"": ""Tier 1""}"
2856,Pune,Pune,30,Sharada Clinic,QCI,Tier 1,Pune,,"{""adcityName"": ""Pune"", ""cityName"": ""Pune"", ""hospAcc"": ""QCI"", ""hospName"": ""Sharada Clinic"", ""tierType"": ""Tier 1""}"
2857,Pune,Pune,30,Shaswat Hospital Aundh,QCI,Tier 1,Pune,,"{""adcityName"": ""Pune"", ""cityName"": ""Pune"", ""hospAcc"": ""QCI"", ""hospName"": ""Shaswat Hospital Aundh"", ""tierType"": ""Tier 1""}"
2858,Pune,Pune,30,Shaswat Hospital Kothrud,QCI,Tier 1,Pune,,"{""adcityName"": ""Pune"", ""cityName"": ""Pune"", ""hospAcc"": ""QCI"", ""hospName"": ""Shaswat Hospital Kothrud"", ""tierType"": ""Tier 1""}"
2859,Pune,Pune,30,Shendkar Healthcare And Hospitality Services P Ltd (GLOBAL HOSP),NABH,Tier 1,Pune,,"{""adcityName"": ""Pune"", ""cityName"": ""Pune"", ""hospAcc"": ""NABH"", ""hospName"": ""Shendkar Healthcare And Hospitality Services P Ltd (GLOBAL HOSP)"", ""tierType"": ""Tier 1""}"
2860,Pune,Pune,30,Shivam Multispeciality And Accident Care Centre,QCI,Tier 1,Pune,,"{""adcityName"": ""Pune"", ""cityName"": ""Pune"", ""hospAcc"": ""QCI"", ""hospName"": ""Shivam Multispeciality And Accident Care Centre"", ""tierType"": ""Tier 1""}"
2861,Pune,Pune,30,Shraddha Hospital,QCI,Tier 1,Pune,,"{""adcityName"": ""Pune"", ""cityName"": ""Pune"", ""hospAcc"": ""QCI"", ""hospName"": ""Shraddha Hospital"", ""tierType"": ""Tier 1""}"
2862,Pune,Pune,30,Shri Narsimha Saraswati Medical Foundation INDRAYANI HOSPITAL & CANCER INSTITUTE,QCI,Tier 1,Pune,,"{""adcityName"": ""Pune"", ""cityName"": ""Pune"", ""hospAcc"": ""QCI"", ""hospName"": ""Shri Narsimha Saraswati Medical Foundation INDRAYANI HOSPITAL & CANCER INSTITUTE"", ""tierType"": ""Tier 1""}"
2863,Pune,Pune,30,"Sky Health care,(Sky Clinix)Lab",NABL,Tier 1,Pune,,"{""adcityName"": ""Pune"", ""cityName"": ""Pune"", ""hospAcc"": ""NABL"", ""hospName"": ""Sky Health care,(Sky  Clinix)Lab"", ""tierType"": ""Tier 1""}"
2864,Pune,Pune,30,Smaran Advance Dental Clinic,NABH,Tier 1,Pune,,"{""adcityName"": ""Pune"", ""cityName"": ""Pune"", ""hospAcc"": ""NABH"", ""hospName"": ""Smaran Advance Dental Clinic"", ""tierType"": ""Tier 1""}"
2865,Pune,Pune,30,Smcrs Hardikar Hospital,QCI,Tier 1,Pune,,"{""adcityName"": ""Pune"", ""cityName"": ""Pune"", ""hospAcc"": ""QCI"", ""hospName"": ""Smcrs Hardikar Hospital"", ""tierType"": ""Tier 1""}"
2866,Pune,Pune,30,"Suburban Diagnostics (I) Pvt Ltd, Pune",NABL,Tier 1,Pune,,"{""adcityName"": ""Pune"", ""cityName"": ""Pune"", ""hospAcc"": ""NABL"", ""hospName"": ""Suburban Diagnostics (I) Pvt Ltd, Pune"", ""tierType"": ""Tier 1""}"
2867,Pune,Pune,30,Sudarshan Netralaya,QCI,Tier 2,Chh. Sambhajinagar,,"{""adcityName"": ""Pune"", ""cityName"": ""Chh. Sambhajinagar"", ""hospAcc"": ""QCI"", ""hospName"": ""Sudarshan Netralaya"", ""tierType"": ""Tier 2""}"
2868,Pune,Pune,30,"SYMBOISIS HOSPITAL LAVLE,PUNE",NABH,Tier 1,Pune,,"{""adcityName"": ""Pune"", ""cityName"": ""Pune"", ""hospAcc"": ""NABH"", ""hospName"": ""SYMBOISIS HOSPITAL LAVLE,PUNE"", ""tierType"": ""Tier 1""}"
2869,Pune,Pune,30,Teeth Tantra Dental Clinic,NABH,Tier 1,Pune,,"{""adcityName"": ""Pune"", ""cityName"": ""Pune"", ""hospAcc"": ""NABH"", ""hospName"": ""Teeth Tantra Dental Clinic"", ""tierType"": ""Tier 1""}"
2870,Pune,Pune,30,Teethz Dental Clinic,QCI,Tier 1,Pune,,"{""adcityName"": ""Pune"", ""cityName"": ""Pune"", ""hospAcc"": ""QCI"", ""hospName"": ""Teethz Dental Clinic"", ""tierType"": ""Tier 1""}"
2871,Pune,Pune,30,"Thyrocare Technologies Limited, Pune.",NABL,Tier 1,Pune,,"{""adcityName"": ""Pune"", ""cityName"": ""Pune"", ""hospAcc"": ""NABL"", ""hospName"": ""Thyrocare Technologies Limited, Pune."", ""tierType"": ""Tier 1""}"
2872,Pune,Pune,30,"Unicare Hospital, Chakan,Pune",QCI,Tier 1,Pune,,"{""adcityName"": ""Pune"", ""cityName"": ""Pune"", ""hospAcc"": ""QCI"", ""hospName"": ""Unicare Hospital, Chakan,Pune"", ""tierType"": ""Tier 1""}"
2873,Pune,Pune,30,Vinod Memorial Hospital,QCI,Tier 1,Pune,,"{""adcityName"": ""Pune"", ""cityName"": ""Pune"", ""hospAcc"": ""QCI"", ""hospName"": ""Vinod Memorial Hospital"", ""tierType"": ""Tier 1""}"
2874,Pune,Pune,30,Wadgaonkar Eye Hospital,QCI,Tier 2,Chh. Sambhajinagar,,"{""adcityName"": ""Pune"", ""cityName"": ""Chh. Sambhajinagar"", ""hospAcc"": ""QCI"", ""hospName"": ""Wadgaonkar Eye Hospital"", ""tierType"": ""Tier 2""}"
2875,Pune,Pune,30,Wagh Eye Clinic,QCI,Tier 1,Pune,,"{""adcityName"": ""Pune"", ""cityName"": ""Pune"", ""hospAcc"": ""QCI"", ""hospName"": ""Wagh Eye Clinic"", ""tierType"": ""Tier 1""}"
2876,Shillong,Shillong,32,BANSARA EYE CARE CENTRE,NON NABH,Tier 2,Shillong,,"{""adcityName"": ""Shillong"", ""cityName"": ""Shillong"", ""hospAcc"": ""NON NABH"", ""hospName"": ""BANSARA EYE CARE CENTRE"", ""tierType"": ""Tier 2""}"
2877,Shillong,Shillong,32,NAZARETH HOSPITAL,NABH,Tier 2,Shillong,,"{""adcityName"": ""Shillong"", ""cityName"": ""Shillong"", ""hospAcc"": ""NABH"", ""hospName"": ""NAZARETH HOSPITAL"", ""tierType"": ""Tier 2""}"
2878,Shillong,Shillong,32,Society for Tripura Medical College & Dr.BRAM Teaching Hospital.,NABL and NON NABH,Tier 2,Shillong,,"{""adcityName"": ""Shillong"", ""cityName"": ""Shillong"", ""hospAcc"": ""NABL and NON NABH"", ""hospName"": ""Society for Tripura Medical College & Dr.BRAM Teaching Hospital."", ""tierType"": ""Tier 2""}"
2879,Shillong,Shillong,32,THE HOPE,NON NABH,Tier 2,Shillong,,"{""adcityName"": ""Shillong"", ""cityName"": ""Shillong"", ""hospAcc"": ""NON NABH"", ""hospName"": ""THE HOPE"", ""tierType"": ""Tier 2""}"
2880,Shillong,Shillong,32,Woodland Hospital,NABH,Tier 2,Shillong,,"{""adcityName"": ""Shillong"", ""cityName"": ""Shillong"", ""hospAcc"": ""NABH"", ""hospName"": ""Woodland Hospital"", ""tierType"": ""Tier 2""}"
2881,Trivandrum,Trivandrum,33,Amala Ayurvedic Hospital and Research Centre,NABH,TIER 2,Thrissur,,"{""adcityName"": ""Trivandrum"", ""cityName"": ""Thrissur"", ""hospAcc"": ""NABH"", ""hospName"": ""Amala Ayurvedic Hospital and Research Centre"", ""tierType"": ""TIER 2""}"
2882,Trivandrum,Trivandrum,33,ARADHANA EYE INSTITUTE,NABH ENTRY LEVEL,TIER 2,Thiruvananthapuram,,"{""adcityName"": ""Trivandrum"", ""cityName"": ""Thiruvananthapuram"", ""hospAcc"": ""NABH ENTRY LEVEL"", ""hospName"": ""ARADHANA EYE INSTITUTE"", ""tierType"": ""TIER 2""}"
2883,Trivandrum,Trivandrum,33,ASSISI ATTONEMENT HOSPITAL,NABH ENTRY LEVEL,TIER 2,Kollam,,"{""adcityName"": ""Trivandrum"", ""cityName"": ""Kollam"", ""hospAcc"": ""NABH ENTRY LEVEL"", ""hospName"": ""ASSISI ATTONEMENT HOSPITAL"", ""tierType"": ""TIER 2""}"
2884,Trivandrum,Trivandrum,33,ATTUKAL DEVI INSTITUTE OF MEDICAL SCIENCES,NABH,TIER 2,Thiruvananthapuram,,"{""adcityName"": ""Trivandrum"", ""cityName"": ""Thiruvananthapuram"", ""hospAcc"": ""NABH"", ""hospName"": ""ATTUKAL DEVI INSTITUTE OF MEDICAL SCIENCES "", ""tierType"": ""TIER 2""}"
2885,Trivandrum,Trivandrum,33,BIOLAB ADVANCED DIAGNOSTIC CENTRE,NON NABL,TIER 2,KANNUR,,"{""adcityName"": ""Trivandrum"", ""cityName"": ""KANNUR"", ""hospAcc"": ""NON NABL"", ""hospName"": ""BIOLAB ADVANCED DIAGNOSTIC CENTRE"", ""tierType"": ""TIER 2""}"
2886,Trivandrum,Trivandrum,33,Chaithanya Eye Hospital and Research Institute,NABH,TIER 2,Thiruvananthapuram,,"{""adcityName"": ""Trivandrum"", ""cityName"": ""Thiruvananthapuram"", ""hospAcc"": ""NABH"", ""hospName"": ""Chaithanya Eye Hospital and Research Institute"", ""tierType"": ""TIER 2""}"
2887,Trivandrum,Trivandrum,33,CHAITHANYA EYE INSTITUTE,NABH,TIER 2,Ernakulam,,"{""adcityName"": ""Trivandrum"", ""cityName"": ""Ernakulam"", ""hospAcc"": ""NABH"", ""hospName"": ""CHAITHANYA EYE INSTITUTE "", ""tierType"": ""TIER 2""}"
2888,Trivandrum,Trivandrum,33,COMTRUST CHARITABLE TRUST EYE HOSPITAL,NABH ENTRY LEVEL,TIER 2,Kozhikode,,"{""adcityName"": ""Trivandrum"", ""cityName"": ""Kozhikode"", ""hospAcc"": ""NABH ENTRY LEVEL"", ""hospName"": ""COMTRUST CHARITABLE TRUST EYE HOSPITAL"", ""tierType"": ""TIER 2""}"
2889,Trivandrum,Trivandrum,33,DENTAL SQUARE MULTISPECIALITY DENTAL CLINIC,NABH,TIER 2,Ernakulam,,"{""adcityName"": ""Trivandrum"", ""cityName"": ""Ernakulam"", ""hospAcc"": ""NABH"", ""hospName"": ""DENTAL SQUARE MULTISPECIALITY DENTAL CLINIC"", ""tierType"": ""TIER 2""}"
2890,Trivandrum,Trivandrum,33,DEVI SCANS PRIVATE LIMITED,NABH,TIER 2,Thiruvananthapuram,,"{""adcityName"": ""Trivandrum"", ""cityName"": ""Thiruvananthapuram"", ""hospAcc"": ""NABH"", ""hospName"": ""DEVI SCANS PRIVATE LIMITED"", ""tierType"": ""TIER 2""}"
2891,Trivandrum,Trivandrum,33,DHANWANTHARI AYURVEDA HOSPITAL,NABH,TIER 2,Idukki,,"{""adcityName"": ""Trivandrum"", ""cityName"": ""Idukki"", ""hospAcc"": ""NABH"", ""hospName"": ""DHANWANTHARI AYURVEDA HOSPITAL"", ""tierType"": ""TIER 2""}"
2892,Trivandrum,Trivandrum,33,DIAGNOSTIC SETVICES,NON NABL,TIER 2,Thiruvananthapuram,,"{""adcityName"": ""Trivandrum"", ""cityName"": ""Thiruvananthapuram"", ""hospAcc"": ""NON NABL"", ""hospName"": ""DIAGNOSTIC SETVICES"", ""tierType"": ""TIER 2""}"
2893,Trivandrum,Trivandrum,33,Divya Prabha Eye Hospital,NABH Entry level,TIER 2,Thiruvananthapuram,,"{""adcityName"": ""Trivandrum"", ""cityName"": ""Thiruvananthapuram"", ""hospAcc"": ""NABH Entry level"", ""hospName"": ""Divya Prabha Eye Hospital"", ""tierType"": ""TIER 2""}"
2894,Trivandrum,Trivandrum,33,Dr Agarwals Eye Hospital,NABH,TIER 2,Thiruvananthapuram,,"{""adcityName"": ""Trivandrum"", ""cityName"": ""Thiruvananthapuram"", ""hospAcc"": ""NABH"", ""hospName"": ""Dr Agarwals Eye Hospital "", ""tierType"": ""TIER 2""}"
2895,Trivandrum,Trivandrum,33,DR AGARWALS EYE HOSPITAL LIMITED,NABH,TIER 2,Ernakulam,,"{""adcityName"": ""Trivandrum"", ""cityName"": ""Ernakulam"", ""hospAcc"": ""NABH"", ""hospName"": ""DR AGARWALS EYE HOSPITAL LIMITED"", ""tierType"": ""TIER 2""}"
2896,Trivandrum,Trivandrum,33,DR BINUS SUNRISE EYE CARE,NABH,TIER 2,KANNUR,,"{""adcityName"": ""Trivandrum"", ""cityName"": ""KANNUR"", ""hospAcc"": ""NABH"", ""hospName"": ""DR BINUS SUNRISE EYE CARE"", ""tierType"": ""TIER 2""}"
2897,Trivandrum,Trivandrum,33,Dr Chandrakanth Malabar Superspeciality Eye Hospital Pvt Ltd,NABH,TIER 2,Kozhikode,,"{""adcityName"": ""Trivandrum"", ""cityName"": ""Kozhikode"", ""hospAcc"": ""NABH"", ""hospName"": ""Dr Chandrakanth Malabar Superspeciality Eye Hospital Pvt Ltd"", ""tierType"": ""TIER 2""}"
2898,Trivandrum,Trivandrum,33,DR GOPINATHS DIAGNOSTIC SERVICES,NABL,TIER 2,Thiruvananthapuram,,"{""adcityName"": ""Trivandrum"", ""cityName"": ""Thiruvananthapuram"", ""hospAcc"": ""NABL"", ""hospName"": ""DR GOPINATHS DIAGNOSTIC SERVICES"", ""tierType"": ""TIER 2""}"
2899,Trivandrum,Trivandrum,33,Dr Jacob's Eye Care Hospital,NABH ENTRY LEVEL,TIER 2,Ernakulam,,"{""adcityName"": ""Trivandrum"", ""cityName"": ""Ernakulam"", ""hospAcc"": ""NABH ENTRY LEVEL"", ""hospName"": ""Dr Jacob's Eye Care Hospital "", ""tierType"": ""TIER 2""}"
2900,Trivandrum,Trivandrum,33,DR KM CHERIAN INSTITUTE OF MEDICAL SCIENCES,NABH,TIER 2,Allappuzha,,"{""adcityName"": ""Trivandrum"", ""cityName"": ""Allappuzha"", ""hospAcc"": ""NABH"", ""hospName"": ""DR KM CHERIAN INSTITUTE OF MEDICAL SCIENCES"", ""tierType"": ""TIER 2""}"
2901,Trivandrum,Trivandrum,33,EYE MICROSURGERY AND LASER CENTRE,NABH,TIER 2,Pathanamthitta,,"{""adcityName"": ""Trivandrum"", ""cityName"": ""Pathanamthitta"", ""hospAcc"": ""NABH"", ""hospName"": ""EYE MICROSURGERY AND LASER CENTRE"", ""tierType"": ""TIER 2""}"
2902,Trivandrum,Trivandrum,33,GAUTHAM HOSPITAL,NABH ENTRY LEVEL,TIER 2,Ernakulam,,"{""adcityName"": ""Trivandrum"", ""cityName"": ""Ernakulam"", ""hospAcc"": ""NABH ENTRY LEVEL"", ""hospName"": ""GAUTHAM HOSPITAL"", ""tierType"": ""TIER 2""}"
2903,Trivandrum,Trivandrum,33,GIRIDHAR EYE INSTITUTE PVT LTD,NABH,TIER 2,Ernakulam,,"{""adcityName"": ""Trivandrum"", ""cityName"": ""Ernakulam"", ""hospAcc"": ""NABH"", ""hospName"": ""GIRIDHAR EYE INSTITUTE PVT LTD "", ""tierType"": ""TIER 2""}"
2904,Trivandrum,Trivandrum,33,INDIA HOSPITAL,NABH ENTRY LEVEL EXPIRED,TIER 2,Thiruvananthapuram,,"{""adcityName"": ""Trivandrum"", ""cityName"": ""Thiruvananthapuram"", ""hospAcc"": ""NABH ENTRY LEVEL EXPIRED"", ""hospName"": ""INDIA HOSPITAL"", ""tierType"": ""TIER 2""}"
2905,Trivandrum,Trivandrum,33,Indira Gandhi Co Operative Hospital,NABH ENTRY LEVEL,TIER 2,Ernakulam,,"{""adcityName"": ""Trivandrum"", ""cityName"": ""Ernakulam"", ""hospAcc"": ""NABH ENTRY LEVEL"", ""hospName"": ""Indira Gandhi Co Operative Hospital"", ""tierType"": ""TIER 2""}"
2906,Trivandrum,Trivandrum,33,KARUNYA EYE HOSPITAL,NABH ENTRY Level,Tier 3,PALAKKAD,,"{""adcityName"": ""Trivandrum"", ""cityName"": ""PALAKKAD"", ""hospAcc"": ""NABH ENTRY Level"", ""hospName"": ""KARUNYA EYE HOSPITAL"", ""tierType"": ""Tier 3""}"
2907,Trivandrum,Trivandrum,33,KMCT MEDICAL COLLEGE HOSPITAL,NABH,TIER 2,Kozhikode,,"{""adcityName"": ""Trivandrum"", ""cityName"": ""Kozhikode"", ""hospAcc"": ""NABH"", ""hospName"": ""KMCT MEDICAL COLLEGE HOSPITAL"", ""tierType"": ""TIER 2""}"
2908,Trivandrum,Trivandrum,33,KOOPLICAT AYURVEDA HOSPITAL,NABH,TIER 2,Kottayam,,"{""adcityName"": ""Trivandrum"", ""cityName"": ""Kottayam"", ""hospAcc"": ""NABH"", ""hospName"": ""KOOPLICAT AYURVEDA HOSPITAL"", ""tierType"": ""TIER 2""}"
2909,Trivandrum,Trivandrum,33,K P M EYE HOSPITAL,NABH EXPIRED,TIER 2,Ernakulam,,"{""adcityName"": ""Trivandrum"", ""cityName"": ""Ernakulam"", ""hospAcc"": ""NABH EXPIRED"", ""hospName"": ""K P M EYE HOSPITAL"", ""tierType"": ""TIER 2""}"
2910,Trivandrum,Trivandrum,33,LAKSHMI HOSPITAL,NABH,TIER 2,Ernakulam,,"{""adcityName"": ""Trivandrum"", ""cityName"": ""Ernakulam"", ""hospAcc"": ""NABH"", ""hospName"": ""LAKSHMI HOSPITAL"", ""tierType"": ""TIER 2""}"
2911,Trivandrum,Trivandrum,33,LEO CLINICIAL DIAGNOSTIC CENTRE LLP,NABL,TIER 2,KANNUR,,"{""adcityName"": ""Trivandrum"", ""cityName"": ""KANNUR"", ""hospAcc"": ""NABL"", ""hospName"": ""LEO CLINICIAL DIAGNOSTIC CENTRE LLP"", ""tierType"": ""TIER 2""}"
2912,Trivandrum,Trivandrum,33,Mannam Ayurveda Cooperative MedicalCollege Hospital,NABH,TIER 2,Pathanamthitta,,"{""adcityName"": ""Trivandrum"", ""cityName"": ""Pathanamthitta"", ""hospAcc"": ""NABH"", ""hospName"": ""Mannam Ayurveda Cooperative MedicalCollege Hospital"", ""tierType"": ""TIER 2""}"
2913,Trivandrum,Trivandrum,33,Mazhuvenchery Speciality Dental Clinic,NABH,TIER 2,Ernakulam,,"{""adcityName"": ""Trivandrum"", ""cityName"": ""Ernakulam"", ""hospAcc"": ""NABH"", ""hospName"": ""Mazhuvenchery Speciality Dental Clinic"", ""tierType"": ""TIER 2""}"
2914,Trivandrum,Trivandrum,33,METROMED INTERNATIONAL CARDIAC CENTRE,NABH,TIER 2,Kozhikode,,"{""adcityName"": ""Trivandrum"", ""cityName"": ""Kozhikode"", ""hospAcc"": ""NABH"", ""hospName"": ""METROMED INTERNATIONAL CARDIAC CENTRE"", ""tierType"": ""TIER 2""}"
2915,Trivandrum,Trivandrum,33,METROPOLIS HEALTHCARE LIMITED,NABL,TIER 2,Ernakulam,,"{""adcityName"": ""Trivandrum"", ""cityName"": ""Ernakulam"", ""hospAcc"": ""NABL"", ""hospName"": ""METROPOLIS HEALTHCARE LIMITED"", ""tierType"": ""TIER 2""}"
2916,Trivandrum,Trivandrum,33,mvr ayurveda medical college hospital,NABH,TIER 2,KANNUR,,"{""adcityName"": ""Trivandrum"", ""cityName"": ""KANNUR"", ""hospAcc"": ""NABH"", ""hospName"": ""mvr ayurveda medical college hospital"", ""tierType"": ""TIER 2""}"
2917,Trivandrum,Trivandrum,33,MVR CANCER CENTRE & RESEARCH INSTITUTE,NABH,TIER 2,Kozhikode,,"{""adcityName"": ""Trivandrum"", ""cityName"": ""Kozhikode"", ""hospAcc"": ""NABH"", ""hospName"": ""MVR CANCER CENTRE & RESEARCH INSTITUTE"", ""tierType"": ""TIER 2""}"
2918,Trivandrum,Trivandrum,33,Nangelil Ayurveda Medical College Hospital,NABH,TIER 2,Ernakulam,,"{""adcityName"": ""Trivandrum"", ""cityName"": ""Ernakulam"", ""hospAcc"": ""NABH"", ""hospName"": ""Nangelil Ayurveda Medical College Hospital"", ""tierType"": ""TIER 2""}"
2919,Trivandrum,Trivandrum,33,PARATHUVAYALIL HOSPITAL,NABH,TIER 2,Ernakulam,,"{""adcityName"": ""Trivandrum"", ""cityName"": ""Ernakulam"", ""hospAcc"": ""NABH"", ""hospName"": ""PARATHUVAYALIL HOSPITAL"", ""tierType"": ""TIER 2""}"
2920,Trivandrum,Trivandrum,33,POLY LAB,NABH EXPIRED,TIER 2,KANNUR,,"{""adcityName"": ""Trivandrum"", ""cityName"": ""KANNUR"", ""hospAcc"": ""NABH EXPIRED"", ""hospName"": ""POLY LAB"", ""tierType"": ""TIER 2""}"
2921,Trivandrum,Trivandrum,33,PRECISE EYE CARE HOSPITAL,NABH ENTRY LEVEL,TIER 2,Thiruvananthapuram,,"{""adcityName"": ""Trivandrum"", ""cityName"": ""Thiruvananthapuram"", ""hospAcc"": ""NABH ENTRY LEVEL"", ""hospName"": ""PRECISE EYE CARE HOSPITAL "", ""tierType"": ""TIER 2""}"
2922,Trivandrum,Trivandrum,33,PUTHALATH EYE HOSPITAL,NABH ENTRY LEVEL,TIER 2,Kozhikode,,"{""adcityName"": ""Trivandrum"", ""cityName"": ""Kozhikode"", ""hospAcc"": ""NABH ENTRY LEVEL"", ""hospName"": ""PUTHALATH EYE HOSPITAL"", ""tierType"": ""TIER 2""}"
2923,Trivandrum,Trivandrum,33,RGCB,NABH,TIER 2,Thiruvananthapuram,,"{""adcityName"": ""Trivandrum"", ""cityName"": ""Thiruvananthapuram"", ""hospAcc"": ""NABH"", ""hospName"": ""RGCB"", ""tierType"": ""TIER 2""}"
2924,Trivandrum,Trivandrum,33,SILVERLINE HOSPITAL,NABH,TIER 2,Ernakulam,,"{""adcityName"": ""Trivandrum"", ""cityName"": ""Ernakulam"", ""hospAcc"": ""NABH"", ""hospName"": ""SILVERLINE HOSPITAL"", ""tierType"": ""TIER 2""}"
2925,Trivandrum,Trivandrum,33,SKHOSPITAL,NABH,TIER 2,Thiruvananthapuram,,"{""adcityName"": ""Trivandrum"", ""cityName"": ""Thiruvananthapuram"", ""hospAcc"": ""NABH"", ""hospName"": ""SKHOSPITAL"", ""tierType"": ""TIER 2""}"
2926,Trivandrum,Trivandrum,33,SMITA MEMORIAL HOSPITAL AND RESEARCH CENTRE,NABH,TIER 2,Idukki,,"{""adcityName"": ""Trivandrum"", ""cityName"": ""Idukki"", ""hospAcc"": ""NABH"", ""hospName"": ""SMITA MEMORIAL HOSPITAL AND RESEARCH CENTRE"", ""tierType"": ""TIER 2""}"
2927,Trivandrum,Trivandrum,33,Sreedhareeyam Ayurvedic Eye Hospital And Research Centre P Ltd,NABH,TIER 2,Ernakulam,,"{""adcityName"": ""Trivandrum"", ""cityName"": ""Ernakulam"", ""hospAcc"": ""NABH"", ""hospName"": ""Sreedhareeyam Ayurvedic Eye Hospital And Research Centre P Ltd"", ""tierType"": ""TIER 2""}"
2928,Trivandrum,Trivandrum,33,SREE GOKULAM MEDICAL COLLEGE HOSPITAL,NABH,TIER 2,Thiruvananthapuram,,"{""adcityName"": ""Trivandrum"", ""cityName"": ""Thiruvananthapuram"", ""hospAcc"": ""NABH"", ""hospName"": ""SREE GOKULAM MEDICAL COLLEGE HOSPITAL"", ""tierType"": ""TIER 2""}"
2929,Trivandrum,Trivandrum,33,Sree Narayana Institute of Ayurvedic Studies And Research,NABH,TIER 2,Kollam,,"{""adcityName"": ""Trivandrum"", ""cityName"": ""Kollam"", ""hospAcc"": ""NABH"", ""hospName"": ""Sree Narayana Institute of Ayurvedic Studies And Research"", ""tierType"": ""TIER 2""}"
2930,Trivandrum,Trivandrum,33,Sreenethra eye care,NABH ENTRY LEVEL,TIER 2,Thiruvananthapuram,,"{""adcityName"": ""Trivandrum"", ""cityName"": ""Thiruvananthapuram"", ""hospAcc"": ""NABH ENTRY LEVEL"", ""hospName"": ""Sreenethra eye care"", ""tierType"": ""TIER 2""}"
2931,Trivandrum,Trivandrum,33,SREE SUBRAMANIA AYURVEDIC NURSING HOME,NABH,TIER 2,Kozhikode,,"{""adcityName"": ""Trivandrum"", ""cityName"": ""Kozhikode"", ""hospAcc"": ""NABH"", ""hospName"": ""SREE SUBRAMANIA AYURVEDIC NURSING HOME"", ""tierType"": ""TIER 2""}"
2932,Trivandrum,Trivandrum,33,SREE SUBRAMANIA AYURVEDIC NURSING HOME,NABH,TIER 2,Kozhikode,,"{""adcityName"": ""Trivandrum"", ""cityName"": ""Kozhikode"", ""hospAcc"": ""NABH"", ""hospName"": ""SREE SUBRAMANIA AYURVEDIC NURSING HOME"", ""tierType"": ""TIER 2""}"
2933,Trivandrum,Trivandrum,33,St. Gregorios Medical Mission Hospital,NABH,TIER 2,Pathanamthitta,,"{""adcityName"": ""Trivandrum"", ""cityName"": ""Pathanamthitta"", ""hospAcc"": ""NABH"", ""hospName"": ""St. Gregorios Medical Mission Hospital"", ""tierType"": ""TIER 2""}"
2934,Trivandrum,Trivandrum,33,SUNRISE INSTITUTE OF MEDICAL SCIENCES KAKKANAD,NABH,TIER 2,Ernakulam,,"{""adcityName"": ""Trivandrum"", ""cityName"": ""Ernakulam"", ""hospAcc"": ""NABH"", ""hospName"": ""SUNRISE INSTITUTE OF MEDICAL SCIENCES KAKKANAD"", ""tierType"": ""TIER 2""}"
2935,Trivandrum,Trivandrum,33,susruta eye hospital,NABH,TIER 2,Ernakulam,,"{""adcityName"": ""Trivandrum"", ""cityName"": ""Ernakulam"", ""hospAcc"": ""NABH"", ""hospName"": ""susruta eye hospital"", ""tierType"": ""TIER 2""}"
2936,Trivandrum,Trivandrum,33,TRAVANCORE SCANS PVT LTD,NABH,TIER 2,Thiruvananthapuram,,"{""adcityName"": ""Trivandrum"", ""cityName"": ""Thiruvananthapuram"", ""hospAcc"": ""NABH"", ""hospName"": ""TRAVANCORE SCANS PVT LTD"", ""tierType"": ""TIER 2""}"
2937,Trivandrum,Trivandrum,33,TSC HOSPITAL PRIVATE LIMITED,NABH ENTRY LEVEL,TIER 2,Thiruvananthapuram,,"{""adcityName"": ""Trivandrum"", ""cityName"": ""Thiruvananthapuram"", ""hospAcc"": ""NABH ENTRY LEVEL"", ""hospName"": ""TSC HOSPITAL PRIVATE LIMITED"", ""tierType"": ""TIER 2""}"
2938,Trivandrum,Trivandrum,33,WELCARE HOSPITAL,NABH ENTRY LEVEL,TIER 2,Ernakulam,,"{""adcityName"": ""Trivandrum"", ""cityName"": ""Ernakulam"", ""hospAcc"": ""NABH ENTRY LEVEL"", ""hospName"": ""WELCARE HOSPITAL"", ""tierType"": ""TIER 2""}"
