city_folder,source_pdf,source_page,raw_text_line,procedure_name,nabh_rate,non_nabh_rate,cghs_rate,rate_type,remarks,extraction_confidence,needs_manual_review
Dehradun,17062025150705_CGHS Rates 2024 Dehradun.pdf,1,CGHS package rate 2014 -CGHS Dehradun,CGHS package rate 2014 -CGHS Dehradun,,,,,,0.35,True
Dehradun,17062025150705_CGHS Rates 2024 Dehradun.pdf,1,‘Consultation OPD 350 350 Rate revised w.e.f,‘Consultation OPD 350 350 Rate revised w.e.f,,,,,,0.35,True
Dehradun,17062025150705_CGHS Rates 2024 Dehradun.pdf,1,12.04.2023 & applicable in all CGHS cities,04.2023 & applicable in all CGHS cities,,,,,,0.35,True
Dehradun,17062025150705_CGHS Rates 2024 Dehradun.pdf,1,2 ‘Consultation- for Inpatients 350 350 Rate revised w.e.k.,2 ‘Consultation- for Inpatients 350 350 Rate revised w.e.k.,,,,,,0.35,True
Dehradun,17062025150705_CGHS Rates 2024 Dehradun.pdf,1,12.04.2023 & applicable in all CGHS cities,04.2023 & applicable in all CGHS cities,,,,,,0.35,True
Dehradun,17062025150705_CGHS Rates 2024 Dehradun.pdf,1,3 Dressings of wounds 235 300 Rate revised w.e.t.,3 Dressings of wounds 235 300 Rate revised w.e.t.,,,,,,0.35,True
Dehradun,17062025150705_CGHS Rates 2024 Dehradun.pdf,1,01.02.2024 & applicable in all CGHS cities 3 Aspiration Plural Effusion - Diagnostic 9 00 Rate revised w.e.f,02.2024 & applicable in all CGHS cities 3 Aspiration Plural Effusion - Diagnostic 9 00 Rate revised w.e.f,,,,,,0.35,True
Dehradun,17062025150705_CGHS Rates 2024 Dehradun.pdf,1,01.02.2024 & applicable in all CGHS cities Aspiration Plural Effusion - Therapeutic 9 00 Rate revised w.e.f,02.2024 & applicable in all CGHS cities Aspiration Plural Effusion - Therapeutic 9 00 Rate revised w.e.f,,,,,,0.35,True
Dehradun,17062025150705_CGHS Rates 2024 Dehradun.pdf,1,01.02.2024 & applicable in all CGHS cities 7 ‘Abdominal / Peritoneal Aspiration — Diagnostic Rate revised w.e.f,02.2024 & applicable in all CGHS cities 7 ‘Abdominal / Peritoneal Aspiration — Diagnostic Rate revised w.e.f,,,,,,0.35,True
Dehradun,17062025150705_CGHS Rates 2024 Dehradun.pdf,1,‘Ascitic tapping / Paracentesis -Diagnostic 01.02.2024 & applicable in all CGHS cities,‘Ascitic tapping / Paracentesis -Diagnostic 01.02.2024 & applicable in all CGHS cities,,,,,,0.35,True
Dehradun,17062025150705_CGHS Rates 2024 Dehradun.pdf,1,‘Abdominal / Peritoneal Aspiration — Therapeutic 640 0 Rate revised wie.l.,‘Abdominal / Peritoneal Aspiration — Therapeutic 640 0 Rate revised wie.l.,,,,,,0.35,True
Dehradun,17062025150705_CGHS Rates 2024 Dehradun.pdf,1,‘Ascitic tapping / Paracentesis - Therapeutic 01.02.2024 & applicable in all CGHS cities,‘Ascitic tapping / Paracentesis - Therapeutic 01.02.2024 & applicable in all CGHS cities,,,,,,0.35,True
Dehradun,17062025150705_CGHS Rates 2024 Dehradun.pdf,1,[9 [Pericardial Aspiration [380 [10 [Foints Aspiration STS [11 [Biopsy Skin 5 2 |,9 [Pericardial Aspiration [380 [10 [Foints Aspiration STS [11 [Biopsy Skin 5 2,,,,,,0.35,True
Dehradun,17062025150705_CGHS Rates 2024 Dehradun.pdf,1,12 Removal of Stitches 170 200 Rate revised w.e-f.,12 Removal of Stitches 170 200 Rate revised w.e-f.,,,,,,0.35,True
Dehradun,17062025150705_CGHS Rates 2024 Dehradun.pdf,1,01.02.2024 & applicable in all CGHS cities,02.2024 & applicable in all CGHS cities,,,,,,0.35,True
Dehradun,17062025150705_CGHS Rates 2024 Dehradun.pdf,1,13 Venesection 395 700 Rate revised w.e-f.,13 Venesection 395 700 Rate revised w.e-f.,,,,,,0.35,True
Dehradun,17062025150705_CGHS Rates 2024 Dehradun.pdf,1,01.02.2024 & applicable in all CGHS cities,02.2024 & applicable in all CGHS cities,,,,,,0.35,True
Dehradun,17062025150705_CGHS Rates 2024 Dehradun.pdf,1,Phimosis Under LA 3100 6000 Rate revised w.e.k.,Phimosis Under LA 3100 6000 Rate revised w.e.k.,,,,,,0.35,True
Dehradun,17062025150705_CGHS Rates 2024 Dehradun.pdf,1,01.02.2024 & applicable in all CGHS cities [15 [Steal puncture ft fig,02.2024 & applicable in all CGHS cities [15 [Steal puncture ft fig,,,,,,0.35,True
Dehradun,17062025150705_CGHS Rates 2024 Dehradun.pdf,1,Injection / Sclerotherapy / Banding of Haemorrhoids 700 Rate revised w.e.k.,Injection / Sclerotherapy / Banding of Haemorrhoids 700 Rate revised w.e.k.,,,,,,0.35,True
Dehradun,17062025150705_CGHS Rates 2024 Dehradun.pdf,1,01.02.2024 & applicable in all CGHS cities 17 Injection for Varicose Veins 5 00 Rate revised w.e.t.,02.2024 & applicable in all CGHS cities 17 Injection for Varicose Veins 5 00 Rate revised w.e.t.,,,,,,0.35,True
Dehradun,17062025150705_CGHS Rates 2024 Dehradun.pdf,1,01.02.2024 & applicable in all CGHS cities ‘Urinary bladder Catheterisation 2) 00 Rate revised w.e.f.,02.2024 & applicable in all CGHS cities ‘Urinary bladder Catheterisation 2) 00 Rate revised w.e.f.,,,,,,0.35,True
Dehradun,17062025150705_CGHS Rates 2024 Dehradun.pdf,1,01.02.2024 & applicable in all CGHS cities,02.2024 & applicable in all CGHS cities,,,,,,0.35,True
Dehradun,17062025150705_CGHS Rates 2024 Dehradun.pdf,1,Dilatation of Urethral Stricture 1955) 2300 Rate revised w.e.f-,Dilatation of Urethral Stricture 1955) 2300 Rate revised w.e.f-,,,,,,0.35,True
Dehradun,17062025150705_CGHS Rates 2024 Dehradun.pdf,1,01.02.2024 & applicable in all CGHS cities 20 Incision & Drainage under local Anaesthesia (Large) 9 0 Rate revised w.e.f,02.2024 & applicable in all CGHS cities 20 Incision & Drainage under local Anaesthesia (Large) 9 0 Rate revised w.e.f,,,,,,0.35,True
Dehradun,17062025150705_CGHS Rates 2024 Dehradun.pdf,1,01.02.2024 &,02.2024 &,,,,,,0.35,True
Dehradun,17062025150705_CGHS Rates 2024 Dehradun.pdf,2,[22 [Peritoneal Dialysis ——______[iao5__[iess—_|,22 [Peritoneal Dialysis ——______[iao5__[iess—_,,,,,,0.35,True
Dehradun,17062025150705_CGHS Rates 2024 Dehradun.pdf,2,[53__[Exeisiomof Moles CY,53__[Exeisiomof Moles CY,,,,,,0.35,True
Dehradun,17062025150705_CGHS Rates 2024 Dehradun.pdf,2,[4 [Excision of Waris_—_________Js10__ 57,4 [Excision of Waris_—_________Js10__,,,57,,,0.5,True
Dehradun,17062025150705_CGHS Rates 2024 Dehradun.pdf,2,[25 [Excision of Molluscum contagiosum ———_is0 iso.) ———SSSSC—S,25 [Excision of Molluscum contagiosum ———_is0 iso.) ———SSSSC—S,,,,,,0.35,True
Dehradun,17062025150705_CGHS Rates 2024 Dehradun.pdf,2,[25 [Excision of Venereal Warts toss,25 [Excision of Venereal Warts toss,,,,,,0.35,True
Dehradun,17062025150705_CGHS Rates 2024 Dehradun.pdf,2,[57 [excision ofComs toto,57 [excision ofComs toto,,,,,,0.35,True
Dehradun,17062025150705_CGHS Rates 2024 Dehradun.pdf,2,28 Intradermal (ID) Injection Keloid (Intralesional 97 112,28 Intradermal (ID) Injection Keloid (Intralesional,112,97,,,,0.72,False
Dehradun,17062025150705_CGHS Rates 2024 Dehradun.pdf,2,[25 |chemical Cautery (Giri,25 |chemical Cautery (Giri,,,,,,0.35,True
Dehradun,17062025150705_CGHS Rates 2024 Dehradun.pdf,2,[S2__|Prerygium Surgery 0s,S2__|Prerygium Surgery 0s,,,,,,0.35,True
Dehradun,17062025150705_CGHS Rates 2024 Dehradun.pdf,2,[53__|[Conjunctival Pertomy —_[ss___Jo?___ |__|,53__|[Conjunctival Pertomy —_[ss___Jo?___ |__,,,,,,0.35,True
Dehradun,17062025150705_CGHS Rates 2024 Dehradun.pdf,2,34 ‘Conjunctival wound repair or exploration following [3300 3795,34 ‘Conjunctival wound repair or exploration following [3300,,,3795,,,0.5,True
Dehradun,17062025150705_CGHS Rates 2024 Dehradun.pdf,2,[55___| Removal of comeal orien body Si,55___| Removal of comeal orien body Si,,,,,,0.35,True
Dehradun,17062025150705_CGHS Rates 2024 Dehradun.pdf,2,36 Cauterization of ulcer/subconjunctival injection in 79,36 Cauterization of ulcer/subconjunctival injection in,,,79,,,0.5,True
Dehradun,17062025150705_CGHS Rates 2024 Dehradun.pdf,2,(Cauterization of ulcer/subconjunctival injection in 138 159,(Cauterization of ulcer/subconjunctival injection in,159,138,,,,0.72,False
Dehradun,17062025150705_CGHS Rates 2024 Dehradun.pdf,2,[58__|Comeal grafting—Penevating Reratoplasty__[S750___[osrs |) Si,58__|Comeal grafting—Penevating Reratoplasty__[S750___[osrs |) Si,,,,,,0.35,True
Dehradun,17062025150705_CGHS Rates 2024 Dehradun.pdf,2,[39___|Comeal grafing—Lamellarkeratoplasty —_[5000___|s750__| |,39___|Comeal grafing—Lamellarkeratoplasty —_[5000___|s750__,,,,,,0.35,True
Dehradun,17062025150705_CGHS Rates 2024 Dehradun.pdf,2,40 (Cyanoacrylate /fibrin glue application for corneal 794,40 (Cyanoacrylate /fibrin glue application for corneal,,,794,,,0.5,True
Dehradun,17062025150705_CGHS Rates 2024 Dehradun.pdf,2,[=i [Bandage contact Tenses Tor corneal perforation [460_———‘(3 i,=i [Bandage contact Tenses Tor corneal perforation [460_———‘(3 i,,,,,,0.35,True
Dehradun,17062025150705_CGHS Rates 2024 Dehradun.pdf,2,42 Scleral grafting or conjunctival flap for corneal 2300 2645,42 Scleral grafting or conjunctival flap for corneal,2645,2300,,,,0.72,False
Dehradun,17062025150705_CGHS Rates 2024 Dehradun.pdf,2,43 Keratoconus correction with therapeutic contact 1200 1380 aa ae een ee a keratoconus [5 [EDTA for band shaped Keratopathy —————‘[fses———S—~ SCS CS,43 Keratoconus correction with therapeutic contact 1200 1380 aa ae een ee a keratoconus [5 [EDTA for band shaped Keratopathy —————‘[fses———S—~ SCS CS,,,,,,0.35,True
Dehradun,17062025150705_CGHS Rates 2024 Dehradun.pdf,2,[6 | Areuate keratotomy for astigmatism [>800___|s230 |_| [er [Resting Crinarysvrng ofcomeaTwomd [ris fies |,6 | Areuate keratotomy for astigmatism [>800___|s230 |_| [er [Resting Crinarysvrng ofcomeaTwomd [ris fies,,,,,,0.35,True
Dehradun,17062025150705_CGHS Rates 2024 Dehradun.pdf,2,[2s | Penetrating Keratoplasty with glaucoma surgery —_[iaiaa____[1s966___|,2s | Penetrating Keratoplasty with glaucoma surgery —_[iaiaa____[1s966___,,,,,,0.35,True
Dehradun,17062025150705_CGHS Rates 2024 Dehradun.pdf,2,[29 [Penetrating Keratoplasty with vitresiomy ——iaiaa_[13966_-_] [Se [Benstiatnsbemoclestywitortmelantion [tase [eT,29 [Penetrating Keratoplasty with vitresiomy ——iaiaa_[13966_-_] [Se [Benstiatnsbemoclestywitortmelantion [tase [eT,,,,,,0.35,True
Dehradun,17062025150705_CGHS Rates 2024 Dehradun.pdf,2,[1 [DALK- Deep anterior lamellar Reratoplasty [1725019838 [52___|KeratoprosthesisstageTand i ——_[u1s00____[isz25_-@ |,1 [DALK- Deep anterior lamellar Reratoplasty [1725019838 [52___|KeratoprosthesisstageTand i ——_[u1s00____[isz25_-@,,,,,,0.35,True
Dehradun,17062025150705_CGHS Rates 2024 Dehradun.pdf,2,53 /DSAEK Descemet’s stripping automated endothelial 16675 19176 (a Gr [4 [Anema elactiempetcKentiey [ise fae,53 /DSAEK Descemet’s stripping automated endothelial 16675 19176 (a Gr [4 [Anema elactiempetcKentiey [ise fae,,,,,,0.35,True
Dehradun,17062025150705_CGHS Rates 2024 Dehradun.pdf,2,"[55___| Probing and Springing of lacrimal sac-imone eye [697], |","55___| Probing and Springing of lacrimal sac-imone eye [697],",,,,,,0.35,True
Dehradun,17062025150705_CGHS Rates 2024 Dehradun.pdf,2,[6 [Probing and Syringing of lacrimal sac-in bomb eye [1381s -_],6 [Probing and Syringing of lacrimal sac-in bomb eye [1381s -_,,,,,,0.35,True
Dehradun,17062025150705_CGHS Rates 2024 Dehradun.pdf,2,[57 _[Dacryocystorhinostomy-Plain (875 ————*i306 Si SSC—S™,57 _[Dacryocystorhinostomy-Plain (875 ————*i306 Si SSC—S™,,,,,,0.35,True
Dehradun,17062025150705_CGHS Rates 2024 Dehradun.pdf,3,58 (Dacryocystorhinostomy-Plain with intubation and/or [9750 11213,58 (Dacryocystorhinostomy-Plain with intubation and/or [9750,,,11213,,,0.5,True
Dehradun,17062025150705_CGHS Rates 2024 Dehradun.pdf,3,Dacryocystorhinostomy-conjunctival with implant 10580 |,Dacryocystorhinostomy-conjunctival with implant 10580,,,,,,0.35,True
Dehradun,17062025150705_CGHS Rates 2024 Dehradun.pdf,3,[62 |Punctal pgs for dey eyes a,62 |Punctal pgs for dey eyes a,,,,,,0.35,True
Dehradun,17062025150705_CGHS Rates 2024 Dehradun.pdf,3,[6 [inter Ophiatmoseopy (Fundoscopy a,6 [inter Ophiatmoseopy (Fundoscopy a,,,,,,0.35,True
Dehradun,17062025150705_CGHS Rates 2024 Dehradun.pdf,3,"[66 [Lees* charting or Hess"" charting [too rs","66 [Lees* charting or Hess"" charting [too rs",,,,,,0.35,True
Dehradun,17062025150705_CGHS Rates 2024 Dehradun.pdf,3,[67 [Orthopticexercises SOS,67 [Orthopticexercises SOS,,,,,,0.35,True
Dehradun,17062025150705_CGHS Rates 2024 Dehradun.pdf,3,[68 [Pleopticexercises_— SSB,68 [Pleopticexercises_— SSB,,,,,,0.35,True
Dehradun,17062025150705_CGHS Rates 2024 Dehradun.pdf,3,70 IPerimetry /Humphrey Visual Field (HVF ) test- 144 166,70 IPerimetry /Humphrey Visual Field (HVF ) test-,166,144,,,,0.72,False
Dehradun,17062025150705_CGHS Rates 2024 Dehradun.pdf,3,[73 __[Uitrasound B- Sean [so pes_——) SC,73 __[Uitrasound B- Sean [so pes_——) SC,,,,,,0.35,True
Dehradun,17062025150705_CGHS Rates 2024 Dehradun.pdf,3,Corneal endothelial cell count with specular 230 265,Corneal endothelial cell count with specular,265,230,,,,0.72,False
Dehradun,17062025150705_CGHS Rates 2024 Dehradun.pdf,3,16 microscopy,16 microscopy,,,,,,0.35,True
Dehradun,17062025150705_CGHS Rates 2024 Dehradun.pdf,3,[s0___[Macularfinetiontests SSCS SSCSCdi CC CCS,s0___[Macularfinetiontests SSCS SSCSCdi CC CCS,,,,,,0.35,True
Dehradun,17062025150705_CGHS Rates 2024 Dehradun.pdf,3,A Sn 6,A Sn,,,6,,,0.5,True
Dehradun,17062025150705_CGHS Rates 2024 Dehradun.pdf,3,OCT-Optical coherence tomography [212s 2500,OCT-Optical coherence tomography [212s,,,2500,,,0.5,True
Dehradun,17062025150705_CGHS Rates 2024 Dehradun.pdf,3,[55 | GDx Nerve fibre Iyer analysis a,55 | GDx Nerve fibre Iyer analysis a,,,,,,0.35,True
Dehradun,17062025150705_CGHS Rates 2024 Dehradun.pdf,3,[86 [UBM- Ultrasound bio microscopy a Ee,86 [UBM- Ultrasound bio microscopy a Ee,,,,,,0.35,True
Dehradun,17062025150705_CGHS Rates 2024 Dehradun.pdf,3,[89 [TOP measurement with applanation tonometry [So SBT,89 [TOP measurement with applanation tonometry [So SBT,,,,,,0.35,True
Dehradun,17062025150705_CGHS Rates 2024 Dehradun.pdf,3,[or [90 Dens examination SO,or [90 Dens examination SO,,,,,,0.35,True
Dehradun,17062025150705_CGHS Rates 2024 Dehradun.pdf,3,[92 [Gonioscopy SB,92 [Gonioscopy SB,,,,,,0.35,True
Dehradun,17062025150705_CGHS Rates 2024 Dehradun.pdf,3,(Chalazion incision and curettage in one eye [4004s,(Chalazion incision and curettage in one eye [4004s,,,,,,0.35,True
Dehradun,17062025150705_CGHS Rates 2024 Dehradun.pdf,3,Prosis surgery with fasanella servat procedure [2300 eas,Prosis surgery with fasanella servat procedure [2300 eas,,,,,,0.35,True
Dehradun,17062025150705_CGHS Rates 2024 Dehradun.pdf,3,[96 |Ptosis surgery with LPS resection one lid 3500 a |,96 |Ptosis surgery with LPS resection one lid 3500 a,,,,,,0.35,True
Dehradun,17062025150705_CGHS Rates 2024 Dehradun.pdf,3,Prosis surgery with Sling surgery one lid 6670 ae,Prosis surgery with Sling surgery one lid 6670 ae,,,,,,0.35,True
Dehradun,17062025150705_CGHS Rates 2024 Dehradun.pdf,3,[98 [Ectropion surgery- one lid [1400 tei,98 [Ectropion surgery- one lid [1400 tei,,,,,,0.35,True
Dehradun,17062025150705_CGHS Rates 2024 Dehradun.pdf,3,[99 [Ectropion surgery- both lids [2500 27s,99 [Ectropion surgery- both lids [2500 27s,,,,,,0.35,True
Dehradun,17062025150705_CGHS Rates 2024 Dehradun.pdf,3,[100 [Epicanthus correction SO [iss,100 [Epicanthus correction SO [iss,,,,,,0.35,True
Dehradun,17062025150705_CGHS Rates 2024 Dehradun.pdf,3,Entropion surgery- one lid 1380 [ss7,Entropion surgery- one lid 1380 [ss7,,,,,,0.35,True
Dehradun,17062025150705_CGHS Rates 2024 Dehradun.pdf,3,Entropion surgery- both lids [20002300,Entropion surgery- both lids [20002300,,,,,,0.35,True
Dehradun,17062025150705_CGHS Rates 2024 Dehradun.pdf,3,[104 [Tarsorraphy as,104 [Tarsorraphy as,,,,,,0.35,True
Dehradun,17062025150705_CGHS Rates 2024 Dehradun.pdf,3,Suturing of lid lacerations [riso fs23,Suturing of lid lacerations [riso fs23,,,,,,0.35,True
Dehradun,17062025150705_CGHS Rates 2024 Dehradun.pdf,3,[106 [Lid retraction repair TO fT,106 [Lid retraction repair TO fT,,,,,,0.35,True
Dehradun,17062025150705_CGHS Rates 2024 Dehradun.pdf,3,[107 [Coneretions removal ST,107 [Coneretions removal ST,,,,,,0.35,True
Dehradun,17062025150705_CGHS Rates 2024 Dehradun.pdf,3,[108 [Bucket handle procedure for lid tumors [34597,108 [Bucket handle procedure for lid tumors [34597,,,,,,0.35,True
Dehradun,17062025150705_CGHS Rates 2024 Dehradun.pdf,3,[109 [Cheek rotation flap for lid tumors 6900 7935 Ld,109 [Cheek rotation flap for lid tumors 6900 7935 Ld,,,,,,0.35,True
Dehradun,17062025150705_CGHS Rates 2024 Dehradun.pdf,4,[To —[orbietemy 0 7,To —[orbietemy,7,0,,,,0.72,False
Dehradun,17062025150705_CGHS Rates 2024 Dehradun.pdf,4,[Ht [enucleation $3000 its,Ht [enucleation $3000 its,,,,,,0.35,True
Dehradun,17062025150705_CGHS Rates 2024 Dehradun.pdf,4,[112 | Enucleation with orbital mplants and ariicral | 3000___]34s0__[ |,112 | Enucleation with orbital mplants and ariicral | 3000___]34s0__,,,,,,0.35,True
Dehradun,17062025150705_CGHS Rates 2024 Dehradun.pdf,4,[113[Eviseeration SS —~daSO——S—~«diSBSCC*CSCSC~SY,113[Eviseeration SS —~daSO——S—~«diSBSCC*CSCSC~SY,,,,,,0.35,True
Dehradun,17062025150705_CGHS Rates 2024 Dehradun.pdf,4,114 Evisceration with orbital implants and artificial 5693 6547,114 Evisceration with orbital implants and artificial,6547,5693,,,,0.72,False
Dehradun,17062025150705_CGHS Rates 2024 Dehradun.pdf,4,[11s —[Tetesanthus conrestion sis si J,11s —[Tetesanthus conrestion sis si J,,,,,,0.35,True
Dehradun,17062025150705_CGHS Rates 2024 Dehradun.pdf,4,[116 orbital decompression —____|s750. ees. [|_|,116 orbital decompression —____|s750. ees. [|_,,,,,,0.35,True
Dehradun,17062025150705_CGHS Rates 2024 Dehradun.pdf,4,[117 [exenteration ————————SS—*dS 750] Sd,117 [exenteration ————————SS—*dS 750] Sd,,,,,,0.35,True
Dehradun,17062025150705_CGHS Rates 2024 Dehradun.pdf,4,[11s [exenteration with skin grafting |600___]79ss___[ |,11s [exenteration with skin grafting |600___]79ss___,,,,,,0.35,True
Dehradun,17062025150705_CGHS Rates 2024 Dehradun.pdf,4,[ti [Fracture ovbital repair] 9200 __—fosso_—|,ti [Fracture ovbital repair] 9200 __—fosso_—,,,,,,0.35,True
Dehradun,17062025150705_CGHS Rates 2024 Dehradun.pdf,4,[120 [Retinal laser procedures [1800s,120 [Retinal laser procedures [1800s,,,,,,0.35,True
Dehradun,17062025150705_CGHS Rates 2024 Dehradun.pdf,4,[121 [Retinal detachment surgery(RDS) [S00 3225,121 [Retinal detachment surgery(RDS) [S00,,,3225,,,0.5,True
Dehradun,17062025150705_CGHS Rates 2024 Dehradun.pdf,4,[133 |Buckle removal [0,133 |Buckle removal [0,,,,,,0.35,True
Dehradun,17062025150705_CGHS Rates 2024 Dehradun.pdf,4,[134 [Silicone oil removal [2800_____]3230._[) |,134 [Silicone oil removal [2800_____]3230._[),,,,,,0.35,True
Dehradun,17062025150705_CGHS Rates 2024 Dehradun.pdf,4,[135 | Anterior retinal eryopexy [162136 |,135 | Anterior retinal eryopexy [162136,,,,,,0.35,True
Dehradun,17062025150705_CGHS Rates 2024 Dehradun.pdf,4,[126 —[Squiat correction for one eye [3009 __Jsrs0. |,126 —[Squiat correction for one eye [3009 __Jsrs0.,,,,,,0.35,True
Dehradun,17062025150705_CGHS Rates 2024 Dehradun.pdf,4,[127 —|Squint correction for both eyes |7500_]soxs___[ |,127 —|Squint correction for both eyes |7500_]soxs___,,,,,,0.35,True
Dehradun,17062025150705_CGHS Rates 2024 Dehradun.pdf,4,[128 —[Trabeculestomy 6909 _}s5 | J,128 —[Trabeculestomy 6909 _}s5 | J,,,,,,0.35,True
Dehradun,17062025150705_CGHS Rates 2024 Dehradun.pdf,4,[139 —[rabeculoromy | 6007935 |,139 —[rabeculoromy | 6007935,,,,,,0.35,True
Dehradun,17062025150705_CGHS Rates 2024 Dehradun.pdf,4,[130 _[Trabeculectomy with Trabeculoromy [1035011903 |,130 _[Trabeculectomy with Trabeculoromy [1035011903,,,,,,0.35,True
Dehradun,17062025150705_CGHS Rates 2024 Dehradun.pdf,4,[isi_—[trephination (2300 rts,isi_—[trephination (2300 rts,,,,,,0.35,True
Dehradun,17062025150705_CGHS Rates 2024 Dehradun.pdf,4,[132 [Goniotomy as i,132 [Goniotomy as i,,,,,,0.35,True
Dehradun,17062025150705_CGHS Rates 2024 Dehradun.pdf,4,[134 [cyelocryothempy iso is Pid,134 [cyelocryothempy iso is Pid,,,,,,0.35,True
Dehradun,17062025150705_CGHS Rates 2024 Dehradun.pdf,4,[138__[¥aGlaseriridotomy SiO ———ias dT C—~*d,138__[¥aGlaseriridotomy SiO ———ias dT C—~*d,,,,,,0.35,True
Dehradun,17062025150705_CGHS Rates 2024 Dehradun.pdf,4,[136 [¥AG laser eapsulotomy poss iasr_ [|,136 [¥AG laser eapsulotomy poss iasr_,,,,,,0.35,True
Dehradun,17062025150705_CGHS Rates 2024 Dehradun.pdf,4,[137 [ALT-Argon laser wabeculoplasyy is Ci Cd SCC—~*d,137 [ALT-Argon laser wabeculoplasyy is Ci Cd SCC—~*d,,,,,,0.35,True
Dehradun,17062025150705_CGHS Rates 2024 Dehradun.pdf,4,[138 [PDT-Phowdymicthempy ———_____fsaso_fsves———i| ———SSS—Sd,138 [PDT-Phowdymicthempy ———_____fsaso_fsves———i| ———SSS—Sd,,,,,,0.35,True
Dehradun,17062025150705_CGHS Rates 2024 Dehradun.pdf,4,[139 [TTT Transpupillay themnal erapy [300030 [|_|,139 [TTT Transpupillay themnal erapy [300030 [|_,,,,,,0.35,True
Dehradun,17062025150705_CGHS Rates 2024 Dehradun.pdf,4,[140 [PIE Phototherapeutic keratectomy —|1500_]seas_ |_|,140 [PIE Phototherapeutic keratectomy —|1500_]seas_ |_,,,,,,0.35,True
Dehradun,17062025150705_CGHS Rates 2024 Dehradun.pdf,4,[141 [Argonvdiode laser for retinal dewtehmeat___uso____isas__—«d| ———SSS——id,141 [Argonvdiode laser for retinal dewtehmeat___uso____isas__—«d| ———SSS——id,,,,,,0.35,True
Dehradun,17062025150705_CGHS Rates 2024 Dehradun.pdf,4,[142 [tralase application forkeratoconus [750 Joss | |,142 [tralase application forkeratoconus [750 Joss,,,,,,0.35,True
Dehradun,17062025150705_CGHS Rates 2024 Dehradun.pdf,4,[143 [E0G-elecuo-coulogram ———————————~i00 —————‘fios iT SC—Sd,143 [E0G-elecuo-coulogram ———————————~i00 —————‘fios iT SC—Sd,,,,,,0.35,True
Dehradun,17062025150705_CGHS Rates 2024 Dehradun.pdf,4,[144 [ERG- Flecwo-retinogram sis sd id,144 [ERG- Flecwo-retinogram sis sd id,,,,,,0.35,True
Dehradun,17062025150705_CGHS Rates 2024 Dehradun.pdf,4,[145 _[VEP- visually evoked potential [soo foo <4 ————S——d,145 _[VEP- visually evoked potential [soo foo <4 ————S——d,,,,,,0.35,True
Dehradun,17062025150705_CGHS Rates 2024 Dehradun.pdf,4,[146 [Vinectomy- pars plana iso sss C—Sd,146 [Vinectomy- pars plana iso sss C—Sd,,,,,,0.35,True
Dehradun,17062025150705_CGHS Rates 2024 Dehradun.pdf,4,[147 —[Inraviteat injections oFantbioties —_puso__fisas_ |_|,147 —[Inraviteat injections oFantbioties —_puso__fisas_ |_,,,,,,0.35,True
Dehradun,17062025150705_CGHS Rates 2024 Dehradun.pdf,4,[180 [CT orbit andbraim Sic ——iiwio dT —Sd,180 [CT orbit andbraim Sic ——iiwio dT —Sd,,,,,,0.35,True
Dehradun,17062025150705_CGHS Rates 2024 Dehradun.pdf,4,[11 [MRE Orbit and brain fsaso__faves | |,11 [MRE Orbit and brain fsaso__faves,,,,,,0.35,True
Dehradun,17062025150705_CGHS Rates 2024 Dehradun.pdf,4,[1s2_[Dacryocystouraphy Si” io SCT C—*d,1s2_[Dacryocystouraphy Si” io SCT C—*d,,,,,,0.35,True
Dehradun,17062025150705_CGHS Rates 2024 Dehradun.pdf,4,[153 [Orbital angio-eraphicalsudies —_____so0__ims——‘[| SSS,153 [Orbital angio-eraphicalsudies —_____so0__ims——‘[| SSS,,,,,,0.35,True
Dehradun,17062025150705_CGHS Rates 2024 Dehradun.pdf,4,[154 [Extacapsular cataract extraction (ECCE) Win TOL [3450398 | |,154 [Extacapsular cataract extraction (ECCE) Win TOL [3450398,,,,,,0.35,True
Dehradun,17062025150705_CGHS Rates 2024 Dehradun.pdf,4,[155 Small Incision Cataract Surgery (SICS) with tor —[s000|s750| |,155 Small Incision Cataract Surgery (SICS) with tor —[s000|s750,,,,,,0.35,True
Dehradun,17062025150705_CGHS Rates 2024 Dehradun.pdf,4,156 Phaco with foldable IOL (silicone and 10781 12398,156 Phaco with foldable IOL (silicone and,12398,10781,,,,0.72,False
Dehradun,17062025150705_CGHS Rates 2024 Dehradun.pdf,4,[157 [Pars plana lensestomy wihiwithowtTOL rosso isos__—‘[| ———S—id,157 [Pars plana lensestomy wihiwithowtTOL rosso isos__—‘[| ———S—id,,,,,,0.35,True
Dehradun,17062025150705_CGHS Rates 2024 Dehradun.pdf,4,Secondary IOL implantation- AC IOL PC IOL or 6900 7935,Secondary IOL implantation- AC IOL PC IOL or,7935,6900,,,,0.72,False
Dehradun,17062025150705_CGHS Rates 2024 Dehradun.pdf,4,159 Cataract extraction with IOL with capsular tension 13500 15525,159 Cataract extraction with IOL with capsular tension,15525,13500,,,,0.72,False
Dehradun,17062025150705_CGHS Rates 2024 Dehradun.pdf,4,[160 [Opicnene sheathoromy (00 iss,160 [Opicnene sheathoromy (00 iss,,,,,,0.35,True
Dehradun,17062025150705_CGHS Rates 2024 Dehradun.pdf,5,[Tei [idoaialyis repair or papilany reconstruction S000 [5750],Tei [idoaialyis repair or papilany reconstruction S000 [5750,,,,,,0.35,True
Dehradun,17062025150705_CGHS Rates 2024 Dehradun.pdf,5,[162 fins eysteemoval 880s i,162 fins eysteemoval 880s i,,,,,,0.35,True
Dehradun,17062025150705_CGHS Rates 2024 Dehradun.pdf,5,[163 |i Abscess incision and Drainage i700. igss__ [>|,163 |i Abscess incision and Drainage i700. igss__ [>,,,,,,0.35,True
Dehradun,17062025150705_CGHS Rates 2024 Dehradun.pdf,5,[164 |Ovbital Abscess incision aad Drainage |3000__ sas. |,164 |Ovbital Abscess incision aad Drainage |3000__ sas.,,,,,,0.35,True
Dehradun,17062025150705_CGHS Rates 2024 Dehradun.pdf,5,[16s ]Biopsyreyey id id SS SC—Sd,16s ]Biopsyreyey id id SS SC—Sd,,,,,,0.35,True
Dehradun,17062025150705_CGHS Rates 2024 Dehradun.pdf,5,[165 |Paracentesis @@) fsa,165 |Paracentesis @@) fsa,,,,,,0.35,True
Dehradun,17062025150705_CGHS Rates 2024 Dehradun.pdf,5,[167 |Scleral graf for scleral melting or perforation 2800.30. |,167 |Scleral graf for scleral melting or perforation 2800.30.,,,,,,0.35,True
Dehradun,17062025150705_CGHS Rates 2024 Dehradun.pdf,5,[16s [Amniotic membrane grafing ——————_| uo iz6s___ [|_|,16s [Amniotic membrane grafing ——————_| uo iz6s___ [|_,,,,,,0.35,True
Dehradun,17062025150705_CGHS Rates 2024 Dehradun.pdf,5,[169 ]eyelodiathermy 300s iY,169 ]eyelodiathermy 300s iY,,,,,,0.35,True
Dehradun,17062025150705_CGHS Rates 2024 Dehradun.pdf,5,[170 —ffnwaocular foreign bodyremoval (us? iP SY,170 —ffnwaocular foreign bodyremoval (us? iP SY,,,,,,0.35,True
Dehradun,17062025150705_CGHS Rates 2024 Dehradun.pdf,5,[71 [elecwotysis eye) dings,71 [elecwotysis eye) dings,,,,,,0.35,True
Dehradun,17062025150705_CGHS Rates 2024 Dehradun.pdf,5,[172 [Perforating inuryrepatev) ——————~d SOO —~*dSISSCCC*d,172 [Perforating inuryrepatev) ——————~d SOO —~*dSISSCCC*d,,,,,,0.35,True
Dehradun,17062025150705_CGHS Rates 2024 Dehradun.pdf,5,[77a [Flap Operation perquadrant seo i SY,77a [Flap Operation perquadrant seo i SY,,,,,,0.35,True
Dehradun,17062025150705_CGHS Rates 2024 Dehradun.pdf,5,[175 |oingivectomy per quadrant }psa_—_op i SY,175 |oingivectomy per quadrant }psa_—_op i SY,,,,,,0.35,True
Dehradun,17062025150705_CGHS Rates 2024 Dehradun.pdf,5,176 Reduction & immobilization of fracture- Maxilla 1035,176 Reduction & immobilization of fracture- Maxilla,,,1035,,,0.5,True
Dehradun,17062025150705_CGHS Rates 2024 Dehradun.pdf,5,177 Reduction & immobilization of Fracture-Mandible 3500 4025,177 Reduction & immobilization of Fracture-Mandible,4025,3500,,,,0.72,False
Dehradun,17062025150705_CGHS Rates 2024 Dehradun.pdf,5,[77s | splint ircommandibular wining uaderEA [S10 [87,77s | splint ircommandibular wining uaderEA [S10 [87,,,,,,0.35,True
Dehradun,17062025150705_CGHS Rates 2024 Dehradun.pdf,5,[179 —|Splints/Circummandibular wiring underGA 990 [39 ———S——i™,179 —|Splints/Circummandibular wiring underGA 990 [39 ———S——i™,,,,,,0.35,True
Dehradun,17062025150705_CGHS Rates 2024 Dehradun.pdf,5,180 Internal wire fixation/plate fixation of Maxilla under 3000 3450,180 Internal wire fixation/plate fixation of Maxilla under,3450,3000,,,,0.72,False
Dehradun,17062025150705_CGHS Rates 2024 Dehradun.pdf,5,181 Internal wire fixation/plate fixation of Maxilla under 4000 4600,181 Internal wire fixation/plate fixation of Maxilla under,4600,4000,,,,0.72,False
Dehradun,17062025150705_CGHS Rates 2024 Dehradun.pdf,5,183 Internal wire fixation/plate fixation of Mandible 4250 4888,183 Internal wire fixation/plate fixation of Mandible,4888,4250,,,,0.72,False
Dehradun,17062025150705_CGHS Rates 2024 Dehradun.pdf,5,[185 | Complicated Extraction per Tooth wnderTA [ro [us__ [|_|,185 | Complicated Extraction per Tooth wnderTA [ro [us__ [|_,,,,,,0.35,True
Dehradun,17062025150705_CGHS Rates 2024 Dehradun.pdf,5,[186 [Extraction oFimpacted toorhunderta 16 [isa__ [|_|,186 [Extraction oFimpacted toorhunderta 16 [isa__ [|_,,,,,,0.35,True
Dehradun,17062025150705_CGHS Rates 2024 Dehradun.pdf,5,187 | Extraction in mentally retarded/patients with systemic [939 1080 diseases/patient with special needs under short term GA,Extraction in mentally retarded/patients with systemic [939 1080 diseases/patient with special needs under short term GA,,,,,,0.35,True
Dehradun,17062025150705_CGHS Rates 2024 Dehradun.pdf,5,188 | Cyst & tumour of Maxilla /mandible by enucleation’ [244 281 ——— Fd,Cyst & tumour of Maxilla /mandible by enucleation’ [244 281 ——— Fd,,,,,,0.35,True
Dehradun,17062025150705_CGHS Rates 2024 Dehradun.pdf,5,189 Cyst & tumour of Maxilla / mandible by enucleation / 406 467 excision / marsupialisation size more than 4cms under LA,189 Cyst & tumour of Maxilla / mandible by enucleation / 406 467 excision / marsupialisation size more than 4cms under LA,,,,,,0.35,True
Dehradun,17062025150705_CGHS Rates 2024 Dehradun.pdf,5,‘Cyst & tumour of Maxilla/mandible by enucleation / 1150 excision / marsupialisation size more than 4 cms under GA,‘Cyst & tumour of Maxilla/mandible by enucleation / 1150 excision / marsupialisation size more than 4 cms under GA,,,,,,0.35,True
Dehradun,17062025150705_CGHS Rates 2024 Dehradun.pdf,5,[Toi [rato ankylosis wader GA 7500 [sess iY,Toi [rato ankylosis wader GA 7500 [sess iY,,,,,,0.35,True
Dehradun,17062025150705_CGHS Rates 2024 Dehradun.pdf,5,[192 [Biopsy lauaoral-Som tissue] 430 |) |,192 [Biopsy lauaoral-Som tissue] 430 |),,,,,,0.35,True
Dehradun,17062025150705_CGHS Rates 2024 Dehradun.pdf,5,[193 ]Biopsy aaora-Bone sa [as0_—sfP,193 ]Biopsy aaora-Bone sa [as0_—sfP,,,,,,0.35,True
Dehradun,17062025150705_CGHS Rates 2024 Dehradun.pdf,5,[194 |Femi-mandibulectomy with gat ]21000_[2anso__ |) |,194 |Femi-mandibulectomy with gat ]21000_[2anso__ |),,,,,,0.35,True
Dehradun,17062025150705_CGHS Rates 2024 Dehradun.pdf,5,[195] femi-mandibulectomy without gait] 21000[>aso— [|,195] femi-mandibulectomy without gait] 21000[>aso—,,,,,,0.35,True
Dehradun,17062025150705_CGHS Rates 2024 Dehradun.pdf,5,[196 | Seamenta-mandibulesiomy with ral] 3400 [3910 [|_|,196 | Seamenta-mandibulesiomy with ral] 3400 [3910 [|_,,,,,,0.35,True
Dehradun,17062025150705_CGHS Rates 2024 Dehradun.pdf,5,[197 | Seamental-mandibulestomy without wat |990 [uss |,197 | Seamental-mandibulestomy without wat |990 [uss,,,,,,0.35,True
Dehradun,17062025150705_CGHS Rates 2024 Dehradun.pdf,5,[198 |Maxillectomy- Total with grat ]>500_ 2875. [|_|,198 |Maxillectomy- Total with grat ]>500_ 2875. [|_,,,,,,0.35,True
Dehradun,17062025150705_CGHS Rates 2024 Dehradun.pdf,5,[199 | Maxilectomy- Total without gal 1950 [aus [> SY,199 | Maxilectomy- Total without gal 1950 [aus [> SY,,,,,,0.35,True
Dehradun,17062025150705_CGHS Rates 2024 Dehradun.pdf,6,[200 _[Maxilleciomy-parialwiheaR —_———~zsooo——S—SC—sdSOSCSC*dSCCSCSCSC~C~*d,200 _[Maxilleciomy-parialwiheaR —_———~zsooo——S—SC—sdSOSCSC*dSCCSCSCSC~C~*d,,,,,,0.35,True
Dehradun,17062025150705_CGHS Rates 2024 Dehradun.pdf,6,[201 | Maxiliectomy- partial without grat ___]2s00__as75___ |_|,201 | Maxiliectomy- partial without grat ___]2s00__as75___ |_,,,,,,0.35,True
Dehradun,17062025150705_CGHS Rates 2024 Dehradun.pdf,6,202 Release of fibrous bands & grafting -in (OSMF) 1500 1725,202 Release of fibrous bands & grafting -in (OSMF),1725,1500,,,,0.72,False
Dehradun,17062025150705_CGHS Rates 2024 Dehradun.pdf,6,[205 | Pre-prosthetic surgery- Alveoloplasty (perareh) __[500_____[ams_——sd| SOS,205 | Pre-prosthetic surgery- Alveoloplasty (perareh) __[500_____[ams_——sd| SOS,,,,,,0.35,True
Dehradun,17062025150705_CGHS Rates 2024 Dehradun.pdf,6,[204 |Pre-prosthetic surgery ridge avamentaion (peravch) [1200 [1380 [|__|,204 |Pre-prosthetic surgery ridge avamentaion (peravch) [1200 [1380 [|__,,,,,,0.35,True
Dehradun,17062025150705_CGHS Rates 2024 Dehradun.pdf,6,206 Root canal Treatment(RCT) Posterior teeth (per 700 805,206 Root canal Treatment(RCT) Posterior teeth (per,805,700,,,,0.72,False
Dehradun,17062025150705_CGHS Rates 2024 Dehradun.pdf,6,[507__|Apicosctomp- Singleroot____————————*is0o ds |,507__|Apicosctomp- Singleroot____————————*is0o ds,,,,,,0.35,True
Dehradun,17062025150705_CGHS Rates 2024 Dehradun.pdf,6,[205 [Apicocctomy-Muliple roots Jexso__fas—sd| ——S—~S™,205 [Apicocctomy-Muliple roots Jexso__fas—sd| ——S—~S™,,,,,,0.35,True
Dehradun,17062025150705_CGHS Rates 2024 Dehradun.pdf,6,[209 [Metal Crown-perunit 500575,209 [Metal Crown-perunit,,,500575,,,0.5,True
Dehradun,17062025150705_CGHS Rates 2024 Dehradun.pdf,6,[210 [Metal Crown with Acie clus perwait—_|700_|sos__ |_|,210 [Metal Crown with Acie clus perwait—_|700_|sos__ |_,,,,,,0.35,True
Dehradun,17062025150705_CGHS Rates 2024 Dehradun.pdf,6,[211 [Complete single denture-metal based ____[1so0_____fims_—s| ——SSSSC—Sd,211 [Complete single denture-metal based ____[1so0_____fims_—s| ——SSSSC—Sd,,,,,,0.35,True
Dehradun,17062025150705_CGHS Rates 2024 Dehradun.pdf,6,[212 | Compiete denture- acrylic based perarch__]980__ ssf +,212 | Compiete denture- acrylic based perarch__]980__ ssf +,,,,,,0.35,True
Dehradun,17062025150705_CGHS Rates 2024 Dehradun.pdf,6,[213 [Removable partial denture-Metal based-upioteeth[700_——‘(sos_ S| CS,213 [Removable partial denture-Metal based-upioteeth[700_——‘(sos_ S| CS,,,,,,0.35,True
Dehradun,17062025150705_CGHS Rates 2024 Dehradun.pdf,6,214 |Removable partial denture-Metal based-more than 3 1035 a aaa SN,Removable partial denture-Metal based-more than 3 1035 a aaa SN,,,,,,0.35,True
Dehradun,17062025150705_CGHS Rates 2024 Dehradun.pdf,6,216 |Removable partial denture-Acrylic based-more than 3 [264 304 ea,Removable partial denture-Acrylic based-more than 3 [264 304 ea,,,,,,0.35,True
Dehradun,17062025150705_CGHS Rates 2024 Dehradun.pdf,6,[217 _[Amalgamvestorstion-perteoth i200 SSCidSSCC*SCCCCSC—~*Y,217 _[Amalgamvestorstion-perteoth i200 SSCidSSCC*SCCCCSC—~*Y,,,,,,0.35,True
Dehradun,17062025150705_CGHS Rates 2024 Dehradun.pdf,6,[218 [Composite Restoration-per toothanteriortooth 280. pas_——sd| —SSSSS—S™,218 [Composite Restoration-per toothanteriortooth 280. pas_——sd| —SSSSS—S™,,,,,,0.35,True
Dehradun,17062025150705_CGHS Rates 2024 Dehradun.pdf,6,[219 [Glass fonomer filing-pertooth (200 SSS—i30—SSCSC—C~SY SSSSCSC—~*d,219 [Glass fonomer filing-pertooth (200 SSS—i30—SSCSC—C~SY SSSSCSC—~*d,,,,,,0.35,True
Dehradun,17062025150705_CGHS Rates 2024 Dehradun.pdf,6,[220 [Scaling & polishing ———SCSCSCS~C~CSC S00 ——SSCS—~ids SCiCSSSCSCSC~SCSY,220 [Scaling & polishing ———SCSCSCS~C~CSC S00 ——SSCS—~ids SCiCSSSCSCSC~SCSY,,,,,,0.35,True
Dehradun,17062025150705_CGHS Rates 2024 Dehradun.pdf,6,[221__[ Removable Onthodoaties applianee-per Arch _|700_|sos__|,221__[ Removable Onthodoaties applianee-per Arch _|700_|sos__,,,,,,0.35,True
Dehradun,17062025150705_CGHS Rates 2024 Dehradun.pdf,6,[222 [Fixed Orhodonties-per Arch ———————*duSO————ids SC SSC—~*d,222 [Fixed Orhodonties-per Arch ———————*duSO————ids SC SSC—~*d,,,,,,0.35,True
Dehradun,17062025150705_CGHS Rates 2024 Dehradun.pdf,6,[323_|Space maintainers-Fixed [00 __|s7s_]| |,323_|Space maintainers-Fixed [00 __|s7s_,,,,,,0.35,True
Dehradun,17062025150705_CGHS Rates 2024 Dehradun.pdf,6,[228 [Habit breaking appliances-removable_____[s00____|o20__-{ +,228 [Habit breaking appliances-removable_____[s00____|o20__-{ +,,,,,,0.35,True
Dehradun,17062025150705_CGHS Rates 2024 Dehradun.pdf,6,[225 _[Habitbreaking appliances-Fixed ______isoo______fivas__—+| ———S—id,225 _[Habitbreaking appliances-Fixed ______isoo______fivas__—+| ———S—id,,,,,,0.35,True
Dehradun,17062025150705_CGHS Rates 2024 Dehradun.pdf,6,[226 JExpansionpiate——————~idt000 isos) i,226 JExpansionpiate——————~idt000 isos) i,,,,,,0.35,True
Dehradun,17062025150705_CGHS Rates 2024 Dehradun.pdf,6,[227 [Feeding appliance forcleftpalate soos. Sid SSS,227 [Feeding appliance forcleftpalate soos. Sid SSS,,,,,,0.35,True
Dehradun,17062025150705_CGHS Rates 2024 Dehradun.pdf,6,228 |Maxillo-facial prosthesis (sal /auricular/orbital/facial lost [3500 4025 i ea,Maxillo-facial prosthesis (sal /auricular/orbital/facial lost [3500 4025 i ea,,,,,,0.35,True
Dehradun,17062025150705_CGHS Rates 2024 Dehradun.pdf,6,[=25__[ Functional ontodontis appliances ____[s000____|sas0__| |,=25__[ Functional ontodontis appliances ____[s000____|sas0__,,,,,,0.35,True
Dehradun,17062025150705_CGHS Rates 2024 Dehradun.pdf,6,[230 _[obuirator (Maxillo-fcial) ———_____fsoo____fias_——s| SSSSCS—Sd,230 _[obuirator (Maxillo-fcial) ———_____fsoo____fias_——s| SSSSCS—Sd,,,,,,0.35,True
Dehradun,17062025150705_CGHS Rates 2024 Dehradun.pdf,6,[231 [Occlusal aight suard(spling) soo oxo |__| TREATMENT PROCEDURE ENT INon- NABH /Non.|NABH/ NABL [Remarks INABL Rates in | Rates in Rupee Rupee a a a er Audiometry oat a RR [FY],231 [Occlusal aight suard(spling) soo oxo |__| TREATMENT PROCEDURE ENT INon- NABH /Non.|NABH/ NABL [Remarks INABL Rates in | Rates in Rupee Rupee a a a er Audiometry oat a RR [FY,,,,nabh,,0.35,True
Dehradun,17062025150705_CGHS Rates 2024 Dehradun.pdf,6,[235 | Miiple hearing assesment estto Aus 4S SSCS CS,235 | Miiple hearing assesment estto Aus 4S SSCS CS,,,,,,0.35,True
Dehradun,17062025150705_CGHS Rates 2024 Dehradun.pdf,6,[236 [Speech Discrimination Score =~ ——SS—~id Ci SC—~*™,236 [Speech Discrimination Score =~ ——SS—~id Ci SC—~*™,,,,,,0.35,True
Dehradun,17062025150705_CGHS Rates 2024 Dehradun.pdf,6,[237 _|speech Assessment —————————SSSSSS—idO Siz Ci Cid,237 _|speech Assessment —————————SSSSSS—idO Siz Ci Cid,,,,,,0.35,True
Dehradun,17062025150705_CGHS Rates 2024 Dehradun.pdf,6,(01.05.2023 & applicable in all |CGHS cities,(01.05.2023 & applicable in all |CGHS cities,,,,,,0.35,True
Dehradun,17062025150705_CGHS Rates 2024 Dehradun.pdf,6,[259 | Cold Catone Test for Vestibularfneton <4 ———S—~iSCCdYSCCC*d,259 | Cold Catone Test for Vestibularfneton <4 ———S—~iSCCdYSCCC*d,,,,,,0.35,True
Dehradun,17062025150705_CGHS Rates 2024 Dehradun.pdf,6,[240 [Removal of foreign body From Nose_______[sas___[so7_—+4| SSS,240 [Removal of foreign body From Nose_______[sas___[so7_—+4| SSS,,,,,,0.35,True
Dehradun,17062025150705_CGHS Rates 2024 Dehradun.pdf,6,[>41__[ Removal of reign body From Ear 230 >as_ |_| a2 [Swinging Ean) SSSSCSCSC~—s Ci CCSC—~S,>41__[ Removal of reign body From Ear 230 >as_ |_| a2 [Swinging Ean) SSSSCSCSC~—s Ci CCSC—~S,,,,,,0.35,True
Dehradun,17062025150705_CGHS Rates 2024 Dehradun.pdf,7,[53 [Polyp removal underEA 8,53 [Polyp removal underEA,,,8,,,0.5,True
Dehradun,17062025150705_CGHS Rates 2024 Dehradun.pdf,7,[24 ]Polyp emoval under Ga ]sso_ ors],24 ]Polyp emoval under Ga ]sso_ ors,,,,,,0.35,True
Dehradun,17062025150705_CGHS Rates 2024 Dehradun.pdf,7,[235 |Peritonsllar abscess DrainageunderEAiaa_[use___ [|__|,235 |Peritonsllar abscess DrainageunderEAiaa_[use___ [|__,,,,,,0.35,True
Dehradun,17062025150705_CGHS Rates 2024 Dehradun.pdf,7,[236 |Mywingoplaty SS —*idiso00 ross CS,236 |Mywingoplaty SS —*idiso00 ross CS,,,,,,0.35,True
Dehradun,17062025150705_CGHS Rates 2024 Dehradun.pdf,7,[247 |Staepedectomy 200 oso,247 |Staepedectomy 200 oso,,,,,,0.35,True
Dehradun,17062025150705_CGHS Rates 2024 Dehradun.pdf,7,[238 [Myringotomy with Grommetinsenfon 4s [s290 |],238 [Myringotomy with Grommetinsenfon 4s [s290,,,,,,0.35,True
Dehradun,17062025150705_CGHS Rates 2024 Dehradun.pdf,7,[29 [Tympanotomy ‘dss ding,29 [Tympanotomy ‘dss ding,,,,,,0.35,True
Dehradun,17062025150705_CGHS Rates 2024 Dehradun.pdf,7,[250 [Tympanoplasty——______iss00___[uss7o_ [>,250 [Tympanoplasty——______iss00___[uss7o_ [>,,,,,,0.35,True
Dehradun,17062025150705_CGHS Rates 2024 Dehradun.pdf,7,[251 |Mastoidectomy asso [iis |> |,251 |Mastoidectomy asso [iis |>,,,,,,0.35,True
Dehradun,17062025150705_CGHS Rates 2024 Dehradun.pdf,7,[252 Jorepiasty SS —*tc00 ssi,252 Jorepiasty SS —*tc00 ssi,,,,,,0.35,True
Dehradun,17062025150705_CGHS Rates 2024 Dehradun.pdf,7,[253 |Labyrintectomy soo seo),253 |Labyrintectomy soo seo),,,,,,0.35,True
Dehradun,17062025150705_CGHS Rates 2024 Dehradun.pdf,7,[254 | Skull Base surgery }2s000___[2a7s0—__[-_],254 | Skull Base surgery }2s000___[2a7s0—__[-_,,,,,,0.35,True
Dehradun,17062025150705_CGHS Rates 2024 Dehradun.pdf,7,[255 [Facial Nerve Decompression —__|zzso____ iss),255 [Facial Nerve Decompression —__|zzso____ iss),,,,,,0.35,True
Dehradun,17062025150705_CGHS Rates 2024 Dehradun.pdf,7,[256 —|Septoplasty ‘750 ons fp,256 —|Septoplasty ‘750 ons fp,,,,,,0.35,True
Dehradun,17062025150705_CGHS Rates 2024 Dehradun.pdf,7,[257 |submucous Resestion via saus__ [|__|],257 |submucous Resestion via saus__ [|__,,,,,,0.35,True
Dehradun,17062025150705_CGHS Rates 2024 Dehradun.pdf,7,[25s __|Septo-hinoplasty soo ussis—__ > |,25s __|Septo-hinoplasty soo ussis—__ >,,,,,,0.35,True
Dehradun,17062025150705_CGHS Rates 2024 Dehradun.pdf,7,[259 |Rhinoplasty- Non-eosmetie }i4so0____[usaa5____ |),259 |Rhinoplasty- Non-eosmetie }i4so0____[usaa5____ |),,,,,,0.35,True
Dehradun,17062025150705_CGHS Rates 2024 Dehradun.pdf,7,[260 Fracture Reduction of Nasal one 4250 |s00 |_|,260 Fracture Reduction of Nasal one 4250 |s00 |_,,,,,,0.35,True
Dehradun,17062025150705_CGHS Rates 2024 Dehradun.pdf,7,[261 ffowa nasal Diathermy sofia i),261 ffowa nasal Diathermy sofia i),,,,,,0.35,True
Dehradun,17062025150705_CGHS Rates 2024 Dehradun.pdf,7,[262[Turbineetomy ‘750s iP,262[Turbineetomy ‘750s iP,,,,,,0.35,True
Dehradun,17062025150705_CGHS Rates 2024 Dehradun.pdf,7,[263 Endoscopic Dacryocystorhmostomy (DCR) 13000 [1980],263 Endoscopic Dacryocystorhmostomy (DCR) 13000 [1980,,,,,,0.35,True
Dehradun,17062025150705_CGHS Rates 2024 Dehradun.pdf,7,[261 [Endoscopic Surgery (ENT) +00 [useo—f|§ SS,261 [Endoscopic Surgery (ENT) +00 [useo—f|§ SS,,,,,,0.35,True
Dehradun,17062025150705_CGHS Rates 2024 Dehradun.pdf,7,[26s | Septal Perforation Repair 3800. [use70___ [|],26s | Septal Perforation Repair 3800. [use70___,,,,,,0.35,True
Dehradun,17062025150705_CGHS Rates 2024 Dehradun.pdf,7,[266 JAnteum Puacture ————*ds—iton,266 JAnteum Puacture ————*ds—iton,,,,,,0.35,True
Dehradun,17062025150705_CGHS Rates 2024 Dehradun.pdf,7,[267 —]Eatera Rhinotomy x00 [uso,267 —]Eatera Rhinotomy x00 [uso,,,,,,0.35,True
Dehradun,17062025150705_CGHS Rates 2024 Dehradun.pdf,7,[268 |Cranio-facialreseevon —____]5500_[posa5_——sP$ ——SC—S—S,268 |Cranio-facialreseevon —____]5500_[posa5_——sP$ ——SC—S—S,,,,,,0.35,True
Dehradun,17062025150705_CGHS Rates 2024 Dehradun.pdf,7,269 Caldwell Luc Surgery (Radical Antrostomy for 10626 12220,269 Caldwell Luc Surgery (Radical Antrostomy for,12220,10626,,,,0.72,False
Dehradun,17062025150705_CGHS Rates 2024 Dehradun.pdf,7,[370 |Ansiofbroma Excision ]iva00____[1oss0.___ [>],370 |Ansiofbroma Excision ]iva00____[1oss0.___ [>,,,,,,0.35,True
Dehradun,17062025150705_CGHS Rates 2024 Dehradun.pdf,7,[271 [Endoscopic Hypophysesomy 21500 paras,271 [Endoscopic Hypophysesomy 21500 paras,,,,,,0.35,True
Dehradun,17062025150705_CGHS Rates 2024 Dehradun.pdf,7,[272 Endoscopic Optic Nerve Decompression [32775 [sros1__ [|_|,272 Endoscopic Optic Nerve Decompression [32775 [sros1__ [|_,,,,,,0.35,True
Dehradun,17062025150705_CGHS Rates 2024 Dehradun.pdf,7,[273 [Decompression oforbit_————————*+diss00—aesas fp,273 [Decompression oforbit_————————*+diss00—aesas fp,,,,,,0.35,True
Dehradun,17062025150705_CGHS Rates 2024 Dehradun.pdf,7,[274 Punch’ Wedge biopsy era [rr5_,274 Punch’ Wedge biopsy era [rr5_,,,,,,0.35,True
Dehradun,17062025150705_CGHS Rates 2024 Dehradun.pdf,7,[275 [Tonsilestomy ———————*4d 5000 iso,275 [Tonsilestomy ———————*4d 5000 iso,,,,,,0.35,True
Dehradun,17062025150705_CGHS Rates 2024 Dehradun.pdf,7,[276 |Uvulo-palatoplasty——————————————~dSO00 ——its i C—~*S,276 |Uvulo-palatoplasty——————————————~dSO00 ——its i C—~*S,,,,,,0.35,True
Dehradun,17062025150705_CGHS Rates 2024 Dehradun.pdf,7,277 Functional Endoscopic Sinus Surgery (FESS) for 5750 6613,277 Functional Endoscopic Sinus Surgery (FESS) for,6613,5750,,,,0.72,False
Dehradun,17062025150705_CGHS Rates 2024 Dehradun.pdf,7,278 Functional Endoscopic Sinus Surgery (FESS) for 5750 6613,278 Functional Endoscopic Sinus Surgery (FESS) for,6613,5750,,,,0.72,False
Dehradun,17062025150705_CGHS Rates 2024 Dehradun.pdf,7,[375 ]Polyp zemoval er [ase sP,375 ]Polyp zemoval er [ase sP,,,,,,0.35,True
Dehradun,17062025150705_CGHS Rates 2024 Dehradun.pdf,7,[230 |Polyp removal Nose(Sepial polyp) [as___[seo——~sP ——S—S,230 |Polyp removal Nose(Sepial polyp) [as___[seo——~sP ——S—S,,,,,,0.35,True
Dehradun,17062025150705_CGHS Rates 2024 Dehradun.pdf,7,281 | Mastoidectomy plus Ossiculoplasty including TORP | 2415 2777 (Total Ossicular Replacement Prosthesis) or PORP (Partial Ossicular Replacement Prosthesis),Mastoidectomy plus Ossiculoplasty including TORP | 2415 2777 (Total Ossicular Replacement Prosthesis) or PORP (Partial Ossicular Replacement Prosthesis),,,,,,0.35,True
Dehradun,17062025150705_CGHS Rates 2024 Dehradun.pdf,7,[232 |Endolymphatic sacdesompression —_—____[>878_____[ss0e___ $d,232 |Endolymphatic sacdesompression —_—____[>878_____[ss0e___ $d,,,,,,0.35,True
Dehradun,17062025150705_CGHS Rates 2024 Dehradun.pdf,7,[283 |Disanottic endoscopy waderGa_]3300. [ess,283 |Disanottic endoscopy waderGa_]3300. [ess,,,,,,0.35,True
Dehradun,17062025150705_CGHS Rates 2024 Dehradun.pdf,7,[281 | Young's operation for Auophie sans 6900 [7985__[_,281 | Young's operation for Auophie sans 6900 [7985__[_,,,,,,0.35,True
Dehradun,17062025150705_CGHS Rates 2024 Dehradun.pdf,7,[285 | Vidian neurectomy for vasomotor Rhinits |403s0__[1ig03_____ [|_|,285 | Vidian neurectomy for vasomotor Rhinits |403s0__[1ig03_____ [|_,,,,,,0.35,True
Dehradun,17062025150705_CGHS Rates 2024 Dehradun.pdf,7,[286 [asa Packing-antevon 597,286 [asa Packing-antevon,,,597,,,0.5,True
Dehradun,17062025150705_CGHS Rates 2024 Dehradun.pdf,7,[287 [Nasal Packing-posterp |s0s____ [95 +,287 [Nasal Packing-posterp |s0s____ [95 +,,,,,,0.35,True
Dehradun,17062025150705_CGHS Rates 2024 Dehradun.pdf,7,[288 _|Ranula Excision —————————*idiofa[re,288 _|Ranula Excision —————————*idiofa[re,,,,,,0.35,True
Dehradun,17062025150705_CGHS Rates 2024 Dehradun.pdf,7,[259 [Tongue Tie excision asus,259 [Tongue Tie excision asus,,,,,,0.35,True
Dehradun,17062025150705_CGHS Rates 2024 Dehradun.pdf,7,[290 |Sub Mandibular DuctLithotomy [po [sop iP SCS,290 |Sub Mandibular DuctLithotomy [po [sop iP SCS,,,,,,0.35,True
Dehradun,17062025150705_CGHS Rates 2024 Dehradun.pdf,7,[291 [adenoidectomy S—~dSn——i ae i Ci,291 [adenoidectomy S—~dSn——i ae i Ci,,,,,,0.35,True
Dehradun,17062025150705_CGHS Rates 2024 Dehradun.pdf,7,[252 |Palatopharyngoplasty—__]sr6s__ [9390,252 |Palatopharyngoplasty—__]sr6s__ [9390,,,,,,0.35,True
Dehradun,17062025150705_CGHS Rates 2024 Dehradun.pdf,7,[293 [Phayngopasty 9 fr,293 [Phayngopasty 9 fr,,,,,,0.35,True
Dehradun,17062025150705_CGHS Rates 2024 Dehradun.pdf,8,[204 [Styloidectomy 9200 toss,204 [Styloidectomy 9200 toss,,,,,,0.35,True
Dehradun,17062025150705_CGHS Rates 2024 Dehradun.pdf,8,[295 [Direct laryngoscopy including Biopsy underGA [sooo [5750 TO,295 [Direct laryngoscopy including Biopsy underGA [sooo [5750 TO,,,,,,0.35,True
Dehradun,17062025150705_CGHS Rates 2024 Dehradun.pdf,8,296 | Oesophagoscopy with foreign body removal from 1800 2070 a aa i a cc a er SN TREATMENT PROCEDURE FOR HEAD AND Nom NABH) |NABH/NABL |Remarks NECK Non- NABL Rates| Rates in Rupee in Rupee,Oesophagoscopy with foreign body removal from 1800 2070 a aa i a cc a er SN TREATMENT PROCEDURE FOR HEAD AND Nom NABH) |NABH/NABL |Remarks NECK Non- NABL Rates| Rates in Rupee in Rupee,,,,nabh,,0.35,True
Dehradun,17062025150705_CGHS Rates 2024 Dehradun.pdf,8,301 Excision of Pinna for Growth (Squamous/Basal/ 4000 4600 nwa ee,301 Excision of Pinna for Growth (Squamous/Basal/ 4000 4600 nwa ee,,,,,,0.35,True
Dehradun,17062025150705_CGHS Rates 2024 Dehradun.pdf,8,302] Excision of Pinna for Growth (Squamous /Basal 3800 4370 pp,302] Excision of Pinna for Growth (Squamous /Basal 3800 4370 pp,,,,,,0.35,True
Dehradun,17062025150705_CGHS Rates 2024 Dehradun.pdf,8,[303 [Partial Amputation of Pinna 45005175,303 [Partial Amputation of Pinna,,,45005175,,,0.5,True
Dehradun,17062025150705_CGHS Rates 2024 Dehradun.pdf,8,[304 [Total Amputation of Pinna [6200730,304 [Total Amputation of Pinna [6200730,,,,,,0.35,True
Dehradun,17062025150705_CGHS Rates 2024 Dehradun.pdf,8,305 | Total Amputation & Excision of External Auditory [1500 1725 a,Total Amputation & Excision of External Auditory [1500 1725 a,,,,,,0.35,True
Dehradun,17062025150705_CGHS Rates 2024 Dehradun.pdf,8,[306 [Excision of CysticHyeroma 575951,306 [Excision of CysticHyeroma,,,575951,,,0.5,True
Dehradun,17062025150705_CGHS Rates 2024 Dehradun.pdf,8,[307__ [Excision of Cystic Hygroma Extensive 74528570,307__ [Excision of Cystic Hygroma Extensive,,,74528570,,,0.5,True
Dehradun,17062025150705_CGHS Rates 2024 Dehradun.pdf,8,[308 [Excision ofBranchialCyst_ [10350 fttg03,308 [Excision ofBranchialCyst_ [10350 fttg03,,,,,,0.35,True
Dehradun,17062025150705_CGHS Rates 2024 Dehradun.pdf,8,[309 [Excision of Branchial Sinus t030_ tipo,309 [Excision of Branchial Sinus t030_ tipo,,,,,,0.35,True
Dehradun,17062025150705_CGHS Rates 2024 Dehradun.pdf,8,[310 [Excision of Pharyngeal Diverticulum 't0sso_ fey,310 [Excision of Pharyngeal Diverticulum 't0sso_ fey,,,,,,0.35,True
Dehradun,17062025150705_CGHS Rates 2024 Dehradun.pdf,8,[311 [Excision of Carotid Body-Tumours [tnorsft33s7,311 [Excision of Carotid Body-Tumours [tnorsft33s7,,,,,,0.35,True
Dehradun,17062025150705_CGHS Rates 2024 Dehradun.pdf,8,[312 [Operation for Cervical Rib 2500 fas,312 [Operation for Cervical Rib 2500 fas,,,,,,0.35,True
Dehradun,17062025150705_CGHS Rates 2024 Dehradun.pdf,8,[313 [Block Dissection of Cervical Lymph Nodes [1500017250,313 [Block Dissection of Cervical Lymph Nodes [1500017250,,,,,,0.35,True
Dehradun,17062025150705_CGHS Rates 2024 Dehradun.pdf,8,[314 [Pharyngectomy & Reconstruction 15000 ft72s0_,314 [Pharyngectomy & Reconstruction 15000 ft72s0_,,,,,,0.35,True
Dehradun,17062025150705_CGHS Rates 2024 Dehradun.pdf,8,[315 [Operation for Carcinoma Lip-Wedge-Excision __[80s0__f92ss_,315 [Operation for Carcinoma Lip-Wedge-Excision __[80s0__f92ss_,,,,,,0.35,True
Dehradun,17062025150705_CGHS Rates 2024 Dehradun.pdf,8,[316 [Operation for Carcinoma Lip-Vermilionectomy [5758 [6622,316 [Operation for Carcinoma Lip-Vermilionectomy [5758 [6622,,,,,,0.35,True
Dehradun,17062025150705_CGHS Rates 2024 Dehradun.pdf,8,317 Operation for Carcinoma Lip - Wedge Excision and 9292 10686 a,317 Operation for Carcinoma Lip - Wedge Excision and 9292 10686 a,,,,,,0.35,True
Dehradun,17062025150705_CGHS Rates 2024 Dehradun.pdf,8,318 | Estlander Operation (Estlander flap in plastic surgery | 7475 3596 a a Sc,Estlander Operation (Estlander flap in plastic surgery | 7475 3596 a a Sc,,,,,,0.35,True
Dehradun,17062025150705_CGHS Rates 2024 Dehradun.pdf,8,[320 [Cheek Advancement 97758 ta,320 [Cheek Advancement 97758 ta,,,,,,0.35,True
Dehradun,17062025150705_CGHS Rates 2024 Dehradun.pdf,8,[321 [Excision ofthe Maxilla 9320 pps,321 [Excision ofthe Maxilla 9320 pps,,,,,,0.35,True
Dehradun,17062025150705_CGHS Rates 2024 Dehradun.pdf,8,[322 [Excision of mandible-segmental [15525 ssa,322 [Excision of mandible-segmental [15525 ssa,,,,,,0.35,True
Dehradun,17062025150705_CGHS Rates 2024 Dehradun.pdf,8,[323 [Mandibulectomy 21000 faiso,323 [Mandibulectomy 21000 faiso,,,,,,0.35,True
Dehradun,17062025150705_CGHS Rates 2024 Dehradun.pdf,8,[324 [Partial Glossectomy 5520 fosas,324 [Partial Glossectomy 5520 fosas,,,,,,0.35,True
Dehradun,17062025150705_CGHS Rates 2024 Dehradun.pdf,8,[325 [Hemiglossectomy [7000 8050,325 [Hemiglossectomy [7000,,,8050,,,0.5,True
Dehradun,17062025150705_CGHS Rates 2024 Dehradun.pdf,8,[326 [Total Glossectomy 2285s poss,326 [Total Glossectomy 2285s poss,,,,,,0.35,True
Dehradun,17062025150705_CGHS Rates 2024 Dehradun.pdf,8,327 [Combined Mandibulectomy and Neck Dissection 22000 25300 L [eoesnssceamassopensen fT,327 [Combined Mandibulectomy and Neck Dissection 22000 25300 L [eoesnssceamassopensen fT,,,,,,0.35,True
Dehradun,17062025150705_CGHS Rates 2024 Dehradun.pdf,8,[328 [Parotidectomy- Superficial 2075 sss,328 [Parotidectomy- Superficial 2075 sss,,,,,,0.35,True
Dehradun,17062025150705_CGHS Rates 2024 Dehradun.pdf,8,[329 [Parotidectomy-Total Sf ts000ft72so,329 [Parotidectomy-Total Sf ts000ft72so,,,,,,0.35,True
Dehradun,17062025150705_CGHS Rates 2024 Dehradun.pdf,8,[330__[Parotidectomy-Radical tS f2zags,330__[Parotidectomy-Radical tS f2zags,,,,,,0.35,True
Dehradun,17062025150705_CGHS Rates 2024 Dehradun.pdf,8,[331 [Repairof Parotid Duct SOO sz,331 [Repairof Parotid Duct SOO sz,,,,,,0.35,True
Dehradun,17062025150705_CGHS Rates 2024 Dehradun.pdf,8,[332 [Removal of Submandibular Salivary gland [8625 pig,332 [Removal of Submandibular Salivary gland [8625 pig,,,,,,0.35,True
Dehradun,17062025150705_CGHS Rates 2024 Dehradun.pdf,8,[333 [Hemithyroidectomy 9500 tons,333 [Hemithyroidectomy 9500 tons,,,,,,0.35,True
Dehradun,17062025150705_CGHS Rates 2024 Dehradun.pdf,8,[334 [Partial Thyroidectomy (lobectomy) | ttS00_fts225,334 [Partial Thyroidectomy (lobectomy) | ttS00_fts225,,,,,,0.35,True
Dehradun,17062025150705_CGHS Rates 2024 Dehradun.pdf,8,[335 [Subtotal Thyroidectomy 3053 ison,335 [Subtotal Thyroidectomy 3053 ison,,,,,,0.35,True
Dehradun,17062025150705_CGHS Rates 2024 Dehradun.pdf,8,[336 [Total Thyroidectomy i ft9000 Passo,336 [Total Thyroidectomy i ft9000 Passo,,,,,,0.35,True
Dehradun,17062025150705_CGHS Rates 2024 Dehradun.pdf,9,[537 [Resection Fnucleation of iyroid Adenoma [10580 ire] Sid,537 [Resection Fnucleation of iyroid Adenoma [10580 ire] Sid,,,,,,0.35,True
Dehradun,17062025150705_CGHS Rates 2024 Dehradun.pdf,9,[338 [Total Thyroidectomy and Block Dissection _[26450.__Jsoais___| |,338 [Total Thyroidectomy and Block Dissection _[26450.__Jsoais___,,,,,,0.35,True
Dehradun,17062025150705_CGHS Rates 2024 Dehradun.pdf,9,[53 [xcision ofLingval Thyroid [ues igi,53 [xcision ofLingval Thyroid [ues igi,,,,,,0.35,True
Dehradun,17062025150705_CGHS Rates 2024 Dehradun.pdf,9,[340] Excision of Thyroglossal CystFiswla_____[1sa25__fiszop___| |,340] Excision of Thyroglossal CystFiswla_____[1sa25__fiszop___,,,,,,0.35,True
Dehradun,17062025150705_CGHS Rates 2024 Dehradun.pdf,9,[p41 [Excision of Parathyroid Adenome/Carcinoma_]1375__[paaee____| |,p41 [Excision of Parathyroid Adenome/Carcinoma_]1375__[paaee____,,,,,,0.35,True
Dehradun,17062025150705_CGHS Rates 2024 Dehradun.pdf,9,[542 _[raymgectomy iTS ‘frogs Cid,542 _[raymgectomy iTS ‘frogs Cid,,,,,,0.35,True
Dehradun,17062025150705_CGHS Rates 2024 Dehradun.pdf,9,[343 _[LaryngoPharyngectomy [3000034500,343 _[LaryngoPharyngectomy [3000034500,,,,,,0.35,True
Dehradun,17062025150705_CGHS Rates 2024 Dehradun.pdf,9,[524 [iyoid suspension 10350 ias03_—_[-,524 [iyoid suspension 10350 ias03_—_[-,,,,,,0.35,True
Dehradun,17062025150705_CGHS Rates 2024 Dehradun.pdf,9,[545 [Genioplasty————————————————*iz000_fs800 [id,545 [Genioplasty————————————————*iz000_fs800 [id,,,,,,0.35,True
Dehradun,17062025150705_CGHS Rates 2024 Dehradun.pdf,9,346 | Direct Laryngoscopy including biopsy under GA See code 295 See code 295 f* [oierconsmecasssiramecime [wR | [a7 —Jrhonosurgery——————s00 sero a a [55 __|Mierolanmgeal Surgery [assis,Direct Laryngoscopy including biopsy under GA See code 295 See code 295 f* [oierconsmecasssiramecime [wR | [a7 —Jrhonosurgery——————s00 sero a a [55 __|Mierolanmgeal Surgery [assis,,,,,,0.35,True
Dehradun,17062025150705_CGHS Rates 2024 Dehradun.pdf,9,[350_—_[Tarymgofissure irae id,350_—_[Tarymgofissure irae id,,,,,,0.35,True
Dehradun,17062025150705_CGHS Rates 2024 Dehradun.pdf,9,[551 [Tracheal Stenosis Excision 19780 aara7___| TREATMENT PROCEDUR HEAD And NECK Non-NABH/ |NABH/NABL ee se /NABL Rates in Rupee,551 [Tracheal Stenosis Excision 19780 aara7___| TREATMENT PROCEDUR HEAD And NECK Non-NABH/ |NABH/NABL ee se /NABL Rates in Rupee,,,,nabh,,0.35,True
Dehradun,17062025150705_CGHS Rates 2024 Dehradun.pdf,9,[552 [csfonal Biopsies ——_____|s7s0__]aers_ J,552 [csfonal Biopsies ——_____|s7s0__]aers_ J,,,,,,0.35,True
Dehradun,17062025150705_CGHS Rates 2024 Dehradun.pdf,9,[353 [Benign Tumour Excisions —____|9500__}1os25__| |,353 [Benign Tumour Excisions —____|9500__}1os25__,,,,,,0.35,True
Dehradun,17062025150705_CGHS Rates 2024 Dehradun.pdf,9,[354 [Temporal Bone subtotal resection [20700 23s05___| |,354 [Temporal Bone subtotal resection [20700 23s05___,,,,,,0.35,True
Dehradun,17062025150705_CGHS Rates 2024 Dehradun.pdf,9,[555 | Moslfied Radical Neok Dissection 25800. 905__|,555 | Moslfied Radical Neok Dissection 25800. 905__,,,,,,0.35,True
Dehradun,17062025150705_CGHS Rates 2024 Dehradun.pdf,9,[356 [Carotid Body Excision |26000__|2900._|,356 [Carotid Body Excision |26000__|2900._,,,,,,0.35,True
Dehradun,17062025150705_CGHS Rates 2024 Dehradun.pdf,9,[557__[Total Caryngectomy [39192 Jason | |,557__[Total Caryngectomy [39192 Jason,,,,,,0.35,True
Dehradun,17062025150705_CGHS Rates 2024 Dehradun.pdf,9,[358 Flap Reconstructive Sungery ato roo],358 Flap Reconstructive Sungery ato roo,,,,,,0.35,True
Dehradun,17062025150705_CGHS Rates 2024 Dehradun.pdf,9,[559 ___[Parapharyngeal Tumour Excision [39330 [asa30___| |,559 ___[Parapharyngeal Tumour Excision [39330 [asa30___,,,,,,0.35,True
Dehradun,17062025150705_CGHS Rates 2024 Dehradun.pdf,9,[360 [ter Major Surgery-Head and Neck Cancer__[21250__]as000_ |__|,360 [ter Major Surgery-Head and Neck Cancer__[21250__]as000_ |__,,,,,,0.35,True
Dehradun,17062025150705_CGHS Rates 2024 Dehradun.pdf,9,"[361 [Other Minor Surgery-Head and Neck Cancer [5000 |750 —___[-""-__] TREATMENT PROCEDURE BREAST Non-NABH/ —|NABH/NABL [Remarks Non- NABL Rates| Rates in Rupee in Rupee","361 [Other Minor Surgery-Head and Neck Cancer [5000 |750 —___[-""-__] TREATMENT PROCEDURE BREAST Non-NABH/ —|NABH/NABL [Remarks Non- NABL Rates| Rates in Rupee in Rupee",,,,nabh,,0.35,True
Dehradun,17062025150705_CGHS Rates 2024 Dehradun.pdf,9,[562___[Diainage ofabiees [000 ____fesoo_| |,562___[Diainage ofabiees [000 ____fesoo_,,,,,,0.35,True
Dehradun,17062025150705_CGHS Rates 2024 Dehradun.pdf,9,[363] Excision oflumps —]sa_sona,363] Excision oflumps —]sa_sona,,,,,,0.35,True
Dehradun,17062025150705_CGHS Rates 2024 Dehradun.pdf,9,[361 [Local mastectomy-simple 2680s Sid,361 [Local mastectomy-simple 2680s Sid,,,,,,0.35,True
Dehradun,17062025150705_CGHS Rates 2024 Dehradun.pdf,9,"[365 [Radical mastectomy-formal or modified, ____[287s0_____[s3063___| |","365 [Radical mastectomy-formal or modified, ____[287s0_____[s3063___",,,,,,0.35,True
Dehradun,17062025150705_CGHS Rates 2024 Dehradun.pdf,9,[366 —JExcision of mammary fistula 18525 res [|,366 —JExcision of mammary fistula 18525 res,,,,,,0.35,True
Dehradun,17062025150705_CGHS Rates 2024 Dehradun.pdf,9,[367__| Segmental resection ofbreast_____[16100_____1ssis___|,367__| Segmental resection ofbreast_____[16100_____1ssis___,,,,,,0.35,True
Dehradun,17062025150705_CGHS Rates 2024 Dehradun.pdf,9,[368 [Other Major Surgery-Breast_____[25000___]e750__| |,368 [Other Major Surgery-Breast_____[25000___]e750__,,,,,,0.35,True
Dehradun,17062025150705_CGHS Rates 2024 Dehradun.pdf,9,[369 Omer Minor Surgery-Breast_ _|s000__|s7s0 |__| TREATMENT PROCEDURE GENERAL Non-NABH/ |NABH/NABL SURGERY Non- NABL Rates | Rates in Rupee in Rupee,369 Omer Minor Surgery-Breast_ _|s000__|s7s0 |__| TREATMENT PROCEDURE GENERAL Non-NABH/ |NABH/NABL SURGERY Non- NABL Rates | Rates in Rupee in Rupee,,,,nabh,,0.35,True
Dehradun,17062025150705_CGHS Rates 2024 Dehradun.pdf,9,[570 _—_[Tajory OF Supericial Som Tissues _—————(aas_—————i CY Cid epee,570 _—_[Tajory OF Supericial Som Tissues _—————(aas_—————i CY Cid epee,,,,,,0.35,True
Dehradun,17062025150705_CGHS Rates 2024 Dehradun.pdf,9,01.02.2024 & applicable in all CGHS cities,02.2024 & applicable in all CGHS cities,,,,,,0.35,True
Dehradun,17062025150705_CGHS Rates 2024 Dehradun.pdf,9,01.02.2024 & applicable in all CGHS cities,02.2024 & applicable in all CGHS cities,,,,,,0.35,True
Dehradun,17062025150705_CGHS Rates 2024 Dehradun.pdf,10,373 |Debridement of wounds 1275 1500 Rate revised w.e.f] applicable in al cus cities,Debridement of wounds 1275 1500 Rate revised w.e.f] applicable in al cus cities,,,,,,0.35,True
Dehradun,17062025150705_CGHS Rates 2024 Dehradun.pdf,10,374 ‘Removal Of Foreign Bodies -without C-ARM. 1275 1500 Rate revised w.e.f],374 ‘Removal Of Foreign Bodies -without C-ARM. 1275 1500 Rate revised w.e.f,,,,,,0.35,True
Dehradun,17062025150705_CGHS Rates 2024 Dehradun.pdf,10,a0. 224 & applicable in al cus cities TREATMENT PROCEDURE BIOPSIES Non-NABH/ _|NABH/NABL [Remarks Non-NABL Rates| Rates in Rupee in Rupee,a0. 224 & applicable in al cus cities TREATMENT PROCEDURE BIOPSIES Non-NABH/ _|NABH/NABL [Remarks Non-NABL Rates| Rates in Rupee in Rupee,,,,nabh,,0.35,True
Dehradun,17062025150705_CGHS Rates 2024 Dehradun.pdf,10,375 [Excision of Cervical Lymph Node under Local 2635 3100 Rate revised w.e.f],375 [Excision of Cervical Lymph Node under Local 2635 3100 Rate revised w.e.f,,,,,,0.35,True
Dehradun,17062025150705_CGHS Rates 2024 Dehradun.pdf,10,Anaesthesia 01.02.2024 & HS cities,Anaesthesia 01.02.2024 & HS cities,,,,,,0.35,True
Dehradun,17062025150705_CGHS Rates 2024 Dehradun.pdf,10,376 | Excision of Axillary Lymph Node under General 6715 7900 Rate revised w.e.f],Excision of Axillary Lymph Node under General 6715 7900 Rate revised w.e.f,,,,,,0.35,True
Dehradun,17062025150705_CGHS Rates 2024 Dehradun.pdf,10,Anaesthesia 01.02.2024 & Ps | CHS cies CGHS cities,Anaesthesia 01.02.2024 & Ps | CHS cies CGHS cities,,,,,,0.35,True
Dehradun,17062025150705_CGHS Rates 2024 Dehradun.pdf,10,Anaesthesia 01.02.2024 & applicable in all CGHS cities [57 [Excision BiopsyofUkes ——SCSCSTOCSC~C*id@CdSSCSC*d,Anaesthesia 01.02.2024 & applicable in all CGHS cities [57 [Excision BiopsyofUkes ——SCSCSTOCSC~C*id@CdSSCSC*d,,,,,,0.35,True
Dehradun,17062025150705_CGHS Rates 2024 Dehradun.pdf,10,[379 [Excision Biopsy of Superficial Lumps ______[3220__s73_——sd| ~——SSSSCS—Sd,379 [Excision Biopsy of Superficial Lumps ______[3220__s73_——sd| ~——SSSSCS—Sd,,,,,,0.35,True
Dehradun,17062025150705_CGHS Rates 2024 Dehradun.pdf,10,[380 [Incision Biopsy of Growths/Uleers___—__ia70____fissi_——sd| —SSSC—Sd,380 [Incision Biopsy of Growths/Uleers___—__ia70____fissi_——sd| —SSSC—Sd,,,,,,0.35,True
Dehradun,17062025150705_CGHS Rates 2024 Dehradun.pdf,10,381 | Trucut Needle Biopsy- (Including Needle) 2975 3500 Rate revised w.e.f.,Trucut Needle Biopsy- (Including Needle) 2975 3500 Rate revised w.e.f.,,,,,,0.35,True
Dehradun,17062025150705_CGHS Rates 2024 Dehradun.pdf,10,01.02.2024 & applicable in all CGHS cities,02.2024 & applicable in all CGHS cities,,,,,,0.35,True
Dehradun,17062025150705_CGHS Rates 2024 Dehradun.pdf,10,[582 [Percutaneous Kidney Biopsy ——S—SCSC—~dTOCCSC~id@CdSSC*d,582 [Percutaneous Kidney Biopsy ——S—SCSC—~dTOCCSC~id@CdSSC*d,,,,,,0.35,True
Dehradun,17062025150705_CGHS Rates 2024 Dehradun.pdf,10,[383 [Marrow Biopsy (Open) tog ia cd approved rate),383 [Marrow Biopsy (Open) tog ia cd approved rate),,,,,,0.35,True
Dehradun,17062025150705_CGHS Rates 2024 Dehradun.pdf,10,[585 _|Scalene Node Biopsy ————S—S—S—SCSC—SS Cid CCSCCSC~*,585 _|Scalene Node Biopsy ————S—S—S—SCSC—SS Cid CCSCCSC~*,,,,,,0.35,True
Dehradun,17062025150705_CGHS Rates 2024 Dehradun.pdf,10,[386 [Excision of Sebaceous Gyats——_finas js | Sd,386 [Excision of Sebaceous Gyats——_finas js | Sd,,,,,,0.35,True
Dehradun,17062025150705_CGHS Rates 2024 Dehradun.pdf,10,[387 [Excision of Superficial Lipoma_____fiss__—_ips Si] SC—~*d,387 [Excision of Superficial Lipoma_____fiss__—_ips Si] SC—~*d,,,,,,0.35,True
Dehradun,17062025150705_CGHS Rates 2024 Dehradun.pdf,10,[388 [Excision of Superficial Neurofibroma 2800 ps7s_—s| ——SSSSCS—~Sd,388 [Excision of Superficial Neurofibroma 2800 ps7s_—s| ——SSSSCS—~Sd,,,,,,0.35,True
Dehradun,17062025150705_CGHS Rates 2024 Dehradun.pdf,10,[389 [Excision of Dermoid Cysts_————SSCSCS—idT_—SSCS—iz 9 Ss SSC—SY,389 [Excision of Dermoid Cysts_————SSCSCS—idT_—SSCS—iz 9 Ss SSC—SY,,,,,,0.35,True
Dehradun,17062025150705_CGHS Rates 2024 Dehradun.pdf,10,01.02.2024 & applicable in all CGHS cities,02.2024 & applicable in all CGHS cities,,,,,,0.35,True
Dehradun,17062025150705_CGHS Rates 2024 Dehradun.pdf,10,391 | Stappler haemorhoidectomy 37145 43700 Rate revised w.e.f.,Stappler haemorhoidectomy 37145 43700 Rate revised w.e.f.,,,,,,0.35,True
Dehradun,17062025150705_CGHS Rates 2024 Dehradun.pdf,10,01.02.2024 & applicable in all CGHS cities [s02__|keloidexeiston SSCS Oi dT CC*d,02.2024 & applicable in all CGHS cities [s02__|keloidexeiston SSCS Oi dT CC*d,,,,,,0.35,True
Dehradun,17062025150705_CGHS Rates 2024 Dehradun.pdf,10,393 | Varicose vein Surgery-Trendelenburg operation with [19550 [23000 Rate revised w.e.f.,Varicose vein Surgery-Trendelenburg operation with [19550 [23000 Rate revised w.e.f.,,,,,,0.35,True
Dehradun,17062025150705_CGHS Rates 2024 Dehradun.pdf,10,suturing or ligation 01.02.2024 & applicable in all CGHS cities TREATMENT PROCEDURE OESOPHAGUS Non-NABH/ _|NABH/NABL [Remarks Non-NABL Rates| Rates in Rupee in Rupee,suturing or ligation 01.02.2024 & applicable in all CGHS cities TREATMENT PROCEDURE OESOPHAGUS Non-NABH/ _|NABH/NABL [Remarks Non-NABL Rates| Rates in Rupee in Rupee,,,,nabh,,0.35,True
Dehradun,17062025150705_CGHS Rates 2024 Dehradun.pdf,10,394 | Atresia of Oesophagus and Tracheo Oesophageal 28750 33063 Fistula LN,Atresia of Oesophagus and Tracheo Oesophageal 28750 33063 Fistula LN,,,,,,0.35,True
Dehradun,17062025150705_CGHS Rates 2024 Dehradun.pdf,11,[555 __[Oesophagectomiy Tor Carcinoma Fasophagus ____>s000_——sizpRTOSCdSCSSSCSCSC~*™,555 __[Oesophagectomiy Tor Carcinoma Fasophagus ____>s000_——sizpRTOSCdSCSSSCSCSC~*™,,,,,,0.35,True
Dehradun,17062025150705_CGHS Rates 2024 Dehradun.pdf,11,[397 | Oesophageal intubation (Mausseau Barbin Tube) —_[11s00___]s23s___| |,397 | Oesophageal intubation (Mausseau Barbin Tube) —_[11s00___]s23s___,,,,,,0.35,True
Dehradun,17062025150705_CGHS Rates 2024 Dehradun.pdf,11,[398 ]Actalasia Cardia Transthoracic ‘M950 iris |),398 ]Actalasia Cardia Transthoracic ‘M950 iris |),,,,,,0.35,True
Dehradun,17062025150705_CGHS Rates 2024 Dehradun.pdf,11,[399 [Achalasia Cardia Abdominal _____}12680_fasas_——<| ——S—S,399 [Achalasia Cardia Abdominal _____}12680_fasas_——<| ——S—S,,,,,,0.35,True
Dehradun,17062025150705_CGHS Rates 2024 Dehradun.pdf,11,[00 —_[Oesophazo Gastrectomy for mid 1 lesion 2aa9s___]si69 |__|,00 —_[Oesophazo Gastrectomy for mid 1 lesion 2aa9s___]si69 |__,,,,,,0.35,True
Dehradun,17062025150705_CGHS Rates 2024 Dehradun.pdf,11,[201 [Helles Operation SS—~*idSISN———=idzo ag ——SCiYCSSSCSC~—CSY,201 [Helles Operation SS—~*idSISN———=idzo ag ——SCiYCSSSCSC~—CSY,,,,,,0.35,True
Dehradun,17062025150705_CGHS Rates 2024 Dehradun.pdf,11,403 [Oesophago Gastrectomy — Lower Corringers 21390 24599,403 [Oesophago Gastrectomy — Lower Corringers,24599,21390,,,,0.72,False
Dehradun,17062025150705_CGHS Rates 2024 Dehradun.pdf,11,[z04 [Other Major Surgery-Oesophagis ——SSCS~i TS SSC*dSOSC*SCSSCSC~*d,z04 [Other Major Surgery-Oesophagis ——SSCS~i TS SSC*dSOSC*SCSSCSC~*d,,,,,,0.35,True
Dehradun,17062025150705_CGHS Rates 2024 Dehradun.pdf,11,[105 Other Minor Sursery-Oesophagus _____|s000____|s7s0___ |__|,105 Other Minor Sursery-Oesophagus _____|s000____|s7s0___ |__,,,,,,0.35,True
Dehradun,17062025150705_CGHS Rates 2024 Dehradun.pdf,11,[205 _[Gastroscopy iS Cid CPSCSC~*Y,205 _[Gastroscopy iS Cid CPSCSC~*Y,,,,,,0.35,True
Dehradun,17062025150705_CGHS Rates 2024 Dehradun.pdf,11,[705 _[Pyioromyoromy ————SSCSCSCSCSCSCS—SRCSC~idOCSCSCSSSCSSCSCSC~*,705 _[Pyioromyoromy ————SSCSCSCSCSCSCS—SRCSC~idOCSCSCSSSCSSCSCSC~*,,,,,,0.35,True
Dehradun,17062025150705_CGHS Rates 2024 Dehradun.pdf,11,[209 [Gastrostomy —____________]sezs___|9si9__| |,209 [Gastrostomy —____________]sezs___|9si9__,,,,,,0.35,True
Dehradun,17062025150705_CGHS Rates 2024 Dehradun.pdf,11,[+10 [Simple Closure of Perforated peptic Uleer_____—_([s778_———sieas i SC—*d,+10 [Simple Closure of Perforated peptic Uleer_____—_([s778_———sieas i SC—*d,,,,,,0.35,True
Dehradun,17062025150705_CGHS Rates 2024 Dehradun.pdf,11,[211 Vagotomy Pyleroplasty/ Gasteo Jejunostomy —_]13800__ss70__ |__|,211 Vagotomy Pyleroplasty/ Gasteo Jejunostomy —_]13800__ss70__ |__,,,,,,0.35,True
Dehradun,17062025150705_CGHS Rates 2024 Dehradun.pdf,11,[#12 [Duodenojejunestomy ————~*BISO———Cid9s —CSCC—~*d,#12 [Duodenojejunestomy ————~*BISO———Cid9s —CSCC—~*d,,,,,,0.35,True
Dehradun,17062025150705_CGHS Rates 2024 Dehradun.pdf,11,[213 _[Partal/Subtotal Gastrectomy for Carcinoma [23000 26as0___-| +,213 _[Partal/Subtotal Gastrectomy for Carcinoma [23000 26as0___-| +,,,,,,0.35,True
Dehradun,17062025150705_CGHS Rates 2024 Dehradun.pdf,11,[414 [Partial/Subtotal Gastrectomy for leer [2242525789,414 [Partial/Subtotal Gastrectomy for leer [2242525789,,,,,,0.35,True
Dehradun,17062025150705_CGHS Rates 2024 Dehradun.pdf,11,[213 [Operation for Bleeding Peptic Ulcer [20976 faua—+| ——~d,213 [Operation for Bleeding Peptic Ulcer [20976 faua—+| ——~d,,,,,,0.35,True
Dehradun,17062025150705_CGHS Rates 2024 Dehradun.pdf,11,[#16 [Operation for Gastojejmal Uleer_—_____]19780_____asra7__ | |,#16 [Operation for Gastojejmal Uleer_—_____]19780_____asra7__,,,,,,0.35,True
Dehradun,17062025150705_CGHS Rates 2024 Dehradun.pdf,11,[217 [Total Gastrectomy for Cancer ies izes C—~*d,217 [Total Gastrectomy for Cancer ies izes C—~*d,,,,,,0.35,True
Dehradun,17062025150705_CGHS Rates 2024 Dehradun.pdf,11,[118 [Highly Selective Vagotomy ____]18630_Jauaas__-[ +,118 [Highly Selective Vagotomy ____]18630_Jauaas__-[ +,,,,,,0.35,True
Dehradun,17062025150705_CGHS Rates 2024 Dehradun.pdf,11,[+19 — | Selective Vagotomy & Drainage 18630 puns [|,+19 — | Selective Vagotomy & Drainage 18630 puns,,,,,,0.35,True
Dehradun,17062025150705_CGHS Rates 2024 Dehradun.pdf,11,420 | Congenital Diaphragmatic Hernia 34000 40000 Rate revised wef.,Congenital Diaphragmatic Hernia 34000 40000 Rate revised wef.,,,,,,0.35,True
Dehradun,17062025150705_CGHS Rates 2024 Dehradun.pdf,11,01.02.2024 & applicable in all CGHS cities,02.2024 & applicable in all CGHS cities,,,,,,0.35,True
Dehradun,17062025150705_CGHS Rates 2024 Dehradun.pdf,11,421 Hiatus Hernia Repair- Abdominal 28050 33000 Rate revised w.e.f.,421 Hiatus Hernia Repair- Abdominal 28050 33000 Rate revised w.e.f.,,,,,,0.35,True
Dehradun,17062025150705_CGHS Rates 2024 Dehradun.pdf,11,(01.02.2024 & applicable in all |CGHS cities,(01.02.2024 & applicable in all |CGHS cities,,,,,,0.35,True
Dehradun,17062025150705_CGHS Rates 2024 Dehradun.pdf,11,422 Hiatus Hernia Repair- Transthoracic 28050 33000 Rate revised w.e.f.,422 Hiatus Hernia Repair- Transthoracic 28050 33000 Rate revised w.e.f.,,,,,,0.35,True
Dehradun,17062025150705_CGHS Rates 2024 Dehradun.pdf,11,(01.02.2024 & applicable in all \CGHS cities,(01.02.2024 & applicable in all \CGHS cities,,,,,,0.35,True
Dehradun,17062025150705_CGHS Rates 2024 Dehradun.pdf,11,423 Exploratory Laparotomy (Open) 21250 25000 Rate revised w.e.f.,423 Exploratory Laparotomy (Open) 21250 25000 Rate revised w.e.f.,,,,,,0.35,True
Dehradun,17062025150705_CGHS Rates 2024 Dehradun.pdf,11,01.02.2024 & applicable in all CGHS cities,02.2024 & applicable in all CGHS cities,,,,,,0.35,True
Dehradun,17062025150705_CGHS Rates 2024 Dehradun.pdf,11,424 Epigastric Hernia Repair 21250 25000 Rate revised w.e.f.,424 Epigastric Hernia Repair 21250 25000 Rate revised w.e.f.,,,,,,0.35,True
Dehradun,17062025150705_CGHS Rates 2024 Dehradun.pdf,11,(01.02.2024 & applicable in all CGHS cities,(01.02.2024 & applicable in all CGHS cities,,,,,,0.35,True
Dehradun,17062025150705_CGHS Rates 2024 Dehradun.pdf,11,[225 _[Umbilic Hemia Repair SCS C~dCYCC*d,225 _[Umbilic Hemia Repair SCS C~dCYCC*d,,,,,,0.35,True
Dehradun,17062025150705_CGHS Rates 2024 Dehradun.pdf,11,[226 | Ventral incisional Hemia Repair 1009337 |_|,226 | Ventral incisional Hemia Repair 1009337 |_,,,,,,0.35,True
Dehradun,17062025150705_CGHS Rates 2024 Dehradun.pdf,11,427 Inguinal Hernia Herniorrhaphy 22100 26000 Rate revised w.e.f.,427 Inguinal Hernia Herniorrhaphy 22100 26000 Rate revised w.e.f.,,,,,,0.35,True
Dehradun,17062025150705_CGHS Rates 2024 Dehradun.pdf,11,01.02.2024 & applicable in all CGHS cities,02.2024 & applicable in all CGHS cities,,,,,,0.35,True
Dehradun,17062025150705_CGHS Rates 2024 Dehradun.pdf,11,428 Inguinal Hernia - Hernioplasty 27200 32000 Rate revised w.e.f.,428 Inguinal Hernia - Hernioplasty 27200 32000 Rate revised w.e.f.,,,,,,0.35,True
Dehradun,17062025150705_CGHS Rates 2024 Dehradun.pdf,11,01.02.2024 & applicable in all CGHS cities,02.2024 & applicable in all CGHS cities,,,,,,0.35,True
Dehradun,17062025150705_CGHS Rates 2024 Dehradun.pdf,12,429 Femoral Hernia Repair 27200 32000 Rate revised w.e.f.,429 Femoral Hernia Repair 27200 32000 Rate revised w.e.f.,,,,,,0.35,True
Dehradun,17062025150705_CGHS Rates 2024 Dehradun.pdf,12,01.02.2024 & applicable in all CGHS cities,02.2024 & applicable in all CGHS cities,,,,,,0.35,True
Dehradun,17062025150705_CGHS Rates 2024 Dehradun.pdf,12,"430 [Rare Hernias Repair (Spigalion, Obturator, Lumbar, _ | 18975 21821 Sciatic)","430 [Rare Hernias Repair (Spigalion, Obturator, Lumbar, _ | 18975 21821 Sciatic)",,,,,,0.35,True
Dehradun,17062025150705_CGHS Rates 2024 Dehradun.pdf,12,[251 |Splenectomy-For Trauma iss piss SSCS,251 |Splenectomy-For Trauma iss piss SSCS,,,,,,0.35,True
Dehradun,17062025150705_CGHS Rates 2024 Dehradun.pdf,12,[232 [Splenectomy For Hypersplenism ___iaa90_____fiesea_[| ———_~+,232 [Splenectomy For Hypersplenism ___iaa90_____fiesea_[| ———_~+,,,,,,0.35,True
Dehradun,17062025150705_CGHS Rates 2024 Dehradun.pdf,12,[#33 |Splenorenal Anastomosis 3000 [peas [> ————d,#33 |Splenorenal Anastomosis 3000 [peas [> ————d,,,,,,0.35,True
Dehradun,17062025150705_CGHS Rates 2024 Dehradun.pdf,12,[234 [Portocaval Anastomosis ___________]28730__]s30es__—+| ———id,234 [Portocaval Anastomosis ___________]28730__]s30es__—+| ———id,,,,,,0.35,True
Dehradun,17062025150705_CGHS Rates 2024 Dehradun.pdf,12,435 | Direct Operation on Oesophagus for Portal 22885 26318 Hypertension,Direct Operation on Oesophagus for Portal 22885 26318 Hypertension,,,,,,0.35,True
Dehradun,17062025150705_CGHS Rates 2024 Dehradun.pdf,12,[236 | Mesentericocaval Anastomosis [>i80_____ pores ——SC~—S,236 | Mesentericocaval Anastomosis [>i80_____ pores ——SC~—S,,,,,,0.35,True
Dehradun,17062025150705_CGHS Rates 2024 Dehradun.pdf,12,[437 [Warren Shunt (Distal Splenorenal Shunt) |28750__ [33063 TT i nn,437 [Warren Shunt (Distal Splenorenal Shunt) |28750__ [33063 TT i nn,,,,,,0.35,True
Dehradun,17062025150705_CGHS Rates 2024 Dehradun.pdf,12,439 | By Pass Procedure for Inoperable Carcinoma of 23000 26450 Pancreas,By Pass Procedure for Inoperable Carcinoma of 23000 26450 Pancreas,,,,,,0.35,True
Dehradun,17062025150705_CGHS Rates 2024 Dehradun.pdf,12,[240 _|Cystajejunostomy or Cystogastrostomy ___fiais0____—_fiesea_——s| SSCS—Sd,240 _|Cystajejunostomy or Cystogastrostomy ___fiais0____—_fiesea_——s| SSCS—Sd,,,,,,0.35,True
Dehradun,17062025150705_CGHS Rates 2024 Dehradun.pdf,12,441 Cholecystectomy 20400 24000 Rate revised w.e.f.,441 Cholecystectomy 20400 24000 Rate revised w.e.f.,,,,,,0.35,True
Dehradun,17062025150705_CGHS Rates 2024 Dehradun.pdf,12,(01.02.2024 & applicable in all CGHS cities,(01.02.2024 & applicable in all CGHS cities,,,,,,0.35,True
Dehradun,17062025150705_CGHS Rates 2024 Dehradun.pdf,12,442 Cholecystectomy & Exploration of CBD 28050 33000 Rate revised w.e.f.,442 Cholecystectomy & Exploration of CBD 28050 33000 Rate revised w.e.f.,,,,,,0.35,True
Dehradun,17062025150705_CGHS Rates 2024 Dehradun.pdf,12,(01.02.2024 & applicable in all CGHS cities,(01.02.2024 & applicable in all CGHS cities,,,,,,0.35,True
Dehradun,17062025150705_CGHS Rates 2024 Dehradun.pdf,12,[243 Repair of Common Bile Duet(CBD)__}ise00___|isooo | id,243 Repair of Common Bile Duet(CBD)__}ise00___|isooo | id,,,,,,0.35,True
Dehradun,17062025150705_CGHS Rates 2024 Dehradun.pdf,12,444 Operation for Hydatid Cyst of Liver 22950 27000 Rate revised w.e.f.,444 Operation for Hydatid Cyst of Liver 22950 27000 Rate revised w.e.f.,,,,,,0.35,True
Dehradun,17062025150705_CGHS Rates 2024 Dehradun.pdf,12,(01.02.2024 & applicable in all CGHS cities [a5__[Cholecystortomy SSCS Cid CCC*d,(01.02.2024 & applicable in all CGHS cities [a5__[Cholecystortomy SSCS Cid CCC*d,,,,,,0.35,True
Dehradun,17062025150705_CGHS Rates 2024 Dehradun.pdf,12,446 Hepatic Resections (Lobectomy /Hepatectomy) 28050 33000 Rate revised w.e.f.,446 Hepatic Resections (Lobectomy /Hepatectomy) 28050 33000 Rate revised w.e.f.,,,,,,0.35,True
Dehradun,17062025150705_CGHS Rates 2024 Dehradun.pdf,12,01.02.2024 & applicable in all CGHS cities,02.2024 & applicable in all CGHS cities,,,,,,0.35,True
Dehradun,17062025150705_CGHS Rates 2024 Dehradun.pdf,12,[247 [Operation on Adrenal Glands Bite eis ——_—iswos—SidYC*d,247 [Operation on Adrenal Glands Bite eis ——_—iswos—SidYC*d,,,,,,0.35,True
Dehradun,17062025150705_CGHS Rates 2024 Dehradun.pdf,12,[#48 [Operation on Adrenal Glands Unilateral —__13800_____iss70__—+| ———~d,#48 [Operation on Adrenal Glands Unilateral —__13800_____iss70__—+| ———~d,,,,,,0.35,True
Dehradun,17062025150705_CGHS Rates 2024 Dehradun.pdf,12,449 Appendicectomy 16150 19000 Rate revised w.e.f.,449 Appendicectomy 16150 19000 Rate revised w.e.f.,,,,,,0.35,True
Dehradun,17062025150705_CGHS Rates 2024 Dehradun.pdf,12,01.02.2024 & applicable in all CGHS cities,02.2024 & applicable in all CGHS cities,,,,,,0.35,True
Dehradun,17062025150705_CGHS Rates 2024 Dehradun.pdf,12,[350 _[Appendicular Absces—Draimge ——SSCSC~izTS SCC CTC*d,350 _[Appendicular Absces—Draimge ——SSCSC~izTS SCC CTC*d,,,,,,0.35,True
Dehradun,17062025150705_CGHS Rates 2024 Dehradun.pdf,12,[251 [Mesenteric Cyst- Excision ——————S—SS——~idva ‘fines iP —Sd,251 [Mesenteric Cyst- Excision ——————S—SS——~idva ‘fines iP —Sd,,,,,,0.35,True
Dehradun,17062025150705_CGHS Rates 2024 Dehradun.pdf,12,[252 _[Peritonioscopy/taparoscopy _________Jasoo__|s90_ ‘| ———S—id,252 _[Peritonioscopy/taparoscopy _________Jasoo__|s90_ ‘| ———S—id,,,,,,0.35,True
Dehradun,17062025150705_CGHS Rates 2024 Dehradun.pdf,12,[253 [Jejumostomy —————SSSSSSCSCSCSCSCS—~ STS ———~idws Ss SSSC—~*S,253 [Jejumostomy —————SSSSSSCSCSCSCSCS—~ STS ———~idws Ss SSSC—~*S,,,,,,0.35,True
Dehradun,17062025150705_CGHS Rates 2024 Dehradun.pdf,12,[454 [teostomy sgn 722,454 [teostomy sgn,,,722,,,0.5,True
Dehradun,17062025150705_CGHS Rates 2024 Dehradun.pdf,12,including exploratory Laparotomy 01.02.2024 & applicable in all CGHS cities [56 [Duodenal Diveriouum ——S—SC~—~dWO Cid CYCC*d,including exploratory Laparotomy 01.02.2024 & applicable in all CGHS cities [56 [Duodenal Diveriouum ——S—SC~—~dWO Cid CYCC*d,,,,,,0.35,True
Dehradun,17062025150705_CGHS Rates 2024 Dehradun.pdf,12,[357 [Operation for Intestinal Obstwetion ____—__0ss0____fig03__——+| SY,357 [Operation for Intestinal Obstwetion ____—__0ss0____fig03__——+| SY,,,,,,0.35,True
Dehradun,17062025150705_CGHS Rates 2024 Dehradun.pdf,12,[255 | Operation for testinal perforation ____[38000_____|43700___| |,255 | Operation for testinal perforation ____[38000_____|43700___,,,,,,0.35,True
Dehradun,17062025150705_CGHS Rates 2024 Dehradun.pdf,12,[259 [Benign Tumours of Small Intestine 19550 aass_—s| ———SSS—id,259 [Benign Tumours of Small Intestine 19550 aass_—s| ———SSS—id,,,,,,0.35,True
Dehradun,17062025150705_CGHS Rates 2024 Dehradun.pdf,12,460 | Excision of Small Intestine Fistula 38250 45000 Rate revised w.e.f.,Excision of Small Intestine Fistula 38250 45000 Rate revised w.e.f.,,,,,,0.35,True
Dehradun,17062025150705_CGHS Rates 2024 Dehradun.pdf,12,(01.02.2024 & applicable in all CGHS cities [fei [Operations for Gt Bleed Simo iad,(01.02.2024 & applicable in all CGHS cities [fei [Operations for Gt Bleed Simo iad,,,,,,0.35,True
Dehradun,17062025150705_CGHS Rates 2024 Dehradun.pdf,13,[#62 Operations for Haemontbage of Smalltatetmes __]19850_____—paass_———SdT Sid,#62 Operations for Haemontbage of Smalltatetmes __]19850_____—paass_———SdT Sid,,,,,,0.35,True
Dehradun,17062025150705_CGHS Rates 2024 Dehradun.pdf,13,463 | Operations of the Duplication of the Intestines — 34850 41000 Rate revised we.f.,Operations of the Duplication of the Intestines — 34850 41000 Rate revised we.f.,,,,,,0.35,True
Dehradun,17062025150705_CGHS Rates 2024 Dehradun.pdf,13,including exploratory Laparotomy 01.02.2024 & applicable in all CGHS cities,including exploratory Laparotomy 01.02.2024 & applicable in all CGHS cities,,,,,,0.35,True
Dehradun,17062025150705_CGHS Rates 2024 Dehradun.pdf,13,464 | Operations for Recurrent Intestinal Obstruction (Noble [23000 26450 Plication & Other Operations for Adhesions),Operations for Recurrent Intestinal Obstruction (Noble [23000 26450 Plication & Other Operations for Adhesions),,,,,,0.35,True
Dehradun,17062025150705_CGHS Rates 2024 Dehradun.pdf,13,[265 _|TWeosigmoidostomy and related resection ______[1e790_____fissoa___——+| ——~d,265 _|TWeosigmoidostomy and related resection ______[1e790_____fissoa___——+| ——~d,,,,,,0.35,True
Dehradun,17062025150705_CGHS Rates 2024 Dehradun.pdf,13,[#66 —[ileotransverse Colostomy and related resection [167909309 | |,#66 —[ileotransverse Colostomy and related resection [167909309,,,,,,0.35,True
Dehradun,17062025150705_CGHS Rates 2024 Dehradun.pdf,13,[267 [caecostomy —SSS—*dO ~SSSC*dSS SCSPSCCSC~*,267 [caecostomy —SSS—*dO ~SSSC*dSS SCSPSCCSC~*,,,,,,0.35,True
Dehradun,17062025150705_CGHS Rates 2024 Dehradun.pdf,13,[168 [Loop Colostomy Transverse Sigmoid iso [isor@ [|__|,168 [Loop Colostomy Transverse Sigmoid iso [isor@ [|__,,,,,,0.35,True
Dehradun,17062025150705_CGHS Rates 2024 Dehradun.pdf,13,469 [Terminal Colostomy 25500 30000 Rate revised w.e.f.,469 [Terminal Colostomy 25500 30000 Rate revised w.e.f.,,,,,,0.35,True
Dehradun,17062025150705_CGHS Rates 2024 Dehradun.pdf,13,01.02.2024 & applicable in all CGHS cities,02.2024 & applicable in all CGHS cities,,,,,,0.35,True
Dehradun,17062025150705_CGHS Rates 2024 Dehradun.pdf,13,470 Closure of Colostomy 25500 30000 Rate revised w.e.f.,470 Closure of Colostomy 25500 30000 Rate revised w.e.f.,,,,,,0.35,True
Dehradun,17062025150705_CGHS Rates 2024 Dehradun.pdf,13,(01.02.2024 & applicable in all CGHS cities,(01.02.2024 & applicable in all CGHS cities,,,,,,0.35,True
Dehradun,17062025150705_CGHS Rates 2024 Dehradun.pdf,13,471 Right Hemicolectomy 27200 32000 Rate revised w.e.f.,471 Right Hemicolectomy 27200 32000 Rate revised w.e.f.,,,,,,0.35,True
Dehradun,17062025150705_CGHS Rates 2024 Dehradun.pdf,13,01.02.2024 & applicable in all CGHS cities,02.2024 & applicable in all CGHS cities,,,,,,0.35,True
Dehradun,17062025150705_CGHS Rates 2024 Dehradun.pdf,13,472 ‘Left Hemicolectomy 27200 32000 Rate revised w.e.f.,472 ‘Left Hemicolectomy 27200 32000 Rate revised w.e.f.,,,,,,0.35,True
Dehradun,17062025150705_CGHS Rates 2024 Dehradun.pdf,13,01.02.2024 & applicable in all CGHS cities,02.2024 & applicable in all CGHS cities,,,,,,0.35,True
Dehradun,17062025150705_CGHS Rates 2024 Dehradun.pdf,13,473 Total Colectomy 34000 40000 Rate revised w.e.f.,473 Total Colectomy 34000 40000 Rate revised w.e.f.,,,,,,0.35,True
Dehradun,17062025150705_CGHS Rates 2024 Dehradun.pdf,13,01.02.2024 & applicable in all CGHS cities,02.2024 & applicable in all CGHS cities,,,,,,0.35,True
Dehradun,17062025150705_CGHS Rates 2024 Dehradun.pdf,13,[=a Operations for Volwalus ofLargeBowel [920 jpeese did,=a Operations for Volwalus ofLargeBowel [920 jpeese did,,,,,,0.35,True
Dehradun,17062025150705_CGHS Rates 2024 Dehradun.pdf,13,[#75] Operations for Sigmoid Diverticulitis ]18630 pus [|__|,#75] Operations for Sigmoid Diverticulitis ]18630 pus [|__,,,,,,0.35,True
Dehradun,17062025150705_CGHS Rates 2024 Dehradun.pdf,13,476 |Fissure in Ano with Internal sphinctrectomy with 27200 32000 Rate revised w.e.f,Fissure in Ano with Internal sphinctrectomy with 27200 32000 Rate revised w.e.f,,,,,,0.35,True
Dehradun,17062025150705_CGHS Rates 2024 Dehradun.pdf,13,fissurectomy. 01.02.2024 & applicable in all CGHS cities,fissurectomy. 01.02.2024 & applicable in all CGHS cities,,,,,,0.35,True
Dehradun,17062025150705_CGHS Rates 2024 Dehradun.pdf,13,417 Fissure in Ano - Fissurectomy 24650 29000 Rate revised w.e.f.,417 Fissure in Ano - Fissurectomy 24650 29000 Rate revised w.e.f.,,,,,,0.35,True
Dehradun,17062025150705_CGHS Rates 2024 Dehradun.pdf,13,01.02.2024 & applicable in all CGHS cities,02.2024 & applicable in all CGHS cities,,,,,,0.35,True
Dehradun,17062025150705_CGHS Rates 2024 Dehradun.pdf,13,478 Rectal Polyp-Excision 11645 13700 Rate revised w.e.f.,478 Rectal Polyp-Excision 11645 13700 Rate revised w.e.f.,,,,,,0.35,True
Dehradun,17062025150705_CGHS Rates 2024 Dehradun.pdf,13,01.02.2024 & applicable in all CGHS cities,02.2024 & applicable in all CGHS cities,,,,,,0.35,True
Dehradun,17062025150705_CGHS Rates 2024 Dehradun.pdf,13,479 Fistula in Ano - High Fistulectomy 29750 35000 Rate revised w.e.f.,479 Fistula in Ano - High Fistulectomy 29750 35000 Rate revised w.e.f.,,,,,,0.35,True
Dehradun,17062025150705_CGHS Rates 2024 Dehradun.pdf,13,01.02.2024 & applicable in all CGHS cities,02.2024 & applicable in all CGHS cities,,,,,,0.35,True
Dehradun,17062025150705_CGHS Rates 2024 Dehradun.pdf,13,480 |Fistula in Ano - Low Fistulectomy 23000 Rate revised w.e.f.,Fistula in Ano - Low Fistulectomy 23000 Rate revised w.e.f.,,,,,,0.35,True
Dehradun,17062025150705_CGHS Rates 2024 Dehradun.pdf,13,(01.02.2024 & applicable in all CGHS cities,(01.02.2024 & applicable in all CGHS cities,,,,,,0.35,True
Dehradun,17062025150705_CGHS Rates 2024 Dehradun.pdf,13,[281 [Prolapse Rectum Thiewch Wing |iosso_ [ros,281 [Prolapse Rectum Thiewch Wing |iosso_ [ros,,,,,,0.35,True
Dehradun,17062025150705_CGHS Rates 2024 Dehradun.pdf,13,482 [Prolapse Rectum - Rectopexy 11900 14000 Rate revised w.e.f.,482 [Prolapse Rectum - Rectopexy 11900 14000 Rate revised w.e.f.,,,,,,0.35,True
Dehradun,17062025150705_CGHS Rates 2024 Dehradun.pdf,13,01.02.2024 & applicable in all CGHS cities,02.2024 & applicable in all CGHS cities,,,,,,0.35,True
Dehradun,17062025150705_CGHS Rates 2024 Dehradun.pdf,13,483 ‘Prolapse Rectum - Grahams Operation Deleted Deleted Rate revised w.e.f.,483 ‘Prolapse Rectum - Grahams Operation Deleted Deleted Rate revised w.e.f.,,,,,,0.35,True
Dehradun,17062025150705_CGHS Rates 2024 Dehradun.pdf,13,01.02.2024 & applicable in all \CGHS cities [zs [Operations for irschsprngs Disease ———idSO Cid CYCC*d,02.2024 & applicable in all \CGHS cities [zs [Operations for irschsprngs Disease ———idSO Cid CYCC*d,,,,,,0.35,True
Dehradun,17062025150705_CGHS Rates 2024 Dehradun.pdf,14,01.02.2024 & applicable in all CGHS cities,02.2024 & applicable in all CGHS cities,,,,,,0.35,True
Dehradun,17062025150705_CGHS Rates 2024 Dehradun.pdf,14,486 | Excision of Pilonidal Sinus with closure 21250 25000 Rate revised w.e.f.,Excision of Pilonidal Sinus with closure 21250 25000 Rate revised w.e.f.,,,,,,0.35,True
Dehradun,17062025150705_CGHS Rates 2024 Dehradun.pdf,14,01.02.2024 & applicable in all CGHS cities,02.2024 & applicable in all CGHS cities,,,,,,0.35,True
Dehradun,17062025150705_CGHS Rates 2024 Dehradun.pdf,14,[287 _|[Abdomine Perineal Excision ofRecwm —_-fissoo_——~izaiowsCdC*d,287 _|[Abdomine Perineal Excision ofRecwm —_-fissoo_——~izaiowsCdC*d,,,,,,0.35,True
Dehradun,17062025150705_CGHS Rates 2024 Dehradun.pdf,14,[386 __|AmteriorResectionofrectum __—___21sso____>sizs__ |,386 __|AmteriorResectionofrectum __—___21sso____>sizs__,,,,,,0.35,True
Dehradun,17062025150705_CGHS Rates 2024 Dehradun.pdf,14,[289 [Pull Through Abdominal Reseotion______fimi70____fismas__| +d,289 [Pull Through Abdominal Reseotion______fimi70____fismas__| +d,,,,,,0.35,True
Dehradun,17062025150705_CGHS Rates 2024 Dehradun.pdf,14,[290 Retro Peritoneal Tumor Removal____}18000__20700__| |,290 Retro Peritoneal Tumor Removal____}18000__20700__,,,,,,0.35,True
Dehradun,17062025150705_CGHS Rates 2024 Dehradun.pdf,14,(01.02.2024 & applicable in all CGHS cities,(01.02.2024 & applicable in all CGHS cities,,,,,,0.35,True
Dehradun,17062025150705_CGHS Rates 2024 Dehradun.pdf,14,492 ‘Laser ablation of varicose veins 34000 40000 Rate revised w.e.f.,492 ‘Laser ablation of varicose veins 34000 40000 Rate revised w.e.f.,,,,,,0.35,True
Dehradun,17062025150705_CGHS Rates 2024 Dehradun.pdf,14,01.02.2024 & applicable in all CGHS cities,02.2024 & applicable in all CGHS cities,,,,,,0.35,True
Dehradun,17062025150705_CGHS Rates 2024 Dehradun.pdf,14,[493 [Laparoscopic Fundoplication 9300 2zns,493 [Laparoscopic Fundoplication 9300 2zns,,,,,,0.35,True
Dehradun,17062025150705_CGHS Rates 2024 Dehradun.pdf,14,[194 [Eaparoscopie Splenectomy 5000 ps750._ [|__|,194 [Eaparoscopie Splenectomy 5000 ps750._ [|__,,,,,,0.35,True
Dehradun,17062025150705_CGHS Rates 2024 Dehradun.pdf,14,[295 [Laparoscopic Removal of hydatid eyst______]18000__|20700._| | foe [ocrereemmnariecrieraicos fener pew,295 [Laparoscopic Removal of hydatid eyst______]18000__|20700._| | foe [ocrereemmnariecrieraicos fener pew,,,,,,0.35,True
Dehradun,17062025150705_CGHS Rates 2024 Dehradun.pdf,14,497 | Laparoscopic Whipple's operation (Laparoscopic 20000 23000 Pancreatico Duodenectomy,Laparoscopic Whipple's operation (Laparoscopic 20000 23000 Pancreatico Duodenectomy,,,,,,0.35,True
Dehradun,17062025150705_CGHS Rates 2024 Dehradun.pdf,14,[255 [Laparoscopic GI bypass operation aso ———~izassoo SCs SCSCSC—~*™,255 [Laparoscopic GI bypass operation aso ———~izassoo SCs SCSCSC—~*™,,,,,,0.35,True
Dehradun,17062025150705_CGHS Rates 2024 Dehradun.pdf,14,[299 [[aparoscopic Total Colectomy 28000 2s750_-| +4,299 [[aparoscopic Total Colectomy 28000 2s750_-| +4,,,,,,0.35,True
Dehradun,17062025150705_CGHS Rates 2024 Dehradun.pdf,14,[500 Laparoscopic Hemicolectomy —]3000_]6as0__ |__|,500 Laparoscopic Hemicolectomy —]3000_]6as0__ |__,,,,,,0.35,True
Dehradun,17062025150705_CGHS Rates 2024 Dehradun.pdf,14,501 Laparoscopic Anterior Resection (of Intestine/ 23000 26450 Rectum),501 Laparoscopic Anterior Resection (of Intestine/ 23000 26450 Rectum),,,,,,0.35,True
Dehradun,17062025150705_CGHS Rates 2024 Dehradun.pdf,14,302 | Laparoscopic Cholecystectomy 28050 33000 Rate revised w.e.f.,Laparoscopic Cholecystectomy 28050 33000 Rate revised w.e.f.,,,,,,0.35,True
Dehradun,17062025150705_CGHS Rates 2024 Dehradun.pdf,14,01.02.2024 & applicable in all CGHS cities,02.2024 & applicable in all CGHS cities,,,,,,0.35,True
Dehradun,17062025150705_CGHS Rates 2024 Dehradun.pdf,14,303 [Laparoscopic appendectomy 25500 30000 Rate revised w.e.f.,303 [Laparoscopic appendectomy 25500 30000 Rate revised w.e.f.,,,,,,0.35,True
Dehradun,17062025150705_CGHS Rates 2024 Dehradun.pdf,14,(01.02.2024 & applicable in all |CGHS cities,(01.02.2024 & applicable in all |CGHS cities,,,,,,0.35,True
Dehradun,17062025150705_CGHS Rates 2024 Dehradun.pdf,14,"304 | Laparoscopic Hernia — Inguinoplasty (including 29750 Rate revised wef, applicable in all \CGHS cities","Laparoscopic Hernia — Inguinoplasty (including 29750 Rate revised wef, applicable in all \CGHS cities",,,,,,0.35,True
Dehradun,17062025150705_CGHS Rates 2024 Dehradun.pdf,14,[505 [Laparoscopic venta HemiaRepar _—_fivsoo_—ios TCS,505 [Laparoscopic venta HemiaRepar _—_fivsoo_—ios TCS,,,,,,0.35,True
Dehradun,17062025150705_CGHS Rates 2024 Dehradun.pdf,14,[505 [Laparoscopic Paraumbilical Hernia Repair 17500 013s____| |,505 [Laparoscopic Paraumbilical Hernia Repair 17500 013s____,,,,,,0.35,True
Dehradun,17062025150705_CGHS Rates 2024 Dehradun.pdf,14,[507 —[EaparoscopicAdrenalesiomy 1200013800 |__|,507 —[EaparoscopicAdrenalesiomy 1200013800 |__,,,,,,0.35,True
Dehradun,17062025150705_CGHS Rates 2024 Dehradun.pdf,14,[505 [Laparoscopic Nephrectomy 2300028300 |__|,505 [Laparoscopic Nephrectomy 2300028300 |__,,,,,,0.35,True
Dehradun,17062025150705_CGHS Rates 2024 Dehradun.pdf,14,509 Other Major Surgery-Abdomen/GI Surgery Deleted Deleted Rate revised w.e.f.,509 Other Major Surgery-Abdomen/GI Surgery Deleted Deleted Rate revised w.e.f.,,,,,,0.35,True
Dehradun,17062025150705_CGHS Rates 2024 Dehradun.pdf,14,01.02.2024 & applicable in all CGHS cities,02.2024 & applicable in all CGHS cities,,,,,,0.35,True
Dehradun,17062025150705_CGHS Rates 2024 Dehradun.pdf,14,510 Other Minor Surgery-Abdomen/GI Surgery Deleted Deleted Rate revised w.e.f.,510 Other Minor Surgery-Abdomen/GI Surgery Deleted Deleted Rate revised w.e.f.,,,,,,0.35,True
Dehradun,17062025150705_CGHS Rates 2024 Dehradun.pdf,14,01.02.2024 & applicable in all CGHS cities TREATMENT PROCEDURE ICU/CCU Non-NABH/ |NABH/NABL [Remarks PROCEDURES (SPECIAL CARE CASES) Non- Rates in Rupee NABL Rates in Rupee,02.2024 & applicable in all CGHS cities TREATMENT PROCEDURE ICU/CCU Non-NABH/ |NABH/NABL [Remarks PROCEDURES (SPECIAL CARE CASES) Non- Rates in Rupee NABL Rates in Rupee,,,,nabh,,0.35,True
Dehradun,17062025150705_CGHS Rates 2024 Dehradun.pdf,14,S11 | Coronary Care with Cardiac Monitoring ICU/CCU [4590 5400 [Rate revised w.e.f.,S11 | Coronary Care with Cardiac Monitoring ICU/CCU [4590 5400 [Rate revised w.e.f.,,,,,,0.35,True
Dehradun,17062025150705_CGHS Rates 2024 Dehradun.pdf,14,"(For all categories of ward entitlement, inclusive of 12.04.2023 &","(For all categories of ward entitlement, inclusive of 12.04.2023 &",,,,,,0.35,True
Dehradun,17062025150705_CGHS Rates 2024 Dehradun.pdf,15,[512 [Compressed air piped oxygen perhour ——‘[s0_——S—iS SSC C—~*d,512 [Compressed air piped oxygen perhour ——‘[s0_——S—iS SSC C—~*d,,,,,,0.35,True
Dehradun,17062025150705_CGHS Rates 2024 Dehradun.pdf,15,[513 [Ventilator charges Perday) SSCS SSSCid Ci SCC—~*d,513 [Ventilator charges Perday) SSCS SSSCid Ci SCC—~*d,,,,,,0.35,True
Dehradun,17062025150705_CGHS Rates 2024 Dehradun.pdf,15,[51a [Paediatric care for New bom Parday)———~idss ——SSS—id SCiCSCCSCSCSC~—CSY,51a [Paediatric care for New bom Parday)———~idss ——SSS—id SCiCSCCSCSCSC~—CSY,,,,,,0.35,True
Dehradun,17062025150705_CGHS Rates 2024 Dehradun.pdf,15,[516 [Neonatal ICU charges (Per day) _________f391_——~idsoSSSCiY SS SCSC—~*d,516 [Neonatal ICU charges (Per day) _________f391_——~idsoSSSCiY SS SCSC—~*d,,,,,,0.35,True
Dehradun,17062025150705_CGHS Rates 2024 Dehradun.pdf,15,[S17 —[Ressenation iB CY,S17 —[Ressenation iB CY,,,,,,0.35,True
Dehradun,17062025150705_CGHS Rates 2024 Dehradun.pdf,15,[519 [Pncupack ventilator ia Nursery (Perday) [575 Josi_ |__|,519 [Pncupack ventilator ia Nursery (Perday) [575 Josi_ |__,,,,,,0.35,True
Dehradun,17062025150705_CGHS Rates 2024 Dehradun.pdf,15,"520 Atrial Septal Defect (ASD) closure 84,065 98,900 Rate revised w.e.f]","520 Atrial Septal Defect (ASD) closure 84,065 98,900 Rate revised w.e.f",,,,,,0.35,True
Dehradun,17062025150705_CGHS Rates 2024 Dehradun.pdf,15,"19.12.2023 & HS cities,","12.2023 & HS cities,",,,,,,0.35,True
Dehradun,17062025150705_CGHS Rates 2024 Dehradun.pdf,15,"19.12.2023 & applicable in all CGHS cities,","12.2023 & applicable in all CGHS cities,",,,,,,0.35,True
Dehradun,17062025150705_CGHS Rates 2024 Dehradun.pdf,15,322 | Tetralogy of Fallot (TOF) 127075 146136 [ iaevelscrenvnsovepse |,Tetralogy of Fallot (TOF) 127075 146136 [ iaevelscrenvnsovepse,,,,,,0.35,True
Dehradun,17062025150705_CGHS Rates 2024 Dehradun.pdf,15,[523__[BD GleanTeft atrium myxoma [80750 oso0—+| ——S—~™,523__[BD GleanTeft atrium myxoma [80750 oso0—+| ——S—~™,,,,,,0.35,True
Dehradun,17062025150705_CGHS Rates 2024 Dehradun.pdf,15,[524 |Senning/Arerial switch Operation (ASO) Wiha [iaiss____[iwosig__ |__|,524 |Senning/Arerial switch Operation (ASO) Wiha [iaiss____[iwosig__ |__,,,,,,0.35,True
Dehradun,17062025150705_CGHS Rates 2024 Dehradun.pdf,15,[525___[Double Switch Operation (DSO) _________}loses___|uipis7__ |_|,525___[Double Switch Operation (DSO) _________}loses___|uipis7__ |_,,,,,,0.35,True
Dehradun,17062025150705_CGHS Rates 2024 Dehradun.pdf,15,[526 _[Atioventricular(AV) canal epair_______]161000____fissiso___| |,526 _[Atioventricular(AV) canal epair_______]161000____fissiso___,,,,,,0.35,True
Dehradun,17062025150705_CGHS Rates 2024 Dehradun.pdf,15,[527 [Fontan procedure i t69000 tgasso,527 [Fontan procedure i t69000 tgasso,,,,,,0.35,True
Dehradun,17062025150705_CGHS Rates 2024 Dehradun.pdf,15,[528 |Conduit repair |169000_ssso___ [|__|,528 |Conduit repair |169000_ssso___ [|__,,,,,,0.35,True
Dehradun,17062025150705_CGHS Rates 2024 Dehradun.pdf,15,[529 [Coronary Artery Bypass Graft surgery (CABG) ___[127075____—faese—«| SC—*d [P° ntwncriepaiomumpanse cn foe PRT Intra-Aortic Balloon Pump (IABP) ial alae a a Valve,529 [Coronary Artery Bypass Graft surgery (CABG) ___[127075____—faese—«| SC—*d [P° ntwncriepaiomumpanse cn foe PRT Intra-Aortic Balloon Pump (IABP) ial alae a a Valve,,,,,,0.35,True
Dehradun,17062025150705_CGHS Rates 2024 Dehradun.pdf,15,[532__[cABG without bypass —__————————idaoooo fiero | id,532__[cABG without bypass —__————————idaoooo fiero | id,,,,,,0.35,True
Dehradun,17062025150705_CGHS Rates 2024 Dehradun.pdf,15,[533 [Ascending aorta replacement ______}130000____fiassoo___-[| +d,533 [Ascending aorta replacement ______}130000____fiassoo___-[| +d,,,,,,0.35,True
Dehradun,17062025150705_CGHS Rates 2024 Dehradun.pdf,15,[534 [Double Valve Replacement(DVR) 5422 f7s73s_ TT emia Replacement (AVR)/ Tricuspid Valve Replacement (TVR) / Pulmonary valve replacement (PVR) ee el Tricuspid Valve (TV) Repair + Pulmonary valve (PV) repair,534 [Double Valve Replacement(DVR) 5422 f7s73s_ TT emia Replacement (AVR)/ Tricuspid Valve Replacement (TVR) / Pulmonary valve replacement (PVR) ee el Tricuspid Valve (TV) Repair + Pulmonary valve (PV) repair,,,,,,0.35,True
Dehradun,17062025150705_CGHS Rates 2024 Dehradun.pdf,15,[557 |Aona fimoralbypass —____________|ss000____[sos00 [>|,557 |Aona fimoralbypass —____________|ss000____[sos00 [>,,,,,,0.35,True
Dehradun,17062025150705_CGHS Rates 2024 Dehradun.pdf,15,[538 | Blalock-Taussig shunt (BT Shunt)/ Conrsation |s1980____[s977 |__|,538 | Blalock-Taussig shunt (BT Shunt)/ Conrsation |s1980____[s977 |__,,,,,,0.35,True
Dehradun,17062025150705_CGHS Rates 2024 Dehradun.pdf,15,[> —_[Pulinonary Anes Banding PA Rann Septwomy_[sio80 [S977] |,> —_[Pulinonary Anes Banding PA Rann Septwomy_[sio80 [S977,,,,,,0.35,True
Dehradun,17062025150705_CGHS Rates 2024 Dehradun.pdf,15,[540 _[Pericardectomy ——————SSSSSSCS—~i220——~—~*dBSSCSSCSSSC~*d,540 _[Pericardectomy ——————SSSSSSCS—~i220——~—~*dBSSCSSCSSSC~*d,,,,,,0.35,True
Dehradun,17062025150705_CGHS Rates 2024 Dehradun.pdf,15,"S41 Patent Ductus Arteriosus (PDA)-Device Closure 46750 55,000 Rate revised w.e.f. applicable in all CGHS cities, a a","S41 Patent Ductus Arteriosus (PDA)-Device Closure 46750 55,000 Rate revised w.e.f. applicable in all CGHS cities, a a",,,,,,0.35,True
Dehradun,17062025150705_CGHS Rates 2024 Dehradun.pdf,15,transluminal coronary angioplasty (PTCA) / 19.12.2023 &,transluminal coronary angioplasty (PTCA) / 19.12.2023 &,,,,,,0.35,True
Dehradun,17062025150705_CGHS Rates 2024 Dehradun.pdf,16,"545 [Balloon coronary angioplasty / Percutaneous 71,150 83,725 Rate revised w.e |","545 [Balloon coronary angioplasty / Percutaneous 71,150 83,725 Rate revised w.e",,,,,,0.35,True
Dehradun,17062025150705_CGHS Rates 2024 Dehradun.pdf,16,transluminal coronary angioplasty (PTCA) / 19.12.2023 &,transluminal coronary angioplasty (PTCA) / 19.12.2023 &,,,,,,0.35,True
Dehradun,17062025150705_CGHS Rates 2024 Dehradun.pdf,16,"546 | Rotablation 47,775 56,206 Rate revised w.e.f]","Rotablation 47,775 56,206 Rate revised w.e.f",,,,,,0.35,True
Dehradun,17062025150705_CGHS Rates 2024 Dehradun.pdf,16,"19.12.2023 & applicable in all CGHS cities,","12.2023 & applicable in all CGHS cities,",,,,,,0.35,True
Dehradun,17062025150705_CGHS Rates 2024 Dehradun.pdf,16,"547 |Balloon Mitral Valvotomy / Percutaneous 77,000 90,700 Rate revised w.e.f]","Balloon Mitral Valvotomy / Percutaneous 77,000 90,700 Rate revised w.e.f",,,,,,0.35,True
Dehradun,17062025150705_CGHS Rates 2024 Dehradun.pdf,16,"transvenous mitral commissurotomy (PTMC) 19.12.2023 & applicable in all CGHS cities,","transvenous mitral commissurotomy (PTMC) 19.12.2023 & applicable in all CGHS cities,",,,,,,0.35,True
Dehradun,17062025150705_CGHS Rates 2024 Dehradun.pdf,16,"548 Cardiac Catheterization (CATH) 11,510 13,545 Rate revised w.e.f]","548 Cardiac Catheterization (CATH) 11,510 13,545 Rate revised w.e.f",,,,,,0.35,True
Dehradun,17062025150705_CGHS Rates 2024 Dehradun.pdf,16,19.12.2023 & applicable in all CGHS cities. a,12.2023 & applicable in all CGHS cities. a,,,,,,0.35,True
Dehradun,17062025150705_CGHS Rates 2024 Dehradun.pdf,16,[550 _[Aonie Dissection —_____———————iizoso iia i SC—~Sd,550 _[Aonie Dissection —_____———————iizoso iia i SC—~Sd,,,,,,0.35,True
Dehradun,17062025150705_CGHS Rates 2024 Dehradun.pdf,16,[551 | Thoraco Abdominal Anewgam Repair ___[15000___17aso____| |,551 | Thoraco Abdominal Anewgam Repair ___[15000___17aso____,,,,,,0.35,True
Dehradun,17062025150705_CGHS Rates 2024 Dehradun.pdf,16,[5s2_[embolectomy —————*dt000 Jas |_|,5s2_[embolectomy —————*dt000 Jas |_,,,,,,0.35,True
Dehradun,17062025150705_CGHS Rates 2024 Dehradun.pdf,16,[553 | Vascular Repair |36000__Ja1ao0_} |,553 | Vascular Repair |36000__Ja1ao0_},,,,,,0.35,True
Dehradun,17062025150705_CGHS Rates 2024 Dehradun.pdf,16,[554 _|Bentall Repair with Prosthetic Valve _[30000___[sasoo___| |,554 _|Bentall Repair with Prosthetic Valve _[30000___[sasoo___,,,,,,0.35,True
Dehradun,17062025150705_CGHS Rates 2024 Dehradun.pdf,16,[555 | Bentall Repair with Biologic Valve —__|i27500__ 180000 |__|,555 | Bentall Repair with Biologic Valve —__|i27500__ 180000 |__,,,,,,0.35,True
Dehradun,17062025150705_CGHS Rates 2024 Dehradun.pdf,16,"556 — | Coarctation dilatation / Balloon dilatation oi 60,860 71,600 Rate revised w.e-f]","556 — | Coarctation dilatation / Balloon dilatation oi 60,860 71,600 Rate revised w.e-f",,,,,,0.35,True
Dehradun,17062025150705_CGHS Rates 2024 Dehradun.pdf,16,Aortic coarctation -including cost of Balloon 19.12.2023 & CGHS cities.,Aortic coarctation -including cost of Balloon 19.12.2023 & CGHS cities.,,,,,,0.35,True
Dehradun,17062025150705_CGHS Rates 2024 Dehradun.pdf,16,[557 __|Coarcttion Gatton with Stenting __[iesoo_—iiers id,557 __|Coarcttion Gatton with Stenting __[iesoo_—iiers id,,,,,,0.35,True
Dehradun,17062025150705_CGHS Rates 2024 Dehradun.pdf,16,Cardiac Pacing) Single Chamber 19.12.2023 & applicable in all CGHS cities fee Cardiac Pacing) Dual Chamber,Cardiac Pacing) Single Chamber 19.12.2023 & applicable in all CGHS cities fee Cardiac Pacing) Dual Chamber,,,,,,0.35,True
Dehradun,17062025150705_CGHS Rates 2024 Dehradun.pdf,16,560 Permanent pacemaker implantation (PPI)- Single 27200 32000 Rate revised w.e.f.,560 Permanent pacemaker implantation (PPI)- Single 27200 32000 Rate revised w.e.f.,,,,,,0.35,True
Dehradun,17062025150705_CGHS Rates 2024 Dehradun.pdf,16,Chamber 19.12.2023 & applicable in all CGHS cities,Chamber 19.12.2023 & applicable in all CGHS cities,,,,,,0.35,True
Dehradun,17062025150705_CGHS Rates 2024 Dehradun.pdf,16,561 [Permanent pacemaker implantation- Dual Chamber [36550 43000 Rate revised w.e.f.,561 [Permanent pacemaker implantation- Dual Chamber [36550 43000 Rate revised w.e.f.,,,,,,0.35,True
Dehradun,17062025150705_CGHS Rates 2024 Dehradun.pdf,16,19.12.2023 & applicable in all CGHS cities,12.2023 & applicable in all CGHS cities,,,,,,0.35,True
Dehradun,17062025150705_CGHS Rates 2024 Dehradun.pdf,16,Biventricular 19.12.2023 & applicable in all CGHS cities,Biventricular 19.12.2023 & applicable in all CGHS cities,,,,,,0.35,True
Dehradun,17062025150705_CGHS Rates 2024 Dehradun.pdf,16,563 [Automatic implantable cardioverter defibrillator 42500 50000 Rate revised w.e.f.,563 [Automatic implantable cardioverter defibrillator 42500 50000 Rate revised w.e.f.,,,,,,0.35,True
Dehradun,17062025150705_CGHS Rates 2024 Dehradun.pdf,16,(AICD) Single Chamber 19.12.2023 & applicable in all CGHS cities,(AICD) Single Chamber 19.12.2023 & applicable in all CGHS cities,,,,,,0.35,True
Dehradun,17062025150705_CGHS Rates 2024 Dehradun.pdf,16,564 Automatic implantable cardioverter defibrillator 45500 52350 Rate revised w.e.f.,564 Automatic implantable cardioverter defibrillator 45500 52350 Rate revised w.e.f.,,,,,,0.35,True
Dehradun,17062025150705_CGHS Rates 2024 Dehradun.pdf,16,(AICD) Dual Chamber 19.12.2023 & applicable in all CGHS cities,(AICD) Dual Chamber 19.12.2023 & applicable in all CGHS cities,,,,,,0.35,True
Dehradun,17062025150705_CGHS Rates 2024 Dehradun.pdf,16,19.12.2023 & applicable in all,12.2023 & applicable in all,,,,,,0.35,True
Dehradun,17062025150705_CGHS Rates 2024 Dehradun.pdf,17,566 | Diagnostic Electrophysiological studies 56100 66000 Rate revised w.e.f.,Diagnostic Electrophysiological studies 56100 66000 Rate revised w.e.f.,,,,,,0.35,True
Dehradun,17062025150705_CGHS Rates 2024 Dehradun.pdf,17,conventional (Including catheter) 19.12.2023 & applicable in all CGHS cities,conventional (Including catheter) 19.12.2023 & applicable in all CGHS cities,,,,,,0.35,True
Dehradun,17062025150705_CGHS Rates 2024 Dehradun.pdf,17,567 [Ambulatory BP monitoring 1000 Rate revised w.e.f.,567 [Ambulatory BP monitoring 1000 Rate revised w.e.f.,,,,,,0.35,True
Dehradun,17062025150705_CGHS Rates 2024 Dehradun.pdf,17,19.12.2023 & applicable in all CGHS cities,12.2023 & applicable in all CGHS cities,,,,,,0.35,True
Dehradun,17062025150705_CGHS Rates 2024 Dehradun.pdf,17,368 A_ [External Loop/event recording -first day only 1500 1500 Rate revised w.e.f.,368 A_ [External Loop/event recording -first day only 1500 1500 Rate revised w.e.f.,,,,,,0.35,True
Dehradun,17062025150705_CGHS Rates 2024 Dehradun.pdf,17,19.12.2023 & applicable in all CGHS cities,12.2023 & applicable in all CGHS cities,,,,,,0.35,True
Dehradun,17062025150705_CGHS Rates 2024 Dehradun.pdf,17,(Maximum up to 6 days) 19.12.2023 & applicable in all CGHS cities,(Maximum up to 6 days) 19.12.2023 & applicable in all CGHS cities,,,,,,0.35,True
Dehradun,17062025150705_CGHS Rates 2024 Dehradun.pdf,17,"369 | Radiofrequency (RF) ablation conventional 81,600 96,000 Rate revised w.e.f.","Radiofrequency (RF) ablation conventional 81,600 96,000 Rate revised w.e.f.",,,,,,0.35,True
Dehradun,17062025150705_CGHS Rates 2024 Dehradun.pdf,17,19.12.2023 & applicable in all CGHS cities,12.2023 & applicable in all CGHS cities,,,,,,0.35,True
Dehradun,17062025150705_CGHS Rates 2024 Dehradun.pdf,17,"370 | Radiofrequency (RF) ablation Atrial Tachycardia/Carto| 153,850 1,81,000 Rate revised w.e.f.","Radiofrequency (RF) ablation Atrial Tachycardia/Carto| 153,850 1,81,000 Rate revised w.e.f.",,,,,,0.35,True
Dehradun,17062025150705_CGHS Rates 2024 Dehradun.pdf,17,19.12.2023 & applicable in all CGHS cities,12.2023 & applicable in all CGHS cities,,,,,,0.35,True
Dehradun,17062025150705_CGHS Rates 2024 Dehradun.pdf,17,571 Endomyocardial biopsy [Deleted [Deleted Rate revised w.e.f.,571 Endomyocardial biopsy [Deleted [Deleted Rate revised w.e.f.,,,,,,0.35,True
Dehradun,17062025150705_CGHS Rates 2024 Dehradun.pdf,17,19.12.2023 & applicable in all CGHS cities,12.2023 & applicable in all CGHS cities,,,,,,0.35,True
Dehradun,17062025150705_CGHS Rates 2024 Dehradun.pdf,17,"572 Intra aortic balloon pump (IABP) 42,500 50,000 Rate revised w.e.f.","572 Intra aortic balloon pump (IABP) 42,500 50,000 Rate revised w.e.f.",,,,,,0.35,True
Dehradun,17062025150705_CGHS Rates 2024 Dehradun.pdf,17,19.12.2023 & applicable in all CGHS cities,12.2023 & applicable in all CGHS cities,,,,,,0.35,True
Dehradun,17062025150705_CGHS Rates 2024 Dehradun.pdf,17,"373 [Intra vascular coiling 63,750 75,000 Rate revised w.ef.","373 [Intra vascular coiling 63,750 75,000 Rate revised w.ef.",,,,,,0.35,True
Dehradun,17062025150705_CGHS Rates 2024 Dehradun.pdf,17,19.12.2023 & applicable in all CGHS cities,12.2023 & applicable in all CGHS cities,,,,,,0.35,True
Dehradun,17062025150705_CGHS Rates 2024 Dehradun.pdf,17,"374 |Septostomy- Balloon 25,000 30,000 Rate revised w.ef.","Septostomy- Balloon 25,000 30,000 Rate revised w.ef.",,,,,,0.35,True
Dehradun,17062025150705_CGHS Rates 2024 Dehradun.pdf,17,19.12.2023 & applicable in all CGHS cities,12.2023 & applicable in all CGHS cities,,,,,,0.35,True
Dehradun,17062025150705_CGHS Rates 2024 Dehradun.pdf,17,[575 __|Septostomy- Blade ——————S—SCSCSC~—SSO Cid CCS,575 __|Septostomy- Blade ——————S—SCSCSC~—SSO Cid CCS,,,,,,0.35,True
Dehradun,17062025150705_CGHS Rates 2024 Dehradun.pdf,17,"576 Aortic valve balloon dilatation (AVBD)/ pulmonary | 47,940 56.400 Rate revised w.e.f.","576 Aortic valve balloon dilatation (AVBD)/ pulmonary | 47,940 56.400 Rate revised w.e.f.",,,,,,0.35,True
Dehradun,17062025150705_CGHS Rates 2024 Dehradun.pdf,17,valve balloon dilatation (PVBD) 19.12.2023 & applicable in all CGHS cities,valve balloon dilatation (PVBD) 19.12.2023 & applicable in all CGHS cities,,,,,,0.35,True
Dehradun,17062025150705_CGHS Rates 2024 Dehradun.pdf,17,"377 | Digital subtraction angiography-Peripheral artery 12,400 14,610 Rate revised wie.","Digital subtraction angiography-Peripheral artery 12,400 14,610 Rate revised wie.",,,,,,0.35,True
Dehradun,17062025150705_CGHS Rates 2024 Dehradun.pdf,17,19.12.2023 & applicable in all CGHS cities,12.2023 & applicable in all CGHS cities,,,,,,0.35,True
Dehradun,17062025150705_CGHS Rates 2024 Dehradun.pdf,17,"578 Digital subtraction angiography- venogram 12,400 14,610 Rate revised w.e.f.","578 Digital subtraction angiography- venogram 12,400 14,610 Rate revised w.e.f.",,,,,,0.35,True
Dehradun,17062025150705_CGHS Rates 2024 Dehradun.pdf,17,19.12.2023 & applicable in all CGHS cities,12.2023 & applicable in all CGHS cities,,,,,,0.35,True
Dehradun,17062025150705_CGHS Rates 2024 Dehradun.pdf,17,T265 a [ss0_|Sinogram ios id i id,T265 a [ss0_|Sinogram ios id i id,,,,,,0.35,True
Dehradun,17062025150705_CGHS Rates 2024 Dehradun.pdf,17,"581 | Peripheral Angioplasty with Vascular Closure Device [46,750 55,500 Rate revised w.e.f,","Peripheral Angioplasty with Vascular Closure Device [46,750 55,500 Rate revised w.e.f,",,,,,,0.35,True
Dehradun,17062025150705_CGHS Rates 2024 Dehradun.pdf,17,(veD) 19.12.2023 & applicable in all CGHS cities,(veD) 19.12.2023 & applicable in all CGHS cities,,,,,,0.35,True
Dehradun,17062025150705_CGHS Rates 2024 Dehradun.pdf,17,[582_ [Peripheral Angioplasty without Vascular Closure —[uisoo__iasas td,582_ [Peripheral Angioplasty without Vascular Closure —[uisoo__iasas td,,,,,,0.35,True
Dehradun,17062025150705_CGHS Rates 2024 Dehradun.pdf,18,"583 Renal Angioplasty 46,750 55,000 Rate revised w.e.f.","583 Renal Angioplasty 46,750 55,000 Rate revised w.e.f.",,,,,,0.35,True
Dehradun,17062025150705_CGHS Rates 2024 Dehradun.pdf,18,19.12.2023 & applicable in all CGHS cities,12.2023 & applicable in all CGHS cities,,,,,,0.35,True
Dehradun,17062025150705_CGHS Rates 2024 Dehradun.pdf,18,"584 Intravascular ultrasound (IVUS) 50,000 50,000 Rate revised w.e.f.","584 Intravascular ultrasound (IVUS) 50,000 50,000 Rate revised w.e.f.",,,,,,0.35,True
Dehradun,17062025150705_CGHS Rates 2024 Dehradun.pdf,18,"19.12.2023 & applicable in all CGHS cities, Differential rates a not applicable, Rate is same for both NABH and Non- INABH Accredited HCO’s and Shall /not be part of any other procedure","12.2023 & applicable in all CGHS cities, Differential rates a not applicable, Rate is same for both NABH and Non- INABH Accredited HCO’s and Shall /not be part of any other procedure",,,,nabh,,0.35,True
Dehradun,17062025150705_CGHS Rates 2024 Dehradun.pdf,18,"585 | Fractional flow reserve (FFR) 30000 30,000 Rate revised w.e.f]","Fractional flow reserve (FFR) 30000 30,000 Rate revised w.e.f",,,,,,0.35,True
Dehradun,17062025150705_CGHS Rates 2024 Dehradun.pdf,18,"19.12.2023 & applicable in all CGHS cities, ‘Differential rates are not applicable, Rate is same for both NABH and ‘Non-NABH Accredited HCO’s| and Shall not be part of any other procedure","12.2023 & applicable in all CGHS cities, ‘Differential rates are not applicable, Rate is same for both NABH and ‘Non-NABH Accredited HCO’s| and Shall not be part of any other procedure",,,,nabh,,0.35,True
Dehradun,17062025150705_CGHS Rates 2024 Dehradun.pdf,18,"386 | Holter analysis 2,125 2,500 [Rate revised w.e.f.","Holter analysis 2,125 2,500 [Rate revised w.e.f.",,,,,,0.35,True
Dehradun,17062025150705_CGHS Rates 2024 Dehradun.pdf,18,19.12.2023 & applicable in all CGHS cities,12.2023 & applicable in all CGHS cities,,,,,,0.35,True
Dehradun,17062025150705_CGHS Rates 2024 Dehradun.pdf,18,[587 _|Aonie tent gafing foraorivancunsm —__[7es00__[ooors_f,587 _|Aonie tent gafing foraorivancunsm —__[7es00__[ooors_f,,,,,,0.35,True
Dehradun,17062025150705_CGHS Rates 2024 Dehradun.pdf,18,"588 [Inferior Vena Cava (IVC) filter implantation- cost [25500 30,000 Rate revised w.e-f,","588 [Inferior Vena Cava (IVC) filter implantation- cost [25500 30,000 Rate revised w.e-f,",,,,,,0.35,True
Dehradun,17062025150705_CGHS Rates 2024 Dehradun.pdf,18,of filter extra 19.12.2023 & applicable in all CGHS cities,of filter extra 19.12.2023 & applicable in all CGHS cities,,,,,,0.35,True
Dehradun,17062025150705_CGHS Rates 2024 Dehradun.pdf,18,589 ASD/VSD/PDA device closure See code 520/ [See code 520/ [Revised separate,589 ASD/VSD/PDA device closure See code 520/ [See code 520/ [Revised separate,,,,,,0.35,True
Dehradun,17062025150705_CGHS Rates 2024 Dehradun.pdf,18,521/541 521/541 rates w.e.f.,521/541 521/541 rates w.e.f.,,,,,,0.35,True
Dehradun,17062025150705_CGHS Rates 2024 Dehradun.pdf,18,912208 applicable in a Cus cities,912208 applicable in a Cus cities,,,,,,0.35,True
Dehradun,17062025150705_CGHS Rates 2024 Dehradun.pdf,18,590 Electrocardiogram (ECG) 150 475 Rate revised lw.e.f.,590 Electrocardiogram (ECG) 150 475 Rate revised lw.e.f.,,,,,,0.35,True
Dehradun,17062025150705_CGHS Rates 2024 Dehradun.pdf,18,19.06.2023 & lapplicable in all ICGHS cities,06.2023 & lapplicable in all ICGHS cities,,,,,,0.35,True
Dehradun,17062025150705_CGHS Rates 2024 Dehradun.pdf,18,"591 Head--up tilt test (HUTT) 7.650 9,000 Rate revised w.e.f.","591 Head--up tilt test (HUTT) 7.650 9,000 Rate revised w.e.f.",,,,,,0.35,True
Dehradun,17062025150705_CGHS Rates 2024 Dehradun.pdf,18,19.12.2023 & applicable in all CGHS cities,12.2023 & applicable in all CGHS cities,,,,,,0.35,True
Dehradun,17062025150705_CGHS Rates 2024 Dehradun.pdf,18,392 [2D echocardiography 1255 1475 Rate revised w.e.f.,392 [2D echocardiography 1255 1475 Rate revised w.e.f.,,,,,,0.35,True
Dehradun,17062025150705_CGHS Rates 2024 Dehradun.pdf,18,19.06.2023 & lapplicable in all ICGHS cities,06.2023 & lapplicable in all ICGHS cities,,,,,,0.35,True
Dehradun,17062025150705_CGHS Rates 2024 Dehradun.pdf,18,[553 __|SDechocardiowmpiy———SSCSCSCS~SCSCSCdOC,553 __|SDechocardiowmpiy———SSCSCSCS~SCSCSCdOC,,,,,,0.35,True
Dehradun,17062025150705_CGHS Rates 2024 Dehradun.pdf,18,394 [Fetal Echo 1360 1600 Rate revised w.e.f,394 [Fetal Echo 1360 1600 Rate revised w.e.f,,,,,,0.35,True
Dehradun,17062025150705_CGHS Rates 2024 Dehradun.pdf,18,19.06.2023 & applicable in all CGHS cities,06.2023 & applicable in all CGHS cities,,,,,,0.35,True
Dehradun,17062025150705_CGHS Rates 2024 Dehradun.pdf,19,[555 [2D Transesophageal Echocardiography TEE) __yims___—isg@so—SCSC~sSSC‘“‘;*S*~*d,555 [2D Transesophageal Echocardiography TEE) __yims___—isg@so—SCSC~sSSC‘“‘;*S*~*d,,,,,,0.35,True
Dehradun,17062025150705_CGHS Rates 2024 Dehradun.pdf,19,[595 | 3D Transesophageal Echocardiography (TEE) _]1s0a__fisso.__| |,595 | 3D Transesophageal Echocardiography (TEE) _]1s0a__fisso.__,,,,,,0.35,True
Dehradun,17062025150705_CGHS Rates 2024 Dehradun.pdf,19,597 Stress Echo- exercise 2040 2400 Rate revised w.e.f.,597 Stress Echo- exercise 2040 2400 Rate revised w.e.f.,,,,,,0.35,True
Dehradun,17062025150705_CGHS Rates 2024 Dehradun.pdf,19,19.06.2023 & \CGHS cities,06.2023 & \CGHS cities,,,,,,0.35,True
Dehradun,17062025150705_CGHS Rates 2024 Dehradun.pdf,19,19.06.2023 & lapplicable in all ICGHS cities,06.2023 & lapplicable in all ICGHS cities,,,,,,0.35,True
Dehradun,17062025150705_CGHS Rates 2024 Dehradun.pdf,19,"399 [Stress Myocardial Perfusion Imaging (MPI)- exercise |7,650 9,000 Rate revised w.e.f.","399 [Stress Myocardial Perfusion Imaging (MPI)- exercise |7,650 9,000 Rate revised w.e.f.",,,,,,0.35,True
Dehradun,17062025150705_CGHS Rates 2024 Dehradun.pdf,19,19.12.2023 & applicable in all CGHS cities,12.2023 & applicable in all CGHS cities,,,,,,0.35,True
Dehradun,17062025150705_CGHS Rates 2024 Dehradun.pdf,19,"‘Stress Myocardial Perfusion Imaging (MPI) - 7,650 9,000 Rate revised w.e.f.","‘Stress Myocardial Perfusion Imaging (MPI) - 7,650 9,000 Rate revised w.e.f.",,,,,,0.35,True
Dehradun,17062025150705_CGHS Rates 2024 Dehradun.pdf,19,pharmacological 19.12.2023 & applicable in all CGHS cities,pharmacological 19.12.2023 & applicable in all CGHS cities,,,,,,0.35,True
Dehradun,17062025150705_CGHS Rates 2024 Dehradun.pdf,19,"Coronary angiography 11,240 13,225 Rate revised w.e.f.","Coronary angiography 11,240 13,225 Rate revised w.e.f.",,,,,,0.35,True
Dehradun,17062025150705_CGHS Rates 2024 Dehradun.pdf,19,19.12.2023 & applicable in all CGHS cities [s02 [CT eoronaryangiogmphy ———S—SCSCS~OSCCSC~idSCCdSSC*d = CS Te,12.2023 & applicable in all CGHS cities [s02 [CT eoronaryangiogmphy ———S—SCSCS~OSCCSC~idSCCdSSC*d = CS Te,,,,,,0.35,True
Dehradun,17062025150705_CGHS Rates 2024 Dehradun.pdf,19,604 IMRI Cardiac 16800 18000 Rate revised w.e.f.,604 IMRI Cardiac 16800 18000 Rate revised w.e.f.,,,,,,0.35,True
Dehradun,17062025150705_CGHS Rates 2024 Dehradun.pdf,19,19.06.2023 & applicable in all CGHS cities [aos Stes CadmenT SSOSC~—SCSCSCSCSSSCSC“‘“zwSSSCSC“‘“SC“‘CSNCC#d,06.2023 & applicable in all CGHS cities [aos Stes CadmenT SSOSC~—SCSCSCSCSSSCSC“‘“zwSSSCSC“‘“SC“‘CSNCC#d,,,,,,0.35,True
Dehradun,17062025150705_CGHS Rates 2024 Dehradun.pdf,19,[505 [MR angiography. ____—————_‘fsess_——_—ifarso i —SSSCSC~—SY,505 [MR angiography. ____—————_‘fsess_——_—ifarso i —SSSCSC~—SY,,,,,,0.35,True
Dehradun,17062025150705_CGHS Rates 2024 Dehradun.pdf,19,[507 |cardac PET 800s,507 |cardac PET 800s,,,,,,0.35,True
Dehradun,17062025150705_CGHS Rates 2024 Dehradun.pdf,19,"608 | Pericardiocentesis 8.500 10,000 Rate revised w.e.f.","Pericardiocentesis 8.500 10,000 Rate revised w.e.f.",,,,,,0.35,True
Dehradun,17062025150705_CGHS Rates 2024 Dehradun.pdf,19,19.12.2023 & applicable in all CGHS cities,12.2023 & applicable in all CGHS cities,,,,,,0.35,True
Dehradun,17062025150705_CGHS Rates 2024 Dehradun.pdf,19,Other Major Surgery-Cardiovascular and Cardiac 20000 23000 Surgery,Other Major Surgery-Cardiovascular and Cardiac 20000 23000 Surgery,,,,,,0.35,True
Dehradun,17062025150705_CGHS Rates 2024 Dehradun.pdf,19,Other Minor Surgery-Cardiovascular and Cardiac 4250 5000 Surgery TREATMENT PROCEDURE OBSTETRICS AND _[Non-NABH/ _ |NABH/NABL GYNAECOLOGY ‘Non- NABL Rates| Rates in Rupee in Rupee,Other Minor Surgery-Cardiovascular and Cardiac 4250 5000 Surgery TREATMENT PROCEDURE OBSTETRICS AND _[Non-NABH/ _ |NABH/NABL GYNAECOLOGY ‘Non- NABL Rates| Rates in Rupee in Rupee,,,,nabh,,0.35,True
Dehradun,17062025150705_CGHS Rates 2024 Dehradun.pdf,19,611 _ | Normal delivery with or without Episiotomy & P. 8000 9200 repair [siz _|vacumdsivery SSCS Cid CCSCSCSCSC~SY,611 _ | Normal delivery with or without Episiotomy & P. 8000 9200 repair [siz _|vacumdsivery SSCS Cid CCSCSCSCSC~SY,,,,,,0.35,True
Dehradun,17062025150705_CGHS Rates 2024 Dehradun.pdf,19,[513 [Forceps Delivery ]9200__]1ose0__ |_|,513 [Forceps Delivery ]9200__]1ose0__ |_,,,,,,0.35,True
Dehradun,17062025150705_CGHS Rates 2024 Dehradun.pdf,19,[518 [Caesarean Section(CS)__________aoso_——_—ifiiss——s] SSCSC—~S™ [61s [Caesarean Hysterectomy tgs say,518 [Caesarean Section(CS)__________aoso_——_—ifiiss——s] SSCSC—~S™ [61s [Caesarean Hysterectomy tgs say,,,,,,0.35,True
Dehradun,17062025150705_CGHS Rates 2024 Dehradun.pdf,19,[56 —|Ruprue Uierus closure & repair with Tubal Ligation [17250 [isss8____ [|__|,56 —|Ruprue Uierus closure & repair with Tubal Ligation [17250 [isss8____ [|__,,,,,,0.35,True
Dehradun,17062025150705_CGHS Rates 2024 Dehradun.pdf,19,617 Perforation of Uterus after D/E Laparotomy & 13800 15870 [sis — |Eaparotomy for topic pregnancy iss00____[iseto_—fP$ SSCS,617 Perforation of Uterus after D/E Laparotomy & 13800 15870 [sis — |Eaparotomy for topic pregnancy iss00____[iseto_—fP$ SSCS,,,,,,0.35,True
Dehradun,17062025150705_CGHS Rates 2024 Dehradun.pdf,19,[519 [Laparotomy-peritonits Lavage andDrainage _uiso0___fiszas_—+| ————id,519 [Laparotomy-peritonits Lavage andDrainage _uiso0___fiszas_—+| ————id,,,,,,0.35,True
Dehradun,17062025150705_CGHS Rates 2024 Dehradun.pdf,19,620 | Salphingo-Oophorectomy/ Oophorectomy 10000 11500 Laparoscopic,Salphingo-Oophorectomy/ Oophorectomy 10000 11500 Laparoscopic,,,,,,0.35,True
Dehradun,17062025150705_CGHS Rates 2024 Dehradun.pdf,19,[521 [Ovarian Cystestomy-laparoscopie. _————_-fusso—_‘fisos_———Ss] SSSC—~*d,521 [Ovarian Cystestomy-laparoscopie. _————_-fusso—_‘fisos_———Ss] SSSC—~*d,,,,,,0.35,True
Dehradun,17062025150705_CGHS Rates 2024 Dehradun.pdf,19,[522 [Ovarian Cystectomy laparotomy. ____}13800__ise7o___| |,522 [Ovarian Cystectomy laparotomy. ____}13800__ise7o___,,,,,,0.35,True
Dehradun,17062025150705_CGHS Rates 2024 Dehradun.pdf,19,[523 | Salpingo-Oophorectomy-laparotomy —____}isx0___igzas_—s| SS,523 | Salpingo-Oophorectomy-laparotomy —____}isx0___igzas_—s| SS,,,,,,0.35,True
Dehradun,17062025150705_CGHS Rates 2024 Dehradun.pdf,20,624 [Laparoscopic Broad Ligament Hematoma Drainage | 6900 7935,624 [Laparoscopic Broad Ligament Hematoma Drainage,7935,6900,,,,0.72,False
Dehradun,17062025150705_CGHS Rates 2024 Dehradun.pdf,20,[a5 [Exploration of perineal Haematoma © Repair _[000___|on00 |_|,a5 [Exploration of perineal Haematoma © Repair _[000___|on00 |_,,,,,,0.35,True
Dehradun,17062025150705_CGHS Rates 2024 Dehradun.pdf,20,626 Exploration of abdominal Haematoma (after 8050 9258,626 Exploration of abdominal Haematoma (after,9258,8050,,,,0.72,False
Dehradun,17062025150705_CGHS Rates 2024 Dehradun.pdf,20,[a27 [Manual Removal of Placenta [sas0_———|sses——SdE Sd,a27 [Manual Removal of Placenta [sas0_———|sses——SdE Sd,,,,,,0.35,True
Dehradun,17062025150705_CGHS Rates 2024 Dehradun.pdf,20,[52s [xamination under anaesthesia (FUA) _]1000|1so |_|,52s [xamination under anaesthesia (FUA) _]1000|1so |_,,,,,,0.35,True
Dehradun,17062025150705_CGHS Rates 2024 Dehradun.pdf,20,[529 [Burst-abdomen Repaie————————————frooog_|arsoo |_|,529 [Burst-abdomen Repaie————————————frooog_|arsoo |_,,,,,,0.35,True
Dehradun,17062025150705_CGHS Rates 2024 Dehradun.pdf,20,[50 [Gaping Perineal Wound Secondary Sumuring __fisse __[ioa_—-[———~+d,50 [Gaping Perineal Wound Secondary Sumuring __fisse __[ioa_—-[———~+d,,,,,,0.35,True
Dehradun,17062025150705_CGHS Rates 2024 Dehradun.pdf,20,[531 [Gaping abdominal wound Secondary Suturing _[3450__|3968 |_|,531 [Gaping abdominal wound Secondary Suturing _[3450__|3968 |_,,,,,,0.35,True
Dehradun,17062025150705_CGHS Rates 2024 Dehradun.pdf,20,[532 [Complete perineal tear-repair—————id8 ida Sd Sd,532 [Complete perineal tear-repair—————id8 ida Sd Sd,,,,,,0.35,True
Dehradun,17062025150705_CGHS Rates 2024 Dehradun.pdf,20,[533 [Exploration of PPH-tear repair —___[3500_|ao2s_ |_|,533 [Exploration of PPH-tear repair —___[3500_|ao2s_ |_,,,,,,0.35,True
Dehradun,17062025150705_CGHS Rates 2024 Dehradun.pdf,20,[234 | Suction evacuation vesicular mote —]s000__|s7s0_ |_|,234 | Suction evacuation vesicular mote —]s000__|s7s0_ |_,,,,,,0.35,True
Dehradun,17062025150705_CGHS Rates 2024 Dehradun.pdf,20,635 Suction evacuation Missed abortion/ incomplete S175 5951,635 Suction evacuation Missed abortion/ incomplete S175,,,5951,,,0.5,True
Dehradun,17062025150705_CGHS Rates 2024 Dehradun.pdf,20,[e36[Colpotomy id,e36[Colpotomy id,,,,,,0.35,True
Dehradun,17062025150705_CGHS Rates 2024 Dehradun.pdf,20,[537 [Repair of postcoval tear] perineal injury _[3508__|aosa__ |_|,537 [Repair of postcoval tear] perineal injury _[3508__|aosa__ |_,,,,,,0.35,True
Dehradun,17062025150705_CGHS Rates 2024 Dehradun.pdf,20,[53s [Excision oF urethral caruncle———————S—~dASO———~idis SP id,53s [Excision oF urethral caruncle———————S—~dASO———~idis SP id,,,,,,0.35,True
Dehradun,17062025150705_CGHS Rates 2024 Dehradun.pdf,20,[539 |Shirodnkar/ MeDonald suteh—______]3220_|s703_ |_|,539 |Shirodnkar/ MeDonald suteh—______]3220_|s703_ |_,,,,,,0.35,True
Dehradun,17062025150705_CGHS Rates 2024 Dehradun.pdf,20,"640 | Abdominal Hysterectomy with or without salpingo- 17250 19838 _—_, [esi Non-descont Vaginal Hysterectomy SDV) ____fmaso_____fissss_——sd| id [eae [Vestn estncectomy withcepalis (Uv Erolepee| [ipso [eee [s3__[Myomectomy Japaroromy ———S—~dnOoo——inoroo Eid","Abdominal Hysterectomy with or without salpingo- 17250 19838 _—_, [esi Non-descont Vaginal Hysterectomy SDV) ____fmaso_____fissss_——sd| id [eae [Vestn estncectomy withcepalis (Uv Erolepee| [ipso [eee [s3__[Myomectomy Japaroromy ———S—~dnOoo——inoroo Eid",,,,,,0.35,True
Dehradun,17062025150705_CGHS Rates 2024 Dehradun.pdf,20,[544 [myomectomy laparoscopis__fox2s [rama Sid,544 [myomectomy laparoscopis__fox2s [rama Sid,,,,,,0.35,True
Dehradun,17062025150705_CGHS Rates 2024 Dehradun.pdf,20,[545 [Vaginoplasty diss |,545 [Vaginoplasty diss,,,,,,0.35,True
Dehradun,17062025150705_CGHS Rates 2024 Dehradun.pdf,20,[546 [Vulvectomy Simple 9200 [oso |_|,546 [Vulvectomy Simple 9200 [oso |_,,,,,,0.35,True
Dehradun,17062025150705_CGHS Rates 2024 Dehradun.pdf,20,[547 Vulvectomy-Radical ]9200_|osso |__| [s4s _[Rectovaginal Fistula (RVF) Rapa ————————=sso7S isn dE id,547 Vulvectomy-Radical ]9200_|osso |__| [s4s _[Rectovaginal Fistula (RVF) Rapa ————————=sso7S isn dE id,,,,,,0.35,True
Dehradun,17062025150705_CGHS Rates 2024 Dehradun.pdf,20,[519 [Manchester Operation fusooo ras. | |,519 [Manchester Operation fusooo ras.,,,,,,0.35,True
Dehradun,17062025150705_CGHS Rates 2024 Dehradun.pdf,20,650 | Shirodkar’s sling Operation or other sling operations | 3450 3968 lemmas ee PP,Shirodkar’s sling Operation or other sling operations | 3450 3968 lemmas ee PP,,,,,,0.35,True
Dehradun,17062025150705_CGHS Rates 2024 Dehradun.pdf,20,[551 [Laparoscopic sling operations Tor prolapse wenss [25000 |s00_— |_| [ss2 [Diagnostic Curetage dat is? dP id,551 [Laparoscopic sling operations Tor prolapse wenss [25000 |s00_— |_| [ss2 [Diagnostic Curetage dat is? dP id,,,,,,0.35,True
Dehradun,17062025150705_CGHS Rates 2024 Dehradun.pdf,20,[asi [cervieal Biopsy }s00_]a070_| | [sss [Polypectomy isis aaa |_|,asi [cervieal Biopsy }s00_]a070_| | [sss [Polypectomy isis aaa |_,,,,,,0.35,True
Dehradun,17062025150705_CGHS Rates 2024 Dehradun.pdf,20,[655 [Other-Minor Operation Endometial ____2300_Jaeas__ |_|,655 [Other-Minor Operation Endometial ____2300_Jaeas__ |_,,,,,,0.35,True
Dehradun,17062025150705_CGHS Rates 2024 Dehradun.pdf,20,[656 [Excision Vaginal CystBanholin Cyst ____[saso__|s68_—<4| Sid,656 [Excision Vaginal CystBanholin Cyst ____[saso__|s68_—<4| Sid,,,,,,0.35,True
Dehradun,17062025150705_CGHS Rates 2024 Dehradun.pdf,20,[657 [Excision Vaginal Sep |600_|s290 |_|,657 [Excision Vaginal Sep |600_|s290 |_,,,,,,0.35,True
Dehradun,17062025150705_CGHS Rates 2024 Dehradun.pdf,20,658 |Laparoscopy -Diagnostic with chromopertubation and [4025 4629 (S [Maccaciag es fos eT,Laparoscopy -Diagnostic with chromopertubation and [4025 4629 (S [Maccaciag es fos eT,,,,,,0.35,True
Dehradun,17062025150705_CGHS Rates 2024 Dehradun.pdf,20,[559 [Laparoscopy Sterilization —_____Jaus0__|ses_—d| Sid,559 [Laparoscopy Sterilization —_____Jaus0__|ses_—d| Sid,,,,,,0.35,True
Dehradun,17062025150705_CGHS Rates 2024 Dehradun.pdf,20,‘Laparoscopically Assisted Vaginal Hysterectomy 25243 29029 ot ee Pe Pe,‘Laparoscopically Assisted Vaginal Hysterectomy 25243 29029 ot ee Pe Pe,,,,,,0.35,True
Dehradun,17062025150705_CGHS Rates 2024 Dehradun.pdf,20,661 ‘Balloon Tamponade for Post Partum Haemorrhage 2800 3220 leon ee ee [a2 [oral laparoscopic hysterectomy —___—————=i#aS_——idgo id,661 ‘Balloon Tamponade for Post Partum Haemorrhage 2800 3220 leon ee ee [a2 [oral laparoscopic hysterectomy —___—————=i#aS_——idgo id,,,,,,0.35,True
Dehradun,17062025150705_CGHS Rates 2024 Dehradun.pdf,20,663 Laparoscopic treatment of Ectopic pregnancy- 9775 11241 i—mvse_ i fe | | [ai —[Conisation cervix is ina Pd,663 Laparoscopic treatment of Ectopic pregnancy- 9775 11241 i—mvse_ i fe | | [ai —[Conisation cervix is ina Pd,,,,,,0.35,True
Dehradun,17062025150705_CGHS Rates 2024 Dehradun.pdf,20,[565 [Tiachelectomy of cervix oreanyCAcenix _fss00_—_‘fezs_ <4 Sid,565 [Tiachelectomy of cervix oreanyCAcenix _fss00_—_‘fezs_ <4 Sid,,,,,,0.35,True
Dehradun,17062025150705_CGHS Rates 2024 Dehradun.pdf,20,[565 —[Hysteroscopic cannulation ——__—_—————_2e7s__|s306 | +d,565 —[Hysteroscopic cannulation ——__—_—————_2e7s__|s306 | +d,,,,,,0.35,True
Dehradun,17062025150705_CGHS Rates 2024 Dehradun.pdf,20,667 ‘Laparotomy recannalization of Fallopian tubes- 22425 25789 tim: Pe Pe,667 ‘Laparotomy recannalization of Fallopian tubes- 22425 25789 tim: Pe Pe,,,,,,0.35,True
Dehradun,17062025150705_CGHS Rates 2024 Dehradun.pdf,20,668 | Laparoscopic recannalization of Fallopian tubes- 19500 22425 Stir Pe Pe,Laparoscopic recannalization of Fallopian tubes- 19500 22425 Stir Pe Pe,,,,,,0.35,True
Dehradun,17062025150705_CGHS Rates 2024 Dehradun.pdf,21,[565__[Coposcopy SSCS! —SCir Cr SC~*Y,565__[Coposcopy SSCS! —SCir Cr SC~*Y,,,,,,0.35,True
Dehradun,17062025150705_CGHS Rates 2024 Dehradun.pdf,21,[570 [aversion of Uterus Vaginal Reposition __J2s00_____as7s___| |,570 [aversion of Uterus Vaginal Reposition __J2s00_____as7s___,,,,,,0.35,True
Dehradun,17062025150705_CGHS Rates 2024 Dehradun.pdf,21,[571 —}taversion of Uterus Abdominal Reposition 2800 ps78___ [|__|,571 —}taversion of Uterus Abdominal Reposition 2800 ps78___ [|__,,,,,,0.35,True
Dehradun,17062025150705_CGHS Rates 2024 Dehradun.pdf,21,[672 [Laparoscopic Vesicovaginal Fistula(VVF)Repair__|28000__ [32200 TO,672 [Laparoscopic Vesicovaginal Fistula(VVF)Repair__|28000__ [32200 TO,,,,,,0.35,True
Dehradun,17062025150705_CGHS Rates 2024 Dehradun.pdf,21,[673 [Abdominal Vesicovaginal Fistula (VVF) Repair [28000 __|32200__| |,673 [Abdominal Vesicovaginal Fistula (VVF) Repair [28000 __|32200__,,,,,,0.35,True
Dehradun,17062025150705_CGHS Rates 2024 Dehradun.pdf,21,[674 | Vaginal Vesicovaginal Fistula (VVF) Repair [28000 [32200 [|__|,674 | Vaginal Vesicovaginal Fistula (VVF) Repair [28000 [32200 [|__,,,,,,0.35,True
Dehradun,17062025150705_CGHS Rates 2024 Dehradun.pdf,21,675 _ | Interventional Ultrasonography- Chorionic villus 880 1012,675 _ | Interventional Ultrasonography- Chorionic villus,1012,880,,,,0.72,False
Dehradun,17062025150705_CGHS Rates 2024 Dehradun.pdf,21,[576 [Amniocentesis ——S—S—S—SCSCSCSCSCS— SCs Cd SCCCC~™Y,576 [Amniocentesis ——S—S—S—SCSCSCSCSCS— SCs Cd SCCCC~™Y,,,,,,0.35,True
Dehradun,17062025150705_CGHS Rates 2024 Dehradun.pdf,21,[577 |Karyotyping soo foo | +d,577 |Karyotyping soo foo | +d,,,,,,0.35,True
Dehradun,17062025150705_CGHS Rates 2024 Dehradun.pdf,21,[578 [Thermal balloon ablation (nso ——fisaas Ci,578 [Thermal balloon ablation (nso ——fisaas Ci,,,,,,0.35,True
Dehradun,17062025150705_CGHS Rates 2024 Dehradun.pdf,21,[679 _[Uiasonoaraphic myolysis 4293s?) ——SSSSCSC~—SY,679 _[Uiasonoaraphic myolysis 4293s?) ——SSSSCSC~—SY,,,,,,0.35,True
Dehradun,17062025150705_CGHS Rates 2024 Dehradun.pdf,21,[a0 | Vaginal Myomectomy —}0000|ursoo |_|,a0 | Vaginal Myomectomy —}0000|ursoo |_,,,,,,0.35,True
Dehradun,17062025150705_CGHS Rates 2024 Dehradun.pdf,21,[581 [intra Uterine Taseminition —_______ox__fioss_ st ——SSSCS—~Sd,581 [intra Uterine Taseminition —_______ox__fioss_ st ——SSSCS—~Sd,,,,,,0.35,True
Dehradun,17062025150705_CGHS Rates 2024 Dehradun.pdf,21,[682 [inuacytoplasmic sperm injection GCS) _______uisoo_____fisaas_——s| ——SSS~—SY,682 [inuacytoplasmic sperm injection GCS) _______uisoo_____fisaas_——s| ——SSS~—SY,,,,,,0.35,True
Dehradun,17062025150705_CGHS Rates 2024 Dehradun.pdf,21,[583 [Laparotomy abdominal sacro-colpopexy ____]15000____fi72s0___-| |,583 [Laparotomy abdominal sacro-colpopexy ____]15000____fi72s0___-,,,,,,0.35,True
Dehradun,17062025150705_CGHS Rates 2024 Dehradun.pdf,21,[es4 [Vaginal Colpopesy 2000 sso,es4 [Vaginal Colpopesy 2000 sso,,,,,,0.35,True
Dehradun,17062025150705_CGHS Rates 2024 Dehradun.pdf,21,[ses [caparedcopicabdomiialsacee-colpopesy [200g [aso,ses [caparedcopicabdomiialsacee-colpopesy [200g [aso,,,,,,0.35,True
Dehradun,17062025150705_CGHS Rates 2024 Dehradun.pdf,21,689 [USG Transvaginal sonography (TVS for Follicular [460 529,689 [USG Transvaginal sonography (TVS for Follicular [460,,,529,,,0.5,True
Dehradun,17062025150705_CGHS Rates 2024 Dehradun.pdf,21,[coi Transvaginal tapes for Stess incontinence _]1s000_____|imaso__ |__|,coi Transvaginal tapes for Stess incontinence _]1s000_____|imaso__ |__,,,,,,0.35,True
Dehradun,17062025150705_CGHS Rates 2024 Dehradun.pdf,21,[592 [twans-obturator tapes for Suess incontinence _]12000___fiss00___| |,592 [twans-obturator tapes for Suess incontinence _]12000___fiss00___,,,,,,0.35,True
Dehradun,17062025150705_CGHS Rates 2024 Dehradun.pdf,21,[693 |lnterventional radiographic arterial embolization [16000 [20700 [|_|,693 |lnterventional radiographic arterial embolization [16000 [20700 [|_,,,,,,0.35,True
Dehradun,17062025150705_CGHS Rates 2024 Dehradun.pdf,21,[593 [Diagnostic cystoscopy i875 S—=*dBO —SSCSCiSCSCSCSCSCSC~S,593 [Diagnostic cystoscopy i875 S—=*dBO —SSCSCiSCSCSCSCSCSC~S,,,,,,0.35,True
Dehradun,17062025150705_CGHS Rates 2024 Dehradun.pdf,21,[595 [Staging laparotomy surgery for Carcinoma Ovary __fox2s______[7a7a_—+| ———SS—id,595 [Staging laparotomy surgery for Carcinoma Ovary __fox2s______[7a7a_—+| ———SS—id,,,,,,0.35,True
Dehradun,17062025150705_CGHS Rates 2024 Dehradun.pdf,21,[596 fintemaliacligation (393 ison i CS,596 fintemaliacligation (393 ison i CS,,,,,,0.35,True
Dehradun,17062025150705_CGHS Rates 2024 Dehradun.pdf,21,[597 [stepwise devascularisation _______]9200___}iosso___‘| |,597 [stepwise devascularisation _______]9200___}iosso___‘,,,,,,0.35,True
Dehradun,17062025150705_CGHS Rates 2024 Dehradun.pdf,21,[698 [Assisted breech delivery ]1035___fiases__—+| ——S—SY,698 [Assisted breech delivery ]1035___fiases__—+| ——S—SY,,,,,,0.35,True
Dehradun,17062025150705_CGHS Rates 2024 Dehradun.pdf,21,[699 | ntr-uterine fetal blood wansfasion —_____2ia7s____ asses |__|,699 | ntr-uterine fetal blood wansfasion —_____2ia7s____ asses |__,,,,,,0.35,True
Dehradun,17062025150705_CGHS Rates 2024 Dehradun.pdf,21,700 | Hysteroscopy Transcervical Resection of 8500 9775 a a a a Device (TUCD) [Foe _[rvaterossopy Removal orSepmm ooo aes a,Hysteroscopy Transcervical Resection of 8500 9775 a a a a Device (TUCD) [Foe _[rvaterossopy Removal orSepmm ooo aes a,,,,,,0.35,True
Dehradun,17062025150705_CGHS Rates 2024 Dehradun.pdf,21,704 ‘| Radical Hysterectomy for Cancer cervix with pelvic [8500 9775 a Ga,704 ‘| Radical Hysterectomy for Cancer cervix with pelvic [8500 9775 a Ga,,,,,,0.35,True
Dehradun,17062025150705_CGHS Rates 2024 Dehradun.pdf,21,705 [Radical Hysterectomy for Cancer endometrium 8500 9775 extending to cervix with pelvic and para aortic lymphadenectomy (al a a,705 [Radical Hysterectomy for Cancer endometrium 8500 9775 extending to cervix with pelvic and para aortic lymphadenectomy (al a a,,,,,,0.35,True
Dehradun,17062025150705_CGHS Rates 2024 Dehradun.pdf,21,19.06.2023 & lapplicable in all ICGHS cities,06.2023 & lapplicable in all ICGHS cities,,,,,,0.35,True
Dehradun,17062025150705_CGHS Rates 2024 Dehradun.pdf,21,[705 [Fetal nochal Transinceney soo dis,705 [Fetal nochal Transinceney soo dis,,,,,,0.35,True
Dehradun,17062025150705_CGHS Rates 2024 Dehradun.pdf,21,Doppler/Umbilical Doppler/Uterine Vessel 19.06.2023 & Doppler lapplicable in all,Doppler/Umbilical Doppler/Uterine Vessel 19.06.2023 & Doppler lapplicable in all,,,,,,0.35,True
Dehradun,17062025150705_CGHS Rates 2024 Dehradun.pdf,22,711 | Medical Termination of Pregnancy (MTP)- Ist 3000 3450 Trimester,Medical Termination of Pregnancy (MTP)- Ist 3000 3450 Trimester,,,,,,0.35,True
Dehradun,17062025150705_CGHS Rates 2024 Dehradun.pdf,22,712 | Medical Termination of Pregnancy (MTP) - 2nd 4370 3026 Trimester [7s — [ouadruple text [z00——iiasoo SSCS Sid,Medical Termination of Pregnancy (MTP) - 2nd 4370 3026 Trimester [7s — [ouadruple text [z00——iiasoo SSCS Sid,,,,,,0.35,True
Dehradun,17062025150705_CGHS Rates 2024 Dehradun.pdf,22,Other Major Surgery-Obstetrics and Gynaecology 28000 ee ee,Other Major Surgery-Obstetrics and Gynaecology 28000 ee ee,,,,,,0.35,True
Dehradun,17062025150705_CGHS Rates 2024 Dehradun.pdf,22,Other Minor Surgery-Obstetrics and Gynaecology 5000) ref TREATMENT PROCEDURE NEPHROLOGY Non-NABH/ |NABH/NABL [Remarks AND UROLOGY Non- Rates in Rupee NABL Rates in Rupee,Other Minor Surgery-Obstetrics and Gynaecology 5000) ref TREATMENT PROCEDURE NEPHROLOGY Non-NABH/ |NABH/NABL [Remarks AND UROLOGY Non- Rates in Rupee NABL Rates in Rupee,,,,nabh,,0.35,True
Dehradun,17062025150705_CGHS Rates 2024 Dehradun.pdf,22,Partial Nephrectomy-Laparoscopic/endoscopic 14490 16664 ;,Partial Nephrectomy-Laparoscopic/endoscopic 14490 16664 ;,,,,,,0.35,True
Dehradun,17062025150705_CGHS Rates 2024 Dehradun.pdf,22,‘Nephrolithomy -open 12000 13800 |,‘Nephrolithomy -open 12000 13800,,,,,,0.35,True
Dehradun,17062025150705_CGHS Rates 2024 Dehradun.pdf,22,Pyelolithotomy-open 13000 14950 [sd,Pyelolithotomy-open 13000 14950 [sd,,,,,,0.35,True
Dehradun,17062025150705_CGHS Rates 2024 Dehradun.pdf,22,Operations for Hydronephiosis -pyeloplanty open 18400 a,Operations for Hydronephiosis -pyeloplanty open 18400 a,,,,,,0.35,True
Dehradun,17062025150705_CGHS Rates 2024 Dehradun.pdf,22,724 | Operations for Hydronephrosis -pyeloplasty 19000 21850 Lap/endoscopic,Operations for Hydronephrosis -pyeloplasty 19000 21850 Lap/endoscopic,,,,,,0.35,True
Dehradun,17062025150705_CGHS Rates 2024 Dehradun.pdf,22,725 | Operations for Hydronephrosis Endopyelotomy 20000 23000 antegrade,Operations for Hydronephrosis Endopyelotomy 20000 23000 antegrade,,,,,,0.35,True
Dehradun,17062025150705_CGHS Rates 2024 Dehradun.pdf,22,726 | Operations for Hydronephrosis Endoplyelotomy 20000 23000 retrograde,Operations for Hydronephrosis Endoplyelotomy 20000 23000 retrograde,,,,,,0.35,True
Dehradun,17062025150705_CGHS Rates 2024 Dehradun.pdf,22,"Operations for Hydronephrosis-Ieal ureter, 18000 cs |","Operations for Hydronephrosis-Ieal ureter, 18000 cs",,,,,,0.35,True
Dehradun,17062025150705_CGHS Rates 2024 Dehradun.pdf,22,[729 — [pen Drainage of Perinephric Abscess 3000 a,729 — [pen Drainage of Perinephric Abscess 3000 a,,,,,,0.35,True
Dehradun,17062025150705_CGHS Rates 2024 Dehradun.pdf,22,730 Percutaneous Drainage of Perinephric Abscess - 5750 6613 Ultrasound guided O77 a,730 Percutaneous Drainage of Perinephric Abscess - 5750 6613 Ultrasound guided O77 a,,,,,,0.35,True
Dehradun,17062025150705_CGHS Rates 2024 Dehradun.pdf,22,Operations for Cyst of the Kidney -open 11960 13754 |,Operations for Cyst of the Kidney -open 11960 13754,,,,,,0.35,True
Dehradun,17062025150705_CGHS Rates 2024 Dehradun.pdf,22,Operations for Cyst of the Kidney Lap/endoscopic 14030 16135 | [73a | Ureterlithoromy-open [asi,Operations for Cyst of the Kidney Lap/endoscopic 14030 16135 | [73a | Ureterlithoromy-open [asi,,,,,,0.35,True
Dehradun,17062025150705_CGHS Rates 2024 Dehradun.pdf,22,[735 | Ureterolithotomy-Lap/Endoscapis [10000 [soo [Sid,735 | Ureterolithotomy-Lap/Endoscapis [10000 [soo [Sid,,,,,,0.35,True
Dehradun,17062025150705_CGHS Rates 2024 Dehradun.pdf,22,Nephroureterectomy open 16100 18515 |,Nephroureterectomy open 16100 18515,,,,,,0.35,True
Dehradun,17062025150705_CGHS Rates 2024 Dehradun.pdf,22,Operations for Ureter for -Double Ureters 19000 piss) |,Operations for Ureter for -Double Ureters 19000 piss),,,,,,0.35,True
Dehradun,17062025150705_CGHS Rates 2024 Dehradun.pdf,22,Operations for Ureter -for Ectopia of Single Ureter 18000 a eeeiemeeeneeinminen a ae,Operations for Ureter -for Ectopia of Single Ureter 18000 a eeeiemeeeneeinminen a ae,,,,,,0.35,True
Dehradun,17062025150705_CGHS Rates 2024 Dehradun.pdf,22,741 | Operations for Vesicoureteric Reflux (VUR)- 18000 20700 Lap/Endoscopic,Operations for Vesicoureteric Reflux (VUR)- 18000 20700 Lap/Endoscopic,,,,,,0.35,True
Dehradun,17062025150705_CGHS Rates 2024 Dehradun.pdf,22,742 Operations for Vesicoureteric Reflux (VUR) Urinary 20700 23805 incontinence with bulking agents,742 Operations for Vesicoureteric Reflux (VUR) Urinary 20700 23805 incontinence with bulking agents,,,,,,0.35,True
Dehradun,17062025150705_CGHS Rates 2024 Dehradun.pdf,22,16000 S100 [,16000 S100,,,,,,0.35,True
Dehradun,17062025150705_CGHS Rates 2024 Dehradun.pdf,23,[746 —|Creterie Cateteisaion ———]a7_ [0950 [-_],746 —|Creterie Cateteisaion ———]a7_ [0950 [-_,,,,,,0.35,True
Dehradun,17062025150705_CGHS Rates 2024 Dehradun.pdf,23,[737 }Biopay of Bladder (Cystoscopisy [2300 peas [>,737 }Biopay of Bladder (Cystoscopisy [2300 peas [>,,,,,,0.35,True
Dehradun,17062025150705_CGHS Rates 2024 Dehradun.pdf,23,[729] Operations for Injuries ofthe Bindder |0000_[11s00_ [|__|,729] Operations for Injuries ofthe Bindder |0000_[11s00_ [|__,,,,,,0.35,True
Dehradun,17062025150705_CGHS Rates 2024 Dehradun.pdf,23,[750 | Suprapubie Drainage (Cystostomy/vesizostomgy 6000 [600 [|],750 | Suprapubie Drainage (Cystostomy/vesizostomgy 6000 [600,,,,,,0.35,True
Dehradun,17062025150705_CGHS Rates 2024 Dehradun.pdf,23,[752 [Diverticulectomy open |1s000_ [1400 [ |,752 [Diverticulectomy open |1s000_ [1400,,,,,,0.35,True
Dehradun,17062025150705_CGHS Rates 2024 Dehradun.pdf,23,[753 |Divericulectomy-CapEndoscopie 1800 [21160 [| |,753 |Divericulectomy-CapEndoscopie 1800 [21160,,,,,,0.35,True
Dehradun,17062025150705_CGHS Rates 2024 Dehradun.pdf,23,[754 |Divericulestomy Endoscopic mncision ofneck [i738 ssa [|_|,754 |Divericulestomy Endoscopic mncision ofneck [i738 ssa [|_,,,,,,0.35,True
Dehradun,17062025150705_CGHS Rates 2024 Dehradun.pdf,23,[75s [Augmentation Cyatoplasty ‘dor [renn $+,75s [Augmentation Cyatoplasty ‘dor [renn $+,,,,,,0.35,True
Dehradun,17062025150705_CGHS Rates 2024 Dehradun.pdf,23,756 | Operations for Exstrophy of the Bladder- Single stage [22300 25645 ee,Operations for Exstrophy of the Bladder- Single stage [22300 25645 ee,,,,,,0.35,True
Dehradun,17062025150705_CGHS Rates 2024 Dehradun.pdf,23,757 | Operations for Exstrophy of the Bladder- Multistage [20815 23937 Ye Pe,Operations for Exstrophy of the Bladder- Multistage [20815 23937 Ye Pe,,,,,,0.35,True
Dehradun,17062025150705_CGHS Rates 2024 Dehradun.pdf,23,758 | Operations for Exstrophy of the Bladder- simple 22500 25875 moet,Operations for Exstrophy of the Bladder- simple 22500 25875 moet,,,,,,0.35,True
Dehradun,17062025150705_CGHS Rates 2024 Dehradun.pdf,23,[759 |Repair oF Uretrocoel open ias00____[usem__ |,759 |Repair oF Uretrocoel open ias00____[usem__,,,,,,0.35,True
Dehradun,17062025150705_CGHS Rates 2024 Dehradun.pdf,23,[760 |Repeir oF Uretrocoel -Lap/Endoscopie_[ aa75__[uesa1__ |),760 |Repeir oF Uretrocoel -Lap/Endoscopie_[ aa75__[uesa1__ |),,,,,,0.35,True
Dehradun,17062025150705_CGHS Rates 2024 Dehradun.pdf,23,[7s |Repairof Uretrocoel Endoscopic incision [13000 [1s9s0__ [|__|,7s |Repairof Uretrocoel Endoscopic incision [13000 [1s9s0__ [|__,,,,,,0.35,True
Dehradun,17062025150705_CGHS Rates 2024 Dehradun.pdf,23,[762 JOpea Suprapubie Prostatectomy |0700__ [asso |_|,762 JOpea Suprapubie Prostatectomy |0700__ [asso |_,,,,,,0.35,True
Dehradun,17062025150705_CGHS Rates 2024 Dehradun.pdf,23,[763 Open Rewopubic Prostatectomy |0ras_ [asia [|@ SS,763 Open Rewopubic Prostatectomy |0ras_ [asia [|@ SS,,,,,,0.35,True
Dehradun,17062025150705_CGHS Rates 2024 Dehradun.pdf,23,[764 | Transurethral Resection of Prostate (TURP) _|18630_____[auags___ [|_|,764 | Transurethral Resection of Prostate (TURP) _|18630_____[auags___ [|_,,,,,,0.35,True
Dehradun,17062025150705_CGHS Rates 2024 Dehradun.pdf,23,[765] Uretiroscopy/ Cystopanendoscopy ___|4soo__|s290 |,765] Uretiroscopy/ Cystopanendoscopy ___|4soo__|s290,,,,,,0.35,True
Dehradun,17062025150705_CGHS Rates 2024 Dehradun.pdf,23,[765 —]fotemalwretrofomy opti ———_|750 ais) |,765 —]fotemalwretrofomy opti ———_|750 ais),,,,,,0.35,True
Dehradun,17062025150705_CGHS Rates 2024 Dehradun.pdf,23,[767 }tatemaluretvoromy Core dough wethroplaty 11040 [12696 [|_|,767 }tatemaluretvoromy Core dough wethroplaty 11040 [12696 [|_,,,,,,0.35,True
Dehradun,17062025150705_CGHS Rates 2024 Dehradun.pdf,23,[768] Uretiral Reconstruction -End to end aasatamosis [34s0_ [3968 [|],768] Uretiral Reconstruction -End to end aasatamosis [34s0_ [3968,,,,,,0.35,True
Dehradun,17062025150705_CGHS Rates 2024 Dehradun.pdf,23,769 Urethral Reconstruction - substitution urethroplasty 19550 22483 [° [imine,769 Urethral Reconstruction - substitution urethroplasty 19550 22483 [° [imine,,,,,,0.35,True
Dehradun,17062025150705_CGHS Rates 2024 Dehradun.pdf,23,[770 |Abdomino Perineal wethrophsiy —|iao00___[rer0___ [|_|,770 |Abdomino Perineal wethrophsiy —|iao00___[rer0___ [|_,,,,,,0.35,True
Dehradun,17062025150705_CGHS Rates 2024 Dehradun.pdf,23,[771 | Posterior Urethral Valve fulguration [11270 [12961 [|_| a a [72 [Semtomtctconinneneftdie Male Ser [a ue,771 | Posterior Urethral Valve fulguration [11270 [12961 [|_| a a [72 [Semtomtctconinneneftdie Male Ser [a ue,,,,,,0.35,True
Dehradun,17062025150705_CGHS Rates 2024 Dehradun.pdf,23,774 Operations for Incontinence of Urine - Male-Bulking 19435 22350 eee Pe | [5 |peenteotormecninenentumecneiecone [yesa [iam |,774 Operations for Incontinence of Urine - Male-Bulking 19435 22350 eee Pe | [5 |peenteotormecninenentumecneiecone [yesa [iam,,,,,,0.35,True
Dehradun,17062025150705_CGHS Rates 2024 Dehradun.pdf,23,[776 _[OperstionsforTacontinence of Urine-Femlesing [18400 [uss |,776 _[OperstionsforTacontinence of Urine-Femlesing [18400 [uss,,,,,,0.35,True
Dehradun,17062025150705_CGHS Rates 2024 Dehradun.pdf,23,"777 Operations for Incontinence of Urine - Female- 19435 22350 ""ttre OU [77&_—]Reduction of Panphimosie Jas [reas","777 Operations for Incontinence of Urine - Female- 19435 22350 ""ttre OU [77&_—]Reduction of Panphimosie Jas [reas",,,,,,0.35,True
Dehradun,17062025150705_CGHS Rates 2024 Dehradun.pdf,23,[775 Jeireumeision SY 000 aso,775 Jeireumeision SY 000 aso,,,,,,0.35,True
Dehradun,17062025150705_CGHS Rates 2024 Dehradun.pdf,23,[730 —|Meatetomy —_}asae__[aoos [>,730 —|Meatetomy —_}asae__[aoos [>,,,,,,0.35,True
Dehradun,17062025150705_CGHS Rates 2024 Dehradun.pdf,23,[731 |Meatoplasty——________|sz0____ [sos [> ca a,731 |Meatoplasty——________|sz0____ [sos [> ca a,,,,,,0.35,True
Dehradun,17062025150705_CGHS Rates 2024 Dehradun.pdf,23,[733 Operations for Hypospadias- Second Stage 1s000_____[17350___ [|__|,733 Operations for Hypospadias- Second Stage 1s000_____[17350___ [|__,,,,,,0.35,True
Dehradun,17062025150705_CGHS Rates 2024 Dehradun.pdf,23,[734] Operations for Hypospadias - One Stage Repair [o200 —_[10se0._ [|,734] Operations for Hypospadias - One Stage Repair [o200 —_[10se0._,,,,,,0.35,True
Dehradun,17062025150705_CGHS Rates 2024 Dehradun.pdf,23,[735 ]Opertions for Crippled Hypospadias ——————~*usog___[isoa5—sfP$ SSS,735 ]Opertions for Crippled Hypospadias ——————~*usog___[isoa5—sfP$ SSS,,,,,,0.35,True
Dehradun,17062025150705_CGHS Rates 2024 Dehradun.pdf,23,[736] Operations for Epispadias_primary repair aso3____[1aaex__ |,736] Operations for Epispadias_primary repair aso3____[1aaex__,,,,,,0.35,True
Dehradun,17062025150705_CGHS Rates 2024 Dehradun.pdf,23,[737 | Operations for Epispadias-crppted epispadins —__uu3es____[13093_ | +,737 | Operations for Epispadias-crppted epispadins —__uu3es____[13093_ | +,,,,,,0.35,True
Dehradun,17062025150705_CGHS Rates 2024 Dehradun.pdf,23,[738 |Parial Amputation ofthe Penis |076a____[1as79__ [|_|,738 |Parial Amputation ofthe Penis |076a____[1as79__ [|_,,,,,,0.35,True
Dehradun,17062025150705_CGHS Rates 2024 Dehradun.pdf,23,[739 [Total amputation ofthe Penis }12000[13800__ [|_|,739 [Total amputation ofthe Penis }12000[13800__ [|_,,,,,,0.35,True
Dehradun,17062025150705_CGHS Rates 2024 Dehradun.pdf,23,[790 Jorshidestomy-Simple———Jorrs [uaa [)-,790 Jorshidestomy-Simple———Jorrs [uaa [)-,,,,,,0.35,True
Dehradun,17062025150705_CGHS Rates 2024 Dehradun.pdf,23,[751 Jorshidestomy Radical ig07s__ [ses [> |,751 Jorshidestomy Radical ig07s__ [ses [>,,,,,,0.35,True
Dehradun,17062025150705_CGHS Rates 2024 Dehradun.pdf,24,"792 |Post Radical Orchidectomy retroperitoneal lymph 14000 "" oven ee","Post Radical Orchidectomy retroperitoneal lymph 14000 "" oven ee",,,,,,0.35,True
Dehradun,17062025150705_CGHS Rates 2024 Dehradun.pdf,24,[755 —[Epididymectomy iss isis0._——[/ Sid,755 —[Epididymectomy iss isis0._——[/ Sid,,,,,,0.35,True
Dehradun,17062025150705_CGHS Rates 2024 Dehradun.pdf,24,794 Adreneclectomy Unilateral/Bilateral for Tumour/For 25300 29095 Cin fe Pe,794 Adreneclectomy Unilateral/Bilateral for Tumour/For 25300 29095 Cin fe Pe,,,,,,0.35,True
Dehradun,17062025150705_CGHS Rates 2024 Dehradun.pdf,24,"795 Adreneclectomy Unilateral/Bilateral for Tumour/For 14375 16531 ["" [itimetgewecgie [|","795 Adreneclectomy Unilateral/Bilateral for Tumour/For 14375 16531 ["" [itimetgewecgie",,,,,,0.35,True
Dehradun,17062025150705_CGHS Rates 2024 Dehradun.pdf,24,[756 [Operations for Hydrocele- United —_____[868__———iomas———SdT Sid,756 [Operations for Hydrocele- United —_____[868__———iomas———SdT Sid,,,,,,0.35,True
Dehradun,17062025150705_CGHS Rates 2024 Dehradun.pdf,24,[757 Operations for Hydrocele Bilateral __]s556__|oss9_| [79s Operation for Torsion of Tess uusoo___iszas_ [+4 ?ft—_ ee fe ansatamosis . See ese ef,757 Operations for Hydrocele Bilateral __]s556__|oss9_| [79s Operation for Torsion of Tess uusoo___iszas_ [+4 ?ft—_ ee fe ansatamosis . See ese ef,,,,,,0.35,True
Dehradun,17062025150705_CGHS Rates 2024 Dehradun.pdf,24,sol Operations for Varicocele Palomo’s Unilateral - 9200 10580 C—O a eee a ee,sol Operations for Varicocele Palomo’s Unilateral - 9200 10580 C—O a eee a ee,,,,,,0.35,True
Dehradun,17062025150705_CGHS Rates 2024 Dehradun.pdf,24,803 Operations for Varicocele Palomo’s Bilateral - 14950 17193 ‘Laparoscopic,803 Operations for Varicocele Palomo’s Bilateral - 14950 17193 ‘Laparoscopic,,,,,,0.35,True
Dehradun,17062025150705_CGHS Rates 2024 Dehradun.pdf,24,"804 Block Dissection of ilio-inguinal Nodes - One Side 6325 7274 ["" [twctmen)","804 Block Dissection of ilio-inguinal Nodes - One Side 6325 7274 ["" [twctmen)",,,,,,0.35,True
Dehradun,17062025150705_CGHS Rates 2024 Dehradun.pdf,24,"805 Block Dissection of ilio-inguinal Nodes -Both Sides 23000 26450 ["" [twtr ee Pe Pee","805 Block Dissection of ilio-inguinal Nodes -Both Sides 23000 26450 ["" [twtr ee Pe Pee",,,,,,0.35,True
Dehradun,17062025150705_CGHS Rates 2024 Dehradun.pdf,24,[506 [Excision oFFilarial serum soos Sid,506 [Excision oFFilarial serum soos Sid,,,,,,0.35,True
Dehradun,17062025150705_CGHS Rates 2024 Dehradun.pdf,24,[s07 [Kidney Transplantation elated) |200000]a30000. |_|,s07 [Kidney Transplantation elated) |200000]a30000. |_,,,,,,0.35,True
Dehradun,17062025150705_CGHS Rates 2024 Dehradun.pdf,24,80s Kidney Transplantation (Spousal/ unrelated) 300000 345000 a a ee ee,80s Kidney Transplantation (Spousal/ unrelated) 300000 345000 a a ee ee,,,,,,0.35,True
Dehradun,17062025150705_CGHS Rates 2024 Dehradun.pdf,24,[505 [ABO incompatible Transplantation _____[a90000_____|sass00__ |__|,505 [ABO incompatible Transplantation _____[a90000_____|sass00__ |__,,,,,,0.35,True
Dehradun,17062025150705_CGHS Rates 2024 Dehradun.pdf,24,[s10 [Swap Transplantation —_———————*#dises000_]aoa00 | +d,s10 [Swap Transplantation —_———————*#dises000_]aoa00 | +d,,,,,,0.35,True
Dehradun,17062025150705_CGHS Rates 2024 Dehradun.pdf,24,[S11 [Kidney Transplant Graf Nephrectomy 9500 |70000 |__| [si2 [Donor Nephrectomy (open) —_—————————(#ps7s0——‘fssoes dP id,S11 [Kidney Transplant Graf Nephrectomy 9500 |70000 |__| [si2 [Donor Nephrectomy (open) —_—————————(#ps7s0——‘fssoes dP id,,,,,,0.35,True
Dehradun,17062025150705_CGHS Rates 2024 Dehradun.pdf,24,[=13 [Donor Nephrectomy (Laparoseopiey _|aeo00_|s2900 |_|,=13 [Donor Nephrectomy (Laparoseopiey _|aeo00_|s2900 |_,,,,,,0.35,True
Dehradun,17062025150705_CGHS Rates 2024 Dehradun.pdf,24,[sia [Cadaver Transplantation ————____]ss300__]s795_ |__|,sia [Cadaver Transplantation ————____]ss300__]s795_ |__,,,,,,0.35,True
Dehradun,17062025150705_CGHS Rates 2024 Dehradun.pdf,24,815 | Kidney Transplant with Native Kidney Nephrectomy | 28000 32200 [Y [mtn eT,Kidney Transplant with Native Kidney Nephrectomy | 28000 32200 [Y [mtn eT,,,,,,0.35,True
Dehradun,17062025150705_CGHS Rates 2024 Dehradun.pdf,24,Kidney Transplant with Native Kidney Nephrectomy [85000 97750 [tt OP |,Kidney Transplant with Native Kidney Nephrectomy [85000 97750 [tt OP,,,,,,0.35,True
Dehradun,17062025150705_CGHS Rates 2024 Dehradun.pdf,24,817 [Kidney Transplant with Native Kidney Nephrectomy | 85000 97750 PY [seoataneitumat,817 [Kidney Transplant with Native Kidney Nephrectomy | 85000 97750 PY [seoataneitumat,,,,,,0.35,True
Dehradun,17062025150705_CGHS Rates 2024 Dehradun.pdf,24,818 | Kidney Transplant with Native Kidney Nephrectomy |85000 97750 PY [soca vacneasimat,Kidney Transplant with Native Kidney Nephrectomy |85000 97750 PY [soca vacneasimat,,,,,,0.35,True
Dehradun,17062025150705_CGHS Rates 2024 Dehradun.pdf,24,Post-Transplant Collection drainage for Lymphocele | 6800 ‘8000 PY ce oe Pe,Post-Transplant Collection drainage for Lymphocele | 6800 ‘8000 PY ce oe Pe,,,,,,0.35,True
Dehradun,17062025150705_CGHS Rates 2024 Dehradun.pdf,24,820 |Post-Transplant Collection drainage for Lymphocele | 6800 ‘8000 (percutaneous),Post-Transplant Collection drainage for Lymphocele | 6800 ‘8000 (percutaneous),,,,,,0.35,True
Dehradun,17062025150705_CGHS Rates 2024 Dehradun.pdf,24,821 |Post-Transplant Collection drainage for Lymphocele 7650 ‘9000 PY [emo mee eee [=22__Aneriovenous Fists forHaemodiabwis _____[as00__|aeas__-[ +d,Post-Transplant Collection drainage for Lymphocele 7650 ‘9000 PY [emo mee eee [=22__Aneriovenous Fists forHaemodiabwis _____[as00__|aeas__-[ +d,,,,,,0.35,True
Dehradun,17062025150705_CGHS Rates 2024 Dehradun.pdf,24,[523 | AReriovenous Shunt for Haemodialysis _[3500__|ao25__ |_|,523 | AReriovenous Shunt for Haemodialysis _[3500__|ao25__ |_,,,,,,0.35,True
Dehradun,17062025150705_CGHS Rates 2024 Dehradun.pdf,24,[524 [Fugular Catheterization or Haemodialysis 1500s |_|,524 [Fugular Catheterization or Haemodialysis 1500s |_,,,,,,0.35,True
Dehradun,17062025150705_CGHS Rates 2024 Dehradun.pdf,24,[525 Subclavian Catheterization for Haemodialyais [22502588 | |,525 Subclavian Catheterization for Haemodialyais [22502588,,,,,,0.35,True
Dehradun,17062025150705_CGHS Rates 2024 Dehradun.pdf,24,826 One sided (single Lumen) Femoral Catheterization 1150 TttmjmM' Pe,826 One sided (single Lumen) Femoral Catheterization 1150 TttmjmM' Pe,,,,,,0.35,True
Dehradun,17062025150705_CGHS Rates 2024 Dehradun.pdf,24,"827 ‘Bilateral (single Lumen) Femoral Catheterization for 1500 1725, PY fim fe","827 ‘Bilateral (single Lumen) Femoral Catheterization for 1500 1725, PY fim fe",,,,,,0.35,True
Dehradun,17062025150705_CGHS Rates 2024 Dehradun.pdf,25,828 ‘Double Lumen Femoral Catheterization for 1850 2128,828 ‘Double Lumen Femoral Catheterization for,2128,1850,,,,0.72,False
Dehradun,17062025150705_CGHS Rates 2024 Dehradun.pdf,25,[S25 |Permcath Insertion 3800. [sano,S25 |Permcath Insertion 3800. [sano,,,,,,0.35,True
Dehradun,17062025150705_CGHS Rates 2024 Dehradun.pdf,25,[530 |Aneri venous Prostieie Gait isso prs iP SSCS,530 |Aneri venous Prostieie Gait isso prs iP SSCS,,,,,,0.35,True
Dehradun,17062025150705_CGHS Rates 2024 Dehradun.pdf,25,[531 | Sine inmen Tugular Catheterization s00___[ias__ |),531 | Sine inmen Tugular Catheterization s00___[ias__ |),,,,,,0.35,True
Dehradun,17062025150705_CGHS Rates 2024 Dehradun.pdf,25,[532 | Single lomen Subclavian Catheterization [1700 [2000 [|__|,532 | Single lomen Subclavian Catheterization [1700 [2000 [|__,,,,,,0.35,True
Dehradun,17062025150705_CGHS Rates 2024 Dehradun.pdf,25,[533 [Plasma Exchange’ Plasmapheresis— 1725. [19sa___[,533 [Plasma Exchange’ Plasmapheresis— 1725. [19sa___,,,,,,0.35,True
Dehradun,17062025150705_CGHS Rates 2024 Dehradun.pdf,25,834 Continuous Ambulatory Peritoneal Dialysis (CAPD) 3500 4025,834 Continuous Ambulatory Peritoneal Dialysis (CAPD),4025,3500,,,,0.72,False
Dehradun,17062025150705_CGHS Rates 2024 Dehradun.pdf,25,[559 | Haemodialjsis 7 Hemodialyais for Sevo Postive cases [1680 [198s ———SSC—S,559 | Haemodialjsis 7 Hemodialyais for Sevo Postive cases [1680 [198s ———SSC—S,,,,,,0.35,True
Dehradun,17062025150705_CGHS Rates 2024 Dehradun.pdf,25,[530 [Acute Peritoneal Diasis————S————*iS————*gs iP,530 [Acute Peritoneal Diasis————S————*iS————*gs iP,,,,,,0.35,True
Dehradun,17062025150705_CGHS Rates 2024 Dehradun.pdf,25,[S41 | Fistwlogram for Aneriovenous Fila ]2so0__[2srs___ [|],S41 | Fistwlogram for Aneriovenous Fila ]2so0__[2srs___,,,,,,0.35,True
Dehradun,17062025150705_CGHS Rates 2024 Dehradun.pdf,25,[52 ]Uuasound guided kidney Biopsy so Joma sf),52 ]Uuasound guided kidney Biopsy so Joma sf),,,,,,0.35,True
Dehradun,17062025150705_CGHS Rates 2024 Dehradun.pdf,25,[sa3 [Fistula stenosis dilation ]3000___ [sas,sa3 [Fistula stenosis dilation ]3000___ [sas,,,,,,0.35,True
Dehradun,17062025150705_CGHS Rates 2024 Dehradun.pdf,25,[S34 | Siow continuous Uluaiteraion ]2500 [as],S34 | Siow continuous Uluaiteraion ]2500 [as,,,,,,0.35,True
Dehradun,17062025150705_CGHS Rates 2024 Dehradun.pdf,25,[545 [Percutaneous Nephrolithotomy (PCNT)- Unilateral [20000 [23000_+| ——*d,545 [Percutaneous Nephrolithotomy (PCNT)- Unilateral [20000 [23000_+| ——*d,,,,,,0.35,True
Dehradun,17062025150705_CGHS Rates 2024 Dehradun.pdf,25,[527 [Endoscopic Bulking agentinjest———____[a00___[ss_—sfP$ SSS,527 [Endoscopic Bulking agentinjest———____[a00___[ss_—sfP$ SSS,,,,,,0.35,True
Dehradun,17062025150705_CGHS Rates 2024 Dehradun.pdf,25,[sis [TestcularBiopsy 9553 az,sis [TestcularBiopsy 9553 az,,,,,,0.35,True
Dehradun,17062025150705_CGHS Rates 2024 Dehradun.pdf,25,[549 [Radical Nepheciomy-Open___ 47250 isss8___[|),549 [Radical Nepheciomy-Open___ 47250 isss8___[|),,,,,,0.35,True
Dehradun,17062025150705_CGHS Rates 2024 Dehradun.pdf,25,[850 |Radical Nephrectomy -Lap/Endaxcopie |20700__[2380s____[ |,850 |Radical Nephrectomy -Lap/Endaxcopie |20700__[2380s____,,,,,,0.35,True
Dehradun,17062025150705_CGHS Rates 2024 Dehradun.pdf,25,[S51 | Radical Nephrectomy plus TV thrombus 230002650 [|],S51 | Radical Nephrectomy plus TV thrombus 230002650,,,,,,0.35,True
Dehradun,17062025150705_CGHS Rates 2024 Dehradun.pdf,25,852 Radical Nephrectomy plus IV thrombus plus cardiac 23000 26450,852 Radical Nephrectomy plus IV thrombus plus cardiac,26450,23000,,,,0.72,False
Dehradun,17062025150705_CGHS Rates 2024 Dehradun.pdf,25,[553 | Vesicovaginal Fistula (VV) Repaie (Open) |1a000____[isaoo____ [>,553 | Vesicovaginal Fistula (VV) Repaie (Open) |1a000____[isaoo____ [>,,,,,,0.35,True
Dehradun,17062025150705_CGHS Rates 2024 Dehradun.pdf,25,[ssi [Wesco Fs (WV) Repair Caparo —[>000 Paseo,ssi [Wesco Fs (WV) Repair Caparo —[>000 Paseo,,,,,,0.35,True
Dehradun,17062025150705_CGHS Rates 2024 Dehradun.pdf,25,[555 | Radical Cystectomy Teal conduit] 47000 [20000 | __,555 | Radical Cystectomy Teal conduit] 47000 [20000 | __,,,,,,0.35,True
Dehradun,17062025150705_CGHS Rates 2024 Dehradun.pdf,25,"[556 [Radical Cystectomy - continent diversion, | 15000_[172s0_ [|_|","556 [Radical Cystectomy - continent diversion, | 15000_[172s0_ [|_",,,,,,0.35,True
Dehradun,17062025150705_CGHS Rates 2024 Dehradun.pdf,25,[S57 [Radical Cystestomy—Neo bladder |18500____[ia7s___ [|_|,S57 [Radical Cystestomy—Neo bladder |18500____[ia7s___ [|_,,,,,,0.35,True
Dehradun,17062025150705_CGHS Rates 2024 Dehradun.pdf,25,[sss [Nephrectomy Simpie-Open ——400rs_[ses—_ |),sss [Nephrectomy Simpie-Open ——400rs_[ses—_ |),,,,,,0.35,True
Dehradun,17062025150705_CGHS Rates 2024 Dehradun.pdf,25,[559 | Nephrectomy Simple-ap/Endossopie_[iasos___[aasa—[|@ SSS,559 | Nephrectomy Simple-ap/Endossopie_[iasos___[aasa—[|@ SSS,,,,,,0.35,True
Dehradun,17062025150705_CGHS Rates 2024 Dehradun.pdf,25,[860 |Nephrostomy-Open———=——————~*dt0000 [aso |_|,860 |Nephrostomy-Open———=——————~*dt0000 [aso |_,,,,,,0.35,True
Dehradun,17062025150705_CGHS Rates 2024 Dehradun.pdf,25,[S61 |Nephrostomy-LapiEndoscopie 40708 [1593 [|__|,S61 |Nephrostomy-LapiEndoscopie 40708 [1593 [|__,,,,,,0.35,True
Dehradun,17062025150705_CGHS Rates 2024 Dehradun.pdf,25,862 Ureteric Reimplant forMegaureter/ Vesicoureteric 10494 12068,862 Ureteric Reimplant forMegaureter/ Vesicoureteric,12068,10494,,,,0.72,False
Dehradun,17062025150705_CGHS Rates 2024 Dehradun.pdf,25,863 Ureteric Reimplant for Megaureter / Vesicoureteric 10494 12068,863 Ureteric Reimplant for Megaureter / Vesicoureteric,12068,10494,,,,0.72,False
Dehradun,17062025150705_CGHS Rates 2024 Dehradun.pdf,25,865 Transurethral Resection of Prostate (TURP) & 17250 19838,865 Transurethral Resection of Prostate (TURP) &,19838,17250,,,,0.72,False
Dehradun,17062025150705_CGHS Rates 2024 Dehradun.pdf,25,866 Transurethral Resection of Prostate (TURP) with 17000 19550,866 Transurethral Resection of Prostate (TURP) with,19550,17000,,,,0.72,False
Dehradun,17062025150705_CGHS Rates 2024 Dehradun.pdf,25,[57 |Clonuee of Urea Fatwa} avo0g_____[rseso_ [SS,57 |Clonuee of Urea Fatwa} avo0g_____[rseso_ [SS,,,,,,0.35,True
Dehradun,17062025150705_CGHS Rates 2024 Dehradun.pdf,25,[56s] Orehidopexy - Unilateral Open |e [usar [|__|,56s] Orehidopexy - Unilateral Open |e [usar [|__,,,,,,0.35,True
Dehradun,17062025150705_CGHS Rates 2024 Dehradun.pdf,25,[569] Orchidopeny= Unilateral LaprEndoscapie —_iasa@_____[usies__ |_|,569] Orchidopeny= Unilateral LaprEndoscapie —_iasa@_____[usies__ |_,,,,,,0.35,True
Dehradun,17062025150705_CGHS Rates 2024 Dehradun.pdf,25,[S70 Jorshidopesy-Bilteral Open igae[uaiza $+,S70 Jorshidopesy-Bilteral Open igae[uaiza $+,,,,,,0.35,True
Dehradun,17062025150705_CGHS Rates 2024 Dehradun.pdf,25,[571 ]Orehidopeny- Bilateral -Lap/Endossopis 14800 1eor5___ [|__|,571 ]Orehidopeny- Bilateral -Lap/Endossopis 14800 1eor5___ [|__,,,,,,0.35,True
Dehradun,17062025150705_CGHS Rates 2024 Dehradun.pdf,26,[2 [ewaithoromy-Supapibie SS,2 [ewaithoromy-Supapibie SS,,,,,,0.35,True
Dehradun,17062025150705_CGHS Rates 2024 Dehradun.pdf,26,[s73 Endoscopic Removal of Stone Bladder ]450 [3968 [|],s73 Endoscopic Removal of Stone Bladder ]450 [3968,,,,,,0.35,True
Dehradun,17062025150705_CGHS Rates 2024 Dehradun.pdf,26,874 Resection Bladder Neck Endoscopic Bladder neck 10925 12564,874 Resection Bladder Neck Endoscopic Bladder neck,12564,10925,,,,0.72,False
Dehradun,17062025150705_CGHS Rates 2024 Dehradun.pdf,26,[576 |Uretiropasty st Stage —————————————~iditopes ——fizses iS,576 |Uretiropasty st Stage —————————————~iditopes ——fizses iS,,,,,,0.35,True
Dehradun,17062025150705_CGHS Rates 2024 Dehradun.pdf,26,[577 |Serot Exploration —__]asse__Joss9.__ [|_|,577 |Serot Exploration —__]asse__Joss9.__ [|_,,,,,,0.35,True
Dehradun,17062025150705_CGHS Rates 2024 Dehradun.pdf,26,[578 [Perineal Oretirostomy aris [saan,578 [Perineal Oretirostomy aris [saan,,,,,,0.35,True
Dehradun,17062025150705_CGHS Rates 2024 Dehradun.pdf,26,[s79_ [Dilatation of Swicnwe Urethra under GA. 2000 [aso],s79_ [Dilatation of Swicnwe Urethra under GA. 2000 [aso,,,,,,0.35,True
Dehradun,17062025150705_CGHS Rates 2024 Dehradun.pdf,26,[580 [Dilatation of Stricture Urethra under LA ims issa____ [|__|,580 [Dilatation of Stricture Urethra under LA ims issa____ [|__,,,,,,0.35,True
Dehradun,17062025150705_CGHS Rates 2024 Dehradun.pdf,26,508 for approved rate),508 for approved rate),,,,,,0.35,True
Dehradun,17062025150705_CGHS Rates 2024 Dehradun.pdf,26,[552 [Laparoscopic paral Nephrectomy —[1ao00_[uus00—__[-],552 [Laparoscopic paral Nephrectomy —[1ao00_[uus00—__[-,,,,,,0.35,True
Dehradun,17062025150705_CGHS Rates 2024 Dehradun.pdf,26,[883 [Eaparoscopic pyeiolithotomy ——_]36s0_[rasas—_ |),883 [Eaparoscopic pyeiolithotomy ——_]36s0_[rasas—_ |),,,,,,0.35,True
Dehradun,17062025150705_CGHS Rates 2024 Dehradun.pdf,26,[S84 [Laparoscopic Pyeloplasty ——__Jovs_ ugar),S84 [Laparoscopic Pyeloplasty ——__Jovs_ ugar),,,,,,0.35,True
Dehradun,17062025150705_CGHS Rates 2024 Dehradun.pdf,26,[585 [Laparoscopic surgery for Remaleyst fois [uaa fF) SSS,585 [Laparoscopic surgery for Remaleyst fois [uaa fF) SSS,,,,,,0.35,True
Dehradun,17062025150705_CGHS Rates 2024 Dehradun.pdf,26,[886 [Eaparoscopie weterolithoromy ——}14s00____[1sa25_ |) |,886 [Eaparoscopie weterolithoromy ——}14s00____[1sa25_ |),,,,,,0.35,True
Dehradun,17062025150705_CGHS Rates 2024 Dehradun.pdf,26,[887 | Caparoscopie Nephrouretereciomy saa s209__ [|],887 | Caparoscopie Nephrouretereciomy saa s209__,,,,,,0.35,True
Dehradun,17062025150705_CGHS Rates 2024 Dehradun.pdf,26,[S88 | Extracorporeal Shock Wave Lithotipay (ESWE) _[19550_____[>zass____ [|__|,S88 | Extracorporeal Shock Wave Lithotipay (ESWE) _[19550_____[>zass____ [|__,,,,,,0.35,True
Dehradun,17062025150705_CGHS Rates 2024 Dehradun.pdf,26,[S89 ]Ureflow suay(Uroflomeny) aS PS,S89 ]Ureflow suay(Uroflomeny) aS PS,,,,,,0.35,True
Dehradun,17062025150705_CGHS Rates 2024 Dehradun.pdf,26,[890 | Urodynamie study (Cystomenyy)_________faso———iss2——S—Si SS SCSC—~S,890 | Urodynamie study (Cystomenyy)_________faso———iss2——S—Si SS SCSC—~S,,,,,,0.35,True
Dehradun,17062025150705_CGHS Rates 2024 Dehradun.pdf,26,891 | Cystoscopy with Retrograde Catheter -Unilateral 2803 3223 oe,Cystoscopy with Retrograde Catheter -Unilateral 2803 3223 oe,,,,,,0.35,True
Dehradun,17062025150705_CGHS Rates 2024 Dehradun.pdf,26,892 | Cystoscopy with Retrograde Catheter - Bilateral 4675 5500 PP ro eon ee,Cystoscopy with Retrograde Catheter - Bilateral 4675 5500 PP ro eon ee,,,,,,0.35,True
Dehradun,17062025150705_CGHS Rates 2024 Dehradun.pdf,26,[293 __[Exstoscopy with Bladder Biopsy (Cold Cup Biopsy) [3381 [see |,293 __[Exstoscopy with Bladder Biopsy (Cold Cup Biopsy) [3381 [see,,,,,,0.35,True
Dehradun,17062025150705_CGHS Rates 2024 Dehradun.pdf,26,894 | Voiding-cysto-urethrogram and retrograde 414 476 * oan |,Voiding-cysto-urethrogram and retrograde 414 476 * oan,,,,,,0.35,True
Dehradun,17062025150705_CGHS Rates 2024 Dehradun.pdf,26,[555 ]Radical prosatectomy-open [ive [poas— [PSS,555 ]Radical prosatectomy-open [ive [poas— [PSS,,,,,,0.35,True
Dehradun,17062025150705_CGHS Rates 2024 Dehradun.pdf,26,[896 [Radical prostatestomy-Laparoscopis_____[p0r2s_psiga | ——*d,896 [Radical prostatestomy-Laparoscopis_____[p0r2s_psiga | ——*d,,,,,,0.35,True
Dehradun,17062025150705_CGHS Rates 2024 Dehradun.pdf,26,"897 Radical prostatectomy- Robotic / Robotic Partial 20125 23144 "" [ee Pe Pe","897 Radical prostatectomy- Robotic / Robotic Partial 20125 23144 "" [ee Pe Pe",,,,,,0.35,True
Dehradun,17062025150705_CGHS Rates 2024 Dehradun.pdf,26,[S58 |folmium VAG Prose Suery ——___[is000_____[vaso——sfP A a a,S58 |folmium VAG Prose Suery ——___[is000_____[vaso——sfP A a a,,,,,,0.35,True
Dehradun,17062025150705_CGHS Rates 2024 Dehradun.pdf,26,[S01 |Ffotmium VAG Stone ithowipsy________|1000__[12000__ [|_|,S01 |Ffotmium VAG Stone ithowipsy________|1000__[12000__ [|_,,,,,,0.35,True
Dehradun,17062025150705_CGHS Rates 2024 Dehradun.pdf,26,[902 |Green Light lserforprosate 735019838) Po tacky nee fee eT ‘Ureteroscopy SS Vasovasostomy (reversal of vasectomy for Infertility,902 |Green Light lserforprosate 735019838) Po tacky nee fee eT ‘Ureteroscopy SS Vasovasostomy (reversal of vasectomy for Infertility,,,,,,0.35,True
Dehradun,17062025150705_CGHS Rates 2024 Dehradun.pdf,26,treatment) (Select CGHS rate Code 799 for approved rate) [ities Neuogaictader-ccuiagcesotaue [oP | bladder/ Neurogenic bladder) -excluding cost of drug he Peewee pe ee,treatment) (Select CGHS rate Code 799 for approved rate) [ities Neuogaictader-ccuiagcesotaue [oP | bladder/ Neurogenic bladder) -excluding cost of drug he Peewee pe ee,,,,,,0.35,True
Dehradun,17062025150705_CGHS Rates 2024 Dehradun.pdf,26,907 High Intensity Focus Ultrasound (HIFU) (Robotic) 4600 5290 ee a es [S08 [Prosthetic surgery for urinary incontinence |3s00_____[2ass____ [|_|,907 High Intensity Focus Ultrasound (HIFU) (Robotic) 4600 5290 ee a es [S08 [Prosthetic surgery for urinary incontinence |3s00_____[2ass____ [|_,,,,,,0.35,True
Dehradun,17062025150705_CGHS Rates 2024 Dehradun.pdf,26,Transrectal Ultrasound (TRUS) guided prostate 375 661 te ee Pe,Transrectal Ultrasound (TRUS) guided prostate 375 661 te ee Pe,,,,,,0.35,True
Dehradun,17062025150705_CGHS Rates 2024 Dehradun.pdf,26,910 Ultrasound Guided Percutaneous Nephrostomy 720 828 (PCN),910 Ultrasound Guided Percutaneous Nephrostomy 720 828 (PCN),,,,,,0.35,True
Dehradun,17062025150705_CGHS Rates 2024 Dehradun.pdf,26,[Sti | other Major Surgery Nephrology and Urology 15000 [350 | [o12 [other Minor Surgery-Nephrology and Urology 6x00 _[7=0 | |,Sti | other Major Surgery Nephrology and Urology 15000 [350 | [o12 [other Minor Surgery-Nephrology and Urology 6x00 _[7=0,,,,,,0.35,True
Dehradun,17062025150705_CGHS Rates 2024 Dehradun.pdf,27,914 Craniotomy and Evacuation of Haematoma - 50000 57500,914 Craniotomy and Evacuation of Haematoma -,57500,50000,,,,0.72,False
Dehradun,17062025150705_CGHS Rates 2024 Dehradun.pdf,27,[215 _[Frcuston action ofPisin Asewsstyerniowmy aon00fssog Td,215 _[Frcuston action ofPisin Asewsstyerniowmy aon00fssog Td,,,,,,0.35,True
Dehradun,17062025150705_CGHS Rates 2024 Dehradun.pdf,27,[S17 [Excision oF Brain Tumours-Supratentoral [39195 faasox_—fP$ Sid,S17 [Excision oF Brain Tumours-Supratentoral [39195 faasox_—fP$ Sid,,,,,,0.35,True
Dehradun,17062025150705_CGHS Rates 2024 Dehradun.pdf,27,[91s [Excision of Brain Tumours tnfiateatoriak 4500051750 |,91s [Excision of Brain Tumours tnfiateatoriak 4500051750,,,,,,0.35,True
Dehradun,17062025150705_CGHS Rates 2024 Dehradun.pdf,27,[oo |Suisery of spinel Cord Tumows —_—|4s000____]si7s0__ [|_|,oo |Suisery of spinel Cord Tumows —_—|4s000____]si7s0__ [|_,,,,,,0.35,True
Dehradun,17062025150705_CGHS Rates 2024 Dehradun.pdf,27,CGHS rate Code 938 for approved rate),CGHS rate Code 938 for approved rate),,,,,,0.35,True
Dehradun,17062025150705_CGHS Rates 2024 Dehradun.pdf,27,[522 [subdural Tapping dis idm iY,522 [subdural Tapping dis idm iY,,,,,,0.35,True
Dehradun,17062025150705_CGHS Rates 2024 Dehradun.pdf,27,[923 | Ventieulae Tapping 2867 aaiz sf),923 | Ventieulae Tapping 2867 aaiz sf),,,,,,0.35,True
Dehradun,17062025150705_CGHS Rates 2024 Dehradun.pdf,27,[s24 [abscess Tapping >a7s__Jssoe_——<sP SY,s24 [abscess Tapping >a7s__Jssoe_——<sP SY,,,,,,0.35,True
Dehradun,17062025150705_CGHS Rates 2024 Dehradun.pdf,27,[925 [Placement of tatracranial pressure (CP) Monitor 28753306 [|_|,925 [Placement of tatracranial pressure (CP) Monitor 28753306 [|_,,,,,,0.35,True
Dehradun,17062025150705_CGHS Rates 2024 Dehradun.pdf,27,[926 |skull Traction Application —————S——+diz800.———izaws i) iY,926 |skull Traction Application —————S——+diz800.———izaws i) iY,,,,,,0.35,True
Dehradun,17062025150705_CGHS Rates 2024 Dehradun.pdf,27,[927 [Lumbar Pressure Monitoring |280 5000 [|_|,927 [Lumbar Pressure Monitoring |280 5000 [|_,,,,,,0.35,True
Dehradun,17062025150705_CGHS Rates 2024 Dehradun.pdf,27,[s2s [Vascular Malformations ]23000_J2ss00 [|_|,s2s [Vascular Malformations ]23000_J2ss00 [|_,,,,,,0.35,True
Dehradun,17062025150705_CGHS Rates 2024 Dehradun.pdf,27,[329 Meningo Encephalocoele exon andvepar 150007250 |,329 Meningo Encephalocoele exon andvepar 150007250,,,,,,0.35,True
Dehradun,17062025150705_CGHS Rates 2024 Dehradun.pdf,27,[230 —|MeningomyelocosleRepair__————=————~+diao95———isaeraa iP iY,230 —|MeningomyelocosleRepair__————=————~+diao95———isaeraa iP iY,,,,,,0.35,True
Dehradun,17062025150705_CGHS Rates 2024 Dehradun.pdf,27,[931 | SF Rhinonshoes Repair ]2s750_|33003 [|_|,931 | SF Rhinonshoes Repair ]2s750_|33003 [|_,,,,,,0.35,True
Dehradun,17062025150705_CGHS Rates 2024 Dehradun.pdf,27,[932 [Cranioplasty ids ars dP id,932 [Cranioplasty ids ars dP id,,,,,,0.35,True
Dehradun,17062025150705_CGHS Rates 2024 Dehradun.pdf,27,[933 Anterior Cervical Discectomy ]16600]19090_[,933 Anterior Cervical Discectomy ]16600]19090_,,,,,,0.35,True
Dehradun,17062025150705_CGHS Rates 2024 Dehradun.pdf,27,[934] Brachial Plexus Exploration and newwotaation _[1ss25 ves [|,934] Brachial Plexus Exploration and newwotaation _[1ss25 ves,,,,,,0.35,True
Dehradun,17062025150705_CGHS Rates 2024 Dehradun.pdf,27,[935 [Median Nerve Decompression =~‘ i4000_fisioo_ [|_|,935 [Median Nerve Decompression =~‘ i4000_fisioo_ [|_,,,,,,0.35,True
Dehradun,17062025150705_CGHS Rates 2024 Dehradun.pdf,27,[936 [Peripheral Nerve Surgery Major ]47250_fsssa___ [|,936 [Peripheral Nerve Surgery Major ]47250_fsssa___,,,,,,0.35,True
Dehradun,17062025150705_CGHS Rates 2024 Dehradun.pdf,27,[937 [Peripheral Nerve Surgery Minor —|=280 sna. |,937 [Peripheral Nerve Surgery Minor —|=280 sna.,,,,,,0.35,True
Dehradun,17062025150705_CGHS Rates 2024 Dehradun.pdf,27,[93s | Venticuoatal /Venticulopertoneal Shunt [11618 sss? [|_|,93s | Venticuoatal /Venticulopertoneal Shunt [11618 sss? [|_,,,,,,0.35,True
Dehradun,17062025150705_CGHS Rates 2024 Dehradun.pdf,27,[s39_|Newe Biopsy *d800 ids sd,s39_|Newe Biopsy *d800 ids sd,,,,,,0.35,True
Dehradun,17062025150705_CGHS Rates 2024 Dehradun.pdf,27,[S40 |Brain Biopsy —_________]s80s__ fess,S40 |Brain Biopsy —_________]s80s__ fess,,,,,,0.35,True
Dehradun,17062025150705_CGHS Rates 2024 Dehradun.pdf,27,[sai [Anterior Cervical Spine Surgery with Raion ]32200 37030 [|_|,sai [Anterior Cervical Spine Surgery with Raion ]32200 37030 [|_,,,,,,0.35,True
Dehradun,17062025150705_CGHS Rates 2024 Dehradun.pdf,27,[os2_|Anterio Lateral Decompression ofspine___]28750_ 33063 |,os2_|Anterio Lateral Decompression ofspine___]28750_ 33063,,,,,,0.35,True
Dehradun,17062025150705_CGHS Rates 2024 Dehradun.pdf,27,[oa | Cervical or Dorsal or Lumbar Faminectomy _]23000__ peas,oa | Cervical or Dorsal or Lumbar Faminectomy _]23000__ peas,,,,,,0.35,True
Dehradun,17062025150705_CGHS Rates 2024 Dehradun.pdf,27,945 Combined Trans-oral Surgery & Craniovertebral 34500 39675,945 Combined Trans-oral Surgery & Craniovertebral,39675,34500,,,,0.72,False
Dehradun,17062025150705_CGHS Rates 2024 Dehradun.pdf,27,[936 | Craniovertebral Junction (CVI) Fusion procedures [30000 ps0 Sid,936 | Craniovertebral Junction (CVI) Fusion procedures [30000 ps0 Sid,,,,,,0.35,True
Dehradun,17062025150705_CGHS Rates 2024 Dehradun.pdf,27,[oa7 [Depressed Fracture Elevation 5000 p70 [|],oa7 [Depressed Fracture Elevation 5000 p70,,,,,,0.35,True
Dehradun,17062025150705_CGHS Rates 2024 Dehradun.pdf,27,[sas |oumbarDiscectomy 27600 sao,sas |oumbarDiscectomy 27600 sao,,,,,,0.35,True
Dehradun,17062025150705_CGHS Rates 2024 Dehradun.pdf,27,[939 [Endarterectomy (Caro) ]20000_ 23000],939 [Endarterectomy (Caro) ]20000_ 23000,,,,,,0.35,True
Dehradun,17062025150705_CGHS Rates 2024 Dehradun.pdf,27,950 Radiofrequency (RF) Lesion for Trigeminal 11500 13225,950 Radiofrequency (RF) Lesion for Trigeminal,13225,11500,,,,0.72,False
Dehradun,17062025150705_CGHS Rates 2024 Dehradun.pdf,27,[952] Spinal Fusion Procedure |30000__]sasoo_[,952] Spinal Fusion Procedure |30000__]sasoo_,,,,,,0.35,True
Dehradun,17062025150705_CGHS Rates 2024 Dehradun.pdf,27,[953 | Spina Tatra Medullary Tumours ]4s00___ 59675) |,953 | Spina Tatra Medullary Tumours ]4s00___ 59675),,,,,,0.35,True
Dehradun,17062025150705_CGHS Rates 2024 Dehradun.pdf,27,[951 |Spinal Biida Surgery Major sp75__pusau_ [|_|,951 |Spinal Biida Surgery Major sp75__pusau_ [|_,,,,,,0.35,True
Dehradun,17062025150705_CGHS Rates 2024 Dehradun.pdf,27,[95s | Spinal Bifida Surgery Minor __|1s000__]17as0_[,95s | Spinal Bifida Surgery Minor __|1s000__]17as0_,,,,,,0.35,True
Dehradun,17062025150705_CGHS Rates 2024 Dehradun.pdf,27,[956 | stereotaxic Procedres-biopsvaspiration ofeyat]23000_2oaso__ [|_|,956 | stereotaxic Procedres-biopsvaspiration ofeyat]23000_2oaso__ [|_,,,,,,0.35,True
Dehradun,17062025150705_CGHS Rates 2024 Dehradun.pdf,27,[957 [Trans Sphenoidal surgery ———=——=——*4is0000__Jsas00_ |_|,957 [Trans Sphenoidal surgery ———=——=——*4is0000__Jsas00_ |_,,,,,,0.35,True
Dehradun,17062025150705_CGHS Rates 2024 Dehradun.pdf,27,[sss [Trans Oral suagery —|30000_sas00_ [|,sss [Trans Oral suagery —|30000_sas00_,,,,,,0.35,True
Dehradun,17062025150705_CGHS Rates 2024 Dehradun.pdf,28,959 Implantation of Deep Brain Stimulation (DBS) -One 34500 39675,959 Implantation of Deep Brain Stimulation (DBS) -One,39675,34500,,,,0.72,False
Dehradun,17062025150705_CGHS Rates 2024 Dehradun.pdf,28,Implantation of Deep Brain Stimulation (DBS) -two 40250 46288,Implantation of Deep Brain Stimulation (DBS) -two,46288,40250,,,,0.72,False
Dehradun,17062025150705_CGHS Rates 2024 Dehradun.pdf,28,[aco [Facial nerve reconstruction ]30000__3as00__ |_|,aco [Facial nerve reconstruction ]30000__3as00__ |_,,,,,,0.35,True
Dehradun,17062025150705_CGHS Rates 2024 Dehradun.pdf,28,[sci |arowidstenting ag [a6,sci |arowidstenting ag [a6,,,,,,0.35,True
Dehradun,17062025150705_CGHS Rates 2024 Dehradun.pdf,28,[ssi | Cervical dise aniroplasiy 7600 arma [1],ssi | Cervical dise aniroplasiy 7600 arma [1,,,,,,0.35,True
Dehradun,17062025150705_CGHS Rates 2024 Dehradun.pdf,28,[96s Lumbar dise arthroplasty ]13800__1se70_ [|_|,96s Lumbar dise arthroplasty ]13800__1se70_ [|_,,,,,,0.35,True
Dehradun,17062025150705_CGHS Rates 2024 Dehradun.pdf,28,[965 | Comps callostomy for Epilepsy |s000_|aos0___| |,965 | Comps callostomy for Epilepsy |s000_|aos0___,,,,,,0.35,True
Dehradun,17062025150705_CGHS Rates 2024 Dehradun.pdf,28,[967 |Ffemispherotomy forEpilepsy —_|s2000__ [37030 |,967 |Ffemispherotomy forEpilepsy —_|s2000__ [37030,,,,,,0.35,True
Dehradun,17062025150705_CGHS Rates 2024 Dehradun.pdf,28,[26s Endoscopic CSF shinowthoea repair |30000_[3as00._ [|,26s Endoscopic CSF shinowthoea repair |30000_[3as00._,,,,,,0.35,True
Dehradun,17062025150705_CGHS Rates 2024 Dehradun.pdf,28,[fener sey ort 90. 960a967 [ses fees],fener sey ort 90. 960a967 [ses fees,,,,,,0.35,True
Dehradun,17062025150705_CGHS Rates 2024 Dehradun.pdf,28,‘971 | Radiofrequency (RF) lesion for facet joint pain 17250 19838,‘971 | Radiofrequency (RF) lesion for facet joint pain,19838,17250,,,,0.72,False
Dehradun,17062025150705_CGHS Rates 2024 Dehradun.pdf,28,[972 | cervical laminoplasty |3000 [x80,972 | cervical laminoplasty |3000 [x80,,,,,,0.35,True
Dehradun,17062025150705_CGHS Rates 2024 Dehradun.pdf,28,[973 ]ateral mass C1-C2 screw Gravion ]3000_[aeaso__ |_|,973 ]ateral mass C1-C2 screw Gravion ]3000_[aeaso__ |_,,,,,,0.35,True
Dehradun,17062025150705_CGHS Rates 2024 Dehradun.pdf,28,[274 | Microsugical decompression for Tigeminalnerve [38000 [48700,274 | Microsugical decompression for Tigeminalnerve [38000 [48700,,,,,,0.35,True
Dehradun,17062025150705_CGHS Rates 2024 Dehradun.pdf,28,[973 Microsurgical decompression forhemineial spasm [4606 _——«iSSB_C*dCSSSCSC~*,973 Microsurgical decompression forhemineial spasm [4606 _——«iSSB_C*dCSSSCSC~*,,,,,,0.35,True
Dehradun,17062025150705_CGHS Rates 2024 Dehradun.pdf,28,976 Extracranial-Intracranial Bypass Procedures (EC-IC) 32000 36800,976 Extracranial-Intracranial Bypass Procedures (EC-IC),36800,32000,,,,0.72,False
Dehradun,17062025150705_CGHS Rates 2024 Dehradun.pdf,28,[S77 ]image auided erenioiomy [sso [assez SC,S77 ]image auided erenioiomy [sso [assez SC,,,,,,0.35,True
Dehradun,17062025150705_CGHS Rates 2024 Dehradun.pdf,28,[978 |Baclofen pump implantation |39000 asso [|_|,978 |Baclofen pump implantation |39000 asso [|_,,,,,,0.35,True
Dehradun,17062025150705_CGHS Rates 2024 Dehradun.pdf,28,[979 Programmable Venticulo-Perioneal (WP)shaut 250002750 |_|,979 Programmable Venticulo-Perioneal (WP)shaut 250002750 |_,,,,,,0.35,True
Dehradun,17062025150705_CGHS Rates 2024 Dehradun.pdf,28,[980 [Endoscopiesympathestomy ————~fuvuo7 ses |_|,980 [Endoscopiesympathestomy ————~fuvuo7 ses |_,,,,,,0.35,True
Dehradun,17062025150705_CGHS Rates 2024 Dehradun.pdf,28,[982 ]Extemal ventiular Gamage EVD) |4eo0____[s290___ | _,982 ]Extemal ventiular Gamage EVD) |4eo0____[s290___ | _,,,,,,0.35,True
Dehradun,17062025150705_CGHS Rates 2024 Dehradun.pdf,28,[983 [Endoscopic rd ventieulostomy 400006000 |,983 [Endoscopic rd ventieulostomy 400006000,,,,,,0.35,True
Dehradun,17062025150705_CGHS Rates 2024 Dehradun.pdf,28,[p81 Endoscopic cranial surgery/Biopsyaspiation —|s1s36__[ae26s___ | |,p81 Endoscopic cranial surgery/Biopsyaspiation —|s1s36__[ae26s___,,,,,,0.35,True
Dehradun,17062025150705_CGHS Rates 2024 Dehradun.pdf,28,"[oss Endoscopic discectomy (Lumbar, Cervical) ]3s62_ [soos [|]","oss Endoscopic discectomy (Lumbar, Cervical) ]3s62_ [soos",,,,,,0.35,True
Dehradun,17062025150705_CGHS Rates 2024 Dehradun.pdf,28,[986 [Aneurysm coling (Endovasculae) _____|4t00___ [39860 [|__|,986 [Aneurysm coling (Endovasculae) _____|4t00___ [39860 [|__,,,,,,0.35,True
Dehradun,17062025150705_CGHS Rates 2024 Dehradun.pdf,28,[987 [Surgery for skull nctwes 40000 [6000 [-,987 [Surgery for skull nctwes 40000 [6000 [-,,,,,,0.35,True
Dehradun,17062025150705_CGHS Rates 2024 Dehradun.pdf,28,[98s |Carpel Tunnel decompression sooo [1aso____ [|_|,98s |Carpel Tunnel decompression sooo [1aso____ [|_,,,,,,0.35,True
Dehradun,17062025150705_CGHS Rates 2024 Dehradun.pdf,28,[989 | Clipping oFintacranil aneurysm ]atso__[a7773__|@ |,989 | Clipping oFintacranil aneurysm ]atso__[a7773__|@,,,,,,0.35,True
Dehradun,17062025150705_CGHS Rates 2024 Dehradun.pdf,28,‘Surgery for intracranial Arteriovenous 40000 46000,‘Surgery for intracranial Arteriovenous,46000,40000,,,,0.72,False
Dehradun,17062025150705_CGHS Rates 2024 Dehradun.pdf,28,991 ‘Foramen magnum decompression for Chiari 93750 107813,991 ‘Foramen magnum decompression for Chiari,107813,93750,,,,0.72,False
Dehradun,17062025150705_CGHS Rates 2024 Dehradun.pdf,28,992 ‘Dorsal column stimulation for backache in failed 28750 33063,992 ‘Dorsal column stimulation for backache in failed,33063,28750,,,,0.72,False
Dehradun,17062025150705_CGHS Rates 2024 Dehradun.pdf,28,[S54 | Saraery for brainstem wamous ——______asoa_____[sose___ >) |,S54 | Saraery for brainstem wamous ——______asoa_____[sose___ >),,,,,,0.35,True
Dehradun,17062025150705_CGHS Rates 2024 Dehradun.pdf,28,995 |Decompressive craniotomy for hemispherical acute [40000 46000 [* [eeiectnonscon oasecinetenmer” [|_|,Decompressive craniotomy for hemispherical acute [40000 46000 [* [eeiectnonscon oasecinetenmer” [|_,,,,,,0.35,True
Dehradun,17062025150705_CGHS Rates 2024 Dehradun.pdf,28,Tntra-arterial thrombolysis with Tissue Plasminogen |4600 5290 aaa ee ee i an a a pe Pores fe ef,Tntra-arterial thrombolysis with Tissue Plasminogen |4600 5290 aaa ee ee i an a a pe Pores fe ef,,,,,,0.35,True
Dehradun,17062025150705_CGHS Rates 2024 Dehradun.pdf,28,‘Stereotactic Radiosurgery for brain pathology (X 27560 31694 [? [item ote PO,‘Stereotactic Radiosurgery for brain pathology (X 27560 31694 [? [item ote PO,,,,,,0.35,True
Dehradun,17062025150705_CGHS Rates 2024 Dehradun.pdf,29,par [sesiestomitebentanone [9 |,par [sesiestomitebentanone [9,,,,,,0.35,True
Dehradun,17062025150705_CGHS Rates 2024 Dehradun.pdf,29,[70s — | RacTorea pump implantation forspastcny —_[iva80_____[iseso__— [>,70s — | RacTorea pump implantation forspastcny —_[iva80_____[iseso__— [>,,,,,,0.35,True
Dehradun,17062025150705_CGHS Rates 2024 Dehradun.pdf,29,[1003 [Peripheral Nerve tumorsurgery 24000] 7600 |_|,1003 [Peripheral Nerve tumorsurgery 24000] 7600 |_,,,,,,0.35,True
Dehradun,17062025150705_CGHS Rates 2024 Dehradun.pdf,29,[1005 | Surgery Int Cranial Meningioma —|20000_[23000__ |_|,1005 | Surgery Int Cranial Meningioma —|20000_[23000__ |_,,,,,,0.35,True
Dehradun,17062025150705_CGHS Rates 2024 Dehradun.pdf,29,[1006 | Suesery for Intracranial Schwannoma]s000_ [soso],1006 | Suesery for Intracranial Schwannoma]s000_ [soso,,,,,,0.35,True
Dehradun,17062025150705_CGHS Rates 2024 Dehradun.pdf,29,[1007 |surgery for Gliomas————————————~+das000_——_si7s0— |,1007 |surgery for Gliomas————————————~+das000_——_si7s0—,,,,,,0.35,True
Dehradun,17062025150705_CGHS Rates 2024 Dehradun.pdf,29,[1008 | Suesery for Orbital wore |40000 [000],1008 | Suesery for Orbital wore |40000 [000,,,,,,0.35,True
Dehradun,17062025150705_CGHS Rates 2024 Dehradun.pdf,29,[1009 —|Suegery for Cranial (Skullytumors___|38500___[aaas__ [|,1009 —|Suegery for Cranial (Skullytumors___|38500___[aaas__,,,,,,0.35,True
Dehradun,17062025150705_CGHS Rates 2024 Dehradun.pdf,29,‘Surgery for Scalp Arteriovenous Malformations 25000 28750,‘Surgery for Scalp Arteriovenous Malformations,28750,25000,,,,0.72,False
Dehradun,17062025150705_CGHS Rates 2024 Dehradun.pdf,29,[Tor [eyphoplasiy x00 [x00,Tor [eyphoplasiy x00 [x00,,,,,,0.35,True
Dehradun,17062025150705_CGHS Rates 2024 Dehradun.pdf,29,[1012 |Balloon Kyphoplaniy 400006000],1012 |Balloon Kyphoplaniy 400006000,,,,,,0.35,True
Dehradun,17062025150705_CGHS Rates 2024 Dehradun.pdf,29,"1013 Lesioning procedures for Parkinson’s disease, 35000 40250","1013 Lesioning procedures for Parkinson’s disease,",40250,35000,,,,0.72,False
Dehradun,17062025150705_CGHS Rates 2024 Dehradun.pdf,29,[7014 Other Major Sugeny-Newro-surgery _|aas00__[so000____ [|_|,7014 Other Major Sugeny-Newro-surgery _|aas00__[so000____ [|_,,,,,,0.35,True
Dehradun,17062025150705_CGHS Rates 2024 Dehradun.pdf,29,[1015 —Jother Minor Surgery-Neuro-suigery 17000 [0000 [,1015 —Jother Minor Surgery-Neuro-suigery 17000 [0000,,,,,,0.35,True
Dehradun,17062025150705_CGHS Rates 2024 Dehradun.pdf,29,[Tore — | Excision oF thyoglosal Daoist |4soo0__[eaoo__ |__|,Tore — | Excision oF thyoglosal Daoist |4soo0__[eaoo__ |__,,,,,,0.35,True
Dehradun,17062025150705_CGHS Rates 2024 Dehradun.pdf,29,1017 | Diaphragmatic Hernia Repair (Thoracic or 17250 19838 Abdominal Approach) [iats [Paes Oseiagel Finn Conscton Sires) aston Pee,Diaphragmatic Hernia Repair (Thoracic or 17250 19838 Abdominal Approach) [iats [Paes Oseiagel Finn Conscton Sires) aston Pee,,,,,,0.35,True
Dehradun,17062025150705_CGHS Rates 2024 Dehradun.pdf,29,[7019 | Colon Replacement of esophagus >s000____ [aes,7019 | Colon Replacement of esophagus >s000____ [aes,,,,,,0.35,True
Dehradun,17062025150705_CGHS Rates 2024 Dehradun.pdf,29,[1020] Omphato Mesenteric Cyst Excision 17250 [19ss8__ [|__|,1020] Omphato Mesenteric Cyst Excision 17250 [19ss8__ [|__,,,,,,0.35,True
Dehradun,17062025150705_CGHS Rates 2024 Dehradun.pdf,29,[1021 J Ompliio Mesenterie Duct. Excision 18825 [vasa |) |,1021 J Ompliio Mesenterie Duct. Excision 18825 [vasa |),,,,,,0.35,True
Dehradun,17062025150705_CGHS Rates 2024 Dehradun.pdf,29,[1022 |Meckels Diverticulestomy ———————————~idiaa? ids CS,1022 |Meckels Diverticulestomy ———————————~idiaa? ids CS,,,,,,0.35,True
Dehradun,17062025150705_CGHS Rates 2024 Dehradun.pdf,29,[1023 — J Ompliniocele Ist Stage (tema Repai) 18525 __[vasa__ |),1023 — J Ompliniocele Ist Stage (tema Repai) 18525 __[vasa__ |),,,,,,0.35,True
Dehradun,17062025150705_CGHS Rates 2024 Dehradun.pdf,29,[1024 J Omptisiocele 2nd Stge (Hernia Repainy —uraso__[9sss__ |),1024 J Omptisiocele 2nd Stge (Hernia Repainy —uraso__[9sss__ |),,,,,,0.35,True
Dehradun,17062025150705_CGHS Rates 2024 Dehradun.pdf,29,[1025 |GaswoschisisRepair——————~iti00———_fuesis | i,1025 |GaswoschisisRepair——————~iti00———_fuesis | i,,,,,,0.35,True
Dehradun,17062025150705_CGHS Rates 2024 Dehradun.pdf,29,[1026 ]Ioguial Heraiotomy ——_iasss__[waan—fP$ SS,1026 ]Ioguial Heraiotomy ——_iasss__[waan—fP$ SS,,,,,,0.35,True
Dehradun,17062025150705_CGHS Rates 2024 Dehradun.pdf,29,[1027 | Congenital iydrocele 13000 [1ss00_ [|_|,1027 | Congenital iydrocele 13000 [1ss00_ [|_,,,,,,0.35,True
Dehradun,17062025150705_CGHS Rates 2024 Dehradun.pdf,29,[1028 —]Hiydrosele of Cont 1300013800 [- |,1028 —]Hiydrosele of Cont 1300013800 [-,,,,,,0.35,True
Dehradun,17062025150705_CGHS Rates 2024 Dehradun.pdf,29,[1029 [Torsion Testis Operation] 15000_[raso_ [|_|,1029 [Torsion Testis Operation] 15000_[raso_ [|_,,,,,,0.35,True
Dehradun,17062025150705_CGHS Rates 2024 Dehradun.pdf,29,[1030 | Congenital Pylorie Stenosis operation [3938 [69 [|__|,1030 | Congenital Pylorie Stenosis operation [3938 [69 [|__,,,,,,0.35,True
Dehradun,17062025150705_CGHS Rates 2024 Dehradun.pdf,29,[1031 —|Duodenal Atesia Operation] 14000 [16100,1031 —|Duodenal Atesia Operation] 14000 [16100,,,,,,0.35,True
Dehradun,17062025150705_CGHS Rates 2024 Dehradun.pdf,29,[1032 | Pancreatic Ring Operation ]22aa5____[asra9__[| |,1032 | Pancreatic Ring Operation ]22aa5____[asra9__,,,,,,0.35,True
Dehradun,17062025150705_CGHS Rates 2024 Dehradun.pdf,29,[1033 [Meconiua ileus Operation 4450016675) |,1033 [Meconiua ileus Operation 4450016675),,,,,,0.35,True
Dehradun,17062025150705_CGHS Rates 2024 Dehradun.pdf,29,[1034 | Malroation of atestines Opemion [13000_[1950__ [|],1034 | Malroation of atestines Opemion [13000_[1950__,,,,,,0.35,True
Dehradun,17062025150705_CGHS Rates 2024 Dehradun.pdf,29,[1035 [Rectal Biopsy (Megacolon) ————__|9736 _[us96___ [|_|,1035 [Rectal Biopsy (Megacolon) ————__|9736 _[us96___ [|_,,,,,,0.35,True
Dehradun,17062025150705_CGHS Rates 2024 Dehradun.pdf,29,[1036 |Colostomy Trausverse_—_|1so0__[uraso_ [|__|,1036 |Colostomy Trausverse_—_|1so0__[uraso_ [|__,,,,,,0.35,True
Dehradun,17062025150705_CGHS Rates 2024 Dehradun.pdf,29,[1057 ]Cotostomy tet tiae —_____]1s000__[7aso___ [|_|,1057 ]Cotostomy tet tiae —_____]1s000__[7aso___ [|_,,,,,,0.35,True
Dehradun,17062025150705_CGHS Rates 2024 Dehradun.pdf,29,1038 Abdominal Perineal Pull Through (Hirschsprung's 19000 21850 a ee ee,1038 Abdominal Perineal Pull Through (Hirschsprung's 19000 21850 a ee ee,,,,,,0.35,True
Dehradun,17062025150705_CGHS Rates 2024 Dehradun.pdf,29,1039 Imperforate Anus Low Anomaly -Cut Back 10235 11770 ee a,1039 Imperforate Anus Low Anomaly -Cut Back 10235 11770 ee a,,,,,,0.35,True
Dehradun,17062025150705_CGHS Rates 2024 Dehradun.pdf,29,[100 _[Impetoate Ans Tow Anomaly “Perineal Aneplaty [120900 isso,100 _[Impetoate Ans Tow Anomaly “Perineal Aneplaty [120900 isso,,,,,,0.35,True
Dehradun,17062025150705_CGHS Rates 2024 Dehradun.pdf,29,1041 Imperforate Anus High Anomaly -Sacroabdomino 12500 14375 [feo ee ee,1041 Imperforate Anus High Anomaly -Sacroabdomino 12500 14375 [feo ee ee,,,,,,0.35,True
Dehradun,17062025150705_CGHS Rates 2024 Dehradun.pdf,30,[Tos3__[maperforate Anvs High Anomaly= Closure of [S@35 oss +?,Tos3__[maperforate Anvs High Anomaly= Closure of [S@35 oss +?,,,,,,0.35,True
Dehradun,17062025150705_CGHS Rates 2024 Dehradun.pdf,30,[1013 —JTawssusception Operation 20700 Jassos_ [|],1013 —JTawssusception Operation 20700 Jassos_,,,,,,0.35,True
Dehradun,17062025150705_CGHS Rates 2024 Dehradun.pdf,30,1044 Choledochoduodenostomy for Atresia of Extra 15000 17250,1044 Choledochoduodenostomy for Atresia of Extra,17250,15000,,,,0.72,False
Dehradun,17062025150705_CGHS Rates 2024 Dehradun.pdf,30,[7055 | Operation of Choledochal Cyt 1000 revo [iY,7055 | Operation of Choledochal Cyt 1000 revo [iY,,,,,,0.35,True
Dehradun,17062025150705_CGHS Rates 2024 Dehradun.pdf,30,[1046 | Nephrectomy for-Pyonephrosis | ¥7900_fissso_ [|_|,1046 | Nephrectomy for-Pyonephrosis | ¥7900_fissso_ [|_,,,,,,0.35,True
Dehradun,17062025150705_CGHS Rates 2024 Dehradun.pdf,30,[1017 [Nephrectomy for= Hydronephrosis | 15000_fi7aso_ [|_|,1017 [Nephrectomy for= Hydronephrosis | 15000_fi7aso_ [|_,,,,,,0.35,True
Dehradun,17062025150705_CGHS Rates 2024 Dehradun.pdf,30,[1048 Nephrectomy for=Wilms Tumour 45000 73so_ [|,1048 Nephrectomy for=Wilms Tumour 45000 73so_,,,,,,0.35,True
Dehradun,17062025150705_CGHS Rates 2024 Dehradun.pdf,30,Paraortic Lymphadenectomy with Nephrectomy for | 20000 23000,Paraortic Lymphadenectomy with Nephrectomy for,23000,20000,,,,0.72,False
Dehradun,17062025150705_CGHS Rates 2024 Dehradun.pdf,30,[7050 | Sacro-Coceyaeal Tentoma Excision] w000_1eop__ [|],7050 | Sacro-Coceyaeal Tentoma Excision] w000_1eop__,,,,,,0.35,True
Dehradun,17062025150705_CGHS Rates 2024 Dehradun.pdf,30,[105i —]Neuroblasioma Debulking | 1000_sso0_ [|_|,105i —]Neuroblasioma Debulking | 1000_sso0_ [|_,,,,,,0.35,True
Dehradun,17062025150705_CGHS Rates 2024 Dehradun.pdf,30,[1052] Neuroblastoma Total Excision 2070023805 [|],1052] Neuroblastoma Total Excision 2070023805,,,,,,0.35,True
Dehradun,17062025150705_CGHS Rates 2024 Dehradun.pdf,30,[1053 Rhabdomyosarcoma wide Excision] 180007350 [|_|,1053 Rhabdomyosarcoma wide Excision] 180007350 [|_,,,,,,0.35,True
Dehradun,17062025150705_CGHS Rates 2024 Dehradun.pdf,30,[1054 | Congenital Avesia & Stenosis of Small Intestine [19000 _J2usso___[,1054 | Congenital Avesia & Stenosis of Small Intestine [19000 _J2usso___,,,,,,0.35,True
Dehradun,17062025150705_CGHS Rates 2024 Dehradun.pdf,30,[7056 | Malrotation & Volvilis ofthe Midawt—___is000 aso fP$ id,7056 | Malrotation & Volvilis ofthe Midawt—___is000 aso fP$ id,,,,,,0.35,True
Dehradun,17062025150705_CGHS Rates 2024 Dehradun.pdf,30,[1057 Excision of Meckel's Devericulum 4200013800],1057 Excision of Meckel's Devericulum 4200013800,,,,,,0.35,True
Dehradun,17062025150705_CGHS Rates 2024 Dehradun.pdf,30,[1058 Other Major Surgery-Paediatie susieny]27000__Js10s0_[| |,1058 Other Major Surgery-Paediatie susieny]27000__Js10s0_,,,,,,0.35,True
Dehradun,17062025150705_CGHS Rates 2024 Dehradun.pdf,30,[1059 | Other Minor Surgery-Paediatre Surgery 14050 _|13000___[,1059 | Other Minor Surgery-Paediatre Surgery 14050 _|13000___,,,,,,0.35,True
Dehradun,17062025150705_CGHS Rates 2024 Dehradun.pdf,30,[7080 [Primary Sotoring of Wound —_]s00___ asf Sid,7080 [Primary Sotoring of Wound —_]s00___ asf Sid,,,,,,0.35,True
Dehradun,17062025150705_CGHS Rates 2024 Dehradun.pdf,30,[1061 —Jinjestion of Keloids- Ganglion |os)____finea <P Sid,1061 —Jinjestion of Keloids- Ganglion |os)____finea <P Sid,,,,,,0.35,True
Dehradun,17062025150705_CGHS Rates 2024 Dehradun.pdf,30,[1062 ]injection of Keloids -Haemangioma —_[is0__isa3 | id,1062 ]injection of Keloids -Haemangioma —_[is0__isa3 | id,,,,,,0.35,True
Dehradun,17062025150705_CGHS Rates 2024 Dehradun.pdf,30,[1063 —]Free Grais= Wolfe Gratis ims fissa [$d,1063 —]Free Grais= Wolfe Gratis ims fissa [$d,,,,,,0.35,True
Dehradun,17062025150705_CGHS Rates 2024 Dehradun.pdf,30,[1061 —|Free Grafis~Thierch- Small Areasve [ras sso [$Y,1061 —|Free Grafis~Thierch- Small Areasve [ras sso [$Y,,,,,,0.35,True
Dehradun,17062025150705_CGHS Rates 2024 Dehradun.pdf,30,[1055 [Free GraRsLarge area 10% |s000_Jo200___ [|_|,1055 [Free GraRsLarge area 10% |s000_Jo200___ [|_,,,,,,0.35,True
Dehradun,17062025150705_CGHS Rates 2024 Dehradun.pdf,30,[1056 | ree Grats Very Large Area 3050and above. |103s0__]uis03____[ |,1056 | ree Grats Very Large Area 3050and above. |103s0__]uis03____,,,,,,0.35,True
Dehradun,17062025150705_CGHS Rates 2024 Dehradun.pdf,30,[1067 —|Skin Flaps Rotation Flaps —__—=————‘ds970_ foie |,1067 —|Skin Flaps Rotation Flaps —__—=————‘ds970_ foie,,,,,,0.35,True
Dehradun,17062025150705_CGHS Rates 2024 Dehradun.pdf,30,[1068 |Skin Faps Advancement Flaps [12500 tas |) |,1068 |Skin Faps Advancement Flaps [12500 tas |),,,,,,0.35,True
Dehradun,17062025150705_CGHS Rates 2024 Dehradun.pdf,30,[1069 | skin Flaps ~ Direct. coss Leg Flaps: Cross Ann Flap [2500 tas [|_|,1069 | skin Flaps ~ Direct. coss Leg Flaps: Cross Ann Flap [2500 tas [|_,,,,,,0.35,True
Dehradun,17062025150705_CGHS Rates 2024 Dehradun.pdf,30,[1070 |Skin Flaps=CrossFinger +00 iY,1070 |Skin Flaps=CrossFinger +00 iY,,,,,,0.35,True
Dehradun,17062025150705_CGHS Rates 2024 Dehradun.pdf,30,[1071 —|Skin Flaps Abdominal ]3s0 11000 [- |,1071 —|Skin Flaps Abdominal ]3s0 11000 [-,,,,,,0.35,True
Dehradun,17062025150705_CGHS Rates 2024 Dehradun.pdf,30,[1072 —|Skin Faps~Thoracie—]93s0_]11000_ [|_|,1072 —|Skin Faps~Thoracie—]93s0_]11000_ [|_,,,,,,0.35,True
Dehradun,17062025150705_CGHS Rates 2024 Dehradun.pdf,30,[1073 —|Skin Flaps Amn Ete] 11000___}1260._ [|,1073 —|Skin Flaps Amn Ete] 11000___}1260._,,,,,,0.35,True
Dehradun,17062025150705_CGHS Rates 2024 Dehradun.pdf,30,[1074 | Subcutaneous Pedicle aps Raising |6900 [rss [|_|,1074 | Subcutaneous Pedicle aps Raising |6900 [rss [|_,,,,,,0.35,True
Dehradun,17062025150705_CGHS Rates 2024 Dehradun.pdf,30,[1075 |Subcutaneous Pedicle Flaps Delay _|5950__|r000[ |,1075 |Subcutaneous Pedicle Flaps Delay _|5950__|r000,,,,,,0.35,True
Dehradun,17062025150705_CGHS Rates 2024 Dehradun.pdf,30,[1076 |Subcutaneous Pedicle Flaps Transfer |s950__ 7000},1076 |Subcutaneous Pedicle Flaps Transfer |s950__ 7000},,,,,,0.35,True
Dehradun,17062025150705_CGHS Rates 2024 Dehradun.pdf,30,[1077 |eartiage Grating —~di ns ing,1077 |eartiage Grating —~di ns ing,,,,,,0.35,True
Dehradun,17062025150705_CGHS Rates 2024 Dehradun.pdf,30,[107s Reduction of Facial Fractures fNoxe—__is80_fise7_— $Y,107s Reduction of Facial Fractures fNoxe—__is80_fise7_— $Y,,,,,,0.35,True
Dehradun,17062025150705_CGHS Rates 2024 Dehradun.pdf,30,[1079 | Reduction of Facial Fractures of Malm ]8000__|9200_ |_|,1079 | Reduction of Facial Fractures of Malm ]8000__|9200_ |_,,,,,,0.35,True
Dehradun,17062025150705_CGHS Rates 2024 Dehradun.pdf,30,"1080 ‘Reduction of Fractures of Mandible & Maxilla - 7475, 8596",1080 ‘Reduction of Fractures of Mandible & Maxilla -,8596,7475,,,,0.72,False
Dehradun,17062025150705_CGHS Rates 2024 Dehradun.pdf,30,‘Reduction of Fractures of Mandible & Maxilla - Cast 6900 7935,‘Reduction of Fractures of Mandible & Maxilla - Cast,7935,6900,,,,0.72,False
Dehradun,17062025150705_CGHS Rates 2024 Dehradun.pdf,30,1082 ‘Reduction of Fractures of Mandible & Maxilla - 7500 8625,1082 ‘Reduction of Fractures of Mandible & Maxilla -,8625,7500,,,,0.72,False
Dehradun,17062025150705_CGHS Rates 2024 Dehradun.pdf,30,[7085 —ffotemal Wire Fixation of Mandible © Maxie [11500 saa fP$ iY,7085 —ffotemal Wire Fixation of Mandible © Maxie [11500 saa fP$ iY,,,,,,0.35,True
Dehradun,17062025150705_CGHS Rates 2024 Dehradun.pdf,30,[1085 —|CietPalate Repair ]z6s0_ frases PY,1085 —|CietPalate Repair ]z6s0_ frases PY,,,,,,0.35,True
Dehradun,17062025150705_CGHS Rates 2024 Dehradun.pdf,30,[1086 |Primary Bone Grafting foralveolarlefin Cle Lip _[lus00—_—+fiszas——idp id,1086 |Primary Bone Grafting foralveolarlefin Cle Lip _[lus00—_—+fiszas——idp id,,,,,,0.35,True
Dehradun,17062025150705_CGHS Rates 2024 Dehradun.pdf,30,[i087 —|Secondary Surgery for Cle LipDeformity 10000 ]1s00_[ |,i087 —|Secondary Surgery for Cle LipDeformity 10000 ]1s00_,,,,,,0.35,True
Dehradun,17062025150705_CGHS Rates 2024 Dehradun.pdf,30,[iose [Secondary Surgery for Cleft Palate ]2650_frasas | id,iose [Secondary Surgery for Cleft Palate ]2650_frasas | id,,,,,,0.35,True
Dehradun,17062025150705_CGHS Rates 2024 Dehradun.pdf,31,[To89 — [Reconstnetion of ye Defeats Minor esas,To89 — [Reconstnetion of ye Defeats Minor esas,,,,,,0.35,True
Dehradun,17062025150705_CGHS Rates 2024 Dehradun.pdf,31,[1090 | Reconstruction of Fyelid Defects Major ]s500 [p75 [|],1090 | Reconstruction of Fyelid Defects Major ]s500 [p75,,,,,,0.35,True
Dehradun,17062025150705_CGHS Rates 2024 Dehradun.pdf,31,Plastic Surgery of Different Regions of the Ear - ‘8050 9258,Plastic Surgery of Different Regions of the Ear - ‘8050,,,9258,,,0.5,True
Dehradun,17062025150705_CGHS Rates 2024 Dehradun.pdf,31,1092 Plastic Surgery of Different Regions of the Ear - 10350 11903,1092 Plastic Surgery of Different Regions of the Ear -,11903,10350,,,,0.72,False
Dehradun,17062025150705_CGHS Rates 2024 Dehradun.pdf,31,[7005 _|Pastic Surgery oF the Nowe Minor ]s050______[sas8__[-,7005 _|Pastic Surgery oF the Nowe Minor ]s050______[sas8__[-,,,,,,0.35,True
Dehradun,17062025150705_CGHS Rates 2024 Dehradun.pdf,31,[1004 Paste Surgery of the Nose Major ]9s00[10925_[-,1004 Paste Surgery of the Nose Major ]9s00[10925_[-,,,,,,0.35,True
Dehradun,17062025150705_CGHS Rates 2024 Dehradun.pdf,31,"1095 | Plastic Surgery for Facial Paralysis (Support with 16100 18515 ""fone ee ee","Plastic Surgery for Facial Paralysis (Support with 16100 18515 ""fone ee ee",,,,,,0.35,True
Dehradun,17062025150705_CGHS Rates 2024 Dehradun.pdf,31,[7096 [Pendulous Breast=Nammopiaty —_[is000______ [ras [$Y,7096 [Pendulous Breast=Nammopiaty —_[is000______ [ras [$Y,,,,,,0.35,True
Dehradun,17062025150705_CGHS Rates 2024 Dehradun.pdf,31,[1097 | Uaderdeveloped Breast Mammoplasiy 1200013800 [ |,1097 | Uaderdeveloped Breast Mammoplasiy 1200013800,,,,,,0.35,True
Dehradun,17062025150705_CGHS Rates 2024 Dehradun.pdf,31,[state asceny Rees Stmmoniay—ft009 fsson [|,state asceny Rees Stmmoniay—ft009 fsson,,,,,,0.35,True
Dehradun,17062025150705_CGHS Rates 2024 Dehradun.pdf,31,[7009 | Syaaactyiy Repaie asso,7009 | Syaaactyiy Repaie asso,,,,,,0.35,True
Dehradun,17062025150705_CGHS Rates 2024 Dehradun.pdf,31,[1100 |Denmabrasion Face aszas_ sao [>],1100 |Denmabrasion Face aszas_ sao [>,,,,,,0.35,True
Dehradun,17062025150705_CGHS Rates 2024 Dehradun.pdf,31,[1101 —Jupto 30% Bums 1st Dressing —————————iiss_——iis dP,1101 —Jupto 30% Bums 1st Dressing —————————iiss_——iis dP,,,,,,0.35,True
Dehradun,17062025150705_CGHS Rates 2024 Dehradun.pdf,31,[1102 upto 30% Buns Subsequent Dressing ing [as__——f) SS,1102 upto 30% Buns Subsequent Dressing ing [as__——f) SS,,,,,,0.35,True
Dehradun,17062025150705_CGHS Rates 2024 Dehradun.pdf,31,[1103 —]30%6 to 50%6 Bums Ist Dressing issn),1103 —]30%6 to 50%6 Bums Ist Dressing issn),,,,,,0.35,True
Dehradun,17062025150705_CGHS Rates 2024 Dehradun.pdf,31,[1104] 30% to 50%6 Bums Subsequent Dressing isis |@ |,1104] 30% to 50%6 Bums Subsequent Dressing isis |@,,,,,,0.35,True
Dehradun,17062025150705_CGHS Rates 2024 Dehradun.pdf,31,[1105 Extensive Bum above 509% Feist Dresing [a7 [aly J@,1105 Extensive Bum above 509% Feist Dresing [a7 [aly J@,,,,,,0.35,True
Dehradun,17062025150705_CGHS Rates 2024 Dehradun.pdf,31,[1106 [Extensive Bum -above 80% Subsequent dressing [1932 [|__| ‘TREATMENT PROCEDURE ORTHOPAEDICS Non- NABH / ‘NABH /NABL |Remarks 'Non- NABL Rates| Rates in Rupee in Rupee,1106 [Extensive Bum -above 80% Subsequent dressing [1932 [|__| ‘TREATMENT PROCEDURE ORTHOPAEDICS Non- NABH / ‘NABH /NABL |Remarks 'Non- NABL Rates| Rates in Rupee in Rupee,,,,nabh,,0.35,True
Dehradun,17062025150705_CGHS Rates 2024 Dehradun.pdf,31,[707 Plaster Work dss is CS,707 Plaster Work dss is CS,,,,,,0.35,True
Dehradun,17062025150705_CGHS Rates 2024 Dehradun.pdf,31,[110s Fingers posts) asp,110s Fingers posts) asp,,,,,,0.35,True
Dehradun,17062025150705_CGHS Rates 2024 Dehradun.pdf,31,[1109 [Fingers tullplaster (isis,1109 [Fingers tullplaster (isis,,,,,,0.35,True
Dehradun,17062025150705_CGHS Rates 2024 Dehradun.pdf,31,[1110 [Colles Fracture - Below elbow Joss,1110 [Colles Fracture - Below elbow Joss,,,,,,0.35,True
Dehradun,17062025150705_CGHS Rates 2024 Dehradun.pdf,31,[1111 —|CollesFracture=Full plaster —__fooa——fas Si SCS,1111 —|CollesFracture=Full plaster —__fooa——fas Si SCS,,,,,,0.35,True
Dehradun,17062025150705_CGHS Rates 2024 Dehradun.pdf,31,[1112 | Colles fracture Aut. Or post slab |400_ [60 [|_|,1112 | Colles fracture Aut. Or post slab |400_ [60 [|_,,,,,,0.35,True
Dehradun,17062025150705_CGHS Rates 2024 Dehradun.pdf,31,[1113 Above elbow fullplaser irs fis),1113 Above elbow fullplaser irs fis),,,,,,0.35,True
Dehradun,17062025150705_CGHS Rates 2024 Dehradun.pdf,31,[1114 [above Knee postslab_—]ss_ ass,1114 [above Knee postslab_—]ss_ ass,,,,,,0.35,True
Dehradun,17062025150705_CGHS Rates 2024 Dehradun.pdf,31,[1115 —|Below Knee full plaster asus [>,1115 —|Below Knee full plaster asus [>,,,,,,0.35,True
Dehradun,17062025150705_CGHS Rates 2024 Dehradun.pdf,31,[1116 ]BelowKuee post-slab mses,1116 ]BelowKuee post-slab mses,,,,,,0.35,True
Dehradun,17062025150705_CGHS Rates 2024 Dehradun.pdf,31,[1117 — Tube Plaster (or plaster cylinde) ]s00_ [20 |_|,1117 — Tube Plaster (or plaster cylinde) ]s00_ [20 |_,,,,,,0.35,True
Dehradun,17062025150705_CGHS Rates 2024 Dehradun.pdf,31,[111s JAbovekaee fullplater ngs uss,111s JAbovekaee fullplater ngs uss,,,,,,0.35,True
Dehradun,17062025150705_CGHS Rates 2024 Dehradun.pdf,31,[1119 Above knee ful slab aise [issn_——sP SSC,1119 Above knee ful slab aise [issn_——sP SSC,,,,,,0.35,True
Dehradun,17062025150705_CGHS Rates 2024 Dehradun.pdf,31,[1120 |Minervaacket tsar,1120 |Minervaacket tsar,,,,,,0.35,True
Dehradun,17062025150705_CGHS Rates 2024 Dehradun.pdf,31,[1131 |Pistersacker ssa,1131 |Pistersacker ssa,,,,,,0.35,True
Dehradun,17062025150705_CGHS Rates 2024 Dehradun.pdf,31,[1122 |Shoulderspiea 9s pas,1122 |Shoulderspiea 9s pas,,,,,,0.35,True
Dehradun,17062025150705_CGHS Rates 2024 Dehradun.pdf,31,[1123 [Single Hip spew aaa ps9,1123 [Single Hip spew aaa ps9,,,,,,0.35,True
Dehradun,17062025150705_CGHS Rates 2024 Dehradun.pdf,31,[1124 Double Hip spice i080 SiS CS,1124 Double Hip spice i080 SiS CS,,,,,,0.35,True
Dehradun,17062025150705_CGHS Rates 2024 Dehradun.pdf,31,[1125 [Swapping of Finger ia aos [>,1125 [Swapping of Finger ia aos [>,,,,,,0.35,True
Dehradun,17062025150705_CGHS Rates 2024 Dehradun.pdf,31,[1126 |suapping of Toes aso____pon__ |),1126 |suapping of Toes aso____pon__ |),,,,,,0.35,True
Dehradun,17062025150705_CGHS Rates 2024 Dehradun.pdf,31,[1127 —|Suapping of Waist a0 aos,1127 —|Suapping of Waist a0 aos,,,,,,0.35,True
Dehradun,17062025150705_CGHS Rates 2024 Dehradun.pdf,31,[1128 |Swapping of Elbow pe sors,1128 |Swapping of Elbow pe sors,,,,,,0.35,True
Dehradun,17062025150705_CGHS Rates 2024 Dehradun.pdf,31,[1129 —|Suapping ofKaee sis,1129 —|Suapping ofKaee sis,,,,,,0.35,True
Dehradun,17062025150705_CGHS Rates 2024 Dehradun.pdf,31,[1130 |Suapping oFankle das ise CS,1130 |Suapping oFankle das ise CS,,,,,,0.35,True
Dehradun,17062025150705_CGHS Rates 2024 Dehradun.pdf,31,[1131 |Swapping of Chest aoa,1131 |Swapping of Chest aoa,,,,,,0.35,True
Dehradun,17062025150705_CGHS Rates 2024 Dehradun.pdf,31,[1132 |Swapping of Shoulder |sis___ [ssa [>|,1132 |Swapping of Shoulder |sis___ [ssa [>,,,,,,0.35,True
Dehradun,17062025150705_CGHS Rates 2024 Dehradun.pdf,31,[1133 [Figure of Sbandage ——__|sis___ 96),1133 [Figure of Sbandage ——__|sis___ 96),,,,,,0.35,True
Dehradun,17062025150705_CGHS Rates 2024 Dehradun.pdf,31,[1134 |Collarand euifsling ass soo [>],1134 |Collarand euifsling ass soo [>,,,,,,0.35,True
Dehradun,17062025150705_CGHS Rates 2024 Dehradun.pdf,31,[1135 [Ball bandage ~~ i CS,1135 [Ball bandage ~~ i CS,,,,,,0.35,True
Dehradun,17062025150705_CGHS Rates 2024 Dehradun.pdf,31,[:136 [Application oFPOP Casts for Upper STowertimbs [ess [es,:136 [Application oFPOP Casts for Upper STowertimbs [ess [es,,,,,,0.35,True
Dehradun,17062025150705_CGHS Rates 2024 Dehradun.pdf,32,[1137 [Applicaton of Functional CastBrace [180s,1137 [Applicaton of Functional CastBrace [180s,,,,,,0.35,True
Dehradun,17062025150705_CGHS Rates 2024 Dehradun.pdf,32,[1138 [Application of Skin Traction oso. [794 [-],1138 [Application of Skin Traction oso. [794 [-,,,,,,0.35,True
Dehradun,17062025150705_CGHS Rates 2024 Dehradun.pdf,32,[1139 [Application of Skeletal Trctions |u|),1139 [Application of Skeletal Trctions |u|),,,,,,0.35,True
Dehradun,17062025150705_CGHS Rates 2024 Dehradun.pdf,32,[1140 [Bandage & Stappings for Fraowres —_|ssz__ [ass |),1140 [Bandage & Stappings for Fraowres —_|ssz__ [ass |),,,,,,0.35,True
Dehradun,17062025150705_CGHS Rates 2024 Dehradun.pdf,32,[1141 [Aspiration & tara Aneular Injections _|s75_ aoa |,1141 [Aspiration & tara Aneular Injections _|s75_ aoa,,,,,,0.35,True
Dehradun,17062025150705_CGHS Rates 2024 Dehradun.pdf,32,[1142 Application oFPOP Spiees & Jackets Jaa Jasa__|@ |,1142 Application oFPOP Spiees & Jackets Jaa Jasa__|@,,,,,,0.35,True
Dehradun,17062025150705_CGHS Rates 2024 Dehradun.pdf,32,[1143 close Reduction of Fractures ofLimb & POP 2600 [2990 [| |,1143 close Reduction of Fractures ofLimb & POP 2600 [2990,,,,,,0.35,True
Dehradun,17062025150705_CGHS Rates 2024 Dehradun.pdf,32,[1144 |Reduction of Compound Fractures 2760 [sima_——sfP,1144 |Reduction of Compound Fractures 2760 [sima_——sfP,,,,,,0.35,True
Dehradun,17062025150705_CGHS Rates 2024 Dehradun.pdf,32,1145 Open Reduction & Internal Fixation (ORIF) of 5175 5951,1145 Open Reduction & Internal Fixation (ORIF) of,5951,5175,,,,0.72,False
Dehradun,17062025150705_CGHS Rates 2024 Dehradun.pdf,32,Open Reduction of fracture of Long Bones of Upper / 8050 9258,Open Reduction of fracture of Long Bones of Upper /,9258,8050,,,,0.72,False
Dehradun,17062025150705_CGHS Rates 2024 Dehradun.pdf,32,1147 [Open Reduction of fracture of Long Bones of Upper/ [9660 11109,1147 [Open Reduction of fracture of Long Bones of Upper/ [9660,,,11109,,,0.5,True
Dehradun,17062025150705_CGHS Rates 2024 Dehradun.pdf,32,[Tae [Tension Band Wirings ———_______|sa88_____ aso >,Tae [Tension Band Wirings ———_______|sa88_____ aso >,,,,,,0.35,True
Dehradun,17062025150705_CGHS Rates 2024 Dehradun.pdf,32,[1149 Bone Grating dn rs,1149 Bone Grating dn rs,,,,,,0.35,True
Dehradun,17062025150705_CGHS Rates 2024 Dehradun.pdf,32,[1150 [Excision of one Tumours 6900 [vss [|__|,1150 [Excision of one Tumours 6900 [vss [|__,,,,,,0.35,True
Dehradun,17062025150705_CGHS Rates 2024 Dehradun.pdf,32,[HS1_[Escson or ote Operon TorSepian Facies [rigs [s=66 [|,HS1_[Escson or ote Operon TorSepian Facies [rigs [s=66,,,,,,0.35,True
Dehradun,17062025150705_CGHS Rates 2024 Dehradun.pdf,32,[1152 _|Sequestrestomy & Saveeriaion 6800. [ras |) |,1152 _|Sequestrestomy & Saveeriaion 6800. [ras |),,,,,,0.35,True
Dehradun,17062025150705_CGHS Rates 2024 Dehradun.pdf,32,[1153 | Seqvestrectomy & Saucerizatons Anroromy —_|9971___[aet™__ |),1153 | Seqvestrectomy & Saucerizatons Anroromy —_|9971___[aet™__ |),,,,,,0.35,True
Dehradun,17062025150705_CGHS Rates 2024 Dehradun.pdf,32,[1154] Miliple Pinning Fracture Neck Femur uaso9_[1s235[|/,1154] Miliple Pinning Fracture Neck Femur uaso9_[1s235[|/,,,,,,0.35,True
Dehradun,17062025150705_CGHS Rates 2024 Dehradun.pdf,32,[1155 [Plate Fixaions for Fracture Neck Femur 1380018895) |,1155 [Plate Fixaions for Fracture Neck Femur 1380018895),,,,,,0.35,True
Dehradun,17062025150705_CGHS Rates 2024 Dehradun.pdf,32,1156 AO Compression Procedures for Fracture Neck 16560 19044,1156 AO Compression Procedures for Fracture Neck,19044,16560,,,,0.72,False
Dehradun,17062025150705_CGHS Rates 2024 Dehradun.pdf,32,1157 Open Reduction of Fracture Neck Femur Muscle 19500 22425,1157 Open Reduction of Fracture Neck Femur Muscle,22425,19500,,,,0.72,False
Dehradun,17062025150705_CGHS Rates 2024 Dehradun.pdf,32,[7158 [Clore Reduction ofDisosations_— 37a [nas0__[|/,7158 [Clore Reduction ofDisosations_— 37a [nas0__[|/,,,,,,0.35,True
Dehradun,17062025150705_CGHS Rates 2024 Dehradun.pdf,32,[1159] Open Reduction of Dislocations a9 sss fP@,1159] Open Reduction of Dislocations a9 sss fP@,,,,,,0.35,True
Dehradun,17062025150705_CGHS Rates 2024 Dehradun.pdf,32,Open Reduction & Internal Fixation (ORIF) of 13500 15525,Open Reduction & Internal Fixation (ORIF) of,15525,13500,,,,0.72,False
Dehradun,17062025150705_CGHS Rates 2024 Dehradun.pdf,32,[716i —|Neuroysis(Nerve repair ————————————~iO————ivseo C—S,716i —|Neuroysis(Nerve repair ————————————~iO————ivseo C—S,,,,,,0.35,True
Dehradun,17062025150705_CGHS Rates 2024 Dehradun.pdf,32,[1162 ]Nerve Repair with Grating —___]16675____[1si76___ [|_|,1162 ]Nerve Repair with Grating —___]16675____[1si76___ [|_,,,,,,0.35,True
Dehradun,17062025150705_CGHS Rates 2024 Dehradun.pdf,32,[1163 [Tendon with Transplant or Gaal ]03s0_[u903_ |) |,1163 [Tendon with Transplant or Gaal ]03s0_[u903_ |),,,,,,0.35,True
Dehradun,17062025150705_CGHS Rates 2024 Dehradun.pdf,32,[1161 [Tendon Lengthening/Tendon repair —|soso__ ose |,1161 [Tendon Lengthening/Tendon repair —|soso__ ose,,,,,,0.35,True
Dehradun,17062025150705_CGHS Rates 2024 Dehradun.pdf,32,[165 [rendon Transfer dls ss,165 [rendon Transfer dls ss,,,,,,0.35,True
Dehradun,17062025150705_CGHS Rates 2024 Dehradun.pdf,32,[1166 ]aminestomy Excision Disc and Tumours |aes0__ [sass |) SS,1166 ]aminestomy Excision Disc and Tumours |aes0__ [sass |) SS,,,,,,0.35,True
Dehradun,17062025150705_CGHS Rates 2024 Dehradun.pdf,32,[1167 | Spit Osteotomy and femal Fixations_—__]2a1s0_____[a773___ | |,1167 | Spit Osteotomy and femal Fixations_—__]2a1s0_____[a773___,,,,,,0.35,True
Dehradun,17062025150705_CGHS Rates 2024 Dehradun.pdf,32,Anterolateral decompression for tuberculosis/ Costo- 3450 3968,Anterolateral decompression for tuberculosis/ Costo-,3968,3450,,,,0.72,False
Dehradun,17062025150705_CGHS Rates 2024 Dehradun.pdf,32,[7169 — [anterolateral Decompression and Spine Fusion 19880 [aaas5___f|@,7169 — [anterolateral Decompression and Spine Fusion 19880 [aaas5___f|@,,,,,,0.35,True
Dehradun,17062025150705_CGHS Rates 2024 Dehradun.pdf,32,1170 Corrective Osteotomy & Internal Fixation- short 13800 15870,1170 Corrective Osteotomy & Internal Fixation- short,15870,13800,,,,0.72,False
Dehradun,17062025150705_CGHS Rates 2024 Dehradun.pdf,32,1171 Corrective Osteotomy & Internal Fixation- long 12696,1171 Corrective Osteotomy & Internal Fixation- long,,,12696,,,0.5,True
Dehradun,17062025150705_CGHS Rates 2024 Dehradun.pdf,32,[1175 —|Anhrodesis of- MinorToins—___|0s80__[ugs_____ [>,1175 —|Anhrodesis of- MinorToins—___|0s80__[ugs_____ [>,,,,,,0.35,True
Dehradun,17062025150705_CGHS Rates 2024 Dehradun.pdf,32,[1173 Abrodesis of-MajorJoiats|40000_[11s00__|_|,1173 Abrodesis of-MajorJoiats|40000_[11s00__|_,,,,,,0.35,True
Dehradun,17062025150705_CGHS Rates 2024 Dehradun.pdf,32,1174 | Soft Tissue Operations for Congenital Talipes 8050 9258 momen,Soft Tissue Operations for Congenital Talipes 8050 9258 momen,,,,,,0.35,True
Dehradun,17062025150705_CGHS Rates 2024 Dehradun.pdf,32,[1175 —|Sof Tissue Operations or Foe eso. [rss,1175 —|Sof Tissue Operations or Foe eso. [rss,,,,,,0.35,True
Dehradun,17062025150705_CGHS Rates 2024 Dehradun.pdf,32,[1176 |Htemianroplsty-Hip___—_ 2000023000],1176 |Htemianroplsty-Hip___—_ 2000023000,,,,,,0.35,True
Dehradun,17062025150705_CGHS Rates 2024 Dehradun.pdf,32,[1177 |Hfemiathroplasty- Shoulder 2000023000 [,1177 |Hfemiathroplasty- Shoulder 2000023000,,,,,,0.35,True
Dehradun,17062025150705_CGHS Rates 2024 Dehradun.pdf,32,[1178 Operations for Brachial Plexus & Caneel RIbJauiso [27773 |),1178 Operations for Brachial Plexus & Caneel RIbJauiso [27773 |),,,,,,0.35,True
Dehradun,17062025150705_CGHS Rates 2024 Dehradun.pdf,32,[1179 JAmputations -BelowKuee ——————~*di6900 reas,1179 JAmputations -BelowKuee ——————~*di6900 reas,,,,,,0.35,True
Dehradun,17062025150705_CGHS Rates 2024 Dehradun.pdf,32,[1180 |Amputations-Below Elbow sax [7369 [|_|,1180 |Amputations-Below Elbow sax [7369 [|_,,,,,,0.35,True
Dehradun,17062025150705_CGHS Rates 2024 Dehradun.pdf,32,[1181 —Amputations- Above Knee |s0s0__ ass),1181 —Amputations- Above Knee |s0s0__ ass),,,,,,0.35,True
Dehradun,17062025150705_CGHS Rates 2024 Dehradun.pdf,32,[1182 [Amputations Above Flbow Joss [7369 [|_|,1182 [Amputations Above Flbow Joss [7369 [|_,,,,,,0.35,True
Dehradun,17062025150705_CGHS Rates 2024 Dehradun.pdf,33,[[183—[Ampatations-Forequater [isa [rsso—,183—[Ampatations-Forequater [isa [rsso—,,,,,,0.35,True
Dehradun,17062025150705_CGHS Rates 2024 Dehradun.pdf,33,[1184 —|Amputations “Hind Quarter and Hemipelvestomy [1800 [ai6o_ [|],1184 —|Amputations “Hind Quarter and Hemipelvestomy [1800 [ai6o_,,,,,,0.35,True
Dehradun,17062025150705_CGHS Rates 2024 Dehradun.pdf,33,[1185 [Disariculations-Majorjoint_——_——_———‘(20700 pasos),1185 [Disariculations-Majorjoint_——_——_———‘(20700 pasos),,,,,,0.35,True
Dehradun,17062025150705_CGHS Rates 2024 Dehradun.pdf,33,[1186 |Disariculations Minor joint ]a6s0___[uasas___ [|_|,1186 |Disariculations Minor joint ]a6s0___[uasas___ [|_,,,,,,0.35,True
Dehradun,17062025150705_CGHS Rates 2024 Dehradun.pdf,33,[1187 Jarbrography ——————SSSSSSS—~d200 soso iP iS,1187 Jarbrography ——————SSSSSSS—~d200 soso iP iS,,,,,,0.35,True
Dehradun,17062025150705_CGHS Rates 2024 Dehradun.pdf,33,[1186 Jartroscopy -Disgnontie —]ases__ossa [| _,1186 Jartroscopy -Disgnontie —]ases__ossa [| _,,,,,,0.35,True
Dehradun,17062025150705_CGHS Rates 2024 Dehradun.pdf,33,[1189 —Jarturoscopy therapeutic: without implant 10000_[usoo_ [|],1189 —Jarturoscopy therapeutic: without implant 10000_[usoo_,,,,,,0.35,True
Dehradun,17062025150705_CGHS Rates 2024 Dehradun.pdf,33,[1190 [Arthroscopy-therapeutic: with implant _]7250 [13g [|__|,1190 [Arthroscopy-therapeutic: with implant _]7250 [13g [|__,,,,,,0.35,True
Dehradun,17062025150705_CGHS Rates 2024 Dehradun.pdf,33,[1191 —|Sof Tissue Operation on Joints Small 6000 [7935 [|__|,1191 —|Sof Tissue Operation on Joints Small 6000 [7935 [|__,,,,,,0.35,True
Dehradun,17062025150705_CGHS Rates 2024 Dehradun.pdf,33,[1192 | Sef Tissue Operation on Joints Large |13500____[1sso8__fP$ ——S—S,1192 | Sef Tissue Operation on Joints Large |13500____[1sso8__fP$ ——S—S,,,,,,0.35,True
Dehradun,17062025150705_CGHS Rates 2024 Dehradun.pdf,33,1193 |Myocutaneous and Fasciocutaneous Flap Procedures 18630 21425 tm or ee Pe,Myocutaneous and Fasciocutaneous Flap Procedures 18630 21425 tm or ee Pe,,,,,,0.35,True
Dehradun,17062025150705_CGHS Rates 2024 Dehradun.pdf,33,[7194 Removal of Wires © Screw (60S,7194 Removal of Wires © Screw (60S,,,,,,0.35,True
Dehradun,17062025150705_CGHS Rates 2024 Dehradun.pdf,33,[1195 ]Removal ofPltes aaron,1195 ]Removal ofPltes aaron,,,,,,0.35,True
Dehradun,17062025150705_CGHS Rates 2024 Dehradun.pdf,33,[1196 Total Hip Replacement (HR) 79000 ooss0—_[-_],1196 Total Hip Replacement (HR) 79000 ooss0—_[-_,,,,,,0.35,True
Dehradun,17062025150705_CGHS Rates 2024 Dehradun.pdf,33,[1197 [Total Ankle Joint Replacement (TAR) _|9s00 [109710],1197 [Total Ankle Joint Replacement (TAR) _|9s00 [109710,,,,,,0.35,True
Dehradun,17062025150705_CGHS Rates 2024 Dehradun.pdf,33,[1198 Total Knee oint Replacement (TKR) 140000 [136500 [|_|,1198 Total Knee oint Replacement (TKR) 140000 [136500 [|_,,,,,,0.35,True
Dehradun,17062025150705_CGHS Rates 2024 Dehradun.pdf,33,[1199 [Tota ShoulderJoint Replacement ]79000 [90850 [|_|,1199 [Tota ShoulderJoint Replacement ]79000 [90850 [|_,,,,,,0.35,True
Dehradun,17062025150705_CGHS Rates 2024 Dehradun.pdf,33,[1200 [Total Elbow Foiat Replacement }79000[90so___ |_|,1200 [Total Elbow Foiat Replacement }79000[90so___ |_,,,,,,0.35,True
Dehradun,17062025150705_CGHS Rates 2024 Dehradun.pdf,33,[1201 Total Wiist Joint Replacement | 100000[11s009____ [|__|,1201 Total Wiist Joint Replacement | 100000[11s009____ [|__,,,,,,0.35,True
Dehradun,17062025150705_CGHS Rates 2024 Dehradun.pdf,33,[1202 [Tota iawer joint seplacement 20000 [23000 [|_|,1202 [Tota iawer joint seplacement 20000 [23000 [|_,,,,,,0.35,True
Dehradun,17062025150705_CGHS Rates 2024 Dehradun.pdf,33,[1203 [Tubular extemal ator soo [290 [|],1203 [Tubular extemal ator soo [290,,,,,,0.35,True
Dehradun,17062025150705_CGHS Rates 2024 Dehradun.pdf,33,[1204 —|lizarow's extemal xator 7763 |soa7___ [|,1204 —|lizarow's extemal xator 7763 |soa7___,,,,,,0.35,True
Dehradun,17062025150705_CGHS Rates 2024 Dehradun.pdf,33,[1205 Pelvi-acetabular facture Taternal ation |e [9919 [|],1205 Pelvi-acetabular facture Taternal ation |e [9919,,,,,,0.35,True
Dehradun,17062025150705_CGHS Rates 2024 Dehradun.pdf,33,[1206 ]Meniseectomy SS *dn00 seo,1206 ]Meniseectomy SS *dn00 seo,,,,,,0.35,True
Dehradun,17062025150705_CGHS Rates 2024 Dehradun.pdf,33,[1207 Meniscus Repair |10000[1soo—__ [|,1207 Meniscus Repair |10000[1soo—__,,,,,,0.35,True
Dehradun,17062025150705_CGHS Rates 2024 Dehradun.pdf,33,[208 [ase CsareremmeTACET RIOR [aso pms,208 [ase CsareremmeTACET RIOR [aso pms,,,,,,0.35,True
Dehradun,17062025150705_CGHS Rates 2024 Dehradun.pdf,33,[1209 _[Posteior Cruciate Figament (PCI) Reconstruction [13500 [issas,1209 _[Posteior Cruciate Figament (PCI) Reconstruction [13500 [issas,,,,,,0.35,True
Dehradun,17062025150705_CGHS Rates 2024 Dehradun.pdf,33,[7310 _ | Rnee Collateral Ligament Reconstniction | 1a500_____[rasrs___fP$ SSS,7310 _ | Rnee Collateral Ligament Reconstniction | 1a500_____[rasrs___fP$ SSS,,,,,,0.35,True
Dehradun,17062025150705_CGHS Rates 2024 Dehradun.pdf,33,[1211 —]Bankart Repair Shoulder [is00 [sis [-],1211 —]Bankart Repair Shoulder [is00 [sis [-,,,,,,0.35,True
Dehradun,17062025150705_CGHS Rates 2024 Dehradun.pdf,33,[1212 |Rotator cuffrepair / RC repair ——————————Ysoo as iP,1212 |Rotator cuffrepair / RC repair ——————————Ysoo as iP,,,,,,0.35,True
Dehradun,17062025150705_CGHS Rates 2024 Dehradun.pdf,33,[1213 Biceps enodesis ico uno,1213 Biceps enodesis ico uno,,,,,,0.35,True
Dehradun,17062025150705_CGHS Rates 2024 Dehradun.pdf,33,[1214 [Distal beeps tendon repair ]oss0____ [usa [> |,1214 [Distal beeps tendon repair ]oss0____ [usa [>,,,,,,0.35,True
Dehradun,17062025150705_CGHS Rates 2024 Dehradun.pdf,33,[1215 Janbrotysis knee ———————————2s00 rasp,1215 Janbrotysis knee ———————————2s00 rasp,,,,,,0.35,True
Dehradun,17062025150705_CGHS Rates 2024 Dehradun.pdf,33,[1216 |Capsulotomy of Shoulder ]18800_[rsio_ [|_|,1216 |Capsulotomy of Shoulder ]18800_[rsio_ [|_,,,,,,0.35,True
Dehradun,17062025150705_CGHS Rates 2024 Dehradun.pdf,33,[1217 | Conservative Plaster of Paris POP) 1200 [isso [|_|,1217 | Conservative Plaster of Paris POP) 1200 [isso [|_,,,,,,0.35,True
Dehradun,17062025150705_CGHS Rates 2024 Dehradun.pdf,33,[1218 [Application for CTEV persiting _—ig00[1sg0_ |),1218 [Application for CTEV persiting _—ig00[1sg0_ |),,,,,,0.35,True
Dehradun,17062025150705_CGHS Rates 2024 Dehradun.pdf,33,[1219 [Tota Hip Replacement (THR) Revision Swget [17000 [19580 [|__|,1219 [Tota Hip Replacement (THR) Revision Swget [17000 [19580 [|__,,,,,,0.35,True
Dehradun,17062025150705_CGHS Rates 2024 Dehradun.pdf,33,[1220 [Tota Hip Replacement (THR) Revision Stge-M |s0000_[s7500__[ |,1220 [Tota Hip Replacement (THR) Revision Stge-M |s0000_[s7500__,,,,,,0.35,True
Dehradun,17062025150705_CGHS Rates 2024 Dehradun.pdf,33,[221 [Toa aes Replacement (TKR) Revision Sse s000 —[wmso |,221 [Toa aes Replacement (TKR) Revision Sse s000 —[wmso,,,,,,0.35,True
Dehradun,17062025150705_CGHS Rates 2024 Dehradun.pdf,33,[7225 _ [Total Kase Replacement (TER) Revision Saget [S800 _|aoas0___ |),7225 _ [Total Kase Replacement (TER) Revision Saget [S800 _|aoas0___ |),,,,,,0.35,True
Dehradun,17062025150705_CGHS Rates 2024 Dehradun.pdf,33,1223 Illizarov/ external fixation for limb lengthening) 12500 14375 [ [eeaiverca fT,1223 Illizarov/ external fixation for limb lengthening) 12500 14375 [ [eeaiverca fT,,,,,,0.35,True
Dehradun,17062025150705_CGHS Rates 2024 Dehradun.pdf,33,[724 Discectomy/ Micro Disestomy —ias00____[rasrg——P,724 Discectomy/ Micro Disestomy —ias00____[rasrg——P,,,,,,0.35,True
Dehradun,17062025150705_CGHS Rates 2024 Dehradun.pdf,33,[1295 framinestomy its sins i Cid [eee fee ee [esse cosine et,1295 framinestomy its sins i Cid [eee fee ee [esse cosine et,,,,,,0.35,True
Dehradun,17062025150705_CGHS Rates 2024 Dehradun.pdf,33,1228 [Spinal Fusion Surgery Cervical/ Lumbar Spine -More | 12000 13800 [ass Oe,1228 [Spinal Fusion Surgery Cervical/ Lumbar Spine -More | 12000 13800 [ass Oe,,,,,,0.35,True
Dehradun,17062025150705_CGHS Rates 2024 Dehradun.pdf,33,[7229 | scoliosis Surgery/ Deformity Comrection of Spine |25000_____[25750__ [|_|,7229 | scoliosis Surgery/ Deformity Comrection of Spine |25000_____[25750__ [|_,,,,,,0.35,True
Dehradun,17062025150705_CGHS Rates 2024 Dehradun.pdf,33,[1330 ]venebroplasty ———*dz000—fus800 P|,1330 ]venebroplasty ———*dz000—fus800 P,,,,,,0.35,True
Dehradun,17062025150705_CGHS Rates 2024 Dehradun.pdf,33,[1231 [spina injections ]as0__|sis___[- ],1231 [spina injections ]as0__|sis___[-,,,,,,0.35,True
Dehradun,17062025150705_CGHS Rates 2024 Dehradun.pdf,34,1233 Proximal Femur Nail (PFN) for IT fracture 14000,1233 Proximal Femur Nail (PFN) for IT fracture,,,14000,,,0.5,True
Dehradun,17062025150705_CGHS Rates 2024 Dehradun.pdf,34,[7354 —|spinal Osteotomy i sivas CS,7354 —|spinal Osteotomy i sivas CS,,,,,,0.35,True
Dehradun,17062025150705_CGHS Rates 2024 Dehradun.pdf,34,[1235 |Mlizarov's /Extemal Fraion for Trauma 13000__[14950.___ [|__|,1235 |Mlizarov's /Extemal Fraion for Trauma 13000__[14950.___ [|__,,,,,,0.35,True
Dehradun,17062025150705_CGHS Rates 2024 Dehradun.pdf,34,[1236 | Soft Tissue Operations for Polio’ Cerebral Palyy [10587 [12820 [|],1236 | Soft Tissue Operations for Polio’ Cerebral Palyy [10587 [12820,,,,,,0.35,True
Dehradun,17062025150705_CGHS Rates 2024 Dehradun.pdf,34,[1237] Mini Fixator for HandFoot 9000 [voaso_,1237] Mini Fixator for HandFoot 9000 [voaso_,,,,,,0.35,True
Dehradun,17062025150705_CGHS Rates 2024 Dehradun.pdf,34,[1236 | ter Major Surgery-Onhopedics __]82s0 4000 [|_|,1236 | ter Major Surgery-Onhopedics __]82s0 4000 [|_,,,,,,0.35,True
Dehradun,17062025150705_CGHS Rates 2024 Dehradun.pdf,34,[1239 | Other Minor Surgery-Onthopedics use [1s980__|,1239 | Other Minor Surgery-Onthopedics use [1s980__,,,,,,0.35,True
Dehradun,17062025150705_CGHS Rates 2024 Dehradun.pdf,34,[7240 |Uitasonieterpy i Sid CCS,7240 |Uitasonieterpy i Sid CCS,,,,,,0.35,True
Dehradun,17062025150705_CGHS Rates 2024 Dehradun.pdf,34,[1241 _|shorwave Diathemay (SW) ys Joo.),1241 _|shorwave Diathemay (SW) ys Joo.),,,,,,0.35,True
Dehradun,17062025150705_CGHS Rates 2024 Dehradun.pdf,34,1242 Electrical stimulation (therapeutic)/ Interferential 78,1242 Electrical stimulation (therapeutic)/ Interferential,,,78,,,0.5,True
Dehradun,17062025150705_CGHS Rates 2024 Dehradun.pdf,34,[7245 _[Muscte testing and dingnoatie [rss,7245 _[Muscte testing and dingnoatie [rss,,,,,,0.35,True
Dehradun,17062025150705_CGHS Rates 2024 Dehradun.pdf,34,[1245 | Uitaviotet Therapeutic (OV Therapewticydose ss [arp —————*d,1245 | Uitaviotet Therapeutic (OV Therapewticydose ss [arp —————*d,,,,,,0.35,True
Dehradun,17062025150705_CGHS Rates 2024 Dehradun.pdf,34,[1246 ]intemitent LumbarTacton fsa),1246 ]intemitent LumbarTacton fsa),,,,,,0.35,True
Dehradun,17062025150705_CGHS Rates 2024 Dehradun.pdf,34,[1247 —]latennitent Cervical wastion [v5 |ss_—f)@ SS,1247 —]latennitent Cervical wastion [v5 |ss_—f)@ SS,,,,,,0.35,True
Dehradun,17062025150705_CGHS Rates 2024 Dehradun.pdf,34,[1249 _}Hforpack 0,1249 _}Hforpack,,,0,,,0.5,True
Dehradun,17062025150705_CGHS Rates 2024 Dehradun.pdf,34,[1250 Breathing Fxercies © Postural Damage |s0_____ [ss,1250 Breathing Fxercies © Postural Damage |s0_____ [ss,,,,,,0.35,True
Dehradun,17062025150705_CGHS Rates 2024 Dehradun.pdf,34,[1251 |erbalPay—eserise ——*dS0— is,1251 |erbalPay—eserise ——*dS0— is,,,,,,0.35,True
Dehradun,17062025150705_CGHS Rates 2024 Dehradun.pdf,34,[1252 ]Post— polio exercise ]so___[ss____[,1252 ]Post— polio exercise ]so___[ss____,,,,,,0.35,True
Dehradun,17062025150705_CGHS Rates 2024 Dehradun.pdf,34,[1355 |Cobalteothempy | i CY,1355 |Cobalteothempy | i CY,,,,,,0.35,True
Dehradun,17062025150705_CGHS Rates 2024 Dehradun.pdf,34,[1255 | Cobalt 60 therapy- Palliative therapy aus __[as10a____ [|_|,1255 | Cobalt 60 therapy- Palliative therapy aus __[as10a____ [|_,,,,,,0.35,True
Dehradun,17062025150705_CGHS Rates 2024 Dehradun.pdf,34,[1256 ]inearaccelemor | |,1256 ]inearaccelemor,,,,,,0.35,True
Dehradun,17062025150705_CGHS Rates 2024 Dehradun.pdf,34,[1257 Linear accelerator- Radical therapy |s8as0____araus__[|@,1257 Linear accelerator- Radical therapy |s8as0____araus__[|@,,,,,,0.35,True
Dehradun,17062025150705_CGHS Rates 2024 Dehradun.pdf,34,[1258 [Linear accelerator-Palitve therapy —__]azin____soaas____ [|__|,1258 [Linear accelerator-Palitve therapy —__]azin____soaas____ [|__,,,,,,0.35,True
Dehradun,17062025150705_CGHS Rates 2024 Dehradun.pdf,34,[1259 ]SD Planning Radiotherapy |e [sean |,1259 ]SD Planning Radiotherapy |e [sean,,,,,,0.35,True
Dehradun,17062025150705_CGHS Rates 2024 Dehradun.pdf,34,[1260 ]2D Planning Radiotherapy ——_____|asss_____ [soar,1260 ]2D Planning Radiotherapy ——_____|asss_____ [soar,,,,,,0.35,True
Dehradun,17062025150705_CGHS Rates 2024 Dehradun.pdf,34,[1261 —IMRTCatensity Modulated ndiothempyy 100878 [16010 |,1261 —IMRTCatensity Modulated ndiothempyy 100878 [16010,,,,,,0.35,True
Dehradun,17062025150705_CGHS Rates 2024 Dehradun.pdf,34,[1262 ]SRT(stereotactieradiotherapy) 0896 [ross |) |,1262 ]SRT(stereotactieradiotherapy) 0896 [ross |),,,,,,0.35,True
Dehradun,17062025150705_CGHS Rates 2024 Dehradun.pdf,34,[1263 | SRS(Stereotactc radiosurgery) ____]s0sae____ [mes [|__|,1263 | SRS(Stereotactc radiosurgery) ____]s0sae____ [mes [|__,,,,,,0.35,True
Dehradun,17062025150705_CGHS Rates 2024 Dehradun.pdf,34,[1261 [TGR (image guided adiotherspy) —_[1a7o16 [v0 [|_|,1261 [TGR (image guided adiotherspy) —_[1a7o16 [v0 [|_,,,,,,0.35,True
Dehradun,17062025150705_CGHS Rates 2024 Dehradun.pdf,34,[2 feng” uetmewintinerscsseacr [owe ee,2 feng” uetmewintinerscsseacr [owe ee,,,,,,0.35,True
Dehradun,17062025150705_CGHS Rates 2024 Dehradun.pdf,34,[7266 |Eectron beam with Linear aceslertor —____|ora7s_____[rese0.__ [> ——d,7266 |Eectron beam with Linear aceslertor —____|ora7s_____[rese0.__ [> ——d,,,,,,0.35,True
Dehradun,17062025150705_CGHS Rates 2024 Dehradun.pdf,34,[1267 [Tomotieapy SS ——*di 9000 oso |__|,1267 [Tomotieapy SS ——*di 9000 oso |__,,,,,,0.35,True
Dehradun,17062025150705_CGHS Rates 2024 Dehradun.pdf,34,[7265 —|fntacavitary (Brachytherapy) uso [iso ———SS—i,7265 —|fntacavitary (Brachytherapy) uso [iso ———SS—i,,,,,,0.35,True
Dehradun,17062025150705_CGHS Rates 2024 Dehradun.pdf,34,[1269 ]Toterstial (Brachytherapy) —__]s8eso__ [eras |),1269 ]Toterstial (Brachytherapy) —__]s8eso__ [eras |),,,,,,0.35,True
Dehradun,17062025150705_CGHS Rates 2024 Dehradun.pdf,34,[1270 ]Tawaluminal Brachytherapy) vs [ugar |),1270 ]Tawaluminal Brachytherapy) vs [ugar |),,,,,,0.35,True
Dehradun,17062025150705_CGHS Rates 2024 Dehradun.pdf,34,[1271 [Surface mould (Brachytherapy) |aena____|ssan |),1271 [Surface mould (Brachytherapy) |aena____|ssan |),,,,,,0.35,True
Dehradun,17062025150705_CGHS Rates 2024 Dehradun.pdf,35,[i272 [Gadel Water (Brchyihempy) ______——~zessoo =i CSC~*d,i272 [Gadel Water (Brchyihempy) ______——~zessoo =i CSC~*d,,,,,,0.35,True
Dehradun,17062025150705_CGHS Rates 2024 Dehradun.pdf,35,[1273 Neoadjuvant Chemotherapy ————_ises__———_—ijess—SSi] SSC—~Sd,1273 Neoadjuvant Chemotherapy ————_ises__———_—ijess—SSi] SSC—~Sd,,,,,,0.35,True
Dehradun,17062025150705_CGHS Rates 2024 Dehradun.pdf,35,[1274 [Adjuvant Chemotherapy ___——————iyses——id SSC SSCSC~—~*Y,1274 [Adjuvant Chemotherapy ___——————iyses——id SSC SSCSC~—~*Y,,,,,,0.35,True
Dehradun,17062025150705_CGHS Rates 2024 Dehradun.pdf,35,[1275 | Concurrent-chemoradiaon ————___]920_fioss__ | ———*d,1275 | Concurrent-chemoradiaon ————___]920_fioss__ | ———*d,,,,,,0.35,True
Dehradun,17062025150705_CGHS Rates 2024 Dehradun.pdf,35,[1276 [Single drug Chemotherapy [582 Jas | ———_—~id,1276 [Single drug Chemotherapy [582 Jas | ———_—~id,,,,,,0.35,True
Dehradun,17062025150705_CGHS Rates 2024 Dehradun.pdf,35,[1277 [Multiple drugs Chemotherapy ss? }roaa_—-+| ——S—sd,1277 [Multiple drugs Chemotherapy ss? }roaa_—-+| ——S—sd,,,,,,0.35,True
Dehradun,17062025150705_CGHS Rates 2024 Dehradun.pdf,35,[1278 [Targeted therapy-Chemotherapy ____]90_fioss |_|,1278 [Targeted therapy-Chemotherapy ____]90_fioss |_,,,,,,0.35,True
Dehradun,17062025150705_CGHS Rates 2024 Dehradun.pdf,35,[1279 [Chemoportfeeiity ———————————idoa0 aos | id,1279 [Chemoportfeeiity ———————————idoa0 aos | id,,,,,,0.35,True
Dehradun,17062025150705_CGHS Rates 2024 Dehradun.pdf,35,1281 _ [Upper GI Endoscopy (Gastro endoscopy / 1725,1281 _ [Upper GI Endoscopy (Gastro endoscopy /,,,1725,,,0.5,True
Dehradun,17062025150705_CGHS Rates 2024 Dehradun.pdf,35,[1262 _[ Diagnostic endoscopy so ppes_— | Sd,1262 _[ Diagnostic endoscopy so ppes_— | Sd,,,,,,0.35,True
Dehradun,17062025150705_CGHS Rates 2024 Dehradun.pdf,35,[1283 [Endoscopic biopsy iid CCSSCCSC~*Y,1283 [Endoscopic biopsy iid CCSSCCSC~*Y,,,,,,0.35,True
Dehradun,17062025150705_CGHS Rates 2024 Dehradun.pdf,35,[1284 [Endoscopic mucosalreseetion iia iss Ss SCSC—~Sd,1284 [Endoscopic mucosalreseetion iia iss Ss SCSC—~Sd,,,,,,0.35,True
Dehradun,17062025150705_CGHS Rates 2024 Dehradun.pdf,35,[1285 | Oesophageal suiture dilation mas issa__ [|__|,1285 | Oesophageal suiture dilation mas issa__ [|__,,,,,,0.35,True
Dehradun,17062025150705_CGHS Rates 2024 Dehradun.pdf,35,[1286 [Balloon dilatation of achalasia cardia [2875___—‘fss0e_ Sid] SSSSCSC—~d,1286 [Balloon dilatation of achalasia cardia [2875___—‘fss0e_ Sid] SSSSCSC—~d,,,,,,0.35,True
Dehradun,17062025150705_CGHS Rates 2024 Dehradun.pdf,35,[1287 | Gastrointestinal (GIT) Foreign bedyremoval —_[i7235_____fissa____ [|_|,1287 | Gastrointestinal (GIT) Foreign bedyremoval —_[i7235_____fissa____ [|_,,,,,,0.35,True
Dehradun,17062025150705_CGHS Rates 2024 Dehradun.pdf,35,[128s [Oesophagealstenting ——————SSSSSCS—~i 0 ——SCSC—~idSSSCiSCSSSCSCSCSC~SY,128s [Oesophagealstenting ——————SSSSSCS—~i 0 ——SCSC—~idSSSCiSCSSSCSCSCSC~SY,,,,,,0.35,True
Dehradun,17062025150705_CGHS Rates 2024 Dehradun.pdf,35,[1289 [Band ligation of oesophageal varices [2800 assis ——S—~SY,1289 [Band ligation of oesophageal varices [2800 assis ——S—~SY,,,,,,0.35,True
Dehradun,17062025150705_CGHS Rates 2024 Dehradun.pdf,35,[1290 |Sclerotherapy of oesophageal varices _]2500___]>e75_ |,1290 |Sclerotherapy of oesophageal varices _]2500___]>e75_,,,,,,0.35,True
Dehradun,17062025150705_CGHS Rates 2024 Dehradun.pdf,35,[1291 [Glue injection of varices —————————SS—~idiS00 ids Si C—~*d,1291 [Glue injection of varices —————————SS—~idiS00 ids Si C—~*d,,,,,,0.35,True
Dehradun,17062025150705_CGHS Rates 2024 Dehradun.pdf,35,[1292 [Argon plasma coagulation __________|a02s___|as__—-+| ———id,1292 [Argon plasma coagulation __________|a02s___|as__—-+| ———id,,,,,,0.35,True
Dehradun,17062025150705_CGHS Rates 2024 Dehradun.pdf,35,[1293 Pylori balloon dilatation Pars) SS,1293 Pylori balloon dilatation Pars) SS,,,,,,0.35,True
Dehradun,17062025150705_CGHS Rates 2024 Dehradun.pdf,35,[1294 [Eoteranalstenting ——————S—SSCSCSCSCSCSCS—~SGBO Cid CCSSCSSCSCSCSC~*Y,1294 [Eoteranalstenting ——————S—SSCSCSCSCSCSCS—~SGBO Cid CCSSCSSCSCSCSC~*Y,,,,,,0.35,True
Dehradun,17062025150705_CGHS Rates 2024 Dehradun.pdf,35,[1295 Duodenal stricture @ilation foo fuss] SCSC—Sd,1295 Duodenal stricture @ilation foo fuss] SCSC—Sd,,,,,,0.35,True
Dehradun,17062025150705_CGHS Rates 2024 Dehradun.pdf,35,[1296 [Single balloon enterossopy _|4000__|4so0_ |_|,1296 [Single balloon enterossopy _|4000__|4so0_ |_,,,,,,0.35,True
Dehradun,17062025150705_CGHS Rates 2024 Dehradun.pdf,35,[1297 [Double balloon enteroscopy _]3soo__|aoas___| +,1297 [Double balloon enteroscopy _]3soo__|aoas___| +,,,,,,0.35,True
Dehradun,17062025150705_CGHS Rates 2024 Dehradun.pdf,35,[1298 |Capsule endoscopy ——————————d90 ses i,1298 |Capsule endoscopy ——————————d90 ses i,,,,,,0.35,True
Dehradun,17062025150705_CGHS Rates 2024 Dehradun.pdf,35,[1300 [Colonic stricture dilatation 2737 tas,1300 [Colonic stricture dilatation 2737 tas,,,,,,0.35,True
Dehradun,17062025150705_CGHS Rates 2024 Dehradun.pdf,35,[1301 [Hot biopsy forceps procedures [3000 aso,1301 [Hot biopsy forceps procedures [3000 aso,,,,,,0.35,True
Dehradun,17062025150705_CGHS Rates 2024 Dehradun.pdf,35,[1302 [Coloniestenting 2737 tas,1302 [Coloniestenting 2737 tas,,,,,,0.35,True
Dehradun,17062025150705_CGHS Rates 2024 Dehradun.pdf,35,[1303 —[Junetion biopsy —____}2000__]2300 |__|,1303 —[Junetion biopsy —____}2000__]2300 |__,,,,,,0.35,True
Dehradun,17062025150705_CGHS Rates 2024 Dehradun.pdf,35,[1304 [Conjugal microscopy ]000__}a600_ |_|,1304 [Conjugal microscopy ]000__}a600_ |_,,,,,,0.35,True
Dehradun,17062025150705_CGHS Rates 2024 Dehradun.pdf,35,[1305 [Endoscopic sphincterotomy ideas id CCS,1305 [Endoscopic sphincterotomy ideas id CCS,,,,,,0.35,True
Dehradun,17062025150705_CGHS Rates 2024 Dehradun.pdf,35,[1306 [Common Bile Duct (CBD) stone extraction passim? Si C—Sd,1306 [Common Bile Duct (CBD) stone extraction passim? Si C—Sd,,,,,,0.35,True
Dehradun,17062025150705_CGHS Rates 2024 Dehradun.pdf,35,[1307 [Common Bile Duct (CBD) stricture dilatation ___[os00_____|7a7s_—+| ———id,1307 [Common Bile Duct (CBD) stricture dilatation ___[os00_____|7a7s_—+| ———id,,,,,,0.35,True
Dehradun,17062025150705_CGHS Rates 2024 Dehradun.pdf,35,[1305 [Biliarystenting plastic and metalic) |4830__[s585___ [|,1305 [Biliarystenting plastic and metalic) |4830__[s585___,,,,,,0.35,True
Dehradun,17062025150705_CGHS Rates 2024 Dehradun.pdf,35,[1309 [Mechanical lithotripsy of CBD stones______]8000__]9200_ |_|,1309 [Mechanical lithotripsy of CBD stones______]8000__]9200_ |_,,,,,,0.35,True
Dehradun,17062025150705_CGHS Rates 2024 Dehradun.pdf,35,[1310 [Pancreatic sphincteroromy _————SSS—~diSIS——*diSO Ci C—*d,1310 [Pancreatic sphincteroromy _————SSS—~diSIS——*diSO Ci C—*d,,,,,,0.35,True
Dehradun,17062025150705_CGHS Rates 2024 Dehradun.pdf,35,[1311 Pancreatic stricture dilatation —____]s7s0__|eois_| |,1311 Pancreatic stricture dilatation —____]s7s0__|eois_,,,,,,0.35,True
Dehradun,17062025150705_CGHS Rates 2024 Dehradun.pdf,35,[1312 [Pancreatic stone extraction _____iooss_——isduisis —sY SCSC—~SY,1312 [Pancreatic stone extraction _____iooss_——isduisis —sY SCSC—~SY,,,,,,0.35,True
Dehradun,17062025150705_CGHS Rates 2024 Dehradun.pdf,35,[1313 | Mechanical Ithotripsy of pamereaticsiones_[ui385__[13093___ [|_|,1313 | Mechanical Ithotripsy of pamereaticsiones_[ui385__[13093___ [|_,,,,,,0.35,True
Dehradun,17062025150705_CGHS Rates 2024 Dehradun.pdf,35,[1314 [Endoscopic eysto gastrostomy _——~—~* 080 ———S—~sds CP CC~*d,1314 [Endoscopic eysto gastrostomy _——~—~* 080 ———S—~sds CP CC~*d,,,,,,0.35,True
Dehradun,17062025150705_CGHS Rates 2024 Dehradun.pdf,35,[1315 [Balloon dilatation of papilla ]#900___]79ss__-‘| |,1315 [Balloon dilatation of papilla ]#900___]79ss__-‘,,,,,,0.35,True
Dehradun,17062025150705_CGHS Rates 2024 Dehradun.pdf,36,[1317 _[Ukrasound guided abscess Drainage ———~dOSCSC~dSSCSCSC~‘sSC“‘(‘C;*~*',1317 _[Ukrasound guided abscess Drainage ———~dOSCSC~dSSCSCSC~‘sSC“‘(‘C;*~*',,,,,,0.35,True
Dehradun,17062025150705_CGHS Rates 2024 Dehradun.pdf,36,[i518 [PersvaneousTeasepatioBilinny Daioae (PTE) [is fises |i,i518 [PersvaneousTeasepatioBilinny Daioae (PTE) [is fises |i,,,,,,0.35,True
Dehradun,17062025150705_CGHS Rates 2024 Dehradun.pdf,36,[1319 [Dingnosticangiography __————~i00 ~<a Si SSSC—~S,1319 [Dingnosticangiography __————~i00 ~<a Si SSSC—~S,,,,,,0.35,True
Dehradun,17062025150705_CGHS Rates 2024 Dehradun.pdf,36,[1320 [Vascular embolization ]1sio0____|umses___| |,1320 [Vascular embolization ]1sio0____|umses___,,,,,,0.35,True
Dehradun,17062025150705_CGHS Rates 2024 Dehradun.pdf,36,1322 | Inferior vena cava (IVC) Venography and Hepatic 34212 39344 vein (HV) Venography,Inferior vena cava (IVC) Venography and Hepatic 34212 39344 vein (HV) Venography,,,,,,0.35,True
Dehradun,17062025150705_CGHS Rates 2024 Dehradun.pdf,36,[7323 [Musculrstening SSCS TO —Cid SCO CC~*Y,7323 [Musculrstening SSCS TO —Cid SCO CC~*Y,,,,,,0.35,True
Dehradun,17062025150705_CGHS Rates 2024 Dehradun.pdf,36,1324 | Balloon-occluded Retrograde Intravenous 37500 66125 a a,Balloon-occluded Retrograde Intravenous 37500 66125 a a,,,,,,0.35,True
Dehradun,17062025150705_CGHS Rates 2024 Dehradun.pdf,36,[1525 [Portal haemodymicstudies _———S—~dIS SSC SCSCSCCSCSCSC~*S,1525 [Portal haemodymicstudies _———S—~dIS SSC SCSCSCCSCSCSC~*S,,,,,,0.35,True
Dehradun,17062025150705_CGHS Rates 2024 Dehradun.pdf,36,[1326 [Manometry and PH mewy fies) Cid,1326 [Manometry and PH mewy fies) Cid,,,,,,0.35,True
Dehradun,17062025150705_CGHS Rates 2024 Dehradun.pdf,36,[1327 [Oesophageal PHmewy _________}so00____|s7so___-| +,1327 [Oesophageal PHmewy _________}so00____|s7so___-| +,,,,,,0.35,True
Dehradun,17062025150705_CGHS Rates 2024 Dehradun.pdf,36,[1325 ]Oesophagealmanomeny|s000__|s7s0 |_|,1325 ]Oesophagealmanomeny|s000__|s7s0 |_,,,,,,0.35,True
Dehradun,17062025150705_CGHS Rates 2024 Dehradun.pdf,36,[1329 [Small bowel manomeuy «800 |so0o_| |,1329 [Small bowel manomeuy «800 |so0o_,,,,,,0.35,True
Dehradun,17062025150705_CGHS Rates 2024 Dehradun.pdf,36,[1350 [Anorectal manometry ]«s00__|so00_ |__|,1350 [Anorectal manometry ]«s00__|so00_ |__,,,,,,0.35,True
Dehradun,17062025150705_CGHS Rates 2024 Dehradun.pdf,36,[1331 [Colonie manometry 7650 [9000],1331 [Colonie manometry 7650 [9000,,,,,,0.35,True
Dehradun,17062025150705_CGHS Rates 2024 Dehradun.pdf,36,[1332_[Biliary manometry }76s0__|s000__| ___|,1332_[Biliary manometry }76s0__|s000__| ___,,,,,,0.35,True
Dehradun,17062025150705_CGHS Rates 2024 Dehradun.pdf,36,[1333 _| Sengstaken Blakemore (SB)tube tamponade ____[2s75____|ss0a____|,1333 _| Sengstaken Blakemore (SB)tube tamponade ____[2s75____|ss0a____,,,,,,0.35,True
Dehradun,17062025150705_CGHS Rates 2024 Dehradun.pdf,36,[1334 [Cintas machlestubetempode—————————*(2878———~idissoe iP id,1334 [Cintas machlestubetempode—————————*(2878———~idissoe iP id,,,,,,0.35,True
Dehradun,17062025150705_CGHS Rates 2024 Dehradun.pdf,36,1335 _ [Faecal / Fecal fat test/ fecal chymotrypsin’ fecal 350 403 [fe ere Pe Peco teees fe PT a Sa,1335 _ [Faecal / Fecal fat test/ fecal chymotrypsin’ fecal 350 403 [fe ere Pe Peco teees fe PT a Sa,,,,,,0.35,True
Dehradun,17062025150705_CGHS Rates 2024 Dehradun.pdf,36,CGHS rate Code 888 for approved rate) Pe fee (NAME OF INVESTIGATION / DENTAL Non-NABH/ _|NABH/NABL [Remarks Non- NABL Rates| Rates in Rupee in Rupee,CGHS rate Code 888 for approved rate) Pe fee (NAME OF INVESTIGATION / DENTAL Non-NABH/ _|NABH/NABL [Remarks Non- NABL Rates| Rates in Rupee in Rupee,,,,nabh,,0.35,True
Dehradun,17062025150705_CGHS Rates 2024 Dehradun.pdf,36,[7359_[Denialtora Seay ————SSSS—~dSO id CP SY,7359_[Denialtora Seay ————SSSS—~dSO id CP SY,,,,,,0.35,True
Dehradun,17062025150705_CGHS Rates 2024 Dehradun.pdf,36,[1340 [occhusal Xray SSCS —CCSC—~dO Cd CSC—~*Y [isu Joroxmy ————~B—i [NAME OF INVESTIGATION / PULMONARY (Non-NABH/ [NABH/NABL [Remarks ‘Non-NABL Rates [Rates in Rupee in Rupee,1340 [occhusal Xray SSCS —CCSC—~dO Cd CSC—~*Y [isu Joroxmy ————~B—i [NAME OF INVESTIGATION / PULMONARY (Non-NABH/ [NABH/NABL [Remarks ‘Non-NABL Rates [Rates in Rupee in Rupee,,,,nabh,,0.35,True
Dehradun,17062025150705_CGHS Rates 2024 Dehradun.pdf,36,[1322 [King Ventilation & Perfusion Sean (WIQSeamy [300 aaa ————S—S™,1322 [King Ventilation & Perfusion Sean (WIQSeamy [300 aaa ————S—S™,,,,,,0.35,True
Dehradun,17062025150705_CGHS Rates 2024 Dehradun.pdf,36,[1343 [Lung Perfusion Sean ———S——S————~idiz 000‘ foso0 | ———_~+d NAME OF INVESTIGATION / OSTEOLOGY Non-NABH/ _ |NABH/NABL [Remarks Non- NABL Rates |Rates in Rupee in Rupee,1343 [Lung Perfusion Sean ———S——S————~idiz 000‘ foso0 | ———_~+d NAME OF INVESTIGATION / OSTEOLOGY Non-NABH/ _ |NABH/NABL [Remarks Non- NABL Rates |Rates in Rupee in Rupee,,,,nabh,,0.35,True
Dehradun,17062025150705_CGHS Rates 2024 Dehradun.pdf,36,[1344 [Whole Body Bone Seanwith SPECT. _____fsaa1___[soaa_—‘| |,1344 [Whole Body Bone Seanwith SPECT. _____fsaa1___[soaa_—‘,,,,,,0.35,True
Dehradun,17062025150705_CGHS Rates 2024 Dehradun.pdf,36,[1345 [Three phase whole bodyBone Sean [3a2r___|ssa__| | [NAME OF INVESTIGATION /NEUROSCIENCES |Non-NABH/ [NABH/NABL [Remarks Non- NABL Rates |Rates in Rupee in Rupee,1345 [Three phase whole bodyBone Sean [3a2r___|ssa__| | [NAME OF INVESTIGATION /NEUROSCIENCES |Non-NABH/ [NABH/NABL [Remarks Non- NABL Rates |Rates in Rupee in Rupee,,,,nabh,,0.35,True
Dehradun,17062025150705_CGHS Rates 2024 Dehradun.pdf,36,1346 Brain Perfusion SPECT Scan with Technetium 99m 9775 11241 [aime PT,1346 Brain Perfusion SPECT Scan with Technetium 99m 9775 11241 [aime PT,,,,,,0.35,True
Dehradun,17062025150705_CGHS Rates 2024 Dehradun.pdf,36,[1327 [Radionuclide Cistemoaraphy for CSFleak ___favao__——sdawoo——S—SC—~iSCC~CS~*,1327 [Radionuclide Cistemoaraphy for CSFleak ___favao__——sdawoo——S—SC—~iSCC~CS~*,,,,,,0.35,True
Dehradun,17062025150705_CGHS Rates 2024 Dehradun.pdf,37,[1345 — [Gastro esophageal Remix Study (GER Say) 19s aus Sid,1345 — [Gastro esophageal Remix Study (GER Say) 19s aus Sid,,,,,,0.35,True
Dehradun,17062025150705_CGHS Rates 2024 Dehradun.pdf,37,1349 Gastro intestinal Bleed (GloB.) Study with 3421 3934,1349 Gastro intestinal Bleed (GloB.) Study with,3934,3421,,,,0.72,False
Dehradun,17062025150705_CGHS Rates 2024 Dehradun.pdf,37,[7380 [Hepatobiliary Scintigraphy. —_——~aa——ips Sd id,7380 [Hepatobiliary Scintigraphy. —_——~aa——ips Sd id,,,,,,0.35,True
Dehradun,17062025150705_CGHS Rates 2024 Dehradun.pdf,37,[1351 [Meckels Sean figs dana,1351 [Meckels Sean figs dana,,,,,,0.35,True
Dehradun,17062025150705_CGHS Rates 2024 Dehradun.pdf,37,1352 | Hepatosplenic scintigraphy with Technetium-99m 1870 2200 radiopharmaceuticals,Hepatosplenic scintigraphy with Technetium-99m 1870 2200 radiopharmaceuticals,,,,,,0.35,True
Dehradun,17062025150705_CGHS Rates 2024 Dehradun.pdf,37,[7355 _[Gasticemptving iis ies id NAME OF INVESTIGATION / GENITOURINARY ‘Non- NABH / (NABH / NABL |Remarks Non- NABL Rates| Rates in Rupee ia Rupee,7355 _[Gasticemptving iis ies id NAME OF INVESTIGATION / GENITOURINARY ‘Non- NABH / (NABH / NABL |Remarks Non- NABL Rates| Rates in Rupee ia Rupee,,,,nabh,,0.35,True
Dehradun,17062025150705_CGHS Rates 2024 Dehradun.pdf,37,1354 Renal Cortical Scintigraphy with Technetium 99m 3421 3934 [ [amwcpoeneeaoussy |,1354 Renal Cortical Scintigraphy with Technetium 99m 3421 3934 [ [amwcpoeneeaoussy,,,,,,0.35,True
Dehradun,17062025150705_CGHS Rates 2024 Dehradun.pdf,37,[1355 [Dynamic Renography.————SSSSCSC—~i ids Cid,1355 [Dynamic Renography.————SSSSCSC—~i ids Cid,,,,,,0.35,True
Dehradun,17062025150705_CGHS Rates 2024 Dehradun.pdf,37,[1356 [Dynamic Renography with Dinetie. —_J3aax__]s9sa_ |,1356 [Dynamic Renography with Dinetie. —_J3aax__]s9sa_,,,,,,0.35,True
Dehradun,17062025150705_CGHS Rates 2024 Dehradun.pdf,37,[1357 [Dynamic Renography with Captopeil _]1960_]zsa__ | |,1357 [Dynamic Renography with Captopeil _]1960_]zsa__,,,,,,0.35,True
Dehradun,17062025150705_CGHS Rates 2024 Dehradun.pdf,37,19.06.2023 & applicable in all |CGHS cities ‘NAME OF INVESTIGATION / ENDOCRINOLOGY |Non- NABH/ (NABH / NABL | Remarks Non- NABL Rates| Rates in Rupee in Rupee,06.2023 & applicable in all |CGHS cities ‘NAME OF INVESTIGATION / ENDOCRINOLOGY |Non- NABH/ (NABH / NABL | Remarks Non- NABL Rates| Rates in Rupee in Rupee,,,,nabh,,0.35,True
Dehradun,17062025150705_CGHS Rates 2024 Dehradun.pdf,37,[1355 _[ Thyroid Uptake measurements with IS1-fodime sea i799 |__| Pp Be,1355 _[ Thyroid Uptake measurements with IS1-fodime sea i799 |__| Pp Be,,,,,,0.35,True
Dehradun,17062025150705_CGHS Rates 2024 Dehradun.pdf,37,19.06.2023 & lapplicable in all ICGHS cities,06.2023 & lapplicable in all ICGHS cities,,,,,,0.35,True
Dehradun,17062025150705_CGHS Rates 2024 Dehradun.pdf,37,[i361 [fodmeciSi Whole BodySean———SS—S—SCiC Sd,i361 [fodmeciSi Whole BodySean———SS—S—SCiC Sd,,,,,,0.35,True
Dehradun,17062025150705_CGHS Rates 2024 Dehradun.pdf,37,[1362 [Whole Body Scan with MIBG ims aoasa_ [Sid,1362 [Whole Body Scan with MIBG ims aoasa_ [Sid,,,,,,0.35,True
Dehradun,17062025150705_CGHS Rates 2024 Dehradun.pdf,37,[1365 [Parathyroid Sean its |r |_| INAME OF INVESTIGATION / RADIO-ISOTOPE Non- NABH / NABH / NABL |Remarks THERAPY Non- NABL Rates| Rates in Rupee 5 Rupee,1365 [Parathyroid Sean its |r |_| INAME OF INVESTIGATION / RADIO-ISOTOPE Non- NABH / NABH / NABL |Remarks THERAPY Non- NABL Rates| Rates in Rupee 5 Rupee,,,,nabh,,0.35,True
Dehradun,17062025150705_CGHS Rates 2024 Dehradun.pdf,37,[1360 —[13i-todine Therapy isso _|isoo_ |_|,1360 —[13i-todine Therapy isso _|isoo_ |_,,,,,,0.35,True
Dehradun,17062025150705_CGHS Rates 2024 Dehradun.pdf,37,[1365 [13i-todine Therapy—IsmGL_———————————iesa idan S| id,1365 [13i-todine Therapy—IsmGL_———————————iesa idan S| id,,,,,,0.35,True
Dehradun,17062025150705_CGHS Rates 2024 Dehradun.pdf,37,[1366 [13i-todine Therapy 1s-some_________Ja9s6__|se99_ [|_|,1366 [13i-todine Therapy 1s-some_________Ja9s6__|se99_ [|_,,,,,,0.35,True
Dehradun,17062025150705_CGHS Rates 2024 Dehradun.pdf,37,[1367_[13i-todine Therapy Si-100mcr 12000 isso [|_|,1367_[13i-todine Therapy Si-100mcr 12000 isso [|_,,,,,,0.35,True
Dehradun,17062025150705_CGHS Rates 2024 Dehradun.pdf,37,[1368 [13i-todine Therapy>100mei_______]iso0o___[iso_- [| ————_~+d,1368 [13i-todine Therapy>100mei_______]iso0o___[iso_- [| ————_~+d,,,,,,0.35,True
Dehradun,17062025150705_CGHS Rates 2024 Dehradun.pdf,37,"1369 | Phosphorus-32 therapy for metastatic bone pain ‘5000 3750 ""ua ee Pe","Phosphorus-32 therapy for metastatic bone pain ‘5000 3750 ""ua ee Pe",,,,,,0.35,True
Dehradun,17062025150705_CGHS Rates 2024 Dehradun.pdf,37,1370 |Samarium-153 therapy for metastatic bone pain 10450 12018 aa er pe,Samarium-153 therapy for metastatic bone pain 10450 12018 aa er pe,,,,,,0.35,True
Dehradun,17062025150705_CGHS Rates 2024 Dehradun.pdf,37,[1371 [Radiosynovectomy with Vieium —_____ias0____]as000_ |_| INAME OF INVESTIGATION / CARDIOLOGY Non- NABH / NABH / NABL |Remarks Non-NABL Rates| Rates in Rupee in Rupee PP ieee pee,1371 [Radiosynovectomy with Vieium —_____ias0____]as000_ |_| INAME OF INVESTIGATION / CARDIOLOGY Non- NABH / NABH / NABL |Remarks Non-NABL Rates| Rates in Rupee in Rupee PP ieee pee,,,,nabh,,0.35,True
Dehradun,17062025150705_CGHS Rates 2024 Dehradun.pdf,37,[7373 [Rex thallium Myocardial Perision Seintaraphy [0009x008 [|_|,7373 [Rex thallium Myocardial Perision Seintaraphy [0009x008 [|_,,,,,,0.35,True
Dehradun,17062025150705_CGHS Rates 2024 Dehradun.pdf,38,19.06.2023 & lapplicable in all ICGHS cities,06.2023 & lapplicable in all ICGHS cities,,,,,,0.35,True
Dehradun,17062025150705_CGHS Rates 2024 Dehradun.pdf,38,1376 | Transoesophageal Echocardiography (TEE) (Select [489 562,Transoesophageal Echocardiography (TEE) (Select [489,,,562,,,0.65,True
Dehradun,17062025150705_CGHS Rates 2024 Dehradun.pdf,38,CGHS rate Code 595/596 for approved rate as the case may be),CGHS rate Code 595/596 for approved rate as the case may be),,,,,,0.35,True
Dehradun,17062025150705_CGHS Rates 2024 Dehradun.pdf,38,[1577 [cymph anaogrphy rs [NAME OF INVESTIGATION / TUMOUR Non-NABH/ |NABH/NABL [Remarks IMAGING Non-NABL Rates| Rates in Rupee in Rupee,1577 [cymph anaogrphy rs [NAME OF INVESTIGATION / TUMOUR Non-NABH/ |NABH/NABL [Remarks IMAGING Non-NABL Rates| Rates in Rupee in Rupee,,,,nabh,,0.35,True
Dehradun,17062025150705_CGHS Rates 2024 Dehradun.pdf,38,[7378 _|Seintimammography. [800 [ssm0__| |,7378 _|Seintimammography. [800 [ssm0__,,,,,,0.35,True
Dehradun,17062025150705_CGHS Rates 2024 Dehradun.pdf,38,[1379 [indium labelled octeorde Sean [1s Jas |§,1379 [indium labelled octeorde Sean [1s Jas |§,,,,,,0.35,True
Dehradun,17062025150705_CGHS Rates 2024 Dehradun.pdf,38,"contrast) 19.12.2023 & applicable in all CGHS cities, [NAME OF INVESTIGATION / PET SCAN) Non-NABH/ |NABH/NABL [Remarks Non-NABL Rates| Rates in Rupee in Rupee","contrast) 19.12.2023 & applicable in all CGHS cities, [NAME OF INVESTIGATION / PET SCAN) Non-NABH/ |NABH/NABL [Remarks Non-NABL Rates| Rates in Rupee in Rupee",,,,nabh,,0.35,True
Dehradun,17062025150705_CGHS Rates 2024 Dehradun.pdf,38,". 19.12.2023 & applicable in all CGHS cities,",". 19.12.2023 & applicable in all CGHS cities,",,,,,,0.35,True
Dehradun,17062025150705_CGHS Rates 2024 Dehradun.pdf,38,"| Neuroendocrine Tumor 19.12.2023 & applicable in all CGHS cities, LABORATORY MEDICINE / CLINICAL Non-NABH/ |NABH/NABL [Remarks PATHOLOGY Non-NABL Rates| Rates in Rupee in Rupee","Neuroendocrine Tumor 19.12.2023 & applicable in all CGHS cities, LABORATORY MEDICINE / CLINICAL Non-NABH/ |NABH/NABL [Remarks PATHOLOGY Non-NABL Rates| Rates in Rupee in Rupee",,,,nabh,,0.35,True
Dehradun,17062025150705_CGHS Rates 2024 Dehradun.pdf,38,"1383 [Urine routine- pH, Specific gravity, sugar, protein 35 40 ae a i","1383 [Urine routine- pH, Specific gravity, sugar, protein 35 40 ae a i",,,,,,0.35,True
Dehradun,17062025150705_CGHS Rates 2024 Dehradun.pdf,38,[738¢[rine Microalbumin fear |_|,738¢[rine Microalbumin fear |_,,,,,,0.35,True
Dehradun,17062025150705_CGHS Rates 2024 Dehradun.pdf,38,[1385 [Stool routine and Miteseopy [so,1385 [Stool routine and Miteseopy [so,,,,,,0.35,True
Dehradun,17062025150705_CGHS Rates 2024 Dehradun.pdf,38,[1386 [Stool occult blood de i id,1386 [Stool occult blood de i id,,,,,,0.35,True
Dehradun,17062025150705_CGHS Rates 2024 Dehradun.pdf,38,[1387 [Post coital smear examination [303s |_|,1387 [Post coital smear examination [303s |_,,,,,,0.35,True
Dehradun,17062025150705_CGHS Rates 2024 Dehradun.pdf,38,[1386 ]semen analysis 5 0 LABORATORY MEDICINE/HAEMATOLOGY —[Non-NABH/ [NABH/NABL [Remarks Non-NABL Rates| Rates in Rupee in Rupee,1386 ]semen analysis 5 0 LABORATORY MEDICINE/HAEMATOLOGY —[Non-NABH/ [NABH/NABL [Remarks Non-NABL Rates| Rates in Rupee in Rupee,,,,nabh,,0.35,True
Dehradun,17062025150705_CGHS Rates 2024 Dehradun.pdf,38,[138 | Raemogiobin chy ifs i CCS,138 | Raemogiobin chy ifs i CCS,,,,,,0.35,True
Dehradun,17062025150705_CGHS Rates 2024 Dehradun.pdf,38,[1390 [oval Leveoeytie Comat LE),1390 [oval Leveoeytie Comat LE),,,,,,0.35,True
Dehradun,17062025150705_CGHS Rates 2024 Dehradun.pdf,38,[1391 [Differential Leucocytie Count (DLC) [sss |_|,1391 [Differential Leucocytie Count (DLC) [sss |_,,,,,,0.35,True
Dehradun,17062025150705_CGHS Rates 2024 Dehradun.pdf,38,[1392 | nythrocyte Sedimentation Rate (ESR) 2529. _] ia A,1392 | nythrocyte Sedimentation Rate (ESR) 2529. _] ia A,,,,,,0.35,True
Dehradun,17062025150705_CGHS Rates 2024 Dehradun.pdf,38,"1394 [Complete Haemogram/CBC, Hb,RBC count and 135 155 indices, TLC, DLC, Platelet, ESR, Peripheral smear examination Sa","1394 [Complete Haemogram/CBC, Hb,RBC count and 135 155 indices, TLC, DLC, Platelet, ESR, Peripheral smear examination Sa",,,,,,0.35,True
Dehradun,17062025150705_CGHS Rates 2024 Dehradun.pdf,39,[150e[Retevloeyie cout,150e[Retevloeyie cout,,,,,,0.35,True
Dehradun,17062025150705_CGHS Rates 2024 Dehradun.pdf,39,[1397 Absolute Eosinophil cout (AEC) ass [SS,1397 Absolute Eosinophil cout (AEC) ass [SS,,,,,,0.35,True
Dehradun,17062025150705_CGHS Rates 2024 Dehradun.pdf,39,[1398 |Packed Cell Volume (PCV) is,1398 |Packed Cell Volume (PCV) is,,,,,,0.35,True
Dehradun,17062025150705_CGHS Rates 2024 Dehradun.pdf,39,[1309 |Peripheral Smear Examination Jas [a,1309 |Peripheral Smear Examination Jas [a,,,,,,0.35,True
Dehradun,17062025150705_CGHS Rates 2024 Dehradun.pdf,39,[1300 [Smear for Malaviaparasite Jar [ari SCS,1300 [Smear for Malaviaparasite Jar [ari SCS,,,,,,0.35,True
Dehradun,17062025150705_CGHS Rates 2024 Dehradun.pdf,39,[101 [Bleeding Time dS,101 [Bleeding Time dS,,,,,,0.35,True
Dehradun,17062025150705_CGHS Rates 2024 Dehradun.pdf,39,[1402 osmotic fagiliy Te ——___]so._ ss f)$ SS,1402 osmotic fagiliy Te ——___]so._ ss f)$ SS,,,,,,0.35,True
Dehradun,17062025150705_CGHS Rates 2024 Dehradun.pdf,39,[1403 Bone Marrow Smear Examination }0__|s1__[,1403 Bone Marrow Smear Examination }0__|s1__,,,,,,0.35,True
Dehradun,17062025150705_CGHS Rates 2024 Dehradun.pdf,39,[1404 [Bone Marrow Smear Examination Withiron dam [250 pss,1404 [Bone Marrow Smear Examination Withiron dam [250 pss,,,,,,0.35,True
Dehradun,17062025150705_CGHS Rates 2024 Dehradun.pdf,39,[7306 [Activated pantal Thromboplastatine (APPR) iar fP$ SS,7306 [Activated pantal Thromboplastatine (APPR) iar fP$ SS,,,,,,0.35,True
Dehradun,17062025150705_CGHS Rates 2024 Dehradun.pdf,39,[1407 —]Rapid test formalaviafeard test) iat i$,1407 —]Rapid test formalaviafeard test) iat i$,,,,,,0.35,True
Dehradun,17062025150705_CGHS Rates 2024 Dehradun.pdf,39,"1409 Bleeding Disorder panel- PT, APTT, Thrombin Time 460","1409 Bleeding Disorder panel- PT, APTT, Thrombin Time",,,460,,,0.5,True
Dehradun,17062025150705_CGHS Rates 2024 Dehradun.pdf,39,[7a10 [Factor Assayeactor Vi,7a10 [Factor Assayeactor Vi,,,,,,0.35,True
Dehradun,17062025150705_CGHS Rates 2024 Dehradun.pdf,39,[1311 —]Factor Assays-Factore oso [aa,1311 —]Factor Assays-Factore oso [aa,,,,,,0.35,True
Dehradun,17062025150705_CGHS Rates 2024 Dehradun.pdf,39,[1412 [Platelet Function test |s0 [ss |,1412 [Platelet Function test |s0 [ss,,,,,,0.35,True
Dehradun,17062025150705_CGHS Rates 2024 Dehradun.pdf,39,"1413 _ | Tests for hypercoagulable states- Protein C, Protein S, 460","1413 _ | Tests for hypercoagulable states- Protein C, Protein S,",,,460,,,0.5,True
Dehradun,17062025150705_CGHS Rates 2024 Dehradun.pdf,39,"1415 _ | Tests for Antiphospholipid antibody IgG, IgM 500 575","1415 _ | Tests for Antiphospholipid antibody IgG, IgM",575,500,,,,0.72,False
Dehradun,17062025150705_CGHS Rates 2024 Dehradun.pdf,39,[7a18—|Biood Growp SRW Type iO CS,7a18—|Biood Growp SRW Type iO CS,,,,,,0.35,True
Dehradun,17062025150705_CGHS Rates 2024 Dehradun.pdf,39,[1319 Jeressmaeh 50s,1319 Jeressmaeh 50s,,,,,,0.35,True
Dehradun,17062025150705_CGHS Rates 2024 Dehradun.pdf,39,[1320 | Coomb's Testis 90 fv,1320 | Coomb's Testis 90 fv,,,,,,0.35,True
Dehradun,17062025150705_CGHS Rates 2024 Dehradun.pdf,39,[1421 | Coombs Testindieet nous,1421 | Coombs Testindieet nous,,,,,,0.35,True
Dehradun,17062025150705_CGHS Rates 2024 Dehradun.pdf,39,[7425 _ [eels panel for antibody Mentcation [imo ___[ao0 $d,7425 _ [eels panel for antibody Mentcation [imo ___[ao0 $d,,,,,,0.35,True
Dehradun,17062025150705_CGHS Rates 2024 Dehradun.pdf,39,[1424 |Fiepais B surface antigen (HBsAg) 102 [120 f|@,1424 |Fiepais B surface antigen (HBsAg) 102 [120 f|@,,,,,,0.35,True
Dehradun,17062025150705_CGHS Rates 2024 Dehradun.pdf,39,[1325 |Htepatiis Cvins HCV) ig iso,1325 |Htepatiis Cvins HCV) ig iso,,,,,,0.35,True
Dehradun,17062025150705_CGHS Rates 2024 Dehradun.pdf,39,[1426 | Homan immunodeficiency vine HIVTand [1807s],1426 | Homan immunodeficiency vine HIVTand [1807s,,,,,,0.35,True
Dehradun,17062025150705_CGHS Rates 2024 Dehradun.pdf,39,[7a28_|[RiTAnboay meri CS,7a28_|[RiTAnboay meri CS,,,,,,0.35,True
Dehradun,17062025150705_CGHS Rates 2024 Dehradun.pdf,39,[1429 [Platelet Concentraie———______|s6_ |e.,1429 [Platelet Concentraie———______|s6_ |e.,,,,,,0.35,True
Dehradun,17062025150705_CGHS Rates 2024 Dehradun.pdf,39,Code 1828 for approved rate),Code 1828 for approved rate),,,,,,0.35,True
Dehradun,17062025150705_CGHS Rates 2024 Dehradun.pdf,39,1431 Single Donor Platelet (SDP- Apheresis)- (Select CGHS | See code 1830 See code 1830,1431 Single Donor Platelet (SDP- Apheresis)- (Select CGHS | See code 1830 See code,,,1830,,,0.5,True
Dehradun,17062025150705_CGHS Rates 2024 Dehradun.pdf,39,[732 |Rowtne ee dio i,732 |Rowtne ee dio i,,,,,,0.35,True
Dehradun,17062025150705_CGHS Rates 2024 Dehradun.pdf,39,[1333 _|apecial stain Jess,1333 _|apecial stain Jess,,,,,,0.35,True
Dehradun,17062025150705_CGHS Rates 2024 Dehradun.pdf,39,[1334 JimmunohistoshemisiyG) [resi SSCS,1334 JimmunohistoshemisiyG) [resi SSCS,,,,,,0.35,True
Dehradun,17062025150705_CGHS Rates 2024 Dehradun.pdf,40,[135 [Histopathology Examination (HPE) Frozensection__[780__——<dise7SSSCdT SCSCSC—~*Y,135 [Histopathology Examination (HPE) Frozensection__[780__——<dise7SSSCdT SCSCSC—~*Y,,,,,,0.35,True
Dehradun,17062025150705_CGHS Rates 2024 Dehradun.pdf,40,[1456 [Histopathology Examination (HPE) Paraffin section [343 398 |__|,1456 [Histopathology Examination (HPE) Paraffin section [343 398 |__,,,,,,0.35,True
Dehradun,17062025150705_CGHS Rates 2024 Dehradun.pdf,40,[ias7_[PapSmear——SOSCSCSCSCSCSSCSdO ——CSC~d Cid SCCSCSC~CSY,ias7_[PapSmear——SOSCSCSCSCSCSSCSdO ——CSC~d Cid SCCSCSC~CSY,,,,,,0.35,True
Dehradun,17062025150705_CGHS Rates 2024 Dehradun.pdf,40,[1438 [Body Avid for Malignant cells isos |__|,1438 [Body Avid for Malignant cells isos |__,,,,,,0.35,True
Dehradun,17062025150705_CGHS Rates 2024 Dehradun.pdf,40,[1439 [Fine Needle Aspiration Cytology(FNAG) 200 [230 |—_+|,1439 [Fine Needle Aspiration Cytology(FNAG) 200 [230 |—_+,,,,,,0.35,True
Dehradun,17062025150705_CGHS Rates 2024 Dehradun.pdf,40,[1440 [Leukemia panel/Lymphomapanel 536 ft766_ PO,1440 [Leukemia panel/Lymphomapanel 536 ft766_ PO,,,,,,0.35,True
Dehradun,17062025150705_CGHS Rates 2024 Dehradun.pdf,40,1441 [Paroxysmal Nocturnal Hemoglobinuria (PNH) Panel- 1150,1441 [Paroxysmal Nocturnal Hemoglobinuria (PNH) Panel-,,,1150,,,0.5,True
Dehradun,17062025150705_CGHS Rates 2024 Dehradun.pdf,40,"€DS5,CD59","€DS5,CD59",,,,,,0.35,True
Dehradun,17062025150705_CGHS Rates 2024 Dehradun.pdf,40,1444 [Blood Glucose Random / Blood Glucose Fasting / 24 28,1444 [Blood Glucose Random / Blood Glucose Fasting /,28,24,,,,0.72,False
Dehradun,17062025150705_CGHS Rates 2024 Dehradun.pdf,40,"[1435 [24 hrs urine for Proteins Sodium, creatinine [50 [ss |_|","1435 [24 hrs urine for Proteins Sodium, creatinine [50 [ss |_",,,,,,0.35,True
Dehradun,17062025150705_CGHS Rates 2024 Dehradun.pdf,40,[1446 [Blood Urea Nitrogen (BUN)/Urea———idisa—SSSCS—~d SSCs CSSSSCSC~SS,1446 [Blood Urea Nitrogen (BUN)/Urea———idisa—SSSCS—~d SSCs CSSSSCSC~SS,,,,,,0.35,True
Dehradun,17062025150705_CGHS Rates 2024 Dehradun.pdf,40,[1427 [SerumCreatinine SS SSSSSCS—~id Sidi CCS,1427 [SerumCreatinine SS SSSSSCS—~id Sidi CCS,,,,,,0.35,True
Dehradun,17062025150705_CGHS Rates 2024 Dehradun.pdf,40,[1448 [Urine Bile PigmentandSak id Si Sd Cid,1448 [Urine Bile PigmentandSak id Si Sd Cid,,,,,,0.35,True
Dehradun,17062025150705_CGHS Rates 2024 Dehradun.pdf,40,[149 [Urine Urobilinogen—————SSSSSCSCSCSC—S2OSCSCSCSCS 2 SSCSCidY SSCS,149 [Urine Urobilinogen—————SSSSSCSCSCSC—S2OSCSCSCSCS 2 SSCSCidY SSCS,,,,,,0.35,True
Dehradun,17062025150705_CGHS Rates 2024 Dehradun.pdf,40,[1480 [Urine Ketones SOY,1480 [Urine Ketones SOY,,,,,,0.35,True
Dehradun,17062025150705_CGHS Rates 2024 Dehradun.pdf,40,[1451_[Urine Occult Blood Sid —*dOCCi CCSY,1451_[Urine Occult Blood Sid —*dOCCi CCSY,,,,,,0.35,True
Dehradun,17062025150705_CGHS Rates 2024 Dehradun.pdf,40,[1452 Urine total proteins iis SSS i,1452 Urine total proteins iis SSS i,,,,,,0.35,True
Dehradun,17062025150705_CGHS Rates 2024 Dehradun.pdf,40,[1453 | Rheumatoid Factor Rh Fastortest [tos SY,1453 | Rheumatoid Factor Rh Fastortest [tos SY,,,,,,0.35,True
Dehradun,17062025150705_CGHS Rates 2024 Dehradun.pdf,40,[1454 [Bence fonesprotein———SSSSSSCS—idA SCSC~dS Cd SSCS,1454 [Bence fonesprotein———SSSSSSCS—idA SCSC~dS Cd SSCS,,,,,,0.35,True
Dehradun,17062025150705_CGHS Rates 2024 Dehradun.pdf,40,[145s |SerumUricAcid SS,145s |SerumUricAcid SS,,,,,,0.35,True
Dehradun,17062025150705_CGHS Rates 2024 Dehradun.pdf,40,[1456 | Serum Bilirubin tral & Geet ofan sd id,1456 | Serum Bilirubin tral & Geet ofan sd id,,,,,,0.35,True
Dehradun,17062025150705_CGHS Rates 2024 Dehradun.pdf,40,[1457 [Serumiron 90 tog,1457 [Serumiron 90 tog,,,,,,0.35,True
Dehradun,17062025150705_CGHS Rates 2024 Dehradun.pdf,40,[1488 [Creactive Protem(GRP) SiO ———id Cr CC—~*Y,1488 [Creactive Protem(GRP) SiO ———id Cr CC—~*Y,,,,,,0.35,True
Dehradun,17062025150705_CGHS Rates 2024 Dehradun.pdf,40,[1439 [Creactive Protein (CRP) Quaniatwe _————ifiso——iisa CdS CC—~*Y,1439 [Creactive Protein (CRP) Quaniatwe _————ifiso——iisa CdS CC—~*Y,,,,,,0.35,True
Dehradun,17062025150705_CGHS Rates 2024 Dehradun.pdf,40,[1462 [Creatinine clearance ————SSSSCSCSCSCSS—SSOSCSC—~dSSCSCiCCSCSCSCSC~CY,1462 [Creatinine clearance ————SSSSCSCSCSCSS—SSOSCSC—~dSSCSCiCCSCSCSCSC~CY,,,,,,0.35,True
Dehradun,17062025150705_CGHS Rates 2024 Dehradun.pdf,40,[1463 [Serum Cholesterol —_______Jaa____|u__ |__|,1463 [Serum Cholesterol —_______Jaa____|u__ |__,,,,,,0.35,True
Dehradun,17062025150705_CGHS Rates 2024 Dehradun.pdf,40,[1361 — [Total tron Binding Capaciiy (HBC) sof) +d,1361 — [Total tron Binding Capaciiy (HBC) sof) +d,,,,,,0.35,True
Dehradun,17062025150705_CGHS Rates 2024 Dehradun.pdf,40,[1465 [Glucose (Fasting PP) ———SSSSS—idT ia Ci CCS,1465 [Glucose (Fasting PP) ———SSSSS—idT ia Ci CCS,,,,,,0.35,True
Dehradun,17062025150705_CGHS Rates 2024 Dehradun.pdf,40,[1366 |Serum Calciom—Toral +o ies SY,1366 |Serum Calciom—Toral +o ies SY,,,,,,0.35,True
Dehradun,17062025150705_CGHS Rates 2024 Dehradun.pdf,40,[1467 [Serum CaleiumTonie isi Cd Cid,1467 [Serum CaleiumTonie isi Cd Cid,,,,,,0.35,True
Dehradun,17062025150705_CGHS Rates 2024 Dehradun.pdf,40,[169 [Total Protein Albumin/Globulin aio (A/G Ratioy —_|s0____ 58 |,169 [Total Protein Albumin/Globulin aio (A/G Ratioy —_|s0____ 58,,,,,,0.35,True
Dehradun,17062025150705_CGHS Rates 2024 Dehradun.pdf,40,[1470 —[immunogiobulinGgG) dsp] Cid,1470 —[immunogiobulinGgG) dsp] Cid,,,,,,0.35,True
Dehradun,17062025150705_CGHS Rates 2024 Dehradun.pdf,40,[1471 [Tmmunogiobulin MdgMy 250 pes_+| +d,1471 [Tmmunogiobulin MdgMy 250 pes_+| +d,,,,,,0.35,True
Dehradun,17062025150705_CGHS Rates 2024 Dehradun.pdf,40,[1472 [immunoglobulin Aga) 230 iss Sid CCS,1472 [immunoglobulin Aga) 230 iss Sid CCS,,,,,,0.35,True
Dehradun,17062025150705_CGHS Rates 2024 Dehradun.pdf,41,[[a75 [antinuclear antibody (ANA) a0 a0,a75 [antinuclear antibody (ANA) a0 a0,,,,,,0.35,True
Dehradun,17062025150705_CGHS Rates 2024 Dehradun.pdf,41,[1474 —[Antidouble sanded DNA (antiasDNA)—]50|aos___ [|],1474 —[Antidouble sanded DNA (antiasDNA)—]50|aos___,,,,,,0.35,True
Dehradun,17062025150705_CGHS Rates 2024 Dehradun.pdf,41,1475 [Serum glutamic pyruvic transaminase (SGPT) / 55 63,1475 [Serum glutamic pyruvic transaminase (SGPT) /,63,55,,,,0.72,False
Dehradun,17062025150705_CGHS Rates 2024 Dehradun.pdf,41,1476 Serum Glutamic oxaloacetic transaminase (SGOT) 55 63,1476 Serum Glutamic oxaloacetic transaminase (SGOT),63,55,,,,0.72,False
Dehradun,17062025150705_CGHS Rates 2024 Dehradun.pdf,41,[1478 —|Serum Lipase sso,1478 —|Serum Lipase sso,,,,,,0.35,True
Dehradun,17062025150705_CGHS Rates 2024 Dehradun.pdf,41,[1479 —|SerumTactate 2 3,1479 —|SerumTactate,3,2,,,,0.72,False
Dehradun,17062025150705_CGHS Rates 2024 Dehradun.pdf,41,[1a80_|Serum Magnesia 0s,1a80_|Serum Magnesia 0s,,,,,,0.35,True
Dehradun,17062025150705_CGHS Rates 2024 Dehradun.pdf,41,[138i —|SerumSodivm so [ss__ >],138i —|SerumSodivm so [ss__ >,,,,,,0.35,True
Dehradun,17062025150705_CGHS Rates 2024 Dehradun.pdf,41,[1382 |Serum Potassium 0s,1382 |Serum Potassium 0s,,,,,,0.35,True
Dehradun,17062025150705_CGHS Rates 2024 Dehradun.pdf,41,[1483 _|Serum Ammonia uous [>,1483 _|Serum Ammonia uous [>,,,,,,0.35,True
Dehradun,17062025150705_CGHS Rates 2024 Dehradun.pdf,41,[1484 [anemia Profile —_]aoa__pao_[@ |,1484 [anemia Profile —_]aoa__pao_[@,,,,,,0.35,True
Dehradun,17062025150705_CGHS Rates 2024 Dehradun.pdf,41,[1485 | Serum Testosterone aso Ja iP,1485 | Serum Testosterone aso Ja iP,,,,,,0.35,True
Dehradun,17062025150705_CGHS Rates 2024 Dehradun.pdf,41,[1386 imprint Smear From Endoscopy ia Si CS,1386 imprint Smear From Endoscopy ia Si CS,,,,,,0.35,True
Dehradun,17062025150705_CGHS Rates 2024 Dehradun.pdf,41,[ras7[rigiyeerides i,ras7[rigiyeerides i,,,,,,0.35,True
Dehradun,17062025150705_CGHS Rates 2024 Dehradun.pdf,41,[1486 |Glucose Tolenmee Ten(GT) fies [>,1486 |Glucose Tolenmee Ten(GT) fies [>,,,,,,0.35,True
Dehradun,17062025150705_CGHS Rates 2024 Dehradun.pdf,41,[1389 [Triple Marker ‘diz i CS,1389 [Triple Marker ‘diz i CS,,,,,,0.35,True
Dehradun,17062025150705_CGHS Rates 2024 Dehradun.pdf,41,[7301 [Festal Haemoglobin BR) [sr,7301 [Festal Haemoglobin BR) [sr,,,,,,0.35,True
Dehradun,17062025150705_CGHS Rates 2024 Dehradun.pdf,41,1492 Prothrombin Time (PT)/ International normalized 127,1492 Prothrombin Time (PT)/ International normalized,,,127,,,0.5,True
Dehradun,17062025150705_CGHS Rates 2024 Dehradun.pdf,41,[7205 [actate dehydrogenase (EDA) ios,7205 [actate dehydrogenase (EDA) ios,,,,,,0.35,True
Dehradun,17062025150705_CGHS Rates 2024 Dehradun.pdf,41,[1394 [Alkaline Phosphatase ideo fo sf,1394 [Alkaline Phosphatase ideo fo sf,,,,,,0.35,True
Dehradun,17062025150705_CGHS Rates 2024 Dehradun.pdf,41,[1395 [Acid Phosphatase oi CS,1395 [Acid Phosphatase oi CS,,,,,,0.35,True
Dehradun,17062025150705_CGHS Rates 2024 Dehradun.pdf,41,[1396 |oPK MBicK MB aig,1396 |oPK MBicK MB aig,,,,,,0.35,True
Dehradun,17062025150705_CGHS Rates 2024 Dehradun.pdf,41,[1397 |CK MB Mass/CPKMB Mas ———————S—S—~dMO Ci SiS SC—S,1397 |CK MB Mass/CPKMB Mas ———————S—S—~dMO Ci SiS SC—S,,,,,,0.35,True
Dehradun,17062025150705_CGHS Rates 2024 Dehradun.pdf,41,[1398 [Troponin 00s,1398 [Troponin 00s,,,,,,0.35,True
Dehradun,17062025150705_CGHS Rates 2024 Dehradun.pdf,41,[1499 [troponin Teo |oo |_|,1499 [troponin Teo |oo |_,,,,,,0.35,True
Dehradun,17062025150705_CGHS Rates 2024 Dehradun.pdf,41,[1500 | Ghucose.6-Phosphate Dehydrogenase (G@PD) [100 [us|],1500 | Ghucose.6-Phosphate Dehydrogenase (G@PD) [100 [us,,,,,,0.35,True
Dehradun,17062025150705_CGHS Rates 2024 Dehradun.pdf,41,[1502 [Dilantin (phenyiemay————_ 40060,1502 [Dilantin (phenyiemay————_,,,40060,,,0.5,True
Dehradun,17062025150705_CGHS Rates 2024 Dehradun.pdf,41,[1503 |Carbamszepine. dao aso,1503 |Carbamszepine. dao aso,,,,,,0.35,True
Dehradun,17062025150705_CGHS Rates 2024 Dehradun.pdf,41,[1504 |Walproie acid. i300 sas Cid,1504 |Walproie acid. i300 sas Cid,,,,,,0.35,True
Dehradun,17062025150705_CGHS Rates 2024 Dehradun.pdf,41,[face CRS onan Si7 rapped [Seececeusi7 [Sercoseusi7 |,face CRS onan Si7 rapped [Seececeusi7 [Sercoseusi7,,,,,,0.35,True
Dehradun,17062025150705_CGHS Rates 2024 Dehradun.pdf,41,[7506 [Blood gas anahais /Aneral Blood GasaBG [Rois Sid iS,7506 [Blood gas anahais /Aneral Blood GasaBG [Rois Sid iS,,,,,,0.35,True
Dehradun,17062025150705_CGHS Rates 2024 Dehradun.pdf,41,[7508 Urine preamameytet,7508 Urine preamameytet,,,,,,0.35,True
Dehradun,17062025150705_CGHS Rates 2024 Dehradun.pdf,41,[1509 [Tests for Antiphospholipid antibodies symdrome >80______[es__—sP ~——SS—*S,1509 [Tests for Antiphospholipid antibodies symdrome >80______[es__—sP ~——SS—*S,,,,,,0.35,True
Dehradun,17062025150705_CGHS Rates 2024 Dehradun.pdf,41,[1510 Joiyeosyfated Haemoglobin bale is0__[1so___[,1510 Joiyeosyfated Haemoglobin bale is0__[1so___,,,,,,0.35,True
Dehradun,17062025150705_CGHS Rates 2024 Dehradun.pdf,41,[itt [ire ah Fesvopbowssy Hp WPL C Gueeicors|oecesenai7 Perce [|,itt [ire ah Fesvopbowssy Hp WPL C Gueeicors|oecesenai7 Perce,,,,,,0.35,True
Dehradun,17062025150705_CGHS Rates 2024 Dehradun.pdf,41,[751d _|Ridney Fonction Te (RPE) asi,751d _|Ridney Fonction Te (RPE) asi,,,,,,0.35,True
Dehradun,17062025150705_CGHS Rates 2024 Dehradun.pdf,41,[1513 [Liver Function Test (QF) as aso,1513 [Liver Function Test (QF) as aso,,,,,,0.35,True
Dehradun,17062025150705_CGHS Rates 2024 Dehradun.pdf,41,"1514 Lipid Profile. (Total cholesterol, LDL, HDL, 200 230","1514 Lipid Profile. (Total cholesterol, LDL, HDL,",230,200,,,,0.72,False
Dehradun,17062025150705_CGHS Rates 2024 Dehradun.pdf,42,[1st [Serum Fea tro,1st [Serum Fea tro,,,,,,0.35,True
Dehradun,17062025150705_CGHS Rates 2024 Dehradun.pdf,42,[isis —|Vitemin Br2 assay 20a,isis —|Vitemin Br2 assay 20a,,,,,,0.35,True
Dehradun,17062025150705_CGHS Rates 2024 Dehradun.pdf,42,[isi9— [Folie Acid assy. 300 as,isi9— [Folie Acid assy. 300 as,,,,,,0.35,True
Dehradun,17062025150705_CGHS Rates 2024 Dehradun.pdf,42,"1520 | Extended Lipid Profile. (Total cholesterol, LDL, 395 684 LO frorabeeneawaiseoue) | |","Extended Lipid Profile. (Total cholesterol, LDL, 395 684 LO frorabeeneawaiseoue)",,,,,,0.35,True
Dehradun,17062025150705_CGHS Rates 2024 Dehradun.pdf,42,[i321 [apolipoprotein AI CApoa) 20030],i321 [apolipoprotein AI CApoa) 20030,,,,,,0.35,True
Dehradun,17062025150705_CGHS Rates 2024 Dehradun.pdf,42,[122 [apolipoprotein B (ApoB) 1929 |],122 [apolipoprotein B (ApoB) 1929,,,,,,0.35,True
Dehradun,17062025150705_CGHS Rates 2024 Dehradun.pdf,42,[1523 —[tipoprotein a Ep Aas},1523 —[tipoprotein a Ep Aas},,,,,,0.35,True
Dehradun,17062025150705_CGHS Rates 2024 Dehradun.pdf,42,[i328 Jeb 3.4and8 counts 00. [J,i328 Jeb 3.4and8 counts 00. [J,,,,,,0.35,True
Dehradun,17062025150705_CGHS Rates 2024 Dehradun.pdf,42,[1325p 3.4and 8 percentage iro p00 |,1325p 3.4and 8 percentage iro p00,,,,,,0.35,True
Dehradun,17062025150705_CGHS Rates 2024 Dehradun.pdf,42,[1526 [Low density ipoprotein (EE) —Jx Jn |] [is27 [Homocysteine fo. fe. ee eee oer fee |,1526 [Low density ipoprotein (EE) —Jx Jn |] [is27 [Homocysteine fo. fe. ee eee oer fee,,,,,,0.35,True
Dehradun,17062025150705_CGHS Rates 2024 Dehradun.pdf,42,code 1417 for approved rate),code 1417 for approved rate),,,,,,0.35,True
Dehradun,17062025150705_CGHS Rates 2024 Dehradun.pdf,42,"[7s29_[Serum Eletophoresis 230. pss [1s30—]ribrinogen, nes fi0","7s29_[Serum Eletophoresis 230. pss [1s30—]ribrinogen, nes fi0",,,,,,0.35,True
Dehradun,17062025150705_CGHS Rates 2024 Dehradun.pdf,42,[i531 [ealoride. 0 Fo,i531 [ealoride. 0 Fo,,,,,,0.35,True
Dehradun,17062025150705_CGHS Rates 2024 Dehradun.pdf,42,[1532] Magnesiom isp,1532] Magnesiom isp,,,,,,0.35,True
Dehradun,17062025150705_CGHS Rates 2024 Dehradun.pdf,42,[1533 | Gamma-Giutamyi Tamspepitase (GOT) oo oa [issa fips arg,1533 | Gamma-Giutamyi Tamspepitase (GOT) oo oa [issa fips arg,,,,,,0.35,True
Dehradun,17062025150705_CGHS Rates 2024 Dehradun.pdf,42,[1535] Rruetosamines a0 30,1535] Rruetosamines a0,,,30,,,0.5,True
Dehradun,17062025150705_CGHS Rates 2024 Dehradun.pdf,42,[1336 [Reta > microglabuin (RIM) Do mieroglobatma [90 ia.,1336 [Reta > microglabuin (RIM) Do mieroglobatma [90 ia.,,,,,,0.35,True
Dehradun,17062025150705_CGHS Rates 2024 Dehradun.pdf,42,[1387 [catecholamines 1050 frog [J,1387 [catecholamines 1050 frog [J,,,,,,0.35,True
Dehradun,17062025150705_CGHS Rates 2024 Dehradun.pdf,42,[1538 | creatinine clearance (Selen COHS Rate Code 1463) [See Code 1962 see Code 196 | INVESTIGATIONS/ TUMOUR MARKERS Non-NABH/ |NABH/NABL [Remarks Non-NABL Rates | Rates in Rupee in Rupee,1538 | creatinine clearance (Selen COHS Rate Code 1463) [See Code 1962 see Code 196 | INVESTIGATIONS/ TUMOUR MARKERS Non-NABH/ |NABH/NABL [Remarks Non-NABL Rates | Rates in Rupee in Rupee,,,,nabh,,0.35,True
Dehradun,17062025150705_CGHS Rates 2024 Dehradun.pdf,42,"[1539 [Prostate Specific antigen (PSA)-Total, [312359","1539 [Prostate Specific antigen (PSA)-Total, [312359",,,,,,0.35,True
Dehradun,17062025150705_CGHS Rates 2024 Dehradun.pdf,42,"[1540 Prosiate-pecific antigen (PSA) Free, [315 [ask |","1540 Prosiate-pecific antigen (PSA) Free, [315 [ask",,,,,,0.35,True
Dehradun,17062025150705_CGHS Rates 2024 Dehradun.pdf,42,[isai[alpha Fetoprotein (AFD) 300 as |,isai[alpha Fetoprotein (AFD) 300 as,,,,,,0.35,True
Dehradun,17062025150705_CGHS Rates 2024 Dehradun.pdf,42,[1512 —|Human chorionic gonadotropin (HOG) Beta HOG asa [ssn,1512 —|Human chorionic gonadotropin (HOG) Beta HOG asa [ssn,,,,,,0.35,True
Dehradun,17062025150705_CGHS Rates 2024 Dehradun.pdf,42,[1513 cancer Antigen 125(CA 125) 391 [aso | [isis [Cancer antigen 19.9 (CA 19.9) |__|],1513 cancer Antigen 125(CA 125) 391 [aso | [isis [Cancer antigen 19.9 (CA 19.9) |__,,,,,,0.35,True
Dehradun,17062025150705_CGHS Rates 2024 Dehradun.pdf,42,[1545] Cancer Antigen 153 (CA 153) |s0__ [oa],1545] Cancer Antigen 153 (CA 153) |s0__ [oa,,,,,,0.35,True
Dehradun,17062025150705_CGHS Rates 2024 Dehradun.pdf,42,[1546] Vanillymandelie Acid (VMA) 350 [aoa [| [isa7[eateionin 00 fs,1546] Vanillymandelie Acid (VMA) 350 [aoa [| [isa7[eateionin 00 fs,,,,,,0.35,True
Dehradun,17062025150705_CGHS Rates 2024 Dehradun.pdf,42,[1548 | carcinoembryonic Antigen (CEA) 34.1 —___[-_] LABORATORY INVESTIGATIONS OTHERS Non-NABH) _|NABH/NABL |Remarks Non- NABL Rates| Rates in Rupee in Rupee,1548 | carcinoembryonic Antigen (CEA) 34.1 —___[-_] LABORATORY INVESTIGATIONS OTHERS Non-NABH) _|NABH/NABL |Remarks Non- NABL Rates| Rates in Rupee in Rupee,,,,nabh,,0.35,True
Dehradun,17062025150705_CGHS Rates 2024 Dehradun.pdf,42,[7329 immunofiuoresemnee isos |,7329 immunofiuoresemnee isos,,,,,,0.35,True
Dehradun,17062025150705_CGHS Rates 2024 Dehradun.pdf,42,[1550 |Direci(Skin and kidney Disease) [as [so0 |],1550 |Direci(Skin and kidney Disease) [as [so0,,,,,,0.35,True
Dehradun,17062025150705_CGHS Rates 2024 Dehradun.pdf,42,[1551 —findiret (antids DNA Ant Smith ANCA) [435 [s00 |,1551 —findiret (antids DNA Ant Smith ANCA) [435 [s00,,,,,,0.35,True
Dehradun,17062025150705_CGHS Rates 2024 Dehradun.pdf,42,1552 | Calcidiol /25-hydroxycholecalciferol / Vitamin D3 [550 633 assay (Vit D3) a immunofixation electrophoresis (IFE) [ [Fseingpontias on aS Pewee Pee,Calcidiol /25-hydroxycholecalciferol / Vitamin D3 [550 633 assay (Vit D3) a immunofixation electrophoresis (IFE) [ [Fseingpontias on aS Pewee Pee,,,,,,0.35,True
Dehradun,17062025150705_CGHS Rates 2024 Dehradun.pdf,42,1536 for approved rate) ee,1536 for approved rate) ee,,,,,,0.35,True
Dehradun,17062025150705_CGHS Rates 2024 Dehradun.pdf,42,1556 | Anti-tissue Transglutaminase antibody (Anti TTG 425 300 LS hey ee,Anti-tissue Transglutaminase antibody (Anti TTG 425 300 LS hey ee,,,,,,0.35,True
Dehradun,17062025150705_CGHS Rates 2024 Dehradun.pdf,43,[1557 _|SerumEnythropoietin—————SSSCSCSC~S Cid CSCSSSCSCSCSC~*Y,1557 _|SerumEnythropoietin—————SSSCSCSC~S Cid CSCSSSCSCSCSC~*Y,,,,,,0.35,True
Dehradun,17062025150705_CGHS Rates 2024 Dehradun.pdf,43,[1558 [Adrenovorticotopie Hormone (ACTA) _—_____]s00______[s7s_ |_|,1558 [Adrenovorticotopie Hormone (ACTA) _—_____]s00______[s7s_ |_,,,,,,0.35,True
Dehradun,17062025150705_CGHS Rates 2024 Dehradun.pdf,43,"[1559_[13, Ts, TSH-Thyroid Function Te TF) [200 ———ipso SS Cid","1559_[13, Ts, TSH-Thyroid Function Te TF) [200 ———ipso SS Cid",,,,,,0.35,True
Dehradun,17062025150705_CGHS Rates 2024 Dehradun.pdf,43,[1560 [Triodothyronine- TS SCidSC*dS CSCC~*d,1560 [Triodothyronine- TS SCidSC*dS CSCC~*d,,,,,,0.35,True
Dehradun,17062025150705_CGHS Rates 2024 Dehradun.pdf,43,[1561 [Tetraiodothyronine TA ides ids Si CCS,1561 [Tetraiodothyronine TA ides ids Si CCS,,,,,,0.35,True
Dehradun,17062025150705_CGHS Rates 2024 Dehradun.pdf,43,[1562_[Thyroidstimulating hormone SA) ‘foo iad SSSC—SY,1562_[Thyroidstimulating hormone SA) ‘foo iad SSSC—SY,,,,,,0.35,True
Dehradun,17062025150705_CGHS Rates 2024 Dehradun.pdf,43,[1563 [Luteinizing hormone (LH) isis Si CCS,1563 [Luteinizing hormone (LH) isis Si CCS,,,,,,0.35,True
Dehradun,17062025150705_CGHS Rates 2024 Dehradun.pdf,43,[1564 [Follicle stimulating hormone (@SH)_________fiso_—_‘{s_——sd| SSSC—~Sd,1564 [Follicle stimulating hormone (@SH)_________fiso_—_‘{s_——sd| SSSC—~Sd,,,,,,0.35,True
Dehradun,17062025150705_CGHS Rates 2024 Dehradun.pdf,43,[1566 |Conisel pois,1566 |Conisel pois,,,,,,0.35,True
Dehradun,17062025150705_CGHS Rates 2024 Dehradun.pdf,43,[1567 _[PrH(Parathomone) —————S—S—SCSC~—s S00 —SCSCSC~dS SSCSCSSCCCSC~SY,1567 _[PrH(Parathomone) —————S—S—SCSC~—s S00 —SCSCSC~dS SSCSCSSCCCSC~SY,,,,,,0.35,True
Dehradun,17062025150705_CGHS Rates 2024 Dehradun.pdf,43,[1568 _|C-Peptide (C Peptide Connecting Pepide) [330 [3s0._—+| ——S—id,1568 _|C-Peptide (C Peptide Connecting Pepide) [330 [3s0._—+| ——S—id,,,,,,0.35,True
Dehradun,17062025150705_CGHS Rates 2024 Dehradun.pdf,43,"[1s6simsulin, SOs S| Cid","1s6simsulin, SOs S| Cid",,,,,,0.35,True
Dehradun,17062025150705_CGHS Rates 2024 Dehradun.pdf,43,[1570 [Progesterone SSS iC CCS,1570 [Progesterone SSS iC CCS,,,,,,0.35,True
Dehradun,17062025150705_CGHS Rates 2024 Dehradun.pdf,43,[1571 [17 Hydroxyprogesterone (17 OF Progesterone) |4ao___|s0g__ [|_|,1571 [17 Hydroxyprogesterone (17 OF Progesterone) |4ao___|s0g__ [|_,,,,,,0.35,True
Dehradun,17062025150705_CGHS Rates 2024 Dehradun.pdf,43,[1572 [Debydroepiandrosterone sulfate (DHEAS) ___|4ao_____|sos___| |,1572 [Debydroepiandrosterone sulfate (DHEAS) ___|4ao_____|sos___,,,,,,0.35,True
Dehradun,17062025150705_CGHS Rates 2024 Dehradun.pdf,43,[1573 [Androstenedione ———SSSSSSCSCSCS~S~S~S~S QO SCSC~dDSCSC~sSC“‘“‘“‘CSC*S*~C~*d,1573 [Androstenedione ———SSSSSSCSCSCS~S~S~S~S QO SCSC~dDSCSC~sSC“‘“‘“‘CSC*S*~C~*d,,,,,,0.35,True
Dehradun,17062025150705_CGHS Rates 2024 Dehradun.pdf,43,[1s74[ Growth Hormone} |__|,1s74[ Growth Hormone} |__,,,,,,0.35,True
Dehradun,17062025150705_CGHS Rates 2024 Dehradun.pdf,43,[1575 | Thyrotd peroxidase antibody (PO) _______]s00___|us__-| __|,1575 | Thyrotd peroxidase antibody (PO) _______]s00___|us__-| __,,,,,,0.35,True
Dehradun,17062025150705_CGHS Rates 2024 Dehradun.pdf,43,[1576 [Thyrogiobulin. 30s PY,1576 [Thyrogiobulin. 30s PY,,,,,,0.35,True
Dehradun,17062025150705_CGHS Rates 2024 Dehradun.pdf,43,[1577 _[Hydatie Serology. __————SSSCSCSCS—i Ci SCiCCSCSC~—S—SY,1577 _[Hydatie Serology. __————SSSCSCSCS—i Ci SCiCCSCSC~—S—SY,,,,,,0.35,True
Dehradun,17062025150705_CGHS Rates 2024 Dehradun.pdf,43,[1578 [Anti Sperm Antibodies 380. Jas7_ |__|,1578 [Anti Sperm Antibodies 380. Jas7_ |__,,,,,,0.35,True
Dehradun,17062025150705_CGHS Rates 2024 Dehradun.pdf,43,[1579 [Hepatitis B Virus (HBV) DNA Oualtatne 2000 [2300__| |,1579 [Hepatitis B Virus (HBV) DNA Oualtatne 2000 [2300__,,,,,,0.35,True
Dehradun,17062025150705_CGHS Rates 2024 Dehradun.pdf,43,[1380 [Hepatitis B Virus (HBV) DNA Quantitative ___]s00______[ias__—+| ———*d,1380 [Hepatitis B Virus (HBV) DNA Quantitative ___]s00______[ias__—+| ———*d,,,,,,0.35,True
Dehradun,17062025150705_CGHS Rates 2024 Dehradun.pdf,43,[1581 _|Fepaiis CVirus (HCV) RNA Qualitative. |161__fias___ [|_|,1581 _|Fepaiis CVirus (HCV) RNA Qualitative. |161__fias___ [|_,,,,,,0.35,True
Dehradun,17062025150705_CGHS Rates 2024 Dehradun.pdf,43,[1582 [Human papillomavinise (HPV) Serology 218 psi | |,1582 [Human papillomavinise (HPV) Serology 218 psi,,,,,,0.35,True
Dehradun,17062025150705_CGHS Rates 2024 Dehradun.pdf,43,[1383 [Rota Virsserolosy SiO SS—~*dSSSCSC~sSC‘“‘~*~*Y,1383 [Rota Virsserolosy SiO SS—~*dSSSCSC~sSC‘“‘~*~*Y,,,,,,0.35,True
Dehradun,17062025150705_CGHS Rates 2024 Dehradun.pdf,43,[1384 [PCR for Tuberoulosis (TB) 900i] ———S——id,1384 [PCR for Tuberoulosis (TB) 900i] ———S——id,,,,,,0.35,True
Dehradun,17062025150705_CGHS Rates 2024 Dehradun.pdf,43,[1385 [PCR for Human immunodeficiency virus (HIV) _[600___|o90___| +,1385 [PCR for Human immunodeficiency virus (HIV) _[600___|o90___| +,,,,,,0.35,True
Dehradun,17062025150705_CGHS Rates 2024 Dehradun.pdf,43,[1586 [Chiamydseantigen ids | id,1586 [Chiamydseantigen ids | id,,,,,,0.35,True
Dehradun,17062025150705_CGHS Rates 2024 Dehradun.pdf,43,[1587 |Chlamydae antibody Jase fpso_| |,1587 |Chlamydae antibody Jase fpso_,,,,,,0.35,True
Dehradun,17062025150705_CGHS Rates 2024 Dehradun.pdf,43,[158s [Brucella serology 330 faes___| |,158s [Brucella serology 330 faes___,,,,,,0.35,True
Dehradun,17062025150705_CGHS Rates 2024 Dehradun.pdf,43,[1589 Jinfiuenza A sewology ——_________]oas____fiosa [|,1589 Jinfiuenza A sewology ——_________]oas____fiosa,,,,,,0.35,True
Dehradun,17062025150705_CGHS Rates 2024 Dehradun.pdf,43,19.06.2023 & applicable in all CGHS cities pee TE ee residual (PVR) pele eg applicable in all ICGHS cities Ge in,06.2023 & applicable in all CGHS cities pee TE ee residual (PVR) pele eg applicable in all ICGHS cities Ge in,,,,,,0.35,True
Dehradun,17062025150705_CGHS Rates 2024 Dehradun.pdf,43,‘void residual (PVR) etc 19.06.2023 & lapplicable in all ICGHS cities,‘void residual (PVR) etc 19.06.2023 & lapplicable in all ICGHS cities,,,,,,0.35,True
Dehradun,17062025150705_CGHS Rates 2024 Dehradun.pdf,44,19.06.2023 & lapplicable in all ICGHS cities,06.2023 & lapplicable in all ICGHS cities,,,,,,0.35,True
Dehradun,17062025150705_CGHS Rates 2024 Dehradun.pdf,44,19.06.2023 & lapplicable in all ICGHS cities,06.2023 & lapplicable in all ICGHS cities,,,,,,0.35,True
Dehradun,17062025150705_CGHS Rates 2024 Dehradun.pdf,44,[7559 | Carotid Dapper 00,7559 | Carotid Dapper,,,00,,,0.5,True
Dehradun,17062025150705_CGHS Rates 2024 Dehradun.pdf,44,[1600 [Amerial Colour Dopples |v [aso [|_|,1600 [Amerial Colour Dopples |v [aso [|_,,,,,,0.35,True
Dehradun,17062025150705_CGHS Rates 2024 Dehradun.pdf,44,[1601 —| Venous Colour Doppler 70g |ss0__ [|_|,1601 —| Venous Colour Doppler 70g |ss0__ [|_,,,,,,0.35,True
Dehradun,17062025150705_CGHS Rates 2024 Dehradun.pdf,44,"[1602 | Colour Doppler, renal ateiewany other orean soo [oa |","1602 | Colour Doppler, renal ateiewany other orean soo [oa",,,,,,0.35,True
Dehradun,17062025150705_CGHS Rates 2024 Dehradun.pdf,44,"1603 USG guided intervention- FAC 1530 1800, Rate revised w.e.f.","1603 USG guided intervention- FAC 1530 1800, Rate revised w.e.f.",,,,,,0.35,True
Dehradun,17062025150705_CGHS Rates 2024 Dehradun.pdf,44,19.06.2023 & ICGHS cities [oa [OSG guided iatervention biopsy ia CS,06.2023 & ICGHS cities [oa [OSG guided iatervention biopsy ia CS,,,,,,0.35,True
Dehradun,17062025150705_CGHS Rates 2024 Dehradun.pdf,44,[1605 [OSG guided intervention nephrostomy—_|s00____[20____| NAME OF INVESTIGATIONS X-RAY ‘Non- NABH / 'NABH / NABL |Remarks Non- Rates in Rupee NABL Rates in Rupee Pp | ae |,1605 [OSG guided intervention nephrostomy—_|s00____[20____| NAME OF INVESTIGATIONS X-RAY ‘Non- NABH / 'NABH / NABL |Remarks Non- Rates in Rupee NABL Rates in Rupee Pp | ae,,,,nabh,,0.35,True
Dehradun,17062025150705_CGHS Rates 2024 Dehradun.pdf,44,19.06.2023 & lapplicable in all ICGHS cities,06.2023 & lapplicable in all ICGHS cities,,,,,,0.35,True
Dehradun,17062025150705_CGHS Rates 2024 Dehradun.pdf,44,[707 [Ray Abdomen Caterl view (one Him [1a8_____[iso——sf$ Pp |,707 [Ray Abdomen Caterl view (one Him [1a8_____[iso——sf$ Pp,,,,,,0.35,True
Dehradun,17062025150705_CGHS Rates 2024 Dehradun.pdf,44,19.06.2023 & lapplicable in all ICGHS cities ae,06.2023 & lapplicable in all ICGHS cities ae,,,,,,0.35,True
Dehradun,17062025150705_CGHS Rates 2024 Dehradun.pdf,44,19.06.2023 & lapplicable in all ICGHS cities,06.2023 & lapplicable in all ICGHS cities,,,,,,0.35,True
Dehradun,17062025150705_CGHS Rates 2024 Dehradun.pdf,44,"[110 tray Mastonis Towne view, oblique views (fms) [250 [>ss___ $+ _ el | & Joints (Hip/ Knee/Ankle / shoulder/ Wrist / fingers /Toes, etc) AP & Lateral views (Two films) [isis PeRayPewis AP(one sim) iii CS","110 tray Mastonis Towne view, oblique views (fms) [250 [>ss___ $+ _ el | & Joints (Hip/ Knee/Ankle / shoulder/ Wrist / fingers /Toes, etc) AP & Lateral views (Two films) [isis PeRayPewis AP(one sim) iii CS",,,,,,0.35,True
Dehradun,17062025150705_CGHS Rates 2024 Dehradun.pdf,44,[1613 [Ray Temporomandibular (FM) Joins (one Aim) [uo [a7 ———*d [isis [XRayAbdomen & Pelvis ferKUB [isso |$ eee,1613 [Ray Temporomandibular (FM) Joins (one Aim) [uo [a7 ———*d [isis [XRayAbdomen & Pelvis ferKUB [isso |$ eee,,,,,,0.35,True
Dehradun,17062025150705_CGHS Rates 2024 Dehradun.pdf,45,[Fars — Barium Swallow [s10 Joo | |,Fars — Barium Swallow [s10 Joo,,,,,,0.35,True
Dehradun,17062025150705_CGHS Rates 2024 Dehradun.pdf,45,[1619 [Barium Upper Gfsmady soo _]oxo | ——_~+d,1619 [Barium Upper Gfsmady soo _]oxo | ——_~+d,,,,,,0.35,True
Dehradun,17062025150705_CGHS Rates 2024 Dehradun.pdf,45,[1620 — [arian Upper Gr sty Doubts coatrasy a CC a,1620 — [arian Upper Gr sty Doubts coatrasy a CC a,,,,,,0.35,True
Dehradun,17062025150705_CGHS Rates 2024 Dehradun.pdf,45,"[1621 |Bariuay Meal follow through 1100, Cd","1621 |Bariuay Meal follow through 1100, Cd",,,,,,0.35,True
Dehradun,17062025150705_CGHS Rates 2024 Dehradun.pdf,45,Barium Enema (Single contrast Touble contrast) [850 [1000 |__|,Barium Enema (Single contrast Touble contrast) [850 [1000 |__,,,,,,0.35,True
Dehradun,17062025150705_CGHS Rates 2024 Dehradun.pdf,45,[1603 [small bowel enteroolsis [10201200],1603 [small bowel enteroolsis [10201200,,,,,,0.35,True
Dehradun,17062025150705_CGHS Rates 2024 Dehradun.pdf,45,1624 ]ERCP (Endoscopic Retrograde Cholangio — 2500 2875,1624 ]ERCP (Endoscopic Retrograde Cholangio —,2875,2500,,,,0.72,False
Dehradun,17062025150705_CGHS Rates 2024 Dehradun.pdf,45,1625 |General:Fistulography / Sinography/Sialography 638 750 /Dacrocystography/ T-Tube cholangiogram /Nephrostogram nanan ae ae,General:Fistulography / Sinography/Sialography 638 750 /Dacrocystography/ T-Tube cholangiogram /Nephrostogram nanan ae ae,,,,,,0.35,True
Dehradun,17062025150705_CGHS Rates 2024 Dehradun.pdf,45,1627 | Intravenous Pyelography (IVP) 1400 1650 Rate revised,Intravenous Pyelography (IVP) 1400 1650 Rate revised,,,,,,0.35,True
Dehradun,17062025150705_CGHS Rates 2024 Dehradun.pdf,45,lw.e.f. 19.06.2023 \& applicable in lall CGHS cities,lw.e.f. 19.06.2023 \& applicable in lall CGHS cities,,,,,,0.35,True
Dehradun,17062025150705_CGHS Rates 2024 Dehradun.pdf,45,1628 |Micturating Cystourethrography (MCU) 1120 Rate revised,Micturating Cystourethrography (MCU) 1120 Rate revised,,,,,,0.35,True
Dehradun,17062025150705_CGHS Rates 2024 Dehradun.pdf,45,.e.f. 19.06.2023 \& applicable in lall CGHS cities,.e.f. 19.06.2023 \& applicable in lall CGHS cities,,,,,,0.35,True
Dehradun,17062025150705_CGHS Rates 2024 Dehradun.pdf,45,1629 Retrograde Urethrography (RGU) 950 1120 Rate revised,1629 Retrograde Urethrography (RGU) 950 1120 Rate revised,,,,,,0.35,True
Dehradun,17062025150705_CGHS Rates 2024 Dehradun.pdf,45,Iw.e.f. 19.06.2023 \& applicable in lall CGHS cities,Iw.e.f. 19.06.2023 \& applicable in lall CGHS cities,,,,,,0.35,True
Dehradun,17062025150705_CGHS Rates 2024 Dehradun.pdf,45,1650 [ Contrast Fystero-Salpingography (ASO) a,1650 [ Contrast Fystero-Salpingography (ASO) a,,,,,,0.35,True
Dehradun,17062025150705_CGHS Rates 2024 Dehradun.pdf,45,1631] ray Arthrography [700 sos |__| Cephalography [iso 3,1631] ray Arthrography [700 sos |__| Cephalography [iso,,,3,,,0.5,True
Dehradun,17062025150705_CGHS Rates 2024 Dehradun.pdf,45,[1333 [Myelography a ssennnisneniennsiehinanmanasani a ee [NAME OF INVESTIGATION/MAMMOGRAPHY [Non-NABH/ |NABH/NABL [Remarks /Non- NABL Rates| Rates in Rupee in Rupee,1333 [Myelography a ssennnisneniennsiehinanmanasani a ee [NAME OF INVESTIGATION/MAMMOGRAPHY [Non-NABH/ |NABH/NABL [Remarks /Non- NABL Rates| Rates in Rupee in Rupee,,,,nabh,,0.35,True
Dehradun,17062025150705_CGHS Rates 2024 Dehradun.pdf,45,1635 |X ray Mammography — Bilateral / unilateral 1170 1375 Rate revised w.e.f.,X ray Mammography — Bilateral / unilateral 1170 1375 Rate revised w.e.f.,,,,,,0.35,True
Dehradun,17062025150705_CGHS Rates 2024 Dehradun.pdf,45,19.06.2023 &,06.2023 &,,,,,,0.35,True
Dehradun,17062025150705_CGHS Rates 2024 Dehradun.pdf,46,[156 [MRI Mammosmaphy asso _|sooo [| ——_+4,156 [MRI Mammosmaphy asso _|sooo [| ——_+4,,,,,,0.35,True
Dehradun,17062025150705_CGHS Rates 2024 Dehradun.pdf,46,Dn 4,Dn,,,4,,,0.5,True
Dehradun,17062025150705_CGHS Rates 2024 Dehradun.pdf,46,19.06.2023 & applicable in all ICGHS cities,06.2023 & applicable in all ICGHS cities,,,,,,0.35,True
Dehradun,17062025150705_CGHS Rates 2024 Dehradun.pdf,46,1638 CT Scan Head- with Contrast -including CT 1350 1553 a eee a a,1638 CT Scan Head- with Contrast -including CT 1350 1553 a eee a a,,,,,,0.35,True
Dehradun,17062025150705_CGHS Rates 2024 Dehradun.pdf,46,[759 [CT Scan Chest= without contrast forlungsy)—_1700__]a000 |_|,759 [CT Scan Chest= without contrast forlungsy)—_1700__]a000 |_,,,,,,0.35,True
Dehradun,17062025150705_CGHS Rates 2024 Dehradun.pdf,46,CT Scan Lower Abdomen (incl. Pelvis) With 1700 1955 [laa,CT Scan Lower Abdomen (incl. Pelvis) With 1700 1955 [laa,,,,,,0.35,True
Dehradun,17062025150705_CGHS Rates 2024 Dehradun.pdf,46,"CT Scan Lower Abdomen (Incl. Pelvis) Without 1500 1725,",CT Scan Lower Abdomen (Incl. Pelvis) Without,1725,1500,,,,0.72,False
Dehradun,17062025150705_CGHS Rates 2024 Dehradun.pdf,46,[1543 [CT Scan Whole Abdomen Without Contast__[3000__|sus0_——+[ Sid,1543 [CT Scan Whole Abdomen Without Contast__[3000__|sus0_——+[ Sid,,,,,,0.35,True
Dehradun,17062025150705_CGHS Rates 2024 Dehradun.pdf,46,[1543 [CT Scan Whole Abdomen With Contrast _|4s00___|i7s__ |_|,1543 [CT Scan Whole Abdomen With Contrast _|4s00___|i7s__ |_,,,,,,0.35,True
Dehradun,17062025150705_CGHS Rates 2024 Dehradun.pdf,46,[i618 [TeiplePheseCTabdomen—————————S—~iB0O iS CP id,i618 [TeiplePheseCTabdomen—————————S—~iB0O iS CP id,,,,,,0.35,True
Dehradun,17062025150705_CGHS Rates 2024 Dehradun.pdf,46,[1545 [CT Scan angiography abdomeal Chest _[4500__|si7s_ |_| [iste [CrScenEntercelysis ——=—S—SSCSCS~s SO ————~=d@BOSCdSCC*d,1545 [CT Scan angiography abdomeal Chest _[4500__|si7s_ |_| [iste [CrScenEntercelysis ——=—S—SSCSCS~s SO ————~=d@BOSCdSCC*d,,,,,,0.35,True
Dehradun,17062025150705_CGHS Rates 2024 Dehradun.pdf,46,[1617 [CT Scan Neck Without Contest 1800s |,1617 [CT Scan Neck Without Contest 1800s,,,,,,0.35,True
Dehradun,17062025150705_CGHS Rates 2024 Dehradun.pdf,46,[161s [CT Scan Neck With Conuast_ iso >00—*4[| id,161s [CT Scan Neck With Conuast_ iso >00—*4[| id,,,,,,0.35,True
Dehradun,17062025150705_CGHS Rates 2024 Dehradun.pdf,46,[1619 [Cr Sean orbits Without Commas’ _fu90__|iaoo [+4,1619 [Cr Sean orbits Without Commas’ _fu90__|iaoo [+4,,,,,,0.35,True
Dehradun,17062025150705_CGHS Rates 2024 Dehradun.pdf,46,[1550 [Cr Scan Orbits - With Contast__—_fsis [i009 | |,1550 [Cr Scan Orbits - With Contast__—_fsis [i009,,,,,,0.35,True
Dehradun,17062025150705_CGHS Rates 2024 Dehradun.pdf,46,"1651 CT Scan of Para Nasal Sinuses (CT PNS)- Without 1035, [|e eT","1651 CT Scan of Para Nasal Sinuses (CT PNS)- Without 1035, [|e eT",,,,,,0.35,True
Dehradun,17062025150705_CGHS Rates 2024 Dehradun.pdf,46,1652 CT Scan of Para Nasal Sinuses (CT PNS)- With 1840 [lox ee fee,1652 CT Scan of Para Nasal Sinuses (CT PNS)- With 1840 [lox ee fee,,,,,,0.35,True
Dehradun,17062025150705_CGHS Rates 2024 Dehradun.pdf,46,"1653 CT Scan Spine (Cervical, Dorsal, Lumbar, 1500 1725 [ [ieabetincamt","1653 CT Scan Spine (Cervical, Dorsal, Lumbar, 1500 1725 [ [ieabetincamt",,,,,,0.35,True
Dehradun,17062025150705_CGHS Rates 2024 Dehradun.pdf,46,[155 [CT Scan Temporal bone without contast____[95_____iaso_—- [| ———_~+4,155 [CT Scan Temporal bone without contast____[95_____iaso_—- [| ———_~+4,,,,,,0.35,True
Dehradun,17062025150705_CGHS Rates 2024 Dehradun.pdf,46,[1655 [crscen-Denal iS —isoo~—SSC<dS—id,1655 [crscen-Denal iS —isoo~—SSC<dS—id,,,,,,0.35,True
Dehradun,17062025150705_CGHS Rates 2024 Dehradun.pdf,46,[1656 [CT Scan Limbs Without Commas’ —_fit00 2000 |_|,1656 [CT Scan Limbs Without Commas’ —_fit00 2000 |_,,,,,,0.35,True
Dehradun,17062025150705_CGHS Rates 2024 Dehradun.pdf,46,"1657, CT Scan Limbs -With Contrast including CT 2253 2650 a aaa ee","1657, CT Scan Limbs -With Contrast including CT 2253 2650 a aaa ee",,,,,,0.35,True
Dehradun,17062025150705_CGHS Rates 2024 Dehradun.pdf,46,[7558 _[Ct Guided intervention -FNAC 00 isso id,7558 _[Ct Guided intervention -FNAC 00 isso id,,,,,,0.35,True
Dehradun,17062025150705_CGHS Rates 2024 Dehradun.pdf,46,[1659 [CT Guided Trucut Biopsy —_——_—_fie0o isso Sd,1659 [CT Guided Trucut Biopsy —_——_—_fie0o isso Sd,,,,,,0.35,True
Dehradun,17062025150705_CGHS Rates 2024 Dehradun.pdf,46,CT Guided intervention -percutaneous catheter 1305 1535 [np ‘NAME OF INVESTIGATION MAGNETIC Non- NABH / (NABH / NABL |Remarks [RESONANCE IMAGING (MRI) Non- NABL Rates| Rates in Rupee in Rupee ae,CT Guided intervention -percutaneous catheter 1305 1535 [np ‘NAME OF INVESTIGATION MAGNETIC Non- NABH / (NABH / NABL |Remarks [RESONANCE IMAGING (MRI) Non- NABL Rates| Rates in Rupee in Rupee ae,,,,nabh,,0.35,True
Dehradun,17062025150705_CGHS Rates 2024 Dehradun.pdf,46,19.06.2023 & applicable in all ICGHS cities,06.2023 & applicable in all ICGHS cities,,,,,,0.35,True
Dehradun,17062025150705_CGHS Rates 2024 Dehradun.pdf,46,[7662 [MR Head Brain With Comat SiS id id,7662 [MR Head Brain With Comat SiS id id,,,,,,0.35,True
Dehradun,17062025150705_CGHS Rates 2024 Dehradun.pdf,46,19.06.2023 & applicable in all 'CGHS cities,06.2023 & applicable in all 'CGHS cities,,,,,,0.35,True
Dehradun,17062025150705_CGHS Rates 2024 Dehradun.pdf,47,[16a [MRT Orbis — With Contest 200000,16a [MRT Orbis — With Contest,,,200000,,,0.5,True
Dehradun,17062025150705_CGHS Rates 2024 Dehradun.pdf,47,[1665] MRI Nasopharyax aud PNS—_Withowt Contra’ ]2as0_asis_ [|],1665] MRI Nasopharyax aud PNS—_Withowt Contra’ ]2as0_asis_,,,,,,0.35,True
Dehradun,17062025150705_CGHS Rates 2024 Dehradun.pdf,47,[1656] Mr Nasopharyx and PNS— With Contst_—_]3800___|ao2s____ [|_|,1656] Mr Nasopharyx and PNS— With Contst_—_]3800___|ao2s____ [|_,,,,,,0.35,True
Dehradun,17062025150705_CGHS Rates 2024 Dehradun.pdf,47,[1657 — [Mi for Salivary Glands with Sialography —|3000__ [aso [|_|,1657 — [Mi for Salivary Glands with Sialography —|3000__ [aso [|_,,,,,,0.35,True
Dehradun,17062025150705_CGHS Rates 2024 Dehradun.pdf,47,[1668 [MRINeck = Without Coatast___——|3000_ aso. | ————*,1668 [MRINeck = Without Coatast___——|3000_ aso. | ————*,,,,,,0.35,True
Dehradun,17062025150705_CGHS Rates 2024 Dehradun.pdf,47,[1669 [MRINeck- with eonuast_——]s000____ [sso],1669 [MRINeck- with eonuast_——]s000____ [sso,,,,,,0.35,True
Dehradun,17062025150705_CGHS Rates 2024 Dehradun.pdf,47,[1670 [MRI Shoulder— Without consast_ 20002300 [ |,1670 [MRI Shoulder— Without consast_ 20002300,,,,,,0.35,True
Dehradun,17062025150705_CGHS Rates 2024 Dehradun.pdf,47,[1671 [Mr shoulder—With coast |600__ [x00,1671 [Mr shoulder—With coast |600__ [x00,,,,,,0.35,True
Dehradun,17062025150705_CGHS Rates 2024 Dehradun.pdf,47,[1672 | MRI shoulder both Foints - Without centrast 3000 [saso____ |__|,1672 | MRI shoulder both Foints - Without centrast 3000 [saso____ |__,,,,,,0.35,True
Dehradun,17062025150705_CGHS Rates 2024 Dehradun.pdf,47,[1673 — [Mr Shoulder both joins With contrast |4000__ [400 [|__|,1673 — [Mr Shoulder both joins With contrast |4000__ [400 [|__,,,,,,0.35,True
Dehradun,17062025150705_CGHS Rates 2024 Dehradun.pdf,47,"1674 |MRI Wrist Single joint - Without contrast 2550 13000, Rate revised w.e.f.","MRI Wrist Single joint - Without contrast 2550 13000, Rate revised w.e.f.",,,,,,0.35,True
Dehradun,17062025150705_CGHS Rates 2024 Dehradun.pdf,47,19.06.2023 & ICGHS cities,06.2023 & ICGHS cities,,,,,,0.35,True
Dehradun,17062025150705_CGHS Rates 2024 Dehradun.pdf,47,[77s — [MARE Wrist Single out With contrat’ }4000[aa00_____[--__,77s — [MARE Wrist Single out With contrat’ }4000[aa00_____[--__,,,,,,0.35,True
Dehradun,17062025150705_CGHS Rates 2024 Dehradun.pdf,47,19.06.2023 & applicable in all ICGHS cities,06.2023 & applicable in all ICGHS cities,,,,,,0.35,True
Dehradun,17062025150705_CGHS Rates 2024 Dehradun.pdf,47,[77 _ [MARI Wit oth orate With contrast |s000____[s7s0__ [>,77 _ [MARI Wit oth orate With contrast |s000____[s7s0__ [>,,,,,,0.35,True
Dehradun,17062025150705_CGHS Rates 2024 Dehradun.pdf,47,19.06.2023 & lJapplicable in all |CGHS cities,06.2023 & lJapplicable in all |CGHS cities,,,,,,0.35,True
Dehradun,17062025150705_CGHS Rates 2024 Dehradun.pdf,47,[1679 [MRI ence Sinalejoiat-With contrast |s000_____[s7s0___ |__|,1679 [MRI ence Sinalejoiat-With contrast |s000_____[s7s0___ |__,,,,,,0.35,True
Dehradun,17062025150705_CGHS Rates 2024 Dehradun.pdf,47,19.06.2023 & applicable in all ICGHS cities,06.2023 & applicable in all ICGHS cities,,,,,,0.35,True
Dehradun,17062025150705_CGHS Rates 2024 Dehradun.pdf,47,[Toei — [MART nee both outs Wit contest ]000___[ss0_——sf@,Toei — [MART nee both outs Wit contest ]000___[ss0_——sf@,,,,,,0.35,True
Dehradun,17062025150705_CGHS Rates 2024 Dehradun.pdf,47,[1682 [MRI Ankle Single joint - Without contrat’ ]aras_[as00_ [|],1682 [MRI Ankle Single joint - Without contrat’ ]aras_[as00_,,,,,,0.35,True
Dehradun,17062025150705_CGHS Rates 2024 Dehradun.pdf,47,19.06.2023 & applicable in all ICGHS cities,06.2023 & applicable in all ICGHS cities,,,,,,0.35,True
Dehradun,17062025150705_CGHS Rates 2024 Dehradun.pdf,47,19.06.2023 & Japplicable in all ICGHS cities,06.2023 & Japplicable in all ICGHS cities,,,,,,0.35,True
Dehradun,17062025150705_CGHS Rates 2024 Dehradun.pdf,47,[785 [MRI Ankle both jomats Without contrast [3800s,785 [MRI Ankle both jomats Without contrast [3800s,,,,,,0.35,True
Dehradun,17062025150705_CGHS Rates 2024 Dehradun.pdf,47,[1686 [MRI Hip With couse ——————————~*dias00———ipars,1686 [MRI Hip With couse ——————————~*dias00———ipars,,,,,,0.35,True
Dehradun,17062025150705_CGHS Rates 2024 Dehradun.pdf,47,[1687 [MRI Hip without eontast—___]1as___[as00__ [|_|,1687 [MRI Hip without eontast—___]1as___[as00__ [|_,,,,,,0.35,True
Dehradun,17062025150705_CGHS Rates 2024 Dehradun.pdf,47,[1686 | MiRr Pelvis —Without Contrast [as ps0 <P ——SSSSC—S,1686 | MiRr Pelvis —Without Contrast [as ps0 <P ——SSSSC—S,,,,,,0.35,True
Dehradun,17062025150705_CGHS Rates 2024 Dehradun.pdf,47,[1689 [Mer Pelvis—with contrast |s000____[s7s0___ |_|,1689 [Mer Pelvis—with contrast |s000____[s7s0___ |_,,,,,,0.35,True
Dehradun,17062025150705_CGHS Rates 2024 Dehradun.pdf,47,[1690 [MRI Extemites -With contast —|s000__ sso],1690 [MRI Extemites -With contast —|s000__ sso,,,,,,0.35,True
Dehradun,17062025150705_CGHS Rates 2024 Dehradun.pdf,47,[1601 [MRI Extemites Without contrast |i Jaso0_ [|| a a [7a05 [MRI Temporomandibular—B/L Without comtmat —[aias__[as00__ [|],1601 [MRI Extemites Without contrast |i Jaso0_ [|| a a [7a05 [MRI Temporomandibular—B/L Without comtmat —[aias__[as00__,,,,,,0.35,True
Dehradun,17062025150705_CGHS Rates 2024 Dehradun.pdf,47,[1694 MR Temporal Bone! Inner ear with eontast__ 4000 [4600 [|,1694 MR Temporal Bone! Inner ear with eontast__ 4000 [4600,,,,,,0.35,True
Dehradun,17062025150705_CGHS Rates 2024 Dehradun.pdf,47,[1695 [MR Temporal Rone’ Inner ear without coatast ]2s00___[ag75____ [|__|,1695 [MR Temporal Rone’ Inner ear without coatast ]2s00___[ag75____ [|__,,,,,,0.35,True
Dehradun,17062025150705_CGHS Rates 2024 Dehradun.pdf,47,[1696 |MRIAbdomen= Without Contrast ‘22s psoo iP i,1696 |MRIAbdomen= Without Contrast ‘22s psoo iP i,,,,,,0.35,True
Dehradun,17062025150705_CGHS Rates 2024 Dehradun.pdf,47,[1697 [MRI Abdomen —With Contrast |s000__ sso],1697 [MRI Abdomen —With Contrast |s000__ sso,,,,,,0.35,True
Dehradun,17062025150705_CGHS Rates 2024 Dehradun.pdf,47,[1698 [MRI Breast With Contast_ 4250 |s00___ [|],1698 [MRI Breast With Contast_ 4250 |s00___,,,,,,0.35,True
Dehradun,17062025150705_CGHS Rates 2024 Dehradun.pdf,47,[1699 [Mr Breast= Without Contrast 212s psoo [|__|,1699 [Mr Breast= Without Contrast 212s psoo [|__,,,,,,0.35,True
Dehradun,17062025150705_CGHS Rates 2024 Dehradun.pdf,48,19.06.2023 & lapplicable in all ICGHS cities,06.2023 & lapplicable in all ICGHS cities,,,,,,0.35,True
Dehradun,17062025150705_CGHS Rates 2024 Dehradun.pdf,48,[7701 [MRT Chest= Withowt Contast_—————————~iS iOS CCS,7701 [MRT Chest= Withowt Contast_—————————~iS iOS CCS,,,,,,0.35,True
Dehradun,17062025150705_CGHS Rates 2024 Dehradun.pdf,48,[1702 [MRI Chest With Contrast |4000[a6o0___ [| ___],1702 [MRI Chest With Contrast |4000[a6o0___ [| ___,,,,,,0.35,True
Dehradun,17062025150705_CGHS Rates 2024 Dehradun.pdf,48,19.06.2023 & lapplicable in all ICGHS cities,06.2023 & lapplicable in all ICGHS cities,,,,,,0.35,True
Dehradun,17062025150705_CGHS Rates 2024 Dehradun.pdf,48,[7704 [MRI Cenvieall Cenvice Dorsal Spine With Contrast |a000__[a00____ [|__|,7704 [MRI Cenvieall Cenvice Dorsal Spine With Contrast |a000__[a00____ [|__,,,,,,0.35,True
Dehradun,17062025150705_CGHS Rates 2024 Dehradun.pdf,48,[1705 [Mr Dorsal Dorso Lumbar Spine Without Contrast [225 psoo_— | ————*d,1705 [Mr Dorsal Dorso Lumbar Spine Without Contrast [225 psoo_— | ————*d,,,,,,0.35,True
Dehradun,17062025150705_CGHS Rates 2024 Dehradun.pdf,48,[1706] irr Dorsal Dorso Lumbar Spine With Contrast_— 4000600 ee Contrast,1706] irr Dorsal Dorso Lumbar Spine With Contrast_— 4000600 ee Contrast,,,,,,0.35,True
Dehradun,17062025150705_CGHS Rates 2024 Dehradun.pdf,48,[7708 [MRI Lumbar” Gombe Seorl Spine ~ Wi Contrast |S000____[s780____ |),7708 [MRI Lumbar” Gombe Seorl Spine ~ Wi Contrast |S000____[s780____ |),,,,,,0.35,True
Dehradun,17062025150705_CGHS Rates 2024 Dehradun.pdf,48,[1709 ]Wiole body MRI (For oncological workup) ___—|s100_|sd00__[ |,1709 ]Wiole body MRI (For oncological workup) ___—|s100_|sd00__,,,,,,0.35,True
Dehradun,17062025150705_CGHS Rates 2024 Dehradun.pdf,48,[1710 [MR choleeysto-pancreatography (MRCP) —_|s500____[ox25____ [|__|,1710 [MR choleeysto-pancreatography (MRCP) —_|s500____[ox25____ [|__,,,,,,0.35,True
Dehradun,17062025150705_CGHS Rates 2024 Dehradun.pdf,48,[1711 [MRI Angiography with contrast ]s000____ [sso |__| SE SK NAME OF INVESTIGATION BONE Non- NABH / NABH / NABL [Remarks DENSITOMETRY (DEXA SCAN) /Non-NABL Rates| Rates in Rupee in Rupee,1711 [MRI Angiography with contrast ]s000____ [sso |__| SE SK NAME OF INVESTIGATION BONE Non- NABH / NABH / NABL [Remarks DENSITOMETRY (DEXA SCAN) /Non-NABL Rates| Rates in Rupee in Rupee,,,,nabh,,0.35,True
Dehradun,17062025150705_CGHS Rates 2024 Dehradun.pdf,48,[773 [Dexa Sean Bone Denstomeuy-Twosies [1500 [amas il endian al Hip &extremity),773 [Dexa Sean Bone Denstomeuy-Twosies [1500 [amas il endian al Hip &extremity),,,,,,0.35,True
Dehradun,17062025150705_CGHS Rates 2024 Dehradun.pdf,48,[7715 [Dexa Scan Bone Densitometry Whole body [aa50_____[prs_____| /NAME OF INVESTIGATIONS NEUROLOGICAL Non- NABH / NABH / NABL |Remarks INVESTIGATIONS AND PROCEDURES -Non- NABL Rates|Rates in Rupee in Rupee,7715 [Dexa Scan Bone Densitometry Whole body [aa50_____[prs_____| /NAME OF INVESTIGATIONS NEUROLOGICAL Non- NABH / NABH / NABL |Remarks INVESTIGATIONS AND PROCEDURES -Non- NABL Rates|Rates in Rupee in Rupee,,,,nabh,,0.35,True
Dehradun,17062025150705_CGHS Rates 2024 Dehradun.pdf,48,[7716 |Elecwoencephalogram (EEG) Video REG ans [ss0.__} |,7716 |Elecwoencephalogram (EEG) Video REG ans [ss0.__},,,,,,0.35,True
Dehradun,17062025150705_CGHS Rates 2024 Dehradun.pdf,48,[1717 JElecwomyosraphy(EMG) ida iso a a Gn limbs i rere mor a response (before and after neostigmine) a a,1717 JElecwomyosraphy(EMG) ida iso a a Gn limbs i rere mor a response (before and after neostigmine) a a,,,,,,0.35,True
Dehradun,17062025150705_CGHS Rates 2024 Dehradun.pdf,48,[7721 _| Somatosensory evoked potentials (SSER)_____oas______[s0__ |__|,7721 _| Somatosensory evoked potentials (SSER)_____oas______[s0__ |__,,,,,,0.35,True
Dehradun,17062025150705_CGHS Rates 2024 Dehradun.pdf,48,[1722 Polysomnography (PSG)/ Sleep study oxo),1722 Polysomnography (PSG)/ Sleep study oxo),,,,,,0.35,True
Dehradun,17062025150705_CGHS Rates 2024 Dehradun.pdf,48,[1723 [Brachial plenussmdy id iso CS,1723 [Brachial plenussmdy id iso CS,,,,,,0.35,True
Dehradun,17062025150705_CGHS Rates 2024 Dehradun.pdf,48,[1724 Muscle biopsy 83s,1724 Muscle biopsy 83s,,,,,,0.35,True
Dehradun,17062025150705_CGHS Rates 2024 Dehradun.pdf,48,[1725 Acetylcholine reseptor (ACHR) antibody we iss Jas__[|@ Tsai ee Pe Pe MuSK) antibody titre,1725 Acetylcholine reseptor (ACHR) antibody we iss Jas__[|@ Tsai ee Pe Pe MuSK) antibody titre,,,,,,0.35,True
Dehradun,17062025150705_CGHS Rates 2024 Dehradun.pdf,48,[7727 —|serum copper S00,7727 —|serum copper S00,,,,,,0.35,True
Dehradun,17062025150705_CGHS Rates 2024 Dehradun.pdf,48,[1728 | Serum ceruloplasmin ]aso__[sis__[|$ SS,1728 | Serum ceruloplasmin ]aso__[sis__[|$ SS,,,,,,0.35,True
Dehradun,17062025150705_CGHS Rates 2024 Dehradun.pdf,48,[1729 JUrinary copper 50075,1729 JUrinary copper,,,50075,,,0.5,True
Dehradun,17062025150705_CGHS Rates 2024 Dehradun.pdf,48,[1730 |Serum homocysteine asia dP,1730 |Serum homocysteine asia dP,,,,,,0.35,True
Dehradun,17062025150705_CGHS Rates 2024 Dehradun.pdf,48,[1731 |Serum valproate level ]sis___ sa) |,1731 |Serum valproate level ]sis___ sa),,,,,,0.35,True
Dehradun,17062025150705_CGHS Rates 2024 Dehradun.pdf,48,[1732 | Serum phenobarbitone evel ]3s0._[4os__ > |,1732 | Serum phenobarbitone evel ]3s0._[4os__ >,,,,,,0.35,True
Dehradun,17062025150705_CGHS Rates 2024 Dehradun.pdf,48,[1733 Coagulation profile ————_________]53____ [exp] eo et ees |,1733 Coagulation profile ————_________]53____ [exp] eo et ees,,,,,,0.35,True
Dehradun,17062025150705_CGHS Rates 2024 Dehradun.pdf,48,rate code 1413 for approved rates),rate code 1413 for approved rates),,,,,,0.35,True
Dehradun,17062025150705_CGHS Rates 2024 Dehradun.pdf,48,[7735 | Serum lactate level (Select CGHS rate code 1470 for [See code 1479 [See code Tw [|__|,7735 | Serum lactate level (Select CGHS rate code 1470 for [See code 1479 [See code Tw [|__,,,,,,0.35,True
Dehradun,17062025150705_CGHS Rates 2024 Dehradun.pdf,49,"1736 | Basic studies including cell count, protein, sugar, 240 276 gram stain India Ink preparation and smear for AFB","Basic studies including cell count, protein, sugar, 240 276 gram stain India Ink preparation and smear for AFB",,,,,,0.35,True
Dehradun,17062025150705_CGHS Rates 2024 Dehradun.pdf,49,[1738 [PCR for rubercTosis’ Herpes simplex [200 fisso |,1738 [PCR for rubercTosis’ Herpes simplex [200 fisso,,,,,,0.35,True
Dehradun,17062025150705_CGHS Rates 2024 Dehradun.pdf,49,1739 [Bacterial culture and sensitivity [200 [230 Sid id,1739 [Bacterial culture and sensitivity [200 [230 Sid id,,,,,,0.35,True
Dehradun,17062025150705_CGHS Rates 2024 Dehradun.pdf,49,[1741 [Fungal culture [sso,1741 [Fungal culture [sso,,,,,,0.35,True
Dehradun,17062025150705_CGHS Rates 2024 Dehradun.pdf,49,[1742 [Malignant ces (Cytology) a,1742 [Malignant ces (Cytology) a,,,,,,0.35,True
Dehradun,17062025150705_CGHS Rates 2024 Dehradun.pdf,49,1743 _ | Anti measles antibody titre (with serum antibody 890 1024 titre) Trad_|Viraleatore,1743 _ | Anti measles antibody titre (with serum antibody 890 1024 titre) Trad_|Viraleatore,,,,,,0.35,True
Dehradun,17062025150705_CGHS Rates 2024 Dehradun.pdf,49,"1745 | Antibody titre (Herpes simplex, cytomegalo virus, 760 874 flavivirus, zoster varicella virus)","Antibody titre (Herpes simplex, cytomegalo virus, 760 874 flavivirus, zoster varicella virus)",,,,,,0.35,True
Dehradun,17062025150705_CGHS Rates 2024 Dehradun.pdf,49,[1748 _ |Lactate (Select CGHS rate code 1479 for approvedrate)|See code 1479 _[Seecodel479 [| NAME OF GASTRO-ENTEROLOGY Non- NABH/ NABH / NABL | Remarks Non- NABL Rates| Rates in Rupee in Rupee i ca a,1748 _ |Lactate (Select CGHS rate code 1479 for approvedrate)|See code 1479 _[Seecodel479 [| NAME OF GASTRO-ENTEROLOGY Non- NABH/ NABH / NABL | Remarks Non- NABL Rates| Rates in Rupee in Rupee i ca a,,,,nabh,,0.35,True
Dehradun,17062025150705_CGHS Rates 2024 Dehradun.pdf,49,1751 | Faecal / Fecal fat test/ fecal chymotrypsin’ fecal ‘See code 1335 | See code 1335,Faecal / Fecal fat test/ fecal chymotrypsin’ fecal ‘See code 1335 | See code,,,1335,,,0.65,True
Dehradun,17062025150705_CGHS Rates 2024 Dehradun.pdf,49,elastase (select CGHS rate code 1335 approved at rate),elastase (select CGHS rate code 1335 approved at rate),,,,,,0.35,True
Dehradun,17062025150705_CGHS Rates 2024 Dehradun.pdf,49,1752 _ | Breath tests (Select CGHS rate code 1336 for approved |See code 1336 | See code 1336 rate),1752 _ | Breath tests (Select CGHS rate code 1336 for approved |See code 1336 | See code 1336 rate),,,,,,0.35,True
Dehradun,17062025150705_CGHS Rates 2024 Dehradun.pdf,49,[1756 Urinary vanilipimandetic ack (VATA) [soos id,1756 Urinary vanilipimandetic ack (VATA) [soos id,,,,,,0.35,True
Dehradun,17062025150705_CGHS Rates 2024 Dehradun.pdf,49,Urinary metanephrine/Normetanephrine 1138 1309 | _ ee a i: _ ~ || Sc,Urinary metanephrine/Normetanephrine 1138 1309 | _ ee a i: _ ~ || Sc,,,,,,0.35,True
Dehradun,17062025150705_CGHS Rates 2024 Dehradun.pdf,49,[1761 —]>0 tir winary aldosterone ono [oss > Sid,1761 —]>0 tir winary aldosterone ono [oss > Sid,,,,,,0.35,True
Dehradun,17062025150705_CGHS Rates 2024 Dehradun.pdf,49,[1762 [Plasma renin activity 1001150 -,1762 [Plasma renin activity 1001150 -,,,,,,0.35,True
Dehradun,17062025150705_CGHS Rates 2024 Dehradun.pdf,49,[1765 [Osmolality serum pias —_fso. | Sid,1765 [Osmolality serum pias —_fso. | Sid,,,,,,0.35,True
Dehradun,17062025150705_CGHS Rates 2024 Dehradun.pdf,49,[1766 [Urinary sodium id i,1766 [Urinary sodium id i,,,,,,0.35,True
Dehradun,17062025150705_CGHS Rates 2024 Dehradun.pdf,50,[1767 _[Crinary Chloride A,1767 _[Crinary Chloride A,,,,,,0.35,True
Dehradun,17062025150705_CGHS Rates 2024 Dehradun.pdf,50,[1769 [Urinary calcium pe,1769 [Urinary calcium pe,,,,,,0.35,True
Dehradun,17062025150705_CGHS Rates 2024 Dehradun.pdf,50,[1770 [Thyroid binding alobulin [sio foo + +d,1770 [Thyroid binding alobulin [sio foo + +d,,,,,,0.35,True
Dehradun,17062025150705_CGHS Rates 2024 Dehradun.pdf,50,1771 [24-hour urinary fre cortisol a,1771 [24-hour urinary fre cortisol a,,,,,,0.35,True
Dehradun,17062025150705_CGHS Rates 2024 Dehradun.pdf,50,[1772 [islet cel antibody |,1772 [islet cel antibody,,,,,,0.35,True
Dehradun,17062025150705_CGHS Rates 2024 Dehradun.pdf,50,1773 Glutamic Acid Decarboxylase Autoantibodies test 1330 1530,1773 Glutamic Acid Decarboxylase Autoantibodies test,1530,1330,,,,0.72,False
Dehradun,17062025150705_CGHS Rates 2024 Dehradun.pdf,50,[1775 [Insulin-like growth factor-1 TGF) [soo isd C—id,1775 [Insulin-like growth factor-1 TGF) [soo isd C—id,,,,,,0.35,True
Dehradun,17062025150705_CGHS Rates 2024 Dehradun.pdf,50,1776 | Insulin-like growth factor binding protein 3 (IGF- 1650 1898 BP3),Insulin-like growth factor binding protein 3 (IGF- 1650 1898 BP3),,,,,,0.35,True
Dehradun,17062025150705_CGHS Rates 2024 Dehradun.pdf,50,Sex hormone binding globulin 1333 1533 | ti“‘COC‘*C,Sex hormone binding globulin 1333 1533 | ti“‘COC‘*C,,,,,,0.35,True
Dehradun,17062025150705_CGHS Rates 2024 Dehradun.pdf,50,[1778 JUSG guided FNAC thyroid gland [ss7_ dass dd,1778 JUSG guided FNAC thyroid gland [ss7_ dass dd,,,,,,0.35,True
Dehradun,17062025150705_CGHS Rates 2024 Dehradun.pdf,50,[179 [Estradiol (£2) a cc |,179 [Estradiol (£2) a cc,,,,,,0.35,True
Dehradun,17062025150705_CGHS Rates 2024 Dehradun.pdf,50,[1780 | thyroglobulin antibody a,1780 | thyroglobulin antibody a,,,,,,0.35,True
Dehradun,17062025150705_CGHS Rates 2024 Dehradun.pdf,50,ADDED W.E-F. 14.01.2020 TREATMENT PROCEDURES & INVESTIGATIONS : UNSPECIFIED CGHS TREATMENT PROCEDURED/ Non- NABH / NABH / NABL |Remarks INVESTIGATIONS LIST Non- NABI Rates| Rates in Rupee in Rupee,ADDED W.E-F. 14.01.2020 TREATMENT PROCEDURES & INVESTIGATIONS : UNSPECIFIED CGHS TREATMENT PROCEDURED/ Non- NABH / NABH / NABL |Remarks INVESTIGATIONS LIST Non- NABI Rates| Rates in Rupee in Rupee,,,,nabh,,0.35,True
Dehradun,17062025150705_CGHS Rates 2024 Dehradun.pdf,50,"1781 Kappa Lambda Light Chains, Free, Serum/ Serum free | 3500 4025 Rate added w.e.f.","1781 Kappa Lambda Light Chains, Free, Serum/ Serum free | 3500 4025 Rate added w.e.f.",,,,,,0.35,True
Dehradun,17062025150705_CGHS Rates 2024 Dehradun.pdf,50,light chains (SFLC) 14.01.2020 & applicable in all CGHS cities,light chains (SFLC) 14.01.2020 & applicable in all CGHS cities,,,,,,0.35,True
Dehradun,17062025150705_CGHS Rates 2024 Dehradun.pdf,50,1782 Serum IGE Level 300 345 Rate added w.e.f.,1782 Serum IGE Level 300 345 Rate added w.e.f.,,,,,,0.35,True
Dehradun,17062025150705_CGHS Rates 2024 Dehradun.pdf,50,14.01.2020 & applicable in all CGHS cities,01.2020 & applicable in all CGHS cities,,,,,,0.35,True
Dehradun,17062025150705_CGHS Rates 2024 Dehradun.pdf,50,1783 N-terminal pro BNP (NT-pro BNP / Brain natriuretic 1800 2070 Rate added w.e.f.,1783 N-terminal pro BNP (NT-pro BNP / Brain natriuretic 1800 2070 Rate added w.e.f.,,,,,,0.35,True
Dehradun,17062025150705_CGHS Rates 2024 Dehradun.pdf,50,peptide (BNP) 14.01.2020 & applicable in all CGHS cities,peptide (BNP) 14.01.2020 & applicable in all CGHS cities,,,,,,0.35,True
Dehradun,17062025150705_CGHS Rates 2024 Dehradun.pdf,50,1784 | Contrast Enhanced Computed Tomograpy (CECT) 2445 2875 Rate revised w.e.f.,Contrast Enhanced Computed Tomograpy (CECT) 2445 2875 Rate revised w.e.f.,,,,,,0.35,True
Dehradun,17062025150705_CGHS Rates 2024 Dehradun.pdf,50,Chest (Including CD) 19.06.2023 & applicable in all CGHS cities,Chest (Including CD) 19.06.2023 & applicable in all CGHS cities,,,,,,0.35,True
Dehradun,17062025150705_CGHS Rates 2024 Dehradun.pdf,50,1785 MRI-Prostate (Multi-parametric) (Including CD) 6000 6900 Rate added w.e.f.,1785 MRI-Prostate (Multi-parametric) (Including CD) 6000 6900 Rate added w.e.f.,,,,,,0.35,True
Dehradun,17062025150705_CGHS Rates 2024 Dehradun.pdf,50,14.01.2020 & applicable in all CGHS cities,01.2020 & applicable in all CGHS cities,,,,,,0.35,True
Dehradun,17062025150705_CGHS Rates 2024 Dehradun.pdf,50,1786 HCV RNA Quantitative 1500 1725 Rate added w.e.f.,1786 HCV RNA Quantitative 1500 1725 Rate added w.e.f.,,,,,,0.35,True
Dehradun,17062025150705_CGHS Rates 2024 Dehradun.pdf,50,14.01.2020 & applicable in all CGHS cities,01.2020 & applicable in all CGHS cities,,,,,,0.35,True
Dehradun,17062025150705_CGHS Rates 2024 Dehradun.pdf,50,1787 Tacrolimus 2300 2645 Rate added w.e.f.,1787 Tacrolimus 2300 2645 Rate added w.e.f.,,,,,,0.35,True
Dehradun,17062025150705_CGHS Rates 2024 Dehradun.pdf,50,14.01.2020 & applicable in all CGHS cities,01.2020 & applicable in all CGHS cities,,,,,,0.35,True
Dehradun,17062025150705_CGHS Rates 2024 Dehradun.pdf,50,"1788 Protein Creatinine Ratio (PCR), Urine / Albumin 120 138 Rate added w.e.f.","1788 Protein Creatinine Ratio (PCR), Urine / Albumin 120 138 Rate added w.e.f.",,,,,,0.35,True
Dehradun,17062025150705_CGHS Rates 2024 Dehradun.pdf,50,"Creatinine Ratio (ACR), Urine 14.01.2020 & applicable in all CGHS cities","Creatinine Ratio (ACR), Urine 14.01.2020 & applicable in all CGHS cities",,,,,,0.35,True
Dehradun,17062025150705_CGHS Rates 2024 Dehradun.pdf,50,1789 Fibroscan Liver 1150 Rate added w.e.f.,1789 Fibroscan Liver 1150 Rate added w.e.f.,,,,,,0.35,True
Dehradun,17062025150705_CGHS Rates 2024 Dehradun.pdf,50,14.01.2020 & applicable in all CGHS cities,01.2020 & applicable in all CGHS cities,,,,,,0.35,True
Dehradun,17062025150705_CGHS Rates 2024 Dehradun.pdf,50,1790 HLA B27 (PCR) 500 575 Rate added w.e.f.,1790 HLA B27 (PCR) 500 575 Rate added w.e.f.,,,,,,0.35,True
Dehradun,17062025150705_CGHS Rates 2024 Dehradun.pdf,50,14.01.2020 & applicable in all,01.2020 & applicable in all,,,,,,0.35,True
Dehradun,17062025150705_CGHS Rates 2024 Dehradun.pdf,51,1791 Mantoux Test 175 200 Rate added w.e.f.,1791 Mantoux Test 175 200 Rate added w.e.f.,,,,,,0.35,True
Dehradun,17062025150705_CGHS Rates 2024 Dehradun.pdf,51,14.01.2020 & applicable in all CGHS cities,01.2020 & applicable in all CGHS cities,,,,,,0.35,True
Dehradun,17062025150705_CGHS Rates 2024 Dehradun.pdf,51,1792 |Procalcitonin 1800 2070 Rate added w.e.f.,Procalcitonin 1800 2070 Rate added w.e.f.,,,,,,0.35,True
Dehradun,17062025150705_CGHS Rates 2024 Dehradun.pdf,51,14.01.2020 & applicable in all CGHS cities,01.2020 & applicable in all CGHS cities,,,,,,0.35,True
Dehradun,17062025150705_CGHS Rates 2024 Dehradun.pdf,51,1793 [TORCH Test 1120 1288 Rate added w.e.f.,1793 [TORCH Test 1120 1288 Rate added w.e.f.,,,,,,0.35,True
Dehradun,17062025150705_CGHS Rates 2024 Dehradun.pdf,51,14.01.2020 & applicable in all CGHS cities,01.2020 & applicable in all CGHS cities,,,,,,0.35,True
Dehradun,17062025150705_CGHS Rates 2024 Dehradun.pdf,51,"1794 | Intracoronary optical coherence tomography (OCT) / 65,000 Rate revised w.ef","Intracoronary optical coherence tomography (OCT) / 65,000 Rate revised w.ef",,,,,,0.35,True
Dehradun,17062025150705_CGHS Rates 2024 Dehradun.pdf,51,"Intravascular optical coherence tomography (IVOCT) 19.12.2023 & Intravascular Ventricular Assist System rr applicable in all ! CGHS cities, Differential rates are not applicable, Rate is same for both NABH and Non-NABH Accredited HCO’s and Shall not be part of any other procedure","Intravascular optical coherence tomography (IVOCT) 19.12.2023 & Intravascular Ventricular Assist System rr applicable in all ! CGHS cities, Differential rates are not applicable, Rate is same for both NABH and Non-NABH Accredited HCO’s and Shall not be part of any other procedure",,,,nabh,,0.35,True
Dehradun,17062025150705_CGHS Rates 2024 Dehradun.pdf,51,1795 | Fractional flow reserve (FFR)- inclusive of cost of wire] See code 585 See code 585 [Rate revised w.e.f.,Fractional flow reserve (FFR)- inclusive of cost of wire] See code 585 See code 585 [Rate revised w.e.f.,,,,,,0.35,True
Dehradun,17062025150705_CGHS Rates 2024 Dehradun.pdf,51,19.12.2023 & applicable in all CGHS cities PO OC CGHS TREATMENT PROCEDURE) Non-NABH/ |NABH/NABL [Remarks INVESTIGATION LIST Non- NABL Rates| Rates in Rupee in Rupee,12.2023 & applicable in all CGHS cities PO OC CGHS TREATMENT PROCEDURE) Non-NABH/ |NABH/NABL [Remarks INVESTIGATION LIST Non- NABL Rates| Rates in Rupee in Rupee,,,,nabh,,0.35,True
Dehradun,17062025150705_CGHS Rates 2024 Dehradun.pdf,51,1796 | Anti—Smooth Muscle Antibody Test (ASMA) 1241 1460 Rate added w.e-f.,Anti—Smooth Muscle Antibody Test (ASMA) 1241 1460 Rate added w.e-f.,,,,,,0.35,True
Dehradun,17062025150705_CGHS Rates 2024 Dehradun.pdf,51,03.06.2020 & applicable in all CGHS cities,06.2020 & applicable in all CGHS cities,,,,,,0.35,True
Dehradun,17062025150705_CGHS Rates 2024 Dehradun.pdf,51,1797 [C ANCA-IFA 1275 1500 Rate added w.e-f.,1797 [C ANCA-IFA 1275 1500 Rate added w.e-f.,,,,,,0.35,True
Dehradun,17062025150705_CGHS Rates 2024 Dehradun.pdf,51,03.06.2020 & applicable in all CGHS cities,06.2020 & applicable in all CGHS cities,,,,,,0.35,True
Dehradun,17062025150705_CGHS Rates 2024 Dehradun.pdf,51,1798 |[P ANCA-IFA 1275 1500 Rate added w.e.f.,P ANCA-IFA 1275 1500 Rate added w.e.f.,,,,,,0.35,True
Dehradun,17062025150705_CGHS Rates 2024 Dehradun.pdf,51,03.06.2020 & applicable in all CGHS cities,06.2020 & applicable in all CGHS cities,,,,,,0.35,True
Dehradun,17062025150705_CGHS Rates 2024 Dehradun.pdf,51,1799 | Angiotensin converting enzyme (ACE) 850 Rate added w.e.f.,Angiotensin converting enzyme (ACE) 850 Rate added w.e.f.,,,,,,0.35,True
Dehradun,17062025150705_CGHS Rates 2024 Dehradun.pdf,51,03.06.2020 & applicable in all CGHS cities,06.2020 & applicable in all CGHS cities,,,,,,0.35,True
Dehradun,17062025150705_CGHS Rates 2024 Dehradun.pdf,51,1800 | Endo bronchial Ultrasound (EBUS) -Trans bronchial |15614 18370 Rate added w.e.f.,Endo bronchial Ultrasound (EBUS) -Trans bronchial |15614 18370 Rate added w.e.f.,,,,,,0.35,True
Dehradun,17062025150705_CGHS Rates 2024 Dehradun.pdf,51,needle aspiration (TBNA) -Using New Needle 03.06.2020 & applicable in all CGHS cities,needle aspiration (TBNA) -Using New Needle 03.06.2020 & applicable in all CGHS cities,,,,,,0.35,True
Dehradun,17062025150705_CGHS Rates 2024 Dehradun.pdf,51,Extractable Nuclear Antigens (ENA) - Quantitative [4250 4600 Rate added w.e-f.,Extractable Nuclear Antigens (ENA) - Quantitative [4250 4600 Rate added w.e-f.,,,,,,0.35,True
Dehradun,17062025150705_CGHS Rates 2024 Dehradun.pdf,51,03.06.2020 & applicable in all CGHS cities,06.2020 & applicable in all CGHS cities,,,,,,0.35,True
Dehradun,17062025150705_CGHS Rates 2024 Dehradun.pdf,51,1802 |Chromogranin A 4250 5000 Rate added wef.,Chromogranin A 4250 5000 Rate added wef.,,,,,,0.35,True
Dehradun,17062025150705_CGHS Rates 2024 Dehradun.pdf,51,03.06.2020 & applicable in all CGHS cities,06.2020 & applicable in all CGHS cities,,,,,,0.35,True
Dehradun,17062025150705_CGHS Rates 2024 Dehradun.pdf,52,(03.06.2020 &,(03.06.2020 &,,,,,,0.35,True
Dehradun,17062025150705_CGHS Rates 2024 Dehradun.pdf,52,1804 [€3-COMPLEMENT 552 650 Rate added w.e.f.,1804 [€3-COMPLEMENT 552 650 Rate added w.e.f.,,,,,,0.35,True
Dehradun,17062025150705_CGHS Rates 2024 Dehradun.pdf,52,03.06.2020 & applicable in all CGHS cities,06.2020 & applicable in all CGHS cities,,,,,,0.35,True
Dehradun,17062025150705_CGHS Rates 2024 Dehradun.pdf,52,1805 [C4-COMPLEMENT 552 650 Rate added wae.,1805 [C4-COMPLEMENT 552 650 Rate added wae.,,,,,,0.35,True
Dehradun,17062025150705_CGHS Rates 2024 Dehradun.pdf,52,03.06.2020 & applicable in all CGHS cities,06.2020 & applicable in all CGHS cities,,,,,,0.35,True
Dehradun,17062025150705_CGHS Rates 2024 Dehradun.pdf,52,1806 | Genexpert Test 880 1035 Rate added wef.,Genexpert Test 880 1035 Rate added wef.,,,,,,0.35,True
Dehradun,17062025150705_CGHS Rates 2024 Dehradun.pdf,52,03.06.2020 & applicable in all CGHS cities,06.2020 & applicable in all CGHS cities,,,,,,0.35,True
Dehradun,17062025150705_CGHS Rates 2024 Dehradun.pdf,52,1807 [DJ stent removal 7395 8700 Rate added w.e.f.,1807 [DJ stent removal 7395 8700 Rate added w.e.f.,,,,,,0.35,True
Dehradun,17062025150705_CGHS Rates 2024 Dehradun.pdf,52,03.06.2020 & applicable in all CGHS cities,06.2020 & applicable in all CGHS cities,,,,,,0.35,True
Dehradun,17062025150705_CGHS Rates 2024 Dehradun.pdf,52,1808 [Pulmonary Function Test (PFT) /(Spirometry with [425 500 Rate added w.e-f.,1808 [Pulmonary Function Test (PFT) /(Spirometry with [425 500 Rate added w.e-f.,,,,,,0.35,True
Dehradun,17062025150705_CGHS Rates 2024 Dehradun.pdf,52,Diffusing Capacity of the Lungs for Carbon 03.06.2020 & monoxide (DLCO) applicable in all CGHS cities,Diffusing Capacity of the Lungs for Carbon 03.06.2020 & monoxide (DLCO) applicable in all CGHS cities,,,,,,0.35,True
Dehradun,17062025150705_CGHS Rates 2024 Dehradun.pdf,52,1809 ]EUS (Endoscopic Ultrasound) guided FNAC (Using [12750 15000 Rate added wef.,1809 ]EUS (Endoscopic Ultrasound) guided FNAC (Using [12750 15000 Rate added wef.,,,,,,0.35,True
Dehradun,17062025150705_CGHS Rates 2024 Dehradun.pdf,52,‘New Needle) 03.06.2020 & applicable in all CGHS cities,‘New Needle) 03.06.2020 & applicable in all CGHS cities,,,,,,0.35,True
Dehradun,17062025150705_CGHS Rates 2024 Dehradun.pdf,52,CT Urography 3825 4500 Rate added w.e.f.,CT Urography 3825 4500 Rate added w.e.f.,,,,,,0.35,True
Dehradun,17062025150705_CGHS Rates 2024 Dehradun.pdf,52,03.06.2020 & applicable in all CGHS cities,06.2020 & applicable in all CGHS cities,,,,,,0.35,True
Dehradun,17062025150705_CGHS Rates 2024 Dehradun.pdf,52,Video Laryngoscopy 5100 6000 Rate added w.e.f.,Video Laryngoscopy 5100 6000 Rate added w.e.f.,,,,,,0.35,True
Dehradun,17062025150705_CGHS Rates 2024 Dehradun.pdf,52,03.06.2020 & applicable in all CGHS cities,06.2020 & applicable in all CGHS cities,,,,,,0.35,True
Dehradun,17062025150705_CGHS Rates 2024 Dehradun.pdf,52,1812 [CT Angio-Neck Vessels 3100 ‘6000 Rate added w.e.f.,1812 [CT Angio-Neck Vessels 3100 ‘6000 Rate added w.e.f.,,,,,,0.35,True
Dehradun,17062025150705_CGHS Rates 2024 Dehradun.pdf,52,03.06.2020 & applicable in all CGHS cities,06.2020 & applicable in all CGHS cities,,,,,,0.35,True
Dehradun,17062025150705_CGHS Rates 2024 Dehradun.pdf,52,1813 [HINI (RT-PCR) 921 1084 Rate added w.e.f.,1813 [HINI (RT-PCR) 921 1084 Rate added w.e.f.,,,,,,0.35,True
Dehradun,17062025150705_CGHS Rates 2024 Dehradun.pdf,52,03.06.2020 & applicable in all CGHS cities,06.2020 & applicable in all CGHS cities,,,,,,0.35,True
Dehradun,17062025150705_CGHS Rates 2024 Dehradun.pdf,52,1814 [Erythropoietin Level (Select CGHS rate code 1557 for |See code 1557 __|See code 1557 [Rate added w.ef.,1814 [Erythropoietin Level (Select CGHS rate code 1557 for |See code 1557 __|See code 1557 [Rate added w.ef.,,,,,,0.35,True
Dehradun,17062025150705_CGHS Rates 2024 Dehradun.pdf,52,approved rate) 03.06.2020 & applicable in all CGHS cities,approved rate) 03.06.2020 & applicable in all CGHS cities,,,,,,0.35,True
Dehradun,17062025150705_CGHS Rates 2024 Dehradun.pdf,52,1815 [Anti HEV IgM 850 Rate added wef.,1815 [Anti HEV IgM 850 Rate added wef.,,,,,,0.35,True
Dehradun,17062025150705_CGHS Rates 2024 Dehradun.pdf,52,03.06.2020 & applicable in all CGHS cities,06.2020 & applicable in all CGHS cities,,,,,,0.35,True
Dehradun,17062025150705_CGHS Rates 2024 Dehradun.pdf,52,Anti HAV IgM 637 750 Rate added w.e.f.,Anti HAV IgM 637 750 Rate added w.e.f.,,,,,,0.35,True
Dehradun,17062025150705_CGHS Rates 2024 Dehradun.pdf,52,03.06.2020 & applicable in all CGHS cities,06.2020 & applicable in all CGHS cities,,,,,,0.35,True
Dehradun,17062025150705_CGHS Rates 2024 Dehradun.pdf,52,1817 |HBsAg Quantitative 552 650 Rate added w.e.f.,HBsAg Quantitative 552 650 Rate added w.e.f.,,,,,,0.35,True
Dehradun,17062025150705_CGHS Rates 2024 Dehradun.pdf,52,03.06.2020 & applicable in all CGHS cities,06.2020 & applicable in all CGHS cities,,,,,,0.35,True
Dehradun,17062025150705_CGHS Rates 2024 Dehradun.pdf,52,1818 | Typhidot IgM 340 400 Rate added w.e.f.,Typhidot IgM 340 400 Rate added w.e.f.,,,,,,0.35,True
Dehradun,17062025150705_CGHS Rates 2024 Dehradun.pdf,52,03.06.2020 & applicable in all CGHS cities,06.2020 & applicable in all CGHS cities,,,,,,0.35,True
Dehradun,17062025150705_CGHS Rates 2024 Dehradun.pdf,52,1819 | Hepatitis B Core Antibody (HBcAb) Level (Hepatitis [408 480 Rate added w.e-f.,Hepatitis B Core Antibody (HBcAb) Level (Hepatitis [408 480 Rate added w.e-f.,,,,,,0.35,True
Dehradun,17062025150705_CGHS Rates 2024 Dehradun.pdf,52,B Core IgM Antibody) 03.06.2020 & applicable in all,B Core IgM Antibody) 03.06.2020 & applicable in all,,,,,,0.35,True
Dehradun,17062025150705_CGHS Rates 2024 Dehradun.pdf,53,1820 Hepatitis B surface antibody (anti HBs) 552 650 Rate added w.e.f.,1820 Hepatitis B surface antibody (anti HBs) 552 650 Rate added w.e.f.,,,,,,0.35,True
Dehradun,17062025150705_CGHS Rates 2024 Dehradun.pdf,53,03.06.2020 & applicable in all CGHS cities,06.2020 & applicable in all CGHS cities,,,,,,0.35,True
Dehradun,17062025150705_CGHS Rates 2024 Dehradun.pdf,53,"| | ADDED vide clause 2, 5, & 6 of OM F. No. S-11045/36/2012-CGHS (HEC) dated 26.11.2014 | | |CGHS TREATMENT PROCEDURE/ ‘Non- NABH / Non-| NABH / NABL [Remarks INVESTIGATION LIST NABL Rates in _ | Rates in Rupee Rupee","ADDED vide clause 2, 5, & 6 of OM F. No. S-11045/36/2012-CGHS (HEC) dated 26.11.2014 | | |CGHS TREATMENT PROCEDURE/ ‘Non- NABH / Non-| NABH / NABL [Remarks INVESTIGATION LIST NABL Rates in _ | Rates in Rupee Rupee",,,,nabh,,0.35,True
Dehradun,17062025150705_CGHS Rates 2024 Dehradun.pdf,53,1821 [Free Triiodothyronine (FT3) 125 Rates applicable in all CGHS cities,1821 [Free Triiodothyronine (FT3) 125 Rates applicable in all CGHS cities,,,,,,0.35,True
Dehradun,17062025150705_CGHS Rates 2024 Dehradun.pdf,53,1822 |Free Thyroxine (FT4) 125 [Rates applicable in all CGHS cities,Free Thyroxine (FT4) 125 [Rates applicable in all CGHS cities,,,,,,0.35,True
Dehradun,17062025150705_CGHS Rates 2024 Dehradun.pdf,53,1823 | Widal Test 70 [Rates applicable in all CGHS cities,Widal Test 70 [Rates applicable in all CGHS cities,,,,,,0.35,True
Dehradun,17062025150705_CGHS Rates 2024 Dehradun.pdf,53,1824 [Dengue Serology / NS | Ag for dengue 310 [Rates applicable in fall CGHS cities,1824 [Dengue Serology / NS | Ag for dengue 310 [Rates applicable in fall CGHS cities,,,,,,0.35,True
Dehradun,17062025150705_CGHS Rates 2024 Dehradun.pdf,53,1825 [Blood component charges - Whole Blood per Unit [1450 1450 Rates applicable in all CGHS cities,1825 [Blood component charges - Whole Blood per Unit [1450 1450 Rates applicable in all CGHS cities,,,,,,0.35,True
Dehradun,17062025150705_CGHS Rates 2024 Dehradun.pdf,53,1826 | Blood component charges - Packed Red Cell per Unit [1450 1430 [Rates applicable in all CGHS cities,Blood component charges - Packed Red Cell per Unit [1450 1430 [Rates applicable in all CGHS cities,,,,,,0.35,True
Dehradun,17062025150705_CGHS Rates 2024 Dehradun.pdf,53,1827 [Blood component charges - Fresh Frozen Plasma 400 400 Rates applicable in all CGHS cities,1827 [Blood component charges - Fresh Frozen Plasma 400 400 Rates applicable in all CGHS cities,,,,,,0.35,True
Dehradun,17062025150705_CGHS Rates 2024 Dehradun.pdf,53,1828 | Platelet Concentrate- Random Donor Platelet (RDP) [400 400 [Rates applicable in all CGHS cities,Platelet Concentrate- Random Donor Platelet (RDP) [400 400 [Rates applicable in all CGHS cities,,,,,,0.35,True
Dehradun,17062025150705_CGHS Rates 2024 Dehradun.pdf,53,1829 | Blood component charges - Cryoprecipitate 200 200 [Rates applicable in all CGHS cities,Blood component charges - Cryoprecipitate 200 200 [Rates applicable in all CGHS cities,,,,,,0.35,True
Dehradun,17062025150705_CGHS Rates 2024 Dehradun.pdf,53,1830 | Platelet Concentrate — Single Donor Platelet (SDP)- [11000 11000 [Rates applicable in /Apheresis per unit all CGHS cities,Platelet Concentrate — Single Donor Platelet (SDP)- [11000 11000 [Rates applicable in /Apheresis per unit all CGHS cities,,,,,,0.35,True
Dehradun,17062025150705_CGHS Rates 2024 Dehradun.pdf,53,"1831 _ [Annual Health Check-up - CCS Group A Officer of above| 2000 2000 fates applicable in |40 years of age / Pensioner primary card holder 75 years all CGHS cities lof age and above-Male,","1831 _ [Annual Health Check-up - CCS Group A Officer of above| 2000 2000 fates applicable in |40 years of age / Pensioner primary card holder 75 years all CGHS cities lof age and above-Male,",,,,,,0.35,True
Dehradun,17062025150705_CGHS Rates 2024 Dehradun.pdf,53,1832 _ | Annual Health Check up - CCS Group A Officer of above] 2200 2200 fRates applicable in 40 years of age / Pensioner primary card holder 75 years all CGHS cities of age and above - Female |_| — | | CGHS TREATMENT PROCEDURE! INVESTIGATION Non-NABH/ Non- |NABH/NABL | Remarks LIST NABL Rates in _ | Rates in Rupee Rupee,1832 _ | Annual Health Check up - CCS Group A Officer of above] 2200 2200 fRates applicable in 40 years of age / Pensioner primary card holder 75 years all CGHS cities of age and above - Female |_| — | | CGHS TREATMENT PROCEDURE! INVESTIGATION Non-NABH/ Non- |NABH/NABL | Remarks LIST NABL Rates in _ | Rates in Rupee Rupee,,,,nabh,,0.35,True
Dehradun,17062025150705_CGHS Rates 2024 Dehradun.pdf,53,1833 [Interleukin 6 (IL6/ IL 6) 1360 Rate added wef.,1833 [Interleukin 6 (IL6/ IL 6) 1360 Rate added wef.,,,,,,0.35,True
Dehradun,17062025150705_CGHS Rates 2024 Dehradun.pdf,53,11.02.2021 & applicable in all ICGHS cities,02.2021 & applicable in all ICGHS cities,,,,,,0.35,True
Dehradun,17062025150705_CGHS Rates 2024 Dehradun.pdf,53,1834 | High resolution computed Tomography (HRCT 1700 2000 Revised rate w.e.f.,High resolution computed Tomography (HRCT 1700 2000 Revised rate w.e.f.,,,,,,0.35,True
Dehradun,17062025150705_CGHS Rates 2024 Dehradun.pdf,53,Chest) 19.06.2023 & applicable in all CGHS cities,Chest) 19.06.2023 & applicable in all CGHS cities,,,,,,0.35,True
Dehradun,17062025150705_CGHS Rates 2024 Dehradun.pdf,53,1835 _ | Fluid air exchange (per eye) 4250 3000 Rate added w.e-f.,1835 _ | Fluid air exchange (per eye) 4250 3000 Rate added w.e-f.,,,,,,0.35,True
Dehradun,17062025150705_CGHS Rates 2024 Dehradun.pdf,53,11.02.2021 & applicable in all |CGHS cities,02.2021 & applicable in all |CGHS cities,,,,,,0.35,True
Dehradun,17062025150705_CGHS Rates 2024 Dehradun.pdf,53,1836 _|C3F8 GAS Injection (per eye) 4250 3000 Rate added w.e-f.,1836 _|C3F8 GAS Injection (per eye) 4250 3000 Rate added w.e-f.,,,,,,0.35,True
Dehradun,17062025150705_CGHS Rates 2024 Dehradun.pdf,53,11.02.2021 & applicable in all CGHS cities,02.2021 & applicable in all CGHS cities,,,,,,0.35,True
Dehradun,17062025150705_CGHS Rates 2024 Dehradun.pdf,53,1837 _ [Diurnal variation of IOP (per eye) 1275 1500 Rate added w.e.f.,1837 _ [Diurnal variation of IOP (per eye) 1275 1500 Rate added w.e.f.,,,,,,0.35,True
Dehradun,17062025150705_CGHS Rates 2024 Dehradun.pdf,53,11.02.2021 & applicable in all CGHS cities,02.2021 & applicable in all CGHS cities,,,,,,0.35,True
Dehradun,17062025150705_CGHS Rates 2024 Dehradun.pdf,54,1838 Silicone oil injection (per eye) 4250 5000 Rate added w.e.f.,1838 Silicone oil injection (per eye) 4250 5000 Rate added w.e.f.,,,,,,0.35,True
Dehradun,17062025150705_CGHS Rates 2024 Dehradun.pdf,54,11.02.2021 & applicable in all CGHS cities,02.2021 & applicable in all CGHS cities,,,,,,0.35,True
Dehradun,17062025150705_CGHS Rates 2024 Dehradun.pdf,54,1839 | Epiretinal Membrane (ERM) Peeling (per eye) 5950 7000 Rate added w.e.f,Epiretinal Membrane (ERM) Peeling (per eye) 5950 7000 Rate added w.e.f,,,,,,0.35,True
Dehradun,17062025150705_CGHS Rates 2024 Dehradun.pdf,54,11.02.2021 & applicable in all CGHS cities,02.2021 & applicable in all CGHS cities,,,,,,0.35,True
Dehradun,17062025150705_CGHS Rates 2024 Dehradun.pdf,54,1840 [Epiretinal Membrane (ERM) Removal (per eye) 2550 3000 Rate added w.e.f.,1840 [Epiretinal Membrane (ERM) Removal (per eye) 2550 3000 Rate added w.e.f.,,,,,,0.35,True
Dehradun,17062025150705_CGHS Rates 2024 Dehradun.pdf,54,11.02.2021 & applicable in all ICGHS cities,02.2021 & applicable in all ICGHS cities,,,,,,0.35,True
Dehradun,17062025150705_CGHS Rates 2024 Dehradun.pdf,54,1841 [Internal limiting membrane (ILM) peeling (per eye) [2550 3000 Rate added w.e.f.,1841 [Internal limiting membrane (ILM) peeling (per eye) [2550 3000 Rate added w.e.f.,,,,,,0.35,True
Dehradun,17062025150705_CGHS Rates 2024 Dehradun.pdf,54,11.02.2021 & applicable in all ICGHS cities,02.2021 & applicable in all ICGHS cities,,,,,,0.35,True
Dehradun,17062025150705_CGHS Rates 2024 Dehradun.pdf,54,1842 /Punctoplasty (per eye) 5525 (6500 Rate added w.e.f.,1842 /Punctoplasty (per eye) 5525 (6500 Rate added w.e.f.,,,,,,0.35,True
Dehradun,17062025150705_CGHS Rates 2024 Dehradun.pdf,54,11.02.2021 & applicable in all ICGHS cities,02.2021 & applicable in all ICGHS cities,,,,,,0.35,True
Dehradun,17062025150705_CGHS Rates 2024 Dehradun.pdf,54,1843 |Punctal plug(Collagen/silicone) (per eye) 3400 4000 Rate added w.e-£,Punctal plug(Collagen/silicone) (per eye) 3400 4000 Rate added w.e-£,,,,,,0.35,True
Dehradun,17062025150705_CGHS Rates 2024 Dehradun.pdf,54,11.02.2021 & applicable in all ICGHS cities,02.2021 & applicable in all ICGHS cities,,,,,,0.35,True
Dehradun,17062025150705_CGHS Rates 2024 Dehradun.pdf,54,1844 [Laser Trabeculoplasty Gonioplasty (both eyes) 13600 16000 Rate added w.e.f.,1844 [Laser Trabeculoplasty Gonioplasty (both eyes) 13600 16000 Rate added w.e.f.,,,,,,0.35,True
Dehradun,17062025150705_CGHS Rates 2024 Dehradun.pdf,54,11.02.2021 & applicable in all ICGHS cities,02.2021 & applicable in all ICGHS cities,,,,,,0.35,True
Dehradun,17062025150705_CGHS Rates 2024 Dehradun.pdf,54,1845 [Eye laser pulse therapy (per eye) 2975 3500 Rate added w.e.f.,1845 [Eye laser pulse therapy (per eye) 2975 3500 Rate added w.e.f.,,,,,,0.35,True
Dehradun,17062025150705_CGHS Rates 2024 Dehradun.pdf,54,11.02.2021 & applicable in all ICGHS cities,02.2021 & applicable in all ICGHS cities,,,,,,0.35,True
Dehradun,17062025150705_CGHS Rates 2024 Dehradun.pdf,54,1846 [Glaucoma valve/Glaucoma Ahmed valve 12750 15000 Rate added w.e.f.,1846 [Glaucoma valve/Glaucoma Ahmed valve 12750 15000 Rate added w.e.f.,,,,,,0.35,True
Dehradun,17062025150705_CGHS Rates 2024 Dehradun.pdf,54,11.02.2021 & applicable in all ICGHS cities,02.2021 & applicable in all ICGHS cities,,,,,,0.35,True
Dehradun,17062025150705_CGHS Rates 2024 Dehradun.pdf,54,1847 |Malyugin Ring 8500 10000 Rate added w.e.f.,Malyugin Ring 8500 10000 Rate added w.e.f.,,,,,,0.35,True
Dehradun,17062025150705_CGHS Rates 2024 Dehradun.pdf,54,11.02.2021 & ‘applicable in all CGHS cities,02.2021 & ‘applicable in all CGHS cities,,,,,,0.35,True
Dehradun,17062025150705_CGHS Rates 2024 Dehradun.pdf,54,1848 [Globe exploration (eye surgery) 8500 10000 Rate added w.e.f.,1848 [Globe exploration (eye surgery) 8500 10000 Rate added w.e.f.,,,,,,0.35,True
Dehradun,17062025150705_CGHS Rates 2024 Dehradun.pdf,54,11.02.2021 & applicable in all ICGHS cities,02.2021 & applicable in all ICGHS cities,,,,,,0.35,True
Dehradun,17062025150705_CGHS Rates 2024 Dehradun.pdf,54,1849 |Scleral Fixation Tissue glue 7140 8400 Rate added w.e.f.,Scleral Fixation Tissue glue 7140 8400 Rate added w.e.f.,,,,,,0.35,True
Dehradun,17062025150705_CGHS Rates 2024 Dehradun.pdf,54,11.02.2021 & applicable in all ICGHS cities,02.2021 & applicable in all ICGHS cities,,,,,,0.35,True
Dehradun,17062025150705_CGHS Rates 2024 Dehradun.pdf,54,1850 [Fibro optic Nasal Endoscopy 1955 2300 Rate added wef.,1850 [Fibro optic Nasal Endoscopy 1955 2300 Rate added wef.,,,,,,0.35,True
Dehradun,17062025150705_CGHS Rates 2024 Dehradun.pdf,54,11.02.2021 & applicable in all ICGHS cities,02.2021 & applicable in all ICGHS cities,,,,,,0.35,True
Dehradun,17062025150705_CGHS Rates 2024 Dehradun.pdf,54,1851 |Video Stroboscopy 4675 3500 Rate added wet.,Video Stroboscopy 4675 3500 Rate added wet.,,,,,,0.35,True
Dehradun,17062025150705_CGHS Rates 2024 Dehradun.pdf,54,11.02.2021 & applicable in all |CGHS cities,02.2021 & applicable in all |CGHS cities,,,,,,0.35,True
Dehradun,17062025150705_CGHS Rates 2024 Dehradun.pdf,54,1852 |Video Bronchoscopy with BAL 8500 10000 Rate added w.e.f.,Video Bronchoscopy with BAL 8500 10000 Rate added w.e.f.,,,,,,0.35,True
Dehradun,17062025150705_CGHS Rates 2024 Dehradun.pdf,54,11.02.2021 & applicable in all ICGHS cities ‘Sleep deprived EEG (Rate shall be the same CGHS rate [Rate added wef.,02.2021 & applicable in all ICGHS cities ‘Sleep deprived EEG (Rate shall be the same CGHS rate [Rate added wef.,,,,,,0.35,True
Dehradun,17062025150705_CGHS Rates 2024 Dehradun.pdf,54,1853 of EEG/Video EEG) (Select CGHS rate Code 1716 for |See code 1716 ISee code 1716 |11.02.2021 & approved rate) lapplicable in all ICGHS cities Popo,1853 of EEG/Video EEG) (Select CGHS rate Code 1716 for |See code 1716 ISee code 1716 |11.02.2021 & approved rate) lapplicable in all ICGHS cities Popo,,,,,,0.35,True
Dehradun,17062025150705_CGHS Rates 2024 Dehradun.pdf,55,"i854 |TAVI/ TAVR Implant (cost of implant only) 12.84,000 12.84,000 [Cost of Implant only,","i854 |TAVI/ TAVR Implant (cost of implant only) 12.84,000 12.84,000 [Cost of Implant only,",,,,,,0.35,True
Dehradun,17062025150705_CGHS Rates 2024 Dehradun.pdf,55,"19.12.2023 & lapplicable in all ICGHS cities,","12.2023 & lapplicable in all ICGHS cities,",,,,,,0.35,True
Dehradun,17062025150705_CGHS Rates 2024 Dehradun.pdf,55,"i855 | Transcatheter Aortic Valve Implantation (TAVI) / 100,000 [Treatment procedure Transcatheter Aortic Valve Replacement (TAVR) — |-Cardiology, added","i855 | Transcatheter Aortic Valve Implantation (TAVI) / 100,000 [Treatment procedure Transcatheter Aortic Valve Replacement (TAVR) — |-Cardiology, added",,,,,,0.35,True
Dehradun,17062025150705_CGHS Rates 2024 Dehradun.pdf,55,"Procedure Cost. (Approval of Director, CGHS in 35,000 lw.e.f 19.12.2023 & consultation with Special Technical 93 lapplicable in all Committee (STC) is required for this procedure) ICGHS cities,","Procedure Cost. (Approval of Director, CGHS in 35,000 lw.e.f 19.12.2023 & consultation with Special Technical 93 lapplicable in all Committee (STC) is required for this procedure) ICGHS cities,",,,,,,0.35,True
Dehradun,17062025150705_CGHS Rates 2024 Dehradun.pdf,55,"1856 | TVL (Coronary Intra vascular Lithotripsy / Shock wave _|?-68,000 }2,68,000 [Treatment procedure Lithotripsy — Including GST (Approval of Director, |-Cardiology, added","TVL (Coronary Intra vascular Lithotripsy / Shock wave _|?-68,000 }2,68,000 [Treatment procedure Lithotripsy — Including GST (Approval of Director, |-Cardiology, added",,,,,,0.35,True
Dehradun,17062025150705_CGHS Rates 2024 Dehradun.pdf,55,"CGHS in consultation with Special Technical [w.e.f. 19.12.2023 & ‘Committee (STC) is required for this procedure) japplicable in all ICGHS cities, [Differential rates are Jnot applicable, Rate lis same for both NABH and Non- ‘ABH Accredited lHCO’s and Shall not be part of any other [procedure i (CGHS TREATMENT PROCEDURE for Autism [Non- NABH /Non-|NABH /NABL |Remarks Spectrum Disorder (ASD)/ Non-autistic INABL Rates in —_| Rates in Rupee person/children with ADHD and specific learning Rupee disabilities","CGHS in consultation with Special Technical [w.e.f. 19.12.2023 & ‘Committee (STC) is required for this procedure) japplicable in all ICGHS cities, [Differential rates are Jnot applicable, Rate lis same for both NABH and Non- ‘ABH Accredited lHCO’s and Shall not be part of any other [procedure i (CGHS TREATMENT PROCEDURE for Autism [Non- NABH /Non-|NABH /NABL |Remarks Spectrum Disorder (ASD)/ Non-autistic INABL Rates in —_| Rates in Rupee person/children with ADHD and specific learning Rupee disabilities",,,,nabh,,0.35,True
Dehradun,17062025150705_CGHS Rates 2024 Dehradun.pdf,55,1857 _ [Occupational Therapy per session of atleast 40 [340 [Treatment procedure minutes rates added w.e.f.,1857 _ [Occupational Therapy per session of atleast 40 [340 [Treatment procedure minutes rates added w.e.f.,,,,,,0.35,True
Dehradun,17062025150705_CGHS Rates 2024 Dehradun.pdf,55,01.05.2023 & lapplicable in all ICGHS cities,05.2023 & lapplicable in all ICGHS cities,,,,,,0.35,True
Dehradun,17062025150705_CGHS Rates 2024 Dehradun.pdf,55,1858 [Applied Behaviour Analysis based behaviour therapy [340 n [Treatment procedure (ABA based Behaviour therapy) per seeion of atleast lrates added w.e.f.,1858 [Applied Behaviour Analysis based behaviour therapy [340 n [Treatment procedure (ABA based Behaviour therapy) per seeion of atleast lrates added w.e.f.,,,,,,0.35,True
Dehradun,17062025150705_CGHS Rates 2024 Dehradun.pdf,55,40 minutes 01.05.2023 & lapplicable in all ICGHS cities,40 minutes 01.05.2023 & lapplicable in all ICGHS cities,,,,,,0.35,True
Dehradun,17062025150705_CGHS Rates 2024 Dehradun.pdf,55,1859 |Special education per session of atleast 40 minutes [340 n [Treatment procedure lrates added we.,Special education per session of atleast 40 minutes [340 n [Treatment procedure lrates added we.,,,,,,0.35,True
Dehradun,17062025150705_CGHS Rates 2024 Dehradun.pdf,55,01.05.2023 & lapplicable in all ICGHS cities,05.2023 & lapplicable in all ICGHS cities,,,,,,0.35,True
