source_page,extracted_table_index,Sr. No.,CGHS TREATMENTP(cid:10)ROCEDURE/INVESTIGATION LIST (Lucknow),Non- NABH/Non-(cid:10)NABL Rates,NABH/NABL Rates
1,1,1,Consultation OPD,135,135
1,1,2,Consultation- for Inpatients,270,270
1,1,3,Dressings of wounds,45,52.2
1,1,4,Suturing of wounds with local anesthesia,97.2,111.6
1,1,5,Aspiration Plural Effusion - Diagnostic,108,124.2
1,1,6,Aspiration Plural Effusion - Therapeutic,173.7,199.8
1,1,7,Abdominal Aspiration - Diagnostic,310.5,357.3
1,1,8,Abdominal Aspiration - Therapeutic,414,476.1
1,1,9,Pericardial Aspiration,342,393.3
1,1,10,Joints Aspiration,285.3,328.5
1,1,11,Biopsy Skin,207,238.5
1,1,12,Removal of Stitches,32.4,36.9
1,1,13,Venesection,111.6,128.7
1,1,14,Phimosis Under LA,1179.9,1357.2
1,1,15,Sternal puncture,155.7,179.1
1,1,16,Injection for Haemorrhoids,372.6,428.4
1,1,17,Injection for Varicose Veins,315,362.7
1,1,18,Catheterisation,425,500
1,1,19,Dilatation of Urethra,450,517.5
1,1,20,Incision & Drainage,378,434.7
1,1,21,Intercostal Drainage,112.5,129.6
1,1,22,Peritoneal Dialysis,1319.4,1517.4
1,1,,TREATMENT PROCEDURE SKIN,,
1,1,23,Excision of Moles,310.5,357.3
1,1,24,Excision of Warts,279,321.3
1,1,25,Excision of Molluscum contagiosum,117,135
1,1,26,Excision of Venereal Warts,144,165.6
1,1,27,Excision of Corns,126,144.9
1,1,28,I/D Injection Keloid(Intralesional Injection),87.3,100.8
1,1,29,Chemical Cautery (s),99,114.3
1,1,,TREATMENT PROCEDURE OPTHALMOLOGY,,
1,1,30,Subconjunctival/subtenon’s injections in one eyes,62.1,71.1
1,1,31,Subconjunctival/subtenon’s injections in both eyes,124.2,142.2
1,1,32,Pterygium Surgery,5500,6325
1,1,33,Conjunctival Peritomy,52.2,60.3
1,1,34,Conjunctival wound repair or exploration following blunt(cid:10)trauma,3300,3795
1,1,35,Removal of corneal foreign body,103.5,118.8
1,1,36,Cauterization of ulcer/subconjunctival injection in one eye,62.1,71.1
1,1,37,Cauterization of ulcer/subconjunctival injection in both eyes,124.2,143.1
1,1,38,Corneal grafting—Penetrating keratoplasty,5175,5951.7
1,1,39,Corneal grafting—Lamellar keratoplasty,4500,5175
1,1,40,Cyanoacrylate /fibrin glue application for corneal perforation,621,714.6
1,1,41,Bandage contact lenses for corneal perforation,414,476.1
1,1,42,Scleral grafting or conjunctival flap for corneal perforation,2070,2380.5
1,1,43,Keratoconus correction with therapeutic contact lenses,1080,1242
1,1,44,Ultraviolet (UV) - radiation for cross-linking for keratoconus,1620,1863
1,1,45,EDTA for band shaped keratopathy,776.7,892.8
1,1,46,Arcuate keratotomy for astigmatism,2520,2898
1,1,47,Re-suturing (Primary suturing) of corneal wound,1035,1190.7
1,1,48,Penetrating keratoplasty with glaucoma surgery,10929.6,12569.4
1,1,49,Penetrating keratoplasty --- with vitrectomy,10929.6,12569.4
1,1,50,Penetrating keratoplasty with IOL implantation,12290.4,14132.7
2,1,51,DALK- Deep anterior lamellar keratoplasty,15525,17854.2
2,1,52,Keratoprosthesis stage I and II,10350,11902.5
2,1,53,DSAEK- Descemet’s stripping automated endothelial keratoplasty,15007.5,17258.4
2,1,54,ALTK- Automated lamellar therapeutic keratoplasty,14850,17077.5
2,1,55,Probing and Syringing of lacrimal sac- in one eye,62.1,71.1
2,1,56,Probing and Syringing of lacrimal sac- in both eye,124.2,143.1
2,1,57,Dacryocystorhinostomy—Plain,2587.5,2975.4
2,1,58,Dacryocystorhinostomy—Plain with intubation and/or with lacrimal implants,8775,10091.7
2,1,59,Dacryocystorhinostomy—conjunctival with implant,8280,9522
2,1,60,Caliculoplasty,2070,2380.5
2,1,61,Dacryocystectomy,1552.5,1785.6
2,1,62,Punctal plugs for dry eyes,117,135
2,1,63,Refraction,36,41.4
2,1,64,Indirect Ophthalmoscopy,60.3,69.3
2,1,65,Orthoptic check-up- with synoptophore,39.6,45.9
2,1,66,Lees’ charting or Hess’ charting,90,103.5
2,1,67,Orthoptic exercises,45,52.2
2,1,68,Pleoptic exercises,45,52.2
2,1,69,Perimetry/field test—Goldman,129.6,149.4
2,1,70,Perimetry/field test— automated,129.6,149.4
2,1,71,Fluorescein angiography for fundus or iris,828,952.2
2,1,72,Ultrasound A- Scan,776.7,892.8
2,1,73,Ultrasound B- Scan,207,238.5
2,1,74,Fundus Photo Test,180,207
2,1,75,Indocyanin green angiography,828,952.2
2,1,76,Corneal endothelial cell count with specular microscopy,207,238.5
2,1,77,Corneal topography,297.9,342.9
2,1,78,Corneal pachymetry,207,238.5
2,1,79,Auto-refraction,31.5,36
2,1,80,Macular function tests,39.6,45.9
2,1,81,Potential acuity metry,90,103.5
2,1,82,Laser interferometry,155.7,179.1
2,1,83,OCT-Optical coherence tomography,1912.5,2250
2,1,84,HRT- Heidelberg’s retinal tomogram,135,155.7
2,1,85,GDx Nerve fibre layer analyzer,79.2,90.9
2,1,86,UBM- Ultrasound bio microscopy,135,155.7
2,1,87,Non Contact tonometry (NCT),45,52.2
2,1,88,IOP measurement with schiotz,27,31.5
2,1,89,IOP measurement with applation tonometry,45,52.2
2,1,90,Three mirror examination for retina,52.2,60.3
2,1,91,90 D lens examination,45,52.2
2,1,92,Gonioscopy,52.2,60.3
2,1,93,Chalazion incision and curettage in one eye,360,414
2,1,94,Chalazion incision and curettage in both eyes,387.9,446.4
2,1,95,Ptosis surgery with fasanella servat procedure,2070,2380.5
2,1,96,Ptosis surgery with LPS resection one lid,4950,5692.5
2,1,97,Ptosis surgery with Sling surgery one lid,6003,6903.9
2,1,98,Ectropion surgery- one lid,1260,1449
2,1,99,Ectropion surgery- both lids,2250,2587.5
2,1,100,Epicanthus correction,1395,1604.7
2,1,101,Cantholysis and canthotomy,517.5,595.8
2,1,102,Entropion surgery- one lid,1242,1428.3
2,1,103,Entropion surgery- both lids,1800,2070
2,1,104,Tarsorraphy,585,673.2
3,1,105,Suturing of lid lacerations,1035,1190.7
3,1,106,Lid retraction repair,1530,1759.5
3,1,107,Concretions removal,103.5,118.8
3,1,108,Bucket handle procedure for lid tumors,310.5,357.3
3,1,109,Cheek rotation flap for lid tumors,6210,7141.5
3,1,110,Orbitotomy,7245,8332.2
3,1,111,Enucleation,2700,3105
3,1,112,Enucleation with orbital implants and artificial prosthesis,2700,3105
3,1,113,Evisceration,3105,3571.2
3,1,114,Evisceration with orbital implants and artificial prosthesis,5123.7,5892.3
3,1,115,Telecanthus correction,4657.5,5355.9
3,1,116,Orbital decompression,5175,5951.7
3,1,117,Exenteration,5175,5951.7
3,1,118,Exenteration with skin grafting,6210,7141.5
3,1,119,Fracture orbital repair,8280,9522
3,1,120,Retinal laser procedures,1350,1552.5
3,1,121,Retinal detachment surgery (RDS),10350,11902.5
3,1,122,Retinal detachment surgery (RDS) with scleral buckling,12420,14283
3,1,123,Buckle removal,1035,1190.7
3,1,124,Silicone oil removal,2520,2898
3,1,125,Anterior retinal cryopexy,1045.8,1202.4
3,1,126,Squint correction for one eye,4500,5175
3,1,127,Squint correction for both eyes,6750,7762.5
3,1,128,Trabeculectomy,6210,7141.5
3,1,129,Trabeculotomy,6210,7141.5
3,1,130,Trabeculectomy with Trabeculotomy,9315,10712.7
3,1,131,Trephination,2070,2380.5
3,1,Sr. No.,CGHS TREATMENTP(cid:10)ROCEDURE/INVESTIGATION LIST (LUCKNOW),,
3,1,132,Goniotomy,310.5,357.3
3,1,133,Glaucoma surgery with Glaucoma valves,6210 + valve,7141.5 + valve
3,1,134,Cyclocryotherapy,1035,1190.7
3,1,135,YAG laser iridotomy,1350,1552.5
3,1,136,YAG laser capsulotomy,983.7,1131.3
3,1,137,ALT-Argon laser trabeculoplasty,1345.5,1547.1
3,1,138,PDT-Photodymic therapy,3105,3571.2
3,1,139,TTT- Transpupillary thermal therapy,2700,3105
3,1,140,PTK- Phototherapeutic keratectomy,6750,7762.5
3,1,141,Argon/diode laser for retinal detatchment,1035,1190.7
3,1,142,Intralase application for keratoconus,5175,5951.7
3,1,143,EOG- electro-oculogram,810,931.5
3,1,144,ERG- Electro-retinogram,714.6,821.7
3,1,145,VEP- visually evoked potential,720,828
3,1,146,Vitrectomy- pars plana,10350,11902.5
3,1,147,Intravitreal injections- of antibiotics,1035,1190.7
3,1,148,Intravitreal injections- of Ranibizumab excluding cost of drug,2700,3105
3,1,149,X Ray orbit,103.5,118.8
3,1,150,CT orbit and brain,1600,1840
3,1,151,MRI- Orbit and brain,3105,3571.2
3,1,152,Dacryocystography,306,351.9
3,1,153,Orbital angio-graphical studies,1350,1552.5
3,1,154,Extracapsular cataract extraction (ECCE) with IOL,3105,3571.2
3,1,155,Small Incision Cataract Surgery (SICS) with IOL,4500,5175
3,1,156,Phaco with foldable IOL (silicone and acrylic)/PMMA IOL,9702.9,11158.2
3,1,157,Pars plana lensectomy with/without IOL,9315,10712.7
4,1,158,Secondary IOL implantation- AC IOL PC IOL or scleral fixated IOL,6210,7141.5
4,1,159,Cataract extraction with IOL with capsular tension rings (Cionni’s ring),12150,13972.5
4,1,160,Optic nerve sheathotomy,6750,7762.5
4,1,161,Iridodialysis repair or papillary reconstruction,4500,5175
4,1,162,Iris cyst removal,765,880.2
4,1,163,Lid Abscess incision and Drainage,1530,1759.5
4,1,164,Orbital Abscess incision and Drainage,2700,3105
4,1,165,Biopsy,414,476.1
4,1,166,Paracentesis,207,238.5
4,1,167,Scleral graft for scleral melting or perforation,2520,2898
4,1,168,Amniotic membrane grafting,990,1138.5
4,1,169,Cyclodiathermy,2070,2380.5
4,1,170,Intraocular foreign body removal,168.3,193.5
4,1,171,Electrolysis,207,238.5
4,1,172,Perforating injury repair,4050,4657.5
4,1,173,Botulinum injection for blepharospasm or squint,2250,2587.5
4,1,Sr. No.,CGHS TREATMENTP(cid:10)ROCEDURE/INVESTIGATION LIST (Lucknow),,
4,1,,TREATMENT PROCEDURE DENTAL PROCEDURES,,
4,1,174,Flap Operation per quadrant,324,372.6
4,1,175,Gingivectomy per quadrant,210.6,242.1
4,1,176,Reduction & immobilization of fracture- Maxilla Under LA,810,931.5
4,1,177,Reduction & immobilization of fracture-Mandible Under LA,3150,3622.5
4,1,178,Splints/Circummandibular wiring under LA,459,528.3
4,1,179,splints/Circummandibular wiring under GA,891,1025.1
4,1,180,Internal wire fixation/plate fixation of Maxilla under LA,2700,3105
4,1,181,Internal wire fixation/plate fixation of Maxilla under GA,3600,4140
4,1,182,Internal wire fixation/plate fixation of Mandible under LA,3150,3622.5
4,1,183,Internal wire fixation/plate fixation of Mandible under GA,3825,4399.2
4,1,184,Extraction per tooth under LA,72,82.8
4,1,185,Complicated Extraction per Tooth under LA,90,103.5
4,1,186,Extraction of impacted tooth under LA,144,165.6
4,1,187,Extraction in mentally retarded/patients with systemicd(cid:10)iseases/patient with sp,8ec4i5a.l1 needs under short term GA,972
4,1,188,Cyst & tumour of Maxilla /mandible by enucleation/(cid:10)excision/ marsupialisatio,2n1 u9p.6to 4 cms under LA,252.9
4,1,189,Cyst & tumour of Maxilla / mandible by enucleation / excision / marsupialisa,3ti6o5n. 4size more than 4 cms,420.3
4,1,190,Cyst & tumour of Maxilla/mandible by enucleation/excision/marsupialisation,9 s0iz0e more than 4 cms(cid:10)under GA,1035
4,1,191,TM joint ankylosis- under GA,6750,7762.5
4,1,192,Biopsy Intraoral-Soft tissue,336.6,387
4,1,193,Biopsy Intraoral-Bone,336.6,387
4,1,194,Hemi-mandibulectomy with graft,18900,21735
4,1,195,Hemi-mandibulectomy without graft,18900,21735
4,1,196,Segmental-mandibulectomy with graft,3060,3519
4,1,197,Segmental-mandibulectomy without graft,891,1025.1
4,1,198,Maxillectomy- Total with graft,2250,2587.5
4,1,199,Maxillectomy- Total without graft,1755,2018.7
4,1,200,Maxillectomy- partial with graft,2700,3105
4,1,201,Maxillectomy- partial without graft,2250,2587.5
4,1,202,Release of fibrous bands & grafting -in (OSMF) treatment(cid:10)under GA,1350,1552.5
4,1,203,Pre-prosthetic surgery- Alveoloplasty,450,517.5
4,1,204,Pre-prosthetic surgery - ridge augmentation,1080,1242
4,1,205,Root canal Treatment(RCT) Anterior teeth(per tooth),450,517.5
4,1,206,Root canal Treatment(RCT) Posterior teeth (per tooth),630,724.5
4,1,207,Apicoectomy- Single root,450,517.5
4,1,208,Apicoectomy-Multiple roots,585,673.2
4,1,209,Metal Crown-per unit,450,517.5
5,1,210,Metal Crown with Acrylic facing per unit,630,724.5
5,1,211,Complete single denture-metal based,1350,1552.5
5,1,212,Complete denture- acrylic based per arch,855,983.7
5,1,213,Removable partial denture-Metal based-upto 3 teeth,630,724.5
5,1,214,Removable partial denture-Metal based-more than 3 teeth,810,931.5
5,1,215,Removable partial denture-Acrylic based-upto 3 teeth,450,517.5
5,1,216,Removable partial denture-Acrylic based-more than 3 teeth / Per tooth,237.6,273.6
5,1,217,Amalgam restoration-per tooth,180,207
5,1,218,Composite Restoration-per tooth-anterior tooth,225,259.2
5,1,219,Glass Ionomer filling-per tooth,180,207
5,1,220,Scaling & polishing,270,310.5
5,1,221,Removable Orthodontics appliance- per Arch,630,724.5
5,1,222,Fixed Orthodontics-per Arch,1035,1190.7
5,1,223,Space maintainers-Fixed,450,517.5
5,1,224,Habit breaking appliances-removable,720,828
5,1,225,Habit breaking appliances-Fixed,1350,1552.5
5,1,226,Expansion plate,900,1035
5,1,227,Feeding appliance for cleft palate,1350,1552.5
5,1,228,Maxillo-facial prosthesis (sal/auricular/orbital/facial lost(cid:10)part),3150,3622.5
5,1,229,Functional orthodontic appliances,2700,3105
5,1,230,Obturator (Maxillo-facial),1350,1552.5
5,1,231,Occlusal night guard(splint),720,828
5,1,,TREATMENT PROCEDURE ENT,,
5,1,232,Pure Tone Audiogram,154.8,178.2
5,1,233,Impedence with stepedeal reflex,207,238.5
5,1,234,Short Increment Sensitivity Index (SISI) Tone Decay,118.8,136.8
5,1,235,Multiple hearing assessment test to Adults,103.5,118.8
5,1,236,Speech Discrimination Score,81,92.7
5,1,237,Speech Assessment,108,124.2
5,1,238,Speech therapy per session of 30-40 minutes,117.9,135.9
5,1,239,Cold Calorie Test for Vestibular function,154.8,178.2
5,1,240,Removal of foreign body From Nose,310.5,357.3
5,1,241,Removal of foreign body From Ear,207,238.5
5,1,242,Syringing (Ear),149.4,171.9
5,1,243,Polyp removal under LA,517.5,594.9
5,1,244,Polyp removal under GA,765,880.2
5,1,245,Peritonsillar abscess Drainage under LA,1304.1,1499.4
5,1,246,Myringoplasty,6210,7141.5
5,1,247,Staepedectomy,8280,9522
5,1,248,Myringotomy with Grommet insertion,4140,4761
5,1,249,Tympanotomy,7762.5,8927.1
5,1,250,Tympanoplasty,12420,14283
5,1,251,Mastoidectomy,13455,15473.7
5,1,252,Otoplasty,14490,16663.5
5,1,253,Labyrinthectomy,12420,14283
5,1,254,Skull Base surgery,22500,25875
5,1,255,Facial Nerve Decompression,15525,17854.2
5,1,256,Septoplasty,5175,5951.7
5,1,257,Submucous Resection,6582.6,7569.9
5,1,258,Septo-rhinoplasty,14490,16663.5
5,1,259,Rhinoplasty- Non-cosmetic,10350,11902.5
5,1,260,Fracture Reduction of Nasal Bone,3825,4500
5,1,261,Intra nasal Diathermy,1035,1190.7
6,1,262,Turbinectomy,5175,5951.7
6,1,263,Endoscopic Dacryocystorhinostomy (DCR),11700,13455
6,1,264,Endoscopic Surgery,12420,14283
6,1,265,Septal Perforation Repair,12420,14283
6,1,266,Antrum Puncture,855,983.7
6,1,267,Lateral Rhinotomy,900,1035
6,1,268,Cranio-facial resection,22950,26392.5
6,1,269,Caldwell Luc Surgery (Radical Antrostomy for maxillary sinus),9563.4,10998
6,1,270,Angiofibroma Excision,15300,17595
6,1,271,Endoscopic Hypophysectomy,19350,22252.5
6,1,272,Endoscopic Optic Nerve Decompression,29497.5,33921.9
6,1,273,Decompression of Orbit,22950,26392.5
6,1,274,Punch/Wedge biopsy,606.6,697.5
6,1,275,Tonsillectomy,4500,5175
6,1,276,Uvulo-palatoplasty,13500,15525
6,1,277,Functional Endoscopic Sinus Surgery (FESS) for Antrochoanal polyp,5175,5951.7
6,1,278,Functional Endoscopic Sinus Surgery (FESS) for ethmoidal polyp,5175,5951.7
6,1,279,Polyp removal ear,673.2,774
6,1,280,Polyp removal Nose(Septal polyp),673.2,774
6,1,281,Mastoidectomy plus Ossiculoplasty including TORP (Total Ossicular Replac,e2m17e3n.t5 Prosthesis) or PORP (Partia,l2 O49ss9i.c3ular Replacemen
6,1,282,Endolymphatic sac decompression,2587.5,2975.4
6,1,283,Diagnostic endoscopy under GA,2070,2380.5
6,1,284,Young's operation for Atrophic rhinitis,6210,7141.5
6,1,285,Vidian neurectomy for vasomotor Rhinitis,9315,10712.7
6,1,286,Nasal Packing-anterior,310.5,357.3
6,1,287,Nasal Packing-posterior,724.5,833.4
6,1,288,Ranula Excision,6158.7,7082.1
6,1,289,Tongue Tie excision,1350,1552.5
6,1,290,Sub Mandibular Duct Lithotomy,242.1,278.1
6,1,291,Adenoidectomy,5076,5837.4
6,1,292,Palatopharyngoplasty,7348.5,8451
6,1,293,Pharyngoplasty,15473.7,17794.8
6,1,294,Styloidectomy,8280,9522
6,1,295,Direct laryngoscopy including Biopsy under GA,4500,5175
6,1,296,Oesophagoscopy with foreign body removal from Oesophagus,1620,1863
6,1,297,Bronchoscopy with foreign body (FB) removal,2194.2,2523.6
6,1,298,Other Major Surgery,13500,15525
6,1,299,Other Minor Surgery,7650,9000
6,1,Sr. No.,CGHS TREATMENTP(cid:10)ROCEDURE/INVESTIGATION LIST (Lucknow),,
6,1,,TREATMENT PROCEDURE FOR HEAD AND NECK,,
6,1,300,Ear Lobe Repair one side,450,517.5
6,1,301,Excision of Pinna for Growth (Squamous/Basal/ Injuries)(cid:10)Skin Only,3600,4140
6,1,302,Excision of Pinna for Growth (Squamous/Basal/ Injuries)(cid:10)Skin and Cartilage,3420,3933
6,1,303,Partial Amputation of Pinna,4050,4657.5
6,1,304,Total Amputation of Pinna,5580,6417
6,1,305,Total Amputation & Excision of External Auditory Meatus,1350,1552.5
6,1,306,Excision of Cystic Hygroma,4657.5,5355.9
6,1,307,Excision of Cystic Hygroma Extensive,6706.8,7713
6,1,308,Excision of Branchial Cyst,9315,10712.7
6,1,309,Excision of Branchial Sinus,9315,10712.7
6,1,310,Excision of Pharyngeal Diverticulum,9522,10950.3
6,1,311,Excision of Carotid Body-Tumours,10453.5,12021.3
6,1,312,Operation for Cervical Rib,11250,12937.5
6,1,313,Block Dissection of Cervical Lymph Nodes,13500,15525
7,1,314,Pharyngectomy & Reconstruction,13500,15525
7,1,315,Operation for Carcinoma Lip - Wedge-Excision,7245,8332.2
7,1,316,Operation for Carcinoma Lip - Vermilionectomy,5182.2,5959.8
7,1,317,Operation for Carcinoma Lip - Wedge Excision and Vermilionectomy,8362.8,9617.4
7,1,318,Estlander Operation (Estlander flap in plastic surgey of lips),6727.5,7736.4
7,1,319,Abbe Operation (Abbe flap in plastic surgery of lips),8820,10143
7,1,320,Cheek Advancement,8797.5,10116.9
7,1,321,Excision of the Maxilla,17388,19996.2
7,1,322,Excision of mandible-segmental,13972.5,16068.6
7,1,323,Mandibulectomy,18900,21735
7,1,324,Partial Glossectomy,4968,5713.2
7,1,325,Hemiglossectomy,6300,7245
7,1,326,Total Glossectomy,20596.5,23686.2
7,1,327,Combined Mandibulectomy and Neck Dissection Operation (Commando Op,e1ra9t8io0n0),22770
7,1,328,Parotidectomy - Superficial,10867.5,12497.4
7,1,329,Parotidectomy - Total,13500,15525
7,1,330,Parotidectomy - Radical,17595,20234.7
7,1,331,Repair of Parotid Duct,10350,11902.5
7,1,332,Removal of Submandibular Salivary gland,7762.5,8927.1
7,1,333,Hemithyroidectomy,8550,9832.5
7,1,334,Partial Thyroidectomy (lobectomy),10350,11902.5
7,1,335,Subtotal Thyroidectomy,11747.7,13509.9
7,1,336,Total Thyroidectomy,17100,19665
7,1,337,Resection Enucleation of thyroid Adenoma,9522,10950.3
7,1,338,Total Thyroidectomy and Block Dissection,23805,27376.2
7,1,339,Excision of Lingual Thyroid,15193.8,17472.6
7,1,Sr. No.,CGHS TREATMENTP(cid:10)ROCEDURE/INVESTIGATION LIST (Lucknow),,
7,1,340,Excision of Thyroglossal Cyst/Fistula,11902.5,13688.1
7,1,341,Excision of Parathyroid Adenoma/Carcinoma,19147.5,22019.4
7,1,342,Laryngectomy,16042.5,18449.1
7,1,343,Laryngo Pharyngectomy,27000,31050
7,1,344,Hyoid Suspension,9315,10712.7
7,1,345,Genioplasty,10800,12420
7,1,346,Direct Laryngoscopy including biopsy under GA,4657.5,5355.9
7,1,347,Phonosurgery,12420,14283
7,1,348,Fibreoptic examination of Larynx (FOL) under LA,1552.5,1785.6
7,1,349,Microlaryngeal Surgery,9315,10712.7
7,1,350,Laryngofissure,15525,17854.2
7,1,351,Tracheal Stenosis Excision,17802,20472.3
7,1,,Head and neck cancer,,
7,1,352,Excisional Biopsies,5175,5951.7
7,1,353,Benign Tumour Excisions,8550,9832.5
7,1,354,Temporal Bone subtotal resection,18630,21424.5
7,1,355,Modified Radical Neck Dissection,22770,26185.5
7,1,356,Carotid Body Excision,23400,26910
7,1,357,Total Laryngectomy,35272.8,40563.9
7,1,358,Flap Reconstructive Surgery,37260,42849
7,1,359,Parapharyngeal Tumour Excision,35397,40707
7,1,360,Other Major Surgery,19125,22500
7,1,361,Other Minor Surgery,4500,5175
7,1,,TREATMENT PROCEDURE BREAST,,
7,1,362,Drainage of abscess,5400,6210
7,1,363,Excision of lumps,6272.1,7212.6
7,1,364,Local mastectomy-simple,11385,13093.2
8,1,365,Radical mastectomy-formal or modified.,25875,29756.7
8,1,366,Excision of mammary fistula,13972.5,16068.6
8,1,367,Segmental resection of breast,14490,16663.5
8,1,368,Other Major Surgery,22500,25875
8,1,369,Other Minor Surgery,4500,5175
8,1,,TREATMENT PROCEDURE GENERAL SURGERY,,
8,1,370,Injury Of Superficial Soft Tissues,382.5,450
8,1,371,Suturing of small wounds,242.1,278.1
8,1,372,Secondary suture of wounds,3400,4000
8,1,373,Debridement of wounds,405,466.2
8,1,374,Removal Of Foreign Bodies,270,310.5
8,1,,Biopsies,,
8,1,375,Excision of Cervical Lymph Node,1552.5,1785.6
8,1,376,Excision of Axillary Lymph Node,2049.3,2357.1
8,1,377,Excision of Inguinal Lymph Node,2049.3,2357.1
8,1,378,Excision Biopsy of Ulcers,1323,1521.9
8,1,379,Excision Biopsy of Superficial Lumps,2898,3332.7
8,1,380,Incision Biopsy of Growths/Ulcers,1323,1521.9
8,1,381,Trucut Needle Biopsy,1395,1604.7
8,1,Sr. No.,CGHS TREATMENTP(cid:10)ROCEDURE/INVESTIGATION LIST (Lucknow),,
8,1,382,Percutaneous Kidney Biopsy,1323,1521.9
8,1,383,Marrow Biopsy (Open),954,1097.1
8,1,384,Muscle Biopsy,1323,1521.9
8,1,385,Scalene Node Biopsy,1215,1397.7
8,1,386,Excision of Sebaceous Cysts,1117.8,1285.2
8,1,387,Excision of Superficial Lipoma,1738.8,1999.8
8,1,388,Excision of Superficial Neurofibroma,2250,2587.5
8,1,389,Excision of Dermoid Cysts,2049.3,2357.1
8,1,390,Haemorrhoidectomy,20720,24375
8,1,391,Stappler haemorrhoidectomy,38000,43700
8,1,392,keloid excision,1035,1190.7
8,1,393,Varicose vein surgery-Trendelenburg operation with suturing or ligation,10000,11500
8,1,,TREATMENT PROCEDURE OESOPHAGUS,,
8,1,394,Atresia of Oesophagus and Tracheo Oesophageal Fistula,25875,29756.7
8,1,395,Operations for Replacement of Oesophagus by Colon,22500,25875
8,1,396,Oesophagectomy for Carcinoma Easophagus,22500,25875
8,1,397,Oesophageal Intubation (Mausseau Barbin Tube),10350,11902.5
8,1,398,Achalasia Cardia Transthoracic,13455,15473.7
8,1,399,Achalasia Cardia Abdominal,11385,13093.2
8,1,400,Oesophago Gastrectomy for mid 1/3 lesion,22045.5,25352.1
8,1,401,Heller’s Operation,17775,20441.7
8,1,402,Colon-Inter position or Replacement of Oesophagus,20286,23328.9
8,1,403,Oesophago Gastrectomy – Lower Corringers procedure,19251,22139.1
8,1,404,Other Major Surgery,24862.5,29250
8,1,405,Other Minor Surgery,4500,5175
8,1,,TREATMENT PROCEDURE ABDOMEN / GI SURGERY,,
8,1,406,Gastroscopy,1552.5,1785.6
8,1,407,Gastric & Duodenal Biopsy (Endoscopic),1755,2018.7
8,1,408,Pyloromyotomy,2520,2898
8,1,409,Gastrostomy,7762.5,8927.1
8,1,410,Simple Closure of Perforated peptic Ulcer,8797.5,10116.9
8,1,411,Vagotomy Pyleroplasty / Gastro Jejunostomy,12420,14283
8,1,412,Duodenojejunostomy,17055,19613.7
8,1,413,Partial/Subtotal Gastrectomy for Carcinoma,20700,23805
9,1,414,Partial/Subtotal Gastrectomy for Ulcer,20182.5,23210.1
9,1,415,Operation for Bleeding Peptic Ulcer,18878.4,21709.8
9,1,416,Operation for Gastrojejunal Ulcer,17802,20472.3
9,1,417,Total Gastrectomy for Cancer,20131.2,23150.7
9,1,418,Highly Selective Vagotomy,16767,19282.5
9,1,419,Selective Vagotomy & Drainage,16767,19282.5
9,1,420,Congenital Diaphragmatic Hernia,17077.5,19638.9
9,1,421,Hiatus Hernia Repair- Abdominal,13041,14997.6
9,1,422,Hiatus Hernia Repair- Transthoracic,14490,16663.5
9,1,423,Exploratory Laparotomy,11385,13093.2
9,1,Sr. No.,CGHS TREATMENTP(cid:10)ROCEDURE/INVESTIGATION LIST (Lucknow),,
9,1,424,Epigastric Hernia Repair,10246.5,11783.7
9,1,425,Umbilical Hernia Repair,10246.5,11783.7
9,1,426,Ventral /incisional Hernia Repair,9263.7,10653.3
9,1,427,Inguinal Hernia Herniorrhaphy,13351.5,15354
9,1,428,Inguinal Hernia - Hernioplasty,14850,17077.5
9,1,429,Femoral Hernia Repair,16456.5,18925.2
9,1,430,"Rare Hernias Repair (Spigalion, Obturator, Lumbar, Sciatic)",17077.5,19638.9
9,1,431,Splenectomy - For Trauma,17077.5,19638.9
9,1,432,Splenectomy - For Hypersplenism,13041,14997.6
9,1,433,Splenorenal Anastomosis,20700,23805
9,1,434,Portocaval Anastomosis,25875,29756.7
9,1,435,Direct Operation on Oesophagus for Portal Hypertension,20596.5,23686.2
9,1,436,Mesentericocaval Anastomosis,22905,26341.2
9,1,437,Warren Shunt (Distal Splenorenal Shunt),25875,29756.7
9,1,438,Pancreatico Duodenectomy (Whipple's procedure),19561.5,22495.5
9,1,439,By Pass Procedure for Inoperable Carcinoma of Pancreas,20700,23805
9,1,440,Cystojejunostomy or Cystogastrostomy,13041,14997.6
9,1,441,Cholecystectomy,9262.8,10652.4
9,1,442,Cholecystectomy & Exploration of CBD,12937.5,14877.9
9,1,443,Repair of Common Bile Duct (CBD),12240,14400
9,1,444,Operation for Hydatid Cyst of Liver,10711.8,12318.3
9,1,445,Cholecystostomy,9262.8,10652.4
9,1,446,Hepatic Resections (Lobectomy /Hepatectomy),12937.5,14877.9
9,1,447,Operation on Adrenal Glands - Bilateral,23494.5,27018.9
9,1,448,Operation on Adrenal Glands - Unilateral,12420,14283
9,1,449,Appendicectomy,7297.2,8391.6
9,1,450,Appendicular Abscess – Drainage,8797.5,10116.9
9,1,451,Mesenteric Cyst- Excision,9936,11426.4
9,1,452,Peritonioscopy/Laparoscopy,4140,4761
9,1,453,Jejunostomy,5175,5951.7
9,1,454,Ileostomy,13869,15949.8
9,1,455,Resection & Anastomosis of Small Intestine,18630,21424.5
9,1,456,Duodenal Diverticulum,16560,19044
9,1,457,Operation for Intestinal Obstruction,9315,10712.7
9,1,458,Operation for Intestinal perforation,34200,39330
9,1,459,Benign Tumours of Small Intestine,17595,20234.7
9,1,460,Excision of Small Intestine Fistula,17595,20234.7
9,1,461,Operations for GI Bleed,14400,16560
9,1,462,Operations for Haemorrhage of Small Intestines,17595,20234.7
9,1,463,Operations of the Duplication of the Intestines,16042.5,18449.1
9,1,464,Operations for Recurrent Intestinal Obstruction (Noble(cid:10)Plication & Other Ope,2ra0t7io0n0s for Adhesions),23805
9,1,465,Ileosigmoidostomy and related resection,15111,17378.1
9,1,466,Ileotransverse Colostomy and related resection,15111,17378.1
10,1,467,Caecostomy,3512.7,4039.2
10,1,468,Loop Colostomy Transverse Sigmoid,11799,13569.3
10,1,469,Terminal Colostomy,15525,17854.2
10,1,470,Closure of Colostomy,15732,18091.8
10,1,471,Right Hemicolectomy,12420,14283
10,1,472,Left Hemicolectomy,12420,14283
10,1,473,Total Colectomy,15525,17854.2
10,1,474,Operations for Volvulus of Large Bowel,22428,25792.2
10,1,475,Operations for Sigmoid Diverticulitis,16767,19282.5
10,1,476,Fissure in Ano with Internal sphinctrectomy with(cid:10)fissurectomy.,12420,14283
10,1,477,Fissure in Ano - Fissurectomy,13800,15870
10,1,478,Rectal Polyp-Excision,5092.2,5856.3
10,1,479,Fistula in Ano - High Fistulectomy,15102,17367.3
10,1,480,Fistula in Ano - Low Fistulectomy,8880.3,10212.3
10,1,481,Prolapse Rectum - Thiersch Wiring,9315,10712.7
10,1,482,Prolapse Rectum - Rectopexy,5175,5951.7
10,1,483,Prolapse Rectum - Grahams Operation,16560,19044
10,1,484,Operations for Hirschsprungs Disease,12834,14759.1
10,1,485,Excision of Pilonidal Sinus (open),10350,11902.5
10,1,486,Excision of Pilonidal Sinus with closure,10350,11902.5
10,1,487,Abdomino-Perineal Excision of Rectum,16470,18940.5
10,1,488,Anterior Resection of rectum,19665,22615.2
10,1,489,Pull Through Abdominal Resection,15453,17771.4
10,1,490,Retro Peritoneal Tumor Removal,16200,18630
10,1,491,Radio ablation of varicose veins,1620,1863
10,1,492,Laser ablation of varicose veins,15525,17854.2
10,1,493,Laparoscopic Fundoplication,17370,19975.5
10,1,494,Laparoscopic Splenectomy,22500,25875
10,1,495,Laparoscopic Removal of hydatid cyst,16200,18630
10,1,496,Laparoscopic treatment of Pseudo Pancreatic cyst,16200,18630
10,1,497,Laparoscopic Whipple's operation (Laparoscopic Pancreatico Duodenectomy,18000,20700
10,1,498,Laparoscopic GI bypass operation,19800,22770
10,1,499,Laparoscopic Total Colectomy,22500,25875
10,1,500,Laparoscopic Hemicolectomy,20700,23805
10,1,501,Laparoscopic Anterior Resection (of Intestine/ Rectum),20700,23805
10,1,502,Laparoscopic Cholecystetomy,17077.5,19638.9
10,1,503,Laparoscopic Appedicectomy,16200,18630
10,1,504,Laparoscopic Hernia inguinal repair,16200,18630
10,1,505,Laparoscopic ventral Hernia Repair,15750,18112.5
10,1,506,Laparoscopic Paraumblical Hernia Repair,17500,20125
10,1,507,Laparoscopic Adrenelectomy,10800,12420
10,1,508,Laparoscopic Nephrectomy,19800,22770
10,1,509,Other Major Surgery,34200,39330
10,1,510,Other Minor Surgery,5400,6210
10,1,,TREATMENT PROCEDURE ICU/CCU PROCEDURES(cid:10)(SPECIAL CARE CASES),,
10,1,511,Coronary Care with Cardiac Monitoring (Room Rent extra),675,776.7
10,1,512,Compressed air / piped oxygen /per hour,45,52.2
10,1,513,Ventilator charges (Per day),477.9,549.9
10,1,514,Paediatric care for New born (Per day),167.4,192.6
10,1,515,Incubator charges (Per day),310.5,357.3
10,1,516,Neonatal ICU charges (Per day),351.9,405
10,1,517,Resuscitation,165.6,190.8
10,1,518,Exchange Transfusion,238.5,274.5
11,1,519,Pneupack ventilator in Nursery (Per day),517.5,594.9
11,1,,TREATMENT PROCEDURE CARDIOVASCULAR ANDC(cid:10)ARDIAC SURGERY & INVESTIGATIONS,,
11,1,520,Atrial Septal Defect(ASD) closure,46627.2,53621.1
11,1,521,Ventricular septal defect (VSD) with graft,46627.2,53621.1
11,1,522,TOF/TAPVC/TCPC/REV/RSOV repair,114367.5,131522.4
11,1,523,BD Glenn/Left atrium myxoma,72675,85500
11,1,524,Senning/Arterial Switch Operation (ASO) with graft,109969.2,126464.4
11,1,525,Double Switch Operation (DSO),93253.5,107241.3
11,1,526,Atrioventricular(AV) canal repair,144900,166635
11,1,527,Fontan procedure,152100,174915
11,1,528,Conduit repair,152100,174915
11,1,529,Coronary Artery Bypass Graft surgery (CABG),114367.5,131522.4
11,1,530,CABG + Intra-Aortic Balloon Pump (IABP),152100,174915
11,1,531,CABG + Valve.,152100,174915
11,1,532,CABG without bypass.,126000,144900
11,1,533,Ascending aorta replacement,117000,134550
11,1,534,Double Valve Replacement (DVR),155422,178735
11,1,535,Mitral valve Replacement(MVR)/ Aortic valve Replacement(AVR),93253.5,107241.3
11,1,536,Mitral Valve repair + Aortic Valve repair,93253.5,107241.3
11,1,537,Aorta femoral bypass,46800,53820
11,1,538,Blalock-Taussig shunt (BT Shunt) / Coarctation,46782,53799.3
11,1,539,Pulmonary Artery Banding (PA Banding) Septostomy,46782,53799.3
11,1,540,Pericardectomy,38088,43801.2
11,1,541,Congenital cytomegalovirus (CMV)/ patent ductus arteriosus (PDA),46782,53799.3
11,1,542,Gunshot injury,46782,53799.3
11,1,543,Heart transplant,248400,285660
11,1,544,Balloon coronary angioplasty/PTCA with VCD,72540,83421
11,1,545,Balloon coronary angioplasty/PTCA without VCD,72000,82800
11,1,546,Rotablation,43987.5,50585.4
11,1,547,Percutaneous transvenous mitral commissurotomy (PTMC) / percutaneous m,i9tr2a3l 7b.a6lloon valvotomy,10623.6
11,1,548,Cardiac Catheterization (CATH),9000,10350
11,1,549,Aortic Arch Replacement,9315,10712.7
11,1,550,Aortic Dissection,11385,13093.2
11,1,551,Thoraco Abdominal Aneurism Repair,13500,15525
11,1,552,Embolectomy,18900,21735
11,1,553,Vascular Repair,32400,37260
11,1,554,Bentall Repair with Prosthetic Valve,27000,31050
11,1,555,Bentall Repair with Biologic Valve,114750,135000
11,1,556,Coaractation dilatation,13050,15007.5
11,1,557,Coaractation dilatation with Stenting,16650,19147.5
11,1,558,Temporary cardiac pacing (TPI) Single Chamber,6750,7762.5
11,1,559,Temporary cardiac pacing (TPI) Dual Chamber,7344,8640
11,1,560,Permanent pacemaker implantation (PPI)- Single Chamber,12420,14283
11,1,561,Permanent pacemaker implantation- Dual Chamber,17388,19996.2
11,1,562,Permanent pacemaker implantation (PPI)-Biventricular,31050,35707.5
11,1,563,Automatic implantable cardioverter defibrillator (AICD) Single Chamber,25875,29756.7
11,1,564,Automatic implantable cardioverter defibrillator (AICD) Dual Chamber,36000,41400
11,1,565,Combo device implantation,36000,41400
11,1,566,Diagnostic Electrophysiological studies conventional,4095,4709.7
11,1,567,Ambulatory BP monitoring,528.3,621
11,1,568,External Loop/event recording,2563.2,3015
11,1,569,RF Ablation conventional,31500,36225
11,1,570,RF Ablation Atrial Tachycardia/Carto,40500,46575
11,1,571,Endomyocardial biopsy,9000,10350
12,1,572,Intra aortic balloon pump (IABP),7038,8093.7
12,1,573,Intra vascular coils,41400,47610
12,1,574,Septostomy- Balloon,14535,17100
12,1,575,Septostomy- Blade,17595,20234.7
12,1,576,Aortic valve balloon dilatation (AVBD) / pulmonary valve balloon dilatation,4(P3V47B0D),49990.5
12,1,577,Digital subtraction angiography-Peripheral artery,10350,11902.5
12,1,578,Digital subtraction angiography- venogram,10350,11902.5
12,1,579,CT Guided biopsy,1138.5,1309.5
12,1,580,Sinogram,776.7,892.8
12,1,581,Peripheral Angioplasty with VCD,10350,11902.5
12,1,582,Peripheral Angioplasty without VCD,10350,11902.5
12,1,583,Renal Angioplasty,54315,63900
12,1,584,Intravascular ultrasound (IVUS),22500,25875
12,1,585,Fractional flow reserve (FFR),11475,13500
12,1,586,Holter analysis,765,900
12,1,587,Aortic stent grafting for aortic aneurysm,70650,81247.5
12,1,588,Inferior Vena Cava (IVC) filter implantation,14516.1,16693.2
12,1,589,ASD/VSD/PDA device closure,32602.5,37493.1
12,1,590,Electrocardiogram (ECG),45,52.2
12,1,591,Head- up tilt test (HUTT),1980,2277
12,1,592,2D echocardiography,1080,1242
12,1,593,3D echocardiography,1262.7,1485
12,1,594,Fetal Echo,1260,1449
12,1,595,2D Transesophageal Echocardiography (TEE),1262.7,1485
12,1,596,3D Transesophageal Echocardiography (TEE),1262.7,1485
12,1,597,Stress Echo- exercise,1350,1552.5
12,1,598,Stress Echo- pharmacological,2250,2587.5
12,1,599,Stress Myocardial Perfusion Imaging (MPI)- exercise,1759.5,2070
12,1,600,Stress Myocardial Perfusion Imaging (MPI) - pharmacological,2250,2587.5
12,1,Sr. No.,CGHS TREATMENTP(cid:10)ROCEDURE/INVESTIGATION LIST (Lucknow),,
12,1,601,Coronary angiography,10350,11902.5
12,1,602,CT coronary angiography,5427,6241.5
12,1,603,Cardiac CT scan,2044.8,2351.7
12,1,604,Cardiac MRI,2199.6,2529.9
12,1,605,Stress Cardiac MRI,2700,3105
12,1,606,MR angiography.,5071.5,5832
12,1,607,Cardiac PET,1350,1552.5
12,1,608,Pericardiocentesis,3150,3622.5
12,1,609,Other Major Surgery,18000,20700
12,1,610,Other Minor Surgery,3825,4500
12,1,,TREATMENT PROCEDURE OBSTETRICS ANDG(cid:10)YNAECOLOGY,,
12,1,611,Normal delivery with or without Episiotomy & P. repair,7200,8280
12,1,612,vacuum delivery,7762.5,8927.1
12,1,613,Forceps Delivery,8280,9522
12,1,614,Cesarean Section(CS),12645,14542.2
12,1,615,Cesarean Hysterectomy,17077.5,19638.9
12,1,616,Rupture Uterus closure & repair with Tubal Ligation,15525,17854.2
12,1,617,Perforation of Uterus after D/E Laparotomy & Closure,12420,14283
12,1,618,Laparotomy for Ectopic pregnancy,12420,14283
12,1,619,Laparotomy-peritonitis Lavage and Drainage,10350,11902.5
12,1,620,Salphingo-Oophorectomy/ Oophorectomy Laparoscopic,9000,10350
12,1,621,Ovarian Cystectomy-laparoscopic.,9315,10712.7
12,1,622,Ovarian Cystectomy -laparotomy.,12420,14283
12,1,623,Salpingo-Oophorectomy-laparotomy,10368,11923.2
13,1,624,Laparoscopic Broad Ligament Hematoma Drainage with(cid:10)repair,6210,7141.5
13,1,625,Exploration of perineal Haematoma & Repair,7200,8280
13,1,626,Exploration of abdominal Haematoma (after laparotomy +(cid:10)LSCS),7245,8332.2
13,1,627,Manual Removal of Placenta,3105,3571.2
13,1,628,Examination under anesthesia (EUA),900,1035
13,1,629,Burst-abdomen Repair,9000,10350
13,1,630,Gaping Perineal Wound Secondary Suturing,1490.4,1713.6
13,1,631,Gaping abdominal wound Secondary Suturing,3105,3571.2
13,1,632,Complete perineal tear-repair,1915.2,2202.3
13,1,633,Exploration of PPH-tear repair,3150,3622.5
13,1,634,Suction evacuation vesicular mole,4500,5175
13,1,635,Suction evacuation Missed abortion/ incomplete abortion,4657.5,5355.9
13,1,636,Colpotomy,3105,3571.2
13,1,637,Repair of post-coital tear/ perineal injury,3157.2,3630.6
13,1,638,Excision of urethral caruncle,3105,3571.2
13,1,639,Shirodhkar/ McDonald stitch,2898,3332.7
13,1,640,Abdominal Hysterectomy with or without salpingo-(cid:10)oophorectomy,15525,17854.2
13,1,641,Non-descent Vaginal Hysterectomy (NDVH),15525,17854.2
13,1,642,Vaginal Hysterectomy with repairs (UV Prolapse),15525,17854.2
13,1,643,Myomectomy -laparotomy,12600,14490
13,1,644,Myomectomy -laparoscopic,5692.5,6546.6
13,1,645,Vaginoplasty,13455,15473.7
13,1,646,Vulvectomy -Simple,8280,9522
13,1,647,Vulvectomy-Radical,8280,9522
13,1,648,Rectovaginal Fistula (RVF) Repair,18975,21821
13,1,649,Manchester Operation,13500,15525
13,1,650,Shirodkar’s sling Operation or other sling operations for prolapse uterus,3105,3571.2
13,1,651,Laparoscopic sling operations for prolapse uterus,25200,28980
13,1,652,Diagnostic Curettage,2235.6,2571.3
13,1,653,Cervical Biopsy,1620,1863
13,1,654,Polypectomy,1366.2,1571.4
13,1,655,Other-Minor Operation Endometrial,2070,2380.5
13,1,656,Excision Vaginal Cyst/Bartholin Cyst,3105,3571.2
13,1,657,Excision Vaginal Septum,4140,4761
13,1,658,Laparoscopy -Diagnostic with chromopertubation and or(cid:10)adhesiolysis and dril,l3in6g22.5,4166.1
13,1,659,Laparoscopy Sterilization,3105,3571.2
13,1,660,Laparoscopically Assisted Vaginal Hysterectomy (LAVH),22718.7,26126.1
13,1,661,Balloon Temponade for Post Partum Haemorrhage (PPH),2520,2898
13,1,662,Total laparoscopic hysterectomy,22718.7,26126.1
13,1,663,Laparoscopic treatment of Ectopic pregnancy-salpingectomy/salpingostomy,c8o7n9se7r.v5ative,10116.9
13,1,664,Conisation of cervix,3622.5,4166.1
13,1,665,Trachelectomy of cervix for early CA cervix,4950,5692.5
13,1,666,Hysteroscopic cannulation,2587.5,2975.4
13,1,667,Laparotomy recannalization of Fallopian tubes-(cid:10)(Tubuloplasty),20182.5,23210.1
13,1,668,Laparoscopic recannalization of Fallopian tubes-(cid:10)(Tubuloplasty),17550,20182.5
13,1,669,Colposcopy,862.2,991.8
13,1,670,Inversion of Uterus – Vaginal Reposition,2250,2587.5
13,1,671,Inversion of Uterus – Abdominal Reposition,2250,2587.5
13,1,672,Laparoscopic Vesicovaginal Fistula (VVF) Repair,25200,28980
13,1,673,Abdominal Vesicovaginal Fistula (VVF) Repair,25200,28980
13,1,674,Vaginal Vesicovaginal Fistula (VVF) Repair,25200,28980
13,1,675,Interventional Ultrasonography- Chorionic villus sampling (CVS),792,910.8
13,1,676,Amniocentesis,792,910.8
13,1,677,Karyotyping,720,828
14,1,678,Thermal balloon ablation.,10350,11902.5
14,1,679,Ultrasonographic myolysis,9263.7,10653.3
14,1,680,Vaginal Myomectomy,9000,10350
14,1,681,Intra Uterine Inseminition,828,952.2
14,1,682,Intracytoplasmic sperm injection (ICSI),10350,11902.5
14,1,683,Laparotomy abdominal sacro-colpopexy,13500,15525
14,1,Sr. No.,CGHS TREATMENTP(cid:10)ROCEDURE/INVESTIGATION LIST (Lucknow),,
14,1,684,Vaginal Colpopexy,19800,22770
14,1,685,Laparoscopic abdominal sacro-colpopexy,18000,20700
14,1,686,Laparotomy pelvic Lymphadenectomy,1080,1242
14,1,687,Laparoscopic pelvic Lymphadenectomy,3150,3622.5
14,1,688,Endometrial aspiration cytology/biopsy,513,590.4
14,1,689,Transvaginal sonography (TVS for Follicular monitioring(cid:10)/aspiration),414,476.1
14,1,690,laparoscopic treatment for stress incontinence,13500,15525
14,1,691,Transvaginal tapes for Stress incontinence,13500,15525
14,1,692,trans-obturator tapes for Stress incontinence,10800,12420
14,1,693,Interventional radiographic arterial embolization,16200,18630
14,1,694,Diagnostic cystoscopy,2587.5,2975.4
14,1,695,Staging laparotomy surgery for Carcinoma Ovary,5692.5,6546.6
14,1,696,Internal Iliac ligation,3053.7,3511.8
14,1,697,stepwise devascularisation,8280,9522
14,1,698,Assisted breech delivery,9832.5,11307.6
14,1,699,Intra-uterine fetal blood transfusion,19147.5,22019.4
14,1,700,Hysteroscopy Transcervical Resection of Endometrium (TCRE),7650,8797.5
14,1,701,Hysteroscopy Removal of Intra-uterine Contraceptive Device (IUCD),6750,7762.5
14,1,702,Hysteroscopy Removal of Septum,9900,11385
14,1,703,Hysteroscopy Diagnostic,6750,7762.5
14,1,704,Radical Hysterectomy for Cancer cervix with pelvicl(cid:10)ymphadenectomy,7650,8797.5
14,1,705,Radical Hysterectomy for Cancer endometrium extending(cid:10)to cervix with pelvi,c7 6a5n0d para aortic lymphadenectom,y8797.5
14,1,706,Sterilization Post partum (minilap),3375,3881.7
14,1,707,Sterilization interval (minilap),3375,3881.7
14,1,708,Ultrasonography Level II scan/Anomaly Scan,450,517.5
14,1,709,Fetal nuchal Translucency,270,310.5
14,1,710,Fetal Doppler/Umblical Doppler/Uterine Vessel Doppler,765,880.2
14,1,711,Medical Termination of Pregnancy (MTP)- 1st Trimester,2700,3105
14,1,712,Medical Termination of Pregnancy (MTP) - 2nd Trimester,3933,4523.4
14,1,713,Quadruple test,1800,2070
14,1,714,Biophysical score,540,621
14,1,715,Other Major Surgery,25200,28980
14,1,716,Other Minor Surgery,4500,5175
14,1,,TREATMENT PROCEDURE NEPHROLOGY AND UROLOGY,,
14,1,717,Partial Nephrectomy -open,14593.5,16782.3
14,1,718,Partial Nephrectomy-Laparoscopic/endoscopic,13041,14997.6
14,1,719,Nephrolithomy -open,10800,12420
14,1,720,Nephrolithomy -Laparoscopic/endoscopic,12600,14490
14,1,721,Pyelolithotomy-open,11700,13455
14,1,722,Pyelolithotomy -Laparoscopic/endoscopic,9522,10950.3
14,1,723,Operations for Hydronephrosis -pyeloplasty open,16560,19044
14,1,Sr. No.,CGHS TREATMENTP(cid:10)ROCEDURE/INVESTIGATION LIST (Lucknow),,
14,1,724,Operations for Hydronephrosis -pyeloplasty Lap/endoscopic,17100,19665
14,1,725,Operations for Hydronephrosis Endopyelotomy antegrade,18000,20700
14,1,726,Operations for Hydronephrosis Endoplyelotomy retrograde,18000,20700
14,1,727,Operations for Hydronephrosis -ureterocalicostomy,16200,18630
14,1,728,Operations for Hydronephrosis-Ileal ureter,16200,18630
15,1,729,Open Drainage of Perinephric Abscess,7200,8280
15,1,730,Percutaneous Drainage of Perinephric Abscess -Ultrasound(cid:10)guided,5175,5951.7
15,1,731,Cavernostomy,8797.5,10350
15,1,732,Operations for Cyst of the Kidney -open,10764,12378.6
15,1,733,Operations for Cyst of the Kidney -Lap/endoscopic,12627,14521.5
15,1,734,Ureterolithotomy -open,11923.2,13711.5
15,1,735,Ureterolithotomy-Lap/Endoscopic,9000,10350
15,1,736,Nephroureterectomy open,14490,16663.5
15,1,737,Nephroureterectomy -Lap/Endoscopic,14490,16663.5
15,1,738,Operations for Ureter for -Double Ureters,17100,19665
15,1,739,Operations for Ureter -for Ectopia of Single Ureter,16200,18630
15,1,740,Operations for Vesicoureteric Reflux (VUR) -Open,16200,18630
15,1,741,Operations for Vesicoureteric Reflux (VUR)-Lap/Endoscopic,16200,18630
15,1,742,Operations for Vesicoureteric Reflux (VUR)/ Urinary incontinence with bulk,i1n8g6 a3g0ents,21424.5
15,1,743,Ureterostomy - Cutaneous,10800,12420
15,1,744,Uretero-Colic anastomosis,14400,16560
15,1,745,Formation of an Ileal Conduit,15525,17854.2
15,1,746,Ureteric Catheterisation,8278,10950
15,1,747,Biopsy of Bladder (Cystoscopic),2070,2380.5
15,1,748,Cysto-Litholapaxy,9832.5,11307.6
15,1,749,Operations for Injuries of the Bladder,9000,10350
15,1,750,Suprapubic Drainage (Cystostomy/vesicostomy),5400,6210
15,1,751,Simple Cystectomy,15525,17854.2
15,1,752,Diverticulectomy -open,14400,16560
15,1,753,Diverticulectomy- Lap/Endoscopic,16560,19044
15,1,754,Diverticulectomy -Endoscopic incision of neck,1552.5,1785.6
15,1,755,Augmentation Cystoplasty,6003,6903.9
15,1,756,Operations for Exstrophy of the Bladder- Single stage repair,20070,23080.5
15,1,757,Operations for Exstrophy of the Bladder- Multistage repair,18733.5,21543.3
15,1,758,Operations for Exstrophy of the Bladder- simple cystectomy with urinary div,e2r0si2o5n0,23287.5
15,1,759,Repair of Ureterocoel -Open,12420,14283
15,1,760,Repair of Ureterocoel -Lap/Endoscopic,12937.5,14877.9
15,1,761,Repair of Ureterocoel -Endoscopic incision,11700,13455
15,1,762,Open Suprapubic Prostatectomy,18630,21424.5
15,1,763,Open Retropubic Prostatectomy,18112.5,20829.6
15,1,764,Transurethral Resection of Prostate (TURP),16767,19282.5
15,1,765,Urethroscopy/ Cystopanendoscopy,4140,4761
15,1,766,Internal urethrotomy -optical,5175,5951.7
15,1,767,Internal urethrotomy -Core through urethroplasty,9936,11426.4
15,1,768,Urethral Reconstruction -End to end ansatamosis,3105,3571.2
15,1,769,Urethral Reconstruction - substitution urethroplasty(cid:10)(Transpubic urethroplasty,)17595,20234.7
15,1,770,Abdomino Perineal urethroplasty,12600,14490
15,1,771,Posterior Urethral Valve fulguration.,10143,11664.9
15,1,772,Operations for Incontinence of Urine - Male -Open,15525,17854.2
15,1,773,Operations for Incontinence of Urine - Male -Sling,16560,19044
15,1,774,Operations for Incontinence of Urine - Male-Bulking agent,17491.5,20115
15,1,775,Operations for Incontinence of Urine - Female -Open,15525,17854.2
15,1,776,Operations for Incontinence of Urine - Female-Sling,16560,19044
15,1,777,Operations for Incontinence of Urine - Female-Bulking agent,17491.5,20115
15,1,778,Reduction of Paraphimosis,1552.5,1785.6
15,1,779,Circumcision,2700,3105
15,1,780,Meatotomy,2111.4,2428.2
15,1,781,Meatoplasty,2898,3332.7
15,1,782,Operations for Hypospadias + Chordee Correction,8280,9522
16,1,783,Operations for Hypospadias - Second Stage,13500,15525
16,1,784,Operations for Hypospadias - One Stage Repair,8280,9522
16,1,785,Operations for Crippled Hypospadias,10350,11902.5
16,1,786,Operations for Epispadias _primary repair,11333.7,13033.8
16,1,787,Operations for Epispadias-crippled epispadias,10246.5,11783.7
16,1,788,Partial Amputation of the Penis,9687.6,11141.1
16,1,789,Total amputation of the Penis,10800,12420
16,1,790,Orchidectomy-Simple,8797.5,10116.9
16,1,791,Orchidectomy -Radical,10867.5,12497.4
16,1,792,Post Radical Orchidectomy retroperitoneal lymph node(cid:10)dissection.,12600,14490
16,1,793,Epididymectomy,15938,18750
16,1,794,Adreneclectomy Unilateral/Bilateral for Tumour/For(cid:10)Carcinoma- Open,22770,26185.5
16,1,795,Adreneclectomy Unilateral/Bilateral for Tumour/For(cid:10)Carcinoma -Lap/Endosc,o1p2i9c37.5,14877.9
16,1,796,Operations for Hydrocele - Unilateral,5278.5,6070.5
16,1,797,Operations for Hydrocele - Bilateral,7700.4,8855.1
16,1,798,Operation for Torsion of Testis,10350,11902.5
16,1,799,Micro-surgical Vasovasostomy /Vaso epidedymal(cid:10)ansatamosis .,9936,11426.4
16,1,800,Operations for Varicocele Unilateral-Microsurgical,6934.5,7974.9
16,1,801,Operations for Varicocele Palomo’s Unilateral - Lap,8280,9522
16,1,802,Operations for Varicocele Bilateral --Microsurgical,11385,13093.2
16,1,803,Operations for Varicocele Bilateral – Lap/ Palomo,13455,15473.7
16,1,804,Block Dissection of ilio-inguinal Nodes - One Side (For Ca-(cid:10)Penis),5692.5,6546.6
16,1,805,Block Dissection of ilio-inguinal Nodes -Both Sides (For Ca-(cid:10)Penis),20700,23805
16,1,806,Excision of Filarial Scrotum,10350,11902.5
16,1,807,Kidney Transplantation (related),200000,230000
16,1,808,Kidney Transplantation (Spousal/ unrelated) Including(cid:10)immunosuppressant th,e3r0a0p0y00,345000
16,1,809,ABO incompatible Transplantation,441000,507150
16,1,810,Swap Transplantation,349200,401580
16,1,811,Kidney Transplant Graft Nephrectomy,53550,63000
16,1,812,Donor Nephrectomy (open),25875,29756.7
16,1,813,Donor Nephrectomy (Laparoscopic),41400,47610
16,1,814,Cadaver Transplantation,74970,86215.5
16,1,815,Kidney Transplant with Native Kidney Nephrectomy(cid:10)(Related)/ Unilateral,25200,28980
16,1,816,Kidney Transplant with Native Kidney Nephrectomy(cid:10)(Related)/ Bilateral,76500,87975
16,1,817,Kidney Transplant with Native Kidney Nephrectomy(cid:10)(Spousal/ Unrelated) Un,i7l6at5e0r0al,87975
16,1,818,Kidney Transplant with Native Kidney Nephrectomy(cid:10)(Spousal/ Unrelated) Bi,l7at6e5ra0l0,87975
16,1,819,Post-Transplant Collection drainage for Lymphocele (open),6120,7200
16,1,820,Post-Transplant Collection drainage for Lymphocele((cid:10)percutaneous),6120,7200
16,1,821,Post-Transplant Collection drainage for Lymphocele((cid:10)Laparoscopic),6885,8100
16,1,822,Arteriovenous Fistula for Haemodialysis,2070,2380.5
16,1,823,Arteriovenous Shunt for Haemodialysis,3150,3622.5
16,1,824,Jugular Catheterization for Haemodialysis,1350,1552.5
16,1,825,Subclavian Catheterization for Haemodialysis,2025,2329.2
16,1,826,One sided (single Lumen) Femoral Catheterization for(cid:10)Haemodialysis,900,1035
16,1,827,Bilateral (single Lumen) Femoral Catheterization for(cid:10)Haemodialysis,1350,1552.5
16,1,828,Double Lumen Femoral Catheterization for Haemodialysis,1665,1915.2
16,1,829,Permcath Insertion,2520,2898
16,1,830,Arterio venous Prosthetic Graft,1665,1915.2
16,1,831,Single lumen Jugular Catheterization,1350,1552.5
16,1,832,Single lumen Subclavian Catheterization,1530,1800
16,1,833,Plasma Exchange/ Plasmapheresis,1552.5,1785.6
16,1,834,Continuous Ambulatory Peritoneal Dialysis (CAPD) catheter insertion- Open,3 m15et0hod,3622.5
16,1,835,Continuous Ambulatory Peritoneal Dialysis (CAPD) catheter insertion- Schl,e3n1d5in0ger/ Seldinger method,3622.5
16,1,836,Sustained low efficiency haemodialysis / hemodialysis,1125,1294.2
17,1,837,Continuous Veno venous/Arteriovenous Haemofilteration /Hemofilteration,2025,2329.2
17,1,838,Haemodialysis / Hemodialysis for Sero negative cases,1260,1449
17,1,839,Haemodialysis / Hemodialysis for Sero Positive cases,1485,1708.2
17,1,840,Acute Peritoneal Dialysis,1305,1501.2
17,1,841,Fistulogram for Arteriovenous Fistula,2250,2587.5
17,1,842,Ultrasound guided Kidney Biopsy,765,880.2
17,1,843,Fistula stenosis dilation,2700,3105
17,1,844,Slow continuous Ultrafilteration,2250,2587.5
17,1,845,Percutaneous Nephrolithotomy (PCNL) - Unilateral,18000,20700
17,1,846,Percutaneous Nephrolithotomy (PCNL) - Bilateral,22500,25875
17,1,847,Endoscopic Bulking agent Inject,4050,4657.5
17,1,848,Testicular Biopsy,1759.5,2023.2
17,1,849,Radical Nephrectomy -Open,15525,17854.2
17,1,850,Radical Nephrectomy -Lap/Endoscopic,18630,21424.5
17,1,851,Radical Nephrectomy plus IV thrombus,20700,23805
17,1,852,Radical Nephrectomy plus IV thrombus plus cardiac bypass.,20700,23805
17,1,853,Vesicovaginal Fistula (VVF) Repair (Open),14400,16560
17,1,854,Vesicovaginal Fistula (VVF) Repair (Laparoscopic),19800,22770
17,1,855,Radical Cystectomy -Ileal conduit,15300,18000
17,1,856,Radical Cystectomy - continent diversion.,13500,15525
17,1,857,Radical Cystectomy – Neo bladder,16650,19147.5
17,1,858,Nephrectomy Simple -Open,9066.6,10426.5
17,1,859,Nephrectomy Simple-lap/Endoscopic,11333.7,13033.8
17,1,860,Nephrostomy -Open,9000,10350
17,1,861,Nephrostomy -Lap/Endoscopic,9633.6,11333.7
17,1,862,Ureteric Reimplant for Megaureter/Vesicoureteric reflux/ ureterocele (open),9444.6,10861.2
17,1,863,Ureteric Reimplant for Megaureter/Vesicoureteric reflux/ ureterocele (Laparo,9sc4o4p4i.c6),10861.2
17,1,864,Partial Cystectomy,12420,14283
17,1,865,Transurethral Resection of Prostate (TURP) & Transurethral Resection of Bl,a1d5d5e2r 5Tumour (TURBT),17854.2
17,1,866,Transurethral Resection of Prostate (TURP) with Cystolithotripsy,15300,17595
17,1,867,Closure of Urethral Fistula,9900,11385
17,1,868,Orchidopexy - Unilateral -Open,8880.3,10212.3
17,1,869,Orchidopexy - Unilateral- Lap/Endoscopic,11100.6,12765.6
17,1,870,Orchidopexy - Bilateral -Open,11053.8,12711.6
17,1,871,Orchidopexy - Bilateral -Lap/Endoscopic,13050,15007.5
17,1,872,Cystolithotomy -Suprapubic,8797.5,10116.9
17,1,873,Endoscopic Removal of Stone in Bladder,3105,3571.2
17,1,874,Resection Bladder Neck Endoscopic /Bladder neck(cid:10)incision/transurethral inci,s9io8n3 2o.n5 prostrate,11307.6
17,1,875,Ureteroscopic Surgery,9315,10712.7
17,1,876,Urethroplasty 1st Stage,9832.5,11307.6
17,1,877,Scrotal Exploration,7700.4,8855.1
17,1,878,Perineal Urethrostomy,4243.5,4879.8
17,1,879,Dilatation of Stricture Urethra under G.A.,1800,2070
17,1,Sr. No.,CGHS TREATMENTP(cid:10)ROCEDURE/INVESTIGATION LIST (Lucknow),0.9,0.9
17,1,880,Dilatation of Stricture Urethra under LA,1552.5,1785.6
17,1,881,Laparoscopic Nephrectomy (Select CGHS rate Code 508 for approved rate),0.9,0.9
17,1,882,Laparoscopic partial Nephrectomy,9000,10350
17,1,883,Laparoscopic pyelolithotomy,11385,13093.2
17,1,884,Laparoscopic Pyeloplasty,8797.5,10116.9
17,1,885,Laparoscopic surgery for Renal cyst,8797.5,10116.9
17,1,886,Laparoscopic ureterolithotomy,10350,11902.5
17,1,887,Laparoscopic Nephroureterectomy,11902.5,13688.1
18,1,888,Extracorporeal Shock Wave Lithotripsy (ESWL),19550,22483
18,1,889,Uroflow Study (Uroflometry),405,466.2
18,1,890,Urodynamic Study (Cystometry),432,496.8
18,1,891,Cystoscopy with Retrograde Catheter -Unilateral /RGP,2522.7,2900.7
18,1,892,Cystoscopy with Retrograde Catheter - Bilateral /RGP,4207.5,4950
18,1,893,Cystoscopy with Bladder Biopsy (Cold Cup Biopsy),3042.9,3499.2
18,1,894,Voiding-cysto-urethrogram and retrograde urethrogram(cid:10)(Nephrostogram),372.6,428.4
18,1,895,Radical prostatectomy-Open,16042.5,18449.1
18,1,896,Radical prostatectomy-Laparoscopic,18112.5,20829.6
18,1,897,Radical prostatectomy- Robotic (Robotic Partial(cid:10)Nephrectomy),18112.5,20829.6
18,1,898,Holmium YAG Prostate Surgery,13500,15525
18,1,899,Holmium YAG Optical Internal Urethrotomy (OIU),4140,4761
18,1,900,Holmium YAG Core through internal Urethrotomy,15525,17854.2
18,1,901,Holmium YAG Stone Lithotripsy,9180,10800
18,1,902,Green Light laser for prostate,15525,17854.2
18,1,903,Retrograde Intrarenal Surgery (RIRS)/ Flexible Ureteroscopy,6120,7038
18,1,904,Microscopic Vaso-Epididymal Anastomosis (VEA)/ Vasovasostomy (reversa,l9 o9f3 6vasectomy for Infertility treatm,1e1n4t)2 (6S.4elect CGHS rat
18,1,905,Cystoscopic Botulinum Toxin Injection ( Over active(cid:10)bladder/ Neurogenic bla,d6d1e2r0),7038
18,1,906,Peyronie’s disease – Plaque excision with grafting,3060,3600
18,1,907,High Intensity Focus Ultrasound (HIFU) (Robotic) for(cid:10)Carcinoma prostrate a,n4d1 r4e0nal cell carcinoma,4761
18,1,908,Prosthetic surgery for urinary incontinence,2070,2380.5
18,1,909,Transrectal Ultrasound (TRUS) guided prostate biopsy,517.5,594.9
18,1,910,Ultrasound Guided Percutaneous Nephrostomy (PCN),648,745.2
18,1,911,Other Major Surgery,13500,15525
18,1,912,Other Minor Surgery,6120,7038
18,1,,TREATMENT PROCEDURE NEURO-SURGERY,,
18,1,913,Craniotomy and Evacuation of Haematoma -Subdural,45643.5,52489.8
18,1,914,Craniotomy and Evacuation of Haematoma -Extradural,45000,51750
18,1,915,Evacuation /Excision of Brain Abscess by craniotomy,36000,41400
18,1,916,Excision of Lobe (Frontal Temporal Cerebellum etc.),36900,42435
18,1,917,Excision of Brain Tumours -Supratentorial,35210.7,40491.9
18,1,918,Excision of Brain Tumours -Infratentorial,40500,46575
18,1,919,Surgery of spinal Cord Tumours,40500,46575
18,1,920,Ventriculoatrial /Ventriculoperitoneal Shunt (Select CGHS rate code 938 for,a1p0p4r5o3v.e5d rates),12021.3
18,1,921,Twist Drill Craniostomy,3825,4500
18,1,Sr. No.,CGHS TREATMENTP(cid:10)ROCEDURE/INVESTIGATION LIST (Lucknow),,
18,1,922,Subdural Tapping,2210.4,2541.6
18,1,923,Ventricular Tapping,2670.3,3070.8
18,1,924,Abscess Tapping,2587.5,2975.4
18,1,925,Placement of Intracranial pressure (ICP) Monitor,2587.5,2975.4
18,1,926,Skull Traction Application,2070,2380.5
18,1,927,Lumber Pressure Monitoring,3825,4500
18,1,928,Vascular Malformations,19800,22770
18,1,929,Meningo Encephalocoele excision and repair,13500,15525
18,1,930,Meningomyelocoel Repair,22495.5,25869.6
18,1,931,CSF Rhinorrhaea Repair,25875,29756.7
18,1,932,Cranioplasty,21735,24995.7
18,1,933,Anterior Cervical Dissectomy,14940,17181
18,1,934,Brachial Plexus Exploration and neurotization,13972.5,16068.6
18,1,935,Median Nerve Decompression,12600,14490
18,1,936,Peripheral Nerve Surgery – Major,15525,17854.2
18,1,937,Peripheral Nerve Surgery Minor,7452,8569.8
18,1,938,Ventriculoatrial /Ventriculoperitoneal Shunt,10453.5,12021.3
18,1,939,Nerve Biopsy,6210,7141.5
19,1,940,Brain Biopsy,5227.2,6011.1
19,1,941,Anterior Cervical Spine Surgery with fusion,28980,33327
19,1,942,Anterio Lateral Decompression of spine,25875,29756.7
19,1,943,Brain Mapping,753.3,866.7
19,1,944,Cervical or Dorsal or Lumbar Laminectomy,20700,23805
19,1,945,Combined Trans-oral Surgery & Craniovertebral (CV) Junction Fusion,31050,35707.5
19,1,946,Craniovertebral Junction (CVJ) Fusion procedures,27000,31050
19,1,947,Depressed Fracture Elevation,22500,25875
19,1,948,Lumbar Discectomy,24840,28566
19,1,949,Endarterectomy (Carotid),18000,20700
19,1,950,Radiofrequency Ablation (RFA) for Trigeminal Neuralgia,10350,11902.5
19,1,951,Spasticity Surgery -,35707.5,41063.4
19,1,952,Spinal Fusion Procedure,27000,31050
19,1,953,Spinal Intra Medullary Tumours,31050,35707.5
19,1,954,Spinal Bifida Surgery Major,17077.5,19638.9
19,1,955,Spinal Bifida Surgery Minor,13500,15525
19,1,956,Stereotaxic Procedures- biopsy/aspiration of cyst,20700,23805
19,1,957,Trans Sphenoidal Surgery,27000,31050
19,1,958,Trans Oral Surgery,27000,31050
19,1,959,Implantation of Deep Brain Stimulation (DBS) -One electrode,31050,35707.5
19,1,960,Implantation of Deep Brain Stimulation (DBS) -two electrodes,36225,41659.2
19,1,961,Endoscopic aqueductoplasty,13500,15525
19,1,962,Facial nerve reconstruction,27000,31050
19,1,963,Carotid stenting,38036.7,43741.8
19,1,964,Cervical disc arthroplasty,24840,28566
19,1,965,Lumbar disc arthroplasty,12420,14283
19,1,966,Corpus callostomy for Epilepsy,31500,36225
19,1,967,Hemispherotomy for Epilepsy,28980,33327
19,1,968,Endoscopic CSF rhinorrhea repair,27000,31050
19,1,969,Burr hole evacuation of chronic subdural haematoma,21735,24995.7
19,1,970,Epilepsy surgery,32602.5,37493.1
19,1,971,Radiofrequency Ablation (RFA) for facet joint pain syndrome,15525,17854.2
19,1,972,Cervical laminoplasty,28800,33120
19,1,973,Lateral mass C1-C2 screw fixation,20700,23805
19,1,974,Microsurgical decompression for Trigeminal nerve,34200,39330
19,1,975,Microsurgical decompression for hemifacial spasm,4181.4,4808.7
19,1,976,Extracranial-Intracranial Bypass Procedures (EC-IC) bypass procedures,28800,33120
19,1,977,Image guided craniotomy,26082,29994.3
19,1,978,Baclofen pump implantation,35100,40365
19,1,979,Programmable Ventriculo-Peritoneal (VP) shunt,22500,25875
19,1,980,Endoscopic sympathectomy,15396.3,17705.7
19,1,981,Lumber puncture,186.3,214.2
19,1,982,External ventricular drainage (EVD),4140,4761
19,1,983,Endoscopic 3rd ventriculostomy,36000,41400
19,1,984,Endoscopic cranial surgery/Biopsy/aspiration,28382.4,32639.4
19,1,985,"Endoscopic discectomy (Lumbar, Cervical)",32058.9,36867.6
19,1,986,Aneurysm coiling (Endovascular),30960,35604
19,1,987,Surgery for skull fractures,36000,41400
19,1,988,Carpel Tunnel decompression,13500,15525
19,1,989,Clipping of intracranial aneurysm,21735,24995.7
19,1,990,Surgery for intracranial Arteriovenous malformations(AVM),36000,41400
19,1,991,Foramen magnum decompression for Chari Malformation,93750,107813
19,1,992,Dorsal column stimulation for backache in failed back(cid:10)syndrome,25875,29756.7
19,1,993,Surgery for recurrent disc prolapse/epidural fibrosis,28980,33327
20,1,994,Surgery for brain stem tumours,39589.2,45527.4
20,1,995,Decompressive craniotomy for hemishpherical acutes(cid:10)ubdural haematoma/bra,i3n6 s0w0e0lling/large infarct,41400
20,1,996,Intra-arterial thrombolysis with Tissue Plasminogen Activator (TPA) (for isc,h4e1m4i0c stroke ),4761
20,1,997,Steriotactic aspiration of intracerebral haematoma,29290.5,33684.3
20,1,998,Endoscopic aspiration of intracerebellar haematoma,36000,41400
20,1,999,Steriotactic Radiosurgery for brain pathology(Xk(cid:10)nife/Gamma ) - ONE sessio,n24804,28524.6
20,1,1000,Steriotactic Radiosurgery for brain pathology(X knife /Gamma knife -Two or,5m1o7r5e0 sessions,59512.5
20,1,1001,Chemotheraphy wafers for malignant brain tumors,13005,14956.2
20,1,1002,Battery Placement for Deep Brain Stimulation (DBS),19800,22770
20,1,1003,Baclofen pump implantation for spasticity,15597,17937
20,1,1004,Peripheral Nerve tumor surgery,21600,24840
20,1,1005,Surgery Intra Cranial Meningioma,18000,20700
20,1,1006,Surgery for Intracranial Schwannoma,31500,36225
20,1,1007,Surgery for Gliomas,40500,46575
20,1,1008,Surgery for Orbital tumors,36000,41400
20,1,Sr. No.,CGHS TREATMENTP(cid:10)ROCEDURE/INVESTIGATION LIST (Lucknow),,
20,1,1009,Surgery for Cranial (Skull) tumors,34650,39847.5
20,1,1010,Surgery for Scalp Arteriovenous Malformations (AVMs),22500,25875
20,1,1011,Kyphoplasty,36000,41400
20,1,1012,Balloon Kyphoplasty,36000,41400
20,1,1013,"Lesioning procedures for Parkinson’s disease, Dystonia etc.",31500,36225
20,1,1014,Other Major Surgery,38250,45000
20,1,1015,Other Minor Surgery,15300,18000
20,1,,TREATMENT PROCEDURE PAEDIATRIC SURGERY,,
20,1,1016,Excision of thyroglossal Duct/Cyst,14400,16560
20,1,1017,Diaphragmatic Hernia Repair (Thoracic or Abdominal(cid:10)Approach),15525,17854.2
20,1,1018,Tracheo Oesophageal Fistula (Correction Surgery),20700,23805
20,1,1019,Colon Replacement of Oesophagus,20700,23805
20,1,1020,Omphalo Mesenteric Cyst Excision,15525,17854.2
20,1,1021,Omphalo Mesenteric Duct- Excision,13972.5,16068.6
20,1,1022,Meckels Diverticulectomy,3012.3,3464.1
20,1,1023,Omphalocele 1st Stage (Hernia Repair),13972.5,16068.6
20,1,1024,Omphalocele 2nd Stge (Hernia Repair),15525,17854.2
20,1,1025,Gastroschisis Repair,14490,16663.5
20,1,1026,Inguinal Herniotomy,11302.2,12997.8
20,1,1027,Congenital Hydrocele,10800,12420
20,1,1028,Hydrocele of Cord,10800,12420
20,1,1029,Torsion Testis Operation,13500,15525
20,1,1030,Congenital Pyloric Stenosis- operation,12544.2,14426.1
20,1,1031,Duodenal Atresia Operation,12600,14490
20,1,1032,Pancreatic Ring Operation,20182.5,23210.1
20,1,1033,Meconium Ileus Operation,13050,15007.5
20,1,1034,Malrotation of Intestines Operation,11700,13455
20,1,1035,Rectal Biopsy (Megacolon),8762.4,10076.4
20,1,1036,Colostomy Transverse,13500,15525
20,1,1037,Colostomy Left Iliac,13500,15525
20,1,1038,Abdominal Perineal Pull Through (Hirschsprung's Disease),17100,19665
20,1,1039,Imperforate Anus Low Anomaly -Cut Back Operation,9211.5,10593
20,1,1040,Imperforate Anus Low Anomaly - Perineal Anoplasty,10800,12420
20,1,1041,Imperforate Anus High Anomaly -Sacroabdomino Perineal Pull Through,11250,12937.5
20,1,1042,Imperforate Anus High Anomaly - Closure of Colostomy,7762.5,8927.1
20,1,1043,Intussusception Operation,18630,21424.5
20,1,1044,Choledochoduodenostomy for Atresia of Extra Hepatic Billiary Duct,13500,15525
20,1,1045,Operation of Choledochal Cyst,14400,16560
21,1,1046,Nephrectomy for -Pyonephrosis,15300,17595
21,1,1047,Nephrectomy for - Hydronephrosis,13500,15525
21,1,Sr. No.,CGHS TREATMENTP(cid:10)ROCEDURE/INVESTIGATION LIST (Lucknow),,
21,1,1048,Nephrectomy for -Wilms Tumour,13500,15525
21,1,1049,Paraortic Lymphadenoctomy with Nephrectomy for Wilms Tumour,18000,20700
21,1,1050,Sacro-Coccygeal Teratoma Excision,12600,14490
21,1,1051,Neuroblastoma Debulking,14400,16560
21,1,1052,Neuroblastoma Total Excision,18630,21424.5
21,1,1053,Rhabdomyosarcoma wide Excision,13500,15525
21,1,1054,Congenital Atresia & Stenosis of Small Intestine,17100,19665
21,1,1055,Muconium ileus,14400,16560
21,1,1056,Malrotation & Volvulus of the Midgut,13500,15525
21,1,1057,Excision of Meckel’s Deverticulum,10800,12420
21,1,1058,Other Major Surgery,24300,27945
21,1,1059,Other Minor Surgery,9945,11700
21,1,,TREATMENT PROCEDURE BURNS AND PLASTIC(cid:10)SURGERY,,
21,1,1060,Primary Suturing of Wound,270,310.5
21,1,1061,Injection of Keloids - Ganglion,989.1,1137.6
21,1,1062,Injection of Keloids - Haemangioma,1035,1190.7
21,1,1063,Free Grafts - Wolfe Grafts,1552.5,1785.6
21,1,1064,Free Grafts - Thiersch- Small Area 5%,6727.5,7736.4
21,1,1065,Free Grafts - Large Area 10%,7200,8280
21,1,1066,Free Grafts - Very Large Area 20% and above.,9315,10712.7
21,1,1067,Skin Flaps - Rotation Flaps,8073,9284.4
21,1,1068,Skin Flaps - Advancement Flaps,11250,12937.5
21,1,1069,Skin Flaps - Direct- cross Leg Flaps- Cross Arm Flap,11250,12937.5
21,1,1070,Skin Flaps - Cross Finger,11250,12937.5
21,1,1071,Skin Flaps - Abdominal,8415,9900
21,1,1072,Skin Flaps - Thoracic,8415,9900
21,1,1073,Skin Flaps - Arm Etc.,9900,11385
21,1,1074,Subcutaneous Pedicle Flaps Raising,6210,7141.5
21,1,1075,Subcutaneous Pedicle Flaps Delay,5355,6300
21,1,1076,Subcutaneous Pedicle Flaps Transfer,5355,6300
21,1,1077,Cartilage Grafting,7762.5,8927.1
21,1,1078,Reduction of Facial Fractures of Nose,1242,1428.3
21,1,1079,Reduction of Facial Fractures of Maxilla,7200,8280
21,1,1080,Reduction of Fractures of Mandible & Maxilla - Eyelet Splinting,6727.5,7736.4
21,1,1081,Reduction of Fractures of Mandible & Maxilla - Cast Metal Splints,6210,7141.5
21,1,1082,Reduction of Fractures of Mandible & Maxilla - Gunning Splints,6750,7762.5
21,1,1083,Internal Wire Fixation of Mandible & Maxilla,10350,11902.5
21,1,1084,Cleft Lip - repair.,10350,11902.5
21,1,1085,Cleft Palate Repair,11385,13093.2
21,1,1086,Primary Bone Grafting for alveolar cleft in Cleft Lip,10350,11902.5
21,1,1087,Secondary Surgery for Cleft Lip Deformity,9000,10350
21,1,1088,Secondary Surgery for Cleft Palate,11385,13093.2
21,1,Sr. No.,CGHS TREATMENTP(cid:10)ROCEDURE/INVESTIGATION LIST (Lucknow),,
21,1,1089,Reconstruction of Eyelid Defects - Minor,5692.5,6546.6
21,1,1090,Reconstruction of Eyelid Defects - Major,7650,8797.5
21,1,1091,Plastic Surgery of Different Regions of the Ear - Minor,7245,8332.2
21,1,1092,Plastic Surgery of Different Regions of the Ear - Major,9315,10712.7
21,1,1093,Plastic Surgery of the Nose - Minor,7245,8332.2
21,1,1094,Plastic Surgery of the Nose - Major,8550,9832.5
21,1,1095,Plastic Surgery for Facial Paralysis (Support with(cid:10)Reanimation),14490,16663.5
21,1,1096,Pendulous Breast - Mammoplasty,11700,13455
22,1,1097,Underdeveloped Breast Mammoplasty,10800,12420
22,1,1098,After Mastectomy (Reconstruction)Mammoplasty,10800,12420
22,1,1099,Syndactyly Repair,11475,13500
22,1,1100,Dermabrasion Face,11902.5,13688.1
22,1,1101,upto 30% Burns 1st Dressing,136.8,157.5
22,1,1102,upto 30% Burns Subsequent Dressing,111.6,128.7
22,1,1103,30% to 50% Burns 1st Dressing,173.7,199.8
22,1,1104,30% to 50% Burns Subsequent Dressing,136.8,157.5
22,1,1105,Extensive Burn -above 50% Frist Dressing,248.4,285.3
22,1,1106,Extensive Burn -above 50% Subsequent dressing,173.7,199.8
22,1,,TREATMENT PROCEDURE ORTHOPEDICS,,
22,1,1107,Plaster Work,229.5,270
22,1,1108,Fingers (post slab),233.1,268.2
22,1,1109,Fingers full plaster,233.1,268.2
22,1,1110,Colles Fracture - Below elbow,880.2,1012.5
22,1,1111,Colles Fracture - Full plaster,894.6,1028.7
22,1,1112,Colles fracture Ant. Or post. slab,360,414
22,1,1113,Above elbow full plaster,155.7,179.1
22,1,1114,Above Knee post-slab,517.5,259.2
22,1,1115,Below Knee full plaster,155.7,179.1
22,1,1116,Below Knee post-slab,646.2,743.4
22,1,1117,Tube Plaster (or plaster cylinder),720,828
22,1,1118,Above knee full plaster,1138.5,1309.5
22,1,1119,Above knee full slab,1042.2,1198.8
22,1,1120,Minerva Jacket,2173.5,2499.3
22,1,1121,Plaster Jacket,1966.5,2261.7
22,1,1122,Shoulder spica,1759.5,2023.2
22,1,1123,Single Hip spica,2018.7,2321.1
22,1,1124,Double Hip spica,2484,2856.6
22,1,1125,Strapping of Finger,161.1,185.4
22,1,1126,Strapping of Toes,162,186.3
22,1,1127,Strapping of Wrist,207,238.5
22,1,1128,Strapping of Elbow,235.8,270.9
22,1,1129,Strapping of Knee,310.5,357.3
22,1,1130,Strapping of Ankle,310.5,357.3
22,1,1131,Strapping of Chest,414,476.1
22,1,1132,Strapping of Shoulder,466.2,536.4
22,1,1133,Figure of 8 bandage,466.2,536.4
22,1,1134,Collar and cuff sling,229.5,270
22,1,1135,Ball bandage,360,414
22,1,1136,Application of POP Casts for Upper & Lower Limbs,569.7,655.2
22,1,1137,Application of Functional Cast Brace,1215,1397.7
22,1,1138,Application of Skin Traction,621,714.6
22,1,1139,Application of Skeletal Tractions,854.1,981.9
22,1,1140,Bandage & Strappings for Fractures,496.8,571.5
22,1,1141,Aspiration & Intra Articular Injections,517.5,594.9
22,1,1142,Application of POP Spices & Jackets,2225.7,2559.6
22,1,1143,Close Reduction of Fractures of Limb & POP,2340,2691
22,1,1144,Reduction of Compound Fractures,2484,2856.6
22,1,1145,Open Reduction & Internal Fixation (ORIF) of Fingers & Toes,4657.5,5355.9
22,1,1146,Open Reduction of fracture of Long Bones of Upper / Lower Limb -Nailing,&7 2E4x5ternal Fixation,8332.2
22,1,1147,Open Reduction of fracture of Long Bones of Upper / Lower(cid:10)Limb -AO Proc,e8d6u9re4s,9998.1
22,1,1148,Tension Band Wirings,5092.2,5856.3
22,1,1149,Bone Grafting,5940.9,6831.9
23,1,1150,Excision of Bone Tumours,6210,7141.5
23,1,1151,Excision or other Operations for Scaphoid Fractures,6469.2,7439.4
23,1,1152,Sequestrectomy & Saucerisation,6210,7141.5
23,1,1153,Sequestrectomy & Saucerizations -Arthrotomy,8973.9,10320.3
23,1,1154,Multiple Pinning Fracture Neck Femur,10350,11902.5
23,1,1155,Plate Fixations for Fracture Neck Femur,12150,13972.5
23,1,1156,AO Compression Procedures for Fracture Neck Femur,14904,17139.6
23,1,1157,Open Reduction of Fracture Neck Femur Muscle Pedicle(cid:10)Graft and Internal F,i1x7at5i5o0ns,20182.5
23,1,1158,Close Reduction of Dislocations,2856.6,3285
23,1,1159,Open Reduction of Dislocations,3095.1,3559.5
23,1,1160,Open Reduction & Internal Fixation (ORIF) of Fracture Dislocation,12150,13972.5
23,1,1161,Neurolysis/Nerve repair,12420,14283
23,1,1162,Nerve Repair with Grafting,15007.5,17258.4
23,1,1163,Tendon with Transplant or Graft,9315,10712.7
23,1,1164,Tendon Lengthening/Tendon repair,7245,8332.2
23,1,1165,Tendon Transfer,2794.5,3213.9
23,1,1166,Laminectomy Excision Disc and Tumours,4347,4999.5
23,1,1167,Split Osteotomy and Internal Fixations,21735,24995.7
23,1,1168,Anterolateral decompression for tuberculosis/ Costo-(cid:10)Transversectomy,3105,3571.2
23,1,1169,Antereolateral Decompression and Spine Fusion,17415,20027.7
23,1,1170,Corrective Osteotomy & Internal Fixation- short bones,12420,14283
23,1,1171,Corrective Osteotomy & Internal Fixation- long bones,9936,11426.4
23,1,1172,Arthrodesis of - Minor Joints,9315,10712.7
23,1,1173,Arthrodesis of - Major Joints,9000,10350
23,1,1174,Soft Tissue Operations for Congenital Talipes Equinovarus (CTEV),7245,8332.2
23,1,1175,Soft Tissue Operations for Polio,6210,7141.5
23,1,1176,Hemiarthroplasty- Hip,18000,20700
23,1,1177,Hemiarthroplasty- Shoulder,18000,20700
23,1,1178,Operations for Brachial Plexus & Cervical Rib,21735,24995.7
23,1,1179,Amputations - Below Knee,6210,7141.5
23,1,1180,Amputations - Below Elbow,6158.7,7082.1
23,1,1181,Amputations - Above Knee,7245,8332.2
23,1,1182,Amputations - Above Elbow,6158.7,7082.1
23,1,1183,Amputations - Forequarter,11902.5,13688.1
23,1,1184,Amputations -Hind Quarter and Hemipelvectomy,16560,19044
23,1,1185,Disarticulations - Major joint,18630,21424.5
23,1,1186,Disarticulations - Minor joint,11385,13093.2
23,1,1187,Arthrography,8280,9522
23,1,1188,Arthroscopy - Diagnostic,7711.2,8867.7
23,1,1189,Arthroscopy-therapeutic: without implant,9000,10350
23,1,1190,Arthroscopy-therapeutic: with implant,15525,17854.2
23,1,1191,Soft Tissue Operation on Joints -Small,6210,7141.5
23,1,1192,Soft Tissue Operation on Joints -Large,12150,13972.5
23,1,1193,Myocutaneous and Fasciocutaneous Flap Procedures for Limbs,16767,19282.5
23,1,1194,Removal of Wires & Screw,1584,1821.6
23,1,1195,Removal of Plates,3726,4284.9
23,1,1196,Total Hip Replacement (THR),71100,81765
23,1,1197,Total Ankle Joint Replacement,85860,98739
23,1,1198,Total Knee Joint Replacement (TKR),99000,113850
23,1,1199,Total Shoulder Joint Replacement,71100,81765
23,1,1200,Total Elbow Joint Replacement,71100,81765
23,1,1201,Total Wrist Joint Replacement,90000,103500
23,1,1202,Total finger joint replacement,18000,20700
23,1,1203,Tubular external fixator,4140,4761
24,1,1204,Ilizarov's external fixator,6986.7,8034.3
24,1,1205,Pelvi-acetebular fracture -Internal fixation,7762.5,8927.1
24,1,1206,Meniscectomy,10800,12420
24,1,1207,Meniscus Repair,9000,10350
24,1,1208,Anterior Cruciate Ligament (ACL) Reconstruction,7650,8797.5
24,1,1209,Posterior Cruciate Ligament (PCL) Reconstruction,12150,13972.5
24,1,1210,Knee Collateral Ligament Reconstruction,11250,12937.5
24,1,1211,Bencarf Repair Shoulder,11880,13662
24,1,1212,RC Repair,1350,1552.5
24,1,1213,Biceps tenodesis,12600,14490
24,1,1214,Distal biceps tendon repair,9342,10743.3
24,1,1215,Arthrolysis of knee,11250,12937.5
24,1,1216,Capsulotomy of Shoulder,14220,16353
24,1,1217,Conservative Plaster of Paris (POP),1080,1242
24,1,1218,Application for CTEV per sitting,1080,1242
24,1,1219,Total Hip Replacement (THR) Revision Stage-I,15300,17595
24,1,1220,Total Hip Replacement (THR) Revision Stage-II,45000,51750
24,1,1221,Total Knee Replacement (TKR) Revision Stage-I,31500,36225
24,1,Sr. No.,CGHS TREATMENTP(cid:10)ROCEDURE/INVESTIGATION LIST (Lucknow),,
24,1,1222,Total Knee Replacement (TKR) Revision Stage II,31500,36225
24,1,1223,Illizarov/ external fixation for limb lengthening/ deformity(cid:10)correction,11250,12937.5
24,1,1224,Discectomy/ Micro Discectomy,11250,12937.5
24,1,1225,Laminectomy,4181.4,4808.7
24,1,1226,Spinal Fixation Cervical/dorsolumbar/ lumbosacral,14400,16560
24,1,1227,Fusion Surgery Cervical/ Lumbar Spine upto 2 Level,19800,22770
24,1,1228,Spinal Fusion Surgery Cervical/ Lumbar Spine -More than 2 Level,10800,12420
24,1,1229,Scoliosis Surgery/ Deformity Correction of Spine,22500,25875
24,1,1230,Vertebroplasty,10800,12420
24,1,1231,Spinal Injections,405,466.2
24,1,1232,Dynamic Hip Screw (DHS) for Fracture Neck Femur,13500,15525
24,1,1233,Proximal Femoral Nail (PFN for IT Fracture),12600,14490
24,1,1234,Spinal Osteotomy,1290.6,1484.1
24,1,1235,Illizarov’s / External Fixation for Trauma,11700,13455
24,1,1236,Soft Tissue Operations for Polio/ Cerebral Palsy,9501.3,11178
24,1,1237,Mini Fixator for Hand/Foot,8100,9315
24,1,1238,Other Major Surgery,34425,40500
24,1,1239,Other Minor Surgery,10694.7,12582
24,1,,TREATMENT PROCEDURE PHYSIOTHERAPY,,
24,1,1240,Ultrasonic therapy,70.2,81
24,1,1241,Shortwave Diathermy (SWD),70.2,81
24,1,1242,Electrical stimulation (therapeutic),70.2,81
24,1,1243,Muscle testing and diagnostic,63.9,73.8
24,1,1244,Infrared,70.2,81
24,1,1245,Ultraviolet Therapeutic (UV Therapeutic) dose,52.2,60.3
24,1,1246,Intermittent Lumbar Traction,70.2,81
24,1,1247,Intermittent Cervical traction,67.5,77.4
24,1,1248,Wax bath,67.5,77.4
24,1,1249,Hot pack,70.2,81
24,1,1250,Breathing Exercises & Postural Drainage,45,52.2
24,1,1251,Cerebral Palsy – exercise,45,52.2
24,1,1252,Post – polio exercise,45,52.2
24,1,,NUCLEAR MEDICINE / RADIOTHERAPY ANDC(cid:10)HEMOTHERAPY,,
24,1,1253,Cobalt 60 therapy,,
24,1,1254,Cobalt 60 therapy- Radical therapy,61582.5,70820.1
25,1,1255,Cobalt 60 therapy- Palliative therapy,21994.2,25293.6
25,1,1256,Linear accelerator,,
25,1,1257,Linear accelerator- Radical therapy,52785,60703.2
25,1,1258,Linear accelerator- Palliative therapy,30791.7,35410.5
25,1,1259,3D Planning,4399.2,5058.9
25,1,1260,2D Planning,4399.2,5058.9
25,1,1261,IMRT(Intensity Modulated radiotherapy),90790.2,104409
25,1,1262,SRT (Stereotactic radiotherapy),54896.4,63130.5
25,1,1263,SRS(Stereotactic radio surgery),72491.4,83365.2
25,1,1264,IGRT(Image guided radiotherapy),132314.4,152161.2
25,1,1265,Respiratory Gating-alongwith Linear accelerator planning,99000,113850
25,1,1266,Electron beam with Linear accelerator,60725.7,71442
25,1,1267,Tomotherapy,71460,82179
25,1,,NUCLEAR MEDICINE / BRACHYTHERAPY- HIGH(cid:10)DOSE RADIATION,,
25,1,1268,Intracavitory,10557,12141
25,1,1269,Interstitial,52785,60703.2
25,1,1270,Intraluminal,8797.5,10116.9
25,1,1271,Surface mould,4179.6,4806.9
25,1,1272,Gliadel Wafer,84510,97186.5
25,1,,NUCLEAR MEDICINE / CHEMOTHERAPY,,
25,1,1273,Neoadjuvant,776.7,892.8
25,1,1274,Adjuvant,776.7,892.8
25,1,1275,Concurrent-chemoradiation,828,952.2
25,1,1276,Single drug,496.8,571.5
25,1,1277,Multiple drugs,807.3,928.8
25,1,1278,Targeted therapy,828,952.2
25,1,1279,Chemoport facility,828,952.2
25,1,1280,PICC line (peripherally inserted Central Cannulisation),828,952.2
25,1,,LIST OF PROCEDURES/ TESTS ING(cid:10)ASTROENTEROLOGY / ENDOSCOPIC PROCEDURES,,
25,1,1281,Upper GI Endoscopy + Lower GI Endoscopy,1552.5,1785.6
25,1,1282,Diagnostic endoscopy,225,259.2
25,1,1283,Endoscopic biopsy,310.5,357.3
25,1,1284,Endoscopic mucosal resection,1388.7,1633.5
25,1,1285,Oesophageal stricture dilatation,1552.5,1785.6
25,1,1286,Balloon dilatation of achalasia cardia,2587.5,2975.4
25,1,1287,Foreign body removal,1552.5,1785.6
25,1,1288,Oesophageal stenting,2700,3105
25,1,1289,Band ligation of oesophageal varices,2250,2587.5
25,1,1290,Sclerotherapy of oesophageal varices,2250,2587.5
25,1,1291,Glue injection of varices,2250,2587.5
25,1,1292,Argon plasma coagulation,3622.5,4166.1
25,1,1293,Pyloric balloon dilatation,2173.5,2499.3
25,1,1294,Enteranal stenting,3312,3808.8
25,1,1295,Duodenal stricture dilation,891,1025.1
25,1,1296,Single balloon enterocopy,3600,4140
25,1,1297,Double balloon enteroscopy,3150,3622.5
25,1,1298,Capsule endoscopy,4455,5123.7
25,1,1299,Piles banding,989.1,1137.6
25,1,1300,Colonic stricture dilatation,2463.3,2833.2
25,1,1301,Hot biopsy forceps procedures,2700,3105
25,1,1302,Colonic stenting,2463.3,2833.2
25,1,1303,Junction biopsy,1800,2070
25,1,1304,Conjugal microscopy,3600,4140
25,1,Sr. No.,CGHS TREATMENTP(cid:10)ROCEDURE/INVESTIGATION LIST (Lucknow),,
26,1,1305,Endoscopic sphincterotomy,2173.5,2499.3
26,1,1306,CBD stone extraction,2173.5,2499.3
26,1,1307,CBD stricture dilatation,5850,6727.5
26,1,1308,Biliary stenting (plastic and metallic),4347,4999.5
26,1,1309,Mechanical lithotripsy of CBD stones,7200,8280
26,1,1310,Pancreatic sphincterotomy,5737.5,6750
26,1,1311,Pancreatic stricture dilatation,5175,5951.7
26,1,1312,Pancreatic stone extraction,9088.2,10451.7
26,1,1313,Mechanical lithotripsy of pancreatic stones,10246.5,11783.7
26,1,1314,Endoscopic cysto gastrostomy,7245,8332.2
26,1,1315,Balloon dilatation of papilla,6210,7141.5
26,1,1316,Ultrasound guided FNAC,517.5,594.9
26,1,1317,Ultrasound guided abscess Drainage,648,745.2
26,1,1318,Percutaneous Transhepatic Biliary Drainage (PTBD),1035,1190.7
26,1,1319,Diagnostic angiography,1800,2070
26,1,1320,Vascular embolization,13590,15628.5
26,1,1321,Transjugular Intrahepatic Portosystemic Shunt (TIPS),4860,5589
26,1,1322,Inferior vena cava (IVC) Venography and Hepatic vein (HV) Venography,30790.8,35409.6
26,1,1323,Muscular stenting,87975,101171.7
26,1,1324,Balloon-occluded Retrograde Intravenous Obliteration (BRTO),51750,59512.5
26,1,1325,Portal haemodymic studies,1721.7,2025
26,1,1326,Manometry and PH metry,1450.8,1707.3
26,1,1327,Oesophageal PH metry,4500,5175
26,1,1328,Oesophageal manometry,4500,5175
26,1,1329,Small bowel manometry,6120,7200
26,1,1330,Anorectal manometry,6120,7200
26,1,1331,Colonic manometry,6885,8100
26,1,1332,Biliary manometry,6885,8100
26,1,1333,Sengstaken blackenesse tube tempode,2587.5,2975.4
26,1,1334,Lintas machles tube tempode,2587.5,2975.4
26,1,1335,Faecal / Fecal fat test/ fecal chymotrypsin/ fecal elastase,315,362.7
26,1,1336,Breath tests,270,310.5
26,1,1337,Extracorporeal Shortwave Lithotripsy (ESWL) (Select CGHS rate code 888 f,o1r9 5ap5p0roved rate),22483
26,1,1338,Liver biopsy,1242,1428.3
26,1,,NAME OF INVESTIGATION / DENTAL,,
26,1,1339,Dental IOPA X-ray,45,52.2
26,1,1340,Occlusal X-ray,70.2,81
26,1,1341,OPG X-ray,176.4,202.5
26,1,,NAME OF INVESTIGATION / PULMONARY,,
26,1,1342,Lung Ventilation & Perfusion Scan (V/Q Scan),3240,3726
26,1,1343,Lung Perfusion Scan,1800,2070
26,1,,NAME OF INVESTIGATION / OSTEOLOGY,,
26,1,1344,Whole Body Bone Scan with SPECT.,3078.9,3540.6
26,1,1345,Three phase whole body Bone Scan,3078.9,3540.6
26,1,,NAME OF INVESTIGATION / NEUROSCIENCES,,
26,1,1346,Brain Perfusion SPECT Scan with Technetium 99m(cid:10)radiopharmaceuticals.,8797.5,10116.9
26,1,Sr. No.,CGHS TREATMENTP(cid:10)ROCEDURE/INVESTIGATION LIST (Lucknow),,
26,1,1347,Radionuclide Cisternography for CSF leak,3366,3960
26,1,,NAME OF INVESTIGATION / GASTRO ANDH(cid:10)EPATOBILIARY,,
26,1,1348,Gastro esophageal Reflux Study (GER Study),1759.5,2023.2
26,1,1349,Gastro intestinal Bleed (GloB.) Study with Technetium 99m(cid:10)labeled RBCs.,3078.9,3540.6
26,1,1350,Hepatobiliary Scintigraphy.,2199.6,2529.9
26,1,1351,Meckel's Scan,1759.5,2023.2
26,1,1352,Hepatosplenic scintigraphy with Technetium-99m(cid:10)radiopharmaceuticals,1683,1980
27,1,1353,Gastric emptying,1147.5,1319.4
27,1,,NAME OF INVESTIGATION / GENITOURINARY,,
27,1,1354,Renal Cortical Scintigraphy with Technetium 99m Dimercaptosuccinic acid (,D30M78S.A9),3540.6
27,1,1355,Dynamic Renography.,3078.9,3540.6
27,1,1356,Dynamic Renography with Diuretic.,3078.9,3540.6
27,1,1357,Dynamic Renography with Captopril,1764,2028.6
27,1,1358,Testicular Scan,1319.4,1517.4
27,1,,NAME OF INVESTIGATION / ENDOCRINOLOGY,,
27,1,1359,Thyroid Uptake measurements with 131-Iodine.,1407.6,1619.1
27,1,1360,Thyroid Scan with Technetium 99m Pertechnetate.,1319.4,1517.4
27,1,1361,Iodine-131 Whole Body Scan,2639.7,3035.7
27,1,1362,Whole Body Scan with MIBG,15835.5,18210.6
27,1,1363,Parathyroid Scan,4399.2,5058.9
27,1,,NAME OF INVESTIGATION / RADIO-ISOTOPE THERAPY,,
27,1,1364,131-lodine Therapy,1377,1620
27,1,1365,131-lodine Therapy <15mCi,3468.6,3988.8
27,1,1366,131-lodine Therapy 15-50mCi,4460.4,5129.1
27,1,1367,131-lodine Therapy 51-100mCi,10800,12420
27,1,1368,131-lodine Therapy >100mCi,13500,15525
27,1,1369,Phosphorus-32 therapy for metastatic bone pain palliation,4500,5175
27,1,1370,Samarium-153 therapy for metastatic bone pain palliation,9405,10816.2
27,1,1371,Radiosynovectomy with Yttrium,19125,22500
27,1,,NAME OF INVESTIGATION / CARDIOLOGY,,
27,1,1372,Stress thallium / Myocardial Perfusion Scintigraphy,8505,9781.2
27,1,1373,Rest thallium / Myocardial Perfusion Scintigraphy,7200,8280
27,1,1374,Venography,2970,3415.5
27,1,1375,Treadmill Test (TMT),440.1,505.8
27,1,1376,Transoesophageal Echocardiography (TEE),440.1,505.8
27,1,1377,Lymph angiography,1451.7,1669.5
27,1,,NAME OF INVESTIGATION / TUMOUR IMAGING,,
27,1,1378,Scintimammography.,4320,4968
27,1,1379,Indium labelled octreotide Scan,65981.7,75879
27,1,Sr. No.,CGHS TREATMENTP(cid:10)ROCEDURE/INVESTIGATION LIST (Lucknow),,
27,1,,NAME OF INVESTIGATION / PET SCAN,,
27,1,1380,FDG Whole body PET / CT Scan,18475.2,21246.3
27,1,1381,Brain I Heart FDG PET / CT Scan,13196.7,15175.8
27,1,1382,Gallium-68 Peptide PET / CT imaging for NeuroendocrineT(cid:10)umor,13500,15525
27,1,,LABORATORY MEDICINE / CLINICAL PATHOLOGY,,
27,1,1383,"Urine routine- pH, Specific gravity, sugar, protein and(cid:10)microscopy",31.5,36
27,1,1384,Urine-Microalbumin,63,72.9
27,1,1385,Stool routine,31.5,36
27,1,1386,Stool occult blood,21.6,25.2
27,1,1387,Post coital smear examination,27,31.5
27,1,1388,Semen analysis,31.5,36
27,1,,LABORATORY MEDICINE / HAEMATOLOGY,,
27,1,1389,Haemoglobin (Hb),16.2,18.9
27,1,1390,Total Leucocytic Count (TLC),27.9,32.4
27,1,1391,Differential Leucocytic Count (DLC),27.9,32.4
27,1,1392,Erythrocyte Sedimentation Rate (ESR),22.5,26.1
27,1,1393,"Total Red Cell count with MCV,MCH,MCHC,DRW",28.8,33.3
27,1,1394,"Complete Haemogram/CBC, Hb,RBC count and indices,TLC, DLC, Platelet",",1 E2S1R.5, Peripheral smear examinati",o1n39.5
27,1,1395,Platelet count,43.2,49.5
27,1,1396,Reticulocyte count,43.2,49.5
28,1,1397,Absolute Eosinophil count (AEC),43.2,49.5
28,1,1398,Packed Cell Volume (PCV),11.7,13.5
28,1,1399,Peripheral Smear Examination,38.7,44.1
28,1,1400,Smear for Malaria parasite,36.9,42.3
28,1,1401,Bleeding Time,31.5,36
28,1,1402,Osmotic fragility Test,45,52.2
28,1,1403,Bone Marrow Smear Examination,63,72.9
28,1,1404,Bone Marrow Smear Examination with iron stain,225,259.2
28,1,1405,Bone Marrow Smear Examination and cytochemistry,396,455.4
28,1,1406,Activated partial ThromboplastinTime (APTT),91.8,105.3
28,1,1407,Rapid test for malaria(card test),39.6,45.9
28,1,1408,WBC cytochemistry for leukemia -Complete panel,99,114.3
28,1,1409,"Bleeding Disorder panel- PT, APTT, Thrombin Time(cid:10)Fibrinogen, D-Dimer/ F",ib3r6i0nogen Degradation Products (F,D4P1)4
28,1,1410,Factor Assays-Factor VIII,648,745.2
28,1,1411,Factor Assays-Factor IX,612,703.8
28,1,1412,Platelet Function test,45,52.2
28,1,1413,"Tests for hypercoagulable states- Protein C, Protein S,(cid:10)Antithrombin",360,414
28,1,1414,Tests for lupus anticoagulant,135,155.7
28,1,1415,"Tests for Antiphospholipid antibody IgG, IgM ( for(cid:10)cardiolipin and B2 Glycop",4ro5t0ein 1),517.5
28,1,Sr. No.,CGHS TREATMENTP(cid:10)ROCEDURE/INVESTIGATION LIST (Lucknow),,
28,1,1416,Thalassemia studies (Red Cell indices and Hb HPLC),504,579.6
28,1,1417,Tests for Sickling / Hb HPLC),69.3,80.1
28,1,,LABORATORY MEDICINE / BLOOD BANK,,
28,1,1418,Blood Group & RH Type,27,31.5
28,1,1419,Cross match,45,52.2
28,1,1420,Coomb’s Test Direct,81,93.6
28,1,1421,Coomb’s Test Indirect,90,103.5
28,1,1422,3 cell panel- antibody screening for pregnant female,153,180
28,1,1423,11 cells panel for antibody identification,153,180
28,1,1424,Hepatitis B surface antigen (HBsAg),91.8,108
28,1,1425,Hepatitis C virus (HCV),115.2,135
28,1,1426,Human immunodeficiency virus- HIV I and II,135,155.7
28,1,1427,Venereal Disease Research Laboratory test (VDRL),38.7,45
28,1,1428,RH Antibody titer,72,82.8
28,1,1429,Platelet Concentrate,50.4,57.6
28,1,1430,Random Donor Platelet(RDP)- (Select CGHS rate Code 1828 for approved r,a4te0)0,400
28,1,1431,Single Donor Platelet (SDP- Apheresis)- (Select CGHS rate Code 1830 for a,p1p1r0o0v0ed rate),11000
28,1,1432,Routine-H & E,81,93.6
28,1,1433,special stain,58.5,67.5
28,1,1434,Immunohistochemistry(IHC),675,776.7
28,1,1435,Frozen section,702,807.3
28,1,1436,Paraffin section,308.7,354.6
28,1,,LABORATORY MEDICINE / CYTOLOGY,,
28,1,1437,Pap Smear,135,155.7
28,1,1438,Body fluid for Malignant cells,135,155.7
28,1,1439,Fine Needle Aspiration Cytology (FNAC),180,207
28,1,,NAME OF INVESTIGATION / FLOW CYTOMETRY,,
28,1,1440,Leukemia panel /Lymphoma panel,1382.4,1589.4
28,1,1441,"Paroxysmal Nocturnal Hemoglobinuria (PNH) Panel-CD55,CD59",900,1035
28,1,,LABORATORY MEDICINE / CYTOGENETIC STUDIES,,
28,1,1442,Karyotyping (Select CGHS rate code 677 for approved rate),720,828
28,1,1443,Fluorescent in situ hybridization (FISH),450,517.5
28,1,,LABORATORY MEDICINE / BIO-CHEMISTRY,,
28,1,1444,Blood Glucose Random,21.6,25.2
29,1,1445,"24 hrs urine for Proteins,Sodium, creatinine",45,52.2
29,1,1446,Blood Urea Nitrogen,48.6,55.8
29,1,1447,Serum Creatinine,49.5,56.7
29,1,1448,Urine Bile Pigment and Salt,22.5,26.1
29,1,1449,Urine Urobilinogen,18,20.7
29,1,1450,Urine Ketones,27,31.5
29,1,1451,Urine Occult Blood,31.5,36
29,1,1452,Urine total proteins,16.2,18.9
29,1,1453,Rheumatoid Factor / Rh Factor test,90,103.5
29,1,1454,Bence Jones protein,42.3,48.6
29,1,Sr. No.,CGHS TREATMENTP(cid:10)ROCEDURE/INVESTIGATION LIST (Lucknow),,
29,1,1455,Serum Uric Acid,49.5,56.7
29,1,1456,Serum Bilirubin total & direct,72,82.8
29,1,1457,Serum Iron,81,93.6
29,1,1458,C-reactive Protein (CRP),90,103.5
29,1,1459,C-reactive Protein (CRP) Quantitative,144,165.6
29,1,1460,"Body fluid (CSF/Ascitic Fluid etc.)Sugar, Protein etc.",81,93.6
29,1,1461,Albumin.,16.2,18.9
29,1,1462,Creatinine clearance.,72,82.8
29,1,1463,Serum Cholesterol,55.8,63.9
29,1,1464,Total Iron Binding Capacity (TIBC),72,82.8
29,1,1465,Glucose (Fasting & PP),42.3,48.6
29,1,1466,Serum Calcium –Total,54,62.1
29,1,1467,Serum Calcium –Ionic,39.6,45.9
29,1,1468,Serum Phosphorus,54,62.1
29,1,1469,Total Protein Alb/Glo Ratio,45,52.2
29,1,1470,Immunoglobulin G (IgG),225,259.2
29,1,1471,Immunoglobulin M(IgM),225,259.2
29,1,1472,Immunoglobulin A(IgA),225,259.2
29,1,1473,Antinuclear antibody (ANA),180,207
29,1,1474,Anti-double stranded DNA (anti-dsDNA),315,362.7
29,1,1475,Serum glutamic pyruvic transaminase (SGPT) / Alanine Aminotransferase (A,4L9T.5),56.7
29,1,1476,Serum Glutamic oxaloacetic transaminase (SGOT) / Aspartate Aminotransfe,r4as9e.5 (AST),56.7
29,1,1477,Serum amylase,105.3,121.5
29,1,1478,Serum Lipase,117,135
29,1,1479,Serum Lactate,64.8,74.7
29,1,1480,Serum Magnesium,90,103.5
29,1,1481,Serum Sodium,45,52.2
29,1,1482,Serum Potassium,45,52.2
29,1,1483,Serum Ammonia,90,103.5
29,1,1484,Anemia Profile,183.6,216
29,1,1485,Serum Testosterone,135,155.7
29,1,1486,Imprint Smear From Endoscopy,216,248.4
29,1,1487,Triglycerides,67.5,77.4
29,1,1488,Glucose Tolerance Test (GTT),81,93.6
29,1,1489,Triple Marker.,720,828
29,1,1490,Creatine Phosphokinase (CPK)/Creatine Kinase (CK),90,103.5
29,1,1491,Foetal Haemoglobin (HbF),76.5,90
29,1,1492,Prothrombin Time (PT),99,114.3
29,1,1493,Lactate dehydrogenase (LDH),90,103.5
29,1,1494,Alkaline Phosphatase,54,62.1
29,1,1495,Acid Phosphatase,70.2,81
29,1,1496,CPK MB/CK MB,171,197.1
29,1,1497,CK MB Mass/CPK MB Mass,126,144.9
30,1,1498,Troponin I,90,103.5
30,1,1499,Troponin T,540,621
30,1,1500,Glucose-6-Phosphate Dehydrogenase (G6PD),90,103.5
30,1,1501,Lithium.,117,135
30,1,Sr. No.,CGHS TREATMENTP(cid:10)ROCEDURE/INVESTIGATION LIST (Lucknow),,
30,1,1502,Dilantin (phenytoin).,360,414
30,1,1503,Carbamazepine.,360,414
30,1,1504,Valproic acid.,270,310.5
30,1,1505,Ferritin (Select CGHS rate code 1517 for approved rate),90,103.5
30,1,1506,Blood gas analysis / Arterial Blood Gas (ABG),108,124.2
30,1,1507,Blood gas analysis / Arterial Blood Gas (ABG) with electrolytes,414,476.1
30,1,1508,Urine pregnancy test,58.5,67.5
30,1,1509,Tests for Antiphospholipid antibodies syndrome.,252,289.8
30,1,1510,Glycosylated Haemoglobin (HbA1c),117,135
30,1,1511,Haemoglobin Electrophoresis/ Hb HPLC (Select CGHS rate code 1417 for a,p6p9r.3oved rate),80.1
30,1,1512,Kidney Function Test (KFT),202.5,233.1
30,1,1513,Liver Function Test (LFT),202.5,233.1
30,1,1514,"Lipid Profile. (Total cholesterol, LDL, HDL, Triglycerides)",180,207
30,1,,Nutritional Markers,,
30,1,1515,Serum Iron,81,93.6
30,1,1516,Total Iron Binding Capacity (Select CGHS rate code 1464 for approved rate),72,82.8
30,1,1517,Serum Ferritin,90,103.5
30,1,1518,Vitamin B12 assay.,225,259.2
30,1,1519,Folic Acid assay.,270,310.5
30,1,1520,"Extended Lipid Profile. (Total cholesterol, LDL, HDL, Triglycerides Apo A1","5,A35p.o5 B,Lp (a) )",615.6
30,1,1521,Apolipoprotein A1 (ApoA1),180,207
30,1,1522,Apolipoprotein B (Apo B),179.1,206.1
30,1,1523,Lipoprotein A / Lp A,400.5,460.8
30,1,1524,"CD 3,4 and 8 counts",153,180
30,1,1525,"CD 3,4 and 8 percentage",153,180
30,1,1526,Low density lipoprotein (LDL),55.8,63.9
30,1,1527,Homocysteine.,360,414
30,1,1528,Haemoglobin (Hb) Electrophoresis/ (Select CGHS rate code 1417 for appro,v6e9d. 3rate),80.1
30,1,1529,Serum Electrophoresis.,198,227.7
30,1,1530,Fibrinogen.,148.5,171
30,1,1531,Chloride.,54,62.1
30,1,1532,Magnesium.,135,155.7
30,1,1533,Gamma-Glutamyl Transpeptidase (GGTP),81,93.6
30,1,1534,Lipase.,215.1,247.5
30,1,1535,Fructosamine.,180,207
30,1,1536,Beta 2 microglobulin (B2M) /β2 microglobulin,81,93.6
30,1,1537,Catecholamines.,945,1087.2
30,1,1538,Creatinine clearance.,108,124.2
30,1,,NAME OF INVESTIGATION / TUMOUR MARKERS,,
30,1,1539,Prostate Specific antigen (PSA)- Total.,280.8,323.1
30,1,1540,Prostate-specific antigen (PSA) - Free.,337.5,387.9
30,1,1541,Alpha Fetoprotein (AFP),270,310.5
30,1,1542,Human chorionic gonadotropin (HCG),260.1,298.8
30,1,Sr. No.,CGHS TREATMENTP(cid:10)ROCEDURE/INVESTIGATION LIST (Lucknow),,
30,1,1543,Cancer Antigen 125 (CA 125),351.9,405
30,1,1544,Cancer Antigen 19.9 (CA 19.9),554.4,637.2
30,1,1545,Cancer Antigen 15.3 (CA 15.3),504,579.6
30,1,1546,Vanillylmandelic Acid (VMA),315,362.7
30,1,1547,Calcitonin,450,517.5
31,1,1548,Carcinoembryonic Antigen (CEA),306,351.9
31,1,,OTHERS,,
31,1,1549,Immunofluorescence,135,155.7
31,1,1550,Direct(Skin and kidney Disease),382.5,450
31,1,1551,Indirect (antids DNA Anti Smith ANCA),382.5,450
31,1,1552,Calcidiol / 25-hydroxycholecalciferol / Vitamin D3 assay (Vit D3),495,569.7
31,1,1553,Serum Protein electrophoresis with(cid:10)immunofixation electrophoresis (IFE),270,310.5
31,1,1554,BETA-2 Microglobulin assay (Select CGHS rate code 1536 for approved rat,e0).9,0.9
31,1,1555,Anti-Cyclic Citrullinated Peptide (Anti CCP),405,466.2
31,1,1556,Anti-tissue Transglutaminase antibody (Anti TTG Antibody),382.5,450
31,1,,HORMONES,,
31,1,1557,Serum Erythropoetin,382.5,450
31,1,1558,Adrenocorticotropic Hormone (ACTH),450,517.5
31,1,1559,"T3, T4, TSH",180,207
31,1,1560,Triiodothyronine- T3,57.6,67.5
31,1,1561,Tetraiodothyronine T4,57.6,67.5
31,1,1562,Thyroid stimulating hormone (TSH),81,93.6
31,1,1563,Luteinizing hormone (LH),135,155.7
31,1,1564,Follicle stimulating hormone (FSH),135,155.7
31,1,1565,Prolactin,135,155.7
31,1,1566,Cortisol,225,259.2
31,1,1567,PTH(Paratharmone),450,517.5
31,1,1568,C-Peptide (C Peptide / Connecting Peptide),297,342
31,1,1569,Insulin.,135,155.7
31,1,1570,Progesterone.,202.5,233.1
31,1,1571,17 Hydroxyprogesterone (17 OH Progesterone),396,455.4
31,1,1572,Dehydroepiandrosterone sulfate (DHEAS),396,455.4
31,1,1573,Androstenedione,540,621
31,1,1574,Growth Hormone.,306,351.9
31,1,,LABORATORY/ MEDICINE/CLINICAL PATHOLOGY,,
31,1,1575,Thyroid peroxidase antibody (TPO),270,310.5
31,1,1576,Throglobulin.,270,310.5
31,1,1577,Hydatic Serology.,286.2,336.6
31,1,1578,Anti Sperm Antibodies.,342,393.3
31,1,1579,Hepatitis B Virus (HBV) DNA Qualitative,1800,2070
31,1,1580,Hepatitis B Virus (HBV) DNA Quantitative.,1350,1552.5
31,1,1581,Hepatitis C Virus (HCV) RNA Qualitative.,1521.9,1750.5
31,1,1582,Human papillomaviruse (HPV) Serology,196.2,225.9
31,1,1583,Rota Virus serology,117,135
31,1,1584,PCR for Tuberculosis (TB),810,931.5
31,1,1585,PCR for Human immunodeficiency virus (HIV),540,621
31,1,1586,Chlamydae antigen,765,880.2
31,1,Sr. No.,CGHS TREATMENTP(cid:10)ROCEDURE/INVESTIGATION LIST (Lucknow),,
31,1,1587,Chlamydae antibody,214.2,252
31,1,1588,Brucella serology,207,238.5
31,1,1589,Influenza A serology,848.7,975.6
31,1,,"USG, X-RAY , CT, MRI, BONE DENSITOMETRY",,
31,1,1590,USG for Obstetrics - Anomalies scan,770,886
31,1,1591,Abdomen USG,290.7,342
31,1,1592,"Pelvic USG ( prostate, gynae, infertility etc)",229.5,270
31,1,1593,"Small parts USG ( scrotum, thyroid , parathyroid etc)",314.1,369
31,1,1594,Neonatal head (Tranfontanellar),382.5,440.1
31,1,1595,Neonatal spine,450,517.5
31,1,1596,Contrast enhanced USG,810,931.5
32,1,1597,USG Breast,314.1,369
32,1,1598,USG Hysterosalpingography (HSG),229.5,270
32,1,1599,Carotid Doppler,765,900
32,1,1600,Arterial Colour Doppler,635.4,747
32,1,1601,Venous Colour Doppler,635.4,747
32,1,1602,"Colour Doppler, renal arteries/any other organ",720,828
32,1,1603,USG guided intervention- FNAC,441,507.6
32,1,1604,USG guided intervention - biopsy,648,745.2
32,1,1605,USG guided intervention - nephrostomy,720,828
32,1,,X-Ray,,
32,1,1606,Abdomen AP Supine or Erect (One film),115.2,135
32,1,1607,Abdomen Lateral view (one film),115.2,135
32,1,1608,Chest PA view (one film),54,63
32,1,1609,Chest Lateral (one film),54,63
32,1,1610,"Mastoids: Towne view, oblique views (3 films)",225,259.2
32,1,1611,"Extremities, bones & Joints AP & Lateral views (Two films)",229.5,270
32,1,1612,Pelvis AP (one film),99,114.3
32,1,1613,Temporomandibular (TM) Joints (one film),99,114.3
32,1,1614,Abdomen & Pelvis for KUB,115.2,135
32,1,1615,Skull AP & Lateral (2 films),229.5,270
32,1,1616,Spine AP & Lateral (2 films),225,259.2
32,1,1617,PNS view (1 film),99,114.3
32,1,,X-ray CONTRAST STUDIES,,
32,1,1618,Barium Swallow,459,540
32,1,1619,Barium Upper GI study,720,828
32,1,1620,Barium Upper GI study (Double contrast),841.5,990
32,1,1621,Barium Meal follow through,841.5,990
32,1,1622,Barium Enema (Single contrast/double contrast),765,900
32,1,1623,Small bowel enteroclysis,918,1080
32,1,1624,ERCP (Endoscopic Retrograde Cholangio – Pancreatography),2250,2587.5
32,1,1625,General:Fistulography / Sinography/Sialography /Dacrocystography/ T-Tube,5ch7o4l.a2ngiogram /Nephrostogram,675
32,1,1626,Percutaneous transhepatic cholangiography (PTC),1296,1490.4
32,1,Sr. No.,CGHS TREATMENTP(cid:10)ROCEDURE/INVESTIGATION LIST (Lucknow),,
32,1,1627,Intravenous Pyelography (IVP),1071,1260
32,1,1628,Micturating Cystourethrography (MCU),612,720
32,1,1629,Retrograde Urethrography (RGU),612,720
32,1,1630,Contrast Hystero-Salpingography (HSG),918,1080
32,1,1631,X-ray Arthrography,630,724.5
32,1,1632,Cephalography,135,155.7
32,1,1633,Myelography,2475,2846.7
32,1,1634,Diagnostic Digital Subtraction Angiography (DSA),1574.1,1809.9
32,1,,MAMMOGRAPHY,,
32,1,1635,X-ray Mammography,283.5,333
32,1,1636,MRI Mammography,2295,2700
32,1,,Computed Tomography (CT) Scan,,
32,1,1637,CT Scan Head-Without Contrast,810,931.5
32,1,1638,CT Scan Head- with Contrast -With Contrast including CT angiography,1215,1397.7
32,1,1639,CT Scan Chest - without contrast (for lungs),1530,1800
32,1,1640,CT Scan Lower Abdomen (incl. Pelvis) With Contrast,1530,1759.5
32,1,1641,CT Scan Lower Abdomen (Incl. Pelvis) Without Contrast,1350,1552.5
32,1,1642,CT Scan Whole Abdomen Without Contrast,2700,3105
32,1,1643,CT Scan Whole Abdomen With Contrast,4050,4657.5
32,1,1644,Triple Phase CT abdomen,4050,4657.5
32,1,1645,CT Scan angiography abdomen/ Chest,4050,4657.5
33,1,1646,CT Scan Enteroclysis,5400,6210
33,1,1647,CT Scan Neck – Without Contrast,1350,1552.5
33,1,1648,CT Scan Neck – With Contrast,1683,1980
33,1,1649,CT Scan Orbits - Without Contrast,1071,1260
33,1,1650,CT Scan Orbits - With Contrast,1453.5,1710
33,1,1651,CT Scan of Para Nasal Sinuses- Without Contrast,810,931.5
33,1,1652,CT Scan of Para Nasal Sinuses - With Contrast,1440,1656
33,1,1653,"CT Scan Spine (Cervical, Dorsal, Lumbar, Sacral)–without Contrast",1350,1552.5
33,1,1654,CT Scan Temporal bone – without contrast,803.7,945
33,1,1655,CT Scan- Dental,1147.5,1350
33,1,1656,CT Scan Limbs -Without Contrast,1530,1800
33,1,1657,CT Scan Limbs -With Contrast including CT angiography,2027.7,2385
33,1,1658,CT Guided intervention –FNAC,1080,1242
33,1,1659,CT Guided Trucut Biopsy,1080,1242
33,1,1660,CT Guided intervention -percutaneous catheter drainage/tube placement,1174.5,1381.5
33,1,,MRI,,
33,1,1661,MRI Head – Without Contrast,1798.2,2115
33,1,1662,MRI Head – With Contrast,2563.2,3015
33,1,1663,MRI Orbits – Without Contrast,1300.5,1530
33,1,1664,MRI Orbits – With Contrast,1800,2070
33,1,1665,MRI Nasopharynx and PNS – Without Contrast,2205,2536.2
33,1,1666,MRI Nasopharynx and PNS – With Contrast,3150,3622.5
33,1,Sr. No.,CGHS TREATMENTP(cid:10)ROCEDURE/INVESTIGATION LIST (Lucknow),,
33,1,1667,MR for Salivary Glands with Sialography,2700,3105
33,1,1668,MRI Neck - Without Contrast,2700,3105
33,1,1669,MRI Neck- with contrast,4500,5175
33,1,1670,MRI Shoulder – Without contrast,1800,2070
33,1,1671,MRI Shoulder – With conntrast,2340,2700
33,1,1672,MRI shoulder both Joints - Without contrast,2700,3105
33,1,1673,MRI Shoulder both joints – With contrast,3600,4140
33,1,1674,MRI Wrist Single joint - Without contrast,1912.5,2250
33,1,1675,MRI Wrist Single joint - With contrast,3600,4140
33,1,1676,MRI Wrist both joints - Without contrast,1912.5,2250
33,1,1677,MRI Wrist Both joints - With contrast,4500,5175
33,1,1678,MRI knee Single joint - Without contrast,1912.5,2250
33,1,1679,MRI knee Single joint - With contrast,4500,5175
33,1,1680,MRI knee both joints - Without contrast,1912.5,2250
33,1,1681,MRI knee both joints - With contrast,4500,5175
33,1,1682,MRI Ankle Single joint - Without contrast,1912.5,2250
33,1,1683,MRI Ankle single joint - With contrast,4500,5175
33,1,1684,MRI Ankle both joints - With contrast,4500,5175
33,1,1685,MRI Ankle both joints - Without contrast,2250,2587.5
33,1,1686,MRI Hip - With contrast,2250,2587.5
33,1,1687,MRI Hip – without contrast,1912.5,2250
33,1,1688,MRI Pelvis – Without Contrast,1912.5,2250
33,1,1689,MRI Pelvis – with contrast,4500,5175
33,1,1690,MRI Extremities - With contrast,4500,5175
33,1,1691,MRI Extremities - Without contrast,1912.5,2250
33,1,1692,MRI Temporomandibular – B/L - With contrast,3600,4140
33,1,1693,MRI Temporomandibular – B/L - Without contrast,1912.5,2250
33,1,1694,MR Temporal Bone/ Inner ear with contrast,3600,4140
33,1,1695,MR Temporal Bone/ Inner ear without contrast,2250,2587.5
33,1,1696,MRI Abdomen – Without Contrast,1912.5,2250
33,1,1697,MRI Abdomen – With Contrast,4500,5175
34,1,1698,MRI Breast - With Contrast,3825,4500
34,1,1699,MRI Breast - Without Contrast,1912.5,2250
34,1,1700,MRI Spine Screening - Without Contrast,900,1035
34,1,1701,MRI Chest – Without Contrast,1912.5,2250
34,1,1702,MRI Chest – With Contrast,3600,4140
34,1,1703,MRI Cervical/Cervico Dorsal Spine – Without Contrast,1912.5,2250
34,1,1704,MRI Cervical/ Cervico Dorsal Spine – With Contrast,3600,4140
34,1,1705,MRI Dorsal/ Dorso Lumbar Spine - Without Contrast,1912.5,2250
34,1,1706,MRI Dorsal/ Dorso Lumbar Spine – With Contrast,3600,4140
34,1,1707,MRI Lumbar/ Lumbo-Sacral Spine – Without Contrast,1912.5,2250
34,1,1708,MRI Lumbar/ Lumbo-Sacral Spine – With Contrast,4500,5175
34,1,1709,Whole body MRI (For oncological workup),4590,5400
34,1,1710,MR cholecysto-pancreatography.,4950,5692.5
34,1,1711,MRI Angiography - with contrast,4500,5175
34,1,1712,MR Enteroclysis,1912.5,2250
34,1,,BONE DENSITOMETRY (DEXA SCAN),,
34,1,Sr. No.,CGHS TREATMENTP(cid:10)ROCEDURE/INVESTIGATION LIST (Lucknow),,
34,1,1713,Dexa Scan Bone Densitometry - Two sites,1350,1552.5
34,1,1714,"Dexa Scan Bone Densitometry - Three sites (Spine, Hip &extremity)",1800,2070
34,1,1715,Dexa Scan Bone Densitometry Whole body,2205,2536.2
34,1,,NEUROLOGICAL INVESTIGATIONS ANDP(cid:10)ROCEDURES,,
34,1,1716,Electroencephalogram (EEG)/ Video EEG,268.2,315
34,1,1717,Electromyography (EMG),574.2,675
34,1,1718,Nerve Conduction Velocity(NCV) (at least 2 limbs),574.2,675
34,1,1719,Repititive nerve stimulation (RNS)-Decremental response (before and after n,e5o3s5ti.g5mine),630
34,1,1720,Repetitive nerve stimulation (RNS)-Incremental response,535.5,630
34,1,1721,Somatosensory evoked potentials (SSEP),574.2,675
34,1,1722,Polysomnography (PSG) / Sleep study,574.2,675
34,1,1723,Brachial plexus study,574.2,675
34,1,1724,Muscle biopsy,344.7,405
34,1,1725,Acetylcholine receptor (AChR) antibody titre,1663.2,1912.5
34,1,1726,Anti muscle specific receptor tyrosine kinase (Anti MuSK) antibody titre,2106,2421.9
34,1,1727,Serum copper,450,517.5
34,1,1728,Serum ceruloplasmin,405,466.2
34,1,1729,Urinary copper,450,517.5
34,1,1730,Serum homocysteine,405,466.2
34,1,1731,Serum valproate level,283.5,325.8
34,1,1732,Serum phenobarbitone level,315,362.7
34,1,1733,Coagulation profile,497.7,572.4
34,1,1734,"Protein C, Protein S, Antithrombin–III (Select CGHS rate code 1413 for app",r3o6v0ed rates),414
34,1,1735,Serum lactate level (Select CGHS rate code 1479 for approved rate),64.8,74.7
34,1,,CSF,,
34,1,1736,"Basic studies including cell count, protein, sugar, gram stain,India Ink prepar",a2t1io6n and smear for AFP,248.4
34,1,1737,Special studies,900,1035
34,1,1738,PCR for tuberculosis/ Herpes simplex,1080,1242
34,1,1739,Bacterial culture and sensitivity,180,207
34,1,1740,Mycobacterial culture and sensitivity,180,207
34,1,1741,Fungal culture,115.2,135
34,1,1742,Malignant cells,57.6,67.5
34,1,1743,Anti measles antibody titre (with serum antibody titre),801,921.6
34,1,1744,Viral culture,229.5,270
34,1,1745,"Antibody titre (Herpes simplex, cytomegalo virus, flavivirus, zoster varicella",v6i8r4us),786.6
34,1,1746,Oligoclonal band,1080,1242
34,1,1747,Myelin Basic protein,1683.9,1936.8
35,1,1748,Lactate (Select CGHS rate code 1479 for approved rate),64.8,74.7
35,1,1749,Cryptococcal antigen,1024.2,1178.1
35,1,,TESTS IN GASTRO-ENTEROLOGY,,
35,1,1750,D-xylase test,765,900
35,1,1751,Faecal / Fecal fat test/ fecal chymotrypsin/ fecal elastase (Select CGHS rate c,o3d1e5 1335 for approved rate),362.7
35,1,1752,Breath tests (select CGHS rate code 1336 for approved rate),270,310.5
35,1,Sr. No.,CGHS TREATMENTP(cid:10)ROCEDURE/INVESTIGATION LIST (Lucknow),,
35,1,1753,H pylori serology for Coeliac disease /Celiac disease,450,652.5
35,1,1754,HBV genotyping,2250,2587.5
35,1,1755,HCV genotyping,4387.5,5045.4
35,1,,TESTS IN ENDOCRINOLOGY ( IN ADDITION TOT(cid:10)HOSE INCLUDED UNDER HORMONES),,
35,1,1756,Urinary vanillylmandelic acid (VMA),1350,1552.5
35,1,1757,Urinary metanephrine/Normetanephrine,1024.2,1178.1
35,1,1758,Urinary free catecholamine,1521,1749.6
35,1,1759,Serum catecholamine,3060,3519
35,1,1760,Serum aldosterone,1012.5,1164.6
35,1,1761,24 Hr urinary aldosterone,828,952.2
35,1,1762,Plasma renin activity,900,1035
35,1,1763,Serum aldosterone/renin ratio,1080,1242
35,1,1764,Osmolality urine,115.2,135
35,1,1765,Osmolality serum,115.2,135
35,1,1766,Urinary sodium,72,84.6
35,1,1767,Urinary Chloride,38.7,45
35,1,1768,Urinary potassium,72,84.6
35,1,1769,Urinary calcium,72,84.6
35,1,1770,Thyroid binding globulin,459,540
35,1,1771,24 hour urinary free cortisole,180,207
35,1,1772,Islet cell antibody,675,776.7
35,1,1773,Glutamic Acid Decarboxylase Autoantibodies test (GAD antibodies),1197,1377
35,1,1774,Insulin associated antibody,404.1,464.4
35,1,1775,Insulin-like growth factor-1 (IGF-1),1350,1552.5
35,1,1776,Insulin-like growth factor binding protein 3 (IGF-BP3),1485,1708.2
35,1,1777,Sex hormone binding globulin,1199.7,1379.7
35,1,1778,USG guided FNAC thyroid gland,348.3,409.5
35,1,1779,Estradiol (E2),187.2,220.5
35,1,1780,Thyroglobulin antibody,528.3,607.5
35,1,ADDED W.E.F. 14.01.2020,,,
35,1,Sr. No.,CGHS TREATMENT PROCEDURE/INVESTIGATION LIST,Non NABH/Non NABL Rate in Rupee,NABH/NABL rates in Rupee
35,1,1781,"Kappa Lambda Light Chains, Free, Serum/ Serum free light chains (SFLC)",3500,4025
35,1,1782,Serum IGE Level,300,345
35,1,1783,NT-Pro BNP,1800,2070
35,1,1784,CECT Chest,2500 Including CD,2875
35,1,1785,MRI-Prostate (Multi-parametric),6000/- including CD,6900 Including CD
35,1,1786,HCV RNA Quantitative,1500,1725
35,1,1787,Tacrolimus,2300,2645
36,1,,,,138
36,1,1789,Fibroscan Liver,1000,1150
36,1,1790,HLA B27 (PCR),500,575
36,1,1791,Mantoux Test,175,200
36,1,1792,Procalcitonin,1800,2070
36,1,1793,TORCH Test,1120,1288
36,1,1794,Intracoronary OCT (AIIMS Rates),65000 + GST,65000 + GST
36,1,1795,Fractional Flow Reserve (FFR) Wire cost (AIIMS Rates,23500 + GST,23500 + GST
36,2,1796,Anti –Smooth Muscle Antibody Test (ASMA),1241,1460
36,2,1797,C ANCA-IFA,1275,1500
36,2,1798,P ANCA-IFA,1275,1500
36,2,1799,Angiotensin converting enzyme (ACE),850,1000
36,2,1800,Endo bronchial Ultrasound (EBUS) -Trans bronchial needle aspiration (TBNA) -Using New Needle,15614,18370
36,2,1801,Extractable Nuclear Antigens (ENA) - Quantitative,3910,4600
36,2,1802,Chromogranin A,4250,5000
36,2,1803,Faecal calprotectin (fecal calprotectin),2320,2730
36,2,1804,C3-COMPLEMENT,552,650
36,2,1805,C4-COMPLEMENT,552,650
36,2,1806,Genexpert Test,880,1035
36,2,1807,DJ stent removal,7395,8700
36,2,1808,Pulmonary Function Test (PFT) / (Spirometry with DLCO),425,500
36,2,1809,EUS (Endoscopic Ultrasound) guided FNAC (Using with Needle),12750,15000
36,2,1810,CT Urography,3825,4500
36,2,1811,Video Laryngoscopy,5100,6000
36,2,1812,CT Angio-Neck Vessels,5100,6000
36,2,1813,H1N1 (RT-PCR),921,1084
36,2,1814,Erythropoietin Level (Select CGHS rate code 1557 for approved rate),See code 1557,See code 1557
36,2,1815,Anti HEV IgM,850,1000
37,1,,,,750
37,1,1817,HBsAg Quantitative,552,650
37,1,1818,Typhidot IgM,340,400
37,1,1819,Hepatitis B Core Antibody (HBcAb) Level (Hepatitis B Core IgM Antibody),408,480
37,1,1820,Anti HBs,552,650
37,2,1821,Free Triiodothyronine (FT3),106,125
37,2,1822,Free Thyroxine (FT4),106,125
37,2,1823,Widal Test,60,70
37,2,1824,Dengue Serology,510,600
37,2,1825,Blood component charges - Whole Blood per Unit,1450,1450
37,2,1826,Blood component charges - Packed Red Cell per Unit,1450,1450
37,2,1827,Blood component charges - Fresh Frozen Plasma,400,400
37,2,1828,Platelet Concentrate- Random Donor Platelet (RDP),400,400
37,2,1829,Blood component charges - Cryoprecipitate,200,200
37,2,1830,Platelet Concentrate – Single Donor Platelet (SDP)-Apheresis per unit,11000,11000
37,2,1831,"CCS Group A Officer of above 40 years of age –Male, Annual Health Check up",2000,2000
37,2,1832,"CCS Group A Officer of above 40 years of age –female, Annual Health Check up",2200,2200
37,2,1833,Interleukin 6 (IL 6),1360,1600
37,2,1834,High resolution computed Tomography (HRCT Chest),1700,2000
37,2,1835,Fluid air exchange,4250 per eye,5000
37,2,1836,C3F8 GAS Injection,4250 per eye,5000
37,2,1837,Diurnal variation of IOP,1275 per eye,1500
38,1,,,,5000
38,1,1839,Epiretinal Membrane (ERM) Peeling,5950 per eye,7000
38,1,1840,Epiretinal Membrane (ERM) Removal,2550 per eye,3000
38,1,1841,Internal limiting membrane (ILM) peeling,2550 per eye,3000
38,1,1842,Punctoplasty,5525 per eye,6500
38,1,1843,Punctal plug(Collagen/silicone),3400 per eye,4000
38,1,1844,Laser Trabeculoplasty Gonioplasty B/E,13600 both eye,16000 both eye
38,1,1845,Eye laser pulse therapy,2975 per eye,3500
38,1,1846,Glaucoma valve/Glaucoma Ahmed valve,12750,15000
38,1,1847,Malyugin Ring,8500,"10,000"
38,1,1848,Globe exploration (eye surgery),8500,"10,000"
38,1,1849,Scleral Fixation Tissue glue,7140,8400
38,1,1850,Fibro optic Nasal Endoscopy,1955,2300
38,1,1851,Video Stroboscopy,4675,5500
38,1,1852,Video Bronchoscopy with BAL,8500,"10,000"
38,1,1853,Sleep deprived EEG (Rate shall be the same CGHS rate of EEG/Video EEG) Select CGHS rate code 1716,See code 1716,See code 1716
