source_page,extracted_table_index,column_1,column_2,column_3,column_4,column_5
1,1,CGHS Package Rates Updated on 12.12.2024,,,,
1,1,Sr. No.,CGHS NAGPUR TREATMENT PROCEDURE/INVESTIGATION LIST,Non-NABH/Non- NABL rates in rupee,NABH/NABL rates in rupee,Revised on
1,1,1,Consultation OPD,350,350,12.04.2023
1,1,2,Consultation- for Inpatients,350,350,12.04.2023
1,1,3,Dressings of wounds,255,300,01.02.2024
1,1,4,Suturing of wounds with local anesthesia,97,112,
1,1,5,Aspiration Plural Effusion - Diagnostic,595,700,01.02.2024
1,1,6,Aspiration Plural Effusion - Therapeutic,595,700,01.02.2024
1,1,7,Abdominal / Peritoneal Aspiration - Diagnostic / Ascitic tapping / paracentesis - Diagnostic,595,700,01.02.2024
1,1,8,Abdominal / Peritoneal Aspiration - Therapeutic/ Ascitic tapping / paracentesis- Therapeutic,640,750,01.02.2024
1,1,9,Pericardial Aspiration,380,437,
1,1,10,Joints Aspiration,317,365,
1,1,11,Biopsy Skin,230,265,
1,1,12,Removal of Stitches /Sutures (7- 12 sutures),170,200,01.02.2024
1,1,13,Venesection,595,700,01.02.2024
1,1,14,Phimosis correction / Paraphimosis reduction / Circumcision Under LA,5100,6000,01.02.2024
1,1,15,Sternal puncture,173,199,
1,1,16,Injection /Sclerotherapy / Banding of Haemorrhoids,595,700,01.02.2024
1,1,17,Injection for Varicose Veins,595,700,01.02.2024
1,1,18,Urinary bladder Catheterisation,595,700,01.02.2024
1,1,19,Dilatation of Urethral stricture,1955,2300,01.02.2024
1,1,20,Incision & Drainage under local Anaesthesia (Large),1955,2300,01.02.2024
1,1,21,Intercostal Drainage,125,144,
1,1,22,Peritoneal Dialysis,1466,1686,
1,1,,,30,,
1,1,,TREATMENT PROCEDURE SKIN,,,
1,1,23,Excision of Moles,345,397,
1,1,24,Excision of Warts,280,322,
1,1,25,Excision of Molluscum contagiosum,130,150,
1,1,26,Excision of Veneral Warts,160,184,
1,1,27,Excision of Corns,140,161,
1,1,28,I/D Injection Keloid,97,112,
1,1,29,Chemical Cautery (s),110,127,
1,1,,TREATMENT PROCEDURE OPTHALMOLOGY,,,
1,1,30,Subconjunctival/subtenon’s injections in one eyes,69,79,
1,1,31,Subconjunctival/subtenon’s injections in both eyes,138,158,
1,1,32,Pterygium Surgery,5500,6325,18.02.2015
1,1,33,Conjunctival Peritomy,58,67,
1,1,34,Conjunctival wound repair or exploration following blunt trauma,3300,3795,18.02.2015
1,1,35,Removal of corneal foreign body,105,120,
1,1,36,Cauterization of ulcer/subconjunctival injection in one eye,69,79,
1,1,37,Cauterization of ulcer/subconjunctival injection in both eyes,138,159,
1,1,38,Corneal grafting—Penetrating keratoplasty,5750,6613,
1,1,39,Corneal grafting—Lamellar keratoplasty,4500,5175,
1,1,40,Cyanoacrylate /fibrin glue application for corneal perforation,690,794,
1,1,41,Bandage contact lenses for corneal perforation,460,529,
1,1,42,Scleral grafting or conjunctival flap for corneal perforation,2300,2645,
1,1,43,Keratoconus correction with therapeutic contact lenses,1080,1242,
1,1,44,UV radiation for cross-linking for keratoconus,1800,2070,
1,1,45,EDTA for band shaped keratopathy,780,893,
1,1,46,Arcuate keratotomy for astigmatism,2520,2898,
1,1,47,Re-suturing (Primary suturing) of corneal wound,1150,1323,
2,1,48,Penetrating keratoplasty ---- with glaucoma surgery,12144,13966
2,1,49,Penetrating keratoplasty --- with vitrectomy,10930,12569
2,1,50,Penetrating keratoplasty ---- with IOL implantation,12290,14133
2,1,51,DALK- Deep anterior lamellar keratoplasty,15525,17854
2,1,52,Keratoprosthesis stage I and II,10350,11903
2,1,53,DSAEK- Descemet’s stripping automated endothelial keratoplasty,16675,19176
2,1,54,ALTK- Automated lamellar therapeutic keratoplasty,14850,17078
2,1,55,Probing and Syringing of lacrimal sac- in one eye,69,79
2,1,56,Probing and Syringing of lacrimal sac- in both eye,138,159
2,1,57,Dacryocystorhinostomy—Plain,2588,2976
2,1,58,Dacryocystorhinostomy—Plain with intubation and/or with lacrimal implants,8775,10092
2,1,59,Dacryocystorhinostomy—conjunctival with implant,8280,9532
2,1,60,Caliculoplasty,2070,2381
2,1,61,Dacryocystectomy,1725,1984
2,1,62,Punctal plugs for dry eyes,117,135
2,1,63,Refraction,40,46
2,1,64,Indirect Ophthalmoscopy,67,77
2,1,65,Orthoptic check-up- with synoptophore,44,51
2,1,66,Lees’ charting or Hess’ charting,100,115
2,1,67,Orthoptic exercises,50,58
2,1,68,Pleoptic exercises,50,58
2,1,69,Perimetry/field test—Goldman,144,166
2,1,70,Perimetry/field test— automated,144,166
2,1,71,Fluorescein angiography for fundus or iris,828,952
2,1,72,Ultrasound A- Scan,777,893
2,1,73,Ultrasound B- Scan,230,265
2,1,74,Fundus Photo Test,180,207
2,1,75,Indocyanin green angiography,828,952
2,1,76,Corneal endothelial cell count with specular microscopy,230,265
2,1,77,Corneal topography,298,343
2,1,78,Corneal pachymetry,230,265
2,1,79,Auto-refraction,35,40
2,1,80,Macular function tests,44,51
2,1,81,Potential acuity metry,90,104
2,1,82,Laser interferometry,173,199
2,1,83,OCT-Optical coherence tomography,1913,2250
2,1,84,HRT- Heidelberg’s retinal tomogram,150,173
2,1,85,GDX--- Nerve fibre layer analyzer,88,101
2,1,86,UBM- Ultrasound bio microscopy,135,156
2,1,87,Non Contact tonometry,50,58
2,1,88,IOP measurement with schiotz,30,35
2,1,89,IOP measurement with applation tonometry,50,58
2,1,90,Three mirror examination for reti,58,67
2,1,91,90 D lens examination,50,58
2,1,92,Gonioscopy,58,67
2,1,93,Chalazion incision and curettage in one eye,400,460
2,1,94,Chalazion incision and curettage in both eyes,431,496
2,1,95,Ptosis surgery with fasanella servat procedure,2300,2645
2,1,96,Ptosis surgery with LPS resection one lid,5500,6325
2,1,97,Ptosis surgery with Sling surgery one lid,6003,6904
2,1,98,Ectropion surgery- one lid,1400,1610
2,1,99,Ectropion surgery- both lids,2500,2875
2,1,100,Epicanthus correction,1550,1783
2,1,101,Cantholysis and canthotomy,575,662
2,1,102,Entropion surgery- one lid,1380,1587
2,1,103,Entropion surgery- both lids,2000,2300
2,1,104,Tarsorraphy,650,748
3,1,105,Suturing of lid lacerations,1035,1191,
3,1,106,Lid retraction repair,1530,1760,
3,1,107,Concretions removal,115,132,
3,1,108,Bucket handle procedure for lid tumors,345,397,
3,1,109,Cheek rotation flap for lid tumors,6900,7935,
3,1,110,Orbitotomy,7245,8332,
3,1,111,Enucleation,3000,3450,
3,1,112,Enucleation with orbital implants and artificial prosthesis,3000,3450,
3,1,113,Evisceration,3450,3968,
3,1,114,Evisceration with orbital implants and artificial prosthesis,5124,5892,
3,1,115,Telecanthus correction,5175,5951,
3,1,116,Orbital decompression,5750,6613,
3,1,117,Exenteration,5750,6613,
3,1,118,Exenteration with skin grafting,6210,7142,
3,1,119,Fracture orbital repair,8280,9522,
3,1,120,Retinal laser procedures,1350,1553,
3,1,121,Retinal detachment surgery,11500,13225,
3,1,122,Retinal detachment surgery with scleral buckling,13800,15870,
3,1,123,Buckle removal,1150,1323,
3,1,124,Silicone oil removal,2520,2898,
3,1,125,Anterior retinal cryopexy,1162,1336,
3,1,126,Squint correction for one eye,4500,5175,
3,1,127,Squint correction for both eyes,6750,7763,
3,1,128,Trabeculectomy,6210,7142,
3,1,129,Trabeculotomy,6210,7142,
3,1,130,Trabeculectomy with Trabeculotomy,9315,10713,
3,1,131,Trephition,2070,2381,
3,1,132,Goniotomy,345,397,
3,1,133,Glaucoma surgery with Glaucoma valves (valve cost extra),6210,7142,
3,1,134,Cyclocryotherapy,1150,1323,
3,1,135,YAG laser iridotomy,1350,1553,
3,1,136,YAG laser capsulotomy,984,1131,
3,1,137,ALT-Argon laser trabeculoplasty,1495,1719,
3,1,138,PDT-Photodymic therapy,3105,3572,
3,1,139,TTT- Transpupillary thermal therapy,3000,3450,
3,1,140,PTK- Phototherapeutic keratectomy,7500,8625,
3,1,141,Argon/diode laser for retinal detatchment,1150,1323,
3,1,142,Intralase application for keratoconus,5750,6613,
3,1,143,EOG- electro-oculogram,810,932,
3,1,144,ERG- Electro-retinogram,715,822,
3,1,145,VEP- visually evoked potential,720,828,
3,1,146,Vitrectomy- pars plana,10350,11903,
3,1,147,Intravitreal injections- of antibiotics,1150,1323,
3,1,148,Intravitreal injections- of lucentis excluding cost of drug,3000,3450,
3,1,149,X- Ray orbit,115,132,
3,1,150,CT-orbit and brain,1600,1840,18.02.2015
3,1,151,MRI- Orbit and brain,3105,3571,
3,1,152,Dacryocystography,340,391,
3,1,153,Orbital angio-graphical studies,1500,1725,
3,1,154,ECCE with IOL,3105,3571,
3,1,155,SICS with IOL,4500,5175,
3,1,156,Phaco with foldable IOL (silicone and acrylic)/PMMA IOL,9703,11158,
3,1,157,Pars plana lensectomy with/without IOL,9315,10713,
3,1,158,Secondary IOL implantation- AC IOL PC IOL or scleral fixated IOL,6900,7935,
3,1,159,Cataract extraction with IOL with capsular tension rings (Cionni’s ring),13500,15525,
3,1,160,Optic nerve sheathotomy,7500,8625,
4,1,161,Iridodialysis repair or papillary reconstruction,5000,5750
4,1,162,Iris cyst removal,850,978
4,1,163,Lid Abscess incision and Drainage,1700,1955
4,1,164,Orbital Abscess incision and Drainage,3000,3450
4,1,165,Biopsy,460,529
4,1,166,Paracentesis,230,265
4,1,167,Scleral graft for scleral melting or perforation,2520,2898
4,1,168,Amniotic membrane grafting,1100,1265
4,1,169,Cyclodiathermy,2070,2380
4,1,170,Intraocular foreign body removal,187,215
4,1,171,Electrolysis,230,265
4,1,172,Perforating injury repair,4500,5175
4,1,173,Botulinum injection for blepharospasm or squint,2500,2875
4,1,,TREATMENT PROCEDURE DENTAL PROCEDURES,,
4,1,174,Flap Operation per quadrant,360,414
4,1,175,Gingivectomy per quadrant,234,269
4,1,176,Reduction & immobilization of fracture- Maxilla Under LA,900,1035
4,1,177,Reduction & immobilization of fracture-Mandible Under LA,3150,3623
4,1,178,splints/Cirucum mandibular wiring under LA,510,587
4,1,179,splints/Cirucum mandibular wiring under GA,990,1139
4,1,180,Internal wire fixation/plate fixation of Maxilla under LA,3000,3450
4,1,181,Internal wire fixation/plate fixation of Maxilla under GA,4000,4600
4,1,182,Internal wire fixation/plate fixation of Mandible under LA,3500,4025
4,1,183,Internal wire fixation/plate fixation of Mandible under GA,4250,4888
4,1,184,Extraction per tooth under LA,80,92
4,1,185,Complicated Ext. per Tooth under LA,100,115
4,1,186,Extraction of impacted tooth under LA,160,184
4,1,187,Extraction in mentally retarded/patients with systemic diseases/patient with special needs under short term GA,939,1080
4,1,188,Cyst & tumour of Maxilla /mandible by enucleation/ excision/ marsupalisation upto 4 cms under LA,244,281
4,1,189,Cyst & tumour of Maxilla/mandible by enucleation/ excision/ marsupalisation size more than 4 cms under LA,406,467
4,1,190,Cyst & tumour of Maxilla/mandible by enucleation / excision / marsupalisation size more than 4 cms under GA,1000,1150
4,1,191,TM joint ankylosis- under GA,6750,7763
4,1,192,Biopsy Intraoral-Soft tissue,374,430
4,1,193,Biopsy Intraoral-Bone,375,431
4,1,194,Hemi-mandibulectomy with graft,18900,21735
4,1,195,Hemi-mandibulectomy without graft,18900,21735
4,1,196,Segmental-mandibulectomy with graft,3400,3910
4,1,197,Segmental-mandibulectomy without graft,990,1139
4,1,198,Maxillectomy- Total with graft,2500,2875
4,1,199,Maxillectomy- Total without graft,1950,2243
4,1,200,Maxillectomy- partial with graft,3000,3450
4,1,201,Maxillectomy- partial without graft,2500,2875
4,1,202,Release of fibrous bands & grafting -in (OSMF) treatment under GA,1500,1725
4,1,203,Pre-prosthetic surgery- Alveoloplasty,500,575
4,1,204,Pre-prosthetic surgery - ridge augmentation,1200,1380
4,1,205,Root canal Treatment(RCT) Anterior teeth(per tooth),500,575
4,1,206,Root canal Treatment(RCT) Posterior teeth (per tooth),700,805
4,1,207,Apicoectomy- Single root,500,575
4,1,208,Apicoectomy-Multiple roots,650,748
4,1,209,Metal Crown-per unit,500,575
4,1,210,Metal Crown with Acrylic facing per unit,700,805
4,1,211,Complete single denture-metal based,1500,1725
4,1,212,Complete denture- acrylic based per arch,950,1093
4,1,213,Removable partial denture-Metal based-upto 3 teeth,700,805
4,1,214,Removable partial denture-Metal based-more than 3 teeth,900,1035
5,1,215,Removable partial denture-Acrylic based-upto 3 teeth,500,575
5,1,216,Removable partial denture-Acrylic based-more than 3 teeth,264,304
5,1,217,Amalgum restoration-per tooth,200,230
5,1,218,Composite Restoration-per tooth-anterior tooth,250,288
5,1,219,Glas Ionomer-per tooth,200,230
5,1,220,Scaling & polishing,300,345
5,1,221,Removable Orthodontics appliance- per Arch,700,805
5,1,222,Fixed Orhtodontics-per Arch,1150,1323
5,1,223,Space maintainers-Fixed,500,575
5,1,224,Habit breaking appliances-removable,800,920
5,1,225,Habit breaking appliances-Fixed,1500,1725
5,1,226,Expansion plate,1000,1150
5,1,227,Feeding appliance for cleft palate,1500,1725
5,1,228,Maxillo-facial prosthesis (sal/auricular/orbital/facial lost part),3500,4025
5,1,229,Functional orthodentic appliances,3000,3450
5,1,230,Obturator (Maxillo-facial),1500,1725
5,1,231,Occlusal night guard(splint),800,920
5,1,,TREATMENT PROCEDURE ENT,,
5,1,232,Pure Tone Audiogram,172,198
5,1,233,Impedence with stepedeal reflex,230,265
5,1,234,SISI Tone Decay,132,152
5,1,235,Multiple hearing assessment test to Adults,115,132
5,1,236,Speech Discrimination Score,90,103
5,1,237,Speech Assessment,120,138
5,1,238,Speech therapy per session of 30-40 minutes,131,151
5,1,239,Cold Calorie Test for Vestibular function,172,198
5,1,240,Removal of foreign body From Nose,345,397
5,1,241,Removal of foreign body From Ear,230,265
5,1,242,Syringing (Ear),166,191
5,1,243,Polyp removal under LA,575,661
5,1,244,Polyp removal under GA,850,978
5,1,245,Peritonsillar abscess Drainage under LA,1449,1666
5,1,246,Myringoplasty,6210,7142
5,1,247,Staepedectomy,8280,9522
5,1,248,Myringotomy with Grommet insertion,4600,5290
5,1,249,Tympanotomy,7763,8927
5,1,250,Tympanoplasty,12420,14283
5,1,251,Mastoidectomy,13455,15474
5,1,252,Otoplasty,14490,16664
5,1,253,Labyrinthectomy,12420,14283
5,1,254,Skull Base surgery,25000,28750
5,1,255,Facial Nerve Decompression,15525,17855
5,1,256,Septoplasty,5750,6613
5,1,257,Submucous Resection,7314,8411
5,1,258,Septo-rhinoplasty,14490,16664
5,1,259,Rhinoplasty- Non-cosmetic,11500,13225
5,1,260,Fracture Reduction,4250,5000
5,1,261,Intra nasal Diathermy,1150,1323
5,1,262,Turbinectomy,5750,6613
5,1,263,Endoscopic DCR,13000,14950
5,1,264,Endoscopic Surgery,12420,14283
5,1,265,Septal Perforation Repair,12420,14283
5,1,266,Antrum Puncture,950,1093
5,1,267,Lateral Rhinotomy,1000,1150
5,1,268,Cranio-facial resection,22950,26393
5,1,269,Caldwell Luc Surgery,10626,12220
5,1,270,Angiofibroma Excision,17000,19550
6,1,271,Endoscopic Hypophysectomy,21500,24725
6,1,272,Endoscopic Optic Nerve Decompression,29498,33922
6,1,273,Decompression of Orbit,22950,26400
6,1,274,Punch/Wedge biopsy,674,775
6,1,275,Tonsillectomy,5000,5750
6,1,276,Uvulo-palatoplasty,15000,17250
6,1,277,FESS for antrochoal polyp,5750,6613
6,1,278,FESS for ethmoidal polyp,5751,6614
6,1,279,Polyp removal ear,748,860
6,1,280,Polyp removal Nose(Septal polyp),748,860
6,1,281,Mastoidectomy plus Ossciculoplasty including TORP or PORP,2415,2777
6,1,282,Endolymphatic sac decompression,2875,3306
6,1,283,Diagnostic endoscopy under GA,2300,2645
6,1,284,Yonges operation for Atrophic rhinitis,6900,7935
6,1,285,Vidian neurectomy for vasomotor Rhinitis,9315,10713
6,1,286,Nasal Packing-anterior,345,397
6,1,287,Nasal Packing-posterior,805,926
6,1,288,Ranula Excision,6843,7869
6,1,289,Tongue Tie excision,1350,1553
6,1,290,Sub Mandibular Duct Lithotomy,269,309
6,1,291,Adenoidectomy,5640,6486
6,1,292,Palatopharyngoplasty,7348,8451
6,1,293,Pharyngoplasty,15474,17795
6,1,294,Styloidectomy,8280,9522
6,1,295,Direct laryngoscopy including Biopsy under GA,5000,5750
6,1,296,Oesophagoscopy/foreign body removal from,1800,2070
6,1,297,Bronchoscopy with F.B.removal,2438,2804
6,1,298,Other Major Surgery,15000,17250
6,1,299,Other Minor Surgery,7650,9000
6,1,,TREATMENT PROCEDURE FOR HEAD AND NECK,,
6,1,300,Ear Lobe Repair one side,450,518
6,1,301,Excision of Pinna for Growth (Squamous/Basal/ Injuries) Skin Only,3600,4140
6,1,302,Excision of Pinna for Growth (Squamous/Basal/ Injuries) Skin and Cartilage,3800,4370
6,1,303,Partial Amputation of Pinna,4500,5175
6,1,304,Total Amputation of Pinna,6200,7130
6,1,305,Total Amputation & Excision of External Auditory Meatus,1500,1725
6,1,306,Excision of Cystic Hygroma,4658,5356
6,1,307,Excision of Cystic Hygroma Extensive,6707,7713
6,1,308,Excision of Branchial Cyst,9315,10713
6,1,309,Excision of Branchial Sinus,9315,10713
6,1,310,Excision of Pharyngeal Diverticulum,9522,10950
6,1,311,Excision of Carotid Body-Tumours,10454,12021
6,1,312,Operation for Cervical Rib,12500,14375
6,1,313,Block Dissection of Cervical Lymph Nodes,15000,17250
6,1,314,Pharyngectomy & Reconstruction,15000,17250
6,1,315,Operation for Carcinoma Lip - Wedge-Excision,7245,8332
6,1,316,Operation for Carcinoma Lip - Vermilionectomy,5758,6622
6,1,317,Operation for Carcinoma Lip - Wedge Excision and Vermilonectomy,8363,9617
6,1,318,Estlander Operation,6728,7736
6,1,319,Abbe Operation,9800,11270
6,1,320,Cheek Advancement,8798,10143
6,1,321,Excision of the Maxilla,17388,19996
6,1,322,Excision of mandible-segmental,13972,16069
6,1,323,Mandibulectomy,18900,21735
6,1,324,Partial Glossectomy,5520,6348
6,1,325,Hemiglossectomy,7000,8050
6,1,326,Total Glossectomy,20596,23686
7,1,327,Commondo Operation,22000,25300,
7,1,328,Parotidectomy - Superficial,12075,13886,
7,1,329,Parotidectomy - Total,13500,15525,
7,1,330,Parotidectomy - Radical,17595,20559,
7,1,331,Repair of Parotid Duct,11500,13225,
7,1,332,Removal of Submandibular Salivary gland,8625,9919,
7,1,333,Hemithyroidectomy,9500,10925,
7,1,334,Partial Thyroidectomy (lobectomy),11500,13225,
7,1,335,Subtotal Thyroidectomy,11748,13510,
7,1,336,Total Thyroidectomy,17100,19665,
7,1,337,Resection Enucleation of thyroid Adenoma,9522,10950,
7,1,338,Total Thyroidectomy and Block Dissection,23805,27376,
7,1,339,Excision of Lingual Thyroid,15194,17472,
7,1,340,Excision of Thyroglossal Cyst/Fistula,11902,13688,
7,1,341,Excision of Parathyroid Adenoma/Carcinoma,19148,22020,
7,1,342,Laryngectomy,17825,20499,
7,1,343,Laryngo Pharyngectomy,27000,31050,
7,1,344,Hyoid Suspension,9315,10713,
7,1,345,Genioplasty,12000,13800,
7,1,346,Direct Laryngoscopy including biopsy under GA,5175,5951,
7,1,347,Phonosurgery,13800,15870,
7,1,348,Fibroptic examition of Larynx under LA,1725,1984,
7,1,349,Microlaryngeal Surgery,9315,10713,
7,1,350,Laryngofissure,15525,17854,
7,1,351,Tracheal Stenosis Excision,17802,20472,
7,1,,Head and neck cancer,,,
7,1,352,Excisional Biopsies,5175,5952,
7,1,353,Benign Tumour Excisions,9500,10925,
7,1,354,Temporal Bone subtotal resection,18630,21425,
7,1,355,Modified Radical Neck Dissection,22770,26185,
7,1,356,Carotid Body Excision,26000,29900,
7,1,357,Total Laryngectomy,35273,40564,
7,1,358,Flap Reconstructive Surgery,37260,42850,
7,1,359,Parapharyngeal Tumour Excision,35397,40747,
7,1,360,Other Major Surgery,21250,25000,
7,1,361,Other Minor Surgery,5000,5750,
7,1,,TREATMENT PROCEDURE BREAST,,,
7,1,362,Drainage of abscess,5400,6210,
7,1,363,Excision of lumps,6969,8014,
7,1,364,Local mastectomy-simple,12650,14548,
7,1,365,Radical mastectomy-formal or modified.,25875,29756,
7,1,366,Excision of mammary fistula,13973,16070,
7,1,367,Segmental resection of breast,14490,16664,
7,1,368,Other Major Surgery,25000,28750,
7,1,369,Other Minor Surgery,5000,5750,
7,1,,TREATMENT PROCEDURE GENERAL SURGERY,,,
7,1,370,Injury Of Superficial Soft Tissues,425,500,
7,1,371,Suturing of small wounds,1060,1250,01.02.2024
7,1,372,Secondary suture of wounds,3400,4000,01.02.2024
7,1,373,Debridement of wounds,1275,1500,01.02.2024
7,1,374,Removal Of Foreign Bodies- without C-ARM,1275,1500,01.02.2024
7,1,,Biopsies,,,
7,1,375,Excision of Cervical Lymph Node under LA,2635,3100,01.02.2024
7,1,376,Excision of Axillary Lymph Node under Gl Anaesthesia,6715,7900,01.02.2024
7,1,377,Excision of Inguinal Lymph Node under LA,2550,3000,01.02.2024
7,1,378,Excision Biopsy of Ulcers,1323,1522,
7,1,379,Excision Biopsy of Superficial Lumps,2898,3333,
8,1,380,Incision Biopsy of Growths/Ulcers,1470,1691,
8,1,381,Trucut Needle Biopsy (Including Needle),2975,3500,01.02.2024
8,1,382,Percutaneous Kidney Biopsy,1470,1691,
8,1,383,Marrow Biopsy (Open),1060,1219,
8,1,384,Muscle Biopsy,1470,1691,
8,1,385,Scalene Node Biopsy,1215,1398,
8,1,386,Excision of Sebaceous Cysts,1118,1278,
8,1,387,Excision of Superficial Lipoma,1739,2000,
8,1,388,Excision of Superficial Neurofibroma,2500,2875,
8,1,389,Excision of Dermoid Cysts,2050,2357,
8,1,390,Haemorrhoidectomy,25500,30000,01.02.2024
8,1,391,Stappler haemorrhoidectomy,37145,43700,01.02.2024
8,1,392,keloid excision,1150,1323,
8,1,393,Varicose vein Surgery- Trendelenburg operation with suturing or ligation,19550,23000,01.02.2024
8,1,,TREATMENT PROCEDURE OESOPHAGUS,,,
8,1,394,Atresia of Oesophagus and Tracheo Oesophageal Fistula,25875,29757,
8,1,395,Operations for Replacement of Oesophagus by Colon,25000,28750,
8,1,396,Oesophagectomy for Carcinoma Easophagus,25000,28750,
8,1,397,Oesophageal Intubation (Mausseau Barbin Tube),11500,13225,
8,1,398,Achalasia Cardia Transthoracic,13455,15474,
8,1,399,Achalasia Cardia Abdominal,12650,14548,
8,1,400,Oesophago Gastrectomy for mid 1/3 lesion,22045,25352,
8,1,401,Heller’s Operation,17775,20442,
8,1,402,Colon-Inter position or Replacement of Oesophagus,20286,23329,
8,1,403,Oesophago Gastrectomy – Lower Corringers procedure,19251,22139,
8,1,404,Other Major Surgery,27625,32500,
8,1,405,Other Minor Surgery,5000,5750,
8,1,,TREATMENT PROCEDURE ABDOMEN / GI SURGERY,,,
8,1,406,Gastroscopy,1552,1785,
8,1,407,Gastric & Duodenal Biopsy (Endoscopic),1950,2243,
8,1,408,Pyloromyotomy,2800,3220,
8,1,409,Gastrostomy,8625,9919,
8,1,410,Simple Closure of Perforated peptic Ulcer,9775,11241,
8,1,411,Vagotomy Pyleroplasty / Gastro Jejunostomy,13800,15870,
8,1,412,Duodenojejunostomy,18950,21793,
8,1,413,Partial/Subtotal Gastrectomy for Carcinoma,20700,23805,
8,1,414,Partial/Subtotal Gastrectomy for Ulcer,20182,23210,
8,1,415,Operation for Bleeding Peptic Ulcer,18878,21710,
8,1,416,Operation for Gastrojejunal Ulcer,17802,20472,
8,1,417,Total Gastrectomy for Cancer,20131,23150,
8,1,418,Highly Selective Vagotomy,16767,19282,
8,1,419,Selective Vagotomy & Drainage,16767,19282,
8,1,420,Congenital Diaphragmatic Hernia,34000,40000,01.02.2024
8,1,421,Hiatus Hernia Repair- Abdominal,28050,33000,01.02.2024
8,1,422,Hiatus Hernia Repair- Transthoracic,28050,33000,01.02.2024
8,1,423,Exploratory Laparotomy (open),21250,25000,01.02.2024
8,1,424,Epigastric Hernia Repair,21250,25000,01.02.2024
8,1,425,Umbilical Hernia Repair,10250,11785,
8,1,426,Ventral /incisional Hernia Repair,9265,10650,
8,1,427,Inguinal Hernia Herniorraphy,22100,26000,01.02.2024
8,1,428,Inguinal Hernia - Hernioplasty,27200,32000,01.02.2024
8,1,429,Femoral Hernia Repair,27200,32000,01.02.2024
8,1,430,Rare Hernias Repair (Spigalion Obturator Lumbar Sciatic),18975,21821,
8,1,431,Splenectomy - For Trauma,17078,19639,
8,1,432,Splenectomy - For Hypersplenism,14490,16664,
8,1,433,Splenorenal Anastomosis,20700,23805,
8,1,434,Portocaval Anastomosis,28750,33063,
9,1,435,Direct Operation on Oesophagus for Portal Hypertension,20597,23686,
9,1,436,Mesentericocaval Anastomosis,25450,29268,
9,1,437,Warren Shunt,25875,29757,
9,1,438,Pancerato Duodenectomy,19562,22496,
9,1,439,By Pass Procedure for Inoperable Carcinoma of Pancreas,20700,23805,
9,1,440,Cystojejunostomy or Cystogastrostomy,14490,16664,
9,1,441,Cholecystectomy,20400,24000,01.02.2024
9,1,442,Cholecystectomy & Exploration of CBD,28050,33000,01.02.2024
9,1,443,Repair of CBD,13600,16000,
9,1,444,Operation for Hydatid Cyst of Liver,22950,27000,01.02.2024
9,1,445,Cholecystostomy,9263,10652,
9,1,446,Hepatic Resections (Lobectomy /Hepatectomy),28050,33000,01.02.2024
9,1,447,Operation on Adrenal Glands - Bilateral,23495,27019,
9,1,448,Operation on Adrenal Glands - Unilateral,13800,15870,
9,1,449,Appendicectomy,16150,19000,01.02.2024
9,1,450,Appendicular Abscess – Drainage,8798,10117,
9,1,451,Mesenteric Cyst- Excision,9936,11426,
9,1,452,Peritonioscopy/Laparoscopy,4600,5290,
9,1,453,Jejunostomy,5175,5952,
9,1,454,Ileostomy,13869,15950,
9,1,455,Resection & Anastomosis of Small Intestine including exploratory Laparotomy,18630,21425,01.02.2024
9,1,456,Duodenal Diverticulum,18400,21160,
9,1,457,Operation for Intestinal Obstruction,9315,10713,
9,1,458,Operation for Intestinal perforation,34200,39330,
9,1,459,Benign Tumours of Small Intestine,17595,20235,
9,1,460,Excision of Small Intestine Fistula,38250,45000,01.02.2024
9,1,461,Operations for GI Bleed,16000,18400,
9,1,462,Operations for Haemorrhage of Small Intestines,19550,22483,
9,1,463,Operations of the Duplication of the Intestines--- including exploratory Laparotomy,34850,41000,01.02.2024
9,1,464,Operations for Recurrent Intestinal Obstruction (Noble Plication & Other Operations for Adhesions),20700,23805,
9,1,465,Ilieosigmoidostomy and related resection,16790,19309,
9,1,466,Ilieotransverse Colostomy and related resection,16790,19309,
9,1,467,Caecostomy,3903,4488,
9,1,468,Loop Colostomy Transverse Sigmoid,13110,15077,
9,1,469,Terminal Colostomy,25500,30000,01.02.2024
9,1,470,Closure of Colostomy,25500,30000,01.02.2024
9,1,471,Right Hemi-Colectomy,27200,32000,01.02.2024
9,1,472,Left Hemi-Colectomy,27200,32000,01.02.2024
9,1,473,Total Colectomy,34000,40000,01.02.2024
9,1,474,Operations for Volvulus of Large Bowel,24920,28658,
9,1,475,Operations for Sigmoid Diverticulitis,16767,19283,
9,1,476,Fissure in Ano with Internal sphinctrectomy with fissurectomy,27200,32000,01.02.2024
9,1,477,Fissure in Ano - Fissurectomy,24650,29000,01.02.2024
9,1,478,Rectal Polyp-Excision,11645,`,01.02.2024
9,1,479,Fistula in Ano - High Fistulectomy,29750,35000,01.02.2024
9,1,480,Fistula in Ano - Low Fistulectomy,19550,23000,01.02.2024
9,1,481,Prolapse Rectum - Theirch Wiring,9315,10713,
9,1,482,Prolapse Rectum - Rectopexy,11900,14000,01.02.2024
9,1,483,Prolapse Rectum - Grahams Operation,Deleted,Deleted,01.02.2024
9,1,484,Operations for Hirschsprungs Disease,14260,16399,
9,1,485,Excision of Pilonidal Sinus (open),18700,22000,01.02.2024
9,1,486,Excision of Pilonidal Sinus with closure,21250,25000,01.02.2024
9,1,487,Abdomino-Perineal Excision of Rectum,18300,21045,
9,1,488,Anterior Resection of rectum,19665,22615,
9,1,489,Pull Through Abdominal Resection,15453,17771,
9,1,490,Retro Peritoneal Tumor Removal,16200,18630,
10,1,491,Radio ablation of varicose veins (RFA Ablation),7225,8500,01.02.2024
10,1,492,Laser ablation of varicose veins,34000,40000,01.02.2024
10,1,493,Laparoscopic Fundoplication,17370,19976,
10,1,494,Laparoscopic Splenectomy,25000,28750,
10,1,495,Laparoscopic Removal of hydatid cyst,18000,20700,
10,1,496,Laparoscopic treatment of Pseudo Pancreatic cyst,18000,20700,
10,1,497,Laparoscopic Whipple's operation (Laparoscopic Pancreatico Duodenectomy,20000,23000,
10,1,498,Laparoscopic GI bypass operation,22000,25300,
10,1,499,Laparoscopic Total Colectomy,25000,28750,
10,1,500,Laparoscopic Hemicolectomy,23000,26450,
10,1,501,Laparoscopic Anterior Resection (of Intestine/ Rectum),23000,26450,
10,1,502,Laparoscopic Cholecystetomy,28050,33000,01.02.2024
10,1,503,Laparoscopic Appedicectomy,25500,30000,01.02.2024
10,1,504,Laparoscopic Hernia - inguinoplasty (including Tacker and Mesh),29750,35000,01.02.2024
10,1,505,Laparoscopic ventral Hernia Repair,17500,20125,
10,1,506,Laparoscopic Paraumblical Hernia Repair,17500,20125,18.02.2015
10,1,507,Laparoscopic Adrenelectomy,12000,13800,
10,1,508,Laparoscopic Nephrectomy,22000,25300,
10,1,509,Other Major Surgery,Deleted,Deleted,01.02.2024
10,1,510,Other Minor Surgery,Deleted,Deleted,01.02.2024
10,1,,TREATMENT PROCEDURE ICU/CCU PROCEDURES (SPECIAL CARE CASES),,,
10,1,511,Coronary Care with Cardiac Monitoring (Room Rent extra),750,863,
10,1,512,Compressed air / piped oxygen /per hour,50,58,12.04.2019
10,1,513,Ventilator charges (Per day),531,611,
10,1,514,Paediatric care for New born (Per day),186,214,
10,1,515,Incubator charges (Per day),345,397,
10,1,516,Neonatal ICU charges (Per day),391,450,
10,1,517,Resuscitation,184,212,
10,1,518,Exchange Transfusion,239,275,
10,1,519,Pneupack ventilator in Nursery (Per day),575,661,
10,1,,TREATMENT PROCEDURE CARDIOVASCULAR AND CARDIAC SURGERY & INVESTIGATIONS,,,
10,1,520,Atrial Septal Defect(ASD) closure Ventricular septal defect (VSD) with graft,46627,53621,
10,1,521,,46627,53621,
10,1,522,TOF/TAPVC/TCPC/REV/RSOV repair,114368,131522,
10,1,523,BD Glenn/Left atrium myxoma,72675,85500,
10,1,524,Senning/Arterial Switch Operation (ASO) with graft,109969,126464,
10,1,525,Double Switch Operation (DSO),93254,107241,
10,1,526,Atrioventricular(AV) canal repair,144900,166635,
10,1,527,Fontan PROCEDURE,152100,174915,
10,1,528,Conduit repair,152100,174915,
10,1,529,Coronary Artery Bypass Graft surgery (CABG),127075,146136,
10,1,530,CABG + Intra-Aortic Balloon Pump (IABP),169000,194350,
10,1,531,CABG + Valve.,152100,174915,
10,1,532,CABG without bypass.,126000,144900,
10,1,533,Ascending aorta replacement,130000,149500,
10,1,534,Double Valve Replacement (DVR),155422,178735,18.02.2015
10,1,535,Mitral valve Replacement(MVR)/ Aortic valve Replacement(AVR),93254,107241,
10,1,536,Mitral Valve repair + Aortic Valve repair,93254,107241,
10,1,537,Aorta femoral bypass,46800,53820,
10,1,538,Blalock-Taussig shunt (BT Shunt) / Coarctation,46782,53799,
10,1,539,Pulmonary Artery Banding (PA Banding) Septostomy,46782,53799,
10,1,540,Pericardectomy,38088,43801,
10,1,541,Congenital cytomegalovirus (CMV)/ patent ductus arteriosus (PDA),46782,53799,
10,1,542,Gunshot injury,46782,53799,
10,1,543,Heart transplant,276000,317400,
11,1,544,Balloon coronary angioplasty/PTCA,78200,92000,19.12.2023
11,1,545,Balloon coronary angioplasty/PTCA without Vascular Closure Device,71150,83725,19.12.2023
11,1,546,Rotablation,47775,56206,19.12.2023
11,1,547,Balloon Mitral Valvotomy / Percutaneous transvenous mitral commissurotomy (PTMC) -,77000,90700,19.12.2023
11,1,548,Cardiac Catheterization (CATH),11510,13545,19.12.2023
11,1,549,Aortic Arch Replacement,10350,11903,
11,1,550,Aortic Dissection,12650,14548,
11,1,551,Thoraco Abdominal Aneurism Repair,15000,17250,
11,1,552,Embolectomy,21000,24150,
11,1,553,Vascular Repair,36000,41400,
11,1,554,Bentall Repair with Prosthetic Valve,30000,34500,
11,1,555,Bentall Repair with Biologic Valve,114750,135000,
11,1,556,Coaractation dilatation,60860,71600,19.12.2023
11,1,557,Coaractation dilatation with Stenting,18500,21275,
11,1,558,TPI Single Chamber,16320,19200,
11,1,559,TPI Dual Chamber,8160,9600,
11,1,560,Permanent pacemaker implantation (PPI)- Single chamber,27200,32000,19.12.2023
11,1,561,Permanent pacemaker implantation- Dual Chamber,36550,43000,19.12.2023
11,1,562,Permanent pacemaker implantation (PPI)- Biventricular,42180,49625,19.12.2023
11,1,563,Automatic implantable Cardioverter defibrillator AICD Single chamber,42500,50000,19.12.2023
11,1,564,Automatic implantable Cardioverter defibrillator AICD - Dual Chamber,44500,52350,19.12.2023
11,1,565,Combo device implantation,50150,59000,19.12.2023
11,1,566,Diagnostic Electrophysiological studies conventional (including catheter),56100,66000,19.12.2023
11,1,567,Ambulatory BP monitoring,1000,1000,19.12.2023
11,1,568,External Loop/event recording ( maximum up to 7 days),"1,500 first day and 1,000 for subsequent days","1,500 first day and 1,000 for subsequent days",19.12.2023
11,1,569,RF Ablation conventional,35000,40250,19.12.2023
11,1,570,Radiofrequency (RF) ablation Atrial Tachycardia/with 3-D mapping – all inclusive,153850,181000,19.12.2023
11,1,571,Endomyocardial biopsy,Deleted,Deleted,19.12.2023
11,1,572,Intra aortic balloon pump (IABP),7038,8094,19.12.2023
11,1,573,Intravascular coils,63750,75000,19.12.2023
11,1,574,Septostomy- Balloon,25500,30000,19.12.2023
11,1,575,Septostomy- Blade,17595,20235,
11,1,576,Aortic valve balloon dilatation (AVBD) / Pulmonary valve Balloon Dilatation (PVBD),47940,56400,19.12.2023
11,1,577,Digital subtraction angiography-Peripheral artery,12400,14610,19.12.2023
11,1,578,Digital subtraction angiography- venogram,12400,14610,19.12.2023
11,1,579,CT Guided biopsy,1139,1310,
11,1,580,Sinogram,863,992,
11,1,581,Peripheral Angioplasty with VCD,11500,13225,
11,1,582,Peripheral Angioplasty,46750,55500,19.12.2023
11,1,583,Renal Angioplasty,46750,55000,19.12.2023
11,1,584,Intravascular ultrasound (IVUS),50000,50000,19.12.2023
11,1,585,Fractional Flow Reserve (FFR) inclusive of cost of wire,30000,30000,19.12.2023
11,1,586,Holter analysis,2125,2500,19.12.2023
11,1,587,Aortic stent grafting for aortic aneurysm,70650,81248,
11,1,588,Inferior Vena Cava (IVC) filter implantation (Cost of Filter extra),25500,30000,19.12.2023
11,1,589,ASD device closure,84065,98900,19.12.2023
11,1,589,VSD device closure,93415,109900,19.12.2023
11,1,589,PDA device closure,46750,55000,19.12.2023
11,1,590,Electrocardiogram (ECG),150,175,19.06.2023
11,1,591,Head--up tilt test (HUTT),3400,4000,19.12.2023
11,1,592,2D echocardiography,1255,1475,19.06.2023
11,1,593,3D echocardiography,1263,1485,
11,1,594,Fetal Echo,1360,1600,19.06.2023
11,1,595,2D Transesophageal Echocardiography (TEE),1263,1485,
12,1,596,3D Transesophageal Echocardiography (TEE),1403,1650,
12,1,597,Stress Echo- exercise,2040,2400,19.06.2023
12,1,598,Stress Echo- pharmacological,2550,3000,19.06.2023
12,1,599,Stress Myocardial Perfusion Imaging(MPI)-exercise,7650,9000,19.12.2023
12,1,600,Stress Myocardial Perfusion Imaging (MPI) – pharmacological,7650,9000,19.12.2023
12,1,601,Coronary angiography,11240,13225,19.12.2023
12,1,602,CT coronary angiography,6030,6935,
12,1,603,Cardiac CT scan,2045,2352,
12,1,604,Cardiac MRI,6800,8000,19.06.2023
12,1,605,Stress Cardiac MRI,3000,3450,
12,1,606,MR angiography.,5635,6480,
12,1,607,Cardiac PET,1500,1725,
12,1,608,Pericardiocentesis,8500,10000,19.12.2023
12,1,609,Other Major Surgery,20000,23000,
12,1,610,Other Minor Surgery,4250,5000,
12,1,,TREATMENT PROCEDURE OBSTETRICS AND GYNAECOLOGY,,,
12,1,611,Normal delivery with or without Episiotomy & P. repair,8000,9200,
12,1,612,vacuum delivery,8625,9919,
12,1,613,Forceps Delivery,9200,10580,
12,1,614,Cesarean Section(CS),14050,16158,
12,1,615,Cesarean Hysterectomy,17078,19639,
12,1,616,Rupture Uterus closure & repair with Tubal Ligation,17250,19838,
12,1,617,Perforation of Uterus after D/E Laparotomy & Closure,13800,15870,
12,1,618,Laparotomy for Ectopic pregnancy,13800,15870,
12,1,619,Laparotomy-peritonitis Lavage and Drainage,11500,13225,
12,1,620,Salphingo-Oophorectomy/ Oophorectomy Laparoscopic,10000,11500,
12,1,621,Ovarian Cystectomy-laparoscopic.,10350,11903,
12,1,622,Ovarian Cystectomy -laparotomy.,12420,14283,
12,1,623,Salpingo-Oophorectomy-laparotomy,10368,11923,
12,1,624,Laparoscopic Broad Ligament Hematoma Drainage with repair,6900,7935,
12,1,625,Exploration of perineal Haematoma & Repair,8000,9200,
12,1,626,Exploration of abdominal Haematoma (after laparotomy + LSCS),8050,9258,
12,1,627,Manual Removal of Placenta,3450,3968,
12,1,628,Examination under anesthesia (EUA),1000,1150,
12,1,629,Burst-abdomen Repair,10000,11500,
12,1,630,Gaping Perineal Wound Secondary Suturing,1490,1714,
12,1,631,Gaping abdominal wound Secondary Suturing,3450,3968,
12,1,632,Complete perineal tear-repair,2128,2447,
12,1,633,Exploration of PPH-tear repair,3500,4025,
12,1,634,Suction evacuation vesicular mole,5000,5750,
12,1,635,Suction evacuation Missed abortion/ incomplete abortion,4658,5356,
12,1,636,Colpotomy,3450,3968,
12,1,637,Repair of post-coital tear/ perineal injury,3508,4034,
12,1,638,Excision of urethral caruncle,3450,3968,
12,1,639,Shirodhkar/ McDonald stitch,3220,3703,
12,1,640,Abdominal Hysterectomy with or without salpingo-oophorectomy,15525,17854,
12,1,641,Non-descent Vaginal Hysterectomy (NDVH),17250,19838,
12,1,642,Vaginal Hysterectomy with repairs (UV Prolapse),17250,19838,
12,1,643,Myomectomy -laparotomy,12600,14490,
12,1,644,Myomectomy -laparoscopic,6325,7274,
12,1,645,Vaginoplasty,14950,17193,
12,1,646,Vulvectomy -Simple,8280,9522,
12,1,647,Vulvectomy-Radical,9200,10580,
12,1,648,Rectovaginal Fistula (RVF) Repair,18975,21821,18.02.2015
12,1,649,Manchester Operation,15000,17250,
12,1,650,Shirodkar’s sling Operation or other sling operations for prolapse uterus,3450,3968,
12,1,651,Laparoscopic sling operations for prolapse uterus,25200,28980,
13,1,652,Diagnostic Curettage,2484,2857
13,1,653,Cervical Biopsy,1800,2070
13,1,654,Polypectomy,1366,1571
13,1,655,Other-Minor Operation Endometrial,2300,2645
13,1,656,Excision Vaginal Cyst/Bartholin Cyst,3450,3968
13,1,657,Excision Vaginal Septum,4600,5290
13,1,658,Laparoscopy -Diagnostic with chromopertubation and or adhesiolysis and drilling,4025,4629
13,1,659,Laparoscopy Sterilization,3450,3968
13,1,660,LAVH,22719,26126
13,1,661,Balloon Temponade for PPH,2800,3220
13,1,662,Total laparoscopic hysterectomy,22719,26126
13,1,663,Laparoscopic treatment of Ectopic pregnancy- salpingectomy/salpinostomy conservative,8798,10117
13,1,664,Conisation of cervix,4025,4629
13,1,665,Trachhelectomy of cervix for early CA cervix,4950,5693
13,1,666,Hysteroscopic cannulation,2875,3306
13,1,667,Laparotomy recannalization of Fallopian tubes-(Tubuloplasty),20183,23210
13,1,668,Laparoscopic recannalization of Fallopian tubes- (Tubuloplasty),17550,20183
13,1,669,Colposcopy,958,1102
13,1,670,Inversion of Uterus – Vaginal Reposition,2500,2875
13,1,671,Inversion of Uterus – Abdominal Reposition,2500,2875
13,1,672,Laparoscopic VVF Repair,25200,28980
13,1,673,Abdominal VVF Repair,25200,28980
13,1,674,Vaginal VVF Repair,25200,28980
13,1,675,Interventional Ultrasonography (CVS),880,1012
13,1,676,Amniocentesis,880,1012
13,1,677,Karyotyping,800,920
13,1,678,Thermal balloon ablation.,11500,13225
13,1,679,Ultrasonographic myolysis,9264,10653
13,1,680,Vaginal Myomectomy,9000,10350
13,1,681,Intra Uterine Inseminition,920,1058
13,1,682,ICSI,11500,13225
13,1,683,Laparotomy abdominal sacro-colpopexy,15000,17250
13,1,684,Vaginal Colpopexy,19800,22770
13,1,685,Laparoscopic abdominal sacro-colpopexy,20000,23000
13,1,686,Laparotomy pelvic Lymphadenectomy,1200,1380
13,1,687,Laparoscopic pelvic Lymphadenectomy,3500,4025
13,1,688,Endometrial aspiration cytology/biopsy,513,590
13,1,689,Transvaginal sonography (TVS for Follicular monitioring /aspiration),460,529
13,1,690,laparoscopic treatment for stress incontinence,13500,15525
13,1,691,Transvaginal tapes for Stress incontinence,13500,15525
13,1,692,trans-obturator tapes for Stress incontinence,12000,13800
13,1,693,Interventional radiographic arterial embolization,16200,18630
13,1,694,Diagnostic cystoscopy,2875,3306
13,1,695,Staging laparotomy surgery for CA Ovary,6325,7274
13,1,696,Internal Iliac ligation,3393,3902
13,1,697,stepwise devascularisation,9200,10580
13,1,698,Assisted breech delivery,9833,11308
13,1,699,Intra-uterine fetal blood transfusion,21275,24466
13,1,700,Hysteroscopy TCRE,8500,9775
13,1,701,Hysteroscopy Removal of IUCD,7500,8625
13,1,702,Hysteroscopy Removal of Septum,11000,12650
13,1,703,Hysteroscopy Diagnostic,7500,8625
13,1,704,Radical Hysterectomy for Cancer cervix with pelvic lymphadenectomy,7650,8798
13,1,705,Radical Hysterectomy for Cancer endometrium extending to cervix with pelvic and para aortic lymphadenectomy,8500,9775
13,1,706,Sterilization Post partum (minilap),3750,4313
13,1,707,Sterilization interval (minilap),3750,4313
14,1,708,Ultrasonography Level II scan/Anomaly Scan,1700,2000,19.06.2023
14,1,709,Fetal nuchal Translucency,300,345,
14,1,710,Fetal Doppler/Umblical Doppler/Uterine Vessel Doppler (USG Colour Doppler Pregnancy),1425,1675,19.06.2023
14,1,711,MTP- 1st Trimester,3000,3450,
14,1,712,MTP - 2nd Trimester,4370,5026,
14,1,713,Quadruple test,2000,2300,
14,1,714,Biophysical score,600,690,
14,1,715,Other Major Surgery,25200,28980,
14,1,716,Other Minor Surgery,5000,5750,
14,1,,TREATMENT PROCEDURE NEPHROLOGY AND UROLOGY,,,
14,1,717,Partial Nephrectomy -open,14594,16782,
14,1,718,Partial Nephrectomy-laproscopic/endoscopic,13041,14998,
14,1,719,Nephrolithomy -open,12000,13800,
14,1,720,Nephrolithomy -laproscopic/endoscopic,14000,16100,
14,1,721,Pyelolithotomy-open,13000,14950,
14,1,722,Pyelolithotomy -laproscopic/endoscopic,9522,10950,
14,1,723,Operations for Hydronephrosis -pyeloplasty open,16560,19044,
14,1,724,Operations for Hydronephrosis -pyeloplasty Lap/endoscopic,19000,21850,
14,1,725,Operations for Hydronephrosis Endoplyelotomy antegrade,18000,20700,
14,1,726,Operations for Hydronephrosis Endoplyelotomy retrograde,18000,20700,
14,1,727,Operations for Hydronephrosis -ureterocalicostomy,18000,20700,
14,1,728,Operations for Hydronephrosis-Ileal ureter,18000,20700,
14,1,729,Open Drainage of Perinephric Abscess,8000,9200,
14,1,730,Percutaneous Drainage of Perinephric Abscess -Ultrasound guided,5750,5750,
14,1,731,Cavernostomy,9775,11500,
14,1,732,Operations for Cyst of the Kidney -open,10764,12379,
14,1,733,Operations for Cyst of the Kidney -Lap/endoscopic,14030,16135,
14,1,734,Ureterolithotomy -open,13248,15235,
14,1,735,Ureterolithotomy-Lap/Endoscopic,10000,11500,
14,1,736,Nephroureterectomy open,14490,16664,
14,1,737,Nephroureterectomy -Lap/Endoscopic,14490,16664,
14,1,738,Operations for Ureter for -Double Ureters,17100,19665,
14,1,739,Operations for Ureter -for Ectopia of Single Ureter,18000,20700,
14,1,740,Operations for Vesico- ureteric Reflux -Open,18000,20700,
14,1,741,Operations for Vesico- ureteric Reflux-Lap/Endoscopic,18000,20700,
14,1,742,Operations for Vesico- ureteric Reflux/ Urinary incontinence with bulking agents,18630,21425,
14,1,743,Ureterostomy - Cutaneous,12000,13800,
14,1,744,Uretero-Colic anastomosis,16000,18400,
14,1,745,Formation of an Ileal Conduit,15525,17854,
14,1,746,Ureteric Catheterisation,8278,10950,18.02.2015
14,1,747,Biopsy of Bladder (Cystoscopic),2300,2645,
14,1,748,Cysto-Litholapaxy,9833,11308,
14,1,749,Operations for Injuries of the Bladder,10000,11500,
14,1,750,Suprapubic Drainage (Cystostomy/vesicostomy),6000,6900,
14,1,751,Simple Cystectomy,15525,17854,
14,1,752,Diverticulectomy -open,16000,18400,
14,1,753,Diverticulectomy- Lap/Endoscopic,16560,19044,
14,1,754,Diverticulectomy -Endoscopic incision of neck,1553,1786,
14,1,755,Augmentation Cystoplasty,6670,7671,
14,1,756,Operations for Extrophy of the Bladder- Single stage repair,20070,23081,
14,1,757,Operations for Extrophy of the Bladder- Multistage repair,18734,21543,
14,1,758,Operations for Extrophy of the Bladder- simple cystectomy with urinary diversion,20250,23288,
14,1,759,Repair of Ureterocoel -Open,13800,15870,
14,1,760,Repair of Ureterocoel -Lap/Endoscopic,14375,16531,
14,1,761,Repair of Ureterocoel -Endoscopic incision,11700,13450,
14,1,762,Open Suprapubic Prostatectomy,18630,21425,
15,1,763,Open Retropubic Prostatectomy,18113,20830,
15,1,764,Transurethral Resection of Prostate (TURP),18630,21425,
15,1,765,Urethroscopy/ Cystopanendoscopy,4600,5290,
15,1,766,Internal urethrotomy -optical,5750,6613,
15,1,767,Internal urethrotomy -Core through urethroplasty,9936,11426,
15,1,768,Urethral Reconstruction -End to end ansatamosis,3450,3968,
15,1,769,Urethral Reconstruction - substitution urethroplasty (Transpubic urethroplasty,17595,20235,
15,1,770,Abdomino Perineal urethroplasty,12600,14490,
15,1,771,Posterior Urethral Valve fulguration.,10143,11665,
15,1,772,Operations for Incontinence of Urine - Male -Open,15525,17854,
15,1,773,Operations for Incontinence of Urine - Male -Sling,16560,19044,
15,1,774,Operations for Incontinence of Urine - Male-Bulking agent,17492,20115,
15,1,775,Operations for Incontinence of Urine - Female -Open,15525,17854,
15,1,776,Operations for Incontinence of Urine - Female-Sling,16560,19044,
15,1,777,Operations for Incontinence of Urine - Female-Bulking agent,17492,20115,
15,1,778,Reduction of Paraphimosis,1553,1786,
15,1,779,Circumcision,3000,3450,
15,1,780,Meatotomy,2346,2698,
15,1,781,Meatoplasty,2898,3333,
15,1,782,Operations for Hypospadias + Chordee Correction,8280,9522,
15,1,783,Operations for Hypospadias - Second Stage,13500,15525,
15,1,784,Operations for Hypospadias - One Stage Repair,9200,10580,
15,1,785,Operations for Crippled Hypospadias,11500,13225,
15,1,786,Operations for Epispadias _primary repair,11334,13034,
15,1,787,Operations for Epispadias-crippled epispadias,10247,11784,
15,1,788,Partial Amputation of the Penis,9688,11141,
15,1,789,Total amputation of the Penis,10800,12420,
15,1,790,Orchidectomy-Simple,9775,11241,
15,1,791,Orchidectomy -Radical,10868,12498,
15,1,792,Post Radical Orchidectomy retroperitoneal lymph node dissection.,14000,16100,
15,1,793,Epididymectomy,15938,18750,18.02.2015
15,1,794,Adreneclectomy Unilateral/Bilateral for Tumour/For Carcinoma- Open,22770,26186,
15,1,795,Adreneclectomy Unilateral/Bilateral for Tumour/For Carcinoma - Lap/Endoscopic,12938,14878,
15,1,796,Operations for Hydrocele - Unilateral,5865,6745,
15,1,797,Operations for Hydrocele - Bilateral,7700,8855,
15,1,798,Operation for Torsion of Testis,11500,13225,
15,1,799,Micro-surgical Vasovasostomy /Vaso epidedymal ansatamosis.,9936,11426,
15,1,800,Operations for Varicocele Unilateral-Microsurgical,7705,8861,
15,1,801,Operations for Varicocele Palomo’s Unilateral - Lap,8280,9522,
15,1,802,Operations for Varicocele Bilateral --Microsurgical,12650,14548,
15,1,803,Operations for Varicocele Bilateral – Lap/ Palomo,14950,17193,
15,1,804,Block Dissection of ilio-inguinal Nodes - One Side (For Ca- Penis),6325,7274,
15,1,805,Block Dissection of ilio-inguinal Nodes - Both Sides (For Ca- Penis),20700,23805,
15,1,806,Excision of Filarial Scrotum,11500,13225,
15,1,807,Kidney Transplantation (related),200000,230000,18.02.2015
15,1,808,Kidney Transplantation (Spousal/ unrelated) Including immunosuppressant therapy,300000,345000,18.02.2015
15,1,809,ABO incompatible Transplantation,441000,507150,
15,1,810,Swap Transplantation,349200,401580,
15,1,811,Kidney Transplant Graft Nephrectomy,59500,70000,
15,1,812,Donor Nephrectomy (open),28750,33063,
15,1,813,Donor Nephrectomy (Laproscopic),46000,52900,
15,1,814,Cadaver Transplantation,83300,95795,
15,1,815,Kidney Transplant with Native Kidney Nephrectomy (Related)/ Unilateral,28000,32200,
15,1,816,Kidney Transplant with Native Kidney Nephrectomy (Related)/ Bilateral,76500,87975,
15,1,817,Kidney Transplant with Native Kidney Nephrectomy (Spousal/ Unrelated) Unilateral,76500,87975,
16,1,818,Kidney Transplant with Native Kidney Nephrectomy (Spousal/ Unrelated) Bilateral,76500,87975
16,1,819,Post-Transplant Collection drainage for Lymphocele (open),6120,7200
16,1,820,Post-Transplant Collection drainage for Lymphocele (percutaneous),6120,7200
16,1,821,Post-Transplant Collection drainage for Lymphocele (Laproscopic),6885,8100
16,1,822,Arteriovenous Fistula for Haemodialysis,2300,2645
16,1,823,Arteriovenous Shunt for Haemodialysis,3500,4025
16,1,824,Jugular Catheterization for Haemodialysis,1500,1725
16,1,825,Subclavian Catheterization for Haemodialysis,2025,2329
16,1,826,One sided (single Lumen) Femoral Catheterization for Haemodialysis,1000,1150
16,1,827,Bilateral (single Lumen) Femoral Catheterization for Haemodialysis,1500,1725
16,1,828,Double Lumen Femoral Catheterization for Haemodialysis,1850,2128
16,1,829,Permcath Insertion,2800,3220
16,1,830,Arterio venous Prosthetic Graft,1850,2128
16,1,831,Single lumen Jugular Catheterization,1500,1725
16,1,832,Single lumen Subclavian Catheterization,1700,2000
16,1,833,Plasma Exchange/ Plasma phresis,1725,1984
16,1,834,Open method CAPD catheter insertion,3150,3623
16,1,835,Schlendinger method CAPD catheter insertion,3150,3623
16,1,836,Sustained low efficiency hemodialysis,1250,1438
16,1,837,Continuous Veno venous/Arteriovenous Hemofilteration,2250,2588
16,1,838,Hemodialysis for Sero negative cases,1400,1610
16,1,839,Hemodialysis for Sero Positive cases,1650,1898
16,1,840,Acute Peritoneal Dialysis,1450,1668
16,1,841,Fistologram for Arteriovenous Fistula,2250,2588
16,1,842,Ultrasound guided kidney Biopsy,850,978
16,1,843,Fistula stenosis dilation,3000,3450
16,1,844,Slow continuous Ultrafilteration,2250,2588
16,1,845,PCNL - Unilateral,20000,23000
16,1,846,PCNL - Bilateral,25000,28750
16,1,847,Endoscopic Bulking agent Inject,4500,5175
16,1,848,Testicular Biopsy,1760,2023
16,1,849,Radical Nephrectomy -Open,17250,19838
16,1,850,Radical Nephrectomy -Lap/Endoscopic,20700,23805
16,1,851,Radical Nephrectomy plus IV thrombus,20700,23805
16,1,852,Radical Nephrectomy plus IV thrombus plus cardiac bypass.,20700,23805
16,1,853,Vesico Vaginal Fistula Repair (Open),16000,18400
16,1,854,Vesico Vaginal Fistula Repair (Laproscopic),22000,25300
16,1,855,Radical Cystectomy -Ileal conduit,17000,20000
16,1,856,Radical Cystectomy - continent diversion.,15000,17250
16,1,857,Radical Cystectomy – Neo bladder,16650,19148
16,1,858,Nephrectomy Simple -Open,10074,11585
16,1,859,Nephrectomy Simple-lap/Endoscopic,11334,13034
16,1,860,Nephrostomy -Open,10000,11500
16,1,861,Nephrostomy -Lap/Endoscopic,10704,12593
16,1,862,Ureteric Re- implant for Megaureter/Vesicoureteric reflex/uterocele (open),10494,12068
16,1,863,Ureteric Re -implant for Megaureter/Vesicoureteric reflex/ uterocele (Laproscopic),10494,12068
16,1,864,Partial Cystectomy,13800,15870
16,1,865,TURP & TUR Bladder Tumour,15525,17854
16,1,866,TURP with Cystolithotripsy,17000,19550
16,1,867,Closure of Urethral Fistula,9900,11385
16,1,868,Orchidopexy - Unilateral -Open,9867,11347
16,1,869,Orchidopexy - Unilateral- Lap/Endoscopic,12334,14184
16,1,870,Orchidopexy - Bilateral -Open,12282,14124
16,1,871,Orchidopexy - Bilateral -Lap/Endoscopic,14500,16675
16,1,872,Cystolithotomy -Suprapubic,9775,11241
16,1,873,Endoscopic Removal of Stone in Bladder,3450,3968
17,1,874,Resection Bladder Neck Endoscopic /Bladder neck incision/transurethral incision on prostrate,9833,11308,
17,1,875,Ureteroscopic Surgery,9315,10713,
17,1,876,Urethroplasty 1st Stage,10925,12564,
17,1,877,Scrotal Exploration,8556,9839,
17,1,878,Perineal Urethrostomy,4715,5422,
17,1,879,Dilatation of Stricture Urethra under G.A.,2000,2300,
17,1,880,Dilatation of Stricture Urethra under LA,1553,1786,
17,1,881,Laproscopic Nephrectomy,30015,34518,
17,1,882,Laproscopic partial Nephrectomy,10000,11500,
17,1,883,Laproscopic pyelolithotomy,12650,14548,
17,1,884,Laproscopic Pyeloplasty,9775,11241,
17,1,885,Laproscopic surgery for Renal cyst,9775,11241,
17,1,886,Laproscopic ureterolithotomy,11500,13225,
17,1,887,Laproscopic Nephro ureterotectomy,11903,13688,
17,1,888,Lithotripsy Extra corporeal shock wave.,19550,22483,18.02.2015
17,1,889,Uroflow Study (Uroflometry),450,518,
17,1,890,Urodynamic Study (Cystometry),480,552,
17,1,891,Cystoscopy with Retrograde Catheter -Unilateral /RGP,2523,2901,
17,1,892,Cystoscopy with Retrograde Catheter - Bilateral /RGP,4208,4950,
17,1,893,Cystoscopy with Bladder Biopsy (Cold Cup Biopsy),3381,3888,
17,1,894,Voiding-cysto-urethrogram and retrograde urethrogram (Nephrostogram),414,476,
17,1,895,Radical prostatectomy-Open,16043,18449,
17,1,896,Radical prostatectomy-Laproscopic,18113,20830,
17,1,897,Radical prostatectomy- Robotic (Robotic Partial Nephrectomy),18113,20830,
17,1,898,Hollmium YAG Prostate Surgery,15000,17250,
17,1,899,Hollmium YAG OIU,4600,5290,
17,1,900,Hollmium YAG Core Through,17250,19838,
17,1,901,Hollmium YAG Stone Lithotripsy,10200,12000,
17,1,902,Green Light laser for prostate,17250,19838,
17,1,903,RIRS/ Flexible Ureteroscopy,6800,7820,
17,1,904,Microscopic VEA/ Vaso-Vasostomy (for Infertility),13500,15525,
17,1,905,Cystoscopic Botulinum Toxin Injection ( Over active bladder/ Neurogenic bladder),6800,7820,
17,1,906,Peyronie’s disease – Plaque excision with grafting,3400,4000,
17,1,907,High Intensity Focus Ultrasound (HIFU) (Robotic) for Carcinoma prostrate and renal cell carcinoma,4600,5290,
17,1,908,Prosthetic surgery for urinary incontinence,2300,2645,
17,1,909,TRUS guided prostate biopsy,575,661,
17,1,910,Ultra sound guided PCN,648,745,
17,1,911,Other Major Surgery,15000,17250,
17,1,912,Other Minor Surgery,6800,7820,
17,1,,TREATMENT PROCEDURE NEURO-SURGERY,,,
17,1,913,Craniotomy and Evacuation of Haematoma -Subdural,45644,52490,
17,1,914,Craniotomy and Evacuation of Haematoma -Extradural,50000,57500,
17,1,915,Evacuation /Excision of Brain Abscess by craniotomy,40000,46000,
17,1,916,Excision of Lobe (Frontal Temporal Cerebellum etc.),41000,47150,
17,1,917,Excision of Brain Tumours -Supratentorial,39123,44991,
17,1,918,Excision of Brain Tumours -Infratentorial,45000,51750,
17,1,919,Surgery of spinal Cord Tumours,45000,51750,
17,1,920,Ventriculoatrial /Ventriculoperitoneal Shunt,25000,28750,
17,1,921,Twist Drill Craniostomy,4250,5000,
17,1,922,Subdural Tapping,2456,2824,
17,1,923,Ventricular Tapping,2967,3412,
17,1,924,Abscess Tapping,2875,3306,
17,1,925,Placement of ICP Monitor -,2588,2975,
17,1,926,Skull Traction Application,2300,2645,
17,1,927,Lumber Pressure Monitoring,4250,5000,
17,1,928,Vascular Malformations,22000,25300,
18,1,929,Meningo Encephalocoele excision and repair,13500,15525
18,1,930,Meningomyelocoel Repair,24995,28744
18,1,931,C.S.F. Rhinorrhaea Repair,28750,33063
18,1,932,Cranioplasty,24150,27773
18,1,933,Anterior Cervical Dissectomy,16600,19090
18,1,934,Brachial Plexus Exploration and neurotization,15525,17854
18,1,935,Median Nerve Decompression,14000,16100
18,1,936,Peripheral Nerve Surgery – Major,15525,17854
18,1,937,Peripheral Nerve Surgery Minor,8280,9522
18,1,938,Ventriculo-Atrial Shunt,11615,13357
18,1,939,Nerve Biopsy,6900,7935
18,1,940,Brain Biopsy,5808,6679
18,1,941,Anterior Cervical Spine Surgery with fusion,28980,33327
18,1,942,Anterio Lateral Decompression of spine,25875,29757
18,1,943,Brain Mapping,837,963
18,1,944,Cervical or Dorsal or Lumbar Laminectomy,20700,23805
18,1,945,Combined Trans-oral Surgery & CV Junction Fusion,31050,35708
18,1,946,C.V. Junction Fusion procedures,30000,34500
18,1,947,Depressed Fracture Elevation,25000,28750
18,1,948,Lumbar Discectomy,24840,28566
18,1,949,Endarterectomy (Carotid),20000,23000
18,1,950,R.F. Lesion for Trigeminal Neuralgia,11500,13225
18,1,951,Spasticity Surgery -,35708,41063
18,1,952,Spinal Fusion Procedure,30000,34500
18,1,953,Spinal Intra Medullary Tumours,34500,39675
18,1,954,Spinal Bifida Surgery Major,17078,19639
18,1,955,Spinal Bifida Surgery Minor,15000,17250
18,1,956,Stereotaxic Procedures- biopsy/aspiration of cyst,20700,23805
18,1,957,Trans Sphenoidal Surgery,30000,34500
18,1,958,Trans Oral Surgery,30000,34500
18,1,959,Implantation of DBS -One electrode,34500,39675
18,1,960,Implantation of DBS -two electrodes,36225,41659
18,1,961,Endoscopic aqueductoplasty,15000,17250
18,1,962,Facial nerve reconstruction,30000,34500
18,1,963,Carotid stenting,42263,48602
18,1,964,Cervical disc arthroplasty,24840,28566
18,1,965,Lumbar disc arthroplasty,13800,15870
18,1,966,Corpus callostomy for Epilepsy,35000,40250
18,1,967,Hemishpherotomy for Epilepsy,28980,33327
18,1,968,Endoscopic CSF rhinorrhea repair,30000,34500
18,1,969,Burr hole evacuation of chronic subdural haematoma,24150,27773
18,1,970,Epilepsy surgery,36225,41659
18,1,971,RF lesion for facet joint pain syndrome,17250,19838
18,1,972,Cervical laminoplasty,28800,33120
18,1,973,Lateral mass C1-C2 screw fixation,23000,26450
18,1,974,Microsurgical decompression for Trigeminal nerve,38000,43700
18,1,975,Microsurgical decompression for hemifacial spasm,4181,4809
18,1,976,IC EC bypass procedures,32000,36800
18,1,977,Image guided craniotomy,28980,33327
18,1,978,Baclofen pump implantation,39000,44850
18,1,979,Programmable VP shunt,25000,28750
18,1,980,Endoscopic sympathectomy,15396,17706
18,1,981,Lumber puncture,207,238
18,1,982,External ventricular drainage (EVD),4140,4761
18,1,983,Endoscopic 3rd ventriculostomy,40000,46000
18,1,984,Endoscopic cranial surgery/Biopsy/aspiration,31536,36266
18,1,985,Endoscopic discectomy (Lumbar Cervical),35621,40964
19,1,986,Aneurysm coiling (Endovascular),34400,39560,
19,1,987,Surgery for skull fractures,36000,41400,
19,1,988,Carpel Tunnel decompression,15000,17250,
19,1,989,Clipping of intracranial aneurysm,24150,27773,
19,1,990,Surgery for intracranial Arteriovenous malformarions(AVM),40000,46000,
19,1,991,Foramen magnum decompression for Chari Malformation,93750,107813,18.02.2015
19,1,992,Dorsal column stimulation for backache in failed back syndrome,25875,29757,
19,1,993,Surgery for recurrent disc prolapse/epidural fibrosis,28980,33327,
19,1,994,Surgery for brain stem tumours,39589,45527,
19,1,995,Decompressive craniotomy for hemishpherical acute subdural haematoma/brain swelling/large infarct,40000,46000,
19,1,996,Intra-arterial thrombolysis with TPA (for ischemic stroke ),4600,5290,
19,1,997,Steriotactic aspiration of intracerebral haematoma,32545,37427,
19,1,998,Endoscopic aspiration of intracerebellar haematoma,40000,46000,
19,1,999,Steriotactic Radiosurgery for brain pathology(X knife/Gamma) - ONE session,27560,31694,
19,1,1000,Steriotactic Radiosurgery for brain pathology(X knife / Gamma knife -Two or more sessions,51750,59513,
19,1,1001,Chemotheraphy wafers for malignant brain tumors,14450,16618,
19,1,1002,Battery Placement for DBS,22000,25300,
19,1,1003,Baclofen pump implantation for spasticity,15597,17937,
19,1,1004,Peripheral Nerve tumor surgery,21600,24840,
19,1,1005,Surgery Intra Cranial Meningioma,20000,23000,
19,1,1006,Surgery for Intracranial Schwannoma,35000,40250,
19,1,1007,Surgery for Gliomas,45000,51750,
19,1,1008,Surgery for Orbital tumors,40000,46000,
19,1,1009,Surgery for Cranial (Skull) tumors,38500,44275,
19,1,1010,Surgery for Scalp AVM’s,25000,28750,
19,1,1011,Kyphoplasty,36000,41400,
19,1,1012,Balloon Kyphoplasty,40000,46000,
19,1,1013,Lesioning procedures for Parkinson’s disease Dystonia etc.,31500,36225,
19,1,1014,Other Major Surgery,42500,50000,
19,1,1015,Other Minor Surgery,17000,20000,
19,1,,TREATMENT PROCEDURE PAEDIATRIC SURGERY,,,
19,1,1016,Excision of thyroglossal Duct/Cyst,16000,18400,
19,1,1017,Diaphragmatic Hernia Repair (Thoracic or Abdominal Approach),15525,17854,
19,1,1018,Tracheo Oesophageal Fistula (Correction Surgery),23000,26450,
19,1,1019,Colon Replacement of Oesophagus,20700,23805,
19,1,1020,Omphalo Mesenteric Cyst Excision,15525,17854,
19,1,1021,Omphalo Mesenteric Duct- Excision,13973,16069,
19,1,1022,Meckels Diverticulectomy,3347,3849,
19,1,1023,Omphalocele 1st Stage (Hernia Repair),13973,16069,
19,1,1024,Omphalocele 2nd Stge (Hernia Repair),15525,17854,
19,1,1025,Gastrochisis Repair,14490,16664,
19,1,1026,Inguinal Herniotomy,11302,12998,
19,1,1027,Congenital Hydrocele,12000,13800,
19,1,1028,Hydrocele of Cord,12000,13800,
19,1,1029,Torsion Testis Operation,15000,17250,
19,1,1030,Congenital Pyloric Stenosis- operation,12544,14426,
19,1,1031,Duodenal- Atresia Operation,12600,14490,
19,1,1032,Pancreatic Ring Operation,22425,25789,
19,1,1033,Meconium Ileus Operation,14500,16675,
19,1,1034,Malrotation of Intestines Operation,13000,14950,
19,1,1035,Rectal Biopsy (Megacolon),8762,10076,
19,1,1036,Colostomy Transverse,15000,17250,
19,1,1037,Colostomy Left Iliac,15000,17250,
19,1,1038,Abdominal Perineal Pull Through (Hirschaprugis Disease),19000,21850,
19,1,1039,Imperforate Anus Low Anomaly -Cut Back Operation,9212,10593,
19,1,1040,Imperforate Anus Low Anomaly - Perineal Anoplasty,12000,13800,
20,1,1041,Imperforate Anus High Anomaly -Sacroabdomino Perineal Pull Through,12500,14375
20,1,1042,Imperforate Anus High Anomaly - Closure of Colostomy,8625,9919
20,1,1043,Intususception Operation,18630,21425
20,1,1044,Choledochoduodenostomy for Atresia of Extra Hepatic Billiary Duct,15000,17250
20,1,1045,Operation of Choledochal Cyst,16000,18400
20,1,1046,Nephrectomy for -Pyonephrosis,17000,19550
20,1,1047,Nephrectomy for - Hydronephrosis,15000,17250
20,1,1048,Nephrectomy for -Wilms Tumour,13500,15525
20,1,1049,Paraortic Lymphadenoctomy with Nephrectomy for Wilms Tumour,20000,23000
20,1,1050,Sacro-Coccygeal Teratoma Excision,14000,16100
20,1,1051,Neuroblastoma Debulking,16000,18400
20,1,1052,Neuroblastoma Total Excision,18630,21425
20,1,1053,Rhabdomyosarcoma wide Excision,15000,17250
20,1,1054,Congenital Atresia & Stenosis of Small Intestine,19000,21850
20,1,1055,Muconium ileus,16000,18400
20,1,1056,Mal-rotation & Volvulus of the Midgut,15000,17250
20,1,1057,Excision of Meckle’s Deverticulum,12000,13800
20,1,1058,Other Major Surgery,27000,31050
20,1,1059,Other Minor Surgery,11050,13000
20,1,,TREATMENT PROCEDURE BURNS AND PLASTIC SURGERY,,
20,1,1060,Primary Suturing of Wound,300,345
20,1,1061,Injection of Keloids - Ganglion,989,1138
20,1,1062,Injection of Keloids - Haemangioma,1035,1191
20,1,1063,Free Grafts - Wolfe Grafts,1725,1984
20,1,1064,Free Grafts - Theirech- Small Area 5%,6728,7736
20,1,1065,Free Grafts - Large Area 10%,7200,8280
20,1,1066,Free Grafts - Very Large Area 20% and above.,9315,10713
20,1,1067,Skin Flaps - Rotation Flaps,8073,9284
20,1,1068,Skin Flaps - Advancement Flaps,11250,12938
20,1,1069,Skin Flaps - Direct- cross Leg Flaps- Cross Arm Flap,12500,14375
20,1,1070,Skin Flaps - Cross Finger,11250,12938
20,1,1071,Skin Flaps - Abdominal,9350,11000
20,1,1072,Skin Flaps - Thoracic,9350,11000
20,1,1073,Skin Flaps - Arm Etc.,11000,12650
20,1,1074,Subcutaneous Pedicle Flaps Raising,6900,7935
20,1,1075,Subcutaneous Pedicle Flaps Delay,5950,7000
20,1,1076,Subcutaneous Pedicle Flaps Transfer,5950,7000
20,1,1077,Cartilage Grafting,7763,8927
20,1,1078,Reduction of Facial Fractures of Nose,1380,1587
20,1,1079,Reduction of Facial Fractures of Maxilla,8000,9200
20,1,1080,Reduction of Fractures of Mandible & Maxilla - Eye Let Splinting,7475,8596
20,1,1081,Reduction of Fractures of Mandible & Maxilla - Cast Netal Splints,6900,7935
20,1,1082,Reduction of Fractures of Mandible & Maxilla - Gumming Splints,7500,8625
20,1,1083,Internal Wire Fixation of Mandible & Maxilla,11500,13225
20,1,1084,Cleft Lip - repair.,11500,13225
20,1,1085,Cleft Palate Repair,12650,14548
20,1,1086,Primary Bone Grafting for alveolar cleft in Cleft Lip,11500,13225
20,1,1087,Secondary Surgery for Cleft Lip Deformity,10000,11500
20,1,1088,Secondary Surgery for Cleft Palate,12650,14548
20,1,1089,Reconstruction of Eyelid Defects - Minor,6325,7274
20,1,1090,Reconstruction of Eyelid Defects - Major,8500,9775
20,1,1091,Plastic Surgery of Different Regions of the Ear - Minor,7245,8332
20,1,1092,Plastic Surgery of Different Regions of the Ear - Major,9315,10713
20,1,1093,Plastic Surgery of the Nose - Minor,7245,8332
20,1,1094,Plastic Surgery of the Nose - Major,8550,9833
20,1,1095,Plastic Surgery for Facial Paralysis (Support with Reanimation),14490,16664
20,1,1096,Pendulous Breast - Mammoplasty,13000,14950
21,1,1097,Underdeveloped Breast Mammoplasty,12000,13800
21,1,1098,After Mastectomy (Reconstruction)Mammoplasty,12000,13800
21,1,1099,Syndactyly Repair,11475,13500
21,1,1100,Dermabrasion Face,11903,13688
21,1,1101,upto 30% Burns 1st Dressing,152,175
21,1,1102,upto 30% Burns Subsequent Dressing,124,143
21,1,1103,30% to 50% Burns 1st Dressing,193,222
21,1,1104,30% to 50% Burns Subsequent Dressing,152,175
21,1,1105,Extensive Burn -above 50% Frist Dressing,276,317
21,1,1106,Extensive Burn -above 50% Subsequent dressing,193,222
21,1,,TREATMENT PROCEDURE ORTHOPEDICS,,
21,1,1107,Plaster Work,255,300
21,1,1108,Fingers (post slab),259,298
21,1,1109,Fingers full plaster,259,298
21,1,1110,Colles Fracture - Below elbow,978,1125
21,1,1111,Colles Fracture - Full plaster,994,1143
21,1,1112,Colles fracture Ant. Or post. slab,400,460
21,1,1113,Above elbow full plaster,173,199
21,1,1114,Above Knee post-slab,518,595
21,1,1115,Below Knee full plaster,173,199
21,1,1116,Below Knee post-slab,718,826
21,1,1117,Tube Plaster (or plaster cylinder),800,920
21,1,1118,Above knee full plaster,1265,1455
21,1,1119,Above knee full slab,1158,1332
21,1,1120,Minerva Jacket,2415,2777
21,1,1121,Plaster Jacket,1967,2262
21,1,1122,Shoulder spica,1760,2023
21,1,1123,Single Hip spica,2019,2321
21,1,1124,Double Hip spica,2484,2857
21,1,1125,Strapping of Finger,179,206
21,1,1126,Strapping of Toes,180,207
21,1,1127,Strapping of Wrist,230,265
21,1,1128,Strapping of Elbow,262,301
21,1,1129,Strapping of Knee,345,397
21,1,1130,Strapping of Ankle,345,397
21,1,1131,Strapping of Chest,460,529
21,1,1132,Strapping of Shoulder,466,536
21,1,1133,Figure of 8 bandage,518,596
21,1,1134,Collar and cuff sling,255,300
21,1,1135,Ball bandage,360,414
21,1,1136,Application of P.O.P Casts for Upper & Lower Limbs,633,728
21,1,1137,Application of Functiol Cast Brace,1350,1553
21,1,1138,Application of Skin Traction,690,794
21,1,1139,Application of Skeletal Tractions,949,1091
21,1,1140,Bandage & Strappings for Fractures,552,635
21,1,1141,Aspiration & Intra Articular Injections,575,661
21,1,1142,Application of P.O.P Spices & Jackets,2473,2844
21,1,1143,Close Reduction of Fractures of Limb & P.O.P,2600,2990
21,1,1144,Reduction of Compound Fractures,2484,2857
21,1,1145,Open Reduction & Internal Fixation of Fingurs & Toes,5175,5951
21,1,1146,Open Reduction offracture of Long Bones of Upper / Lower Limb -iling & Exterl Fixation,8050,9258
21,1,1147,Open Reduction of fracture of Long Bones of Upper / Lower Limb -AO Procedures,9660,11109
21,1,1148,Tension Band Wirings,5658,6507
21,1,1149,Bone Grafting,6601,7591
21,1,1150,Excision of Bone Tumours,6900,7935
21,1,1151,Excision or other Operations for Scaphoid Fractures,7188,8266
22,1,1152,Sequestrectomy & Saucerisation,6900,7935
22,1,1153,Sequestrectomy & Saucerizations -Arthrotomy,8974,10320
22,1,1154,Multiple Pinning Fracture Neck Femur,11500,13225
22,1,1155,Plate Fixations for Fracture Neck Femur,13500,15525
22,1,1156,A.O.Compression Procedures for Fracture Neck Femur,14904,17140
22,1,1157,Open Reduction of Fracture Neck Femur Muscle Pedicle Graft and Internal Fixations,17550,20183
22,1,1158,Close Reduction of Dislocations,2857,3285
22,1,1159,Open Reduction of Dislocations,3095,3560
22,1,1160,Open Reduction of Fracture Dislocation & Internal Fixation,13500,15525
22,1,1161,Neurolysis/Nerve repair,13800,15870
22,1,1162,Nerve Repair with Grafting,16675,19176
22,1,1163,Tendon with Transplant or Graft,10350,11903
22,1,1164,Tendon Lengthening/Tendon repair,7245,8332
22,1,1165,Tendon Transfer,2795,3214
22,1,1166,Laminectomy Excision Disc and Tumours,4347,5000
22,1,1167,Spil Ostectomy and Internal Fixations,21735,24996
22,1,1168,Anterolateral decompression for tuberculosis/ Costo- Transversectomy,3450,3968
22,1,1169,Antereolateral Decompression and Spil Fusion,19350,22253
22,1,1170,Corrective Ostectomy & Internal Fixation - short bones,13800,15870
22,1,1171,Corrective Ostectomy & Internal Fixation - long bones,11040,12696
22,1,1172,Arthrodesis of - Minor Joints,10350,11903
22,1,1173,Arthrodesis of - Major Joints,10000,11500
22,1,1174,Soft Tissue Operations for C.T.E.V.,8050,9258
22,1,1175,Soft Tissue Operations for Polio,6900,7935
22,1,1176,Hemiarthroplasty- Hip,18000,20700
22,1,1177,Hemiarthroplasty- Shoulder,18000,20700
22,1,1178,Operations for Brachial Plexus & Cervical Rib,21735,24996
22,1,1179,Amputations - Below Knee,6900,7935
22,1,1180,Amputations - Below Elbow,6843,7869
22,1,1181,Amputations - Above Knee,8050,9258
22,1,1182,Amputations - Above Elbow,6159,7082
22,1,1183,Amputations - Forequarter,13225,15209
22,1,1184,Amputations -Hind Quarter and Hemipelvectomy,16560,19044
22,1,1185,Disarticulations - Major joint,18630,21425
22,1,1186,Disarticulations - Minor joint,12650,14548
22,1,1187,Arthrography,9200,10580
22,1,1188,Arthroscopy - Diagnostic,8568,9853
22,1,1189,Arthroscopy-therapeutic: without implant,10000,11500
22,1,1190,Arthroscopy-therapeutic: with implant,15525,17854
22,1,1191,Soft Tissue Operation on JOINTS -SMALL,6210,7142
22,1,1192,Soft Tissue Operation on JOINTS -LARGE,13500,15525
22,1,1193,Myocutaneous and Fasciocutaneous Flap Procedures for Limbs,16767,19283
22,1,1194,Removal of Wires & Screw,1760,2024
22,1,1195,Removal of Plates,4140,4761
22,1,1196,Total Hip Replacement,79000,90850
22,1,1197,Total Ankle Joint Replacement,95400,109710
22,1,1198,Total Knee Joint Replacement,110000,126500
22,1,1199,Total Shoulder Joint Replacement,71100,81765
22,1,1200,Total Elbow Joint Replacement,71100,81765
22,1,1201,Total Wrist Joint Replacement,100000,115000
22,1,1202,Total finger joint replacement,20000,23000
22,1,1203,Tubular external fixator,4140,4761
22,1,1204,Ilizarov's external fixator,7763,8927
22,1,1205,Pelvi-acetebular fracture -Internal fixation,8625,9919
22,1,1206,Meniscectomy,10800,12420
22,1,1207,Meniscus Repair,10000,11500
22,1,1208,ACL Reconstruction,8500,9775
23,1,1209,PCL Reconstruction,13500,15525
23,1,1210,Knee Collateral Ligament Reconstruction,12500,14375
23,1,1211,Bencarf Repair Shoulder,13200,15180
23,1,1212,RC Repair,1500,1725
23,1,1213,Biceps tenodesis,12600,14490
23,1,1214,Distal biceps tendon repair,10380,11937
23,1,1215,Arthrolysis of knee,12500,14375
23,1,1216,Capsulotomy of Shoulder,15800,18170
23,1,1217,Conservative Pop,1200,1380
23,1,1218,Application for CTEV per sitting,1200,1380
23,1,1219,Total Hip Replacement Revision Stage-I,17000,19550
23,1,1220,Total Hip Replacement Revision Stage-II,50000,57500
23,1,1221,Total Knee Replacement Revision Stage-I,35000,40250
23,1,1222,Total Knee Replacement Revision Stage-II,35000,40250
23,1,1223,Illizarov/ external fixation for limb lengthening/ deformity correction,11250,12938
23,1,1224,Discectomy/ Micro Discectomy,12500,14375
23,1,1225,Laminectomy,4646,5343
23,1,1226,Spinal Fixation Cervical/dorsolumbar/ lumbosacral,16000,18400
23,1,1227,Fusion Surgery Cervical/ Lumbar Spine upto 2 Level,22000,25300
23,1,1228,More than 2 Level,12000,13800
23,1,1229,Scoliosis Surgery/ Deformity Correction of Spine,25000,28750
23,1,1230,Vertebroplasty,12000,13800
23,1,1231,Spinal Injections,450,518
23,1,1232,DHS for Fracture Neck Femur,13500,15525
23,1,1233,Proximal Femoral Nail (PFN for IT Fracture),12600,14490
23,1,1234,Spinal Osteotomy,1434,1649
23,1,1235,Illizarov’s / External Fixation for Trauma,11700,13455
23,1,1236,Soft Tissue Operations for Polio/ Cerebral Palsy,9501,11178
23,1,1237,Mini Fixator for Hand/Foot,8100,9315
23,1,1238,Other Major Surgery,34425,40500
23,1,1239,Other Minor Surgery,11883,13980
23,1,,TREATMENT PROCEDURE PHYSIOTHERAPY,,
23,1,1240,Ultrasonic therapy,78,90
23,1,1241,S.W. Diathermy,78,90
23,1,1242,Electrical stimulation (therapeutic),78,90
23,1,1243,Muscle testing and diagnostic,71,82
23,1,1244,Infra red,70,81
23,1,1245,U.V. Therapeutic dose,58,67
23,1,1246,Intermittent Lumbar Traction,78,90
23,1,1247,Intermittent Cervical traction,75,86
23,1,1248,Wax bath,75,86
23,1,1249,Hot pack,78,90
23,1,1250,Breathing Exercises & Postural Drainage,50,58
23,1,1251,Cerebral Palsy – exercise,50,58
23,1,1252,Post – polio exercise,50,58
23,1,,NUCLEAR MEDICINE / RADIOTHERAPY AND CHEMOTHERAPY,,
23,1,1253,Cobalt 60 therapy,57375,67500
23,1,1254,Radical therapy,61583,70820
23,1,1255,Palliative therapy,21994,25294
23,1,1256,Linear accelerator,26775,31500
23,1,1257,Radical therapy,52785,60703
23,1,1258,Palliative therapy,30792,35411
23,1,1259,3 D Planning,4888,5621
23,1,1260,2 D Planing,4888,5621
23,1,1261,IMRT(Intensity Modulated radiotherapy),90790,104409
23,1,1262,SRT (Stereotactic radiotherapy),54896,63131
23,1,1263,SRS(Stereotactic radio surgery),72491,83365
24,1,1264,IGRT(Image guided radiotherapy),147016,169068
24,1,1265,Respiratory Gating-alongwith Linear accelerator planning,110000,126500
24,1,1266,Electron beam with Linear accelerator,67473,79380
24,1,1267,Tomotherapy,79400,91310
24,1,,NUCLEAR MEDICINE / BRACHYTHERAPY- HIGH DOSE RADIATION,,
24,1,1268,Intracavitory,11730,13490
24,1,1269,Interstitial,52785,60703
24,1,1270,Intraluminal,8798,10117
24,1,1271,Surface mould,4644,5341
24,1,1272,GLIADAL WAFER,93900,107985
24,1,,NUCLEAR MEDICINE / CHEMOTHARAPY,,
24,1,1273,Neoadjuvant,863,992
24,1,1274,Adjuvant,863,992
24,1,1275,Concurrent-chemoadiation,920,1058
24,1,1276,Single drug,552,635
24,1,1277,Multiple drugs,897,1032
24,1,1278,Targeted therapy,920,1058
24,1,1279,Chemoport facility,920,1058
24,1,1280,PICC line (peripherally inserted Central canulisation),920,1058
24,1,,LIST OF PROCEDURES/ TESTS IN GASTROENTEROLOGY / ENDOSCOPIC PROCEDURES,,
24,1,1281,Upper G.I. Endoscopy + Lower G.I. Endoscopy,1725,1984
24,1,1282,Diagnostic endoscopy,250,288
24,1,1283,Endoscopic biopsy,345,397
24,1,1284,Endoscopic mucosal resection,1543,1815
24,1,1285,Oesophageal stricture dilatation,1725,1984
24,1,1286,Balloon dilatation of achalasia cardia,2588,2975
24,1,1287,Foreign body removal,1725,1984
24,1,1288,Oesophageal stenting,3000,3450
24,1,1289,Band ligation of oesophageal varices,2500,2875
24,1,1290,Sclerotherapy of oesophageal varices,2500,2875
24,1,1291,Glue injection of varices,2500,2875
24,1,1292,Argon plasma coagulation,3623,4166
24,1,1293,Pyloric balloon dilatation,2415,2777
24,1,1294,Enteranal stenting,3312,3809
24,1,1295,Duodenal stricture dilation,990,1139
24,1,1296,Single balloon enterocopy,4000,4600
24,1,1297,Double balloon enteroscopy,3500,4025
24,1,1298,Capsule endoscopy,4950,5693
24,1,1299,Piles banding,989,1138
24,1,1300,Colonic stricture dilatation,2463,2833
24,1,1301,Hot biopsy forceps procedures,3000,3450
24,1,1302,Colonic stenting,2463,2833
24,1,1303,Junction biopsy,1800,2070
24,1,1304,Conjugal microscopy,4000,4600
24,1,1305,Endoscopic sphincterotomy,2415,2777
24,1,1306,CBD stone extraction,2415,2777
24,1,1307,CBD stricture dilatation,5850,6728
24,1,1308,Biliary stenting (plastic and metallic),4347,5000
24,1,1309,Mechanical lithotripsy of CBD stones,8000,9200
24,1,1310,Pancreatic sphincterotomy,6375,7500
24,1,1311,Pancreatic stricture dilatation,5750,6613
24,1,1312,Pancreatic stone extraction,10098,11613
24,1,1313,Mechanical lithotripsy of pancreatic stones,10247,11784
24,1,1314,Endoscopic cysto gastrostomy,8050,9258
24,1,1315,Balloon dilatation of papilla,6900,7935
24,1,1316,Ultrasound guided FNAC,575,661
25,1,1317,Ultrasound guided abscess Drainage,648,745,
25,1,1318,PTBD,1150,1323,
25,1,1319,Diagnostic angiography,1800,2070,
25,1,1320,Vascular embolization,15100,17365,
25,1,1321,TIPS,4860,5589,
25,1,1322,IVC graphy + hepatic veinography,30791,35410,
25,1,1323,Muscular stenting,87975,101172,
25,1,1324,BRTO,57500,66125,
25,1,1325,Portal haemodymic studies,1722,2025,
25,1,1326,Manometry and PH metry,1451,1707,
25,1,1327,Oesophageal PH metry,5000,5750,
25,1,1328,Oesophageal manometry,5000,5750,
25,1,1329,Small bowel manometry,6800,8000,
25,1,1330,Anorectal manometry,6120,6200,
25,1,1331,Colonic manometry,6885,8100,
25,1,1332,Biliary manometry,7650,9000,
25,1,1333,Sengstaken blackenesse tube tempode,2588,2975,
25,1,1334,Lintas machles tube tempode,2588,2975,
25,1,1335,Fecal fat test/ fecal chymotrypsin/ fecal elastase,350,403,
25,1,1336,Breath tests,300,345,
25,1,1337,Extra corporeal shortwave lithotripsy,37260,42849,
25,1,1338,Liver biopsy,1380,1587,
25,1,,NAME OF INVESTIGATION / DENTAL,,,
25,1,1339,Dental IOPA X-ray,50,58,
25,1,1340,Occlusal X-ray,78,90,
25,1,1341,OPG X-ray,196,225,
25,1,,NAME OF INVESTIGATION / PULMONARY,,,
25,1,1342,Lung Ventilation & Perfusion Scan (V/Q Scan),3600,4140,
25,1,1343,Lung Perfusion Scan,2000,2300,
25,1,,NAME OF INVESTIGATION / OSTEOLOGY,,,
25,1,1344,Whole Body Bone Scan with SPECT.,3421,3934,
25,1,1345,Three phase whole body Bone Scan,3421,3934,
25,1,,NAME OF INVESTIGATION / NEUROSCIENCES,,,
25,1,1346,Brain Perfusion SPECT Scan with Technetium 99m radiopharmaceuticals.,8798,10117,
25,1,1347,Radionuclide Cisternography for CSF leak,3740,4400,
25,1,,NAME OF INVESTIGATION / GASTRO AND HEPATOBILIARY,,,
25,1,1348,Gastro esophageal Reflux Study (G.E.R. Study),1955,2248,
25,1,1349,Gastro intestinal Bleed (GloB.) Study with Technetium 99m labeled RBCs.,3421,3934,
25,1,1350,Hepatobiliary Scintigraphy.,2444,2811,
25,1,1351,Meckel's Scan,1955,2248,
25,1,1352,Hepatosplenic scintigraphy with Technetium-99m radiopharmaceuticals,1870,2200,
25,1,1353,Gastric emptying,1275,1466,
25,1,,NAME OF INVESTIGATION / GENITOURINARY,,,
25,1,1354,Renal Cortical Scintigraphy with Technetium 99m D.M.S.A.,3421,3934,
25,1,1355,Dynamic Renography.,3421,3934,
25,1,1356,Dynamic Renography with Diuretic.,3421,3934,
25,1,1357,Dynamic Renography with Captopril,1960,2254,
25,1,1358,Testicular Scan,1445,1700,19.06.2023
25,1,,NAME OF INVESTIGATION / ENDOCRINOLOGY,,,
25,1,1359,Thyroid Uptake measurements with 131-Iodine.,1564,1799,
25,1,1360,Thyroid Scan with Technetium 99m Pertechnetate.,1615,1900,19.06.2023
25,1,1361,Lodine-131 Whole Body Scan.,2933,3373,
25,1,1362,Whole Body Scan with M.I.B.G.,17595,20234,
25,1,1363,Parathyroid Scan,4399,5059,
25,1,,NAME OF INVESTIGATION / RADIO-ISOTOPE THERAPY,,,
25,1,1364,131-lodine Therapy,1377,1620,
26,1,1365,131-lodine Therapy <15mCi,3854,4432,
26,1,1366,131-lodine Therapy 15-50mCi,4956,5699,
26,1,1367,131-lodine Therapy 51-100mCi,10800,12420,
26,1,1368,131-lodine Therapy >100mCi,13500,15525,
26,1,1369,Phosphorus-32 therapy for metastatic bone pain palliation,5000,5750,
26,1,1370,Samarium-153 therapy for metastatic bone pain palliation,10450,12018,
26,1,1371,Radiosynovectomy with Yttrium,19125,22500,
26,1,,NAME OF INVESTIGATION / CARDIOLOGY,,,
26,1,1372,Stress thallium / Myocardial Perfusion Scintigraphy,8505,9781,
26,1,1373,Rest thallium / Myocardial Perfusion Scintigraphy,7200,8280,
26,1,1374,Venography,3300,3595,
26,1,1375,TMT,950,1120,19.06.2023
26,1,1376,TEE,489,562,
26,1,1377,Lymph angiography,1613,1855,
26,1,,NAME OF INVESTIGATION / TUMOUR IMAGING,,,
26,1,1378,Scintimammography.,4800,5520,
26,1,1379,Indium lableled octeriotide Scan.,65981,75879,
26,1,,NAME OF INVESTIGATION / PET SCAN,,,
26,1,1380,FDG Whole body PET/CT Scan,10000,11500,19.12.2023
26,1,1381,Brain/Heart FDG PET/CT Scan,10000,11500,19.12.2023
26,1,1382,Gallium-68 Peptide PET/CT imaging for Neuroendocrine tumor,10000,11500,19.12.2023
26,1,,LABORATORY MEDICINE / CLINICAL PATHOLOGY,,,
26,1,1383,Urine routine- pH Specific gravity sugar protein and microscopy,35,40,
26,1,1384,Urine-Microalbumin,63,73,
26,1,1385,Stool routine,31,36,
26,1,1386,Stool occult blood,22,25,
26,1,1387,Post coital smear examination,30,35,
26,1,1388,Semen analysis,35,40,
26,1,,LABORATORY MEDICINE / HAEMATOLOGY,,,
26,1,1389,Haemoglobin (Hb),18,21,
26,1,1390,Total Leucocytic Count (TLC),28,32,
26,1,1391,Differential Leucocytic Count (DLC),28,32,
26,1,1392,E.S.R.,25,29,
26,1,1393,Total Red Cell count with MCVMCHMCHCDRW,32,37,
26,1,1394,Complete Haemogram/CBC HbRBC count and indices TLC DLC Platelet ESR Peripheral smear examination,135,155,
26,1,1395,Platelet count,48,55,
26,1,1396,Reticulocyte count,43,50,
26,1,1397,Absolute Eosinophil count,48,55,
26,1,1398,Packed Cell Volume (PCV),13,15,
26,1,1399,Peripheral Smear Examination,39,44,
26,1,1400,Smear for Malaria parasite,41,47,
26,1,1401,Bleeding Time,32,36,
26,1,1402,Osmotic fragility Test,50,58,
26,1,1403,Bone Marrow Smear Examination,70,81,
26,1,1404,Bone Marrow Smear Examination with iron stain,225,259,
26,1,1405,Bone Marrow Smear Examination and cytochemistry,396,455,
26,1,1406,Activated partial ThromboplastinTime (APTT),92,105,
26,1,1407,Rapid test for malaria(card test),44,51,
26,1,1408,WBC cytochemistry for leukemia -Complete panel,99,144,
26,1,1409,Bleeding Disorder panel- PT APTT Thrombin Time Fibrinogen D-Dimer/ FDP,360,414,
26,1,1410,Factor Assays-Factor VIII,630,745,
26,1,1411,Factor Assays-Factor IX,680,782,
26,1,1412,Platelet Function test,50,58,
26,1,1413,Tests for hypercoagulable states- Protein C Protein S Antithrombin,400,460,
26,1,1414,Tests for lupus anticoagulant,150,173,
26,1,1415,Tests for Antiphospholipid antibody IgG IgM ( for cardiolipin and B2 Glycoprotein 1),450,518,
27,1,1416,Thalassemia studies (Red Cell indices and Hb HPLC),560,644
27,1,1417,Tests for Sickling / Hb HPLC),77,89
27,1,,LABORATORY MEDICINE / BLOOD BANK,,
27,1,1418,Blood Group & RH Type,30,35
27,1,1419,Cross match,50,58
27,1,1420,Coomb’s Test Direct,90,104
27,1,1421,Coomb’s Test Indirect,100,115
27,1,1422,3 cell panel- antibody screening for pregnant female,153,180
27,1,1423,11 cells panel for antibody identification,170,200
27,1,1424,HBs Ag,92,108
27,1,1425,HCV,128,150
27,1,1426,HIV I and II,150,173
27,1,1427,VDRL,43,50
27,1,1428,RH Antibody titer,80,92
27,1,1429,Platelet Concentrate,56,64
27,1,1430,Random Donor Platelet(RDP),128,200
27,1,1431,Single Donor Platelet (SDP- Aphresis),11000,11000
27,1,,LABORATORY MEDICINE / HISTOPATHOLOGY,,
27,1,1432,Routine-H & E,90,104
27,1,1433,special stain,65,75
27,1,1434,Immunohistochemistry(IHC),675,777
27,1,1435,Frozen section,702,807
27,1,1436,Paraffin section,309,355
27,1,,LABORATORY MEDICINE / CYTOLOGY,,
27,1,1437,Pap Smear,150,173
27,1,1438,Body fluid for Malignant cells,150,173
27,1,1439,FNAC,200,230
27,1,,NAME OF INVESTIGATION / FLOW CYTOMETRY,,
27,1,1440,Leukemia panel /Lymphoma panel,1382,1589
27,1,1441,PNH Panel-CD55CD59,900,1035
27,1,,LABORATORY MEDICINE / CYTOGENETIC STUDIES,,
27,1,1442,Karyotyping,1539,1770
27,1,1443,FISH,500,575
27,1,,LABORATORY MEDICINE / BIO-CHEMISTRY,,
27,1,1444,Blood Glucose Random,24,28
27,1,1445,24 hrs urine for ProteinsSodium creatinine,50,58
27,1,1446,Blood Urea Nitrogen,54,62
27,1,1447,Serum Creatinine,55,63
27,1,1448,Urine Bile Pigment and Salt,25,29
27,1,1449,Urine Urobilinogen,20,23
27,1,1450,Urine Ketones,30,35
27,1,1451,Urine Occult Blood,35,40
27,1,1452,Urine total proteins,18,21
27,1,1453,Rheumatoid Factor test,100,115
27,1,1454,Bence Jones protein,47,54
27,1,1455,Serum Uric Acid,55,63
27,1,1456,Serum Bilirubin total & direct,72,83
27,1,1457,Serum Iron,90,104
27,1,1458,C.R.P.,100,115
27,1,1459,C.R.P Quantitative,144,166
27,1,1460,Body fluid (CSF/Ascitic Fluid etc.)Sugar Protein etc.,90,104
27,1,1461,Albumin.,18,21
27,1,1462,Creatinine clearance.,80,92
27,1,1463,Serum Cholesterol,62,71
27,1,1464,Total Iron Binding Capacity,80,92
27,1,1465,Glucose (Fasting & PP),47,54
27,1,1466,Serum Calcium –Total,60,69
28,1,1467,Serum Calcium –Ionic,44,51
28,1,1468,Serum Phosphorus,60,69
28,1,1469,Total Protein Alb/Glo Ratio,50,58
28,1,1470,IgG.,225,259
28,1,1471,IgM.,225,259
28,1,1472,IgA.,250,288
28,1,1473,ANA.,200,230
28,1,1474,Ds DNA.,350,403
28,1,1475,S.G.P.T.,50,57
28,1,1476,S.G.O.T.,50,57
28,1,1477,Serum amylase,117,135
28,1,1478,Serum Lipase,130,150
28,1,1479,Serum Lactate,72,83
28,1,1480,Serum Magnesium,90,104
28,1,1481,Serum Sodium,50,58
28,1,1482,Serum Potassium,50,58
28,1,1483,Serum Ammonia,100,115
28,1,1484,Anemia Profile,204,240
28,1,1485,Serum Testosterone,150,173
28,1,1486,Imprint Smear From Endoscopy,240,276
28,1,1487,Triglyceride,75,86
28,1,1488,Glucose Tolerance Test (GTT),90,104
28,1,1489,Triple Marker.,720,828
28,1,1490,C.P.K.,100,115
28,1,1491,Foetal Haemoglobin (HbF),85,100
28,1,1492,Prothrombin Time (P.T.),99,114
28,1,1493,L.D.H.,100,115
28,1,1494,Alkaline Phosphatase,60,69
28,1,1495,Acid Phosphatase,78,90
28,1,1496,CK MB,171,197
28,1,1497,CK MB Mass,140,161
28,1,1498,Troponin I,100,115
28,1,1499,Troponin T,540,621
28,1,1500,Glucose Phosphate Dehydrogenase (G 6PD),100,115
28,1,1501,Lithium.,130,150
28,1,1502,Dilantin (phenytoin).,360,414
28,1,1503,Carbamazepine.,400,460
28,1,1504,Valproic acid.,300,345
28,1,1505,Feritin.,250,288
28,1,1506,Blood gas analysis,120,138
28,1,1507,Blood gas analysis with electrolytes,414,476
28,1,1508,Urine pregnancy test,59,68
28,1,1509,Tests for Antiphospholipid antibodies syndrome.,252,290
28,1,1510,Hb A1 C,130,150
28,1,1511,Hb Electrophoresis/ Hb HPLC,100,115
28,1,1512,Kidney Function Test.,203,233
28,1,1513,Liver Function Test.,203,233
28,1,1514,Lipid Profile.( Total cholesterolLDLHDLtreigylcerides),200,230
28,1,,Nutritional Markers,,
28,1,1515,Serum Iron,90,104
28,1,1516,Total Iron Binding Capacity,81,94
28,1,1517,Serum Ferritin,100,115
28,1,1518,Vitamin B12 assay.,250,288
28,1,1519,Folic Acid assay.,270,311
28,1,1520,Extended Lipid Profile.( Total cholesterolLDLHDLtreigylceridesApo A1Apo BLp(a) ),536,616
28,1,1521,Apo A1.,200,230
28,1,1522,Apo B.,199,229
29,1,1523,Lp (a).,401,461
29,1,1524,CD 34 and 8 counts,170,200
29,1,1525,CD 34 and 8 percentage,170,200
29,1,1526,LDL.,62,71
29,1,1527,Homocysteine.,400,460
29,1,1528,HB Electrophoresis.,396,455
29,1,1529,Serum Electrophoresis.,198,228
29,1,1530,Fibrinogen.,165,190
29,1,1531,Chloride.,60,69
29,1,1532,Magnesium.,135,158
29,1,1533,GGTP.,90,104
29,1,1534,Lipase.,215,248
29,1,1535,Fructosamine.,180,207
29,1,1536,β2 microglobulin,90,104
29,1,1537,Catecholamines.,918,1087
29,1,1538,Creatinine clearance.,120,138
29,1,,NAME OF INVESTIGATION / TUMOUR MARKERS,,
29,1,1539,PSA- Total.,312,359
29,1,1540,PSA- Free.,375,431
29,1,1541,AFP.,300,345
29,1,1542,HCG.,260,299
29,1,1543,CA. 125.,391,442
29,1,1544,CA 199.,554,637
29,1,1545,CA 15.3.,560,644
29,1,1546,Vinyl Mandelic Acid,350,403
29,1,1547,Calcitonin,450,518
29,1,1548,Carcioembryonic antigen(CEA),340,391
29,1,,OTHERS,,
29,1,1549,Immunofluorescence,150,173
29,1,1550,Direct(Skin and kidney Disease),425,900
29,1,1551,Indirect (antids DNA Anti Smith ANCA),425,500
29,1,1552,VitD3 assay,495,570
29,1,1553,Serum Protein electrophoresis with immunofixationelectrophoresis (IFE),300,345
29,1,1554,BETA-2 Microglobulin assay,100,115
29,1,1555,Anti cycliocitrullinated peptide (Anti CCP),450,518
29,1,1556,Anti tissuetransglutaminase antibody,383,450
29,1,1557,Serum Erythropoetin,425,500
29,1,1558,ACTH,450,518
29,1,,HARMONES,,
29,1,1559,T3 T4 TSH,200,230
29,1,1560,T3,64,75
29,1,1561,T4,64,75
29,1,1562,TSH,90,104
29,1,1563,LH,150,173
29,1,1564,FSH,150,173
29,1,1565,Prolactin,150,173
29,1,1566,Cortisol,250,288
29,1,1567,PTH(Paratharmone),450,517
29,1,1568,C-Peptide.,297,342
29,1,1569,Insulin.,150,173
29,1,1570,Progesterone.,225,259
29,1,1571,17-DH Progesterone.,396,455
29,1,1572,DHEAS.,396,455
29,1,1573,Androstendione.,600,690
29,1,1574,Growth Hormone.,340,391
29,1,1575,TPO.,300,345
29,1,1576,Throglobulin.,300,345
30,1,1577,Hydatic Serology.,318,374,
30,1,1578,Anti Sperm Antibodies.,380,437,
30,1,1579,Qualitative.,1800,2070,
30,1,1580,Quantitative.,1350,1552,
30,1,1581,Qualitative.,1522,1750,
30,1,1582,HPV serology,218,251,
30,1,1583,Rota Virus serology,130,150,
30,1,1584,PCR for TB,900,1035,
30,1,1585,PCR for HIV,540,621,
30,1,1586,Chlamydae antigen,765,880,
30,1,1587,chlamydae antibody,238,280,
30,1,1588,Brucella serology,230,265,
30,1,1589,Influenza A serology,849,976,
30,1,,USG X-RAY CT MRI BONE DENSITOMETRY,,,
30,1,1590,USG for Obstetrics - Anomalies scan,1700,2000,19.06.2023
30,1,1591,Abdomen USG,680,800,19.06.2023
30,1,1592,Pelvic USG ( prostate gynae infertility etc),425,500,19.06.2023
30,1,1593,Small parts USG ( scrotum thyroid parathyroid etc),349,410,
30,1,1594,Neonatal head (Tranfontanellar),425,489,
30,1,1595,Neonatal spine,450,517,
30,1,1596,Contrast enhanced USG,810,931,
30,1,1597,USG Breast,680,800,19.06.2023
30,1,1598,USG Hystero-Salpaingography (HSG),2040,2400,19.06.2023
30,1,1599,Carotid Doppler,765,900,
30,1,1600,Arterial Colour Doppler,706,830,
30,1,1601,Venous Colour Doppler,706,830,
30,1,1602,Colour Doppler renal arteries / any other organ,720,828,
30,1,1603,USG guided intervention- FNAC,1530,1800,19.06.2023
30,1,1604,USG guided intervention - biopsy,720,828,
30,1,1605,USG guided intervention - nephrostomy,800,920,
30,1,,X-Ray,,,
30,1,1606,Abdomen AP Supine or Erect (One film),215,250,19.06.2023
30,1,1607,Abdomen Lateral view (one film),128,150,
30,1,1608,Chest PA view (one film),195,230,19.06.2023
30,1,1609,Chest Lateral (one film),195,230,19.06.2023
30,1,1610,Mastoids: Towne view oblique views (3 films),250,288,
30,1,1611,Extremities bones & Joints AP & Lateral views (Two films),230,270,
30,1,1612,Pelvis A.P (one film),110,127,
30,1,1613,T. M. Joints (one film),110,127,
30,1,1614,Abdomen & Pelvis for K. U. B.,128,150,
30,1,1615,Skull A. P. & Lateral (2 films),250,300,
30,1,1616,Spine A. P. & Lateral (2 films),250,288,
30,1,1617,PNS view (1 film),110,127,
30,1,,X RAY CONTRAST STUDIES,,,
30,1,1618,Barium Swallow,510,600,
30,1,1619,Barium Upper GI study,720,828,
30,1,1620,Barium Upper GI study (Double contrast),841,990,
30,1,1621,Barium Meal follow through,935,1100,
30,1,1622,Barium Enema (Single contrast/double contrast),850,1000,
30,1,1623,Small bowel enteroclysis,918,1080,
30,1,1624,ERCP (Endoscopic Retrograde Cholangio – Pancreatography),2250,2587,
30,1,1625,General :Fistulography /Sinography/Sialography/Dacrocystography/ T-Tube cholangiogram/Nephrostogram,638,750,
30,1,1626,Percutaneous transhepatic cholangiography (PTC),1296,1490,
30,1,1627,Intravenous Pyelography (IVP),1400,1650,19.06.2023
30,1,1628,Micturating Cystourethrography (MCU),950,1120,19.06.2023
30,1,1629,Retrograde Urethrography (RGU),950,1120,19.06.2023
30,1,1630,Contrast Hystero-Salpingography (HSG),918,1080,
31,1,1631,X ray - Arthrography,630,724,
31,1,1632,Cephalography,150,173,
31,1,1633,Myelography,2475,2847,
31,1,1634,Diagnostic Digital Subtraction Angiography (DSA),1574,1810,
31,1,,MAMMOGRAPHY,,,
31,1,1635,X-ray Mammography,1170,1375,19.06.2023
31,1,1636,MRI Mammography,2295,2700,
31,1,,CT,,,
31,1,1637,CT Head-Without Contrast (NCCT Head),880,1035,19.06.2023
31,1,1638,CT Head- with Contrast (+ CT angiography),1350,1553,
31,1,1639,C. T. Chest - without contrast (for lungs),1700,2000,
31,1,1640,C. T. Scan Lower Abdomen(incl. Pelvis) With Contrast,1700,1955,
31,1,1641,C. T. Scan Lower Abdomen( Incl. Pelvis) Without Contrast,1500,1725,
31,1,1642,C. T. Scan Whole Abdomen Without Contrast,2700,3105,
31,1,1643,C. T. Scan Whole Abdomen With Contrast,4050,4657,
31,1,1644,Triple Phase CT abdomen,4050,4657,
31,1,1645,CT angiography abdomen/ Chest,4050,4657,
31,1,1646,CT Enteroclysis,5400,6210,
31,1,1647,C. T. Scan Neck – Without Contrast,1500,1725,
31,1,1648,C. T. Scan Neck – With Contrast,1870,2200,
31,1,1649,C. T. Scan Orbits - Without Contrast,1190,1400,
31,1,1650,C. T. Scan Orbits - With Contrast,1615,1900,
31,1,1651,C. T. Scan of Para Nasal Sinuses- Without Contrast,900,1035,
31,1,1652,C. T. Scan of Para Nasal Sinuses - With Contrast,1600,1840,
31,1,1653,C. T. Spine (Cervical Dorsal Lumbar Sacral)–without contrast,1500,1725,
31,1,1654,CT Temporal bone – without contrast,893,1050,
31,1,1655,CT - Dental,1147,1350,
31,1,1656,C. T. Scan Limbs -Without Contrast,1700,2000,
31,1,1657,C. T. Scan Limbs -With Contrast including CT angiography,2253,2650,
31,1,1658,C.T. Guided intervention –FNAC,1200,1380,
31,1,1659,C.T. Guided Trucut Biopsy,1200,1380,
31,1,1660,C. T. Guided intervention -percutaneous catheter drainage / tube placement,1175,1381,
31,1,,MRI,,,
31,1,1661,MRI Head – Without Contrast,2125,2500,19.06.2023
31,1,1662,MRI Head – With Contrast,2848,3350,
31,1,1663,MRI Orbits – Without Contrast,1445,1700,19.06.2023
31,1,1664,MRI Orbits – With Contrast,2000,2300,
31,1,1665,MRI Nasopharynx and PNS – Without Contrast,2450,2818,
31,1,1666,MRI Nasopharynx and PNS – With Contrast,3500,4025,
31,1,1667,MR for Salivary Glands with Sialography,3000,3450,
31,1,1668,MRI Neck - Without Contrast,2700,3105,
31,1,1669,MRI Neck- with contrast,4500,5175,
31,1,1670,MRI Shoulder – Without contrast,2000,2300,
31,1,1671,MRI Shoulder – With conntrast,2340,2700,
31,1,1672,MRI shoulder both Joints - Without contrast,2700,3105,
31,1,1673,MRI Shoulder both joints – With contrast,4000,4600,
31,1,1674,MRI Wrist Single joint - Without contrast,2550,3000,19.06.2023
31,1,1675,MRI Wrist Single joint - With contrast,3400,4000,19.06.2023
31,1,1676,MRI Wrist both joints - Without contrast,3400,4000,
31,1,1677,MRI Wrist Both joints - With contrast,4500,5175,
31,1,1678,MRI knee Single joint - Without contrast,2550,3000,19.06.2023
31,1,1679,MRI knee Single joint - With contrast,4500,5175,
31,1,1680,MRI knee both joints - Without contrast,3400,4000,19.06.2023
31,1,1681,MRI knee both joints - With contrast,5000,5750,
31,1,1682,MRI Ankle Single joint - Without contrast,4250,5000,19.06.2023
31,1,1683,MRI Ankle single joint - With contrast,4250,5000,
31,1,1684,MRI Ankle both joints - With contrast,5525,6500,19.06.2023
32,1,1685,MRI Ankle both joints - Without contrast,2500,2875,
32,1,1686,MRI Hip - With contrast,2500,2875,
32,1,1687,MRI Hip – without contrast,2125,2500,
32,1,1688,MRI Pelvis – Without Contrast,2125,2500,
32,1,1689,MRI Pelvis – with contrast,4500,5175,
32,1,1690,MRI Extremities - With contrast,4500,5175,
32,1,1691,MRI Extremities - Without contrast,2125,2500,
32,1,1692,MRI Temporomandibular – B/L - With contrast,3600,4140,
32,1,1693,MRI Temporomandibular – B/L - Without contrast,2125,2500,
32,1,1694,MR Temporal Bone/ Inner ear with contrast,3600,4140,
32,1,1695,MR Temporal Bone/ Inner ear without contrast,2500,2875,
32,1,1696,MRI Abdomen – Without Contrast,2125,2500,
32,1,1697,MRI Abdomen – With Contrast,4500,5175,
32,1,1698,MRI Breast - With Contrast,4250,5000,
32,1,1699,MRI Breast - Without Contrast,2125,2500,
32,1,1700,MRI Spine Screening - Without Contrast,1700,2000,19.06.2023
32,1,1701,MRI Chest – Without Contrast,2125,2500,
32,1,1702,MRI Chest – With Contrast,4000,4600,
32,1,1703,MRI Cervical/Cervico Dorsal Spine – Without Contrast,3400,4000,19.06.2023
32,1,1704,MRI Cervical/ Cervico Dorsal Spine – With Contrast,4000,4600,
32,1,1705,MRI Dorsal/ Dorso Lumbar Spine - Without Contrast,2125,2500,
32,1,1706,MRI Dorsal/ Dorso Lumbar Spine – With Contrast,4000,4600,
32,1,1707,MRI Lumbar/ Lumbo-Sacral Spine – Without Contrast,2125,2500,
32,1,1708,MRI Lumbar/ Lumbo-Sacral Spine – With Contrast,5000,5750,
32,1,1709,Whole body MRI (For oncological workup),5100,6000,
32,1,1710,MR cholecysto-pancreatography.,5500,6325,
32,1,1711,MRI Angiography - with contrast,5000,5750,
32,1,1712,MR Enteroclysis,2125,2500,
32,1,,BONE DENSITOMETRY (DEXA SCAN),,,
32,1,1713,Dexa Scan Bone Densitometry - Two sites,1500,1725,
32,1,1714,Dexa Scan Bone Densitometry - Three sites (Spine Hip & extremity),1800,2070,
32,1,1715,Dexa Scan Bone Densitometry Whole body,2450,2818,
32,1,,NEUROLOGICAL INVESTIGATIONS AND PROCEDURES,,,
32,1,1716,EEG/Video EEG,298,350,
32,1,1717,EMG (Electro myography),638,750,
32,1,1718,Nerve condition velocity (at least 2 limbs),638,750,
32,1,1719,Decremental response (before and after neo stigmine),595,700,
32,1,1720,Incremental response,595,700,
32,1,1721,SSEP (Somato sensory evoked potentials),638,750,
32,1,1722,Poly somnography,638,750,
32,1,1723,Brachial plexus study,638,750,
32,1,1724,Muscle biopsy,383,450,
32,1,1725,ACHR anti body titre,1848,2125,
32,1,1726,Anti MUSK body titre,2340,2691,
32,1,1727,Serum COPPER,500,575,
32,1,1728,Serum ceruloplasmin,450,518,
32,1,1729,Urinary copper,450,517,
32,1,1730,Serum homocystine,450,518,
32,1,1731,Serum valproate level,315,362,
32,1,1732,Serum phenol barbitone level,350,403,
32,1,1733,Coagulation profile,553,636,
32,1,1734,Protein C S anti thrombine – III,2160,2484,
32,1,1735,Serum lactate level,405,466,
32,1,,CSF,,,
32,1,1736,Basic studies including cell count protein sugar gram stain India Ink preparation and smear for AFP,240,276,
32,1,1737,Special studies,900,1035,
33,1,1738,PCR for tuberculosis/ Herpes simplex,1200,1380,
33,1,1739,Bacterial culture and sensitivity,200,230,
33,1,1740,Mycobacterial culture and sensitivity,200,230,
33,1,1741,Fungal culture,128,150,
33,1,1742,Malignant cells,64,75,
33,1,1743,Anti measles antibody titre (with serum antibody titre),801,912,
33,1,1744,Viral culture,255,300,
33,1,1745,Antibody titre (Herpes simplex cytomegalo virus flavivirus zoster varicella virus),760,874,
33,1,1746,Oligoclonal band,1200,1380,
33,1,1747,Myelin Basic protein,1871,2152,
33,1,1748,Lactate,298,350,
33,1,1749,Crypto coccal antigen,1138,1309,
33,1,,TESTS IN GASTRO-ENTEROLOGY,,,
33,1,1750,D-xylase test,850,1000,
33,1,1751,Fecal fat test/ fecal chymotrypsin/ fecal elastase,850,1000,
33,1,1752,Breath tests,1300,1495,
33,1,1753,H pylori serology for ciliac disease,500,725,
33,1,1754,HBV genotyping,2500,2875,
33,1,1755,HCV genotyping,4387,5045,
33,1,,TESTS IN ENDOCRINOLOGY ( IN ADDITION TO THOSE INCLUDED UNDER HARMONES),,,
33,1,1756,Urinary VMA,1500,1725,
33,1,1757,Urinary metanephrine/Normetanephrine,1138,1309,
33,1,1758,Urinary free catecholamine,1521,1750,
33,1,1759,Serum catecholamine,3400,3910,
33,1,1760,Serum aldosterone,1012,1165,
33,1,1761,24 Hr urinary aldosterone,920,1058,
33,1,1762,Plasma renin activity,900,1035,
33,1,1763,Serum aldosterone/renin ratio,1200,1380,
33,1,1764,Osmolality urine,128,150,
33,1,1765,Osmolality serum,128,150,
33,1,1766,Urinary sodium,80,94,
33,1,1767,Urinary Chloride,43,50,
33,1,1768,Urinary potassium,80,94,
33,1,1769,Urinary calcium,80,94,
33,1,1770,Thyroid binding globulin,459,540,
33,1,1771,24 hr. urinary free cotisole,200,230,
33,1,1772,Islet cell antebody,750,863,
33,1,1773,GAD antibody,1197,1377,
33,1,1774,Insulin associated antibody,404,464,
33,1,1775,IGF-1,1500,1725,
33,1,1776,IGF-BP3,1485,1708,
33,1,1777,Sex hormone binding globulin,1200,1380,
33,1,1778,USG guided FNAC thyroid gland,348,409,
33,1,1779,E2,208,275,
33,1,1780,Thyro globulin antibody,587,675,
33,1,,ADDED W.E.F. 14.01.2020,,,
33,1,1781,"Kappa Lambda Light Chains, Free, Serum/ Serum freelight chains (SFLC)",3500,4025,14.01.2020
33,1,1782,Serum IGE Level,300,345,14.01.2020
33,1,1783,NT-Pro BNP,1800,2070,14.01.2020
33,1,1784,CECT Chest,2445,2875,19.06.2023
33,1,1785,MRI-Prostate (Multi-parametric) ( Including CD),6000,6900,14.01.2020
33,1,1786,HCV RNA Quantitative,1500,1725,14.01.2020
33,1,1787,Tarcolimus,2300,2645,14.01.2020
33,1,1788,"Protein Creatinine Ratio, Urine",120,138,14.01.2020
33,1,1789,Fibroscan Liver,1000,1150,14.01.2020
34,1,1790,HLA B27 (PCR),500,575,14.01.2020
34,1,1791,Mantoux Test,175,200,14.01.2020
34,1,1792,Procalcitonin,1800,2070,14.01.2020
34,1,1793,TORCH Test,1120,1288,14.01.2020
34,1,1794,Intracoronary optical coherence tomography (OCT) / Intravascular optical coherence tomography (IVOCT) /Intravascular Ventricular Assist System,65000 + GST,65000 + GST,14.01.2020
34,1,1795,Fractional Flow Reserve (FFR) (inclusive of cost of wire),30000,30000,
34,1,,ADDED W.E.F. 05.06.2020,,,
34,1,1796,Anti -Smooth Muscle Antibody Test (ASMA),1241,1460,
34,1,1797,C ANCA-IFA,1275,1500,
34,1,1798,P ANCA-IFA,1275,1500,
34,1,1799,Angiotensin converting enzyme (ACE),850,1000,
34,1,1800,Endo bronchial Ultrasound (EBUS) -Trans bronchial needle aspiration (TBNA) -Using New Needle,15614,18370,
34,1,1801,Extractable Nuclear Antigens (ENA) - Quantitative,3910,4600,
34,1,1802,Chromogranin A,4250,5000,
34,1,1803,Faecal calprotectin (fecal calprotectin),2320,2730,
34,1,1804,C3-COMPLEMENT,552,650,
34,1,1805,C4-COMPLEMENT,552,650,
34,1,1806,Genexpert Test,880,1035,
34,1,1807,DJ stent removal,7395,8700,
34,1,1808,Pulmonary Function Test (PFT) / (Spirometry with DLCO),425,500,
34,1,1809,EUS (Endoscopic Ultrasound) guided FNAC (Using with Needle),12750,15000,
34,1,1810,CT Urography,3825,4500,
34,1,1811,Video Laryngoscopy,5100,6000,
34,1,1812,CT Angio-Neck Vessels,5100,6000,
34,1,1813,H1N1 (RT-PCR),921,1084,
34,1,1814,Erythropoietin Level (Select CGHS rate code 1557 for approved rate),See code 1557,See code 1557,
34,1,1815,Anti HEV IgM,850,1000,
34,1,1816,Anti HAV IgM,637,750,
34,1,1817,HBsAg Quantitative,552,650,
34,1,1818,Typhidot IgM,340,400,
34,1,1819,Hepatitis B Core Antibody (HBcAb) Level (Hepatitis B Core IgM Antibody),408,480,
34,1,1820,Anti HBs,552,650,
34,1,,"ADDED vide clause 2,5, & 6 of OM F.No. S-11045/36/2012-CGHS (HEC) dated 26.11.2014",,,
34,1,1821,Free Triiodothyronine (FT3),106,125,
34,1,1822,Free Thyroxine (FT4),106,125,
34,1,1823,Widal Test,60,70,
34,1,1824,Dengue Serology,510,600,
34,1,1825,Blood component charges - Whole Blood per Unit,1450,1450,
34,1,1826,Blood component charges - Packed Red Cell per Unit,1450,1450,
34,1,1827,Blood component charges - Fresh Frozen Plasma,400,400,
34,1,1828,Platelet Concentrate- Random Donor Platelet (RDP),400,400,
34,1,1829,Blood component charges - Cryoprecipitate,200,200,
34,1,1830,Platelet Concentrate - Single Donor Platelet (SDP)-Apheresis per unit,11000,11000,
34,1,1831,"CCS Group A Officer of above 40 years of age -Male, Annual Health Check up",2000,2000,
34,1,1832,"CCS Group A Officer of above 40 years of age -female, Annual Health Check up",2200,2200,
34,1,,ADDED W.E.F. 07.02.2021,,,
34,1,1833,Interleukin 6 (IL 6),1360,1600,
34,1,1834,High resolution computed Tomography (HRCT Chest),1700,2000,19.06.2023
34,1,1835,Fluid air exchange (per eye),4250,5000,
34,1,1836,C3F8 GAS Injection (per eye),4250,5000,
35,1,1837,Diurnal variation of IOP (per eye),1275,1500,
35,1,1838,Silicone oil injection (per eye),4250,5000,
35,1,1839,Epiretinal Membrane (ERM) Peeling (per eye),5950,7000,
35,1,1840,Epiretinal Membrane (ERM) Removal (per eye),2550,3000,
35,1,1841,Internal limiting membrane (ILM) peeling (per eye),2550,3000,
35,1,1842,Punctoplasty (per eye),5525,6500,
35,1,1843,Punctal plug(Collagen/silicone) (per eye),3400,4000,
35,1,1844,Laser Trabeculoplasty Gonioplasty (both eyes),13600,16000,
35,1,1845,Eye laser pulse therapy (per eye),2975,3500,
35,1,1846,Glaucoma valve/Glaucoma Ahmed valve,12750,15000,
35,1,1847,Malyugin Ring,8500,10000,
35,1,1848,Globe exploration (eye surgery),8500,10000,
35,1,1849,Scleral Fixation Tissue glue,7140,8400,
35,1,1850,Fibro optic Nasal Endoscopy,1955,2300,
35,1,1851,Video Stroboscopy,4675,5500,
35,1,1852,Video Bronchoscopy with BAL,8500,10000,
35,1,1853,Sleep deprived EEG (Rate shall be the same CGHS rate of EEG/Video EEG) (Select CGHS rate code 1716),See code 1716,See code 1716,
35,1,New Proce dures,OM NO. F No Z15025/32/2023/DIR/CGHS DATED 19.12.2023,,,
35,1,1,TAVI/TAVR Implant,1284000,1284000,19.12.2023
35,1,2,TAVI/TAVR Procedure cost,85000,100000,19.12.2023
35,1,3,IVL (Coronary Intra Vascular Lithotripsy / Short wave Lithotripsy) – including GST,268000,268000,19.12.2023
