source_page,extracted_table_index,Sr. No.,CGHS TREATMENT PROCEDURE/INVESTIGATION LIST Kanpur and Gwalior,Non- NABH/Non- NABL Rates,NABH/NA BL Rates
1,1,1,Consultation OPD,350.00,350.00
1,1,2,Consultation- for Inpatients,350.00,350.00
1,1,3,Dressings of wounds,255.00,300.00
1,1,4,Suturing of wounds with local anesthesia,108.00,124.00
1,1,5,Aspiration Plural Effusion - Diagnostic,595.00,700.00
1,1,6,Aspiration Plural Effusion - Therapeutic,595.00,700.00
1,1,7,Abdominal Aspiration - Diagnostic,595.00,700.00
1,1,8,Abdominal Aspiration - Therapeutic,640.00,750.00
1,1,9,Pericardial Aspiration,380.00,437.00
1,1,10,Joints Aspiration,317.00,365.00
1,1,11,Biopsy Skin,230.00,265.00
1,1,12,Removal of Stitches,170.00,200.00
1,1,13,Venesection,595.00,700.00
1,1,14,Phimosis correction/Paraphimosis reduction/Circumcision Under LA,"5,100.00","6,000.00"
1,1,15,Sternal puncture,173.00,199.00
1,1,16,Injection/Sclerotherapy/Banding of Haemorrhoids,595.00,700.00
1,1,17,Injection for Varicose Veins,595.00,700.00
1,1,18,Urinary bladder Catheterisation,595.00,700.00
1,1,19,Dilatation of Urethra stricture,1955.00,2300.00
1,1,20,Incision & Drainage under local Anaesthesia (Large ),1955.00,2300.00
1,1,21,Intercostal Drainage,125.00,144.00
1,1,22,Peritoneal Dialysis,"1,374.00","1,580.00"
1,1,,TREATMENT PROCEDURE SKIN,,
1,1,23,Excision of Moles,345.00,397.00
1,1,24,Excision of Warts,310.00,357.00
1,1,25,Excision of Molluscum contagiosum,130.00,150.00
1,1,26,Excision of Venereal Warts,160.00,184.00
1,1,27,Excision of Corns,140.00,161.00
1,1,28,I/D Injection Keloid(Intralesional Injection),97.00,112.00
1,1,29,Chemical Cautery (s),110.00,127.00
1,1,,TREATMENT PROCEDURE OPTHALMOLOGY,,
1,1,30,Subconjunctival/subtenon’s injections in one eyes,69.00,79.00
1,1,31,Subconjunctival/subtenon’s injections in both eyes,138.00,159.00
1,1,32,Pterygium Surgery,5500.00,6325.00
1,1,33,Conjunctival Peritomy,58.00,67.00
1,1,34,Conjunctival wound repair or exploration following blunt trauma,3300.00,3795.00
1,1,35,Removal of corneal foreign body,115.00,132.00
1,1,36,Cauterization of ulcer/subconjunctival injection in one eye,69.00,79.00
1,1,37,Cauterization of ulcer/subconjunctival injection in both eyes,138.00,159.00
1,1,38,Corneal grafting—Penetrating keratoplasty,"5,750.00","6,613.00"
1,1,39,Corneal grafting—Lamellar keratoplasty,"5,000.00","5,750.00"
1,1,40,Cyanoacrylate /fibrin glue application for corneal perforation,690.00,794.00
1,1,41,Bandage contact lenses for corneal perforation,460.00,529.00
1,1,42,Scleral grafting or conjunctival flap for corneal perforation,"2,300.00","2,645.00"
2,1,43,Keratoconus correction with therapeutic contact lenses,"1,200.00","1,380.00"
2,1,44,Ultraviolet (UV) - radiation for cross-linking for,"1,800.00","2,070.00"
2,1,45,EDTA for band shaped keratopathy,863.00,992.00
2,1,46,Arcuate keratotomy for astigmatism,"2,800.00","3,220.00"
2,1,47,Re-suturing (Primary suturing) of corneal wound,"1,150.00","1,323.00"
2,1,48,Penetrating keratoplasty with glaucoma surgery,"12,000.00","13,800.00"
2,1,49,Penetrating keratoplasty --- with vitrectomy,"12,144.00","13,966.00"
2,1,50,Penetrating keratoplasty with IOL implantation,"12,290.00","14,134.00"
2,1,51,DALK- Deep anterior lamellar keratoplasty,"17,250.00","19,838.00"
2,1,52,Keratoprosthesis stage I and II,"11,500.00","13,225.00"
2,1,53,DSAEK- Descemet’s stripping automated endothelial keratoplasty,"16,675.00","19,176.00"
2,1,54,ALTK- Automated lamellar therapeutic keratoplasty,"16,500.00","18,975.00"
2,1,55,Probing and Syringing of lacrimal sac- in one eye,69.00,79.00
2,1,56,Probing and Syringing of lacrimal sac- in both eye,138.00,159.00
2,1,57,Dacryocystorhinostomy—Plain,"2,588.00","2,976.00"
2,1,58,Dacryocystorhinostomy—Plain with intubation and/or with lacrimal implants,"9,500.00","10,925.00"
2,1,59,Dacryocystorhinostomy—conjunctival with implant,"9,200.00","10,580.00"
2,1,60,Caliculoplasty,"2,300.00","2,645.00"
2,1,61,Dacryocystectomy,"1,725.00","1,984.00"
2,1,62,Punctal plugs for dry eyes,130.00,150.00
2,1,63,Refraction,40.00,46.00
2,1,64,Indirect Ophthalmoscopy,67.00,77.00
2,1,65,Orthoptic check-up- with synoptophore,44.00,51.00
2,1,66,Lees’ charting or Hess’ charting,100.00,115.00
2,1,67,Orthoptic exercises,50.00,58.00
2,1,68,Pleoptic exercises,50.00,58.00
2,1,69,Perimetry/field test—Goldman,144.00,166.00
2,1,70,Perimetry/field test— automated,144.00,166.00
2,1,71,Fluorescein angiography for fundus or iris,920.00,"1,058.00"
2,1,72,Ultrasound A- Scan,777.00,894.00
2,1,73,Ultrasound B- Scan,230.00,265.00
2,1,74,Fundus Photo Test,200.00,230.00
2,1,75,Indocyanin green angiography,920.00,"1,058.00"
2,1,76,Corneal endothelial cell count with specular microscopy,230.00,265.00
2,1,77,Corneal topography,331.00,381.00
2,1,78,Corneal pachymetry,230.00,265.00
2,1,79,Auto-refraction,35.00,40.00
2,1,80,Macular function tests,44.00,51.00
2,1,81,Potential acuity metry,100.00,115.00
2,1,82,Laser interferometry,173.00,199.00
2,1,83,OCT-Optical coherence tomography,"2,125.00","2,444.00"
2,1,84,HRT- Heidelberg’s retinal tomogram,150.00,173.00
2,1,85,GDx Nerve fibre layer analyzer,88.00,101.00
2,1,86,UBM- Ultrasound bio microscopy,150.00,173.00
2,1,87,Non Contact tonometry (NCT),50.00,58.00
2,1,88,IOP measurement with schiotz,30.00,35.00
2,1,89,IOP measurement with applation tonometry,50.00,58.00
2,1,90,Three mirror examination for retina,58.00,67.00
2,1,91,90 D lens examination,50.00,58.00
2,1,92,Gonioscopy,58.00,67.00
2,1,93,Chalazion incision and curettage in one eye,400.00,460.00
3,1,94,Chalazion incision and curettage in both eyes,413.00,475.00
3,1,95,Ptosis surgery with fasanella servat procedure,"2,300.00","2,645.00"
3,1,96,Ptosis surgery with LPS resection one lid,"5,500.00","6,325.00"
3,1,97,Ptosis surgery with Sling surgery one lid,"6,670.00","7,671.00"
3,1,98,Ectropion surgery- one lid,"1,400.00","1,610.00"
3,1,99,Ectropion surgery- both lids,"2,500.00","2,875.00"
3,1,100,Epicanthus correction,"1,550.00","1,783.00"
3,1,101,Cantholysis and canthotomy,575.00,661.00
3,1,102,Entropion surgery- one lid,"1,380.00","1,587.00"
3,1,103,Entropion surgery- both lids,"2,000.00","2,300.00"
3,1,104,Tarsorraphy,650.00,748.00
3,1,105,Suturing of lid lacerations,"1,150.00","1,323.00"
3,1,106,Lid retraction repair,"1,700.00","1,955.00"
3,1,107,Concretions removal,115.00,132.00
3,1,108,Bucket handle procedure for lid tumors,345.00,397.00
3,1,109,Cheek rotation flap for lid tumors,"6,900.00","7,935.00"
3,1,110,Orbitotomy,"8,000.00","9,200.00"
3,1,111,Enucleation,"3,000.00","3,450.00"
3,1,112,Enucleation with orbital implants and artificial prosthesis,"3,000.00","3,450.00"
3,1,113,Evisceration,"3,105.00","3,571.00"
3,1,114,Evisceration with orbital implants and artificial prosthesis,"5,124.00","5,893.00"
3,1,115,Telecanthus correction,"4,658.00","5,357.00"
3,1,116,Orbital decompression,"5,175.00","5,951.00"
3,1,117,Exenteration,"5,175.00","5,951.00"
3,1,118,Exenteration with skin grafting,"6,210.00","7,142.00"
3,1,119,Fracture orbital repair,"8,280.00","9,522.00"
3,1,120,Retinal laser procedures,"1,500.00","1,725.00"
3,1,121,Retinal detachment surgery (RDS),"11,500.00","13,225.00"
3,1,122,Retinal detachment surgery (RDS) with scleral buckling,"13,800.00","15,870.00"
3,1,123,Buckle removal,"1,150.00","1,323.00"
3,1,124,Silicone oil removal,"2,800.00","3,220.00"
3,1,125,Anterior retinal cryopexy,"1,162.00","1,336.00"
3,1,126,Squint correction for one eye,"4,500.00","5,175.00"
3,1,127,Squint correction for both eyes,"6,750.00","7,763.00"
3,1,128,Trabeculectomy,"6,210.00","7,142.00"
3,1,129,Trabeculotomy,"6,210.00","7,142.00"
3,1,130,Trabeculectomy with Trabeculotomy,"9,315.00","10,712.00"
3,1,131,Trephination,"2,300.00","2,645.00"
3,1,132,Goniotomy,345.00,397.00
3,1,133,Glaucoma surgery with Glaucoma valves,6210+valve,7142.00+Val ve
3,1,134,Cyclocryotherapy,"1,150.00","1,323.00"
3,1,135,YAG laser iridotomy,"1,500.00","1,725.00"
3,1,136,YAG laser capsulotomy,"1,093.00","1,257.00"
3,1,137,ALT-Argon laser trabeculoplasty,"1,495.00","1,719.00"
3,1,138,PDT-Photodymic therapy,"3,450.00","3,968.00"
3,1,139,TTT- Transpupillary thermal therapy,"3,000.00","3,450.00"
3,1,140,PTK- Phototherapeutic keratectomy,"7,500.00","8,625.00"
3,1,141,Argon/diode laser for retinal detatchment,"1,150.00","1,323.00"
3,1,142,Intralase application for keratoconus,"5,750.00","6,613.00"
3,1,143,EOG- electro-oculogram,900.00,"1,035.00"
4,1,144,ERG- Electro-retinogram,794.00,913.00
4,1,145,VEP- visually evoked potential,800.00,920.00
4,1,146,Vitrectomy- pars plana,"10,350.00","11,903.00"
4,1,147,Intravitreal injections- of antibiotics,"1,100.00","1,265.00"
4,1,148,Intravitreal injections- of Ranibizumab excluding cost of drug,"3,000.00","3,450.00"
4,1,149,X Ray orbit,115.00,132.00
4,1,150,CT orbit and brain,1600.00,1840.00
4,1,151,MRI- Orbit and brain,"3,450.00","3,968.00"
4,1,152,Dacryocystography,340.00,391.00
4,1,153,Orbital angio-graphical studies,"1,500.00","1,725.00"
4,1,154,Extracapsular cataract extraction (ECCE) with IOL,"3,450.00","3,968.00"
4,1,155,Small Incision Cataract Surgery (SICS) with IOL,"4,500.00","5,175.00"
4,1,156,Phaco with foldable IOL (silicone and acrylic)/PMMA IOL,"10,781.00","12,398.00"
4,1,157,Pars plana lensectomy with/without IOL,"10,350.00","11,903.00"
4,1,158,Secondary IOL implantation- AC IOL PC IOL or scleral fixated IOL,"6,210.00","7,142.00"
4,1,159,Cataract extraction with IOL with capsular tension rings (Cionni’s ring),"12,150.00","13,973.00"
4,1,160,Optic nerve sheathotomy,"7,500.00","8,625.00"
4,1,161,Iridodialysis repair or papillary reconstruction,"4,500.00","5,175.00"
4,1,162,Iris cyst removal,850.00,978.00
4,1,163,Lid Abscess incision and Drainage,"1,700.00","1,955.00"
4,1,164,Orbital Abscess incision and Drainage,"3,000.00","3,450.00"
4,1,165,Biopsy,414.00,476.00
4,1,166,Paracentesis,230.00,265.00
4,1,167,Scleral graft for scleral melting or perforation,"2,800.00","3,220.00"
4,1,168,Amniotic membrane grafting,"1,100.00","1,265.00"
4,1,169,Cyclodiathermy,"2,300.00","2,645.00"
4,1,170,Intraocular foreign body removal,187.00,215.00
4,1,171,Electrolysis,230.00,265.00
4,1,172,Perforating injury repair,"4,500.00","5,175.00"
4,1,173,Botulinum injection for blepharospasm or squint,"2,500.00","2,875.00"
4,1,,TREATMENT PROCEDURE DENTAL PROCEDURES,,
4,1,174,Flap Operation per quadrant,324.00,373.00
4,1,175,Gingivectomy per quadrant,234.00,269.00
4,1,176,Reduction & immobilization of fracture- Maxilla Under LA,900.00,"1,035.00"
4,1,177,Reduction & immobilization of fracture-Mandible Under LA,"3,150.00","3,623.00"
4,1,178,Splints/Circummandibular wiring under LA,510.00,587.00
4,1,179,splints/Circummandibular wiring under GA,990.00,"1,139.00"
4,1,180,Internal wire fixation/plate fixation of Maxilla under LA,"2,800.00","3,220.00"
4,1,181,Internal wire fixation/plate fixation of Maxilla under GA,"4,000.00","4,600.00"
4,1,182,Internal wire fixation/plate fixation of Mandible under LA,"3,150.00","3,623.00"
4,1,183,Internal wire fixation/plate fixation of Mandible under GA,"3,825.00","4,399.00"
4,1,184,Extraction per tooth under LA,80.00,92.00
4,1,185,Complicated Extraction per Tooth under LA,100.00,115.00
4,1,186,Extraction of impacted tooth under LA,160.00,184.00
4,1,187,Extraction in mentally retarded/patients with systemic diseases/patient with special needs under short term GA,845.00,972.00
5,1,188,Cyst & tumour of Maxilla /mandible by enucleation/ excision/ marsupialisation upto 4 cms under LA,240.00,276.00
5,1,189,Cyst & tumour of Maxilla / mandible by enucleation / excision / marsupialisation size more than 4 cms,365.00,420.00
5,1,190,Cyst & tumour of Maxilla/mandible by enucleation/excision/marsupialisation size more than 4 cms under GA,950.00,"1,093.00"
5,1,191,TM joint ankylosis- under GA,"6,750.00","7,763.00"
5,1,192,Biopsy Intraoral-Soft tissue,374.00,430.00
5,1,193,Biopsy Intraoral-Bone,374.00,430.00
5,1,194,Hemi-mandibulectomy with graft,"18,900.00","21,735.00"
5,1,195,Hemi-mandibulectomy without graft,"18,900.00","21,735.00"
5,1,196,Segmental-mandibulectomy with graft,"3,400.00","3,910.00"
5,1,197,Segmental-mandibulectomy without graft,990.00,"1,139.00"
5,1,198,Maxillectomy- Total with graft,"2,500.00","2,875.00"
5,1,199,Maxillectomy- Total without graft,"1,950.00","2,243.00"
5,1,200,Maxillectomy- partial with graft,"3,000.00","3,450.00"
5,1,201,Maxillectomy- partial without graft,"2,500.00","2,875.00"
5,1,202,Release of fibrous bands & grafting -in (OSMF) treatment under GA,"1,500.00","1,725.00"
5,1,203,Pre-prosthetic surgery- Alveoloplasty,500.00,575.00
5,1,204,Pre-prosthetic surgery - ridge augmentation,"1,200.00","1,380.00"
5,1,205,Root canal Treatment(RCT) Anterior teeth(per tooth),500.00,575.00
5,1,206,Root canal Treatment(RCT) Posterior teeth (per tooth),700.00,805.00
5,1,207,Apicoectomy- Single root,450.00,518.00
5,1,208,Apicoectomy-Multiple roots,585.00,673.00
5,1,209,Metal Crown-per unit,500.00,575.00
5,1,210,Metal Crown with Acrylic facing per unit,700.00,805.00
5,1,211,Complete single denture-metal based,"1,500.00","1,725.00"
5,1,212,Complete denture- acrylic based per arch,950.00,"1,093.00"
5,1,213,Removable partial denture-Metal based-upto 3 teeth,630.00,725.00
5,1,214,Removable partial denture-Metal based-more than 3 teeth,900.00,"1,035.00"
5,1,215,Removable partial denture-Acrylic based-upto 3 teeth,500.00,575.00
5,1,216,Removable partial denture-Acrylic based-more than 3 teeth / Per tooth,264.00,304.00
5,1,217,Amalgam restoration-per tooth,200.00,230.00
5,1,218,Composite Restoration-per tooth-anterior tooth,250.00,288.00
5,1,219,Glass Ionomer filling-per tooth,200.00,230.00
5,1,220,Scaling & polishing,300.00,345.00
5,1,221,Removable Orthodontics appliance- per Arch,700.00,805.00
5,1,222,Fixed Orthodontics-per Arch,"1,150.00","1,323.00"
5,1,223,Space maintainers-Fixed,500.00,575.00
5,1,224,Habit breaking appliances-removable,800.00,920.00
5,1,225,Habit breaking appliances-Fixed,"1,500.00","1,725.00"
5,1,226,Expansion plate,"1,000.00","1,150.00"
5,1,227,Feeding appliance for cleft palate,"1,350.00","1,553.00"
5,1,228,Maxillo-facial prosthesis (sal/auricular/orbital/facial lost part),"3,150.00","3,623.00"
5,1,229,Functional orthodontic appliances,"2,700.00","3,105.00"
5,1,230,Obturator (Maxillo-facial),"1,500.00","1,725.00"
6,1,231,Occlusal night guard(splint),800.00,920.00
6,1,,TREATMENT PROCEDURE ENT,,
6,1,232,Pure Tone Audiogram,172.00,198.00
6,1,233,Impedence with stepedeal reflex,230.00,265.00
6,1,234,Short Increment Sensitivity Index (SISI) Tone Decay,132.00,152.00
6,1,235,Multiple hearing assessment test to Adults,115.00,132.00
6,1,236,Speech Discrimination Score,90.00,104.00
6,1,237,Speech Assessment,120.00,138.00
6,1,238,Speech therapy per session of 30-40 minutes,131.00,151.00
6,1,239,Cold Calorie Test for Vestibular function,172.00,198.00
6,1,240,Removal of foreign body From Nose,345.00,397.00
6,1,241,Removal of foreign body From Ear,230.00,265.00
6,1,242,Syringing (Ear),166.00,191.00
6,1,243,Polyp removal under LA,575.00,661.00
6,1,244,Polyp removal under GA,850.00,978.00
6,1,245,Peritonsillar abscess Drainage under LA,"1,449.00","1,666.00"
6,1,246,Myringoplasty,"6,900.00","7,935.00"
6,1,247,Staepedectomy,"9,200.00","10,580.00"
6,1,248,Myringotomy with Grommet insertion,"4,600.00","5,290.00"
6,1,249,Tympanotomy,"7,763.00","8,927.00"
6,1,250,Tympanoplasty,"13,800.00","15,870.00"
6,1,251,Mastoidectomy,"14,950.00","17,193.00"
6,1,252,Otoplasty,"16,100.00","18,515.00"
6,1,253,Labyrinthectomy,"13,800.00","15,870.00"
6,1,254,Skull Base surgery,"25,000.00","28,750.00"
6,1,255,Facial Nerve Decompression,"15,525.00","17,854.00"
6,1,256,Septoplasty,"5,750.00","6,613.00"
6,1,257,Submucous Resection,"7,314.00","8,411.00"
6,1,258,Septo-rhinoplasty,"16,100.00","18,515.00"
6,1,259,Rhinoplasty- Non-cosmetic,"11,500.00","13,225.00"
6,1,260,Fracture Reduction of Nasal Bone,"4,250.00","4,888.00"
6,1,261,Intra nasal Diathermy,"1,150.00","1,323.00"
6,1,262,Turbinectomy,"5,750.00","6,613.00"
6,1,263,Endoscopic Dacryocystorhinostomy (DCR),"13,000.00","14,950.00"
6,1,264,Endoscopic Surgery,"13,800.00","15,870.00"
6,1,265,Septal Perforation Repair,"13,800.00","15,870.00"
6,1,266,Antrum Puncture,880.00,"1,012.00"
6,1,267,Lateral Rhinotomy,"1,000.00","1,150.00"
6,1,268,Cranio-facial resection,"25,500.00","29,325.00"
6,1,269,Caldwell Luc Surgery (Radical Antrostomy for maxillary sinus),"10,626.00","12,220.00"
6,1,270,Angiofibroma Excision,"17,000.00","19,550.00"
6,1,271,Endoscopic Hypophysectomy,"21,500.00","24,725.00"
6,1,272,Endoscopic Optic Nerve Decompression,"29,498.00","33,923.00"
6,1,273,Decompression of Orbit,"25,500.00","29,325.00"
6,1,274,Punch/Wedge biopsy,674.00,775.00
6,1,275,Tonsillectomy,"5,000.00","5,750.00"
6,1,276,Uvulo-palatoplasty,"15,000.00","17,250.00"
6,1,277,Functional Endoscopic Sinus Surgery (FESS) for Antrochoanal polyp,"5,750.00","6,613.00"
6,1,278,Functional Endoscopic Sinus Surgery (FESS) for ethmoidal polyp,"5,750.00","6,613.00"
6,1,279,Polyp removal ear,748.00,860.00
7,1,280,Polyp removal Nose(Septal polyp),748.00,860.00
7,1,281,"Mastoidectomy plus Ossiculoplasty including TORP (Total Ossicular Replacement Prosthesis) or PORP (Partial Ossicular Replacement Prosthesis)""","2,415.00","2,777.00"
7,1,282,Endolymphatic sac decompression,"2,875.00","3,306.00"
7,1,283,Diagnostic endoscopy under GA,"2,300.00","2,645.00"
7,1,284,Young's operation for Atrophic rhinitis,"6,900.00","7,935.00"
7,1,285,Vidian neurectomy for vasomotor Rhinitis,"10,350.00","11,903.00"
7,1,286,Nasal Packing-anterior,345.00,397.00
7,1,287,Nasal Packing-posterior,805.00,926.00
7,1,288,Ranula Excision,"6,159.00","7,083.00"
7,1,289,Tongue Tie excision,"1,350.00","1,553.00"
7,1,290,Sub Mandibular Duct Lithotomy,269.00,309.00
7,1,291,Adenoidectomy,"5,640.00","6,486.00"
7,1,292,Palatopharyngoplasty,"8,165.00","9,390.00"
7,1,293,Pharyngoplasty,"17,193.00","19,772.00"
7,1,294,Styloidectomy,"9,200.00","10,580.00"
7,1,295,Direct laryngoscopy including Biopsy under GA,"5,000.00","5,750.00"
7,1,296,Oesophagoscopy with foreign body removal from Oesophagus,"1,800.00","2,070.00"
7,1,297,Bronchoscopy with foreign body (FB) removal,"2,438.00","2,804.00"
7,1,298,Other Major Surgery,"15,000.00","17,250.00"
7,1,299,Other Minor Surgery,"8,500.00","9,775.00"
7,1,,TREATMENT PROCEDURE FOR HEAD AND NECK,,
7,1,300,Ear Lobe Repair one side,500.00,575.00
7,1,301,Excision of Pinna for Growth (Squamous/Basal/ Injuries) Skin Only,"3,600.00","4,140.00"
7,1,302,Excision of Pinna for Growth (Squamous/Basal/ Injuries) Skin and Cartilage,"3,800.00","4,370.00"
7,1,303,Partial Amputation of Pinna,"4,500.00","5,175.00"
7,1,304,Total Amputation of Pinna,"6,200.00","7,130.00"
7,1,305,Total Amputation & Excision of External Auditory Meatus,"1,500.00","1,725.00"
7,1,306,Excision of Cystic Hygroma,"5,175.00","5,951.00"
7,1,307,Excision of Cystic Hygroma Extensive,"7,452.00","8,570.00"
7,1,308,Excision of Branchial Cyst,"10,350.00","11,903.00"
7,1,309,Excision of Branchial Sinus,"9,315.00","10,712.00"
7,1,310,Excision of Pharyngeal Diverticulum,"10,580.00","12,167.00"
7,1,311,Excision of Carotid Body-Tumours,"11,615.00","13,357.00"
7,1,312,Operation for Cervical Rib,"12,500.00","14,375.00"
7,1,313,Block Dissection of Cervical Lymph Nodes,"15,000.00","17,250.00"
7,1,314,Pharyngectomy & Reconstruction,"15,000.00","17,250.00"
7,1,315,Operation for Carcinoma Lip - Wedge-Excision,"8,050.00","9,258.00"
7,1,316,Operation for Carcinoma Lip - Vermilionectomy,"5,758.00","6,622.00"
7,1,317,Operation for Carcinoma Lip - Wedge Excision and Vermilionectomy,"9,000.00","10,350.00"
7,1,318,Estlander Operation (Estlander flap in plastic surgey of lips),"7,475.00","8,596.00"
7,1,319,Abbe Operation (Abbe flap in plastic surgery of lips),"9,800.00","11,270.00"
7,1,320,Cheek Advancement,"9,775.00","11,241.00"
8,1,321,Excision of the Maxilla,"19,320.00","22,218.00"
8,1,322,Excision of mandible-segmental,"15,000.00","17,250.00"
8,1,323,Mandibulectomy,"18,900.00","21,735.00"
8,1,324,Partial Glossectomy,"5,520.00","6,348.00"
8,1,325,Hemiglossectomy,"7,000.00","8,050.00"
8,1,326,Total Glossectomy,"22,885.00","26,318.00"
8,1,327,Combined Mandibulectomy and Neck Dissection Operation (Commando Operation),"22,000.00","25,300.00"
8,1,328,Parotidectomy - Superficial,"12,075.00","13,886.00"
8,1,329,Parotidectomy - Total,"14,000.00","16,100.00"
8,1,330,Parotidectomy - Radical,"19,550.00","22,483.00"
8,1,331,Repair of Parotid Duct,"11,500.00","13,225.00"
8,1,332,Removal of Submandibular Salivary gland,"8,625.00","9,919.00"
8,1,333,Hemithyroidectomy,"9,500.00","10,925.00"
8,1,334,Partial Thyroidectomy (lobectomy),"11,500.00","13,225.00"
8,1,335,Subtotal Thyroidectomy,"13,053.00","15,011.00"
8,1,336,Total Thyroidectomy,"19,000.00","21,850.00"
8,1,337,Resection Enucleation of thyroid Adenoma,"10,580.00","12,167.00"
8,1,338,Total Thyroidectomy and Block Dissection,"26,450.00","30,418.00"
8,1,339,Excision of Lingual Thyroid,"16,882.00","19,414.00"
8,1,340,Excision of Thyroglossal Cyst/Fistula,"13,225.00","15,209.00"
8,1,341,Excision of Parathyroid Adenoma/Carcinoma,"21,275.00","24,466.00"
8,1,342,Laryngectomy,"17,825.00","20,499.00"
8,1,343,Laryngo Pharyngectomy,"27,000.00","31,050.00"
8,1,344,Hyoid Suspension,"10,350.00","11,903.00"
8,1,345,Genioplasty,"12,000.00","13,800.00"
8,1,346,Direct Laryngoscopy including biopsy under GA,"5,000.00","5,750.00"
8,1,347,Phonosurgery,"13,800.00","15,870.00"
8,1,348,Fibreoptic examination of Larynx (FOL) under LA,"1,725.00","1,984.00"
8,1,349,Microlaryngeal Surgery,"10,350.00","11,903.00"
8,1,350,Laryngofissure,"17,250.00","19,838.00"
8,1,351,Tracheal Stenosis Excision,"19,780.00","22,747.00"
8,1,,Head and neck cancer,,
8,1,352,Excisional Biopsies,"5,175.00","5,951.00"
8,1,353,Benign Tumour Excisions,"8,550.00","9,833.00"
8,1,354,Temporal Bone subtotal resection,"20,700.00","23,805.00"
8,1,355,Modified Radical Neck Dissection,"25,300.00","29,095.00"
8,1,356,Carotid Body Excision,"26,000.00","29,900.00"
8,1,357,Total Laryngectomy,"39,192.00","45,071.00"
8,1,358,Flap Reconstructive Surgery,"40,000.00","46,000.00"
8,1,359,Parapharyngeal Tumour Excision,"38,000.00","43,700.00"
8,1,360,Other Major Surgery,"21,250.00","24,438.00"
8,1,361,Other Minor Surgery,"5,000.00","5,750.00"
8,1,,TREATMENT PROCEDURE BREAST,,
8,1,362,Drainage of abscess,"5,400.00","6,210.00"
8,1,363,Excision of lumps,"6,272.00","7,213.00"
8,1,364,Local mastectomy-simple,"12,000.00","13,800.00"
8,1,365,Radical mastectomy-formal or modified.,"25,875.00","29,756.00"
8,1,366,Excision of mammary fistula,"13,973.00","16,069.00"
8,1,367,Segmental resection of breast,"16,100.00","18,515.00"
8,1,368,Other Major Surgery,"25,000.00","28,750.00"
8,1,369,Other Minor Surgery,"5,000.00","5,750.00"
8,1,,TREATMENT PROCEDURE GENERAL SURGERY,,
9,1,370,Injury Of Superficial Soft Tissues,425.00,489.00
9,1,371,Suturing of small wounds,1060.00,1250.00
9,1,372,Secondary suture of wounds,3400.00,4000.00
9,1,373,Debridement of wounds,1275.00,1500.00
9,1,374,Removal Of Foreign Bodies,1275.00,1500.00
9,1,,Biopsies,,
9,1,375,Excision of Cervical Lymph Node,"2,635.00","3,100.00"
9,1,376,Excision of Axillary Lymph Node,"6,715.00","7,900.00"
9,1,377,Excision of Inguinal Lymph Node,"2,550.00","3,000.00"
9,1,378,Excision Biopsy of Ulcers,"1,323.00","1,521.00"
9,1,379,Excision Biopsy of Superficial Lumps,"2,898.00","3,333.00"
9,1,380,Incision Biopsy of Growths/Ulcers,"1,323.00","1,521.00"
9,1,381,Trucut Needle Biopsy,"2,975.00","3,500.00"
9,1,382,Percutaneous Kidney Biopsy,"1,470.00","1,691.00"
9,1,383,Marrow Biopsy (Open),"1,060.00","1,219.00"
9,1,384,Muscle Biopsy,"1,470.00","1,691.00"
9,1,385,Scalene Node Biopsy,"1,350.00","1,553.00"
9,1,386,Excision of Sebaceous Cysts,"1,242.00","1,428.00"
9,1,387,Excision of Superficial Lipoma,"1,739.00","2,000.00"
9,1,388,Excision of Superficial Neurofibroma,"2,400.00","2,760.00"
9,1,389,Excision of Dermoid Cysts,"2,277.00","2,619.00"
9,1,390,Haemorrhoidectomy,"25,500.00","30,000.00"
9,1,391,Stappler haemorrhoidectomy,"37,145.00","43,700.00"
9,1,392,keloid excision,"1,150.00","1,323.00"
9,1,393,Varicose vein surgery-Trendelenburg operation with suturing or ligation,"19,550.00","23,000.00"
9,1,,TREATMENT PROCEDURE OESOPHAGUS,,
9,1,394,Atresia of Oesophagus and Tracheo Oesophageal Fistula,"28,000.00","32,200.00"
9,1,395,Operations for Replacement of Oesophagus by Colon,"25,000.00","28,750.00"
9,1,396,Oesophagectomy for Carcinoma Easophagus,"25,000.00","28,750.00"
9,1,397,Oesophageal Intubation (Mausseau Barbin Tube),"11,500.00","13,225.00"
9,1,398,Achalasia Cardia Transthoracic,"14,000.00","16,100.00"
9,1,399,Achalasia Cardia Abdominal,"12,650.00","14,548.00"
9,1,400,Oesophago Gastrectomy for mid 1/3 lesion,"22,046.00","25,353.00"
9,1,401,Heller’s Operation,"19,750.00","22,713.00"
9,1,402,Colon-Inter position or Replacement of Oesophagus,"22,540.00","25,921.00"
9,1,403,Oesophago Gastrectomy – Lower Corringers procedure,"21,390.00","24,599.00"
9,1,404,Other Major Surgery,"27,625.00","31,769.00"
9,1,405,Other Minor Surgery,"5,000.00","5,750.00"
9,1,,TREATMENT PROCEDURE ABDOMEN / GI SURGERY,,
9,1,406,Gastroscopy,"1,553.00","1,786.00"
9,1,407,Gastric & Duodenal Biopsy (Endoscopic),"1,755.00","2,018.00"
9,1,408,Pyloromyotomy,"2,800.00","3,220.00"
9,1,409,Gastrostomy,"8,625.00","9,919.00"
9,1,410,Simple Closure of Perforated peptic Ulcer,"9,775.00","11,241.00"
9,1,411,Vagotomy Pyleroplasty / Gastro Jejunostomy,"13,800.00","15,870.00"
9,1,412,Duodenojejunostomy,"18,950.00","21,793.00"
9,1,413,Partial/Subtotal Gastrectomy for Carcinoma,"23,000.00","26,450.00"
9,1,414,Partial/Subtotal Gastrectomy for Ulcer,"20,183.00","23,210.00"
9,1,415,Operation for Bleeding Peptic Ulcer,"19,500.00","22,425.00"
10,1,416,Operation for Gastrojejunal Ulcer,"19,780.00","22,747.00"
10,1,417,Total Gastrectomy for Cancer,"22,000.00","25,300.00"
10,1,418,Highly Selective Vagotomy,"18,630.00","21,425.00"
10,1,419,Selective Vagotomy & Drainage,"18,630.00","21,425.00"
10,1,420,Congenital Diaphragmatic Hernia,"34,000.00","40,000.00"
10,1,421,Hiatus Hernia Repair- Abdominal,"28,050.00","33,000.00"
10,1,422,Hiatus Hernia Repair- Transthoracic,"28,050.00","33,000.00"
10,1,423,Exploratory Laparotomy,"21,250.00","25,000.00"
10,1,424,Epigastric Hernia Repair,"21,250.00","25,000.00"
10,1,425,Umbilical Hernia Repair,"11,385.00","13,093.00"
10,1,426,Ventral /incisional Hernia Repair,"10,293.00","11,837.00"
10,1,427,Inguinal Hernia Herniorrhaphy,"22,100.00","26,000.00"
10,1,428,Inguinal Hernia - Hernioplasty,"27,200.00","32,000.00"
10,1,429,Femoral Hernia Repair,"27,200.00","32,000.00"
10,1,430,"Rare Hernias Repair (Spigalion, Obturator, Lumbar, Sciatic)","17,078.00","19,640.00"
10,1,431,Splenectomy - For Trauma,"18,275.00","21,016.00"
10,1,432,Splenectomy - For Hypersplenism,"14,490.00","16,664.00"
10,1,433,Splenorenal Anastomosis,"23,000.00","26,450.00"
10,1,434,Portocaval Anastomosis,"28,000.00","32,200.00"
10,1,435,Direct Operation on Oesophagus for Portal Hypertension,"22,885.00","26,318.00"
10,1,436,Mesentericocaval Anastomosis,"25,450.00","29,268.00"
10,1,437,Warren Shunt (Distal Splenorenal Shunt),"27,000.00","31,050.00"
10,1,438,Pancreatico Duodenectomy (Whipple's procedure),"21,735.00","24,995.00"
10,1,439,By Pass Procedure for Inoperable Carcinoma of Pancreas,"23,000.00","26,450.00"
10,1,440,Cystojejunostomy or Cystogastrostomy,"14,490.00","16,664.00"
10,1,441,Cholecystectomy,"20,400.00","24,000.00"
10,1,442,Cholecystectomy & Exploration of CBD,"28,050.00","33,000.00"
10,1,443,Repair of Common Bile Duct (CBD),"13,600.00","15,640.00"
10,1,444,Operation for Hydatid Cyst of Liver,"22,950.00","27,000.00"
10,1,445,Cholecystostomy,"20,400.00","24,000.00"
10,1,446,Hepatic Resections (Lobectomy /Hepatectomy),"28,050.00","33,000.00"
10,1,447,Operation on Adrenal Glands - Bilateral,"26,105.00","30,021.00"
10,1,448,Operation on Adrenal Glands - Unilateral,"13,800.00","15,870.00"
10,1,449,Appendicectomy,"16,150.00","19,000.00"
10,1,450,Appendicular Abscess – Drainage,"9,775.00","11,241.00"
10,1,451,Mesenteric Cyst- Excision,"9,936.00","11,426.00"
10,1,452,Peritonioscopy/Laparoscopy,"4,600.00","5,290.00"
10,1,453,Jejunostomy,"5,750.00","6,613.00"
10,1,454,Ileostomy,"13,869.00","15,949.00"
10,1,455,Resection & Anastomosis of Small Intestine,"40,375.00","47,500.00"
10,1,456,Duodenal Diverticulum,"16,560.00","19,044.00"
10,1,457,Operation for Intestinal Obstruction,"10,350.00","11,903.00"
10,1,458,Operation for Intestinal perforation,"34,200.00","39,330.00"
10,1,459,Benign Tumours of Small Intestine,"18,600.00","21,390.00"
10,1,460,Excision of Small Intestine Fistula,"45,000.00","38,250.00"
10,1,461,Operations for GI Bleed,"14,400.00","16,560.00"
10,1,462,Operations for Haemorrhage of Small Intestines,"19,200.00","22,080.00"
10,1,463,Operations of the Duplication of the Intestines,"34,850.00","41,000.00"
10,1,464,Operations for Recurrent Intestinal Obstruction (Noble Plication & Other Operations for Adhesions),"23,000.00","26,450.00"
11,1,465,Ileosigmoidostomy and related resection,"16,790.00","19,309.00"
11,1,466,Ileotransverse Colostomy and related resection,"16,790.00","19,309.00"
11,1,467,Caecostomy,"3,903.00","4,488.00"
11,1,468,Loop Colostomy Transverse Sigmoid,"13,110.00","15,077.00"
11,1,469,Terminal Colostomy,"25,500.00","30,000.00"
11,1,470,Closure of Colostomy,"25,500.00","30,000.00"
11,1,471,Right Hemicolectomy,"27,200.00","32,000.00"
11,1,472,Left Hemicolectomy,"27,200.00","32,000.00"
11,1,473,Total Colectomy,"34,000.00","40,000.00"
11,1,474,Operations for Volvulus of Large Bowel,"22,428.00","25,792.00"
11,1,475,Operations for Sigmoid Diverticulitis,"18,630.00","21,425.00"
11,1,476,Fissure in Ano with Internal sphinctrectomy with fissurectomy.,"27,200.00","32,000.00"
11,1,477,Fissure in Ano - Fissurectomy,"24,650.00","29,000.00"
11,1,478,Rectal Polyp-Excision,"11,645.00","13,700.00"
11,1,479,Fistula in Ano - High Fistulectomy,"29,750.00","35,000.00"
11,1,480,Fistula in Ano - Low Fistulectomy,"19,550.00","23,000.00"
11,1,481,Prolapse Rectum - Thiersch Wiring,"9,315.00","10,712.00"
11,1,482,Prolapse Rectum - Rectopexy,"11,900.00","14,000.00"
11,1,483,Prolapse Rectum - Grahams Operation,deleted,deleted
11,1,484,Operations for Hirschsprungs Disease,"14,260.00","16,399.00"
11,1,485,Excision of Pilonidal Sinus (open),"18,700.00","22,000.00"
11,1,486,Excision of Pilonidal Sinus with closure,"21,250.00","25,000.00"
11,1,487,Abdomino-Perineal Excision of Rectum,"18,300.00","21,045.00"
11,1,488,Anterior Resection of rectum,"19,665.00","22,615.00"
11,1,489,Pull Through Abdominal Resection,"17,170.00","19,746.00"
11,1,490,Retro Peritoneal Tumor Removal,"16,200.00","18,630.00"
11,1,491,Radio ablation of varicose veins,"7,225.00","8,500.00"
11,1,492,Laser ablation of varicose veins,"34,000.00","40,000.00"
11,1,493,Laparoscopic Fundoplication,"19,300.00","22,195.00"
11,1,494,Laparoscopic Splenectomy,"22,500.00","25,875.00"
11,1,495,Laparoscopic Removal of hydatid cyst,"18,000.00","20,700.00"
11,1,496,Laparoscopic treatment of Pseudo Pancreatic cyst,"18,000.00","20,700.00"
11,1,497,Laparoscopic Whipple's operation (Laparoscopic Pancreatico Duodenectomy,"20,000.00","23,000.00"
11,1,498,Laparoscopic GI bypass operation,"20,000.00","23,000.00"
11,1,499,Laparoscopic Total Colectomy,"22,500.00","25,875.00"
11,1,500,Laparoscopic Hemicolectomy,"20,700.00","23,805.00"
11,1,501,Laparoscopic Anterior Resection (of Intestine/ Rectum),"20,700.00","23,805.00"
11,1,502,Laparoscopic Cholecystetomy,"28,050.00","33,000.00"
11,1,503,Laparoscopic Appedicectomy,"25,500.00","30,000.00"
11,1,504,Laparoscopic Hernia inguinal repair,"29,750.00","35,000.00"
11,1,505,Laparoscopic ventral Hernia Repair,"15,750.00","18,113.00"
11,1,506,Laparoscopic Paraumblical Hernia Repair,"17,500.00","20,125.00"
11,1,507,Laparoscopic Adrenelectomy,"12,000.00","13,800.00"
11,1,508,Laparoscopic Nephrectomy,"21,000.00","24,150.00"
11,1,509,Other Major Surgery,deleted,deleted
11,1,510,Other Minor Surgery,deleted,deleted
11,1,,TREATMENT PROCEDURE ICU/CCU PROCEDURES (SPECIAL CARE CASES),,
11,1,511,Coronary Care with Cardiac Monitoring (Room Rent extra),750.00,863.00
12,1,512,Compressed air / piped oxygen /per hour,50.00,58.00
12,1,513,Ventilator charges (Per day),531.00,611.00
12,1,514,Paediatric care for New born (Per day),186.00,214.00
12,1,515,Incubator charges (Per day),345.00,397.00
12,1,516,Neonatal ICU charges (Per day),391.00,450.00
12,1,517,Resuscitation,184.00,212.00
12,1,518,Exchange Transfusion,265.00,305.00
12,1,519,Pneupack ventilator in Nursery (Per day),575.00,661.00
12,1,,TREATMENT PROCEDURE CARDIOVASCULAR AND CARDIAC SURGERY & INVESTIGATIONS,,
12,1,520,Atrial Septal Defect(ASD) closure,"84,065.00","98,900.00"
12,1,521,Ventricular septal defect (VSD) closure,"93,415.00","1,09,900.00"
12,1,522,TOF/TAPVC/TCPC/REV/RSOV repair,"1,27,075.00","1,46,136.00"
12,1,523,BD Glenn/Left atrium myxoma,"80,750.00","92,863.00"
12,1,524,Senning/Arterial Switch Operation (ASO) with graft,"1,22,188.00","1,40,516.00"
12,1,525,Double Switch Operation (DSO),"93,254.00","1,07,242.00"
12,1,526,Atrioventricular(AV) canal repair,"1,60,000.00","1,84,000.00"
12,1,527,Fontan procedure,"1,60,000.00","1,84,000.00"
12,1,528,Conduit repair,"1,52,100.00","1,74,915.00"
12,1,529,Coronary Artery Bypass Graft surgery (CABG),"1,27,075.00","1,46,136.00"
12,1,530,CABG + Intra-Aortic Balloon Pump (IABP),"1,52,100.00","1,74,915.00"
12,1,531,CABG + Valve.,"1,69,000.00","1,94,350.00"
12,1,532,CABG without bypass.,"1,40,000.00","1,61,000.00"
12,1,533,Ascending aorta replacement,"1,30,000.00","1,49,500.00"
12,1,534,Double Valve Replacement (DVR),"1,55,422.00","1,78,735.00"
12,1,535,Mitral valve Replacement(MVR)/ Aortic valve Replacement(AVR),"93,254.00","1,07,242.00"
12,1,536,Mitral Valve repair + Aortic Valve repair,"93,254.00","1,07,242.00"
12,1,537,Aorta femoral bypass,"52,000.00","59,800.00"
12,1,538,Blalock-Taussig shunt (BT Shunt) / Coarctation,"51,980.00","59,777.00"
12,1,539,Pulmonary Artery Banding (PA Banding) Septostomy,"51,980.00","59,777.00"
12,1,540,Pericardectomy,"42,320.00","48,668.00"
12,1,541,"Patent ductus arteriosus (PDA), device closure","46,750.00","55,000.00"
12,1,542,Gunshot injury,"51,980.00","59,777.00"
12,1,543,Heart transplant,"2,76,000.00","3,17,400.00"
12,1,544,Ballon coronary angioplasty/Percutaneous transluminal coronary angioplasty (PTCA)Percutaneous coronary intervention (PCI) with Vascular closure device (VCD),"78,200.00","92,000.00"
12,1,545,Balloon coronary Angioplasty /percutaneous transluminal coronary angioplasty (PTCA)/Percutaneous coronary intervention (PCI)without Vascular closure device (VCD),"71,150.00","83,725.00"
12,1,546,Rotablation,"47,775.00","56,206.00"
12,1,547,Ballon Mitral valvotomy/Percutaneous transvenous mitral commissurotomy (PTMC),"77,000.00","90,700.00"
12,1,548,Cardiac Catheterization (CATH),"11,510.00","13,545.00"
12,1,549,Aortic Arch Replacement,"10,000.00","11,500.00"
12,1,550,Aortic Dissection,"12,650.00","14,548.00"
12,1,551,Thoraco Abdominal Aneurism Repair,"15,000.00","17,250.00"
12,1,552,Embolectomy,"21,000.00","24,150.00"
12,1,553,Vascular Repair,"36,000.00","41,400.00"
13,1,554,Bentall Repair with Prosthetic Valve,"30,000.00","34,500.00"
13,1,555,Bentall Repair with Biologic Valve,"1,27,500.00","1,46,625.00"
13,1,556,Coarctation dilatation/ballon dilatation of Aortic coarctation- including ocst of balloon,"60,860.00","71,600.00"
13,1,557,Coaractation dilatation with Stenting,"18,500.00","21,275.00"
13,1,558,Temporary Pacemaker Implantation (TPI) (Temporay Cardiac Pacing) Single Chamber,"16,320.00","19,200.00"
13,1,559,Temporary cardiac pacing (TPI) Dual Chamber,"8,160.00","9,384.00"
13,1,560,Permanent pacemaker implantation (PPI)- Single Chamber,"27,200.00","32,000.00"
13,1,561,Permanent pacemaker implantation- Dual Chamber,"36,550.00","43,000.00"
13,1,562,Permanent pacemaker implantation (PPI)-Biventricular,"42,180.00","49,625.00"
13,1,563,Automatic implantable cardioverter defibrillator (AICD) Single Chamber,"42,500.00","50,000.00"
13,1,564,Automatic implantable cardioverter defibrillator (AICD) Dual Chamber,"44,500.00","52,350.00"
13,1,565,Combo device implantation,"50,150.00","59,000.00"
13,1,566,Diagnostic Electrophysiological studies conventional ( including catheter),"56,100.00","66,000.00"
13,1,567,Ambulatory BP monitoring,1000.00,1000.00
13,1,568,External Loop/event recording( Maximum up to 7 days),1500 first day and 1000 for subsequent days,1500 first day and 1000 for subsequent days
13,1,569,Radio fequency (RF) Ablation conventional,"81,600.00","96,000.00"
13,1,570,Radio fequency (RF) Ablation Atrial Tachycardia/with 3 D mapping - All inclusive,"1,53,850.00","1,81,000.00"
13,1,571,Endomyocardial biopsy,deleted,deleted
13,1,572,Intra aortic balloon pump (IABP)- Including Cost of Balloon,"42,500.00","50,000.00"
13,1,573,Intra vascular coils,"63,750.00","75,000.00"
13,1,574,Septostomy- Balloon,"25,500.00","30,000.00"
13,1,575,Septostomy- Blade,"17,595.00","20,234.00"
13,1,576,Aortic valve balloon dilatation (AVBD) / pulmonary valve balloon dilatation (PVBD),"47,940.00","56,400.00"
13,1,577,Digital subtraction angiography-Peripheral artery,"12,400.00","14,610.00"
13,1,578,Digital subtraction angiography- venogram,"12,400.00","14,610.00"
13,1,579,CT Guided biopsy,"1,265.00","1,455.00"
13,1,580,Sinogram,860.00,989.00
13,1,581,Peripheral Angioplasty with VCD,"46,750.00","55,500.00"
13,1,582,Peripheral Angioplasty without VCD,"11,500.00","13,225.00"
13,1,583,Renal Angioplasty,"46,750.00","55,000.00"
13,1,584,Intravascular ultrasound (IVUS),"50,000.00","50,000.00"
13,1,585,Fractional flow reserve (FFR)- inclusive of cost of wire,"30,000.00","30,000.00"
13,1,586,Holter analysis,2125.00,2500.00
13,1,587,Aortic stent grafting for aortic aneurysm,"78,500.00","90,275.00"
13,1,588,Inferior Vena Cava (IVC) filter implantation (Cost of Filter extra),"25,500.00","30,000.00"
13,1,589,ASD/VSD/PDA device closure,deleted,deleted
13,1,590,Electrocardiogram (ECG),150.00,175.00
13,1,591,Head--up tilt test (HUTT),"3,400.00","4,000.00"
13,1,592,2D echocardiography,"1,255.00","1,475.00"
13,1,593,3D echocardiography,"1,403.00","1,613.00"
13,1,594,Fetal Echo,"1,360.00","1,600.00"
14,1,595,2D Transesophageal Echocardiography (TEE),"1,403.00","1,613.00"
14,1,596,3D Transesophageal Echocardiography (TEE),"1,403.00","1,613.00"
14,1,597,Stress Echo- exercise,"2,040.00","2,400.00"
14,1,598,Stress Echo- pharmacological,"2,550.00","3,000.00"
14,1,599,Stress Myocardial Perfusion Imaging (MPI)- exercise,"7,650.00","9,000.00"
14,1,600,Stress Myocardial Perfusion Imaging (MPI) - pharmacological,"7,650.00","9,000.00"
14,1,601,Coronary angiography,"11,240.00","13,225.00"
14,1,602,CT coronary angiography,"6,030.00","6,935.00"
14,1,603,Cardiac CT scan,"2,272.00","2,613.00"
14,1,604,Cardiac MRI,"6,800.00","8,000.00"
14,1,605,Stress Cardiac MRI,"3,000.00","3,450.00"
14,1,606,MR angiography.,"5,635.00","6,480.00"
14,1,607,Cardiac PET,"1,500.00","1,725.00"
14,1,608,Pericardiocentesis,"8,500.00","10,000.00"
14,1,609,Other Major Surgery,"20,000.00","23,000.00"
14,1,610,Other Minor Surgery,"4,250.00","4,888.00"
14,1,,TREATMENT PROCEDURE OBSTETRICS AND GYNAECOLOGY,,
14,1,611,Normal delivery with or without Episiotomy & P. repair,"7,500.00","8,625.00"
14,1,612,vacuum delivery,"8,000.00","9,200.00"
14,1,613,Forceps Delivery,"8,280.00","9,522.00"
14,1,614,Cesarean Section(CS),"14,050.00","16,158.00"
14,1,615,Cesarean Hysterectomy,"18,500.00","21,275.00"
14,1,616,Rupture Uterus closure & repair with Tubal Ligation,"17,000.00","19,550.00"
14,1,617,Perforation of Uterus after D/E Laparotomy & Closure,"13,800.00","15,870.00"
14,1,618,Laparotomy for Ectopic pregnancy,"13,800.00","15,870.00"
14,1,619,Laparotomy-peritonitis Lavage and Drainage,"11,500.00","13,225.00"
14,1,620,Salphingo-Oophorectomy/ Oophorectomy Laparoscopic,"10,000.00","11,500.00"
14,1,621,Ovarian Cystectomy-laparoscopic.,"10,350.00","11,903.00"
14,1,622,Ovarian Cystectomy -laparotomy.,"12,420.00","14,283.00"
14,1,623,Salpingo-Oophorectomy-laparotomy,"11,500.00","13,225.00"
14,1,624,Laparoscopic Broad Ligament Hematoma Drainage with repair,"6,900.00","7,935.00"
14,1,625,Exploration of perineal Haematoma & Repair,"7,200.00","8,280.00"
14,1,626,Exploration of abdominal Haematoma (after laparotomy + LSCS),"7,245.00","8,332.00"
14,1,627,Manual Removal of Placenta,"3,450.00","3,968.00"
14,1,628,Examination under anesthesia (EUA),"1,000.00","1,150.00"
14,1,629,Burst-abdomen Repair,"10,000.00","11,500.00"
14,1,630,Gaping Perineal Wound Secondary Suturing,"1,656.00","1,904.00"
14,1,631,Gaping abdominal wound Secondary Suturing,"3,105.00","3,571.00"
14,1,632,Complete perineal tear-repair,"2,128.00","2,447.00"
14,1,633,Exploration of PPH-tear repair,"3,500.00","4,025.00"
14,1,634,Suction evacuation vesicular mole,"5,000.00","5,750.00"
14,1,635,Suction evacuation Missed abortion/ incomplete abortion,"5,000.00","5,750.00"
14,1,636,Colpotomy,"3,450.00","3,968.00"
14,1,637,Repair of post-coital tear/ perineal injury,"3,508.00","4,034.00"
14,1,638,Excision of urethral caruncle,"3,200.00","3,680.00"
15,1,639,Shirodhkar/ McDonald stitch,"3,220.00","3,703.00"
15,1,640,Abdominal Hysterectomy with or without salpingo- oophorectomy,"15,525.00","17,854.00"
15,1,641,Non-descent Vaginal Hysterectomy (NDVH),"15,525.00","17,854.00"
15,1,642,Vaginal Hysterectomy with repairs (UV Prolapse),"15,525.00","17,854.00"
15,1,643,Myomectomy -laparotomy,"12,600.00","14,490.00"
15,1,644,Myomectomy -laparoscopic,"6,325.00","7,274.00"
15,1,645,Vaginoplasty,"14,950.00","17,193.00"
15,1,646,Vulvectomy -Simple,"9,200.00","10,580.00"
15,1,647,Vulvectomy-Radical,"9,200.00","10,580.00"
15,1,648,Rectovaginal Fistula (RVF) Repair,"18,975.00","21,821.00"
15,1,649,Manchester Operation,"15,000.00","17,250.00"
15,1,650,Shirodkar’s sling Operation or other sling operations for prolapse uterus,"3,450.00","3,968.00"
15,1,651,Laparoscopic sling operations for prolapse uterus,"25,200.00","28,980.00"
15,1,652,Diagnostic Curettage,"2,236.00","2,571.00"
15,1,653,Cervical Biopsy,"1,620.00","1,863.00"
15,1,654,Polypectomy,"1,518.00","1,746.00"
15,1,655,Other-Minor Operation Endometrial,"2,300.00","2,645.00"
15,1,656,Excision Vaginal Cyst/Bartholin Cyst,"3,450.00","3,968.00"
15,1,657,Excision Vaginal Septum,"4,140.00","4,761.00"
15,1,658,Laparoscopy -Diagnostic with chromopertubation and or adhesiolysis and drilling,"4,025.00","4,629.00"
15,1,659,Laparoscopy Sterilization,"3,450.00","3,968.00"
15,1,660,Laparoscopically Assisted Vaginal Hysterectomy (LAVH),"22,719.00","26,127.00"
15,1,661,Balloon Temponade for Post Partum Haemorrhage (PPH),"2,800.00","3,220.00"
15,1,662,Total laparoscopic hysterectomy,"22,719.00","26,127.00"
15,1,663,Laparoscopic treatment of Ectopic pregnancy- salpingectomy/salpingostomy conservative,"9,775.00","11,241.00"
15,1,664,Conisation of cervix,"4,025.00","4,629.00"
15,1,665,Trachelectomy of cervix for early CA cervix,"5,500.00","6,325.00"
15,1,666,Hysteroscopic cannulation,"2,875.00","3,306.00"
15,1,667,Laparotomy recannalization of Fallopian tubes- (Tubuloplasty),"20,183.00","23,210.00"
15,1,668,Laparoscopic recannalization of Fallopian tubes- (Tubuloplasty),"17,550.00","20,183.00"
15,1,669,Colposcopy,958.00,"1,102.00"
15,1,670,Inversion of Uterus – Vaginal Reposition,"2,500.00","2,875.00"
15,1,671,Inversion of Uterus – Abdominal Reposition,"2,500.00","2,875.00"
15,1,672,Laparoscopic Vesicovaginal Fistula (VVF) Repair,"25,200.00","28,980.00"
15,1,673,Abdominal Vesicovaginal Fistula (VVF) Repair,"25,200.00","28,980.00"
15,1,674,Vaginal Vesicovaginal Fistula (VVF) Repair,"25,200.00","28,980.00"
15,1,675,Interventional Ultrasonography- Chorionic villus sampling (CVS),880.00,"1,012.00"
15,1,676,Amniocentesis,880.00,"1,012.00"
15,1,677,Karyotyping,800.00,920.00
15,1,678,Thermal balloon ablation.,"11,500.00","13,225.00"
15,1,679,Ultrasonographic myolysis,"10,293.00","11,837.00"
15,1,680,Vaginal Myomectomy,"9,000.00","10,350.00"
15,1,681,Intra Uterine Inseminition,920.00,"1,058.00"
16,1,682,Intracytoplasmic sperm injection (ICSI),"11,500.00","13,225.00"
16,1,683,Laparotomy abdominal sacro-colpopexy,"15,000.00","17,250.00"
16,1,Sr. No.,CGHS TREATMENT PROCEDURE/INVESTIGATION LIST Kanpur and Gwalior,,
16,1,684,Vaginal Colpopexy,"19,800.00","22,770.00"
16,1,685,Laparoscopic abdominal sacro-colpopexy,"18,000.00","20,700.00"
16,1,686,Laparotomy pelvic Lymphadenectomy,"1,200.00","1,380.00"
16,1,687,Laparoscopic pelvic Lymphadenectomy,"3,500.00","4,025.00"
16,1,688,Endometrial aspiration cytology/biopsy,570.00,656.00
16,1,689,Transvaginal sonography (TVS for Follicular monitioring /aspiration),460.00,529.00
16,1,690,laparoscopic treatment for stress incontinence,"13,500.00","15,525.00"
16,1,691,Transvaginal tapes for Stress incontinence,"13,500.00","15,525.00"
16,1,692,trans-obturator tapes for Stress incontinence,"12,000.00","13,800.00"
16,1,693,Interventional radiographic arterial embolization,"18,000.00","20,700.00"
16,1,694,Diagnostic cystoscopy,"2,875.00","3,306.00"
16,1,695,Staging laparotomy surgery for Carcinoma Ovary,"6,325.00","7,274.00"
16,1,696,Internal Iliac ligation,"3,393.00","3,902.00"
16,1,697,stepwise devascularisation,"9,200.00","10,580.00"
16,1,698,Assisted breech delivery,"9,833.00","11,308.00"
16,1,699,Intra-uterine fetal blood transfusion,"19,148.00","22,020.00"
16,1,700,Hysteroscopy Transcervical Resection of Endometrium (TCRE),"8,500.00","9,775.00"
16,1,701,Hysteroscopy Removal of Intra-uterine Contraceptive Device (IUCD),"6,750.00","7,763.00"
16,1,702,Hysteroscopy Removal of Septum,"9,900.00","11,385.00"
16,1,703,Hysteroscopy Diagnostic,"6,750.00","7,763.00"
16,1,704,Radical Hysterectomy for Cancer cervix with pelvic lymphadenectomy,"8,500.00","9,775.00"
16,1,705,Radical Hysterectomy for Cancer endometrium extending to cervix with pelvic and para aortic lymphadenectomy,"8,500.00","9,775.00"
16,1,706,Sterilization Post partum (minilap),"3,750.00","4,313.00"
16,1,707,Sterilization interval (minilap),"3,750.00","4,313.00"
16,1,708,USG/Obstetrics for Anomalies scan,1700.00,2000.00
16,1,709,Fetal nuchal Translucency,300.00,345.00
16,1,710,Fetal Doppler/Umblical Doppler/Uterine Vessel Doppler,1425.00,1675.00
16,1,711,Medical Termination of Pregnancy (MTP)- 1st Trimester,"2,700.00","3,105.00"
16,1,712,Medical Termination of Pregnancy (MTP) - 2nd Trimester,"4,000.00","4,600.00"
16,1,713,Quadruple test,"2,000.00","2,300.00"
16,1,714,Biophysical score,540.00,621.00
16,1,715,Other Major Surgery,"28,000.00","32,200.00"
16,1,716,Other Minor Surgery,"5,000.00","5,750.00"
16,1,,TREATMENT PROCEDURE NEPHROLOGY AND UROLOGY,,
16,1,717,Partial Nephrectomy -open,"16,000.00","18,400.00"
16,1,718,Partial Nephrectomy-Laparoscopic/endoscopic,"14,490.00","16,664.00"
16,1,719,Nephrolithomy -open,"12,000.00","13,800.00"
16,1,720,Nephrolithomy -Laparoscopic/endoscopic,"14,000.00","16,100.00"
17,1,721,Pyelolithotomy-open,"13,000.00","14,950.00"
17,1,722,Pyelolithotomy -Laparoscopic/endoscopic,"10,580.00","12,167.00"
17,1,723,Operations for Hydronephrosis -pyeloplasty open,"18,400.00","21,160.00"
17,1,Sr. No.,CGHS TREATMENT PROCEDURE/INVESTIGATION LIST KANPUR AND GWALIOR,Non- NABH/Non- NABL Rates,NABH/NA BL Rates
17,1,724,Operations for Hydronephrosis -pyeloplasty Lap/endoscopic,"19,000.00","21,850.00"
17,1,725,Operations for Hydronephrosis Endopyelotomy antegrade,"20,000.00","23,000.00"
17,1,726,Operations for Hydronephrosis Endoplyelotomy retrograde,"20,000.00","23,000.00"
17,1,727,Operations for Hydronephrosis -ureterocalicostomy,"18,000.00","20,700.00"
17,1,728,Operations for Hydronephrosis-Ileal ureter,"18,000.00","20,700.00"
17,1,729,Open Drainage of Perinephric Abscess,"7,500.00","8,625.00"
17,1,730,Percutaneous Drainage of Perinephric Abscess -Ultrasound guided,"5,175.00","5,951.00"
17,1,731,Cavernostomy,"9,775.00","11,241.00"
17,1,732,Operations for Cyst of the Kidney -open,"11,960.00","13,754.00"
17,1,733,Operations for Cyst of the Kidney -Lap/endoscopic,"14,030.00","16,135.00"
17,1,734,Ureterolithotomy -open,"11,923.00","13,711.00"
17,1,735,Ureterolithotomy-Lap/Endoscopic,"10,000.00","11,500.00"
17,1,736,Nephroureterectomy open,"14,490.00","16,664.00"
17,1,737,Nephroureterectomy -Lap/Endoscopic,"16,100.00","18,515.00"
17,1,738,Operations for Ureter for -Double Ureters,"19,000.00","21,850.00"
17,1,739,Operations for Ureter -for Ectopia of Single Ureter,"18,000.00","20,700.00"
17,1,740,Operations for Vesicoureteric Reflux (VUR) -Open,"18,000.00","20,700.00"
17,1,741,Operations for Vesicoureteric Reflux (VUR)- Lap/Endoscopic,"18,000.00","20,700.00"
17,1,742,Operations for Vesicoureteric Reflux (VUR)/ Urinary incontinence with bulking agents,"20,700.00","23,805.00"
17,1,743,Ureterostomy - Cutaneous,"12,000.00","13,800.00"
17,1,744,Uretero-Colic anastomosis,"16,000.00","18,400.00"
17,1,745,Formation of an Ileal Conduit,"17,250.00","19,838.00"
17,1,746,Ureteric Catheterisation,8278.00,10950.00
17,1,747,Biopsy of Bladder (Cystoscopic),"2,300.00","2,645.00"
17,1,748,Cysto-Litholapaxy,"10,925.00","12,564.00"
17,1,749,Operations for Injuries of the Bladder,"10,000.00","11,500.00"
17,1,750,Suprapubic Drainage (Cystostomy/vesicostomy),"6,000.00","6,900.00"
17,1,751,Simple Cystectomy,"17,250.00","19,838.00"
17,1,752,Diverticulectomy -open,"16,000.00","18,400.00"
17,1,753,Diverticulectomy- Lap/Endoscopic,"18,400.00","21,160.00"
17,1,754,Diverticulectomy -Endoscopic incision of neck,"1,725.00","1,984.00"
17,1,755,Augmentation Cystoplasty,"6,670.00","7,671.00"
17,1,756,Operations for Exstrophy of the Bladder- Single stage repair,"22,300.00","25,645.00"
17,1,757,Operations for Exstrophy of the Bladder- Multistage repair,"20,815.00","23,937.00"
17,1,758,Operations for Exstrophy of the Bladder- simple cystectomy with urinary diversion,"22,500.00","25,875.00"
17,1,759,Repair of Ureterocoel -Open,"13,800.00","15,870.00"
17,1,760,Repair of Ureterocoel -Lap/Endoscopic,"14,375.00","16,531.00"
18,1,761,Repair of Ureterocoel -Endoscopic incision,"13,000.00","14,950.00"
18,1,762,Open Suprapubic Prostatectomy,"18,630.00","21,425.00"
18,1,763,Open Retropubic Prostatectomy,"18,113.00","20,830.00"
18,1,764,Transurethral Resection of Prostate (TURP),"18,630.00","21,425.00"
18,1,765,Urethroscopy/ Cystopanendoscopy,"4,140.00","4,761.00"
18,1,766,Internal urethrotomy -optical,"5,750.00","6,613.00"
18,1,767,Internal urethrotomy -Core through urethroplasty,"11,040.00","12,696.00"
18,1,768,Urethral Reconstruction -End to end ansatamosis,"3,450.00","3,968.00"
18,1,769,Urethral Reconstruction - substitution urethroplasty (Transpubic urethroplasty),"17,595.00","20,234.00"
18,1,770,Abdomino Perineal urethroplasty,"14,000.00","16,100.00"
18,1,771,Posterior Urethral Valve fulguration.,"11,270.00","12,961.00"
18,1,772,Operations for Incontinence of Urine - Male -Open,"17,250.00","19,838.00"
18,1,773,Operations for Incontinence of Urine - Male -Sling,"18,400.00","21,160.00"
18,1,774,Operations for Incontinence of Urine - Male-Bulking agent,"19,435.00","22,350.00"
18,1,775,Operations for Incontinence of Urine - Female -Open,"17,250.00","19,838.00"
18,1,776,Operations for Incontinence of Urine - Female-Sling,"18,400.00","21,160.00"
18,1,777,Operations for Incontinence of Urine - Female-Bulking agent,"19,435.00","22,350.00"
18,1,778,Reduction of Paraphimosis,"1,553.00","1,786.00"
18,1,779,Circumcision,"3,000.00","3,450.00"
18,1,780,Meatotomy,"2,346.00","2,698.00"
18,1,781,Meatoplasty,"3,220.00","3,703.00"
18,1,782,Operations for Hypospadias + Chordee Correction,"8,280.00","9,522.00"
18,1,783,Operations for Hypospadias - Second Stage,"14,000.00","16,100.00"
18,1,784,Operations for Hypospadias - One Stage Repair,"9,200.00","10,580.00"
18,1,785,Operations for Crippled Hypospadias,"11,500.00","13,225.00"
18,1,786,Operations for Epispadias _primary repair,"12,593.00","14,482.00"
18,1,787,Operations for Epispadias-crippled epispadias,"11,385.00","13,093.00"
18,1,788,Partial Amputation of the Penis,"10,764.00","12,379.00"
18,1,789,Total amputation of the Penis,"12,000.00","13,800.00"
18,1,790,Orchidectomy-Simple,"8,798.00","10,118.00"
18,1,791,Orchidectomy -Radical,"12,075.00","13,886.00"
18,1,792,Post Radical Orchidectomy retroperitoneal lymph node dissection.,"12,600.00","14,490.00"
18,1,793,Epididymectomy,"15,938.00","18,750.00"
18,1,794,Adreneclectomy Unilateral/Bilateral for Tumour/For Carcinoma- Open,"25,300.00","29,095.00"
18,1,795,Adreneclectomy Unilateral/Bilateral for Tumour/For Carcinoma -Lap/Endoscopic,"14,375.00","16,531.00"
18,1,796,Operations for Hydrocele - Unilateral,"5,279.00","6,071.00"
18,1,797,Operations for Hydrocele - Bilateral,"7,700.00","8,855.00"
18,1,798,Operation for Torsion of Testis,"10,350.00","11,903.00"
18,1,799,Micro-surgical Vasovasostomy /Vaso epidedymal ansatamosis .,"11,040.00","12,696.00"
18,1,800,Operations for Varicocele Unilateral-Microsurgical,"7,705.00","8,861.00"
18,1,801,Operations for Varicocele Palomo’s Unilateral - Lap,"9,200.00","10,580.00"
18,1,802,Operations for Varicocele Bilateral --Microsurgical,"12,650.00","14,548.00"
18,1,803,Operations for Varicocele Bilateral – Lap/ Palomo,"14,950.00","17,193.00"
18,1,804,Block Dissection of ilio-inguinal Nodes - One Side (For Ca- Penis),"6,325.00","7,274.00"
19,1,805,Block Dissection of ilio-inguinal Nodes -Both Sides (For Ca- Penis),"20,700.00","23,805.00"
19,1,806,Excision of Filarial Scrotum,"10,350.00","11,903.00"
19,1,807,Kidney Transplantation (related),"2,00,000.00","2,30,000.00"
19,1,808,Kidney Transplantation (Spousal/ unrelated) Including immunosuppressant therapy,"3,00,000.00","3,45,000.00"
19,1,809,ABO incompatible Transplantation,"4,90,000.00","5,63,500.00"
19,1,810,Swap Transplantation,"3,88,000.00","4,46,200.00"
19,1,811,Kidney Transplant Graft Nephrectomy,"59,500.00","68,425.00"
19,1,812,Donor Nephrectomy (open),"28,750.00","33,063.00"
19,1,813,Donor Nephrectomy (Laparoscopic),"46,000.00","52,900.00"
19,1,814,Cadaver Transplantation,"83,300.00","95,795.00"
19,1,815,Kidney Transplant with Native Kidney Nephrectomy (Related)/ Unilateral,"28,000.00","32,200.00"
19,1,816,Kidney Transplant with Native Kidney Nephrectomy (Related)/ Bilateral,"85,000.00","97,750.00"
19,1,817,Kidney Transplant with Native Kidney Nephrectomy (Spousal/ Unrelated) Unilateral,"85,000.00","97,750.00"
19,1,818,Kidney Transplant with Native Kidney Nephrectomy (Spousal/ Unrelated) Bilateral,"85,000.00","97,750.00"
19,1,819,Post-Transplant Collection drainage for Lymphocele (open),"6,800.00","7,820.00"
19,1,820,Post-Transplant Collection drainage for Lymphocele (percutaneous),"6,800.00","7,820.00"
19,1,821,Post-Transplant Collection drainage for Lymphocele (Laparoscopic),"7,650.00","8,798.00"
19,1,822,Arteriovenous Fistula for Haemodialysis,"2,300.00","2,645.00"
19,1,823,Arteriovenous Shunt for Haemodialysis,"3,500.00","4,025.00"
19,1,824,Jugular Catheterization for Haemodialysis,"1,500.00","1,725.00"
19,1,825,Subclavian Catheterization for Haemodialysis,"2,025.00","2,329.00"
19,1,826,One sided (single Lumen) Femoral Catheterization for Haemodialysis,"1,000.00","1,150.00"
19,1,827,Bilateral (single Lumen) Femoral Catheterization for Haemodialysis,"1,500.00","1,725.00"
19,1,828,Double Lumen Femoral Catheterization for Haemodialysis,"1,665.00","1,915.00"
19,1,829,Permcath Insertion,"2,800.00","3,220.00"
19,1,830,Arterio venous Prosthetic Graft,"1,850.00","2,128.00"
19,1,831,Single lumen Jugular Catheterization,"1,500.00","1,725.00"
19,1,832,Single lumen Subclavian Catheterization,"1,600.00","1,840.00"
19,1,833,Plasma Exchange/ Plasmapheresis,"1,725.00","1,984.00"
19,1,834,Continuous Ambulatory Peritoneal Dialysis (CAPD) catheter insertion- Open method,"3,150.00","3,623.00"
19,1,835,Continuous Ambulatory Peritoneal Dialysis (CAPD) catheter insertion- Schlendinger/ Seldinger method,"3,500.00","4,025.00"
19,1,836,Sustained low efficiency haemodialysis / hemodialysis,"1,250.00","1,438.00"
19,1,Sr. No.,CGHS TREATMENT PROCEDURE / INVESTIGATION LIST KANPUR AND GWALIOR,Non- NABH / Non- NABL Rates in,NABH / NABL Rates
19,1,837,Continuous Veno venous/Arteriovenous Haemofilteration /Hemofilteration,"Rupee 2,025.00","2,329.00"
19,1,838,Haemodialysis / Hemodialysis for Sero negative cases,"1,400.00","1,610.00"
19,1,839,Haemodialysis / Hemodialysis for Sero Positive cases,"1,650.00","1,898.00"
20,1,840,Acute Peritoneal Dialysis,"1,450.00","1,668.00"
20,1,841,Fistulogram for Arteriovenous Fistula,"2,500.00","2,875.00"
20,1,842,Ultrasound guided Kidney Bipsy,850.00,978.00
20,1,843,Fistula stenosis dilation,"3,000.00","3,450.00"
20,1,844,Slow continuous Ultrafilteration,"2,500.00","2,875.00"
20,1,845,Percutaneous Nephrolithotomy (PCNL) - Unilateral,"20,000.00","23,000.00"
20,1,846,Percutaneous Nephrolithotomy (PCNL) - Bilateral,"25,000.00","28,750.00"
20,1,847,Endoscopic Bulking agent Inject,"4,500.00","5,175.00"
20,1,848,Testicular Biopsy,"1,955.00","2,248.00"
20,1,849,Radical Nephrectomy -Open,"17,250.00","19,838.00"
20,1,850,Radical Nephrectomy -Lap/Endoscopic,"20,700.00","23,805.00"
20,1,851,Radical Nephrectomy plus IV thrombus,"23,000.00","26,450.00"
20,1,852,Radical Nephrectomy plus IV thrombus plus cardiac bypass.,"23,000.00","26,450.00"
20,1,853,Vesicovaginal Fistula (VVF) Repair (Open),"16,000.00","18,400.00"
20,1,854,Vesicovaginal Fistula (VVF) Repair (Laparoscopic),"22,000.00","25,300.00"
20,1,855,Radical Cystectomy -Ileal conduit,"17,000.00","19,550.00"
20,1,856,Radical Cystectomy - continent diversion.,"15,000.00","17,250.00"
20,1,857,Radical Cystectomy – Neo bladder,"18,500.00","21,275.00"
20,1,858,Nephrectomy Simple -Open,"10,074.00","11,585.00"
20,1,859,Nephrectomy Simple-lap/Endoscopic,"12,500.00","14,375.00"
20,1,860,Nephrostomy -Open,"10,000.00","11,500.00"
20,1,861,Nephrostomy -Lap/Endoscopic,"10,704.00","12,310.00"
20,1,862,Ureteric Reimplant for Megaureter/Vesicoureteric reflux/ ureterocele (open),"10,494.00","12,068.00"
20,1,863,Ureteric Reimplant for Megaureter/Vesicoureteric reflux/ ureterocele (Laparoscopic),"10,494.00","12,068.00"
20,1,864,Partial Cystectomy,"13,800.00","15,870.00"
20,1,865,Transurethral Resection of Prostate (TURP) & Transurethral Resection of Bladder Tumour (TURBT),"17,250.00","19,838.00"
20,1,866,Transurethral Resection of Prostate (TURP) with Cystolithotripsy,"17,000.00","19,550.00"
20,1,867,Closure of Urethral Fistula,"11,000.00","12,650.00"
20,1,868,Orchidopexy - Unilateral -Open,"9,867.00","11,347.00"
20,1,869,Orchidopexy - Unilateral- Lap/Endoscopic,"11,101.00","12,766.00"
20,1,870,Orchidopexy - Bilateral -Open,"12,000.00","13,800.00"
20,1,871,Orchidopexy - Bilateral -Lap/Endoscopic,"14,500.00","16,675.00"
20,1,872,Cystolithotomy -Suprapubic,"9,775.00","11,241.00"
20,1,873,Endoscopic Removal of Stone in Bladder,"3,450.00","3,968.00"
20,1,874,Resection Bladder Neck Endoscopic /Bladder neck incision/transurethral incision on prostrate,"10,925.00","12,564.00"
20,1,875,Ureteroscopic Surgery,"10,350.00","11,903.00"
20,1,876,Urethroplasty 1st Stage,"10,925.00","12,564.00"
20,1,877,Scrotal Exploration,"8,556.00","9,839.00"
20,1,878,Perineal Urethrostomy,"4,715.00","5,422.00"
20,1,879,Dilatation of Stricture Urethra under G.A.,"2,000.00","2,300.00"
20,1,Sr. No.,CGHS TREATMENT PROCEDURE/INVESTIGATION LIST KANPUR AND GWALIOR,,
20,1,880,Dilatation of Stricture Urethra under LA,"1,553.00","1,786.00"
20,1,881,Laparoscopic Nephrectomy (Select CGHS rate Code 508 for approved rate),"30,015.00","34,517.00"
20,1,882,Laparoscopic partial Nephrectomy,"10,000.00","11,500.00"
21,1,883,Laparoscopic pyelolithotomy,"12,650.00","14,548.00"
21,1,884,Laparoscopic Pyeloplasty,"9,775.00","11,241.00"
21,1,885,Laparoscopic surgery for Renal cyst,"9,775.00","11,241.00"
21,1,886,Laparoscopic ureterolithotomy,"11,500.00","13,225.00"
21,1,887,Laparoscopic Nephroureterectomy,"13,225.00","15,209.00"
21,1,888,Extracorporeal Shock Wave Lithotripsy (ESWL),"19,550.00","22,483.00"
21,1,889,Uroflow Study (Uroflometry),450.00,518.00
21,1,890,Urodynamic Study (Cystometry),480.00,552.00
21,1,891,Cystoscopy with Retrograde Catheter -Unilateral /RGP,"2,523.00","2,901.00"
21,1,892,Cystoscopy with Retrograde Catheter - Bilateral /RGP,"4,500.00","5,175.00"
21,1,893,Cystoscopy with Bladder Biopsy (Cold Cup Biopsy),"3,043.00","3,499.00"
21,1,894,Voiding-cysto-urethrogram and retrograde urethrogram (Nephrostogram),414.00,476.00
21,1,895,Radical prostatectomy-Open,"17,825.00","20,499.00"
21,1,896,Radical prostatectomy-Laparoscopic,"20,125.00","23,144.00"
21,1,897,Radical prostatectomy- Robotic (Robotic Partial Nephrectomy),"20,125.00","23,144.00"
21,1,898,Holmium YAG Prostate Surgery,"15,000.00","17,250.00"
21,1,899,Holmium YAG Optical Internal Urethrotomy (OIU),"4,600.00","5,290.00"
21,1,900,Holmium YAG Core through internal Urethrotomy,"17,250.00","19,838.00"
21,1,901,Holmium YAG Stone Lithotripsy,"10,200.00","11,730.00"
21,1,902,Green Light laser for prostate,"17,250.00","19,838.00"
21,1,903,Retrograde Intrarenal Surgery (RIRS)/ Flexible Ureteroscopy,"6,800.00","7,820.00"
21,1,904,Microscopic Vaso-Epididymal Anastomosis (VEA)/ Vasovasostomy (reversal of vasectomy for Infertility treatment) (Select CGHS rate code 799 for approved rate),"13,500.00","15,525.00"
21,1,905,Cystoscopic Botulinum Toxin Injection ( Over active bladder/ Neurogenic bladder),"6,800.00","7,820.00"
21,1,906,Peyronie’s disease – Plaque excision with grafting,"3,400.00","3,910.00"
21,1,907,High Intensity Focus Ultrasound (HIFU) (Robotic) for Carcinoma prostrate and renal cell carcinoma,"4,600.00","5,290.00"
21,1,908,Prosthetic surgery for urinary incontinence,"2,300.00","2,645.00"
21,1,909,Transrectal Ultrasound (TRUS) guided prostate biopsy,575.00,661.00
21,1,910,Ultrasound Guided Percutaneous Nephrostomy (PCN),720.00,828.00
21,1,911,Other Major Surgery,"15,000.00","17,250.00"
21,1,912,Other Minor Surgery,"6,800.00","7,820.00"
21,1,,TREATMENT PROCEDURE NEURO-SURGERY,,
21,1,913,Craniotomy and Evacuation of Haematoma -Subdural,"45,644.00","52,491.00"
21,1,914,Craniotomy and Evacuation of Haematoma -Extradural,"45,000.00","51,750.00"
21,1,915,Evacuation /Excision of Brain Abscess by craniotomy,"36,000.00","41,400.00"
21,1,916,Excision of Lobe (Frontal Temporal Cerebellum etc.),"36,900.00","42,435.00"
21,1,917,Excision of Brain Tumours -Supratentorial,"35,211.00","40,493.00"
21,1,918,Excision of Brain Tumours -Infratentorial,"40,500.00","46,575.00"
21,1,919,Surgery of spinal Cord Tumours,"40,500.00","46,575.00"
21,1,920,Ventriculoatrial /Ventriculoperitoneal Shunt (Select CGHS rate code 938 for approved rates),"25,000.00","28,750.00"
21,1,921,Twist Drill Craniostomy,"4,250.00","4,888.00"
21,1,Sr. No.,CGHS TREATMENT PROCEDURE/INVESTIGATION LIST KANPUR AND GWALIOR,Non- NABH/Non- NABL Rates,NABH/NA BL Rates
21,1,922,Subdural Tapping,"2,456.00","2,824.00"
22,1,923,Ventricular Tapping,"2,967.00","3,412.00"
22,1,924,Abscess Tapping,"2,875.00","3,306.00"
22,1,925,Placement of Intracranial pressure (ICP) Monitor,"2,800.00","3,220.00"
22,1,926,Skull Traction Application,"2,300.00","2,645.00"
22,1,927,Lumber Pressure Monitoring,"4,250.00","4,888.00"
22,1,928,Vascular Malformations,"22,000.00","25,300.00"
22,1,929,Meningo Encephalocoele excision and repair,"15,000.00","17,250.00"
22,1,930,Meningomyelocoel Repair,"22,496.00","25,870.00"
22,1,931,CSF Rhinorrhaea Repair,"25,875.00","29,756.00"
22,1,932,Cranioplasty,"24,150.00","27,773.00"
22,1,933,Anterior Cervical Dissectomy,"16,600.00","19,090.00"
22,1,934,Brachial Plexus Exploration and neurotization,"15,525.00","17,854.00"
22,1,935,Median Nerve Decompression,"14,000.00","16,100.00"
22,1,936,Peripheral Nerve Surgery – Major,"17,250.00","19,838.00"
22,1,937,Peripheral Nerve Surgery Minor,"8,280.00","9,522.00"
22,1,938,Ventriculoatrial /Ventriculoperitoneal Shunt,"11,615.00","13,357.00"
22,1,939,Nerve Biopsy,"6,210.00","7,142.00"
22,1,940,Brain Biopsy,"5,227.00","6,011.00"
22,1,941,Anterior Cervical Spine Surgery with fusion,"28,980.00","33,327.00"
22,1,942,Anterio Lateral Decompression of spine,"25,875.00","29,756.00"
22,1,943,Brain Mapping,837.00,963.00
22,1,944,Cervical or Dorsal or Lumbar Laminectomy,"20,700.00","23,805.00"
22,1,945,Combined Trans-oral Surgery & Craniovertebral (CV) Junction Fusion,"33,000.00","37,950.00"
22,1,946,Craniovertebral Junction (CVJ) Fusion procedures,"30,000.00","34,500.00"
22,1,947,Depressed Fracture Elevation,"22,500.00","25,875.00"
22,1,948,Lumbar Discectomy,"25,000.00","28,750.00"
22,1,949,Endarterectomy (Carotid),"20,000.00","23,000.00"
22,1,950,Radiofrequency Ablation (RFA) for Trigeminal Neuralgia,"10,350.00","11,903.00"
22,1,951,Spasticity Surgery -,"39,675.00","45,626.00"
22,1,952,Spinal Fusion Procedure,"30,000.00","34,500.00"
22,1,953,Spinal Intra Medullary Tumours,"31,050.00","35,708.00"
22,1,954,Spinal Bifida Surgery Major,"18,975.00","21,821.00"
22,1,955,Spinal Bifida Surgery Minor,"15,000.00","17,250.00"
22,1,956,Stereotaxic Procedures- biopsy/aspiration of cyst,"23,000.00","26,450.00"
22,1,957,Trans Sphenoidal Surgery,"30,000.00","34,500.00"
22,1,958,Trans Oral Surgery,"30,000.00","34,500.00"
22,1,959,Implantation of Deep Brain Stimulation (DBS) -One electrode,"34,500.00","39,675.00"
22,1,960,Implantation of Deep Brain Stimulation (DBS) -two electrodes,"40,250.00","46,288.00"
22,1,961,Endoscopic aqueductoplasty,"15,000.00","17,250.00"
22,1,962,Facial nerve reconstruction,"27,000.00","31,050.00"
22,1,963,Carotid stenting,"38,037.00","43,743.00"
22,1,964,Cervical disc arthroplasty,"24,840.00","28,566.00"
22,1,965,Lumbar disc arthroplasty,"13,800.00","15,870.00"
22,1,966,Corpus callostomy for Epilepsy,"35,000.00","40,250.00"
22,1,967,Hemispherotomy for Epilepsy,"32,200.00","37,030.00"
22,1,968,Endoscopic CSF rhinorrhea repair,"30,000.00","34,500.00"
22,1,969,Burr hole evacuation of chronic subdural haematoma,"21,735.00","24,995.00"
22,1,970,Epilepsy surgery,"36,225.00","41,659.00"
23,1,971,Radiofrequency Ablation (RFA) for facet joint pain syndrome,"17,250.00","19,838.00"
23,1,972,Cervical laminoplasty,"28,800.00","33,120.00"
23,1,973,Lateral mass C1-C2 screw fixation,"23,000.00","26,450.00"
23,1,974,Microsurgical decompression for Trigeminal nerve,"38,000.00","43,700.00"
23,1,975,Microsurgical decompression for hemifacial spasm,"4,646.00","5,343.00"
23,1,976,Extracranial-Intracranial Bypass Procedures (EC-IC) bypass procedures,"32,000.00","36,800.00"
23,1,977,Image guided craniotomy,"28,980.00","33,327.00"
23,1,978,Baclofen pump implantation,"39,000.00","44,850.00"
23,1,979,Programmable Ventriculo-Peritoneal (VP) shunt,"25,000.00","28,750.00"
23,1,980,Endoscopic sympathectomy,"17,107.00","19,673.00"
23,1,981,Lumber puncture,207.00,238.00
23,1,982,External ventricular drainage (EVD),"4,600.00","5,290.00"
23,1,983,Endoscopic 3rd ventriculostomy,"36,000.00","41,400.00"
23,1,984,Endoscopic cranial surgery/Biopsy/aspiration,"31,536.00","36,266.00"
23,1,985,"Endoscopic discectomy (Lumbar, Cervical)","35,621.00","40,964.00"
23,1,986,Aneurysm coiling (Endovascular),"34,400.00","39,560.00"
23,1,987,Surgery for skull fractures,"36,000.00","41,400.00"
23,1,988,Carpel Tunnel decompression,"13,500.00","15,525.00"
23,1,989,Clipping of intracranial aneurysm,"24,150.00","27,773.00"
23,1,990,Surgery for intracranial Arteriovenous malformations(AVM),"40,000.00","46,000.00"
23,1,991,Foramen magnum decompression for Chari Malformation,"93,750.00","1,07,813.00"
23,1,992,Dorsal column stimulation for backache in failed back syndrome,"28,750.00","33,063.00"
23,1,993,Surgery for recurrent disc prolapse/epidural fibrosis,"32,000.00","36,800.00"
23,1,994,Surgery for brain stem tumours,"42,000.00","48,300.00"
23,1,995,Decompressive craniotomy for hemishpherical acute subdural haematoma/brain swelling/large infarct,"40,000.00","46,000.00"
23,1,996,Intra-arterial thrombolysis with Tissue Plasminogen Activator (TPA) (for ischemic stroke ),"4,600.00","5,290.00"
23,1,997,Steriotactic aspiration of intracerebral haematoma,"29,291.00","33,685.00"
23,1,998,Endoscopic aspiration of intracerebellar haematoma,"36,000.00","41,400.00"
23,1,999,Steriotactic Radiosurgery for brain pathology(X knife/Gamma ) - ONE session,"27,560.00","31,694.00"
23,1,1000,Steriotactic Radiosurgery for brain pathology(X knife /Gamma knife -Two or more sessions,"57,500.00","66,125.00"
23,1,1001,Chemotheraphy wafers for malignant brain tumors,"14,450.00","16,618.00"
23,1,1002,Battery Placement for Deep Brain Stimulation (DBS),"22,000.00","25,300.00"
23,1,1003,Baclofen pump implantation for spasticity,"17,330.00","19,930.00"
23,1,1004,Peripheral Nerve tumor surgery,"24,000.00","27,600.00"
23,1,1005,Surgery Intra Cranial Meningioma,"20,000.00","23,000.00"
23,1,1006,Surgery for Intracranial Schwannoma,"35,000.00","40,250.00"
23,1,1007,Surgery for Gliomas,"40,500.00","46,575.00"
23,1,1008,Surgery for Orbital tumors,"37,000.00","42,550.00"
23,1,Sr. No.,CGHS TREATMENT PROCEDURE/INVESTIGATION LIST (DELHI/NCR),,
23,1,1009,Surgery for Cranial (Skull) tumors,"34,650.00","39,848.00"
23,1,1010,Surgery for Scalp Arteriovenous Malformations (AVMs),"25,000.00","28,750.00"
24,1,1011,Kyphoplasty,"40,000.00","46,000.00"
24,1,1012,Balloon Kyphoplasty,"40,000.00","46,000.00"
24,1,1013,"Lesioning procedures for Parkinson’s disease, Dystonia etc.","35,000.00","40,250.00"
24,1,1014,Other Major Surgery,"42,500.00","48,875.00"
24,1,1015,Other Minor Surgery,"17,000.00","19,550.00"
24,1,,TREATMENT PROCEDURE PAEDIATRIC SURGERY,,
24,1,1016,Excision of thyroglossal Duct/Cyst,"16,000.00","18,400.00"
24,1,1017,Diaphragmatic Hernia Repair (Thoracic or Abdominal Approach),"17,250.00","19,838.00"
24,1,1018,Tracheo Oesophageal Fistula (Correction Surgery),"23,000.00","26,450.00"
24,1,1019,Colon Replacement of Oesophagus,"23,000.00","26,450.00"
24,1,1020,Omphalo Mesenteric Cyst Excision,"17,250.00","19,838.00"
24,1,1021,Omphalo Mesenteric Duct- Excision,"15,525.00","17,854.00"
24,1,1022,Meckels Diverticulectomy,"3,347.00","3,849.00"
24,1,1023,Omphalocele 1st Stage (Hernia Repair),"15,525.00","17,854.00"
24,1,1024,Omphalocele 2nd Stge (Hernia Repair),"17,000.00","19,550.00"
24,1,1025,Gastroschisis Repair,"16,100.00","18,515.00"
24,1,1026,Inguinal Herniotomy,"11,302.00","12,997.00"
24,1,1027,Congenital Hydrocele,"10,800.00","12,420.00"
24,1,1028,Hydrocele of Cord,"10,800.00","12,420.00"
24,1,1029,Torsion Testis Operation,"13,500.00","15,525.00"
24,1,1030,Congenital Pyloric Stenosis- operation,"13,938.00","16,029.00"
24,1,1031,Duodenal Atresia Operation,"14,000.00","16,100.00"
24,1,1032,Pancreatic Ring Operation,"22,425.00","25,789.00"
24,1,1033,Meconium Ileus Operation,"14,500.00","16,675.00"
24,1,1034,Malrotation of Intestines Operation,"13,000.00","14,950.00"
24,1,1035,Rectal Biopsy (Megacolon),"8,762.00","10,076.00"
24,1,1036,Colostomy Transverse,"15,000.00","17,250.00"
24,1,1037,Colostomy Left Iliac,"15,000.00","17,250.00"
24,1,1038,Abdominal Perineal Pull Through (Hirschsprung's Disease),"19,000.00","21,850.00"
24,1,1039,Imperforate Anus Low Anomaly -Cut Back Operation,"10,000.00","11,500.00"
24,1,1040,Imperforate Anus Low Anomaly - Perineal Anoplasty,"12,000.00","13,800.00"
24,1,1041,Imperforate Anus High Anomaly -Sacroabdomino Perineal Pull Through,"12,500.00","14,375.00"
24,1,1042,Imperforate Anus High Anomaly - Closure of Colostomy,"8,000.00 20,700.00","9,200.00"
24,1,1043,Intussusception Operation,,"23,805.00"
24,1,1044,Choledochoduodenostomy for Atresia of Extra Hepatic Billiary Duct,"15,000.00","17,250.00"
24,1,1045,Operation of Choledochal Cyst,"16,000.00","18,400.00"
24,1,1046,Nephrectomy for -Pyonephrosis,"17,000.00","19,550.00"
24,1,1047,Nephrectomy for - Hydronephrosis,"15,000.00","17,250.00"
24,1,Sr. No.,CGHS TREATMENT PROCEDURE/INVESTIGATION LIST KANPUR AND GWALIOR,,
24,1,1048,Nephrectomy for -Wilms Tumour,"13,500.00","15,525.00"
24,1,1049,Paraortic Lymphadenoctomy with Nephrectomy for Wilms Tumour,"20,000.00","23,000.00"
24,1,1050,Sacro-Coccygeal Teratoma Excision,"14,000.00","16,100.00"
24,1,1051,Neuroblastoma Debulking,"16,000.00","18,400.00"
24,1,1052,Neuroblastoma Total Excision,"20,000.00","23,000.00"
25,1,1053,Rhabdomyosarcoma wide Excision,"15,000.00","17,250.00"
25,1,1054,Congenital Atresia & Stenosis of Small Intestine,"19,000.00","21,850.00"
25,1,1055,Muconium ileus,"16,000.00","18,400.00"
25,1,1056,Malrotation & Volvulus of the Midgut,"15,000.00","17,250.00"
25,1,1057,Excision of Meckel’s Deverticulum,"12,000.00","13,800.00"
25,1,1058,Other Major Surgery,"27,000.00","31,050.00"
25,1,1059,Other Minor Surgery,"11,050.00","12,708.00"
25,1,,TREATMENT PROCEDURE BURNS AND PLASTIC SURGERY,,
25,1,1060,Primary Suturing of Wound,300.00,345.00
25,1,1061,Injection of Keloids - Ganglion,989.00,"1,137.00"
25,1,1062,Injection of Keloids - Haemangioma,"1,035.00","1,190.00"
25,1,1063,Free Grafts - Wolfe Grafts,"1,725.00","1,984.00"
25,1,1064,Free Grafts - Thiersch- Small Area 5%,"7,475.00","8,596.00"
25,1,1065,Free Grafts - Large Area 10%,"8,000.00","9,200.00"
25,1,1066,Free Grafts - Very Large Area 20% and above.,"10,350.00","11,903.00"
25,1,1067,Skin Flaps - Rotation Flaps,"8,970.00","10,316.00"
25,1,1068,Skin Flaps - Advancement Flaps,"12,500.00","14,375.00"
25,1,1069,Skin Flaps - Direct- cross Leg Flaps- Cross Arm Flap,"12,500.00","14,375.00"
25,1,1070,Skin Flaps - Cross Finger,"12,500.00","14,375.00"
25,1,1071,Skin Flaps - Abdominal,"9,350.00","10,753.00"
25,1,1072,Skin Flaps - Thoracic,"9,350.00","10,753.00"
25,1,1073,Skin Flaps - Arm Etc.,"11,000.00","12,650.00"
25,1,1074,Subcutaneous Pedicle Flaps Raising,"6,900.00","7,935.00"
25,1,1075,Subcutaneous Pedicle Flaps Delay,"5,950.00","6,843.00"
25,1,1076,Subcutaneous Pedicle Flaps Transfer,"5,950.00","6,843.00"
25,1,1077,Cartilage Grafting,"8,625.00","9,919.00"
25,1,1078,Reduction of Facial Fractures of Nose,"1,380.00","1,587.00"
25,1,1079,Reduction of Facial Fractures of Maxilla,"8,000.00","9,200.00"
25,1,1080,Reduction of Fractures of Mandible & Maxilla - Eyelet Splinting,"7,475.00","8,596.00"
25,1,1081,Reduction of Fractures of Mandible & Maxilla - Cast Metal Splints,"6,900.00","7,935.00"
25,1,1082,Reduction of Fractures of Mandible & Maxilla - Gunning Splints,"7,500.00","8,625.00"
25,1,1083,Internal Wire Fixation of Mandible & Maxilla,"11,500.00","13,225.00"
25,1,1084,Cleft Lip - repair.,"11,500.00","13,225.00"
25,1,1085,Cleft Palate Repair,"12,650.00","14,548.00"
25,1,1086,Primary Bone Grafting for alveolar cleft in Cleft Lip,"11,500.00","13,225.00"
25,1,1087,Secondary Surgery for Cleft Lip Deformity,"10,000.00","11,500.00"
25,1,1088,Secondary Surgery for Cleft Palate,"12,000.00","13,800.00"
25,1,Sr. No.,CGHS TREATMENT PROCEDURE/INVESTIGATION LIST KANPUR AND GWALIOR,Non- NABH/Non- NABL Rates,
25,1,1089,Reconstruction of Eyelid Defects - Minor,"6,325.00","7,274.00"
25,1,1090,Reconstruction of Eyelid Defects - Major,"7,650.00","8,798.00"
25,1,1091,Plastic Surgery of Different Regions of the Ear - Minor,"8,000.00","9,200.00"
25,1,1092,Plastic Surgery of Different Regions of the Ear - Major,"10,350.00","11,903.00"
25,1,1093,Plastic Surgery of the Nose - Minor,"8,050.00","9,258.00"
25,1,1094,Plastic Surgery of the Nose - Major,"9,500.00","10,925.00"
25,1,1095,Plastic Surgery for Facial Paralysis (Support with Reanimation),"16,100.00","18,515.00"
26,1,1096,Pendulous Breast - Mammoplasty,"13,000.00","14,950.00"
26,1,1097,Underdeveloped Breast Mammoplasty,"12,000.00","13,800.00"
26,1,1098,After Mastectomy (Reconstruction)Mammoplasty,"12,000.00","13,800.00"
26,1,1099,Syndactyly Repair,"12,750.00","14,663.00"
26,1,1100,Dermabrasion Face,"11,903.00","13,688.00"
26,1,1101,upto 30% Burns 1st Dressing,152.00,175.00
26,1,1102,upto 30% Burns Subsequent Dressing,124.00,143.00
26,1,1103,30% to 50% Burns 1st Dressing,193.00,222.00
26,1,1104,30% to 50% Burns Subsequent Dressing,152.00,175.00
26,1,1105,Extensive Burn -above 50% Frist Dressing,276.00,317.00
26,1,1106,Extensive Burn -above 50% Subsequent dressing,193.00,222.00
26,1,,TREATMENT PROCEDURE ORTHOPEDICS,,
26,1,1107,Plaster Work,255.00,293.00
26,1,1108,Fingers (post slab),259.00,298.00
26,1,1109,Fingers full plaster,259.00,298.00
26,1,1110,Colles Fracture - Below elbow,880.00,"1,012.00"
26,1,1111,Colles Fracture - Full plaster,895.00,"1,029.00"
26,1,1112,Colles fracture Ant. Or post. slab,400.00,460.00
26,1,1113,Above elbow full plaster,173.00,199.00
26,1,1114,Above Knee post-slab,575.00,661.00
26,1,1115,Below Knee full plaster,173.00,199.00
26,1,1116,Below Knee post-slab,718.00,826.00
26,1,1117,Tube Plaster (or plaster cylinder),800.00,920.00
26,1,1118,Above knee full plaster,"1,139.00","1,310.00"
26,1,1119,Above knee full slab,"1,100.00","1,265.00"
26,1,1120,Minerva Jacket,"2,174.00","2,500.00"
26,1,1121,Plaster Jacket,"2,000.00","2,300.00"
26,1,1122,Shoulder spica,"1,900.00","2,185.00"
26,1,1123,Single Hip spica,"2,019.00","2,322.00"
26,1,1124,Double Hip spica,"2,484.00","2,857.00"
26,1,1125,Strapping of Finger,179.00,206.00
26,1,1126,Strapping of Toes,180.00,207.00
26,1,1127,Strapping of Wrist,230.00,265.00
26,1,1128,Strapping of Elbow,262.00,301.00
26,1,1129,Strapping of Knee,345.00,397.00
26,1,1130,Strapping of Ankle,345.00,397.00
26,1,1131,Strapping of Chest,460.00,529.00
26,1,1132,Strapping of Shoulder,500.00,575.00
26,1,1133,Figure of 8 bandage,500.00,575.00
26,1,1134,Collar and cuff sling,250.00,288.00
26,1,1135,Ball bandage,400.00,460.00
26,1,1136,Application of POP Casts for Upper & Lower Limbs,633.00,728.00
26,1,1137,Application of Functional Cast Brace,"1,215.00","1,397.00"
26,1,1138,Application of Skin Traction,621.00,714.00
26,1,1139,Application of Skeletal Tractions,949.00,"1,091.00"
26,1,1140,Bandage & Strappings for Fractures,500.00,575.00
26,1,1141,Aspiration & Intra Articular Injections,575.00,661.00
26,1,1142,Application of POP Spices & Jackets,"2,473.00","2,844.00"
26,1,1143,Close Reduction of Fractures of Limb & POP,"2,340.00","2,691.00"
26,1,1144,Reduction of Compound Fractures,"2,600.00","2,990.00"
26,1,1145,Open Reduction & Internal Fixation (ORIF) of Fingers & Toes,"4,658.00","5,357.00"
27,1,1146,Open Reduction of fracture of Long Bones of Upper / Lower Limb -Nailing & External Fixation,"8,050.00","9,258.00"
27,1,1147,Open Reduction of fracture of Long Bones of Upper / Lower Limb - AO Procedures,"9,660.00","11,109.00"
27,1,1148,Tension Band Wirings,"5,092.00","5,856.00"
27,1,1149,Bone Grafting,"6,000.00","6,900.00"
27,1,1150,Excision of Bone Tumours,"6,900.00","7,935.00"
27,1,1151,Excision or other Operations for Scaphoid Fractures,"6,469.00","7,439.00"
27,1,1152,Sequestrectomy & Saucerisation,"6,210.00","7,142.00"
27,1,1153,Sequestrectomy & Saucerizations -Arthrotomy,"9,971.00","11,467.00"
27,1,1154,Multiple Pinning Fracture Neck Femur,"11,500.00","13,225.00"
27,1,1155,Plate Fixations for Fracture Neck Femur,"13,500.00","15,525.00"
27,1,1156,AO Compression Procedures for Fracture Neck Femur,"15,000.00","17,250.00"
27,1,1157,Open Reduction of Fracture Neck Femur Muscle Pedicle Graft and Internal Fixations,"19,500.00","22,425.00"
27,1,1158,Close Reduction of Dislocations,"3,000.00","3,450.00"
27,1,1159,Open Reduction of Dislocations,"3,400.00","3,910.00"
27,1,1160,Open Reduction & Internal Fixation (ORIF) of Fracture Dislocation,"13,000.00","14,950.00"
27,1,1161,Neurolysis/Nerve repair,"13,800.00","15,870.00"
27,1,1162,Nerve Repair with Grafting,"15,008.00","17,259.00"
27,1,1163,Tendon with Transplant or Graft,"10,000.00","11,500.00"
27,1,1164,Tendon Lengthening/Tendon repair,"8,000.00","9,200.00"
27,1,1165,Tendon Transfer,"3,105.00","3,571.00"
27,1,1166,Laminectomy Excision Disc and Tumours,"4,830.00","5,555.00"
27,1,1167,Split Osteotomy and Internal Fixations,"22,000.00","25,300.00"
27,1,1168,Anterolateral decompression for tuberculosis/ Costo- Transversectomy,"3,450.00","3,968.00"
27,1,1169,Antereolateral Decompression and Spine Fusion,"19,350.00","22,253.00"
27,1,1170,Corrective Osteotomy & Internal Fixation- short bones,"12,420.00","14,283.00"
27,1,1171,Corrective Osteotomy & Internal Fixation- long bones,"11,040.00","12,696.00"
27,1,1172,Arthrodesis of - Minor Joints,"10,000.00","11,500.00"
27,1,1173,Arthrodesis of - Major Joints,"10,000.00","11,500.00"
27,1,1174,Soft Tissue Operations for Congenital Talipes Equinovarus (CTEV),"8,000.00","9,200.00"
27,1,1175,Soft Tissue Operations for Polio,"6,900.00","7,935.00"
27,1,1176,Hemiarthroplasty- Hip,"18,200.00","20,930.00"
27,1,1177,Hemiarthroplasty- Shoulder,"18,200.00","20,930.00"
27,1,1178,Operations for Brachial Plexus & Cervical Rib,"21,735.00","24,995.00"
27,1,1179,Amputations - Below Knee,"6,900.00","7,935.00"
27,1,1180,Amputations - Below Elbow,"6,843.00","7,869.00"
27,1,1181,Amputations - Above Knee,"8,050.00","9,258.00"
27,1,1182,Amputations - Above Elbow,"6,843.00","7,869.00"
27,1,1183,Amputations - Forequarter,"13,000.00","14,950.00"
27,1,1184,Amputations -Hind Quarter and Hemipelvectomy,"18,400.00","21,160.00"
27,1,1185,Disarticulations - Major joint,"18,630.00","21,425.00"
27,1,1186,Disarticulations - Minor joint,"11,385.00","13,093.00"
27,1,1187,Arthrography,"8,280.00","9,522.00"
27,1,1188,Arthroscopy - Diagnostic,"8,000.00","9,200.00"
27,1,1189,Arthroscopy-therapeutic: without implant,"10,000.00","11,500.00"
28,1,1190,Arthroscopy-therapeutic: with implant,"16,000.00","18,400.00"
28,1,1191,Soft Tissue Operation on Joints -Small,"6,210.00","7,142.00"
28,1,1192,Soft Tissue Operation on Joints -Large,"12,150.00","13,973.00"
28,1,1193,Myocutaneous and Fasciocutaneous Flap Procedures for Limbs,"18,000.00","20,700.00"
28,1,1194,Removal of Wires & Screw,"1,760.00","2,024.00"
28,1,1195,Removal of Plates,"4,000.00","4,600.00"
28,1,1196,Total Hip Replacement (THR),"71,100.00","81,765.00"
28,1,1197,Total Ankle Joint Replacement,"85,860.00","98,739.00"
28,1,1198,Total Knee Joint Replacement (TKR),"99,000.00","1,13,850.00"
28,1,1199,Total Shoulder Joint Replacement,"71,100.00","81,765.00"
28,1,1200,Total Elbow Joint Replacement,"71,100.00","81,765.00"
28,1,1201,Total Wrist Joint Replacement,"95,000.00","1,09,250.00"
28,1,1202,Total finger joint replacement,"20,000.00","23,000.00"
28,1,1203,Tubular external fixator,"4,600.00","5,290.00"
28,1,1204,Ilizarov's external fixator,"7,763.00","8,927.00"
28,1,1205,Pelvi-acetebular fracture -Internal fixation,"8,000.00","9,200.00"
28,1,1206,Meniscectomy,"12,000.00","13,800.00"
28,1,1207,Meniscus Repair,"10,000.00","11,500.00"
28,1,1208,Anterior Cruciate Ligament (ACL) Reconstruction,"8,500.00","9,775.00"
28,1,1209,Posterior Cruciate Ligament (PCL) Reconstruction,"13,500.00","15,525.00"
28,1,1210,Knee Collateral Ligament Reconstruction,"12,500.00","14,375.00"
28,1,1211,Bencarf Repair Shoulder,"13,200.00","15,180.00"
28,1,1212,RC Repair,"1,500.00","1,725.00"
28,1,1213,Biceps tenodesis,"14,000.00","16,100.00"
28,1,1214,Distal biceps tendon repair,"10,380.00","11,937.00"
28,1,1215,Arthrolysis of knee,"12,500.00","14,375.00"
28,1,1216,Capsulotomy of Shoulder,"15,000.00","17,250.00"
28,1,1217,Conservative Plaster of Paris (POP),"1,200.00","1,380.00"
28,1,1218,Application for CTEV per sitting,"1,200.00","1,380.00"
28,1,1219,Total Hip Replacement (THR) Revision Stage-I,"17,000.00","19,550.00"
28,1,1220,Total Hip Replacement (THR) Revision Stage-II,"50,000.00","57,500.00"
28,1,1221,Total Knee Replacement (TKR) Revision Stage-I,"35,000.00","40,250.00"
28,1,Sr. No.,CGHS TREATMENT PROCEDURE/INVESTIGATION LIST KANPUR AND GWALIOR,Non- NABH/Non- NABL Rates,
28,1,1222,Total Knee Replacement (TKR) Revision Stage-II,"35,000.00","40,250.00"
28,1,1223,Illizarov/ external fixation for limb lengthening/ deformity correction,"12,500.00","14,375.00"
28,1,1224,Discectomy/ Micro Discectomy,"12,500.00","14,375.00"
28,1,1225,Laminectomy,"4,646.00","5,343.00"
28,1,1226,Spinal Fixation Cervical/dorsolumbar/ lumbosacral,"16,000.00","18,400.00"
28,1,1227,Fusion Surgery Cervical/ Lumbar Spine upto 2 Level,"22,000.00","25,300.00"
28,1,1228,Spinal Fusion Surgery Cervical/ Lumbar Spine -More than 2 Level,"12,000.00","13,800.00"
28,1,1229,Scoliosis Surgery/ Deformity Correction of Spine,"25,000.00","28,750.00"
28,1,1230,Vertebroplasty,"12,000.00","13,800.00"
28,1,1231,Spinal Injections,450.00,518.00
28,1,1232,Dynamic Hip Screw (DHS) for Fracture Neck Femur,"15,000.00","17,250.00"
28,1,1233,Proximal Femoral Nail (PFN for IT Fracture),"14,000.00","16,100.00"
28,1,1234,Spinal Osteotomy,"1,434.00","1,649.00"
28,1,1235,Illizarov’s / External Fixation for Trauma,"13,000.00","14,950.00"
28,1,1236,Soft Tissue Operations for Polio/ Cerebral Palsy,"10,557.00","12,141.00"
29,1,1237,Mini Fixator for Hand/Foot,"8,100.00","9,315.00"
29,1,1238,Other Major Surgery,"38,250.00","43,988.00"
29,1,1239,Other Minor Surgery,"11,883.00","13,665.00"
29,1,,TREATMENT PROCEDURE PHYSIOTHERAPY,,
29,1,1240,Ultrasonic therapy,75.00,86.00
29,1,1241,Shortwave Diathermy (SWD),78.00,90.00
29,1,1242,Electrical stimulation (therapeutic),78.00,90.00
29,1,1243,Muscle testing and diagnostic,71.00,82.00
29,1,1244,Infrared,78.00,90.00
29,1,1245,Ultraviolet Therapeutic (UV Therapeutic) dose,58.00,67.00
29,1,1246,Intermittent Lumbar Traction,78.00,90.00
29,1,1247,Intermittent Cervical traction,75.00,86.00
29,1,1248,Wax bath,75.00,86.00
29,1,1249,Hot pack,78.00,90.00
29,1,1250,Breathing Exercises & Postural Drainage,50.00,58.00
29,1,1251,Cerebral Palsy – exercise,50.00,58.00
29,1,1252,Post – polio exercise,50.00,58.00
29,1,,NUCLEAR MEDICINE / RADIOTHERAPY AND CHEMOTHERAPY,,
29,1,1253,Cobalt 60 therapy,Leave blank,
29,1,1254,Cobalt 60 therapy- Radical therapy,"68,425.00","78,689.00"
29,1,1255,Cobalt 60 therapy- Palliative therapy,"24,438.00","28,104.00"
29,1,1256,Linear accelerator,Leave blank,
29,1,1257,Linear accelerator- Radical therapy,"58,650.00","67,448.00"
29,1,1258,Linear accelerator- Palliative therapy,"34,213.00","39,345.00"
29,1,1259,3D Planning,"4,888.00","5,621.00"
29,1,1260,2D Planning,"4,888.00","5,621.00"
29,1,1261,IMRT(Intensity Modulated radiotherapy),"1,00,878.00","1,16,010.00"
29,1,1262,SRT (Stereotactic radiotherapy),"60,996.00","70,145.00"
29,1,1263,SRS(Stereotactic radio surgery),"80,546.00","92,628.00"
29,1,1264,IGRT(Image guided radiotherapy),"1,32,314.00","1,52,161.00"
29,1,1265,Respiratory Gating-alongwith Linear accelerator planning,"1,10,000.00","1,26,500.00"
29,1,1266,Electron beam with Linear accelerator,"67,473.00","77,594.00"
29,1,1267,Tomotherapy,"79,400.00","91,310.00"
29,1,,NUCLEAR MEDICINE / BRACHYTHERAPY- HIGH DOSE RADIATION,,
29,1,1268,Intracavitory,"11,730.00","13,490.00"
29,1,1269,Interstitial,"58,650.00","67,448.00"
29,1,1270,Intraluminal,"9,775.00","11,241.00"
29,1,1271,Surface mould,"4,644.00","5,341.00"
29,1,1272,Gliadel Wafer,"93,900.00","1,07,985.00"
29,1,,NUCLEAR MEDICINE / CHEMOTHERAPY,,
29,1,1273,Neoadjuvant,863.00,992.00
29,1,1274,Adjuvant,863.00,992.00
29,1,1275,Concurrent-chemoradiation,920.00,"1,058.00"
29,1,1276,Single drug,552.00,635.00
29,1,1277,Multiple drugs,897.00,"1,032.00"
29,1,1278,Targeted therapy,920.00,"1,058.00"
29,1,1279,Chemoport facility,920.00,"1,058.00"
29,1,1280,PICC line (peripherally inserted Central Cannulisation),920.00,"1,058.00"
30,1,,LIST OF PROCEDURES/ TESTS IN GASTROENTEROLOGY / ENDOSCOPIC PROCEDURES,,
30,1,1281,Upper GI Endoscopy + Lower GI Endoscopy,"1,553.00","1,786.00"
30,1,1282,Diagnostic endoscopy,250.00,288.00
30,1,1283,Endoscopic biopsy,345.00,397.00
30,1,1284,Endoscopic mucosal resection,"1,389.00","1,597.00"
30,1,1285,Oesophageal stricture dilatation,"1,725.00","1,984.00"
30,1,1286,Balloon dilatation of achalasia cardia,"2,875.00","3,306.00"
30,1,1287,Foreign body removal,"1,725.00","1,984.00"
30,1,1288,Oesophageal stenting,"3,000.00","3,450.00"
30,1,1289,Band ligation of oesophageal varices,"2,500.00","2,875.00"
30,1,1290,Sclerotherapy of oesophageal varices,"2,500.00","2,875.00"
30,1,1291,Glue injection of varices,"2,500.00","2,875.00"
30,1,1292,Argon plasma coagulation,"4,025.00","4,629.00"
30,1,1293,Pyloric balloon dilatation,"2,415.00","2,777.00"
30,1,1294,Enteranal stenting,"3,680.00","4,232.00"
30,1,1295,Duodenal stricture dilation,990.00,"1,139.00"
30,1,1296,Single balloon enterocopy,"4,000.00","4,600.00"
30,1,1297,Double balloon enteroscopy,"3,500.00","4,025.00"
30,1,1298,Capsule endoscopy,"4,500.00","5,175.00"
30,1,1299,Piles banding,"1,099.00","1,264.00"
30,1,1300,Colonic stricture dilatation,"2,737.00","3,148.00"
30,1,1301,Hot biopsy forceps procedures,"3,000.00","3,450.00"
30,1,1302,Colonic stenting,"2,737.00","3,148.00"
30,1,1303,Junction biopsy,"2,000.00","2,300.00"
30,1,1304,Conjugal microscopy,"4,000.00","4,600.00"
30,1,Sr. No.,CGHS TREATMENT PROCEDURE/INVESTIGATION LIST KANPUR AND GWALIOR,Non- NABH/Non- NABL Rates,
30,1,1305,Endoscopic sphincterotomy,"2,415.00","2,777.00"
30,1,1306,CBD stone extraction,"2,415.00","2,777.00"
30,1,1307,CBD stricture dilatation,"6,500.00","7,475.00"
30,1,1308,Biliary stenting (plastic and metallic),"4,830.00","5,555.00"
30,1,1309,Mechanical lithotripsy of CBD stones,"8,000.00","9,200.00"
30,1,1310,Pancreatic sphincterotomy,"6,375.00","7,331.00"
30,1,1311,Pancreatic stricture dilatation,"5,750.00","6,613.00"
30,1,1312,Pancreatic stone extraction,"10,098.00","11,613.00"
30,1,1313,Mechanical lithotripsy of pancreatic stones,"11,385.00","13,093.00"
30,1,1314,Endoscopic cysto gastrostomy,"8,050.00","9,258.00"
30,1,1315,Balloon dilatation of papilla,"6,900.00","7,935.00"
30,1,1316,Ultrasound guided FNAC,575.00,661.00
30,1,1317,Ultrasound guided abscess Drainage,720.00,828.00
30,1,1318,Percutaneous Transhepatic Biliary Drainage (PTBD),"1,150.00","1,323.00"
30,1,1319,Diagnostic angiography,"2,000.00","2,300.00"
30,1,1320,Vascular embolization,"15,100.00","17,365.00"
30,1,1321,Transjugular Intrahepatic Portosystemic Shunt (TIPS),"5,400.00","6,210.00"
30,1,1322,Inferior vena cava (IVC) Venography and Hepatic vein (HV) Venography,"34,212.00","39,344.00"
30,1,1323,Muscular stenting,"97,750.00","1,12,413.00"
30,1,1324,Balloon-occluded Retrograde Intravenous Obliteration (BRTO),"57,500.00","66,125.00"
30,1,1325,Portal haemodymic studies,"1,913.00","2,200.00"
31,1,1326,Manometry and PH metry,"1,612.00","1,854.00"
31,1,1327,Oesophageal PH metry,"5,000.00","5,750.00"
31,1,1328,Oesophageal manometry,"5,000.00","5,750.00"
31,1,1329,Small bowel manometry,"6,800.00","7,820.00"
31,1,1330,Anorectal manometry,"6,800.00","7,820.00"
31,1,1331,Colonic manometry,"7,650.00","8,798.00"
31,1,1332,Biliary manometry,"7,650.00","8,798.00"
31,1,1333,Sengstaken blackenesse tube tempode,"2,875.00","3,306.00"
31,1,1334,Lintas machles tube tempode,"2,875.00","3,306.00"
31,1,1335,Faecal / Fecal fat test/ fecal chymotrypsin/ fecal elastase,350.00,403.00
31,1,1336,Breath tests,300.00,345.00
31,1,1337,Extracorporeal Shortwave Lithotripsy (ESWL) (Select CGHS rate code 888 for approved rate),"41,400.00","47,610.00"
31,1,1338,Liver biopsy,"1,380.00","1,587.00"
31,1,,NAME OF INVESTIGATION / DENTAL,,
31,1,1339,Dental IOPA X-ray,50.00,58.00
31,1,1340,Occlusal X-ray,78.00,90.00
31,1,1341,OPG X-ray,196.00,225.00
31,1,,NAME OF INVESTIGATION / PULMONARY,,
31,1,1342,Lung Ventilation & Perfusion Scan (V/Q Scan),"3,600.00","4,140.00"
31,1,1343,Lung Perfusion Scan,"2,000.00","2,300.00"
31,1,,NAME OF INVESTIGATION / OSTEOLOGY,,
31,1,1344,Whole Body Bone Scan with SPECT.,"3,421.00","3,934.00"
31,1,1345,Three phase whole body Bone Scan,"3,421.00","3,934.00"
31,1,,NAME OF INVESTIGATION / NEUROSCIENCES,,
31,1,1346,Brain Perfusion SPECT Scan with Technetium 99m radiopharmaceuticals.,"9,775.00","11,241.00"
31,1,Sr. No.,CGHS TREATMENT PROCEDURE/INVESTIGATION LIST KANPUR AND GWALIOR,Non- NABH/Non- NABL Rates,
31,1,1347,Radionuclide Cisternography for CSF leak,"3,740.00","4,301.00"
31,1,,NAME OF INVESTIGATION / GASTRO AND HEPATOBILIARY,,
31,1,1348,Gastro esophageal Reflux Study (GER Study),"1,955.00","2,248.00"
31,1,1349,Gastro intestinal Bleed (GloB.) Study with Technetium 99m labeled RBCs.,"3,421.00","3,934.00"
31,1,1350,Hepatobiliary Scintigraphy.,"2,444.00","2,811.00"
31,1,1351,Meckel's Scan,"1,955.00","2,248.00"
31,1,1352,Hepatosplenic scintigraphy with Technetium-99m radiopharmaceuticals,"1,870.00","2,151.00"
31,1,1353,Gastric emptying,"1,275.00","1,466.00"
31,1,,NAME OF INVESTIGATION / GENITOURINARY,,
31,1,1354,Renal Cortical Scintigraphy with Technetium 99m Dimercaptosuccinic acid (DMSA),"3,421.00","3,934.00"
31,1,1355,Dynamic Renography.,"3,421.00","3,934.00"
31,1,1356,Dynamic Renography with Diuretic.,"3,421.00","3,934.00"
31,1,1357,Dynamic Renography with Captopril,"1,960.00","2,254.00"
31,1,1358,Testicular Scan,"1,445.00","1,700.00"
31,1,,NAME OF INVESTIGATION / ENDOCRINOLOGY,,
31,1,1359,Thyroid Uptake measurements with 131-Iodine.,"1,564.00","1,799.00"
31,1,1360,Thyroid Scan with Technetium 99m Pertechnetate.,"1,615.00","1,900.00"
32,1,1361,Iodine-131 Whole Body Scan,"2,933.00","3,373.00"
32,1,1362,Whole Body Scan with MIBG,"17,595.00","20,234.00"
32,1,1363,Parathyroid Scan,"4,888.00","5,621.00"
32,1,,NAME OF INVESTIGATION / RADIO-ISOTOPE THERAPY,,
32,1,1364,131-lodine Therapy,"1,530.00","1,760.00"
32,1,1365,131-lodine Therapy <15mCi,"3,854.00","4,432.00"
32,1,1366,131-lodine Therapy 15-50mCi,"4,956.00","5,699.00"
32,1,1367,131-lodine Therapy 51-100mCi,"12,000.00","13,800.00"
32,1,1368,131-lodine Therapy >100mCi,"15,000.00","17,250.00"
32,1,1369,Phosphorus-32 therapy for metastatic bone pain palliation,"5,000.00","5,750.00"
32,1,1370,Samarium-153 therapy for metastatic bone pain palliation,"9,405.00","10,816.00"
32,1,1371,Radiosynovectomy with Yttrium,"21,250.00","24,438.00"
32,1,,NAME OF INVESTIGATION / CARDIOLOGY,,
32,1,1372,Stress thallium / Myocardial Perfusion Scintigraphy,"9,450.00","10,868.00"
32,1,1373,Rest thallium / Myocardial Perfusion Scintigraphy,"8,000.00","9,200.00"
32,1,1374,Venography,"3,300.00","3,795.00"
32,1,1375,Treadmill Test (TMT),950.00,1120.00
32,1,1376,Transoesophageal Echocardiography (TEE),489.00,562.00
32,1,1377,Lymph angiography,"1,613.00","1,855.00"
32,1,,NAME OF INVESTIGATION / TUMOUR IMAGING,,
32,1,1378,Scintimammography.,"4,800.00","5,520.00"
32,1,1379,Indium labelled octreotide Scan,"73,313.00","84,310.00"
32,1,,NAME OF INVESTIGATION / PET SCAN,,
32,1,1380,FDG Whole body PET / CT Scan (with or without contrast),"10,000.00","11,500.00"
32,1,1381,Brain / Heart FDG PET / CT Scan,"10,000.00","11,500.00"
32,1,1382,Gallium-68 Peptide PET / CT imaging for Neuroendocrine Tumor,"10,000.00","11,500.00"
32,1,,LABORATORY MEDICINE / CLINICAL PATHOLOGY,,
32,1,1383,"Urine routine- pH, Specific gravity, sugar, protein and microscopy",35.00,40.00
32,1,1384,Urine Microalbumin,70.00,81.00
32,1,1385,Stool routine,35.00,40.00
32,1,1386,Stool occult blood,24.00,28.00
32,1,1387,Post coital smear examination,30.00,35.00
32,1,1388,Semen analysis,35.00,40.00
32,1,,LABORATORY MEDICINE / HAEMATOLOGY,,
32,1,1389,Haemoglobin (Hb),18.00,21.00
32,1,1390,Total Leucocytic Count (TLC),30.00,35.00
32,1,1391,Differential Leucocytic Count (DLC),30.00,35.00
32,1,1392,Erythrocyte Sedimentation Rate (ESR),25.00,29.00
32,1,1393,"Total Red Cell count with MCV,MCH,MCHC,DRW",32.00,37.00
32,1,1394,"Complete Haemogram/CBC, Hb,RBC count and indices,TLC, DLC, Platelet, ESR, Peripheral smear examination",135,155
32,1,1395,Platelet count,48,55
32,1,1396,Reticulocyte count,48.00,55.00
32,1,1397,Absolute Eosinophil count (AEC),48.00,55.00
33,1,1398,Packed Cell Volume (PCV),13.00,15.00
33,1,1399,Peripheral Smear Examination,43.00,49.00
33,1,1400,Smear for Malaria parasite,41.00,47.00
33,1,1401,Bleeding Time,35.00,40.00
33,1,1402,Osmotic fragility Test,50.00,58.00
33,1,1403,Bone Marrow Smear Examination,70.00,81.00
33,1,1404,Bone Marrow Smear Examination with iron stain,250.00,288.00
33,1,1405,Bone Marrow Smear Examination and cytochemistry,440.00,506.00
33,1,1406,Activated partial ThromboplastinTime (APTT),102.00,117.00
33,1,1407,Rapid test for malaria(card test),44.00,51.00
33,1,1408,WBC cytochemistry for leukemia -Complete panel,110.00,127.00
33,1,1409,"Bleeding Disorder panel- PT, APTT, Thrombin Time Fibrinogen, D- Dimer/ Fibrinogen Degradation Products (FDP)",400.00,460.00
33,1,1410,Factor Assays-Factor VIII,720.00,828.00
33,1,1411,Factor Assays-Factor IX,680.00,782.00
33,1,1412,Platelet Function test,50.00,58.00
33,1,1413,"Tests for hypercoagulable states- Protein C, Protein S, Antithrombin",400.00,460.00
33,1,1414,Tests for lupus anticoagulant,150.00,173.00
33,1,1415,"Tests for Antiphospholipid antibody IgG, IgM ( for cardiolipin and B2 Glycoprotein 1)",500.00,575.00
33,1,1416,Thalassemia studies (Red Cell indices and Hb HPLC),560.00,644.00
33,1,1417,Tests for Sickling / Hb HPLC),77.00,89.00
33,1,,LABORATORY MEDICINE / BLOOD BANK,,
33,1,1418,Blood Group & RH Type,30.00,35.00
33,1,1419,Cross match,50.00,58.00
33,1,1420,Coomb’s Test Direct,90.00,104.00
33,1,1421,Coomb’s Test Indirect,100.00,115.00
33,1,1422,3 cell panel- antibody screening for pregnant female,153.00,176.00
33,1,1423,11 cells panel for antibody identification,153.00,176.00
33,1,1424,Hepatitis B surface antigen (HBsAg),102.00,117.00
33,1,1425,Hepatitis C virus (HCV),128.00,147.00
33,1,1426,Human immunodeficiency virus- HIV I and II,150.00,173.00
33,1,1427,Venereal Disease Research Laboratory test (VDRL),43.00,49.00
33,1,1428,RH Antibody titer,80.00,92.00
33,1,1429,Platelet Concentrate,56.00,64.00
33,1,1430,Random Donor Platelet(RDP)- (Select CGHS rate Code 1828 for approved rate),128.00,147.00
33,1,1431,Single Donor Platelet (SDP- Apheresis)- (Select CGHS rate Code 1830 for approved rate),150.00,173.00
33,1,1432,Routine-H & E,90.00,104.00
33,1,1433,special stain,65.00,75.00
33,1,1434,Immunohistochemistry(IHC),750.00,863.00
33,1,1435,Frozen section,780.00,897.00
33,1,1436,Paraffin section,309.00,355.00
33,1,,LABORATORY MEDICINE / CYTOLOGY,,
33,1,1437,Pap Smear,309.00,355.00
33,1,1438,Body fluid for Malignant cells,150.00,173.00
33,1,1439,Fine Needle Aspiration Cytology (FNAC),200.00,230.00
33,1,,NAME OF INVESTIGATION / FLOW CYTOMETRY,,
34,1,1440,Leukemia panel /Lymphoma panel,"1,536.00","1,766.00"
34,1,1441,"Paroxysmal Nocturnal Hemoglobinuria (PNH) Panel- CD55,CD59","1,000.00","1,150.00"
34,1,,LABORATORY MEDICINE / CYTOGENETIC STUDIES,,
34,1,1442,Karyotyping (Select CGHS rate code 677 for approved rate),"1,385.00","1,593.00"
34,1,1443,Fluorescent in situ hybridization (FISH),500.00,575.00
34,1,,LABORATORY MEDICINE / BIO-CHEMISTRY,,
34,1,1444,Blood Glucose Random,24.00,28.00
34,1,1445,"24 hrs urine for Proteins,Sodium, creatinine",50.00,58.00
34,1,1446,Blood Urea Nitrogen,54.00,62.00
34,1,1447,Serum Creatinine,55.00,63.00
34,1,1448,Urine Bile Pigment and Salt,25.00,29.00
34,1,1449,Urine Urobilinogen,20.00,23.00
34,1,1450,Urine Ketones,30.00,35.00
34,1,1451,Urine Occult Blood,35.00,40.00
34,1,1452,Urine total proteins,18.00,21.00
34,1,1453,Rheumatoid Factor / Rh Factor test,100.00,115.00
34,1,1454,Bence Jones protein,47.00,54.00
34,1,Sr. No.,CGHS TREATMENT PROCEDURE/INVESTIGATION LIST KANPUR AND GWALIOR,Non- NABH/Non- NABL Rates,
34,1,1455,Serum Uric Acid,55.00,63.00
34,1,1456,Serum Bilirubin total & direct,80.00,92.00
34,1,1457,Serum Iron,90.00,104.00
34,1,1458,C-reactive Protein (CRP),100.00,115.00
34,1,1459,C-reactive Protein (CRP) Quantitative,160.00,184.00
34,1,1460,"Body fluid (CSF/Ascitic Fluid etc.)Sugar, Protein etc.",90.00,104.00
34,1,1461,Albumin.,18.00,21.00
34,1,1462,Creatinine clearance.,80.00,92.00
34,1,1463,Serum Cholesterol,62.00,71.00
34,1,1464,Total Iron Binding Capacity (TIBC),80.00,92.00
34,1,1465,Glucose (Fasting & PP),47.00,54.00
34,1,1466,Serum Calcium –Total,60.00,69.00
34,1,1467,Serum Calcium –Ionic,44.00,51.00
34,1,1468,Serum Phosphorus,60.00,69.00
34,1,1469,Total Protein Alb/Glo Ratio,50.00,58.00
34,1,1470,Immunoglobulin G (IgG),250.00,288.00
34,1,1471,Immunoglobulin M(IgM),250.00,288.00
34,1,1472,Immunoglobulin A(IgA),250.00,288.00
34,1,1473,Antinuclear antibody (ANA),200.00,230.00
34,1,1474,Anti-double stranded DNA (anti-dsDNA),350.00,403.00
34,1,1475,Serum glutamic pyruvic transaminase (SGPT) / Alanine Aminotransferase (ALT),55.00,63.00
34,1,1476,Serum Glutamic oxaloacetic transaminase (SGOT) / Aspartate Aminotransferase (AST),55.00,63.00
34,1,1477,Serum amylase,117.00,135.00
34,1,1478,Serum Lipase,130.00,150.00
34,1,1479,Serum Lactate,72.00,83.00
34,1,1480,Serum Magnesium,100.00,115.00
35,1,1481,Serum Sodium,50.00,58.00
35,1,1482,Serum Potassium,50.00,58.00
35,1,1483,Serum Ammonia,100.00,115.00
35,1,1484,Anemia Profile,204.00,235.00
35,1,1485,Serum Testosterone,150.00,173.00
35,1,1486,Imprint Smear From Endoscopy,240.00,276.00
35,1,1487,Triglycerides,75.00,86.00
35,1,1488,Glucose Tolerance Test (GTT),90.00,104.00
35,1,1489,Triple Marker.,800.00,920.00
35,1,1490,Creatine Phosphokinase (CPK)/Creatine Kinase (CK),100.00,115.00
35,1,1491,Foetal Haemoglobin (HbF),77.00,89.00
35,1,1492,Prothrombin Time (PT),110.00,127.00
35,1,1493,Lactate dehydrogenase (LDH),100.00,115.00
35,1,1494,Alkaline Phosphatase,60.00,69.00
35,1,1495,Acid Phosphatase,78.00,90.00
35,1,1496,CPK MB/CK MB,190.00,219.00
35,1,1497,CK MB Mass/CPK MB Mass,140.00,161.00
35,1,1498,Troponin I,100.00,115.00
35,1,1499,Troponin T,540.00,621.00
35,1,1500,Glucose-6-Phosphate Dehydrogenase (G6PD),100.00,115.00
35,1,1501,Lithium.,130.00,150.00
35,1,Sr. No.,CGHS TREATMENT PROCEDURE/INVESTIGATION LIST KANPUR AND GWALIOR,Non- NABH/Non- NABL Rates,
35,1,1502,Dilantin (phenytoin).,400.00,460.00
35,1,1503,Carbamazepine.,400.00,460.00
35,1,1504,Valproic acid.,300.00,345.00
35,1,1505,Ferritin (Select CGHS rate code 1517 for approved rate),250.00,288.00
35,1,1506,Blood gas analysis / Arterial Blood Gas (ABG),120.00,138.00
35,1,1507,Blood gas analysis / Arterial Blood Gas (ABG) with electrolytes,414.00,476.00
35,1,1508,Urine pregnancy test,65.00,75.00
35,1,1509,Tests for Antiphospholipid antibodies syndrome.,280.00,322.00
35,1,1510,Glycosylated Haemoglobin (HbA1c),130.00,150.00
35,1,1511,Haemoglobin Electrophoresis/ Hb HPLC (Select CGHS rate code 1417 for approved rate),100.00,115.00
35,1,1512,Kidney Function Test (KFT),225.00,259.00
35,1,1513,Liver Function Test (LFT),225.00,259.00
35,1,1514,"Lipid Profile. (Total cholesterol, LDL, HDL, Triglycerides)",200.00,230.00
35,1,,Nutritional Markers,,
35,1,1515,Serum Iron,90.00,104.00
35,1,1516,Total Iron Binding Capacity (Select CGHS rate code 1464 for approved rate),90.00,104.00
35,1,1517,Serum Ferritin,100.00,115.00
35,1,1518,Vitamin B12 assay.,250.00,288.00
35,1,1519,Folic Acid assay.,300.00,345.00
35,1,1520,"Extended Lipid Profile. (Total cholesterol, LDL, HDL, Triglycerides Apo A1,Apo B,Lp (a) )",595.00,684.00
35,1,1521,Apolipoprotein A1 (ApoA1),200.00,230.00
35,1,1522,Apolipoprotein B (Apo B),199.00,229.00
36,1,1523,Lipoprotein A / Lp A,445.00,512.00
36,1,1524,"CD 3,4 and 8 counts",170.00,196.00
36,1,1525,"CD 3,4 and 8 percentage",170.00,196.00
36,1,1526,Low density lipoprotein (LDL),62.00,71.00
36,1,1527,Homocysteine.,400.00,460.00
36,1,1528,Haemoglobin (Hb) Electrophoresis/ (Select CGHS rate code 1417 for approved rate),440.00,506.00
36,1,1529,Serum Electrophoresis.,220.00,253.00
36,1,1530,Fibrinogen.,165.00,190.00
36,1,1531,Chloride.,60.00,69.00
36,1,1532,Magnesium.,135.00,155.00
36,1,1533,Gamma-Glutamyl Transpeptidase (GGTP),90.00,104.00
36,1,1534,Lipase.,239.00,275.00
36,1,1535,Fructosamine.,200.00,230.00
36,1,1536,Beta 2 microglobulin (B2M) /β2 microglobulin,90.00,104.00
36,1,1537,Catecholamines.,"1,050.00","1,208.00"
36,1,1538,Creatinine clearance.,120.00,138.00
36,1,,NAME OF INVESTIGATION / TUMOUR MARKERS,,
36,1,1539,Prostate Specific antigen (PSA)- Total.,312.00,359.00
36,1,1540,Prostate-specific antigen (PSA) - Free.,375.00,431.00
36,1,1541,Alpha Fetoprotein (AFP),300.00,345.00
36,1,1542,Human chorionic gonadotropin (HCG),289.00,332.00
36,1,Sr. No.,CGHS TREATMENT PROCEDURE/INVESTIGATION LIST (DELHI/NCR),Non- NABH/Non- NABL Rates,
36,1,1543,Cancer Antigen 125 (CA 125),391.00,450.00
36,1,1544,Cancer Antigen 19.9 (CA 19.9),616.00,708.00
36,1,1545,Cancer Antigen 15.3 (CA 15.3),560.00,644.00
36,1,1546,Vanillylmandelic Acid (VMA),350.00,403.00
36,1,1547,Calcitonin,500.00,575.00
36,1,1548,Carcinoembryonic Antigen (CEA),340.00,391.00
36,1,,OTHERS,,
36,1,1549,Immunofluorescence,150.00,173.00
36,1,1550,Direct(Skin and kidney Disease),425.00,489.00
36,1,1551,Indirect (antids DNA Anti Smith ANCA),425.00,489.00
36,1,1552,Calcidiol / 25-hydroxycholecalciferol / Vitamin D3 assay (Vit D3),550.00,633.00
36,1,1553,Serum Protein electrophoresis with immunofixation electrophoresis (IFE),270.00,311.00
36,1,1554,BETA-2 Microglobulin assay (Select CGHS rate code 1536 for approved rate),100.00,115.00
36,1,1555,Anti-Cyclic Citrullinated Peptide (Anti CCP),450.00,518.00
36,1,1556,Anti-tissue Transglutaminase antibody (Anti TTG Antibody),425.00,489.00
36,1,,HORMONES,,
36,1,1557,Serum Erythropoetin,425.00,489.00
36,1,1558,Adrenocorticotropic Hormone (ACTH),500.00,575.00
36,1,1559,"T3, T4, TSH",200.00,230.00
36,1,1560,Triiodothyronine- T3,64.00,74.00
36,1,1561,Tetraiodothyronine T4,64.00,74.00
36,1,1562,Thyroid stimulating hormone (TSH),90.00,104.00
37,1,1563,Luteinizing hormone (LH),150.00,173.00
37,1,1564,Follicle stimulating hormone (FSH),150.00,173.00
37,1,1565,Prolactin,150.00,173.00
37,1,1566,Cortisol,250.00,288.00
37,1,1567,PTH(Paratharmone),500.00,575.00
37,1,1568,C-Peptide (C Peptide / Connecting Peptide),330.00,380.00
37,1,1569,Insulin.,150.00,173.00
37,1,1570,Progesterone.,225.00,259.00
37,1,1571,17 Hydroxyprogesterone (17 OH Progesterone),440.00,506.00
37,1,1572,Dehydroepiandrosterone sulfate (DHEAS),440.00,506.00
37,1,1573,Androstenedione,600.00,690.00
37,1,1574,Growth Hormone.,340.00,391.00
37,1,,LABORATORY/ MEDICINE/CLINICAL PATHOLOGY,,
37,1,1575,Thyroid peroxidase antibody (TPO),300.00,345.00
37,1,1576,Throglobulin.,300.00,345.00
37,1,1577,Hydatic Serology.,318.00,366.00
37,1,1578,Anti Sperm Antibodies.,380.00,437.00
37,1,1579,Hepatitis B Virus (HBV) DNA Qualitative,"2,000.00","2,300.00"
37,1,1580,Hepatitis B Virus (HBV) DNA Quantitative.,"1,500.00","1,725.00"
37,1,1581,Hepatitis C Virus (HCV) RNA Qualitative.,"1,691.00","1,945.00"
37,1,1582,Human papillomaviruse (HPV) Serology,218.00,251.00
37,1,1583,Rota Virus serology,130.00,150.00
37,1,1584,PCR for Tuberculosis (TB),900.00,"1,035.00"
37,1,1585,PCR for Human immunodeficiency virus (HIV),600.00,690.00
37,1,1586,Chlamydae antigen,850.00,978.00
37,1,Sr. No.,CGHS TREATMENT PROCEDURE/INVESTIGATION LIST KANPUR AND GWALIOR,Non- NABH/Non- NABL Rates,
37,1,1587,Chlamydae antibody,238.00,274.00
37,1,1588,Brucella serology,230.00,265.00
37,1,1589,Influenza A serology,943.00,"1,084.00"
37,1,,"USG, X-RAY , CT, MRI, BONE DENSITOMETRY",,
37,1,1590,USG for Obstetrics - Anomalies scan,1700.00,2000.00
37,1,1591,USG Whole Abdomen/KUB Including post - void residual (PVR),680.00,800.00
37,1,1592,"Palvis USG (Gynae, Infertility, Prostate with post - void residual (PVR) etc.",425.00,500.00
37,1,1593,"Small parts USG ( scrotum, thyroid , parathyroid etc)",349.00,401.00
37,1,1594,Neonatal head (Tranfontanellar),425.00,489.00
37,1,1595,Neonatal spine,500.00,575.00
37,1,1596,Contrast enhanced USG,900.00,"1,035.00"
37,1,1597,USG Breast,680.00,800.00
37,1,1598,USG Hysterosalpingography (HSG),2040.00,2400.00
37,1,1599,Carotid Doppler,850.00,978.00
37,1,1600,Arterial Colour Doppler,706.00,812.00
37,1,1601,Venous Colour Doppler,706.00,812.00
37,1,1602,"Colour Doppler, renal arteries/any other organ",800.00,920.00
37,1,1603,USG guided intervention- FNAC,1530.00,1800.00
37,1,1604,USG guided intervention - biopsy,720.00,828.00
37,1,1605,USG guided intervention - nephrostomy,800.00,920.00
37,1,,X-Ray,,
38,1,1606,Abdomen AP Supine or Erect (One film),215.00,250.00
38,1,1607,Abdomen Lateral view (one film),128.00,147.00
38,1,1608,X Ray Chest PA/AP/oblique view (one Film),195.00,230.00
38,1,1609,Chest Lateral (one film),195.00,230.00
38,1,1610,"Mastoids: Towne view, oblique views (3 films)",230.00,265.00
38,1,1611,"Extremities, bones & Joints AP & Lateral views (Two films)",255.00,293.00
38,1,1612,Pelvis AP (one film),110.00,127.00
38,1,1613,Temporomandibular (TM) Joints (one film),110.00,127.00
38,1,1614,Abdomen & Pelvis for KUB,128.00,147.00
38,1,1615,Skull AP & Lateral (2 films),255.00,293.00
38,1,1616,Spine AP & Lateral (2 films),250.00,288.00
38,1,1617,PNS view (1 film),110.00,127.00
38,1,,X-ray CONTRAST STUDIES,,
38,1,1618,Barium Swallow,510.00,587.00
38,1,1619,Barium Upper GI study,720.00,828.00
38,1,1620,Barium Upper GI study (Double contrast),842.00,968.00
38,1,1621,Barium Meal follow through,935.00,"1,075.00"
38,1,1622,Barium Enema (Single contrast/double contrast),850.00,978.00
38,1,1623,Small bowel enteroclysis,"1,020.00","1,173.00"
38,1,1624,ERCP (Endoscopic Retrograde Cholangio – Pancreatography),"2,500.00","2,875.00"
38,1,1625,General:Fistulography / Sinography/Sialography /Dacrocystography/ T-Tube cholangiogram /Nephrostogram,638.00,734.00
38,1,1626,Percutaneous transhepatic cholangiography (PTC),"1,296.00","1,490.00"
38,1,1627,Intravenous Pyelography (IVP),"1,400.00","1,650.00"
38,1,1628,Micturating Cystourethrography (MCU),950.00,1120.00
38,1,1629,Retrograde Urethrography (RGU),950.00,1120.00
38,1,1630,Contrast Hystero-Salpingography (HSG),918.00,"1,056.00"
38,1,1631,X-ray Arthrography,700.00,805.00
38,1,1632,Cephalography,150.00,173.00
38,1,1633,Myelography,"2,750.00","3,163.00"
38,1,1634,Diagnostic Digital Subtraction Angiography (DSA),"1,749.00","2,011.00"
38,1,,MAMMOGRAPHY,,
38,1,1635,X-ray Mammography,1170.00,1375.00
38,1,1636,MRI Mammography,"2,550.00","2,933.00"
38,1,,Computed Tomography (CT) Scan,,
38,1,1637,CT Scan Head-Without Contrast,880.00,"1,035.00"
38,1,1638,CT Scan Head- with Contrast -With Contrast including CT angiography,"1,350.00","1,553.00"
38,1,1639,CT Scan Chest - without contrast (for lungs),"1,700.00","1,955.00"
38,1,1640,CT Scan Lower Abdomen (incl. Pelvis) With Contrast,"1,700.00","1,955.00"
38,1,1641,CT Scan Lower Abdomen (Incl. Pelvis) Without Contrast,"1,500.00","1,725.00"
38,1,1642,CT Scan Whole Abdomen Without Contrast,"2,700.00","3,105.00"
38,1,1643,CT Scan Whole Abdomen With Contrast,"4,050.00","4,658.00"
38,1,1644,Triple Phase CT abdomen,"4,050.00","4,658.00"
38,1,1645,CT Scan angiography abdomen/ Chest,"4,500.00","5,175.00"
38,1,1646,CT Scan Enteroclysis,"5,400.00","6,210.00"
38,1,1647,CT Scan Neck – Without Contrast,"1,500.00","1,725.00"
38,1,1648,CT Scan Neck – With Contrast,"1,870.00","2,151.00"
38,1,1649,CT Scan Orbits - Without Contrast,"1,190.00","1,369.00"
39,1,1650,CT Scan Orbits - With Contrast,"1,615.00","1,857.00"
39,1,1651,CT Scan of Para Nasal Sinuses- Without Contrast,900.00,"1,035.00"
39,1,1652,CT Scan of Para Nasal Sinuses - With Contrast,"1,600.00","1,840.00"
39,1,1653,"CT Scan Spine (Cervical, Dorsal, Lumbar, Sacral)–without Contrast","1,500.00","1,725.00"
39,1,1654,CT Scan Temporal bone – without contrast,893.00,"1,027.00"
39,1,1655,CT Scan- Dental,"1,275.00","1,466.00"
39,1,1656,CT Scan Limbs -Without Contrast,"1,700.00","1,955.00"
39,1,1657,CT Scan Limbs -With Contrast including CT angiography,"2,253.00","2,591.00"
39,1,1658,CT Guided intervention –FNAC,"1,200.00","1,380.00"
39,1,1659,CT Guided Trucut Biopsy,"1,200.00","1,380.00"
39,1,1660,CT Guided intervention -percutaneous catheter drainage/tube placement,"1,305.00","1,501.00"
39,1,,MRI,,
39,1,1661,MRI Head – Without Contrast,"2,125.00","2,500.00"
39,1,1662,MRI Head – With Contrast,"2,848.00","3,275.00"
39,1,1663,MRI Orbits – Without Contrast,"1,445.00","1,700.00"
39,1,1664,MRI Orbits – With Contrast,"2,000.00","2,300.00"
39,1,1665,MRI Nasopharynx and PNS – Without Contrast,"2,450.00","2,818.00"
39,1,1666,MRI Nasopharynx and PNS – With Contrast,"3,500.00","4,025.00"
39,1,1667,MR for Salivary Glands with Sialography,"3,000.00","3,450.00"
39,1,1668,MRI Neck - Without Contrast,"2,700.00","3,105.00"
39,1,1669,MRI Neck- with contrast,"4,500.00","5,175.00"
39,1,1670,MRI Shoulder – Without contrast,"2,000.00","2,300.00"
39,1,1671,MRI Shoulder – With conntrast,"2,600.00","2,990.00"
39,1,1672,MRI shoulder both Joints - Without contrast,"2,700.00","3,105.00"
39,1,1673,MRI Shoulder both joints – With contrast,"4,000.00","4,600.00"
39,1,1674,MRI Wrist Single joint - Without contrast,"2,550.00","3,000.00"
39,1,1675,MRI Wrist Single joint - With contrast,"4,000.00","4,600.00"
39,1,1676,MRI Wrist both joints - Without contrast,"3,400.00","4,000.00"
39,1,1677,MRI Wrist Both joints - With contrast,"5,000.00","5,750.00"
39,1,1678,MRI knee Single joint - Without contrast,"2,550.00","3,000.00"
39,1,1679,MRI knee Single joint - With contrast,"4,500.00","5,175.00"
39,1,1680,MRI knee both joints - Without contrast,"3,400.00","4,000.00"
39,1,1681,MRI knee both joints - With contrast,"5,000.00","5,750.00"
39,1,1682,MRI Ankle Single joint - Without contrast,"2,125.00","2,444.00"
39,1,1683,MRI Ankle single joint - With contrast,"4,250.00","5,000.00"
39,1,1684,MRI Ankle both joints - With contrast,"5,525.00","6,500.00"
39,1,1685,MRI Ankle both joints - Without contrast,"2,250.00","2,588.00"
39,1,1686,MRI Hip - With contrast,"2,500.00","2,875.00"
39,1,1687,MRI Hip – without contrast,"2,125.00","2,444.00"
39,1,1688,MRI Pelvis – Without Contrast,"2,125.00","2,444.00"
39,1,1689,MRI Pelvis – with contrast,"4,500.00","5,175.00"
39,1,1690,MRI Extremities - With contrast,"4,500.00","5,175.00"
39,1,1691,MRI Extremities - Without contrast,"2,125.00","2,444.00"
39,1,1692,MRI Temporomandibular – B/L - With contrast,"4,000.00","4,600.00"
39,1,1693,MRI Temporomandibular – B/L - Without contrast,"2,125.00","2,444.00"
39,1,1694,MR Temporal Bone/ Inner ear with contrast,"4,000.00","4,600.00"
39,1,1695,MR Temporal Bone/ Inner ear without contrast,"2,500.00","2,875.00"
39,1,1696,MRI Abdomen – Without Contrast,"2,125.00","2,444.00"
40,1,1697,MRI Abdomen – With Contrast,"5,000.00","5,750.00"
40,1,1698,MRI Breast - With Contrast,"4,250.00","4,888.00"
40,1,1699,MRI Breast - Without Contrast,"2,125.00","2,444.00"
40,1,1700,MRI Spine Screening - Without Contrast,"1,700.00","2,000.00"
40,1,1701,MRI Chest – Without Contrast,"2,125.00","2,444.00"
40,1,1702,MRI Chest – With Contrast,"4,000.00","4,600.00"
40,1,1703,MRI Cervical/Cervico Dorsal Spine – Without Contrast,"3,400.00","4,000.00"
40,1,1704,MRI Cervical/ Cervico Dorsal Spine – With Contrast,"4,000.00","4,600.00"
40,1,1705,MRI Dorsal/ Dorso Lumbar Spine - Without Contrast,"2,125.00","2,444.00"
40,1,1706,MRI Dorsal/ Dorso Lumbar Spine – With Contrast,"4,000.00","4,600.00"
40,1,1707,MRI Lumbar/ Lumbo-Sacral Spine – Without Contrast,"2,125.00","2,444.00"
40,1,1708,MRI Lumbar/ Lumbo-Sacral Spine – With Contrast,"4,500.00","5,175.00"
40,1,1709,Whole body MRI (For oncological workup),"5,100.00","5,865.00"
40,1,1710,MR cholecysto-pancreatography.,"5,000.00","5,750.00"
40,1,1711,MRI Angiography - with contrast,"4,500.00","5,175.00"
40,1,1712,MR Enteroclysis,"2,125.00","2,444.00"
40,1,,BONE DENSITOMETRY (DEXA SCAN),,
40,1,1713,Dexa Scan Bone Densitometry - Two sites,"1,350.00","1,553.00"
40,1,1714,"Dexa Scan Bone Densitometry - Three sites (Spine, Hip &extremity)","1,955.00","2,248.00"
40,1,1715,Dexa Scan Bone Densitometry Whole body,"2,205.00","2,536.00"
40,1,,NEUROLOGICAL INVESTIGATIONS AND PROCEDURES,,
40,1,1716,Electroencephalogram (EEG)/ Video EEG,298.00,343.00
40,1,1717,Electromyography (EMG),638.00,734.00
40,1,1718,Nerve Conduction Velocity(NCV) (at least 2 limbs),638.00,734.00
40,1,1719,Repititive nerve stimulation (RNS)-Decremental response (before and after neostigmine),595.00,684.00
40,1,1720,Repetitive nerve stimulation (RNS)-Incremental response,595.00,684.00
40,1,1721,Somatosensory evoked potentials (SSEP),638.00,734.00
40,1,1722,Polysomnography (PSG) / Sleep study,638.00,734.00
40,1,1723,Brachial plexus study,574.00,660.00
40,1,1724,Muscle biopsy,383.00,440.00
40,1,1725,Acetylcholine receptor (AChR) antibody titre,"1,848.00","2,125.00"
40,1,1726,Anti muscle specific receptor tyrosine kinase (Anti MuSK) antibody titre,"2,340.00","2,691.00"
40,1,1727,Serum copper,500.00,575.00
40,1,1728,Serum ceruloplasmin,450.00,518.00
40,1,1729,Urinary copper,500.00,575.00
40,1,1730,Serum homocysteine,450.00,518.00
40,1,1731,Serum valproate level,315.00,362.00
40,1,1732,Serum phenobarbitone level,343.00,394.00
40,1,1733,Coagulation profile,541.00,622.00
40,1,1734,"Protein C, Protein S, Antithrombin–III (Select CGHS rate code 1413 for approved rates)","2,346.00","2,698.00"
40,1,1735,Serum lactate level (Select CGHS rate code 1479 for approved rate),450.00,518.00
40,1,,CSF,,
40,1,1736,"Basic studies including cell count, protein, sugar, gram stain,India Ink preparation and smear for AFP",235.00,270.00
41,1,1737,Special studies,978.00,"1,125.00"
41,1,1738,PCR for tuberculosis/ Herpes simplex,"1,173.00","1,349.00"
41,1,1739,Bacterial culture and sensitivity,196.00,225.00
41,1,1740,Mycobacterial culture and sensitivity,196.00,225.00
41,1,1741,Fungal culture,128.00,147.00
41,1,1742,Malignant cells,64.00,74.00
41,1,1743,Anti measles antibody titre (with serum antibody titre),890.00,"1,024.00"
41,1,1744,Viral culture,255.00,293.00
41,1,1745,"Antibody titre (Herpes simplex, cytomegalo virus, flavivirus, zoster varicella virus)",760.00,874.00
41,1,1746,Oligoclonal band,"1,200.00","1,380.00"
41,1,1747,Myelin Basic protein,"1,871.00","2,152.00"
41,1,1748,Lactate (Select CGHS rate code 1479 for approved rate),298.00,343.00
41,1,1749,Cryptococcal antigen,"1,024.00","1,178.00"
41,1,,TESTS IN GASTRO-ENTEROLOGY,,
41,1,1750,D-xylase test,850.00,978.00
41,1,1751,Faecal / Fecal fat test/ fecal chymotrypsin/ fecal elastase (Select CGHS rate code 1335 for approved rate),850.00,978.00
41,1,1752,Breath tests (select CGHS rate code 1336 for approved rate),"1,275.00","1,466.00"
41,1,1753,H pylori serology for Coeliac disease /Celiac disease,500.00,575.00
41,1,1754,HBV genotyping,"2,500.00","2,875.00"
41,1,1755,HCV genotyping,"4,633.00","5,328.00"
41,1,,TESTS IN ENDOCRINOLOGY ( IN ADDITION TO THOSE INCLUDED UNDER HORMONES),,
41,1,1756,Urinary vanillylmandelic acid (VMA),"1,500.00","1,725.00"
41,1,1757,Urinary metanephrine/Normetanephrine,"1,138.00","1,309.00"
41,1,1758,Urinary free catecholamine,"1,690.00","1,944.00"
41,1,1759,Serum catecholamine,"3,400.00","3,910.00"
41,1,1760,Serum aldosterone,"1,125.00","1,294.00"
41,1,1761,24 Hr urinary aldosterone,920.00,"1,058.00"
41,1,1762,Plasma renin activity,"1,000.00","1,150.00"
41,1,1763,Serum aldosterone/renin ratio,"1,200.00","1,380.00"
41,1,1764,Osmolality urine,128.00,147.00
41,1,1765,Osmolality serum,128.00,147.00
41,1,1766,Urinary sodium,72.00,83.00
41,1,1767,Urinary Chloride,43.00,49.00
41,1,1768,Urinary potassium,80.00,92.00
41,1,1769,Urinary calcium,80.00,92.00
41,1,1770,Thyroid binding globulin,510.00,587.00
41,1,1771,24 hour urinary free cortisole,200.00,230.00
41,1,1772,Islet cell antibody,750.00,863.00
41,1,1773,Glutamic Acid Decarboxylase Autoantibodies test (GAD antibodies),"1,330.00","1,530.00"
41,1,1774,Insulin associated antibody,449.00,516.00
41,1,1775,Insulin-like growth factor-1 (IGF-1),"1,500.00","1,725.00"
41,1,1776,Insulin-like growth factor binding protein 3 (IGF-BP3),"1,650.00","1,898.00"
41,1,1777,Sex hormone binding globulin,"1,333.00","1,533.00"
41,1,1778,USG guided FNAC thyroid gland,387.00,445.00
41,1,1779,Estradiol (E2),208.00,239.00
42,1,1780,Thyroglobulin antibody,587.00,675.00
42,1,ADDED W.E.F. 14.01.2020,,,
42,1,1781,"Kappa Lambda Light Chains, Free, Serum/ Serum free light chains (SFLC)",3500,4025
42,1,1782,Serum IGE Level,300,345
42,1,1783,NT-Pro BNP,1800,2070
42,1,1784,CECT Chest (Including CD),2445 Including CD,2875
42,1,1785,MRI-Prostate (Multi-parametric),6000/- including CD,6900 Including CD
42,1,1786,HCV RNA Quantitative,1500,1725
42,1,1787,Tacrolimus,2300,2645
42,1,1788,"Protein Creatinine Ratio, Urine",120,138
42,1,1789,Fibroscan Liver,1000,1150
42,1,1790,HLA B27 (PCR),500,575
42,1,1791,Mantoux Test,175,200
42,1,1792,Procalcitonin,1800,2070
42,1,1793,TORCH Test,1120,1288
42,1,1794,Intracoronary optical coherence tomography (OCT)/Intravascular optical coherence tomography (IVOCT) intravascular Ventricular Assist System,65000,65000
42,1,1795,Fractional Flow Reserve (FFR) Wire cost (AIIMS Rates,see code 585,see code 585
42,2,1796,Anti –Smooth Muscle Antibody Test (ASMA),1241,1460
42,2,1797,C ANCA-IFA,1275,1500
42,2,1798,P ANCA-IFA,1275,1500
42,2,1799,Angiotensin converting enzyme (ACE),850,1000
42,2,1800,Endo bronchial Ultrasound (EBUS) -Trans bronchial needle aspiration (TBNA) -Using New Needle,15614,18370
42,2,1801,Extractable Nuclear Antigens (ENA) - Quantitative,3910,4600
42,2,1802,Chromogranin A,4250,5000
42,2,1803,Faecal calprotectin (fecal calprotectin),2320,2730
42,2,1804,C3-COMPLEMENT,552,650
42,2,1805,C4-COMPLEMENT,552,650
42,2,1806,Genexpert Test,880,1035
42,2,1807,DJ stent removal,7395,8700
42,2,1808,Pulmonary Function Test (PFT) / (Spirometry with DLCO),425,500
42,2,1809,EUS (Endoscopic Ultrasound) guided FNAC (Using with Needle),12750,15000
42,2,1810,CT Urography,3825,4500
42,2,1811,Video Laryngoscopy,5100,6000
42,2,1812,CT Angio-Neck Vessels,5100,6000
42,2,1813,H1N1 (RT-PCR),921,1084
42,2,1814,Erythropoietin Level (Select CGHS rate code 1557 for approved rate),See code 1557,See code 1557
42,2,1815,Anti HEV IgM,850,1000
42,2,1816,Anti HAV IgM,637,750
42,2,1817,HBsAg Quantitative,552,650
42,2,1818,Typhidot IgM,340,400
43,1,1819,Hepatitis B Core Antibody (HBcAb) Level (Hepatitis B Core IgM Antibody),408,480
43,1,1820,Anti HBs,552,650
43,2,1821,Free Triiodothyronine (FT3),106,125
43,2,1822,Free Thyroxine (FT4),106,125
43,2,1823,Widal Test,60,70
43,2,1824,Dengue Serology,510,600
43,2,1825,Blood component charges - Whole Blood per Unit,1450,1450
43,2,1826,Blood component charges - Packed Red Cell per Unit,1450,1450
43,2,1827,Blood component charges - Fresh Frozen Plasma,400,400
43,2,1828,Platelet Concentrate- Random Donor Platelet (RDP),400,400
43,2,1829,Blood component charges - Cryoprecipitate,200,200
43,2,1830,Platelet Concentrate – Single Donor Platelet (SDP)- Apheresis per unit,11000,11000
43,2,1831,"CCS Group A Officer of above 40 years of age –Male, Annual Health Check up",2000,2000
43,2,1832,"CCS Group A Officer of above 40 years of age –female, Annual Health Check up",2200,2200
43,2,1833,Interleukin 6 (IL 6),1360,1600
43,2,1834,High resolution computed Tomography (HRCT Chest),1700,2000
43,2,1835,Fluid air exchange,4250 per eye,5000
43,2,1836,C3F8 GAS Injection,4250 per eye,5000
43,2,1837,Diurnal variation of IOP,1275 per eye,1500
43,2,1838,Silicone oil injection,4250 per eye,5000
43,2,1839,Epiretinal Membrane (ERM) Peeling,5950 per eye,7000
43,2,1840,Epiretinal Membrane (ERM) Removal,2550 per eye,3000
43,2,1841,Internal limiting membrane (ILM) peeling,2550 per eye,3000
43,2,1842,Punctoplasty,5525 per eye,6500
43,2,1843,Punctal plug(Collagen/silicone),3400 per eye,4000
43,2,1844,Laser Trabeculoplasty Gonioplasty B/E,13600 both eye,16000 both eye
43,2,1845,Eye laser pulse therapy,2975 per eye,3500
43,2,1846,Glaucoma valve/Glaucoma Ahmed valve,12750,15000
43,2,1847,Malyugin Ring,8500,"10,000"
43,2,1848,Globe exploration (eye surgery),8500,"10,000"
43,2,1849,Scleral Fixation Tissue glue,7140,8400
43,2,1850,Fibro optic Nasal Endoscopy,1955,2300
43,2,1851,Video Stroboscopy,4675,5500
43,2,1852,Video Bronchoscopy with BAL,8500,"10,000"
43,2,1853,Sleep deprived EEG (Rate shall be the same CGHS rate of EEG/Video EEG) Select CGHS rate code 1716,See code 1716,See code 1716
43,2,1854,TAVI/TAVR Implant,1284000,1284000
43,2,1855,Transcatheter Aortic Valve Implantation (TAVI)/Transcatheter Aortic Valve Replacement (TAVR) - Procedure Cost,85000,100000
43,2,1856,IVL (Coronary Intra Vascular Lithotripsy/Shock wave Lithotripsy - including GST,268000,268000
