city_folder,source_pdf,source_page,raw_text_line,procedure_name,nabh_rate,non_nabh_rate,cghs_rate,rate_type,remarks,extraction_confidence,needs_manual_review
Bhubaneswar,17062025133614_CGHS Rates 2024 Bhubaneswar_.pdf,1,CGHS Bhubaneswar updated package rate list as on 2024,CGHS Bhubaneswar updated package rate list as on,,,2024,,,0.5,True
Bhubaneswar,17062025133614_CGHS Rates 2024 Bhubaneswar_.pdf,1,j2___ [Consultation PD 85088,j2___ [Consultation PD,,,85088,,,0.5,True
Bhubaneswar,17062025133614_CGHS Rates 2024 Bhubaneswar_.pdf,1,[2_____[Consuttation- for Inpatients OT 880],2_____[Consuttation- for Inpatients OT 880,,,,,,0.35,True
Bhubaneswar,17062025133614_CGHS Rates 2024 Bhubaneswar_.pdf,1,[3___[Dressingsofwounds SO,3___[Dressingsofwounds SO,,,,,,0.35,True
Bhubaneswar,17062025133614_CGHS Rates 2024 Bhubaneswar_.pdf,1,[4___ [Suturing of wounds with local anesthesia | 108] 128,4___ [Suturing of wounds with local anesthesia | 108,,,128,,,0.5,True
Bhubaneswar,17062025133614_CGHS Rates 2024 Bhubaneswar_.pdf,1,[5____ [Aspiration Plural Effusion Diagnostic fC t20f 188,5____ [Aspiration Plural Effusion Diagnostic fC t20f,,,188,,,0.5,True
Bhubaneswar,17062025133614_CGHS Rates 2024 Bhubaneswar_.pdf,1,[6____ [Aspiration Plural Effusion-Therapeutic | 93] 22,6____ [Aspiration Plural Effusion-Therapeutic | 93,,,22,,,0.5,True
Bhubaneswar,17062025133614_CGHS Rates 2024 Bhubaneswar_.pdf,1,[7___ [Abdominal Aspiration- Diagnostic SAB 8,7___ [Abdominal Aspiration- Diagnostic SAB,,,8,,,0.5,True
Bhubaneswar,17062025133614_CGHS Rates 2024 Bhubaneswar_.pdf,1,[8____ [Abdominal Aspiration- Therapeutic | GOT 58],8____ [Abdominal Aspiration- Therapeutic | GOT 58,,,,,,0.35,True
Bhubaneswar,17062025133614_CGHS Rates 2024 Bhubaneswar_.pdf,1,[9 [Pericardial Aspiration TBO,9 [Pericardial Aspiration TBO,,,,,,0.35,True
Bhubaneswar,17062025133614_CGHS Rates 2024 Bhubaneswar_.pdf,1,[10 [Joints Aspiration 888],10 [Joints Aspiration 888,,,,,,0.35,True
Bhubaneswar,17062025133614_CGHS Rates 2024 Bhubaneswar_.pdf,1,[11 [Biopsy Skin tof 2],11 [Biopsy Skin tof 2,,,,,,0.35,True
Bhubaneswar,17062025133614_CGHS Rates 2024 Bhubaneswar_.pdf,1,[12 ___ [Removal of stitches Sf,12 ___ [Removal of stitches Sf,,,,,,0.35,True
Bhubaneswar,17062025133614_CGHS Rates 2024 Bhubaneswar_.pdf,1,[13 [Venesection ttf 128],13 [Venesection ttf 128,,,,,,0.35,True
Bhubaneswar,17062025133614_CGHS Rates 2024 Bhubaneswar_.pdf,1,[14 [PhimosisUnderLA tof 1387,14 [PhimosisUnderLA tof,,,1387,,,0.5,True
Bhubaneswar,17062025133614_CGHS Rates 2024 Bhubaneswar_.pdf,1,[16 [Injection forHaemorthoids at,16 [Injection forHaemorthoids at,,,,,,0.35,True
Bhubaneswar,17062025133614_CGHS Rates 2024 Bhubaneswar_.pdf,1,[17 injection for Varicose Veins | 345 3,17 injection for Varicose Veins,3,345,,,,0.72,False
Bhubaneswar,17062025133614_CGHS Rates 2024 Bhubaneswar_.pdf,1,fas [Catheterisation a0,fas [Catheterisation a0,,,,,,0.35,True
Bhubaneswar,17062025133614_CGHS Rates 2024 Bhubaneswar_.pdf,1,[19 [Dilatation of Urethra Sf,19 [Dilatation of Urethra Sf,,,,,,0.35,True
Bhubaneswar,17062025133614_CGHS Rates 2024 Bhubaneswar_.pdf,1,[20___ [Incision & Drainage az,20___ [Incision & Drainage az,,,,,,0.35,True
Bhubaneswar,17062025133614_CGHS Rates 2024 Bhubaneswar_.pdf,1,[21 [intercostal Drainage 1,21 [intercostal Drainage,,,1,,,0.5,True
Bhubaneswar,17062025133614_CGHS Rates 2024 Bhubaneswar_.pdf,1,[22 [Peritoneal Dialysis tt 1817],22 [Peritoneal Dialysis tt 1817,,,,,,0.35,True
Bhubaneswar,17062025133614_CGHS Rates 2024 Bhubaneswar_.pdf,1,23 [ExcisionofMoles 8a 8],23 [ExcisionofMoles 8a 8,,,,,,0.35,True
Bhubaneswar,17062025133614_CGHS Rates 2024 Bhubaneswar_.pdf,1,[24 [Excision of Warts af 888],24 [Excision of Warts af 888,,,,,,0.35,True
Bhubaneswar,17062025133614_CGHS Rates 2024 Bhubaneswar_.pdf,1,25 [Excision of Molluscum contagiom | A808,25 [Excision of Molluscum contagiom | A808,,,,,,0.35,True
Bhubaneswar,17062025133614_CGHS Rates 2024 Bhubaneswar_.pdf,1,[26 [Excision of Venereal Warts tO] 18,26 [Excision of Venereal Warts tO,,,18,,,0.5,True
Bhubaneswar,17062025133614_CGHS Rates 2024 Bhubaneswar_.pdf,1,27 [Excision ofComs tof],27 [Excision ofComs tof,,,,,,0.35,True
Bhubaneswar,17062025133614_CGHS Rates 2024 Bhubaneswar_.pdf,1,[28 [1/D Injection Keloid(Intralesional Injection) 7],28 [1/D Injection Keloid(Intralesional Injection) 7,,,,,,0.35,True
Bhubaneswar,17062025133614_CGHS Rates 2024 Bhubaneswar_.pdf,1,[29 |chemical Gauteng) Sd tof,29 |chemical Gauteng) Sd tof,,,,,,0.35,True
Bhubaneswar,17062025133614_CGHS Rates 2024 Bhubaneswar_.pdf,1,[30___|Subconjunetivalsubtenon’s injections in oneeyes__— | 878],30___|Subconjunetivalsubtenon’s injections in oneeyes__— | 878,,,,,,0.35,True
Bhubaneswar,17062025133614_CGHS Rates 2024 Bhubaneswar_.pdf,1,[31 ___|Subconjunetivalsubtenon’s injections in both eyes | 124] 14],31 ___|Subconjunetivalsubtenon’s injections in both eyes | 124] 14,,,,,,0.35,True
Bhubaneswar,17062025133614_CGHS Rates 2024 Bhubaneswar_.pdf,1,[32 [Pterygium Surgery TOL 825],32 [Pterygium Surgery TOL 825,,,,,,0.35,True
Bhubaneswar,17062025133614_CGHS Rates 2024 Bhubaneswar_.pdf,1,[33 [Conjunctival Peritomy,33 [Conjunctival Peritomy,,,,,,0.35,True
Bhubaneswar,17062025133614_CGHS Rates 2024 Bhubaneswar_.pdf,1,Conjunctival wound repair or exploration following blunt 3795),Conjunctival wound repair or exploration following blunt 3795),,,,,,0.35,True
Bhubaneswar,17062025133614_CGHS Rates 2024 Bhubaneswar_.pdf,1,[35___ [Removal of cormeal foreign body P| 88|,35___ [Removal of cormeal foreign body P| 88,,,,,,0.35,True
Bhubaneswar,17062025133614_CGHS Rates 2024 Bhubaneswar_.pdf,1,[38___[Comeal grafting Penetrating keratoplasty | 8175| 888],38___[Comeal grafting Penetrating keratoplasty | 8175| 888,,,,,,0.35,True
Bhubaneswar,17062025133614_CGHS Rates 2024 Bhubaneswar_.pdf,1,[39 [Comeal grafting—Lamellar keratoplasty | 4500[ 175],39 [Comeal grafting—Lamellar keratoplasty | 4500[ 175,,,,,,0.35,True
Bhubaneswar,17062025133614_CGHS Rates 2024 Bhubaneswar_.pdf,1,Cyanoacrylate /fibrin glue application for corneal 794],Cyanoacrylate /fibrin glue application for corneal 794,,,,,,0.35,True
Bhubaneswar,17062025133614_CGHS Rates 2024 Bhubaneswar_.pdf,2,[41 [Bandage contact lenses for corneal perforation | 460] 528],41 [Bandage contact lenses for corneal perforation | 460] 528,,,,,,0.35,True
Bhubaneswar,17062025133614_CGHS Rates 2024 Bhubaneswar_.pdf,2,[43 ___[Keratoconus correction with therapeutic contactlenses | 1200[ 1380],43 ___[Keratoconus correction with therapeutic contactlenses | 1200[ 1380,,,,,,0.35,True
Bhubaneswar,17062025133614_CGHS Rates 2024 Bhubaneswar_.pdf,2,[44 __| Ultraviolet (UV) - radiation for cross-linking for keratoconus [| __—1800of 2070},44 __| Ultraviolet (UV) - radiation for cross-linking for keratoconus [| __—1800of 2070},,,,,,0.35,True
Bhubaneswar,17062025133614_CGHS Rates 2024 Bhubaneswar_.pdf,2,[45 __ | EDTA for band shaped keratopathy en () e,45 __ | EDTA for band shaped keratopathy en () e,,,,,,0.35,True
Bhubaneswar,17062025133614_CGHS Rates 2024 Bhubaneswar_.pdf,2,[46 ___[Arcuate keratotomy for astigmatism T2800] 3220],46 ___[Arcuate keratotomy for astigmatism T2800] 3220,,,,,,0.35,True
Bhubaneswar,17062025133614_CGHS Rates 2024 Bhubaneswar_.pdf,2,[47___[Re-suturing (Primary suturing) of corneal wound | 1450[ 1823),47___[Re-suturing (Primary suturing) of corneal wound | 1450[ 1823),,,,,,0.35,True
Bhubaneswar,17062025133614_CGHS Rates 2024 Bhubaneswar_.pdf,2,[48 [Penetrating keratoplasty with glaucoma surgery | 10930] 12570,48 [Penetrating keratoplasty with glaucoma surgery | 10930,,,12570,,,0.5,True
Bhubaneswar,17062025133614_CGHS Rates 2024 Bhubaneswar_.pdf,2,[49 [Penetrating keratoplasty --- with vitrectomy | 12044 139685),49 [Penetrating keratoplasty --- with vitrectomy | 12044 139685),,,,,,0.35,True
Bhubaneswar,17062025133614_CGHS Rates 2024 Bhubaneswar_.pdf,2,[0 [Penetrating keratoplasty with IOL implantation | 12290] 14134),0 [Penetrating keratoplasty with IOL implantation | 12290] 14134),,,,,,0.35,True
Bhubaneswar,17062025133614_CGHS Rates 2024 Bhubaneswar_.pdf,2,[s1___|DALK- Deep anterior lamellar keratoplasty | 1552817858),s1___|DALK- Deep anterior lamellar keratoplasty | 1552817858),,,,,,0.35,True
Bhubaneswar,17062025133614_CGHS Rates 2024 Bhubaneswar_.pdf,2,[52 [Keratoprosthesisstagetand Tt 00[ 19225),52 [Keratoprosthesisstagetand Tt 00[ 19225),,,,,,0.35,True
Bhubaneswar,17062025133614_CGHS Rates 2024 Bhubaneswar_.pdf,2,[s4___[ALTK- Automated lamellar therapeutic keratoplasty | 16500[ 18975],s4___[ALTK- Automated lamellar therapeutic keratoplasty | 16500[ 18975,,,,,,0.35,True
Bhubaneswar,17062025133614_CGHS Rates 2024 Bhubaneswar_.pdf,2,[s5__[Probing and Syringing of lacrimal sac-inoneeye | 89],s5__[Probing and Syringing of lacrimal sac-inoneeye | 89,,,,,,0.35,True
Bhubaneswar,17062025133614_CGHS Rates 2024 Bhubaneswar_.pdf,2,[s6 [Probing and Syringing of lacrimal sac-inbotheye | 138[ 159],s6 [Probing and Syringing of lacrimal sac-inbotheye | 138[ 159,,,,,,0.35,True
Bhubaneswar,17062025133614_CGHS Rates 2024 Bhubaneswar_.pdf,2,Dacryocystorhinostomy—Plain with intubation and/or with 8775,Dacryocystorhinostomy—Plain with intubation and/or with,,,8775,,,0.5,True
Bhubaneswar,17062025133614_CGHS Rates 2024 Bhubaneswar_.pdf,2,[39 ___[Dacryocystorhinostomy—conjunctival with implant | 9200] 10580],39 ___[Dacryocystorhinostomy—conjunctival with implant | 9200] 10580,,,,,,0.35,True
Bhubaneswar,17062025133614_CGHS Rates 2024 Bhubaneswar_.pdf,2,[60 [Caliculoplasty 28002845,60 [Caliculoplasty,,,28002845,,,0.5,True
Bhubaneswar,17062025133614_CGHS Rates 2024 Bhubaneswar_.pdf,2,[61 [Dacryocystectomy tres] 19884,61 [Dacryocystectomy tres,,,19884,,,0.5,True
Bhubaneswar,17062025133614_CGHS Rates 2024 Bhubaneswar_.pdf,2,[62 [Punctal plugs fordryeyes T8088},62 [Punctal plugs fordryeyes T8088},,,,,,0.35,True
Bhubaneswar,17062025133614_CGHS Rates 2024 Bhubaneswar_.pdf,2,[65 JOrthoptic check-up- with synoptophore TAT,65 JOrthoptic check-up- with synoptophore TAT,,,,,,0.35,True
Bhubaneswar,17062025133614_CGHS Rates 2024 Bhubaneswar_.pdf,2,[66 [Lees’ charting or Hess’ charting | 0185),66 [Lees’ charting or Hess’ charting | 0185),,,,,,0.35,True
Bhubaneswar,17062025133614_CGHS Rates 2024 Bhubaneswar_.pdf,2,[67 JOrthopticexercises_ O88,67 JOrthopticexercises_ O88,,,,,,0.35,True
Bhubaneswar,17062025133614_CGHS Rates 2024 Bhubaneswar_.pdf,2,[68 [Pleopticexercises_ TSO,68 [Pleopticexercises_ TSO,,,,,,0.35,True
Bhubaneswar,17062025133614_CGHS Rates 2024 Bhubaneswar_.pdf,2,[69 [Perimetry/field test—Goldman TOT 8,69 [Perimetry/field test—Goldman TOT,,,8,,,0.5,True
Bhubaneswar,17062025133614_CGHS Rates 2024 Bhubaneswar_.pdf,2,[70____[Perimetry/field test— automated TOT],70____[Perimetry/field test— automated TOT,,,,,,0.35,True
Bhubaneswar,17062025133614_CGHS Rates 2024 Bhubaneswar_.pdf,2,[71 [Fluorescein angiography forfundusoriris | 920] 1058),71 [Fluorescein angiography forfundusoriris | 920] 1058),,,,,,0.35,True
Bhubaneswar,17062025133614_CGHS Rates 2024 Bhubaneswar_.pdf,2,[72 [Ulwasound A-Sean re,72 [Ulwasound A-Sean re,,,,,,0.35,True
Bhubaneswar,17062025133614_CGHS Rates 2024 Bhubaneswar_.pdf,2,[73 [Ultrasound B-Sean 207 [288],73 [Ultrasound B-Sean 207 [288,,,,,,0.35,True
Bhubaneswar,17062025133614_CGHS Rates 2024 Bhubaneswar_.pdf,2,[74 [FundusPhoto Test 200280],74 [FundusPhoto Test 200280,,,,,,0.35,True
Bhubaneswar,17062025133614_CGHS Rates 2024 Bhubaneswar_.pdf,2,[75 [Indocyanin green angiography | 920] 1058),75 [Indocyanin green angiography | 920] 1058),,,,,,0.35,True
Bhubaneswar,17062025133614_CGHS Rates 2024 Bhubaneswar_.pdf,2,[76 __[Commeal endothelial cell count with specular microscopy | 280] 285),76 __[Commeal endothelial cell count with specular microscopy | 280] 285),,,,,,0.35,True
Bhubaneswar,17062025133614_CGHS Rates 2024 Bhubaneswar_.pdf,2,[77 [Comeal topography 8,77 [Comeal topography,,,8,,,0.5,True
Bhubaneswar,17062025133614_CGHS Rates 2024 Bhubaneswar_.pdf,2,[78 [Comeal pachymetry 80285),78 [Comeal pachymetry 80285),,,,,,0.35,True
Bhubaneswar,17062025133614_CGHS Rates 2024 Bhubaneswar_.pdf,2,[79 [Auto-refraction 8,79 [Auto-refraction,,,8,,,0.5,True
Bhubaneswar,17062025133614_CGHS Rates 2024 Bhubaneswar_.pdf,2,[80 [Macular functiontests,80 [Macular functiontests,,,,,,0.35,True
Bhubaneswar,17062025133614_CGHS Rates 2024 Bhubaneswar_.pdf,2,[81___ [Potential acuitymetry to 188),81___ [Potential acuitymetry to 188),,,,,,0.35,True
Bhubaneswar,17062025133614_CGHS Rates 2024 Bhubaneswar_.pdf,2,[a2 [Laser interferometry ————————*d a| ——f|,a2 [Laser interferometry ————————*d a| ——f,,,,,,0.35,True
Bhubaneswar,17062025133614_CGHS Rates 2024 Bhubaneswar_.pdf,2,[88 [Oct-Optical coherence tomography | _1913| 2200],88 [Oct-Optical coherence tomography | _1913| 2200,,,,,,0.35,True
Bhubaneswar,17062025133614_CGHS Rates 2024 Bhubaneswar_.pdf,2,[84 [HIRT-Heidelberg’'s retinaltomogram TOL 173],84 [HIRT-Heidelberg’'s retinaltomogram TOL 173,,,,,,0.35,True
Bhubaneswar,17062025133614_CGHS Rates 2024 Bhubaneswar_.pdf,2,[85___|GDx Nerve fibre layer analyzer] 88],85___|GDx Nerve fibre layer analyzer] 88,,,,,,0.35,True
Bhubaneswar,17062025133614_CGHS Rates 2024 Bhubaneswar_.pdf,2,[86 [UBM- Ulwasound biomicroscopy TSO),86 [UBM- Ulwasound biomicroscopy TSO),,,,,,0.35,True
Bhubaneswar,17062025133614_CGHS Rates 2024 Bhubaneswar_.pdf,2,[87 [Non Contacttonometry(NCT) SO 8,87 [Non Contacttonometry(NCT) SO,,,8,,,0.5,True
Bhubaneswar,17062025133614_CGHS Rates 2024 Bhubaneswar_.pdf,3,[SS [TOP measirement wih schiow 7,SS [TOP measirement wih schiow,,,7,,,0.5,True
Bhubaneswar,17062025133614_CGHS Rates 2024 Bhubaneswar_.pdf,3,[so TOF measurement with applaion tomomery 0],so TOF measurement with applaion tomomery 0,,,,,,0.35,True
Bhubaneswar,17062025133614_CGHS Rates 2024 Bhubaneswar_.pdf,3,[s0 [Thee misror examinaion for retina | s8| 4,s0 [Thee misror examinaion for retina | s8,,,4,,,0.5,True
Bhubaneswar,17062025133614_CGHS Rates 2024 Bhubaneswar_.pdf,3,[ox [90D ensexaminaion of i,ox [90D ensexaminaion of i,,,,,,0.35,True
Bhubaneswar,17062025133614_CGHS Rates 2024 Bhubaneswar_.pdf,3,[93 [Chatazion incision and curetage mone eye | 400] 40,93 [Chatazion incision and curetage mone eye | 400,,,40,,,0.5,True
Bhubaneswar,17062025133614_CGHS Rates 2024 Bhubaneswar_.pdf,3,[o4—[Chalazion incision and curetage in both eyes [aa] 9,o4—[Chalazion incision and curetage in both eyes [aa,,,9,,,0.5,True
Bhubaneswar,17062025133614_CGHS Rates 2024 Bhubaneswar_.pdf,3,[os [Poss surgery with fasinelaservat procedure | ?300| 2s,os [Poss surgery with fasinelaservat procedure | ?300| 2s,,,,,,0.35,True
Bhubaneswar,17062025133614_CGHS Rates 2024 Bhubaneswar_.pdf,3,[a6 [Poss surgery with LPS resection one [4950] 603,a6 [Poss surgery with LPS resection one [4950,,,603,,,0.5,True
Bhubaneswar,17062025133614_CGHS Rates 2024 Bhubaneswar_.pdf,3,[or [Posi surgery with Sling surgery one id [ 6003] 03,or [Posi surgery with Sling surgery one id [ 6003,,,03,,,0.5,True
Bhubaneswar,17062025133614_CGHS Rates 2024 Bhubaneswar_.pdf,3,[os —[Eewopion surgery-one id i) 1200|,os —[Eewopion surgery-one id i) 1200,,,,,,0.35,True
Bhubaneswar,17062025133614_CGHS Rates 2024 Bhubaneswar_.pdf,3,[oo ——[Fetropion surgery both lds 2500] 75,oo ——[Fetropion surgery both lds 2500,,,75,,,0.5,True
Bhubaneswar,17062025133614_CGHS Rates 2024 Bhubaneswar_.pdf,3,[100 [Epkanthus conrecion | to] a3,100 [Epkanthus conrecion | to] a3,,,,,,0.35,True
Bhubaneswar,17062025133614_CGHS Rates 2024 Bhubaneswar_.pdf,3,[102 [Enropion surgery-oue hd | 130] 1507,102 [Enropion surgery-oue hd | 130,,,1507,,,0.5,True
Bhubaneswar,17062025133614_CGHS Rates 2024 Bhubaneswar_.pdf,3,[103 [Entopion susgery~both ids [| 2000] 200,103 [Entopion susgery~both ids [| 2000,,,200,,,0.5,True
Bhubaneswar,17062025133614_CGHS Rates 2024 Bhubaneswar_.pdf,3,[ios [Tassorraphy 7],ios [Tassorraphy 7,,,,,,0.35,True
Bhubaneswar,17062025133614_CGHS Rates 2024 Bhubaneswar_.pdf,3,[106 [Lid reracion rppair_——————— i) F707] 085,106 [Lid reracion rppair_——————— i) F707,,,085,,,0.5,True
Bhubaneswar,17062025133614_CGHS Rates 2024 Bhubaneswar_.pdf,3,[107 [Conereions removal [18 9,107 [Conereions removal [18,,,9,,,0.5,True
Bhubaneswar,17062025133614_CGHS Rates 2024 Bhubaneswar_.pdf,3,[108 [Bucket handle procedure fori tumors | 348] 207,108 [Bucket handle procedure fori tumors | 348,,,207,,,0.5,True
Bhubaneswar,17062025133614_CGHS Rates 2024 Bhubaneswar_.pdf,3,[109 [chee rotton flap for bd winors [| 6800] 75,109 [chee rotton flap for bd winors [| 6800,,,75,,,0.5,True
Bhubaneswar,17062025133614_CGHS Rates 2024 Bhubaneswar_.pdf,3,[x11 [enucleation [00] 89,x11 [enucleation [00,,,89,,,0.5,True
Bhubaneswar,17062025133614_CGHS Rates 2024 Bhubaneswar_.pdf,3,[112 [nucleation with oral implants and arfical proahess [| 3000] 30,112 [nucleation with oral implants and arfical proahess [| 3000,,,30,,,0.5,True
Bhubaneswar,17062025133614_CGHS Rates 2024 Bhubaneswar_.pdf,3,[its [Telecanthus conection | #68] 57,its [Telecanthus conection | #68,,,57,,,0.5,True
Bhubaneswar,17062025133614_CGHS Rates 2024 Bhubaneswar_.pdf,3,[1x6 Jorbital decompression —————SSSSSSS*i | it,1x6 Jorbital decompression —————SSSSSSS*i | it,,,,,,0.35,True
Bhubaneswar,17062025133614_CGHS Rates 2024 Bhubaneswar_.pdf,3,[117 [exenteration str | 9,117 [exenteration str,,,9,,,0.5,True
Bhubaneswar,17062025133614_CGHS Rates 2024 Bhubaneswar_.pdf,3,[119 [Fracture orbital repair | s20 | ——s5,119 [Fracture orbital repair | s20 | ——s5,,,,,,0.35,True
Bhubaneswar,17062025133614_CGHS Rates 2024 Bhubaneswar_.pdf,3,[x20 [Retinal laser procedures __—————SSSSS~i 800 |,x20 [Retinal laser procedures __—————SSSSS~i 800,,,,,,0.35,True
Bhubaneswar,17062025133614_CGHS Rates 2024 Bhubaneswar_.pdf,3,[121 — [Retinal detachment suey (RDS) ars 00] ——7a225,121 — [Retinal detachment suey (RDS) ars 00] ——7a225,,,,,,0.35,True
Bhubaneswar,17062025133614_CGHS Rates 2024 Bhubaneswar_.pdf,3,[123 [Buckieremoval to] 8,123 [Buckieremoval to,,,8,,,0.5,True
Bhubaneswar,17062025133614_CGHS Rates 2024 Bhubaneswar_.pdf,3,[124 [Silicone oil moval [2520] 09,124 [Silicone oil moval [2520,,,09,,,0.5,True
Bhubaneswar,17062025133614_CGHS Rates 2024 Bhubaneswar_.pdf,3,[125 [Anterior retinal eryopexy P82],125 [Anterior retinal eryopexy P82,,,,,,0.35,True
Bhubaneswar,17062025133614_CGHS Rates 2024 Bhubaneswar_.pdf,3,[126 [Sauint conection for one ye 800 |,126 [Sauint conection for one ye 800,,,,,,0.35,True
Bhubaneswar,17062025133614_CGHS Rates 2024 Bhubaneswar_.pdf,3,[127 [Sauint correction for both eyes 670] 763,127 [Sauint correction for both eyes 670,,,763,,,0.5,True
Bhubaneswar,17062025133614_CGHS Rates 2024 Bhubaneswar_.pdf,3,[i28—[Trabesuteciomy tf,i28—[Trabesuteciomy tf,,,,,,0.35,True
Bhubaneswar,17062025133614_CGHS Rates 2024 Bhubaneswar_.pdf,3,[129 [Trabeculotomy | s2a0] 79,129 [Trabeculotomy | s2a0,,,79,,,0.5,True
Bhubaneswar,17062025133614_CGHS Rates 2024 Bhubaneswar_.pdf,3,[130 [Trabeculectomy wih Taboculotony 98 |r,130 [Trabeculectomy wih Taboculotony 98 |r,,,,,,0.35,True
Bhubaneswar,17062025133614_CGHS Rates 2024 Bhubaneswar_.pdf,3,[138 [Trephinaion i200],138 [Trephinaion i200,,,,,,0.35,True
Bhubaneswar,17062025133614_CGHS Rates 2024 Bhubaneswar_.pdf,3,[is2__[Goniotomy |,is2__[Goniotomy,,,,,,0.35,True
Bhubaneswar,17062025133614_CGHS Rates 2024 Bhubaneswar_.pdf,4,[135 [Glaucoma srgery wih Gaucoma valves | #0 7,135 [Glaucoma srgery wih Gaucoma valves | #0,,,7,,,0.5,True
Bhubaneswar,17062025133614_CGHS Rates 2024 Bhubaneswar_.pdf,4,[134 [Cyelocryotherapy if,134 [Cyelocryotherapy if,,,,,,0.35,True
Bhubaneswar,17062025133614_CGHS Rates 2024 Bhubaneswar_.pdf,4,[138 |YAG laser iridotomy [| ¥500] a3,138 |YAG laser iridotomy [| ¥500] a3,,,,,,0.35,True
Bhubaneswar,17062025133614_CGHS Rates 2024 Bhubaneswar_.pdf,4,[136 [VAG laser capsuloiomy [| toes] 127,136 [VAG laser capsuloiomy [| toes,,,127,,,0.5,True
Bhubaneswar,17062025133614_CGHS Rates 2024 Bhubaneswar_.pdf,4,[137 [ALT-Argoa laser wabecsloplasy [| 1495] 179,137 [ALT-Argoa laser wabecsloplasy [| 1495,,,179,,,0.5,True
Bhubaneswar,17062025133614_CGHS Rates 2024 Bhubaneswar_.pdf,4,[138 [PDT-Phoiodymic herapy | 3450] 09,138 [PDT-Phoiodymic herapy | 3450,,,09,,,0.5,True
Bhubaneswar,17062025133614_CGHS Rates 2024 Bhubaneswar_.pdf,4,[139 [TTT Transpupilay thermal therapy | 3000] 0,139 [TTT Transpupilay thermal therapy | 3000,,,0,,,0.5,True
Bhubaneswar,17062025133614_CGHS Rates 2024 Bhubaneswar_.pdf,4,[140 [PTK-Phototherapenic Kertsiomy [Toa] 00,140 [PTK-Phototherapenic Kertsiomy [Toa,,,00,,,0.5,True
Bhubaneswar,17062025133614_CGHS Rates 2024 Bhubaneswar_.pdf,4,[14 [Argon/diodelser for retinal dettchment [110] 123,14 [Argon/diodelser for retinal dettchment [110,,,123,,,0.5,True
Bhubaneswar,17062025133614_CGHS Rates 2024 Bhubaneswar_.pdf,4,[142 nialse application for erstocomus [| s7s0| 663,142 nialse application for erstocomus [| s7s0,,,663,,,0.5,True
Bhubaneswar,17062025133614_CGHS Rates 2024 Bhubaneswar_.pdf,4,[143 [E0G-eleciro-oculogram i) 800 |,143 [E0G-eleciro-oculogram i) 800,,,,,,0.35,True
Bhubaneswar,17062025133614_CGHS Rates 2024 Bhubaneswar_.pdf,4,[144 [ERG Elesiro-stinogram | 794] 5,144 [ERG Elesiro-stinogram | 794,,,5,,,0.5,True
Bhubaneswar,17062025133614_CGHS Rates 2024 Bhubaneswar_.pdf,4,[145 | VEP- visually evoked potental | 800] #20,145 | VEP- visually evoked potental | 800] #20,,,,,,0.35,True
Bhubaneswar,17062025133614_CGHS Rates 2024 Bhubaneswar_.pdf,4,[x46 [Vitsctomy- pars plang Fs],x46 [Vitsctomy- pars plang Fs,,,,,,0.35,True
Bhubaneswar,17062025133614_CGHS Rates 2024 Bhubaneswar_.pdf,4,[147 [invavitelinjecions- ofanibiomes [#10] 133,147 [invavitelinjecions- ofanibiomes [#10,,,133,,,0.5,True
Bhubaneswar,17062025133614_CGHS Rates 2024 Bhubaneswar_.pdf,4,[148 [lavite! injecions-of Ranibizvmab excluding conoF amg [2700] 09,148 [lavite! injecions-of Ranibizvmab excluding conoF amg [2700,,,09,,,0.5,True
Bhubaneswar,17062025133614_CGHS Rates 2024 Bhubaneswar_.pdf,4,[180 [cr orbitand bain rr%00 |,180 [cr orbitand bain rr%00,,,,,,0.35,True
Bhubaneswar,17062025133614_CGHS Rates 2024 Bhubaneswar_.pdf,4,[xsi [MRI- Orbit and brain} 340] 06,xsi [MRI- Orbit and brain} 340,,,06,,,0.5,True
Bhubaneswar,17062025133614_CGHS Rates 2024 Bhubaneswar_.pdf,4,[is [Dacryocystography [340 say,is [Dacryocystography [340 say,,,,,,0.35,True
Bhubaneswar,17062025133614_CGHS Rates 2024 Bhubaneswar_.pdf,4,[183 [Orbital angio-grphical muds | 1500] a5,183 [Orbital angio-grphical muds | 1500] a5,,,,,,0.35,True
Bhubaneswar,17062025133614_CGHS Rates 2024 Bhubaneswar_.pdf,4,[1s [extracapsular cataract extracion (ECCE) wih TOL [ sts],1s [extracapsular cataract extracion (ECCE) wih TOL [ sts,,,,,,0.35,True
Bhubaneswar,17062025133614_CGHS Rates 2024 Bhubaneswar_.pdf,4,[iss [Swall nssion Cataract Sucgery(SICS) with TOL | 4800] 55,iss [Swall nssion Cataract Sucgery(SICS) with TOL | 4800,,,55,,,0.5,True
Bhubaneswar,17062025133614_CGHS Rates 2024 Bhubaneswar_.pdf,4,[157 [Pars pana Tenseciomy winrwnhow OL sa] 7,157 [Pars pana Tenseciomy winrwnhow OL sa,,,7,,,0.5,True
Bhubaneswar,17062025133614_CGHS Rates 2024 Bhubaneswar_.pdf,4,Secondary IOL implantation- AC IOL PC IOL or scleral 6900 7935),Secondary IOL implantation- AC IOL PC IOL or scleral 6900 7935),,,,,,0.35,True
Bhubaneswar,17062025133614_CGHS Rates 2024 Bhubaneswar_.pdf,4,[260 [Opie nerve shexthoromy | 70a] 63,260 [Opie nerve shexthoromy | 70a,,,63,,,0.5,True
Bhubaneswar,17062025133614_CGHS Rates 2024 Bhubaneswar_.pdf,4,[161 [riodialysis repair or papilay reconstrstion | sooo] 50,161 [riodialysis repair or papilay reconstrstion | sooo,,,50,,,0.5,True
Bhubaneswar,17062025133614_CGHS Rates 2024 Bhubaneswar_.pdf,4,[163 [Lid Abscess incision and Dramage [1700] 1083,163 [Lid Abscess incision and Dramage [1700,,,1083,,,0.5,True
Bhubaneswar,17062025133614_CGHS Rates 2024 Bhubaneswar_.pdf,4,[iss [Orbital Abscess incision and Drainage [| 3000] 0,iss [Orbital Abscess incision and Drainage [| 3000,,,0,,,0.5,True
Bhubaneswar,17062025133614_CGHS Rates 2024 Bhubaneswar_.pdf,4,[is —[Paracentons [| 20] 265,is —[Paracentons [| 20,,,265,,,0.5,True
Bhubaneswar,17062025133614_CGHS Rates 2024 Bhubaneswar_.pdf,4,[167 [Seer graft forsleral meling or perforation | 2800] 320,167 [Seer graft forsleral meling or perforation | 2800,,,320,,,0.5,True
Bhubaneswar,17062025133614_CGHS Rates 2024 Bhubaneswar_.pdf,4,[i6@[Amnioticmembrane grafing ————_——————*Y|—400|,i6@[Amnioticmembrane grafing ————_——————*Y|—400,,,,,,0.35,True
Bhubaneswar,17062025133614_CGHS Rates 2024 Bhubaneswar_.pdf,4,[isp [cyelodiatieomy Sd) 20,isp [cyelodiatieomy Sd),,,20,,,0.5,True
Bhubaneswar,17062025133614_CGHS Rates 2024 Bhubaneswar_.pdf,4,[170 [insaocular foreign body removal [| tor] 9,170 [insaocular foreign body removal [| tor,,,9,,,0.5,True
Bhubaneswar,17062025133614_CGHS Rates 2024 Bhubaneswar_.pdf,4,[ii felecrotysis i 2 |,ii felecrotysis i 2,,,,,,0.35,True
Bhubaneswar,17062025133614_CGHS Rates 2024 Bhubaneswar_.pdf,4,[x72 [Perforating njuy repair #00] 6s,x72 [Perforating njuy repair #00] 6s,,,,,,0.35,True
Bhubaneswar,17062025133614_CGHS Rates 2024 Bhubaneswar_.pdf,4,[173 [Bowlin injection for blepharospasm or squint_—| 2400] 260,173 [Bowlin injection for blepharospasm or squint_—| 2400,,,260,,,0.5,True
Bhubaneswar,17062025133614_CGHS Rates 2024 Bhubaneswar_.pdf,4,[i74 [Flap Operation per quadrant | 360],i74 [Flap Operation per quadrant | 360,,,,,,0.35,True
Bhubaneswar,17062025133614_CGHS Rates 2024 Bhubaneswar_.pdf,5,[175___[Gingivectomy perquadrant 2a 288],175___[Gingivectomy perquadrant 2a 288,,,,,,0.35,True
Bhubaneswar,17062025133614_CGHS Rates 2024 Bhubaneswar_.pdf,5,[178 __[Splints/Circummandibular wiring underLA Tt 8,178 __[Splints/Circummandibular wiring underLA Tt,,,8,,,0.5,True
Bhubaneswar,17062025133614_CGHS Rates 2024 Bhubaneswar_.pdf,5,[179 __[splintsCircummandibular wiring underGA fgg 139],179 __[splintsCircummandibular wiring underGA fgg 139,,,,,,0.35,True
Bhubaneswar,17062025133614_CGHS Rates 2024 Bhubaneswar_.pdf,5,[180 [Internal wire fixation/plate fixation of MaxillaunderLA | 3000[ 3480],180 [Internal wire fixation/plate fixation of MaxillaunderLA | 3000[ 3480,,,,,,0.35,True
Bhubaneswar,17062025133614_CGHS Rates 2024 Bhubaneswar_.pdf,5,[181 [Internal wite fixation/plate fixation of Maxilla under GA [4o00[ 4800],181 [Internal wite fixation/plate fixation of Maxilla under GA [4o00[ 4800,,,,,,0.35,True
Bhubaneswar,17062025133614_CGHS Rates 2024 Bhubaneswar_.pdf,5,[182 [Internal wire fixation/plate fixation of MandibleunderLA | 3800[ 4025),182 [Internal wire fixation/plate fixation of MandibleunderLA | 3800[ 4025),,,,,,0.35,True
Bhubaneswar,17062025133614_CGHS Rates 2024 Bhubaneswar_.pdf,5,[183 [Internal wite fixation/plate fixation of Mandible under GA [42s0[ 4888],183 [Internal wite fixation/plate fixation of Mandible under GA [42s0[ 4888,,,,,,0.35,True
Bhubaneswar,17062025133614_CGHS Rates 2024 Bhubaneswar_.pdf,5,[184 [Extraction pertoothunderLA got,184 [Extraction pertoothunderLA got,,,,,,0.35,True
Bhubaneswar,17062025133614_CGHS Rates 2024 Bhubaneswar_.pdf,5,[185 [Complicated Extraction perToothunderLA [tf 85],185 [Complicated Extraction perToothunderLA [tf 85,,,,,,0.35,True
Bhubaneswar,17062025133614_CGHS Rates 2024 Bhubaneswar_.pdf,5,[186 [Extraction ofimpacted toothundesLA T1018,186 [Extraction ofimpacted toothundesLA T1018,,,,,,0.35,True
Bhubaneswar,17062025133614_CGHS Rates 2024 Bhubaneswar_.pdf,5,187 Extraction in mentally retarded/patients with systemic 1080,187 Extraction in mentally retarded/patients with systemic,,,1080,,,0.5,True
Bhubaneswar,17062025133614_CGHS Rates 2024 Bhubaneswar_.pdf,5,188 Cyst & tumour of Maxilla /mandible by enucleation/,188 Cyst & tumour of Maxilla /mandible by enucleation/,,,,,,0.35,True
Bhubaneswar,17062025133614_CGHS Rates 2024 Bhubaneswar_.pdf,5,Cyst & tumour of Maxilla / mandible by enucleation / 467,Cyst & tumour of Maxilla / mandible by enucleation /,,,467,,,0.5,True
Bhubaneswar,17062025133614_CGHS Rates 2024 Bhubaneswar_.pdf,5,enucleation/excision/marsupialisation size more than 4 cms under,enucleation/excision/marsupialisation size more than 4 cms under,,,,,,0.35,True
Bhubaneswar,17062025133614_CGHS Rates 2024 Bhubaneswar_.pdf,5,[191 [TM jointankylosis-underGA 7500] 8825),191 [TM jointankylosis-underGA 7500] 8825),,,,,,0.35,True
Bhubaneswar,17062025133614_CGHS Rates 2024 Bhubaneswar_.pdf,5,[192 [Biopsy Intraoral-Softtisue Tat 480},192 [Biopsy Intraoral-Softtisue Tat 480},,,,,,0.35,True
Bhubaneswar,17062025133614_CGHS Rates 2024 Bhubaneswar_.pdf,5,[193 [Biopsy Intraoral-Bone aa 0},193 [Biopsy Intraoral-Bone aa 0},,,,,,0.35,True
Bhubaneswar,17062025133614_CGHS Rates 2024 Bhubaneswar_.pdf,5,[195 [Hemi-mandibulectomy without graft ta 90021735],195 [Hemi-mandibulectomy without graft ta 90021735,,,,,,0.35,True
Bhubaneswar,17062025133614_CGHS Rates 2024 Bhubaneswar_.pdf,5,[196 __|[Segmental-mandibulectomy with graft 3400] 3910},196 __|[Segmental-mandibulectomy with graft 3400] 3910},,,,,,0.35,True
Bhubaneswar,17062025133614_CGHS Rates 2024 Bhubaneswar_.pdf,5,[197 __[Segmental-mandibulectomy without graft | 90] 1139),197 __[Segmental-mandibulectomy without graft | 90] 1139),,,,,,0.35,True
Bhubaneswar,17062025133614_CGHS Rates 2024 Bhubaneswar_.pdf,5,[198 ___[Maxillectomy- Total with grat 2500] 2875],198 ___[Maxillectomy- Total with grat 2500] 2875,,,,,,0.35,True
Bhubaneswar,17062025133614_CGHS Rates 2024 Bhubaneswar_.pdf,5,[199 [Maxillectomy-Totalwithoutgraft | t758[ 2018],199 [Maxillectomy-Totalwithoutgraft | t758[ 2018,,,,,,0.35,True
Bhubaneswar,17062025133614_CGHS Rates 2024 Bhubaneswar_.pdf,5,[200___[Maxillectomy- partial with graft s000[ 8480},200___[Maxillectomy- partial with graft s000[ 8480},,,,,,0.35,True
Bhubaneswar,17062025133614_CGHS Rates 2024 Bhubaneswar_.pdf,5,[201 ___[Maxillectomy- partial without graft T2800] 2875),201 ___[Maxillectomy- partial without graft T2800] 2875),,,,,,0.35,True
Bhubaneswar,17062025133614_CGHS Rates 2024 Bhubaneswar_.pdf,5,Release of fibrous bands & grafting -in (OSMF) treatment under 1725),Release of fibrous bands & grafting -in (OSMF) treatment under 1725),,,,,,0.35,True
Bhubaneswar,17062025133614_CGHS Rates 2024 Bhubaneswar_.pdf,5,[203 __[Pre-prosthetic surgery: Alveoloplasty __—[500f 875],203 __[Pre-prosthetic surgery: Alveoloplasty __—[500f 875,,,,,,0.35,True
Bhubaneswar,17062025133614_CGHS Rates 2024 Bhubaneswar_.pdf,5,[204 [Pre-prosthetic surgery ridge augmentation [| 4200[ 1380],204 [Pre-prosthetic surgery ridge augmentation [| 4200[ 1380,,,,,,0.35,True
Bhubaneswar,17062025133614_CGHS Rates 2024 Bhubaneswar_.pdf,5,[208 [Root canal Treatment(RCT) Anterior teeth(per tooth) [500] 875],208 [Root canal Treatment(RCT) Anterior teeth(per tooth) [500] 875,,,,,,0.35,True
Bhubaneswar,17062025133614_CGHS Rates 2024 Bhubaneswar_.pdf,5,[206 [Root canal Treatment(RCT) Posterior teeth (pertooth) [700] 805],206 [Root canal Treatment(RCT) Posterior teeth (pertooth) [700] 805,,,,,,0.35,True
Bhubaneswar,17062025133614_CGHS Rates 2024 Bhubaneswar_.pdf,5,[207 ___[Apicocctomy-Singieroot T5008,207 ___[Apicocctomy-Singieroot T5008,,,,,,0.35,True
Bhubaneswar,17062025133614_CGHS Rates 2024 Bhubaneswar_.pdf,5,208 [Apicoectomy-Multipleroots T8078,208 [Apicoectomy-Multipleroots T8078,,,,,,0.35,True
Bhubaneswar,17062025133614_CGHS Rates 2024 Bhubaneswar_.pdf,5,[209 [Metal Crown-perwnit sof 88],209 [Metal Crown-perwnit sof 88,,,,,,0.35,True
Bhubaneswar,17062025133614_CGHS Rates 2024 Bhubaneswar_.pdf,5,[210 [Metal Crown with Acrylic facing perunit | 008085],210 [Metal Crown with Acrylic facing perunit | 008085,,,,,,0.35,True
Bhubaneswar,17062025133614_CGHS Rates 2024 Bhubaneswar_.pdf,5,[211 [Complete single denture-metal based 85001725],211 [Complete single denture-metal based 85001725,,,,,,0.35,True
Bhubaneswar,17062025133614_CGHS Rates 2024 Bhubaneswar_.pdf,6,[212 [Compict dentre-acqyle based perareh S|,212 [Compict dentre-acqyle based perareh S,,,,,,0.35,True
Bhubaneswar,17062025133614_CGHS Rates 2024 Bhubaneswar_.pdf,6,[213 [Removable partial dentire-Metal ased-upto 3 eth [700 #03,213 [Removable partial dentire-Metal ased-upto 3 eth [700 #03,,,,,,0.35,True
Bhubaneswar,17062025133614_CGHS Rates 2024 Bhubaneswar_.pdf,6,[218 [Removable partial dewtare-Acrylie based-upto teeth ——~[——480i =,218 [Removable partial dewtare-Acrylie based-upto teeth ——~[——480i =,,,,,,0.35,True
Bhubaneswar,17062025133614_CGHS Rates 2024 Bhubaneswar_.pdf,6,216 Removable partial denture-Acrylic based-more than 3 teeth,216 Removable partial denture-Acrylic based-more than 3 teeth,,,,,,0.35,True
Bhubaneswar,17062025133614_CGHS Rates 2024 Bhubaneswar_.pdf,6,[ars [Composite Resioraton-per tootianterortooth [| _2s0[ 29,ars [Composite Resioraton-per tootianterortooth [| _2s0,,,29,,,0.5,True
Bhubaneswar,17062025133614_CGHS Rates 2024 Bhubaneswar_.pdf,6,[219 [Gtsssonomer filingeper tooth Si t0| ae,219 [Gtsssonomer filingeper tooth Si t0| ae,,,,,,0.35,True
Bhubaneswar,17062025133614_CGHS Rates 2024 Bhubaneswar_.pdf,6,[220 [Scaling & potishing SSCS CSCC,220 [Scaling & potishing SSCS CSCC,,,,,,0.35,True
Bhubaneswar,17062025133614_CGHS Rates 2024 Bhubaneswar_.pdf,6,[221 [Removable Onhodonties appliance perAsch [roo] #09,221 [Removable Onhodonties appliance perAsch [roo] #09,,,,,,0.35,True
Bhubaneswar,17062025133614_CGHS Rates 2024 Bhubaneswar_.pdf,6,[222 [Fixed Ortiodontceper arch ————————SSSCSCSCSC~i SSCS,222 [Fixed Ortiodontceper arch ————————SSSCSCSCSC~i SSCS,,,,,,0.35,True
Bhubaneswar,17062025133614_CGHS Rates 2024 Bhubaneswar_.pdf,6,[223 [speve masinsinersFixed SSCS Cfo,223 [speve masinsinersFixed SSCS Cfo,,,,,,0.35,True
Bhubaneswar,17062025133614_CGHS Rates 2024 Bhubaneswar_.pdf,6,[224 [Habit breaking spplisneezremovable—————S—~i ~~~ | Ci,224 [Habit breaking spplisneezremovable—————S—~i ~~~ | Ci,,,,,,0.35,True
Bhubaneswar,17062025133614_CGHS Rates 2024 Bhubaneswar_.pdf,6,[225 [iabiebreaking appfianees Fined _————~—~—SCSCSC~C~S—Ss 0 a,225 [iabiebreaking appfianees Fined _————~—~—SCSCSC~C~S—Ss 0 a,,,,,,0.35,True
Bhubaneswar,17062025133614_CGHS Rates 2024 Bhubaneswar_.pdf,6,[226 [Expansion plate SSCS tof,226 [Expansion plate SSCS tof,,,,,,0.35,True
Bhubaneswar,17062025133614_CGHS Rates 2024 Bhubaneswar_.pdf,6,[227 [Feeding appliance forcleRipalte [1500] as,227 [Feeding appliance forcleRipalte [1500] as,,,,,,0.35,True
Bhubaneswar,17062025133614_CGHS Rates 2024 Bhubaneswar_.pdf,6,[229 [Functional orthodontic appliances ———S—SCSC~C~CSC~SSC~« «a,229 [Functional orthodontic appliances ———S—SCSC~C~CSC~SSC~« «a,,,,,,0.35,True
Bhubaneswar,17062025133614_CGHS Rates 2024 Bhubaneswar_.pdf,6,[230 [Obwrator (Maxillofacial) ——————————SSSSS—i rao |,230 [Obwrator (Maxillofacial) ——————————SSSSS—i rao,,,,,,0.35,True
Bhubaneswar,17062025133614_CGHS Rates 2024 Bhubaneswar_.pdf,6,[231 [Occlvsa night guardtaping) ~~ ~———ifo| i,231 [Occlvsa night guardtaping) ~~ ~———ifo| i,,,,,,0.35,True
Bhubaneswar,17062025133614_CGHS Rates 2024 Bhubaneswar_.pdf,6,[252 [Pure Tone audiogram i a,252 [Pure Tone audiogram i a,,,,,,0.35,True
Bhubaneswar,17062025133614_CGHS Rates 2024 Bhubaneswar_.pdf,6,[233 [impedence with sepedeatrefieg ———S—SCSC~CS ~~,233 [impedence with sepedeatrefieg ———S—SCSC~CS ~~,,,,,,0.35,True
Bhubaneswar,17062025133614_CGHS Rates 2024 Bhubaneswar_.pdf,6,[23s [short tacrementSensivigy Index (SIS Tone Desay [| _132| 129,23s [short tacrementSensivigy Index (SIS Tone Desay [| _132,,,129,,,0.5,True
Bhubaneswar,17062025133614_CGHS Rates 2024 Bhubaneswar_.pdf,6,[23s [Multiple hearing assesmenttestio Adult|,23s [Multiple hearing assesmenttestio Adult,,,,,,0.35,True
Bhubaneswar,17062025133614_CGHS Rates 2024 Bhubaneswar_.pdf,6,[236 [Speech Discrimination Scored | rr,236 [Speech Discrimination Scored | rr,,,,,,0.35,True
Bhubaneswar,17062025133614_CGHS Rates 2024 Bhubaneswar_.pdf,6,[237 [Speesirassssment i taf,237 [Speesirassssment i taf,,,,,,0.35,True
Bhubaneswar,17062025133614_CGHS Rates 2024 Bhubaneswar_.pdf,6,[238 [Speech therapy per sesion of 30i0 minutes [tao] 1,238 [Speech therapy per sesion of 30i0 minutes [tao,,,1,,,0.5,True
Bhubaneswar,17062025133614_CGHS Rates 2024 Bhubaneswar_.pdf,6,[239 [Cold Calorie Test for Vestbular function i) ———t2|,239 [Cold Calorie Test for Vestbular function i) ———t2,,,,,,0.35,True
Bhubaneswar,17062025133614_CGHS Rates 2024 Bhubaneswar_.pdf,6,[240 [Removal oF foreign body From Nose ra],240 [Removal oF foreign body From Nose ra,,,,,,0.35,True
Bhubaneswar,17062025133614_CGHS Rates 2024 Bhubaneswar_.pdf,6,[2s [Removal of foreign body From Ear —————S—S—SS—~i S|,2s [Removal of foreign body From Ear —————S—S—SS—~i S,,,,,,0.35,True
Bhubaneswar,17062025133614_CGHS Rates 2024 Bhubaneswar_.pdf,6,[a2 [Springing x) tr] rt,a2 [Springing x) tr] rt,,,,,,0.35,True
Bhubaneswar,17062025133614_CGHS Rates 2024 Bhubaneswar_.pdf,6,[243 [PoWyp removal undertA SSCS |,243 [PoWyp removal undertA SSCS,,,,,,0.35,True
Bhubaneswar,17062025133614_CGHS Rates 2024 Bhubaneswar_.pdf,6,[248 _[Polyp removal under GA —————SS—i——o| re,248 _[Polyp removal under GA —————SS—i——o| re,,,,,,0.35,True
Bhubaneswar,17062025133614_CGHS Rates 2024 Bhubaneswar_.pdf,6,[as7_[Staspedectomy ~~ 0| ——ao,as7_[Staspedectomy ~~ 0| ——ao,,,,,,0.35,True
Bhubaneswar,17062025133614_CGHS Rates 2024 Bhubaneswar_.pdf,6,[2s [Myringotomy with Grommet iseriou [#600] 200,2s [Myringotomy with Grommet iseriou [#600,,,200,,,0.5,True
Bhubaneswar,17062025133614_CGHS Rates 2024 Bhubaneswar_.pdf,6,[as9[Tympanoomy SS SSSSSSCSC*dSSCSC~«é |,as9[Tympanoomy SS SSSSSSCSC*dSSCSC~«é,,,,,,0.35,True
Bhubaneswar,17062025133614_CGHS Rates 2024 Bhubaneswar_.pdf,6,[2s0 [tympanoplasty (138200 | 880,2s0 [tympanoplasty (138200,,,880,,,0.5,True
Bhubaneswar,17062025133614_CGHS Rates 2024 Bhubaneswar_.pdf,6,[2s1[Mastoidestomy ——_—————————S—~i 2s —,2s1[Mastoidestomy ——_—————————S—~i 2s —,,,,,,0.35,True
Bhubaneswar,17062025133614_CGHS Rates 2024 Bhubaneswar_.pdf,6,[2s2—[ovoptasty Pt 100| 0,2s2—[ovoptasty Pt 100,,,0,,,0.5,True
Bhubaneswar,17062025133614_CGHS Rates 2024 Bhubaneswar_.pdf,6,[2s [skull Base surgery ——————SSSSSSSSS*i 2500 | a,2s [skull Base surgery ——————SSSSSSSSS*i 2500 | a,,,,,,0.35,True
Bhubaneswar,17062025133614_CGHS Rates 2024 Bhubaneswar_.pdf,6,[ass [Facial Nerve Decompresion [| 4720] 10a,ass [Facial Nerve Decompresion [| 4720] 10a,,,,,,0.35,True
Bhubaneswar,17062025133614_CGHS Rates 2024 Bhubaneswar_.pdf,6,[as7_[SubmucousRewecion SSCS CS ta| re,as7_[SubmucousRewecion SSCS CS ta| re,,,,,,0.35,True
Bhubaneswar,17062025133614_CGHS Rates 2024 Bhubaneswar_.pdf,7,[258 [Septo-rhinoplasty tT 18515),258 [Septo-rhinoplasty tT 18515),,,,,,0.35,True
Bhubaneswar,17062025133614_CGHS Rates 2024 Bhubaneswar_.pdf,7,[259 [Rhinoplasty-Non-cosmetic TBO] 13225),259 [Rhinoplasty-Non-cosmetic TBO] 13225),,,,,,0.35,True
Bhubaneswar,17062025133614_CGHS Rates 2024 Bhubaneswar_.pdf,7,[260 [Fracture Reduction of NasalBone |S] 4888),260 [Fracture Reduction of NasalBone |S] 4888),,,,,,0.35,True
Bhubaneswar,17062025133614_CGHS Rates 2024 Bhubaneswar_.pdf,7,[261 [Intranasal Diathermy SOT 1825),261 [Intranasal Diathermy SOT 1825),,,,,,0.35,True
Bhubaneswar,17062025133614_CGHS Rates 2024 Bhubaneswar_.pdf,7,[262 [Turbinectomy OT 50f 6813],262 [Turbinectomy OT 50f 6813,,,,,,0.35,True
Bhubaneswar,17062025133614_CGHS Rates 2024 Bhubaneswar_.pdf,7,[263 [Endoscopic Dacryocystorhinostomy (DCR) | 1300] 14950],263 [Endoscopic Dacryocystorhinostomy (DCR) | 1300] 14950,,,,,,0.35,True
Bhubaneswar,17062025133614_CGHS Rates 2024 Bhubaneswar_.pdf,7,[265 [Septal Perforation Repair 88800] 18870,265 [Septal Perforation Repair 88800,,,18870,,,0.5,True
Bhubaneswar,17062025133614_CGHS Rates 2024 Bhubaneswar_.pdf,7,[266 [AnirumPunctwe 980] 1095),266 [AnirumPunctwe 980] 1095),,,,,,0.35,True
Bhubaneswar,17062025133614_CGHS Rates 2024 Bhubaneswar_.pdf,7,[267 [Lateral Rhinotomy T0150},267 [Lateral Rhinotomy T0150},,,,,,0.35,True
Bhubaneswar,17062025133614_CGHS Rates 2024 Bhubaneswar_.pdf,7,[268 [Cranio-facial resection 25500] 29525),268 [Cranio-facial resection 25500] 29525),,,,,,0.35,True
Bhubaneswar,17062025133614_CGHS Rates 2024 Bhubaneswar_.pdf,7,Caldwell Lue Surgery (Radical Antrostomy for maxillary 10626,Caldwell Lue Surgery (Radical Antrostomy for maxillary,,,10626,,,0.5,True
Bhubaneswar,17062025133614_CGHS Rates 2024 Bhubaneswar_.pdf,7,[270 __[AngiofibromaExcision T7000] 19580],270 __[AngiofibromaExcision T7000] 19580,,,,,,0.35,True
Bhubaneswar,17062025133614_CGHS Rates 2024 Bhubaneswar_.pdf,7,[271 [Endoscopic Hypophysectomy | 2t500f 28725],271 [Endoscopic Hypophysectomy | 2t500f 28725,,,,,,0.35,True
Bhubaneswar,17062025133614_CGHS Rates 2024 Bhubaneswar_.pdf,7,[273 [Decompression of Orbit 25500] 203285],273 [Decompression of Orbit 25500] 203285,,,,,,0.35,True
Bhubaneswar,17062025133614_CGHS Rates 2024 Bhubaneswar_.pdf,7,[275 [Tonsillectomy 50008780],275 [Tonsillectomy 50008780,,,,,,0.35,True
Bhubaneswar,17062025133614_CGHS Rates 2024 Bhubaneswar_.pdf,7,[276 [Uvulo-palatoplaay «iY 000 | ra,276 [Uvulo-palatoplaay «iY 000 | ra,,,,,,0.35,True
Bhubaneswar,17062025133614_CGHS Rates 2024 Bhubaneswar_.pdf,7,[280 __[Polyp removal Nose(Septal polyp) | 748] 880],280 __[Polyp removal Nose(Septal polyp) | 748] 880,,,,,,0.35,True
Bhubaneswar,17062025133614_CGHS Rates 2024 Bhubaneswar_.pdf,7,[282 [Endolymphatic sac decompression | 2875] 3208],282 [Endolymphatic sac decompression | 2875] 3208,,,,,,0.35,True
Bhubaneswar,17062025133614_CGHS Rates 2024 Bhubaneswar_.pdf,7,[283 [Diagnostic endoscopyunderGA T2070 2881],283 [Diagnostic endoscopyunderGA T2070 2881,,,,,,0.35,True
Bhubaneswar,17062025133614_CGHS Rates 2024 Bhubaneswar_.pdf,7,[285 [Vidian neurectomy for vasomotor Rhinitis | 0350] 11903,285 [Vidian neurectomy for vasomotor Rhinitis | 0350,,,11903,,,0.5,True
Bhubaneswar,17062025133614_CGHS Rates 2024 Bhubaneswar_.pdf,7,[286 [Nasal Packing-anterior 8,286 [Nasal Packing-anterior,,,8,,,0.5,True
Bhubaneswar,17062025133614_CGHS Rates 2024 Bhubaneswar_.pdf,7,[2¢7 [Nasal Packing-posterior | 805] ____ 33,2¢7 [Nasal Packing-posterior | 805] ____,,,33,,,0.5,True
Bhubaneswar,17062025133614_CGHS Rates 2024 Bhubaneswar_.pdf,7,[289 [Tongue Tie excision SSS 0a,289 [Tongue Tie excision SSS 0a,,,,,,0.35,True
Bhubaneswar,17062025133614_CGHS Rates 2024 Bhubaneswar_.pdf,7,[290 [Sub Mandibular DuctLithotomy 260308,290 [Sub Mandibular DuctLithotomy,,,260308,,,0.5,True
Bhubaneswar,17062025133614_CGHS Rates 2024 Bhubaneswar_.pdf,7,[292 [Palatopharyngoplasty Tt] 8390,292 [Palatopharyngoplasty Tt,,,8390,,,0.5,True
Bhubaneswar,17062025133614_CGHS Rates 2024 Bhubaneswar_.pdf,7,[204 [Styloidectomy 820010580],204 [Styloidectomy 820010580,,,,,,0.35,True
Bhubaneswar,17062025133614_CGHS Rates 2024 Bhubaneswar_.pdf,7,[295 [Direct laryngoscopy including Biopsy under GAT 5000] 8750],295 [Direct laryngoscopy including Biopsy under GAT 5000] 8750,,,,,,0.35,True
Bhubaneswar,17062025133614_CGHS Rates 2024 Bhubaneswar_.pdf,7,[297 [Bronchoscopy with foreign body (FB) removal | 2438| 2804],297 [Bronchoscopy with foreign body (FB) removal | 2438| 2804,,,,,,0.35,True
Bhubaneswar,17062025133614_CGHS Rates 2024 Bhubaneswar_.pdf,7,[298 [Other Major Surgery 80018525),298 [Other Major Surgery 80018525),,,,,,0.35,True
Bhubaneswar,17062025133614_CGHS Rates 2024 Bhubaneswar_.pdf,7,[299 other Minor Surgery Tso 8708],299 other Minor Surgery Tso 8708,,,,,,0.35,True
Bhubaneswar,17062025133614_CGHS Rates 2024 Bhubaneswar_.pdf,8,[300 [EarLobeRepaironeside CT SOOT 8B,300 [EarLobeRepaironeside CT SOOT 8B,,,,,,0.35,True
Bhubaneswar,17062025133614_CGHS Rates 2024 Bhubaneswar_.pdf,8,[303 [Partial Amputation ofPinna TSO 5175],303 [Partial Amputation ofPinna TSO 5175,,,,,,0.35,True
Bhubaneswar,17062025133614_CGHS Rates 2024 Bhubaneswar_.pdf,8,[304 [Total Amputation of Pinna | 2007830),304 [Total Amputation of Pinna | 2007830),,,,,,0.35,True
Bhubaneswar,17062025133614_CGHS Rates 2024 Bhubaneswar_.pdf,8,[306 [Excision of CysticHygroma Taf 888],306 [Excision of CysticHygroma Taf 888,,,,,,0.35,True
Bhubaneswar,17062025133614_CGHS Rates 2024 Bhubaneswar_.pdf,8,[308 [Excision of Branchial cyst ts 11903),308 [Excision of Branchial cyst ts 11903),,,,,,0.35,True
Bhubaneswar,17062025133614_CGHS Rates 2024 Bhubaneswar_.pdf,8,[309 | Excision of Branchial Simms 10350] 11903,309 | Excision of Branchial Simms 10350,,,11903,,,0.5,True
Bhubaneswar,17062025133614_CGHS Rates 2024 Bhubaneswar_.pdf,8,[310 [Excision of Pharyngeal Diverticulum tsa 12467],310 [Excision of Pharyngeal Diverticulum tsa 12467,,,,,,0.35,True
Bhubaneswar,17062025133614_CGHS Rates 2024 Bhubaneswar_.pdf,8,[311 [Excision of Carotid Body-Tumours | __t16a5| 1337,311 [Excision of Carotid Body-Tumours | __t16a5,,,1337,,,0.5,True
Bhubaneswar,17062025133614_CGHS Rates 2024 Bhubaneswar_.pdf,8,[312 [Operation for Cervical Rib 1250014575],312 [Operation for Cervical Rib 1250014575,,,,,,0.35,True
Bhubaneswar,17062025133614_CGHS Rates 2024 Bhubaneswar_.pdf,8,[313 [Block Dissection of Cervical Lymph Nodes | t5000[ 17250,313 [Block Dissection of Cervical Lymph Nodes | t5000,,,17250,,,0.5,True
Bhubaneswar,17062025133614_CGHS Rates 2024 Bhubaneswar_.pdf,8,[314 [Pheryngestomy & Reconstuction | 13500] 18825],314 [Pheryngestomy & Reconstuction | 13500] 18825,,,,,,0.35,True
Bhubaneswar,17062025133614_CGHS Rates 2024 Bhubaneswar_.pdf,8,[315 [Operation for Carcinoma Lip- Wedge-Excision | 8080] 9258),315 [Operation for Carcinoma Lip- Wedge-Excision | 8080] 9258),,,,,,0.35,True
Bhubaneswar,17062025133614_CGHS Rates 2024 Bhubaneswar_.pdf,8,[316 [Operation for Carcinoma Lip -Vermilionectomy | S70 6822,316 [Operation for Carcinoma Lip -Vermilionectomy | S70,,,6822,,,0.5,True
Bhubaneswar,17062025133614_CGHS Rates 2024 Bhubaneswar_.pdf,8,"317 Operation for Carcinoma Lip - Wedge Excision and 10686,",317 Operation for Carcinoma Lip - Wedge Excision and,,,10686,,,0.5,True
Bhubaneswar,17062025133614_CGHS Rates 2024 Bhubaneswar_.pdf,8,[319 [Abbe Operation (Abbe flap in plastic surgery of lips) | 9800] 11270,319 [Abbe Operation (Abbe flap in plastic surgery of lips) | 9800,,,11270,,,0.5,True
Bhubaneswar,17062025133614_CGHS Rates 2024 Bhubaneswar_.pdf,8,[320 [Cheek Advancement Tf 112],320 [Cheek Advancement Tf 112,,,,,,0.35,True
Bhubaneswar,17062025133614_CGHS Rates 2024 Bhubaneswar_.pdf,8,[321___ [Excision ofthe Maxilla TC t9820[ 22218),321___ [Excision ofthe Maxilla TC t9820[ 22218),,,,,,0.35,True
Bhubaneswar,17062025133614_CGHS Rates 2024 Bhubaneswar_.pdf,8,[322 [Excision of mandible-segmental | 18525] 17884],322 [Excision of mandible-segmental | 18525] 17884,,,,,,0.35,True
Bhubaneswar,17062025133614_CGHS Rates 2024 Bhubaneswar_.pdf,8,[323 [Mandibulectomy Tt 28150),323 [Mandibulectomy Tt 28150),,,,,,0.35,True
Bhubaneswar,17062025133614_CGHS Rates 2024 Bhubaneswar_.pdf,8,[324 [Partial Glossectomy CT 8820f 8a,324 [Partial Glossectomy CT 8820f 8a,,,,,,0.35,True
Bhubaneswar,17062025133614_CGHS Rates 2024 Bhubaneswar_.pdf,8,[326 [Total Glossectomy Ts] 28318),326 [Total Glossectomy Ts] 28318),,,,,,0.35,True
Bhubaneswar,17062025133614_CGHS Rates 2024 Bhubaneswar_.pdf,8,327 Combined Mandibulectomy and Neck Dissection Operation,327 Combined Mandibulectomy and Neck Dissection Operation,,,,,,0.35,True
Bhubaneswar,17062025133614_CGHS Rates 2024 Bhubaneswar_.pdf,8,[528 [Paroideciomy - Supertcal | 207s],528 [Paroideciomy - Supertcal | 207s,,,,,,0.35,True
Bhubaneswar,17062025133614_CGHS Rates 2024 Bhubaneswar_.pdf,8,[329 [Parotideciomy-Total CT 18500[ 15525],329 [Parotideciomy-Total CT 18500[ 15525,,,,,,0.35,True
Bhubaneswar,17062025133614_CGHS Rates 2024 Bhubaneswar_.pdf,8,[330 [Parotideciomy Radical 19550] 22883),330 [Parotideciomy Radical 19550] 22883),,,,,,0.35,True
Bhubaneswar,17062025133614_CGHS Rates 2024 Bhubaneswar_.pdf,8,[331 [Repair of Parotid Duct TSO] 1225),331 [Repair of Parotid Duct TSO] 1225),,,,,,0.35,True
Bhubaneswar,17062025133614_CGHS Rates 2024 Bhubaneswar_.pdf,8,[332 [Removal of Submandibular Salivary gland | 8625| 9929,332 [Removal of Submandibular Salivary gland | 8625,,,9929,,,0.5,True
Bhubaneswar,17062025133614_CGHS Rates 2024 Bhubaneswar_.pdf,8,[333 [Hemithyroidectomy E800 10025,333 [Hemithyroidectomy E800,,,10025,,,0.5,True
Bhubaneswar,17062025133614_CGHS Rates 2024 Bhubaneswar_.pdf,8,[334 [Partial Thyroidectomy lobectomy) tS 132285),334 [Partial Thyroidectomy lobectomy) tS 132285),,,,,,0.35,True
Bhubaneswar,17062025133614_CGHS Rates 2024 Bhubaneswar_.pdf,8,[335___[Subtotal Thyroidectomy T8083] 80TH],335___[Subtotal Thyroidectomy T8083] 80TH,,,,,,0.35,True
Bhubaneswar,17062025133614_CGHS Rates 2024 Bhubaneswar_.pdf,8,[536 [Toul Tnyroidestomy | 19000] 70,536 [Toul Tnyroidestomy | 19000,,,70,,,0.5,True
Bhubaneswar,17062025133614_CGHS Rates 2024 Bhubaneswar_.pdf,9,[E37 [Resection Enucleation of thyroid Adenoma | _10se0| 1217],E37 [Resection Enucleation of thyroid Adenoma | _10se0| 1217,,,,,,0.35,True
Bhubaneswar,17062025133614_CGHS Rates 2024 Bhubaneswar_.pdf,9,[338 [Total Thyroidestomy and Block Dasecon | 2640 soa],338 [Total Thyroidestomy and Block Dasecon | 2640 soa,,,,,,0.35,True
Bhubaneswar,17062025133614_CGHS Rates 2024 Bhubaneswar_.pdf,9,[339 [Excision of Lingual Toysoid SS SSSSCSCS~CSCS~«s WD |C«,339 [Excision of Lingual Toysoid SS SSSSCSCS~CSCS~«s WD |C«,,,,,,0.35,True
Bhubaneswar,17062025133614_CGHS Rates 2024 Bhubaneswar_.pdf,9,[340 [Excision of Thyroglowal GyaiFiswla | _13225| 120],340 [Excision of Thyroglowal GyaiFiswla | _13225| 120,,,,,,0.35,True
Bhubaneswar,17062025133614_CGHS Rates 2024 Bhubaneswar_.pdf,9,[341 [Excision of Parathyroid AdenomalCarcinoma | 24275 >a],341 [Excision of Parathyroid AdenomalCarcinoma | 24275 >a,,,,,,0.35,True
Bhubaneswar,17062025133614_CGHS Rates 2024 Bhubaneswar_.pdf,9,[s4z[Layngeciomy —SSSSSSSCS*d S|,s4z[Layngeciomy —SSSSSSSCS*d S,,,,,,0.35,True
Bhubaneswar,17062025133614_CGHS Rates 2024 Bhubaneswar_.pdf,9,[343 [Caryngo Pharyngectomy | 27000| soso],343 [Caryngo Pharyngectomy | 27000| soso,,,,,,0.35,True
Bhubaneswar,17062025133614_CGHS Rates 2024 Bhubaneswar_.pdf,9,[34s [tivoid suspension *Y 10380] «|,34s [tivoid suspension *Y 10380] «,,,,,,0.35,True
Bhubaneswar,17062025133614_CGHS Rates 2024 Bhubaneswar_.pdf,9,[ss [Genioplaty | 42000 1300],ss [Genioplaty | 42000 1300,,,,,,0.35,True
Bhubaneswar,17062025133614_CGHS Rates 2024 Bhubaneswar_.pdf,9,[346 [Direct Laryngossopy imchding biopsy under GA —————~|——1T5| =,346 [Direct Laryngossopy imchding biopsy under GA —————~|——1T5| =,,,,,,0.35,True
Bhubaneswar,17062025133614_CGHS Rates 2024 Bhubaneswar_.pdf,9,[348 _[Fibreoptic examination of Larynx (FOL) underEA———~«|——=*725|_——«t,348 _[Fibreoptic examination of Larynx (FOL) underEA———~«|——=*725|_——«t,,,,,,0.35,True
Bhubaneswar,17062025133614_CGHS Rates 2024 Bhubaneswar_.pdf,9,[249 [Misrolaryageal Surgery —————SSSSCS*i SSRs |,249 [Misrolaryageal Surgery —————SSSSCS*i SSRs,,,,,,0.35,True
Bhubaneswar,17062025133614_CGHS Rates 2024 Bhubaneswar_.pdf,9,[ss0[Layyngofisure ——*dY tf ——‘,ss0[Layyngofisure ——*dY tf ——‘,,,,,,0.35,True
Bhubaneswar,17062025133614_CGHS Rates 2024 Bhubaneswar_.pdf,9,[352 [excisional Biopsies} _sivs| 53],352 [excisional Biopsies} _sivs| 53,,,,,,0.35,True
Bhubaneswar,17062025133614_CGHS Rates 2024 Bhubaneswar_.pdf,9,[354 [Temporal Bone subtotal esecion | tes0| 715],354 [Temporal Bone subtotal esecion | tes0| 715,,,,,,0.35,True
Bhubaneswar,17062025133614_CGHS Rates 2024 Bhubaneswar_.pdf,9,[sss [Modified Radical Neck Dissestion | 22770] ___2ea|,sss [Modified Radical Neck Dissestion | 22770] ___2ea,,,,,,0.35,True
Bhubaneswar,17062025133614_CGHS Rates 2024 Bhubaneswar_.pdf,9,[356 [Carotid Body Excision __————————SSSSSSiY 200 | a,356 [Carotid Body Excision __————————SSSSSSiY 200 | a,,,,,,0.35,True
Bhubaneswar,17062025133614_CGHS Rates 2024 Bhubaneswar_.pdf,9,[ss7__ [Toul taryngecomy —————S*d 8 tf2| |,ss7__ [Toul taryngecomy —————S*d 8 tf2,,,,,,0.35,True
Bhubaneswar,17062025133614_CGHS Rates 2024 Bhubaneswar_.pdf,9,[358 [Flap Reconstructive Surgery | 37260] 260],358 [Flap Reconstructive Surgery | 37260] 260,,,,,,0.35,True
Bhubaneswar,17062025133614_CGHS Rates 2024 Bhubaneswar_.pdf,9,[360 other Major Surgery =i tt |,360 other Major Surgery =i tt,,,,,,0.35,True
Bhubaneswar,17062025133614_CGHS Rates 2024 Bhubaneswar_.pdf,9,[361 [otter Minor Surgery ______—————SSCS~d SSS f7f |,361 [otter Minor Surgery ______—————SSCS~d SSS f7f,,,,,,0.35,True
Bhubaneswar,17062025133614_CGHS Rates 2024 Bhubaneswar_.pdf,9,[363 [Excision oflumps ———SSSC*d SSC 87| =i,363 [Excision oflumps ———SSSC*d SSC 87| =i,,,,,,0.35,True
Bhubaneswar,17062025133614_CGHS Rates 2024 Bhubaneswar_.pdf,9,[364 [Local mastctomy-simple | 42650] 1s],364 [Local mastctomy-simple | 42650] 1s,,,,,,0.35,True
Bhubaneswar,17062025133614_CGHS Rates 2024 Bhubaneswar_.pdf,9,[367 [Segmental resection of breast ———~—SCSCSC~dCSCSC~«S | ———*,367 [Segmental resection of breast ———~—SCSCSC~dCSCSC~«S | ———*,,,,,,0.35,True
Bhubaneswar,17062025133614_CGHS Rates 2024 Bhubaneswar_.pdf,9,[368 other Major Surgery Si 22800 | 288 |,368 other Major Surgery Si 22800 | 288,,,,,,0.35,True
Bhubaneswar,17062025133614_CGHS Rates 2024 Bhubaneswar_.pdf,9,[369 otter Minor Surgery SSCS CS f7| =|,369 otter Minor Surgery SSCS CS f7| =,,,,,,0.35,True
Bhubaneswar,17062025133614_CGHS Rates 2024 Bhubaneswar_.pdf,9,[a70 [injury OF Supesficial Som Tissues SSSS*i SSC] CC,a70 [injury OF Supesficial Som Tissues SSSS*i SSC] CC,,,,,,0.35,True
Bhubaneswar,17062025133614_CGHS Rates 2024 Bhubaneswar_.pdf,9,[372 [Secondary suture of wounds ~~ s4o0 |,372 [Secondary suture of wounds ~~ s4o0,,,,,,0.35,True
Bhubaneswar,17062025133614_CGHS Rates 2024 Bhubaneswar_.pdf,9,[a73[Debsidement ofwounds—————SSSC~d S|,a73[Debsidement ofwounds—————SSSC~d S,,,,,,0.35,True
Bhubaneswar,17062025133614_CGHS Rates 2024 Bhubaneswar_.pdf,9,[s74 [Removal OF Foreign Bodies —————S—SCSCS~S ~~ |,s74 [Removal OF Foreign Bodies —————S—SCSCS~S ~~,,,,,,0.35,True
Bhubaneswar,17062025133614_CGHS Rates 2024 Bhubaneswar_.pdf,9,[578 [Excision of Cervical Lymph Node —————S—S—S—~d Si] ——=,578 [Excision of Cervical Lymph Node —————S—S—S—~d Si] ——=,,,,,,0.35,True
Bhubaneswar,17062025133614_CGHS Rates 2024 Bhubaneswar_.pdf,9,[s76 [excision of axillary Lymph Node —————S——*d 7 | a,s76 [excision of axillary Lymph Node —————S——*d 7 | a,,,,,,0.35,True
Bhubaneswar,17062025133614_CGHS Rates 2024 Bhubaneswar_.pdf,9,[377 [Excision of Inguinal Lymph Node | ___2277|____26%9|,377 [Excision of Inguinal Lymph Node | ___2277|____26%9,,,,,,0.35,True
Bhubaneswar,17062025133614_CGHS Rates 2024 Bhubaneswar_.pdf,9,[a78 [Excision Biopsy of Ukers —————SSSSCSCSCSCSCSC~s Sito,a78 [Excision Biopsy of Ukers —————SSSSCSCSCSCSCSC~s Sito,,,,,,0.35,True
Bhubaneswar,17062025133614_CGHS Rates 2024 Bhubaneswar_.pdf,9,[379 [Excision Biopsy of Superficial Lumps | s220| 703],379 [Excision Biopsy of Superficial Lumps | s220| 703,,,,,,0.35,True
Bhubaneswar,17062025133614_CGHS Rates 2024 Bhubaneswar_.pdf,10,[280 [fncision Biopsy of GrowihsUlees SSCS ~~,280 [fncision Biopsy of GrowihsUlees SSCS ~~,,,,,,0.35,True
Bhubaneswar,17062025133614_CGHS Rates 2024 Bhubaneswar_.pdf,10,[381 [Trucut Needle Biopsy ———SSSSCSCSCSCS~sSS~«S |=,381 [Trucut Needle Biopsy ———SSSSCSCSCSCS~sSS~«S |=,,,,,,0.35,True
Bhubaneswar,17062025133614_CGHS Rates 2024 Bhubaneswar_.pdf,10,[s82__[Pereutaneous Kidney Biopsy SSCS —stro|,s82__[Pereutaneous Kidney Biopsy SSCS —stro,,,,,,0.35,True
Bhubaneswar,17062025133614_CGHS Rates 2024 Bhubaneswar_.pdf,10,[383 [Marrow Biopsy (Open) iY t060[ 29],383 [Marrow Biopsy (Open) iY t060[ 29,,,,,,0.35,True
Bhubaneswar,17062025133614_CGHS Rates 2024 Bhubaneswar_.pdf,10,[ss4 [Muscle Biopsy ——————S~i tro __r0,ss4 [Muscle Biopsy ——————S~i tro __r0,,,,,,0.35,True
Bhubaneswar,17062025133614_CGHS Rates 2024 Bhubaneswar_.pdf,10,[s8s__[Scalene Node Biopsy | _1360[ 1553],s8s__[Scalene Node Biopsy | _1360[ 1553,,,,,,0.35,True
Bhubaneswar,17062025133614_CGHS Rates 2024 Bhubaneswar_.pdf,10,[386 [Excision of Schaceous yas raz | ra,386 [Excision of Schaceous yas raz | ra,,,,,,0.35,True
Bhubaneswar,17062025133614_CGHS Rates 2024 Bhubaneswar_.pdf,10,[387 [Excision of Superficial Lipoma————*Y 92 ||,387 [Excision of Superficial Lipoma————*Y 92,,,,,,0.35,True
Bhubaneswar,17062025133614_CGHS Rates 2024 Bhubaneswar_.pdf,10,[ase [Excision of Superficial Nevrofiboma | 20a 2760],ase [Excision of Superficial Nevrofiboma | 20a 2760,,,,,,0.35,True
Bhubaneswar,17062025133614_CGHS Rates 2024 Bhubaneswar_.pdf,10,[389 [Excision of Dermoid Cysts iat],389 [Excision of Dermoid Cysts iat,,,,,,0.35,True
Bhubaneswar,17062025133614_CGHS Rates 2024 Bhubaneswar_.pdf,10,[290 [Hsemorshoidestomy —————SSSSSCSCSCSCS~d i220 | |,290 [Hsemorshoidestomy —————SSSSSCSCSCSCS~d i220,,,,,,0.35,True
Bhubaneswar,17062025133614_CGHS Rates 2024 Bhubaneswar_.pdf,10,[a2 |ksloid excision SSCS of |,a2 |ksloid excision SSCS of,,,,,,0.35,True
Bhubaneswar,17062025133614_CGHS Rates 2024 Bhubaneswar_.pdf,10,[393 [Operations for Replacement of Ossophagus by Colon | 2000] 2575],393 [Operations for Replacement of Ossophagus by Colon | 2000] 2575,,,,,,0.35,True
Bhubaneswar,17062025133614_CGHS Rates 2024 Bhubaneswar_.pdf,10,[396 [Ocsophasectomy for Carcinoma Easophegus | 2000] 207],396 [Ocsophasectomy for Carcinoma Easophegus | 2000] 207,,,,,,0.35,True
Bhubaneswar,17062025133614_CGHS Rates 2024 Bhubaneswar_.pdf,10,[397 [Oesophageal Intubation (Maussean Barbin Tube) | 11500] 13235],397 [Oesophageal Intubation (Maussean Barbin Tube) | 11500] 13235,,,,,,0.35,True
Bhubaneswar,17062025133614_CGHS Rates 2024 Bhubaneswar_.pdf,10,[208 [Achalasia Cardia Transthoracic SSSSCSC*sdCSCSCS |“,208 [Achalasia Cardia Transthoracic SSSSCSC*sdCSCSCS |“,,,,,,0.35,True
Bhubaneswar,17062025133614_CGHS Rates 2024 Bhubaneswar_.pdf,10,[399 [Achalasia Cardia Abdominal | 12660] 14s],399 [Achalasia Cardia Abdominal | 12660] 14s,,,,,,0.35,True
Bhubaneswar,17062025133614_CGHS Rates 2024 Bhubaneswar_.pdf,10,[400 [ocsophago Gasitectomy for mid 1S leon | 22046] 25353],400 [ocsophago Gasitectomy for mid 1S leon | 22046] 25353,,,,,,0.35,True
Bhubaneswar,17062025133614_CGHS Rates 2024 Bhubaneswar_.pdf,10,[401 [Helen's Operation iY 19750 | |,401 [Helen's Operation iY 19750,,,,,,0.35,True
Bhubaneswar,17062025133614_CGHS Rates 2024 Bhubaneswar_.pdf,10,[402 Colon-Iner position or Replacement of Oesophagus | __22540[ 25021],402 Colon-Iner position or Replacement of Oesophagus | __22540[ 25021,,,,,,0.35,True
Bhubaneswar,17062025133614_CGHS Rates 2024 Bhubaneswar_.pdf,10,[40s [otter Minor Surgery ___———————~d———so| |,40s [otter Minor Surgery ___———————~d———so,,,,,,0.35,True
Bhubaneswar,17062025133614_CGHS Rates 2024 Bhubaneswar_.pdf,10,[aos [Pyloromyoromy iY 0] (|,aos [Pyloromyoromy iY 0] (,,,,,,0.35,True
Bhubaneswar,17062025133614_CGHS Rates 2024 Bhubaneswar_.pdf,10,[409 —[Gastrosiomy | 1763] #2],409 —[Gastrosiomy | 1763] #2,,,,,,0.35,True
Bhubaneswar,17062025133614_CGHS Rates 2024 Bhubaneswar_.pdf,10,[110 [simple Closure of Perforated pep Uler ————*| 8778| |,110 [simple Closure of Perforated pep Uler ————*| 8778,,,,,,0.35,True
Bhubaneswar,17062025133614_CGHS Rates 2024 Bhubaneswar_.pdf,10,[411 [Vagotomy Pyleroplasy /Gasro Ieunostomy | 43800| 15870],411 [Vagotomy Pyleroplasy /Gasro Ieunostomy | 43800| 15870,,,,,,0.35,True
Bhubaneswar,17062025133614_CGHS Rates 2024 Bhubaneswar_.pdf,10,[112 [Duodenojgunostomy «| tS | «|,112 [Duodenojgunostomy «| tS | «,,,,,,0.35,True
Bhubaneswar,17062025133614_CGHS Rates 2024 Bhubaneswar_.pdf,10,[113 [Panta Subtotal Gaswesiomy Tor Carcinoma [| 23000] 268],113 [Panta Subtotal Gaswesiomy Tor Carcinoma [| 23000] 268,,,,,,0.35,True
Bhubaneswar,17062025133614_CGHS Rates 2024 Bhubaneswar_.pdf,10,[41s [ParialSubtotal Gaswestomy for Ulcer —————*iY S| |,41s [ParialSubtotal Gaswestomy for Ulcer —————*iY S,,,,,,0.35,True
Bhubaneswar,17062025133614_CGHS Rates 2024 Bhubaneswar_.pdf,10,[11s operation for Bleeding Peptic Uler_ | 20976| 2412,11s operation for Bleeding Peptic Uler_ | 20976,,,2412,,,0.5,True
Bhubaneswar,17062025133614_CGHS Rates 2024 Bhubaneswar_.pdf,10,[416 [operation for Gastrojejunal Ulcer —————————*i it 770| aaa,416 [operation for Gastrojejunal Ulcer —————————*i it 770| aaa,,,,,,0.35,True
Bhubaneswar,17062025133614_CGHS Rates 2024 Bhubaneswar_.pdf,10,[srs [Highly Selective Vagotomy | 1#eao[ as],srs [Highly Selective Vagotomy | 1#eao[ as,,,,,,0.35,True
Bhubaneswar,17062025133614_CGHS Rates 2024 Bhubaneswar_.pdf,10,[119 [selestive Vagotomy & Drainage | sea] 25],119 [selestive Vagotomy & Drainage | sea] 25,,,,,,0.35,True
Bhubaneswar,17062025133614_CGHS Rates 2024 Bhubaneswar_.pdf,10,[120 [Congenital Diaphragmatic Hernia ——————~—S—~d~S—~—~23 |_|,120 [Congenital Diaphragmatic Hernia ——————~—S—~d~S—~—~23 |_,,,,,,0.35,True
Bhubaneswar,17062025133614_CGHS Rates 2024 Bhubaneswar_.pdf,11,[a2 [tans enna Repairs Abdominal | taao0| ree],a2 [tans enna Repairs Abdominal | taao0| ree,,,,,,0.35,True
Bhubaneswar,17062025133614_CGHS Rates 2024 Bhubaneswar_.pdf,11,[s22 [Hints Hernia Repair. Transhorace [| __tetoo| 83,s22 [Hints Hernia Repair. Transhorace [| __tetoo,,,83,,,0.5,True
Bhubaneswar,17062025133614_CGHS Rates 2024 Bhubaneswar_.pdf,11,[x23 [Exploratory Laparotomy *Y 0 s0| a,x23 [Exploratory Laparotomy *Y 0 s0| a,,,,,,0.35,True
Bhubaneswar,17062025133614_CGHS Rates 2024 Bhubaneswar_.pdf,11,[42s [UmbilicaHemia Repsir [14385] 1003,42s [UmbilicaHemia Repsir [14385,,,1003,,,0.5,True
Bhubaneswar,17062025133614_CGHS Rates 2024 Bhubaneswar_.pdf,11,[426 [Ventral /ncsioual Hemin Repair | _toza3| rea,426 [Ventral /ncsioual Hemin Repair | _toza3| rea,,,,,,0.35,True
Bhubaneswar,17062025133614_CGHS Rates 2024 Bhubaneswar_.pdf,11,[428 [inguinal emia Heraioplasy | 16800 10975,428 [inguinal emia Heraioplasy,10975,16800,,,,0.72,False
Bhubaneswar,17062025133614_CGHS Rates 2024 Bhubaneswar_.pdf,11,[4s2 [Splenectomy For Hypersplanin | ‘#soo] se,4s2 [Splenectomy For Hypersplanin | ‘#soo] se,,,,,,0.35,True
Bhubaneswar,17062025133614_CGHS Rates 2024 Bhubaneswar_.pdf,11,[433 [Splenoreual Anasiomosis———~—~—SCSCSC~CSCSCSCSCS~SSS~C |=,433 [Splenoreual Anasiomosis———~—~—SCSCSC~CSCSCSCSCS~SSS~C |=,,,,,,0.35,True
Bhubaneswar,17062025133614_CGHS Rates 2024 Bhubaneswar_.pdf,11,[ass [Postocavel Anastomosis [27200] 200,ass [Postocavel Anastomosis [27200,,,200,,,0.5,True
Bhubaneswar,17062025133614_CGHS Rates 2024 Bhubaneswar_.pdf,11,[497 [Wavren Shuut (Dis Spleuorenal Shum [2070] se,497 [Wavren Shuut (Dis Spleuorenal Shum [2070] se,,,,,,0.35,True
Bhubaneswar,17062025133614_CGHS Rates 2024 Bhubaneswar_.pdf,11,[438 _[Pancreatico Duodenestomy (Whipple's procedure) [21735] 2995,438 _[Pancreatico Duodenestomy (Whipple's procedure) [21735,,,2995,,,0.5,True
Bhubaneswar,17062025133614_CGHS Rates 2024 Bhubaneswar_.pdf,11,[sso [Cysojejmnostomy oF Cysogaswonomy [| _1aaa0] reed,sso [Cysojejmnostomy oF Cysogaswonomy [| _1aaa0] reed,,,,,,0.35,True
Bhubaneswar,17062025133614_CGHS Rates 2024 Bhubaneswar_.pdf,11,[ss2 [Cholecystectomy © Exploraion of BD (| 4srs|,ss2 [Cholecystectomy © Exploraion of BD (| 4srs,,,,,,0.35,True
Bhubaneswar,17062025133614_CGHS Rates 2024 Bhubaneswar_.pdf,11,[243 [Repair of Common Bile Duct(CBD) | 13600150,243 [Repair of Common Bile Duct(CBD),,,13600150,,,0.5,True
Bhubaneswar,17062025133614_CGHS Rates 2024 Bhubaneswar_.pdf,11,[448 [Operation for Hydatid Cyst of Liver [11802] a7,448 [Operation for Hydatid Cyst of Liver [11802] a7,,,,,,0.35,True
Bhubaneswar,17062025133614_CGHS Rates 2024 Bhubaneswar_.pdf,11,[s46 [Hepatic Resecions (Eabeciomy Hepateeiomy) ‘| —14375| ra,s46 [Hepatic Resecions (Eabeciomy Hepateeiomy) ‘| —14375| ra,,,,,,0.35,True
Bhubaneswar,17062025133614_CGHS Rates 2024 Bhubaneswar_.pdf,11,[s47 [Operation ou Adrenal Glands Bisteal (| _26t0s| 00a,s47 [Operation ou Adrenal Glands Bisteal (| _26t0s| 00a,,,,,,0.35,True
Bhubaneswar,17062025133614_CGHS Rates 2024 Bhubaneswar_.pdf,11,[s49[Appendicesiomy ———————SSSSCSCSCSCSC~sSSCS—= | Ct,s49[Appendicesiomy ———————SSSSCSCSCSCSC~sSSCS—= | Ct,,,,,,0.35,True
Bhubaneswar,17062025133614_CGHS Rates 2024 Bhubaneswar_.pdf,11,[4si___[Mesenteric Cyst Excision | #4040] 1209,4si___[Mesenteric Cyst Excision | #4040,,,1209,,,0.5,True
Bhubaneswar,17062025133614_CGHS Rates 2024 Bhubaneswar_.pdf,11,[482 [Pertonioscopy Laparoscopy ——S—SSCSCSCSC~C~SSCSC« |=,482 [Pertonioscopy Laparoscopy ——S—SSCSCSCSC~C~SSCSC« |=,,,,,,0.35,True
Bhubaneswar,17062025133614_CGHS Rates 2024 Bhubaneswar_.pdf,11,[ass [Resection & Anasiomoas of SmallTntewine [20700] 2003,ass [Resection & Anasiomoas of SmallTntewine [20700,,,2003,,,0.5,True
Bhubaneswar,17062025133614_CGHS Rates 2024 Bhubaneswar_.pdf,11,[486 [Duodenal Diveniculom ———SSSSSCSCSC*dSSCSC«S a0,486 [Duodenal Diveniculom ———SSSSSCSCSC*dSSCSC«S a0,,,,,,0.35,True
Bhubaneswar,17062025133614_CGHS Rates 2024 Bhubaneswar_.pdf,11,[487 [Operation for Itestnal Obstruction [10350] roa,487 [Operation for Itestnal Obstruction [10350] roa,,,,,,0.35,True
Bhubaneswar,17062025133614_CGHS Rates 2024 Bhubaneswar_.pdf,11,[4s8 [Operation for latestnel perforation | 4200] 3020,4s8 [Operation for latestnel perforation | 4200,,,3020,,,0.5,True
Bhubaneswar,17062025133614_CGHS Rates 2024 Bhubaneswar_.pdf,11,[4s9 [Benign Tumours of Small Intestine [19550 223,4s9 [Benign Tumours of Small Intestine [19550,,,223,,,0.5,True
Bhubaneswar,17062025133614_CGHS Rates 2024 Bhubaneswar_.pdf,11,[460 [Excision oF Small Intesine Fiswla ————————~Y|——49's0| aaa,460 [Excision oF Small Intesine Fiswla ————————~Y|——49's0| aaa,,,,,,0.35,True
Bhubaneswar,17062025133614_CGHS Rates 2024 Bhubaneswar_.pdf,11,[sox [Operations for GIBlsd SSS 600 |,sox [Operations for GIBlsd SSS 600,,,,,,0.35,True
Bhubaneswar,17062025133614_CGHS Rates 2024 Bhubaneswar_.pdf,11,[462 [Operations for Haemorchage of SnallTutesines [19850223,462 [Operations for Haemorchage of SnallTutesines [19850223,,,,,,0.35,True
Bhubaneswar,17062025133614_CGHS Rates 2024 Bhubaneswar_.pdf,11,[463 [Operations of te Duplication of te latesines [Yeas] 2040,463 [Operations of te Duplication of te latesines [Yeas,,,2040,,,0.5,True
Bhubaneswar,17062025133614_CGHS Rates 2024 Bhubaneswar_.pdf,12,[Zo [leosigmoidostomy and related resection | 46790] 109,Zo [leosigmoidostomy and related resection | 46790,,,109,,,0.5,True
Bhubaneswar,17062025133614_CGHS Rates 2024 Bhubaneswar_.pdf,12,[466 |Hleotransverse Colostomy and related resection | 16790] 19508],466 |Hleotransverse Colostomy and related resection | 16790] 19508,,,,,,0.35,True
Bhubaneswar,17062025133614_CGHS Rates 2024 Bhubaneswar_.pdf,12,[467 |Caecostomy T8903] 88],467 |Caecostomy T8903] 88,,,,,,0.35,True
Bhubaneswar,17062025133614_CGHS Rates 2024 Bhubaneswar_.pdf,12,[468 [Loop Colostomy TransverseSigmoid | 1814015077,468 [Loop Colostomy TransverseSigmoid,,,1814015077,,,0.5,True
Bhubaneswar,17062025133614_CGHS Rates 2024 Bhubaneswar_.pdf,12,[469 [TeminalColosiomy =i) 47250] 08,469 [TeminalColosiomy =i) 47250,,,08,,,0.5,True
Bhubaneswar,17062025133614_CGHS Rates 2024 Bhubaneswar_.pdf,12,[470 [Closure of Colostomy TOL 20102),470 [Closure of Colostomy TOL 20102),,,,,,0.35,True
Bhubaneswar,17062025133614_CGHS Rates 2024 Bhubaneswar_.pdf,12,[474 [Operations for Volvulus of Large Bowel | 24920] 28658],474 [Operations for Volvulus of Large Bowel | 24920] 28658,,,,,,0.35,True
Bhubaneswar,17062025133614_CGHS Rates 2024 Bhubaneswar_.pdf,12,[#75 [Operations for Sigmoid Diverticulitis} tesa] >|,#75 [Operations for Sigmoid Diverticulitis} tesa] >,,,,,,0.35,True
Bhubaneswar,17062025133614_CGHS Rates 2024 Bhubaneswar_.pdf,12,[480 [Fistula in Ano - Low Fisulestomy | 9867] 13347],480 [Fistula in Ano - Low Fisulestomy | 9867] 13347,,,,,,0.35,True
Bhubaneswar,17062025133614_CGHS Rates 2024 Bhubaneswar_.pdf,12,[481 [Prolapse Rectum -Thiersch Wiring | 10380[ 11903),481 [Prolapse Rectum -Thiersch Wiring | 10380[ 11903),,,,,,0.35,True
Bhubaneswar,17062025133614_CGHS Rates 2024 Bhubaneswar_.pdf,12,[482 [Prolapse Rectum -Reciopexy SSS «Si,482 [Prolapse Rectum -Reciopexy SSS «Si,,,,,,0.35,True
Bhubaneswar,17062025133614_CGHS Rates 2024 Bhubaneswar_.pdf,12,[483 [Prolapse Rectum - Grahams Operation | 18400] 21180),483 [Prolapse Rectum - Grahams Operation | 18400] 21180),,,,,,0.35,True
Bhubaneswar,17062025133614_CGHS Rates 2024 Bhubaneswar_.pdf,12,[484 [Operations for Hirchsprungs Disease | 14260| 1680],484 [Operations for Hirchsprungs Disease | 14260| 1680,,,,,,0.35,True
Bhubaneswar,17062025133614_CGHS Rates 2024 Bhubaneswar_.pdf,12,[485 [Excision of Pilonidal Sinus(open) | 11S 00[ 18225),485 [Excision of Pilonidal Sinus(open) | 11S 00[ 18225),,,,,,0.35,True
Bhubaneswar,17062025133614_CGHS Rates 2024 Bhubaneswar_.pdf,12,[486 [Excision of Pilonidal Sinus with closure | t0850[ 11903],486 [Excision of Pilonidal Sinus with closure | t0850[ 11903,,,,,,0.35,True
Bhubaneswar,17062025133614_CGHS Rates 2024 Bhubaneswar_.pdf,12,[487 [Abdomino-Perineal Excision of Rectum | t8300[ 21045),487 [Abdomino-Perineal Excision of Rectum | t8300[ 21045),,,,,,0.35,True
Bhubaneswar,17062025133614_CGHS Rates 2024 Bhubaneswar_.pdf,12,[488 [Anterior Resection of rectum | 2tag0f 25128,488 [Anterior Resection of rectum | 2tag0f,,,25128,,,0.5,True
Bhubaneswar,17062025133614_CGHS Rates 2024 Bhubaneswar_.pdf,12,[490 [Retro Peritoneal Tumor Removal | 17000] 19880],490 [Retro Peritoneal Tumor Removal | 17000] 19880,,,,,,0.35,True
Bhubaneswar,17062025133614_CGHS Rates 2024 Bhubaneswar_.pdf,12,[491 [Radio ablation of varicose veins [| 800| 2079],491 [Radio ablation of varicose veins [| 800| 2079,,,,,,0.35,True
Bhubaneswar,17062025133614_CGHS Rates 2024 Bhubaneswar_.pdf,12,[493 [Laparoscopic Fundoplication | 19300] 22195),493 [Laparoscopic Fundoplication | 19300] 22195),,,,,,0.35,True
Bhubaneswar,17062025133614_CGHS Rates 2024 Bhubaneswar_.pdf,12,[s94—caparoscopie Splenesiomy | 2000] a0,s94—caparoscopie Splenesiomy | 2000] a0,,,,,,0.35,True
Bhubaneswar,17062025133614_CGHS Rates 2024 Bhubaneswar_.pdf,12,[496 [Laparoscopic weatment of Pseudo Pancreatic cyst | 18000] 20700],496 [Laparoscopic weatment of Pseudo Pancreatic cyst | 18000] 20700,,,,,,0.35,True
Bhubaneswar,17062025133614_CGHS Rates 2024 Bhubaneswar_.pdf,12,497 Laparoscopic Whipple's operation (Laparoscopic 18000 20700,497 Laparoscopic Whipple's operation (Laparoscopic,20700,18000,,,,0.72,False
Bhubaneswar,17062025133614_CGHS Rates 2024 Bhubaneswar_.pdf,12,[498 [Laparoscopic Gi bypass operation | 22000] 28300),498 [Laparoscopic Gi bypass operation | 22000] 28300),,,,,,0.35,True
Bhubaneswar,17062025133614_CGHS Rates 2024 Bhubaneswar_.pdf,12,[499 [Laparoscopic Total Colectomy | 25000] 270,499 [Laparoscopic Total Colectomy | 25000,,,270,,,0.5,True
Bhubaneswar,17062025133614_CGHS Rates 2024 Bhubaneswar_.pdf,12,[s00 [Laparoscopic Hemicolectomy | 28000| 26480],s00 [Laparoscopic Hemicolectomy | 28000| 26480,,,,,,0.35,True
Bhubaneswar,17062025133614_CGHS Rates 2024 Bhubaneswar_.pdf,12,[301 [Laparoscopic Anterior Resection (of Intestine/Rectum) | 23000[ 26480],301 [Laparoscopic Anterior Resection (of Intestine/Rectum) | 23000[ 26480,,,,,,0.35,True
Bhubaneswar,17062025133614_CGHS Rates 2024 Bhubaneswar_.pdf,12,[s02 [Laparoscopic Choleeystetomy ——S——SSSSSCSCSC~YCSCSC~S8 TS |=,s02 [Laparoscopic Choleeystetomy ——S——SSSSSCSCSC~YCSCSC~S8 TS |=,,,,,,0.35,True
Bhubaneswar,17062025133614_CGHS Rates 2024 Bhubaneswar_.pdf,12,[s03 [Laparoscopic Appediceciomy | 7000] 150,s03 [Laparoscopic Appediceciomy | 7000,,,150,,,0.5,True
Bhubaneswar,17062025133614_CGHS Rates 2024 Bhubaneswar_.pdf,12,[s04 [Laparoscopic Hemia inguinal ropa] 16000] 20700,s04 [Laparoscopic Hemia inguinal ropa] 16000,,,20700,,,0.5,True
Bhubaneswar,17062025133614_CGHS Rates 2024 Bhubaneswar_.pdf,12,[505 [Laparoscopic ventral HerniaRepair T1500] 202285],505 [Laparoscopic ventral HerniaRepair T1500] 202285,,,,,,0.35,True
Bhubaneswar,17062025133614_CGHS Rates 2024 Bhubaneswar_.pdf,12,[306 [Laparoscopic Paraumblical HerniaRepair | 17500] 20125),306 [Laparoscopic Paraumblical HerniaRepair | 17500] 20125),,,,,,0.35,True
Bhubaneswar,17062025133614_CGHS Rates 2024 Bhubaneswar_.pdf,12,[507 [Laparoscopic Adrenelectomy | 12000[ 13800],507 [Laparoscopic Adrenelectomy | 12000[ 13800,,,,,,0.35,True
Bhubaneswar,17062025133614_CGHS Rates 2024 Bhubaneswar_.pdf,13,[E08 [Laparoscopie Nephreciomy <i 900 |,E08 [Laparoscopie Nephreciomy <i 900,,,,,,0.35,True
Bhubaneswar,17062025133614_CGHS Rates 2024 Bhubaneswar_.pdf,13,[s09 [Otter Major Surgery ——~—SCSCSCS~S~S~sSSS |=,s09 [Otter Major Surgery ——~—SCSCSCS~S~S~sSSS |=,,,,,,0.35,True
Bhubaneswar,17062025133614_CGHS Rates 2024 Bhubaneswar_.pdf,13,Js10 [outer Minor Susery iY 0],Js10 [outer Minor Susery iY 0,,,,,,0.35,True
Bhubaneswar,17062025133614_CGHS Rates 2024 Bhubaneswar_.pdf,13,[s12 [Compressed air piped oxygen prow ————S—SCSC~sSSCSCSCOL,s12 [Compressed air piped oxygen prow ————S—SCSC~sSSCSCSCOL,,,,,,0.35,True
Bhubaneswar,17062025133614_CGHS Rates 2024 Bhubaneswar_.pdf,13,[s13 [Ventilator charges Perday) | si],s13 [Ventilator charges Perday) | si,,,,,,0.35,True
Bhubaneswar,17062025133614_CGHS Rates 2024 Bhubaneswar_.pdf,13,[s16 [Neonatal CU charges Per day) ir],s16 [Neonatal CU charges Per day) ir,,,,,,0.35,True
Bhubaneswar,17062025133614_CGHS Rates 2024 Bhubaneswar_.pdf,13,[st7[Resscitaion i) tr] i,st7[Resscitaion i) tr] i,,,,,,0.35,True
Bhubaneswar,17062025133614_CGHS Rates 2024 Bhubaneswar_.pdf,13,[519 [Pacupack wenttor in Nursry (Per dagy) | 75 se,519 [Pacupack wenttor in Nursry (Per dagy) | 75 se,,,,,,0.35,True
Bhubaneswar,17062025133614_CGHS Rates 2024 Bhubaneswar_.pdf,13,[s21 | Venteoular sepraldefect(VSD) with gat | _ 23415 10009,s21 | Venteoular sepraldefect(VSD) with gat | _,10009,23415,,,,0.72,False
Bhubaneswar,17062025133614_CGHS Rates 2024 Bhubaneswar_.pdf,13,[s22_[TORPTAPVC/TCPCIREVIRSOV repair [favors] rea,s22_[TORPTAPVC/TCPCIREVIRSOV repair [favors] rea,,,,,,0.35,True
Bhubaneswar,17062025133614_CGHS Rates 2024 Bhubaneswar_.pdf,13,[s24_|senning/artrial Switch Operation (ASO) with gram [_tazte8] sie,s24_|senning/artrial Switch Operation (ASO) with gram [_tazte8] sie,,,,,,0.35,True
Bhubaneswar,17062025133614_CGHS Rates 2024 Bhubaneswar_.pdf,13,[525 [Double Switch Operaion (DSO) SS—*d Ca] tr,525 [Double Switch Operaion (DSO) SS—*d Ca] tr,,,,,,0.35,True
Bhubaneswar,17062025133614_CGHS Rates 2024 Bhubaneswar_.pdf,13,[s26 [Atroventiculs(AV) caual epa | sr000] 10,s26 [Atroventiculs(AV) caual epa | sr000,,,10,,,0.5,True
Bhubaneswar,17062025133614_CGHS Rates 2024 Bhubaneswar_.pdf,13,[s27 [Fontan procedure ——————SSSSSSSSSSS—*i ~~ 2000 | ro,s27 [Fontan procedure ——————SSSSSSSSSSS—*i ~~ 2000 | ro,,,,,,0.35,True
Bhubaneswar,17062025133614_CGHS Rates 2024 Bhubaneswar_.pdf,13,[s28 [Conduit repair | t6a000] 10s,s28 [Conduit repair | t6a000] 10s,,,,,,0.35,True
Bhubaneswar,17062025133614_CGHS Rates 2024 Bhubaneswar_.pdf,13,[s29 [Coronary Anery Bypass Graft sugery (CABG) | __ta7o7s| rasa,s29 [Coronary Anery Bypass Graft sugery (CABG) | __ta7o7s| rasa,,,,,,0.35,True
Bhubaneswar,17062025133614_CGHS Rates 2024 Bhubaneswar_.pdf,13,[s30 [CABG + Inte-Aortc Balloon Pump (ABP) | tea000] roa,s30 [CABG + Inte-Aortc Balloon Pump (ABP) | tea000] roa,,,,,,0.35,True
Bhubaneswar,17062025133614_CGHS Rates 2024 Bhubaneswar_.pdf,13,fsx [capcevae SS *dY—t02000| Tr,fsx [capcevae SS *dY—t02000| Tr,,,,,,0.35,True
Bhubaneswar,17062025133614_CGHS Rates 2024 Bhubaneswar_.pdf,13,[s82 [CABG without pass | 126000] roo,s82 [CABG without pass | 126000] roo,,,,,,0.35,True
Bhubaneswar,17062025133614_CGHS Rates 2024 Bhubaneswar_.pdf,13,[s33_ [Ascending aorta replacement | 120000] 1500,s33_ [Ascending aorta replacement | 120000,,,1500,,,0.5,True
Bhubaneswar,17062025133614_CGHS Rates 2024 Bhubaneswar_.pdf,13,[534 [Double Vaive Replacement VR) —————~i saa | aa,534 [Double Vaive Replacement VR) —————~i saa | aa,,,,,,0.35,True
Bhubaneswar,17062025133614_CGHS Rates 2024 Bhubaneswar_.pdf,13,Mitral valve Replacement(MVR)/ Aortic valve 107242,Mitral valve Replacement(MVR)/ Aortic valve,,,107242,,,0.5,True
Bhubaneswar,17062025133614_CGHS Rates 2024 Bhubaneswar_.pdf,13,[&3¢ [Mitral Valve repair = Aowie Valverepas [toes] ra,&3¢ [Mitral Valve repair = Aowie Valverepas [toes] ra,,,,,,0.35,True
Bhubaneswar,17062025133614_CGHS Rates 2024 Bhubaneswar_.pdf,13,[s37 [Aria femoral bypass —S~SCSCSCSC~C~S~S~SSCSC 2 ——*,s37 [Aria femoral bypass —S~SCSCSCSC~C~S~S~SSCSC 2 ——*,,,,,,0.35,True
Bhubaneswar,17062025133614_CGHS Rates 2024 Bhubaneswar_.pdf,13,[sae [Rlalock-Tavsigshuut (BT Shunt) Coarcation [| sts0| 777,sae [Rlalock-Tavsigshuut (BT Shunt) Coarcation [| sts0,,,777,,,0.5,True
Bhubaneswar,17062025133614_CGHS Rates 2024 Bhubaneswar_.pdf,13,‘Balloon coronary angioplasty/ Percutaneous transluminal coronary 78200 92000,‘Balloon coronary angioplasty/ Percutaneous transluminal coronary,92000,78200,,,,0.72,False
Bhubaneswar,17062025133614_CGHS Rates 2024 Bhubaneswar_.pdf,13,‘Baloon coronary angioplasty/ Percutaneous transluminal coronary 75150 83725),‘Baloon coronary angioplasty/ Percutaneous transluminal coronary 75150 83725),,,,,,0.35,True
Bhubaneswar,17062025133614_CGHS Rates 2024 Bhubaneswar_.pdf,14,547 Baloon Mitral Valvotomy/ Percutaneous transvenous mitral 77000 90700,547 Baloon Mitral Valvotomy/ Percutaneous transvenous mitral,90700,77000,,,,0.72,False
Bhubaneswar,17062025133614_CGHS Rates 2024 Bhubaneswar_.pdf,14,[348 [Cardiac Catheterization (CATH) TSO 13545],348 [Cardiac Catheterization (CATH) TSO 13545,,,,,,0.35,True
Bhubaneswar,17062025133614_CGHS Rates 2024 Bhubaneswar_.pdf,14,[s49_ [Aortic Arch Replacement | t0350[ 11903),s49_ [Aortic Arch Replacement | t0350[ 11903),,,,,,0.35,True
Bhubaneswar,17062025133614_CGHS Rates 2024 Bhubaneswar_.pdf,14,[ss0__[Aortic Dissection T2680] 1448,ss0__[Aortic Dissection T2680,,,1448,,,0.5,True
Bhubaneswar,17062025133614_CGHS Rates 2024 Bhubaneswar_.pdf,14,[s81_[Thoraco Abdominal Aneurism Repair | 15000] 17250,s81_[Thoraco Abdominal Aneurism Repair | 15000,,,17250,,,0.5,True
Bhubaneswar,17062025133614_CGHS Rates 2024 Bhubaneswar_.pdf,14,[382__[Embolectomy Tet 28150],382__[Embolectomy Tet 28150,,,,,,0.35,True
Bhubaneswar,17062025133614_CGHS Rates 2024 Bhubaneswar_.pdf,14,[ss3_ [Vascular Repair T8000] 39100),ss3_ [Vascular Repair T8000] 39100),,,,,,0.35,True
Bhubaneswar,17062025133614_CGHS Rates 2024 Bhubaneswar_.pdf,14,[354 [Bentall Repair with Prosthetic Valve [30000] 34500],354 [Bentall Repair with Prosthetic Valve [30000] 34500,,,,,,0.35,True
Bhubaneswar,17062025133614_CGHS Rates 2024 Bhubaneswar_.pdf,14,[s58 | Beutall Repair with Biologie Valve | 42400] 143175,s58 | Beutall Repair with Biologie Valve | 42400,,,143175,,,0.5,True
Bhubaneswar,17062025133614_CGHS Rates 2024 Bhubaneswar_.pdf,14,Coarctation dilatation/ Baloon dilatation of Aortic coarctation- 60860 71600,Coarctation dilatation/ Baloon dilatation of Aortic coarctation-,71600,60860,,,,0.72,False
Bhubaneswar,17062025133614_CGHS Rates 2024 Bhubaneswar_.pdf,14,[359 ___ [Temporary cardiac pacing (TPI) Dual Chamber_— | 7344[ 848 |,359 ___ [Temporary cardiac pacing (TPI) Dual Chamber_— | 7344[ 848,,,,,,0.35,True
Bhubaneswar,17062025133614_CGHS Rates 2024 Bhubaneswar_.pdf,14,[361___[Permanent pacemaker implantation- Dual Chamber | 36850] 43000),361___[Permanent pacemaker implantation- Dual Chamber | 36850] 43000),,,,,,0.35,True
Bhubaneswar,17062025133614_CGHS Rates 2024 Bhubaneswar_.pdf,14,[362 [Permanent pacemaker implantation (PPI)-Biventricular | 42480[ 49625],362 [Permanent pacemaker implantation (PPI)-Biventricular | 42480[ 49625,,,,,,0.35,True
Bhubaneswar,17062025133614_CGHS Rates 2024 Bhubaneswar_.pdf,14,563 Automatic implantable cardioverter defibrillator (AICD) 50000,563 Automatic implantable cardioverter defibrillator (AICD),,,50000,,,0.5,True
Bhubaneswar,17062025133614_CGHS Rates 2024 Bhubaneswar_.pdf,14,Automatic implantable cardioverter defibrillator (AICD) 44500,Automatic implantable cardioverter defibrillator (AICD),,,44500,,,0.5,True
Bhubaneswar,17062025133614_CGHS Rates 2024 Bhubaneswar_.pdf,14,[365 [Combo device implantation T8050] 50000),365 [Combo device implantation T8050] 50000),,,,,,0.35,True
Bhubaneswar,17062025133614_CGHS Rates 2024 Bhubaneswar_.pdf,14,[367 [Ambulatory BPmonitoring | 001000),367 [Ambulatory BPmonitoring | 001000),,,,,,0.35,True
Bhubaneswar,17062025133614_CGHS Rates 2024 Bhubaneswar_.pdf,14,and 1000 for day and,and 1000 for day and,,,,,,0.35,True
Bhubaneswar,17062025133614_CGHS Rates 2024 Bhubaneswar_.pdf,14,subsequent 1000 for,subsequent 1000 for,,,,,,0.35,True
Bhubaneswar,17062025133614_CGHS Rates 2024 Bhubaneswar_.pdf,14,[369 [Radiofrequency (RF) ablation conventional | 81600] 96000,369 [Radiofrequency (RF) ablation conventional | 81600,,,96000,,,0.5,True
Bhubaneswar,17062025133614_CGHS Rates 2024 Bhubaneswar_.pdf,14,[570 [Radiofrequency (RF) ablation Atrial Tachycardialwith 3-D [| ——153850[ 181000],570 [Radiofrequency (RF) ablation Atrial Tachycardialwith 3-D [| ——153850[ 181000,,,,,,0.35,True
Bhubaneswar,17062025133614_CGHS Rates 2024 Bhubaneswar_.pdf,14,[572 ]tata aortic balloon pump TABP)- Including Cost of Baloon | 42800[ _s0009,572 ]tata aortic balloon pump TABP)- Including Cost of Baloon | 42800[ _s0009,,,,,,0.35,True
Bhubaneswar,17062025133614_CGHS Rates 2024 Bhubaneswar_.pdf,14,[374 |Septostomy- Balloon | 28800] 30000,374 |Septostomy- Balloon | 28800,,,30000,,,0.5,True
Bhubaneswar,17062025133614_CGHS Rates 2024 Bhubaneswar_.pdf,14,[s75___[Septostomy-Blade Tt 50f 22883,s75___[Septostomy-Blade Tt 50f,,,22883,,,0.5,True
Bhubaneswar,17062025133614_CGHS Rates 2024 Bhubaneswar_.pdf,14,576 Aortic valve balloon dilatation (AVBD) / pulmonary valve 47940,576 Aortic valve balloon dilatation (AVBD) / pulmonary valve,,,47940,,,0.5,True
Bhubaneswar,17062025133614_CGHS Rates 2024 Bhubaneswar_.pdf,14,[577 [Digital subtraction angiography-Peripheral artery | 12400[ 14610],577 [Digital subtraction angiography-Peripheral artery | 12400[ 14610,,,,,,0.35,True
Bhubaneswar,17062025133614_CGHS Rates 2024 Bhubaneswar_.pdf,14,[s78 [Digital subtraction angiography-venogram | 12400[ 14820],s78 [Digital subtraction angiography-venogram | 12400[ 14820,,,,,,0.35,True
Bhubaneswar,17062025133614_CGHS Rates 2024 Bhubaneswar_.pdf,14,[s79___|cT Guided biopsy Tt] 885],s79___|cT Guided biopsy Tt] 885,,,,,,0.35,True
Bhubaneswar,17062025133614_CGHS Rates 2024 Bhubaneswar_.pdf,14,[sso |Sinogram Bf 802},sso |Sinogram Bf 802},,,,,,0.35,True
Bhubaneswar,17062025133614_CGHS Rates 2024 Bhubaneswar_.pdf,14,[s81___ [Peripheral Angioplasty with VCD 6750[ 55500],s81___ [Peripheral Angioplasty with VCD 6750[ 55500,,,,,,0.35,True
Bhubaneswar,17062025133614_CGHS Rates 2024 Bhubaneswar_.pdf,14,[s82__ [Peripheral Angioplasty withoutvcD | 14500[ 13225],s82__ [Peripheral Angioplasty withoutvcD | 14500[ 13225,,,,,,0.35,True
Bhubaneswar,17062025133614_CGHS Rates 2024 Bhubaneswar_.pdf,14,[s83___ [Renal Angioplasty | 48750| 58000),s83___ [Renal Angioplasty | 48750| 58000),,,,,,0.35,True
Bhubaneswar,17062025133614_CGHS Rates 2024 Bhubaneswar_.pdf,14,[sea ftnuavasevlar uirasound (VUS) | s000| so,sea ftnuavasevlar uirasound (VUS) | s000| so,,,,,,0.35,True
Bhubaneswar,17062025133614_CGHS Rates 2024 Bhubaneswar_.pdf,15,[385 [Fractional flow reserve (FFR)-inclusive of costorwire | 30000730000],385 [Fractional flow reserve (FFR)-inclusive of costorwire | 30000730000,,,,,,0.35,True
Bhubaneswar,17062025133614_CGHS Rates 2024 Bhubaneswar_.pdf,15,[s86_[Holteranalysis 2] 2500),s86_[Holteranalysis 2] 2500),,,,,,0.35,True
Bhubaneswar,17062025133614_CGHS Rates 2024 Bhubaneswar_.pdf,15,[s88___ [Inferior Vena Cava (IVC) filter implantation | 25500] 30000,s88___ [Inferior Vena Cava (IVC) filter implantation | 25500,,,30000,,,0.5,True
Bhubaneswar,17062025133614_CGHS Rates 2024 Bhubaneswar_.pdf,15,[389 [ASD/VSD/PDA device closure | lete]etoto,389 [ASD/VSD/PDA device closure | lete]etoto,,,,,,0.35,True
Bhubaneswar,17062025133614_CGHS Rates 2024 Bhubaneswar_.pdf,15,[s90__[Electrocardiogram(ECG) TSO,s90__[Electrocardiogram(ECG) TSO,,,,,,0.35,True
Bhubaneswar,17062025133614_CGHS Rates 2024 Bhubaneswar_.pdf,15,[591 [Head-vuptilttes(HUTT) 4004000},591 [Head-vuptilttes(HUTT) 4004000},,,,,,0.35,True
Bhubaneswar,17062025133614_CGHS Rates 2024 Bhubaneswar_.pdf,15,[592 [2Dechocardiography Tt] 1880),592 [2Dechocardiography Tt] 1880),,,,,,0.35,True
Bhubaneswar,17062025133614_CGHS Rates 2024 Bhubaneswar_.pdf,15,[s93__[3Dechocardiography 03] 1813),s93__[3Dechocardiography 03] 1813),,,,,,0.35,True
Bhubaneswar,17062025133614_CGHS Rates 2024 Bhubaneswar_.pdf,15,[sod [FewlEcho tf 1810),sod [FewlEcho tf 1810),,,,,,0.35,True
Bhubaneswar,17062025133614_CGHS Rates 2024 Bhubaneswar_.pdf,15,[s95___|2D Transesophageal Echocardiography (TEE) | 4275] 14685),s95___|2D Transesophageal Echocardiography (TEE) | 4275] 14685),,,,,,0.35,True
Bhubaneswar,17062025133614_CGHS Rates 2024 Bhubaneswar_.pdf,15,[s96 [3D Transesophageal Echocardiography (TEE) | 440311813),s96 [3D Transesophageal Echocardiography (TEE) | 440311813),,,,,,0.35,True
Bhubaneswar,17062025133614_CGHS Rates 2024 Bhubaneswar_.pdf,15,[s97___|StressEcho-exercise TOL 183),s97___|StressEcho-exercise TOL 183),,,,,,0.35,True
Bhubaneswar,17062025133614_CGHS Rates 2024 Bhubaneswar_.pdf,15,[s98 [Stress Echo- pharmacological T2500] 2875),s98 [Stress Echo- pharmacological T2500] 2875),,,,,,0.35,True
Bhubaneswar,17062025133614_CGHS Rates 2024 Bhubaneswar_.pdf,15,[399 [Stress Myocardial Perfusion Imaging (MPI)- exercise | 7650] 9000,399 [Stress Myocardial Perfusion Imaging (MPI)- exercise | 7650,,,9000,,,0.5,True
Bhubaneswar,17062025133614_CGHS Rates 2024 Bhubaneswar_.pdf,15,‘Stress Myocardial Perfusion Imaging (MPI) - 7650 9000,‘Stress Myocardial Perfusion Imaging (MPI) -,9000,7650,,,,0.72,False
Bhubaneswar,17062025133614_CGHS Rates 2024 Bhubaneswar_.pdf,15,[601 [Coronary angiography tO 19225],601 [Coronary angiography tO 19225,,,,,,0.35,True
Bhubaneswar,17062025133614_CGHS Rates 2024 Bhubaneswar_.pdf,15,[602 [CT coronary angiography TOT 6855),602 [CT coronary angiography TOT 6855),,,,,,0.35,True
Bhubaneswar,17062025133614_CGHS Rates 2024 Bhubaneswar_.pdf,15,[603 [Cardiac CTsean raf 2813,603 [Cardiac CTsean raf,,,2813,,,0.5,True
Bhubaneswar,17062025133614_CGHS Rates 2024 Bhubaneswar_.pdf,15,[604 [CardiacMRE aT 28],604 [CardiacMRE aT 28,,,,,,0.35,True
Bhubaneswar,17062025133614_CGHS Rates 2024 Bhubaneswar_.pdf,15,[60s [Stress CardiacMRI_ T8000] 3450},60s [Stress CardiacMRI_ T8000] 3450},,,,,,0.35,True
Bhubaneswar,17062025133614_CGHS Rates 2024 Bhubaneswar_.pdf,15,"[606 [MRangiography, 5072] 5883)","606 [MRangiography, 5072] 5883)",,,,,,0.35,True
Bhubaneswar,17062025133614_CGHS Rates 2024 Bhubaneswar_.pdf,15,oo7_[cardiacPeT tf 1725],oo7_[cardiacPeT tf 1725,,,,,,0.35,True
Bhubaneswar,17062025133614_CGHS Rates 2024 Bhubaneswar_.pdf,15,[609 [Other Major Surgery 20000] 23000),609 [Other Major Surgery 20000] 23000),,,,,,0.35,True
Bhubaneswar,17062025133614_CGHS Rates 2024 Bhubaneswar_.pdf,15,[610 [Other Minor Surgery TO] 888],610 [Other Minor Surgery TO] 888,,,,,,0.35,True
Bhubaneswar,17062025133614_CGHS Rates 2024 Bhubaneswar_.pdf,15,[611 ___[Normal delivery with or without Episiotomy &P. repair | 8000[ 9200,611 ___[Normal delivery with or without Episiotomy &P. repair | 8000,,,9200,,,0.5,True
Bhubaneswar,17062025133614_CGHS Rates 2024 Bhubaneswar_.pdf,15,[612 [vacuumedelivery 8625] 9919,612 [vacuumedelivery 8625,,,9919,,,0.5,True
Bhubaneswar,17062025133614_CGHS Rates 2024 Bhubaneswar_.pdf,15,[s13 [Foreeps Delivery [8625] seo,s13 [Foreeps Delivery [8625] seo,,,,,,0.35,True
Bhubaneswar,17062025133614_CGHS Rates 2024 Bhubaneswar_.pdf,15,[oid [Cesarean Section(Cs) thf 16158],oid [Cesarean Section(Cs) thf 16158,,,,,,0.35,True
Bhubaneswar,17062025133614_CGHS Rates 2024 Bhubaneswar_.pdf,15,[61s [Cesarean Hysterectomy 88075] 28821],61s [Cesarean Hysterectomy 88075] 28821,,,,,,0.35,True
Bhubaneswar,17062025133614_CGHS Rates 2024 Bhubaneswar_.pdf,15,[616 [Rupture Uterus closure & repair with Tubal Ligation | 17250[ 19830,616 [Rupture Uterus closure & repair with Tubal Ligation | 17250,,,19830,,,0.5,True
Bhubaneswar,17062025133614_CGHS Rates 2024 Bhubaneswar_.pdf,15,[618 [Laparotomy for Ectopic pregnancy | 18800] 18870),618 [Laparotomy for Ectopic pregnancy | 18800] 18870),,,,,,0.35,True
Bhubaneswar,17062025133614_CGHS Rates 2024 Bhubaneswar_.pdf,15,[619 [Laparotomy-peritonitis Lavage and Drainage TAS 00[ 19225),619 [Laparotomy-peritonitis Lavage and Drainage TAS 00[ 19225),,,,,,0.35,True
Bhubaneswar,17062025133614_CGHS Rates 2024 Bhubaneswar_.pdf,15,[21 [Ovarian Cystectomy-laparoseopic. | t0880[ 11903],21 [Ovarian Cystectomy-laparoseopic. | t0880[ 11903,,,,,,0.35,True
Bhubaneswar,17062025133614_CGHS Rates 2024 Bhubaneswar_.pdf,15,"[s22]Ovarian- Cystectomy laparotomy, | 13800] 18879","s22]Ovarian- Cystectomy laparotomy, | 13800",,,18879,,,0.5,True
Bhubaneswar,17062025133614_CGHS Rates 2024 Bhubaneswar_.pdf,15,[623 [Salpingo-Oophorectomy-laparotomy | 14520] 15288,623 [Salpingo-Oophorectomy-laparotomy | 14520,,,15288,,,0.5,True
Bhubaneswar,17062025133614_CGHS Rates 2024 Bhubaneswar_.pdf,15,[625 [Exploration of perineal Haematoma & Repair | 8000] 9200,625 [Exploration of perineal Haematoma & Repair | 8000,,,9200,,,0.5,True
Bhubaneswar,17062025133614_CGHS Rates 2024 Bhubaneswar_.pdf,16,[c27 _|Manval RemovaofPhcenta—————SSCSCSCS~—~sCSCSC~« YC,c27 _|Manval RemovaofPhcenta—————SSCSCSCS~—~sCSCSC~« YC,,,,,,0.35,True
Bhubaneswar,17062025133614_CGHS Rates 2024 Bhubaneswar_.pdf,16,[c28 [Examinavion under anesthesia (EUA) id ———~t00| ‘ts,c28 [Examinavion under anesthesia (EUA) id ———~t00| ‘ts,,,,,,0.35,True
Bhubaneswar,17062025133614_CGHS Rates 2024 Bhubaneswar_.pdf,16,[s29—[Burstabdomen Repair) 20000 | 500,s29—[Burstabdomen Repair) 20000,,,500,,,0.5,True
Bhubaneswar,17062025133614_CGHS Rates 2024 Bhubaneswar_.pdf,16,[c20|Gaping Perineal Wound Secondary Suturing | 1656| 100,c20|Gaping Perineal Wound Secondary Suturing | 1656,,,100,,,0.5,True
Bhubaneswar,17062025133614_CGHS Rates 2024 Bhubaneswar_.pdf,16,[631 |Gaping abdominal wound Secondary Suturing | 3480] sos,631 |Gaping abdominal wound Secondary Suturing | 3480] sos,,,,,,0.35,True
Bhubaneswar,17062025133614_CGHS Rates 2024 Bhubaneswar_.pdf,16,[saz |Complete perineal eartepais 22,saz |Complete perineal eartepais,,,22,,,0.5,True
Bhubaneswar,17062025133614_CGHS Rates 2024 Bhubaneswar_.pdf,16,[633 [Exploration of PP-tear repair 3800] 402s,633 [Exploration of PP-tear repair 3800] 402s,,,,,,0.35,True
Bhubaneswar,17062025133614_CGHS Rates 2024 Bhubaneswar_.pdf,16,[s34 [Suction evacuation vescularmale | 8000] #750,s34 [Suction evacuation vescularmale | 8000] #750,,,,,,0.35,True
Bhubaneswar,17062025133614_CGHS Rates 2024 Bhubaneswar_.pdf,16,[s37 [Repair of pox-cofal war pecaeal njury __———~id—SSCS~« OBC,s37 [Repair of pox-cofal war pecaeal njury __———~id—SSCS~« OBC,,,,,,0.35,True
Bhubaneswar,17062025133614_CGHS Rates 2024 Bhubaneswar_.pdf,16,[ca8 [Excision of uretralcaruncle Sirsa,ca8 [Excision of uretralcaruncle Sirsa,,,,,,0.35,True
Bhubaneswar,17062025133614_CGHS Rates 2024 Bhubaneswar_.pdf,16,[s39__|shirodhkar/ MeDonald site [3220] 3703,s39__|shirodhkar/ MeDonald site [3220,,,3703,,,0.5,True
Bhubaneswar,17062025133614_CGHS Rates 2024 Bhubaneswar_.pdf,16,[Abdominal Hysterectomy with or without salpingo- 47250 79838,Abdominal Hysterectomy with or without salpingo-,79838,47250,,,,0.72,False
Bhubaneswar,17062025133614_CGHS Rates 2024 Bhubaneswar_.pdf,16,[cai |Non- descent Vaginal Hysersstomy (SDV) | 17250] 9039,cai |Non- descent Vaginal Hysersstomy (SDV) | 17250,,,9039,,,0.5,True
Bhubaneswar,17062025133614_CGHS Rates 2024 Bhubaneswar_.pdf,16,[css [Myomectomy -aparotomy 4000 | 009,css [Myomectomy -aparotomy 4000,,,009,,,0.5,True
Bhubaneswar,17062025133614_CGHS Rates 2024 Bhubaneswar_.pdf,16,[sas |Vaginoplasy 80],sas |Vaginoplasy 80,,,,,,0.35,True
Bhubaneswar,17062025133614_CGHS Rates 2024 Bhubaneswar_.pdf,16,[616 |Vuivectomy Simple Si «80 ——*s,616 |Vuivectomy Simple Si «80 ——*s,,,,,,0.35,True
Bhubaneswar,17062025133614_CGHS Rates 2024 Bhubaneswar_.pdf,16,[c47—[Wuivectomy-Radical | 8200] 10860,c47—[Wuivectomy-Radical | 8200,,,10860,,,0.5,True
Bhubaneswar,17062025133614_CGHS Rates 2024 Bhubaneswar_.pdf,16,[c48 |Rectovaginel Fistula (RV) Repair —————S—SCSCSCS~idCSCSC~S8 |,c48 |Rectovaginel Fistula (RV) Repair —————S—SCSCSCS~idCSCSC~S8,,,,,,0.35,True
Bhubaneswar,17062025133614_CGHS Rates 2024 Bhubaneswar_.pdf,16,[c49|Manchester Operation 18000] 7289,c49|Manchester Operation 18000,,,7289,,,0.5,True
Bhubaneswar,17062025133614_CGHS Rates 2024 Bhubaneswar_.pdf,16,[6=1_]Laparoscopic sling operations forprolape werus | 25200] 8080,6=1_]Laparoscopic sling operations forprolape werus | 25200,,,8080,,,0.5,True
Bhubaneswar,17062025133614_CGHS Rates 2024 Bhubaneswar_.pdf,16,[os2 [Diagnostic Curetage —SSSSSSSCSCSCS~dCSCSCSC~S |,os2 [Diagnostic Curetage —SSSSSSSCSCSCS~dCSCSCSC~S,,,,,,0.35,True
Bhubaneswar,17062025133614_CGHS Rates 2024 Bhubaneswar_.pdf,16,[os4|Polypectomy tt,os4|Polypectomy tt,,,,,,0.35,True
Bhubaneswar,17062025133614_CGHS Rates 2024 Bhubaneswar_.pdf,16,[sss |Other-Minor Operation Fndomewat | 2300] 2643,sss |Other-Minor Operation Fndomewat | 2300,,,2643,,,0.5,True
Bhubaneswar,17062025133614_CGHS Rates 2024 Bhubaneswar_.pdf,16,[6s6 Excision Vaginal CystBarholin Cyst [| $450| soe,6s6 Excision Vaginal CystBarholin Cyst [| $450| soe,,,,,,0.35,True
Bhubaneswar,17062025133614_CGHS Rates 2024 Bhubaneswar_.pdf,16,[6s7 [Excision Vaginal Septum | 4600] 200,6s7 [Excision Vaginal Septum | 4600,,,200,,,0.5,True
Bhubaneswar,17062025133614_CGHS Rates 2024 Bhubaneswar_.pdf,16,[662 [Toul laparoscopic hywereciomy ————S—SCS—~dCSCSCSC |,662 [Toul laparoscopic hywereciomy ————S—SCS—~dCSCSCSC,,,,,,0.35,True
Bhubaneswar,17062025133614_CGHS Rates 2024 Bhubaneswar_.pdf,16,663 Laparoscopic treatment of Ectopic pregnancy- 9775,663 Laparoscopic treatment of Ectopic pregnancy-,,,9775,,,0.5,True
Bhubaneswar,17062025133614_CGHS Rates 2024 Bhubaneswar_.pdf,16,[e6a—|Conission of cervix i,e6a—|Conission of cervix i,,,,,,0.35,True
Bhubaneswar,17062025133614_CGHS Rates 2024 Bhubaneswar_.pdf,16,[66s [Trachelectomy of cenix orcarly CA cowie ———~«Y ~~~ OO ——C«,66s [Trachelectomy of cenix orcarly CA cowie ———~«Y ~~~ OO ——C«,,,,,,0.35,True
Bhubaneswar,17062025133614_CGHS Rates 2024 Bhubaneswar_.pdf,17,[666 [Hysteroscopic cannulation T2875] 3808],666 [Hysteroscopic cannulation T2875] 3808,,,,,,0.35,True
Bhubaneswar,17062025133614_CGHS Rates 2024 Bhubaneswar_.pdf,17,667 Laparotomy recanalization of Fallopian tubes-,667 Laparotomy recanalization of Fallopian tubes-,,,,,,0.35,True
Bhubaneswar,17062025133614_CGHS Rates 2024 Bhubaneswar_.pdf,17,668 Laparoscopic recanalization of Fallopian tubes-,668 Laparoscopic recanalization of Fallopian tubes-,,,,,,0.35,True
Bhubaneswar,17062025133614_CGHS Rates 2024 Bhubaneswar_.pdf,17,[669 [Colposcopy BL 1108,669 [Colposcopy BL,,,1108,,,0.5,True
Bhubaneswar,17062025133614_CGHS Rates 2024 Bhubaneswar_.pdf,17,[670 [Inversion of Uterus— Vaginal Reposition | 2500] 2875],670 [Inversion of Uterus— Vaginal Reposition | 2500] 2875,,,,,,0.35,True
Bhubaneswar,17062025133614_CGHS Rates 2024 Bhubaneswar_.pdf,17,[671 [Inversion of Uterus Abdominal Reposition | 2500[ 2875),671 [Inversion of Uterus Abdominal Reposition | 2500[ 2875),,,,,,0.35,True
Bhubaneswar,17062025133614_CGHS Rates 2024 Bhubaneswar_.pdf,17,[672 |Laparoscopic Vesicovaginal Fistula (VVF) Repair | 25200[ 28980,672 |Laparoscopic Vesicovaginal Fistula (VVF) Repair | 25200,,,28980,,,0.5,True
Bhubaneswar,17062025133614_CGHS Rates 2024 Bhubaneswar_.pdf,17,[673 [Abdominal Vesicovaginal Fistula (VVF) Repair 25200[ 28980,673 [Abdominal Vesicovaginal Fistula (VVF) Repair 25200,,,28980,,,0.5,True
Bhubaneswar,17062025133614_CGHS Rates 2024 Bhubaneswar_.pdf,17,[674 [Vaginal Vesicovaginal Fistula (VVF) Repair | 25200[ 28980,674 [Vaginal Vesicovaginal Fistula (VVF) Repair | 25200,,,28980,,,0.5,True
Bhubaneswar,17062025133614_CGHS Rates 2024 Bhubaneswar_.pdf,17,675 Interventional Ultrasonography- Chorionic villus sampling 880,675 Interventional Ultrasonography- Chorionic villus sampling,,,880,,,0.5,True
Bhubaneswar,17062025133614_CGHS Rates 2024 Bhubaneswar_.pdf,17,o76 [Amniocentesis T8002],o76 [Amniocentesis T8002,,,,,,0.35,True
Bhubaneswar,17062025133614_CGHS Rates 2024 Bhubaneswar_.pdf,17,[677 [Karyotyping TBO 8,677 [Karyotyping TBO,,,8,,,0.5,True
Bhubaneswar,17062025133614_CGHS Rates 2024 Bhubaneswar_.pdf,17,[678 [Thermal balloon ablation. ESOL 18225),678 [Thermal balloon ablation. ESOL 18225),,,,,,0.35,True
Bhubaneswar,17062025133614_CGHS Rates 2024 Bhubaneswar_.pdf,17,[679 [Ultrasonographic myolysis T0203 11887,679 [Ultrasonographic myolysis T0203,,,11887,,,0.5,True
Bhubaneswar,17062025133614_CGHS Rates 2024 Bhubaneswar_.pdf,17,[680 [Vaginal Myomestomy | 10000] 150],680 [Vaginal Myomestomy | 10000] 150,,,,,,0.35,True
Bhubaneswar,17062025133614_CGHS Rates 2024 Bhubaneswar_.pdf,17,[681 [Intra Uterine Inseminition | 8201058),681 [Intra Uterine Inseminition | 8201058),,,,,,0.35,True
Bhubaneswar,17062025133614_CGHS Rates 2024 Bhubaneswar_.pdf,17,[682 [Intracytoplasmic sperm injection (CSI) | 11800| 18225),682 [Intracytoplasmic sperm injection (CSI) | 11800| 18225),,,,,,0.35,True
Bhubaneswar,17062025133614_CGHS Rates 2024 Bhubaneswar_.pdf,17,[683 [Laparotomy abdominal sacro-colpopexy | 15000[ 17250,683 [Laparotomy abdominal sacro-colpopexy | 15000,,,17250,,,0.5,True
Bhubaneswar,17062025133614_CGHS Rates 2024 Bhubaneswar_.pdf,17,[684 [Vaginal Colpopexy 22000] 25300],684 [Vaginal Colpopexy 22000] 25300,,,,,,0.35,True
Bhubaneswar,17062025133614_CGHS Rates 2024 Bhubaneswar_.pdf,17,[685 [Laparoscopic abdominal sacro-colpopexy | 20000] 23000),685 [Laparoscopic abdominal sacro-colpopexy | 20000] 23000),,,,,,0.35,True
Bhubaneswar,17062025133614_CGHS Rates 2024 Bhubaneswar_.pdf,17,[686 [Laparotomy pelvic Lymphadenectomy | 200[ 1380],686 [Laparotomy pelvic Lymphadenectomy | 200[ 1380,,,,,,0.35,True
Bhubaneswar,17062025133614_CGHS Rates 2024 Bhubaneswar_.pdf,17,[687 [Laparoscopic pelvic Lymphadenectomy | 8500] 40285),687 [Laparoscopic pelvic Lymphadenectomy | 8500] 40285),,,,,,0.35,True
Bhubaneswar,17062025133614_CGHS Rates 2024 Bhubaneswar_.pdf,17,[688 [Endometrial aspiration cytology/biopsy | S| 500],688 [Endometrial aspiration cytology/biopsy | S| 500,,,,,,0.35,True
Bhubaneswar,17062025133614_CGHS Rates 2024 Bhubaneswar_.pdf,17,689 Transvaginal sonography (TVS for Follicular monitioring,689 Transvaginal sonography (TVS for Follicular monitioring,,,,,,0.35,True
Bhubaneswar,17062025133614_CGHS Rates 2024 Bhubaneswar_.pdf,17,[690 [laparoscopic weatment for stess incontinence | 13500[ 18525,690 [laparoscopic weatment for stess incontinence | 13500,,,18525,,,0.5,True
Bhubaneswar,17062025133614_CGHS Rates 2024 Bhubaneswar_.pdf,17,[691 [Transvaginal tapes for Stressincontinence | 18000] 17250),691 [Transvaginal tapes for Stressincontinence | 18000] 17250),,,,,,0.35,True
Bhubaneswar,17062025133614_CGHS Rates 2024 Bhubaneswar_.pdf,17,[692 __[trans-obturator tapesfor Stress incontinence | 12000[ 13800),692 __[trans-obturator tapesfor Stress incontinence | 12000[ 13800),,,,,,0.35,True
Bhubaneswar,17062025133614_CGHS Rates 2024 Bhubaneswar_.pdf,17,[694 [Diagnostic cystoscopy TC 2875| 3808],694 [Diagnostic cystoscopy TC 2875| 3808,,,,,,0.35,True
Bhubaneswar,17062025133614_CGHS Rates 2024 Bhubaneswar_.pdf,17,[695 [Staging laparotomy surgery for Carcinoma Ovary | 6825| 7278,695 [Staging laparotomy surgery for Carcinoma Ovary | 6825,,,7278,,,0.5,True
Bhubaneswar,17062025133614_CGHS Rates 2024 Bhubaneswar_.pdf,17,[696 [internal Hine ligation T8808] 002,696 [internal Hine ligation T8808,,,002,,,0.5,True
Bhubaneswar,17062025133614_CGHS Rates 2024 Bhubaneswar_.pdf,17,[697 ___[stepwise devascularisation T9200] 10580,697 ___[stepwise devascularisation T9200,,,10580,,,0.5,True
Bhubaneswar,17062025133614_CGHS Rates 2024 Bhubaneswar_.pdf,17,[698 [Assisted breech delivery Tt] 12564],698 [Assisted breech delivery Tt] 12564,,,,,,0.35,True
Bhubaneswar,17062025133614_CGHS Rates 2024 Bhubaneswar_.pdf,17,[699 [intra-uterine fetal blood transfusion | 2tz75|2868|,699 [intra-uterine fetal blood transfusion | 2tz75|2868,,,,,,0.35,True
Bhubaneswar,17062025133614_CGHS Rates 2024 Bhubaneswar_.pdf,17,700 Hysteroscopy Transcervical Resection of Endometrium 9775|,700 Hysteroscopy Transcervical Resection of Endometrium 9775,,,,,,0.35,True
Bhubaneswar,17062025133614_CGHS Rates 2024 Bhubaneswar_.pdf,17,701 Hysteroscopy Removal of Intra-uterine Contraceptive 7500,701 Hysteroscopy Removal of Intra-uterine Contraceptive,,,7500,,,0.5,True
Bhubaneswar,17062025133614_CGHS Rates 2024 Bhubaneswar_.pdf,17,[702___[Hysteroscopy Removal ofSeptum | tt000]12650),702___[Hysteroscopy Removal ofSeptum | tt000]12650),,,,,,0.35,True
Bhubaneswar,17062025133614_CGHS Rates 2024 Bhubaneswar_.pdf,17,704 Radical Hysterectomy for Cancer cervix with pelvic 9775 |,704 Radical Hysterectomy for Cancer cervix with pelvic 9775,,,,,,0.35,True
Bhubaneswar,17062025133614_CGHS Rates 2024 Bhubaneswar_.pdf,18,705 Radical Hysterectomy for Cancer endometrium extending to cervix 8500 9775,705 Radical Hysterectomy for Cancer endometrium extending to cervix,9775,8500,,,,0.72,False
Bhubaneswar,17062025133614_CGHS Rates 2024 Bhubaneswar_.pdf,18,[707 [Sterilization interval (minilap) T8750 413,707 [Sterilization interval (minilap) T8750,,,413,,,0.5,True
Bhubaneswar,17062025133614_CGHS Rates 2024 Bhubaneswar_.pdf,18,[708 [Ultrasonography Level If scan/AnomalySean [| 500f 875,708 [Ultrasonography Level If scan/AnomalySean [| 500f,,,875,,,0.5,True
Bhubaneswar,17062025133614_CGHS Rates 2024 Bhubaneswar_.pdf,18,[713 [Quadmupletest_ TE 2000f 2800],713 [Quadmupletest_ TE 2000f 2800,,,,,,0.35,True
Bhubaneswar,17062025133614_CGHS Rates 2024 Bhubaneswar_.pdf,18,[714 [Biophysical score TSAO],714 [Biophysical score TSAO,,,,,,0.35,True
Bhubaneswar,17062025133614_CGHS Rates 2024 Bhubaneswar_.pdf,18,[715 [Other Major Surgery OT 25200f 28980],715 [Other Major Surgery OT 25200f 28980,,,,,,0.35,True
Bhubaneswar,17062025133614_CGHS Rates 2024 Bhubaneswar_.pdf,18,[716 fowter Minor Surgery 50008780},716 fowter Minor Surgery 50008780},,,,,,0.35,True
Bhubaneswar,17062025133614_CGHS Rates 2024 Bhubaneswar_.pdf,18,[717 [Partial Nephrectomy -open tts 18687],717 [Partial Nephrectomy -open tts 18687,,,,,,0.35,True
Bhubaneswar,17062025133614_CGHS Rates 2024 Bhubaneswar_.pdf,18,[718 [Partial Nephrectomy-Laparoscopicendoseopic | 14490| 16864],718 [Partial Nephrectomy-Laparoscopicendoseopic | 14490| 16864,,,,,,0.35,True
Bhubaneswar,17062025133614_CGHS Rates 2024 Bhubaneswar_.pdf,18,[719 [Nephrolithomy-open TT t2000f 13800],719 [Nephrolithomy-open TT t2000f 13800,,,,,,0.35,True
Bhubaneswar,17062025133614_CGHS Rates 2024 Bhubaneswar_.pdf,18,[720 __[Nephrolithomy -Laparoscopic/endoscopic_ [14000] 16100],720 __[Nephrolithomy -Laparoscopic/endoscopic_ [14000] 16100,,,,,,0.35,True
Bhubaneswar,17062025133614_CGHS Rates 2024 Bhubaneswar_.pdf,18,[721 [Pyelolithotomy-open T8000 14950],721 [Pyelolithotomy-open T8000 14950,,,,,,0.35,True
Bhubaneswar,17062025133614_CGHS Rates 2024 Bhubaneswar_.pdf,18,[722 [Pyelolithotomy -Laparoscopic/endoscopic_ sf t0s80f t2167|,722 [Pyelolithotomy -Laparoscopic/endoscopic_ sf t0s80f t2167,,,,,,0.35,True
Bhubaneswar,17062025133614_CGHS Rates 2024 Bhubaneswar_.pdf,18,[723 [Operations for Hydronephrosis -pyeloplasty open | t8400] 2160],723 [Operations for Hydronephrosis -pyeloplasty open | t8400] 2160,,,,,,0.35,True
Bhubaneswar,17062025133614_CGHS Rates 2024 Bhubaneswar_.pdf,18,[729 [Open Drainage of Perinephric Abscess a0 9200},729 [Open Drainage of Perinephric Abscess a0 9200},,,,,,0.35,True
Bhubaneswar,17062025133614_CGHS Rates 2024 Bhubaneswar_.pdf,18,[731__[Cavernostomy rst],731__[Cavernostomy rst,,,,,,0.35,True
Bhubaneswar,17062025133614_CGHS Rates 2024 Bhubaneswar_.pdf,18,[732 [Operations for Cystofthe Kidney -open tts 18784],732 [Operations for Cystofthe Kidney -open tts 18784,,,,,,0.35,True
Bhubaneswar,17062025133614_CGHS Rates 2024 Bhubaneswar_.pdf,18,[733 [Operations for Cystofthe Kidney -Lap/endoseopic [14030] 16135],733 [Operations for Cystofthe Kidney -Lap/endoseopic [14030] 16135,,,,,,0.35,True
Bhubaneswar,17062025133614_CGHS Rates 2024 Bhubaneswar_.pdf,18,[734 [Ureterolithotomy-open tata 18285],734 [Ureterolithotomy-open tata 18285,,,,,,0.35,True
Bhubaneswar,17062025133614_CGHS Rates 2024 Bhubaneswar_.pdf,18,[738 ___[Ureterolithotomy-Lap/Endoscopic | 10000[ 11500,738 ___[Ureterolithotomy-Lap/Endoscopic | 10000,,,11500,,,0.5,True
Bhubaneswar,17062025133614_CGHS Rates 2024 Bhubaneswar_.pdf,18,[737 __[Nephrouretereciomy -Lap/Endoscopic | t6t00[ 18515,737 __[Nephrouretereciomy -Lap/Endoscopic | t6t00,,,18515,,,0.5,True
Bhubaneswar,17062025133614_CGHS Rates 2024 Bhubaneswar_.pdf,18,[738 [Operations for Ureter for Double Ureters Sf t9000f 21880],738 [Operations for Ureter for Double Ureters Sf t9000f 21880,,,,,,0.35,True
Bhubaneswar,17062025133614_CGHS Rates 2024 Bhubaneswar_.pdf,19,741 Operations for Vesicoureteric Reflux (VUR)- 18000 20700,741 Operations for Vesicoureteric Reflux (VUR)-,20700,18000,,,,0.72,False
Bhubaneswar,17062025133614_CGHS Rates 2024 Bhubaneswar_.pdf,19,742 Operations for Vesicoureteric Reflux (VUR)/ Urinary 20700,742 Operations for Vesicoureteric Reflux (VUR)/ Urinary,,,20700,,,0.5,True
Bhubaneswar,17062025133614_CGHS Rates 2024 Bhubaneswar_.pdf,19,[728 —_[Ureerostmy = Cutaneous tr |,728 —_[Ureerostmy = Cutaneous tr,,,,,,0.35,True
Bhubaneswar,17062025133614_CGHS Rates 2024 Bhubaneswar_.pdf,19,[748 [Formation ofan Teal Conduit | 1ras0| oss],748 [Formation ofan Teal Conduit | 1ras0| oss,,,,,,0.35,True
Bhubaneswar,17062025133614_CGHS Rates 2024 Bhubaneswar_.pdf,19,[r46 [Ure Caheterisnon ara | 00,r46 [Ure Caheterisnon ara,,,00,,,0.5,True
Bhubaneswar,17062025133614_CGHS Rates 2024 Bhubaneswar_.pdf,19,[r47 [Biopsy of badder (Cysomspisy | 2300 26a,r47 [Biopsy of badder (Cysomspisy | 2300 26a,,,,,,0.35,True
Bhubaneswar,17062025133614_CGHS Rates 2024 Bhubaneswar_.pdf,19,[ras —[cyso-Litolpaxy 9 | a,ras —[cyso-Litolpaxy 9 | a,,,,,,0.35,True
Bhubaneswar,17062025133614_CGHS Rates 2024 Bhubaneswar_.pdf,19,[p49 [operations for injures of ie dee | 10000| 0,p49 [operations for injures of ie dee | 10000,,,0,,,0.5,True
Bhubaneswar,17062025133614_CGHS Rates 2024 Bhubaneswar_.pdf,19,[250 [suprapubic Danage(Cysosomy vesconomy) [| _s400] er],250 [suprapubic Danage(Cysosomy vesconomy) [| _s400] er,,,,,,0.35,True
Bhubaneswar,17062025133614_CGHS Rates 2024 Bhubaneswar_.pdf,19,[iss _[Diveniulctomy- Lap Endomapie | tsao0 ave],iss _[Diveniulctomy- Lap Endomapie | tsao0 ave,,,,,,0.35,True
Bhubaneswar,17062025133614_CGHS Rates 2024 Bhubaneswar_.pdf,19,[isa [Diverisulestomy -Endoscopiciciion ofmesk [1725 108,isa [Diverisulestomy -Endoscopiciciion ofmesk [1725,,,108,,,0.5,True
Bhubaneswar,17062025133614_CGHS Rates 2024 Bhubaneswar_.pdf,19,[760 [Repair of Ureerooel-Lap/Eadancopis———_____|__14a7s| ress,760 [Repair of Ureerooel-Lap/Eadancopis———_____|__14a7s| ress,,,,,,0.35,True
Bhubaneswar,17062025133614_CGHS Rates 2024 Bhubaneswar_.pdf,19,[rot [Repair of UreerooeI Endoscopic inciton | 15000] 0],rot [Repair of UreerooeI Endoscopic inciton | 15000] 0,,,,,,0.35,True
Bhubaneswar,17062025133614_CGHS Rates 2024 Bhubaneswar_.pdf,19,[762 [open Suprapubic Prosuieciomy | 20700] 300,762 [open Suprapubic Prosuieciomy | 20700,,,300,,,0.5,True
Bhubaneswar,17062025133614_CGHS Rates 2024 Bhubaneswar_.pdf,19,[763 [Open Retropubic Prostatectomy T2025] 29148,763 [Open Retropubic Prostatectomy T2025,,,29148,,,0.5,True
Bhubaneswar,17062025133614_CGHS Rates 2024 Bhubaneswar_.pdf,19,[761 —_[Transretiral Resection of Prosate(TURR) | tsea0| 4a,761 —_[Transretiral Resection of Prosate(TURR) | tsea0| 4a,,,,,,0.35,True
Bhubaneswar,17062025133614_CGHS Rates 2024 Bhubaneswar_.pdf,19,[r6s—[Urehrossopy'Cysopanendoscopy | #200] #z,r6s—[Urehrossopy'Cysopanendoscopy | #200] #z,,,,,,0.35,True
Bhubaneswar,17062025133614_CGHS Rates 2024 Bhubaneswar_.pdf,19,[766 [Internal urethrromy optical | 370] «sm,766 [Internal urethrromy optical | 370] «sm,,,,,,0.35,True
Bhubaneswar,17062025133614_CGHS Rates 2024 Bhubaneswar_.pdf,19,[r67 —[Toternal urthroromy Core trough weeiropinay | _troaal a6],r67 —[Toternal urthroromy Core trough weeiropinay | _troaal a6,,,,,,0.35,True
Bhubaneswar,17062025133614_CGHS Rates 2024 Bhubaneswar_.pdf,19,[768 [Urethral Reconsrcton -End wo end anstamos [3480] 20a,768 [Urethral Reconsrcton -End wo end anstamos [3480] 20a,,,,,,0.35,True
Bhubaneswar,17062025133614_CGHS Rates 2024 Bhubaneswar_.pdf,19,769 Urethral Reconstruction - substitution urethroplasty,769 Urethral Reconstruction - substitution urethroplasty,,,,,,0.35,True
Bhubaneswar,17062025133614_CGHS Rates 2024 Bhubaneswar_.pdf,19,[770 —_[Abdomino Perineal urethroplasty | +4000| 16100],770 —_[Abdomino Perineal urethroplasty | +4000| 16100,,,,,,0.35,True
Bhubaneswar,17062025133614_CGHS Rates 2024 Bhubaneswar_.pdf,19,[771 —[Poseroe Urethral Valve fulgvenion [11270] ‘a0,771 —[Poseroe Urethral Valve fulgvenion [11270] ‘a0,,,,,,0.35,True
Bhubaneswar,17062025133614_CGHS Rates 2024 Bhubaneswar_.pdf,19,[273 operations for Incontinence of Urine - Male-Sing | t#400] 70,273 operations for Incontinence of Urine - Male-Sing | t#400,,,70,,,0.5,True
Bhubaneswar,17062025133614_CGHS Rates 2024 Bhubaneswar_.pdf,19,[77s [Operations for continence of Ue Female-Open_|__1raso| 1],77s [Operations for continence of Ue Female-Open_|__1raso| 1,,,,,,0.35,True
Bhubaneswar,17062025133614_CGHS Rates 2024 Bhubaneswar_.pdf,19,[776 [Operations for Incontinence of Urine = Female-Sing | ts4o0] 276,776 [Operations for Incontinence of Urine = Female-Sing | ts4o0,,,276,,,0.5,True
Bhubaneswar,17062025133614_CGHS Rates 2024 Bhubaneswar_.pdf,19,117 Operations for Incontinence of Urine - Female-Bulking,117 Operations for Incontinence of Urine - Female-Bulking,,,,,,0.35,True
Bhubaneswar,17062025133614_CGHS Rates 2024 Bhubaneswar_.pdf,19,[778 [Reduction of Paraphimosis TR] 1988,778 [Reduction of Paraphimosis TR,,,1988,,,0.5,True
Bhubaneswar,17062025133614_CGHS Rates 2024 Bhubaneswar_.pdf,19,[779 —cicumeison 3000 | 2a,779 —cicumeison 3000 | 2a,,,,,,0.35,True
Bhubaneswar,17062025133614_CGHS Rates 2024 Bhubaneswar_.pdf,19,[780 |Meatotomy 2846] 2808,780 |Meatotomy 2846,,,2808,,,0.5,True
Bhubaneswar,17062025133614_CGHS Rates 2024 Bhubaneswar_.pdf,19,[rsx [Menton 322 | ar,rsx [Menton 322 | ar,,,,,,0.35,True
Bhubaneswar,17062025133614_CGHS Rates 2024 Bhubaneswar_.pdf,20,[FS [Operations for ypospadias = Chonlee Conecion | o20|,FS [Operations for ypospadias = Chonlee Conecion | o20,,,,,,0.35,True
Bhubaneswar,17062025133614_CGHS Rates 2024 Bhubaneswar_.pdf,20,[783 [Operations for Hypospadias- Second Suge | #8000] __¥s0,783 [Operations for Hypospadias- Second Suge | #8000] __¥s0,,,,,,0.35,True
Bhubaneswar,17062025133614_CGHS Rates 2024 Bhubaneswar_.pdf,20,[384 [Operations for Hypospadias-Oue Stage Repair [| 9200] 1800,384 [Operations for Hypospadias-Oue Stage Repair [| 9200,,,1800,,,0.5,True
Bhubaneswar,17062025133614_CGHS Rates 2024 Bhubaneswar_.pdf,20,[385 [Operations for Crippled Hiypospadias | ¥¥500] 1325,385 [Operations for Crippled Hiypospadias | ¥¥500,,,1325,,,0.5,True
Bhubaneswar,17062025133614_CGHS Rates 2024 Bhubaneswar_.pdf,20,[r86 [Operations for Epispadias primary repar | 2593] 1d,r86 [Operations for Epispadias primary repar | 2593] 1d,,,,,,0.35,True
Bhubaneswar,17062025133614_CGHS Rates 2024 Bhubaneswar_.pdf,20,[387 [Operations for Epispadias- crippled epispadiss | 14385] 1003,387 [Operations for Epispadias- crippled epispadiss | 14385,,,1003,,,0.5,True
Bhubaneswar,17062025133614_CGHS Rates 2024 Bhubaneswar_.pdf,20,[F89——[Total amputation oF the Penis [| #2000] 100,F89——[Total amputation oF the Penis [| #2000,,,100,,,0.5,True
Bhubaneswar,17062025133614_CGHS Rates 2024 Bhubaneswar_.pdf,20,[790 JOrchidectomy-simple [| _sv7s|_ va,790 JOrchidectomy-simple [| _sv7s|_ va,,,,,,0.35,True
Bhubaneswar,17062025133614_CGHS Rates 2024 Bhubaneswar_.pdf,20,[798 [Epiidymectomy | 15838] 1070,798 [Epiidymectomy | 15838,,,1070,,,0.5,True
Bhubaneswar,17062025133614_CGHS Rates 2024 Bhubaneswar_.pdf,20,794 Adreneclectomy Unilateral/Bilateral for Tumour/For,794 Adreneclectomy Unilateral/Bilateral for Tumour/For,,,,,,0.35,True
Bhubaneswar,17062025133614_CGHS Rates 2024 Bhubaneswar_.pdf,20,795 |Adreneclectomy Unilateral/Bilateral for Tumour/For 14375 in—e_- | |,Adreneclectomy Unilateral/Bilateral for Tumour/For 14375 in—e_-,,,,,,0.35,True
Bhubaneswar,17062025133614_CGHS Rates 2024 Bhubaneswar_.pdf,20,[i5é—[Opsrations for Hydrocele -Unilteral | 5865] 67,i5é—[Opsrations for Hydrocele -Unilteral | 5865,,,67,,,0.5,True
Bhubaneswar,17062025133614_CGHS Rates 2024 Bhubaneswar_.pdf,20,[797 [Operations for Hydrocele- Bilateral | #556] 39,797 [Operations for Hydrocele- Bilateral | #556,,,39,,,0.5,True
Bhubaneswar,17062025133614_CGHS Rates 2024 Bhubaneswar_.pdf,20,[798 [Operation for Torsion of Tesi [| ¥¥500| 15 eee ansatamosis .,798 [Operation for Torsion of Tesi [| ¥¥500| 15 eee ansatamosis .,,,,,,0.35,True
Bhubaneswar,17062025133614_CGHS Rates 2024 Bhubaneswar_.pdf,20,[so1 [Operations for Varicosele Palomo’s Unilateral -Lap[ 9200] 10800,so1 [Operations for Varicosele Palomo’s Unilateral -Lap[ 9200,,,10800,,,0.5,True
Bhubaneswar,17062025133614_CGHS Rates 2024 Bhubaneswar_.pdf,20,[s02 [Operations for Varicocele Bilateral ~Microsurgical | 42650] 159,s02 [Operations for Varicocele Bilateral ~Microsurgical | 42650,,,159,,,0.5,True
Bhubaneswar,17062025133614_CGHS Rates 2024 Bhubaneswar_.pdf,20,[s03 [Operations for Varicosele Bilateral —Lap/ Palomo [1490 1709 Yee ieee,s03 [Operations for Varicosele Bilateral —Lap/ Palomo [1490 1709 Yee ieee,,,,,,0.35,True
Bhubaneswar,17062025133614_CGHS Rates 2024 Bhubaneswar_.pdf,20,[soe [Excision of Fatal Scrotum [7500 | 5,soe [Excision of Fatal Scrotum [7500,,,5,,,0.5,True
Bhubaneswar,17062025133614_CGHS Rates 2024 Bhubaneswar_.pdf,20,"808 ‘Kidney Transplantation (Spousal/ unrelated) Including 300000 "" —=—7 | ||","808 ‘Kidney Transplantation (Spousal/ unrelated) Including 300000 "" —=—7",,,,,,0.35,True
Bhubaneswar,17062025133614_CGHS Rates 2024 Bhubaneswar_.pdf,20,[S05 [ABO incompatible Trasplanaiion #0000] 5660,S05 [ABO incompatible Trasplanaiion #0000,,,5660,,,0.5,True
Bhubaneswar,17062025133614_CGHS Rates 2024 Bhubaneswar_.pdf,20,[s10_[Swap Transplanaton | 30000] +200,s10_[Swap Transplanaton | 30000] +200,,,,,,0.35,True
Bhubaneswar,17062025133614_CGHS Rates 2024 Bhubaneswar_.pdf,20,[six [Kidney Transplant Gra Nephrectomy [59500] ons,six [Kidney Transplant Gra Nephrectomy [59500] ons,,,,,,0.35,True
Bhubaneswar,17062025133614_CGHS Rates 2024 Bhubaneswar_.pdf,20,[siz [Donor Nephrectomy (open) iY 28750],siz [Donor Nephrectomy (open) iY 28750,,,,,,0.35,True
Bhubaneswar,17062025133614_CGHS Rates 2024 Bhubaneswar_.pdf,20,[s13 [Donor Nephrectomy (Laparoscopic) [| asu00| 5000,s13 [Donor Nephrectomy (Laparoscopic) [| asu00,,,5000,,,0.5,True
Bhubaneswar,17062025133614_CGHS Rates 2024 Bhubaneswar_.pdf,20,[sts [Cadaver Transplantation | xa00] 9525,sts [Cadaver Transplantation | xa00,,,9525,,,0.5,True
Bhubaneswar,17062025133614_CGHS Rates 2024 Bhubaneswar_.pdf,20,Kidney Transplant with Native Kidney Nephrectomy 28000 ina (ire,Kidney Transplant with Native Kidney Nephrectomy 28000 ina (ire,,,,,,0.35,True
Bhubaneswar,17062025133614_CGHS Rates 2024 Bhubaneswar_.pdf,20,816 Kidney Transplant with Native Kidney Nephrectomy 85000 97750 ia (ee,816 Kidney Transplant with Native Kidney Nephrectomy 85000 97750 ia (ee,,,,,,0.35,True
Bhubaneswar,17062025133614_CGHS Rates 2024 Bhubaneswar_.pdf,20,$17 Kidney Transplant with Native Kidney Nephrectomy 85000 97750 PP [emeattauedtniowt PO,$17 Kidney Transplant with Native Kidney Nephrectomy 85000 97750 PP [emeattauedtniowt PO,,,,,,0.35,True
Bhubaneswar,17062025133614_CGHS Rates 2024 Bhubaneswar_.pdf,21,818 Kidney Transplant with Native Kidney Nephrectomy 85000 9750,818 Kidney Transplant with Native Kidney Nephrectomy,9750,85000,,,,0.72,False
Bhubaneswar,17062025133614_CGHS Rates 2024 Bhubaneswar_.pdf,21,Post-Transplant Collection drainage for Lymphocele 6800 7820,Post-Transplant Collection drainage for Lymphocele,7820,6800,,,,0.72,False
Bhubaneswar,17062025133614_CGHS Rates 2024 Bhubaneswar_.pdf,21,Post-Transplant Collection drainage for Lymphocele 7650 8798,Post-Transplant Collection drainage for Lymphocele,8798,7650,,,,0.72,False
Bhubaneswar,17062025133614_CGHS Rates 2024 Bhubaneswar_.pdf,21,[822 [Arteriovenous Fistula for Haemodialysis | 2800] 2845],822 [Arteriovenous Fistula for Haemodialysis | 2800] 2845,,,,,,0.35,True
Bhubaneswar,17062025133614_CGHS Rates 2024 Bhubaneswar_.pdf,21,[823 [Arteriovenous Shunt for Haemodialysis | 8800[ 4025),823 [Arteriovenous Shunt for Haemodialysis | 8800[ 4025),,,,,,0.35,True
Bhubaneswar,17062025133614_CGHS Rates 2024 Bhubaneswar_.pdf,21,[824 [Jugular Catheterization for Haemodialysis | 1500] 1725),824 [Jugular Catheterization for Haemodialysis | 1500] 1725),,,,,,0.35,True
Bhubaneswar,17062025133614_CGHS Rates 2024 Bhubaneswar_.pdf,21,[825 __[Subclavian Catheterization for Hacmodialysis | 2260[ 2588,825 __[Subclavian Catheterization for Hacmodialysis | 2260,,,2588,,,0.5,True
Bhubaneswar,17062025133614_CGHS Rates 2024 Bhubaneswar_.pdf,21,827 Bilateral (single Lumen) Femoral Catheterization for 1725),827 Bilateral (single Lumen) Femoral Catheterization for 1725),,,,,,0.35,True
Bhubaneswar,17062025133614_CGHS Rates 2024 Bhubaneswar_.pdf,21,[829 [Permeath Insertion T2820] 2808),829 [Permeath Insertion T2820] 2808),,,,,,0.35,True
Bhubaneswar,17062025133614_CGHS Rates 2024 Bhubaneswar_.pdf,21,[830 __[Arterio venous Prosthetic Graft__— | 850] 2128),830 __[Arterio venous Prosthetic Graft__— | 850] 2128),,,,,,0.35,True
Bhubaneswar,17062025133614_CGHS Rates 2024 Bhubaneswar_.pdf,21,[831 [Single lumen Jugular Catheterization | 100] 1725,831 [Single lumen Jugular Catheterization | 100,,,1725,,,0.5,True
Bhubaneswar,17062025133614_CGHS Rates 2024 Bhubaneswar_.pdf,21,[832 ___|Single lumen Subclavian Catheterization | 700[ 1958),832 ___|Single lumen Subclavian Catheterization | 700[ 1958),,,,,,0.35,True
Bhubaneswar,17062025133614_CGHS Rates 2024 Bhubaneswar_.pdf,21,[833 [Plasma Exchange/ Plasmapheresis | 17281988,833 [Plasma Exchange/ Plasmapheresis,,,17281988,,,0.5,True
Bhubaneswar,17062025133614_CGHS Rates 2024 Bhubaneswar_.pdf,21,[836 [Sustained low efficiency haemodialysis /hemodialysis | 1250] 1438],836 [Sustained low efficiency haemodialysis /hemodialysis | 1250] 1438,,,,,,0.35,True
Bhubaneswar,17062025133614_CGHS Rates 2024 Bhubaneswar_.pdf,21,837 Continuous Veno venous/Arteriovenous Haemofilteration,837 Continuous Veno venous/Arteriovenous Haemofilteration,,,,,,0.35,True
Bhubaneswar,17062025133614_CGHS Rates 2024 Bhubaneswar_.pdf,21,[838 ___[Haemodialysis / Hemodialysis for Sero negativecases__ | 1260[ 1440],838 ___[Haemodialysis / Hemodialysis for Sero negativecases__ | 1260[ 1440,,,,,,0.35,True
Bhubaneswar,17062025133614_CGHS Rates 2024 Bhubaneswar_.pdf,21,[839 [Haemodialysis /Hemodialysis for Sero Positive cases | 4530[ 1760],839 [Haemodialysis /Hemodialysis for Sero Positive cases | 4530[ 1760,,,,,,0.35,True
Bhubaneswar,17062025133614_CGHS Rates 2024 Bhubaneswar_.pdf,21,[s40 Acute Peritoneal Dialysis | 88085[,s40 Acute Peritoneal Dialysis | 88085,,,,,,0.35,True
Bhubaneswar,17062025133614_CGHS Rates 2024 Bhubaneswar_.pdf,21,[841 [Fistwlogram for Arteriovenous Fistula | 2500] 2875],841 [Fistwlogram for Arteriovenous Fistula | 2500] 2875,,,,,,0.35,True
Bhubaneswar,17062025133614_CGHS Rates 2024 Bhubaneswar_.pdf,21,[842 [Ultrasound guided Kidney Bipsy T0878),842 [Ultrasound guided Kidney Bipsy T0878),,,,,,0.35,True
Bhubaneswar,17062025133614_CGHS Rates 2024 Bhubaneswar_.pdf,21,[843 [Fistula stenosisdilation T8000] 340],843 [Fistula stenosisdilation T8000] 340,,,,,,0.35,True
Bhubaneswar,17062025133614_CGHS Rates 2024 Bhubaneswar_.pdf,21,|s44 [Slow continuous Ultrfilteration | 2800[ 2875),s44 [Slow continuous Ultrfilteration | 2800[ 2875),,,,,,0.35,True
Bhubaneswar,17062025133614_CGHS Rates 2024 Bhubaneswar_.pdf,21,[845 [Percutaneous Nephrolithotomy (PCNL)- Unilateral | 20000[ 23000),845 [Percutaneous Nephrolithotomy (PCNL)- Unilateral | 20000[ 23000),,,,,,0.35,True
Bhubaneswar,17062025133614_CGHS Rates 2024 Bhubaneswar_.pdf,21,[846 __| Percutaneous Nephrolithotomy (PCNL) -Bilateral_ [25000] 28750,846 __| Percutaneous Nephrolithotomy (PCNL) -Bilateral_ [25000,,,28750,,,0.5,True
Bhubaneswar,17062025133614_CGHS Rates 2024 Bhubaneswar_.pdf,21,[847 [Endoscopic Bulking agentInject_—— | 800] 87S,847 [Endoscopic Bulking agentInject_—— | 800] 87S,,,,,,0.35,True
Bhubaneswar,17062025133614_CGHS Rates 2024 Bhubaneswar_.pdf,21,[s48__[TesticularBiopsy Tt 228],s48__[TesticularBiopsy Tt 228,,,,,,0.35,True
Bhubaneswar,17062025133614_CGHS Rates 2024 Bhubaneswar_.pdf,21,[849 [Radical Nephrectomy-Open | 17250] 19838),849 [Radical Nephrectomy-Open | 17250] 19838),,,,,,0.35,True
Bhubaneswar,17062025133614_CGHS Rates 2024 Bhubaneswar_.pdf,21,[850__ [Radical Nephrectomy -Lap/Endoscopic | 20700] 23808),850__ [Radical Nephrectomy -Lap/Endoscopic | 20700] 23808),,,,,,0.35,True
Bhubaneswar,17062025133614_CGHS Rates 2024 Bhubaneswar_.pdf,21,[851__[Radical Nephrectomy plusIV thrombus] 28000] 28450],851__[Radical Nephrectomy plusIV thrombus] 28000] 28450,,,,,,0.35,True
Bhubaneswar,17062025133614_CGHS Rates 2024 Bhubaneswar_.pdf,21,[854 [Vesicovaginal Fistula (VVF) Repair (Laparoscopic) | 24000] 24180],854 [Vesicovaginal Fistula (VVF) Repair (Laparoscopic) | 24000] 24180,,,,,,0.35,True
Bhubaneswar,17062025133614_CGHS Rates 2024 Bhubaneswar_.pdf,22,[855___[Radical Cystectomy -Ileal conduit 170007 19580],855___[Radical Cystectomy -Ileal conduit 170007 19580,,,,,,0.35,True
Bhubaneswar,17062025133614_CGHS Rates 2024 Bhubaneswar_.pdf,22,[856 [Radical Cystectomy -continentdiversion. | 15000[ 17250),856 [Radical Cystectomy -continentdiversion. | 15000[ 17250),,,,,,0.35,True
Bhubaneswar,17062025133614_CGHS Rates 2024 Bhubaneswar_.pdf,22,|857__|Radical Cystectomy —Neo bladder | 18850] 19148),857__|Radical Cystectomy —Neo bladder | 18850] 19148),,,,,,0.35,True
Bhubaneswar,17062025133614_CGHS Rates 2024 Bhubaneswar_.pdf,22,[858 [Nephrectomy Simple-Open T0074] 118885),858 [Nephrectomy Simple-Open T0074] 118885),,,,,,0.35,True
Bhubaneswar,17062025133614_CGHS Rates 2024 Bhubaneswar_.pdf,22,[859 [Nephrectomy Simple-lap/Endoscopic | 12000] 13800],859 [Nephrectomy Simple-lap/Endoscopic | 12000] 13800,,,,,,0.35,True
Bhubaneswar,17062025133614_CGHS Rates 2024 Bhubaneswar_.pdf,22,[860 ___[Nephrostomy-Open T1000] 1800],860 ___[Nephrostomy-Open T1000] 1800,,,,,,0.35,True
Bhubaneswar,17062025133614_CGHS Rates 2024 Bhubaneswar_.pdf,22,[861 [Nephrostomy -Lap/Endoscopic | taf 1230],861 [Nephrostomy -Lap/Endoscopic | taf 1230,,,,,,0.35,True
Bhubaneswar,17062025133614_CGHS Rates 2024 Bhubaneswar_.pdf,22,Ureteric Reimplant for Megaureter/Vesicoureteric reflux/ 12068,Ureteric Reimplant for Megaureter/Vesicoureteric reflux/,,,12068,,,0.5,True
Bhubaneswar,17062025133614_CGHS Rates 2024 Bhubaneswar_.pdf,22,863 Ureteric Reimplant for Megaureter/Vesicoureteric reflux/ 10494 12068,863 Ureteric Reimplant for Megaureter/Vesicoureteric reflux/,12068,10494,,,,0.72,False
Bhubaneswar,17062025133614_CGHS Rates 2024 Bhubaneswar_.pdf,22,Transurethral Resection of Prostate (TURP) & Transurethral 17250 19838,Transurethral Resection of Prostate (TURP) & Transurethral,19838,17250,,,,0.72,False
Bhubaneswar,17062025133614_CGHS Rates 2024 Bhubaneswar_.pdf,22,866 Transurethral Resection of Prostate (TURP) with 17000,866 Transurethral Resection of Prostate (TURP) with,,,17000,,,0.5,True
Bhubaneswar,17062025133614_CGHS Rates 2024 Bhubaneswar_.pdf,22,[867 [Closure of Urethral Fila ttf 12680],867 [Closure of Urethral Fila ttf 12680,,,,,,0.35,True
Bhubaneswar,17062025133614_CGHS Rates 2024 Bhubaneswar_.pdf,22,[868 |Orchidopexy - Unilateral Open] 967] __t73a7,868 |Orchidopexy - Unilateral Open] 967] __t73a7,,,,,,0.35,True
Bhubaneswar,17062025133614_CGHS Rates 2024 Bhubaneswar_.pdf,22,[869 [Orchidopexy - Unilateral-Lap/Endoscopic | 12834] 14184,869 [Orchidopexy - Unilateral-Lap/Endoscopic | 12834,,,14184,,,0.5,True
Bhubaneswar,17062025133614_CGHS Rates 2024 Bhubaneswar_.pdf,22,[870 __[Orchidopexy -Bilateral-Open T8282] 14128,870 __[Orchidopexy -Bilateral-Open T8282,,,14128,,,0.5,True
Bhubaneswar,17062025133614_CGHS Rates 2024 Bhubaneswar_.pdf,22,[871 __[Orchidopexy - Bilateral-Lap/Endoscopic | 14500[ 16875],871 __[Orchidopexy - Bilateral-Lap/Endoscopic | 14500[ 16875,,,,,,0.35,True
Bhubaneswar,17062025133614_CGHS Rates 2024 Bhubaneswar_.pdf,22,[872 __[Cystolithotomy -Suprapubic T9518],872 __[Cystolithotomy -Suprapubic T9518,,,,,,0.35,True
Bhubaneswar,17062025133614_CGHS Rates 2024 Bhubaneswar_.pdf,22,[873 [Endoscopic Removal of Stone in Bladder__— | 8450] 3968),873 [Endoscopic Removal of Stone in Bladder__— | 8450] 3968),,,,,,0.35,True
Bhubaneswar,17062025133614_CGHS Rates 2024 Bhubaneswar_.pdf,22,874 Resection Bladder Neck Endoscopic /Bladder neck,874 Resection Bladder Neck Endoscopic /Bladder neck,,,,,,0.35,True
Bhubaneswar,17062025133614_CGHS Rates 2024 Bhubaneswar_.pdf,22,[875 [Ureteroscopic Surgery | 103850] 11903),875 [Ureteroscopic Surgery | 103850] 11903),,,,,,0.35,True
Bhubaneswar,17062025133614_CGHS Rates 2024 Bhubaneswar_.pdf,22,[876 ___[Urethroplasty IstStage T0928 | 12568,876 ___[Urethroplasty IstStage T0928,,,12568,,,0.5,True
Bhubaneswar,17062025133614_CGHS Rates 2024 Bhubaneswar_.pdf,22,[s7__|Scrotal Exploration 88] 8888],s7__|Scrotal Exploration 88] 8888,,,,,,0.35,True
Bhubaneswar,17062025133614_CGHS Rates 2024 Bhubaneswar_.pdf,22,[s78 [Perineal Urethrostomy TA 820|,s78 [Perineal Urethrostomy TA 820,,,,,,0.35,True
Bhubaneswar,17062025133614_CGHS Rates 2024 Bhubaneswar_.pdf,22,[879 [Dilatation of Swicture Urethra underG.A | 2000] 2800],879 [Dilatation of Swicture Urethra underG.A | 2000] 2800,,,,,,0.35,True
Bhubaneswar,17062025133614_CGHS Rates 2024 Bhubaneswar_.pdf,22,[880 [Dilatation of Stricture UrethraunderLA | t680f 192],880 [Dilatation of Stricture UrethraunderLA | t680f 192,,,,,,0.35,True
Bhubaneswar,17062025133614_CGHS Rates 2024 Bhubaneswar_.pdf,22,881 Laparoscopic Nephrectomy (Select CGHS rate Code 508,881 Laparoscopic Nephrectomy (Select CGHS rate Code,,,508,,,0.5,True
Bhubaneswar,17062025133614_CGHS Rates 2024 Bhubaneswar_.pdf,22,[s82 | Laparoscopic partial Nephrectomy | twooa] 150],s82 | Laparoscopic partial Nephrectomy | twooa] 150,,,,,,0.35,True
Bhubaneswar,17062025133614_CGHS Rates 2024 Bhubaneswar_.pdf,22,[883 [Laparoscopic pyelolithotomy T2680] 14548,883 [Laparoscopic pyelolithotomy T2680,,,14548,,,0.5,True
Bhubaneswar,17062025133614_CGHS Rates 2024 Bhubaneswar_.pdf,22,[884 [Laparoscopic Pyeloplasty TST 12a],884 [Laparoscopic Pyeloplasty TST 12a,,,,,,0.35,True
Bhubaneswar,17062025133614_CGHS Rates 2024 Bhubaneswar_.pdf,22,[885__ [Laparoscopic surgery for Renaleyst | 9751128,885__ [Laparoscopic surgery for Renaleyst,,,9751128,,,0.5,True
Bhubaneswar,17062025133614_CGHS Rates 2024 Bhubaneswar_.pdf,22,[886 [Laparoscopic weterolithotomy TOOT 18225),886 [Laparoscopic weterolithotomy TOOT 18225),,,,,,0.35,True
Bhubaneswar,17062025133614_CGHS Rates 2024 Bhubaneswar_.pdf,22,[887 [Laparoscopic Nephroureterectomy TC 18225[ 15209,887 [Laparoscopic Nephroureterectomy TC 18225,,,15209,,,0.5,True
Bhubaneswar,17062025133614_CGHS Rates 2024 Bhubaneswar_.pdf,22,[888__[Extracorporeal Shock Wave Lithotripsy (ESWL) | 19550] 22483),888__[Extracorporeal Shock Wave Lithotripsy (ESWL) | 19550] 22483),,,,,,0.35,True
Bhubaneswar,17062025133614_CGHS Rates 2024 Bhubaneswar_.pdf,22,[889 [Uroflow Study (Uroflomery) a,889 [Uroflow Study (Uroflomery) a,,,,,,0.35,True
Bhubaneswar,17062025133614_CGHS Rates 2024 Bhubaneswar_.pdf,22,[890 [Urodynamic Sway (Cystomeny) TBO 58,890 [Urodynamic Sway (Cystomeny) TBO,,,58,,,0.5,True
Bhubaneswar,17062025133614_CGHS Rates 2024 Bhubaneswar_.pdf,22,[891 [Cystoscopy with Retrograde Catheter Unilateral RGP__ | 2803[ 9223],891 [Cystoscopy with Retrograde Catheter Unilateral RGP__ | 2803[ 9223,,,,,,0.35,True
Bhubaneswar,17062025133614_CGHS Rates 2024 Bhubaneswar_.pdf,22,[892 [Cystoscopy with Retrograde Catheter -Bilateral/RGP | 4668] 5865],892 [Cystoscopy with Retrograde Catheter -Bilateral/RGP | 4668] 5865,,,,,,0.35,True
Bhubaneswar,17062025133614_CGHS Rates 2024 Bhubaneswar_.pdf,22,[893 [cystoscopy with Bladder Biopsy (Cold Cup Biopsy) | 3384] 3888],893 [cystoscopy with Bladder Biopsy (Cold Cup Biopsy) | 3384] 3888,,,,,,0.35,True
Bhubaneswar,17062025133614_CGHS Rates 2024 Bhubaneswar_.pdf,23,$94 Voiding-cysto-urethrogram and retrograde urethrogram 476,$94 Voiding-cysto-urethrogram and retrograde urethrogram,,,476,,,0.5,True
Bhubaneswar,17062025133614_CGHS Rates 2024 Bhubaneswar_.pdf,23,[895 [Radical prostatectomy-Open | 17825| 20489,895 [Radical prostatectomy-Open | 17825,,,20489,,,0.5,True
Bhubaneswar,17062025133614_CGHS Rates 2024 Bhubaneswar_.pdf,23,[896 [Radical prostatectomy-Laparoscopic | 20128] 28148,896 [Radical prostatectomy-Laparoscopic | 20128,,,28148,,,0.5,True
Bhubaneswar,17062025133614_CGHS Rates 2024 Bhubaneswar_.pdf,23,897 Radical prostatectomy- Robotic (Robotic Partial 20125,897 Radical prostatectomy- Robotic (Robotic Partial,,,20125,,,0.5,True
Bhubaneswar,17062025133614_CGHS Rates 2024 Bhubaneswar_.pdf,23,[898 [Holmium YAG Prostate Surgery | 15000] 17280),898 [Holmium YAG Prostate Surgery | 15000] 17280),,,,,,0.35,True
Bhubaneswar,17062025133614_CGHS Rates 2024 Bhubaneswar_.pdf,23,[s99 [Holmium YAG Optical Internal Urethrotomy (O1U) | 6008290],s99 [Holmium YAG Optical Internal Urethrotomy (O1U) | 6008290,,,,,,0.35,True
Bhubaneswar,17062025133614_CGHS Rates 2024 Bhubaneswar_.pdf,23,[900 [Holmium YAG Core through internal Urethrotomy | 17250 19838,900 [Holmium YAG Core through internal Urethrotomy,19838,17250,,,,0.72,False
Bhubaneswar,17062025133614_CGHS Rates 2024 Bhubaneswar_.pdf,23,[901 [Holmium YAG Stone Lithotripsy | t0200[ 19730),901 [Holmium YAG Stone Lithotripsy | t0200[ 19730),,,,,,0.35,True
Bhubaneswar,17062025133614_CGHS Rates 2024 Bhubaneswar_.pdf,23,[902 [Green Light laser for prostate | 17250] 19838),902 [Green Light laser for prostate | 17250] 19838),,,,,,0.35,True
Bhubaneswar,17062025133614_CGHS Rates 2024 Bhubaneswar_.pdf,23,903 Retrograde Intrarenal Surgery (RIRS)/ Flexible 6800 7820,903 Retrograde Intrarenal Surgery (RIRS)/ Flexible,7820,6800,,,,0.72,False
Bhubaneswar,17062025133614_CGHS Rates 2024 Bhubaneswar_.pdf,23,Cystoscopic Botulinum Toxin Injection ( Over active 6800 7820,Cystoscopic Botulinum Toxin Injection ( Over active,7820,6800,,,,0.72,False
Bhubaneswar,17062025133614_CGHS Rates 2024 Bhubaneswar_.pdf,23,[906 __[Peyronie’s disease — Plaque excision with grafting | 3400] 3910,906 __[Peyronie’s disease — Plaque excision with grafting | 3400,,,3910,,,0.5,True
Bhubaneswar,17062025133614_CGHS Rates 2024 Bhubaneswar_.pdf,23,907 High Intensity Focus Ultrasound (HIFU) (Robotic) for,907 High Intensity Focus Ultrasound (HIFU) (Robotic) for,,,,,,0.35,True
Bhubaneswar,17062025133614_CGHS Rates 2024 Bhubaneswar_.pdf,23,[908 [Prosthetic surgery for urinary incontinence | 2800[ 2845],908 [Prosthetic surgery for urinary incontinence | 2800[ 2845,,,,,,0.35,True
Bhubaneswar,17062025133614_CGHS Rates 2024 Bhubaneswar_.pdf,23,[909 __| Transrectal Ultrasound (TRUS) guided prostate biopsy | 875|,909 __| Transrectal Ultrasound (TRUS) guided prostate biopsy | 875,,,,,,0.35,True
Bhubaneswar,17062025133614_CGHS Rates 2024 Bhubaneswar_.pdf,23,[910 [Ultrasound Guided Percutaneous Nephrostomy(PCN) | 720[ 828),910 [Ultrasound Guided Percutaneous Nephrostomy(PCN) | 720[ 828),,,,,,0.35,True
Bhubaneswar,17062025133614_CGHS Rates 2024 Bhubaneswar_.pdf,23,fox1 Joker Major Surgery SSSSS*dY SSO ——*a,fox1 Joker Major Surgery SSSSS*dY SSO ——*a,,,,,,0.35,True
Bhubaneswar,17062025133614_CGHS Rates 2024 Bhubaneswar_.pdf,23,[orz —|Otier Minor Surgery | ___ 61207033,orz —|Otier Minor Surgery | ___,,,61207033,,,0.5,True
Bhubaneswar,17062025133614_CGHS Rates 2024 Bhubaneswar_.pdf,23,[913 __|Craniotomy and Evacuation of Haematoma -Subdural_ [80745] 88822,913 __|Craniotomy and Evacuation of Haematoma -Subdural_ [80745,,,88822,,,0.5,True
Bhubaneswar,17062025133614_CGHS Rates 2024 Bhubaneswar_.pdf,23,[915 [Evacuation /Excision of Brain Abscess by craniotomy | 4000046000],915 [Evacuation /Excision of Brain Abscess by craniotomy | 4000046000,,,,,,0.35,True
Bhubaneswar,17062025133614_CGHS Rates 2024 Bhubaneswar_.pdf,23,[916 [Excision of Lobe (Frontal Temporal Cerebellumete.) | 41000[ 47150],916 [Excision of Lobe (Frontal Temporal Cerebellumete.) | 41000[ 47150,,,,,,0.35,True
Bhubaneswar,17062025133614_CGHS Rates 2024 Bhubaneswar_.pdf,23,[917 [Excision of Brain Tumours-Supratentorial | 39428 aaa],917 [Excision of Brain Tumours-Supratentorial | 39428 aaa,,,,,,0.35,True
Bhubaneswar,17062025133614_CGHS Rates 2024 Bhubaneswar_.pdf,23,[918 [Excision of Brain Tumours-Infratentorial | 45000] 51750],918 [Excision of Brain Tumours-Infratentorial | 45000] 51750,,,,,,0.35,True
Bhubaneswar,17062025133614_CGHS Rates 2024 Bhubaneswar_.pdf,23,[s19 [Surgery of spinal Cord Tumours | 4800051750],s19 [Surgery of spinal Cord Tumours | 4800051750,,,,,,0.35,True
Bhubaneswar,17062025133614_CGHS Rates 2024 Bhubaneswar_.pdf,23,920 Ventriculoatrial /Ventriculoperitoneal Shunt (Select CGHS 28750,920 Ventriculoatrial /Ventriculoperitoneal Shunt (Select CGHS,,,28750,,,0.5,True
Bhubaneswar,17062025133614_CGHS Rates 2024 Bhubaneswar_.pdf,23,[921 [Twist Drill Craniostomy T5048],921 [Twist Drill Craniostomy T5048,,,,,,0.35,True
Bhubaneswar,17062025133614_CGHS Rates 2024 Bhubaneswar_.pdf,23,[922 [Subdural Tapping 2] 2828,922 [Subdural Tapping 2,,,2828,,,0.5,True
Bhubaneswar,17062025133614_CGHS Rates 2024 Bhubaneswar_.pdf,23,[923 [Ventricular Tapping E297] 88,923 [Ventricular Tapping E297,,,88,,,0.5,True
Bhubaneswar,17062025133614_CGHS Rates 2024 Bhubaneswar_.pdf,23,[ozs [abscess Tapping | 287] sg,ozs [abscess Tapping | 287] sg,,,,,,0.35,True
Bhubaneswar,17062025133614_CGHS Rates 2024 Bhubaneswar_.pdf,23,[o2s [Placement of Intracranial pressure (ICP) Monitor | 2075] 8],o2s [Placement of Intracranial pressure (ICP) Monitor | 2075] 8,,,,,,0.35,True
Bhubaneswar,17062025133614_CGHS Rates 2024 Bhubaneswar_.pdf,23,[926 [Skull Traetion Application T2800] 2885,926 [Skull Traetion Application T2800,,,2885,,,0.5,True
Bhubaneswar,17062025133614_CGHS Rates 2024 Bhubaneswar_.pdf,23,[927 [Lumber Pressure Monitoring T4280 88],927 [Lumber Pressure Monitoring T4280 88,,,,,,0.35,True
Bhubaneswar,17062025133614_CGHS Rates 2024 Bhubaneswar_.pdf,23,[928 [Vascular Malformations T2000] 2830),928 [Vascular Malformations T2000] 2830),,,,,,0.35,True
Bhubaneswar,17062025133614_CGHS Rates 2024 Bhubaneswar_.pdf,23,[929 _|Meningo Encephalocoele excision and repair | 15000[ 17250,929 _|Meningo Encephalocoele excision and repair | 15000,,,17250,,,0.5,True
Bhubaneswar,17062025133614_CGHS Rates 2024 Bhubaneswar_.pdf,23,[930___[Meningomyelocoel Repair 2995 [ 28748,930___[Meningomyelocoel Repair 2995,,,28748,,,0.5,True
Bhubaneswar,17062025133614_CGHS Rates 2024 Bhubaneswar_.pdf,24,[931 ___[CSFRhinorrhaca Repair 28750] 33088,931 ___[CSFRhinorrhaca Repair 28750,,,33088,,,0.5,True
Bhubaneswar,17062025133614_CGHS Rates 2024 Bhubaneswar_.pdf,24,[p32 —[cranioplaty SY tf a,p32 —[cranioplaty SY tf a,,,,,,0.35,True
Bhubaneswar,17062025133614_CGHS Rates 2024 Bhubaneswar_.pdf,24,[934 [Brachial Plexus Exploration and neurotization | 1882817858,934 [Brachial Plexus Exploration and neurotization,,,1882817858,,,0.5,True
Bhubaneswar,17062025133614_CGHS Rates 2024 Bhubaneswar_.pdf,24,[938 [Median Nerve Decompression T1400 16100},938 [Median Nerve Decompression T1400 16100},,,,,,0.35,True
Bhubaneswar,17062025133614_CGHS Rates 2024 Bhubaneswar_.pdf,24,[936 [Peripheral Nerve Surgery Major | 1725019838),936 [Peripheral Nerve Surgery Major | 1725019838),,,,,,0.35,True
Bhubaneswar,17062025133614_CGHS Rates 2024 Bhubaneswar_.pdf,24,[937 [Peripheral Nerve Surgery Minor Tz 982,937 [Peripheral Nerve Surgery Minor Tz,,,982,,,0.5,True
Bhubaneswar,17062025133614_CGHS Rates 2024 Bhubaneswar_.pdf,24,[938 ___[Ventriculoatrial Ventriculoperitoneal Shunt | 1165| 13387,938 ___[Ventriculoatrial Ventriculoperitoneal Shunt | 1165,,,13387,,,0.5,True
Bhubaneswar,17062025133614_CGHS Rates 2024 Bhubaneswar_.pdf,24,[o39 [Nerve Biopsy SSS =f =,o39 [Nerve Biopsy SSS =f =,,,,,,0.35,True
Bhubaneswar,17062025133614_CGHS Rates 2024 Bhubaneswar_.pdf,24,[o40—]Bain Biopsy 508 0,o40—]Bain Biopsy,0,508,,,,0.72,False
Bhubaneswar,17062025133614_CGHS Rates 2024 Bhubaneswar_.pdf,24,[941 [Anterior Cervical Spine Surgery with fusion | 32200] 37030),941 [Anterior Cervical Spine Surgery with fusion | 32200] 37030),,,,,,0.35,True
Bhubaneswar,17062025133614_CGHS Rates 2024 Bhubaneswar_.pdf,24,[942 __[Anterio Lateral Decompression of spine | 28750[ 33083),942 __[Anterio Lateral Decompression of spine | 28750[ 33083),,,,,,0.35,True
Bhubaneswar,17062025133614_CGHS Rates 2024 Bhubaneswar_.pdf,24,[943 [Brain Mapping 888,943 [Brain Mapping,,,888,,,0.5,True
Bhubaneswar,17062025133614_CGHS Rates 2024 Bhubaneswar_.pdf,24,[944 [Cervical or Dorsal or Lumbar Laminectomy | 28000[ 286850),944 [Cervical or Dorsal or Lumbar Laminectomy | 28000[ 286850),,,,,,0.35,True
Bhubaneswar,17062025133614_CGHS Rates 2024 Bhubaneswar_.pdf,24,[946 __[Craniovertebral Junction (CVI) Fusion procedures [| 30000] 34800],946 __[Craniovertebral Junction (CVI) Fusion procedures [| 30000] 34800,,,,,,0.35,True
Bhubaneswar,17062025133614_CGHS Rates 2024 Bhubaneswar_.pdf,24,[o47 [Depressed Fracture Elevation | 22800| 2575],o47 [Depressed Fracture Elevation | 22800| 2575,,,,,,0.35,True
Bhubaneswar,17062025133614_CGHS Rates 2024 Bhubaneswar_.pdf,24,[949 [Endarterectomy (Carotid) | 20000] 23000},949 [Endarterectomy (Carotid) | 20000] 23000},,,,,,0.35,True
Bhubaneswar,17062025133614_CGHS Rates 2024 Bhubaneswar_.pdf,24,[952 [Spinal Fusion Procedure T0000 34500),952 [Spinal Fusion Procedure T0000 34500),,,,,,0.35,True
Bhubaneswar,17062025133614_CGHS Rates 2024 Bhubaneswar_.pdf,24,[953 [Spinal Intra Medullary Tumours T4800] 390675),953 [Spinal Intra Medullary Tumours T4800] 390675),,,,,,0.35,True
Bhubaneswar,17062025133614_CGHS Rates 2024 Bhubaneswar_.pdf,24,[954 [Spinal Bifida Surgery Major T8975] 282],954 [Spinal Bifida Surgery Major T8975] 282,,,,,,0.35,True
Bhubaneswar,17062025133614_CGHS Rates 2024 Bhubaneswar_.pdf,24,[os5 | Spinal Bifida Surgery Minor | +8000] 17280,os5 | Spinal Bifida Surgery Minor | +8000,,,17280,,,0.5,True
Bhubaneswar,17062025133614_CGHS Rates 2024 Bhubaneswar_.pdf,24,[956 __|Stereotaxic Procedures- biopsy/aspiration of cyst | 28000[ 26850],956 __|Stereotaxic Procedures- biopsy/aspiration of cyst | 28000[ 26850,,,,,,0.35,True
Bhubaneswar,17062025133614_CGHS Rates 2024 Bhubaneswar_.pdf,24,[957 ___|Trans Sphenoidal Surgery | 27000[ 31050),957 ___|Trans Sphenoidal Surgery | 27000[ 31050),,,,,,0.35,True
Bhubaneswar,17062025133614_CGHS Rates 2024 Bhubaneswar_.pdf,24,[958 [Trans Oral Surgery T0000 34500),958 [Trans Oral Surgery T0000 34500),,,,,,0.35,True
Bhubaneswar,17062025133614_CGHS Rates 2024 Bhubaneswar_.pdf,24,Implantation of Deep Brain Stimulation (DBS) -two 46288,Implantation of Deep Brain Stimulation (DBS) -two,,,46288,,,0.5,True
Bhubaneswar,17062025133614_CGHS Rates 2024 Bhubaneswar_.pdf,24,[pai [Endoscopic aqueductoplany | 4000] 7735,pai [Endoscopic aqueductoplany | 4000,,,7735,,,0.5,True
Bhubaneswar,17062025133614_CGHS Rates 2024 Bhubaneswar_.pdf,24,[sea [Facial nerve reconsiicion | 000] 550,sea [Facial nerve reconsiicion | 000,,,550,,,0.5,True
Bhubaneswar,17062025133614_CGHS Rates 2024 Bhubaneswar_.pdf,24,|964 [Cervical disc arthroplasty T2700 1700],964 [Cervical disc arthroplasty T2700 1700,,,,,,0.35,True
Bhubaneswar,17062025133614_CGHS Rates 2024 Bhubaneswar_.pdf,24,[26s [Lumbar disc artroplasty | #3800] 1070,26s [Lumbar disc artroplasty | #3800,,,1070,,,0.5,True
Bhubaneswar,17062025133614_CGHS Rates 2024 Bhubaneswar_.pdf,24,[266 [Corpus callostomy for Epilepsy 38000] 40250),266 [Corpus callostomy for Epilepsy 38000] 40250),,,,,,0.35,True
Bhubaneswar,17062025133614_CGHS Rates 2024 Bhubaneswar_.pdf,24,[267 |Hemispherotomy for Epilepsy | 32200] 87020,267 |Hemispherotomy for Epilepsy | 32200,,,87020,,,0.5,True
Bhubaneswar,17062025133614_CGHS Rates 2024 Bhubaneswar_.pdf,24,[968 [Endoscopic CSFrhinorhea repair | 30000] 34500},968 [Endoscopic CSFrhinorhea repair | 30000] 34500},,,,,,0.35,True
Bhubaneswar,17062025133614_CGHS Rates 2024 Bhubaneswar_.pdf,24,[o69 [Burr hole evacuation of chronic subdural aematoma | 24180] 2777],o69 [Burr hole evacuation of chronic subdural aematoma | 24180] 2777,,,,,,0.35,True
Bhubaneswar,17062025133614_CGHS Rates 2024 Bhubaneswar_.pdf,24,[s70 [epilepsy surgery Ys,s70 [epilepsy surgery Ys,,,,,,0.35,True
Bhubaneswar,17062025133614_CGHS Rates 2024 Bhubaneswar_.pdf,24,[p72 [cervical tamimoptasiy | 200] sea,p72 [cervical tamimoptasiy | 200] sea,,,,,,0.35,True
Bhubaneswar,17062025133614_CGHS Rates 2024 Bhubaneswar_.pdf,24,[973 [Lateral mass C1-C2 screw fixation | 28000] 28850],973 [Lateral mass C1-C2 screw fixation | 28000] 28850,,,,,,0.35,True
Bhubaneswar,17062025133614_CGHS Rates 2024 Bhubaneswar_.pdf,24,[975 [Microsurgical decompression for hemifacial spasm | 4646[ 8343,975 [Microsurgical decompression for hemifacial spasm | 4646,,,8343,,,0.5,True
Bhubaneswar,17062025133614_CGHS Rates 2024 Bhubaneswar_.pdf,25,976 Extracranial-Intracranial Bypass Procedures (EC-IC) bypass 36800,976 Extracranial-Intracranial Bypass Procedures (EC-IC) bypass,,,36800,,,0.5,True
Bhubaneswar,17062025133614_CGHS Rates 2024 Bhubaneswar_.pdf,25,[978 _[Baclofen pump implantation T3900] 44850],978 _[Baclofen pump implantation T3900] 44850,,,,,,0.35,True
Bhubaneswar,17062025133614_CGHS Rates 2024 Bhubaneswar_.pdf,25,[o79 Programmable Ventriulo-Psrtoneal (VE) shunt | 25000] 28780,o79 Programmable Ventriulo-Psrtoneal (VE) shunt | 25000,,,28780,,,0.5,True
Bhubaneswar,17062025133614_CGHS Rates 2024 Bhubaneswar_.pdf,25,{98i__[Lumberpunctwre 07288,{98i__[Lumberpunctwre,,,07288,,,0.5,True
Bhubaneswar,17062025133614_CGHS Rates 2024 Bhubaneswar_.pdf,25,[982__ [External ventricular drainage (EVD) | GO| 5290),982__ [External ventricular drainage (EVD) | GO| 5290),,,,,,0.35,True
Bhubaneswar,17062025133614_CGHS Rates 2024 Bhubaneswar_.pdf,25,[983 [Endoscopic 3rd ventriculostomy | 36000] 41400],983 [Endoscopic 3rd ventriculostomy | 36000] 41400,,,,,,0.35,True
Bhubaneswar,17062025133614_CGHS Rates 2024 Bhubaneswar_.pdf,25,[984 __ [Endoscopic cranial surgery/Biopsy/aspiration | 31536] 36268,984 __ [Endoscopic cranial surgery/Biopsy/aspiration | 31536,,,36268,,,0.5,True
Bhubaneswar,17062025133614_CGHS Rates 2024 Bhubaneswar_.pdf,25,"[o85 [Endoscopic discectomy (Lumbar, Cervical) | 95621] oe","o85 [Endoscopic discectomy (Lumbar, Cervical) | 95621] oe",,,,,,0.35,True
Bhubaneswar,17062025133614_CGHS Rates 2024 Bhubaneswar_.pdf,25,[986 __[Ancurysm coiling (Endovascular) | 84400] 39560),986 __[Ancurysm coiling (Endovascular) | 84400] 39560),,,,,,0.35,True
Bhubaneswar,17062025133614_CGHS Rates 2024 Bhubaneswar_.pdf,25,[987 [Surgery for skull fractures 36000[ 41400],987 [Surgery for skull fractures 36000[ 41400,,,,,,0.35,True
Bhubaneswar,17062025133614_CGHS Rates 2024 Bhubaneswar_.pdf,25,[288 |Caupel Tunnel decompression | #8000| 1728],288 |Caupel Tunnel decompression | #8000| 1728,,,,,,0.35,True
Bhubaneswar,17062025133614_CGHS Rates 2024 Bhubaneswar_.pdf,25,[o89_|Clipping of istecranial aneurysm | 8180] 27773,o89_|Clipping of istecranial aneurysm | 8180,,,27773,,,0.5,True
Bhubaneswar,17062025133614_CGHS Rates 2024 Bhubaneswar_.pdf,25,Dorsal column stimulation for backache in failed back 28750,Dorsal column stimulation for backache in failed back,,,28750,,,0.5,True
Bhubaneswar,17062025133614_CGHS Rates 2024 Bhubaneswar_.pdf,25,[953 Surgery for recurrent ise proapseepMiural fibrosis | 200] 570],953 Surgery for recurrent ise proapseepMiural fibrosis | 200] 570,,,,,,0.35,True
Bhubaneswar,17062025133614_CGHS Rates 2024 Bhubaneswar_.pdf,25,|Decompressive craniotomy for hemishpherical acute 40000 46000,Decompressive craniotomy for hemishpherical acute,46000,40000,,,,0.72,False
Bhubaneswar,17062025133614_CGHS Rates 2024 Bhubaneswar_.pdf,25,Intra-arterial thrombolysis with Tissue Plasminogen 4600,Intra-arterial thrombolysis with Tissue Plasminogen,,,4600,,,0.5,True
Bhubaneswar,17062025133614_CGHS Rates 2024 Bhubaneswar_.pdf,25,[997 __|Steriotactic aspiration of intracerebral haematoma | 32648| 37],997 __|Steriotactic aspiration of intracerebral haematoma | 32648| 37,,,,,,0.35,True
Bhubaneswar,17062025133614_CGHS Rates 2024 Bhubaneswar_.pdf,25,Steriotactic Radiosurgery for brain pathology(X 27560,Steriotactic Radiosurgery for brain pathology(X,,,27560,,,0.5,True
Bhubaneswar,17062025133614_CGHS Rates 2024 Bhubaneswar_.pdf,25,[2001 —|Chemotheraphy wafers for malignant brain tumors | 14450] 16673,2001 —|Chemotheraphy wafers for malignant brain tumors | 14450,,,16673,,,0.5,True
Bhubaneswar,17062025133614_CGHS Rates 2024 Bhubaneswar_.pdf,25,[1003 [Baclofen pump implantation for spasticity | 17330] 19930],1003 [Baclofen pump implantation for spasticity | 17330] 19930,,,,,,0.35,True
Bhubaneswar,17062025133614_CGHS Rates 2024 Bhubaneswar_.pdf,25,[1004 [Peripheral Nerve tumor surgery ____—~—~—~SCSCSCSCSCS~YTS~S 000 | ——a|,1004 [Peripheral Nerve tumor surgery ____—~—~—~SCSCSCSCSCS~YTS~S 000 | ——a,,,,,,0.35,True
Bhubaneswar,17062025133614_CGHS Rates 2024 Bhubaneswar_.pdf,25,[ro0s [Surgery Tatra Cranial Meningioma [20000] 2000,ro0s [Surgery Tatra Cranial Meningioma [20000,,,2000,,,0.5,True
Bhubaneswar,17062025133614_CGHS Rates 2024 Bhubaneswar_.pdf,25,[1006 [Surgery for intracranial Schwannoma | 35000] 40250,1006 [Surgery for intracranial Schwannoma | 35000,,,40250,,,0.5,True
Bhubaneswar,17062025133614_CGHS Rates 2024 Bhubaneswar_.pdf,25,[1011 [Kyphoplasty T8000 41800),1011 [Kyphoplasty T8000 41800),,,,,,0.35,True
Bhubaneswar,17062025133614_CGHS Rates 2024 Bhubaneswar_.pdf,25,[1012 [Balloon Kyphoplasty T8000 41400],1012 [Balloon Kyphoplasty T8000 41400,,,,,,0.35,True
Bhubaneswar,17062025133614_CGHS Rates 2024 Bhubaneswar_.pdf,26,[Tors [Other Major Surgery SS 00a,Tors [Other Major Surgery SS 00a,,,,,,0.35,True
Bhubaneswar,17062025133614_CGHS Rates 2024 Bhubaneswar_.pdf,26,[tors [otter Minor Surgery | 45800] 1705,tors [otter Minor Surgery | 45800,,,1705,,,0.5,True
Bhubaneswar,17062025133614_CGHS Rates 2024 Bhubaneswar_.pdf,26,[1016 — [Excision of thyroglosal Duciya | 6000] 1840,1016 — [Excision of thyroglosal Duciya | 6000,,,1840,,,0.5,True
Bhubaneswar,17062025133614_CGHS Rates 2024 Bhubaneswar_.pdf,26,1017 | Diaphragmatic Hernia Repair (Thoracic or Abdominal 17250 19838 a ea,Diaphragmatic Hernia Repair (Thoracic or Abdominal 17250 19838 a ea,,,,,,0.35,True
Bhubaneswar,17062025133614_CGHS Rates 2024 Bhubaneswar_.pdf,26,[1018 —_|Tracheo Oesophageal Fistula (Correction Surges) | 23000] 26450],1018 —_|Tracheo Oesophageal Fistula (Correction Surges) | 23000] 26450,,,,,,0.35,True
Bhubaneswar,17062025133614_CGHS Rates 2024 Bhubaneswar_.pdf,26,[1019 [Colon ReplacementofOesophagus__— | 28000] 26480],1019 [Colon ReplacementofOesophagus__— | 28000] 26480,,,,,,0.35,True
Bhubaneswar,17062025133614_CGHS Rates 2024 Bhubaneswar_.pdf,26,[1021 |Onphalo-Meseuterie Duct. Excision | 15625| 17884,1021 |Onphalo-Meseuterie Duct. Excision | 15625,,,17884,,,0.5,True
Bhubaneswar,17062025133614_CGHS Rates 2024 Bhubaneswar_.pdf,26,[1022 _|Meckels Diverticuleciomy SCS Si] —C,1022 _|Meckels Diverticuleciomy SCS Si] —C,,,,,,0.35,True
Bhubaneswar,17062025133614_CGHS Rates 2024 Bhubaneswar_.pdf,26,[1023 |Omphalocele 1st Stage (iieniia Repay | 15625[ 17884,1023 |Omphalocele 1st Stage (iieniia Repay | 15625,,,17884,,,0.5,True
Bhubaneswar,17062025133614_CGHS Rates 2024 Bhubaneswar_.pdf,26,[1024 [Omphaloccle 2nd Sige (Heruia Repair) | 47250| 19638],1024 [Omphaloccle 2nd Sige (Heruia Repair) | 47250| 19638,,,,,,0.35,True
Bhubaneswar,17062025133614_CGHS Rates 2024 Bhubaneswar_.pdf,26,[1025 [Gastroschisis Repair t6t00f 18515],1025 [Gastroschisis Repair t6t00f 18515,,,,,,0.35,True
Bhubaneswar,17062025133614_CGHS Rates 2024 Bhubaneswar_.pdf,26,[1026 [Inguinal Herniotomy | #2sse|___+4aaa|,1026 [Inguinal Herniotomy | #2sse|___+4aaa,,,,,,0.35,True
Bhubaneswar,17062025133614_CGHS Rates 2024 Bhubaneswar_.pdf,26,[1027 [Congenital Hydrocele | 12000] 13600,1027 [Congenital Hydrocele | 12000,,,13600,,,0.5,True
Bhubaneswar,17062025133614_CGHS Rates 2024 Bhubaneswar_.pdf,26,[1028 |fiydrocele of Cord SSCS | 12000] 13800,1028 |fiydrocele of Cord SSCS | 12000,,,13800,,,0.5,True
Bhubaneswar,17062025133614_CGHS Rates 2024 Bhubaneswar_.pdf,26,[u029 [Torsion Tests Operaioa | 15000] 17250,u029 [Torsion Tests Operaioa | 15000,,,17250,,,0.5,True
Bhubaneswar,17062025133614_CGHS Rates 2024 Bhubaneswar_.pdf,26,[1030 [Congenital Pyloric Stenosis- operation | 13938] 16029],1030 [Congenital Pyloric Stenosis- operation | 13938] 16029,,,,,,0.35,True
Bhubaneswar,17062025133614_CGHS Rates 2024 Bhubaneswar_.pdf,26,[1031 [Duodenal Atresia Operation | 14000] 16100],1031 [Duodenal Atresia Operation | 14000] 16100,,,,,,0.35,True
Bhubaneswar,17062025133614_CGHS Rates 2024 Bhubaneswar_.pdf,26,[1032 [Pancreatic Ring Operation | #2az5| 25788],1032 [Pancreatic Ring Operation | #2az5| 25788,,,,,,0.35,True
Bhubaneswar,17062025133614_CGHS Rates 2024 Bhubaneswar_.pdf,26,[1033 | Meconivim Heus Operation | 14800] 16673,1033 | Meconivim Heus Operation | 14800,,,16673,,,0.5,True
Bhubaneswar,17062025133614_CGHS Rates 2024 Bhubaneswar_.pdf,26,[1034 [Malrotation of intestines Operation | 43000| 14080],1034 [Malrotation of intestines Operation | 43000| 14080,,,,,,0.35,True
Bhubaneswar,17062025133614_CGHS Rates 2024 Bhubaneswar_.pdf,26,[1035 [Rectal Biopsy (Megacolon) T9786] 11196,1035 [Rectal Biopsy (Megacolon) T9786,,,11196,,,0.5,True
Bhubaneswar,17062025133614_CGHS Rates 2024 Bhubaneswar_.pdf,26,[1036 [Colostomy Transverse SSS 8000 | __ 17280],1036 [Colostomy Transverse SSS 8000 | __ 17280,,,,,,0.35,True
Bhubaneswar,17062025133614_CGHS Rates 2024 Bhubaneswar_.pdf,26,[1037 [Colostomy Lefttliac dT 18000[ 17280] S|,1037 [Colostomy Lefttliac dT 18000[ 17280] S,,,,,,0.35,True
Bhubaneswar,17062025133614_CGHS Rates 2024 Bhubaneswar_.pdf,26,[1039 [imperforate Anus Low Anomaly -Cut Back Operation | ___10235| 17779,1039 [imperforate Anus Low Anomaly -Cut Back Operation | ___10235,,,17779,,,0.5,True
Bhubaneswar,17062025133614_CGHS Rates 2024 Bhubaneswar_.pdf,26,[1040 [imperforate Anus Low Anomaly - Perineal Anoplasty | 1200013800],1040 [imperforate Anus Low Anomaly - Perineal Anoplasty | 1200013800,,,,,,0.35,True
Bhubaneswar,17062025133614_CGHS Rates 2024 Bhubaneswar_.pdf,26,Imperforate Anus High Anomaly -Sacroabdomino Perineal 14375,Imperforate Anus High Anomaly -Sacroabdomino Perineal,,,14375,,,0.5,True
Bhubaneswar,17062025133614_CGHS Rates 2024 Bhubaneswar_.pdf,26,[1042 _[Imperforate Anus High Anomaly - Closure of Colostomy [| 8625[ 999,1042 _[Imperforate Anus High Anomaly - Closure of Colostomy [| 8625,,,999,,,0.5,True
Bhubaneswar,17062025133614_CGHS Rates 2024 Bhubaneswar_.pdf,26,[1043 [Intussusception Operation 20700] 23805 a ec Billiary Duct,1043 [Intussusception Operation 20700] 23805 a ec Billiary Duct,,,,,,0.35,True
Bhubaneswar,17062025133614_CGHS Rates 2024 Bhubaneswar_.pdf,26,[2088 — [Operation of Choledochal Ge | 6000] 180,2088 — [Operation of Choledochal Ge | 6000,,,180,,,0.5,True
Bhubaneswar,17062025133614_CGHS Rates 2024 Bhubaneswar_.pdf,26,[1046 [Nephrectomy for -Pyonephrosis | 47000] 19860],1046 [Nephrectomy for -Pyonephrosis | 47000] 19860,,,,,,0.35,True
Bhubaneswar,17062025133614_CGHS Rates 2024 Bhubaneswar_.pdf,26,[1047 [Nephrectomy for- Hydronephrosis | 15000] 17280 Sr.No. |CGHS TREATMENT PROCEDURE/INVESTIGATION LIST a,1047 [Nephrectomy for- Hydronephrosis | 15000] 17280 Sr.No. |CGHS TREATMENT PROCEDURE/INVESTIGATION LIST a,,,,,,0.35,True
Bhubaneswar,17062025133614_CGHS Rates 2024 Bhubaneswar_.pdf,26,[1048 [Nephrectomy for-Wilms Tumour | 18500] 18525],1048 [Nephrectomy for-Wilms Tumour | 18500] 18525,,,,,,0.35,True
Bhubaneswar,17062025133614_CGHS Rates 2024 Bhubaneswar_.pdf,26,Paraortic Lymphadenoctomy with Nephrectomy for Wilms 20000 a a,Paraortic Lymphadenoctomy with Nephrectomy for Wilms 20000 a a,,,,,,0.35,True
Bhubaneswar,17062025133614_CGHS Rates 2024 Bhubaneswar_.pdf,26,[7050 |Sacro-Coceygeal Teratoma Excision | 14000| 16700],7050 |Sacro-Coceygeal Teratoma Excision | 14000| 16700,,,,,,0.35,True
Bhubaneswar,17062025133614_CGHS Rates 2024 Bhubaneswar_.pdf,26,[1051 [Neuroblastoma Debulking 16000] 18400],1051 [Neuroblastoma Debulking 16000] 18400,,,,,,0.35,True
Bhubaneswar,17062025133614_CGHS Rates 2024 Bhubaneswar_.pdf,27,[1082 — [Neuroblastoma Total Excision iY 2700 | 25,1082 — [Neuroblastoma Total Excision iY 2700,,,25,,,0.5,True
Bhubaneswar,17062025133614_CGHS Rates 2024 Bhubaneswar_.pdf,27,[1053 |Rhabdomyosarcoma wide Exciion | _18000[ 17280,1053 |Rhabdomyosarcoma wide Exciion | _18000,,,17280,,,0.5,True
Bhubaneswar,17062025133614_CGHS Rates 2024 Bhubaneswar_.pdf,27,[1054 [Congenital atresia & Stenosis of Small Tntesine | _19000| 21880,1054 [Congenital atresia & Stenosis of Small Tntesine | _19000,,,21880,,,0.5,True
Bhubaneswar,17062025133614_CGHS Rates 2024 Bhubaneswar_.pdf,27,[toss —[Niuconiumileus—————SSSSSSSS~dY 000 | tao,toss —[Niuconiumileus—————SSSSSSSS~dY 000 | tao,,,,,,0.35,True
Bhubaneswar,17062025133614_CGHS Rates 2024 Bhubaneswar_.pdf,27,[1056 |Malroration & Volvalus of the Migaut | _18000| 17280,1056 |Malroration & Volvalus of the Migaut | _18000,,,17280,,,0.5,True
Bhubaneswar,17062025133614_CGHS Rates 2024 Bhubaneswar_.pdf,27,[t0s7 [Excision of Meckel's Devertcuum | __12000| ___tss00,t0s7 [Excision of Meckel's Devertcuum | __12000| ___tss00,,,,,,0.35,True
Bhubaneswar,17062025133614_CGHS Rates 2024 Bhubaneswar_.pdf,27,[toss Jotier Major Surgery Sd 28000 | 28700,toss Jotier Major Surgery Sd 28000,,,28700,,,0.5,True
Bhubaneswar,17062025133614_CGHS Rates 2024 Bhubaneswar_.pdf,27,[10s JOther Minor Surgery | ___9945|__traa7,10s JOther Minor Surgery | ___9945|__traa7,,,,,,0.35,True
Bhubaneswar,17062025133614_CGHS Rates 2024 Bhubaneswar_.pdf,27,[1060 — [Primary Sturn of Wound Sd —7|,1060 — [Primary Sturn of Wound Sd —7,,,,,,0.35,True
Bhubaneswar,17062025133614_CGHS Rates 2024 Bhubaneswar_.pdf,27,[1061 [injection of Keloids - Ganglion | to8e|__ 724,1061 [injection of Keloids - Ganglion | to8e|__,,,724,,,0.5,True
Bhubaneswar,17062025133614_CGHS Rates 2024 Bhubaneswar_.pdf,27,[1062 [injection of Keloids —Haemangioma | __1#s0| 7323,1062 [injection of Keloids —Haemangioma | __1#s0,,,7323,,,0.5,True
Bhubaneswar,17062025133614_CGHS Rates 2024 Bhubaneswar_.pdf,27,[1063 [Free Grats Wolfe Gras SSCS |,1063 [Free Grats Wolfe Gras SSCS,,,,,,0.35,True
Bhubaneswar,17062025133614_CGHS Rates 2024 Bhubaneswar_.pdf,27,[1064 [Fre Grafis-Thiersch- Small Area Sve | ___ra7s| 6509,1064 [Fre Grafis-Thiersch- Small Area Sve | ___ra7s,,,6509,,,0.5,True
Bhubaneswar,17062025133614_CGHS Rates 2024 Bhubaneswar_.pdf,27,[t06s [Free Grafis-Large Area 10% | so00| 2200,t06s [Free Grafis-Large Area 10% | so00,,,2200,,,0.5,True
Bhubaneswar,17062025133614_CGHS Rates 2024 Bhubaneswar_.pdf,27,[1066 [Free Grais- Very Large Area 20% andabove | 40350] 1003,1066 [Free Grais- Very Large Area 20% andabove | 40350,,,1003,,,0.5,True
Bhubaneswar,17062025133614_CGHS Rates 2024 Bhubaneswar_.pdf,27,[1067 [Skin Flaps-Rowation Flaps ————SSSSSS~idY raf tt,1067 [Skin Flaps-Rowation Flaps ————SSSSSS~idY raf tt,,,,,,0.35,True
Bhubaneswar,17062025133614_CGHS Rates 2024 Bhubaneswar_.pdf,27,[1068 |Skin Flaps Advancement Flaps] _vasoa] ___ras73,1068 |Skin Flaps Advancement Flaps] _vasoa] ___ras73,,,,,,0.35,True
Bhubaneswar,17062025133614_CGHS Rates 2024 Bhubaneswar_.pdf,27,[1069 | Skin Flaps~ Direct cross Leg Flaps Crom AnmFlap | __12500[ 14873,1069 | Skin Flaps~ Direct cross Leg Flaps Crom AnmFlap | __12500,,,14873,,,0.5,True
Bhubaneswar,17062025133614_CGHS Rates 2024 Bhubaneswar_.pdf,27,[1070—|Skin Flaps Cross Finger SSS d| 200 | __ rr,1070—|Skin Flaps Cross Finger SSS d| 200 | __ rr,,,,,,0.35,True
Bhubaneswar,17062025133614_CGHS Rates 2024 Bhubaneswar_.pdf,27,[1071 [Skin Flaps Abdominal | __9380| 10783,1071 [Skin Flaps Abdominal | __9380,,,10783,,,0.5,True
Bhubaneswar,17062025133614_CGHS Rates 2024 Bhubaneswar_.pdf,27,[1072 [Skin Flaps Thoracic] 980] rors,1072 [Skin Flaps Thoracic] 980] rors,,,,,,0.35,True
Bhubaneswar,17062025133614_CGHS Rates 2024 Bhubaneswar_.pdf,27,[1073 — [Skin Flaps-Arm Et. Sd 1000 | 2880,1073 — [Skin Flaps-Arm Et. Sd 1000,,,2880,,,0.5,True
Bhubaneswar,17062025133614_CGHS Rates 2024 Bhubaneswar_.pdf,27,[1075 [Subcutaneous Pedicle FlapsDelay | s9s0| 6203,1075 [Subcutaneous Pedicle FlapsDelay | s9s0,,,6203,,,0.5,True
Bhubaneswar,17062025133614_CGHS Rates 2024 Bhubaneswar_.pdf,27,[1076 | Subcutaneous Pedicle Flaps Transfer] 960] 683,1076 | Subcutaneous Pedicle Flaps Transfer] 960,,,683,,,0.5,True
Bhubaneswar,17062025133614_CGHS Rates 2024 Bhubaneswar_.pdf,27,[i077 |canilage Grafting SSS |,i077 |canilage Grafting SSS,,,,,,0.35,True
Bhubaneswar,17062025133614_CGHS Rates 2024 Bhubaneswar_.pdf,27,[1078 [Reduction of Facial Fractures of Nose ——S—SCS~dCSSCSCSt |=,1078 [Reduction of Facial Fractures of Nose ——S—SCS~dCSSCSCSt |=,,,,,,0.35,True
Bhubaneswar,17062025133614_CGHS Rates 2024 Bhubaneswar_.pdf,27,[1079 | Reduction of Facial Fractures of Maxilla | 000] 8200,1079 | Reduction of Facial Fractures of Maxilla | 000,,,8200,,,0.5,True
Bhubaneswar,17062025133614_CGHS Rates 2024 Bhubaneswar_.pdf,27,"1080 (Reduction of Fractures of Mandible & Maxilla - Eyelet 7475, 8596",1080 (Reduction of Fractures of Mandible & Maxilla - Eyelet,8596,7475,,,,0.72,False
Bhubaneswar,17062025133614_CGHS Rates 2024 Bhubaneswar_.pdf,27,Reduction of Fractures of Mandible & Maxilla - Cast Metal 6900 7935),Reduction of Fractures of Mandible & Maxilla - Cast Metal 6900 7935),,,,,,0.35,True
Bhubaneswar,17062025133614_CGHS Rates 2024 Bhubaneswar_.pdf,27,1082 (Reduction of Fractures of Mandible & Maxilla - Gunning 7500,1082 (Reduction of Fractures of Mandible & Maxilla - Gunning,,,7500,,,0.5,True
Bhubaneswar,17062025133614_CGHS Rates 2024 Bhubaneswar_.pdf,27,[1083 [intemal Wire Fixation of Mandible & Mexilla | __11800| 13223,1083 [intemal Wire Fixation of Mandible & Mexilla | __11800,,,13223,,,0.5,True
Bhubaneswar,17062025133614_CGHS Rates 2024 Bhubaneswar_.pdf,27,[toss [cet Lip -repai. Sd tt 00| re,toss [cet Lip -repai. Sd tt 00| re,,,,,,0.35,True
Bhubaneswar,17062025133614_CGHS Rates 2024 Bhubaneswar_.pdf,27,[1086 [Primary Bone Grafting for alveolar ceftin Cle Lip | 11800 rea,1086 [Primary Bone Grafting for alveolar ceftin Cle Lip | 11800 rea,,,,,,0.35,True
Bhubaneswar,17062025133614_CGHS Rates 2024 Bhubaneswar_.pdf,27,[1087 |Secondary Surgery for CleftLip Deformity | to000| 11809,1087 |Secondary Surgery for CleftLip Deformity | to000,,,11809,,,0.5,True
Bhubaneswar,17062025133614_CGHS Rates 2024 Bhubaneswar_.pdf,27,[108 [Secondary Surgery for CettPalate_______| tesa] ras,108 [Secondary Surgery for CettPalate_______| tesa] ras,,,,,,0.35,True
Bhubaneswar,17062025133614_CGHS Rates 2024 Bhubaneswar_.pdf,27,[1089 |Reconsinvotion of Eyelid Delecw-Minor ———S—SCSC~sdCSCSCSCi S| SC,1089 |Reconsinvotion of Eyelid Delecw-Minor ———S—SCSC~sdCSCSCSCi S| SC,,,,,,0.35,True
Bhubaneswar,17062025133614_CGHS Rates 2024 Bhubaneswar_.pdf,27,[1090 [Reconstruction of Eyelid Defects Major | 800] ___9773,1090 [Reconstruction of Eyelid Defects Major | 800] ___9773,,,,,,0.35,True
Bhubaneswar,17062025133614_CGHS Rates 2024 Bhubaneswar_.pdf,27,[1091 [Plas Surgery of Different Regions of the Far=Minor | 080| 2283,1091 [Plas Surgery of Different Regions of the Far=Minor | 080,,,2283,,,0.5,True
Bhubaneswar,17062025133614_CGHS Rates 2024 Bhubaneswar_.pdf,27,[1092 [Plas Surgery of Different Regions ofthe Ear-Major______| ___10360[ 17903,1092 [Plas Surgery of Different Regions ofthe Ear-Major______| ___10360,,,17903,,,0.5,True
Bhubaneswar,17062025133614_CGHS Rates 2024 Bhubaneswar_.pdf,28,[2093 — [Paste Surgery of the Nowe Minor =i ~<a,2093 — [Paste Surgery of the Nowe Minor =i ~<a,,,,,,0.35,True
Bhubaneswar,17062025133614_CGHS Rates 2024 Bhubaneswar_.pdf,28,[to94 [Pasi Surgery oF the Nose -Major [9500] aa,to94 [Pasi Surgery oF the Nose -Major [9500] aa,,,,,,0.35,True
Bhubaneswar,17062025133614_CGHS Rates 2024 Bhubaneswar_.pdf,28,[1056 [Pendulous Breast=Mammoplasy ——————————~| 000],1056 [Pendulous Breast=Mammoplasy ——————————~| 000,,,,,,0.35,True
Bhubaneswar,17062025133614_CGHS Rates 2024 Bhubaneswar_.pdf,28,[1097 — [Uaerdeveloped Breast Manmoplasiy [2000 1300,1097 — [Uaerdeveloped Breast Manmoplasiy [2000,,,1300,,,0.5,True
Bhubaneswar,17062025133614_CGHS Rates 2024 Bhubaneswar_.pdf,28,[toss [After Mastectomy (Reconstruction Mammoplaay | 12000] 100,toss [After Mastectomy (Reconstruction Mammoplaay | 12000,,,100,,,0.5,True
Bhubaneswar,17062025133614_CGHS Rates 2024 Bhubaneswar_.pdf,28,[ro09—[Syndaciyiy Repair 4 50,ro09—[Syndaciyiy Repair,50,4,,,,0.72,False
Bhubaneswar,17062025133614_CGHS Rates 2024 Bhubaneswar_.pdf,28,[i100 —[Dermabrasion Face ———————*i—2|,i100 —[Dermabrasion Face ———————*i—2,,,,,,0.35,True
Bhubaneswar,17062025133614_CGHS Rates 2024 Bhubaneswar_.pdf,28,[i102 [upto 30% Burns SubsequentDressng ———————SSSSC*i tea],i102 [upto 30% Burns SubsequentDressng ———————SSSSC*i tea,,,,,,0.35,True
Bhubaneswar,17062025133614_CGHS Rates 2024 Bhubaneswar_.pdf,28,[1103 [209% 0 500% Burns IstDressing [| 103] 2,1103 [209% 0 500% Burns IstDressing [| 103,,,2,,,0.5,True
Bhubaneswar,17062025133614_CGHS Rates 2024 Bhubaneswar_.pdf,28,[ix04 — [302% to 502% Burns Subsequent Diesing SSS tr2|,ix04 — [302% to 502% Burns Subsequent Diesing SSS tr2,,,,,,0.35,True
Bhubaneswar,17062025133614_CGHS Rates 2024 Bhubaneswar_.pdf,28,[110s — [Extensive Dur above 50% Pris Dressing | 276] #7,110s — [Extensive Dur above 50% Pris Dressing | 276] #7,,,,,,0.35,True
Bhubaneswar,17062025133614_CGHS Rates 2024 Bhubaneswar_.pdf,28,[i106 — [Extensive Burn above 50% Subsequent dresing (| 123,i106 — [Extensive Burn above 50% Subsequent dresing (,,,123,,,0.5,True
Bhubaneswar,17062025133614_CGHS Rates 2024 Bhubaneswar_.pdf,28,fino7 [Plater Work iY,fino7 [Plater Work iY,,,,,,0.35,True
Bhubaneswar,17062025133614_CGHS Rates 2024 Bhubaneswar_.pdf,28,[i108 — [Fingers qostaapy [| 28] 23,i108 — [Fingers qostaapy [| 28,,,23,,,0.5,True
Bhubaneswar,17062025133614_CGHS Rates 2024 Bhubaneswar_.pdf,28,fix09 [Fingers ullplawer ————————SSSSSSSSC*d |,fix09 [Fingers ullplawer ————————SSSSSSSSC*d,,,,,,0.35,True
Bhubaneswar,17062025133614_CGHS Rates 2024 Bhubaneswar_.pdf,28,[i110 — [Colles Fracture - Below bow i 8a |,i110 — [Colles Fracture - Below bow i 8a,,,,,,0.35,True
Bhubaneswar,17062025133614_CGHS Rates 2024 Bhubaneswar_.pdf,28,fixt1 [Cotes Fracture =Fullplastee SSCS iat,fixt1 [Cotes Fracture =Fullplastee SSCS iat,,,,,,0.35,True
Bhubaneswar,17062025133614_CGHS Rates 2024 Bhubaneswar_.pdf,28,[in12 [Colles facture Aut. Orpost sab (| 400 a,in12 [Colles facture Aut. Orpost sab (| 400 a,,,,,,0.35,True
Bhubaneswar,17062025133614_CGHS Rates 2024 Bhubaneswar_.pdf,28,[1116 [Belownee posts —————S* t|,1116 [Belownee posts —————S* t,,,,,,0.35,True
Bhubaneswar,17062025133614_CGHS Rates 2024 Bhubaneswar_.pdf,28,[i117 — [Tube Paster (or plaster ylides) [| _800| 220,i117 — [Tube Paster (or plaster ylides) [| _800,,,220,,,0.5,True
Bhubaneswar,17062025133614_CGHS Rates 2024 Bhubaneswar_.pdf,28,[1119 [Above knee ful [ 4a] 1309,1119 [Above knee ful [ 4a,,,1309,,,0.5,True
Bhubaneswar,17062025133614_CGHS Rates 2024 Bhubaneswar_.pdf,28,fix20 [Minerva ackst a a,fix20 [Minerva ackst a a,,,,,,0.35,True
Bhubaneswar,17062025133614_CGHS Rates 2024 Bhubaneswar_.pdf,28,fix21—[Plaer faker i 87] a,fix21—[Plaer faker i 87] a,,,,,,0.35,True
Bhubaneswar,17062025133614_CGHS Rates 2024 Bhubaneswar_.pdf,28,[1x23 [Single Hip pica ra |,1x23 [Single Hip pica ra,,,,,,0.35,True
Bhubaneswar,17062025133614_CGHS Rates 2024 Bhubaneswar_.pdf,28,[ix2s—[Stapping of Fingsr taf ar,ix2s—[Stapping of Fingsr taf ar,,,,,,0.35,True
Bhubaneswar,17062025133614_CGHS Rates 2024 Bhubaneswar_.pdf,28,[1x26 [stapping of Toes ——————SSSSSSSSSSCSC~d Cor,1x26 [stapping of Toes ——————SSSSSSSSSSCSC~d Cor,,,,,,0.35,True
Bhubaneswar,17062025133614_CGHS Rates 2024 Bhubaneswar_.pdf,28,[i127 [Stapping of Wasi |,i127 [Stapping of Wasi,,,,,,0.35,True
Bhubaneswar,17062025133614_CGHS Rates 2024 Bhubaneswar_.pdf,28,[ix2e [Strapping of Elbow ———————* —ra|,ix2e [Strapping of Elbow ———————* —ra,,,,,,0.35,True
Bhubaneswar,17062025133614_CGHS Rates 2024 Bhubaneswar_.pdf,28,[1129 [Suapping of Kucera | re,1129 [Suapping of Kucera | re,,,,,,0.35,True
Bhubaneswar,17062025133614_CGHS Rates 2024 Bhubaneswar_.pdf,28,[ix30 [Strapping oFankle———————SS~d SS Vs| ar,ix30 [Strapping oFankle———————SS~d SS Vs| ar,,,,,,0.35,True
Bhubaneswar,17062025133614_CGHS Rates 2024 Bhubaneswar_.pdf,28,[xx31—[Suapping of Chest ia,xx31—[Suapping of Chest ia,,,,,,0.35,True
Bhubaneswar,17062025133614_CGHS Rates 2024 Bhubaneswar_.pdf,28,[ix32 [Strapping of Shoulder SSCS —| CC,ix32 [Strapping of Shoulder SSCS —| CC,,,,,,0.35,True
Bhubaneswar,17062025133614_CGHS Rates 2024 Bhubaneswar_.pdf,28,[ix34 [Collar and cuffaling SSCS |,ix34 [Collar and cuffaling SSCS,,,,,,0.35,True
Bhubaneswar,17062025133614_CGHS Rates 2024 Bhubaneswar_.pdf,28,[1136 [Application of POP Cans for Upper © LawerLinbs [| —_e33|_—a,1136 [Application of POP Cans for Upper © LawerLinbs [| —_e33|_—a,,,,,,0.35,True
Bhubaneswar,17062025133614_CGHS Rates 2024 Bhubaneswar_.pdf,28,[i137 [Application of Functional Cat Brace SSS 80 |,i137 [Application of Functional Cat Brace SSS 80,,,,,,0.35,True
Bhubaneswar,17062025133614_CGHS Rates 2024 Bhubaneswar_.pdf,28,[ixae [Applicaton of Skin Traction [680] 724,ixae [Applicaton of Skin Traction [680,,,724,,,0.5,True
Bhubaneswar,17062025133614_CGHS Rates 2024 Bhubaneswar_.pdf,28,[1139 [Application of Skeletal Tacions [84a toa,1139 [Application of Skeletal Tacions [84a toa,,,,,,0.35,True
Bhubaneswar,17062025133614_CGHS Rates 2024 Bhubaneswar_.pdf,28,[110 [Bandage & Strappings for Fracwres SCS SSCS],110 [Bandage & Strappings for Fracwres SCS SSCS,,,,,,0.35,True
Bhubaneswar,17062025133614_CGHS Rates 2024 Bhubaneswar_.pdf,29,[1142 [Application of POP Spves & Jackets Sid SSC,1142 [Application of POP Spves & Jackets Sid SSC,,,,,,0.35,True
Bhubaneswar,17062025133614_CGHS Rates 2024 Bhubaneswar_.pdf,29,[1143 |Close Reduction of Fractures of Limb &POP | __2600| 2909,1143 |Close Reduction of Fractures of Limb &POP | __2600,,,2909,,,0.5,True
Bhubaneswar,17062025133614_CGHS Rates 2024 Bhubaneswar_.pdf,29,[i144 —|Redvetion of Compound Fracwres irra,i144 —|Redvetion of Compound Fracwres irra,,,,,,0.35,True
Bhubaneswar,17062025133614_CGHS Rates 2024 Bhubaneswar_.pdf,29,1145 Open Reduction & Internal Fixation (ORIF) of Fingers & 5175,1145 Open Reduction & Internal Fixation (ORIF) of Fingers &,,,5175,,,0.5,True
Bhubaneswar,17062025133614_CGHS Rates 2024 Bhubaneswar_.pdf,29,[iia6 [Tension Band Winings,iia6 [Tension Band Winings,,,,,,0.35,True
Bhubaneswar,17062025133614_CGHS Rates 2024 Bhubaneswar_.pdf,29,[i149 [Bone Grafing SSCS,i149 [Bone Grafing SSCS,,,,,,0.35,True
Bhubaneswar,17062025133614_CGHS Rates 2024 Bhubaneswar_.pdf,29,[i182 |Sequestestomy & Savceriaion i800] 88,i182 |Sequestestomy & Savceriaion i800,,,88,,,0.5,True
Bhubaneswar,17062025133614_CGHS Rates 2024 Bhubaneswar_.pdf,29,[1154 |Muliple Pinning Fracture Neck Femur | 4¥00] 15225,1154 |Muliple Pinning Fracture Neck Femur | 4¥00,,,15225,,,0.5,True
Bhubaneswar,17062025133614_CGHS Rates 2024 Bhubaneswar_.pdf,29,[i1ss [plate Fixstions for Fracture Neck Femur [13600] 18823,i1ss [plate Fixstions for Fracture Neck Femur [13600,,,18823,,,0.5,True
Bhubaneswar,17062025133614_CGHS Rates 2024 Bhubaneswar_.pdf,29,1157 Open Reduction of Fracture Neck Femur Muscle Pedicle Graft and 22425),1157 Open Reduction of Fracture Neck Femur Muscle Pedicle Graft and 22425),,,,,,0.35,True
Bhubaneswar,17062025133614_CGHS Rates 2024 Bhubaneswar_.pdf,29,[i138 |Close Redeton of DHlocatms————————SSSCSCSCS—~dSSCS|,i138 |Close Redeton of DHlocatms————————SSSCSCSCS—~dSSCS,,,,,,0.35,True
Bhubaneswar,17062025133614_CGHS Rates 2024 Bhubaneswar_.pdf,29,[1159 —|Open Reduction of Dislocations | 3430] 3085,1159 —|Open Reduction of Dislocations | 3430,,,3085,,,0.5,True
Bhubaneswar,17062025133614_CGHS Rates 2024 Bhubaneswar_.pdf,29,[1162 [Nerve Repair with Grating’ Siri,1162 [Nerve Repair with Grating’ Siri,,,,,,0.35,True
Bhubaneswar,17062025133614_CGHS Rates 2024 Bhubaneswar_.pdf,29,[1163 [Tendon with Transplant or Graft | 10350] 1903,1163 [Tendon with Transplant or Graft | 10350,,,1903,,,0.5,True
Bhubaneswar,17062025133614_CGHS Rates 2024 Bhubaneswar_.pdf,29,[i164 [Tendon Lengthening/Tendon repair | 8050| 2283,i164 [Tendon Lengthening/Tendon repair | 8050,,,2283,,,0.5,True
Bhubaneswar,17062025133614_CGHS Rates 2024 Bhubaneswar_.pdf,29,[1166 [Laminectomy Excision Dseand Tumours | #a30| 6885,1166 [Laminectomy Excision Dseand Tumours | #a30,,,6885,,,0.5,True
Bhubaneswar,17062025133614_CGHS Rates 2024 Bhubaneswar_.pdf,29,Anterolateral decompression for tuberculosis/ Costo- 3450,Anterolateral decompression for tuberculosis/ Costo-,,,3450,,,0.5,True
Bhubaneswar,17062025133614_CGHS Rates 2024 Bhubaneswar_.pdf,29,[2169 [Antereolteral Decompression and Spine Fusion | __13350| 2283,2169 [Antereolteral Decompression and Spine Fusion | __13350,,,2283,,,0.5,True
Bhubaneswar,17062025133614_CGHS Rates 2024 Bhubaneswar_.pdf,29,[ur71 — |Conrective Oscotomy & Intemal Fiation- long bones | _1¥o4o| 12609,ur71 — |Conrective Oscotomy & Intemal Fiation- long bones | _1¥o4o,,,12609,,,0.5,True
Bhubaneswar,17062025133614_CGHS Rates 2024 Bhubaneswar_.pdf,29,[1172 JAaniirodesisof-Minor Joins i) F050 009,1172 JAaniirodesisof-Minor Joins i) F050,,,009,,,0.5,True
Bhubaneswar,17062025133614_CGHS Rates 2024 Bhubaneswar_.pdf,29,[1173 [Artirodess of- Major Joints | 10000] 11809,1173 [Artirodess of- Major Joints | 10000,,,11809,,,0.5,True
Bhubaneswar,17062025133614_CGHS Rates 2024 Bhubaneswar_.pdf,29,1174 [Soft Tissue Operations for Congenital Talipes Equinovarus,1174 [Soft Tissue Operations for Congenital Talipes Equinovarus,,,,,,0.35,True
Bhubaneswar,17062025133614_CGHS Rates 2024 Bhubaneswar_.pdf,29,[i176 |Hteniardiopiasy-Hip————S—SSSSSCSCSCSCSCS~d S80 009,i176 |Hteniardiopiasy-Hip————S—SSSSSCSCSCSCSCS~d S80,,,009,,,0.5,True
Bhubaneswar,17062025133614_CGHS Rates 2024 Bhubaneswar_.pdf,29,[1177 —|Htemiardioplasy- Shoulder | 28000] 23009,1177 —|Htemiardioplasy- Shoulder | 28000,,,23009,,,0.5,True
Bhubaneswar,17062025133614_CGHS Rates 2024 Bhubaneswar_.pdf,29,[i180 [Amputstins Below Elbow ————S~idSSS—~ 8,i180 [Amputstins Below Elbow ————S~idSSS—~,,,8,,,0.5,True
Bhubaneswar,17062025133614_CGHS Rates 2024 Bhubaneswar_.pdf,30,[1182 |Amputatins Above Elbow SSS |,1182 |Amputatins Above Elbow SSS,,,,,,0.35,True
Bhubaneswar,17062025133614_CGHS Rates 2024 Bhubaneswar_.pdf,30,[1183 [Ampurstions Foreguaner ————SSSSSSCSCS~idCSSSCS |,1183 [Ampurstions Foreguaner ————SSSSSSCSCS~idCSSSCS,,,,,,0.35,True
Bhubaneswar,17062025133614_CGHS Rates 2024 Bhubaneswar_.pdf,30,[1184 [Amputations Hind Quarter and Hemipelvestomy | _tea00| 29,1184 [Amputations Hind Quarter and Hemipelvestomy | _tea00,,,29,,,0.5,True
Bhubaneswar,17062025133614_CGHS Rates 2024 Bhubaneswar_.pdf,30,[118s [Dissculaions-Majorjoiat ——=—S—SSSCSCSCSCS~idCTSCS~«S OCG,118s [Dissculaions-Majorjoiat ——=—S—SSSCSCSCSCS~idCTSCS~«S OCG,,,,,,0.35,True
Bhubaneswar,17062025133614_CGHS Rates 2024 Bhubaneswar_.pdf,30,[1186 —[Dissoulaions- Minor joiny ——____[__1¥388[ 13003,1186 —[Dissoulaions- Minor joiny ——____[__1¥388,,,13003,,,0.5,True
Bhubaneswar,17062025133614_CGHS Rates 2024 Bhubaneswar_.pdf,30,[i187 —[arturography ———SSSSSCSCSCSCSCSCSCS~dYCCSC« =,i187 —[arturography ———SSSSSCSCSCSCSCSCSCS~dYCCSC« =,,,,,,0.35,True
Bhubaneswar,17062025133614_CGHS Rates 2024 Bhubaneswar_.pdf,30,[1188 [Arthroscopy -Dignosie | @sea| os,1188 [Arthroscopy -Dignosie | @sea| os,,,,,,0.35,True
Bhubaneswar,17062025133614_CGHS Rates 2024 Bhubaneswar_.pdf,30,[1189 [Artiroscopy-therapenti: without implant’ | 10000] 11809,1189 [Artiroscopy-therapenti: without implant’ | 10000,,,11809,,,0.5,True
Bhubaneswar,17062025133614_CGHS Rates 2024 Bhubaneswar_.pdf,30,[1191 |Sof Tissve Operation on oints-Small | #900] 7933,1191 |Sof Tissve Operation on oints-Small | #900,,,7933,,,0.5,True
Bhubaneswar,17062025133614_CGHS Rates 2024 Bhubaneswar_.pdf,30,[1192 |Sof Tisse Operation on oints Large [13600] 18533,1192 |Sof Tisse Operation on oints Large [13600,,,18533,,,0.5,True
Bhubaneswar,17062025133614_CGHS Rates 2024 Bhubaneswar_.pdf,30,[i194 —|Removalof Wins @ Screw SSCS,i194 —|Removalof Wins @ Screw SSCS,,,,,,0.35,True
Bhubaneswar,17062025133614_CGHS Rates 2024 Bhubaneswar_.pdf,30,[1195 |RemovarorPlaes,1195 |RemovarorPlaes,,,,,,0.35,True
Bhubaneswar,17062025133614_CGHS Rates 2024 Bhubaneswar_.pdf,30,[i198 rota Knce Joint Replacement (TKR) | 103700] 179285,i198 rota Knce Joint Replacement (TKR) | 103700,,,179285,,,0.5,True
Bhubaneswar,17062025133614_CGHS Rates 2024 Bhubaneswar_.pdf,30,[1200 [rota Elbow Joint Replacement | 7100] eaves,1200 [rota Elbow Joint Replacement | 7100] eaves,,,,,,0.35,True
Bhubaneswar,17062025133614_CGHS Rates 2024 Bhubaneswar_.pdf,30,[1201 [Toul Wiis Join Replacement | towo0o| 115009,1201 [Toul Wiis Join Replacement | towo0o,,,115009,,,0.5,True
Bhubaneswar,17062025133614_CGHS Rates 2024 Bhubaneswar_.pdf,30,[1202 [Tol finger joist replacement | 20000] 23009,1202 [Tol finger joist replacement | 20000,,,23009,,,0.5,True
Bhubaneswar,17062025133614_CGHS Rates 2024 Bhubaneswar_.pdf,30,[1203 [Tubular external ator Si SOO =,1203 [Tubular external ator Si SOO =,,,,,,0.35,True
Bhubaneswar,17062025133614_CGHS Rates 2024 Bhubaneswar_.pdf,30,[1205 |iizrov's external fixator SSS,1205 |iizrov's external fixator SSS,,,,,,0.35,True
Bhubaneswar,17062025133614_CGHS Rates 2024 Bhubaneswar_.pdf,30,[1208 |Peiv-aceicbulae fracture TaiemalTwavion [| _eezs[ aa,1208 |Peiv-aceicbulae fracture TaiemalTwavion [| _eezs[ aa,,,,,,0.35,True
Bhubaneswar,17062025133614_CGHS Rates 2024 Bhubaneswar_.pdf,30,[i206 |Menisceciomy i200 800,i206 |Menisceciomy i200,,,800,,,0.5,True
Bhubaneswar,17062025133614_CGHS Rates 2024 Bhubaneswar_.pdf,30,[1207 —|Meniseus Repair) 10000 | 80,1207 —|Meniseus Repair) 10000,,,80,,,0.5,True
Bhubaneswar,17062025133614_CGHS Rates 2024 Bhubaneswar_.pdf,30,[1208 |Anierior Cruciate Lament (AGL) Revonsiucton | _8s00| 9775,1208 |Anierior Cruciate Lament (AGL) Revonsiucton | _8s00,,,9775,,,0.5,True
Bhubaneswar,17062025133614_CGHS Rates 2024 Bhubaneswar_.pdf,30,[1209 |Posterior Cniiate Ligament (PCL) Revonsiriction | _13600|____1ss23,1209 |Posterior Cniiate Ligament (PCL) Revonsiriction | _13600|____1ss23,,,,,,0.35,True
Bhubaneswar,17062025133614_CGHS Rates 2024 Bhubaneswar_.pdf,30,[x210 [knee Colteral Ligament Revonsinction | __ 12500 1373,x210 [knee Colteral Ligament Revonsinction | __,1373,12500,,,,0.72,False
Bhubaneswar,17062025133614_CGHS Rates 2024 Bhubaneswar_.pdf,30,[i211 |Bencart Repair Shoulder ———————SSCSCSCS~sdCSCSC«S 0 ———*,i211 |Bencart Repair Shoulder ———————SSCSCSCS~sdCSCSC«S 0 ———*,,,,,,0.35,True
Bhubaneswar,17062025133614_CGHS Rates 2024 Bhubaneswar_.pdf,30,[i212 |RcRepair i “8800 a,i212 |RcRepair i “8800 a,,,,,,0.35,True
Bhubaneswar,17062025133614_CGHS Rates 2024 Bhubaneswar_.pdf,30,[i213 [Biceps tenodesis SSS,i213 [Biceps tenodesis SSS,,,,,,0.35,True
Bhubaneswar,17062025133614_CGHS Rates 2024 Bhubaneswar_.pdf,30,[1214 [Disal biceps tendon rppas itz,1214 [Disal biceps tendon rppas itz,,,,,,0.35,True
Bhubaneswar,17062025133614_CGHS Rates 2024 Bhubaneswar_.pdf,30,[i218 [Ardbroiysis oFknee SSS],i218 [Ardbroiysis oFknee SSS,,,,,,0.35,True
Bhubaneswar,17062025133614_CGHS Rates 2024 Bhubaneswar_.pdf,30,[1216 |Capssiotomy of Showider its 200f a8,1216 |Capssiotomy of Showider its 200f a8,,,,,,0.35,True
Bhubaneswar,17062025133614_CGHS Rates 2024 Bhubaneswar_.pdf,30,[i217 |Conservaive Paster of Paris(POP)—————————i «200 0,i217 |Conservaive Paster of Paris(POP)—————————i «200,,,0,,,0.5,True
Bhubaneswar,17062025133614_CGHS Rates 2024 Bhubaneswar_.pdf,30,[1218 [Application for CTEV per siting | toso| 122,1218 [Application for CTEV per siting | toso,,,122,,,0.5,True
Bhubaneswar,17062025133614_CGHS Rates 2024 Bhubaneswar_.pdf,30,[1219 |Toal Hip Replacement (THR) Revision Sage | 1rooo] 19880,1219 |Toal Hip Replacement (THR) Revision Sage | 1rooo,,,19880,,,0.5,True
Bhubaneswar,17062025133614_CGHS Rates 2024 Bhubaneswar_.pdf,30,[1220 [Tout Hip Replacement (THR) Revision Sage-tI_| $0000] +7809,1220 [Tout Hip Replacement (THR) Revision Sage-tI_| $0000] +7809,,,,,,0.35,True
Bhubaneswar,17062025133614_CGHS Rates 2024 Bhubaneswar_.pdf,30,[1221 [Tol Knce Replacement (TKR) Revision Sage-T__| $8000] 0280,1221 [Tol Knce Replacement (TKR) Revision Sage-T__| $8000,,,0280,,,0.5,True
Bhubaneswar,17062025133614_CGHS Rates 2024 Bhubaneswar_.pdf,30,[i222 [Toul Knee Replcement (TER) Reviion Saget | _——s8000( 0280,i222 [Toul Knee Replcement (TER) Reviion Saget | _——s8000(,,,0280,,,0.5,True
Bhubaneswar,17062025133614_CGHS Rates 2024 Bhubaneswar_.pdf,30,1223 Illizarov/ external fixation for limb lengthening/ deformity 14375,1223 Illizarov/ external fixation for limb lengthening/ deformity,,,14375,,,0.5,True
Bhubaneswar,17062025133614_CGHS Rates 2024 Bhubaneswar_.pdf,30,[i224 —|Dissectomy/ Miso Dieectomy i) 20],i224 —|Dissectomy/ Miso Dieectomy i) 20,,,,,,0.35,True
Bhubaneswar,17062025133614_CGHS Rates 2024 Bhubaneswar_.pdf,31,[i226 [Spinal Faavion Cervical Gorslumbar/ mboweral [| 16000] 100],i226 [Spinal Faavion Cervical Gorslumbar/ mboweral [| 16000] 100,,,,,,0.35,True
Bhubaneswar,17062025133614_CGHS Rates 2024 Bhubaneswar_.pdf,31,[1227 [Fusion Surgery Cervical Lumbar Spine upto 2 Level | 22000 25300],1227 [Fusion Surgery Cervical Lumbar Spine upto 2 Level | 22000 25300,,,,,,0.35,True
Bhubaneswar,17062025133614_CGHS Rates 2024 Bhubaneswar_.pdf,31,Spinal Fusion Surgery Cervical/ Lumbar Spine -More than 2 13800,Spinal Fusion Surgery Cervical/ Lumbar Spine -More than,13800,2,,,,0.72,False
Bhubaneswar,17062025133614_CGHS Rates 2024 Bhubaneswar_.pdf,31,[1229 [Scoliosis Surgeny/ Deformity Convstion ofSpine ———~|_——2s000| 075,1229 [Scoliosis Surgeny/ Deformity Convstion ofSpine ———~|_——2s000,,,075,,,0.5,True
Bhubaneswar,17062025133614_CGHS Rates 2024 Bhubaneswar_.pdf,31,[1230 [Vertebroplasty —————SSSSSSSSSSSS*iY 2000 | 80,1230 [Vertebroplasty —————SSSSSSSSSSSS*iY 2000,,,80,,,0.5,True
Bhubaneswar,17062025133614_CGHS Rates 2024 Bhubaneswar_.pdf,31,[i231 [spinal nections iY of,i231 [spinal nections iY of,,,,,,0.35,True
Bhubaneswar,17062025133614_CGHS Rates 2024 Bhubaneswar_.pdf,31,[1232 [Dynamic Hip Screw (DHS) for Fracre Neck Femur | 13600 156],1232 [Dynamic Hip Screw (DHS) for Fracre Neck Femur | 13600 156,,,,,,0.35,True
Bhubaneswar,17062025133614_CGHS Rates 2024 Bhubaneswar_.pdf,31,[1233 [Proximal Femoral Nail (PFN for 1 Fractue) | 14000] 0],1233 [Proximal Femoral Nail (PFN for 1 Fractue) | 14000] 0,,,,,,0.35,True
Bhubaneswar,17062025133614_CGHS Rates 2024 Bhubaneswar_.pdf,31,[1234 [spinal Oseotomy ita | |,1234 [spinal Oseotomy ita,,,,,,0.35,True
Bhubaneswar,17062025133614_CGHS Rates 2024 Bhubaneswar_.pdf,31,[1235 [ilizarov's External Fallon for Tuma ————~|__t3000[ 180,1235 [ilizarov's External Fallon for Tuma ————~|__t3000,,,180,,,0.5,True
Bhubaneswar,17062025133614_CGHS Rates 2024 Bhubaneswar_.pdf,31,[1236 [Soft Tissue Operations for Polio/ Cerebral Faky | 0200] 1173],1236 [Soft Tissue Operations for Polio/ Cerebral Faky | 0200] 1173,,,,,,0.35,True
Bhubaneswar,17062025133614_CGHS Rates 2024 Bhubaneswar_.pdf,31,[1238 other Major Surgery SiS | ‘|,1238 other Major Surgery SiS | ‘,,,,,,0.35,True
Bhubaneswar,17062025133614_CGHS Rates 2024 Bhubaneswar_.pdf,31,[1239 [ober Mir Surgery SSCS tt | «|,1239 [ober Mir Surgery SSCS tt | «,,,,,,0.35,True
Bhubaneswar,17062025133614_CGHS Rates 2024 Bhubaneswar_.pdf,31,[i240 [Ucasonic erapy —SSC~dCSCSCSCSCSRCC*C*«Y,i240 [Ucasonic erapy —SSC~dCSCSCSCSCSRCC*C*«Y,,,,,,0.35,True
Bhubaneswar,17062025133614_CGHS Rates 2024 Bhubaneswar_.pdf,31,[121 |Shorwwave Diatermy (SWD) [| val 9],121 |Shorwwave Diatermy (SWD) [| val 9,,,,,,0.35,True
Bhubaneswar,17062025133614_CGHS Rates 2024 Bhubaneswar_.pdf,31,[1242 [Electrical stimulation therapeutic) | 7a] |,1242 [Electrical stimulation therapeutic) | 7a,,,,,,0.35,True
Bhubaneswar,17062025133614_CGHS Rates 2024 Bhubaneswar_.pdf,31,[i243 [Muscle testing and diagnosis ——————SSSSSCSC~d S|,i243 [Muscle testing and diagnosis ——————SSSSSCSC~d S,,,,,,0.35,True
Bhubaneswar,17062025133614_CGHS Rates 2024 Bhubaneswar_.pdf,31,[i245 [Uicaviole Theapewis (OV Thempewic)doxe ——S—S—~dSCSCSC~'| CCS,i245 [Uicaviole Theapewis (OV Thempewic)doxe ——S—S—~dSCSCSC~'| CCS,,,,,,0.35,True
Bhubaneswar,17062025133614_CGHS Rates 2024 Bhubaneswar_.pdf,31,[i246 [tutermivent Lumbar Traction ————=———SSSSCSCSC*i ||,i246 [tutermivent Lumbar Traction ————=———SSSSCSCSC*i,,,,,,0.35,True
Bhubaneswar,17062025133614_CGHS Rates 2024 Bhubaneswar_.pdf,31,[i247 [intermivent Cewviealwacion Sid S| CS,i247 [intermivent Cewviealwacion Sid S| CS,,,,,,0.35,True
Bhubaneswar,17062025133614_CGHS Rates 2024 Bhubaneswar_.pdf,31,[120 [Breathing Exerdses & PoswalDminage ———S—SCS~C~Ss SSC,120 [Breathing Exerdses & PoswalDminage ———S—SCS~C~Ss SSC,,,,,,0.35,True
Bhubaneswar,17062025133614_CGHS Rates 2024 Bhubaneswar_.pdf,31,[i251 [Cerebral Palsy exercise SSCS Sf,i251 [Cerebral Palsy exercise SSCS Sf,,,,,,0.35,True
Bhubaneswar,17062025133614_CGHS Rates 2024 Bhubaneswar_.pdf,31,[1282 [Pos polio exercise | sa] |,1282 [Pos polio exercise | sa,,,,,,0.35,True
Bhubaneswar,17062025133614_CGHS Rates 2024 Bhubaneswar_.pdf,31,[1284 [Cobalt 60 therapy-Radicaltherapy ————————~| 6150s] ez],1284 [Cobalt 60 therapy-Radicaltherapy ————————~| 6150s] ez,,,,,,0.35,True
Bhubaneswar,17062025133614_CGHS Rates 2024 Bhubaneswar_.pdf,31,[1285 [Cobalt 60 terapy-Pallatvetherapy ———SSS—S—*dCSSCSt8 8,1285 [Cobalt 60 terapy-Pallatvetherapy ———SSS—S—*dCSSCSt8,,,8,,,0.5,True
Bhubaneswar,17062025133614_CGHS Rates 2024 Bhubaneswar_.pdf,31,[1286 [Linear acselersor SS SSSSSS~*i nave Blank _| Leave lan,1286 [Linear acselersor SS SSSSSS~*i nave Blank _| Leave lan,,,,,,0.35,True
Bhubaneswar,17062025133614_CGHS Rates 2024 Bhubaneswar_.pdf,31,[1258 | Linear accclerator-Palinve thiapy [| _s0792| sean],1258 | Linear accclerator-Palinve thiapy [| _s0792| sean,,,,,,0.35,True
Bhubaneswar,17062025133614_CGHS Rates 2024 Bhubaneswar_.pdf,31,[i259 | spinning *Y a|,i259 | spinning *Y a,,,,,,0.35,True
Bhubaneswar,17062025133614_CGHS Rates 2024 Bhubaneswar_.pdf,31,[1260 [20 Planning | 48a sea],1260 [20 Planning | 48a sea,,,,,,0.35,True
Bhubaneswar,17062025133614_CGHS Rates 2024 Bhubaneswar_.pdf,31,[1261 [MRT Cnensiy Modulated adioiherapy) | 90790 1oaaa|,1261 [MRT Cnensiy Modulated adioiherapy) | 90790 1oaaa,,,,,,0.35,True
Bhubaneswar,17062025133614_CGHS Rates 2024 Bhubaneswar_.pdf,31,[1262 [SRT (Stereotactic radiotherapy) Si a0 | |,1262 [SRT (Stereotactic radiotherapy) Si a0,,,,,,0.35,True
Bhubaneswar,17062025133614_CGHS Rates 2024 Bhubaneswar_.pdf,31,[1263 [sRS(Stercotactic radio surgery) ————S—S—SCSCSC~SS—S tf (|,1263 [sRS(Stercotactic radio surgery) ————S—S—SCSCSC~SS—S tf (,,,,,,0.35,True
Bhubaneswar,17062025133614_CGHS Rates 2024 Bhubaneswar_.pdf,31,[i264 ]iGRTdmage guided radiotherapy) | _tszatal sate,i264 ]iGRTdmage guided radiotherapy) | _tszatal sate,,,,,,0.35,True
Bhubaneswar,17062025133614_CGHS Rates 2024 Bhubaneswar_.pdf,31,[i266 [Elecron team with Linear aveclertor _————S—~idCSCS~—« | _—«,i266 [Elecron team with Linear aveclertor _————S—~idCSCS~—« | _—«,,,,,,0.35,True
Bhubaneswar,17062025133614_CGHS Rates 2024 Bhubaneswar_.pdf,32,[i268 [invasion,i268 [invasion,,,,,,0.35,True
Bhubaneswar,17062025133614_CGHS Rates 2024 Bhubaneswar_.pdf,32,[x26 fnterstial | srs] sores,x26 fnterstial | srs] sores,,,,,,0.35,True
Bhubaneswar,17062025133614_CGHS Rates 2024 Bhubaneswar_.pdf,32,[x270—finaluminad iP 9] tr,x270—finaluminad iP 9] tr,,,,,,0.35,True
Bhubaneswar,17062025133614_CGHS Rates 2024 Bhubaneswar_.pdf,32,[x272—[Glisdel Wafer | _6s10| sre,x272—[Glisdel Wafer | _6s10| sre,,,,,,0.35,True
Bhubaneswar,17062025133614_CGHS Rates 2024 Bhubaneswar_.pdf,32,[ia73 [Neoadjuvant SSSS*d CSS],ia73 [Neoadjuvant SSSS*d CSS,,,,,,0.35,True
Bhubaneswar,17062025133614_CGHS Rates 2024 Bhubaneswar_.pdf,32,[rata —fadinvant 0s | 27,rata —fadinvant 0s,,,27,,,0.5,True
Bhubaneswar,17062025133614_CGHS Rates 2024 Bhubaneswar_.pdf,32,[1278 [Concurrent-chemoradation [820] oss,1278 [Concurrent-chemoradation [820] oss,,,,,,0.35,True
Bhubaneswar,17062025133614_CGHS Rates 2024 Bhubaneswar_.pdf,32,[i276 [Single drug af,i276 [Single drug af,,,,,,0.35,True
Bhubaneswar,17062025133614_CGHS Rates 2024 Bhubaneswar_.pdf,32,[1277 [Mubipe drugs [897] os,1277 [Mubipe drugs [897] os,,,,,,0.35,True
Bhubaneswar,17062025133614_CGHS Rates 2024 Bhubaneswar_.pdf,32,[1278 [Targeted therapy 920 | 088,1278 [Targeted therapy 920,,,088,,,0.5,True
Bhubaneswar,17062025133614_CGHS Rates 2024 Bhubaneswar_.pdf,32,[1279 [Chemoport faciiy [820] oss,1279 [Chemoport faciiy [820] oss,,,,,,0.35,True
Bhubaneswar,17062025133614_CGHS Rates 2024 Bhubaneswar_.pdf,32,[1280 [PICC line (peripherally iasred Central Cannulmation) [920] 1089,1280 [PICC line (peripherally iasred Central Cannulmation) [920,,,1089,,,0.5,True
Bhubaneswar,17062025133614_CGHS Rates 2024 Bhubaneswar_.pdf,32,[2281 — [Upper Gr Endoscopy Lower GY Endoscopy | 158] 09,2281 — [Upper Gr Endoscopy Lower GY Endoscopy | 158,,,09,,,0.5,True
Bhubaneswar,17062025133614_CGHS Rates 2024 Bhubaneswar_.pdf,32,[i282 [Disguosic endoscopy SSS of,i282 [Disguosic endoscopy SSS of,,,,,,0.35,True
Bhubaneswar,17062025133614_CGHS Rates 2024 Bhubaneswar_.pdf,32,[1283 — [endoscopic biopsy [sa],1283 — [endoscopic biopsy [sa,,,,,,0.35,True
Bhubaneswar,17062025133614_CGHS Rates 2024 Bhubaneswar_.pdf,32,[i284 — [Endoscopic mucosal esecion [| tsa] 7,i284 — [Endoscopic mucosal esecion [| tsa,,,7,,,0.5,True
Bhubaneswar,17062025133614_CGHS Rates 2024 Bhubaneswar_.pdf,32,[r2Ks — [Oesophageal srictre dilatation | 1700] ro,r2Ks — [Oesophageal srictre dilatation | 1700] ro,,,,,,0.35,True
Bhubaneswar,17062025133614_CGHS Rates 2024 Bhubaneswar_.pdf,32,[1286 [Ballou dilatation of achalasia cardia [2875] 09,1286 [Ballou dilatation of achalasia cardia [2875,,,09,,,0.5,True
Bhubaneswar,17062025133614_CGHS Rates 2024 Bhubaneswar_.pdf,32,[1287 — [Foreign body removal | 183] 9,1287 — [Foreign body removal | 183,,,9,,,0.5,True
Bhubaneswar,17062025133614_CGHS Rates 2024 Bhubaneswar_.pdf,32,[i2s8 [Oesophageal senting [280] 4,i2s8 [Oesophageal senting [280,,,4,,,0.5,True
Bhubaneswar,17062025133614_CGHS Rates 2024 Bhubaneswar_.pdf,32,[1289 — [Band ligation of oesophageal vanes | 2500] 75,1289 — [Band ligation of oesophageal vanes | 2500,,,75,,,0.5,True
Bhubaneswar,17062025133614_CGHS Rates 2024 Bhubaneswar_.pdf,32,[1290 [selerotherapy of oesophageal varies [2298] 209,1290 [selerotherapy of oesophageal varies [2298,,,209,,,0.5,True
Bhubaneswar,17062025133614_CGHS Rates 2024 Bhubaneswar_.pdf,32,[1291 —[Giue injection of varices | 2500] 05,1291 —[Giue injection of varices | 2500,,,05,,,0.5,True
Bhubaneswar,17062025133614_CGHS Rates 2024 Bhubaneswar_.pdf,32,[1292 [Argon plsma coagulation | 4000] 600,1292 [Argon plsma coagulation | 4000,,,600,,,0.5,True
Bhubaneswar,17062025133614_CGHS Rates 2024 Bhubaneswar_.pdf,32,[1293 [Pylorcbaloou dilation ———————————S*i rts| a,1293 [Pylorcbaloou dilation ———————————S*i rts| a,,,,,,0.35,True
Bhubaneswar,17062025133614_CGHS Rates 2024 Bhubaneswar_.pdf,32,[i294 —fEnteranalstentag [2600] a9,i294 —fEnteranalstentag [2600] a9,,,,,,0.35,True
Bhubaneswar,17062025133614_CGHS Rates 2024 Bhubaneswar_.pdf,32,[i295 [Duodenal sisture Gion SSS =f,i295 [Duodenal sisture Gion SSS =f,,,,,,0.35,True
Bhubaneswar,17062025133614_CGHS Rates 2024 Bhubaneswar_.pdf,32,[1296 —[sinae baloon enterocopy [| 4000] soo,1296 —[sinae baloon enterocopy [| 4000] soo,,,,,,0.35,True
Bhubaneswar,17062025133614_CGHS Rates 2024 Bhubaneswar_.pdf,32,[1297 [Double balloon enteroscopy SSS 800 |,1297 [Double balloon enteroscopy SSS 800,,,,,,0.35,True
Bhubaneswar,17062025133614_CGHS Rates 2024 Bhubaneswar_.pdf,32,[1298 [capsule endoscopy [4950] se,1298 [capsule endoscopy [4950] se,,,,,,0.35,True
Bhubaneswar,17062025133614_CGHS Rates 2024 Bhubaneswar_.pdf,32,[i299 [Piles banging [1090] 26,i299 [Piles banging [1090,,,26,,,0.5,True
Bhubaneswar,17062025133614_CGHS Rates 2024 Bhubaneswar_.pdf,32,[1300 — [Colonic swicwre Wation [| 2700] sos,1300 — [Colonic swicwre Wation [| 2700] sos,,,,,,0.35,True
Bhubaneswar,17062025133614_CGHS Rates 2024 Bhubaneswar_.pdf,32,[1301 [Hot biopsy forceps procedures | 2700] toa,1301 [Hot biopsy forceps procedures | 2700] toa,,,,,,0.35,True
Bhubaneswar,17062025133614_CGHS Rates 2024 Bhubaneswar_.pdf,32,[1302 [Colonic seating | 277],1302 [Colonic seating | 277,,,,,,0.35,True
Bhubaneswar,17062025133614_CGHS Rates 2024 Bhubaneswar_.pdf,32,[1303 [function biopsy [195s] 2,1303 [function biopsy [195s,,,2,,,0.5,True
Bhubaneswar,17062025133614_CGHS Rates 2024 Bhubaneswar_.pdf,32,[x304 [Conjugal microscopy | #000] 600,x304 [Conjugal microscopy | #000,,,600,,,0.5,True
Bhubaneswar,17062025133614_CGHS Rates 2024 Bhubaneswar_.pdf,32,[is08 —[Endosopie whmetrotomy |,is08 —[Endosopie whmetrotomy,,,,,,0.35,True
Bhubaneswar,17062025133614_CGHS Rates 2024 Bhubaneswar_.pdf,32,[1307 [CBD siete dilation [6800] 3,1307 [CBD siete dilation [6800,,,3,,,0.5,True
Bhubaneswar,17062025133614_CGHS Rates 2024 Bhubaneswar_.pdf,32,[1308 [Biliary stenting (plastic and meulicy | #80] 555,1308 [Biliary stenting (plastic and meulicy | #80,,,555,,,0.5,True
Bhubaneswar,17062025133614_CGHS Rates 2024 Bhubaneswar_.pdf,32,[1309 [Mechanical ithotipsy of CBD stones [| 7200] #200,1309 [Mechanical ithotipsy of CBD stones [| 7200] #200,,,,,,0.35,True
Bhubaneswar,17062025133614_CGHS Rates 2024 Bhubaneswar_.pdf,33,[1311 [Pancreatic stricture dilatation T8700] 8888],1311 [Pancreatic stricture dilatation T8700] 8888,,,,,,0.35,True
Bhubaneswar,17062025133614_CGHS Rates 2024 Bhubaneswar_.pdf,33,[1312 [Pancreatic stone extraction | 10000180},1312 [Pancreatic stone extraction | 10000180},,,,,,0.35,True
Bhubaneswar,17062025133614_CGHS Rates 2024 Bhubaneswar_.pdf,33,[1314 [Endoscopic eysto gastrostomy T8000] 9200),1314 [Endoscopic eysto gastrostomy T8000] 9200),,,,,,0.35,True
Bhubaneswar,17062025133614_CGHS Rates 2024 Bhubaneswar_.pdf,33,[1318 [Balloon dilatation of papilla | 620] ra,1318 [Balloon dilatation of papilla | 620] ra,,,,,,0.35,True
Bhubaneswar,17062025133614_CGHS Rates 2024 Bhubaneswar_.pdf,33,[1316 —[Uicasound guided FAC 875| ssi],1316 —[Uicasound guided FAC 875| ssi,,,,,,0.35,True
Bhubaneswar,17062025133614_CGHS Rates 2024 Bhubaneswar_.pdf,33,[1318 [Percutaneous Transhepatic Biliary Drainage (PTBD) | 150[ 1323),1318 [Percutaneous Transhepatic Biliary Drainage (PTBD) | 150[ 1323),,,,,,0.35,True
Bhubaneswar,17062025133614_CGHS Rates 2024 Bhubaneswar_.pdf,33,[1319 [Diagnostic angiography T2000] 2800),1319 [Diagnostic angiography T2000] 2800),,,,,,0.35,True
Bhubaneswar,17062025133614_CGHS Rates 2024 Bhubaneswar_.pdf,33,[1320 Vascular embolization | 4100] 1365],1320 Vascular embolization | 4100] 1365,,,,,,0.35,True
Bhubaneswar,17062025133614_CGHS Rates 2024 Bhubaneswar_.pdf,33,[1321 [Transjugular Intrahepatic Portosystemic Shunt (TIPS) | 8400[ 210],1321 [Transjugular Intrahepatic Portosystemic Shunt (TIPS) | 8400[ 210,,,,,,0.35,True
Bhubaneswar,17062025133614_CGHS Rates 2024 Bhubaneswar_.pdf,33,1322 [Inferior vena cava (IVC) Venography and Hepatic vein (HV) 30794,1322 [Inferior vena cava (IVC) Venography and Hepatic vein (HV),,,30794,,,0.5,True
Bhubaneswar,17062025133614_CGHS Rates 2024 Bhubaneswar_.pdf,33,[i323 [Muscular stenting SSCS rsa] |,i323 [Muscular stenting SSCS rsa,,,,,,0.35,True
Bhubaneswar,17062025133614_CGHS Rates 2024 Bhubaneswar_.pdf,33,1324 Balloon-occluded Retrograde Intravenous Obliteration 57500,1324 Balloon-occluded Retrograde Intravenous Obliteration,,,57500,,,0.5,True
Bhubaneswar,17062025133614_CGHS Rates 2024 Bhubaneswar_.pdf,33,[1325 [Portal haemodymic studies T3220),1325 [Portal haemodymic studies T3220),,,,,,0.35,True
Bhubaneswar,17062025133614_CGHS Rates 2024 Bhubaneswar_.pdf,33,[1326 —[Manomeuy and PHmeuy [| 612] 1],1326 —[Manomeuy and PHmeuy [| 612] 1,,,,,,0.35,True
Bhubaneswar,17062025133614_CGHS Rates 2024 Bhubaneswar_.pdf,33,[1327 oesophageal PH metyy | 800 813,1327 oesophageal PH metyy,813,800,,,,0.72,False
Bhubaneswar,17062025133614_CGHS Rates 2024 Bhubaneswar_.pdf,33,[1328 Oesophageal manomexy | #800] 173,1328 Oesophageal manomexy | #800,,,173,,,0.5,True
Bhubaneswar,17062025133614_CGHS Rates 2024 Bhubaneswar_.pdf,33,[1330 [Anorectal manometry | 620] ____T033,1330 [Anorectal manometry | 620] ____T033,,,,,,0.35,True
Bhubaneswar,17062025133614_CGHS Rates 2024 Bhubaneswar_.pdf,33,[1335 [Faecal / Fecal fat test/ fecal chymotypsin/ fecalelastase | 350[ 403],1335 [Faecal / Fecal fat test/ fecal chymotypsin/ fecalelastase | 350[ 403,,,,,,0.35,True
Bhubaneswar,17062025133614_CGHS Rates 2024 Bhubaneswar_.pdf,33,[1336 [Breathtests 8008],1336 [Breathtests 8008,,,,,,0.35,True
Bhubaneswar,17062025133614_CGHS Rates 2024 Bhubaneswar_.pdf,33,CGHS rate code 888 for approved rate),CGHS rate code 888 for approved rate),,,,,,0.35,True
Bhubaneswar,17062025133614_CGHS Rates 2024 Bhubaneswar_.pdf,33,[1338 [Liver biopsy iY 7 | |,1338 [Liver biopsy iY 7,,,,,,0.35,True
Bhubaneswar,17062025133614_CGHS Rates 2024 Bhubaneswar_.pdf,33,[1339 [Dental 1OPAX-ray TSO,1339 [Dental 1OPAX-ray TSO,,,,,,0.35,True
Bhubaneswar,17062025133614_CGHS Rates 2024 Bhubaneswar_.pdf,33,[1340 [Occlusal X-ray OP,1340 [Occlusal X-ray OP,,,,,,0.35,True
Bhubaneswar,17062025133614_CGHS Rates 2024 Bhubaneswar_.pdf,33,fasa1_forG xray Tf 288],fasa1_forG xray Tf 288,,,,,,0.35,True
Bhubaneswar,17062025133614_CGHS Rates 2024 Bhubaneswar_.pdf,33,[2342 [Lung Veutlaion & Perfusion Sean (W/Q Sean) | 240] 37],2342 [Lung Veutlaion & Perfusion Sean (W/Q Sean) | 240] 37,,,,,,0.35,True
Bhubaneswar,17062025133614_CGHS Rates 2024 Bhubaneswar_.pdf,33,[1344 [Whole Body Bone Scan with SPECT. | 3079] 38a],1344 [Whole Body Bone Scan with SPECT. | 3079] 38a,,,,,,0.35,True
Bhubaneswar,17062025133614_CGHS Rates 2024 Bhubaneswar_.pdf,33,[1345 [Three phase whole body Bone Scan | S079 | 38a],1345 [Three phase whole body Bone Scan | S079 | 38a,,,,,,0.35,True
Bhubaneswar,17062025133614_CGHS Rates 2024 Bhubaneswar_.pdf,33,Brain Perfusion SPECT Scan with Technetium 99m 8798,Brain Perfusion SPECT Scan with Technetium 99m,,,8798,,,0.5,True
Bhubaneswar,17062025133614_CGHS Rates 2024 Bhubaneswar_.pdf,33,[1347 [Radionuclide Cisternography forCSFleak | 8866] 387],1347 [Radionuclide Cisternography forCSFleak | 8866] 387,,,,,,0.35,True
Bhubaneswar,17062025133614_CGHS Rates 2024 Bhubaneswar_.pdf,34,[1348 [Gastro esophageal Reflux Study (GER Study) [760] 2028,1348 [Gastro esophageal Reflux Study (GER Study) [760,,,2028,,,0.5,True
Bhubaneswar,17062025133614_CGHS Rates 2024 Bhubaneswar_.pdf,34,[1350 [Hepatobiliary Scintigraphy. | 2200] 2820),1350 [Hepatobiliary Scintigraphy. | 2200] 2820),,,,,,0.35,True
Bhubaneswar,17062025133614_CGHS Rates 2024 Bhubaneswar_.pdf,34,[1351__[Meckel'sSean Teo 2028,1351__[Meckel'sSean Teo,,,2028,,,0.5,True
Bhubaneswar,17062025133614_CGHS Rates 2024 Bhubaneswar_.pdf,34,1352 |Hepatosplenic scintigraphy with Technetium-99m a Gece,Hepatosplenic scintigraphy with Technetium-99m a Gece,,,,,,0.35,True
Bhubaneswar,17062025133614_CGHS Rates 2024 Bhubaneswar_.pdf,34,[1353 |Gastricemptying Tt] 820] |__|NAME OF INVESTIGATION /GENITOURINARY [| PP [amoposcenescstsy | Dimercaptosuccinic acid (DMSA),1353 |Gastricemptying Tt] 820] |__|NAME OF INVESTIGATION /GENITOURINARY [| PP [amoposcenescstsy | Dimercaptosuccinic acid (DMSA),,,,,,0.35,True
Bhubaneswar,17062025133614_CGHS Rates 2024 Bhubaneswar_.pdf,34,"[1385 [DynamicRenography, 80988]","1385 [DynamicRenography, 80988",,,,,,0.35,True
Bhubaneswar,17062025133614_CGHS Rates 2024 Bhubaneswar_.pdf,34,[1356 [Dynamic Renography with Diuretic. | 807985],1356 [Dynamic Renography with Diuretic. | 807985,,,,,,0.35,True
Bhubaneswar,17062025133614_CGHS Rates 2024 Bhubaneswar_.pdf,34,[1387 [Dynamic Renography with Captopril TAT 2029],1387 [Dynamic Renography with Captopril TAT 2029,,,,,,0.35,True
Bhubaneswar,17062025133614_CGHS Rates 2024 Bhubaneswar_.pdf,34,[1358 [TesticwlarSean tt] [esterase [I,1358 [TesticwlarSean tt] [esterase [I,,,,,,0.35,True
Bhubaneswar,17062025133614_CGHS Rates 2024 Bhubaneswar_.pdf,34,[1359 [Thyroid Uptake measurements with 131-fodine | 1408[ 1619],1359 [Thyroid Uptake measurements with 131-fodine | 1408[ 1619,,,,,,0.35,True
Bhubaneswar,17062025133614_CGHS Rates 2024 Bhubaneswar_.pdf,34,[1360 [Thyroid Scan with Technetium 99m Pertechnetate. [3 19[ 817],1360 [Thyroid Scan with Technetium 99m Pertechnetate. [3 19[ 817,,,,,,0.35,True
Bhubaneswar,17062025133614_CGHS Rates 2024 Bhubaneswar_.pdf,34,[1361 [fodine-131 Whole Body Scan | 2040] 30385),1361 [fodine-131 Whole Body Scan | 2040] 30385),,,,,,0.35,True
Bhubaneswar,17062025133614_CGHS Rates 2024 Bhubaneswar_.pdf,34,[1362 [Whole Body Scan with MIBG T1836] 182TH],1362 [Whole Body Scan with MIBG T1836] 182TH,,,,,,0.35,True
Bhubaneswar,17062025133614_CGHS Rates 2024 Bhubaneswar_.pdf,34,[1363 [Parathyroid Seana] 5089] NAME OF INVESTIGATION / RADIO-ISOTOPE | finer NO,1363 [Parathyroid Seana] 5089] NAME OF INVESTIGATION / RADIO-ISOTOPE | finer NO,,,,,,0.35,True
Bhubaneswar,17062025133614_CGHS Rates 2024 Bhubaneswar_.pdf,34,[1364 [13itodine Therapy Tt 30f1760),1364 [13itodine Therapy Tt 30f1760),,,,,,0.35,True
Bhubaneswar,17062025133614_CGHS Rates 2024 Bhubaneswar_.pdf,34,[1365 [i3i-lodine Therapy <1Smci_ Tf 38809),1365 [i3i-lodine Therapy <1Smci_ Tf 38809),,,,,,0.35,True
Bhubaneswar,17062025133614_CGHS Rates 2024 Bhubaneswar_.pdf,34,[1366 _[13i-lodine Therapy 15-Somci_— Taf 8129,1366 _[13i-lodine Therapy 15-Somci_— Taf,,,8129,,,0.5,True
Bhubaneswar,17062025133614_CGHS Rates 2024 Bhubaneswar_.pdf,34,[1367 __[13i-lodine Therapy Si-l0omci_— Tt 00] 12420),1367 __[13i-lodine Therapy Si-l0omci_— Tt 00] 12420),,,,,,0.35,True
Bhubaneswar,17062025133614_CGHS Rates 2024 Bhubaneswar_.pdf,34,[1368 [13i-lodine Therapy>100mci_ | 18500[ 18825] inl iia a [SS |,1368 [13i-lodine Therapy>100mci_ | 18500[ 18825] inl iia a [SS,,,,,,0.35,True
Bhubaneswar,17062025133614_CGHS Rates 2024 Bhubaneswar_.pdf,34,[1371 __[Radiosynovectomy with Yttrium __ | 19928] 21998 [|__ [NAME OF INVESTIGATION /CARDIOLOGy |,1371 __[Radiosynovectomy with Yttrium __ | 19928] 21998 [|__ [NAME OF INVESTIGATION /CARDIOLOGy,,,,,,0.35,True
Bhubaneswar,17062025133614_CGHS Rates 2024 Bhubaneswar_.pdf,34,[1372 [Stress thallium /Myocardial Perfusion Scintigraphy | 9450] 10868],1372 [Stress thallium /Myocardial Perfusion Scintigraphy | 9450] 10868,,,,,,0.35,True
Bhubaneswar,17062025133614_CGHS Rates 2024 Bhubaneswar_.pdf,34,[1373 [Rest thalliom / Myocardial Perfusion Scintigrapny [| #000200,1373 [Rest thalliom / Myocardial Perfusion Scintigrapny [| #000200,,,,,,0.35,True
Bhubaneswar,17062025133614_CGHS Rates 2024 Bhubaneswar_.pdf,34,[1374 [Venography 88003795),1374 [Venography 88003795),,,,,,0.35,True
Bhubaneswar,17062025133614_CGHS Rates 2024 Bhubaneswar_.pdf,34,[1375 [Treadmill Test(TMT) aaa 88,1375 [Treadmill Test(TMT) aaa,,,88,,,0.5,True
Bhubaneswar,17062025133614_CGHS Rates 2024 Bhubaneswar_.pdf,34,[1376 |Transoesophageal Echocardiography (TEE) | | 502,1376 |Transoesophageal Echocardiography (TEE),,,502,,,0.5,True
Bhubaneswar,17062025133614_CGHS Rates 2024 Bhubaneswar_.pdf,34,[1377 [Lymph angiography TC t45Q[1870] ———_—_—_ |,1377 [Lymph angiography TC t45Q[1870] ———_—_—_,,,,,,0.35,True
Bhubaneswar,17062025133614_CGHS Rates 2024 Bhubaneswar_.pdf,34,[1378 [Sciatimammography. dT 4820[ 9885] (DELHUNCR) NABH/Non- INABL Rates |____ [NAME OF INVESTIGATION /PETSCAN TO,1378 [Sciatimammography. dT 4820[ 9885] (DELHUNCR) NABH/Non- INABL Rates |____ [NAME OF INVESTIGATION /PETSCAN TO,,,,nabh,,0.35,True
Bhubaneswar,17062025133614_CGHS Rates 2024 Bhubaneswar_.pdf,35,[1380 _[FDG Whole body PET/CT Scan (with or without contrast) __‘[|_— 10000] 11500],1380 _[FDG Whole body PET/CT Scan (with or without contrast) __‘[|_— 10000] 11500,,,,,,0.35,True
Bhubaneswar,17062025133614_CGHS Rates 2024 Bhubaneswar_.pdf,35,[1381 [Brain 1 HeartFDGPET/CTSean | 1000111800),1381 [Brain 1 HeartFDGPET/CTSean | 1000111800),,,,,,0.35,True
Bhubaneswar,17062025133614_CGHS Rates 2024 Bhubaneswar_.pdf,35,"Urine routine- pH, Specific gravity, sugar, protein and 37","Urine routine- pH, Specific gravity, sugar, protein and",,,37,,,0.5,True
Bhubaneswar,17062025133614_CGHS Rates 2024 Bhubaneswar_.pdf,35,[1384 [Urine Microalbumin Ta,1384 [Urine Microalbumin Ta,,,,,,0.35,True
Bhubaneswar,17062025133614_CGHS Rates 2024 Bhubaneswar_.pdf,35,[1385 _[Stoolrouine,1385 _[Stoolrouine,,,,,,0.35,True
Bhubaneswar,17062025133614_CGHS Rates 2024 Bhubaneswar_.pdf,35,[1386 [tool occult od SSS |,1386 [tool occult od SSS,,,,,,0.35,True
Bhubaneswar,17062025133614_CGHS Rates 2024 Bhubaneswar_.pdf,35,[1387 __[Postcoital smear examination TSO,1387 __[Postcoital smear examination TSO,,,,,,0.35,True
Bhubaneswar,17062025133614_CGHS Rates 2024 Bhubaneswar_.pdf,35,[1398 [Semen analysis SSC | |,1398 [Semen analysis SSC,,,,,,0.35,True
Bhubaneswar,17062025133614_CGHS Rates 2024 Bhubaneswar_.pdf,35,[i369 [Hoemogiobin@b) SSC S|,i369 [Hoemogiobin@b) SSC S,,,,,,0.35,True
Bhubaneswar,17062025133614_CGHS Rates 2024 Bhubaneswar_.pdf,35,[1390 [Total Leucocytic Coumt(TLC) a8,1390 [Total Leucocytic Coumt(TLC) a8,,,,,,0.35,True
Bhubaneswar,17062025133614_CGHS Rates 2024 Bhubaneswar_.pdf,35,[1391 [Differential Leucocytic Count(DLC) Tf,1391 [Differential Leucocytic Count(DLC) Tf,,,,,,0.35,True
Bhubaneswar,17062025133614_CGHS Rates 2024 Bhubaneswar_.pdf,35,[1392 [Erythrocyte Sedimentation Rate(ESR) fa,1392 [Erythrocyte Sedimentation Rate(ESR) fa,,,,,,0.35,True
Bhubaneswar,17062025133614_CGHS Rates 2024 Bhubaneswar_.pdf,35,[1393 [Total Red Cell count with MCV.MCH.MCHC.DRW | 298],1393 [Total Red Cell count with MCV.MCH.MCHC.DRW | 298,,,,,,0.35,True
Bhubaneswar,17062025133614_CGHS Rates 2024 Bhubaneswar_.pdf,35,"1394 Complete Haemogram/CBC, Hb,RBC count and indices, TLC, DLC, 135 155)","1394 Complete Haemogram/CBC, Hb,RBC count and indices, TLC, DLC, 135 155)",,,,,,0.35,True
Bhubaneswar,17062025133614_CGHS Rates 2024 Bhubaneswar_.pdf,35,fa395_[Plaieletcount a,fa395_[Plaieletcount a,,,,,,0.35,True
Bhubaneswar,17062025133614_CGHS Rates 2024 Bhubaneswar_.pdf,35,[1396 [Reticulocytecount,1396 [Reticulocytecount,,,,,,0.35,True
Bhubaneswar,17062025133614_CGHS Rates 2024 Bhubaneswar_.pdf,35,[1397 [Absolute Eosinophil count(AEC) TA,1397 [Absolute Eosinophil count(AEC) TA,,,,,,0.35,True
Bhubaneswar,17062025133614_CGHS Rates 2024 Bhubaneswar_.pdf,35,[1398 [Packed Cell Volume (PCV),1398 [Packed Cell Volume (PCV),,,,,,0.35,True
Bhubaneswar,17062025133614_CGHS Rates 2024 Bhubaneswar_.pdf,35,[1399 [Peripheral Smear Examination | 8,1399 [Peripheral Smear Examination,,,8,,,0.5,True
Bhubaneswar,17062025133614_CGHS Rates 2024 Bhubaneswar_.pdf,35,[1400 [Smear for Malaria parasite,1400 [Smear for Malaria parasite,,,,,,0.35,True
Bhubaneswar,17062025133614_CGHS Rates 2024 Bhubaneswar_.pdf,35,[1401 [Bleeding Time 8,1401 [Bleeding Time,,,8,,,0.5,True
Bhubaneswar,17062025133614_CGHS Rates 2024 Bhubaneswar_.pdf,35,[1402 [Osmotic fragility Tet OP,1402 [Osmotic fragility Tet OP,,,,,,0.35,True
Bhubaneswar,17062025133614_CGHS Rates 2024 Bhubaneswar_.pdf,35,[1403 [Bone Marrow Smear Examination | OL,1403 [Bone Marrow Smear Examination | OL,,,,,,0.35,True
Bhubaneswar,17062025133614_CGHS Rates 2024 Bhubaneswar_.pdf,35,[1404 [Bone Marrow Smear Examination with iron stain | 228| 288],1404 [Bone Marrow Smear Examination with iron stain | 228| 288,,,,,,0.35,True
Bhubaneswar,17062025133614_CGHS Rates 2024 Bhubaneswar_.pdf,35,[1405 [Bone Marrow Smear Examination and eytochemisuy | 396[ 485],1405 [Bone Marrow Smear Examination and eytochemisuy | 396[ 485,,,,,,0.35,True
Bhubaneswar,17062025133614_CGHS Rates 2024 Bhubaneswar_.pdf,35,[1406 [Activated partial ThromboplastinTime (APIT) | 02] 87,1406 [Activated partial ThromboplastinTime (APIT) | 02,,,87,,,0.5,True
Bhubaneswar,17062025133614_CGHS Rates 2024 Bhubaneswar_.pdf,35,[1407 [Rapid testfor malaria(cardtest) | a,1407 [Rapid testfor malaria(cardtest) | a,,,,,,0.35,True
Bhubaneswar,17062025133614_CGHS Rates 2024 Bhubaneswar_.pdf,35,[1408 [WBC cytochemistry for leukemia -Complete panel [140127,1408 [WBC cytochemistry for leukemia -Complete panel [140127,,,,,,0.35,True
Bhubaneswar,17062025133614_CGHS Rates 2024 Bhubaneswar_.pdf,35,"Bleeding Disorder panel- PT, APTT, Thrombin Time Fibrinogen, D. 460","Bleeding Disorder panel- PT, APTT, Thrombin Time Fibrinogen, D.",,,460,,,0.5,True
Bhubaneswar,17062025133614_CGHS Rates 2024 Bhubaneswar_.pdf,35,[1410 [Factor Assays-Factor Vi T7208],1410 [Factor Assays-Factor Vi T7208,,,,,,0.35,True
Bhubaneswar,17062025133614_CGHS Rates 2024 Bhubaneswar_.pdf,35,[1411 [Factor Assays-FactorIX S872,1411 [Factor Assays-FactorIX S872,,,,,,0.35,True
Bhubaneswar,17062025133614_CGHS Rates 2024 Bhubaneswar_.pdf,35,[1412 [Platelet Function tet SSS |,1412 [Platelet Function tet SSS,,,,,,0.35,True
Bhubaneswar,17062025133614_CGHS Rates 2024 Bhubaneswar_.pdf,35,"Tests for Antiphospholipid antibody IgG, IgM ( for 575) i eevee","Tests for Antiphospholipid antibody IgG, IgM ( for 575) i eevee",,,,,,0.35,True
Bhubaneswar,17062025133614_CGHS Rates 2024 Bhubaneswar_.pdf,36,[tai6 [Thalassemia sudies (Red Colindices md HPL) ———~iY——SC— OCT,tai6 [Thalassemia sudies (Red Colindices md HPL) ———~iY——SC— OCT,,,,,,0.35,True
Bhubaneswar,17062025133614_CGHS Rates 2024 Bhubaneswar_.pdf,36,[1417 [Tess for Sickling HbHPLQ—SSSCSCSCS~wSSCSCSC~tSYCCSCSC,1417 [Tess for Sickling HbHPLQ—SSSCSCSCS~wSSCSCSC~tSYCCSCSC,,,,,,0.35,True
Bhubaneswar,17062025133614_CGHS Rates 2024 Bhubaneswar_.pdf,36,[ra18 [Blood Group RH Type SSCS SSSCSC—S OC,ra18 [Blood Group RH Type SSCS SSSCSC—S OC,,,,,,0.35,True
Bhubaneswar,17062025133614_CGHS Rates 2024 Bhubaneswar_.pdf,36,[119 [Crossmatch = |,119 [Crossmatch =,,,,,,0.35,True
Bhubaneswar,17062025133614_CGHS Rates 2024 Bhubaneswar_.pdf,36,[1420 |Coomb's Test Diect_———SSSSSSSCSCSCSCSCS a,1420 |Coomb's Test Diect_———SSSSSSSCSCSCSCSCS a,,,,,,0.35,True
Bhubaneswar,17062025133614_CGHS Rates 2024 Bhubaneswar_.pdf,36,[1421 |Coomb's Test Indirect] oa] 735,1421 |Coomb's Test Indirect] oa,,,735,,,0.5,True
Bhubaneswar,17062025133614_CGHS Rates 2024 Bhubaneswar_.pdf,36,[1422 [3 cell panel- antibody seresning for pregnant female | ____ 183] 179,1422 [3 cell panel- antibody seresning for pregnant female | ____ 183,,,179,,,0.5,True
Bhubaneswar,17062025133614_CGHS Rates 2024 Bhubaneswar_.pdf,36,[1423 —]11 cells panel for antibody identification | tsa] 179,1423 —]11 cells panel for antibody identification | tsa,,,179,,,0.5,True
Bhubaneswar,17062025133614_CGHS Rates 2024 Bhubaneswar_.pdf,36,[1424 [Hepatitis B surface antigen (HBsAg) id 02,1424 [Hepatitis B surface antigen (HBsAg) id,,,02,,,0.5,True
Bhubaneswar,17062025133614_CGHS Rates 2024 Bhubaneswar_.pdf,36,[1425 [Hepatitis Cvirme(HCW) 28 |,1425 [Hepatitis Cvirme(HCW) 28,,,,,,0.35,True
Bhubaneswar,17062025133614_CGHS Rates 2024 Bhubaneswar_.pdf,36,[1426 [Human immunodeficiney vines HIVTmadt | __t0f____ 773,1426 [Human immunodeficiney vines HIVTmadt | __t0f____,,,773,,,0.5,True
Bhubaneswar,17062025133614_CGHS Rates 2024 Bhubaneswar_.pdf,36,[1427 | Venereal Disease Research Laboratory est (VDRE) | 4a],1427 | Venereal Disease Research Laboratory est (VDRE) | 4a,,,,,,0.35,True
Bhubaneswar,17062025133614_CGHS Rates 2024 Bhubaneswar_.pdf,36,[is28 [RH Antibody tier ———SSSSSSSSCSCSC~iCSSCS—SY,is28 [RH Antibody tier ———SSSSSSSSCSCSC~iCSSCS—SY,,,,,,0.35,True
Bhubaneswar,17062025133614_CGHS Rates 2024 Bhubaneswar_.pdf,36,[1429 [Platelet Concentrated |,1429 [Platelet Concentrated,,,,,,0.35,True
Bhubaneswar,17062025133614_CGHS Rates 2024 Bhubaneswar_.pdf,36,1430 Random Donor Platelet(RDP)- (Select CGHS rate Code 147,1430 Random Donor Platelet(RDP)- (Select CGHS rate Code,,,147,,,0.5,True
Bhubaneswar,17062025133614_CGHS Rates 2024 Bhubaneswar_.pdf,36,1431 Single Donor Platelet (SDP- Apheresis)- (Select CGHS rate 173,1431 Single Donor Platelet (SDP- Apheresis)- (Select CGHS rate,,,173,,,0.5,True
Bhubaneswar,17062025133614_CGHS Rates 2024 Bhubaneswar_.pdf,36,[rs32_[Rowine H&E SSS Si,rs32_[Rowine H&E SSS Si,,,,,,0.35,True
Bhubaneswar,17062025133614_CGHS Rates 2024 Bhubaneswar_.pdf,36,[1433_[special ain SSS [,1433_[special ain SSS,,,,,,0.35,True
Bhubaneswar,17062025133614_CGHS Rates 2024 Bhubaneswar_.pdf,36,[1435 [Frozen seston SSSSSSSSSSCSCSCSCSCS~S SSS,1435 [Frozen seston SSSSSSSSSSCSCSCSCSCS~S SSS,,,,,,0.35,True
Bhubaneswar,17062025133614_CGHS Rates 2024 Bhubaneswar_.pdf,36,[1436 [Paraffin secon | __30s|___383,1436 [Paraffin secon | __30s|___383,,,,,,0.35,True
Bhubaneswar,17062025133614_CGHS Rates 2024 Bhubaneswar_.pdf,36,[ra37 [Pap Smear SSCS],ra37 [Pap Smear SSCS,,,,,,0.35,True
Bhubaneswar,17062025133614_CGHS Rates 2024 Bhubaneswar_.pdf,36,[1438 [Body fluid for Malignant eels <i t3|,1438 [Body fluid for Malignant eels <i t3,,,,,,0.35,True
Bhubaneswar,17062025133614_CGHS Rates 2024 Bhubaneswar_.pdf,36,[1439 [Fine Needle Aspiration Cytology ENA) | 200 230,1439 [Fine Needle Aspiration Cytology ENA),230,200,,,,0.72,False
Bhubaneswar,17062025133614_CGHS Rates 2024 Bhubaneswar_.pdf,36,[140 [Teukemia panel Lymphoma panel <i ——i2|,140 [Teukemia panel Lymphoma panel <i ——i2,,,,,,0.35,True
Bhubaneswar,17062025133614_CGHS Rates 2024 Bhubaneswar_.pdf,36,1441 Paroxysmal Nocturnal Hemoglobinuria (PNH) Panel- 1150,1441 Paroxysmal Nocturnal Hemoglobinuria (PNH) Panel-,,,1150,,,0.5,True
Bhubaneswar,17062025133614_CGHS Rates 2024 Bhubaneswar_.pdf,36,Karyotyping (Select CGHS rate code 677 for approved 1770,Karyotyping (Select CGHS rate code 677 for approved,,,1770,,,0.5,True
Bhubaneswar,17062025133614_CGHS Rates 2024 Bhubaneswar_.pdf,36,[rs43 [rivorescent im siw hybridizaion GSH) | __s00| #7,rs43 [rivorescent im siw hybridizaion GSH) | __s00| #7,,,,,,0.35,True
Bhubaneswar,17062025133614_CGHS Rates 2024 Bhubaneswar_.pdf,36,"[1445 [24 hrs urine for Proteins Sodium, creatine | ___s0f____8j","1445 [24 hrs urine for Proteins Sodium, creatine | ___s0f____8j",,,,,,0.35,True
Bhubaneswar,17062025133614_CGHS Rates 2024 Bhubaneswar_.pdf,36,[1446 [Blood Urea Nitogen SSCS,1446 [Blood Urea Nitogen SSCS,,,,,,0.35,True
Bhubaneswar,17062025133614_CGHS Rates 2024 Bhubaneswar_.pdf,36,[147 [Serum Creatinine SSCS |,147 [Serum Creatinine SSCS,,,,,,0.35,True
Bhubaneswar,17062025133614_CGHS Rates 2024 Bhubaneswar_.pdf,36,[1448 [Urine Bile Pigment and Sat SSCS |,1448 [Urine Bile Pigment and Sat SSCS,,,,,,0.35,True
Bhubaneswar,17062025133614_CGHS Rates 2024 Bhubaneswar_.pdf,36,[1449 [Urine Urobilinogen SSCS of,1449 [Urine Urobilinogen SSCS of,,,,,,0.35,True
Bhubaneswar,17062025133614_CGHS Rates 2024 Bhubaneswar_.pdf,36,[150 Urine Ketones SSS of,150 Urine Ketones SSS of,,,,,,0.35,True
Bhubaneswar,17062025133614_CGHS Rates 2024 Bhubaneswar_.pdf,36,[14s1__|Urine Occult ood SSCS | |,14s1__|Urine Occult ood SSCS,,,,,,0.35,True
Bhubaneswar,17062025133614_CGHS Rates 2024 Bhubaneswar_.pdf,37,[1453 _ [Rheumatoid Factor Rh Factortet SSS,1453 _ [Rheumatoid Factor Rh Factortet SSS,,,,,,0.35,True
Bhubaneswar,17062025133614_CGHS Rates 2024 Bhubaneswar_.pdf,37,[1454 [Bence Jouesprotein SS SSCCCSC~dT SC |,1454 [Bence Jouesprotein SS SSCCCSC~dT SC,,,,,,0.35,True
Bhubaneswar,17062025133614_CGHS Rates 2024 Bhubaneswar_.pdf,37,[1456 |Serum Bilirubin otal @ duet Sd rr |,1456 |Serum Bilirubin otal @ duet Sd rr,,,,,,0.35,True
Bhubaneswar,17062025133614_CGHS Rates 2024 Bhubaneswar_.pdf,37,[xss7_|Serumiron SSS 8 te,xss7_|Serumiron SSS 8 te,,,,,,0.35,True
Bhubaneswar,17062025133614_CGHS Rates 2024 Bhubaneswar_.pdf,37,[1488 [C-reactive Frown (CRP) 07 | 85,1488 [C-reactive Frown (CRP) 07,,,85,,,0.5,True
Bhubaneswar,17062025133614_CGHS Rates 2024 Bhubaneswar_.pdf,37,[1459 [C-reactive Provein (CRP) Quantiaive ‘| __t¢o[ 124,1459 [C-reactive Provein (CRP) Quantiaive ‘| __t¢o,,,124,,,0.5,True
Bhubaneswar,17062025133614_CGHS Rates 2024 Bhubaneswar_.pdf,37,"[1860 [Body fluid (CSF/Ascitic Fluid etc Sugar, Protects | 90] 104","1860 [Body fluid (CSF/Ascitic Fluid etc Sugar, Protects | 90",,,104,,,0.5,True
Bhubaneswar,17062025133614_CGHS Rates 2024 Bhubaneswar_.pdf,37,[1462 [Creatinine clearance of,1462 [Creatinine clearance of,,,,,,0.35,True
Bhubaneswar,17062025133614_CGHS Rates 2024 Bhubaneswar_.pdf,37,[1463 [Serum Cholesterol —__——————SSS—~d 2,1463 [Serum Cholesterol —__——————SSS—~d,,,2,,,0.5,True
Bhubaneswar,17062025133614_CGHS Rates 2024 Bhubaneswar_.pdf,37,[1364 [Towl ron Binding Capaciy @mBC) | ea] 2,1364 [Towl ron Binding Capaciy @mBC) | ea,,,2,,,0.5,True
Bhubaneswar,17062025133614_CGHS Rates 2024 Bhubaneswar_.pdf,37,[168 [Ghucose (Fasting @ PP) —————SSSSSSCSCSCSC~S Sf,168 [Ghucose (Fasting @ PP) —————SSSSSSCSCSCSC~S Sf,,,,,,0.35,True
Bhubaneswar,17062025133614_CGHS Rates 2024 Bhubaneswar_.pdf,37,[166 |Serum Calcium —Total | 60] 6,166 |Serum Calcium —Total | 60,,,6,,,0.5,True
Bhubaneswar,17062025133614_CGHS Rates 2024 Bhubaneswar_.pdf,37,[167 |Senam Calcium Ionic Sd [|,167 |Senam Calcium Ionic Sd,,,,,,0.35,True
Bhubaneswar,17062025133614_CGHS Rates 2024 Bhubaneswar_.pdf,37,[168 [Serum Phosphonus_ | 6a] ej,168 [Serum Phosphonus_ | 6a] ej,,,,,,0.35,True
Bhubaneswar,17062025133614_CGHS Rates 2024 Bhubaneswar_.pdf,37,[1469 [Total Protein AlbiGlo Ratio SSCS of,1469 [Total Protein AlbiGlo Ratio SSCS of,,,,,,0.35,True
Bhubaneswar,17062025133614_CGHS Rates 2024 Bhubaneswar_.pdf,37,[1370_—[Immunogiobulin G (igo) | 20] 283,1370_—[Immunogiobulin G (igo) | 20,,,283,,,0.5,True
Bhubaneswar,17062025133614_CGHS Rates 2024 Bhubaneswar_.pdf,37,[1471 [immunoglobulin MagM) +d of,1471 [immunoglobulin MagM) +d of,,,,,,0.35,True
Bhubaneswar,17062025133614_CGHS Rates 2024 Bhubaneswar_.pdf,37,[1472__|Immunogiobuin Aga) | 20] 283,1472__|Immunogiobuin Aga) | 20,,,283,,,0.5,True
Bhubaneswar,17062025133614_CGHS Rates 2024 Bhubaneswar_.pdf,37,[1473 [Antinuclear antbody (ANA) | ___200[ 229,1473 [Antinuclear antbody (ANA) | ___200,,,229,,,0.5,True
Bhubaneswar,17062025133614_CGHS Rates 2024 Bhubaneswar_.pdf,37,[1474 [Anvidouble stranded DNA (antrdaDNA) | 360] a3,1474 [Anvidouble stranded DNA (antrdaDNA) | 360] a3,,,,,,0.35,True
Bhubaneswar,17062025133614_CGHS Rates 2024 Bhubaneswar_.pdf,37,1475 [Serum glutamic pyruvic transaminase (SGPT) / Alanine,1475 [Serum glutamic pyruvic transaminase (SGPT) / Alanine,,,,,,0.35,True
Bhubaneswar,17062025133614_CGHS Rates 2024 Bhubaneswar_.pdf,37,1476 Serum Glutamic oxaloacetic transaminase (SGOT) /,1476 Serum Glutamic oxaloacetic transaminase (SGOT) /,,,,,,0.35,True
Bhubaneswar,17062025133614_CGHS Rates 2024 Bhubaneswar_.pdf,37,[is77_[Serumanylase SSCS,is77_[Serumanylase SSCS,,,,,,0.35,True
Bhubaneswar,17062025133614_CGHS Rates 2024 Bhubaneswar_.pdf,37,[178 |SerumLipase Sd 80 80,178 |SerumLipase Sd,80,80,,,,0.72,False
Bhubaneswar,17062025133614_CGHS Rates 2024 Bhubaneswar_.pdf,37,[1479 |Sermtactte SSCS 2,1479 |Sermtactte SSCS,,,2,,,0.5,True
Bhubaneswar,17062025133614_CGHS Rates 2024 Bhubaneswar_.pdf,37,[1480 [Serum Magnes Sd oof,1480 [Serum Magnes Sd oof,,,,,,0.35,True
Bhubaneswar,17062025133614_CGHS Rates 2024 Bhubaneswar_.pdf,37,[x81 [SeromSogiom SSCS of,x81 [SeromSogiom SSCS of,,,,,,0.35,True
Bhubaneswar,17062025133614_CGHS Rates 2024 Bhubaneswar_.pdf,37,[1482 _|SeromPowssivim SSCS Sof CO,1482 _|SeromPowssivim SSCS Sof CO,,,,,,0.35,True
Bhubaneswar,17062025133614_CGHS Rates 2024 Bhubaneswar_.pdf,37,[1483 [Seno Ammonia ——————SSSSSSS—~d of,1483 [Seno Ammonia ——————SSSSSSS—~d of,,,,,,0.35,True
Bhubaneswar,17062025133614_CGHS Rates 2024 Bhubaneswar_.pdf,37,[rse4 [Anemia Profile _————SSSSSSSCSCS—~d |,rse4 [Anemia Profile _————SSSSSSSCSCS—~d,,,,,,0.35,True
Bhubaneswar,17062025133614_CGHS Rates 2024 Bhubaneswar_.pdf,37,[1385 [Serum Tesiosterone SSS of ri,1385 [Serum Tesiosterone SSS of ri,,,,,,0.35,True
Bhubaneswar,17062025133614_CGHS Rates 2024 Bhubaneswar_.pdf,37,[1386 |Imprint Smear From Endoscopy __——————~+dt S| =,1386 |Imprint Smear From Endoscopy __——————~+dt S| =,,,,,,0.35,True
Bhubaneswar,17062025133614_CGHS Rates 2024 Bhubaneswar_.pdf,37,[is87[Trigveerdes SSCS |,is87[Trigveerdes SSCS,,,,,,0.35,True
Bhubaneswar,17062025133614_CGHS Rates 2024 Bhubaneswar_.pdf,37,[188 |Ghucose Tolerance Tee (GT SSCS Si,188 |Ghucose Tolerance Tee (GT SSCS Si,,,,,,0.35,True
Bhubaneswar,17062025133614_CGHS Rates 2024 Bhubaneswar_.pdf,37,[189 [Triple Marker. SSCS of,189 [Triple Marker. SSCS of,,,,,,0.35,True
Bhubaneswar,17062025133614_CGHS Rates 2024 Bhubaneswar_.pdf,37,[1390 [Creatine Phosphokinaze (CPR)/Creatine Kinase(CK) | ____ too] ___115,1390 [Creatine Phosphokinaze (CPR)/Creatine Kinase(CK) | ____ too] ___115,,,,,,0.35,True
Bhubaneswar,17062025133614_CGHS Rates 2024 Bhubaneswar_.pdf,37,[1491 [Foetal Haemoglobin HOE),1491 [Foetal Haemoglobin HOE),,,,,,0.35,True
Bhubaneswar,17062025133614_CGHS Rates 2024 Bhubaneswar_.pdf,37,[1492 [Prothrombin Time (PT) | __teal____7a4,1492 [Prothrombin Time (PT) | __teal____7a4,,,,,,0.35,True
Bhubaneswar,17062025133614_CGHS Rates 2024 Bhubaneswar_.pdf,37,[1493 [Lactate dehydrogenase EDA) ————SSSSSSSCSCS~i |,1493 [Lactate dehydrogenase EDA) ————SSSSSSSCSCS~i,,,,,,0.35,True
Bhubaneswar,17062025133614_CGHS Rates 2024 Bhubaneswar_.pdf,37,[1494 [Alkaline Phosphatase SSCS S|,1494 [Alkaline Phosphatase SSCS S,,,,,,0.35,True
Bhubaneswar,17062025133614_CGHS Rates 2024 Bhubaneswar_.pdf,37,[1395 [Acid Phosphatase SSS |,1395 [Acid Phosphatase SSS,,,,,,0.35,True
Bhubaneswar,17062025133614_CGHS Rates 2024 Bhubaneswar_.pdf,37,[96 ork MBckMBSSSOSCSCSCSCSC—CS Sra,96 ork MBckMBSSSOSCSCSCSCSC—CS Sra,,,,,,0.35,True
Bhubaneswar,17062025133614_CGHS Rates 2024 Bhubaneswar_.pdf,38,[97 [CK MB MasiCPR MB Mas SSCS SSCS,97 [CK MB MasiCPR MB Mas SSCS SSCS,,,,,,0.35,True
Bhubaneswar,17062025133614_CGHS Rates 2024 Bhubaneswar_.pdf,38,[1498 [Troponint SSS of,1498 [Troponint SSS of,,,,,,0.35,True
Bhubaneswar,17062025133614_CGHS Rates 2024 Bhubaneswar_.pdf,38,[1499 [troponin T SSS 7 i,1499 [troponin T SSS 7 i,,,,,,0.35,True
Bhubaneswar,17062025133614_CGHS Rates 2024 Bhubaneswar_.pdf,38,[100 | Givcose-6-Phosphate Dehydrogenase (G@PD) | too] ____¥83,100 | Givcose-6-Phosphate Dehydrogenase (G@PD) | too] ____¥83,,,,,,0.35,True
Bhubaneswar,17062025133614_CGHS Rates 2024 Bhubaneswar_.pdf,38,[rso1 [uth CCC,rso1 [uth CCC,,,,,,0.35,True
Bhubaneswar,17062025133614_CGHS Rates 2024 Bhubaneswar_.pdf,38,[is02_[Diatin (phenyiomy SSCS SSCS] CO,is02_[Diatin (phenyiomy SSCS SSCS] CO,,,,,,0.35,True
Bhubaneswar,17062025133614_CGHS Rates 2024 Bhubaneswar_.pdf,38,[1503 [carbamazepine. | 400[_____0],1503 [carbamazepine. | 400[_____0,,,,,,0.35,True
Bhubaneswar,17062025133614_CGHS Rates 2024 Bhubaneswar_.pdf,38,[1504 [Valproic acid. SSCS ——S~—~ |,1504 [Valproic acid. SSCS ——S~—~,,,,,,0.35,True
Bhubaneswar,17062025133614_CGHS Rates 2024 Bhubaneswar_.pdf,38,[106 | Biood gas analysis Anerial Blood Gas (ABG)_____[_¥20|,106 | Biood gas analysis Anerial Blood Gas (ABG)_____[_¥20,,,,,,0.35,True
Bhubaneswar,17062025133614_CGHS Rates 2024 Bhubaneswar_.pdf,38,1507 [Blood gas analysis / Arterial Blood Gas (ABG) with 476,1507 [Blood gas analysis / Arterial Blood Gas (ABG) with,,,476,,,0.5,True
Bhubaneswar,17062025133614_CGHS Rates 2024 Bhubaneswar_.pdf,38,[108 [Urine pregnancyen SSCS SSCSCSC—S|CC*‘ SY,108 [Urine pregnancyen SSCS SSCSCSC—S|CC*‘ SY,,,,,,0.35,True
Bhubaneswar,17062025133614_CGHS Rates 2024 Bhubaneswar_.pdf,38,[1509 [Tess for Antiphospholipid antbodies yudiome. | _252[ 0],1509 [Tess for Antiphospholipid antbodies yudiome. | _252[ 0,,,,,,0.35,True
Bhubaneswar,17062025133614_CGHS Rates 2024 Bhubaneswar_.pdf,38,[1510 [Glycosylated Haemoglobin Gibalc) ————————S—SC~dSSS—~ | —i,1510 [Glycosylated Haemoglobin Gibalc) ————————S—SC~dSSS—~ | —i,,,,,,0.35,True
Bhubaneswar,17062025133614_CGHS Rates 2024 Bhubaneswar_.pdf,38,1511 Haemoglobin Electrophoresis/ Hb HPLC (Select CGHS 100,1511 Haemoglobin Electrophoresis/ Hb HPLC (Select CGHS,,,100,,,0.5,True
Bhubaneswar,17062025133614_CGHS Rates 2024 Bhubaneswar_.pdf,38,[i512 [Kidney Function Tet (RFE) SSS |,i512 [Kidney Function Tet (RFE) SSS,,,,,,0.35,True
Bhubaneswar,17062025133614_CGHS Rates 2024 Bhubaneswar_.pdf,38,[1513 [Liver Function Tex (FT) | 225] 253,1513 [Liver Function Tex (FT) | 225,,,253,,,0.5,True
Bhubaneswar,17062025133614_CGHS Rates 2024 Bhubaneswar_.pdf,38,Total Iron Binding Capacity (Select CGHS rate code 1464 104),Total Iron Binding Capacity (Select CGHS rate code 1464 104),,,,,,0.35,True
Bhubaneswar,17062025133614_CGHS Rates 2024 Bhubaneswar_.pdf,38,[isi7 [Serum Ferrin SSCS | 07 i,isi7 [Serum Ferrin SSCS | 07 i,,,,,,0.35,True
Bhubaneswar,17062025133614_CGHS Rates 2024 Bhubaneswar_.pdf,38,[isis [Vitamin B12 away. | _2s0| 28],isis [Vitamin B12 away. | _2s0| 28,,,,,,0.35,True
Bhubaneswar,17062025133614_CGHS Rates 2024 Bhubaneswar_.pdf,38,"[119 [Folic Acid assay, SSCS 7","119 [Folic Acid assay, SSCS",,,7,,,0.5,True
Bhubaneswar,17062025133614_CGHS Rates 2024 Bhubaneswar_.pdf,38,"1520 Extended Lipid Profile. (Total cholesterol, LDL. HDL.","1520 Extended Lipid Profile. (Total cholesterol, LDL. HDL.",,,,,,0.35,True
Bhubaneswar,17062025133614_CGHS Rates 2024 Bhubaneswar_.pdf,38,[7521 [Apolipoprotein AI (ApoAT)____——SSSSSSCSCSCS~d SSS,7521 [Apolipoprotein AI (ApoAT)____——SSSSSSCSCSCS~d SSS,,,,,,0.35,True
Bhubaneswar,17062025133614_CGHS Rates 2024 Bhubaneswar_.pdf,38,[1522 [Apolipoprotein B(Apo B) SS 87|,1522 [Apolipoprotein B(Apo B) SS 87,,,,,,0.35,True
Bhubaneswar,17062025133614_CGHS Rates 2024 Bhubaneswar_.pdf,38,[1523 [Lipoprotein AlLp A_———SSSSSSSSS—SCSCSC—S |,1523 [Lipoprotein AlLp A_———SSSSSSSSS—SCSCSC—S,,,,,,0.35,True
Bhubaneswar,17062025133614_CGHS Rates 2024 Bhubaneswar_.pdf,38,[1s24[cD3.4 and $ counts SS of,1s24[cD3.4 and $ counts SS of,,,,,,0.35,True
Bhubaneswar,17062025133614_CGHS Rates 2024 Bhubaneswar_.pdf,38,[152s [cD 3.4 aud 8 percentage SSCS of,152s [cD 3.4 aud 8 percentage SSCS of,,,,,,0.35,True
Bhubaneswar,17062025133614_CGHS Rates 2024 Bhubaneswar_.pdf,38,[1526 [Low density lipoprotein (LDL) | 86,1526 [Low density lipoprotein (LDL),,,86,,,0.5,True
Bhubaneswar,17062025133614_CGHS Rates 2024 Bhubaneswar_.pdf,38,"[127 |riomocyseing, SSCS 0","127 |riomocyseing, SSCS",,,0,,,0.5,True
Bhubaneswar,17062025133614_CGHS Rates 2024 Bhubaneswar_.pdf,38,code 1417 for approved rate),code 1417 for approved rate),,,,,,0.35,True
Bhubaneswar,17062025133614_CGHS Rates 2024 Bhubaneswar_.pdf,38,[1529 [Sem Elecwophoresis SSC,1529 [Sem Elecwophoresis SSC,,,,,,0.35,True
Bhubaneswar,17062025133614_CGHS Rates 2024 Bhubaneswar_.pdf,38,[1530 [Fibrinogen. SSCS S| |,1530 [Fibrinogen. SSCS S,,,,,,0.35,True
Bhubaneswar,17062025133614_CGHS Rates 2024 Bhubaneswar_.pdf,38,[iss1__|chioride. fC,iss1__|chioride. fC,,,,,,0.35,True
Bhubaneswar,17062025133614_CGHS Rates 2024 Bhubaneswar_.pdf,38,[1533 [Gamma-Givtanyl Transpepidase (GTR) ___—————+4| of,1533 [Gamma-Givtanyl Transpepidase (GTR) ___—————+4| of,,,,,,0.35,True
Bhubaneswar,17062025133614_CGHS Rates 2024 Bhubaneswar_.pdf,38,[is34|uipase. SSS,is34|uipase. SSS,,,,,,0.35,True
Bhubaneswar,17062025133614_CGHS Rates 2024 Bhubaneswar_.pdf,38,"[is3s__[Fructosamine, ———SSSSSSSSSSSSSSCSCSCSCSCSC~SSCS","is3s__[Fructosamine, ———SSSSSSSSSSSSSSCSCSCSCSCSC~SSCS",,,,,,0.35,True
Bhubaneswar,17062025133614_CGHS Rates 2024 Bhubaneswar_.pdf,39,[1536 [Beta 2 microglobulin (B2M) /B2 microglobulin [SOT 108,1536 [Beta 2 microglobulin (B2M) /B2 microglobulin [SOT,,,108,,,0.5,True
Bhubaneswar,17062025133614_CGHS Rates 2024 Bhubaneswar_.pdf,39,[1537 |Catecholamines§ tf 1208),1537 |Catecholamines§ tf 1208),,,,,,0.35,True
Bhubaneswar,17062025133614_CGHS Rates 2024 Bhubaneswar_.pdf,39,[1538 __|Creatinine clearance. | 20] 888,1538 __|Creatinine clearance. | 20,,,888,,,0.5,True
Bhubaneswar,17062025133614_CGHS Rates 2024 Bhubaneswar_.pdf,39,[1539 [Prostate Specific antigen (PSA)-Total. | 82] 388],1539 [Prostate Specific antigen (PSA)-Total. | 82] 388,,,,,,0.35,True
Bhubaneswar,17062025133614_CGHS Rates 2024 Bhubaneswar_.pdf,39,[1540 [Prostate-specific antigen (PSA)-Free. | 875],1540 [Prostate-specific antigen (PSA)-Free. | 875,,,,,,0.35,True
Bhubaneswar,17062025133614_CGHS Rates 2024 Bhubaneswar_.pdf,39,[1541 [Alpha Fetoprotein (AFP) E008,1541 [Alpha Fetoprotein (AFP) E008,,,,,,0.35,True
Bhubaneswar,17062025133614_CGHS Rates 2024 Bhubaneswar_.pdf,39,[1542 [Human chorionic gonadotropin(HCG) | 260] 208],1542 [Human chorionic gonadotropin(HCG) | 260] 208,,,,,,0.35,True
Bhubaneswar,17062025133614_CGHS Rates 2024 Bhubaneswar_.pdf,39,[1543 [Cancer Antigen 125(CA125) 9a,1543 [Cancer Antigen 125(CA125) 9a,,,,,,0.35,True
Bhubaneswar,17062025133614_CGHS Rates 2024 Bhubaneswar_.pdf,39,[1544 [Cancer Antigen 19.9 (CA 19.9) __——*Y| |__|,1544 [Cancer Antigen 19.9 (CA 19.9) __——*Y| |__,,,,,,0.35,True
Bhubaneswar,17062025133614_CGHS Rates 2024 Bhubaneswar_.pdf,39,[145 [Cancer Antigen 15.3(CA153) 80a,145 [Cancer Antigen 15.3(CA153) 80a,,,,,,0.35,True
Bhubaneswar,17062025133614_CGHS Rates 2024 Bhubaneswar_.pdf,39,[1846 [Vanillylmandelic Acid (VMA) T8808],1846 [Vanillylmandelic Acid (VMA) T8808,,,,,,0.35,True
Bhubaneswar,17062025133614_CGHS Rates 2024 Bhubaneswar_.pdf,39,[1547 [Calcitonin S08,1547 [Calcitonin S08,,,,,,0.35,True
Bhubaneswar,17062025133614_CGHS Rates 2024 Bhubaneswar_.pdf,39,[1548 |Carcinoembryonic Antigen(CEA) | 4030],1548 |Carcinoembryonic Antigen(CEA) | 4030,,,,,,0.35,True
Bhubaneswar,17062025133614_CGHS Rates 2024 Bhubaneswar_.pdf,39,[1549 [Immunofluoreseence 888 | 188],1549 [Immunofluoreseence 888 | 188,,,,,,0.35,True
Bhubaneswar,17062025133614_CGHS Rates 2024 Bhubaneswar_.pdf,39,[1550__[Direct(Skin and kidney Disease) | 883],1550__[Direct(Skin and kidney Disease) | 883,,,,,,0.35,True
Bhubaneswar,17062025133614_CGHS Rates 2024 Bhubaneswar_.pdf,39,[1551 [Indirect (antids DNA Anti Smith ANCA) | S834},1551 [Indirect (antids DNA Anti Smith ANCA) | S834},,,,,,0.35,True
Bhubaneswar,17062025133614_CGHS Rates 2024 Bhubaneswar_.pdf,39,1552 Calcidiol / 25-hydroxycholecalciferol / Vitamin D3 assay,1552 Calcidiol / 25-hydroxycholecalciferol / Vitamin D3 assay,,,,,,0.35,True
Bhubaneswar,17062025133614_CGHS Rates 2024 Bhubaneswar_.pdf,39,1553 Serum Protein electrophoresis with 270,1553 Serum Protein electrophoresis with,,,270,,,0.5,True
Bhubaneswar,17062025133614_CGHS Rates 2024 Bhubaneswar_.pdf,39,BETA-2 Microglobulin assay (Select CGHS rate code 1536,BETA-2 Microglobulin assay (Select CGHS rate code,,,1536,,,0.5,True
Bhubaneswar,17062025133614_CGHS Rates 2024 Bhubaneswar_.pdf,39,[1555 [Anti-Cyclic Citrullinated Peptide (AnticcP) | SOL),1555 [Anti-Cyclic Citrullinated Peptide (AnticcP) | SOL),,,,,,0.35,True
Bhubaneswar,17062025133614_CGHS Rates 2024 Bhubaneswar_.pdf,39,[1587 [Serum Erythropoetin ||],1587 [Serum Erythropoetin,,,,,,0.35,True
Bhubaneswar,17062025133614_CGHS Rates 2024 Bhubaneswar_.pdf,39,[1558 [Adrenocorticottopic Hormone(ACTH) | SOOT],1558 [Adrenocorticottopic Hormone(ACTH) | SOOT,,,,,,0.35,True
Bhubaneswar,17062025133614_CGHS Rates 2024 Bhubaneswar_.pdf,39,asso [r3.tatsH 200280},asso [r3.tatsH 200280},,,,,,0.35,True
Bhubaneswar,17062025133614_CGHS Rates 2024 Bhubaneswar_.pdf,39,[1560 [Tritodothyronine-T3_ A,1560 [Tritodothyronine-T3_ A,,,,,,0.35,True
Bhubaneswar,17062025133614_CGHS Rates 2024 Bhubaneswar_.pdf,39,[1561 [Tetraiodothyronine T4 Ta,1561 [Tetraiodothyronine T4 Ta,,,,,,0.35,True
Bhubaneswar,17062025133614_CGHS Rates 2024 Bhubaneswar_.pdf,39,[1562 [Thyroid stimulating hormone (TSH) TOT 108,1562 [Thyroid stimulating hormone (TSH) TOT,,,108,,,0.5,True
Bhubaneswar,17062025133614_CGHS Rates 2024 Bhubaneswar_.pdf,39,[1563 [Luteinizing hormone(LH) ESOL],1563 [Luteinizing hormone(LH) ESOL,,,,,,0.35,True
Bhubaneswar,17062025133614_CGHS Rates 2024 Bhubaneswar_.pdf,39,[1564 [Follicle simulating hormone (FSH) T5073,1564 [Follicle simulating hormone (FSH) T5073,,,,,,0.35,True
Bhubaneswar,17062025133614_CGHS Rates 2024 Bhubaneswar_.pdf,39,[1565 [Prolactin O87],1565 [Prolactin O87,,,,,,0.35,True
Bhubaneswar,17062025133614_CGHS Rates 2024 Bhubaneswar_.pdf,39,[as66__[Comisol 280288,as66__[Comisol,,,280288,,,0.5,True
Bhubaneswar,17062025133614_CGHS Rates 2024 Bhubaneswar_.pdf,39,[1867 |PTH(Paraharmoney | soo] #78],1867 |PTH(Paraharmoney | soo] #78,,,,,,0.35,True
Bhubaneswar,17062025133614_CGHS Rates 2024 Bhubaneswar_.pdf,39,[1568 _[C-Peptide (C Peptide /Connecting Peptide) | 880] 380,1568 _[C-Peptide (C Peptide /Connecting Peptide) | 880,,,380,,,0.5,True
Bhubaneswar,17062025133614_CGHS Rates 2024 Bhubaneswar_.pdf,39,[1s69 insulin. SSS |,1s69 insulin. SSS,,,,,,0.35,True
Bhubaneswar,17062025133614_CGHS Rates 2024 Bhubaneswar_.pdf,39,[1570 [Progesterone 28,1570 [Progesterone,,,28,,,0.5,True
Bhubaneswar,17062025133614_CGHS Rates 2024 Bhubaneswar_.pdf,39,[1571 [17 Hydroxyprogesterone (17 OH Progesterone) | 4408085],1571 [17 Hydroxyprogesterone (17 OH Progesterone) | 4408085,,,,,,0.35,True
Bhubaneswar,17062025133614_CGHS Rates 2024 Bhubaneswar_.pdf,39,[1572 [Dehydroepiandrosterone sulfate(DHEAS) | 44085],1572 [Dehydroepiandrosterone sulfate(DHEAS) | 44085,,,,,,0.35,True
Bhubaneswar,17062025133614_CGHS Rates 2024 Bhubaneswar_.pdf,39,[1573 [Androstenedione TT},1573 [Androstenedione TT},,,,,,0.35,True
Bhubaneswar,17062025133614_CGHS Rates 2024 Bhubaneswar_.pdf,39,"[1574 [Growth Hormone, HOS]","1574 [Growth Hormone, HOS",,,,,,0.35,True
Bhubaneswar,17062025133614_CGHS Rates 2024 Bhubaneswar_.pdf,40,[1575 [Thyroid peroxidase antibody (PPO) | 00] 38],1575 [Thyroid peroxidase antibody (PPO) | 00] 38,,,,,,0.35,True
Bhubaneswar,17062025133614_CGHS Rates 2024 Bhubaneswar_.pdf,40,[1876 [Throgiobulin. SSCS,1876 [Throgiobulin. SSCS,,,,,,0.35,True
Bhubaneswar,17062025133614_CGHS Rates 2024 Bhubaneswar_.pdf,40,[1577 |Hiydatic Serology. SSCS |,1577 |Hiydatic Serology. SSCS,,,,,,0.35,True
Bhubaneswar,17062025133614_CGHS Rates 2024 Bhubaneswar_.pdf,40,[1578 [Anti sperm Antibodies | ea| «a7,1578 [Anti sperm Antibodies | ea| «a7,,,,,,0.35,True
Bhubaneswar,17062025133614_CGHS Rates 2024 Bhubaneswar_.pdf,40,[1579 [Hepatitis 3 Virus (HBV) DNA Oualtatve | __2000| 2300,1579 [Hepatitis 3 Virus (HBV) DNA Oualtatve | __2000,,,2300,,,0.5,True
Bhubaneswar,17062025133614_CGHS Rates 2024 Bhubaneswar_.pdf,40,[1580 [Hepatitis B Virus (HBV) DNA Quantitative. | 1800] 7725,1580 [Hepatitis B Virus (HBV) DNA Quantitative. | 1800,,,7725,,,0.5,True
Bhubaneswar,17062025133614_CGHS Rates 2024 Bhubaneswar_.pdf,40,[1581 [Hepatitis C Virus (HCV) RNA Qualitative. | 101] __1983,1581 [Hepatitis C Virus (HCV) RNA Qualitative. | 101] __1983,,,,,,0.35,True
Bhubaneswar,17062025133614_CGHS Rates 2024 Bhubaneswar_.pdf,40,[1582 |Fiuman papillomaviruse (HPV) Serology | 196] 223,1582 |Fiuman papillomaviruse (HPV) Serology | 196,,,223,,,0.5,True
Bhubaneswar,17062025133614_CGHS Rates 2024 Bhubaneswar_.pdf,40,[1583 [Row Virusserology SS SSSSSSCS~wdCSSS fi,1583 [Row Virusserology SS SSSSSSCS~wdCSSS fi,,,,,,0.35,True
Bhubaneswar,17062025133614_CGHS Rates 2024 Bhubaneswar_.pdf,40,[1584 |PCR for Tuberculosis(TB) | soa] 7035,1584 |PCR for Tuberculosis(TB) | soa,,,7035,,,0.5,True
Bhubaneswar,17062025133614_CGHS Rates 2024 Bhubaneswar_.pdf,40,[1585 [PCR for Human immunodeficiency vine (Hiv) | 540[____ ea,1585 [PCR for Human immunodeficiency vine (Hiv) | 540[____ ea,,,,,,0.35,True
Bhubaneswar,17062025133614_CGHS Rates 2024 Bhubaneswar_.pdf,40,[1586 [Chlamydae angen SSSSSSS*dY —o|,1586 [Chlamydae angen SSSSSSS*dY —o,,,,,,0.35,True
Bhubaneswar,17062025133614_CGHS Rates 2024 Bhubaneswar_.pdf,40,[i507 _[Chmydacanibody SSCS S|,i507 _[Chmydacanibody SSCS S,,,,,,0.35,True
Bhubaneswar,17062025133614_CGHS Rates 2024 Bhubaneswar_.pdf,40,[1588 [Brucella serology SSS of =,1588 [Brucella serology SSS of =,,,,,,0.35,True
Bhubaneswar,17062025133614_CGHS Rates 2024 Bhubaneswar_.pdf,40,[1589 fiufiucnca A serology | ____43| 70a,1589 fiufiucnca A serology | ____43| 70a,,,,,,0.35,True
Bhubaneswar,17062025133614_CGHS Rates 2024 Bhubaneswar_.pdf,40,[is90_|UsG for Obstewies-anomaliesscan_—————=——SSCS~id SSO Ci,is90_|UsG for Obstewies-anomaliesscan_—————=——SSCS~id SSO Ci,,,,,,0.35,True
Bhubaneswar,17062025133614_CGHS Rates 2024 Bhubaneswar_.pdf,40,[iso1[AbdomenUsG SSS ft,iso1[AbdomenUsG SSS ft,,,,,,0.35,True
Bhubaneswar,17062025133614_CGHS Rates 2024 Bhubaneswar_.pdf,40,"[1502 [Pelvie USG ( prose, aynae, nferiliy ee) «(Ys","1502 [Pelvie USG ( prose, aynae, nferiliy ee) «(Ys",,,,,,0.35,True
Bhubaneswar,17062025133614_CGHS Rates 2024 Bhubaneswar_.pdf,40,"[1503 |Small pars USG (seronum, thyroid, parathyroml ets) | ____340|_____38","1503 |Small pars USG (seronum, thyroid, parathyroml ets) | ____340|_____38",,,,,,0.35,True
Bhubaneswar,17062025133614_CGHS Rates 2024 Bhubaneswar_.pdf,40,[1594 [Neonatal nead (Tranfontanelia) SSS |,1594 [Neonatal nead (Tranfontanelia) SSS,,,,,,0.35,True
Bhubaneswar,17062025133614_CGHS Rates 2024 Bhubaneswar_.pdf,40,[1596 [Contrast enhanced USGS to ee,1596 [Contrast enhanced USGS to ee,,,,,,0.35,True
Bhubaneswar,17062025133614_CGHS Rates 2024 Bhubaneswar_.pdf,40,[iso7 [usc Breast SSS ot,iso7 [usc Breast SSS ot,,,,,,0.35,True
Bhubaneswar,17062025133614_CGHS Rates 2024 Bhubaneswar_.pdf,40,[1598 |USG Hysterosalpingopraphy (ISG) | 288| 233,1598 |USG Hysterosalpingopraphy (ISG) | 288,,,233,,,0.5,True
Bhubaneswar,17062025133614_CGHS Rates 2024 Bhubaneswar_.pdf,40,[1599 [carotid Doppler SSS,1599 [carotid Doppler SSS,,,,,,0.35,True
Bhubaneswar,17062025133614_CGHS Rates 2024 Bhubaneswar_.pdf,40,[100 [Arterial Colour Doppler SSCS SS '| ae,100 [Arterial Colour Doppler SSCS SS '| ae,,,,,,0.35,True
Bhubaneswar,17062025133614_CGHS Rates 2024 Bhubaneswar_.pdf,40,[1601 [Venous Colour Doppler | 08|____ #7,1601 [Venous Colour Doppler | 08|____ #7,,,,,,0.35,True
Bhubaneswar,17062025133614_CGHS Rates 2024 Bhubaneswar_.pdf,40,"[1s02 [Colour Doppler, renal arerievany other organ | 800| 229","1s02 [Colour Doppler, renal arerievany other organ | 800",,,229,,,0.5,True
Bhubaneswar,17062025133614_CGHS Rates 2024 Bhubaneswar_.pdf,40,[1603 |USG guided intevention-FNAC SSS aaa er,1603 |USG guided intevention-FNAC SSS aaa er,,,,,,0.35,True
Bhubaneswar,17062025133614_CGHS Rates 2024 Bhubaneswar_.pdf,40,[i604 |USG guided intervention biopsy | __64e|____783,i604 |USG guided intervention biopsy | __64e|____783,,,,,,0.35,True
Bhubaneswar,17062025133614_CGHS Rates 2024 Bhubaneswar_.pdf,40,[1605 [UISG guided intervention nephrostomy | ____800| 220,1605 [UISG guided intervention nephrostomy | ____800,,,220,,,0.5,True
Bhubaneswar,17062025133614_CGHS Rates 2024 Bhubaneswar_.pdf,40,[106 [Abdomen AP Supine or Erect (One fm) | v8 737,106 [Abdomen AP Supine or Erect (One fm) | v8,,,737,,,0.5,True
Bhubaneswar,17062025133614_CGHS Rates 2024 Bhubaneswar_.pdf,40,[1so8 [Chest PA view (one film) SSS of,1so8 [Chest PA view (one film) SSS of,,,,,,0.35,True
Bhubaneswar,17062025133614_CGHS Rates 2024 Bhubaneswar_.pdf,40,[1609 [Chest Lateral (one film) | __6of____,1609 [Chest Lateral (one film) | __6of____,,,,,,0.35,True
Bhubaneswar,17062025133614_CGHS Rates 2024 Bhubaneswar_.pdf,40,"[1610 | fastoids: Towne view, oblique views @ Rims) | ___225|","1610 | fastoids: Towne view, oblique views @ Rims) | ___225",,,,,,0.35,True
Bhubaneswar,17062025133614_CGHS Rates 2024 Bhubaneswar_.pdf,40,[iei2 [Peis APlone fim dof,iei2 [Peis APlone fim dof,,,,,,0.35,True
Bhubaneswar,17062025133614_CGHS Rates 2024 Bhubaneswar_.pdf,40,[1613 |Temporomandibular (FM Joma (one fim) | +40] 72,1613 |Temporomandibular (FM Joma (one fim) | +40,,,72,,,0.5,True
Bhubaneswar,17062025133614_CGHS Rates 2024 Bhubaneswar_.pdf,40,[i615 [Skull AP & Lateral @ films) | 230] 263,i615 [Skull AP & Lateral @ films) | 230,,,263,,,0.5,True
Bhubaneswar,17062025133614_CGHS Rates 2024 Bhubaneswar_.pdf,40,[1s16 [Spine AP & Lateral 2 films) | 238 27,1s16 [Spine AP & Lateral 2 films),27,238,,,,0.72,False
Bhubaneswar,17062025133614_CGHS Rates 2024 Bhubaneswar_.pdf,41,[ists — [Davia swallow | 7],ists — [Davia swallow | 7,,,,,,0.35,True
Bhubaneswar,17062025133614_CGHS Rates 2024 Bhubaneswar_.pdf,41,[x619— [Basin Upper Grasady | soo],x619— [Basin Upper Grasady | soo,,,,,,0.35,True
Bhubaneswar,17062025133614_CGHS Rates 2024 Bhubaneswar_.pdf,41,[1620 [Bavin Upper Gt sudy (Double convasy | #0] ra,1620 [Bavin Upper Gt sudy (Double convasy | #0] ra,,,,,,0.35,True
Bhubaneswar,17062025133614_CGHS Rates 2024 Bhubaneswar_.pdf,41,[2621 [Barn Mes! follow tough | az| a,2621 [Barn Mes! follow tough | az| a,,,,,,0.35,True
Bhubaneswar,17062025133614_CGHS Rates 2024 Bhubaneswar_.pdf,41,[x622 [Basin Enema (Single contmtdouble contaay | a0],x622 [Basin Enema (Single contmtdouble contaay | a0,,,,,,0.35,True
Bhubaneswar,17062025133614_CGHS Rates 2024 Bhubaneswar_.pdf,41,[n623—|Swallhowelenirocysis | ot],n623—|Swallhowelenirocysis | ot,,,,,,0.35,True
Bhubaneswar,17062025133614_CGHS Rates 2024 Bhubaneswar_.pdf,41,1624 [ERCP (Endoscopic Retrograde Cholangio — 2875|,1624 [ERCP (Endoscopic Retrograde Cholangio — 2875,,,,,,0.35,True
Bhubaneswar,17062025133614_CGHS Rates 2024 Bhubaneswar_.pdf,41,[2626 — [Perevansous tanshpas cholangiography (PTC) | 1206] 120,2626 — [Perevansous tanshpas cholangiography (PTC) | 1206,,,120,,,0.5,True
Bhubaneswar,17062025133614_CGHS Rates 2024 Bhubaneswar_.pdf,41,[2627 [invavenous elography CWP) tore],2627 [invavenous elography CWP) tore,,,,,,0.35,True
Bhubaneswar,17062025133614_CGHS Rates 2024 Bhubaneswar_.pdf,41,[is28— [Mictrtng Cyaouretrogsaphy CU) |r| 7,is28— [Mictrtng Cyaouretrogsaphy CU) |r,,,7,,,0.5,True
Bhubaneswar,17062025133614_CGHS Rates 2024 Bhubaneswar_.pdf,41,[2629 [Revograde Ureirograpiy (ROU) | era] 7,2629 [Revograde Ureirograpiy (ROU) | era,,,7,,,0.5,True
Bhubaneswar,17062025133614_CGHS Rates 2024 Bhubaneswar_.pdf,41,[2630 — [Contrast HysteroSapingography ISG) | ota] ta,2630 — [Contrast HysteroSapingography ISG) | ota] ta,,,,,,0.35,True
Bhubaneswar,17062025133614_CGHS Rates 2024 Bhubaneswar_.pdf,41,[n6s2 —[Cephalogaphy YT 1|,n6s2 —[Cephalogaphy YT 1,,,,,,0.35,True
Bhubaneswar,17062025133614_CGHS Rates 2024 Bhubaneswar_.pdf,41,[tess —[Melography | 247s] a,tess —[Melography | 247s] a,,,,,,0.35,True
Bhubaneswar,17062025133614_CGHS Rates 2024 Bhubaneswar_.pdf,41,[263 [Xciay Mammography | |,263 [Xciay Mammography,,,,,,0.35,True
Bhubaneswar,17062025133614_CGHS Rates 2024 Bhubaneswar_.pdf,41,[1636 [MRI Mammography | 2295] 289,1636 [MRI Mammography | 2295,,,289,,,0.5,True
Bhubaneswar,17062025133614_CGHS Rates 2024 Bhubaneswar_.pdf,41,[2637 — [Cr Sean Head-Without Coneast | 650],2637 — [Cr Sean Head-Without Coneast | 650,,,,,,0.35,True
Bhubaneswar,17062025133614_CGHS Rates 2024 Bhubaneswar_.pdf,41,1638 CT Scan Head- with Contrast -With Contrast including CT,1638 CT Scan Head- with Contrast -With Contrast including CT,,,,,,0.35,True
Bhubaneswar,17062025133614_CGHS Rates 2024 Bhubaneswar_.pdf,41,[2685 [Cr Scan Chest withowt sontaa’ Goring) | tau] 17,2685 [Cr Scan Chest withowt sontaa’ Goring) | tau,,,17,,,0.5,True
Bhubaneswar,17062025133614_CGHS Rates 2024 Bhubaneswar_.pdf,41,[i610 [CT Scan Lower Abdomen (acl. Pavis) Wit Contest | 1700] 135,i610 [CT Scan Lower Abdomen (acl. Pavis) Wit Contest | 1700,,,135,,,0.5,True
Bhubaneswar,17062025133614_CGHS Rates 2024 Bhubaneswar_.pdf,41,[ncaa [ET Scan Whole Abdomen Without Conmase | 2700] sa,ncaa [ET Scan Whole Abdomen Without Conmase | 2700] sa,,,,,,0.35,True
Bhubaneswar,17062025133614_CGHS Rates 2024 Bhubaneswar_.pdf,41,[xsi [CT Scan Whole Abdomen With Contast | 400 a,xsi [CT Scan Whole Abdomen With Contast | 400 a,,,,,,0.35,True
Bhubaneswar,17062025133614_CGHS Rates 2024 Bhubaneswar_.pdf,41,[xsi [Triple Phase CTabdomen | 4s00] 23,xsi [Triple Phase CTabdomen | 4s00,,,23,,,0.5,True
Bhubaneswar,17062025133614_CGHS Rates 2024 Bhubaneswar_.pdf,41,[n6ss [Cr scan angiography abdomen’ Chew | 4800] sr,n6ss [Cr scan angiography abdomen’ Chew | 4800] sr,,,,,,0.35,True
Bhubaneswar,17062025133614_CGHS Rates 2024 Bhubaneswar_.pdf,41,[2617 —|C Sean Neck = Without Comat’ (| 1350],2617 —|C Sean Neck = Without Comat’ (| 1350,,,,,,0.35,True
Bhubaneswar,17062025133614_CGHS Rates 2024 Bhubaneswar_.pdf,41,[ness [CT Sean Neck With Contest] 1700] 758,ness [CT Sean Neck With Contest] 1700,,,758,,,0.5,True
Bhubaneswar,17062025133614_CGHS Rates 2024 Bhubaneswar_.pdf,41,[2619 [CT Sean Orbis Withowt Contant | 1190 73,2619 [CT Sean Orbis Withowt Contant,73,1190,,,,0.72,False
Bhubaneswar,17062025133614_CGHS Rates 2024 Bhubaneswar_.pdf,41,[n6s0 [CT sean Orbis With Contre | tors] 107,n6s0 [CT sean Orbis With Contre | tors,,,107,,,0.5,True
Bhubaneswar,17062025133614_CGHS Rates 2024 Bhubaneswar_.pdf,41,[x6si [Cr ca of Para Nasal Sinus. Without Coutsan | 00] 13,x6si [Cr ca of Para Nasal Sinus. Without Coutsan | 00,,,13,,,0.5,True
Bhubaneswar,17062025133614_CGHS Rates 2024 Bhubaneswar_.pdf,41,[n6s2 [Cr cau-of Para Nas Sines = Wah Contast_ | tooo] 10,n6s2 [Cr cau-of Para Nas Sines = Wah Contast_ | tooo,,,10,,,0.5,True
Bhubaneswar,17062025133614_CGHS Rates 2024 Bhubaneswar_.pdf,42,[1655 [oT Scan-Demtal tT 14885],1655 [oT Scan-Demtal tT 14885,,,,,,0.35,True
Bhubaneswar,17062025133614_CGHS Rates 2024 Bhubaneswar_.pdf,42,[1656 [CT Scan Limbs-Without Contrast | ATL 1985],1656 [CT Scan Limbs-Without Contrast | ATL 1985,,,,,,0.35,True
Bhubaneswar,17062025133614_CGHS Rates 2024 Bhubaneswar_.pdf,42,[1658 [CT Guided intervention-FNAC Tt 120,1658 [CT Guided intervention-FNAC Tt,,,120,,,0.5,True
Bhubaneswar,17062025133614_CGHS Rates 2024 Bhubaneswar_.pdf,42,[1659 [CT Guided TrucutBiopsy T0080],1659 [CT Guided TrucutBiopsy T0080,,,,,,0.35,True
Bhubaneswar,17062025133614_CGHS Rates 2024 Bhubaneswar_.pdf,42,[1661 [MRI Head— Without Contrast | t998[ 2298],1661 [MRI Head— Without Contrast | t998[ 2298,,,,,,0.35,True
Bhubaneswar,17062025133614_CGHS Rates 2024 Bhubaneswar_.pdf,42,[1662 [MRIHead—With Contrast TB] 8275],1662 [MRIHead—With Contrast TB] 8275,,,,,,0.35,True
Bhubaneswar,17062025133614_CGHS Rates 2024 Bhubaneswar_.pdf,42,[1663 [MRI Orbits Without Contrast Ta | 1882],1663 [MRI Orbits Without Contrast Ta | 1882,,,,,,0.35,True
Bhubaneswar,17062025133614_CGHS Rates 2024 Bhubaneswar_.pdf,42,[1664 [MRI Orbits— With Contrast T2000] 2800),1664 [MRI Orbits— With Contrast T2000] 2800),,,,,,0.35,True
Bhubaneswar,17062025133614_CGHS Rates 2024 Bhubaneswar_.pdf,42,[1665 [MRI Nasopharynx and PNS— Without Contrast | 2480[ 2818),1665 [MRI Nasopharynx and PNS— Without Contrast | 2480[ 2818),,,,,,0.35,True
Bhubaneswar,17062025133614_CGHS Rates 2024 Bhubaneswar_.pdf,42,[1666 [MRI Nasopharynx and PNS— With Conast___— | 8800] 4025],1666 [MRI Nasopharynx and PNS— With Conast___— | 8800] 4025,,,,,,0.35,True
Bhubaneswar,17062025133614_CGHS Rates 2024 Bhubaneswar_.pdf,42,[1667 [MR for Salivary Glands with Sialography | 2700[ 3105],1667 [MR for Salivary Glands with Sialography | 2700[ 3105,,,,,,0.35,True
Bhubaneswar,17062025133614_CGHS Rates 2024 Bhubaneswar_.pdf,42,[1668 [MRINeck-WithoutContrat T2700] 3105),1668 [MRINeck-WithoutContrat T2700] 3105),,,,,,0.35,True
Bhubaneswar,17062025133614_CGHS Rates 2024 Bhubaneswar_.pdf,42,[1669 [MRINeck-with contrast T8000 8780],1669 [MRINeck-with contrast T8000 8780,,,,,,0.35,True
Bhubaneswar,17062025133614_CGHS Rates 2024 Bhubaneswar_.pdf,42,[1670 [MRI Showlder—Without contrast | 2000] 2800),1670 [MRI Showlder—Without contrast | 2000] 2800),,,,,,0.35,True
Bhubaneswar,17062025133614_CGHS Rates 2024 Bhubaneswar_.pdf,42,[1671 [MRIShoulder—Withconntrast_ | 2600f 2080],1671 [MRIShoulder—Withconntrast_ | 2600f 2080,,,,,,0.35,True
Bhubaneswar,17062025133614_CGHS Rates 2024 Bhubaneswar_.pdf,42,[1672 [MRI shoulder both Joints- Without contrast | 3000] 3450},1672 [MRI shoulder both Joints- Without contrast | 3000] 3450},,,,,,0.35,True
Bhubaneswar,17062025133614_CGHS Rates 2024 Bhubaneswar_.pdf,42,[1673 [MRIShoulder both joints With contrast | A000] 4800],1673 [MRIShoulder both joints With contrast | A000] 4800,,,,,,0.35,True
Bhubaneswar,17062025133614_CGHS Rates 2024 Bhubaneswar_.pdf,42,[1674 [MRI Wrist Single joint- Without contrast] 2125] 2],1674 [MRI Wrist Single joint- Without contrast] 2125] 2,,,,,,0.35,True
Bhubaneswar,17062025133614_CGHS Rates 2024 Bhubaneswar_.pdf,42,[1675 [MRI Wrist Single joint- With contrast | 4000 4800],1675 [MRI Wrist Single joint- With contrast | 4000 4800,,,,,,0.35,True
Bhubaneswar,17062025133614_CGHS Rates 2024 Bhubaneswar_.pdf,42,[1676 [MRI Wrist both joints- Without contrast | 2128] 2,1676 [MRI Wrist both joints- Without contrast | 2128,,,2,,,0.5,True
Bhubaneswar,17062025133614_CGHS Rates 2024 Bhubaneswar_.pdf,42,[1677 [MRI Wrist Both joints~ With contrast sf 8000[ 8780],1677 [MRI Wrist Both joints~ With contrast sf 8000[ 8780,,,,,,0.35,True
Bhubaneswar,17062025133614_CGHS Rates 2024 Bhubaneswar_.pdf,42,[1678 [MRIknee Single joint- Without contrast | 2425 2a,1678 [MRIknee Single joint- Without contrast | 2425 2a,,,,,,0.35,True
Bhubaneswar,17062025133614_CGHS Rates 2024 Bhubaneswar_.pdf,42,[1679 [MRI knee Single joint- With contrat | 5000] 8750},1679 [MRI knee Single joint- With contrat | 5000] 8750},,,,,,0.35,True
Bhubaneswar,17062025133614_CGHS Rates 2024 Bhubaneswar_.pdf,42,[1680 [MRIknee both joints-Withoutcontrast_ | tz 2a,1680 [MRIknee both joints-Withoutcontrast_ | tz 2a,,,,,,0.35,True
Bhubaneswar,17062025133614_CGHS Rates 2024 Bhubaneswar_.pdf,42,[1681__[MRI-knee both joints- With contrast | 5000[ 8750},1681__[MRI-knee both joints- With contrast | 5000[ 8750},,,,,,0.35,True
Bhubaneswar,17062025133614_CGHS Rates 2024 Bhubaneswar_.pdf,42,[1682 [MRI Ankle Single joint-Withoutcontrast [2428 2a,1682 [MRI Ankle Single joint-Withoutcontrast [2428 2a,,,,,,0.35,True
Bhubaneswar,17062025133614_CGHS Rates 2024 Bhubaneswar_.pdf,42,[1683 [MRI Ankle single joint- With contrast | 5000] 8750},1683 [MRI Ankle single joint- With contrast | 5000] 8750},,,,,,0.35,True
Bhubaneswar,17062025133614_CGHS Rates 2024 Bhubaneswar_.pdf,42,[1684 [MRI Ankle both joints- With contrast | 4500[ 8175],1684 [MRI Ankle both joints- With contrast | 4500[ 8175,,,,,,0.35,True
Bhubaneswar,17062025133614_CGHS Rates 2024 Bhubaneswar_.pdf,42,[1685 [MRI Ankle both joints- Without contrat | 2500] 2875),1685 [MRI Ankle both joints- Without contrat | 2500] 2875),,,,,,0.35,True
Bhubaneswar,17062025133614_CGHS Rates 2024 Bhubaneswar_.pdf,42,[1686 [MRI Hip -With contrast 2500 2875],1686 [MRI Hip -With contrast 2500 2875,,,,,,0.35,True
Bhubaneswar,17062025133614_CGHS Rates 2024 Bhubaneswar_.pdf,42,[1687 [MRIHip without contrast | 2t | 2a,1687 [MRIHip without contrast | 2t | 2a,,,,,,0.35,True
Bhubaneswar,17062025133614_CGHS Rates 2024 Bhubaneswar_.pdf,42,[1688 [MRI Pelvis— Without Contrast ft 2a,1688 [MRI Pelvis— Without Contrast ft 2a,,,,,,0.35,True
Bhubaneswar,17062025133614_CGHS Rates 2024 Bhubaneswar_.pdf,42,[1689 [MRI Pelvis—with contrast T0085},1689 [MRI Pelvis—with contrast T0085},,,,,,0.35,True
Bhubaneswar,17062025133614_CGHS Rates 2024 Bhubaneswar_.pdf,42,[1690 [MRIExtremities- With contrast | 4500f 8175],1690 [MRIExtremities- With contrast | 4500f 8175,,,,,,0.35,True
Bhubaneswar,17062025133614_CGHS Rates 2024 Bhubaneswar_.pdf,42,[1691 [MRI Extremities- Without contrast T2828 | a,1691 [MRI Extremities- Without contrast T2828 | a,,,,,,0.35,True
Bhubaneswar,17062025133614_CGHS Rates 2024 Bhubaneswar_.pdf,42,[1692 [MRI Temporomandibular—B/- With contrast | 3600] 4140],1692 [MRI Temporomandibular—B/- With contrast | 3600] 4140,,,,,,0.35,True
Bhubaneswar,17062025133614_CGHS Rates 2024 Bhubaneswar_.pdf,42,[1693 [MRI Temporomandibular~B/L -Withoutcontrast__— | 2 28| aa,1693 [MRI Temporomandibular~B/L -Withoutcontrast__— | 2 28| aa,,,,,,0.35,True
Bhubaneswar,17062025133614_CGHS Rates 2024 Bhubaneswar_.pdf,42,[1694 [MR Temporal Bone/Innerear with contrast | 4000[ 4800],1694 [MR Temporal Bone/Innerear with contrast | 4000[ 4800,,,,,,0.35,True
Bhubaneswar,17062025133614_CGHS Rates 2024 Bhubaneswar_.pdf,42,[1695 [MX Temporal Bone/Ioner ear withoutcontrast___— | 2800[ 2875),1695 [MX Temporal Bone/Ioner ear withoutcontrast___— | 2800[ 2875),,,,,,0.35,True
Bhubaneswar,17062025133614_CGHS Rates 2024 Bhubaneswar_.pdf,42,[1696 [MRI Abdomen Without Contrast | 2128|,1696 [MRI Abdomen Without Contrast | 2128,,,,,,0.35,True
Bhubaneswar,17062025133614_CGHS Rates 2024 Bhubaneswar_.pdf,42,[1697 [MRI Abdomen —WithConuast T0085},1697 [MRI Abdomen —WithConuast T0085},,,,,,0.35,True
Bhubaneswar,17062025133614_CGHS Rates 2024 Bhubaneswar_.pdf,42,[1698 [MRI Breast- With Contrast T8828] 4899],1698 [MRI Breast- With Contrast T8828] 4899,,,,,,0.35,True
Bhubaneswar,17062025133614_CGHS Rates 2024 Bhubaneswar_.pdf,43,[1699 [IRI Breast~ Wahowt Contrast SSS,1699 [IRI Breast~ Wahowt Contrast SSS,,,,,,0.35,True
Bhubaneswar,17062025133614_CGHS Rates 2024 Bhubaneswar_.pdf,43,[1700] MRI Spine Screening - Without Contrast | 1000[ 1180,1700] MRI Spine Screening - Without Contrast | 1000,,,1180,,,0.5,True
Bhubaneswar,17062025133614_CGHS Rates 2024 Bhubaneswar_.pdf,43,[1701 | MRI Chest Without Contrast ——————SSSSSCSCSCSCSCS~dCSCSCSCS | ae,1701 | MRI Chest Without Contrast ——————SSSSSCSCSCSCSCS~dCSCSCSCS | ae,,,,,,0.35,True
Bhubaneswar,17062025133614_CGHS Rates 2024 Bhubaneswar_.pdf,43,[1702 [MRI Chest— With Contrast | 4000| #800,1702 [MRI Chest— With Contrast | 4000| #800,,,,,,0.35,True
Bhubaneswar,17062025133614_CGHS Rates 2024 Bhubaneswar_.pdf,43,[i704 | MIRI Cervical Cervico Dorsal Spine With Conta | __4000| #600,i704 | MIRI Cervical Cervico Dorsal Spine With Conta | __4000| #600,,,,,,0.35,True
Bhubaneswar,17062025133614_CGHS Rates 2024 Bhubaneswar_.pdf,43,[1705 | MRI Dorsal Dorso Lumbar Spine - Without Contrast | 2428] 24a,1705 | MRI Dorsal Dorso Lumbar Spine - Without Contrast | 2428] 24a,,,,,,0.35,True
Bhubaneswar,17062025133614_CGHS Rates 2024 Bhubaneswar_.pdf,43,[1706 | MRI Dorsal/Dorso Lumbar Spine —With Contrst_ | 4000 4800,1706 | MRI Dorsal/Dorso Lumbar Spine —With Contrst_,4800,4000,,,,0.72,False
Bhubaneswar,17062025133614_CGHS Rates 2024 Bhubaneswar_.pdf,43,[1707 | MRI Lumbar’ Lumbo-Sacral Spine — Without Contra] __2¥28| 24a,1707 | MRI Lumbar’ Lumbo-Sacral Spine — Without Contra] __2¥28| 24a,,,,,,0.35,True
Bhubaneswar,17062025133614_CGHS Rates 2024 Bhubaneswar_.pdf,43,[1708 | RI Lumbar/ Lumbo-Sacral Spine — With Contra | s000| 8780,1708 | RI Lumbar/ Lumbo-Sacral Spine — With Contra | s000,,,8780,,,0.5,True
Bhubaneswar,17062025133614_CGHS Rates 2024 Bhubaneswar_.pdf,43,[1709 |Whole body MRI (For oncological workup) | sta] 5883,1709 |Whole body MRI (For oncological workup) | sta,,,5883,,,0.5,True
Bhubaneswar,17062025133614_CGHS Rates 2024 Bhubaneswar_.pdf,43,[1710 [aR choleeysto-pancreatography. __——SCSCSCSCS~dCSCSCSt |=,1710 [aR choleeysto-pancreatography. __——SCSCSCSCS~dCSCSCSt |=,,,,,,0.35,True
Bhubaneswar,17062025133614_CGHS Rates 2024 Bhubaneswar_.pdf,43,[1711 | MRI Angiography — with contrast | #950] 563,1711 | MRI Angiography — with contrast | #950,,,563,,,0.5,True
Bhubaneswar,17062025133614_CGHS Rates 2024 Bhubaneswar_.pdf,43,[i712 [MR Enteroclysis SSCS |,i712 [MR Enteroclysis SSCS,,,,,,0.35,True
Bhubaneswar,17062025133614_CGHS Rates 2024 Bhubaneswar_.pdf,43,[i713 [Dexa Scan Done Denstomety~Twosies SSC],i713 [Dexa Scan Done Denstomety~Twosies SSC,,,,,,0.35,True
Bhubaneswar,17062025133614_CGHS Rates 2024 Bhubaneswar_.pdf,43,"1714 [Dexa Scan Bone Densitometry - Three sites (Spine, Hip","1714 [Dexa Scan Bone Densitometry - Three sites (Spine, Hip",,,,,,0.35,True
Bhubaneswar,17062025133614_CGHS Rates 2024 Bhubaneswar_.pdf,43,[1715 _ [Dexa Scan Bone Densitometry Whole body | ____2208|__2833,1715 _ [Dexa Scan Bone Densitometry Whole body | ____2208|__2833,,,,,,0.35,True
Bhubaneswar,17062025133614_CGHS Rates 2024 Bhubaneswar_.pdf,43,[1716 [Electroencephalogram (EEG) Video EEG | 98] 343,1716 [Electroencephalogram (EEG) Video EEG | 98,,,343,,,0.5,True
Bhubaneswar,17062025133614_CGHS Rates 2024 Bhubaneswar_.pdf,43,[i717 [electromyography (EMG) Sd raf,i717 [electromyography (EMG) Sd raf,,,,,,0.35,True
Bhubaneswar,17062025133614_CGHS Rates 2024 Bhubaneswar_.pdf,43,[1718 _ [Nerve Conduction Velocity(NCV) (at east 2 nbs) | 638] 734,1718 _ [Nerve Conduction Velocity(NCV) (at east 2 nbs) | 638,,,734,,,0.5,True
Bhubaneswar,17062025133614_CGHS Rates 2024 Bhubaneswar_.pdf,43,"""tVV_99 7 | =","""tVV_99 7 | =",,,,,,0.35,True
Bhubaneswar,17062025133614_CGHS Rates 2024 Bhubaneswar_.pdf,43,[1721 [Somatosensory evoked potentials GSER) | 638] 734,1721 [Somatosensory evoked potentials GSER) | 638,,,734,,,0.5,True
Bhubaneswar,17062025133614_CGHS Rates 2024 Bhubaneswar_.pdf,43,[1723 [Brachial plexusstidy =| |,1723 [Brachial plexusstidy =,,,,,,0.35,True
Bhubaneswar,17062025133614_CGHS Rates 2024 Bhubaneswar_.pdf,43,[1724 |Musele biopsy Sd sf ae,1724 |Musele biopsy Sd sf ae,,,,,,0.35,True
Bhubaneswar,17062025133614_CGHS Rates 2024 Bhubaneswar_.pdf,43,[1725 [Acetylcholine receptor (ACHR) antibody tive | tea] 1912,1725 [Acetylcholine receptor (ACHR) antibody tive | tea,,,1912,,,0.5,True
Bhubaneswar,17062025133614_CGHS Rates 2024 Bhubaneswar_.pdf,43,[i727 [Serum copper ———SSSSCSCSCSCSCSCSSSSSSC*YT of,i727 [Serum copper ———SSSSCSCSCSCSCSCSSSSSSC*YT of,,,,,,0.35,True
Bhubaneswar,17062025133614_CGHS Rates 2024 Bhubaneswar_.pdf,43,[1728 [Serum ceralophsmin | of,1728 [Serum ceralophsmin | of,,,,,,0.35,True
Bhubaneswar,17062025133614_CGHS Rates 2024 Bhubaneswar_.pdf,43,[1729 [urinary copper_————SSSSSSSSCSCSCSCSCSCSSSSS | of,1729 [urinary copper_————SSSSSSSSCSCSCSCSCSCSSSSS | of,,,,,,0.35,True
Bhubaneswar,17062025133614_CGHS Rates 2024 Bhubaneswar_.pdf,43,[1730 |Serum homocyseine | of,1730 |Serum homocyseine | of,,,,,,0.35,True
Bhubaneswar,17062025133614_CGHS Rates 2024 Bhubaneswar_.pdf,43,[1731 [Serum valproate evel Sd |,1731 [Serum valproate evel Sd,,,,,,0.35,True
Bhubaneswar,17062025133614_CGHS Rates 2024 Bhubaneswar_.pdf,43,[1732 |Senim phenobarbitone evel] ss0| 203,1732 |Senim phenobarbitone evel] ss0,,,203,,,0.5,True
Bhubaneswar,17062025133614_CGHS Rates 2024 Bhubaneswar_.pdf,43,[1733 [Coagulation profile. _____———————S—S—~id | ie,1733 [Coagulation profile. _____———————S—S—~id | ie,,,,,,0.35,True
Bhubaneswar,17062025133614_CGHS Rates 2024 Bhubaneswar_.pdf,43,"1734 Protein C, Protein S, Antithrombin-III (Select CGHS rate 2760","1734 Protein C, Protein S, Antithrombin-III (Select CGHS rate",,,2760,,,0.5,True
Bhubaneswar,17062025133614_CGHS Rates 2024 Bhubaneswar_.pdf,43,code 1413 for approved rates) ;,code 1413 for approved rates) ;,,,,,,0.35,True
Bhubaneswar,17062025133614_CGHS Rates 2024 Bhubaneswar_.pdf,43,1735 Serum lactate level (Select CGHS rate code 1479 for 450,1735 Serum lactate level (Select CGHS rate code 1479 for,,,450,,,0.5,True
Bhubaneswar,17062025133614_CGHS Rates 2024 Bhubaneswar_.pdf,44,[i737 |Special studies Sd 7 | 08,i737 |Special studies Sd 7,,,08,,,0.5,True
Bhubaneswar,17062025133614_CGHS Rates 2024 Bhubaneswar_.pdf,44,[1738 [PCR for tuberculosis Herpes simplex _————S—S—~idY 20,1738 [PCR for tuberculosis Herpes simplex _————S—S—~idY,,,20,,,0.5,True
Bhubaneswar,17062025133614_CGHS Rates 2024 Bhubaneswar_.pdf,44,[1739 [Bacterial culture and sensitivity | 200| 230,1739 [Bacterial culture and sensitivity | 200,,,230,,,0.5,True
Bhubaneswar,17062025133614_CGHS Rates 2024 Bhubaneswar_.pdf,44,[1740 [Mycobacterial culture and sensiiviy | 200 220,1740 [Mycobacterial culture and sensiiviy,220,200,,,,0.72,False
Bhubaneswar,17062025133614_CGHS Rates 2024 Bhubaneswar_.pdf,44,[i741 [Fongalcultre | 2 |,i741 [Fongalcultre | 2,,,,,,0.35,True
Bhubaneswar,17062025133614_CGHS Rates 2024 Bhubaneswar_.pdf,44,[i742 [Malignant cells | __«a]____*4,i742 [Malignant cells | __«a]____*4,,,,,,0.35,True
Bhubaneswar,17062025133614_CGHS Rates 2024 Bhubaneswar_.pdf,44,[1743 [Anti measles anibody te (vith serum antibody tire) | 80a] 2a [ir4s|Virsicuitre SS SSSSC*dCSS— fC,1743 [Anti measles anibody te (vith serum antibody tire) | 80a] 2a [ir4s|Virsicuitre SS SSSSC*dCSS— fC,,,,,,0.35,True
Bhubaneswar,17062025133614_CGHS Rates 2024 Bhubaneswar_.pdf,44,"1745 | Antibody titre (Herpes simplex, cytomegalo virus, flavivirus, 760 874 wen ||","Antibody titre (Herpes simplex, cytomegalo virus, flavivirus, 760 874 wen",,,,,,0.35,True
Bhubaneswar,17062025133614_CGHS Rates 2024 Bhubaneswar_.pdf,44,[i746 JOtigoctonat band | ___t0s0| 72a [ frmwenesccusmccain mame T=,i746 JOtigoctonat band | ___t0s0| 72a [ frmwenesccusmccain mame T=,,,,,,0.35,True
Bhubaneswar,17062025133614_CGHS Rates 2024 Bhubaneswar_.pdf,44,[1749 |Crypiococcalantigen | 42a] 773 [rests iN Gastro INTEROLOGY,1749 |Crypiococcalantigen | 42a] 773 [rests iN Gastro INTEROLOGY,,,,,,0.35,True
Bhubaneswar,17062025133614_CGHS Rates 2024 Bhubaneswar_.pdf,44,(Select CGHS rate code 1335 for approved rate),(Select CGHS rate code 1335 for approved rate),,,,,,0.35,True
Bhubaneswar,17062025133614_CGHS Rates 2024 Bhubaneswar_.pdf,44,1752 Breath tests (select CGHS rate code 1336 for approved 1170 a Sr. No. |CGHS TREATMENT PROCEDURE/INVESTIGATION LIST Non- (DELHI/NCR) NABH/Non- — ne |,1752 Breath tests (select CGHS rate code 1336 for approved 1170 a Sr. No. |CGHS TREATMENT PROCEDURE/INVESTIGATION LIST Non- (DELHI/NCR) NABH/Non- — ne,,,,nabh,,0.35,True
Bhubaneswar,17062025133614_CGHS Rates 2024 Bhubaneswar_.pdf,44,[1753 |itpyiorisrology for Coeliac disease Celaediease———~4dt_—SS—iS00| SSC,1753 |itpyiorisrology for Coeliac disease Celaediease———~4dt_—SS—iS00| SSC,,,,,,0.35,True
Bhubaneswar,17062025133614_CGHS Rates 2024 Bhubaneswar_.pdf,44,[i784 [HBV senowping SSS 20] 2 TESTS IN ENDOCRINOLOGY ( IN ADDITION TO THOSE ————,i784 [HBV senowping SSS 20] 2 TESTS IN ENDOCRINOLOGY ( IN ADDITION TO THOSE ————,,,,,,0.35,True
Bhubaneswar,17062025133614_CGHS Rates 2024 Bhubaneswar_.pdf,44,[i756 [Urinary vaniiyimandelicaci(VMA) | ____tas0| 883,i756 [Urinary vaniiyimandelicaci(VMA) | ____tas0,,,883,,,0.5,True
Bhubaneswar,17062025133614_CGHS Rates 2024 Bhubaneswar_.pdf,44,[1787 [Urinary metanephrineNormetanephrine | ____1#38| 1309 [i7se [Urinary free catecholamine _——=——SCSCSCSCS~SSS~i |,1787 [Urinary metanephrineNormetanephrine | ____1#38| 1309 [i7se [Urinary free catecholamine _——=——SCSCSCSCS~SSS~i,,,,,,0.35,True
Bhubaneswar,17062025133614_CGHS Rates 2024 Bhubaneswar_.pdf,44,[1789 |Serum catecholamine | 3060 380,1789 |Serum catecholamine,380,3060,,,,0.72,False
Bhubaneswar,17062025133614_CGHS Rates 2024 Bhubaneswar_.pdf,44,[1760 |Serumaléosterone iY ts | tee,1760 |Serumaléosterone iY ts | tee,,,,,,0.35,True
Bhubaneswar,17062025133614_CGHS Rates 2024 Bhubaneswar_.pdf,44,[1761 [24 tir urinary aldoderone Sd | ee,1761 [24 tir urinary aldoderone Sd | ee,,,,,,0.35,True
Bhubaneswar,17062025133614_CGHS Rates 2024 Bhubaneswar_.pdf,44,[1762 [Plasma renin acivity SSCS of =,1762 [Plasma renin acivity SSCS of =,,,,,,0.35,True
Bhubaneswar,17062025133614_CGHS Rates 2024 Bhubaneswar_.pdf,44,[1763 | Serum aldosteronetenin ratio | 4200| __*300,1763 | Serum aldosteronetenin ratio | 4200| __*300,,,,,,0.35,True
Bhubaneswar,17062025133614_CGHS Rates 2024 Bhubaneswar_.pdf,44,[i764 JOsmolaiiy urine ———SSSSSSSSSSSCSCSC~i S|,i764 JOsmolaiiy urine ———SSSSSSSSSSSCSCSC~i S,,,,,,0.35,True
Bhubaneswar,17062025133614_CGHS Rates 2024 Bhubaneswar_.pdf,44,[1765 |Osmolaity serum | 2 |,1765 |Osmolaity serum | 2,,,,,,0.35,True
Bhubaneswar,17062025133614_CGHS Rates 2024 Bhubaneswar_.pdf,44,[1766 [urinary sodium SSCS of,1766 [urinary sodium SSCS of,,,,,,0.35,True
Bhubaneswar,17062025133614_CGHS Rates 2024 Bhubaneswar_.pdf,44,[1767 [Urinary chloride | _s|____ |,1767 [Urinary chloride | _s|____,,,,,,0.35,True
Bhubaneswar,17062025133614_CGHS Rates 2024 Bhubaneswar_.pdf,44,[1768 [Urinary potassium ——————SSSSSSSSCSCSC~d of,1768 [Urinary potassium ——————SSSSSSSSCSCSC~d of,,,,,,0.35,True
Bhubaneswar,17062025133614_CGHS Rates 2024 Bhubaneswar_.pdf,44,[1769__|Urinary calcium | so] 2,1769__|Urinary calcium | so,,,2,,,0.5,True
Bhubaneswar,17062025133614_CGHS Rates 2024 Bhubaneswar_.pdf,44,[1770 [Thyroid binding globulin ____————~dY| | a,1770 [Thyroid binding globulin ____————~dY| | a,,,,,,0.35,True
Bhubaneswar,17062025133614_CGHS Rates 2024 Bhubaneswar_.pdf,45,1773 [Glutamic Acid Decarboxylase Autoantibodies test (GAD 1197 1377,1773 [Glutamic Acid Decarboxylase Autoantibodies test (GAD,1377,1197,,,,0.72,False
Bhubaneswar,17062025133614_CGHS Rates 2024 Bhubaneswar_.pdf,45,1774 [Insulin associated antibody ee ”.) |,1774 [Insulin associated antibody ee ”.),,,,,,0.35,True
Bhubaneswar,17062025133614_CGHS Rates 2024 Bhubaneswar_.pdf,45,Insulin-like growth factor-1 (IGF-1) 1480,Insulin-like growth factor-1 (IGF-1),,,1480,,,0.5,True
Bhubaneswar,17062025133614_CGHS Rates 2024 Bhubaneswar_.pdf,45,1776 _ [Insulin-like growth factor binding protein 3 (IGF-BP3) | taas] 1708,1776 _ [Insulin-like growth factor binding protein 3 (IGF-BP3) | taas,,,1708,,,0.5,True
Bhubaneswar,17062025133614_CGHS Rates 2024 Bhubaneswar_.pdf,45,1777 [Sex hormone binding globulin [1200] 1380],1777 [Sex hormone binding globulin [1200] 1380,,,,,,0.35,True
Bhubaneswar,17062025133614_CGHS Rates 2024 Bhubaneswar_.pdf,45,1778 _|USG guided FNAC thyroid gland [saz] |,1778 _|USG guided FNAC thyroid gland [saz,,,,,,0.35,True
Bhubaneswar,17062025133614_CGHS Rates 2024 Bhubaneswar_.pdf,45,Estradiol (E2) eT),Estradiol (E2) eT),,,,,,0.35,True
Bhubaneswar,17062025133614_CGHS Rates 2024 Bhubaneswar_.pdf,45,1780 _|Thyroglobulin antibody a),1780 _|Thyroglobulin antibody a),,,,,,0.35,True
Bhubaneswar,17062025133614_CGHS Rates 2024 Bhubaneswar_.pdf,45,ADDED W.E.F. 14.01.2020,ADDED W.E.F. 14.01.2020,,,,,,0.35,True
Bhubaneswar,17062025133614_CGHS Rates 2024 Bhubaneswar_.pdf,45,1781 chains (SFLC) 4025,1781 chains (SFLC),,,4025,,,0.5,True
Bhubaneswar,17062025133614_CGHS Rates 2024 Bhubaneswar_.pdf,45,1782 _ [Serum IGE Level [300 [345,1782 _ [Serum IGE Level [300 [345,,,,,,0.35,True
Bhubaneswar,17062025133614_CGHS Rates 2024 Bhubaneswar_.pdf,45,1783__|NT-Pro BNP 1800,1783__|NT-Pro BNP,,,1800,,,0.5,True
Bhubaneswar,17062025133614_CGHS Rates 2024 Bhubaneswar_.pdf,45,1784 [CECT Chest 2500 2875,1784 [CECT Chest,2875,2500,,,,0.72,False
Bhubaneswar,17062025133614_CGHS Rates 2024 Bhubaneswar_.pdf,45,6000/- 6900,6000/-,,,6900,,,0.5,True
Bhubaneswar,17062025133614_CGHS Rates 2024 Bhubaneswar_.pdf,45,[1787 [Tacrolimus 2300 gs,1787 [Tacrolimus 2300 gs,,,,,,0.35,True
Bhubaneswar,17062025133614_CGHS Rates 2024 Bhubaneswar_.pdf,45,"1788 _|Protein Creatinine Ratio, Urine ll","1788 _|Protein Creatinine Ratio, Urine ll",,,,,,0.35,True
Bhubaneswar,17062025133614_CGHS Rates 2024 Bhubaneswar_.pdf,45,1790 [HLA B27 PCR) [soo |s75_,1790 [HLA B27 PCR) [soo |s75_,,,,,,0.35,True
Bhubaneswar,17062025133614_CGHS Rates 2024 Bhubaneswar_.pdf,45,1791 |MantouxTest ts 200 _ Intracoronary optical coherence tomography (OCT),MantouxTest ts 200 _ Intracoronary optical coherence tomography (OCT),,,,,,0.35,True
Bhubaneswar,17062025133614_CGHS Rates 2024 Bhubaneswar_.pdf,45,1794 |/Antravascular Optical coherence tomography(IVOCT) 65000 + GST |65000 + GST intravascular venticular Assist system,/Antravascular Optical coherence tomography(IVOCT) 65000 + GST |65000 + GST intravascular venticular Assist system,,,,,,0.35,True
Bhubaneswar,17062025133614_CGHS Rates 2024 Bhubaneswar_.pdf,45,Fractional Flow Reserve (FFR) Wire cost (AIIMS Rates 30000 30000,Fractional Flow Reserve (FFR) Wire cost (AIIMS Rates,30000,30000,,,,0.72,False
Bhubaneswar,17062025133614_CGHS Rates 2024 Bhubaneswar_.pdf,45,ADDED W.E-F. 05.06.2020,ADDED W.E-F. 05.06.2020,,,,,,0.35,True
Bhubaneswar,17062025133614_CGHS Rates 2024 Bhubaneswar_.pdf,46,. 7 at NABL Rates |NABH/L,. 7 at NABL Rates |NABH/L,,,,nabh,,0.35,True
Bhubaneswar,17062025133614_CGHS Rates 2024 Bhubaneswar_.pdf,46,[1799 [Angiotensin converting enzyme (ACE) _———~iaSO——iiooo—_—|,1799 [Angiotensin converting enzyme (ACE) _———~iaSO——iiooo—_—,,,,,,0.35,True
Bhubaneswar,17062025133614_CGHS Rates 2024 Bhubaneswar_.pdf,46,1800 _|aspiration (TBNA) -Using New Needle 18370,1800 _|aspiration (TBNA) -Using New Needle,,,18370,,,0.5,True
Bhubaneswar,17062025133614_CGHS Rates 2024 Bhubaneswar_.pdf,46,[isos [c3.COMPLEMENT SSS SS —ids0 ——*,isos [c3.COMPLEMENT SSS SS —ids0 ——*,,,,,,0.35,True
Bhubaneswar,17062025133614_CGHS Rates 2024 Bhubaneswar_.pdf,46,[isos [c4COMPLEMENT SSS S82 —idis0 =i,isos [c4COMPLEMENT SSS S82 —idis0 =i,,,,,,0.35,True
Bhubaneswar,17062025133614_CGHS Rates 2024 Bhubaneswar_.pdf,46,[1806 [Genexpert Test _———SSSSSSSSSSSCSSSS—~ii¥0 icon |,1806 [Genexpert Test _———SSSSSSSSSSSCSSSS—~ii¥0 icon,,,,,,0.35,True
Bhubaneswar,17062025133614_CGHS Rates 2024 Bhubaneswar_.pdf,46,1808 Pulmonary Function Test (PFT) /(Spiremetry with 425,1808 Pulmonary Function Test (PFT) /(Spiremetry with,,,425,,,0.5,True
Bhubaneswar,17062025133614_CGHS Rates 2024 Bhubaneswar_.pdf,46,1809 12750 15000,1809,15000,12750,,,,0.72,False
Bhubaneswar,17062025133614_CGHS Rates 2024 Bhubaneswar_.pdf,46,[1811 [Video Laryugoscopy ______|s100__|eoo0____|,1811 [Video Laryugoscopy ______|s100__|eoo0____,,,,,,0.35,True
Bhubaneswar,17062025133614_CGHS Rates 2024 Bhubaneswar_.pdf,46,[1812 [CT Angio-Neck Vessels ——S—SCSCSCSCSCS~S LO ———ds000——_—,1812 [CT Angio-Neck Vessels ——S—SCSCSCSCSCS~S LO ———ds000——_—,,,,,,0.35,True
Bhubaneswar,17062025133614_CGHS Rates 2024 Bhubaneswar_.pdf,46,Erythropoietin Level (Select CGHS rate code 1557 for approved |See code 1557 |See code,Erythropoietin Level (Select CGHS rate code 1557 for approved |See code 1557 |See code,,,,,,0.35,True
Bhubaneswar,17062025133614_CGHS Rates 2024 Bhubaneswar_.pdf,46,[1817 [HBsAg Quantitative ———SSSSCSCSCSCSCSCSCSCSSCS—~idiSS id=,1817 [HBsAg Quantitative ———SSSSCSCSCSCSCSCSCSCSSCS—~idiSS id=,,,,,,0.35,True
Bhubaneswar,17062025133614_CGHS Rates 2024 Bhubaneswar_.pdf,47,"[ADDED vide clause 2,5, & 6 of OM F.No. S-11045/36/2012-CGHS (HEC) dated 26.11.2014","ADDED vide clause 2,5, & 6 of OM F.No. S-11045/36/2012-CGHS (HEC) dated 26.11.2014",,,,,,0.35,True
Bhubaneswar,17062025133614_CGHS Rates 2024 Bhubaneswar_.pdf,47,1821 _ [Free Triiodothyronine (FT3),1821 _ [Free Triiodothyronine (FT3),,,,,,0.35,True
Bhubaneswar,17062025133614_CGHS Rates 2024 Bhubaneswar_.pdf,47,[1822 [Free Thyroxine(FT4) ts,1822 [Free Thyroxine(FT4) ts,,,,,,0.35,True
Bhubaneswar,17062025133614_CGHS Rates 2024 Bhubaneswar_.pdf,47,1823 [Widal Test a |,1823 [Widal Test a,,,,,,0.35,True
Bhubaneswar,17062025133614_CGHS Rates 2024 Bhubaneswar_.pdf,47,[1824 [Dengue Serology sto 00,1824 [Dengue Serology sto,,,00,,,0.5,True
Bhubaneswar,17062025133614_CGHS Rates 2024 Bhubaneswar_.pdf,47,[1825 [Blood component charges - Whole Blood per Unit 1450,1825 [Blood component charges - Whole Blood per Unit,,,1450,,,0.5,True
Bhubaneswar,17062025133614_CGHS Rates 2024 Bhubaneswar_.pdf,47,pee | Blood component charges - Packed Red Cell per Unit 1450,pee | Blood component charges - Packed Red Cell per Unit,,,1450,,,0.5,True
Bhubaneswar,17062025133614_CGHS Rates 2024 Bhubaneswar_.pdf,47,1827 _|Blood component charges - Fresh Frozen Plasma [400 ——sif4o0S—sd,1827 _|Blood component charges - Fresh Frozen Plasma [400 ——sif4o0S—sd,,,,,,0.35,True
Bhubaneswar,17062025133614_CGHS Rates 2024 Bhubaneswar_.pdf,47,1830 [Platelet Concentrate — Single Donor Platelet (SDP)- 11000 11000,1830 [Platelet Concentrate — Single Donor Platelet (SDP)-,11000,11000,,,,0.72,False
Bhubaneswar,17062025133614_CGHS Rates 2024 Bhubaneswar_.pdf,47,"1831 [CCS Group A Officer of above 40 years of age —Male,","1831 [CCS Group A Officer of above 40 years of age —Male,",,,,,,0.35,True
Bhubaneswar,17062025133614_CGHS Rates 2024 Bhubaneswar_.pdf,47,"1832 [CCS Group A Officer of above 40 years of age —female,","1832 [CCS Group A Officer of above 40 years of age —female,",,,,,,0.35,True
Bhubaneswar,17062025133614_CGHS Rates 2024 Bhubaneswar_.pdf,47,| | ADDED W.E-F. 07.02.2021,ADDED W.E-F. 07.02.2021,,,,,,0.35,True
Bhubaneswar,17062025133614_CGHS Rates 2024 Bhubaneswar_.pdf,47,1833 _|Interleukin 6 (IL 6) 1360 [isoo sd,1833 _|Interleukin 6 (IL 6) 1360 [isoo sd,,,,,,0.35,True
Bhubaneswar,17062025133614_CGHS Rates 2024 Bhubaneswar_.pdf,47,ADDED W.E.F 19.12.2023,ADDED W.E.F 19.12.2023,,,,,,0.35,True
Bhubaneswar,17062025133614_CGHS Rates 2024 Bhubaneswar_.pdf,47,1836 |Transcatheter Aortic Valve implantation (TAVD) /Transcatheter [85000 100000 Aortic Valve Replacement (TAVR)-Procedure cost,Transcatheter Aortic Valve implantation (TAVD) /Transcatheter [85000 100000 Aortic Valve Replacement (TAVR)-Procedure cost,,,,,,0.35,True
Bhubaneswar,17062025133614_CGHS Rates 2024 Bhubaneswar_.pdf,47,1837 [IVL(Coronary Intra Vascular Lithotripsy/Shock wave 268000 268000 Lithotripsy-Including GST,1837 [IVL(Coronary Intra Vascular Lithotripsy/Shock wave 268000 268000 Lithotripsy-Including GST,,,,,,0.35,True
